timestamp,open,high,low,close,volume
2025-07-15T17:30:00+00:00,0.73740,0.74050,0.73570,0.74030,9189703
2025-07-15T17:45:00+00:00,0.74020,0.74620,0.73860,0.74600,16161558
2025-07-15T18:00:00+00:00,0.74610,0.74670,0.74210,0.74350,11025494
2025-07-15T18:15:00+00:00,0.74340,0.74640,0.73900,0.73980,11563589
2025-07-15T18:30:00+00:00,0.73980,0.74010,0.72850,0.73230,23540966
2025-07-15T18:45:00+00:00,0.73230,0.73730,0.73170,0.73400,7914893
2025-07-15T19:00:00+00:00,0.73400,0.73850,0.73270,0.73710,6861724
2025-07-15T19:15:00+00:00,0.73700,0.73780,0.73240,0.73250,5192904
2025-07-15T19:30:00+00:00,0.73240,0.73310,0.72650,0.72680,9814109
2025-07-15T19:45:00+00:00,0.72690,0.72740,0.72030,0.72150,19993076
2025-07-15T20:00:00+00:00,0.72140,0.72640,0.71870,0.72550,15938500
2025-07-15T20:15:00+00:00,0.72550,0.72740,0.72140,0.72490,9001253
2025-07-15T20:30:00+00:00,0.72490,0.72740,0.72240,0.72630,3596478
2025-07-15T20:45:00+00:00,0.72630,0.72770,0.72560,0.72570,2808478
2025-07-15T21:00:00+00:00,0.72560,0.73210,0.72450,0.73180,6531126
2025-07-15T21:15:00+00:00,0.73180,0.73280,0.73010,0.73270,4958197
2025-07-15T21:30:00+00:00,0.73270,0.73890,0.73190,0.73820,8321544
2025-07-15T21:45:00+00:00,0.73810,0.73850,0.73480,0.73590,3955626
2025-07-15T22:00:00+00:00,0.73590,0.73680,0.73230,0.73570,7165372
2025-07-15T22:15:00+00:00,0.73570,0.73870,0.73530,0.73730,3143169
2025-07-15T22:30:00+00:00,0.73720,0.73880,0.73390,0.73830,3665224
2025-07-15T22:45:00+00:00,0.73830,0.74210,0.73770,0.74040,4730495
2025-07-15T23:00:00+00:00,0.74040,0.74960,0.74030,0.74480,15286248
2025-07-15T23:15:00+00:00,0.74480,0.74650,0.74370,0.74450,5495155
2025-07-15T23:30:00+00:00,0.74460,0.74800,0.74320,0.74760,4222261
2025-07-15T23:45:00+00:00,0.74760,0.74890,0.74590,0.74680,4554385
2025-07-16T00:00:00+00:00,0.74670,0.74720,0.74180,0.74220,9299442
2025-07-16T00:15:00+00:00,0.74210,0.74630,0.74190,0.74520,4615766
2025-07-16T00:30:00+00:00,0.74510,0.75100,0.74470,0.74900,8078205
2025-07-16T00:45:00+00:00,0.74910,0.75110,0.74740,0.74960,6007239
2025-07-16T01:00:00+00:00,0.74960,0.75090,0.74760,0.74860,6326242
2025-07-16T01:15:00+00:00,0.74860,0.75010,0.74830,0.74910,4426847
2025-07-16T01:30:00+00:00,0.74900,0.74960,0.74710,0.74860,4039397
2025-07-16T01:45:00+00:00,0.74860,0.74930,0.74540,0.74680,4263448
2025-07-16T02:00:00+00:00,0.74670,0.74730,0.74160,0.74300,7204262
2025-07-16T02:15:00+00:00,0.74300,0.74330,0.73510,0.73700,14292197
2025-07-16T02:30:00+00:00,0.73700,0.73800,0.73260,0.73390,7013032
2025-07-16T02:45:00+00:00,0.73390,0.73890,0.73380,0.73780,3812953
2025-07-16T03:00:00+00:00,0.73790,0.73980,0.73650,0.73680,5455753
2025-07-16T03:15:00+00:00,0.73680,0.74110,0.73680,0.73970,3714504
2025-07-16T03:30:00+00:00,0.73970,0.74170,0.73960,0.74100,3172056
2025-07-16T03:45:00+00:00,0.74110,0.74130,0.73730,0.73810,3161158
2025-07-16T04:00:00+00:00,0.73810,0.73840,0.73280,0.73290,5449371
2025-07-16T04:15:00+00:00,0.73280,0.73780,0.73280,0.73730,2829786
2025-07-16T04:30:00+00:00,0.73720,0.74040,0.73570,0.73930,3786532
2025-07-16T04:45:00+00:00,0.73940,0.74120,0.73770,0.74070,5398384
2025-07-16T05:00:00+00:00,0.74080,0.74380,0.74040,0.74280,5973960
2025-07-16T05:15:00+00:00,0.74270,0.74540,0.74150,0.74330,5821233
2025-07-16T05:30:00+00:00,0.74330,0.74540,0.74170,0.74440,4440577
2025-07-16T05:45:00+00:00,0.74440,0.74520,0.74020,0.74120,4709140
2025-07-16T06:00:00+00:00,0.74110,0.74200,0.73870,0.74050,3821005
2025-07-16T06:15:00+00:00,0.74050,0.74450,0.74050,0.74310,3204613
2025-07-16T06:30:00+00:00,0.74320,0.74610,0.74170,0.74590,4119758
2025-07-16T06:45:00+00:00,0.74590,0.74650,0.74450,0.74620,3404020
2025-07-16T07:00:00+00:00,0.74620,0.74670,0.74320,0.74400,3737607
2025-07-16T07:15:00+00:00,0.74390,0.74650,0.74350,0.74630,1921800
2025-07-16T07:30:00+00:00,0.74640,0.74910,0.74520,0.74830,4722471
2025-07-16T07:45:00+00:00,0.74830,0.74940,0.74630,0.74660,5487345
2025-07-16T08:00:00+00:00,0.74670,0.74730,0.74400,0.74450,4932358
2025-07-16T08:15:00+00:00,0.74450,0.74770,0.74430,0.74600,3980588
2025-07-16T08:30:00+00:00,0.74610,0.75110,0.74600,0.75090,8348328
2025-07-16T08:45:00+00:00,0.75090,0.75290,0.74920,0.75270,9297989
2025-07-16T09:00:00+00:00,0.75270,0.75480,0.75180,0.75360,10143449
2025-07-16T09:15:00+00:00,0.75360,0.75390,0.75060,0.75190,7455711
2025-07-16T09:30:00+00:00,0.75190,0.75500,0.74770,0.74940,10960480
2025-07-16T09:45:00+00:00,0.74940,0.75190,0.74820,0.75020,5780113
2025-07-16T10:00:00+00:00,0.75030,0.75070,0.74710,0.74750,10041007
2025-07-16T10:15:00+00:00,0.74740,0.74940,0.74640,0.74640,4244921
2025-07-16T10:30:00+00:00,0.74650,0.74830,0.74380,0.74400,8307604
2025-07-16T10:45:00+00:00,0.74400,0.74520,0.74210,0.74220,6129488
2025-07-16T11:00:00+00:00,0.74230,0.74580,0.74220,0.74540,7771731
2025-07-16T11:15:00+00:00,0.74540,0.74680,0.74370,0.74610,4291822
2025-07-16T11:30:00+00:00,0.74620,0.74690,0.74470,0.74540,5285215
2025-07-16T11:45:00+00:00,0.74530,0.74670,0.74310,0.74450,4451720
2025-07-16T12:00:00+00:00,0.74460,0.74860,0.74300,0.74480,8379937
2025-07-16T12:15:00+00:00,0.74490,0.74760,0.74260,0.74710,6495661
2025-07-16T12:30:00+00:00,0.74720,0.75320,0.74470,0.75070,16729942
2025-07-16T12:45:00+00:00,0.75070,0.75200,0.74740,0.74790,8397350
2025-07-16T13:00:00+00:00,0.74790,0.75290,0.74520,0.75120,10599388
2025-07-16T13:15:00+00:00,0.75120,0.75430,0.74970,0.75320,10184962
2025-07-16T13:30:00+00:00,0.75310,0.75330,0.74620,0.74820,15095163
2025-07-16T13:45:00+00:00,0.74820,0.75280,0.74660,0.75000,7637416
2025-07-16T14:00:00+00:00,0.75010,0.75170,0.74550,0.74560,7323778
2025-07-16T14:15:00+00:00,0.74570,0.74760,0.74400,0.74700,6727122
2025-07-16T14:30:00+00:00,0.74700,0.75420,0.74640,0.75260,15973422
2025-07-16T14:45:00+00:00,0.75260,0.76000,0.74790,0.75720,25883158
2025-07-16T15:00:00+00:00,0.75730,0.76090,0.75230,0.75410,18559090
2025-07-16T15:15:00+00:00,0.75400,0.75550,0.74760,0.75430,15191979
2025-07-16T15:30:00+00:00,0.75440,0.75470,0.74210,0.74830,15973570
2025-07-16T15:45:00+00:00,0.74830,0.75110,0.74480,0.75040,13154631
2025-07-16T16:00:00+00:00,0.75050,0.75230,0.74760,0.75120,7651237
2025-07-16T16:15:00+00:00,0.75130,0.75970,0.75060,0.75820,13038971
2025-07-16T16:30:00+00:00,0.75820,0.76160,0.75460,0.75880,14740811
2025-07-16T16:45:00+00:00,0.75870,0.76140,0.75650,0.76090,7463826
2025-07-16T17:00:00+00:00,0.76090,0.76460,0.76010,0.76170,11787366
2025-07-16T17:15:00+00:00,0.76180,0.76950,0.76080,0.76310,22786903
2025-07-16T17:30:00+00:00,0.76300,0.76410,0.75960,0.76130,8103503
2025-07-16T17:45:00+00:00,0.76130,0.76800,0.76120,0.76390,11582331
2025-07-16T18:00:00+00:00,0.76390,0.76840,0.76190,0.76550,8730508
2025-07-16T18:15:00+00:00,0.76550,0.76730,0.76420,0.76440,5826651
2025-07-16T18:30:00+00:00,0.76440,0.77100,0.76430,0.76940,11911432
2025-07-16T18:45:00+00:00,0.76930,0.76980,0.76150,0.76280,13299874
2025-07-16T19:00:00+00:00,0.76280,0.76590,0.75850,0.76000,12942724
2025-07-16T19:15:00+00:00,0.76000,0.76510,0.75990,0.76390,6275139
2025-07-16T19:30:00+00:00,0.76390,0.76390,0.75880,0.76250,9168386
2025-07-16T19:45:00+00:00,0.76240,0.76440,0.75930,0.76380,4857500
2025-07-16T20:00:00+00:00,0.76370,0.77070,0.76370,0.77050,14198497
2025-07-16T20:15:00+00:00,0.77050,0.77880,0.76920,0.77830,21829776
2025-07-16T20:30:00+00:00,0.77830,0.78180,0.77520,0.77840,23659122
2025-07-16T20:45:00+00:00,0.77840,0.77840,0.77080,0.77490,12729351
2025-07-16T21:00:00+00:00,0.77490,0.77740,0.77130,0.77570,11439261
2025-07-16T21:15:00+00:00,0.77580,0.78480,0.77470,0.78440,16970333
2025-07-16T21:30:00+00:00,0.78440,0.78440,0.77210,0.77590,15014736
2025-07-16T21:45:00+00:00,0.77600,0.77900,0.77540,0.77740,4944604
2025-07-16T22:00:00+00:00,0.77740,0.78320,0.77740,0.78240,9059029
2025-07-16T22:15:00+00:00,0.78250,0.78260,0.77490,0.77700,10249288
2025-07-16T22:30:00+00:00,0.77700,0.77740,0.77150,0.77450,16392277
2025-07-16T22:45:00+00:00,0.77450,0.77480,0.76440,0.76710,23364613
2025-07-16T23:00:00+00:00,0.76710,0.76840,0.76130,0.76390,12970454
2025-07-16T23:15:00+00:00,0.76390,0.76450,0.75870,0.76340,12873195
2025-07-16T23:30:00+00:00,0.76330,0.76540,0.76000,0.76540,5085127
2025-07-16T23:45:00+00:00,0.76540,0.76620,0.76210,0.76440,5859193
2025-07-17T00:00:00+00:00,0.76440,0.76620,0.76170,0.76460,7262717
2025-07-17T00:15:00+00:00,0.76460,0.77230,0.76460,0.76950,7702028
2025-07-17T00:30:00+00:00,0.76950,0.77270,0.76750,0.77140,7150982
2025-07-17T00:45:00+00:00,0.77140,0.77180,0.76360,0.76360,6955255
2025-07-17T01:00:00+00:00,0.76350,0.76720,0.76230,0.76640,6106167
2025-07-17T01:15:00+00:00,0.76640,0.76650,0.75330,0.75780,22490611
2025-07-17T01:30:00+00:00,0.75770,0.75830,0.75000,0.75300,18084959
2025-07-17T01:45:00+00:00,0.75300,0.75320,0.74200,0.74900,29070950
2025-07-17T02:00:00+00:00,0.74900,0.75280,0.74750,0.75140,10446901
2025-07-17T02:15:00+00:00,0.75140,0.75450,0.75060,0.75270,7404824
2025-07-17T02:30:00+00:00,0.75260,0.75370,0.75100,0.75170,5320076
2025-07-17T02:45:00+00:00,0.75160,0.75460,0.74810,0.75420,8616271
2025-07-17T03:00:00+00:00,0.75410,0.75450,0.74750,0.74810,7885117
2025-07-17T03:15:00+00:00,0.74810,0.75000,0.74220,0.74310,12659649
2025-07-17T03:30:00+00:00,0.74300,0.74550,0.74010,0.74310,15233770
2025-07-17T03:45:00+00:00,0.74310,0.74610,0.74220,0.74480,6109396
2025-07-17T04:00:00+00:00,0.74470,0.74820,0.74190,0.74710,7564627
2025-07-17T04:15:00+00:00,0.74710,0.74930,0.74620,0.74900,6800095
2025-07-17T04:30:00+00:00,0.74900,0.75220,0.74880,0.75030,8143288
2025-07-17T04:45:00+00:00,0.75030,0.75390,0.75010,0.75360,5715553
2025-07-17T05:00:00+00:00,0.75370,0.75370,0.74960,0.75130,6175279
2025-07-17T05:15:00+00:00,0.75130,0.76200,0.75120,0.76190,10574609
2025-07-17T05:30:00+00:00,0.76190,0.76850,0.76060,0.76640,33338663
2025-07-17T05:45:00+00:00,0.76640,0.76980,0.76400,0.76920,14006906
2025-07-17T06:00:00+00:00,0.76920,0.77630,0.76820,0.77320,20034857
2025-07-17T06:15:00+00:00,0.77310,0.77390,0.76680,0.77190,20277291
2025-07-17T06:30:00+00:00,0.77190,0.77620,0.76960,0.77570,16535184
2025-07-17T06:45:00+00:00,0.77560,0.77920,0.77240,0.77410,18641453
2025-07-17T07:00:00+00:00,0.77400,0.77470,0.76470,0.76660,15757366
2025-07-17T07:15:00+00:00,0.76660,0.77020,0.76450,0.76720,8123935
2025-07-17T07:30:00+00:00,0.76720,0.77380,0.76680,0.77350,9265088
2025-07-17T07:45:00+00:00,0.77350,0.77420,0.76940,0.77310,8642617
2025-07-17T08:00:00+00:00,0.77320,0.77370,0.76760,0.77000,8508489
2025-07-17T08:15:00+00:00,0.76990,0.77420,0.76900,0.77300,11995169
2025-07-17T08:30:00+00:00,0.77300,0.77780,0.77160,0.77700,11109693
2025-07-17T08:45:00+00:00,0.77690,0.78640,0.77440,0.78550,19859368
2025-07-17T09:00:00+00:00,0.78550,0.79940,0.78320,0.79770,53490211
2025-07-17T09:15:00+00:00,0.79760,0.81320,0.79510,0.81060,52030719
2025-07-17T09:30:00+00:00,0.81060,0.81690,0.80560,0.81570,48708517
2025-07-17T09:45:00+00:00,0.81560,0.81790,0.80900,0.80900,33273231
2025-07-17T10:00:00+00:00,0.80900,0.82030,0.80830,0.81870,47835673
2025-07-17T10:15:00+00:00,0.81870,0.82570,0.81440,0.81560,36909411
2025-07-17T10:30:00+00:00,0.81570,0.82030,0.81170,0.81300,21100694
2025-07-17T10:45:00+00:00,0.81290,0.82390,0.81290,0.82040,22415913
2025-07-17T11:00:00+00:00,0.82050,0.82110,0.81290,0.81930,21252132
2025-07-17T11:15:00+00:00,0.81920,0.82060,0.81550,0.81730,14832329
2025-07-17T11:30:00+00:00,0.81730,0.81750,0.81250,0.81520,16424779
2025-07-17T11:45:00+00:00,0.81530,0.82020,0.81400,0.81560,14513586
2025-07-17T12:00:00+00:00,0.81550,0.81920,0.79200,0.80500,70823638
2025-07-17T12:15:00+00:00,0.80490,0.80920,0.80040,0.80160,22731371
2025-07-17T12:30:00+00:00,0.80150,0.81040,0.80040,0.80970,19231469
2025-07-17T12:45:00+00:00,0.80960,0.81450,0.80780,0.81010,17734815
2025-07-17T13:00:00+00:00,0.81010,0.81220,0.80330,0.80450,16046157
2025-07-17T13:15:00+00:00,0.80460,0.80460,0.79900,0.80090,14634143
2025-07-17T13:30:00+00:00,0.80090,0.80140,0.79110,0.79180,28571221
2025-07-17T13:45:00+00:00,0.79160,0.79950,0.78700,0.79770,30438020
2025-07-17T14:00:00+00:00,0.79760,0.80100,0.79520,0.79690,17172004
2025-07-17T14:15:00+00:00,0.79690,0.80000,0.79370,0.79970,8727301
2025-07-17T14:30:00+00:00,0.79970,0.80570,0.79920,0.80410,14327534
2025-07-17T14:45:00+00:00,0.80410,0.80740,0.80160,0.80290,10349980
2025-07-17T15:00:00+00:00,0.80300,0.80350,0.79220,0.79280,17449396
2025-07-17T15:15:00+00:00,0.79280,0.79990,0.79020,0.79730,9494030
2025-07-17T15:30:00+00:00,0.79720,0.80420,0.79630,0.80350,7607459
2025-07-17T15:45:00+00:00,0.80360,0.80470,0.80000,0.80270,7899688
2025-07-17T16:00:00+00:00,0.80260,0.80600,0.79680,0.79950,14471500
2025-07-17T16:15:00+00:00,0.79940,0.79940,0.79000,0.79190,23621880
2025-07-17T16:30:00+00:00,0.79200,0.79520,0.78500,0.79200,25735553
2025-07-17T16:45:00+00:00,0.79200,0.79370,0.78750,0.79360,9990943
2025-07-17T17:00:00+00:00,0.79360,0.79770,0.79100,0.79620,11235395
2025-07-17T17:15:00+00:00,0.79610,0.79640,0.79000,0.79280,10929900
2025-07-17T17:30:00+00:00,0.79280,0.79360,0.78600,0.79010,11203314
2025-07-17T17:45:00+00:00,0.79000,0.80290,0.78870,0.80220,17463189
2025-07-17T18:00:00+00:00,0.80220,0.80770,0.80010,0.80590,18165396
2025-07-17T18:15:00+00:00,0.80590,0.80740,0.80130,0.80550,11134386
2025-07-17T18:30:00+00:00,0.80560,0.80940,0.80260,0.80870,14696697
2025-07-17T18:45:00+00:00,0.80880,0.81500,0.80760,0.81400,18269515
2025-07-17T19:00:00+00:00,0.81410,0.81670,0.81100,0.81160,11876384
2025-07-17T19:15:00+00:00,0.81160,0.81510,0.81060,0.81290,8799308
2025-07-17T19:30:00+00:00,0.81300,0.81660,0.80910,0.81120,14161155
2025-07-17T19:45:00+00:00,0.81130,0.81130,0.79720,0.79920,25342703
2025-07-17T20:00:00+00:00,0.79920,0.80110,0.78770,0.79350,35950629
2025-07-17T20:15:00+00:00,0.79350,0.80000,0.78840,0.79780,18953757
2025-07-17T20:30:00+00:00,0.79790,0.80230,0.79690,0.79880,9419815
2025-07-17T20:45:00+00:00,0.79880,0.80220,0.79540,0.79960,9356002
2025-07-17T21:00:00+00:00,0.79960,0.81320,0.79930,0.81250,26620337
2025-07-17T21:15:00+00:00,0.81250,0.82000,0.81250,0.81700,28219738
2025-07-17T21:30:00+00:00,0.81710,0.81720,0.80230,0.81330,23222351
2025-07-17T21:45:00+00:00,0.81340,0.82240,0.81140,0.81900,21488655
2025-07-17T22:00:00+00:00,0.81900,0.82520,0.81530,0.82390,26933828
2025-07-17T22:15:00+00:00,0.82390,0.82470,0.81590,0.81800,14707903
2025-07-17T22:30:00+00:00,0.81800,0.83100,0.81670,0.82950,23559318
2025-07-17T22:45:00+00:00,0.82940,0.83640,0.82030,0.82540,32849217
2025-07-17T23:00:00+00:00,0.82530,0.83800,0.82470,0.83290,23644694
2025-07-17T23:15:00+00:00,0.83290,0.83870,0.83140,0.83410,19177436
2025-07-17T23:30:00+00:00,0.83410,0.83410,0.82710,0.82760,17119982
2025-07-17T23:45:00+00:00,0.82760,0.82850,0.82060,0.82170,19285712
2025-07-18T00:00:00+00:00,0.82170,0.83190,0.81890,0.82420,29451091
2025-07-18T00:15:00+00:00,0.82410,0.84640,0.82390,0.84450,39159835
2025-07-18T00:30:00+00:00,0.84460,0.85150,0.84100,0.85110,34093678
2025-07-18T00:45:00+00:00,0.85100,0.85660,0.84670,0.85620,32627586
2025-07-18T01:00:00+00:00,0.85620,0.86450,0.85280,0.85800,38539370
2025-07-18T01:15:00+00:00,0.85800,0.86180,0.84470,0.85550,52013015
2025-07-18T01:30:00+00:00,0.85550,0.85640,0.85020,0.85110,16496606
2025-07-18T01:45:00+00:00,0.85100,0.85820,0.85050,0.85630,12606875
2025-07-18T02:00:00+00:00,0.85630,0.85660,0.84200,0.85080,21097242
2025-07-18T02:15:00+00:00,0.85070,0.85400,0.84650,0.85290,13867289
2025-07-18T02:30:00+00:00,0.85300,0.85300,0.84640,0.84950,8898586
2025-07-18T02:45:00+00:00,0.84940,0.85380,0.84680,0.85180,8674648
2025-07-18T03:00:00+00:00,0.85190,0.85930,0.84930,0.85690,14071970
2025-07-18T03:15:00+00:00,0.85690,0.86000,0.85590,0.85850,12689777
2025-07-18T03:30:00+00:00,0.85860,0.86310,0.85570,0.86180,12828959
2025-07-18T03:45:00+00:00,0.86180,0.86180,0.85610,0.86000,14097771
2025-07-18T04:00:00+00:00,0.86010,0.86030,0.85220,0.85510,15082860
2025-07-18T04:15:00+00:00,0.85500,0.86100,0.85360,0.85930,12772741
2025-07-18T04:30:00+00:00,0.85930,0.86840,0.85670,0.86660,19405718
2025-07-18T04:45:00+00:00,0.86660,0.86830,0.86020,0.86140,16604314
2025-07-18T05:00:00+00:00,0.86140,0.87820,0.85540,0.87480,42948051
2025-07-18T05:15:00+00:00,0.87480,0.87530,0.86740,0.87280,27732022
2025-07-18T05:30:00+00:00,0.87290,0.87980,0.86710,0.87940,23881723
2025-07-18T05:45:00+00:00,0.87940,0.87970,0.87400,0.87810,19291760
2025-07-18T06:00:00+00:00,0.87810,0.87960,0.86270,0.86960,32481937
2025-07-18T06:15:00+00:00,0.86960,0.86980,0.86060,0.86260,16556404
2025-07-18T06:30:00+00:00,0.86250,0.86910,0.86150,0.86870,10684361
2025-07-18T06:45:00+00:00,0.86870,0.87910,0.86760,0.87850,20364784
2025-07-18T07:00:00+00:00,0.87840,0.89570,0.87630,0.88190,72700081
2025-07-18T07:15:00+00:00,0.88190,0.88190,0.86860,0.87140,38057098
2025-07-18T07:30:00+00:00,0.87150,0.87300,0.86180,0.86810,29077979
2025-07-18T07:45:00+00:00,0.86810,0.86870,0.85260,0.85420,34160609
2025-07-18T08:00:00+00:00,0.85430,0.86370,0.85390,0.85800,26915091
2025-07-18T08:15:00+00:00,0.85800,0.86750,0.85760,0.86280,20023348
2025-07-18T08:30:00+00:00,0.86280,0.86280,0.84470,0.84650,47577699
2025-07-18T08:45:00+00:00,0.84650,0.85580,0.84470,0.85190,21749095
2025-07-18T09:00:00+00:00,0.85190,0.85580,0.84510,0.85410,22523610
2025-07-18T09:15:00+00:00,0.85420,0.85520,0.84680,0.85020,13162892
2025-07-18T09:30:00+00:00,0.85030,0.85530,0.84780,0.85240,10466139
2025-07-18T09:45:00+00:00,0.85250,0.85770,0.85250,0.85620,13160772
2025-07-18T10:00:00+00:00,0.85620,0.85630,0.84940,0.85230,11550094
2025-07-18T10:15:00+00:00,0.85230,0.85300,0.84300,0.85150,14202847
2025-07-18T10:30:00+00:00,0.85150,0.85470,0.84880,0.85390,10245309
2025-07-18T10:45:00+00:00,0.85390,0.85970,0.85170,0.85730,9739167
2025-07-18T11:00:00+00:00,0.85740,0.85850,0.84660,0.84720,12123526
2025-07-18T11:15:00+00:00,0.84730,0.84900,0.84080,0.84500,13673028
2025-07-18T11:30:00+00:00,0.84500,0.85330,0.84410,0.85240,8694359
2025-07-18T11:45:00+00:00,0.85250,0.85360,0.84920,0.85140,10991105
2025-07-18T12:00:00+00:00,0.85130,0.85260,0.84700,0.85010,7627027
2025-07-18T12:15:00+00:00,0.85010,0.85300,0.84830,0.85170,7827376
2025-07-18T12:30:00+00:00,0.85170,0.85640,0.84960,0.85410,10756300
2025-07-18T12:45:00+00:00,0.85410,0.86100,0.85270,0.85810,16380826
2025-07-18T13:00:00+00:00,0.85800,0.85810,0.85130,0.85290,16281428
2025-07-18T13:15:00+00:00,0.85290,0.85500,0.84710,0.85420,17250294
2025-07-18T13:30:00+00:00,0.85410,0.86130,0.85250,0.85470,20643059
2025-07-18T13:45:00+00:00,0.85460,0.85990,0.85460,0.85720,14428541
2025-07-18T14:00:00+00:00,0.85720,0.86300,0.85310,0.85800,17544083
2025-07-18T14:15:00+00:00,0.85810,0.85960,0.83400,0.83940,55899990
2025-07-18T14:30:00+00:00,0.83950,0.84180,0.82800,0.83610,43959000
2025-07-18T14:45:00+00:00,0.83610,0.84140,0.83540,0.83820,17523245
2025-07-18T15:00:00+00:00,0.83820,0.83830,0.82870,0.82930,25368242
2025-07-18T15:15:00+00:00,0.82930,0.83290,0.80410,0.82000,75101066
2025-07-18T15:30:00+00:00,0.82000,0.82400,0.81340,0.81860,27517294
2025-07-18T15:45:00+00:00,0.81860,0.82410,0.81540,0.82260,15719068
2025-07-18T16:00:00+00:00,0.82250,0.82760,0.81990,0.82330,21774426
2025-07-18T16:15:00+00:00,0.82330,0.82780,0.81890,0.82670,13690837
2025-07-18T16:30:00+00:00,0.82670,0.83250,0.82500,0.83060,18637176
2025-07-18T16:45:00+00:00,0.83050,0.83240,0.82660,0.82960,9312003
2025-07-18T17:00:00+00:00,0.82960,0.83080,0.82390,0.82540,11655961
2025-07-18T17:15:00+00:00,0.82540,0.83520,0.82540,0.83480,12931804
2025-07-18T17:30:00+00:00,0.83470,0.83540,0.82840,0.83030,16676647
2025-07-18T17:45:00+00:00,0.83030,0.83270,0.82900,0.83100,5711084
2025-07-18T18:00:00+00:00,0.83090,0.83110,0.82220,0.82270,11921392
2025-07-18T18:15:00+00:00,0.82260,0.82740,0.81940,0.82730,11549926
2025-07-18T18:30:00+00:00,0.82740,0.82860,0.82460,0.82640,7448150
2025-07-18T18:45:00+00:00,0.82630,0.82840,0.82030,0.82120,8159048
2025-07-18T19:00:00+00:00,0.82120,0.82300,0.81060,0.81540,35798914
2025-07-18T19:15:00+00:00,0.81530,0.82600,0.81530,0.82350,12663836
2025-07-18T19:30:00+00:00,0.82340,0.82360,0.81770,0.81810,8477152
2025-07-18T19:45:00+00:00,0.81800,0.82030,0.81370,0.81760,12146112
2025-07-18T20:00:00+00:00,0.81750,0.81900,0.81000,0.81440,16539323
2025-07-18T20:15:00+00:00,0.81440,0.81640,0.80050,0.80160,32758832
2025-07-18T20:30:00+00:00,0.80160,0.80650,0.79610,0.80580,35863651
2025-07-18T20:45:00+00:00,0.80580,0.81410,0.80490,0.80990,15332787
2025-07-18T21:00:00+00:00,0.80990,0.81780,0.80890,0.81730,15835346
2025-07-18T21:15:00+00:00,0.81720,0.82040,0.81490,0.81830,10778131
2025-07-18T21:30:00+00:00,0.81840,0.82130,0.81780,0.82070,4986865
2025-07-18T21:45:00+00:00,0.82060,0.82260,0.81210,0.81370,15283926
2025-07-18T22:00:00+00:00,0.81360,0.81490,0.80970,0.81330,7904545
2025-07-18T22:15:00+00:00,0.81320,0.82110,0.81150,0.81870,11554263
2025-07-18T22:30:00+00:00,0.81870,0.82060,0.81470,0.81470,7834647
2025-07-18T22:45:00+00:00,0.81470,0.81620,0.80760,0.80960,9369428
2025-07-18T23:00:00+00:00,0.80960,0.81050,0.80260,0.80770,9148828
2025-07-18T23:15:00+00:00,0.80780,0.81300,0.80650,0.81130,5043674
2025-07-18T23:30:00+00:00,0.81120,0.81410,0.81110,0.81290,3694783
2025-07-18T23:45:00+00:00,0.81280,0.81680,0.81280,0.81580,7812615
2025-07-19T00:00:00+00:00,0.81580,0.81890,0.81500,0.81870,8806073
2025-07-19T00:15:00+00:00,0.81870,0.82060,0.81820,0.81990,6900364
2025-07-19T00:30:00+00:00,0.81980,0.82220,0.81360,0.81590,9319320
2025-07-19T00:45:00+00:00,0.81580,0.81670,0.80760,0.80800,8525425
2025-07-19T01:00:00+00:00,0.80800,0.81070,0.80110,0.81070,12357999
2025-07-19T01:15:00+00:00,0.81060,0.81810,0.81010,0.81750,7347985
2025-07-19T01:30:00+00:00,0.81750,0.82100,0.81600,0.82000,3834934
2025-07-19T01:45:00+00:00,0.82010,0.82030,0.81750,0.81840,3907652
2025-07-19T02:00:00+00:00,0.81850,0.81930,0.81270,0.81620,5537042
2025-07-19T02:15:00+00:00,0.81620,0.82010,0.81300,0.81680,4667716
2025-07-19T02:30:00+00:00,0.81680,0.82150,0.81670,0.82130,3452274
2025-07-19T02:45:00+00:00,0.82130,0.82440,0.82120,0.82250,5824295
2025-07-19T03:00:00+00:00,0.82260,0.82540,0.82220,0.82540,5298270
2025-07-19T03:15:00+00:00,0.82550,0.82630,0.82290,0.82390,6501463
2025-07-19T03:30:00+00:00,0.82400,0.83130,0.82310,0.83060,10780176
2025-07-19T03:45:00+00:00,0.83060,0.83060,0.82420,0.82720,8923850
2025-07-19T04:00:00+00:00,0.82720,0.83480,0.82620,0.83410,11906240
2025-07-19T04:15:00+00:00,0.83410,0.83510,0.83060,0.83280,9395883
2025-07-19T04:30:00+00:00,0.83270,0.83720,0.83110,0.83220,8584242
2025-07-19T04:45:00+00:00,0.83220,0.83300,0.82950,0.83080,5269971
2025-07-19T05:00:00+00:00,0.83070,0.83330,0.82460,0.82640,8952903
2025-07-19T05:15:00+00:00,0.82640,0.82940,0.82460,0.82690,5130923
2025-07-19T05:30:00+00:00,0.82690,0.82970,0.82510,0.82930,3954038
2025-07-19T05:45:00+00:00,0.82930,0.82950,0.82570,0.82840,4524554
2025-07-19T06:00:00+00:00,0.82840,0.83140,0.82740,0.82850,7197505
2025-07-19T06:15:00+00:00,0.82850,0.82980,0.82130,0.82140,8908752
2025-07-19T06:30:00+00:00,0.82140,0.82540,0.81940,0.82120,9243117
2025-07-19T06:45:00+00:00,0.82120,0.82510,0.82120,0.82390,3956235
2025-07-19T07:00:00+00:00,0.82380,0.82660,0.82210,0.82380,5780652
2025-07-19T07:15:00+00:00,0.82380,0.82960,0.82240,0.82840,5348563
2025-07-19T07:30:00+00:00,0.82840,0.82850,0.82260,0.82520,6189407
2025-07-19T07:45:00+00:00,0.82520,0.82880,0.82490,0.82510,3591138
2025-07-19T08:00:00+00:00,0.82510,0.82870,0.82070,0.82120,5719570
2025-07-19T08:15:00+00:00,0.82120,0.82330,0.81880,0.82230,5474813
2025-07-19T08:30:00+00:00,0.82220,0.82260,0.81840,0.82130,5811514
2025-07-19T08:45:00+00:00,0.82130,0.82590,0.81930,0.82480,4952355
2025-07-19T09:00:00+00:00,0.82480,0.82740,0.82270,0.82500,6057044
2025-07-19T09:15:00+00:00,0.82490,0.83190,0.82460,0.83030,6195432
2025-07-19T09:30:00+00:00,0.83040,0.83560,0.82840,0.83420,7897636
2025-07-19T09:45:00+00:00,0.83410,0.83470,0.82960,0.83210,6869344
2025-07-19T10:00:00+00:00,0.83220,0.83420,0.82790,0.82800,6686538
2025-07-19T10:15:00+00:00,0.82790,0.82900,0.82700,0.82860,4358480
2025-07-19T10:30:00+00:00,0.82860,0.83510,0.82790,0.83180,5842599
2025-07-19T10:45:00+00:00,0.83180,0.83250,0.82620,0.82730,5867129
2025-07-19T11:00:00+00:00,0.82740,0.83100,0.82190,0.82230,7119990
2025-07-19T11:15:00+00:00,0.82220,0.82670,0.81930,0.82630,10097715
2025-07-19T11:30:00+00:00,0.82620,0.82650,0.82080,0.82170,4230335
2025-07-19T11:45:00+00:00,0.82170,0.82300,0.81710,0.81880,11096544
2025-07-19T12:00:00+00:00,0.81880,0.82090,0.81400,0.81470,11199611
2025-07-19T12:15:00+00:00,0.81470,0.82270,0.81420,0.82050,6541458
2025-07-19T12:30:00+00:00,0.82040,0.82490,0.81850,0.82480,5286084
2025-07-19T12:45:00+00:00,0.82470,0.82930,0.82360,0.82830,9954608
2025-07-19T13:00:00+00:00,0.82830,0.82850,0.82340,0.82640,7752767
2025-07-19T13:15:00+00:00,0.82630,0.82930,0.82550,0.82840,5067167
2025-07-19T13:30:00+00:00,0.82830,0.82950,0.82470,0.82670,3357648
2025-07-19T13:45:00+00:00,0.82660,0.82760,0.82120,0.82480,8244833
2025-07-19T14:00:00+00:00,0.82480,0.82610,0.81980,0.82030,5763017
2025-07-19T14:15:00+00:00,0.82040,0.82360,0.81580,0.81720,9682059
2025-07-19T14:30:00+00:00,0.81710,0.82030,0.81520,0.81810,7237408
2025-07-19T14:45:00+00:00,0.81800,0.82000,0.81020,0.81190,13457549
2025-07-19T15:00:00+00:00,0.81180,0.81970,0.81100,0.81850,10396709
2025-07-19T15:15:00+00:00,0.81840,0.82580,0.81840,0.82520,11779204
2025-07-19T15:30:00+00:00,0.82530,0.82570,0.82160,0.82450,4913416
2025-07-19T15:45:00+00:00,0.82450,0.82480,0.82030,0.82180,6654336
2025-07-19T16:00:00+00:00,0.82170,0.82270,0.81670,0.81720,6460593
2025-07-19T16:15:00+00:00,0.81730,0.82700,0.81670,0.82420,7564097
2025-07-19T16:30:00+00:00,0.82420,0.82700,0.82400,0.82640,4637870
2025-07-19T16:45:00+00:00,0.82650,0.82950,0.82360,0.82600,4978323
2025-07-19T17:00:00+00:00,0.82610,0.82670,0.82350,0.82460,3222550
2025-07-19T17:15:00+00:00,0.82470,0.82780,0.82270,0.82450,3734271
2025-07-19T17:30:00+00:00,0.82450,0.82500,0.81960,0.82040,4327960
2025-07-19T17:45:00+00:00,0.82040,0.82450,0.81800,0.82080,3819102
2025-07-19T18:00:00+00:00,0.82080,0.82570,0.81870,0.82450,7882281
2025-07-19T18:15:00+00:00,0.82460,0.82620,0.82060,0.82470,5453263
2025-07-19T18:30:00+00:00,0.82480,0.82900,0.82480,0.82690,3537656
2025-07-19T18:45:00+00:00,0.82690,0.82760,0.82240,0.82330,2881421
2025-07-19T19:00:00+00:00,0.82340,0.82640,0.81990,0.82290,6069114
2025-07-19T19:15:00+00:00,0.82290,0.83190,0.82220,0.83140,8243686
2025-07-19T19:30:00+00:00,0.83140,0.83480,0.83010,0.83420,10863085
2025-07-19T19:45:00+00:00,0.83430,0.83430,0.82800,0.82900,7542015
2025-07-19T20:00:00+00:00,0.82900,0.83430,0.82810,0.83140,6900050
2025-07-19T20:15:00+00:00,0.83140,0.83310,0.82920,0.83280,5469242
2025-07-19T20:30:00+00:00,0.83270,0.83350,0.83040,0.83180,3962251
2025-07-19T20:45:00+00:00,0.83180,0.83500,0.82860,0.82860,7877324
2025-07-19T21:00:00+00:00,0.82850,0.83100,0.82070,0.82180,11564159
2025-07-19T21:15:00+00:00,0.82180,0.82370,0.81610,0.82180,14426653
2025-07-19T21:30:00+00:00,0.82180,0.82200,0.81840,0.81990,4555735
2025-07-19T21:45:00+00:00,0.81990,0.82490,0.81970,0.82420,4030947
2025-07-19T22:00:00+00:00,0.82420,0.82620,0.82020,0.82510,7564850
2025-07-19T22:15:00+00:00,0.82510,0.82800,0.82460,0.82490,5353507
2025-07-19T22:30:00+00:00,0.82490,0.82710,0.82270,0.82650,3390029
2025-07-19T22:45:00+00:00,0.82650,0.82660,0.82390,0.82470,2107199
2025-07-19T23:00:00+00:00,0.82470,0.82820,0.82370,0.82710,2360945
2025-07-19T23:15:00+00:00,0.82700,0.82810,0.82350,0.82650,2452968
2025-07-19T23:30:00+00:00,0.82650,0.83150,0.82610,0.83020,5244300
2025-07-19T23:45:00+00:00,0.83020,0.83120,0.82920,0.82960,3697879
2025-07-20T00:00:00+00:00,0.82950,0.83080,0.82260,0.82410,7472969
2025-07-20T00:15:00+00:00,0.82410,0.82880,0.82330,0.82370,5238766
2025-07-20T00:30:00+00:00,0.82370,0.82810,0.82300,0.82420,3556418
2025-07-20T00:45:00+00:00,0.82420,0.82940,0.82390,0.82820,4323876
2025-07-20T01:00:00+00:00,0.82830,0.83540,0.82720,0.83420,10038338
2025-07-20T01:15:00+00:00,0.83420,0.83930,0.83390,0.83530,11140217
2025-07-20T01:30:00+00:00,0.83530,0.83870,0.83230,0.83780,11499708
2025-07-20T01:45:00+00:00,0.83790,0.83910,0.83150,0.83190,6315921
2025-07-20T02:00:00+00:00,0.83180,0.83320,0.82790,0.83110,8218848
2025-07-20T02:15:00+00:00,0.83100,0.83330,0.82800,0.82890,7938092
2025-07-20T02:30:00+00:00,0.82900,0.83480,0.82800,0.83240,4705868
2025-07-20T02:45:00+00:00,0.83240,0.83510,0.83140,0.83190,2810846
2025-07-20T03:00:00+00:00,0.83190,0.83470,0.83170,0.83350,2902720
2025-07-20T03:15:00+00:00,0.83350,0.83750,0.83120,0.83610,3811564
2025-07-20T03:30:00+00:00,0.83610,0.84550,0.83610,0.84100,19347794
2025-07-20T03:45:00+00:00,0.84100,0.84270,0.83900,0.84030,6468023
2025-07-20T04:00:00+00:00,0.84020,0.84680,0.83940,0.84160,12353014
2025-07-20T04:15:00+00:00,0.84170,0.84340,0.83890,0.84150,5600633
2025-07-20T04:30:00+00:00,0.84150,0.84420,0.83550,0.83610,9574265
2025-07-20T04:45:00+00:00,0.83610,0.83850,0.83500,0.83680,7108861
2025-07-20T05:00:00+00:00,0.83690,0.83810,0.83200,0.83380,6235997
2025-07-20T05:15:00+00:00,0.83380,0.83430,0.83070,0.83270,6134562
2025-07-20T05:30:00+00:00,0.83270,0.83520,0.83080,0.83510,5065146
2025-07-20T05:45:00+00:00,0.83510,0.84190,0.83420,0.84060,7266668
2025-07-20T06:00:00+00:00,0.84070,0.84070,0.83630,0.83690,5472194
2025-07-20T06:15:00+00:00,0.83680,0.84070,0.83510,0.83720,8047124
2025-07-20T06:30:00+00:00,0.83730,0.83920,0.83570,0.83780,4131447
2025-07-20T06:45:00+00:00,0.83780,0.84030,0.83460,0.83480,5568460
2025-07-20T07:00:00+00:00,0.83490,0.84160,0.83490,0.84080,6499805
2025-07-20T07:15:00+00:00,0.84080,0.84580,0.84070,0.84530,7629273
2025-07-20T07:30:00+00:00,0.84530,0.84850,0.84380,0.84710,11535799
2025-07-20T07:45:00+00:00,0.84700,0.84940,0.84260,0.84470,9323049
2025-07-20T08:00:00+00:00,0.84480,0.85040,0.84400,0.84910,10281767
2025-07-20T08:15:00+00:00,0.84910,0.85080,0.84750,0.84970,9603323
2025-07-20T08:30:00+00:00,0.84970,0.85240,0.84850,0.85190,9441659
2025-07-20T08:45:00+00:00,0.85180,0.85650,0.84960,0.85630,11453462
2025-07-20T09:00:00+00:00,0.85640,0.86200,0.85120,0.85310,25368505
2025-07-20T09:15:00+00:00,0.85310,0.85700,0.84780,0.84900,15190649
2025-07-20T09:30:00+00:00,0.84910,0.85290,0.84880,0.85230,7977923
2025-07-20T09:45:00+00:00,0.85230,0.85560,0.85050,0.85050,9698671
2025-07-20T10:00:00+00:00,0.85050,0.85520,0.84960,0.85030,7545859
2025-07-20T10:15:00+00:00,0.85040,0.85400,0.84850,0.85260,7851427
2025-07-20T10:30:00+00:00,0.85260,0.85390,0.85070,0.85070,6127713
2025-07-20T10:45:00+00:00,0.85080,0.85180,0.84780,0.84850,8449683
2025-07-20T11:00:00+00:00,0.84840,0.85080,0.84790,0.84900,5580881
2025-07-20T11:15:00+00:00,0.84900,0.85400,0.84830,0.85050,5018864
2025-07-20T11:30:00+00:00,0.85060,0.85350,0.84930,0.85270,4654049
2025-07-20T11:45:00+00:00,0.85270,0.85670,0.84980,0.85060,10475988
2025-07-20T12:00:00+00:00,0.85050,0.85060,0.84630,0.85010,10790305
2025-07-20T12:15:00+00:00,0.85000,0.85260,0.84760,0.84820,8778027
2025-07-20T12:30:00+00:00,0.84830,0.85180,0.84690,0.84970,7901478
2025-07-20T12:45:00+00:00,0.84970,0.85590,0.84900,0.85330,8051722
2025-07-20T13:00:00+00:00,0.85330,0.85750,0.85220,0.85700,7528374
2025-07-20T13:15:00+00:00,0.85700,0.85830,0.85600,0.85710,7377380
2025-07-20T13:30:00+00:00,0.85710,0.86040,0.85600,0.85920,6313377
2025-07-20T13:45:00+00:00,0.85920,0.86720,0.85820,0.86630,16186927
2025-07-20T14:00:00+00:00,0.86620,0.86630,0.85260,0.85960,21003997
2025-07-20T14:15:00+00:00,0.85960,0.86780,0.85660,0.86560,19325873
2025-07-20T14:30:00+00:00,0.86560,0.87110,0.86400,0.86530,16934373
2025-07-20T14:45:00+00:00,0.86530,0.86620,0.85980,0.86450,14467171
2025-07-20T15:00:00+00:00,0.86450,0.86500,0.86000,0.86360,9633139
2025-07-20T15:15:00+00:00,0.86360,0.86380,0.85870,0.86300,8339256
2025-07-20T15:30:00+00:00,0.86310,0.86940,0.86240,0.86690,9277781
2025-07-20T15:45:00+00:00,0.86690,0.87340,0.86620,0.87080,11520196
2025-07-20T16:00:00+00:00,0.87090,0.87470,0.86830,0.87100,14267324
2025-07-20T16:15:00+00:00,0.87120,0.87340,0.86520,0.87210,15587650
2025-07-20T16:30:00+00:00,0.87210,0.87630,0.87020,0.87510,9539654
2025-07-20T16:45:00+00:00,0.87500,0.87550,0.87020,0.87160,9413732
2025-07-20T17:00:00+00:00,0.87170,0.87170,0.85850,0.86760,20484620
2025-07-20T17:15:00+00:00,0.86770,0.87340,0.86340,0.86990,9207191
2025-07-20T17:30:00+00:00,0.86990,0.87180,0.86100,0.86390,11750331
2025-07-20T17:45:00+00:00,0.86390,0.86400,0.85680,0.85870,14764523
2025-07-20T18:00:00+00:00,0.85880,0.86440,0.85830,0.85930,9616588
2025-07-20T18:15:00+00:00,0.85920,0.86200,0.85630,0.86070,7017183
2025-07-20T18:30:00+00:00,0.86060,0.86190,0.85670,0.86070,6830995
2025-07-20T18:45:00+00:00,0.86070,0.87080,0.86070,0.87070,10540881
2025-07-20T19:00:00+00:00,0.87070,0.87540,0.87010,0.87440,12484728
2025-07-20T19:15:00+00:00,0.87440,0.87600,0.87000,0.87210,5462493
2025-07-20T19:30:00+00:00,0.87210,0.87620,0.86930,0.87180,8302343
2025-07-20T19:45:00+00:00,0.87170,0.87880,0.86960,0.87090,12299299
2025-07-20T20:00:00+00:00,0.87100,0.87240,0.86040,0.86610,14402752
2025-07-20T20:15:00+00:00,0.86610,0.87080,0.86390,0.86520,9862987
2025-07-20T20:30:00+00:00,0.86510,0.87220,0.86460,0.87220,4574353
2025-07-20T20:45:00+00:00,0.87210,0.87850,0.87030,0.87110,11477803
2025-07-20T21:00:00+00:00,0.87100,0.87350,0.85930,0.86520,16558437
2025-07-20T21:15:00+00:00,0.86520,0.86950,0.86180,0.86840,6551068
2025-07-20T21:30:00+00:00,0.86840,0.87050,0.86510,0.86850,5457803
2025-07-20T21:45:00+00:00,0.86830,0.87370,0.86710,0.87360,5628759
2025-07-20T22:00:00+00:00,0.87360,0.87440,0.85370,0.85650,25021785
2025-07-20T22:15:00+00:00,0.85640,0.85930,0.83720,0.85480,60904265
2025-07-20T22:30:00+00:00,0.85480,0.86070,0.85000,0.86050,15902311
2025-07-20T22:45:00+00:00,0.86040,0.86330,0.85750,0.85770,8469668
2025-07-20T23:00:00+00:00,0.85760,0.85770,0.85110,0.85520,13682380
2025-07-20T23:15:00+00:00,0.85520,0.86000,0.85390,0.85520,6958570
2025-07-20T23:30:00+00:00,0.85520,0.86060,0.85150,0.85960,8494645
2025-07-20T23:45:00+00:00,0.85950,0.86340,0.85560,0.85800,8126153
2025-07-21T00:00:00+00:00,0.85800,0.86020,0.84940,0.84970,11545704
2025-07-21T00:15:00+00:00,0.84970,0.85110,0.84150,0.84840,19964429
2025-07-21T00:30:00+00:00,0.84840,0.85100,0.84230,0.84750,12443977
2025-07-21T00:45:00+00:00,0.84740,0.85320,0.84420,0.85310,12293465
2025-07-21T01:00:00+00:00,0.85310,0.85610,0.84870,0.84940,10852087
2025-07-21T01:15:00+00:00,0.84940,0.85160,0.84450,0.84760,7880844
2025-07-21T01:30:00+00:00,0.84760,0.85000,0.84160,0.84720,11814206
2025-07-21T01:45:00+00:00,0.84710,0.86050,0.84620,0.85670,19330182
2025-07-21T02:00:00+00:00,0.85670,0.86940,0.85670,0.86670,25249282
2025-07-21T02:15:00+00:00,0.86670,0.86740,0.86160,0.86570,10555172
2025-07-21T02:30:00+00:00,0.86560,0.86580,0.86100,0.86230,7169235
2025-07-21T02:45:00+00:00,0.86230,0.86970,0.86120,0.86950,7055335
2025-07-21T03:00:00+00:00,0.86940,0.87070,0.86670,0.86810,15161036
2025-07-21T03:15:00+00:00,0.86810,0.87080,0.86670,0.86770,5555564
2025-07-21T03:30:00+00:00,0.86770,0.86890,0.86650,0.86670,4970836
2025-07-21T03:45:00+00:00,0.86680,0.86760,0.86520,0.86620,5807429
2025-07-21T04:00:00+00:00,0.86620,0.86760,0.86300,0.86370,9029687
2025-07-21T04:15:00+00:00,0.86360,0.86740,0.86240,0.86470,6393421
2025-07-21T04:30:00+00:00,0.86470,0.86980,0.86440,0.86960,7569045
2025-07-21T04:45:00+00:00,0.86950,0.87110,0.86710,0.86800,5418261
2025-07-21T05:00:00+00:00,0.86810,0.86920,0.86670,0.86850,4003979
2025-07-21T05:15:00+00:00,0.86850,0.86940,0.86640,0.86760,3752666
2025-07-21T05:30:00+00:00,0.86760,0.87490,0.86740,0.87410,9339385
2025-07-21T05:45:00+00:00,0.87420,0.88120,0.87170,0.88110,14545664
2025-07-21T06:00:00+00:00,0.88110,0.88230,0.87860,0.88010,17316466
2025-07-21T06:15:00+00:00,0.88010,0.88790,0.88000,0.88790,16845011
2025-07-21T06:30:00+00:00,0.88790,0.88800,0.87940,0.88030,22134805
2025-07-21T06:45:00+00:00,0.88040,0.88500,0.87830,0.88420,10139314
2025-07-21T07:00:00+00:00,0.88410,0.89170,0.88370,0.88900,15665914
2025-07-21T07:15:00+00:00,0.88900,0.89440,0.88790,0.89370,10518216
2025-07-21T07:30:00+00:00,0.89370,0.89590,0.89120,0.89270,18715664
2025-07-21T07:45:00+00:00,0.89260,0.89800,0.89230,0.89410,15100993
2025-07-21T08:00:00+00:00,0.89420,0.89810,0.89140,0.89370,12364113
2025-07-21T08:15:00+00:00,0.89370,0.89850,0.89200,0.89850,10541763
2025-07-21T08:30:00+00:00,0.89840,0.90500,0.89710,0.89760,28361620
2025-07-21T08:45:00+00:00,0.89760,0.89890,0.89050,0.89430,17863146
2025-07-21T09:00:00+00:00,0.89440,0.89610,0.89030,0.89050,8942111
2025-07-21T09:15:00+00:00,0.89050,0.89150,0.88520,0.88630,17417676
2025-07-21T09:30:00+00:00,0.88630,0.89000,0.88110,0.88280,18650866
2025-07-21T09:45:00+00:00,0.88280,0.88810,0.88180,0.88710,9140860
2025-07-21T10:00:00+00:00,0.88700,0.88730,0.88320,0.88690,6123768
2025-07-21T10:15:00+00:00,0.88680,0.88770,0.88170,0.88270,5960921
2025-07-21T10:30:00+00:00,0.88270,0.88730,0.88050,0.88670,7942273
2025-07-21T10:45:00+00:00,0.88670,0.89400,0.88610,0.89290,12386490
2025-07-21T11:00:00+00:00,0.89290,0.90140,0.89160,0.89910,13490211
2025-07-21T11:15:00+00:00,0.89900,0.90620,0.89620,0.90570,21222429
2025-07-21T11:30:00+00:00,0.90570,0.90600,0.89660,0.89910,20350528
2025-07-21T11:45:00+00:00,0.89900,0.91180,0.89900,0.90880,29003174
2025-07-21T12:00:00+00:00,0.90870,0.91130,0.89980,0.90760,32615272
2025-07-21T12:15:00+00:00,0.90770,0.91800,0.90670,0.91670,29166231
2025-07-21T12:30:00+00:00,0.91670,0.92000,0.91310,0.91790,26016392
2025-07-21T12:45:00+00:00,0.91800,0.92500,0.91770,0.92180,29301115
2025-07-21T13:00:00+00:00,0.92190,0.92380,0.91410,0.91530,26156338
2025-07-21T13:15:00+00:00,0.91530,0.92640,0.91510,0.91780,24826539
2025-07-21T13:30:00+00:00,0.91780,0.92610,0.91680,0.92310,17995737
2025-07-21T13:45:00+00:00,0.92320,0.92470,0.91660,0.91960,17049331
2025-07-21T14:00:00+00:00,0.91970,0.93440,0.91940,0.92630,45074648
2025-07-21T14:15:00+00:00,0.92630,0.93230,0.92050,0.92290,26873032
2025-07-21T14:30:00+00:00,0.92290,0.92650,0.91690,0.92080,25095773
2025-07-21T14:45:00+00:00,0.92070,0.92700,0.92030,0.92690,16078654
2025-07-21T15:00:00+00:00,0.92690,0.92720,0.91930,0.92360,17804511
2025-07-21T15:15:00+00:00,0.92360,0.92680,0.91750,0.91770,16219912
2025-07-21T15:30:00+00:00,0.91780,0.91840,0.91220,0.91530,19260292
2025-07-21T15:45:00+00:00,0.91530,0.91610,0.91010,0.91240,13129156
2025-07-21T16:00:00+00:00,0.91230,0.91370,0.89790,0.90000,40910797
2025-07-21T16:15:00+00:00,0.90010,0.90100,0.88820,0.89960,49355129
2025-07-21T16:30:00+00:00,0.89970,0.90200,0.89290,0.89720,17326899
2025-07-21T16:45:00+00:00,0.89730,0.89970,0.89260,0.89780,11631206
2025-07-21T17:00:00+00:00,0.89790,0.90620,0.89520,0.90270,14949518
2025-07-21T17:15:00+00:00,0.90280,0.90450,0.89720,0.89720,10186834
2025-07-21T17:30:00+00:00,0.89710,0.90160,0.89440,0.89520,9921572
2025-07-21T17:45:00+00:00,0.89520,0.90290,0.89370,0.89990,13358601
2025-07-21T18:00:00+00:00,0.89980,0.90200,0.89790,0.89970,6168988
2025-07-21T18:15:00+00:00,0.89980,0.90380,0.89850,0.89960,11350016
2025-07-21T18:30:00+00:00,0.89970,0.90020,0.89070,0.89190,15879778
2025-07-21T18:45:00+00:00,0.89200,0.89200,0.88340,0.88470,18922374
2025-07-21T19:00:00+00:00,0.88470,0.89180,0.88370,0.89170,8999354
2025-07-21T19:15:00+00:00,0.89160,0.89260,0.88090,0.88190,11255708
2025-07-21T19:30:00+00:00,0.88200,0.88330,0.87600,0.88030,19306551
2025-07-21T19:45:00+00:00,0.88020,0.88140,0.87550,0.87680,15030982
2025-07-21T20:00:00+00:00,0.87670,0.88250,0.87290,0.88090,15303664
2025-07-21T20:15:00+00:00,0.88100,0.88570,0.87900,0.88500,9636649
2025-07-21T20:30:00+00:00,0.88500,0.88800,0.88160,0.88680,11454880
2025-07-21T20:45:00+00:00,0.88680,0.88880,0.87890,0.88000,13282937
2025-07-21T21:00:00+00:00,0.87990,0.88550,0.87740,0.87900,8612502
2025-07-21T21:15:00+00:00,0.87890,0.88570,0.87890,0.88380,5493902
2025-07-21T21:30:00+00:00,0.88380,0.88510,0.88090,0.88390,3834838
2025-07-21T21:45:00+00:00,0.88400,0.88570,0.88140,0.88490,4672247
2025-07-21T22:00:00+00:00,0.88480,0.88770,0.88290,0.88770,4969317
2025-07-21T22:15:00+00:00,0.88760,0.88760,0.88450,0.88730,4927522
2025-07-21T22:30:00+00:00,0.88730,0.89160,0.88730,0.89160,7052660
2025-07-21T22:45:00+00:00,0.89150,0.89170,0.88800,0.88910,5927845
2025-07-21T23:00:00+00:00,0.88920,0.88960,0.88510,0.88550,7782415
2025-07-21T23:15:00+00:00,0.88550,0.88810,0.88340,0.88790,3593016
2025-07-21T23:30:00+00:00,0.88790,0.89180,0.88790,0.89010,6242209
2025-07-21T23:45:00+00:00,0.89010,0.89090,0.88890,0.88910,4360617
2025-07-22T00:00:00+00:00,0.88920,0.89140,0.88630,0.88960,7061223
2025-07-22T00:15:00+00:00,0.88960,0.89770,0.88950,0.89710,12657902
2025-07-22T00:30:00+00:00,0.89710,0.89730,0.88790,0.88940,12012592
2025-07-22T00:45:00+00:00,0.88940,0.89510,0.88580,0.88680,7744048
2025-07-22T01:00:00+00:00,0.88680,0.88760,0.87550,0.87650,22355872
2025-07-22T01:15:00+00:00,0.87660,0.88540,0.86510,0.88490,47593692
2025-07-22T01:30:00+00:00,0.88490,0.89810,0.88130,0.89520,24667062
2025-07-22T01:45:00+00:00,0.89510,0.90380,0.89460,0.90150,17954633
2025-07-22T02:00:00+00:00,0.90160,0.90740,0.89760,0.90110,23862959
2025-07-22T02:15:00+00:00,0.90110,0.90990,0.89810,0.90550,15151366
2025-07-22T02:30:00+00:00,0.90560,0.90820,0.89670,0.89870,13982131
2025-07-22T02:45:00+00:00,0.89880,0.90020,0.88570,0.89240,20595682
2025-07-22T03:00:00+00:00,0.89230,0.89440,0.88640,0.89030,15610331
2025-07-22T03:15:00+00:00,0.89030,0.89190,0.88200,0.88660,17941152
2025-07-22T03:30:00+00:00,0.88660,0.88990,0.87550,0.87820,17651881
2025-07-22T03:45:00+00:00,0.87820,0.88690,0.87480,0.88640,12902729
2025-07-22T04:00:00+00:00,0.88640,0.88640,0.87930,0.88060,11477034
2025-07-22T04:15:00+00:00,0.88050,0.88170,0.86860,0.87260,21678944
2025-07-22T04:30:00+00:00,0.87270,0.87840,0.86910,0.87010,15738052
2025-07-22T04:45:00+00:00,0.87010,0.87260,0.85510,0.85570,45298145
2025-07-22T05:00:00+00:00,0.85580,0.87070,0.85570,0.87020,27791007
2025-07-22T05:15:00+00:00,0.87030,0.87560,0.86790,0.87060,17598476
2025-07-22T05:30:00+00:00,0.87070,0.87540,0.86650,0.86900,14001059
2025-07-22T05:45:00+00:00,0.86890,0.87290,0.86430,0.87150,12955733
2025-07-22T06:00:00+00:00,0.87150,0.87860,0.86710,0.87810,12661643
2025-07-22T06:15:00+00:00,0.87800,0.87960,0.87440,0.87540,13149751
2025-07-22T06:30:00+00:00,0.87540,0.87850,0.87350,0.87380,6311584
2025-07-22T06:45:00+00:00,0.87370,0.87650,0.87160,0.87640,10190534
2025-07-22T07:00:00+00:00,0.87640,0.88360,0.87510,0.88320,14561125
2025-07-22T07:15:00+00:00,0.88320,0.88390,0.87840,0.88330,10310751
2025-07-22T07:30:00+00:00,0.88340,0.88400,0.87720,0.87820,6876353
2025-07-22T07:45:00+00:00,0.87830,0.87870,0.86860,0.87140,11580007
2025-07-22T08:00:00+00:00,0.87140,0.87140,0.85900,0.85940,22453172
2025-07-22T08:15:00+00:00,0.85950,0.86370,0.85330,0.85510,24291284
2025-07-22T08:30:00+00:00,0.85510,0.86340,0.85290,0.86190,12062342
2025-07-22T08:45:00+00:00,0.86190,0.86690,0.85960,0.86530,8358109
2025-07-22T09:00:00+00:00,0.86530,0.86570,0.85720,0.85880,9021006
2025-07-22T09:15:00+00:00,0.85890,0.86280,0.85460,0.86070,13643839
2025-07-22T09:30:00+00:00,0.86060,0.86900,0.86030,0.86880,11645761
2025-07-22T09:45:00+00:00,0.86870,0.87110,0.86700,0.86940,11624602
2025-07-22T10:00:00+00:00,0.86930,0.87390,0.86880,0.87290,9595391
2025-07-22T10:15:00+00:00,0.87290,0.87440,0.86840,0.87310,7028555
2025-07-22T10:30:00+00:00,0.87320,0.87660,0.87280,0.87570,6772819
2025-07-22T10:45:00+00:00,0.87570,0.87840,0.87500,0.87830,6532759
2025-07-22T11:00:00+00:00,0.87840,0.87960,0.87500,0.87570,10558970
2025-07-22T11:15:00+00:00,0.87570,0.87800,0.87340,0.87500,9650680
2025-07-22T11:30:00+00:00,0.87500,0.87670,0.87130,0.87620,9035197
2025-07-22T11:45:00+00:00,0.87610,0.88350,0.87500,0.87810,16857431
2025-07-22T12:00:00+00:00,0.87800,0.88130,0.87610,0.87960,9528603
2025-07-22T12:15:00+00:00,0.87960,0.88020,0.87650,0.87780,5621951
2025-07-22T12:30:00+00:00,0.87780,0.88020,0.87380,0.87860,9152043
2025-07-22T12:45:00+00:00,0.87850,0.87920,0.87330,0.87660,9593477
2025-07-22T13:00:00+00:00,0.87650,0.87980,0.87420,0.87870,8366604
2025-07-22T13:15:00+00:00,0.87860,0.88080,0.87450,0.87550,8026554
2025-07-22T13:30:00+00:00,0.87550,0.88160,0.86690,0.87880,25299201
2025-07-22T13:45:00+00:00,0.87870,0.87880,0.86310,0.86520,30278059
2025-07-22T14:00:00+00:00,0.86510,0.86880,0.85620,0.86850,29026697
2025-07-22T14:15:00+00:00,0.86850,0.87130,0.86310,0.86570,9916456
2025-07-22T14:30:00+00:00,0.86570,0.87210,0.86390,0.87020,10651803
2025-07-22T14:45:00+00:00,0.87020,0.88050,0.86780,0.88010,14606636
2025-07-22T15:00:00+00:00,0.88010,0.88800,0.87890,0.88800,23571518
2025-07-22T15:15:00+00:00,0.88790,0.89160,0.88440,0.88530,18583042
2025-07-22T15:30:00+00:00,0.88520,0.88710,0.87880,0.87980,17459415
2025-07-22T15:45:00+00:00,0.87990,0.88540,0.87960,0.88080,11057334
2025-07-22T16:00:00+00:00,0.88080,0.88930,0.87650,0.88920,14600868
2025-07-22T16:15:00+00:00,0.88930,0.89140,0.88120,0.88410,14027867
2025-07-22T16:30:00+00:00,0.88410,0.88640,0.88020,0.88330,7733535
2025-07-22T16:45:00+00:00,0.88320,0.88380,0.87950,0.88280,6797551
2025-07-22T17:00:00+00:00,0.88270,0.88630,0.87340,0.87710,15221322
2025-07-22T17:15:00+00:00,0.87720,0.88020,0.87390,0.87880,9389820
2025-07-22T17:30:00+00:00,0.87870,0.88740,0.87640,0.88650,14917497
2025-07-22T17:45:00+00:00,0.88650,0.88790,0.88260,0.88380,7001195
2025-07-22T18:00:00+00:00,0.88380,0.88950,0.88010,0.88670,11240748
2025-07-22T18:15:00+00:00,0.88680,0.88950,0.88170,0.88830,11226137
2025-07-22T18:30:00+00:00,0.88820,0.89240,0.88580,0.88630,8741105
2025-07-22T18:45:00+00:00,0.88630,0.89410,0.88550,0.88930,12749263
2025-07-22T19:00:00+00:00,0.88930,0.89450,0.88800,0.89440,7264627
2025-07-22T19:15:00+00:00,0.89440,0.89500,0.89020,0.89410,8843046
2025-07-22T19:30:00+00:00,0.89410,0.89410,0.88510,0.88590,8990203
2025-07-22T19:45:00+00:00,0.88580,0.88580,0.87550,0.87800,14172423
2025-07-22T20:00:00+00:00,0.87780,0.88730,0.87620,0.88540,11587600
2025-07-22T20:15:00+00:00,0.88540,0.88930,0.88260,0.88810,5546408
2025-07-22T20:30:00+00:00,0.88800,0.89240,0.88710,0.89220,5408022
2025-07-22T20:45:00+00:00,0.89210,0.89420,0.88980,0.89210,5046310
2025-07-22T21:00:00+00:00,0.89210,0.89380,0.88850,0.89050,7268575
2025-07-22T21:15:00+00:00,0.89050,0.89260,0.88970,0.88990,3673015
2025-07-22T21:30:00+00:00,0.89000,0.89010,0.88690,0.88720,3863573
2025-07-22T21:45:00+00:00,0.88720,0.89130,0.88710,0.88990,2346264
2025-07-22T22:00:00+00:00,0.88990,0.89470,0.88990,0.89200,4657554
2025-07-22T22:15:00+00:00,0.89210,0.89480,0.89120,0.89360,3397762
2025-07-22T22:30:00+00:00,0.89370,0.89720,0.89320,0.89650,6708623
2025-07-22T22:45:00+00:00,0.89650,0.89670,0.89260,0.89390,3803408
2025-07-22T23:00:00+00:00,0.89390,0.89990,0.89310,0.89990,5096928
2025-07-22T23:15:00+00:00,0.89980,0.90450,0.89950,0.90350,9595671
2025-07-22T23:30:00+00:00,0.90360,0.90360,0.90070,0.90260,4513222
2025-07-22T23:45:00+00:00,0.90260,0.90460,0.90180,0.90400,6801177
2025-07-23T00:00:00+00:00,0.90390,0.90410,0.89650,0.89750,7900870
2025-07-23T00:15:00+00:00,0.89750,0.90330,0.89240,0.89360,10486905
2025-07-23T00:30:00+00:00,0.89350,0.89790,0.89340,0.89500,4445066
2025-07-23T00:45:00+00:00,0.89510,0.89720,0.88910,0.89070,7504208
2025-07-23T01:00:00+00:00,0.89070,0.89080,0.88380,0.88490,9817280
2025-07-23T01:15:00+00:00,0.88490,0.88780,0.88400,0.88550,5254131
2025-07-23T01:30:00+00:00,0.88540,0.88970,0.88440,0.88910,4930520
2025-07-23T01:45:00+00:00,0.88920,0.89000,0.88500,0.88840,3559900
2025-07-23T02:00:00+00:00,0.88850,0.88860,0.88530,0.88550,5415738
2025-07-23T02:15:00+00:00,0.88550,0.88880,0.88370,0.88880,4668363
2025-07-23T02:30:00+00:00,0.88880,0.89090,0.88500,0.88500,5002850
2025-07-23T02:45:00+00:00,0.88500,0.88760,0.88230,0.88660,7464260
2025-07-23T03:00:00+00:00,0.88660,0.88730,0.88260,0.88520,7247456
2025-07-23T03:15:00+00:00,0.88520,0.88640,0.88090,0.88570,6023499
2025-07-23T03:30:00+00:00,0.88560,0.88760,0.88220,0.88280,5140348
2025-07-23T03:45:00+00:00,0.88270,0.88290,0.87940,0.88140,5531269
2025-07-23T04:00:00+00:00,0.88130,0.88340,0.87890,0.88250,4608132
2025-07-23T04:15:00+00:00,0.88240,0.88630,0.88040,0.88580,5826459
2025-07-23T04:30:00+00:00,0.88570,0.88880,0.88420,0.88690,5709600
2025-07-23T04:45:00+00:00,0.88680,0.88910,0.88580,0.88890,2357210
2025-07-23T05:00:00+00:00,0.88880,0.88920,0.88360,0.88510,5912971
2025-07-23T05:15:00+00:00,0.88510,0.88570,0.88180,0.88290,2780534
2025-07-23T05:30:00+00:00,0.88280,0.88630,0.88150,0.88270,4331121
2025-07-23T05:45:00+00:00,0.88260,0.88530,0.88150,0.88340,2200901
2025-07-23T06:00:00+00:00,0.88350,0.88400,0.87900,0.88000,4192789
2025-07-23T06:15:00+00:00,0.88000,0.88030,0.87090,0.87640,19532445
2025-07-23T06:30:00+00:00,0.87640,0.87700,0.87220,0.87310,8591238
2025-07-23T06:45:00+00:00,0.87320,0.87540,0.87280,0.87510,4369680
2025-07-23T07:00:00+00:00,0.87510,0.87660,0.87250,0.87560,5825173
2025-07-23T07:15:00+00:00,0.87560,0.87850,0.87550,0.87720,4569296
2025-07-23T07:30:00+00:00,0.87720,0.87840,0.86870,0.86940,9648214
2025-07-23T07:45:00+00:00,0.86950,0.87110,0.86620,0.86800,12476781
2025-07-23T08:00:00+00:00,0.86800,0.87170,0.86590,0.87150,6788030
2025-07-23T08:15:00+00:00,0.87150,0.87190,0.86870,0.87100,4742711
2025-07-23T08:30:00+00:00,0.87100,0.87140,0.86710,0.86900,4559350
2025-07-23T08:45:00+00:00,0.86910,0.87380,0.86870,0.87330,4972393
2025-07-23T09:00:00+00:00,0.87330,0.87420,0.86900,0.86980,4039824
2025-07-23T09:15:00+00:00,0.86970,0.86980,0.86340,0.86350,9350890
2025-07-23T09:30:00+00:00,0.86350,0.86600,0.86150,0.86290,8526798
2025-07-23T09:45:00+00:00,0.86280,0.86540,0.86160,0.86190,4940974
2025-07-23T10:00:00+00:00,0.86190,0.86220,0.85510,0.85570,18459550
2025-07-23T10:15:00+00:00,0.85570,0.86130,0.85560,0.86010,11401314
2025-07-23T10:30:00+00:00,0.86010,0.86260,0.85910,0.86100,5690305
2025-07-23T10:45:00+00:00,0.86100,0.86390,0.86100,0.86280,4997370
2025-07-23T11:00:00+00:00,0.86290,0.86310,0.85780,0.85780,6981584
2025-07-23T11:15:00+00:00,0.85790,0.86470,0.85760,0.86390,7108343
2025-07-23T11:30:00+00:00,0.86390,0.86400,0.86200,0.86280,4802632
2025-07-23T11:45:00+00:00,0.86280,0.86330,0.86070,0.86250,4404594
2025-07-23T12:00:00+00:00,0.86250,0.86310,0.85670,0.86260,7270573
2025-07-23T12:15:00+00:00,0.86260,0.86290,0.85780,0.85910,4818377
2025-07-23T12:30:00+00:00,0.85900,0.86050,0.84520,0.84860,26609538
2025-07-23T12:45:00+00:00,0.84850,0.85250,0.82700,0.83470,76988317
2025-07-23T13:00:00+00:00,0.83470,0.83990,0.83050,0.83760,41333410
2025-07-23T13:15:00+00:00,0.83750,0.83980,0.82830,0.83960,30318072
2025-07-23T13:30:00+00:00,0.83960,0.83960,0.80830,0.81610,74498963
2025-07-23T13:45:00+00:00,0.81600,0.82270,0.80800,0.81830,78890821
2025-07-23T14:00:00+00:00,0.81830,0.82740,0.81440,0.81950,31739091
2025-07-23T14:15:00+00:00,0.81960,0.83130,0.81940,0.83010,21484769
2025-07-23T14:30:00+00:00,0.83000,0.83070,0.82450,0.82590,15300677
2025-07-23T14:45:00+00:00,0.82590,0.82680,0.82200,0.82660,8608243
2025-07-23T15:00:00+00:00,0.82660,0.82810,0.81680,0.81730,14854394
2025-07-23T15:15:00+00:00,0.81740,0.82650,0.81710,0.82440,10245715
2025-07-23T15:30:00+00:00,0.82430,0.83140,0.82270,0.83120,9091037
2025-07-23T15:45:00+00:00,0.83110,0.83520,0.82650,0.83400,14575400
2025-07-23T16:00:00+00:00,0.83400,0.83400,0.82480,0.82490,11207843
2025-07-23T16:15:00+00:00,0.82500,0.82830,0.82100,0.82560,11396907
2025-07-23T16:30:00+00:00,0.82550,0.82560,0.81760,0.82120,9815454
2025-07-23T16:45:00+00:00,0.82120,0.82120,0.81100,0.81340,23925757
2025-07-23T17:00:00+00:00,0.81340,0.81820,0.80550,0.80850,27427445
2025-07-23T17:15:00+00:00,0.80860,0.81350,0.79890,0.80520,44565174
2025-07-23T17:30:00+00:00,0.80510,0.81280,0.80050,0.80920,18900494
2025-07-23T17:45:00+00:00,0.80920,0.81400,0.80730,0.81300,10738011
2025-07-23T18:00:00+00:00,0.81300,0.81830,0.81210,0.81400,13654488
2025-07-23T18:15:00+00:00,0.81390,0.81810,0.81120,0.81400,6929709
2025-07-23T18:30:00+00:00,0.81400,0.81800,0.81270,0.81420,5592777
2025-07-23T18:45:00+00:00,0.81430,0.82120,0.81420,0.82050,6298775
2025-07-23T19:00:00+00:00,0.82050,0.82100,0.81680,0.81710,7798560
2025-07-23T19:15:00+00:00,0.81700,0.82110,0.81400,0.81750,7713013
2025-07-23T19:30:00+00:00,0.81740,0.81740,0.81450,0.81540,6530346
2025-07-23T19:45:00+00:00,0.81530,0.82110,0.81260,0.81350,8237966
2025-07-23T20:00:00+00:00,0.81350,0.81970,0.81120,0.81420,14259759
2025-07-23T20:15:00+00:00,0.81410,0.81450,0.80180,0.80500,23080743
2025-07-23T20:30:00+00:00,0.80500,0.80530,0.79210,0.80460,59238405
2025-07-23T20:45:00+00:00,0.80460,0.80860,0.79840,0.80660,22083372
2025-07-23T21:00:00+00:00,0.80670,0.81100,0.80330,0.80740,14542359
2025-07-23T21:15:00+00:00,0.80750,0.80880,0.78530,0.79340,51334132
2025-07-23T21:30:00+00:00,0.79340,0.80670,0.78540,0.80480,44791091
2025-07-23T21:45:00+00:00,0.80480,0.80920,0.80330,0.80700,17226818
2025-07-23T22:00:00+00:00,0.80690,0.81000,0.79970,0.80950,13671911
2025-07-23T22:15:00+00:00,0.80950,0.81510,0.80580,0.81490,10931500
2025-07-23T22:30:00+00:00,0.81490,0.81530,0.81110,0.81380,7760732
2025-07-23T22:45:00+00:00,0.81390,0.81800,0.81220,0.81340,9880283
2025-07-23T23:00:00+00:00,0.81350,0.81960,0.81260,0.81920,7618085
2025-07-23T23:15:00+00:00,0.81920,0.82060,0.81680,0.81830,7422275
2025-07-23T23:30:00+00:00,0.81840,0.81940,0.81590,0.81650,5060758
2025-07-23T23:45:00+00:00,0.81650,0.81710,0.81400,0.81570,5294076
2025-07-24T00:00:00+00:00,0.81570,0.81600,0.80970,0.81400,11334481
2025-07-24T00:15:00+00:00,0.81400,0.82390,0.81270,0.82090,14353416
2025-07-24T00:30:00+00:00,0.82090,0.82400,0.81850,0.82310,7840564
2025-07-24T00:45:00+00:00,0.82310,0.82450,0.82080,0.82440,6177809
2025-07-24T01:00:00+00:00,0.82450,0.82450,0.81910,0.82100,6071398
2025-07-24T01:15:00+00:00,0.82100,0.82370,0.81920,0.81950,4462938
2025-07-24T01:30:00+00:00,0.81950,0.82060,0.81430,0.81760,6754229
2025-07-24T01:45:00+00:00,0.81770,0.82360,0.81720,0.82340,4997392
2025-07-24T02:00:00+00:00,0.82350,0.82420,0.81910,0.82070,5196440
2025-07-24T02:15:00+00:00,0.82070,0.82090,0.81580,0.81690,3762815
2025-07-24T02:30:00+00:00,0.81690,0.82120,0.81630,0.82070,5581029
2025-07-24T02:45:00+00:00,0.82080,0.82390,0.81770,0.81900,5464875
2025-07-24T03:00:00+00:00,0.81900,0.82000,0.81610,0.81880,3607090
2025-07-24T03:15:00+00:00,0.81890,0.82480,0.81780,0.82450,4845045
2025-07-24T03:30:00+00:00,0.82450,0.82460,0.81930,0.82200,5529278
2025-07-24T03:45:00+00:00,0.82210,0.82280,0.81450,0.81580,10028931
2025-07-24T04:00:00+00:00,0.81580,0.81780,0.81050,0.81750,10525385
2025-07-24T04:15:00+00:00,0.81760,0.81760,0.80890,0.81010,7101780
2025-07-24T04:30:00+00:00,0.81010,0.81110,0.80130,0.80160,18997000
2025-07-24T04:45:00+00:00,0.80160,0.80440,0.79800,0.80060,12936656
2025-07-24T05:00:00+00:00,0.80060,0.80080,0.79170,0.79240,22734998
2025-07-24T05:15:00+00:00,0.79250,0.79940,0.79030,0.79280,15464747
2025-07-24T05:30:00+00:00,0.79280,0.79860,0.79140,0.79640,9234908
2025-07-24T05:45:00+00:00,0.79640,0.79680,0.77740,0.77870,39305377
2025-07-24T06:00:00+00:00,0.77880,0.78960,0.77730,0.78800,28508795
2025-07-24T06:15:00+00:00,0.78800,0.79180,0.78010,0.78960,16028900
2025-07-24T06:30:00+00:00,0.78970,0.79100,0.76720,0.76950,41787568
2025-07-24T06:45:00+00:00,0.76950,0.77400,0.76140,0.77170,45089823
2025-07-24T07:00:00+00:00,0.77160,0.78000,0.76110,0.77990,40959395
2025-07-24T07:15:00+00:00,0.78000,0.78390,0.77910,0.78250,16280214
2025-07-24T07:30:00+00:00,0.78240,0.78500,0.77740,0.78420,11599538
2025-07-24T07:45:00+00:00,0.78410,0.78980,0.78020,0.78880,12351763
2025-07-24T08:00:00+00:00,0.78870,0.80450,0.78500,0.80280,31410212
2025-07-24T08:15:00+00:00,0.80280,0.80310,0.79710,0.79890,25222845
2025-07-24T08:30:00+00:00,0.79890,0.80180,0.79750,0.79950,10118247
2025-07-24T08:45:00+00:00,0.79940,0.80430,0.79910,0.80200,12833533
2025-07-24T09:00:00+00:00,0.80200,0.80430,0.79940,0.79990,9446335
2025-07-24T09:15:00+00:00,0.79990,0.80170,0.79730,0.79910,8259953
2025-07-24T09:30:00+00:00,0.79920,0.80180,0.79600,0.80180,6878458
2025-07-24T09:45:00+00:00,0.80190,0.80190,0.79340,0.80060,9653118
2025-07-24T10:00:00+00:00,0.80070,0.80590,0.79760,0.79970,10261725
2025-07-24T10:15:00+00:00,0.79960,0.80110,0.79060,0.79080,19399850
2025-07-24T10:30:00+00:00,0.79090,0.79460,0.78660,0.79350,20404394
2025-07-24T10:45:00+00:00,0.79340,0.79890,0.79050,0.79850,7835755
2025-07-24T11:00:00+00:00,0.79840,0.80510,0.79800,0.80480,18997583
2025-07-24T11:15:00+00:00,0.80470,0.80750,0.80280,0.80670,12587399
2025-07-24T11:30:00+00:00,0.80660,0.81270,0.80490,0.81220,17781189
2025-07-24T11:45:00+00:00,0.81210,0.81680,0.80280,0.81510,42841808
2025-07-24T12:00:00+00:00,0.81500,0.81830,0.80860,0.81250,20359499
2025-07-24T12:15:00+00:00,0.81250,0.81350,0.80670,0.81160,14540064
2025-07-24T12:30:00+00:00,0.81150,0.81170,0.80310,0.80740,12762776
2025-07-24T12:45:00+00:00,0.80740,0.81240,0.80570,0.81030,7101916
2025-07-24T13:00:00+00:00,0.81020,0.81250,0.80730,0.81110,9086262
2025-07-24T13:15:00+00:00,0.81110,0.81500,0.79760,0.81150,30315257
2025-07-24T13:30:00+00:00,0.81140,0.81590,0.80660,0.80770,25774013
2025-07-24T13:45:00+00:00,0.80780,0.81170,0.80130,0.80250,12293593
2025-07-24T14:00:00+00:00,0.80250,0.80850,0.79660,0.79880,20727518
2025-07-24T14:15:00+00:00,0.79870,0.80640,0.79720,0.80510,12919612
2025-07-24T14:30:00+00:00,0.80520,0.82200,0.80470,0.82060,35917273
2025-07-24T14:45:00+00:00,0.82060,0.83300,0.82020,0.83150,36980604
2025-07-24T15:00:00+00:00,0.83150,0.83790,0.82860,0.83650,32201626
2025-07-24T15:15:00+00:00,0.83650,0.83670,0.81100,0.82380,66630567
2025-07-24T15:30:00+00:00,0.82380,0.82590,0.81710,0.82160,25087696
2025-07-24T15:45:00+00:00,0.82160,0.82830,0.81960,0.82300,19801558
2025-07-24T16:00:00+00:00,0.82300,0.82390,0.81660,0.81780,11934336
2025-07-24T16:15:00+00:00,0.81770,0.82090,0.81090,0.81130,12629464
2025-07-24T16:30:00+00:00,0.81130,0.81460,0.80670,0.80730,24312677
2025-07-24T16:45:00+00:00,0.80730,0.81650,0.80390,0.81260,24368675
2025-07-24T17:00:00+00:00,0.81250,0.82150,0.81150,0.82000,15901975
2025-07-24T17:15:00+00:00,0.82000,0.82520,0.81850,0.82180,14322861
2025-07-24T17:30:00+00:00,0.82170,0.82510,0.82170,0.82470,5712161
2025-07-24T17:45:00+00:00,0.82470,0.82780,0.82240,0.82320,7422231
2025-07-24T18:00:00+00:00,0.82310,0.82760,0.81080,0.82510,43941621
2025-07-24T18:15:00+00:00,0.82500,0.82640,0.82200,0.82460,8456389
2025-07-24T18:30:00+00:00,0.82450,0.82570,0.81870,0.81990,7012617
2025-07-24T18:45:00+00:00,0.82000,0.82470,0.81540,0.82380,17871021
2025-07-24T19:00:00+00:00,0.82380,0.82650,0.82010,0.82110,9353276
2025-07-24T19:15:00+00:00,0.82100,0.82330,0.81600,0.82050,8748546
2025-07-24T19:30:00+00:00,0.82060,0.82090,0.81540,0.81770,14729791
2025-07-24T19:45:00+00:00,0.81770,0.82150,0.81610,0.81620,7254521
2025-07-24T20:00:00+00:00,0.81620,0.82040,0.81500,0.81960,8121306
2025-07-24T20:15:00+00:00,0.81960,0.82070,0.81580,0.82030,3890128
2025-07-24T20:30:00+00:00,0.82040,0.82270,0.81850,0.82080,3155589
2025-07-24T20:45:00+00:00,0.82080,0.82540,0.82050,0.82480,3997870
2025-07-24T21:00:00+00:00,0.82480,0.82580,0.81870,0.81890,4036487
2025-07-24T21:15:00+00:00,0.81890,0.81980,0.81480,0.81670,4857886
2025-07-24T21:30:00+00:00,0.81670,0.81720,0.81140,0.81690,7040726
2025-07-24T21:45:00+00:00,0.81690,0.81810,0.81360,0.81380,2211910
2025-07-24T22:00:00+00:00,0.81390,0.81640,0.80830,0.80890,12753246
2025-07-24T22:15:00+00:00,0.80890,0.81490,0.80890,0.81380,7967232
2025-07-24T22:30:00+00:00,0.81380,0.81820,0.81140,0.81740,8288609
2025-07-24T22:45:00+00:00,0.81740,0.81740,0.81220,0.81280,7078193
2025-07-24T23:00:00+00:00,0.81270,0.81270,0.80420,0.80460,10225090
2025-07-24T23:15:00+00:00,0.80470,0.80920,0.80230,0.80390,12556734
2025-07-24T23:30:00+00:00,0.80390,0.80680,0.80070,0.80340,8823071
2025-07-24T23:45:00+00:00,0.80330,0.80630,0.80200,0.80570,6209393
2025-07-25T00:00:00+00:00,0.80580,0.80730,0.79870,0.80160,17595603
2025-07-25T00:15:00+00:00,0.80160,0.80470,0.79840,0.80390,7497840
2025-07-25T00:30:00+00:00,0.80390,0.80410,0.79500,0.80170,11933835
2025-07-25T00:45:00+00:00,0.80170,0.80450,0.79950,0.80100,7079593
2025-07-25T01:00:00+00:00,0.80090,0.80540,0.79900,0.80110,8680532
2025-07-25T01:15:00+00:00,0.80100,0.80370,0.79550,0.80270,6898078
2025-07-25T01:30:00+00:00,0.80260,0.81070,0.80070,0.80700,10063607
2025-07-25T01:45:00+00:00,0.80700,0.81160,0.80250,0.80870,12278939
2025-07-25T02:00:00+00:00,0.80860,0.81190,0.80630,0.80920,8596314
2025-07-25T02:15:00+00:00,0.80910,0.80970,0.80380,0.80870,6316418
2025-07-25T02:30:00+00:00,0.80880,0.81080,0.79600,0.79820,10219181
2025-07-25T02:45:00+00:00,0.79810,0.80150,0.79320,0.79700,13051255
2025-07-25T03:00:00+00:00,0.79700,0.80140,0.79180,0.79860,11531168
2025-07-25T03:15:00+00:00,0.79860,0.80140,0.79400,0.79450,7210064
2025-07-25T03:30:00+00:00,0.79460,0.79460,0.78200,0.79030,32634320
2025-07-25T03:45:00+00:00,0.79040,0.79680,0.78790,0.79490,13911409
2025-07-25T04:00:00+00:00,0.79500,0.79800,0.79100,0.79170,12325480
2025-07-25T04:15:00+00:00,0.79180,0.79870,0.78960,0.79840,10218129
2025-07-25T04:30:00+00:00,0.79830,0.80820,0.79800,0.80340,14515483
2025-07-25T04:45:00+00:00,0.80350,0.80990,0.80330,0.80860,8030660
2025-07-25T05:00:00+00:00,0.80860,0.80920,0.80210,0.80290,9596846
2025-07-25T05:15:00+00:00,0.80290,0.80860,0.80280,0.80350,7308826
2025-07-25T05:30:00+00:00,0.80340,0.80360,0.79910,0.80030,5577263
2025-07-25T05:45:00+00:00,0.80040,0.80120,0.79470,0.79640,18718283
2025-07-25T06:00:00+00:00,0.79640,0.79710,0.79040,0.79430,12529088
2025-07-25T06:15:00+00:00,0.79430,0.79700,0.79110,0.79360,7154688
2025-07-25T06:30:00+00:00,0.79360,0.80060,0.79160,0.79910,7513775
2025-07-25T06:45:00+00:00,0.79900,0.80140,0.79560,0.79690,6988337
2025-07-25T07:00:00+00:00,0.79680,0.79870,0.79180,0.79760,11117735
2025-07-25T07:15:00+00:00,0.79760,0.80400,0.79630,0.79630,13164951
2025-07-25T07:30:00+00:00,0.79620,0.79850,0.79120,0.79250,11920871
2025-07-25T07:45:00+00:00,0.79250,0.79650,0.78520,0.79470,15891025
2025-07-25T08:00:00+00:00,0.79470,0.79940,0.79210,0.79660,15721137
2025-07-25T08:15:00+00:00,0.79650,0.80990,0.79540,0.80010,25255011
2025-07-25T08:30:00+00:00,0.80020,0.80070,0.78910,0.79000,14840470
2025-07-25T08:45:00+00:00,0.78990,0.79430,0.78770,0.79040,18946995
2025-07-25T09:00:00+00:00,0.79050,0.79240,0.78680,0.79130,7839286
2025-07-25T09:15:00+00:00,0.79130,0.80160,0.78860,0.80150,9072866
2025-07-25T09:30:00+00:00,0.80140,0.80620,0.79850,0.79850,14177506
2025-07-25T09:45:00+00:00,0.79840,0.80580,0.79620,0.80570,11920815
2025-07-25T10:00:00+00:00,0.80580,0.81240,0.80470,0.80850,17395977
2025-07-25T10:15:00+00:00,0.80840,0.80850,0.80250,0.80410,8476035
2025-07-25T10:30:00+00:00,0.80420,0.80940,0.80400,0.80920,5372966
2025-07-25T10:45:00+00:00,0.80920,0.81110,0.80660,0.81040,5352311
2025-07-25T11:00:00+00:00,0.81050,0.81440,0.81040,0.81210,9908553
2025-07-25T11:15:00+00:00,0.81210,0.81720,0.81210,0.81510,9060243
2025-07-25T11:30:00+00:00,0.81510,0.81510,0.80900,0.80910,7269761
2025-07-25T11:45:00+00:00,0.80910,0.81140,0.80800,0.81010,7371533
2025-07-25T12:00:00+00:00,0.81000,0.81860,0.81000,0.81400,19037845
2025-07-25T12:15:00+00:00,0.81400,0.81500,0.80590,0.80660,12054848
2025-07-25T12:30:00+00:00,0.80670,0.81200,0.80360,0.81080,13483128
2025-07-25T12:45:00+00:00,0.81080,0.81130,0.80520,0.80810,7441906
2025-07-25T13:00:00+00:00,0.80820,0.80870,0.80510,0.80610,8402764
2025-07-25T13:15:00+00:00,0.80600,0.80860,0.80530,0.80580,6303219
2025-07-25T13:30:00+00:00,0.80580,0.80960,0.79800,0.79990,16048192
2025-07-25T13:45:00+00:00,0.80000,0.80530,0.79940,0.80490,9764944
2025-07-25T14:00:00+00:00,0.80500,0.80560,0.79640,0.79660,12742282
2025-07-25T14:15:00+00:00,0.79660,0.79790,0.78830,0.79040,21738738
2025-07-25T14:30:00+00:00,0.79050,0.79230,0.77900,0.78120,32947229
2025-07-25T14:45:00+00:00,0.78130,0.78420,0.77660,0.77770,20577687
2025-07-25T15:00:00+00:00,0.77780,0.78340,0.77650,0.78270,13595483
2025-07-25T15:15:00+00:00,0.78270,0.78720,0.78100,0.78370,10470296
2025-07-25T15:30:00+00:00,0.78370,0.78570,0.77430,0.77810,18134421
2025-07-25T15:45:00+00:00,0.77820,0.78570,0.77820,0.78370,8098165
2025-07-25T16:00:00+00:00,0.78370,0.78830,0.78300,0.78590,8956335
2025-07-25T16:15:00+00:00,0.78600,0.78760,0.77920,0.78400,15289360
2025-07-25T16:30:00+00:00,0.78400,0.78650,0.77910,0.78480,9453324
2025-07-25T16:45:00+00:00,0.78470,0.79190,0.78420,0.79010,7077609
2025-07-25T17:00:00+00:00,0.79000,0.79590,0.78940,0.79460,7991104
2025-07-25T17:15:00+00:00,0.79460,0.79570,0.78900,0.79270,6415568
2025-07-25T17:30:00+00:00,0.79270,0.79590,0.78870,0.79520,4918109
2025-07-25T17:45:00+00:00,0.79520,0.79640,0.79270,0.79500,4197088
2025-07-25T18:00:00+00:00,0.79500,0.79710,0.79290,0.79640,4497588
2025-07-25T18:15:00+00:00,0.79640,0.79670,0.78950,0.79210,8652155
2025-07-25T18:30:00+00:00,0.79210,0.79360,0.78930,0.79230,7706982
2025-07-25T18:45:00+00:00,0.79220,0.79240,0.78970,0.79100,6022697
2025-07-25T19:00:00+00:00,0.79100,0.79330,0.78920,0.79240,4561980
2025-07-25T19:15:00+00:00,0.79230,0.79400,0.79070,0.79100,3535841
2025-07-25T19:30:00+00:00,0.79110,0.79790,0.79100,0.79770,4563480
2025-07-25T19:45:00+00:00,0.79780,0.79980,0.79310,0.79330,6779462
2025-07-25T20:00:00+00:00,0.79340,0.79570,0.79300,0.79500,3820614
2025-07-25T20:15:00+00:00,0.79500,0.80360,0.79490,0.80260,9358669
2025-07-25T20:30:00+00:00,0.80260,0.80840,0.80100,0.80770,9238057
2025-07-25T20:45:00+00:00,0.80780,0.80910,0.80600,0.80750,6599104
2025-07-25T21:00:00+00:00,0.80760,0.81230,0.80750,0.81110,10307887
2025-07-25T21:15:00+00:00,0.81110,0.81860,0.81030,0.81430,14514579
2025-07-25T21:30:00+00:00,0.81420,0.81500,0.81020,0.81110,5530493
2025-07-25T21:45:00+00:00,0.81110,0.81380,0.81100,0.81370,2548610
2025-07-25T22:00:00+00:00,0.81370,0.81600,0.81220,0.81340,5851779
2025-07-25T22:15:00+00:00,0.81340,0.81430,0.81120,0.81270,5662057
2025-07-25T22:30:00+00:00,0.81280,0.81550,0.81200,0.81420,4005985
2025-07-25T22:45:00+00:00,0.81420,0.81730,0.81190,0.81640,6369225
2025-07-25T23:00:00+00:00,0.81640,0.81710,0.81290,0.81370,5413762
2025-07-25T23:15:00+00:00,0.81360,0.81560,0.81350,0.81460,2575055
2025-07-25T23:30:00+00:00,0.81460,0.81550,0.81340,0.81350,3275956
2025-07-25T23:45:00+00:00,0.81350,0.81790,0.81340,0.81570,4170043
2025-07-26T00:00:00+00:00,0.81570,0.81610,0.81190,0.81340,4763564
2025-07-26T00:15:00+00:00,0.81340,0.81810,0.81230,0.81790,5116740
2025-07-26T00:30:00+00:00,0.81790,0.81960,0.81650,0.81900,4940607
2025-07-26T00:45:00+00:00,0.81900,0.81900,0.81650,0.81820,4884634
2025-07-26T01:00:00+00:00,0.81820,0.82080,0.81630,0.82060,4161207
2025-07-26T01:15:00+00:00,0.82050,0.82080,0.81790,0.81930,3061033
2025-07-26T01:30:00+00:00,0.81920,0.82030,0.81560,0.81580,3859615
2025-07-26T01:45:00+00:00,0.81580,0.81750,0.81350,0.81410,4084971
2025-07-26T02:00:00+00:00,0.81410,0.81980,0.81410,0.81950,3865080
2025-07-26T02:15:00+00:00,0.81950,0.82310,0.81940,0.82300,5925835
2025-07-26T02:30:00+00:00,0.82300,0.82540,0.82220,0.82300,8530766
2025-07-26T02:45:00+00:00,0.82290,0.82770,0.82250,0.82620,6968638
2025-07-26T03:00:00+00:00,0.82620,0.82690,0.82040,0.82150,4951355
2025-07-26T03:15:00+00:00,0.82160,0.82320,0.82020,0.82060,4096674
2025-07-26T03:30:00+00:00,0.82060,0.82400,0.82060,0.82350,3044806
2025-07-26T03:45:00+00:00,0.82360,0.82580,0.82290,0.82460,2560406
2025-07-26T04:00:00+00:00,0.82460,0.82570,0.82300,0.82560,2881164
2025-07-26T04:15:00+00:00,0.82570,0.82590,0.82360,0.82470,1871003
2025-07-26T04:30:00+00:00,0.82480,0.82720,0.82450,0.82650,2897208
2025-07-26T04:45:00+00:00,0.82660,0.82660,0.82410,0.82420,2566167
2025-07-26T05:00:00+00:00,0.82430,0.82440,0.82120,0.82250,3854519
2025-07-26T05:15:00+00:00,0.82250,0.82430,0.82220,0.82410,2656373
2025-07-26T05:30:00+00:00,0.82420,0.82650,0.82390,0.82470,2537755
2025-07-26T05:45:00+00:00,0.82480,0.82610,0.82410,0.82520,2770218
2025-07-26T06:00:00+00:00,0.82520,0.82590,0.82310,0.82320,2927348
2025-07-26T06:15:00+00:00,0.82330,0.82500,0.82160,0.82220,3346675
2025-07-26T06:30:00+00:00,0.82230,0.82250,0.82010,0.82040,4881574
2025-07-26T06:45:00+00:00,0.82040,0.82080,0.81760,0.81840,7682501
2025-07-26T07:00:00+00:00,0.81840,0.81990,0.81780,0.81980,3851725
2025-07-26T07:15:00+00:00,0.81980,0.81990,0.81830,0.81920,2567771
2025-07-26T07:30:00+00:00,0.81920,0.81970,0.81720,0.81890,3183761
2025-07-26T07:45:00+00:00,0.81900,0.82020,0.81830,0.81860,4356305
2025-07-26T08:00:00+00:00,0.81860,0.81980,0.81840,0.81920,1545917
2025-07-26T08:15:00+00:00,0.81920,0.82400,0.81890,0.82300,4486850
2025-07-26T08:30:00+00:00,0.82300,0.82410,0.82090,0.82220,3597289
2025-07-26T08:45:00+00:00,0.82230,0.82540,0.82170,0.82330,4453715
2025-07-26T09:00:00+00:00,0.82340,0.82550,0.82240,0.82500,4705458
2025-07-26T09:15:00+00:00,0.82510,0.82550,0.82360,0.82400,2590795
2025-07-26T09:30:00+00:00,0.82410,0.82580,0.82340,0.82570,2804221
2025-07-26T09:45:00+00:00,0.82580,0.82770,0.82580,0.82670,4179893
2025-07-26T10:00:00+00:00,0.82680,0.82890,0.82500,0.82820,5834999
2025-07-26T10:15:00+00:00,0.82820,0.82940,0.82690,0.82710,3838855
2025-07-26T10:30:00+00:00,0.82700,0.82930,0.82610,0.82880,4579212
2025-07-26T10:45:00+00:00,0.82880,0.82880,0.82410,0.82470,4688937
2025-07-26T11:00:00+00:00,0.82470,0.82620,0.82340,0.82570,3717810
2025-07-26T11:15:00+00:00,0.82570,0.82610,0.82130,0.82240,4953426
2025-07-26T11:30:00+00:00,0.82240,0.82460,0.82070,0.82190,5378942
2025-07-26T11:45:00+00:00,0.82180,0.82350,0.82120,0.82330,2832232
2025-07-26T12:00:00+00:00,0.82330,0.82460,0.82080,0.82230,3563579
2025-07-26T12:15:00+00:00,0.82230,0.82620,0.82220,0.82500,4342866
2025-07-26T12:30:00+00:00,0.82490,0.82670,0.82360,0.82640,2389738
2025-07-26T12:45:00+00:00,0.82640,0.82790,0.82610,0.82710,2761502
2025-07-26T13:00:00+00:00,0.82710,0.82820,0.82500,0.82760,4202320
2025-07-26T13:15:00+00:00,0.82760,0.82770,0.82550,0.82650,2265485
2025-07-26T13:30:00+00:00,0.82650,0.83040,0.82640,0.83020,5286041
2025-07-26T13:45:00+00:00,0.83020,0.83230,0.82910,0.82920,10078150
2025-07-26T14:00:00+00:00,0.82920,0.83370,0.82690,0.83260,7831759
2025-07-26T14:15:00+00:00,0.83260,0.83450,0.82670,0.82790,11592601
2025-07-26T14:30:00+00:00,0.82800,0.82950,0.82540,0.82830,6266681
2025-07-26T14:45:00+00:00,0.82840,0.83080,0.82680,0.82750,6364778
2025-07-26T15:00:00+00:00,0.82740,0.83260,0.82640,0.82660,14480214
2025-07-26T15:15:00+00:00,0.82650,0.83050,0.82560,0.82960,11170469
2025-07-26T15:30:00+00:00,0.82960,0.83070,0.82700,0.82720,3807466
2025-07-26T15:45:00+00:00,0.82710,0.83260,0.82700,0.83260,4735500
2025-07-26T16:00:00+00:00,0.83260,0.83610,0.83040,0.83160,10301243
2025-07-26T16:15:00+00:00,0.83160,0.83860,0.83160,0.83620,9611288
2025-07-26T16:30:00+00:00,0.83630,0.83850,0.83430,0.83630,9001327
2025-07-26T16:45:00+00:00,0.83640,0.83650,0.83120,0.83430,5662724
2025-07-26T17:00:00+00:00,0.83430,0.83460,0.82860,0.82980,6303802
2025-07-26T17:15:00+00:00,0.82980,0.83160,0.82880,0.83040,3553066
2025-07-26T17:30:00+00:00,0.83030,0.83060,0.82590,0.82660,4000264
2025-07-26T17:45:00+00:00,0.82670,0.82810,0.82520,0.82670,3352841
2025-07-26T18:00:00+00:00,0.82670,0.82880,0.82550,0.82620,6185906
2025-07-26T18:15:00+00:00,0.82630,0.82660,0.82130,0.82480,10647738
2025-07-26T18:30:00+00:00,0.82490,0.82640,0.82320,0.82590,5898449
2025-07-26T18:45:00+00:00,0.82580,0.82970,0.82530,0.82780,3574605
2025-07-26T19:00:00+00:00,0.82780,0.82780,0.82470,0.82600,6222242
2025-07-26T19:15:00+00:00,0.82610,0.82970,0.82490,0.82860,3941723
2025-07-26T19:30:00+00:00,0.82870,0.82980,0.82680,0.82850,2623802
2025-07-26T19:45:00+00:00,0.82860,0.83050,0.82830,0.82900,4009712
2025-07-26T20:00:00+00:00,0.82910,0.82920,0.82520,0.82550,3709705
2025-07-26T20:15:00+00:00,0.82550,0.82630,0.82330,0.82360,4136339
2025-07-26T20:30:00+00:00,0.82370,0.82720,0.82310,0.82670,2379097
2025-07-26T20:45:00+00:00,0.82670,0.82760,0.82490,0.82520,2640072
2025-07-26T21:00:00+00:00,0.82510,0.82610,0.82330,0.82360,3445552
2025-07-26T21:15:00+00:00,0.82370,0.82520,0.82340,0.82490,1574525
2025-07-26T21:30:00+00:00,0.82490,0.82720,0.82490,0.82660,2251354
2025-07-26T21:45:00+00:00,0.82660,0.82970,0.82660,0.82880,1524091
2025-07-26T22:00:00+00:00,0.82890,0.83220,0.82770,0.83040,6763895
2025-07-26T22:15:00+00:00,0.83050,0.83250,0.82660,0.82680,7118698
2025-07-26T22:30:00+00:00,0.82690,0.82800,0.82330,0.82500,5268913
2025-07-26T22:45:00+00:00,0.82500,0.82540,0.82340,0.82370,2022870
2025-07-26T23:00:00+00:00,0.82370,0.82450,0.82160,0.82220,2936288
2025-07-26T23:15:00+00:00,0.82230,0.82470,0.82060,0.82330,4735356
2025-07-26T23:30:00+00:00,0.82330,0.82340,0.81980,0.82010,4089617
2025-07-26T23:45:00+00:00,0.82010,0.82040,0.81840,0.81970,5817586
2025-07-27T00:00:00+00:00,0.81960,0.82060,0.81760,0.82010,3974938
2025-07-27T00:15:00+00:00,0.82020,0.82250,0.81920,0.82160,3521595
2025-07-27T00:30:00+00:00,0.82160,0.82400,0.82040,0.82110,2683155
2025-07-27T00:45:00+00:00,0.82120,0.82320,0.81950,0.82320,2588868
2025-07-27T01:00:00+00:00,0.82310,0.82680,0.82070,0.82650,4142277
2025-07-27T01:15:00+00:00,0.82650,0.82870,0.82570,0.82740,3912325
2025-07-27T01:30:00+00:00,0.82740,0.82900,0.82590,0.82750,2351113
2025-07-27T01:45:00+00:00,0.82750,0.82800,0.82520,0.82540,2163519
2025-07-27T02:00:00+00:00,0.82540,0.82730,0.82340,0.82720,3349610
2025-07-27T02:15:00+00:00,0.82720,0.82900,0.82620,0.82650,2900832
2025-07-27T02:30:00+00:00,0.82650,0.82980,0.82610,0.82870,2980745
2025-07-27T02:45:00+00:00,0.82870,0.83200,0.82670,0.83000,6217636
2025-07-27T03:00:00+00:00,0.82990,0.83170,0.82580,0.82720,8978095
2025-07-27T03:15:00+00:00,0.82730,0.82900,0.82650,0.82840,2819061
2025-07-27T03:30:00+00:00,0.82850,0.83070,0.82760,0.83010,3357618
2025-07-27T03:45:00+00:00,0.83020,0.83030,0.82830,0.82840,2439171
2025-07-27T04:00:00+00:00,0.82840,0.83040,0.82590,0.82720,4477803
2025-07-27T04:15:00+00:00,0.82730,0.83100,0.82700,0.82930,2395199
2025-07-27T04:30:00+00:00,0.82930,0.83240,0.82880,0.83170,4158299
2025-07-27T04:45:00+00:00,0.83170,0.83380,0.83070,0.83310,3543356
2025-07-27T05:00:00+00:00,0.83300,0.83590,0.83190,0.83510,4240012
2025-07-27T05:15:00+00:00,0.83500,0.83870,0.83320,0.83820,7855035
2025-07-27T05:30:00+00:00,0.83810,0.83940,0.83550,0.83710,7311016
2025-07-27T05:45:00+00:00,0.83710,0.83770,0.83340,0.83450,5477583
2025-07-27T06:00:00+00:00,0.83460,0.83460,0.83050,0.83120,5074336
2025-07-27T06:15:00+00:00,0.83120,0.83310,0.82820,0.82890,4657757
2025-07-27T06:30:00+00:00,0.82890,0.83090,0.82790,0.83060,4072945
2025-07-27T06:45:00+00:00,0.83050,0.83100,0.82710,0.82790,3945111
2025-07-27T07:00:00+00:00,0.82790,0.82820,0.82480,0.82680,5577678
2025-07-27T07:15:00+00:00,0.82690,0.82870,0.82540,0.82570,3752641
2025-07-27T07:30:00+00:00,0.82580,0.82640,0.82370,0.82470,5083660
2025-07-27T07:45:00+00:00,0.82480,0.82550,0.82200,0.82350,3714804
2025-07-27T08:00:00+00:00,0.82350,0.82430,0.82140,0.82190,3300150
2025-07-27T08:15:00+00:00,0.82200,0.82270,0.81800,0.81930,9077762
2025-07-27T08:30:00+00:00,0.81920,0.82010,0.81710,0.81900,11903278
2025-07-27T08:45:00+00:00,0.81910,0.82050,0.81850,0.81970,4850504
2025-07-27T09:00:00+00:00,0.81970,0.82060,0.81780,0.81930,4344709
2025-07-27T09:15:00+00:00,0.81930,0.82020,0.81790,0.81890,7239877
2025-07-27T09:30:00+00:00,0.81890,0.82020,0.81570,0.81640,8233176
2025-07-27T09:45:00+00:00,0.81650,0.81660,0.81390,0.81560,8230559
2025-07-27T10:00:00+00:00,0.81570,0.81990,0.81530,0.81940,5045093
2025-07-27T10:15:00+00:00,0.81930,0.82230,0.81920,0.82040,5669672
2025-07-27T10:30:00+00:00,0.82040,0.82690,0.81970,0.82640,7422096
2025-07-27T10:45:00+00:00,0.82650,0.83170,0.82620,0.82900,12892031
2025-07-27T11:00:00+00:00,0.82900,0.83100,0.82660,0.82800,8075942
2025-07-27T11:15:00+00:00,0.82800,0.83090,0.82610,0.82740,4450017
2025-07-27T11:30:00+00:00,0.82750,0.82900,0.82400,0.82550,4584243
2025-07-27T11:45:00+00:00,0.82550,0.82590,0.82190,0.82320,5885396
2025-07-27T12:00:00+00:00,0.82320,0.82710,0.82110,0.82580,8033376
2025-07-27T12:15:00+00:00,0.82580,0.82700,0.82130,0.82190,5101607
2025-07-27T12:30:00+00:00,0.82190,0.82390,0.81720,0.82060,12860571
2025-07-27T12:45:00+00:00,0.82060,0.82760,0.82050,0.82670,6676901
2025-07-27T13:00:00+00:00,0.82670,0.83020,0.82540,0.82690,6758317
2025-07-27T13:15:00+00:00,0.82690,0.82810,0.82360,0.82610,4782861
2025-07-27T13:30:00+00:00,0.82620,0.82640,0.81980,0.82080,8451630
2025-07-27T13:45:00+00:00,0.82080,0.82150,0.81800,0.81860,6324292
2025-07-27T14:00:00+00:00,0.81860,0.82210,0.81810,0.82080,7233238
2025-07-27T14:15:00+00:00,0.82090,0.82370,0.81870,0.82030,4232613
2025-07-27T14:30:00+00:00,0.82030,0.82120,0.81620,0.81690,5285427
2025-07-27T14:45:00+00:00,0.81690,0.82010,0.81470,0.81850,5191085
2025-07-27T15:00:00+00:00,0.81860,0.81980,0.81500,0.81560,5117427
2025-07-27T15:15:00+00:00,0.81560,0.81990,0.81430,0.81770,5206566
2025-07-27T15:30:00+00:00,0.81770,0.81970,0.81680,0.81960,3472755
2025-07-27T15:45:00+00:00,0.81960,0.82200,0.81840,0.82160,3845094
2025-07-27T16:00:00+00:00,0.82170,0.82940,0.82160,0.82900,10441857
2025-07-27T16:15:00+00:00,0.82900,0.83200,0.82740,0.83070,12782040
2025-07-27T16:30:00+00:00,0.83060,0.83350,0.82820,0.82820,9178216
2025-07-27T16:45:00+00:00,0.82830,0.83130,0.82120,0.82470,9423258
2025-07-27T17:00:00+00:00,0.82480,0.82680,0.82140,0.82290,7601950
2025-07-27T17:15:00+00:00,0.82290,0.82550,0.81910,0.82450,7732391
2025-07-27T17:30:00+00:00,0.82450,0.82620,0.82050,0.82200,5299044
2025-07-27T17:45:00+00:00,0.82210,0.82710,0.82140,0.82660,6760090
2025-07-27T18:00:00+00:00,0.82650,0.82970,0.82560,0.82840,6499813
2025-07-27T18:15:00+00:00,0.82840,0.82970,0.82540,0.82820,4064989
2025-07-27T18:30:00+00:00,0.82810,0.82920,0.82550,0.82850,3307280
2025-07-27T18:45:00+00:00,0.82850,0.82940,0.82560,0.82780,3988413
2025-07-27T19:00:00+00:00,0.82770,0.82920,0.82590,0.82680,3757638
2025-07-27T19:15:00+00:00,0.82670,0.82670,0.82290,0.82430,2984087
2025-07-27T19:30:00+00:00,0.82440,0.82650,0.82320,0.82430,1781732
2025-07-27T19:45:00+00:00,0.82420,0.82620,0.82370,0.82470,2289149
2025-07-27T20:00:00+00:00,0.82460,0.83040,0.82450,0.82930,4992852
2025-07-27T20:15:00+00:00,0.82920,0.83070,0.82710,0.83050,2550257
2025-07-27T20:30:00+00:00,0.83040,0.83050,0.82660,0.82720,2262460
2025-07-27T20:45:00+00:00,0.82720,0.82860,0.82480,0.82680,2442446
2025-07-27T21:00:00+00:00,0.82680,0.82920,0.82540,0.82630,3929766
2025-07-27T21:15:00+00:00,0.82630,0.82900,0.82530,0.82880,2802535
2025-07-27T21:30:00+00:00,0.82880,0.83060,0.82600,0.82770,2826345
2025-07-27T21:45:00+00:00,0.82770,0.83170,0.82740,0.83160,2044242
2025-07-27T22:00:00+00:00,0.83160,0.83940,0.83100,0.83820,12153947
2025-07-27T22:15:00+00:00,0.83820,0.83890,0.83430,0.83580,6814525
2025-07-27T22:30:00+00:00,0.83570,0.83730,0.83500,0.83680,4163706
2025-07-27T22:45:00+00:00,0.83670,0.83900,0.83260,0.83360,7241621
2025-07-27T23:00:00+00:00,0.83360,0.83360,0.82620,0.82770,9874844
2025-07-27T23:15:00+00:00,0.82760,0.82990,0.82700,0.82860,4838809
2025-07-27T23:30:00+00:00,0.82860,0.82940,0.82630,0.82850,3472182
2025-07-27T23:45:00+00:00,0.82850,0.83250,0.82820,0.83170,2817437
2025-07-28T00:00:00+00:00,0.83170,0.83300,0.82820,0.83300,4553622
2025-07-28T00:15:00+00:00,0.83290,0.84120,0.83160,0.84110,13043683
2025-07-28T00:30:00+00:00,0.84100,0.84140,0.83420,0.83460,9178013
2025-07-28T00:45:00+00:00,0.83470,0.83620,0.83060,0.83170,7381320
2025-07-28T01:00:00+00:00,0.83170,0.83420,0.82840,0.82950,7669677
2025-07-28T01:15:00+00:00,0.82950,0.83300,0.82600,0.82830,9626891
2025-07-28T01:30:00+00:00,0.82820,0.82840,0.82370,0.82450,5547183
2025-07-28T01:45:00+00:00,0.82460,0.82770,0.82380,0.82750,3648079
2025-07-28T02:00:00+00:00,0.82740,0.83080,0.82470,0.83060,5660334
2025-07-28T02:15:00+00:00,0.83070,0.83660,0.83050,0.83620,5699346
2025-07-28T02:30:00+00:00,0.83620,0.84480,0.83560,0.84120,18743786
2025-07-28T02:45:00+00:00,0.84130,0.84290,0.83830,0.84090,5394682
2025-07-28T03:00:00+00:00,0.84100,0.84450,0.83830,0.83920,6251841
2025-07-28T03:15:00+00:00,0.83920,0.84150,0.83650,0.83690,5630679
2025-07-28T03:30:00+00:00,0.83680,0.84040,0.83670,0.83840,4160608
2025-07-28T03:45:00+00:00,0.83840,0.84240,0.83830,0.84190,3652797
2025-07-28T04:00:00+00:00,0.84190,0.84390,0.83890,0.83890,4572528
2025-07-28T04:15:00+00:00,0.83900,0.83980,0.83470,0.83860,7839310
2025-07-28T04:30:00+00:00,0.83860,0.84380,0.83670,0.84350,5991638
2025-07-28T04:45:00+00:00,0.84350,0.84430,0.84090,0.84270,5358939
2025-07-28T05:00:00+00:00,0.84270,0.84470,0.84070,0.84450,4458929
2025-07-28T05:15:00+00:00,0.84450,0.85210,0.84440,0.85010,14916467
2025-07-28T05:30:00+00:00,0.85000,0.85160,0.84750,0.85110,8074227
2025-07-28T05:45:00+00:00,0.85110,0.85600,0.84930,0.85240,11657977
2025-07-28T06:00:00+00:00,0.85250,0.85440,0.85010,0.85210,4980782
2025-07-28T06:15:00+00:00,0.85200,0.85230,0.84700,0.84700,8940363
2025-07-28T06:30:00+00:00,0.84690,0.84830,0.84550,0.84560,6858636
2025-07-28T06:45:00+00:00,0.84550,0.84810,0.84470,0.84670,6495928
2025-07-28T07:00:00+00:00,0.84670,0.84760,0.83520,0.83660,21200321
2025-07-28T07:15:00+00:00,0.83670,0.84180,0.83420,0.84060,12956477
2025-07-28T07:30:00+00:00,0.84060,0.84070,0.83630,0.83700,9949569
2025-07-28T07:45:00+00:00,0.83700,0.83860,0.83640,0.83800,3286870
2025-07-28T08:00:00+00:00,0.83800,0.84050,0.83430,0.83580,6913830
2025-07-28T08:15:00+00:00,0.83590,0.83940,0.83180,0.83730,11540000
2025-07-28T08:30:00+00:00,0.83740,0.83780,0.83050,0.83310,10679533
2025-07-28T08:45:00+00:00,0.83310,0.83570,0.83080,0.83510,5803970
2025-07-28T09:00:00+00:00,0.83510,0.83510,0.83150,0.83220,4325392
2025-07-28T09:15:00+00:00,0.83230,0.83570,0.83110,0.83290,5039119
2025-07-28T09:30:00+00:00,0.83300,0.83420,0.82870,0.83060,7510554
2025-07-28T09:45:00+00:00,0.83050,0.83680,0.83020,0.83560,6258037
2025-07-28T10:00:00+00:00,0.83560,0.83650,0.83350,0.83360,6299196
2025-07-28T10:15:00+00:00,0.83370,0.83840,0.83310,0.83800,4682596
2025-07-28T10:30:00+00:00,0.83800,0.83820,0.82650,0.82810,16926161
2025-07-28T10:45:00+00:00,0.82810,0.82980,0.82670,0.82920,4977715
2025-07-28T11:00:00+00:00,0.82910,0.83110,0.82630,0.82670,5207863
2025-07-28T11:15:00+00:00,0.82670,0.82700,0.82470,0.82510,6034416
2025-07-28T11:30:00+00:00,0.82510,0.82850,0.82350,0.82710,5870228
2025-07-28T11:45:00+00:00,0.82710,0.83000,0.82710,0.82960,4103558
2025-07-28T12:00:00+00:00,0.82960,0.83040,0.82570,0.82860,6044120
2025-07-28T12:15:00+00:00,0.82850,0.83300,0.82770,0.83090,5921109
2025-07-28T12:30:00+00:00,0.83090,0.83420,0.82990,0.83290,5883055
2025-07-28T12:45:00+00:00,0.83290,0.83340,0.82800,0.82930,5569605
2025-07-28T13:00:00+00:00,0.82940,0.82970,0.82130,0.82170,10220564
2025-07-28T13:15:00+00:00,0.82180,0.82540,0.81790,0.81940,17797244
2025-07-28T13:30:00+00:00,0.81930,0.82530,0.81420,0.82080,27507534
2025-07-28T13:45:00+00:00,0.82070,0.82280,0.81530,0.81860,9539026
2025-07-28T14:00:00+00:00,0.81850,0.82110,0.81470,0.81600,9356036
2025-07-28T14:15:00+00:00,0.81610,0.81720,0.80120,0.80430,50365141
2025-07-28T14:30:00+00:00,0.80440,0.80910,0.80180,0.80860,16370087
2025-07-28T14:45:00+00:00,0.80850,0.80880,0.80250,0.80440,9506570
2025-07-28T15:00:00+00:00,0.80440,0.80790,0.80370,0.80780,8337172
2025-07-28T15:15:00+00:00,0.80780,0.81080,0.80710,0.81020,9915652
2025-07-28T15:30:00+00:00,0.81010,0.81180,0.80590,0.80690,7912704
2025-07-28T15:45:00+00:00,0.80690,0.80930,0.80110,0.80540,8633326
2025-07-28T16:00:00+00:00,0.80530,0.80540,0.80100,0.80340,8776682
2025-07-28T16:15:00+00:00,0.80330,0.80760,0.80080,0.80670,7154146
2025-07-28T16:30:00+00:00,0.80670,0.80840,0.80380,0.80700,6244227
2025-07-28T16:45:00+00:00,0.80690,0.80950,0.80410,0.80430,4797790
2025-07-28T17:00:00+00:00,0.80420,0.80630,0.80220,0.80250,5069005
2025-07-28T17:15:00+00:00,0.80240,0.80610,0.79780,0.80590,15022525
2025-07-28T17:30:00+00:00,0.80590,0.80690,0.80020,0.80170,5439686
2025-07-28T17:45:00+00:00,0.80170,0.80240,0.79920,0.80010,3991772
2025-07-28T18:00:00+00:00,0.80010,0.80090,0.79160,0.79920,22637469
2025-07-28T18:15:00+00:00,0.79920,0.79940,0.79210,0.79490,10578034
2025-07-28T18:30:00+00:00,0.79500,0.79800,0.79090,0.79750,9748326
2025-07-28T18:45:00+00:00,0.79750,0.79800,0.79390,0.79610,3340121
2025-07-28T19:00:00+00:00,0.79620,0.80230,0.79600,0.80130,10264500
2025-07-28T19:15:00+00:00,0.80130,0.80220,0.79900,0.80000,3881378
2025-07-28T19:30:00+00:00,0.80000,0.80010,0.79290,0.79350,8619212
2025-07-28T19:45:00+00:00,0.79350,0.79800,0.79170,0.79760,7505061
2025-07-28T20:00:00+00:00,0.79770,0.79890,0.79270,0.79300,5918303
2025-07-28T20:15:00+00:00,0.79300,0.79470,0.78840,0.78960,9719023
2025-07-28T20:30:00+00:00,0.78950,0.79470,0.78910,0.79110,5429125
2025-07-28T20:45:00+00:00,0.79110,0.79470,0.78950,0.79210,5068494
2025-07-28T21:00:00+00:00,0.79200,0.79540,0.79090,0.79290,4196316
2025-07-28T21:15:00+00:00,0.79290,0.79430,0.78840,0.79160,4620782
2025-07-28T21:30:00+00:00,0.79150,0.79860,0.79000,0.79730,5947000
2025-07-28T21:45:00+00:00,0.79740,0.79760,0.79100,0.79340,4418351
2025-07-28T22:00:00+00:00,0.79330,0.79530,0.79070,0.79310,7530303
2025-07-28T22:15:00+00:00,0.79310,0.79440,0.78960,0.79100,5138641
2025-07-28T22:30:00+00:00,0.79100,0.79210,0.78520,0.78880,10835005
2025-07-28T22:45:00+00:00,0.78880,0.79240,0.78740,0.79150,4660246
2025-07-28T23:00:00+00:00,0.79160,0.79350,0.78880,0.79120,3972384
2025-07-28T23:15:00+00:00,0.79120,0.79510,0.79020,0.79060,4380344
2025-07-28T23:30:00+00:00,0.79060,0.79430,0.79000,0.79100,3365269
2025-07-28T23:45:00+00:00,0.79100,0.79340,0.78840,0.79270,3758827
2025-07-29T00:00:00+00:00,0.79280,0.79640,0.79040,0.79620,7148376
2025-07-29T00:15:00+00:00,0.79620,0.79980,0.79570,0.79580,11895109
2025-07-29T00:30:00+00:00,0.79590,0.79700,0.78210,0.78550,23542324
2025-07-29T00:45:00+00:00,0.78550,0.79430,0.78470,0.79390,9373765
2025-07-29T01:00:00+00:00,0.79380,0.79470,0.79040,0.79300,4237585
2025-07-29T01:15:00+00:00,0.79300,0.79650,0.79260,0.79550,3468851
2025-07-29T01:30:00+00:00,0.79550,0.79730,0.79330,0.79330,3295561
2025-07-29T01:45:00+00:00,0.79340,0.79350,0.78690,0.78740,4535871
2025-07-29T02:00:00+00:00,0.78740,0.79000,0.78560,0.78770,8225367
2025-07-29T02:15:00+00:00,0.78770,0.78780,0.77970,0.78600,11425739
2025-07-29T02:30:00+00:00,0.78610,0.78690,0.78050,0.78350,5297135
2025-07-29T02:45:00+00:00,0.78360,0.78540,0.77910,0.78230,6653698
2025-07-29T03:00:00+00:00,0.78230,0.78990,0.78150,0.78950,9108248
2025-07-29T03:15:00+00:00,0.78950,0.78950,0.78670,0.78750,3288066
2025-07-29T03:30:00+00:00,0.78740,0.79160,0.78580,0.79160,4398149
2025-07-29T03:45:00+00:00,0.79160,0.79420,0.79010,0.79300,5797249
2025-07-29T04:00:00+00:00,0.79300,0.79560,0.79250,0.79540,5413913
2025-07-29T04:15:00+00:00,0.79550,0.79550,0.79220,0.79240,2738039
2025-07-29T04:30:00+00:00,0.79230,0.79340,0.78980,0.79000,2849204
2025-07-29T04:45:00+00:00,0.79010,0.79090,0.78750,0.78810,3698927
2025-07-29T05:00:00+00:00,0.78810,0.79240,0.78800,0.79040,3272648
2025-07-29T05:15:00+00:00,0.79050,0.79270,0.78810,0.79170,1984471
2025-07-29T05:30:00+00:00,0.79170,0.79460,0.79060,0.79410,2778308
2025-07-29T05:45:00+00:00,0.79400,0.79610,0.79400,0.79590,3598745
2025-07-29T06:00:00+00:00,0.79600,0.79650,0.79400,0.79620,4055945
2025-07-29T06:15:00+00:00,0.79630,0.80050,0.79610,0.80000,7553011
2025-07-29T06:30:00+00:00,0.79990,0.80240,0.79930,0.80210,6468028
2025-07-29T06:45:00+00:00,0.80220,0.80290,0.79920,0.80070,9031828
2025-07-29T07:00:00+00:00,0.80080,0.80370,0.80070,0.80250,6276594
2025-07-29T07:15:00+00:00,0.80240,0.80450,0.80180,0.80240,5142197
2025-07-29T07:30:00+00:00,0.80250,0.80730,0.80130,0.80710,6093755
2025-07-29T07:45:00+00:00,0.80710,0.80920,0.80660,0.80780,6841720
2025-07-29T08:00:00+00:00,0.80790,0.80950,0.80420,0.80550,5794378
2025-07-29T08:15:00+00:00,0.80550,0.80760,0.80210,0.80270,4738929
2025-07-29T08:30:00+00:00,0.80280,0.80590,0.80280,0.80520,3395960
2025-07-29T08:45:00+00:00,0.80510,0.80640,0.80120,0.80280,5377263
2025-07-29T09:00:00+00:00,0.80290,0.80410,0.80010,0.80050,6422997
2025-07-29T09:15:00+00:00,0.80060,0.80390,0.79860,0.80260,5095434
2025-07-29T09:30:00+00:00,0.80270,0.80280,0.79910,0.80140,4261664
2025-07-29T09:45:00+00:00,0.80150,0.80220,0.79960,0.80130,3308086
2025-07-29T10:00:00+00:00,0.80140,0.80230,0.79470,0.79570,11220591
2025-07-29T10:15:00+00:00,0.79560,0.79780,0.79310,0.79620,8512016
2025-07-29T10:30:00+00:00,0.79620,0.79930,0.79360,0.79400,7842810
2025-07-29T10:45:00+00:00,0.79410,0.79440,0.78920,0.79040,12492831
2025-07-29T11:00:00+00:00,0.79040,0.79400,0.78960,0.79400,7744701
2025-07-29T11:15:00+00:00,0.79400,0.79590,0.79230,0.79530,4819157
2025-07-29T11:30:00+00:00,0.79520,0.79680,0.79220,0.79350,4382481
2025-07-29T11:45:00+00:00,0.79350,0.79630,0.79300,0.79570,3696502
2025-07-29T12:00:00+00:00,0.79580,0.79940,0.79490,0.79610,6593167
2025-07-29T12:15:00+00:00,0.79610,0.80220,0.79590,0.80070,6981444
2025-07-29T12:30:00+00:00,0.80070,0.80460,0.79820,0.80420,10871342
2025-07-29T12:45:00+00:00,0.80420,0.80490,0.80020,0.80090,4313468
2025-07-29T13:00:00+00:00,0.80090,0.80210,0.79760,0.79980,4491744
2025-07-29T13:15:00+00:00,0.79980,0.80370,0.79910,0.80270,4538206
2025-07-29T13:30:00+00:00,0.80270,0.80380,0.79620,0.79800,5285459
2025-07-29T13:45:00+00:00,0.79790,0.79940,0.79020,0.79210,10161343
2025-07-29T14:00:00+00:00,0.79210,0.79230,0.78110,0.78540,21203261
2025-07-29T14:15:00+00:00,0.78540,0.79000,0.78390,0.78820,11913139
2025-07-29T14:30:00+00:00,0.78820,0.78870,0.78370,0.78680,6837765
2025-07-29T14:45:00+00:00,0.78680,0.78820,0.77450,0.78010,20899626
2025-07-29T15:00:00+00:00,0.78010,0.78250,0.77550,0.77980,11968031
2025-07-29T15:15:00+00:00,0.77980,0.78160,0.77740,0.77790,8048363
2025-07-29T15:30:00+00:00,0.77780,0.78050,0.77530,0.77960,8579960
2025-07-29T15:45:00+00:00,0.77960,0.78430,0.77880,0.78070,7696792
2025-07-29T16:00:00+00:00,0.78080,0.78210,0.77470,0.77760,12865892
2025-07-29T16:15:00+00:00,0.77750,0.77850,0.77200,0.77550,8679321
2025-07-29T16:30:00+00:00,0.77550,0.77660,0.76890,0.77650,13953224
2025-07-29T16:45:00+00:00,0.77660,0.78080,0.77520,0.78050,9306464
2025-07-29T17:00:00+00:00,0.78060,0.78540,0.77940,0.78530,7419638
2025-07-29T17:15:00+00:00,0.78530,0.78670,0.78240,0.78550,7395637
2025-07-29T17:30:00+00:00,0.78560,0.78670,0.78040,0.78050,5687414
2025-07-29T17:45:00+00:00,0.78040,0.78380,0.78020,0.78210,4693301
2025-07-29T18:00:00+00:00,0.78200,0.78320,0.77730,0.77990,5032839
2025-07-29T18:15:00+00:00,0.77980,0.78160,0.77850,0.78140,2311944
2025-07-29T18:30:00+00:00,0.78130,0.78340,0.78010,0.78010,3273133
2025-07-29T18:45:00+00:00,0.78010,0.78260,0.77930,0.78160,3936597
2025-07-29T19:00:00+00:00,0.78160,0.78260,0.77940,0.78250,3811018
2025-07-29T19:15:00+00:00,0.78250,0.78550,0.77500,0.77630,13251966
2025-07-29T19:30:00+00:00,0.77630,0.77950,0.77570,0.77790,2813275
2025-07-29T19:45:00+00:00,0.77800,0.77910,0.77490,0.77660,3821733
2025-07-29T20:00:00+00:00,0.77660,0.77700,0.76990,0.77160,7982125
2025-07-29T20:15:00+00:00,0.77160,0.78070,0.76950,0.77550,11389139
2025-07-29T20:30:00+00:00,0.77540,0.77640,0.77020,0.77290,6411562
2025-07-29T20:45:00+00:00,0.77280,0.77460,0.77100,0.77460,2785731
2025-07-29T21:00:00+00:00,0.77470,0.77620,0.77100,0.77540,3113069
2025-07-29T21:15:00+00:00,0.77550,0.77580,0.77180,0.77440,2867181
2025-07-29T21:30:00+00:00,0.77440,0.77740,0.77400,0.77540,3293447
2025-07-29T21:45:00+00:00,0.77540,0.78460,0.77440,0.78200,4954691
2025-07-29T22:00:00+00:00,0.78210,0.78360,0.77620,0.77710,6991690
2025-07-29T22:15:00+00:00,0.77710,0.78080,0.77680,0.78010,2572410
2025-07-29T22:30:00+00:00,0.78000,0.78100,0.77850,0.77990,2812997
2025-07-29T22:45:00+00:00,0.78000,0.78300,0.77960,0.78230,2633563
2025-07-29T23:00:00+00:00,0.78240,0.78300,0.78070,0.78150,2420622
2025-07-29T23:15:00+00:00,0.78160,0.78320,0.78010,0.78190,2528391
2025-07-29T23:30:00+00:00,0.78190,0.78490,0.78120,0.78130,2431997
2025-07-29T23:45:00+00:00,0.78120,0.78300,0.78000,0.78240,2013563
2025-07-30T00:00:00+00:00,0.78230,0.78260,0.77940,0.78190,3883018
2025-07-30T00:15:00+00:00,0.78200,0.78270,0.77790,0.77890,2832477
2025-07-30T00:30:00+00:00,0.77880,0.78070,0.77510,0.77690,4434737
2025-07-30T00:45:00+00:00,0.77690,0.78030,0.77430,0.78000,3407879
2025-07-30T01:00:00+00:00,0.77990,0.78200,0.77840,0.78030,2192022
2025-07-30T01:15:00+00:00,0.78030,0.78050,0.77310,0.77720,4564802
2025-07-30T01:30:00+00:00,0.77730,0.78570,0.77630,0.78490,4935236
2025-07-30T01:45:00+00:00,0.78500,0.78760,0.78390,0.78480,5201168
2025-07-30T02:00:00+00:00,0.78480,0.78870,0.78290,0.78850,3796029
2025-07-30T02:15:00+00:00,0.78840,0.78940,0.78510,0.78630,4293679
2025-07-30T02:30:00+00:00,0.78640,0.78880,0.78410,0.78680,4273582
2025-07-30T02:45:00+00:00,0.78690,0.78810,0.78520,0.78600,1887764
2025-07-30T03:00:00+00:00,0.78600,0.78610,0.78330,0.78570,2921927
2025-07-30T03:15:00+00:00,0.78580,0.78640,0.78400,0.78540,1738647
2025-07-30T03:30:00+00:00,0.78550,0.78810,0.78510,0.78800,3463080
2025-07-30T03:45:00+00:00,0.78810,0.78840,0.78460,0.78480,2516275
2025-07-30T04:00:00+00:00,0.78480,0.78750,0.78460,0.78630,1794526
2025-07-30T04:15:00+00:00,0.78640,0.78670,0.78380,0.78390,1636586
2025-07-30T04:30:00+00:00,0.78390,0.78400,0.77850,0.78010,3988510
2025-07-30T04:45:00+00:00,0.78020,0.78050,0.77760,0.77920,2834716
2025-07-30T05:00:00+00:00,0.77930,0.78100,0.77510,0.77540,5423496
2025-07-30T05:15:00+00:00,0.77550,0.78220,0.77430,0.78200,4953852
2025-07-30T05:30:00+00:00,0.78200,0.78300,0.77980,0.78220,1851206
2025-07-30T05:45:00+00:00,0.78210,0.78510,0.78020,0.78320,2749987
2025-07-30T06:00:00+00:00,0.78310,0.78530,0.78290,0.78420,2444921
2025-07-30T06:15:00+00:00,0.78410,0.78530,0.78240,0.78450,2519305
2025-07-30T06:30:00+00:00,0.78440,0.78550,0.78070,0.78460,2591253
2025-07-30T06:45:00+00:00,0.78450,0.78610,0.78330,0.78510,1907051
2025-07-30T07:00:00+00:00,0.78510,0.78640,0.78120,0.78190,3436594
2025-07-30T07:15:00+00:00,0.78190,0.78270,0.77970,0.78250,3139486
2025-07-30T07:30:00+00:00,0.78260,0.78350,0.77760,0.77870,4262680
2025-07-30T07:45:00+00:00,0.77870,0.77990,0.77660,0.77860,2682419
2025-07-30T08:00:00+00:00,0.77860,0.78170,0.77610,0.77640,5169209
2025-07-30T08:15:00+00:00,0.77640,0.77920,0.77550,0.77910,4260248
2025-07-30T08:30:00+00:00,0.77900,0.78370,0.77660,0.78310,4832396
2025-07-30T08:45:00+00:00,0.78310,0.78410,0.77940,0.77950,4408988
2025-07-30T09:00:00+00:00,0.77940,0.78100,0.77540,0.77550,6766820
2025-07-30T09:15:00+00:00,0.77560,0.77670,0.77240,0.77310,6487984
2025-07-30T09:30:00+00:00,0.77310,0.77330,0.76890,0.76950,10965095
2025-07-30T09:45:00+00:00,0.76950,0.77180,0.76850,0.76860,7158354
2025-07-30T10:00:00+00:00,0.76870,0.77330,0.76850,0.77250,9219306
2025-07-30T10:15:00+00:00,0.77260,0.77540,0.77060,0.77290,5299647
2025-07-30T10:30:00+00:00,0.77290,0.77550,0.77130,0.77300,3383053
2025-07-30T10:45:00+00:00,0.77290,0.77420,0.76500,0.76670,9730366
2025-07-30T11:00:00+00:00,0.76670,0.77060,0.76570,0.76830,4615896
2025-07-30T11:15:00+00:00,0.76840,0.76880,0.75720,0.75860,27055000
2025-07-30T11:30:00+00:00,0.75870,0.76190,0.75600,0.75600,9642678
2025-07-30T11:45:00+00:00,0.75610,0.75850,0.75150,0.75620,20344061
2025-07-30T12:00:00+00:00,0.75620,0.75700,0.75310,0.75480,7159516
2025-07-30T12:15:00+00:00,0.75470,0.76330,0.75180,0.76050,17004185
2025-07-30T12:30:00+00:00,0.76060,0.76270,0.75660,0.75730,12588341
2025-07-30T12:45:00+00:00,0.75730,0.76260,0.75680,0.76020,6178893
2025-07-30T13:00:00+00:00,0.76020,0.76360,0.75770,0.75950,7957437
2025-07-30T13:15:00+00:00,0.75960,0.76270,0.75600,0.75720,8760953
2025-07-30T13:30:00+00:00,0.75720,0.76240,0.75580,0.76090,9992637
2025-07-30T13:45:00+00:00,0.76080,0.76400,0.75830,0.76170,9403299
2025-07-30T14:00:00+00:00,0.76170,0.76230,0.75840,0.76220,4179720
2025-07-30T14:15:00+00:00,0.76210,0.76770,0.76010,0.76320,16407173
2025-07-30T14:30:00+00:00,0.76330,0.76830,0.76300,0.76760,6705534
2025-07-30T14:45:00+00:00,0.76750,0.77710,0.76630,0.77640,16861613
2025-07-30T15:00:00+00:00,0.77640,0.77720,0.77000,0.77010,9158052
2025-07-30T15:15:00+00:00,0.77010,0.77330,0.76840,0.77070,7095828
2025-07-30T15:30:00+00:00,0.77060,0.77500,0.76900,0.77390,5310931
2025-07-30T15:45:00+00:00,0.77380,0.77590,0.77080,0.77310,6366332
2025-07-30T16:00:00+00:00,0.77310,0.77480,0.77050,0.77430,4054872
2025-07-30T16:15:00+00:00,0.77440,0.77880,0.77320,0.77380,10426952
2025-07-30T16:30:00+00:00,0.77380,0.77490,0.77100,0.77260,6340528
2025-07-30T16:45:00+00:00,0.77270,0.77340,0.77050,0.77320,2218746
2025-07-30T17:00:00+00:00,0.77330,0.77560,0.77190,0.77340,4392016
2025-07-30T17:15:00+00:00,0.77340,0.77680,0.77230,0.77420,3675361
2025-07-30T17:30:00+00:00,0.77420,0.77580,0.77390,0.77510,2640273
2025-07-30T17:45:00+00:00,0.77500,0.77510,0.77120,0.77470,3219628
2025-07-30T18:00:00+00:00,0.77480,0.77850,0.76740,0.77160,12860228
2025-07-30T18:15:00+00:00,0.77170,0.77490,0.76960,0.77270,5782688
2025-07-30T18:30:00+00:00,0.77280,0.77400,0.76640,0.76940,9926972
2025-07-30T18:45:00+00:00,0.76950,0.77000,0.75520,0.75570,19485746
2025-07-30T19:00:00+00:00,0.75570,0.75570,0.72850,0.74570,83623885
2025-07-30T19:15:00+00:00,0.74570,0.75000,0.74440,0.74970,20323229
2025-07-30T19:30:00+00:00,0.74970,0.75640,0.74790,0.75570,11865243
2025-07-30T19:45:00+00:00,0.75580,0.76270,0.75490,0.75980,12797428
2025-07-30T20:00:00+00:00,0.75970,0.76610,0.75950,0.76570,10477802
2025-07-30T20:15:00+00:00,0.76570,0.76720,0.76220,0.76230,12160276
2025-07-30T20:30:00+00:00,0.76240,0.76390,0.75800,0.76050,7631818
2025-07-30T20:45:00+00:00,0.76050,0.76070,0.75770,0.75900,3522074
2025-07-30T21:00:00+00:00,0.75900,0.76210,0.75890,0.75940,3624101
2025-07-30T21:15:00+00:00,0.75950,0.76090,0.75480,0.75490,5006962
2025-07-30T21:30:00+00:00,0.75480,0.75690,0.75110,0.75280,6839462
2025-07-30T21:45:00+00:00,0.75280,0.75920,0.75280,0.75820,2733584
2025-07-30T22:00:00+00:00,0.75810,0.76060,0.75610,0.75780,4963633
2025-07-30T22:15:00+00:00,0.75790,0.75860,0.75350,0.75390,3296009
2025-07-30T22:30:00+00:00,0.75400,0.75540,0.75230,0.75430,3135363
2025-07-30T22:45:00+00:00,0.75430,0.75600,0.75250,0.75530,2259738
2025-07-30T23:00:00+00:00,0.75530,0.75960,0.75510,0.75920,5442600
2025-07-30T23:15:00+00:00,0.75910,0.76130,0.75870,0.76110,3304474
2025-07-30T23:30:00+00:00,0.76100,0.76460,0.76100,0.76360,4787262
2025-07-30T23:45:00+00:00,0.76350,0.76460,0.76230,0.76290,3073110
2025-07-31T00:00:00+00:00,0.76290,0.76380,0.76160,0.76330,3962856
2025-07-31T00:15:00+00:00,0.76330,0.76780,0.76290,0.76770,4523253
2025-07-31T00:30:00+00:00,0.76760,0.77170,0.76650,0.77130,6597276
2025-07-31T00:45:00+00:00,0.77120,0.77310,0.76900,0.77220,5499039
2025-07-31T01:00:00+00:00,0.77230,0.77240,0.76950,0.77150,3266771
2025-07-31T01:15:00+00:00,0.77160,0.77390,0.76850,0.77370,5657405
2025-07-31T01:30:00+00:00,0.77380,0.77550,0.77200,0.77320,8315716
2025-07-31T01:45:00+00:00,0.77320,0.77370,0.77140,0.77280,2537904
2025-07-31T02:00:00+00:00,0.77290,0.77350,0.77120,0.77240,2176216
2025-07-31T02:15:00+00:00,0.77240,0.77320,0.77120,0.77270,1646845
2025-07-31T02:30:00+00:00,0.77270,0.77670,0.77200,0.77650,3496477
2025-07-31T02:45:00+00:00,0.77660,0.77690,0.77450,0.77590,2515008
2025-07-31T03:00:00+00:00,0.77580,0.77680,0.77470,0.77600,2858093
2025-07-31T03:15:00+00:00,0.77610,0.77690,0.77570,0.77670,1945285
2025-07-31T03:30:00+00:00,0.77660,0.77970,0.77620,0.77950,3249086
2025-07-31T03:45:00+00:00,0.77960,0.78150,0.77820,0.77920,6976764
2025-07-31T04:00:00+00:00,0.77920,0.78090,0.77750,0.78000,4701534
2025-07-31T04:15:00+00:00,0.78000,0.78020,0.77760,0.77790,2378814
2025-07-31T04:30:00+00:00,0.77780,0.78220,0.77730,0.78070,4234358
2025-07-31T04:45:00+00:00,0.78070,0.78210,0.78020,0.78120,2584237
2025-07-31T05:00:00+00:00,0.78120,0.78190,0.78010,0.78070,1897304
2025-07-31T05:15:00+00:00,0.78070,0.78340,0.78070,0.78330,2350739
2025-07-31T05:30:00+00:00,0.78320,0.78370,0.78120,0.78220,2307844
2025-07-31T05:45:00+00:00,0.78230,0.78250,0.78000,0.78130,3526151
2025-07-31T06:00:00+00:00,0.78130,0.78170,0.77850,0.77880,4181128
2025-07-31T06:15:00+00:00,0.77880,0.78160,0.77870,0.78030,3374933
2025-07-31T06:30:00+00:00,0.78020,0.78200,0.77840,0.78150,2172799
2025-07-31T06:45:00+00:00,0.78150,0.78390,0.78130,0.78260,4370700
2025-07-31T07:00:00+00:00,0.78260,0.78320,0.77960,0.78070,3022178
2025-07-31T07:15:00+00:00,0.78070,0.78290,0.78050,0.78150,3717043
2025-07-31T07:30:00+00:00,0.78150,0.78180,0.78030,0.78140,3254164
2025-07-31T07:45:00+00:00,0.78140,0.78240,0.78090,0.78170,1533506
2025-07-31T08:00:00+00:00,0.78170,0.78360,0.78110,0.78350,3110258
2025-07-31T08:15:00+00:00,0.78340,0.78540,0.78280,0.78410,3432139
2025-07-31T08:30:00+00:00,0.78400,0.78690,0.78310,0.78670,3613090
2025-07-31T08:45:00+00:00,0.78670,0.78820,0.78570,0.78610,5310697
2025-07-31T09:00:00+00:00,0.78620,0.78650,0.78420,0.78490,3318379
2025-07-31T09:15:00+00:00,0.78500,0.78680,0.78470,0.78600,1945446
2025-07-31T09:30:00+00:00,0.78590,0.78620,0.78470,0.78570,1985040
2025-07-31T09:45:00+00:00,0.78570,0.78960,0.78470,0.78700,8062865
2025-07-31T10:00:00+00:00,0.78700,0.78760,0.78380,0.78430,4197941
2025-07-31T10:15:00+00:00,0.78430,0.78490,0.78330,0.78350,2237971
2025-07-31T10:30:00+00:00,0.78350,0.78640,0.78330,0.78630,3156631
2025-07-31T10:45:00+00:00,0.78640,0.78680,0.78350,0.78390,3557335
2025-07-31T11:00:00+00:00,0.78390,0.78490,0.78010,0.78230,7468374
2025-07-31T11:15:00+00:00,0.78230,0.78230,0.77800,0.77870,5568790
2025-07-31T11:30:00+00:00,0.77870,0.78140,0.77730,0.77750,5309326
2025-07-31T11:45:00+00:00,0.77750,0.77850,0.77510,0.77820,7215001
2025-07-31T12:00:00+00:00,0.77830,0.77920,0.77610,0.77630,4005745
2025-07-31T12:15:00+00:00,0.77630,0.77740,0.77300,0.77600,5630401
2025-07-31T12:30:00+00:00,0.77610,0.77630,0.77100,0.77130,6083398
2025-07-31T12:45:00+00:00,0.77130,0.77430,0.76940,0.77340,6703602
2025-07-31T13:00:00+00:00,0.77350,0.77350,0.76460,0.76530,12956272
2025-07-31T13:15:00+00:00,0.76530,0.76780,0.76120,0.76420,13318459
2025-07-31T13:30:00+00:00,0.76430,0.76600,0.75960,0.76260,14066818
2025-07-31T13:45:00+00:00,0.76260,0.76850,0.76190,0.76580,10829640
2025-07-31T14:00:00+00:00,0.76590,0.76880,0.76120,0.76330,9578441
2025-07-31T14:15:00+00:00,0.76330,0.76330,0.75570,0.75700,17084657
2025-07-31T14:30:00+00:00,0.75700,0.76170,0.75550,0.75670,8326761
2025-07-31T14:45:00+00:00,0.75670,0.76060,0.75490,0.75500,6085557
2025-07-31T15:00:00+00:00,0.75510,0.75790,0.75210,0.75590,12346135
2025-07-31T15:15:00+00:00,0.75600,0.75990,0.75530,0.75890,6894409
2025-07-31T15:30:00+00:00,0.75890,0.76200,0.75870,0.76130,6617281
2025-07-31T15:45:00+00:00,0.76130,0.76270,0.75780,0.76120,5465951
2025-07-31T16:00:00+00:00,0.76120,0.76440,0.76000,0.76360,6106293
2025-07-31T16:15:00+00:00,0.76360,0.76750,0.76300,0.76670,6152758
2025-07-31T16:30:00+00:00,0.76670,0.77530,0.76670,0.77270,11772858
2025-07-31T16:45:00+00:00,0.77280,0.77350,0.76680,0.76880,7950458
2025-07-31T17:00:00+00:00,0.76880,0.76910,0.76240,0.76330,9583364
2025-07-31T17:15:00+00:00,0.76340,0.76510,0.75690,0.75950,9129042
2025-07-31T17:30:00+00:00,0.75950,0.76320,0.75870,0.76110,4778030
2025-07-31T17:45:00+00:00,0.76120,0.76270,0.75540,0.75690,5973187
2025-07-31T18:00:00+00:00,0.75690,0.75800,0.75050,0.75290,10828503
2025-07-31T18:15:00+00:00,0.75290,0.75910,0.75060,0.75870,6466488
2025-07-31T18:30:00+00:00,0.75860,0.76120,0.75790,0.75960,5444660
2025-07-31T18:45:00+00:00,0.75970,0.76130,0.75550,0.75740,5083191
2025-07-31T19:00:00+00:00,0.75730,0.75920,0.75210,0.75250,9576596
2025-07-31T19:15:00+00:00,0.75240,0.75520,0.75160,0.75330,6351277
2025-07-31T19:30:00+00:00,0.75330,0.75420,0.75100,0.75290,5654595
2025-07-31T19:45:00+00:00,0.75290,0.75440,0.74890,0.75110,10805919
2025-07-31T20:00:00+00:00,0.75110,0.75250,0.74550,0.74920,16180022
2025-07-31T20:15:00+00:00,0.74920,0.75360,0.74750,0.75120,9201627
2025-07-31T20:30:00+00:00,0.75130,0.75320,0.74720,0.74920,8612538
2025-07-31T20:45:00+00:00,0.74920,0.75100,0.74760,0.74940,4552317
2025-07-31T21:00:00+00:00,0.74940,0.75250,0.74850,0.74900,4292084
2025-07-31T21:15:00+00:00,0.74910,0.75200,0.74760,0.75170,3956575
2025-07-31T21:30:00+00:00,0.75180,0.75460,0.75070,0.75070,7519817
2025-07-31T21:45:00+00:00,0.75070,0.75110,0.74160,0.74930,10701370
2025-07-31T22:00:00+00:00,0.74930,0.74930,0.74180,0.74450,8925605
2025-07-31T22:15:00+00:00,0.74450,0.74720,0.74290,0.74510,5484530
2025-07-31T22:30:00+00:00,0.74520,0.74540,0.73890,0.74130,8859772
2025-07-31T22:45:00+00:00,0.74140,0.74280,0.73890,0.74150,4318075
2025-07-31T23:00:00+00:00,0.74150,0.74680,0.74080,0.74570,6018086
2025-07-31T23:15:00+00:00,0.74580,0.74580,0.74140,0.74180,3171579
2025-07-31T23:30:00+00:00,0.74190,0.74210,0.73520,0.73930,10972045
2025-07-31T23:45:00+00:00,0.73920,0.74060,0.73700,0.73860,4128331
2025-08-01T00:00:00+00:00,0.73860,0.73970,0.73080,0.73180,15490934
2025-08-01T00:15:00+00:00,0.73180,0.74080,0.73160,0.73530,11965696
2025-08-01T00:30:00+00:00,0.73530,0.73610,0.72820,0.72940,13629908
2025-08-01T00:45:00+00:00,0.72940,0.73370,0.71670,0.73260,54461145
2025-08-01T01:00:00+00:00,0.73260,0.73480,0.72190,0.72300,20692485
2025-08-01T01:15:00+00:00,0.72300,0.73120,0.72100,0.72860,17592455
2025-08-01T01:30:00+00:00,0.72860,0.73380,0.72520,0.73040,10621797
2025-08-01T01:45:00+00:00,0.73040,0.73200,0.72600,0.73000,7297320
2025-08-01T02:00:00+00:00,0.72990,0.73580,0.72770,0.73540,9620892
2025-08-01T02:15:00+00:00,0.73540,0.73770,0.73340,0.73390,9775918
2025-08-01T02:30:00+00:00,0.73400,0.73860,0.73290,0.73620,6068211
2025-08-01T02:45:00+00:00,0.73630,0.73900,0.73560,0.73760,4031109
2025-08-01T03:00:00+00:00,0.73760,0.73820,0.73440,0.73460,3090203
2025-08-01T03:15:00+00:00,0.73460,0.73990,0.73420,0.73890,4073975
2025-08-01T03:30:00+00:00,0.73910,0.73940,0.73640,0.73700,3950043
2025-08-01T03:45:00+00:00,0.73690,0.73770,0.73360,0.73440,4594621
2025-08-01T04:00:00+00:00,0.73430,0.73430,0.72910,0.73140,6857734
2025-08-01T04:15:00+00:00,0.73130,0.73170,0.72800,0.72950,5488429
2025-08-01T04:30:00+00:00,0.72940,0.73230,0.72790,0.73030,4086872
2025-08-01T04:45:00+00:00,0.73020,0.73060,0.72800,0.72860,2540014
2025-08-01T05:00:00+00:00,0.72870,0.73170,0.72770,0.73120,4197230
2025-08-01T05:15:00+00:00,0.73110,0.73130,0.72510,0.72690,6383359
2025-08-01T05:30:00+00:00,0.72680,0.73010,0.72270,0.72520,8373420
2025-08-01T05:45:00+00:00,0.72520,0.72630,0.72190,0.72490,5853869
2025-08-01T06:00:00+00:00,0.72490,0.72540,0.71820,0.72190,14322957
2025-08-01T06:15:00+00:00,0.72190,0.72380,0.71870,0.71980,9862450
2025-08-01T06:30:00+00:00,0.71980,0.72250,0.71760,0.71870,7500060
2025-08-01T06:45:00+00:00,0.71860,0.72630,0.71800,0.72580,7671775
2025-08-01T07:00:00+00:00,0.72580,0.72820,0.72300,0.72530,7368416
2025-08-01T07:15:00+00:00,0.72530,0.72760,0.72250,0.72300,7455276
2025-08-01T07:30:00+00:00,0.72300,0.72540,0.72130,0.72480,6130281
2025-08-01T07:45:00+00:00,0.72480,0.72500,0.72080,0.72430,4703743
2025-08-01T08:00:00+00:00,0.72420,0.72420,0.70930,0.71520,29716535
2025-08-01T08:15:00+00:00,0.71510,0.71990,0.71260,0.71510,13595874
2025-08-01T08:30:00+00:00,0.71520,0.72170,0.71070,0.72000,14451448
2025-08-01T08:45:00+00:00,0.71990,0.72310,0.71750,0.71760,5334648
2025-08-01T09:00:00+00:00,0.71750,0.72610,0.71680,0.72110,13509179
2025-08-01T09:15:00+00:00,0.72110,0.72540,0.72000,0.72390,7221288
2025-08-01T09:30:00+00:00,0.72390,0.72430,0.72100,0.72350,4951957
2025-08-01T09:45:00+00:00,0.72350,0.72350,0.71790,0.71830,4477744
2025-08-01T10:00:00+00:00,0.71830,0.72220,0.71730,0.72210,4962870
2025-08-01T10:15:00+00:00,0.72200,0.72310,0.71950,0.72030,3753426
2025-08-01T10:30:00+00:00,0.72040,0.72350,0.71930,0.72300,5042239
2025-08-01T10:45:00+00:00,0.72300,0.72380,0.72010,0.72250,4230688
2025-08-01T11:00:00+00:00,0.72250,0.72300,0.71900,0.72170,4453521
2025-08-01T11:15:00+00:00,0.72160,0.72250,0.71900,0.72060,4410199
2025-08-01T11:30:00+00:00,0.72060,0.72480,0.71980,0.72410,3736957
2025-08-01T11:45:00+00:00,0.72400,0.72750,0.72370,0.72670,6943201
2025-08-01T12:00:00+00:00,0.72660,0.73100,0.72520,0.72800,13698437
2025-08-01T12:15:00+00:00,0.72810,0.72820,0.72390,0.72630,5336882
2025-08-01T12:30:00+00:00,0.72630,0.73380,0.72320,0.73070,17557407
2025-08-01T12:45:00+00:00,0.73060,0.73070,0.72490,0.72750,7230553
2025-08-01T13:00:00+00:00,0.72750,0.73100,0.72680,0.72950,5265527
2025-08-01T13:15:00+00:00,0.72960,0.73140,0.72590,0.72690,6139592
2025-08-01T13:30:00+00:00,0.72700,0.72780,0.71990,0.71990,12346358
2025-08-01T13:45:00+00:00,0.72000,0.72070,0.70820,0.71370,34123138
2025-08-01T14:00:00+00:00,0.71380,0.72450,0.70860,0.72250,22582265
2025-08-01T14:15:00+00:00,0.72240,0.73340,0.72160,0.73270,21389013
2025-08-01T14:30:00+00:00,0.73270,0.73610,0.73000,0.73160,25194558
2025-08-01T14:45:00+00:00,0.73170,0.73790,0.73170,0.73510,9532250
2025-08-01T15:00:00+00:00,0.73520,0.73640,0.72840,0.73100,11403945
2025-08-01T15:15:00+00:00,0.73100,0.73230,0.72470,0.72930,12908125
2025-08-01T15:30:00+00:00,0.72940,0.73550,0.72720,0.73500,9290291
2025-08-01T15:45:00+00:00,0.73500,0.73570,0.73160,0.73280,5083508
2025-08-01T16:00:00+00:00,0.73270,0.73670,0.73080,0.73560,6016373
2025-08-01T16:15:00+00:00,0.73550,0.73780,0.73370,0.73630,4997160
2025-08-01T16:30:00+00:00,0.73630,0.73630,0.72780,0.73250,10554804
2025-08-01T16:45:00+00:00,0.73250,0.73330,0.72240,0.72460,8771392
2025-08-01T17:00:00+00:00,0.72450,0.72510,0.71760,0.72030,13891761
2025-08-01T17:15:00+00:00,0.72030,0.72450,0.72010,0.72420,7845235
2025-08-01T17:30:00+00:00,0.72410,0.72920,0.71880,0.72220,10755529
2025-08-01T17:45:00+00:00,0.72220,0.72340,0.72030,0.72240,4694296
2025-08-01T18:00:00+00:00,0.72230,0.72440,0.71760,0.72290,8995420
2025-08-01T18:15:00+00:00,0.72280,0.72910,0.71590,0.72620,13606084
2025-08-01T18:30:00+00:00,0.72620,0.73000,0.72560,0.72720,6123665
2025-08-01T18:45:00+00:00,0.72720,0.72940,0.72220,0.72510,6896339
2025-08-01T19:00:00+00:00,0.72500,0.72860,0.72370,0.72690,5570332
2025-08-01T19:15:00+00:00,0.72690,0.72880,0.72320,0.72740,7924768
2025-08-01T19:30:00+00:00,0.72740,0.73370,0.72560,0.72910,10596402
2025-08-01T19:45:00+00:00,0.72910,0.73350,0.72900,0.73100,7234411
2025-08-01T20:00:00+00:00,0.73100,0.73330,0.72000,0.72100,15678048
2025-08-01T20:15:00+00:00,0.72100,0.72390,0.71710,0.72190,11069751
2025-08-01T20:30:00+00:00,0.72190,0.72230,0.71200,0.71750,11754004
2025-08-01T20:45:00+00:00,0.71740,0.72580,0.71530,0.72430,10281778
2025-08-01T21:00:00+00:00,0.72420,0.72840,0.72200,0.72750,10198313
2025-08-01T21:15:00+00:00,0.72760,0.72850,0.72450,0.72740,5291071
2025-08-01T21:30:00+00:00,0.72750,0.72960,0.72640,0.72700,5003057
2025-08-01T21:45:00+00:00,0.72710,0.72750,0.72250,0.72320,2503644
2025-08-01T22:00:00+00:00,0.72330,0.72370,0.71140,0.71410,13933758
2025-08-01T22:15:00+00:00,0.71410,0.71660,0.70070,0.70430,26928385
2025-08-01T22:30:00+00:00,0.70430,0.70650,0.69390,0.70370,34040634
2025-08-01T22:45:00+00:00,0.70370,0.70750,0.70000,0.70420,12510563
2025-08-01T23:00:00+00:00,0.70430,0.71140,0.70160,0.71040,11279966
2025-08-01T23:15:00+00:00,0.71030,0.71450,0.70950,0.71320,9024220
2025-08-01T23:30:00+00:00,0.71330,0.71520,0.71040,0.71510,7333421
2025-08-01T23:45:00+00:00,0.71510,0.71670,0.71310,0.71390,6793677
2025-08-02T00:00:00+00:00,0.71380,0.71620,0.71080,0.71140,11225931
2025-08-02T00:15:00+00:00,0.71140,0.71680,0.71110,0.71570,7298137
2025-08-02T00:30:00+00:00,0.71570,0.71740,0.71350,0.71540,7469639
2025-08-02T00:45:00+00:00,0.71540,0.71980,0.71520,0.71980,9237036
2025-08-02T01:00:00+00:00,0.71970,0.72080,0.71780,0.71980,3680931
2025-08-02T01:15:00+00:00,0.71970,0.72150,0.71530,0.71720,2498291
2025-08-02T01:30:00+00:00,0.71730,0.71990,0.71560,0.71950,2173241
2025-08-02T01:45:00+00:00,0.71960,0.72220,0.71850,0.72160,2025596
2025-08-02T02:00:00+00:00,0.72150,0.72320,0.72110,0.72180,2249326
2025-08-02T02:15:00+00:00,0.72180,0.72180,0.72010,0.72120,1325031
2025-08-02T02:30:00+00:00,0.72110,0.72250,0.72090,0.72240,1207966
2025-08-02T02:45:00+00:00,0.72230,0.72280,0.72130,0.72200,2359856
2025-08-02T03:00:00+00:00,0.72200,0.72390,0.72200,0.72270,2563725
2025-08-02T03:15:00+00:00,0.72260,0.72290,0.72090,0.72220,1905039
2025-08-02T03:30:00+00:00,0.72210,0.72290,0.72130,0.72160,1087847
2025-08-02T03:45:00+00:00,0.72150,0.72150,0.71940,0.72100,2643866
2025-08-02T04:00:00+00:00,0.72110,0.72190,0.72020,0.72070,2342354
2025-08-02T04:15:00+00:00,0.72070,0.72340,0.71930,0.72320,2865553
2025-08-02T04:30:00+00:00,0.72320,0.72640,0.72290,0.72550,3500993
2025-08-02T04:45:00+00:00,0.72540,0.72750,0.72480,0.72690,4263249
2025-08-02T05:00:00+00:00,0.72680,0.72700,0.72420,0.72480,4025885
2025-08-02T05:15:00+00:00,0.72480,0.72740,0.72420,0.72680,2981211
2025-08-02T05:30:00+00:00,0.72690,0.72720,0.72440,0.72480,2630386
2025-08-02T05:45:00+00:00,0.72480,0.72480,0.72360,0.72400,2178744
2025-08-02T06:00:00+00:00,0.72400,0.72460,0.72190,0.72200,3587290
2025-08-02T06:15:00+00:00,0.72190,0.72200,0.71230,0.71270,8526981
2025-08-02T06:30:00+00:00,0.71270,0.71350,0.70580,0.70850,10781399
2025-08-02T06:45:00+00:00,0.70850,0.71260,0.70830,0.71090,6683585
2025-08-02T07:00:00+00:00,0.71090,0.71280,0.70510,0.70880,6848826
2025-08-02T07:15:00+00:00,0.70880,0.71690,0.70860,0.71590,6738837
2025-08-02T07:30:00+00:00,0.71580,0.71920,0.71380,0.71850,4737202
2025-08-02T07:45:00+00:00,0.71850,0.72290,0.71830,0.72250,6923566
2025-08-02T08:00:00+00:00,0.72260,0.72340,0.72120,0.72220,4743678
2025-08-02T08:15:00+00:00,0.72220,0.72380,0.71820,0.71820,3937782
2025-08-02T08:30:00+00:00,0.71820,0.71860,0.71460,0.71590,6054624
2025-08-02T08:45:00+00:00,0.71600,0.71720,0.71270,0.71370,4649151
2025-08-02T09:00:00+00:00,0.71360,0.71770,0.71330,0.71620,2958404
2025-08-02T09:15:00+00:00,0.71620,0.71750,0.71260,0.71390,3538663
2025-08-02T09:30:00+00:00,0.71400,0.71470,0.71150,0.71180,4318331
2025-08-02T09:45:00+00:00,0.71170,0.71540,0.71170,0.71480,2618122
2025-08-02T10:00:00+00:00,0.71470,0.71550,0.70960,0.71010,4409539
2025-08-02T10:15:00+00:00,0.71010,0.71200,0.70690,0.71070,8562727
2025-08-02T10:30:00+00:00,0.71060,0.71170,0.70600,0.70750,5935480
2025-08-02T10:45:00+00:00,0.70760,0.71100,0.70650,0.71070,3544421
2025-08-02T11:00:00+00:00,0.71080,0.71290,0.70680,0.70790,4353495
2025-08-02T11:15:00+00:00,0.70800,0.71870,0.70760,0.71810,7577031
2025-08-02T11:30:00+00:00,0.71810,0.71820,0.71430,0.71580,5264227
2025-08-02T11:45:00+00:00,0.71570,0.71780,0.71370,0.71450,3058875
2025-08-02T12:00:00+00:00,0.71440,0.71490,0.71210,0.71280,3130370
2025-08-02T12:15:00+00:00,0.71270,0.71370,0.71020,0.71150,2979789
2025-08-02T12:30:00+00:00,0.71150,0.71330,0.70940,0.70970,3355869
2025-08-02T12:45:00+00:00,0.70980,0.71510,0.70850,0.71410,12809729
2025-08-02T13:00:00+00:00,0.71410,0.71500,0.70900,0.70980,14438188
2025-08-02T13:15:00+00:00,0.70980,0.71280,0.70950,0.71040,3395358
2025-08-02T13:30:00+00:00,0.71040,0.71420,0.70810,0.71330,4411257
2025-08-02T13:45:00+00:00,0.71330,0.71700,0.71280,0.71500,5662555
2025-08-02T14:00:00+00:00,0.71510,0.71610,0.71070,0.71070,4223299
2025-08-02T14:15:00+00:00,0.71080,0.71080,0.70670,0.70860,5850234
2025-08-02T14:30:00+00:00,0.70860,0.70860,0.70090,0.70250,16662065
2025-08-02T14:45:00+00:00,0.70260,0.70470,0.69950,0.70280,10295203
2025-08-02T15:00:00+00:00,0.70280,0.70630,0.70260,0.70500,6739633
2025-08-02T15:15:00+00:00,0.70500,0.70850,0.70400,0.70410,4693555
2025-08-02T15:30:00+00:00,0.70420,0.70440,0.69830,0.70080,9722235
2025-08-02T15:45:00+00:00,0.70090,0.70140,0.69610,0.69870,14464983
2025-08-02T16:00:00+00:00,0.69860,0.70070,0.69640,0.69810,9847351
2025-08-02T16:15:00+00:00,0.69810,0.70020,0.69530,0.69710,5625914
2025-08-02T16:30:00+00:00,0.69710,0.70330,0.69110,0.70230,16549377
2025-08-02T16:45:00+00:00,0.70230,0.70500,0.69790,0.70110,10472368
2025-08-02T17:00:00+00:00,0.70100,0.70560,0.69980,0.70470,7438315
2025-08-02T17:15:00+00:00,0.70470,0.70590,0.70250,0.70480,4608914
2025-08-02T17:30:00+00:00,0.70490,0.70530,0.69850,0.69850,6014287
2025-08-02T17:45:00+00:00,0.69860,0.69910,0.68980,0.69290,16459014
2025-08-02T18:00:00+00:00,0.69290,0.69670,0.69100,0.69100,9444757
2025-08-02T18:15:00+00:00,0.69100,0.69510,0.68660,0.68920,20688105
2025-08-02T18:30:00+00:00,0.68930,0.69180,0.68670,0.68910,13874150
2025-08-02T18:45:00+00:00,0.68900,0.69000,0.68380,0.68800,14642658
2025-08-02T19:00:00+00:00,0.68800,0.69210,0.68550,0.69170,8469093
2025-08-02T19:15:00+00:00,0.69170,0.69860,0.69160,0.69810,9301126
2025-08-02T19:30:00+00:00,0.69820,0.70080,0.69630,0.69880,8270337
2025-08-02T19:45:00+00:00,0.69880,0.69910,0.69300,0.69380,6358817
2025-08-02T20:00:00+00:00,0.69380,0.69850,0.69350,0.69800,4997060
2025-08-02T20:15:00+00:00,0.69800,0.70120,0.69550,0.69940,5804103
2025-08-02T20:30:00+00:00,0.69940,0.70020,0.69580,0.69680,3568313
2025-08-02T20:45:00+00:00,0.69690,0.70060,0.69530,0.70050,3449950
2025-08-02T21:00:00+00:00,0.70050,0.70430,0.69680,0.69720,8632704
2025-08-02T21:15:00+00:00,0.69730,0.69940,0.69680,0.69730,3023831
2025-08-02T21:30:00+00:00,0.69740,0.70230,0.69740,0.70040,3216824
2025-08-02T21:45:00+00:00,0.70050,0.70400,0.70020,0.70070,2502561
2025-08-02T22:00:00+00:00,0.70070,0.70490,0.70060,0.70170,3706569
2025-08-02T22:15:00+00:00,0.70180,0.70190,0.69570,0.69690,6352844
2025-08-02T22:30:00+00:00,0.69690,0.70260,0.69650,0.70250,2383433
2025-08-02T22:45:00+00:00,0.70250,0.70450,0.70190,0.70210,3702260
2025-08-02T23:00:00+00:00,0.70220,0.70310,0.69590,0.69680,4801148
2025-08-02T23:15:00+00:00,0.69680,0.69900,0.69160,0.69170,9022941
2025-08-02T23:30:00+00:00,0.69180,0.70110,0.69170,0.69830,8650081
2025-08-02T23:45:00+00:00,0.69840,0.70050,0.69570,0.69700,3880845
2025-08-03T00:00:00+00:00,0.69710,0.70100,0.69600,0.69800,7689382
2025-08-03T00:15:00+00:00,0.69810,0.70080,0.69040,0.69210,8195196
2025-08-03T00:30:00+00:00,0.69210,0.69960,0.68630,0.69890,14326340
2025-08-03T00:45:00+00:00,0.69890,0.70430,0.69770,0.70290,12075158
2025-08-03T01:00:00+00:00,0.70280,0.70470,0.70000,0.70280,7294624
2025-08-03T01:15:00+00:00,0.70270,0.70570,0.69990,0.70550,5789370
2025-08-03T01:30:00+00:00,0.70550,0.70680,0.70370,0.70600,4770200
2025-08-03T01:45:00+00:00,0.70600,0.70620,0.70260,0.70400,3219717
2025-08-03T02:00:00+00:00,0.70390,0.70910,0.70390,0.70840,6000139
2025-08-03T02:15:00+00:00,0.70840,0.70930,0.70720,0.70730,3360523
2025-08-03T02:30:00+00:00,0.70730,0.71200,0.70710,0.71160,11370365
2025-08-03T02:45:00+00:00,0.71170,0.71330,0.71100,0.71250,6943761
2025-08-03T03:00:00+00:00,0.71260,0.71380,0.71130,0.71140,4317685
2025-08-03T03:15:00+00:00,0.71140,0.71460,0.71100,0.71430,5203129
2025-08-03T03:30:00+00:00,0.71420,0.71740,0.71320,0.71720,7018553
2025-08-03T03:45:00+00:00,0.71720,0.71750,0.71550,0.71550,4286768
2025-08-03T04:00:00+00:00,0.71550,0.71590,0.71300,0.71430,5199305
2025-08-03T04:15:00+00:00,0.71420,0.71610,0.71350,0.71430,6472630
2025-08-03T04:30:00+00:00,0.71430,0.71430,0.71200,0.71240,3657416
2025-08-03T04:45:00+00:00,0.71240,0.71460,0.71150,0.71420,3952654
2025-08-03T05:00:00+00:00,0.71420,0.71550,0.71360,0.71360,2946788
2025-08-03T05:15:00+00:00,0.71360,0.71540,0.71280,0.71480,2379760
2025-08-03T05:30:00+00:00,0.71480,0.71540,0.71260,0.71280,1928087
2025-08-03T05:45:00+00:00,0.71290,0.71370,0.71220,0.71310,988741
2025-08-03T06:00:00+00:00,0.71310,0.71430,0.71210,0.71240,1792223
2025-08-03T06:15:00+00:00,0.71250,0.71500,0.71190,0.71390,2541087
2025-08-03T06:30:00+00:00,0.71390,0.71560,0.71350,0.71400,1799302
2025-08-03T06:45:00+00:00,0.71410,0.71890,0.71410,0.71800,5133549
2025-08-03T07:00:00+00:00,0.71800,0.72190,0.71790,0.72120,10701409
2025-08-03T07:15:00+00:00,0.72120,0.72280,0.71910,0.72250,6362290
2025-08-03T07:30:00+00:00,0.72260,0.72500,0.72200,0.72210,7395498
2025-08-03T07:45:00+00:00,0.72220,0.72280,0.72030,0.72140,4965139
2025-08-03T08:00:00+00:00,0.72140,0.72530,0.72140,0.72440,4019692
2025-08-03T08:15:00+00:00,0.72440,0.72470,0.72180,0.72210,3316752
2025-08-03T08:30:00+00:00,0.72210,0.72290,0.72130,0.72210,2341702
2025-08-03T08:45:00+00:00,0.72210,0.72410,0.72060,0.72350,3938980
2025-08-03T09:00:00+00:00,0.72360,0.72420,0.72070,0.72140,2675740
2025-08-03T09:15:00+00:00,0.72140,0.72370,0.72040,0.72270,1942666
2025-08-03T09:30:00+00:00,0.72280,0.72380,0.72210,0.72280,2585415
2025-08-03T09:45:00+00:00,0.72280,0.72370,0.72210,0.72280,2007418
2025-08-03T10:00:00+00:00,0.72290,0.72500,0.72240,0.72470,4009265
2025-08-03T10:15:00+00:00,0.72480,0.72480,0.72300,0.72400,2853308
2025-08-03T10:30:00+00:00,0.72400,0.72500,0.72330,0.72450,2098938
2025-08-03T10:45:00+00:00,0.72460,0.72590,0.72300,0.72310,3819274
2025-08-03T11:00:00+00:00,0.72320,0.72890,0.72300,0.72870,6509877
2025-08-03T11:15:00+00:00,0.72870,0.72880,0.72440,0.72460,9996631
2025-08-03T11:30:00+00:00,0.72470,0.72490,0.72170,0.72280,5777046
2025-08-03T11:45:00+00:00,0.72280,0.72540,0.72260,0.72360,4831353
2025-08-03T12:00:00+00:00,0.72360,0.72460,0.72100,0.72230,5876211
2025-08-03T12:15:00+00:00,0.72230,0.72370,0.72120,0.72340,2877454
2025-08-03T12:30:00+00:00,0.72340,0.72510,0.72310,0.72460,5184732
2025-08-03T12:45:00+00:00,0.72460,0.72640,0.72370,0.72430,4361131
2025-08-03T13:00:00+00:00,0.72440,0.72570,0.72260,0.72480,3058436
2025-08-03T13:15:00+00:00,0.72480,0.72500,0.72200,0.72290,2345626
2025-08-03T13:30:00+00:00,0.72300,0.72500,0.72250,0.72260,2128624
2025-08-03T13:45:00+00:00,0.72250,0.72370,0.72110,0.72250,2838809
2025-08-03T14:00:00+00:00,0.72250,0.72320,0.71880,0.72010,7238072
2025-08-03T14:15:00+00:00,0.72010,0.72070,0.71720,0.71930,8628624
2025-08-03T14:30:00+00:00,0.71930,0.72420,0.71880,0.72380,6077530
2025-08-03T14:45:00+00:00,0.72380,0.72480,0.72190,0.72360,3575791
2025-08-03T15:00:00+00:00,0.72360,0.72430,0.72110,0.72430,4530625
2025-08-03T15:15:00+00:00,0.72430,0.72670,0.72340,0.72640,5208928
2025-08-03T15:30:00+00:00,0.72650,0.72700,0.72300,0.72580,6054116
2025-08-03T15:45:00+00:00,0.72580,0.72610,0.72410,0.72560,2821612
2025-08-03T16:00:00+00:00,0.72560,0.72560,0.72200,0.72240,4907485
2025-08-03T16:15:00+00:00,0.72230,0.72340,0.72200,0.72330,3254687
2025-08-03T16:30:00+00:00,0.72320,0.72580,0.72290,0.72550,3116251
2025-08-03T16:45:00+00:00,0.72560,0.72830,0.72550,0.72680,6451046
2025-08-03T17:00:00+00:00,0.72680,0.72880,0.72460,0.72790,4699718
2025-08-03T17:15:00+00:00,0.72800,0.72810,0.72470,0.72580,3314659
2025-08-03T17:30:00+00:00,0.72580,0.72780,0.72480,0.72530,2177703
2025-08-03T17:45:00+00:00,0.72530,0.72720,0.72470,0.72720,1653346
2025-08-03T18:00:00+00:00,0.72720,0.72760,0.72390,0.72500,3373416
2025-08-03T18:15:00+00:00,0.72490,0.72720,0.72380,0.72540,2932512
2025-08-03T18:30:00+00:00,0.72540,0.72640,0.72220,0.72320,5936196
2025-08-03T18:45:00+00:00,0.72320,0.72470,0.72290,0.72460,3321019
2025-08-03T19:00:00+00:00,0.72460,0.72560,0.72270,0.72320,2970790
2025-08-03T19:15:00+00:00,0.72310,0.72760,0.72300,0.72560,3165091
2025-08-03T19:30:00+00:00,0.72560,0.72740,0.72400,0.72420,3262265
2025-08-03T19:45:00+00:00,0.72420,0.72520,0.72300,0.72420,1888977
2025-08-03T20:00:00+00:00,0.72420,0.72430,0.72180,0.72290,2396295
2025-08-03T20:15:00+00:00,0.72280,0.72380,0.72180,0.72290,2568320
2025-08-03T20:30:00+00:00,0.72290,0.72470,0.72190,0.72460,1767338
2025-08-03T20:45:00+00:00,0.72460,0.72580,0.72430,0.72480,1531670
2025-08-03T21:00:00+00:00,0.72480,0.72540,0.72430,0.72530,2482965
2025-08-03T21:15:00+00:00,0.72520,0.72630,0.72390,0.72520,2110310
2025-08-03T21:30:00+00:00,0.72520,0.72550,0.72390,0.72440,1415031
2025-08-03T21:45:00+00:00,0.72430,0.72680,0.72420,0.72600,1345856
2025-08-03T22:00:00+00:00,0.72590,0.72850,0.72260,0.72320,4928918
2025-08-03T22:15:00+00:00,0.72310,0.72370,0.72150,0.72350,2746519
2025-08-03T22:30:00+00:00,0.72350,0.72600,0.72340,0.72510,2097768
2025-08-03T22:45:00+00:00,0.72510,0.72680,0.72430,0.72590,1316903
2025-08-03T23:00:00+00:00,0.72590,0.72940,0.72510,0.72870,4734535
2025-08-03T23:15:00+00:00,0.72870,0.73080,0.72690,0.72700,5999551
2025-08-03T23:30:00+00:00,0.72700,0.72770,0.72480,0.72580,2429771
2025-08-03T23:45:00+00:00,0.72580,0.72720,0.72490,0.72660,1289259
2025-08-04T00:00:00+00:00,0.72670,0.72820,0.72470,0.72600,3882658
2025-08-04T00:15:00+00:00,0.72600,0.73340,0.72530,0.73180,8119929
2025-08-04T00:30:00+00:00,0.73170,0.73840,0.73090,0.73790,11020881
2025-08-04T00:45:00+00:00,0.73790,0.74200,0.73650,0.74080,12325887
2025-08-04T01:00:00+00:00,0.74090,0.74300,0.73780,0.73890,9483978
2025-08-04T01:15:00+00:00,0.73890,0.73910,0.73590,0.73730,5631273
2025-08-04T01:30:00+00:00,0.73730,0.73850,0.73380,0.73460,5365416
2025-08-04T01:45:00+00:00,0.73460,0.73480,0.73190,0.73270,4522627
2025-08-04T02:00:00+00:00,0.73270,0.73290,0.72920,0.72980,5627396
2025-08-04T02:15:00+00:00,0.72980,0.73670,0.72960,0.73600,7842794
2025-08-04T02:30:00+00:00,0.73590,0.73840,0.73440,0.73500,5008514
2025-08-04T02:45:00+00:00,0.73500,0.73950,0.73430,0.73940,4140075
2025-08-04T03:00:00+00:00,0.73950,0.74020,0.73710,0.73750,4604377
2025-08-04T03:15:00+00:00,0.73760,0.73790,0.73550,0.73560,2767946
2025-08-04T03:30:00+00:00,0.73550,0.73730,0.73480,0.73700,2475854
2025-08-04T03:45:00+00:00,0.73700,0.73750,0.73600,0.73640,1691839
2025-08-04T04:00:00+00:00,0.73640,0.73900,0.73630,0.73660,3790459
2025-08-04T04:15:00+00:00,0.73660,0.73730,0.73440,0.73710,3107543
2025-08-04T04:30:00+00:00,0.73700,0.73710,0.73360,0.73370,3621632
2025-08-04T04:45:00+00:00,0.73370,0.73580,0.73340,0.73380,2979836
2025-08-04T05:00:00+00:00,0.73390,0.73430,0.73140,0.73250,4732950
2025-08-04T05:15:00+00:00,0.73250,0.73320,0.73090,0.73190,2794694
2025-08-04T05:30:00+00:00,0.73200,0.73330,0.73060,0.73140,3433760
2025-08-04T05:45:00+00:00,0.73140,0.73520,0.73040,0.73460,2467272
2025-08-04T06:00:00+00:00,0.73460,0.73490,0.73060,0.73070,3245849
2025-08-04T06:15:00+00:00,0.73070,0.73220,0.72920,0.73170,4397294
2025-08-04T06:30:00+00:00,0.73180,0.73680,0.73120,0.73530,5323231
2025-08-04T06:45:00+00:00,0.73540,0.73730,0.73350,0.73560,3619482
2025-08-04T07:00:00+00:00,0.73560,0.73740,0.73510,0.73630,3165380
2025-08-04T07:15:00+00:00,0.73620,0.73690,0.73440,0.73560,2036999
2025-08-04T07:30:00+00:00,0.73560,0.73870,0.73420,0.73820,4654498
2025-08-04T07:45:00+00:00,0.73820,0.74210,0.73780,0.74100,7914776
2025-08-04T08:00:00+00:00,0.74100,0.74280,0.73980,0.74010,5938204
2025-08-04T08:15:00+00:00,0.74010,0.74240,0.73850,0.73870,3030590
2025-08-04T08:30:00+00:00,0.73870,0.74100,0.73680,0.73910,5003214
2025-08-04T08:45:00+00:00,0.73910,0.74020,0.73760,0.73870,3102410
2025-08-04T09:00:00+00:00,0.73870,0.73960,0.73710,0.73760,2905079
2025-08-04T09:15:00+00:00,0.73760,0.74120,0.73680,0.73960,2334218
2025-08-04T09:30:00+00:00,0.73960,0.74150,0.73820,0.73820,2526477
2025-08-04T09:45:00+00:00,0.73820,0.73860,0.73460,0.73560,3899646
2025-08-04T10:00:00+00:00,0.73570,0.73890,0.73440,0.73880,3925069
2025-08-04T10:15:00+00:00,0.73890,0.74010,0.73700,0.73850,3142034
2025-08-04T10:30:00+00:00,0.73850,0.73900,0.73660,0.73770,3342359
2025-08-04T10:45:00+00:00,0.73780,0.74120,0.73740,0.73900,8593193
2025-08-04T11:00:00+00:00,0.73900,0.73950,0.73730,0.73770,2863049
2025-08-04T11:15:00+00:00,0.73780,0.73800,0.73540,0.73770,3158788
2025-08-04T11:30:00+00:00,0.73770,0.73890,0.73610,0.73760,2668477
2025-08-04T11:45:00+00:00,0.73760,0.73910,0.73680,0.73770,1844241
2025-08-04T12:00:00+00:00,0.73780,0.73990,0.73710,0.73910,3266616
2025-08-04T12:15:00+00:00,0.73920,0.74080,0.73720,0.73860,3058720
2025-08-04T12:30:00+00:00,0.73860,0.74130,0.73690,0.73940,2169601
2025-08-04T12:45:00+00:00,0.73940,0.74130,0.73850,0.74060,2294986
2025-08-04T13:00:00+00:00,0.74070,0.74250,0.73760,0.73810,5254310
2025-08-04T13:15:00+00:00,0.73810,0.73950,0.73580,0.73690,4121189
2025-08-04T13:30:00+00:00,0.73700,0.74590,0.73660,0.74580,11534486
2025-08-04T13:45:00+00:00,0.74590,0.74920,0.74110,0.74780,17937924
2025-08-04T14:00:00+00:00,0.74790,0.75350,0.74720,0.75130,15677371
2025-08-04T14:15:00+00:00,0.75120,0.75430,0.74980,0.75410,7937001
2025-08-04T14:30:00+00:00,0.75420,0.75430,0.74590,0.74640,8144261
2025-08-04T14:45:00+00:00,0.74640,0.75000,0.74260,0.74480,10630852
2025-08-04T15:00:00+00:00,0.74490,0.74890,0.74330,0.74850,6880167
2025-08-04T15:15:00+00:00,0.74850,0.74990,0.74520,0.74680,6062792
2025-08-04T15:30:00+00:00,0.74670,0.74760,0.74300,0.74380,5733158
2025-08-04T15:45:00+00:00,0.74380,0.74490,0.74150,0.74440,4127535
2025-08-04T16:00:00+00:00,0.74430,0.74910,0.74420,0.74780,5208449
2025-08-04T16:15:00+00:00,0.74780,0.75070,0.74660,0.74790,4073612
2025-08-04T16:30:00+00:00,0.74800,0.75350,0.74760,0.75150,5611428
2025-08-04T16:45:00+00:00,0.75140,0.75320,0.75040,0.75170,3684872
2025-08-04T17:00:00+00:00,0.75170,0.75860,0.75030,0.75810,16006874
2025-08-04T17:15:00+00:00,0.75800,0.75860,0.75460,0.75540,8846846
2025-08-04T17:30:00+00:00,0.75550,0.75560,0.74960,0.75090,7889510
2025-08-04T17:45:00+00:00,0.75090,0.75290,0.74900,0.75050,6749425
2025-08-04T18:00:00+00:00,0.75040,0.75190,0.74600,0.74740,7969033
2025-08-04T18:15:00+00:00,0.74750,0.75090,0.74700,0.74860,7089271
2025-08-04T18:30:00+00:00,0.74860,0.74860,0.74490,0.74540,4794286
2025-08-04T18:45:00+00:00,0.74530,0.74670,0.74430,0.74570,4505758
2025-08-04T19:00:00+00:00,0.74560,0.74700,0.74400,0.74520,3456974
2025-08-04T19:15:00+00:00,0.74520,0.74620,0.74300,0.74370,2661616
2025-08-04T19:30:00+00:00,0.74380,0.74430,0.74110,0.74230,6569692
2025-08-04T19:45:00+00:00,0.74220,0.74380,0.74200,0.74350,2732107
2025-08-04T20:00:00+00:00,0.74350,0.74560,0.74260,0.74490,4250293
2025-08-04T20:15:00+00:00,0.74490,0.74650,0.74400,0.74640,2366727
2025-08-04T20:30:00+00:00,0.74630,0.75050,0.74610,0.74970,6885402
2025-08-04T20:45:00+00:00,0.74970,0.75040,0.74730,0.74890,3300828
2025-08-04T21:00:00+00:00,0.74890,0.75130,0.74870,0.75050,3189816
2025-08-04T21:15:00+00:00,0.75050,0.75300,0.74950,0.75120,3751973
2025-08-04T21:30:00+00:00,0.75110,0.75440,0.74990,0.75440,3679105
2025-08-04T21:45:00+00:00,0.75440,0.75470,0.75170,0.75260,3177976
2025-08-04T22:00:00+00:00,0.75260,0.75520,0.75260,0.75460,4915401
2025-08-04T22:15:00+00:00,0.75450,0.75760,0.75410,0.75430,5415717
2025-08-04T22:30:00+00:00,0.75430,0.75650,0.75260,0.75420,2975428
2025-08-04T22:45:00+00:00,0.75420,0.75730,0.75370,0.75720,2813755
2025-08-04T23:00:00+00:00,0.75730,0.75760,0.75450,0.75740,3717943
2025-08-04T23:15:00+00:00,0.75740,0.75740,0.75480,0.75560,2296893
2025-08-04T23:30:00+00:00,0.75550,0.75600,0.75380,0.75460,2315137
2025-08-04T23:45:00+00:00,0.75460,0.75510,0.75320,0.75440,2111220
2025-08-05T00:00:00+00:00,0.75450,0.75530,0.75110,0.75260,5460804
2025-08-05T00:15:00+00:00,0.75270,0.75450,0.75160,0.75350,2977271
2025-08-05T00:30:00+00:00,0.75350,0.75730,0.75340,0.75550,3495509
2025-08-05T00:45:00+00:00,0.75550,0.75850,0.75510,0.75780,6472192
2025-08-05T01:00:00+00:00,0.75790,0.75980,0.75560,0.75590,5944366
2025-08-05T01:15:00+00:00,0.75590,0.75750,0.75430,0.75700,2937030
2025-08-05T01:30:00+00:00,0.75690,0.75690,0.75280,0.75420,2635560
2025-08-05T01:45:00+00:00,0.75420,0.75460,0.75140,0.75270,3079838
2025-08-05T02:00:00+00:00,0.75270,0.75750,0.75240,0.75290,6713410
2025-08-05T02:15:00+00:00,0.75290,0.75370,0.75130,0.75160,3251214
2025-08-05T02:30:00+00:00,0.75170,0.75350,0.75120,0.75240,2726438
2025-08-05T02:45:00+00:00,0.75230,0.75430,0.75180,0.75420,2568295
2025-08-05T03:00:00+00:00,0.75420,0.75420,0.74720,0.74910,7337902
2025-08-05T03:15:00+00:00,0.74900,0.74910,0.74560,0.74780,5902959
2025-08-05T03:30:00+00:00,0.74770,0.74880,0.74530,0.74680,5469513
2025-08-05T03:45:00+00:00,0.74690,0.74830,0.74610,0.74680,3115588
2025-08-05T04:00:00+00:00,0.74680,0.74950,0.74540,0.74910,5157524
2025-08-05T04:15:00+00:00,0.74910,0.74920,0.74500,0.74670,4513028
2025-08-05T04:30:00+00:00,0.74670,0.74670,0.74430,0.74570,4228966
2025-08-05T04:45:00+00:00,0.74570,0.74720,0.74560,0.74610,1742305
2025-08-05T05:00:00+00:00,0.74610,0.74970,0.74580,0.74770,4079207
2025-08-05T05:15:00+00:00,0.74770,0.74910,0.74650,0.74820,1502017
2025-08-05T05:30:00+00:00,0.74830,0.74850,0.74600,0.74690,2295395
2025-08-05T05:45:00+00:00,0.74700,0.74960,0.74690,0.74920,2228367
2025-08-05T06:00:00+00:00,0.74930,0.75110,0.74840,0.75010,2800948
2025-08-05T06:15:00+00:00,0.75020,0.75130,0.74910,0.74920,2219505
2025-08-05T06:30:00+00:00,0.74930,0.74930,0.74510,0.74520,5141248
2025-08-05T06:45:00+00:00,0.74520,0.74530,0.74030,0.74290,11389965
2025-08-05T07:00:00+00:00,0.74290,0.74450,0.74200,0.74300,4590552
2025-08-05T07:15:00+00:00,0.74300,0.74450,0.73890,0.74040,5489632
2025-08-05T07:30:00+00:00,0.74040,0.74080,0.73350,0.73570,17973810
2025-08-05T07:45:00+00:00,0.73570,0.73990,0.73390,0.73500,18506676
2025-08-05T08:00:00+00:00,0.73500,0.73680,0.73260,0.73470,11301506
2025-08-05T08:15:00+00:00,0.73470,0.73940,0.73470,0.73820,4997505
2025-08-05T08:30:00+00:00,0.73830,0.73960,0.73470,0.73640,4463449
2025-08-05T08:45:00+00:00,0.73650,0.73760,0.73500,0.73700,3330933
2025-08-05T09:00:00+00:00,0.73710,0.73990,0.73680,0.73970,5873609
2025-08-05T09:15:00+00:00,0.73970,0.74170,0.73880,0.74130,4883495
2025-08-05T09:30:00+00:00,0.74130,0.74470,0.74070,0.74400,4536274
2025-08-05T09:45:00+00:00,0.74410,0.74900,0.74410,0.74770,7664515
2025-08-05T10:00:00+00:00,0.74770,0.74850,0.74550,0.74750,4478885
2025-08-05T10:15:00+00:00,0.74760,0.75550,0.74750,0.75470,8846218
2025-08-05T10:30:00+00:00,0.75460,0.75830,0.75370,0.75580,13042992
2025-08-05T10:45:00+00:00,0.75580,0.75580,0.75310,0.75460,4305171
2025-08-05T11:00:00+00:00,0.75460,0.75560,0.75170,0.75290,5361620
2025-08-05T11:15:00+00:00,0.75290,0.75440,0.75080,0.75340,6057193
2025-08-05T11:30:00+00:00,0.75350,0.75360,0.75000,0.75320,3804500
2025-08-05T11:45:00+00:00,0.75320,0.75320,0.75050,0.75120,2564129
2025-08-05T12:00:00+00:00,0.75120,0.75200,0.74850,0.75080,5063124
2025-08-05T12:15:00+00:00,0.75070,0.75070,0.74270,0.74590,9861674
2025-08-05T12:30:00+00:00,0.74590,0.74590,0.73650,0.74050,15517410
2025-08-05T12:45:00+00:00,0.74050,0.74300,0.73870,0.73950,6576394
2025-08-05T13:00:00+00:00,0.73950,0.74110,0.73780,0.73970,5662562
2025-08-05T13:15:00+00:00,0.73980,0.74260,0.73910,0.74120,5152617
2025-08-05T13:30:00+00:00,0.74120,0.74420,0.73810,0.74040,7037907
2025-08-05T13:45:00+00:00,0.74050,0.74470,0.74050,0.74260,4159797
2025-08-05T14:00:00+00:00,0.74250,0.74330,0.73190,0.73420,18089538
2025-08-05T14:15:00+00:00,0.73420,0.73430,0.72520,0.72820,37307129
2025-08-05T14:30:00+00:00,0.72820,0.72820,0.72180,0.72420,21476556
2025-08-05T14:45:00+00:00,0.72420,0.72660,0.72270,0.72590,9523825
2025-08-05T15:00:00+00:00,0.72590,0.73080,0.72360,0.72930,11738415
2025-08-05T15:15:00+00:00,0.72930,0.73030,0.72420,0.72510,8021730
2025-08-05T15:30:00+00:00,0.72510,0.72570,0.71920,0.72130,13958785
2025-08-05T15:45:00+00:00,0.72140,0.72320,0.71890,0.72270,5645828
2025-08-05T16:00:00+00:00,0.72270,0.72550,0.72110,0.72540,6712253
2025-08-05T16:15:00+00:00,0.72540,0.72890,0.72510,0.72720,8375688
2025-08-05T16:30:00+00:00,0.72720,0.72970,0.72050,0.72340,11355560
2025-08-05T16:45:00+00:00,0.72330,0.72540,0.72030,0.72410,6997029
2025-08-05T17:00:00+00:00,0.72410,0.72520,0.72250,0.72450,2790194
2025-08-05T17:15:00+00:00,0.72440,0.72750,0.72410,0.72630,3675296
2025-08-05T17:30:00+00:00,0.72630,0.72830,0.72550,0.72570,4315376
2025-08-05T17:45:00+00:00,0.72570,0.72920,0.72400,0.72850,4114302
2025-08-05T18:00:00+00:00,0.72840,0.72920,0.72500,0.72500,3442675
2025-08-05T18:15:00+00:00,0.72500,0.72700,0.72220,0.72350,4026425
2025-08-05T18:30:00+00:00,0.72350,0.72440,0.72090,0.72170,4500311
2025-08-05T18:45:00+00:00,0.72180,0.72500,0.71900,0.72470,5503345
2025-08-05T19:00:00+00:00,0.72470,0.72740,0.72320,0.72320,4896569
2025-08-05T19:15:00+00:00,0.72320,0.72400,0.72150,0.72230,2478310
2025-08-05T19:30:00+00:00,0.72230,0.72290,0.72040,0.72110,2506263
2025-08-05T19:45:00+00:00,0.72110,0.72150,0.71790,0.72010,6225123
2025-08-05T20:00:00+00:00,0.72000,0.72320,0.72000,0.72310,2538873
2025-08-05T20:15:00+00:00,0.72310,0.72600,0.72270,0.72590,3515771
2025-08-05T20:30:00+00:00,0.72590,0.72610,0.72170,0.72280,2817882
2025-08-05T20:45:00+00:00,0.72290,0.72300,0.72050,0.72110,2322242
2025-08-05T21:00:00+00:00,0.72120,0.72370,0.72030,0.72050,2173335
2025-08-05T21:15:00+00:00,0.72050,0.72240,0.72040,0.72220,1592823
2025-08-05T21:30:00+00:00,0.72220,0.72270,0.72040,0.72060,1368450
2025-08-05T21:45:00+00:00,0.72060,0.72070,0.71580,0.71790,4030738
2025-08-05T22:00:00+00:00,0.71780,0.72020,0.71300,0.71970,10327308
2025-08-05T22:15:00+00:00,0.71970,0.72150,0.71950,0.72070,2593303
2025-08-05T22:30:00+00:00,0.72070,0.72270,0.72020,0.72230,2364997
2025-08-05T22:45:00+00:00,0.72230,0.72340,0.72150,0.72300,2041461
2025-08-05T23:00:00+00:00,0.72310,0.72660,0.72250,0.72570,4243826
2025-08-05T23:15:00+00:00,0.72570,0.72730,0.72490,0.72560,3053362
2025-08-05T23:30:00+00:00,0.72570,0.72820,0.72510,0.72670,2400498
2025-08-05T23:45:00+00:00,0.72670,0.72720,0.72470,0.72540,1984268
2025-08-06T00:00:00+00:00,0.72540,0.72570,0.72160,0.72280,4822504
2025-08-06T00:15:00+00:00,0.72280,0.72390,0.72170,0.72300,2504138
2025-08-06T00:30:00+00:00,0.72290,0.72400,0.72130,0.72190,1664791
2025-08-06T00:45:00+00:00,0.72190,0.72190,0.71670,0.71800,5018158
2025-08-06T01:00:00+00:00,0.71800,0.71980,0.71600,0.71900,3583080
2025-08-06T01:15:00+00:00,0.71890,0.71960,0.71510,0.71570,3500466
2025-08-06T01:30:00+00:00,0.71560,0.71900,0.71490,0.71740,3124920
2025-08-06T01:45:00+00:00,0.71740,0.71950,0.71580,0.71920,3506686
2025-08-06T02:00:00+00:00,0.71910,0.71930,0.71410,0.71600,3846055
2025-08-06T02:15:00+00:00,0.71590,0.71880,0.71540,0.71850,2315003
2025-08-06T02:30:00+00:00,0.71840,0.71920,0.71630,0.71850,2393257
2025-08-06T02:45:00+00:00,0.71840,0.71910,0.71610,0.71690,2134959
2025-08-06T03:00:00+00:00,0.71690,0.71740,0.71460,0.71580,2509819
2025-08-06T03:15:00+00:00,0.71580,0.71580,0.71230,0.71290,5821791
2025-08-06T03:30:00+00:00,0.71290,0.71560,0.71250,0.71480,2550926
2025-08-06T03:45:00+00:00,0.71470,0.71560,0.71280,0.71290,1756925
2025-08-06T04:00:00+00:00,0.71280,0.71330,0.71020,0.71080,6228373
2025-08-06T04:15:00+00:00,0.71080,0.71360,0.71050,0.71290,3684321
2025-08-06T04:30:00+00:00,0.71280,0.71370,0.71050,0.71250,2221322
2025-08-06T04:45:00+00:00,0.71240,0.71410,0.71200,0.71370,2054017
2025-08-06T05:00:00+00:00,0.71370,0.72120,0.71240,0.72110,8962007
2025-08-06T05:15:00+00:00,0.72120,0.72630,0.71970,0.72070,16286233
2025-08-06T05:30:00+00:00,0.72060,0.72920,0.72020,0.72760,11743636
2025-08-06T05:45:00+00:00,0.72750,0.73000,0.72420,0.72480,10305583
2025-08-06T06:00:00+00:00,0.72490,0.72520,0.72160,0.72210,6275333
2025-08-06T06:15:00+00:00,0.72220,0.72310,0.72050,0.72080,4276900
2025-08-06T06:30:00+00:00,0.72080,0.72640,0.71940,0.72460,6222344
2025-08-06T06:45:00+00:00,0.72460,0.72720,0.72390,0.72470,3895408
2025-08-06T07:00:00+00:00,0.72470,0.72710,0.72250,0.72650,4011488
2025-08-06T07:15:00+00:00,0.72640,0.72820,0.72550,0.72770,3579692
2025-08-06T07:30:00+00:00,0.72770,0.72770,0.72430,0.72580,3085006
2025-08-06T07:45:00+00:00,0.72580,0.72740,0.72480,0.72670,2638589
2025-08-06T08:00:00+00:00,0.72670,0.72790,0.72360,0.72440,3329708
2025-08-06T08:15:00+00:00,0.72440,0.72740,0.72280,0.72540,3134304
2025-08-06T08:30:00+00:00,0.72540,0.72540,0.72110,0.72140,3588507
2025-08-06T08:45:00+00:00,0.72140,0.72360,0.72010,0.72340,4187672
2025-08-06T09:00:00+00:00,0.72340,0.72650,0.72110,0.72650,5237925
2025-08-06T09:15:00+00:00,0.72650,0.72950,0.72640,0.72670,5089137
2025-08-06T09:30:00+00:00,0.72670,0.72780,0.72390,0.72470,2965381
2025-08-06T09:45:00+00:00,0.72480,0.72710,0.72420,0.72600,1766093
2025-08-06T10:00:00+00:00,0.72600,0.72750,0.72390,0.72520,2083284
2025-08-06T10:15:00+00:00,0.72520,0.72690,0.72180,0.72400,7319435
2025-08-06T10:30:00+00:00,0.72400,0.72640,0.72310,0.72550,1861440
2025-08-06T10:45:00+00:00,0.72540,0.72570,0.72260,0.72360,2920463
2025-08-06T11:00:00+00:00,0.72370,0.72610,0.72250,0.72580,4458838
2025-08-06T11:15:00+00:00,0.72580,0.72850,0.72560,0.72760,2252939
2025-08-06T11:30:00+00:00,0.72760,0.72890,0.72590,0.72720,2750282
2025-08-06T11:45:00+00:00,0.72710,0.72740,0.72510,0.72570,2312116
2025-08-06T12:00:00+00:00,0.72570,0.72820,0.72110,0.72140,5712301
2025-08-06T12:15:00+00:00,0.72140,0.72570,0.71910,0.72380,7371985
2025-08-06T12:30:00+00:00,0.72380,0.72700,0.72300,0.72310,3279469
2025-08-06T12:45:00+00:00,0.72300,0.72460,0.72150,0.72230,3081332
2025-08-06T13:00:00+00:00,0.72230,0.72520,0.72230,0.72500,2413465
2025-08-06T13:15:00+00:00,0.72510,0.72720,0.72320,0.72580,4069388
2025-08-06T13:30:00+00:00,0.72580,0.72850,0.72110,0.72660,8367436
2025-08-06T13:45:00+00:00,0.72660,0.72870,0.72360,0.72620,8195921
2025-08-06T14:00:00+00:00,0.72620,0.73250,0.72610,0.72860,10458856
2025-08-06T14:15:00+00:00,0.72870,0.73000,0.72240,0.72610,9604265
2025-08-06T14:30:00+00:00,0.72610,0.73170,0.72490,0.73020,9810025
2025-08-06T14:45:00+00:00,0.73030,0.73520,0.72790,0.73520,8973439
2025-08-06T15:00:00+00:00,0.73520,0.73660,0.73140,0.73410,12165942
2025-08-06T15:15:00+00:00,0.73410,0.73560,0.73200,0.73340,5909213
2025-08-06T15:30:00+00:00,0.73330,0.73650,0.73290,0.73520,4553428
2025-08-06T15:45:00+00:00,0.73530,0.74260,0.73400,0.74150,12621187
2025-08-06T16:00:00+00:00,0.74150,0.74430,0.73800,0.73970,15504497
2025-08-06T16:15:00+00:00,0.73960,0.74140,0.73740,0.73780,4897484
2025-08-06T16:30:00+00:00,0.73790,0.73890,0.73500,0.73560,4439131
2025-08-06T16:45:00+00:00,0.73570,0.73790,0.73520,0.73670,3120520
2025-08-06T17:00:00+00:00,0.73670,0.73760,0.73430,0.73630,3199476
2025-08-06T17:15:00+00:00,0.73620,0.73980,0.73600,0.73980,4079033
2025-08-06T17:30:00+00:00,0.73970,0.74250,0.73820,0.74230,4431899
2025-08-06T17:45:00+00:00,0.74230,0.74350,0.74090,0.74330,3843698
2025-08-06T18:00:00+00:00,0.74320,0.74680,0.74310,0.74670,7601436
2025-08-06T18:15:00+00:00,0.74680,0.74780,0.74240,0.74360,7788946
2025-08-06T18:30:00+00:00,0.74350,0.74590,0.74270,0.74320,3481146
2025-08-06T18:45:00+00:00,0.74320,0.74450,0.74180,0.74240,6645311
2025-08-06T19:00:00+00:00,0.74230,0.74420,0.74130,0.74230,3664128
2025-08-06T19:15:00+00:00,0.74220,0.74300,0.74130,0.74190,2888902
2025-08-06T19:30:00+00:00,0.74180,0.74270,0.74080,0.74110,2388630
2025-08-06T19:45:00+00:00,0.74110,0.74250,0.74020,0.74250,2330090
2025-08-06T20:00:00+00:00,0.74250,0.74340,0.74100,0.74180,4165984
2025-08-06T20:15:00+00:00,0.74170,0.74190,0.74080,0.74100,1730555
2025-08-06T20:30:00+00:00,0.74110,0.74140,0.73870,0.73900,2930026
2025-08-06T20:45:00+00:00,0.73900,0.74020,0.73840,0.73950,2461120
2025-08-06T21:00:00+00:00,0.73960,0.74200,0.73950,0.74160,2906412
2025-08-06T21:15:00+00:00,0.74150,0.74280,0.74100,0.74120,3137630
2025-08-06T21:30:00+00:00,0.74130,0.74160,0.73750,0.73850,3111371
2025-08-06T21:45:00+00:00,0.73850,0.74010,0.73840,0.74010,1624854
2025-08-06T22:00:00+00:00,0.74010,0.74210,0.73890,0.74130,3145603
2025-08-06T22:15:00+00:00,0.74140,0.74200,0.73980,0.74180,1548666
2025-08-06T22:30:00+00:00,0.74170,0.74280,0.74100,0.74150,1965368
2025-08-06T22:45:00+00:00,0.74150,0.74270,0.74120,0.74250,1127995
2025-08-06T23:00:00+00:00,0.74250,0.74290,0.74160,0.74240,1544663
2025-08-06T23:15:00+00:00,0.74240,0.74260,0.74070,0.74150,1024723
2025-08-06T23:30:00+00:00,0.74150,0.74220,0.74110,0.74190,1000234
2025-08-06T23:45:00+00:00,0.74190,0.74240,0.74090,0.74090,928958
2025-08-07T00:00:00+00:00,0.74100,0.74140,0.73850,0.74010,3085341
2025-08-07T00:15:00+00:00,0.74010,0.74070,0.73850,0.74070,2055583
2025-08-07T00:30:00+00:00,0.74070,0.74320,0.74060,0.74070,2866687
2025-08-07T00:45:00+00:00,0.74070,0.74100,0.73950,0.74010,1761066
2025-08-07T01:00:00+00:00,0.74020,0.74080,0.73920,0.74000,2595582
2025-08-07T01:15:00+00:00,0.74010,0.74590,0.73920,0.74480,5070594
2025-08-07T01:30:00+00:00,0.74480,0.74590,0.74160,0.74250,3410287
2025-08-07T01:45:00+00:00,0.74240,0.74250,0.73730,0.73820,5308512
2025-08-07T02:00:00+00:00,0.73820,0.73950,0.73670,0.73930,5920553
2025-08-07T02:15:00+00:00,0.73930,0.74000,0.73750,0.73820,2091269
2025-08-07T02:30:00+00:00,0.73830,0.73870,0.73550,0.73560,2779954
2025-08-07T02:45:00+00:00,0.73560,0.73660,0.73480,0.73600,3022478
2025-08-07T03:00:00+00:00,0.73600,0.73720,0.73500,0.73510,2846888
2025-08-07T03:15:00+00:00,0.73510,0.73580,0.73400,0.73490,3351197
2025-08-07T03:30:00+00:00,0.73490,0.73610,0.73430,0.73600,1894088
2025-08-07T03:45:00+00:00,0.73600,0.73660,0.73400,0.73420,2010831
2025-08-07T04:00:00+00:00,0.73410,0.73630,0.73370,0.73550,2543882
2025-08-07T04:15:00+00:00,0.73540,0.73850,0.73540,0.73790,3184798
2025-08-07T04:30:00+00:00,0.73790,0.73800,0.73600,0.73660,2365071
2025-08-07T04:45:00+00:00,0.73650,0.73690,0.73480,0.73600,2634017
2025-08-07T05:00:00+00:00,0.73590,0.73600,0.73410,0.73510,2120524
2025-08-07T05:15:00+00:00,0.73500,0.73730,0.73460,0.73690,2778215
2025-08-07T05:30:00+00:00,0.73690,0.73840,0.73600,0.73670,1749114
2025-08-07T05:45:00+00:00,0.73680,0.73980,0.73620,0.73970,4170519
2025-08-07T06:00:00+00:00,0.73970,0.74360,0.73890,0.74300,6987527
2025-08-07T06:15:00+00:00,0.74310,0.74310,0.74070,0.74100,4423854
2025-08-07T06:30:00+00:00,0.74090,0.74210,0.74000,0.74140,3566319
2025-08-07T06:45:00+00:00,0.74150,0.74390,0.73950,0.73980,3494343
2025-08-07T07:00:00+00:00,0.73970,0.74200,0.73950,0.74110,2494813
2025-08-07T07:15:00+00:00,0.74110,0.74320,0.74070,0.74150,3659970
2025-08-07T07:30:00+00:00,0.74150,0.74240,0.74010,0.74040,2501219
2025-08-07T07:45:00+00:00,0.74040,0.74120,0.73970,0.74100,2290360
2025-08-07T08:00:00+00:00,0.74110,0.74400,0.74100,0.74270,4091148
2025-08-07T08:15:00+00:00,0.74270,0.74460,0.74250,0.74400,3214279
2025-08-07T08:30:00+00:00,0.74400,0.74400,0.74200,0.74240,4755266
2025-08-07T08:45:00+00:00,0.74250,0.74300,0.74080,0.74110,2269607
2025-08-07T09:00:00+00:00,0.74120,0.74220,0.73950,0.73980,2800160
2025-08-07T09:15:00+00:00,0.73990,0.74210,0.73970,0.74190,1783196
2025-08-07T09:30:00+00:00,0.74190,0.74220,0.74020,0.74180,2116102
2025-08-07T09:45:00+00:00,0.74190,0.74300,0.74080,0.74270,1589025
2025-08-07T10:00:00+00:00,0.74280,0.75480,0.74230,0.75450,25905850
2025-08-07T10:15:00+00:00,0.75450,0.75700,0.75330,0.75660,20208196
2025-08-07T10:30:00+00:00,0.75660,0.76260,0.75660,0.76230,22711749
2025-08-07T10:45:00+00:00,0.76230,0.76400,0.76140,0.76340,11074592
2025-08-07T11:00:00+00:00,0.76330,0.76510,0.76170,0.76490,11446147
2025-08-07T11:15:00+00:00,0.76480,0.76660,0.76260,0.76650,7551619
2025-08-07T11:30:00+00:00,0.76650,0.76830,0.76340,0.76700,18086129
2025-08-07T11:45:00+00:00,0.76690,0.77000,0.76270,0.76710,38652572
2025-08-07T12:00:00+00:00,0.76710,0.77380,0.76710,0.77060,25471609
2025-08-07T12:15:00+00:00,0.77060,0.77200,0.76740,0.76970,12373709
2025-08-07T12:30:00+00:00,0.76960,0.76960,0.76620,0.76660,6767145
2025-08-07T12:45:00+00:00,0.76660,0.76770,0.76380,0.76770,7801997
2025-08-07T13:00:00+00:00,0.76770,0.76850,0.76520,0.76590,5004189
2025-08-07T13:15:00+00:00,0.76590,0.76810,0.76530,0.76780,4939296
2025-08-07T13:30:00+00:00,0.76780,0.77110,0.76670,0.76940,7407662
2025-08-07T13:45:00+00:00,0.76930,0.76930,0.76590,0.76700,4749969
2025-08-07T14:00:00+00:00,0.76710,0.76760,0.76250,0.76290,8994381
2025-08-07T14:15:00+00:00,0.76290,0.76450,0.76110,0.76150,8646833
2025-08-07T14:30:00+00:00,0.76160,0.76310,0.75910,0.76020,8231651
2025-08-07T14:45:00+00:00,0.76010,0.76070,0.75820,0.75940,5358806
2025-08-07T15:00:00+00:00,0.75930,0.75990,0.75730,0.75910,6597413
2025-08-07T15:15:00+00:00,0.75900,0.76230,0.75850,0.76150,5368607
2025-08-07T15:30:00+00:00,0.76140,0.76370,0.76130,0.76350,6315201
2025-08-07T15:45:00+00:00,0.76340,0.76380,0.76170,0.76270,4760476
2025-08-07T16:00:00+00:00,0.76260,0.76340,0.76040,0.76110,8435651
2025-08-07T16:15:00+00:00,0.76100,0.76210,0.75920,0.76120,4252300
2025-08-07T16:30:00+00:00,0.76110,0.76190,0.75460,0.75480,7932254
2025-08-07T16:45:00+00:00,0.75480,0.75560,0.73580,0.75240,53409530
2025-08-07T17:00:00+00:00,0.75230,0.75380,0.75020,0.75200,10274746
2025-08-07T17:15:00+00:00,0.75210,0.75330,0.75090,0.75140,5291030
2025-08-07T17:30:00+00:00,0.75140,0.75380,0.75010,0.75350,4433195
2025-08-07T17:45:00+00:00,0.75350,0.75480,0.75270,0.75350,4952962
2025-08-07T18:00:00+00:00,0.75350,0.75380,0.75060,0.75060,3610705
2025-08-07T18:15:00+00:00,0.75070,0.75360,0.74990,0.75310,3189134
2025-08-07T18:30:00+00:00,0.75300,0.75330,0.75140,0.75150,1491476
2025-08-07T18:45:00+00:00,0.75150,0.75530,0.75120,0.75460,14962964
2025-08-07T19:00:00+00:00,0.75460,0.75590,0.75440,0.75490,4975641
2025-08-07T19:15:00+00:00,0.75490,0.75670,0.75410,0.75670,2853493
2025-08-07T19:30:00+00:00,0.75670,0.76150,0.75580,0.76130,9504803
2025-08-07T19:45:00+00:00,0.76140,0.76590,0.76130,0.76540,13732153
2025-08-07T20:00:00+00:00,0.76540,0.76680,0.76350,0.76440,8377828
2025-08-07T20:15:00+00:00,0.76430,0.76700,0.76380,0.76690,5810779
2025-08-07T20:30:00+00:00,0.76690,0.76860,0.76610,0.76800,4498911
2025-08-07T20:45:00+00:00,0.76800,0.76940,0.76060,0.76920,23525575
2025-08-07T21:00:00+00:00,0.76920,0.76950,0.76700,0.76750,4743176
2025-08-07T21:15:00+00:00,0.76750,0.77420,0.76740,0.77310,7395159
2025-08-07T21:30:00+00:00,0.77320,0.77530,0.77210,0.77350,11895784
2025-08-07T21:45:00+00:00,0.77350,0.78090,0.77220,0.77610,23850008
2025-08-07T22:00:00+00:00,0.77610,0.78090,0.77610,0.77910,16079826
2025-08-07T22:15:00+00:00,0.77910,0.78120,0.77680,0.77920,7459453
2025-08-07T22:30:00+00:00,0.77920,0.78050,0.77700,0.78040,4190684
2025-08-07T22:45:00+00:00,0.78040,0.78820,0.77980,0.78740,11782988
2025-08-07T23:00:00+00:00,0.78740,0.78820,0.78120,0.78170,12792774
2025-08-07T23:15:00+00:00,0.78170,0.78470,0.78150,0.78360,5582005
2025-08-07T23:30:00+00:00,0.78360,0.78610,0.78270,0.78560,7836814
2025-08-07T23:45:00+00:00,0.78560,0.78750,0.78520,0.78710,6261030
2025-08-08T00:00:00+00:00,0.78710,0.79410,0.78270,0.79210,26661737
2025-08-08T00:15:00+00:00,0.79210,0.79210,0.77760,0.78570,38541833
2025-08-08T00:30:00+00:00,0.78580,0.80090,0.78250,0.79410,28042436
2025-08-08T00:45:00+00:00,0.79420,0.79620,0.78830,0.78870,13049734
2025-08-08T01:00:00+00:00,0.78870,0.79430,0.77970,0.79300,37335018
2025-08-08T01:15:00+00:00,0.79300,0.79300,0.78100,0.78720,35454861
2025-08-08T01:30:00+00:00,0.78720,0.78780,0.78320,0.78540,10288399
2025-08-08T01:45:00+00:00,0.78540,0.78950,0.78360,0.78910,5239786
2025-08-08T02:00:00+00:00,0.78900,0.78970,0.78650,0.78830,4384276
2025-08-08T02:15:00+00:00,0.78830,0.78890,0.78460,0.78680,5331511
2025-08-08T02:30:00+00:00,0.78670,0.78960,0.78570,0.78800,4402464
2025-08-08T02:45:00+00:00,0.78790,0.79260,0.78750,0.78860,6716514
2025-08-08T03:00:00+00:00,0.78870,0.79680,0.78750,0.79580,6993960
2025-08-08T03:15:00+00:00,0.79580,0.79840,0.79440,0.79700,12497005
2025-08-08T03:30:00+00:00,0.79710,0.79810,0.79370,0.79460,6875986
2025-08-08T03:45:00+00:00,0.79470,0.79550,0.79280,0.79550,3959794
2025-08-08T04:00:00+00:00,0.79550,0.79860,0.79080,0.79200,10418217
2025-08-08T04:15:00+00:00,0.79210,0.79320,0.79040,0.79310,3844858
2025-08-08T04:30:00+00:00,0.79320,0.79740,0.79210,0.79390,8524366
2025-08-08T04:45:00+00:00,0.79390,0.79540,0.78930,0.78960,8130289
2025-08-08T05:00:00+00:00,0.78970,0.79000,0.78740,0.78870,6317623
2025-08-08T05:15:00+00:00,0.78870,0.79280,0.78700,0.78850,14348227
2025-08-08T05:30:00+00:00,0.78840,0.78970,0.78650,0.78940,5297295
2025-08-08T05:45:00+00:00,0.78940,0.78990,0.78740,0.78930,2968421
2025-08-08T06:00:00+00:00,0.78930,0.79340,0.78830,0.79340,7433144
2025-08-08T06:15:00+00:00,0.79330,0.79730,0.79190,0.79720,6069164
2025-08-08T06:30:00+00:00,0.79710,0.79900,0.79620,0.79680,8022814
2025-08-08T06:45:00+00:00,0.79680,0.79680,0.79200,0.79630,13732688
2025-08-08T07:00:00+00:00,0.79620,0.79700,0.79050,0.79430,6307401
2025-08-08T07:15:00+00:00,0.79440,0.80000,0.79410,0.79630,7129633
2025-08-08T07:30:00+00:00,0.79630,0.79960,0.79590,0.79750,8531361
2025-08-08T07:45:00+00:00,0.79750,0.80000,0.79660,0.79900,5852687
2025-08-08T08:00:00+00:00,0.79900,0.80330,0.79780,0.80320,8103529
2025-08-08T08:15:00+00:00,0.80330,0.80330,0.79750,0.79880,6938505
2025-08-08T08:30:00+00:00,0.79870,0.79890,0.79520,0.79700,6633920
2025-08-08T08:45:00+00:00,0.79690,0.79700,0.79250,0.79530,5908163
2025-08-08T09:00:00+00:00,0.79540,0.79930,0.79370,0.79720,4709763
2025-08-08T09:15:00+00:00,0.79730,0.79940,0.79440,0.79590,5119391
2025-08-08T09:30:00+00:00,0.79590,0.79610,0.79340,0.79510,3529302
2025-08-08T09:45:00+00:00,0.79520,0.80030,0.79500,0.79940,4688410
2025-08-08T10:00:00+00:00,0.79940,0.80300,0.79900,0.80070,10621988
2025-08-08T10:15:00+00:00,0.80080,0.80240,0.79900,0.79900,9037291
2025-08-08T10:30:00+00:00,0.79910,0.80200,0.79770,0.79960,4564473
2025-08-08T10:45:00+00:00,0.79950,0.80140,0.79720,0.80000,4513046
2025-08-08T11:00:00+00:00,0.80000,0.80380,0.80000,0.80330,6600271
2025-08-08T11:15:00+00:00,0.80320,0.80500,0.80090,0.80100,5572278
2025-08-08T11:30:00+00:00,0.80100,0.80340,0.79930,0.80000,6150822
2025-08-08T11:45:00+00:00,0.80000,0.80070,0.79890,0.79920,5125584
2025-08-08T12:00:00+00:00,0.79930,0.79930,0.79100,0.79400,14657326
2025-08-08T12:15:00+00:00,0.79400,0.79500,0.79030,0.79120,8599326
2025-08-08T12:30:00+00:00,0.79130,0.79220,0.78890,0.78990,8687542
2025-08-08T12:45:00+00:00,0.78990,0.79110,0.78460,0.78670,18515892
2025-08-08T13:00:00+00:00,0.78670,0.78980,0.78670,0.78810,5682481
2025-08-08T13:15:00+00:00,0.78810,0.79050,0.78710,0.79040,4663052
2025-08-08T13:30:00+00:00,0.79050,0.79260,0.78730,0.79160,6714620
2025-08-08T13:45:00+00:00,0.79170,0.80110,0.79170,0.80090,17862090
2025-08-08T14:00:00+00:00,0.80100,0.80670,0.79700,0.79880,29523329
2025-08-08T14:15:00+00:00,0.79890,0.79950,0.79220,0.79500,12441285
2025-08-08T14:30:00+00:00,0.79510,0.79550,0.78500,0.78820,19319877
2025-08-08T14:45:00+00:00,0.78820,0.79260,0.78790,0.78930,8289257
2025-08-08T15:00:00+00:00,0.78940,0.79000,0.78090,0.78330,12847268
2025-08-08T15:15:00+00:00,0.78340,0.78420,0.78100,0.78230,5663845
2025-08-08T15:30:00+00:00,0.78230,0.78320,0.77550,0.77730,16886844
2025-08-08T15:45:00+00:00,0.77730,0.78210,0.77710,0.78140,8136239
2025-08-08T16:00:00+00:00,0.78140,0.78510,0.77990,0.78060,14607117
2025-08-08T16:15:00+00:00,0.78070,0.78360,0.77950,0.78180,4934695
2025-08-08T16:30:00+00:00,0.78180,0.78370,0.78010,0.78120,3946752
2025-08-08T16:45:00+00:00,0.78120,0.78530,0.78120,0.78510,4509270
2025-08-08T17:00:00+00:00,0.78510,0.78950,0.78420,0.78890,7025764
2025-08-08T17:15:00+00:00,0.78890,0.79190,0.78800,0.79090,5851150
2025-08-08T17:30:00+00:00,0.79080,0.80020,0.79050,0.79670,16800296
2025-08-08T17:45:00+00:00,0.79670,0.79940,0.79530,0.79880,7314478
2025-08-08T18:00:00+00:00,0.79890,0.79980,0.79740,0.79800,7061363
2025-08-08T18:15:00+00:00,0.79790,0.80090,0.79650,0.79730,6926984
2025-08-08T18:30:00+00:00,0.79720,0.79960,0.78980,0.79350,32303006
2025-08-08T18:45:00+00:00,0.79340,0.79450,0.79090,0.79400,6867706
2025-08-08T19:00:00+00:00,0.79400,0.79560,0.79240,0.79360,5071417
2025-08-08T19:15:00+00:00,0.79360,0.79680,0.79340,0.79610,3327546
2025-08-08T19:30:00+00:00,0.79600,0.79720,0.79390,0.79560,2852387
2025-08-08T19:45:00+00:00,0.79550,0.79920,0.79370,0.79900,4449750
2025-08-08T20:00:00+00:00,0.79910,0.80040,0.79340,0.79380,7221515
2025-08-08T20:15:00+00:00,0.79390,0.79450,0.79220,0.79440,2406276
2025-08-08T20:30:00+00:00,0.79430,0.79620,0.79390,0.79610,2415419
2025-08-08T20:45:00+00:00,0.79610,0.79750,0.79410,0.79640,2899041
2025-08-08T21:00:00+00:00,0.79630,0.79830,0.79490,0.79720,3536289
2025-08-08T21:15:00+00:00,0.79710,0.79710,0.79360,0.79470,2688080
2025-08-08T21:30:00+00:00,0.79460,0.79690,0.79460,0.79620,1890744
2025-08-08T21:45:00+00:00,0.79610,0.79690,0.79530,0.79530,1214864
2025-08-08T22:00:00+00:00,0.79520,0.79590,0.79310,0.79470,4304286
2025-08-08T22:15:00+00:00,0.79480,0.79730,0.79390,0.79660,2383247
2025-08-08T22:30:00+00:00,0.79650,0.79670,0.79340,0.79420,3252975
2025-08-08T22:45:00+00:00,0.79420,0.79570,0.79350,0.79440,1581484
2025-08-08T23:00:00+00:00,0.79440,0.79540,0.79360,0.79450,2129374
2025-08-08T23:15:00+00:00,0.79450,0.79490,0.79250,0.79280,1903296
2025-08-08T23:30:00+00:00,0.79280,0.79280,0.79000,0.79160,4844258
2025-08-08T23:45:00+00:00,0.79150,0.79190,0.79000,0.79100,2157271
2025-08-09T00:00:00+00:00,0.79090,0.79330,0.79020,0.79300,4305776
2025-08-09T00:15:00+00:00,0.79310,0.79350,0.79070,0.79100,3214042
2025-08-09T00:30:00+00:00,0.79090,0.79200,0.78930,0.79030,4313407
2025-08-09T00:45:00+00:00,0.79020,0.79230,0.78960,0.79230,3189377
2025-08-09T01:00:00+00:00,0.79220,0.79490,0.79050,0.79330,3087035
2025-08-09T01:15:00+00:00,0.79340,0.79400,0.79140,0.79370,2962549
2025-08-09T01:30:00+00:00,0.79360,0.79780,0.79350,0.79770,4524734
2025-08-09T01:45:00+00:00,0.79780,0.80030,0.79720,0.79780,3273000
2025-08-09T02:00:00+00:00,0.79780,0.79790,0.79600,0.79710,2912172
2025-08-09T02:15:00+00:00,0.79720,0.79990,0.79710,0.79950,2113437
2025-08-09T02:30:00+00:00,0.79960,0.79980,0.79680,0.79960,3589235
2025-08-09T02:45:00+00:00,0.79960,0.79960,0.79770,0.79860,2320736
2025-08-09T03:00:00+00:00,0.79860,0.80000,0.79690,0.79970,3830504
2025-08-09T03:15:00+00:00,0.79980,0.80010,0.79840,0.79920,2612114
2025-08-09T03:30:00+00:00,0.79920,0.79990,0.79620,0.79700,3300229
2025-08-09T03:45:00+00:00,0.79690,0.79720,0.79470,0.79530,3303897
2025-08-09T04:00:00+00:00,0.79540,0.79720,0.79350,0.79710,3773361
2025-08-09T04:15:00+00:00,0.79720,0.79790,0.79570,0.79590,4219583
2025-08-09T04:30:00+00:00,0.79590,0.80130,0.79550,0.79960,7998761
2025-08-09T04:45:00+00:00,0.79960,0.80240,0.79900,0.80170,4663617
2025-08-09T05:00:00+00:00,0.80170,0.80940,0.80050,0.80820,21976931
2025-08-09T05:15:00+00:00,0.80810,0.81560,0.80760,0.81490,13636349
2025-08-09T05:30:00+00:00,0.81490,0.81700,0.81110,0.81240,13646952
2025-08-09T05:45:00+00:00,0.81240,0.81420,0.81020,0.81080,7637075
2025-08-09T06:00:00+00:00,0.81080,0.81120,0.80500,0.80520,11587546
2025-08-09T06:15:00+00:00,0.80530,0.80780,0.80450,0.80600,7254744
2025-08-09T06:30:00+00:00,0.80600,0.80610,0.80060,0.80100,9006139
2025-08-09T06:45:00+00:00,0.80100,0.80300,0.80030,0.80270,4565782
2025-08-09T07:00:00+00:00,0.80260,0.80580,0.80160,0.80530,6665818
2025-08-09T07:15:00+00:00,0.80540,0.80680,0.80450,0.80560,4511326
2025-08-09T07:30:00+00:00,0.80560,0.80590,0.80250,0.80420,4109243
2025-08-09T07:45:00+00:00,0.80420,0.80680,0.80380,0.80660,3314181
2025-08-09T08:00:00+00:00,0.80660,0.80850,0.80530,0.80610,5380924
2025-08-09T08:15:00+00:00,0.80600,0.80890,0.80440,0.80880,4714171
2025-08-09T08:30:00+00:00,0.80890,0.81120,0.80730,0.81110,5983651
2025-08-09T08:45:00+00:00,0.81120,0.81120,0.80500,0.80900,5053842
2025-08-09T09:00:00+00:00,0.80900,0.81140,0.80740,0.81110,5299689
2025-08-09T09:15:00+00:00,0.81120,0.81130,0.80840,0.81000,4055832
2025-08-09T09:30:00+00:00,0.81000,0.81330,0.80910,0.81290,4788217
2025-08-09T09:45:00+00:00,0.81290,0.81580,0.81230,0.81430,7135605
2025-08-09T10:00:00+00:00,0.81440,0.81730,0.81260,0.81610,8094721
2025-08-09T10:15:00+00:00,0.81620,0.81640,0.81300,0.81450,7034314
2025-08-09T10:30:00+00:00,0.81440,0.81590,0.81210,0.81260,7262063
2025-08-09T10:45:00+00:00,0.81270,0.81550,0.81160,0.81190,4262546
2025-08-09T11:00:00+00:00,0.81200,0.81220,0.80800,0.80820,6298816
2025-08-09T11:15:00+00:00,0.80820,0.81050,0.80810,0.80960,4283339
2025-08-09T11:30:00+00:00,0.80950,0.80970,0.80510,0.80770,6095357
2025-08-09T11:45:00+00:00,0.80780,0.80820,0.80580,0.80660,4166428
2025-08-09T12:00:00+00:00,0.80650,0.80950,0.80470,0.80930,7332426
2025-08-09T12:15:00+00:00,0.80930,0.81770,0.80920,0.81650,13306161
2025-08-09T12:30:00+00:00,0.81650,0.81860,0.81430,0.81430,11122973
2025-08-09T12:45:00+00:00,0.81440,0.82030,0.81420,0.81850,9435518
2025-08-09T13:00:00+00:00,0.81860,0.81990,0.80870,0.80920,13111841
2025-08-09T13:15:00+00:00,0.80920,0.81360,0.80880,0.81010,13360028
2025-08-09T13:30:00+00:00,0.81010,0.81030,0.80580,0.80790,9076134
2025-08-09T13:45:00+00:00,0.80790,0.80800,0.80250,0.80280,9017795
2025-08-09T14:00:00+00:00,0.80280,0.80580,0.79580,0.80580,23641449
2025-08-09T14:15:00+00:00,0.80570,0.80830,0.80300,0.80770,5567460
2025-08-09T14:30:00+00:00,0.80780,0.80890,0.80500,0.80800,6497488
2025-08-09T14:45:00+00:00,0.80810,0.80940,0.80640,0.80900,3254308
2025-08-09T15:00:00+00:00,0.80900,0.81050,0.80450,0.80650,6234471
2025-08-09T15:15:00+00:00,0.80660,0.80940,0.80010,0.80420,13596897
2025-08-09T15:30:00+00:00,0.80420,0.80550,0.80180,0.80390,4147757
2025-08-09T15:45:00+00:00,0.80380,0.80680,0.80260,0.80470,2886932
2025-08-09T16:00:00+00:00,0.80470,0.81160,0.80470,0.81140,7019084
2025-08-09T16:15:00+00:00,0.81140,0.81400,0.81020,0.81110,7800543
2025-08-09T16:30:00+00:00,0.81110,0.81290,0.80660,0.81070,7491839
2025-08-09T16:45:00+00:00,0.81070,0.81130,0.80800,0.80870,4907333
2025-08-09T17:00:00+00:00,0.80870,0.81530,0.80750,0.81230,9164335
2025-08-09T17:15:00+00:00,0.81230,0.81650,0.81210,0.81590,5916590
2025-08-09T17:30:00+00:00,0.81590,0.82000,0.81440,0.81930,8487433
2025-08-09T17:45:00+00:00,0.81930,0.82000,0.81640,0.81780,5458370
2025-08-09T18:00:00+00:00,0.81790,0.81790,0.81450,0.81580,4750068
2025-08-09T18:15:00+00:00,0.81570,0.81910,0.81430,0.81810,4268888
2025-08-09T18:30:00+00:00,0.81820,0.81840,0.81490,0.81490,3264686
2025-08-09T18:45:00+00:00,0.81490,0.81730,0.81400,0.81560,4007526
2025-08-09T19:00:00+00:00,0.81560,0.82100,0.81490,0.81960,4820661
2025-08-09T19:15:00+00:00,0.81960,0.82020,0.81580,0.81910,3820074
2025-08-09T19:30:00+00:00,0.81900,0.82040,0.81610,0.81800,6248476
2025-08-09T19:45:00+00:00,0.81790,0.81920,0.81450,0.81560,4225182
2025-08-09T20:00:00+00:00,0.81560,0.81680,0.81290,0.81420,6531836
2025-08-09T20:15:00+00:00,0.81420,0.81600,0.81070,0.81530,9086722
2025-08-09T20:30:00+00:00,0.81520,0.81970,0.81330,0.81720,8709380
2025-08-09T20:45:00+00:00,0.81730,0.81790,0.81530,0.81690,2842586
2025-08-09T21:00:00+00:00,0.81680,0.81750,0.81360,0.81420,5244841
2025-08-09T21:15:00+00:00,0.81420,0.81420,0.80750,0.80780,8334805
2025-08-09T21:30:00+00:00,0.80780,0.80980,0.80530,0.80820,5133318
2025-08-09T21:45:00+00:00,0.80820,0.81190,0.80770,0.80810,2487773
2025-08-09T22:00:00+00:00,0.80800,0.80960,0.80740,0.80940,4071252
2025-08-09T22:15:00+00:00,0.80940,0.81450,0.80890,0.81320,4680198
2025-08-09T22:30:00+00:00,0.81310,0.81310,0.80540,0.80690,7157574
2025-08-09T22:45:00+00:00,0.80690,0.80690,0.80180,0.80470,7314384
2025-08-09T23:00:00+00:00,0.80470,0.80600,0.80150,0.80280,5335961
2025-08-09T23:15:00+00:00,0.80280,0.80390,0.80110,0.80190,3800469
2025-08-09T23:30:00+00:00,0.80180,0.80440,0.80120,0.80440,2993619
2025-08-09T23:45:00+00:00,0.80430,0.80530,0.80240,0.80250,2890993
2025-08-10T00:00:00+00:00,0.80260,0.80480,0.80060,0.80440,5531049
2025-08-10T00:15:00+00:00,0.80440,0.80570,0.80380,0.80480,2821501
2025-08-10T00:30:00+00:00,0.80480,0.80670,0.80300,0.80670,3366973
2025-08-10T00:45:00+00:00,0.80670,0.81160,0.80530,0.81070,6857872
2025-08-10T01:00:00+00:00,0.81080,0.81400,0.80660,0.80660,9120186
2025-08-10T01:15:00+00:00,0.80660,0.80950,0.80650,0.80800,3179375
2025-08-10T01:30:00+00:00,0.80800,0.81310,0.80790,0.81180,5090092
2025-08-10T01:45:00+00:00,0.81180,0.81410,0.80900,0.81360,3375438
2025-08-10T02:00:00+00:00,0.81370,0.81540,0.80990,0.81270,5960911
2025-08-10T02:15:00+00:00,0.81270,0.81630,0.81230,0.81570,6984972
2025-08-10T02:30:00+00:00,0.81570,0.81630,0.80770,0.80800,6926964
2025-08-10T02:45:00+00:00,0.80810,0.81300,0.80800,0.81090,6395507
2025-08-10T03:00:00+00:00,0.81080,0.81480,0.80870,0.81410,7055332
2025-08-10T03:15:00+00:00,0.81410,0.82000,0.81000,0.81870,16750557
2025-08-10T03:30:00+00:00,0.81870,0.82230,0.81540,0.82120,10832458
2025-08-10T03:45:00+00:00,0.82120,0.82470,0.82010,0.82350,11623642
2025-08-10T04:00:00+00:00,0.82340,0.82500,0.81930,0.82460,6562327
2025-08-10T04:15:00+00:00,0.82460,0.82750,0.82330,0.82670,7705287
2025-08-10T04:30:00+00:00,0.82670,0.83050,0.82620,0.83020,11139290
2025-08-10T04:45:00+00:00,0.83010,0.83430,0.82910,0.83370,11653389
2025-08-10T05:00:00+00:00,0.83360,0.83370,0.82830,0.82870,12872656
2025-08-10T05:15:00+00:00,0.82870,0.82940,0.81700,0.81910,22057671
2025-08-10T05:30:00+00:00,0.81900,0.82220,0.81740,0.81980,11000065
2025-08-10T05:45:00+00:00,0.81980,0.81980,0.81080,0.81160,17711534
2025-08-10T06:00:00+00:00,0.81170,0.81290,0.81000,0.81080,7903133
2025-08-10T06:15:00+00:00,0.81090,0.81090,0.80340,0.80530,14942676
2025-08-10T06:30:00+00:00,0.80540,0.80980,0.80450,0.80830,7121230
2025-08-10T06:45:00+00:00,0.80830,0.81150,0.80740,0.81000,6827627
2025-08-10T07:00:00+00:00,0.81000,0.81200,0.80880,0.80910,5942021
2025-08-10T07:15:00+00:00,0.80900,0.81020,0.80520,0.80520,6674007
2025-08-10T07:30:00+00:00,0.80510,0.80650,0.79040,0.79140,41023737
2025-08-10T07:45:00+00:00,0.79150,0.79760,0.78900,0.79420,15540568
2025-08-10T08:00:00+00:00,0.79410,0.79450,0.78390,0.79090,29196624
2025-08-10T08:15:00+00:00,0.79100,0.79600,0.79050,0.79590,8975325
2025-08-10T08:30:00+00:00,0.79600,0.79890,0.79500,0.79780,7451268
2025-08-10T08:45:00+00:00,0.79790,0.80120,0.79770,0.80040,6008998
2025-08-10T09:00:00+00:00,0.80040,0.80200,0.79610,0.79830,7255455
2025-08-10T09:15:00+00:00,0.79820,0.80120,0.79800,0.79840,3783816
2025-08-10T09:30:00+00:00,0.79840,0.80040,0.79770,0.79880,3699079
2025-08-10T09:45:00+00:00,0.79880,0.80090,0.79630,0.79720,5160403
2025-08-10T10:00:00+00:00,0.79720,0.79940,0.79540,0.79550,5526946
2025-08-10T10:15:00+00:00,0.79550,0.79610,0.79130,0.79130,6325781
2025-08-10T10:30:00+00:00,0.79130,0.79470,0.78800,0.79440,10449482
2025-08-10T10:45:00+00:00,0.79450,0.79610,0.78940,0.78980,6056140
2025-08-10T11:00:00+00:00,0.78990,0.79020,0.78680,0.78920,5354428
2025-08-10T11:15:00+00:00,0.78930,0.79250,0.78800,0.79170,3933780
2025-08-10T11:30:00+00:00,0.79170,0.79540,0.79010,0.79290,8193572
2025-08-10T11:45:00+00:00,0.79300,0.79420,0.78980,0.79010,6533744
2025-08-10T12:00:00+00:00,0.79010,0.79200,0.78830,0.78950,4923481
2025-08-10T12:15:00+00:00,0.78950,0.79160,0.78870,0.79110,3466626
2025-08-10T12:30:00+00:00,0.79110,0.79480,0.79080,0.79370,8203113
2025-08-10T12:45:00+00:00,0.79360,0.79480,0.79190,0.79380,3385828
2025-08-10T13:00:00+00:00,0.79380,0.79740,0.79290,0.79630,4760527
2025-08-10T13:15:00+00:00,0.79630,0.79860,0.79440,0.79660,4468250
2025-08-10T13:30:00+00:00,0.79660,0.79680,0.79040,0.79220,6971107
2025-08-10T13:45:00+00:00,0.79230,0.79370,0.78780,0.78880,5830070
2025-08-10T14:00:00+00:00,0.78880,0.79400,0.78670,0.79310,7330502
2025-08-10T14:15:00+00:00,0.79310,0.79860,0.79250,0.79820,7473714
2025-08-10T14:30:00+00:00,0.79820,0.80440,0.79790,0.80350,13765875
2025-08-10T14:45:00+00:00,0.80360,0.80420,0.79910,0.80140,8249829
2025-08-10T15:00:00+00:00,0.80150,0.80380,0.79850,0.80370,12574551
2025-08-10T15:15:00+00:00,0.80370,0.80550,0.79990,0.80450,8167047
2025-08-10T15:30:00+00:00,0.80460,0.80500,0.80050,0.80290,3358932
2025-08-10T15:45:00+00:00,0.80290,0.80500,0.79940,0.80050,3494429
2025-08-10T16:00:00+00:00,0.80050,0.80470,0.79960,0.80240,3761058
2025-08-10T16:15:00+00:00,0.80240,0.80540,0.80230,0.80340,4562464
2025-08-10T16:30:00+00:00,0.80350,0.80510,0.80210,0.80420,2829167
2025-08-10T16:45:00+00:00,0.80420,0.80520,0.80140,0.80330,4545366
2025-08-10T17:00:00+00:00,0.80330,0.80500,0.80180,0.80210,2991253
2025-08-10T17:15:00+00:00,0.80210,0.80260,0.79890,0.80010,4100781
2025-08-10T17:30:00+00:00,0.80000,0.80350,0.80000,0.80140,2295582
2025-08-10T17:45:00+00:00,0.80140,0.80390,0.80110,0.80310,3390201
2025-08-10T18:00:00+00:00,0.80310,0.80610,0.80270,0.80510,3195891
2025-08-10T18:15:00+00:00,0.80510,0.80600,0.80380,0.80480,2214413
2025-08-10T18:30:00+00:00,0.80480,0.80640,0.80400,0.80460,2519434
2025-08-10T18:45:00+00:00,0.80450,0.80750,0.80390,0.80700,2812033
2025-08-10T19:00:00+00:00,0.80700,0.80800,0.80460,0.80780,3657637
2025-08-10T19:15:00+00:00,0.80780,0.80830,0.80400,0.80470,4440754
2025-08-10T19:30:00+00:00,0.80470,0.80700,0.80410,0.80550,5063635
2025-08-10T19:45:00+00:00,0.80540,0.80690,0.80500,0.80550,2253655
2025-08-10T20:00:00+00:00,0.80540,0.80600,0.79880,0.80170,10054136
2025-08-10T20:15:00+00:00,0.80170,0.80260,0.79700,0.79970,10043433
2025-08-10T20:30:00+00:00,0.79970,0.80260,0.79770,0.80200,3576742
2025-08-10T20:45:00+00:00,0.80200,0.80230,0.79860,0.79890,1916173
2025-08-10T21:00:00+00:00,0.79890,0.79910,0.79330,0.79590,7730607
2025-08-10T21:15:00+00:00,0.79590,0.79860,0.79440,0.79470,3010234
2025-08-10T21:30:00+00:00,0.79470,0.79540,0.79080,0.79290,4324763
2025-08-10T21:45:00+00:00,0.79290,0.79890,0.79290,0.79890,2616189
2025-08-10T22:00:00+00:00,0.79880,0.79920,0.79560,0.79840,5641114
2025-08-10T22:15:00+00:00,0.79840,0.80190,0.79830,0.79970,3296623
2025-08-10T22:30:00+00:00,0.79970,0.80160,0.79970,0.80080,2134524
2025-08-10T22:45:00+00:00,0.80080,0.80090,0.79750,0.80030,3461277
2025-08-10T23:00:00+00:00,0.80030,0.80300,0.79860,0.79870,4373230
2025-08-10T23:15:00+00:00,0.79870,0.79950,0.79620,0.79930,3408671
2025-08-10T23:30:00+00:00,0.79920,0.80160,0.79900,0.80110,2900833
2025-08-10T23:45:00+00:00,0.80100,0.80250,0.80070,0.80110,2767429
2025-08-11T00:00:00+00:00,0.80120,0.80170,0.79630,0.79860,5719850
2025-08-11T00:15:00+00:00,0.79860,0.80490,0.79820,0.80480,4532257
2025-08-11T00:30:00+00:00,0.80470,0.80530,0.80030,0.80100,4959864
2025-08-11T00:45:00+00:00,0.80110,0.80250,0.79900,0.79950,2801035
2025-08-11T01:00:00+00:00,0.79950,0.80420,0.79850,0.80300,2718056
2025-08-11T01:15:00+00:00,0.80310,0.80710,0.80210,0.80670,5105215
2025-08-11T01:30:00+00:00,0.80670,0.81220,0.80670,0.81110,9374324
2025-08-11T01:45:00+00:00,0.81130,0.81140,0.80810,0.81070,4240365
2025-08-11T02:00:00+00:00,0.81070,0.82060,0.80990,0.81940,20610435
2025-08-11T02:15:00+00:00,0.81950,0.82540,0.81820,0.82520,15263629
2025-08-11T02:30:00+00:00,0.82520,0.82950,0.82350,0.82940,10560693
2025-08-11T02:45:00+00:00,0.82940,0.82990,0.82630,0.82680,8183364
2025-08-11T03:00:00+00:00,0.82680,0.82730,0.82020,0.82590,14307875
2025-08-11T03:15:00+00:00,0.82590,0.82880,0.82400,0.82500,13975047
2025-08-11T03:30:00+00:00,0.82500,0.82650,0.82210,0.82260,6161561
2025-08-11T03:45:00+00:00,0.82260,0.82620,0.82210,0.82540,7874146
2025-08-11T04:00:00+00:00,0.82540,0.83370,0.82520,0.83210,16397187
2025-08-11T04:15:00+00:00,0.83210,0.83280,0.82770,0.82800,4797935
2025-08-11T04:30:00+00:00,0.82800,0.82940,0.82610,0.82720,7559167
2025-08-11T04:45:00+00:00,0.82720,0.82900,0.82450,0.82460,7001602
2025-08-11T05:00:00+00:00,0.82460,0.82840,0.82430,0.82760,6105632
2025-08-11T05:15:00+00:00,0.82760,0.82760,0.82230,0.82280,6299180
2025-08-11T05:30:00+00:00,0.82270,0.82360,0.82150,0.82180,6069461
2025-08-11T05:45:00+00:00,0.82170,0.82200,0.81860,0.82180,10909702
2025-08-11T06:00:00+00:00,0.82190,0.82480,0.82140,0.82190,8146773
2025-08-11T06:15:00+00:00,0.82180,0.82340,0.81870,0.81990,5072279
2025-08-11T06:30:00+00:00,0.82000,0.82280,0.81920,0.82280,5491185
2025-08-11T06:45:00+00:00,0.82280,0.82530,0.82070,0.82470,7221478
2025-08-11T07:00:00+00:00,0.82460,0.82520,0.82190,0.82220,4270376
2025-08-11T07:15:00+00:00,0.82220,0.82230,0.81640,0.81720,7265382
2025-08-11T07:30:00+00:00,0.81710,0.81730,0.81230,0.81450,9809791
2025-08-11T07:45:00+00:00,0.81450,0.81450,0.80720,0.80910,11482668
2025-08-11T08:00:00+00:00,0.80900,0.81040,0.80370,0.81000,17665052
2025-08-11T08:15:00+00:00,0.81010,0.81700,0.80950,0.81680,15107699
2025-08-11T08:30:00+00:00,0.81680,0.82040,0.81500,0.81860,8800462
2025-08-11T08:45:00+00:00,0.81860,0.81880,0.81540,0.81650,6131247
2025-08-11T09:00:00+00:00,0.81640,0.81900,0.81570,0.81780,4367967
2025-08-11T09:15:00+00:00,0.81770,0.81770,0.81380,0.81660,7123791
2025-08-11T09:30:00+00:00,0.81660,0.82000,0.81310,0.81630,10852711
2025-08-11T09:45:00+00:00,0.81620,0.81670,0.81060,0.81320,5701767
2025-08-11T10:00:00+00:00,0.81320,0.81360,0.80880,0.81200,6951875
2025-08-11T10:15:00+00:00,0.81190,0.81440,0.80730,0.81220,10121352
2025-08-11T10:30:00+00:00,0.81210,0.81300,0.80780,0.80870,5450736
2025-08-11T10:45:00+00:00,0.80880,0.81040,0.80550,0.80670,6659307
2025-08-11T11:00:00+00:00,0.80680,0.80810,0.80170,0.80230,9735898
2025-08-11T11:15:00+00:00,0.80230,0.80240,0.79180,0.79210,20206076
2025-08-11T11:30:00+00:00,0.79220,0.79660,0.78920,0.79520,28443165
2025-08-11T11:45:00+00:00,0.79520,0.79560,0.78560,0.79020,21696607
2025-08-11T12:00:00+00:00,0.79020,0.79380,0.78700,0.79030,15006720
2025-08-11T12:15:00+00:00,0.79020,0.79290,0.78900,0.79000,7331850
2025-08-11T12:30:00+00:00,0.79000,0.79200,0.78340,0.78470,22747678
2025-08-11T12:45:00+00:00,0.78470,0.78910,0.78280,0.78840,11400917
2025-08-11T13:00:00+00:00,0.78850,0.78880,0.78230,0.78380,12910186
2025-08-11T13:15:00+00:00,0.78380,0.78800,0.78330,0.78460,9660230
2025-08-11T13:30:00+00:00,0.78470,0.79560,0.78400,0.79490,21318332
2025-08-11T13:45:00+00:00,0.79490,0.79720,0.79060,0.79410,15406636
2025-08-11T14:00:00+00:00,0.79410,0.79770,0.79000,0.79190,13498019
2025-08-11T14:15:00+00:00,0.79190,0.79580,0.79060,0.79360,6335085
2025-08-11T14:30:00+00:00,0.79360,0.79940,0.79250,0.79250,10890523
2025-08-11T14:45:00+00:00,0.79250,0.79320,0.78760,0.78990,7996881
2025-08-11T15:00:00+00:00,0.79000,0.79100,0.78620,0.78920,7953353
2025-08-11T15:15:00+00:00,0.78930,0.79360,0.78840,0.78880,5343007
2025-08-11T15:30:00+00:00,0.78890,0.79480,0.78790,0.79430,5565269
2025-08-11T15:45:00+00:00,0.79430,0.79640,0.79250,0.79580,4830777
2025-08-11T16:00:00+00:00,0.79590,0.80440,0.79530,0.80000,22171962
2025-08-11T16:15:00+00:00,0.80010,0.80210,0.79450,0.79720,8229386
2025-08-11T16:30:00+00:00,0.79730,0.79890,0.79130,0.79140,11043463
2025-08-11T16:45:00+00:00,0.79140,0.79570,0.79100,0.79330,5207429
2025-08-11T17:00:00+00:00,0.79340,0.79630,0.79250,0.79390,5405166
2025-08-11T17:15:00+00:00,0.79390,0.79720,0.78890,0.79600,10221685
2025-08-11T17:30:00+00:00,0.79600,0.79630,0.79030,0.79240,6946450
2025-08-11T17:45:00+00:00,0.79230,0.79240,0.78830,0.79020,5284146
2025-08-11T18:00:00+00:00,0.79030,0.79060,0.78300,0.78930,11413560
2025-08-11T18:15:00+00:00,0.78930,0.79150,0.78730,0.79030,4525923
2025-08-11T18:30:00+00:00,0.79040,0.79410,0.79030,0.79030,5413941
2025-08-11T18:45:00+00:00,0.79020,0.79440,0.78870,0.79300,4461018
2025-08-11T19:00:00+00:00,0.79300,0.79370,0.78960,0.78990,3516382
2025-08-11T19:15:00+00:00,0.79000,0.79150,0.78860,0.79080,3314067
2025-08-11T19:30:00+00:00,0.79070,0.79200,0.78730,0.78780,5068298
2025-08-11T19:45:00+00:00,0.78780,0.78900,0.77870,0.78460,22200593
2025-08-11T20:00:00+00:00,0.78470,0.78530,0.78190,0.78350,9361506
2025-08-11T20:15:00+00:00,0.78350,0.78530,0.78120,0.78450,6039453
2025-08-11T20:30:00+00:00,0.78440,0.78560,0.78070,0.78220,7179956
2025-08-11T20:45:00+00:00,0.78230,0.78370,0.78040,0.78140,4146505
2025-08-11T21:00:00+00:00,0.78140,0.78380,0.78010,0.78290,6014934
2025-08-11T21:15:00+00:00,0.78290,0.78320,0.77770,0.77850,6361319
2025-08-11T21:30:00+00:00,0.77850,0.77860,0.76740,0.77350,28343615
2025-08-11T21:45:00+00:00,0.77360,0.77420,0.76820,0.77400,7198435
2025-08-11T22:00:00+00:00,0.77400,0.77480,0.76910,0.77050,6721607
2025-08-11T22:15:00+00:00,0.77050,0.77270,0.76560,0.76920,12420529
2025-08-11T22:30:00+00:00,0.76920,0.77220,0.76750,0.77110,6025339
2025-08-11T22:45:00+00:00,0.77120,0.77300,0.77000,0.77250,4049164
2025-08-11T23:00:00+00:00,0.77250,0.77430,0.77110,0.77380,5143635
2025-08-11T23:15:00+00:00,0.77380,0.77510,0.77260,0.77340,4172425
2025-08-11T23:30:00+00:00,0.77350,0.77450,0.77200,0.77440,3173016
2025-08-11T23:45:00+00:00,0.77430,0.77450,0.77220,0.77230,2674367
2025-08-12T00:00:00+00:00,0.77230,0.77460,0.77080,0.77430,6020082
2025-08-12T00:15:00+00:00,0.77440,0.77830,0.77430,0.77630,7213021
2025-08-12T00:30:00+00:00,0.77630,0.77670,0.77350,0.77500,3542908
2025-08-12T00:45:00+00:00,0.77490,0.78130,0.77490,0.77960,6223319
2025-08-12T01:00:00+00:00,0.77960,0.78190,0.77790,0.77920,6863796
2025-08-12T01:15:00+00:00,0.77910,0.78180,0.77800,0.78170,3642506
2025-08-12T01:30:00+00:00,0.78180,0.78220,0.77980,0.78190,2555599
2025-08-12T01:45:00+00:00,0.78200,0.78370,0.78120,0.78260,3411545
2025-08-12T02:00:00+00:00,0.78260,0.78320,0.78060,0.78170,2626857
2025-08-12T02:15:00+00:00,0.78170,0.78470,0.78070,0.78440,3053195
2025-08-12T02:30:00+00:00,0.78440,0.78790,0.78400,0.78700,8522915
2025-08-12T02:45:00+00:00,0.78690,0.78710,0.78370,0.78380,5163223
2025-08-12T03:00:00+00:00,0.78380,0.78400,0.78030,0.78080,6463107
2025-08-12T03:15:00+00:00,0.78080,0.78080,0.77760,0.77930,6836186
2025-08-12T03:30:00+00:00,0.77930,0.78220,0.77890,0.78070,3524950
2025-08-12T03:45:00+00:00,0.78070,0.78240,0.77930,0.78140,2709427
2025-08-12T04:00:00+00:00,0.78140,0.78560,0.78010,0.78470,5216531
2025-08-12T04:15:00+00:00,0.78470,0.78600,0.78430,0.78590,2634920
2025-08-12T04:30:00+00:00,0.78590,0.78840,0.78480,0.78630,4263893
2025-08-12T04:45:00+00:00,0.78630,0.78670,0.78520,0.78550,2342407
2025-08-12T05:00:00+00:00,0.78540,0.78540,0.77940,0.78050,8652178
2025-08-12T05:15:00+00:00,0.78050,0.78060,0.77440,0.77510,10636290
2025-08-12T05:30:00+00:00,0.77510,0.77560,0.77300,0.77370,5301709
2025-08-12T05:45:00+00:00,0.77370,0.77680,0.77360,0.77660,3115603
2025-08-12T06:00:00+00:00,0.77660,0.77820,0.77440,0.77450,6151471
2025-08-12T06:15:00+00:00,0.77440,0.78130,0.77090,0.78070,8704183
2025-08-12T06:30:00+00:00,0.78070,0.78330,0.77930,0.78170,6435261
2025-08-12T06:45:00+00:00,0.78170,0.78200,0.77920,0.78000,3556537
2025-08-12T07:00:00+00:00,0.78000,0.78510,0.77990,0.78440,5899132
2025-08-12T07:15:00+00:00,0.78440,0.78480,0.78320,0.78330,3019946
2025-08-12T07:30:00+00:00,0.78320,0.78340,0.78060,0.78170,3863958
2025-08-12T07:45:00+00:00,0.78170,0.78230,0.78100,0.78200,2799950
2025-08-12T08:00:00+00:00,0.78190,0.78220,0.77760,0.77920,5102819
2025-08-12T08:15:00+00:00,0.77910,0.78010,0.77670,0.77760,3531791
2025-08-12T08:30:00+00:00,0.77750,0.78270,0.77680,0.78260,5180391
2025-08-12T08:45:00+00:00,0.78260,0.78430,0.77910,0.77940,5121492
2025-08-12T09:00:00+00:00,0.77940,0.78020,0.77370,0.77430,8455825
2025-08-12T09:15:00+00:00,0.77440,0.77800,0.77410,0.77750,4760771
2025-08-12T09:30:00+00:00,0.77750,0.77760,0.77380,0.77450,4739237
2025-08-12T09:45:00+00:00,0.77450,0.77560,0.77230,0.77320,4396233
2025-08-12T10:00:00+00:00,0.77310,0.77390,0.76960,0.77120,6847156
2025-08-12T10:15:00+00:00,0.77130,0.77450,0.76990,0.77330,6851957
2025-08-12T10:30:00+00:00,0.77340,0.77440,0.76940,0.77130,3562933
2025-08-12T10:45:00+00:00,0.77130,0.77380,0.76900,0.76920,7862980
2025-08-12T11:00:00+00:00,0.76920,0.77040,0.76500,0.76650,14767148
2025-08-12T11:15:00+00:00,0.76650,0.77150,0.76640,0.77120,4804629
2025-08-12T11:30:00+00:00,0.77120,0.77450,0.77100,0.77190,6211446
2025-08-12T11:45:00+00:00,0.77200,0.77580,0.77170,0.77470,3796713
2025-08-12T12:00:00+00:00,0.77460,0.77530,0.77300,0.77350,5468399
2025-08-12T12:15:00+00:00,0.77340,0.77960,0.77270,0.77870,7364120
2025-08-12T12:30:00+00:00,0.77880,0.79300,0.77880,0.79250,42048240
2025-08-12T12:45:00+00:00,0.79250,0.79530,0.79000,0.79180,16181169
2025-08-12T13:00:00+00:00,0.79180,0.79260,0.78340,0.78880,16651069
2025-08-12T13:15:00+00:00,0.78880,0.79410,0.78660,0.79380,7144429
2025-08-12T13:30:00+00:00,0.79370,0.79680,0.78840,0.78980,19375581
2025-08-12T13:45:00+00:00,0.78980,0.79280,0.78510,0.79070,16540246
2025-08-12T14:00:00+00:00,0.79080,0.79770,0.78900,0.79740,10191687
2025-08-12T14:15:00+00:00,0.79740,0.79880,0.79260,0.79780,12143706
2025-08-12T14:30:00+00:00,0.79790,0.80210,0.79660,0.80200,10054722
2025-08-12T14:45:00+00:00,0.80210,0.80640,0.80000,0.80620,14769405
2025-08-12T15:00:00+00:00,0.80620,0.81080,0.80390,0.80430,23605122
2025-08-12T15:15:00+00:00,0.80440,0.81380,0.80440,0.81330,11081004
2025-08-12T15:30:00+00:00,0.81340,0.81490,0.80970,0.81090,9443967
2025-08-12T15:45:00+00:00,0.81100,0.81460,0.80870,0.81390,8993202
2025-08-12T16:00:00+00:00,0.81390,0.81650,0.81220,0.81470,14571477
2025-08-12T16:15:00+00:00,0.81460,0.82100,0.81270,0.82090,17237725
2025-08-12T16:30:00+00:00,0.82080,0.82300,0.81900,0.82080,13306926
2025-08-12T16:45:00+00:00,0.82080,0.82390,0.82060,0.82320,9744095
2025-08-12T17:00:00+00:00,0.82320,0.83210,0.82320,0.82950,36734923
2025-08-12T17:15:00+00:00,0.82960,0.83500,0.82800,0.82910,29055034
2025-08-12T17:30:00+00:00,0.82910,0.82950,0.82480,0.82590,16505727
2025-08-12T17:45:00+00:00,0.82590,0.82710,0.82400,0.82690,10979714
2025-08-12T18:00:00+00:00,0.82690,0.83450,0.82660,0.83390,12586608
2025-08-12T18:15:00+00:00,0.83380,0.84090,0.83350,0.83830,24012014
2025-08-12T18:30:00+00:00,0.83830,0.84060,0.83560,0.83990,10018123
2025-08-12T18:45:00+00:00,0.84000,0.84080,0.83470,0.83960,11703750
2025-08-12T19:00:00+00:00,0.83960,0.84700,0.83940,0.84580,19482075
2025-08-12T19:15:00+00:00,0.84580,0.84750,0.84450,0.84480,9285231
2025-08-12T19:30:00+00:00,0.84470,0.84680,0.83960,0.84110,13748825
2025-08-12T19:45:00+00:00,0.84120,0.84920,0.84100,0.84840,11407506
2025-08-12T20:00:00+00:00,0.84850,0.84990,0.84650,0.84820,15248274
2025-08-12T20:15:00+00:00,0.84820,0.85580,0.84790,0.85050,24041357
2025-08-12T20:30:00+00:00,0.85060,0.85220,0.84850,0.85080,9795547
2025-08-12T20:45:00+00:00,0.85080,0.85280,0.84820,0.85130,8537826
2025-08-12T21:00:00+00:00,0.85130,0.85160,0.84390,0.84750,14936791
2025-08-12T21:15:00+00:00,0.84750,0.85040,0.84620,0.84700,11258418
2025-08-12T21:30:00+00:00,0.84710,0.85100,0.84610,0.84720,9841006
2025-08-12T21:45:00+00:00,0.84720,0.85810,0.84690,0.84990,17747846
2025-08-12T22:00:00+00:00,0.84990,0.85130,0.84400,0.84620,16830038
2025-08-12T22:15:00+00:00,0.84610,0.84790,0.84500,0.84600,8301502
2025-08-12T22:30:00+00:00,0.84590,0.84700,0.84070,0.84190,9087293
2025-08-12T22:45:00+00:00,0.84200,0.84370,0.84020,0.84310,11319561
2025-08-12T23:00:00+00:00,0.84310,0.84430,0.83980,0.84030,7742861
2025-08-12T23:15:00+00:00,0.84020,0.84120,0.83800,0.84060,8117499
2025-08-12T23:30:00+00:00,0.84060,0.84300,0.83830,0.84210,8869997
2025-08-12T23:45:00+00:00,0.84210,0.84400,0.84040,0.84110,7876000
2025-08-13T00:00:00+00:00,0.84100,0.84500,0.83990,0.84480,9866096
2025-08-13T00:15:00+00:00,0.84480,0.84600,0.84090,0.84190,6470571
2025-08-13T00:30:00+00:00,0.84180,0.84860,0.84130,0.84650,9433285
2025-08-13T00:45:00+00:00,0.84660,0.84870,0.84260,0.84370,7255924
2025-08-13T01:00:00+00:00,0.84370,0.84400,0.83330,0.83410,16099171
2025-08-13T01:15:00+00:00,0.83420,0.83950,0.83420,0.83920,8448055
2025-08-13T01:30:00+00:00,0.83920,0.83990,0.83340,0.83350,5824071
2025-08-13T01:45:00+00:00,0.83340,0.83960,0.83340,0.83790,6657211
2025-08-13T02:00:00+00:00,0.83780,0.83780,0.83510,0.83580,5181465
2025-08-13T02:15:00+00:00,0.83580,0.84160,0.83520,0.84120,7032342
2025-08-13T02:30:00+00:00,0.84110,0.84800,0.84050,0.84700,10790590
2025-08-13T02:45:00+00:00,0.84700,0.85070,0.84520,0.85050,10060633
2025-08-13T03:00:00+00:00,0.85050,0.85350,0.84510,0.84830,14310278
2025-08-13T03:15:00+00:00,0.84830,0.85340,0.84810,0.85090,8228288
2025-08-13T03:30:00+00:00,0.85080,0.85670,0.84950,0.85590,8941014
2025-08-13T03:45:00+00:00,0.85590,0.85910,0.85400,0.85550,14562220
2025-08-13T04:00:00+00:00,0.85550,0.86180,0.85310,0.86160,16480872
2025-08-13T04:15:00+00:00,0.86150,0.86190,0.85660,0.85800,12564338
2025-08-13T04:30:00+00:00,0.85800,0.85970,0.85220,0.85240,8061620
2025-08-13T04:45:00+00:00,0.85240,0.85450,0.84950,0.85290,8269403
2025-08-13T05:00:00+00:00,0.85290,0.85350,0.84940,0.85010,5483599
2025-08-13T05:15:00+00:00,0.85020,0.85060,0.84780,0.84990,6457560
2025-08-13T05:30:00+00:00,0.84980,0.84990,0.84320,0.84360,11153749
2025-08-13T05:45:00+00:00,0.84360,0.84470,0.83890,0.84090,13729114
2025-08-13T06:00:00+00:00,0.84080,0.84570,0.83790,0.84510,12167809
2025-08-13T06:15:00+00:00,0.84500,0.84500,0.84070,0.84190,7548071
2025-08-13T06:30:00+00:00,0.84190,0.84620,0.84180,0.84330,5206376
2025-08-13T06:45:00+00:00,0.84340,0.84870,0.84320,0.84550,5878603
2025-08-13T07:00:00+00:00,0.84550,0.84880,0.84500,0.84770,5704195
2025-08-13T07:15:00+00:00,0.84770,0.85350,0.84730,0.85350,6256830
2025-08-13T07:30:00+00:00,0.85350,0.85510,0.85010,0.85450,6383577
2025-08-13T07:45:00+00:00,0.85450,0.85930,0.85340,0.85890,8192151
2025-08-13T08:00:00+00:00,0.85890,0.86280,0.85830,0.86170,11631802
2025-08-13T08:15:00+00:00,0.86180,0.86650,0.85850,0.86620,16572226
2025-08-13T08:30:00+00:00,0.86610,0.87220,0.86570,0.87040,16663925
2025-08-13T08:45:00+00:00,0.87040,0.87600,0.86650,0.87590,17173650
2025-08-13T09:00:00+00:00,0.87590,0.88750,0.87580,0.87910,50183372
2025-08-13T09:15:00+00:00,0.87910,0.87920,0.87050,0.87280,21579410
2025-08-13T09:30:00+00:00,0.87290,0.87460,0.86930,0.87000,14106573
2025-08-13T09:45:00+00:00,0.87010,0.87670,0.86950,0.87580,12778839
2025-08-13T10:00:00+00:00,0.87590,0.87610,0.87100,0.87150,9012556
2025-08-13T10:15:00+00:00,0.87150,0.87540,0.87000,0.87530,9561547
2025-08-13T10:30:00+00:00,0.87530,0.87870,0.87270,0.87630,7771633
2025-08-13T10:45:00+00:00,0.87630,0.88080,0.87520,0.88010,8371451
2025-08-13T11:00:00+00:00,0.88010,0.88180,0.87550,0.87560,12817696
2025-08-13T11:15:00+00:00,0.87570,0.87810,0.87160,0.87580,10421815
2025-08-13T11:30:00+00:00,0.87580,0.87690,0.87370,0.87640,5982523
2025-08-13T11:45:00+00:00,0.87640,0.88030,0.87590,0.87940,6299913
2025-08-13T12:00:00+00:00,0.87940,0.88180,0.87510,0.87870,10056739
2025-08-13T12:15:00+00:00,0.87870,0.88400,0.87670,0.88190,8468580
2025-08-13T12:30:00+00:00,0.88180,0.88420,0.87960,0.88370,8670755
2025-08-13T12:45:00+00:00,0.88370,0.88410,0.87630,0.87870,11347567
2025-08-13T13:00:00+00:00,0.87870,0.88280,0.87780,0.88030,6278702
2025-08-13T13:15:00+00:00,0.88040,0.88770,0.87970,0.88560,12725683
2025-08-13T13:30:00+00:00,0.88560,0.88940,0.87000,0.87650,40636375
2025-08-13T13:45:00+00:00,0.87670,0.88760,0.87270,0.88030,27706218
2025-08-13T14:00:00+00:00,0.88030,0.88230,0.87500,0.87630,14031635
2025-08-13T14:15:00+00:00,0.87630,0.87710,0.86560,0.87490,32484833
2025-08-13T14:30:00+00:00,0.87500,0.87630,0.86900,0.87510,11586203
2025-08-13T14:45:00+00:00,0.87520,0.87560,0.86480,0.86600,18161122
2025-08-13T15:00:00+00:00,0.86610,0.87050,0.86150,0.86850,20790249
2025-08-13T15:15:00+00:00,0.86850,0.87190,0.86230,0.86710,12864269
2025-08-13T15:30:00+00:00,0.86710,0.87530,0.86490,0.87330,9137635
2025-08-13T15:45:00+00:00,0.87340,0.87340,0.87020,0.87240,4784470
2025-08-13T16:00:00+00:00,0.87250,0.87350,0.86710,0.87180,10086973
2025-08-13T16:15:00+00:00,0.87190,0.87640,0.87100,0.87540,8349897
2025-08-13T16:30:00+00:00,0.87540,0.87580,0.86660,0.86780,9855003
2025-08-13T16:45:00+00:00,0.86770,0.87000,0.86700,0.86970,5420550
2025-08-13T17:00:00+00:00,0.86970,0.87350,0.86890,0.87230,6299805
2025-08-13T17:15:00+00:00,0.87230,0.87530,0.87170,0.87420,5597180
2025-08-13T17:30:00+00:00,0.87430,0.87480,0.87080,0.87220,4504583
2025-08-13T17:45:00+00:00,0.87220,0.87400,0.87040,0.87240,3331875
2025-08-13T18:00:00+00:00,0.87240,0.87810,0.87190,0.87750,5687763
2025-08-13T18:15:00+00:00,0.87750,0.87810,0.87000,0.87020,6296217
2025-08-13T18:30:00+00:00,0.87020,0.87420,0.86640,0.87150,10212789
2025-08-13T18:45:00+00:00,0.87150,0.87700,0.87110,0.87580,4120482
2025-08-13T19:00:00+00:00,0.87580,0.87730,0.87290,0.87440,4535620
2025-08-13T19:15:00+00:00,0.87440,0.87940,0.87430,0.87940,6489645
2025-08-13T19:30:00+00:00,0.87950,0.88420,0.87820,0.88340,10861924
2025-08-13T19:45:00+00:00,0.88340,0.88530,0.88260,0.88350,8778654
2025-08-13T20:00:00+00:00,0.88350,0.88490,0.87830,0.87990,7427737
2025-08-13T20:15:00+00:00,0.87980,0.88130,0.87750,0.88030,4556602
2025-08-13T20:30:00+00:00,0.88020,0.88390,0.88000,0.88320,3709251
2025-08-13T20:45:00+00:00,0.88310,0.88610,0.88270,0.88490,4696611
2025-08-13T21:00:00+00:00,0.88490,0.88850,0.88450,0.88570,7366227
2025-08-13T21:15:00+00:00,0.88580,0.88750,0.88450,0.88660,3951661
2025-08-13T21:30:00+00:00,0.88660,0.88850,0.88300,0.88310,4995783
2025-08-13T21:45:00+00:00,0.88300,0.88620,0.88090,0.88500,4583900
2025-08-13T22:00:00+00:00,0.88500,0.88870,0.88320,0.88760,7554571
2025-08-13T22:15:00+00:00,0.88750,0.88960,0.88440,0.88790,7788129
2025-08-13T22:30:00+00:00,0.88780,0.89880,0.88720,0.89790,23772934
2025-08-13T22:45:00+00:00,0.89790,0.90470,0.89750,0.90270,22280917
2025-08-13T23:00:00+00:00,0.90270,0.92230,0.90220,0.91550,59947412
2025-08-13T23:15:00+00:00,0.91560,0.91660,0.90830,0.91150,22318309
2025-08-13T23:30:00+00:00,0.91160,0.91750,0.90850,0.90870,19063612
2025-08-13T23:45:00+00:00,0.90870,0.90890,0.90330,0.90440,11441671
2025-08-14T00:00:00+00:00,0.90430,0.92900,0.90410,0.92820,54343709
2025-08-14T00:15:00+00:00,0.92820,0.93090,0.92280,0.92560,24519175
2025-08-14T00:30:00+00:00,0.92560,0.92960,0.92000,0.92700,19046662
2025-08-14T00:45:00+00:00,0.92690,0.93810,0.92100,0.93790,38620638
2025-08-14T01:00:00+00:00,0.93790,0.93870,0.91630,0.92140,37069541
2025-08-14T01:15:00+00:00,0.92140,0.92920,0.92110,0.92830,16767871
2025-08-14T01:30:00+00:00,0.92830,0.95550,0.92790,0.95120,62849054
2025-08-14T01:45:00+00:00,0.95130,0.95920,0.94880,0.95300,32968893
2025-08-14T02:00:00+00:00,0.95300,0.96120,0.95050,0.95510,31373119
2025-08-14T02:15:00+00:00,0.95510,0.95770,0.95070,0.95390,13667081
2025-08-14T02:30:00+00:00,0.95400,0.97220,0.95370,0.97190,35849661
2025-08-14T02:45:00+00:00,0.97200,0.97880,0.96770,0.97770,35556615
2025-08-14T03:00:00+00:00,0.97780,0.98450,0.97270,0.97690,43729132
2025-08-14T03:15:00+00:00,0.97690,0.98530,0.97660,0.98010,23632258
2025-08-14T03:30:00+00:00,0.98010,0.98360,0.97710,0.98050,19577761
2025-08-14T03:45:00+00:00,0.98060,0.98960,0.98030,0.98210,23122549
2025-08-14T04:00:00+00:00,0.98210,0.99130,0.98210,0.98680,32665941
2025-08-14T04:15:00+00:00,0.98680,0.99950,0.98680,0.99730,36895446
2025-08-14T04:30:00+00:00,0.99730,0.99770,0.98780,0.99360,23018677
2025-08-14T04:45:00+00:00,0.99370,0.99530,0.98050,0.98400,34515542
2025-08-14T05:00:00+00:00,0.98390,1.00910,0.98390,0.99330,71924463
2025-08-14T05:15:00+00:00,0.99330,0.99660,0.98560,0.98620,43898444
2025-08-14T05:30:00+00:00,0.98620,0.99190,0.97990,0.98300,32337959
2025-08-14T05:45:00+00:00,0.98300,0.99660,0.98300,0.99540,29984433
2025-08-14T06:00:00+00:00,0.99540,0.99720,0.97490,0.98020,67920576
2025-08-14T06:15:00+00:00,0.98020,0.99330,0.97730,0.99180,43685644
2025-08-14T06:30:00+00:00,0.99180,1.00400,0.99120,1.00140,46202773
2025-08-14T06:45:00+00:00,1.00130,1.01900,1.00110,1.01720,66903237
2025-08-14T07:00:00+00:00,1.01720,1.01990,1.00180,1.00540,50339815
2025-08-14T07:15:00+00:00,1.00550,1.00560,0.99490,0.99660,33356353
2025-08-14T07:30:00+00:00,0.99650,1.00380,0.99580,0.99970,32101272
2025-08-14T07:45:00+00:00,0.99980,1.00060,0.99010,0.99860,26760712
2025-08-14T08:00:00+00:00,0.99860,1.00180,0.98900,0.99880,37819545
2025-08-14T08:15:00+00:00,0.99870,1.00330,0.99200,0.99270,40165083
2025-08-14T08:30:00+00:00,0.99270,0.99690,0.98080,0.98280,50226534
2025-08-14T08:45:00+00:00,0.98280,0.99020,0.98280,0.98630,20739137
2025-08-14T09:00:00+00:00,0.98620,0.99250,0.97550,0.99100,45245496
2025-08-14T09:15:00+00:00,0.99100,0.99360,0.98830,0.98930,17977768
2025-08-14T09:30:00+00:00,0.98930,0.98930,0.98100,0.98340,24165559
2025-08-14T09:45:00+00:00,0.98340,0.99730,0.98330,0.99240,24318470
2025-08-14T10:00:00+00:00,0.99230,0.99430,0.98580,0.98850,14268632
2025-08-14T10:15:00+00:00,0.98850,0.99350,0.98060,0.98190,18491463
2025-08-14T10:30:00+00:00,0.98200,0.98510,0.96280,0.96720,67762192
2025-08-14T10:45:00+00:00,0.96730,0.97290,0.96610,0.96830,40032176
2025-08-14T11:00:00+00:00,0.96830,0.97090,0.96270,0.96770,32132816
2025-08-14T11:15:00+00:00,0.96770,0.97130,0.96220,0.96980,18032971
2025-08-14T11:30:00+00:00,0.96980,0.97420,0.96530,0.96580,36100909
2025-08-14T11:45:00+00:00,0.96580,0.96820,0.96060,0.96360,20859834
2025-08-14T12:00:00+00:00,0.96360,0.97080,0.96300,0.96950,30842277
2025-08-14T12:15:00+00:00,0.96940,0.97590,0.96340,0.97530,23547014
2025-08-14T12:30:00+00:00,0.97540,0.97550,0.87220,0.93800,317514664
2025-08-14T12:45:00+00:00,0.93810,0.93940,0.91690,0.92300,108424777
2025-08-14T13:00:00+00:00,0.92300,0.93590,0.89460,0.93570,147638721
2025-08-14T13:15:00+00:00,0.93560,0.93610,0.91540,0.92210,65377394
2025-08-14T13:30:00+00:00,0.92220,0.93290,0.91780,0.92530,50663181
2025-08-14T13:45:00+00:00,0.92520,0.94180,0.92350,0.93300,49049457
2025-08-14T14:00:00+00:00,0.93290,0.93740,0.92700,0.93000,28360521
2025-08-14T14:15:00+00:00,0.92990,0.94300,0.92990,0.94230,32683643
2025-08-14T14:30:00+00:00,0.94230,0.94370,0.93130,0.93150,41846628
2025-08-14T14:45:00+00:00,0.93150,0.93670,0.92370,0.92600,32134740
2025-08-14T15:00:00+00:00,0.92610,0.92700,0.91900,0.92090,29195788
2025-08-14T15:15:00+00:00,0.92090,0.92330,0.90870,0.91410,44324759
2025-08-14T15:30:00+00:00,0.91410,0.92370,0.91060,0.92010,33989060
2025-08-14T15:45:00+00:00,0.92010,0.93250,0.91820,0.92500,29275373
2025-08-14T16:00:00+00:00,0.92490,0.92520,0.90420,0.90470,50370334
2025-08-14T16:15:00+00:00,0.90480,0.91030,0.89770,0.90160,36108192
2025-08-14T16:30:00+00:00,0.90160,0.90900,0.89890,0.90560,35610119
2025-08-14T16:45:00+00:00,0.90550,0.91310,0.90190,0.90820,22782803
2025-08-14T17:00:00+00:00,0.90810,0.91110,0.89850,0.90270,25444328
2025-08-14T17:15:00+00:00,0.90270,0.91360,0.89780,0.91270,17255964
2025-08-14T17:30:00+00:00,0.91260,0.91260,0.90200,0.90280,14660347
2025-08-14T17:45:00+00:00,0.90280,0.90750,0.90060,0.90680,10574019
2025-08-14T18:00:00+00:00,0.90680,0.90680,0.89660,0.89830,15174743
2025-08-14T18:15:00+00:00,0.89830,0.90130,0.88760,0.89950,35529452
2025-08-14T18:30:00+00:00,0.89940,0.90580,0.89740,0.90450,12025746
2025-08-14T18:45:00+00:00,0.90440,0.90480,0.89650,0.89840,8694803
2025-08-14T19:00:00+00:00,0.89830,0.90360,0.89830,0.90080,8396646
2025-08-14T19:15:00+00:00,0.90070,0.90970,0.89840,0.90810,18546116
2025-08-14T19:30:00+00:00,0.90810,0.91040,0.90370,0.90950,16422636
2025-08-14T19:45:00+00:00,0.90940,0.91070,0.89920,0.89970,17380785
2025-08-14T20:00:00+00:00,0.89970,0.90300,0.89380,0.89970,20450540
2025-08-14T20:15:00+00:00,0.89970,0.90570,0.89930,0.90530,9657610
2025-08-14T20:30:00+00:00,0.90530,0.90890,0.89780,0.89950,16185741
2025-08-14T20:45:00+00:00,0.89960,0.90390,0.89550,0.90090,12100616
2025-08-14T21:00:00+00:00,0.90080,0.90290,0.89470,0.90070,10263809
2025-08-14T21:15:00+00:00,0.90070,0.90070,0.88460,0.88820,24631715
2025-08-14T21:30:00+00:00,0.88830,0.89040,0.87780,0.88580,30771700
2025-08-14T21:45:00+00:00,0.88590,0.89500,0.88580,0.89380,10374779
2025-08-14T22:00:00+00:00,0.89370,0.89370,0.88360,0.88850,15946719
2025-08-14T22:15:00+00:00,0.88840,0.89280,0.88580,0.89270,10849742
2025-08-14T22:30:00+00:00,0.89260,0.90790,0.89210,0.90650,29851328
2025-08-14T22:45:00+00:00,0.90650,0.91940,0.90450,0.91860,40786187
2025-08-14T23:00:00+00:00,0.91850,0.92550,0.91720,0.92530,48087779
2025-08-14T23:15:00+00:00,0.92530,0.93310,0.92490,0.93300,41968142
2025-08-14T23:30:00+00:00,0.93300,0.93540,0.92020,0.92230,28453242
2025-08-14T23:45:00+00:00,0.92230,0.92810,0.91900,0.92510,15593382
2025-08-15T00:00:00+00:00,0.92510,0.94200,0.92080,0.94190,32063729
2025-08-15T00:15:00+00:00,0.94180,0.94450,0.92750,0.92870,44692803
2025-08-15T00:30:00+00:00,0.92880,0.93880,0.92160,0.93580,27769289
2025-08-15T00:45:00+00:00,0.93580,0.93930,0.92430,0.92470,18634278
2025-08-15T01:00:00+00:00,0.92480,0.92510,0.91310,0.91340,32860080
2025-08-15T01:15:00+00:00,0.91350,0.92350,0.91040,0.91970,28344970
2025-08-15T01:30:00+00:00,0.91980,0.92600,0.91870,0.91990,19262417
2025-08-15T01:45:00+00:00,0.91990,0.92210,0.91570,0.91610,10481408
2025-08-15T02:00:00+00:00,0.91620,0.92400,0.91530,0.92160,12464976
2025-08-15T02:15:00+00:00,0.92170,0.93150,0.92100,0.93120,15022745
2025-08-15T02:30:00+00:00,0.93120,0.93130,0.92230,0.92260,14609129
2025-08-15T02:45:00+00:00,0.92270,0.92570,0.91950,0.92210,10238722
2025-08-15T03:00:00+00:00,0.92220,0.92680,0.91870,0.92620,9749265
2025-08-15T03:15:00+00:00,0.92630,0.93530,0.92610,0.93530,18171152
2025-08-15T03:30:00+00:00,0.93530,0.93810,0.93130,0.93300,16488889
2025-08-15T03:45:00+00:00,0.93310,0.93350,0.92760,0.92940,14831057
2025-08-15T04:00:00+00:00,0.92950,0.92950,0.92350,0.92750,11169430
2025-08-15T04:15:00+00:00,0.92760,0.92830,0.92470,0.92790,6625314
2025-08-15T04:30:00+00:00,0.92800,0.93030,0.92280,0.92810,8947354
2025-08-15T04:45:00+00:00,0.92820,0.92820,0.91920,0.92060,14320949
2025-08-15T05:00:00+00:00,0.92060,0.92270,0.91770,0.91840,9314727
2025-08-15T05:15:00+00:00,0.91850,0.92500,0.91850,0.92290,7862305
2025-08-15T05:30:00+00:00,0.92300,0.92340,0.91900,0.92220,5970947
2025-08-15T05:45:00+00:00,0.92230,0.93860,0.92220,0.93810,18419743
2025-08-15T06:00:00+00:00,0.93820,0.95200,0.93760,0.94450,43693308
2025-08-15T06:15:00+00:00,0.94440,0.95930,0.94310,0.95820,29953970
2025-08-15T06:30:00+00:00,0.95810,0.96250,0.95560,0.95980,30086124
2025-08-15T06:45:00+00:00,0.95970,0.96120,0.95560,0.95680,15916602
2025-08-15T07:00:00+00:00,0.95680,0.95680,0.94720,0.94810,23023265
2025-08-15T07:15:00+00:00,0.94810,0.95260,0.94590,0.94860,15530343
2025-08-15T07:30:00+00:00,0.94870,0.95230,0.94440,0.94570,10524425
2025-08-15T07:45:00+00:00,0.94570,0.95170,0.94140,0.95050,12740403
2025-08-15T08:00:00+00:00,0.95050,0.95330,0.94730,0.94820,10912205
2025-08-15T08:15:00+00:00,0.94820,0.95280,0.94660,0.95170,8906758
2025-08-15T08:30:00+00:00,0.95170,0.95570,0.94810,0.95570,9827684
2025-08-15T08:45:00+00:00,0.95560,0.95570,0.94440,0.94440,14592944
2025-08-15T09:00:00+00:00,0.94440,0.94870,0.94310,0.94810,14806493
2025-08-15T09:15:00+00:00,0.94810,0.94850,0.93710,0.93820,17604252
2025-08-15T09:30:00+00:00,0.93820,0.94580,0.93820,0.94380,16598866
2025-08-15T09:45:00+00:00,0.94380,0.94750,0.94220,0.94400,13415376
2025-08-15T10:00:00+00:00,0.94400,0.95390,0.94300,0.94990,22266888
2025-08-15T10:15:00+00:00,0.95000,0.96420,0.94950,0.95600,31121600
2025-08-15T10:30:00+00:00,0.95600,0.95610,0.94970,0.95220,18394730
2025-08-15T10:45:00+00:00,0.95220,0.95400,0.94400,0.94520,15502556
2025-08-15T11:00:00+00:00,0.94520,0.94820,0.94210,0.94480,14368739
2025-08-15T11:15:00+00:00,0.94480,0.94680,0.94070,0.94180,8108831
2025-08-15T11:30:00+00:00,0.94180,0.94580,0.94080,0.94340,7053872
2025-08-15T11:45:00+00:00,0.94350,0.94730,0.94200,0.94210,5445743
2025-08-15T12:00:00+00:00,0.94210,0.94830,0.93870,0.94650,12098883
2025-08-15T12:15:00+00:00,0.94650,0.94750,0.93190,0.93190,32883597
2025-08-15T12:30:00+00:00,0.93200,0.95140,0.92560,0.93700,58661380
2025-08-15T12:45:00+00:00,0.93700,0.94690,0.93700,0.94420,19154198
2025-08-15T13:00:00+00:00,0.94410,0.95300,0.94240,0.94530,22618743
2025-08-15T13:15:00+00:00,0.94530,0.95190,0.94070,0.94710,18447147
2025-08-15T13:30:00+00:00,0.94700,0.94980,0.93290,0.93320,34470986
2025-08-15T13:45:00+00:00,0.93330,0.94150,0.93000,0.93920,34755089
2025-08-15T14:00:00+00:00,0.93910,0.95910,0.93290,0.95100,43752608
2025-08-15T14:15:00+00:00,0.95110,0.95860,0.93940,0.94550,37520675
2025-08-15T14:30:00+00:00,0.94550,0.95170,0.94290,0.94570,19706188
2025-08-15T14:45:00+00:00,0.94580,0.94920,0.93470,0.93880,50282513
2025-08-15T15:00:00+00:00,0.93880,0.94140,0.93090,0.93420,38903779
2025-08-15T15:15:00+00:00,0.93420,0.93960,0.92250,0.92610,43955017
2025-08-15T15:30:00+00:00,0.92620,0.93500,0.91990,0.92170,39299873
2025-08-15T15:45:00+00:00,0.92170,0.93070,0.91610,0.92410,40572663
2025-08-15T16:00:00+00:00,0.92400,0.92540,0.91030,0.91570,44231574
2025-08-15T16:15:00+00:00,0.91570,0.93080,0.91340,0.92340,37425201
2025-08-15T16:30:00+00:00,0.92330,0.93330,0.92240,0.93030,22592760
2025-08-15T16:45:00+00:00,0.93020,0.93420,0.92640,0.92980,17170714
2025-08-15T17:00:00+00:00,0.92980,0.93020,0.91970,0.92000,21661111
2025-08-15T17:15:00+00:00,0.92010,0.94230,0.91640,0.93710,37269390
2025-08-15T17:30:00+00:00,0.93710,0.94980,0.93120,0.94900,34582034
2025-08-15T17:45:00+00:00,0.94890,0.94950,0.93990,0.94160,20295381
2025-08-15T18:00:00+00:00,0.94150,0.94520,0.93770,0.94240,14720701
2025-08-15T18:15:00+00:00,0.94230,0.94300,0.93650,0.93800,7598626
2025-08-15T18:30:00+00:00,0.93800,0.94440,0.93660,0.93760,9473411
2025-08-15T18:45:00+00:00,0.93760,0.94490,0.92760,0.93260,26809593
2025-08-15T19:00:00+00:00,0.93250,0.93760,0.92730,0.93640,18108071
2025-08-15T19:15:00+00:00,0.93650,0.94020,0.92490,0.92660,18929098
2025-08-15T19:30:00+00:00,0.92660,0.93300,0.92420,0.93260,11502672
2025-08-15T19:45:00+00:00,0.93270,0.93430,0.92620,0.92960,12018285
2025-08-15T20:00:00+00:00,0.92950,0.93190,0.92570,0.92990,13125041
2025-08-15T20:15:00+00:00,0.92990,0.93220,0.92590,0.93040,8807651
2025-08-15T20:30:00+00:00,0.93030,0.93680,0.92880,0.93290,12799125
2025-08-15T20:45:00+00:00,0.93290,0.93870,0.93140,0.93840,9928769
2025-08-15T21:00:00+00:00,0.93840,0.94560,0.93390,0.93390,20860345
2025-08-15T21:15:00+00:00,0.93400,0.93940,0.92850,0.93450,15541047
2025-08-15T21:30:00+00:00,0.93460,0.93530,0.92780,0.92950,8944348
2025-08-15T21:45:00+00:00,0.92960,0.93210,0.92840,0.93160,6592061
2025-08-15T22:00:00+00:00,0.93160,0.93670,0.93000,0.93400,7626043
2025-08-15T22:15:00+00:00,0.93400,0.94290,0.93400,0.94250,10140360
2025-08-15T22:30:00+00:00,0.94240,0.95240,0.93970,0.95210,22437120
2025-08-15T22:45:00+00:00,0.95210,0.95980,0.94960,0.95880,18314242
2025-08-15T23:00:00+00:00,0.95870,0.96200,0.94610,0.94850,33095897
2025-08-15T23:15:00+00:00,0.94850,0.94920,0.93470,0.94120,24340086
2025-08-15T23:30:00+00:00,0.94120,0.94270,0.93670,0.93680,12154682
2025-08-15T23:45:00+00:00,0.93680,0.94560,0.93610,0.94470,9202980
2025-08-16T00:00:00+00:00,0.94460,0.95980,0.94290,0.95960,28821940
2025-08-16T00:15:00+00:00,0.95960,0.96140,0.95030,0.95430,24190749
2025-08-16T00:30:00+00:00,0.95430,0.97290,0.95370,0.96890,39611595
2025-08-16T00:45:00+00:00,0.96890,0.97260,0.96420,0.96880,28658378
2025-08-16T01:00:00+00:00,0.96890,0.97030,0.96120,0.96870,18530888
2025-08-16T01:15:00+00:00,0.96870,0.96980,0.96020,0.96500,11904128
2025-08-16T01:30:00+00:00,0.96490,0.96880,0.96140,0.96300,8965160
2025-08-16T01:45:00+00:00,0.96300,0.96520,0.95710,0.95750,13335431
2025-08-16T02:00:00+00:00,0.95760,0.96450,0.95400,0.96220,18874081
2025-08-16T02:15:00+00:00,0.96230,0.96690,0.96130,0.96610,9604933
2025-08-16T02:30:00+00:00,0.96610,0.96930,0.95840,0.95990,17689342
2025-08-16T02:45:00+00:00,0.95990,0.96140,0.95720,0.96030,7907568
2025-08-16T03:00:00+00:00,0.96030,0.96960,0.95720,0.96860,10361511
2025-08-16T03:15:00+00:00,0.96850,0.97730,0.96570,0.96610,23116650
2025-08-16T03:30:00+00:00,0.96610,0.96610,0.95970,0.96060,17765842
2025-08-16T03:45:00+00:00,0.96060,0.96280,0.95570,0.95720,15296739
2025-08-16T04:00:00+00:00,0.95720,0.95990,0.95320,0.95480,10153428
2025-08-16T04:15:00+00:00,0.95490,0.95790,0.95330,0.95610,9037820
2025-08-16T04:30:00+00:00,0.95600,0.95850,0.95130,0.95430,9592561
2025-08-16T04:45:00+00:00,0.95430,0.95870,0.95370,0.95830,6879409
2025-08-16T05:00:00+00:00,0.95830,0.96070,0.95480,0.95690,6788058
2025-08-16T05:15:00+00:00,0.95680,0.95740,0.94720,0.94780,16263155
2025-08-16T05:30:00+00:00,0.94780,0.95000,0.94150,0.94420,17961706
2025-08-16T05:45:00+00:00,0.94420,0.94630,0.94350,0.94490,6994350
2025-08-16T06:00:00+00:00,0.94500,0.94860,0.94500,0.94850,7789274
2025-08-16T06:15:00+00:00,0.94850,0.95270,0.94770,0.95040,10634475
2025-08-16T06:30:00+00:00,0.95040,0.95570,0.94820,0.95480,8365748
2025-08-16T06:45:00+00:00,0.95490,0.96970,0.94800,0.95330,59877450
2025-08-16T07:00:00+00:00,0.95320,0.95660,0.94850,0.95180,19436743
2025-08-16T07:15:00+00:00,0.95170,0.96000,0.95020,0.96000,13562065
2025-08-16T07:30:00+00:00,0.95990,0.96480,0.95750,0.96290,21531454
2025-08-16T07:45:00+00:00,0.96290,0.96530,0.96130,0.96290,13610645
2025-08-16T08:00:00+00:00,0.96280,0.96380,0.95500,0.95810,14773954
2025-08-16T08:15:00+00:00,0.95810,0.96350,0.95570,0.96110,9565964
2025-08-16T08:30:00+00:00,0.96120,0.96350,0.95780,0.96250,9028856
2025-08-16T08:45:00+00:00,0.96240,0.96390,0.95810,0.95900,5946932
2025-08-16T09:00:00+00:00,0.95900,0.96040,0.95550,0.95630,8161758
2025-08-16T09:15:00+00:00,0.95620,0.95620,0.94950,0.95100,15296485
2025-08-16T09:30:00+00:00,0.95100,0.95270,0.94760,0.94960,8672586
2025-08-16T09:45:00+00:00,0.94960,0.95150,0.92000,0.92040,74416236
2025-08-16T10:00:00+00:00,0.92040,0.92730,0.91640,0.91970,55699958
2025-08-16T10:15:00+00:00,0.91970,0.92060,0.90220,0.91000,63515205
2025-08-16T10:30:00+00:00,0.91010,0.91020,0.90380,0.90720,21867959
2025-08-16T10:45:00+00:00,0.90720,0.90930,0.90490,0.90760,17814377
2025-08-16T11:00:00+00:00,0.90760,0.91150,0.90700,0.91100,19373263
2025-08-16T11:15:00+00:00,0.91090,0.91330,0.90710,0.90890,17729784
2025-08-16T11:30:00+00:00,0.90890,0.91270,0.90520,0.90630,15322527
2025-08-16T11:45:00+00:00,0.90640,0.90840,0.90040,0.90240,20213398
2025-08-16T12:00:00+00:00,0.90250,0.90990,0.90210,0.90890,14020924
2025-08-16T12:15:00+00:00,0.90890,0.90960,0.90230,0.90550,10500573
2025-08-16T12:30:00+00:00,0.90550,0.91080,0.90540,0.90790,13245527
2025-08-16T12:45:00+00:00,0.90790,0.91290,0.90710,0.91110,13305258
2025-08-16T13:00:00+00:00,0.91110,0.91500,0.91000,0.91460,11139140
2025-08-16T13:15:00+00:00,0.91460,0.91780,0.91250,0.91650,13862940
2025-08-16T13:30:00+00:00,0.91650,0.91830,0.91010,0.91060,12737462
2025-08-16T13:45:00+00:00,0.91050,0.91070,0.90420,0.90480,12156172
2025-08-16T14:00:00+00:00,0.90490,0.90750,0.90350,0.90540,9674727
2025-08-16T14:15:00+00:00,0.90550,0.91550,0.90390,0.91200,16263875
2025-08-16T14:30:00+00:00,0.91200,0.91380,0.90700,0.90910,10139362
2025-08-16T14:45:00+00:00,0.90920,0.91560,0.90920,0.91330,8492469
2025-08-16T15:00:00+00:00,0.91330,0.91570,0.90500,0.90870,19864037
2025-08-16T15:15:00+00:00,0.90870,0.91340,0.90730,0.91310,8861654
2025-08-16T15:30:00+00:00,0.91310,0.91320,0.90770,0.90970,10157918
2025-08-16T15:45:00+00:00,0.90960,0.90990,0.90680,0.90950,7220974
2025-08-16T16:00:00+00:00,0.90950,0.91680,0.90800,0.91630,15550548
2025-08-16T16:15:00+00:00,0.91630,0.92340,0.91560,0.92040,24165036
2025-08-16T16:30:00+00:00,0.92040,0.92090,0.91010,0.91360,16325962
2025-08-16T16:45:00+00:00,0.91350,0.91520,0.91100,0.91300,6453154
2025-08-16T17:00:00+00:00,0.91290,0.91360,0.91040,0.91120,9269759
2025-08-16T17:15:00+00:00,0.91110,0.91280,0.90840,0.91150,7131798
2025-08-16T17:30:00+00:00,0.91150,0.91190,0.90770,0.90910,5816823
2025-08-16T17:45:00+00:00,0.90920,0.91210,0.90770,0.91020,3589853
2025-08-16T18:00:00+00:00,0.91020,0.91270,0.90790,0.91250,6476758
2025-08-16T18:15:00+00:00,0.91250,0.91480,0.91050,0.91150,6129103
2025-08-16T18:30:00+00:00,0.91140,0.91460,0.91110,0.91270,3668308
2025-08-16T18:45:00+00:00,0.91270,0.91660,0.91190,0.91640,6054395
2025-08-16T19:00:00+00:00,0.91650,0.91900,0.91440,0.91890,8571246
2025-08-16T19:15:00+00:00,0.91890,0.92150,0.91720,0.91960,9948940
2025-08-16T19:30:00+00:00,0.91960,0.92150,0.91890,0.92010,5981342
2025-08-16T19:45:00+00:00,0.92020,0.92090,0.91620,0.91640,6264821
2025-08-16T20:00:00+00:00,0.91650,0.91920,0.91360,0.91790,9385116
2025-08-16T20:15:00+00:00,0.91780,0.92130,0.91780,0.91990,4171263
2025-08-16T20:30:00+00:00,0.91980,0.92260,0.91880,0.92190,5296774
2025-08-16T20:45:00+00:00,0.92190,0.92270,0.92000,0.92150,4022102
2025-08-16T21:00:00+00:00,0.92150,0.92210,0.91620,0.91630,5687749
2025-08-16T21:15:00+00:00,0.91640,0.92170,0.91640,0.92050,5730374
2025-08-16T21:30:00+00:00,0.92050,0.92080,0.91770,0.91810,2204697
2025-08-16T21:45:00+00:00,0.91820,0.91970,0.91670,0.91740,3407061
2025-08-16T22:00:00+00:00,0.91740,0.91910,0.91540,0.91740,4875761
2025-08-16T22:15:00+00:00,0.91750,0.91880,0.91640,0.91820,3411505
2025-08-16T22:30:00+00:00,0.91820,0.92140,0.91780,0.92050,3895368
2025-08-16T22:45:00+00:00,0.92050,0.92160,0.91910,0.92000,2812400
2025-08-16T23:00:00+00:00,0.91990,0.92050,0.91810,0.91940,3659992
2025-08-16T23:15:00+00:00,0.91950,0.92110,0.91890,0.91900,3046177
2025-08-16T23:30:00+00:00,0.91910,0.92000,0.91690,0.91800,3673109
2025-08-16T23:45:00+00:00,0.91800,0.92090,0.91780,0.92050,3267371
2025-08-17T00:00:00+00:00,0.92050,0.92060,0.91510,0.91570,9284250
2025-08-17T00:15:00+00:00,0.91580,0.91660,0.91260,0.91390,7002510
2025-08-17T00:30:00+00:00,0.91380,0.91590,0.91010,0.91140,11566306
2025-08-17T00:45:00+00:00,0.91140,0.91360,0.91040,0.91220,4719453
2025-08-17T01:00:00+00:00,0.91220,0.91270,0.90710,0.90820,11291077
2025-08-17T01:15:00+00:00,0.90820,0.90840,0.90420,0.90550,12435185
2025-08-17T01:30:00+00:00,0.90540,0.91520,0.90480,0.90930,11663867
2025-08-17T01:45:00+00:00,0.90930,0.91200,0.90810,0.91040,7184178
2025-08-17T02:00:00+00:00,0.91030,0.91450,0.91030,0.91160,5074014
2025-08-17T02:15:00+00:00,0.91160,0.91720,0.90920,0.91580,6590494
2025-08-17T02:30:00+00:00,0.91570,0.91760,0.91130,0.91710,6879254
2025-08-17T02:45:00+00:00,0.91710,0.92100,0.91450,0.92070,9940153
2025-08-17T03:00:00+00:00,0.92070,0.92430,0.92000,0.92230,13670357
2025-08-17T03:15:00+00:00,0.92240,0.93020,0.92030,0.92940,17258516
2025-08-17T03:30:00+00:00,0.92930,0.94170,0.92600,0.94090,33744204
2025-08-17T03:45:00+00:00,0.94080,0.94360,0.93680,0.93730,23324777
2025-08-17T04:00:00+00:00,0.93730,0.94880,0.93670,0.94790,25987240
2025-08-17T04:15:00+00:00,0.94780,0.95280,0.94490,0.95230,22169161
2025-08-17T04:30:00+00:00,0.95230,0.95240,0.94630,0.94850,14275428
2025-08-17T04:45:00+00:00,0.94840,0.96010,0.94740,0.95280,33904677
2025-08-17T05:00:00+00:00,0.95290,0.95460,0.94810,0.95160,15812771
2025-08-17T05:15:00+00:00,0.95160,0.95390,0.94900,0.94990,11657082
2025-08-17T05:30:00+00:00,0.95000,0.95380,0.94620,0.95340,19910558
2025-08-17T05:45:00+00:00,0.95340,0.95590,0.95190,0.95330,13417789
2025-08-17T06:00:00+00:00,0.95330,0.95520,0.94700,0.94960,14071643
2025-08-17T06:15:00+00:00,0.94960,0.95190,0.94740,0.94780,8520972
2025-08-17T06:30:00+00:00,0.94780,0.94790,0.94080,0.94330,17905783
2025-08-17T06:45:00+00:00,0.94320,0.94390,0.93710,0.93820,13269878
2025-08-17T07:00:00+00:00,0.93820,0.94730,0.93810,0.94630,14141052
2025-08-17T07:15:00+00:00,0.94620,0.94780,0.94300,0.94540,8560633
2025-08-17T07:30:00+00:00,0.94540,0.94870,0.94170,0.94780,14463928
2025-08-17T07:45:00+00:00,0.94780,0.95980,0.94670,0.95880,23855622
2025-08-17T08:00:00+00:00,0.95880,0.96120,0.95380,0.95480,20076210
2025-08-17T08:15:00+00:00,0.95470,0.95720,0.95130,0.95600,13114435
2025-08-17T08:30:00+00:00,0.95600,0.95730,0.95260,0.95280,12720874
2025-08-17T08:45:00+00:00,0.95290,0.95830,0.95210,0.95630,11675407
2025-08-17T09:00:00+00:00,0.95620,0.95730,0.95060,0.95160,11950698
2025-08-17T09:15:00+00:00,0.95160,0.95600,0.94960,0.95460,11779751
2025-08-17T09:30:00+00:00,0.95460,0.95590,0.95070,0.95440,8701397
2025-08-17T09:45:00+00:00,0.95440,0.97950,0.95440,0.97790,65028963
2025-08-17T10:00:00+00:00,0.97780,0.98720,0.97360,0.97930,60382895
2025-08-17T10:15:00+00:00,0.97920,0.97950,0.96660,0.96670,30684540
2025-08-17T10:30:00+00:00,0.96680,0.97330,0.96650,0.97030,16413121
2025-08-17T10:45:00+00:00,0.97040,0.97060,0.96590,0.96810,11256703
2025-08-17T11:00:00+00:00,0.96810,0.96950,0.96120,0.96420,17716076
2025-08-17T11:15:00+00:00,0.96420,0.96620,0.96140,0.96360,13805325
2025-08-17T11:30:00+00:00,0.96360,0.96890,0.96360,0.96670,16049008
2025-08-17T11:45:00+00:00,0.96660,0.97240,0.96370,0.97160,19038426
2025-08-17T12:00:00+00:00,0.97160,0.97220,0.96630,0.96710,9596172
2025-08-17T12:15:00+00:00,0.96700,0.96870,0.96220,0.96360,10842728
2025-08-17T12:30:00+00:00,0.96360,0.96580,0.96140,0.96480,7989436
2025-08-17T12:45:00+00:00,0.96480,0.96530,0.96100,0.96410,9334127
2025-08-17T13:00:00+00:00,0.96410,0.96730,0.96220,0.96590,11752561
2025-08-17T13:15:00+00:00,0.96590,0.96670,0.96160,0.96380,15050632
2025-08-17T13:30:00+00:00,0.96390,0.97210,0.96330,0.97130,19828722
2025-08-17T13:45:00+00:00,0.97140,0.97460,0.97080,0.97290,21695945
2025-08-17T14:00:00+00:00,0.97280,0.97330,0.96710,0.96960,10907995
2025-08-17T14:15:00+00:00,0.96960,0.97610,0.96400,0.97510,21276675
2025-08-17T14:30:00+00:00,0.97510,0.97510,0.96880,0.96910,11638284
2025-08-17T14:45:00+00:00,0.96920,0.97160,0.96560,0.96630,10389123
2025-08-17T15:00:00+00:00,0.96630,0.97140,0.96440,0.96820,13954230
2025-08-17T15:15:00+00:00,0.96820,0.97030,0.96640,0.96990,7662030
2025-08-17T15:30:00+00:00,0.96990,0.97440,0.96910,0.97420,10901607
2025-08-17T15:45:00+00:00,0.97430,0.97930,0.97280,0.97510,15803710
2025-08-17T16:00:00+00:00,0.97500,0.97620,0.96810,0.96850,19378480
2025-08-17T16:15:00+00:00,0.96850,0.97080,0.96290,0.96900,19921565
2025-08-17T16:30:00+00:00,0.96900,0.97360,0.96540,0.96790,13280953
2025-08-17T16:45:00+00:00,0.96790,0.96940,0.96340,0.96780,14890189
2025-08-17T17:00:00+00:00,0.96770,0.97410,0.96680,0.97200,13649825
2025-08-17T17:15:00+00:00,0.97210,0.97270,0.96590,0.96810,10722820
2025-08-17T17:30:00+00:00,0.96810,0.97220,0.96360,0.96440,8823631
2025-08-17T17:45:00+00:00,0.96450,0.96590,0.95610,0.95900,20303026
2025-08-17T18:00:00+00:00,0.95910,0.96030,0.95640,0.95800,9291250
2025-08-17T18:15:00+00:00,0.95800,0.96070,0.95660,0.95880,6606202
2025-08-17T18:30:00+00:00,0.95890,0.96010,0.95730,0.95930,3914092
2025-08-17T18:45:00+00:00,0.95920,0.96000,0.94320,0.95380,51393575
2025-08-17T19:00:00+00:00,0.95380,0.95600,0.95180,0.95390,12676800
2025-08-17T19:15:00+00:00,0.95400,0.95850,0.95370,0.95720,6795048
2025-08-17T19:30:00+00:00,0.95710,0.95780,0.95430,0.95630,6643090
2025-08-17T19:45:00+00:00,0.95630,0.95630,0.95010,0.95110,9668179
2025-08-17T20:00:00+00:00,0.95110,0.95770,0.94940,0.95700,7718079
2025-08-17T20:15:00+00:00,0.95700,0.95790,0.95330,0.95670,7963464
2025-08-17T20:30:00+00:00,0.95670,0.95690,0.95280,0.95400,4208687
2025-08-17T20:45:00+00:00,0.95410,0.95430,0.95020,0.95110,4671025
2025-08-17T21:00:00+00:00,0.95120,0.95350,0.94990,0.95210,3891807
2025-08-17T21:15:00+00:00,0.95220,0.95380,0.95020,0.95280,3832482
2025-08-17T21:30:00+00:00,0.95270,0.95420,0.95020,0.95370,3798136
2025-08-17T21:45:00+00:00,0.95370,0.95600,0.95230,0.95370,5497164
2025-08-17T22:00:00+00:00,0.95360,0.95710,0.95250,0.95600,8220603
2025-08-17T22:15:00+00:00,0.95600,0.96120,0.95550,0.95870,12056526
2025-08-17T22:30:00+00:00,0.95860,0.96470,0.95770,0.96460,11317947
2025-08-17T22:45:00+00:00,0.96460,0.96740,0.96280,0.96740,8611279
2025-08-17T23:00:00+00:00,0.96750,0.96810,0.96340,0.96410,8614373
2025-08-17T23:15:00+00:00,0.96420,0.96490,0.96090,0.96190,8661415
2025-08-17T23:30:00+00:00,0.96180,0.96560,0.95960,0.96460,10171486
2025-08-17T23:45:00+00:00,0.96460,0.96530,0.95960,0.96070,7490695
2025-08-18T00:00:00+00:00,0.96060,0.96470,0.95470,0.96330,17002784
2025-08-18T00:15:00+00:00,0.96320,0.96830,0.95670,0.95910,32455348
2025-08-18T00:30:00+00:00,0.95910,0.96450,0.95620,0.96030,18575772
2025-08-18T00:45:00+00:00,0.96020,0.96490,0.95300,0.95470,17477296
2025-08-18T01:00:00+00:00,0.95470,0.95590,0.95050,0.95330,12525505
2025-08-18T01:15:00+00:00,0.95340,0.95590,0.94440,0.94450,21189438
2025-08-18T01:30:00+00:00,0.94450,0.94980,0.93710,0.94030,46593757
2025-08-18T01:45:00+00:00,0.94040,0.94400,0.93550,0.93930,19540840
2025-08-18T02:00:00+00:00,0.93930,0.94180,0.92700,0.93150,57964661
2025-08-18T02:15:00+00:00,0.93150,0.93280,0.92350,0.92470,27825127
2025-08-18T02:30:00+00:00,0.92470,0.93200,0.92200,0.92790,22626238
2025-08-18T02:45:00+00:00,0.92780,0.92840,0.91690,0.92040,27714090
2025-08-18T03:00:00+00:00,0.92040,0.92250,0.91690,0.91740,18743875
2025-08-18T03:15:00+00:00,0.91750,0.92210,0.91660,0.91860,11568193
2025-08-18T03:30:00+00:00,0.91860,0.92100,0.91330,0.91510,19865416
2025-08-18T03:45:00+00:00,0.91510,0.92280,0.91290,0.92100,15648863
2025-08-18T04:00:00+00:00,0.92100,0.92100,0.91500,0.91660,10610358
2025-08-18T04:15:00+00:00,0.91670,0.91930,0.91350,0.91920,9334404
2025-08-18T04:30:00+00:00,0.91920,0.92600,0.91860,0.92270,14799542
2025-08-18T04:45:00+00:00,0.92270,0.92550,0.92050,0.92540,7577086
2025-08-18T05:00:00+00:00,0.92540,0.92770,0.92410,0.92680,9893486
2025-08-18T05:15:00+00:00,0.92680,0.92690,0.92020,0.92060,7198012
2025-08-18T05:30:00+00:00,0.92060,0.92160,0.91330,0.91500,15116945
2025-08-18T05:45:00+00:00,0.91510,0.91980,0.91040,0.91940,15288104
2025-08-18T06:00:00+00:00,0.91940,0.91950,0.91210,0.91210,10350734
2025-08-18T06:15:00+00:00,0.91210,0.91420,0.90710,0.90970,17139195
2025-08-18T06:30:00+00:00,0.90960,0.91530,0.90710,0.90900,12414451
2025-08-18T06:45:00+00:00,0.90900,0.91390,0.90610,0.91330,11972820
2025-08-18T07:00:00+00:00,0.91330,0.91760,0.91310,0.91660,11291733
2025-08-18T07:15:00+00:00,0.91660,0.92000,0.91500,0.91870,14132068
2025-08-18T07:30:00+00:00,0.91870,0.91890,0.91460,0.91500,8715522
2025-08-18T07:45:00+00:00,0.91500,0.91740,0.91440,0.91630,5592615
2025-08-18T08:00:00+00:00,0.91620,0.92380,0.91540,0.92050,13364780
2025-08-18T08:15:00+00:00,0.92040,0.92240,0.91810,0.92140,7933862
2025-08-18T08:30:00+00:00,0.92140,0.92230,0.91650,0.91710,8202423
2025-08-18T08:45:00+00:00,0.91710,0.91900,0.91510,0.91620,6029619
2025-08-18T09:00:00+00:00,0.91620,0.91620,0.91180,0.91270,10884233
2025-08-18T09:15:00+00:00,0.91260,0.91260,0.90740,0.90880,18621620
2025-08-18T09:30:00+00:00,0.90880,0.91640,0.90750,0.91550,21926865
2025-08-18T09:45:00+00:00,0.91540,0.91780,0.91210,0.91340,19916687
2025-08-18T10:00:00+00:00,0.91330,0.91350,0.90840,0.90930,11631463
2025-08-18T10:15:00+00:00,0.90920,0.91280,0.90760,0.90770,10404782
2025-08-18T10:30:00+00:00,0.90770,0.91250,0.90680,0.91240,10514476
2025-08-18T10:45:00+00:00,0.91240,0.91250,0.90810,0.90920,9865081
2025-08-18T11:00:00+00:00,0.90930,0.91190,0.90830,0.91080,4785135
2025-08-18T11:15:00+00:00,0.91080,0.91160,0.90790,0.90880,4788337
2025-08-18T11:30:00+00:00,0.90880,0.90990,0.90670,0.90960,8455771
2025-08-18T11:45:00+00:00,0.90960,0.90990,0.89110,0.89710,67067765
2025-08-18T12:00:00+00:00,0.89710,0.90070,0.89120,0.89930,34527233
2025-08-18T12:15:00+00:00,0.89930,0.90530,0.89900,0.90410,14081097
2025-08-18T12:30:00+00:00,0.90400,0.90870,0.90380,0.90820,16259425
2025-08-18T12:45:00+00:00,0.90810,0.91270,0.90720,0.91260,13983536
2025-08-18T13:00:00+00:00,0.91270,0.91440,0.90900,0.90990,19442357
2025-08-18T13:15:00+00:00,0.91000,0.91360,0.90810,0.91090,10635786
2025-08-18T13:30:00+00:00,0.91100,0.91400,0.90440,0.90660,18039645
2025-08-18T13:45:00+00:00,0.90660,0.90960,0.89770,0.89810,23252197
2025-08-18T14:00:00+00:00,0.89800,0.90580,0.89800,0.90550,17416151
2025-08-18T14:15:00+00:00,0.90550,0.90940,0.90180,0.90720,13456254
2025-08-18T14:30:00+00:00,0.90710,0.90750,0.90100,0.90160,12726706
2025-08-18T14:45:00+00:00,0.90160,0.90900,0.89730,0.90880,15352060
2025-08-18T15:00:00+00:00,0.90880,0.91090,0.90510,0.90600,10080288
2025-08-18T15:15:00+00:00,0.90610,0.90740,0.90260,0.90520,7835142
2025-08-18T15:30:00+00:00,0.90520,0.91440,0.90160,0.91170,22687257
2025-08-18T15:45:00+00:00,0.91180,0.91750,0.91080,0.91700,17693059
2025-08-18T16:00:00+00:00,0.91690,0.91850,0.91060,0.91100,18224933
2025-08-18T16:15:00+00:00,0.91100,0.91250,0.90680,0.90780,14859595
2025-08-18T16:30:00+00:00,0.90790,0.90930,0.90300,0.90600,10244495
2025-08-18T16:45:00+00:00,0.90600,0.90970,0.90410,0.90640,6981631
2025-08-18T17:00:00+00:00,0.90630,0.91440,0.90630,0.91420,8607882
2025-08-18T17:15:00+00:00,0.91420,0.92780,0.91410,0.92600,25565890
2025-08-18T17:30:00+00:00,0.92600,0.93460,0.92580,0.93030,33714520
2025-08-18T17:45:00+00:00,0.93020,0.93330,0.92300,0.92380,19295448
2025-08-18T18:00:00+00:00,0.92390,0.92530,0.91550,0.91720,19338672
2025-08-18T18:15:00+00:00,0.91720,0.91820,0.91460,0.91730,10252694
2025-08-18T18:30:00+00:00,0.91730,0.92150,0.91680,0.91930,10123213
2025-08-18T18:45:00+00:00,0.91920,0.92310,0.91920,0.92260,7554008
2025-08-18T19:00:00+00:00,0.92260,0.92630,0.91810,0.91840,11840547
2025-08-18T19:15:00+00:00,0.91840,0.92220,0.91690,0.92030,7195239
2025-08-18T19:30:00+00:00,0.92030,0.92080,0.91640,0.91670,7241501
2025-08-18T19:45:00+00:00,0.91680,0.92060,0.91620,0.91900,5231214
2025-08-18T20:00:00+00:00,0.91890,0.92230,0.91640,0.92110,5962391
2025-08-18T20:15:00+00:00,0.92110,0.92130,0.91590,0.91910,5423305
2025-08-18T20:30:00+00:00,0.91920,0.92000,0.90890,0.91330,13944721
2025-08-18T20:45:00+00:00,0.91330,0.91880,0.91220,0.91680,7029540
2025-08-18T21:00:00+00:00,0.91690,0.91990,0.91510,0.91990,5788973
2025-08-18T21:15:00+00:00,0.91980,0.92340,0.91880,0.92330,7633717
2025-08-18T21:30:00+00:00,0.92320,0.92380,0.91670,0.91730,11201394
2025-08-18T21:45:00+00:00,0.91730,0.92920,0.91630,0.92390,12863099
2025-08-18T22:00:00+00:00,0.92400,0.93120,0.92370,0.93070,12093885
2025-08-18T22:15:00+00:00,0.93060,0.93260,0.92890,0.93010,7491109
2025-08-18T22:30:00+00:00,0.93010,0.93210,0.92820,0.93030,11441426
2025-08-18T22:45:00+00:00,0.93030,0.93220,0.92600,0.92710,11666994
2025-08-18T23:00:00+00:00,0.92720,0.92950,0.92650,0.92860,6455315
2025-08-18T23:15:00+00:00,0.92860,0.93090,0.92520,0.92660,12330058
2025-08-18T23:30:00+00:00,0.92670,0.92720,0.92080,0.92130,7890825
2025-08-18T23:45:00+00:00,0.92120,0.92320,0.91980,0.92290,6494012
2025-08-19T00:00:00+00:00,0.92290,0.92420,0.91940,0.92130,11225415
2025-08-19T00:15:00+00:00,0.92120,0.92120,0.91160,0.91160,19323201
2025-08-19T00:30:00+00:00,0.91150,0.91870,0.90510,0.91670,26519550
2025-08-19T00:45:00+00:00,0.91660,0.93190,0.91640,0.93180,20796251
2025-08-19T01:00:00+00:00,0.93180,0.94120,0.93060,0.93210,30468535
2025-08-19T01:15:00+00:00,0.93210,0.93840,0.93090,0.93290,19328223
2025-08-19T01:30:00+00:00,0.93280,0.93280,0.92160,0.92260,16599146
2025-08-19T01:45:00+00:00,0.92250,0.92840,0.92030,0.92790,11654300
2025-08-19T02:00:00+00:00,0.92790,0.92870,0.91770,0.91830,12938464
2025-08-19T02:15:00+00:00,0.91830,0.92030,0.91250,0.91790,11911650
2025-08-19T02:30:00+00:00,0.91790,0.92690,0.91650,0.92030,15621654
2025-08-19T02:45:00+00:00,0.92030,0.92550,0.91950,0.92110,8473823
2025-08-19T03:00:00+00:00,0.92110,0.92370,0.91500,0.92360,18891030
2025-08-19T03:15:00+00:00,0.92360,0.92570,0.91430,0.91440,16732740
2025-08-19T03:30:00+00:00,0.91430,0.91450,0.90320,0.90640,25024877
2025-08-19T03:45:00+00:00,0.90640,0.90740,0.89900,0.90210,21299871
2025-08-19T04:00:00+00:00,0.90210,0.90460,0.89470,0.89970,26977720
2025-08-19T04:15:00+00:00,0.89980,0.90490,0.89630,0.89760,17362906
2025-08-19T04:30:00+00:00,0.89750,0.90320,0.89650,0.90320,10326835
2025-08-19T04:45:00+00:00,0.90310,0.90800,0.90050,0.90770,9201175
2025-08-19T05:00:00+00:00,0.90770,0.91570,0.90420,0.90710,19040201
2025-08-19T05:15:00+00:00,0.90700,0.91480,0.90610,0.91440,10076919
2025-08-19T05:30:00+00:00,0.91450,0.92190,0.91050,0.92040,16401446
2025-08-19T05:45:00+00:00,0.92050,0.92760,0.91850,0.92150,23017843
2025-08-19T06:00:00+00:00,0.92140,0.92690,0.91810,0.92520,24126967
2025-08-19T06:15:00+00:00,0.92510,0.93210,0.92250,0.92900,19101702
2025-08-19T06:30:00+00:00,0.92890,0.92980,0.92330,0.92390,13618066
2025-08-19T06:45:00+00:00,0.92380,0.92900,0.92350,0.92830,10415135
2025-08-19T07:00:00+00:00,0.92830,0.92950,0.92170,0.92430,11473720
2025-08-19T07:15:00+00:00,0.92440,0.92710,0.92110,0.92500,10588717
2025-08-19T07:30:00+00:00,0.92500,0.92530,0.91650,0.92220,21272209
2025-08-19T07:45:00+00:00,0.92210,0.92920,0.92060,0.92840,14804614
2025-08-19T08:00:00+00:00,0.92850,0.93140,0.91740,0.92990,29036603
2025-08-19T08:15:00+00:00,0.92980,0.93270,0.92370,0.92380,18300092
2025-08-19T08:30:00+00:00,0.92380,0.92390,0.91800,0.91840,10571318
2025-08-19T08:45:00+00:00,0.91830,0.92830,0.91610,0.92560,19313941
2025-08-19T09:00:00+00:00,0.92560,0.93280,0.92300,0.93110,14950268
2025-08-19T09:15:00+00:00,0.93110,0.93170,0.92410,0.92530,13696794
2025-08-19T09:30:00+00:00,0.92530,0.93230,0.92470,0.92740,14393428
2025-08-19T09:45:00+00:00,0.92750,0.92890,0.92430,0.92730,6372998
2025-08-19T10:00:00+00:00,0.92740,0.93280,0.92690,0.92820,13514820
2025-08-19T10:15:00+00:00,0.92820,0.93900,0.92820,0.93710,13650959
2025-08-19T10:30:00+00:00,0.93710,0.95360,0.93190,0.94930,52438599
2025-08-19T10:45:00+00:00,0.94930,0.94980,0.93780,0.94020,26110216
2025-08-19T11:00:00+00:00,0.94030,0.94230,0.93360,0.93460,20016648
2025-08-19T11:15:00+00:00,0.93470,0.93800,0.93060,0.93550,15687283
2025-08-19T11:30:00+00:00,0.93550,0.93750,0.93060,0.93230,9931080
2025-08-19T11:45:00+00:00,0.93230,0.93550,0.92920,0.93100,8771393
2025-08-19T12:00:00+00:00,0.93090,0.93210,0.92700,0.92890,10793166
2025-08-19T12:15:00+00:00,0.92890,0.93460,0.92840,0.93280,10190561
2025-08-19T12:30:00+00:00,0.93280,0.93280,0.92750,0.92970,7522356
2025-08-19T12:45:00+00:00,0.92980,0.93020,0.92260,0.92740,14157543
2025-08-19T13:00:00+00:00,0.92740,0.92870,0.92070,0.92090,10247664
2025-08-19T13:15:00+00:00,0.92100,0.92650,0.91920,0.92550,10183614
2025-08-19T13:30:00+00:00,0.92540,0.93180,0.91450,0.91490,41073750
2025-08-19T13:45:00+00:00,0.91520,0.92460,0.91300,0.92150,23953766
2025-08-19T14:00:00+00:00,0.92150,0.92550,0.91570,0.91630,13800199
2025-08-19T14:15:00+00:00,0.91630,0.91680,0.90230,0.90250,33916451
2025-08-19T14:30:00+00:00,0.90260,0.91020,0.89820,0.90190,56536078
2025-08-19T14:45:00+00:00,0.90190,0.90190,0.89500,0.89610,43667939
2025-08-19T15:00:00+00:00,0.89620,0.89970,0.89260,0.89600,30871238
2025-08-19T15:15:00+00:00,0.89600,0.90300,0.89490,0.90140,24422605
2025-08-19T15:30:00+00:00,0.90130,0.90220,0.88830,0.89180,28227677
2025-08-19T15:45:00+00:00,0.89170,0.89240,0.86370,0.87030,132939642
2025-08-19T16:00:00+00:00,0.87020,0.87190,0.86540,0.86550,52139549
2025-08-19T16:15:00+00:00,0.86560,0.86980,0.86220,0.86270,23379085
2025-08-19T16:30:00+00:00,0.86280,0.86900,0.86250,0.86710,29298590
2025-08-19T16:45:00+00:00,0.86700,0.87090,0.86420,0.86990,18811441
2025-08-19T17:00:00+00:00,0.86990,0.87240,0.86400,0.87190,25838712
2025-08-19T17:15:00+00:00,0.87190,0.87390,0.86930,0.86980,16748455
2025-08-19T17:30:00+00:00,0.86970,0.87200,0.86750,0.86870,10442782
2025-08-19T17:45:00+00:00,0.86870,0.86900,0.86100,0.86530,22934338
2025-08-19T18:00:00+00:00,0.86520,0.86530,0.85690,0.85690,30111152
2025-08-19T18:15:00+00:00,0.85690,0.85880,0.85340,0.85390,18301375
2025-08-19T18:30:00+00:00,0.85390,0.85980,0.85380,0.85550,12918390
2025-08-19T18:45:00+00:00,0.85550,0.85680,0.85000,0.85450,30445578
2025-08-19T19:00:00+00:00,0.85450,0.85490,0.85040,0.85250,12911012
2025-08-19T19:15:00+00:00,0.85250,0.86040,0.85080,0.85910,19932102
2025-08-19T19:30:00+00:00,0.85910,0.86060,0.85640,0.85740,11455526
2025-08-19T19:45:00+00:00,0.85730,0.85800,0.85210,0.85370,8134683
2025-08-19T20:00:00+00:00,0.85370,0.85650,0.85250,0.85280,8041258
2025-08-19T20:15:00+00:00,0.85290,0.85530,0.85250,0.85390,6736821
2025-08-19T20:30:00+00:00,0.85400,0.85810,0.85370,0.85570,7681441
2025-08-19T20:45:00+00:00,0.85570,0.85960,0.85540,0.85840,7507034
2025-08-19T21:00:00+00:00,0.85850,0.86360,0.85750,0.86320,13453395
2025-08-19T21:15:00+00:00,0.86320,0.86330,0.85730,0.86000,9412914
2025-08-19T21:30:00+00:00,0.86000,0.86300,0.85850,0.86080,6073058
2025-08-19T21:45:00+00:00,0.86080,0.86170,0.85860,0.85980,3162285
2025-08-19T22:00:00+00:00,0.85980,0.85990,0.85260,0.85370,10485069
2025-08-19T22:15:00+00:00,0.85370,0.85630,0.85210,0.85430,6069470
2025-08-19T22:30:00+00:00,0.85420,0.85910,0.85410,0.85850,6571602
2025-08-19T22:45:00+00:00,0.85850,0.85880,0.85500,0.85700,4356632
2025-08-19T23:00:00+00:00,0.85700,0.85720,0.85140,0.85230,6082357
2025-08-19T23:15:00+00:00,0.85230,0.85390,0.84650,0.84700,20735715
2025-08-19T23:30:00+00:00,0.84690,0.85060,0.84410,0.84850,18314998
2025-08-19T23:45:00+00:00,0.84850,0.84890,0.84330,0.84590,14722353
2025-08-20T00:00:00+00:00,0.84590,0.85280,0.84510,0.84880,14369714
2025-08-20T00:15:00+00:00,0.84880,0.85190,0.84460,0.84810,14641115
2025-08-20T00:30:00+00:00,0.84810,0.85180,0.84600,0.84970,10843208
2025-08-20T00:45:00+00:00,0.84960,0.85090,0.84730,0.84860,8878772
2025-08-20T01:00:00+00:00,0.84870,0.85560,0.84860,0.85070,13496892
2025-08-20T01:15:00+00:00,0.85080,0.85460,0.84760,0.84900,7687670
2025-08-20T01:30:00+00:00,0.84900,0.84980,0.84240,0.84400,16291556
2025-08-20T01:45:00+00:00,0.84410,0.85410,0.84380,0.85090,15293257
2025-08-20T02:00:00+00:00,0.85080,0.85310,0.84700,0.85290,12676755
2025-08-20T02:15:00+00:00,0.85290,0.85610,0.85230,0.85290,12058645
2025-08-20T02:30:00+00:00,0.85290,0.85300,0.84960,0.85180,8518928
2025-08-20T02:45:00+00:00,0.85170,0.85330,0.84790,0.84820,12724782
2025-08-20T03:00:00+00:00,0.84820,0.85090,0.84540,0.84560,7276516
2025-08-20T03:15:00+00:00,0.84560,0.85070,0.84520,0.85070,8669369
2025-08-20T03:30:00+00:00,0.85060,0.85500,0.84680,0.84760,13112855
2025-08-20T03:45:00+00:00,0.84760,0.84900,0.84590,0.84800,6988855
2025-08-20T04:00:00+00:00,0.84790,0.85010,0.84680,0.84760,8249905
2025-08-20T04:15:00+00:00,0.84760,0.85220,0.84680,0.85170,6681877
2025-08-20T04:30:00+00:00,0.85170,0.85530,0.84930,0.85120,16843449
2025-08-20T04:45:00+00:00,0.85120,0.85450,0.85000,0.85310,6111236
2025-08-20T05:00:00+00:00,0.85310,0.85370,0.84970,0.85080,5943730
2025-08-20T05:15:00+00:00,0.85070,0.85130,0.84560,0.84820,7222726
2025-08-20T05:30:00+00:00,0.84830,0.85020,0.84700,0.84920,7074025
2025-08-20T05:45:00+00:00,0.84910,0.85200,0.84830,0.85160,6059424
2025-08-20T06:00:00+00:00,0.85160,0.85270,0.84700,0.84700,9800850
2025-08-20T06:15:00+00:00,0.84700,0.84920,0.84550,0.84800,6998841
2025-08-20T06:30:00+00:00,0.84790,0.85220,0.84760,0.85120,5747677
2025-08-20T06:45:00+00:00,0.85120,0.85140,0.84800,0.84900,5437149
2025-08-20T07:00:00+00:00,0.84900,0.85250,0.84900,0.85160,8320103
2025-08-20T07:15:00+00:00,0.85160,0.85520,0.85160,0.85240,12264538
2025-08-20T07:30:00+00:00,0.85250,0.85260,0.84880,0.84930,8792373
2025-08-20T07:45:00+00:00,0.84940,0.85100,0.84600,0.84720,8971606
2025-08-20T08:00:00+00:00,0.84730,0.85120,0.84600,0.85040,9591801
2025-08-20T08:15:00+00:00,0.85050,0.85420,0.85030,0.85360,12314483
2025-08-20T08:30:00+00:00,0.85360,0.85930,0.85260,0.85900,22864167
2025-08-20T08:45:00+00:00,0.85900,0.86370,0.85770,0.86240,30493559
2025-08-20T09:00:00+00:00,0.86240,0.86250,0.85540,0.86150,29103585
2025-08-20T09:15:00+00:00,0.86160,0.86310,0.85400,0.85400,14541948
2025-08-20T09:30:00+00:00,0.85410,0.85540,0.85090,0.85330,14564425
2025-08-20T09:45:00+00:00,0.85340,0.85670,0.84910,0.85060,13380905
2025-08-20T10:00:00+00:00,0.85070,0.85400,0.85000,0.85210,9928208
2025-08-20T10:15:00+00:00,0.85220,0.85940,0.85220,0.85330,11305780
2025-08-20T10:30:00+00:00,0.85340,0.85520,0.85040,0.85430,9486062
2025-08-20T10:45:00+00:00,0.85440,0.85780,0.85430,0.85560,10221497
2025-08-20T11:00:00+00:00,0.85570,0.85870,0.84930,0.84970,20938126
2025-08-20T11:15:00+00:00,0.84980,0.85040,0.84590,0.84660,13472096
2025-08-20T11:30:00+00:00,0.84660,0.84700,0.83720,0.83840,41655995
2025-08-20T11:45:00+00:00,0.83850,0.84880,0.83640,0.84870,22705947
2025-08-20T12:00:00+00:00,0.84880,0.86140,0.84870,0.85740,37829746
2025-08-20T12:15:00+00:00,0.85740,0.86060,0.85240,0.85560,21851960
2025-08-20T12:30:00+00:00,0.85560,0.86310,0.85500,0.86090,18134081
2025-08-20T12:45:00+00:00,0.86080,0.86240,0.85740,0.85990,13921954
2025-08-20T13:00:00+00:00,0.86000,0.86000,0.85070,0.85130,15921797
2025-08-20T13:15:00+00:00,0.85130,0.85650,0.84990,0.85610,13524493
2025-08-20T13:30:00+00:00,0.85620,0.86150,0.84970,0.85130,29239897
2025-08-20T13:45:00+00:00,0.85140,0.85250,0.84270,0.84540,41720836
2025-08-20T14:00:00+00:00,0.84540,0.84930,0.83820,0.84290,33135213
2025-08-20T14:15:00+00:00,0.84280,0.85370,0.83870,0.85220,25480718
2025-08-20T14:30:00+00:00,0.85210,0.86260,0.85200,0.85940,35073498
2025-08-20T14:45:00+00:00,0.85930,0.86480,0.85750,0.85900,21050301
2025-08-20T15:00:00+00:00,0.85900,0.88100,0.85790,0.87710,53458582
2025-08-20T15:15:00+00:00,0.87700,0.88420,0.87580,0.87980,34519053
2025-08-20T15:30:00+00:00,0.87980,0.87990,0.87230,0.87650,29971535
2025-08-20T15:45:00+00:00,0.87660,0.87790,0.86760,0.87090,27286198
2025-08-20T16:00:00+00:00,0.87080,0.87920,0.87080,0.87890,18536768
2025-08-20T16:15:00+00:00,0.87880,0.88330,0.87820,0.88080,16762825
2025-08-20T16:30:00+00:00,0.88080,0.88090,0.87340,0.87720,12292641
2025-08-20T16:45:00+00:00,0.87720,0.87920,0.87320,0.87520,10344969
2025-08-20T17:00:00+00:00,0.87520,0.87940,0.87420,0.87650,8005364
2025-08-20T17:15:00+00:00,0.87640,0.88020,0.87490,0.87550,5417480
2025-08-20T17:30:00+00:00,0.87540,0.88540,0.87460,0.88530,11629738
2025-08-20T17:45:00+00:00,0.88520,0.88700,0.88080,0.88470,14645275
2025-08-20T18:00:00+00:00,0.88460,0.88590,0.87550,0.87650,17303603
2025-08-20T18:15:00+00:00,0.87650,0.87700,0.86920,0.87000,18680259
2025-08-20T18:30:00+00:00,0.86990,0.87460,0.86790,0.87320,10688736
2025-08-20T18:45:00+00:00,0.87320,0.87550,0.87080,0.87080,7124583
2025-08-20T19:00:00+00:00,0.87080,0.87780,0.87010,0.87750,7410730
2025-08-20T19:15:00+00:00,0.87740,0.88650,0.87690,0.88580,15678416
2025-08-20T19:30:00+00:00,0.88570,0.88760,0.88310,0.88610,13407535
2025-08-20T19:45:00+00:00,0.88600,0.89210,0.88540,0.89050,16862076
2025-08-20T20:00:00+00:00,0.89050,0.89100,0.88540,0.88550,31208757
2025-08-20T20:15:00+00:00,0.88540,0.88610,0.88210,0.88410,10265793
2025-08-20T20:30:00+00:00,0.88400,0.88540,0.88060,0.88350,9009215
2025-08-20T20:45:00+00:00,0.88340,0.88540,0.88190,0.88310,6666016
2025-08-20T21:00:00+00:00,0.88320,0.88640,0.88320,0.88390,5644315
2025-08-20T21:15:00+00:00,0.88380,0.88490,0.87820,0.87880,11042991
2025-08-20T21:30:00+00:00,0.87880,0.88500,0.87730,0.88430,6376292
2025-08-20T21:45:00+00:00,0.88430,0.88720,0.88260,0.88430,5769995
2025-08-20T22:00:00+00:00,0.88430,0.88820,0.88010,0.88180,7261566
2025-08-20T22:15:00+00:00,0.88180,0.88370,0.88000,0.88370,3912923
2025-08-20T22:30:00+00:00,0.88370,0.88490,0.88150,0.88420,5708350
2025-08-20T22:45:00+00:00,0.88420,0.88740,0.88400,0.88580,4675934
2025-08-20T23:00:00+00:00,0.88570,0.88750,0.88380,0.88570,5230396
2025-08-20T23:15:00+00:00,0.88570,0.88640,0.88210,0.88270,3937948
2025-08-20T23:30:00+00:00,0.88270,0.88510,0.88170,0.88490,3492313
2025-08-20T23:45:00+00:00,0.88480,0.88490,0.87940,0.88050,5977533
2025-08-21T00:00:00+00:00,0.88050,0.88090,0.87690,0.87800,9006856
2025-08-21T00:15:00+00:00,0.87800,0.87940,0.87350,0.87470,8485035
2025-08-21T00:30:00+00:00,0.87480,0.88330,0.87460,0.88070,10762798
2025-08-21T00:45:00+00:00,0.88070,0.88220,0.87600,0.88150,5709191
2025-08-21T01:00:00+00:00,0.88140,0.88520,0.88110,0.88210,7320626
2025-08-21T01:15:00+00:00,0.88220,0.88630,0.87810,0.88450,8275307
2025-08-21T01:30:00+00:00,0.88450,0.88800,0.88210,0.88640,5136691
2025-08-21T01:45:00+00:00,0.88640,0.89080,0.88450,0.88980,11436798
2025-08-21T02:00:00+00:00,0.88990,0.89190,0.87670,0.87750,15085806
2025-08-21T02:15:00+00:00,0.87750,0.87770,0.87180,0.87410,11758580
2025-08-21T02:30:00+00:00,0.87400,0.87500,0.86880,0.87280,14758243
2025-08-21T02:45:00+00:00,0.87280,0.87600,0.87210,0.87540,4934395
2025-08-21T03:00:00+00:00,0.87540,0.89150,0.87490,0.88920,27009898
2025-08-21T03:15:00+00:00,0.88920,0.89220,0.88420,0.88620,15348633
2025-08-21T03:30:00+00:00,0.88630,0.88900,0.88500,0.88830,6608756
2025-08-21T03:45:00+00:00,0.88840,0.88980,0.88430,0.88480,6711781
2025-08-21T04:00:00+00:00,0.88490,0.88600,0.87890,0.88000,8662721
2025-08-21T04:15:00+00:00,0.88000,0.88020,0.87670,0.87760,7754637
2025-08-21T04:30:00+00:00,0.87770,0.88160,0.87650,0.87960,7394048
2025-08-21T04:45:00+00:00,0.87960,0.88150,0.87490,0.87500,5346767
2025-08-21T05:00:00+00:00,0.87510,0.87580,0.87220,0.87340,6217114
2025-08-21T05:15:00+00:00,0.87350,0.87680,0.87120,0.87470,13735934
2025-08-21T05:30:00+00:00,0.87460,0.87760,0.87440,0.87700,4093159
2025-08-21T05:45:00+00:00,0.87710,0.87960,0.87660,0.87860,4309743
2025-08-21T06:00:00+00:00,0.87860,0.87870,0.87110,0.87280,8312497
2025-08-21T06:15:00+00:00,0.87290,0.87490,0.87150,0.87290,3951011
2025-08-21T06:30:00+00:00,0.87290,0.87770,0.87290,0.87550,3381151
2025-08-21T06:45:00+00:00,0.87560,0.87650,0.87280,0.87610,3180003
2025-08-21T07:00:00+00:00,0.87610,0.87860,0.87120,0.87140,10527700
2025-08-21T07:15:00+00:00,0.87140,0.87300,0.86740,0.87190,11430099
2025-08-21T07:30:00+00:00,0.87200,0.87700,0.87040,0.87360,6496264
2025-08-21T07:45:00+00:00,0.87360,0.87540,0.87210,0.87510,3889462
2025-08-21T08:00:00+00:00,0.87520,0.87840,0.87520,0.87640,7350891
2025-08-21T08:15:00+00:00,0.87640,0.87670,0.87100,0.87240,6060540
2025-08-21T08:30:00+00:00,0.87240,0.87370,0.87070,0.87290,3740978
2025-08-21T08:45:00+00:00,0.87300,0.87560,0.87020,0.87060,5008945
2025-08-21T09:00:00+00:00,0.87050,0.87060,0.86640,0.86750,11609001
2025-08-21T09:15:00+00:00,0.86750,0.86950,0.86530,0.86950,8265666
2025-08-21T09:30:00+00:00,0.86940,0.87880,0.86840,0.87780,11552868
2025-08-21T09:45:00+00:00,0.87780,0.87900,0.87270,0.87340,6490688
2025-08-21T10:00:00+00:00,0.87350,0.87720,0.87060,0.87360,6423473
2025-08-21T10:15:00+00:00,0.87370,0.87740,0.87150,0.87620,5660073
2025-08-21T10:30:00+00:00,0.87610,0.87640,0.87100,0.87110,4537679
2025-08-21T10:45:00+00:00,0.87120,0.87160,0.86810,0.86920,5756011
2025-08-21T11:00:00+00:00,0.86920,0.87390,0.86860,0.87270,7001767
2025-08-21T11:15:00+00:00,0.87280,0.87340,0.87060,0.87200,5739770
2025-08-21T11:30:00+00:00,0.87190,0.87320,0.86630,0.86970,10374076
2025-08-21T11:45:00+00:00,0.86960,0.86990,0.86430,0.86710,8931017
2025-08-21T12:00:00+00:00,0.86700,0.86940,0.86490,0.86630,4953850
2025-08-21T12:15:00+00:00,0.86620,0.86910,0.86190,0.86610,15202926
2025-08-21T12:30:00+00:00,0.86610,0.87470,0.86560,0.87110,14903862
2025-08-21T12:45:00+00:00,0.87100,0.87160,0.86020,0.86680,19478472
2025-08-21T13:00:00+00:00,0.86670,0.87140,0.86560,0.86900,9056342
2025-08-21T13:15:00+00:00,0.86900,0.87360,0.86770,0.87350,5578446
2025-08-21T13:30:00+00:00,0.87350,0.87880,0.86890,0.87560,17467319
2025-08-21T13:45:00+00:00,0.87570,0.87610,0.86700,0.86750,18714626
2025-08-21T14:00:00+00:00,0.86750,0.87420,0.86570,0.87260,12732861
2025-08-21T14:15:00+00:00,0.87260,0.87920,0.87200,0.87760,15842428
2025-08-21T14:30:00+00:00,0.87770,0.87800,0.85820,0.86460,34487169
2025-08-21T14:45:00+00:00,0.86460,0.86710,0.86130,0.86530,10811157
2025-08-21T15:00:00+00:00,0.86540,0.86760,0.85870,0.85880,16402395
2025-08-21T15:15:00+00:00,0.85880,0.86530,0.85690,0.86340,17540702
2025-08-21T15:30:00+00:00,0.86340,0.86580,0.85980,0.86390,8865725
2025-08-21T15:45:00+00:00,0.86380,0.86380,0.85710,0.85860,9821614
2025-08-21T16:00:00+00:00,0.85860,0.86470,0.85800,0.86460,12129440
2025-08-21T16:15:00+00:00,0.86460,0.86850,0.85940,0.86200,14298644
2025-08-21T16:30:00+00:00,0.86210,0.86430,0.85800,0.86290,9404236
2025-08-21T16:45:00+00:00,0.86290,0.86390,0.85840,0.85990,6269931
2025-08-21T17:00:00+00:00,0.86000,0.86060,0.85370,0.85640,14822439
2025-08-21T17:15:00+00:00,0.85630,0.85850,0.85260,0.85280,13876311
2025-08-21T17:30:00+00:00,0.85280,0.85940,0.85260,0.85550,12766831
2025-08-21T17:45:00+00:00,0.85550,0.85620,0.85120,0.85280,11960928
2025-08-21T18:00:00+00:00,0.85270,0.85700,0.85240,0.85640,7075294
2025-08-21T18:15:00+00:00,0.85640,0.86220,0.85480,0.85840,8519970
2025-08-21T18:30:00+00:00,0.85840,0.85970,0.85470,0.85710,6933963
2025-08-21T18:45:00+00:00,0.85710,0.86470,0.85420,0.86420,8755947
2025-08-21T19:00:00+00:00,0.86430,0.86670,0.86200,0.86230,6789278
2025-08-21T19:15:00+00:00,0.86220,0.86250,0.85500,0.85560,9707203
2025-08-21T19:30:00+00:00,0.85550,0.85660,0.85100,0.85100,11330780
2025-08-21T19:45:00+00:00,0.85100,0.85340,0.84990,0.85230,9368773
2025-08-21T20:00:00+00:00,0.85230,0.85380,0.85130,0.85280,5598671
2025-08-21T20:15:00+00:00,0.85290,0.85390,0.85130,0.85300,8556440
2025-08-21T20:30:00+00:00,0.85290,0.85350,0.84600,0.85220,16161607
2025-08-21T20:45:00+00:00,0.85210,0.86030,0.85160,0.85670,13023038
2025-08-21T21:00:00+00:00,0.85670,0.85810,0.85030,0.85730,7985428
2025-08-21T21:15:00+00:00,0.85730,0.86070,0.85410,0.85820,5196405
2025-08-21T21:30:00+00:00,0.85830,0.86180,0.85520,0.85650,4882321
2025-08-21T21:45:00+00:00,0.85660,0.85940,0.85600,0.85790,1606789
2025-08-21T22:00:00+00:00,0.85800,0.86200,0.85660,0.86150,5344028
2025-08-21T22:15:00+00:00,0.86150,0.86400,0.85970,0.86180,7260330
2025-08-21T22:30:00+00:00,0.86180,0.86280,0.85630,0.85670,6065748
2025-08-21T22:45:00+00:00,0.85670,0.85880,0.85600,0.85680,3244213
2025-08-21T23:00:00+00:00,0.85680,0.85690,0.85000,0.85010,7446153
2025-08-21T23:15:00+00:00,0.85000,0.85140,0.84710,0.85130,9293422
2025-08-21T23:30:00+00:00,0.85120,0.85120,0.84720,0.84770,5229350
2025-08-21T23:45:00+00:00,0.84770,0.85170,0.84750,0.85140,3455858
2025-08-22T00:00:00+00:00,0.85130,0.85940,0.85110,0.85600,12093316
2025-08-22T00:15:00+00:00,0.85600,0.85890,0.85470,0.85670,6291135
2025-08-22T00:30:00+00:00,0.85680,0.85900,0.85570,0.85610,4928989
2025-08-22T00:45:00+00:00,0.85620,0.85660,0.85170,0.85300,4567759
2025-08-22T01:00:00+00:00,0.85290,0.85560,0.84240,0.84580,22469239
2025-08-22T01:15:00+00:00,0.84580,0.85280,0.84570,0.85070,8391885
2025-08-22T01:30:00+00:00,0.85060,0.85330,0.84870,0.85230,4388961
2025-08-22T01:45:00+00:00,0.85220,0.85430,0.85110,0.85230,4453740
2025-08-22T02:00:00+00:00,0.85230,0.85960,0.85080,0.85940,9282055
2025-08-22T02:15:00+00:00,0.85940,0.86660,0.85900,0.86570,13094716
2025-08-22T02:30:00+00:00,0.86560,0.86570,0.85990,0.86110,7367640
2025-08-22T02:45:00+00:00,0.86100,0.86290,0.85800,0.85930,5639664
2025-08-22T03:00:00+00:00,0.85940,0.86160,0.85700,0.86050,5652101
2025-08-22T03:15:00+00:00,0.86060,0.86070,0.85460,0.85480,5256083
2025-08-22T03:30:00+00:00,0.85490,0.85530,0.84760,0.84900,15288259
2025-08-22T03:45:00+00:00,0.84910,0.85110,0.84680,0.85030,8414207
2025-08-22T04:00:00+00:00,0.85030,0.85670,0.85010,0.85630,7798792
2025-08-22T04:15:00+00:00,0.85630,0.86250,0.85580,0.85920,10705211
2025-08-22T04:30:00+00:00,0.85920,0.85990,0.85610,0.85710,6407746
2025-08-22T04:45:00+00:00,0.85720,0.85800,0.85120,0.85400,6609804
2025-08-22T05:00:00+00:00,0.85390,0.85760,0.85210,0.85620,5285831
2025-08-22T05:15:00+00:00,0.85610,0.85700,0.85260,0.85390,3816146
2025-08-22T05:30:00+00:00,0.85400,0.85950,0.85120,0.85380,6086711
2025-08-22T05:45:00+00:00,0.85390,0.85840,0.85360,0.85690,4410755
2025-08-22T06:00:00+00:00,0.85680,0.85790,0.85250,0.85630,4979813
2025-08-22T06:15:00+00:00,0.85620,0.86070,0.85590,0.85790,9786426
2025-08-22T06:30:00+00:00,0.85790,0.85870,0.84700,0.84940,15550766
2025-08-22T06:45:00+00:00,0.84940,0.85280,0.84800,0.85070,7506244
2025-08-22T07:00:00+00:00,0.85080,0.85770,0.84900,0.85390,12960977
2025-08-22T07:15:00+00:00,0.85400,0.85970,0.85160,0.85930,10896447
2025-08-22T07:30:00+00:00,0.85920,0.85970,0.85660,0.85800,8764424
2025-08-22T07:45:00+00:00,0.85790,0.85980,0.85580,0.85640,6918094
2025-08-22T08:00:00+00:00,0.85630,0.86190,0.85580,0.86070,8839861
2025-08-22T08:15:00+00:00,0.86070,0.86360,0.85780,0.85970,9016289
2025-08-22T08:30:00+00:00,0.85970,0.86080,0.85300,0.85500,8712307
2025-08-22T08:45:00+00:00,0.85490,0.85500,0.85140,0.85270,7963750
2025-08-22T09:00:00+00:00,0.85280,0.85410,0.85010,0.85100,8559349
2025-08-22T09:15:00+00:00,0.85110,0.85260,0.84840,0.84980,14644495
2025-08-22T09:30:00+00:00,0.84970,0.85250,0.84680,0.84980,10355083
2025-08-22T09:45:00+00:00,0.84970,0.85360,0.84870,0.85130,6830943
2025-08-22T10:00:00+00:00,0.85140,0.85150,0.84640,0.84650,7047302
2025-08-22T10:15:00+00:00,0.84640,0.84650,0.84200,0.84440,16507444
2025-08-22T10:30:00+00:00,0.84430,0.84500,0.84050,0.84250,10926414
2025-08-22T10:45:00+00:00,0.84250,0.84410,0.84070,0.84140,7513454
2025-08-22T11:00:00+00:00,0.84150,0.84220,0.83730,0.83830,16772270
2025-08-22T11:15:00+00:00,0.83840,0.84020,0.83700,0.83890,8282968
2025-08-22T11:30:00+00:00,0.83890,0.84010,0.83280,0.83530,17892930
2025-08-22T11:45:00+00:00,0.83530,0.83720,0.83330,0.83360,9044671
2025-08-22T12:00:00+00:00,0.83360,0.83490,0.82670,0.82890,37334160
2025-08-22T12:15:00+00:00,0.82880,0.83030,0.82650,0.82860,16094403
2025-08-22T12:30:00+00:00,0.82870,0.83220,0.82130,0.83200,35010849
2025-08-22T12:45:00+00:00,0.83190,0.83640,0.82910,0.83040,24486399
2025-08-22T13:00:00+00:00,0.83040,0.83580,0.82930,0.83450,12556549
2025-08-22T13:15:00+00:00,0.83460,0.83550,0.83120,0.83260,9546722
2025-08-22T13:30:00+00:00,0.83260,0.84650,0.82860,0.83970,36117707
2025-08-22T13:45:00+00:00,0.83970,0.84390,0.83510,0.83640,27781075
2025-08-22T14:00:00+00:00,0.83630,0.90220,0.83630,0.90070,227711756
2025-08-22T14:15:00+00:00,0.90070,0.91190,0.87790,0.90090,173140934
2025-08-22T14:30:00+00:00,0.90090,0.90990,0.89800,0.90210,79458861
2025-08-22T14:45:00+00:00,0.90200,0.91450,0.90170,0.90340,48456260
2025-08-22T15:00:00+00:00,0.90330,0.91470,0.90310,0.90910,35311013
2025-08-22T15:15:00+00:00,0.90910,0.91670,0.90800,0.90940,37217489
2025-08-22T15:30:00+00:00,0.90940,0.91430,0.90860,0.91170,28615162
2025-08-22T15:45:00+00:00,0.91170,0.91440,0.90420,0.90440,25276357
2025-08-22T16:00:00+00:00,0.90430,0.93240,0.90420,0.92590,65743548
2025-08-22T16:15:00+00:00,0.92590,0.92900,0.92110,0.92650,34260974
2025-08-22T16:30:00+00:00,0.92660,0.93010,0.92390,0.92560,16580990
2025-08-22T16:45:00+00:00,0.92550,0.92550,0.91680,0.91890,23274756
2025-08-22T17:00:00+00:00,0.91900,0.93370,0.91900,0.93320,22252920
2025-08-22T17:15:00+00:00,0.93310,0.93850,0.92920,0.93740,28252406
2025-08-22T17:30:00+00:00,0.93730,0.93970,0.92540,0.93070,28234834
2025-08-22T17:45:00+00:00,0.93080,0.93130,0.92650,0.92880,11490906
2025-08-22T18:00:00+00:00,0.92880,0.93150,0.92520,0.92810,16033913
2025-08-22T18:15:00+00:00,0.92810,0.92840,0.92040,0.92240,23206323
2025-08-22T18:30:00+00:00,0.92250,0.92860,0.92190,0.92820,7594394
2025-08-22T18:45:00+00:00,0.92810,0.92880,0.92190,0.92490,10553732
2025-08-22T19:00:00+00:00,0.92490,0.92950,0.92340,0.92880,7972322
2025-08-22T19:15:00+00:00,0.92890,0.93180,0.92690,0.93030,8674298
2025-08-22T19:30:00+00:00,0.93030,0.93370,0.92760,0.93330,10354635
2025-08-22T19:45:00+00:00,0.93330,0.93580,0.93090,0.93170,10824946
2025-08-22T20:00:00+00:00,0.93160,0.93610,0.93160,0.93470,10571520
2025-08-22T20:15:00+00:00,0.93470,0.93970,0.93360,0.93610,18454012
2025-08-22T20:30:00+00:00,0.93610,0.93700,0.93200,0.93470,7573976
2025-08-22T20:45:00+00:00,0.93470,0.93700,0.93350,0.93680,7460771
2025-08-22T21:00:00+00:00,0.93680,0.94130,0.93280,0.93520,17625114
2025-08-22T21:15:00+00:00,0.93510,0.94150,0.93290,0.93980,10764477
2025-08-22T21:30:00+00:00,0.93970,0.94200,0.93620,0.93790,7524345
2025-08-22T21:45:00+00:00,0.93780,0.93910,0.93540,0.93810,2992347
2025-08-22T22:00:00+00:00,0.93810,0.93870,0.92810,0.93160,22901918
2025-08-22T22:15:00+00:00,0.93150,0.93510,0.92930,0.93110,8164920
2025-08-22T22:30:00+00:00,0.93110,0.93230,0.92740,0.92930,8490140
2025-08-22T22:45:00+00:00,0.92920,0.93180,0.92720,0.92820,5993761
2025-08-22T23:00:00+00:00,0.92810,0.93140,0.92720,0.92760,5414922
2025-08-22T23:15:00+00:00,0.92750,0.93060,0.92750,0.93040,5430341
2025-08-22T23:30:00+00:00,0.93040,0.93360,0.92950,0.93150,6317687
2025-08-22T23:45:00+00:00,0.93150,0.93180,0.92820,0.93150,3599164
2025-08-23T00:00:00+00:00,0.93150,0.93300,0.92520,0.92680,18688123
2025-08-23T00:15:00+00:00,0.92680,0.93030,0.92550,0.92830,6394320
2025-08-23T00:30:00+00:00,0.92830,0.92960,0.92340,0.92350,9689925
2025-08-23T00:45:00+00:00,0.92340,0.92590,0.92200,0.92220,7144277
2025-08-23T01:00:00+00:00,0.92220,0.92480,0.92060,0.92070,9641587
2025-08-23T01:15:00+00:00,0.92070,0.92080,0.91160,0.91180,29017861
2025-08-23T01:30:00+00:00,0.91190,0.91370,0.90570,0.90590,25850722
2025-08-23T01:45:00+00:00,0.90600,0.91310,0.90590,0.91220,10011334
2025-08-23T02:00:00+00:00,0.91210,0.91340,0.90550,0.90650,11764912
2025-08-23T02:15:00+00:00,0.90650,0.90810,0.90090,0.90100,19962888
2025-08-23T02:30:00+00:00,0.90100,0.90210,0.89110,0.89690,41297665
2025-08-23T02:45:00+00:00,0.89700,0.90360,0.89430,0.90100,19796426
2025-08-23T03:00:00+00:00,0.90100,0.90350,0.89670,0.90240,14811132
2025-08-23T03:15:00+00:00,0.90240,0.90450,0.90030,0.90330,9949088
2025-08-23T03:30:00+00:00,0.90340,0.90370,0.89730,0.89760,6701072
2025-08-23T03:45:00+00:00,0.89760,0.90270,0.89660,0.90060,7578700
2025-08-23T04:00:00+00:00,0.90060,0.90580,0.90020,0.90550,12371622
2025-08-23T04:15:00+00:00,0.90550,0.90740,0.90180,0.90630,10182488
2025-08-23T04:30:00+00:00,0.90620,0.91300,0.90620,0.91290,19114281
2025-08-23T04:45:00+00:00,0.91300,0.91360,0.90950,0.91290,12862602
2025-08-23T05:00:00+00:00,0.91280,0.91330,0.90980,0.91180,11025294
2025-08-23T05:15:00+00:00,0.91180,0.92170,0.91150,0.92110,21914770
2025-08-23T05:30:00+00:00,0.92100,0.93860,0.92090,0.93550,57170430
2025-08-23T05:45:00+00:00,0.93560,0.93590,0.92740,0.92980,17848656
2025-08-23T06:00:00+00:00,0.92990,0.93560,0.92870,0.92990,15710565
2025-08-23T06:15:00+00:00,0.92990,0.93400,0.92620,0.92780,12910806
2025-08-23T06:30:00+00:00,0.92770,0.93300,0.92730,0.92960,9287332
2025-08-23T06:45:00+00:00,0.92970,0.93480,0.92970,0.93370,7942045
2025-08-23T07:00:00+00:00,0.93370,0.93750,0.93040,0.93490,13786938
2025-08-23T07:15:00+00:00,0.93490,0.93570,0.92830,0.92860,8294609
2025-08-23T07:30:00+00:00,0.92850,0.93010,0.92450,0.92840,12778476
2025-08-23T07:45:00+00:00,0.92840,0.92850,0.92450,0.92600,9112699
2025-08-23T08:00:00+00:00,0.92610,0.92970,0.92490,0.92560,6787336
2025-08-23T08:15:00+00:00,0.92570,0.92790,0.91760,0.91890,25771140
2025-08-23T08:30:00+00:00,0.91890,0.92380,0.91800,0.92190,10091522
2025-08-23T08:45:00+00:00,0.92190,0.92440,0.91910,0.92040,8306594
2025-08-23T09:00:00+00:00,0.92040,0.92200,0.91610,0.91730,8570465
2025-08-23T09:15:00+00:00,0.91730,0.91730,0.91480,0.91610,8257140
2025-08-23T09:30:00+00:00,0.91610,0.92080,0.91570,0.91890,10063275
2025-08-23T09:45:00+00:00,0.91890,0.92180,0.91740,0.92040,5089802
2025-08-23T10:00:00+00:00,0.92050,0.92070,0.91520,0.91530,7067537
2025-08-23T10:15:00+00:00,0.91520,0.91620,0.91200,0.91490,11033032
2025-08-23T10:30:00+00:00,0.91490,0.91500,0.91150,0.91380,10384384
2025-08-23T10:45:00+00:00,0.91390,0.91500,0.91060,0.91100,6179483
2025-08-23T11:00:00+00:00,0.91110,0.91560,0.91010,0.91560,7758878
2025-08-23T11:15:00+00:00,0.91560,0.91630,0.91320,0.91360,4097281
2025-08-23T11:30:00+00:00,0.91360,0.91730,0.91350,0.91610,5538803
2025-08-23T11:45:00+00:00,0.91610,0.91760,0.91360,0.91550,5367724
2025-08-23T12:00:00+00:00,0.91560,0.91600,0.90890,0.91500,12877213
2025-08-23T12:15:00+00:00,0.91510,0.91750,0.91370,0.91420,5574958
2025-08-23T12:30:00+00:00,0.91430,0.91750,0.91330,0.91460,4215572
2025-08-23T12:45:00+00:00,0.91460,0.91580,0.91060,0.91170,5415297
2025-08-23T13:00:00+00:00,0.91180,0.91350,0.91030,0.91220,8234420
2025-08-23T13:15:00+00:00,0.91220,0.91340,0.91060,0.91150,6786500
2025-08-23T13:30:00+00:00,0.91150,0.91400,0.90790,0.91010,14546609
2025-08-23T13:45:00+00:00,0.91020,0.91710,0.91000,0.91360,12996617
2025-08-23T14:00:00+00:00,0.91350,0.91580,0.91020,0.91440,7020934
2025-08-23T14:15:00+00:00,0.91440,0.92030,0.91370,0.91990,17769960
2025-08-23T14:30:00+00:00,0.91990,0.92180,0.90950,0.91250,18176023
2025-08-23T14:45:00+00:00,0.91250,0.91470,0.91030,0.91160,7203608
2025-08-23T15:00:00+00:00,0.91170,0.91460,0.91090,0.91260,5932863
2025-08-23T15:15:00+00:00,0.91250,0.91550,0.91120,0.91510,8693882
2025-08-23T15:30:00+00:00,0.91500,0.91560,0.91290,0.91360,7071706
2025-08-23T15:45:00+00:00,0.91360,0.91720,0.91350,0.91480,5647510
2025-08-23T16:00:00+00:00,0.91480,0.91590,0.91000,0.91020,12504969
2025-08-23T16:15:00+00:00,0.91030,0.91280,0.90910,0.90950,7153977
2025-08-23T16:30:00+00:00,0.90950,0.91010,0.90780,0.90850,7245181
2025-08-23T16:45:00+00:00,0.90850,0.91200,0.90840,0.91170,6487857
2025-08-23T17:00:00+00:00,0.91170,0.91320,0.91100,0.91170,3743128
2025-08-23T17:15:00+00:00,0.91160,0.91230,0.90900,0.90930,5929463
2025-08-23T17:30:00+00:00,0.90940,0.91240,0.90910,0.91020,4299569
2025-08-23T17:45:00+00:00,0.91020,0.91130,0.90940,0.90960,3181210
2025-08-23T18:00:00+00:00,0.90950,0.91210,0.90920,0.91210,2462895
2025-08-23T18:15:00+00:00,0.91210,0.91290,0.91020,0.91150,5545984
2025-08-23T18:30:00+00:00,0.91140,0.91420,0.91110,0.91390,4440987
2025-08-23T18:45:00+00:00,0.91390,0.91410,0.91180,0.91310,4292068
2025-08-23T19:00:00+00:00,0.91310,0.91410,0.91220,0.91230,4355069
2025-08-23T19:15:00+00:00,0.91220,0.91360,0.91180,0.91270,2108313
2025-08-23T19:30:00+00:00,0.91260,0.91390,0.91220,0.91250,1945780
2025-08-23T19:45:00+00:00,0.91260,0.91350,0.91250,0.91310,1548309
2025-08-23T20:00:00+00:00,0.91320,0.91410,0.91080,0.91110,4797964
2025-08-23T20:15:00+00:00,0.91120,0.91300,0.91010,0.91270,3260165
2025-08-23T20:30:00+00:00,0.91270,0.91310,0.90910,0.91050,5149585
2025-08-23T20:45:00+00:00,0.91040,0.91310,0.90950,0.91250,4611229
2025-08-23T21:00:00+00:00,0.91240,0.91240,0.90990,0.91080,3908782
2025-08-23T21:15:00+00:00,0.91080,0.91190,0.90660,0.90800,10206678
2025-08-23T21:30:00+00:00,0.90790,0.90940,0.90750,0.90810,3141570
2025-08-23T21:45:00+00:00,0.90810,0.91030,0.90800,0.90900,3308491
2025-08-23T22:00:00+00:00,0.90900,0.91140,0.90890,0.90990,5279683
2025-08-23T22:15:00+00:00,0.91000,0.91080,0.90910,0.91030,2549806
2025-08-23T22:30:00+00:00,0.91030,0.91240,0.90990,0.91110,2062009
2025-08-23T22:45:00+00:00,0.91110,0.91500,0.91060,0.91460,3209858
2025-08-23T23:00:00+00:00,0.91460,0.91630,0.91410,0.91510,4276911
2025-08-23T23:15:00+00:00,0.91510,0.91750,0.91480,0.91550,3068338
2025-08-23T23:30:00+00:00,0.91550,0.91560,0.91300,0.91350,3257631
2025-08-23T23:45:00+00:00,0.91340,0.91450,0.91170,0.91400,5384293
2025-08-24T00:00:00+00:00,0.91410,0.91700,0.91360,0.91590,7245178
2025-08-24T00:15:00+00:00,0.91590,0.91700,0.91310,0.91580,4907005
2025-08-24T00:30:00+00:00,0.91570,0.92040,0.91540,0.91970,6874947
2025-08-24T00:45:00+00:00,0.91960,0.91970,0.91530,0.91600,5119551
2025-08-24T01:00:00+00:00,0.91610,0.91630,0.91120,0.91540,6745331
2025-08-24T01:15:00+00:00,0.91530,0.91680,0.91130,0.91280,4604125
2025-08-24T01:30:00+00:00,0.91280,0.91800,0.91200,0.91770,3359754
2025-08-24T01:45:00+00:00,0.91760,0.92060,0.91550,0.91710,6712038
2025-08-24T02:00:00+00:00,0.91710,0.91780,0.91440,0.91670,5490758
2025-08-24T02:15:00+00:00,0.91670,0.92160,0.91490,0.92140,7114296
2025-08-24T02:30:00+00:00,0.92140,0.92170,0.91680,0.91720,7536318
2025-08-24T02:45:00+00:00,0.91710,0.91720,0.91290,0.91420,7597796
2025-08-24T03:00:00+00:00,0.91430,0.91480,0.90970,0.91040,9405266
2025-08-24T03:15:00+00:00,0.91050,0.91310,0.90960,0.90980,4188939
2025-08-24T03:30:00+00:00,0.90990,0.91350,0.90950,0.91110,3878225
2025-08-24T03:45:00+00:00,0.91110,0.91670,0.91050,0.91510,4574723
2025-08-24T04:00:00+00:00,0.91510,0.91850,0.91280,0.91660,6707413
2025-08-24T04:15:00+00:00,0.91670,0.91900,0.91500,0.91670,5680241
2025-08-24T04:30:00+00:00,0.91660,0.91830,0.91490,0.91580,5098468
2025-08-24T04:45:00+00:00,0.91570,0.91890,0.91430,0.91880,2959372
2025-08-24T05:00:00+00:00,0.91880,0.91940,0.91610,0.91670,4945246
2025-08-24T05:15:00+00:00,0.91670,0.91850,0.91600,0.91600,3341599
2025-08-24T05:30:00+00:00,0.91600,0.91790,0.91370,0.91580,4030589
2025-08-24T05:45:00+00:00,0.91580,0.91620,0.91210,0.91480,2560934
2025-08-24T06:00:00+00:00,0.91470,0.91500,0.91010,0.91090,7489914
2025-08-24T06:15:00+00:00,0.91090,0.91160,0.90730,0.90930,7979086
2025-08-24T06:30:00+00:00,0.90940,0.90970,0.90250,0.90590,19683956
2025-08-24T06:45:00+00:00,0.90590,0.90610,0.90230,0.90260,8829131
2025-08-24T07:00:00+00:00,0.90260,0.90780,0.90200,0.90730,9826810
2025-08-24T07:15:00+00:00,0.90730,0.90980,0.90400,0.90940,6449835
2025-08-24T07:30:00+00:00,0.90940,0.91130,0.90490,0.90570,7965669
2025-08-24T07:45:00+00:00,0.90570,0.90710,0.90360,0.90390,5493840
2025-08-24T08:00:00+00:00,0.90380,0.90860,0.90050,0.90740,12007903
2025-08-24T08:15:00+00:00,0.90740,0.90970,0.90620,0.90700,7495448
2025-08-24T08:30:00+00:00,0.90690,0.90730,0.90350,0.90510,6495896
2025-08-24T08:45:00+00:00,0.90510,0.90790,0.90360,0.90630,3592470
2025-08-24T09:00:00+00:00,0.90620,0.90810,0.90160,0.90210,8179644
2025-08-24T09:15:00+00:00,0.90220,0.90350,0.90080,0.90180,6683940
2025-08-24T09:30:00+00:00,0.90170,0.90380,0.90030,0.90330,7623133
2025-08-24T09:45:00+00:00,0.90330,0.90380,0.89920,0.89970,7468765
2025-08-24T10:00:00+00:00,0.89970,0.90010,0.89530,0.89550,16195673
2025-08-24T10:15:00+00:00,0.89550,0.89680,0.89260,0.89450,17062535
2025-08-24T10:30:00+00:00,0.89440,0.89460,0.88820,0.89320,25943273
2025-08-24T10:45:00+00:00,0.89320,0.89550,0.89090,0.89200,16789985
2025-08-24T11:00:00+00:00,0.89200,0.89460,0.88890,0.89080,12171718
2025-08-24T11:15:00+00:00,0.89080,0.89280,0.88770,0.89240,16443094
2025-08-24T11:30:00+00:00,0.89240,0.89450,0.89100,0.89120,12870498
2025-08-24T11:45:00+00:00,0.89110,0.89360,0.89070,0.89200,6495440
2025-08-24T12:00:00+00:00,0.89200,0.89580,0.89140,0.89390,5910943
2025-08-24T12:15:00+00:00,0.89390,0.89600,0.89300,0.89470,5923523
2025-08-24T12:30:00+00:00,0.89470,0.89670,0.89260,0.89490,4970715
2025-08-24T12:45:00+00:00,0.89490,0.89750,0.89340,0.89700,3423105
2025-08-24T13:00:00+00:00,0.89690,0.89840,0.89590,0.89730,4938785
2025-08-24T13:15:00+00:00,0.89720,0.90030,0.89630,0.89840,9070049
2025-08-24T13:30:00+00:00,0.89850,0.89990,0.89500,0.89610,6340465
2025-08-24T13:45:00+00:00,0.89610,0.89810,0.89440,0.89550,4012398
2025-08-24T14:00:00+00:00,0.89560,0.89580,0.89100,0.89320,12518783
2025-08-24T14:15:00+00:00,0.89330,0.89730,0.89300,0.89380,7213139
2025-08-24T14:30:00+00:00,0.89380,0.89500,0.89210,0.89370,4528191
2025-08-24T14:45:00+00:00,0.89370,0.90180,0.89330,0.90010,10896042
2025-08-24T15:00:00+00:00,0.90010,0.90650,0.89800,0.90400,19028719
2025-08-24T15:15:00+00:00,0.90410,0.90770,0.90190,0.90360,11353569
2025-08-24T15:30:00+00:00,0.90370,0.90570,0.90000,0.90190,7357672
2025-08-24T15:45:00+00:00,0.90200,0.90230,0.89610,0.89850,8161090
2025-08-24T16:00:00+00:00,0.89860,0.90170,0.89770,0.90140,11379410
2025-08-24T16:15:00+00:00,0.90150,0.90170,0.89620,0.89720,7427856
2025-08-24T16:30:00+00:00,0.89730,0.90190,0.89570,0.89960,4874075
2025-08-24T16:45:00+00:00,0.89960,0.90550,0.89820,0.90350,5198277
2025-08-24T17:00:00+00:00,0.90350,0.91130,0.90310,0.91130,16345838
2025-08-24T17:15:00+00:00,0.91130,0.91340,0.90770,0.91340,14566633
2025-08-24T17:30:00+00:00,0.91330,0.92360,0.91290,0.92290,24257257
2025-08-24T17:45:00+00:00,0.92280,0.92610,0.91750,0.92200,27926256
2025-08-24T18:00:00+00:00,0.92200,0.92310,0.91850,0.92300,12412078
2025-08-24T18:15:00+00:00,0.92300,0.93130,0.92220,0.92980,21064109
2025-08-24T18:30:00+00:00,0.92980,0.94040,0.92860,0.93900,38124242
2025-08-24T18:45:00+00:00,0.93890,0.94950,0.93750,0.94830,41725726
2025-08-24T19:00:00+00:00,0.94820,0.96070,0.94500,0.95390,47181501
2025-08-24T19:15:00+00:00,0.95380,0.96390,0.95360,0.96030,32485657
2025-08-24T19:30:00+00:00,0.96040,0.96170,0.90580,0.93000,202585880
2025-08-24T19:45:00+00:00,0.93000,0.93060,0.91040,0.92260,75371226
2025-08-24T20:00:00+00:00,0.92260,0.92390,0.89710,0.90690,79220189
2025-08-24T20:15:00+00:00,0.90690,0.91960,0.90580,0.91760,49126899
2025-08-24T20:30:00+00:00,0.91750,0.91890,0.91060,0.91850,27061400
2025-08-24T20:45:00+00:00,0.91860,0.91860,0.91120,0.91360,10465212
2025-08-24T21:00:00+00:00,0.91370,0.91680,0.90540,0.91360,24413994
2025-08-24T21:15:00+00:00,0.91350,0.91550,0.90920,0.91210,11452883
2025-08-24T21:30:00+00:00,0.91200,0.92430,0.91130,0.92130,14010832
2025-08-24T21:45:00+00:00,0.92140,0.92940,0.91940,0.92100,14699760
2025-08-24T22:00:00+00:00,0.92100,0.92480,0.91290,0.91460,17932705
2025-08-24T22:15:00+00:00,0.91460,0.91460,0.90200,0.90270,15046417
2025-08-24T22:30:00+00:00,0.90270,0.91230,0.90130,0.91010,13988311
2025-08-24T22:45:00+00:00,0.91000,0.91480,0.90560,0.91330,10985654
2025-08-24T23:00:00+00:00,0.91340,0.91850,0.91200,0.91510,8551401
2025-08-24T23:15:00+00:00,0.91500,0.91810,0.91310,0.91510,5040468
2025-08-24T23:30:00+00:00,0.91520,0.91640,0.91240,0.91360,4807810
2025-08-24T23:45:00+00:00,0.91360,0.91580,0.90750,0.90830,11262369
2025-08-25T00:00:00+00:00,0.90830,0.91740,0.90710,0.91110,19009716
2025-08-25T00:15:00+00:00,0.91120,0.91290,0.90390,0.90430,7901955
2025-08-25T00:30:00+00:00,0.90430,0.90440,0.88670,0.89170,41283509
2025-08-25T00:45:00+00:00,0.89170,0.89730,0.88930,0.89560,34747410
2025-08-25T01:00:00+00:00,0.89550,0.90160,0.89470,0.90020,9157916
2025-08-25T01:15:00+00:00,0.90020,0.91030,0.89450,0.90710,21567719
2025-08-25T01:30:00+00:00,0.90710,0.90860,0.90210,0.90240,6599271
2025-08-25T01:45:00+00:00,0.90230,0.91160,0.90220,0.90950,9369964
2025-08-25T02:00:00+00:00,0.90950,0.91560,0.90930,0.91510,11664873
2025-08-25T02:15:00+00:00,0.91500,0.92470,0.91250,0.91950,16910643
2025-08-25T02:30:00+00:00,0.91940,0.92290,0.91820,0.91880,10621246
2025-08-25T02:45:00+00:00,0.91880,0.92490,0.91820,0.92180,7992757
2025-08-25T03:00:00+00:00,0.92180,0.92800,0.91870,0.92060,22122607
2025-08-25T03:15:00+00:00,0.92060,0.92270,0.91600,0.91790,12801599
2025-08-25T03:30:00+00:00,0.91790,0.92620,0.91540,0.92320,10936582
2025-08-25T03:45:00+00:00,0.92310,0.92640,0.91770,0.91870,10338752
2025-08-25T04:00:00+00:00,0.91870,0.92210,0.91550,0.91550,12214550
2025-08-25T04:15:00+00:00,0.91560,0.92170,0.91460,0.91690,16018425
2025-08-25T04:30:00+00:00,0.91680,0.91900,0.91160,0.91470,10514303
2025-08-25T04:45:00+00:00,0.91460,0.91670,0.91190,0.91300,6642903
2025-08-25T05:00:00+00:00,0.91300,0.91580,0.90380,0.90420,18570211
2025-08-25T05:15:00+00:00,0.90430,0.90980,0.90310,0.90780,8881604
2025-08-25T05:30:00+00:00,0.90780,0.90840,0.90230,0.90390,17958682
2025-08-25T05:45:00+00:00,0.90390,0.90580,0.89700,0.89770,34814848
2025-08-25T06:00:00+00:00,0.89770,0.89820,0.89070,0.89350,40488980
2025-08-25T06:15:00+00:00,0.89350,0.89720,0.89020,0.89300,17303500
2025-08-25T06:30:00+00:00,0.89310,0.89360,0.88730,0.88770,15650540
2025-08-25T06:45:00+00:00,0.88770,0.88770,0.88160,0.88200,23987892
2025-08-25T07:00:00+00:00,0.88210,0.88900,0.88000,0.88390,22128908
2025-08-25T07:15:00+00:00,0.88390,0.88560,0.87810,0.87850,21925993
2025-08-25T07:30:00+00:00,0.87850,0.87980,0.87030,0.87790,46004919
2025-08-25T07:45:00+00:00,0.87790,0.87850,0.86890,0.87160,26662051
2025-08-25T08:00:00+00:00,0.87170,0.87210,0.86420,0.87080,26712788
2025-08-25T08:15:00+00:00,0.87080,0.87490,0.87000,0.87080,18859811
2025-08-25T08:30:00+00:00,0.87090,0.87500,0.86890,0.87120,15526224
2025-08-25T08:45:00+00:00,0.87130,0.87400,0.87070,0.87230,8047584
2025-08-25T09:00:00+00:00,0.87230,0.87320,0.86610,0.86800,18507150
2025-08-25T09:15:00+00:00,0.86790,0.87010,0.86690,0.86700,10494966
2025-08-25T09:30:00+00:00,0.86700,0.87070,0.86620,0.87020,7820322
2025-08-25T09:45:00+00:00,0.87020,0.87190,0.86850,0.87110,8204351
2025-08-25T10:00:00+00:00,0.87100,0.87130,0.86530,0.86760,10064035
2025-08-25T10:15:00+00:00,0.86770,0.86920,0.85660,0.85720,43152003
2025-08-25T10:30:00+00:00,0.85720,0.86010,0.85480,0.85690,22764737
2025-08-25T10:45:00+00:00,0.85690,0.86060,0.85540,0.85630,12352669
2025-08-25T11:00:00+00:00,0.85630,0.85840,0.85440,0.85820,14689074
2025-08-25T11:15:00+00:00,0.85810,0.86130,0.85690,0.85830,8905280
2025-08-25T11:30:00+00:00,0.85830,0.86240,0.85830,0.86100,10228325
2025-08-25T11:45:00+00:00,0.86090,0.86570,0.86090,0.86530,12319116
2025-08-25T12:00:00+00:00,0.86530,0.86680,0.86150,0.86610,15304285
2025-08-25T12:15:00+00:00,0.86620,0.86910,0.86420,0.86900,16137367
2025-08-25T12:30:00+00:00,0.86900,0.86910,0.86370,0.86790,9765494
2025-08-25T12:45:00+00:00,0.86780,0.87010,0.86580,0.87000,5967668
2025-08-25T13:00:00+00:00,0.87000,0.87000,0.86450,0.86490,6989989
2025-08-25T13:15:00+00:00,0.86480,0.86730,0.86060,0.86520,17088335
2025-08-25T13:30:00+00:00,0.86530,0.86630,0.85670,0.85840,29966584
2025-08-25T13:45:00+00:00,0.85840,0.86550,0.85440,0.86240,17262198
2025-08-25T14:00:00+00:00,0.86250,0.87100,0.86030,0.86830,17542181
2025-08-25T14:15:00+00:00,0.86830,0.87310,0.86680,0.86700,17093868
2025-08-25T14:30:00+00:00,0.86700,0.87160,0.86500,0.86620,12068401
2025-08-25T14:45:00+00:00,0.86620,0.87280,0.86570,0.87230,9368517
2025-08-25T15:00:00+00:00,0.87220,0.87660,0.86710,0.86900,25946996
2025-08-25T15:15:00+00:00,0.86910,0.87370,0.86750,0.86950,10450423
2025-08-25T15:30:00+00:00,0.86960,0.87150,0.86410,0.86760,15292969
2025-08-25T15:45:00+00:00,0.86750,0.86750,0.86300,0.86490,6381286
2025-08-25T16:00:00+00:00,0.86490,0.87190,0.86030,0.87150,11976028
2025-08-25T16:15:00+00:00,0.87150,0.87830,0.87090,0.87490,14310781
2025-08-25T16:30:00+00:00,0.87490,0.87910,0.87370,0.87590,9559347
2025-08-25T16:45:00+00:00,0.87580,0.87830,0.86780,0.86780,9650200
2025-08-25T17:00:00+00:00,0.86790,0.86840,0.86130,0.86560,15596293
2025-08-25T17:15:00+00:00,0.86560,0.87120,0.86320,0.86960,7399613
2025-08-25T17:30:00+00:00,0.86950,0.87100,0.86410,0.86650,5664101
2025-08-25T17:45:00+00:00,0.86650,0.87220,0.86600,0.87050,5914749
2025-08-25T18:00:00+00:00,0.87050,0.87190,0.86640,0.87030,7303712
2025-08-25T18:15:00+00:00,0.87040,0.87240,0.86980,0.87030,3798616
2025-08-25T18:30:00+00:00,0.87040,0.87330,0.86680,0.86880,5996017
2025-08-25T18:45:00+00:00,0.86890,0.87100,0.86720,0.86900,2927529
2025-08-25T19:00:00+00:00,0.86900,0.87010,0.86470,0.86600,6726139
2025-08-25T19:15:00+00:00,0.86610,0.86710,0.85790,0.86560,20267767
2025-08-25T19:30:00+00:00,0.86570,0.86620,0.85580,0.85790,18469064
2025-08-25T19:45:00+00:00,0.85790,0.85960,0.84870,0.84970,32509962
2025-08-25T20:00:00+00:00,0.84960,0.85480,0.83980,0.84610,50039515
2025-08-25T20:15:00+00:00,0.84610,0.85280,0.84450,0.84520,21027250
2025-08-25T20:30:00+00:00,0.84520,0.84620,0.82930,0.83700,60041612
2025-08-25T20:45:00+00:00,0.83710,0.84050,0.83000,0.83020,21036482
2025-08-25T21:00:00+00:00,0.83030,0.84000,0.82870,0.83370,28035606
2025-08-25T21:15:00+00:00,0.83380,0.83930,0.83380,0.83560,14681287
2025-08-25T21:30:00+00:00,0.83560,0.84100,0.83270,0.83510,11305172
2025-08-25T21:45:00+00:00,0.83520,0.84120,0.83070,0.83240,11657046
2025-08-25T22:00:00+00:00,0.83250,0.83750,0.83170,0.83300,12064087
2025-08-25T22:15:00+00:00,0.83300,0.83800,0.83040,0.83780,9497418
2025-08-25T22:30:00+00:00,0.83780,0.84230,0.83620,0.84220,10331267
2025-08-25T22:45:00+00:00,0.84220,0.84230,0.83520,0.83690,7311432
2025-08-25T23:00:00+00:00,0.83690,0.83760,0.83310,0.83540,7518442
2025-08-25T23:15:00+00:00,0.83540,0.83660,0.83120,0.83340,8172872
2025-08-25T23:30:00+00:00,0.83330,0.83830,0.83230,0.83820,4988769
2025-08-25T23:45:00+00:00,0.83820,0.83890,0.83530,0.83660,5510840
2025-08-26T00:00:00+00:00,0.83660,0.83860,0.83190,0.83580,16082171
2025-08-26T00:15:00+00:00,0.83570,0.83970,0.83200,0.83540,13375267
2025-08-26T00:30:00+00:00,0.83530,0.83860,0.83040,0.83070,14654769
2025-08-26T00:45:00+00:00,0.83070,0.83620,0.82590,0.83190,23350443
2025-08-26T01:00:00+00:00,0.83190,0.83660,0.82830,0.83110,11735404
2025-08-26T01:15:00+00:00,0.83100,0.84010,0.83010,0.84010,7691569
2025-08-26T01:30:00+00:00,0.84000,0.84190,0.83700,0.83920,9218516
2025-08-26T01:45:00+00:00,0.83930,0.84360,0.83870,0.84150,9144149
2025-08-26T02:00:00+00:00,0.84150,0.84530,0.83950,0.84480,11576804
2025-08-26T02:15:00+00:00,0.84480,0.84520,0.83850,0.84180,8240490
2025-08-26T02:30:00+00:00,0.84190,0.84240,0.83620,0.83780,5059474
2025-08-26T02:45:00+00:00,0.83770,0.84010,0.83360,0.83610,8957822
2025-08-26T03:00:00+00:00,0.83610,0.83720,0.83330,0.83350,4984243
2025-08-26T03:15:00+00:00,0.83350,0.83900,0.83110,0.83670,7243230
2025-08-26T03:30:00+00:00,0.83670,0.84020,0.83620,0.83700,3851540
2025-08-26T03:45:00+00:00,0.83700,0.83770,0.83470,0.83550,4139467
2025-08-26T04:00:00+00:00,0.83550,0.84060,0.83530,0.84010,6315938
2025-08-26T04:15:00+00:00,0.84000,0.84340,0.83910,0.84080,8967093
2025-08-26T04:30:00+00:00,0.84090,0.84480,0.84080,0.84330,7348379
2025-08-26T04:45:00+00:00,0.84330,0.84660,0.84260,0.84420,6948541
2025-08-26T05:00:00+00:00,0.84430,0.84630,0.84300,0.84570,5311588
2025-08-26T05:15:00+00:00,0.84570,0.84650,0.83950,0.84000,5787663
2025-08-26T05:30:00+00:00,0.84000,0.84420,0.83880,0.84380,5650850
2025-08-26T05:45:00+00:00,0.84380,0.84460,0.83950,0.83950,6479318
2025-08-26T06:00:00+00:00,0.83960,0.84150,0.83680,0.83980,5998229
2025-08-26T06:15:00+00:00,0.83990,0.84180,0.83380,0.83590,8704321
2025-08-26T06:30:00+00:00,0.83600,0.84030,0.83540,0.83880,7201979
2025-08-26T06:45:00+00:00,0.83890,0.83980,0.83560,0.83760,5252813
2025-08-26T07:00:00+00:00,0.83750,0.84080,0.83570,0.83770,5496557
2025-08-26T07:15:00+00:00,0.83770,0.84000,0.83500,0.83760,4385441
2025-08-26T07:30:00+00:00,0.83760,0.84940,0.83720,0.84300,18160668
2025-08-26T07:45:00+00:00,0.84300,0.84410,0.83930,0.83990,8416129
2025-08-26T08:00:00+00:00,0.83990,0.84140,0.83800,0.84010,5411344
2025-08-26T08:15:00+00:00,0.84010,0.84340,0.83590,0.83630,6254948
2025-08-26T08:30:00+00:00,0.83630,0.83800,0.83500,0.83760,6283552
2025-08-26T08:45:00+00:00,0.83760,0.84040,0.83690,0.83810,3417499
2025-08-26T09:00:00+00:00,0.83810,0.84080,0.83610,0.83880,4112258
2025-08-26T09:15:00+00:00,0.83890,0.84200,0.83850,0.84080,4858710
2025-08-26T09:30:00+00:00,0.84090,0.84190,0.83700,0.83730,3818312
2025-08-26T09:45:00+00:00,0.83740,0.84010,0.83680,0.84000,3323755
2025-08-26T10:00:00+00:00,0.84010,0.84240,0.83970,0.84130,5249041
2025-08-26T10:15:00+00:00,0.84140,0.84280,0.83910,0.84050,3860582
2025-08-26T10:30:00+00:00,0.84060,0.84560,0.84050,0.84530,6247119
2025-08-26T10:45:00+00:00,0.84530,0.84680,0.84110,0.84210,8225513
2025-08-26T11:00:00+00:00,0.84210,0.84540,0.84000,0.84290,7183599
2025-08-26T11:15:00+00:00,0.84290,0.84290,0.83670,0.83770,6656150
2025-08-26T11:30:00+00:00,0.83770,0.83770,0.83450,0.83690,6274067
2025-08-26T11:45:00+00:00,0.83690,0.83890,0.83510,0.83810,3022180
2025-08-26T12:00:00+00:00,0.83810,0.83840,0.83190,0.83230,7928658
2025-08-26T12:15:00+00:00,0.83230,0.83580,0.83120,0.83540,5205928
2025-08-26T12:30:00+00:00,0.83540,0.85680,0.83530,0.85180,37108953
2025-08-26T12:45:00+00:00,0.85170,0.85660,0.83880,0.84960,33797783
2025-08-26T13:00:00+00:00,0.84960,0.84970,0.84230,0.84420,16739382
2025-08-26T13:15:00+00:00,0.84430,0.84710,0.84260,0.84350,7862270
2025-08-26T13:30:00+00:00,0.84360,0.85300,0.84140,0.84370,23956469
2025-08-26T13:45:00+00:00,0.84380,0.84600,0.83330,0.84590,28818014
2025-08-26T14:00:00+00:00,0.84600,0.84830,0.84060,0.84420,14778080
2025-08-26T14:15:00+00:00,0.84410,0.85450,0.84350,0.85060,16562932
2025-08-26T14:30:00+00:00,0.85060,0.85250,0.84840,0.85130,7401629
2025-08-26T14:45:00+00:00,0.85140,0.85750,0.84870,0.85470,10414426
2025-08-26T15:00:00+00:00,0.85470,0.85870,0.85140,0.85260,14170276
2025-08-26T15:15:00+00:00,0.85260,0.85660,0.85060,0.85210,5995099
2025-08-26T15:30:00+00:00,0.85210,0.85240,0.84490,0.84540,16427797
2025-08-26T15:45:00+00:00,0.84550,0.84950,0.84520,0.84860,4865103
2025-08-26T16:00:00+00:00,0.84860,0.85180,0.84750,0.84810,6431483
2025-08-26T16:15:00+00:00,0.84810,0.85430,0.84800,0.85270,6654346
2025-08-26T16:30:00+00:00,0.85260,0.85640,0.85220,0.85550,4913371
2025-08-26T16:45:00+00:00,0.85550,0.85990,0.85430,0.85950,6374965
2025-08-26T17:00:00+00:00,0.85940,0.86050,0.85500,0.85650,7305894
2025-08-26T17:15:00+00:00,0.85640,0.86070,0.85540,0.85810,6453045
2025-08-26T17:30:00+00:00,0.85810,0.85840,0.85230,0.85370,6052440
2025-08-26T17:45:00+00:00,0.85370,0.85840,0.85250,0.85840,5700652
2025-08-26T18:00:00+00:00,0.85830,0.86040,0.85790,0.85830,5168775
2025-08-26T18:15:00+00:00,0.85840,0.86390,0.85790,0.86290,10592773
2025-08-26T18:30:00+00:00,0.86290,0.86600,0.86180,0.86410,8114832
2025-08-26T18:45:00+00:00,0.86400,0.86410,0.86150,0.86320,4874832
2025-08-26T19:00:00+00:00,0.86320,0.86330,0.86040,0.86290,4319965
2025-08-26T19:15:00+00:00,0.86280,0.86690,0.86200,0.86630,7692235
2025-08-26T19:30:00+00:00,0.86620,0.86810,0.86500,0.86680,6349685
2025-08-26T19:45:00+00:00,0.86690,0.87430,0.86650,0.87270,15063865
2025-08-26T20:00:00+00:00,0.87270,0.87310,0.86750,0.87200,13001514
2025-08-26T20:15:00+00:00,0.87200,0.87290,0.86950,0.87020,6811969
2025-08-26T20:30:00+00:00,0.87030,0.87060,0.86470,0.86520,6577788
2025-08-26T20:45:00+00:00,0.86520,0.86860,0.86350,0.86710,6137906
2025-08-26T21:00:00+00:00,0.86720,0.86760,0.86210,0.86290,5031540
2025-08-26T21:15:00+00:00,0.86290,0.86490,0.86240,0.86380,3645573
2025-08-26T21:30:00+00:00,0.86370,0.86750,0.86370,0.86490,5138326
2025-08-26T21:45:00+00:00,0.86480,0.87000,0.86430,0.86990,3118090
2025-08-26T22:00:00+00:00,0.86990,0.87110,0.86620,0.86880,6557583
2025-08-26T22:15:00+00:00,0.86890,0.87020,0.86560,0.86650,3720347
2025-08-26T22:30:00+00:00,0.86640,0.86870,0.86480,0.86580,3163052
2025-08-26T22:45:00+00:00,0.86580,0.86860,0.86480,0.86840,2978183
2025-08-26T23:00:00+00:00,0.86850,0.87310,0.86650,0.87190,6971799
2025-08-26T23:15:00+00:00,0.87190,0.87190,0.86730,0.86780,5739196
2025-08-26T23:30:00+00:00,0.86790,0.86840,0.86510,0.86770,5689144
2025-08-26T23:45:00+00:00,0.86780,0.86780,0.86480,0.86610,3060233
2025-08-27T00:00:00+00:00,0.86600,0.86630,0.86250,0.86300,6604103
2025-08-27T00:15:00+00:00,0.86310,0.86420,0.86080,0.86240,8072937
2025-08-27T00:30:00+00:00,0.86230,0.86480,0.86160,0.86200,2620919
2025-08-27T00:45:00+00:00,0.86200,0.86270,0.85830,0.85970,8150585
2025-08-27T01:00:00+00:00,0.85970,0.86080,0.85720,0.85940,5484473
2025-08-27T01:15:00+00:00,0.85940,0.85960,0.85660,0.85770,5468042
2025-08-27T01:30:00+00:00,0.85770,0.86100,0.85720,0.85790,3388267
2025-08-27T01:45:00+00:00,0.85800,0.86240,0.85770,0.86190,5110979
2025-08-27T02:00:00+00:00,0.86200,0.86300,0.85740,0.85890,5031375
2025-08-27T02:15:00+00:00,0.85880,0.86670,0.85880,0.86340,5662151
2025-08-27T02:30:00+00:00,0.86330,0.86700,0.86290,0.86500,3842203
2025-08-27T02:45:00+00:00,0.86510,0.86510,0.86230,0.86280,3149315
2025-08-27T03:00:00+00:00,0.86280,0.86490,0.86050,0.86110,3164736
2025-08-27T03:15:00+00:00,0.86110,0.86120,0.85820,0.85950,4118204
2025-08-27T03:30:00+00:00,0.85950,0.86450,0.85950,0.86360,4325363
2025-08-27T03:45:00+00:00,0.86370,0.87370,0.86370,0.86870,16576844
2025-08-27T04:00:00+00:00,0.86880,0.87620,0.86770,0.87290,10572635
2025-08-27T04:15:00+00:00,0.87290,0.87460,0.86960,0.87030,6343771
2025-08-27T04:30:00+00:00,0.87030,0.87430,0.86960,0.87330,3971307
2025-08-27T04:45:00+00:00,0.87330,0.87560,0.87190,0.87280,5940046
2025-08-27T05:00:00+00:00,0.87290,0.87320,0.86970,0.87190,3804856
2025-08-27T05:15:00+00:00,0.87190,0.87330,0.86820,0.86920,3670880
2025-08-27T05:30:00+00:00,0.86930,0.86940,0.86510,0.86750,6022114
2025-08-27T05:45:00+00:00,0.86750,0.86750,0.86550,0.86600,2502361
2025-08-27T06:00:00+00:00,0.86610,0.86640,0.86340,0.86430,5649276
2025-08-27T06:15:00+00:00,0.86430,0.86610,0.86230,0.86430,4949353
2025-08-27T06:30:00+00:00,0.86430,0.86600,0.86270,0.86270,2894509
2025-08-27T06:45:00+00:00,0.86270,0.86290,0.85900,0.85920,6087258
2025-08-27T07:00:00+00:00,0.85930,0.86070,0.85850,0.85920,5350853
2025-08-27T07:15:00+00:00,0.85930,0.85940,0.85380,0.85450,10545057
2025-08-27T07:30:00+00:00,0.85450,0.85630,0.85250,0.85410,7664192
2025-08-27T07:45:00+00:00,0.85420,0.85690,0.85320,0.85570,5663710
2025-08-27T08:00:00+00:00,0.85580,0.85910,0.85580,0.85640,6195019
2025-08-27T08:15:00+00:00,0.85640,0.85680,0.85290,0.85450,4560625
2025-08-27T08:30:00+00:00,0.85450,0.85730,0.85390,0.85570,3173382
2025-08-27T08:45:00+00:00,0.85560,0.86120,0.85300,0.86080,7315488
2025-08-27T09:00:00+00:00,0.86080,0.86500,0.85910,0.86230,10088132
2025-08-27T09:15:00+00:00,0.86230,0.86610,0.86220,0.86490,6032146
2025-08-27T09:30:00+00:00,0.86490,0.86670,0.86160,0.86240,4739421
2025-08-27T09:45:00+00:00,0.86250,0.86310,0.85980,0.85990,4101524
2025-08-27T10:00:00+00:00,0.86000,0.86240,0.85910,0.86150,4982792
2025-08-27T10:15:00+00:00,0.86160,0.86380,0.85930,0.86150,5455266
2025-08-27T10:30:00+00:00,0.86150,0.86290,0.85680,0.85920,5348633
2025-08-27T10:45:00+00:00,0.85920,0.86040,0.85800,0.85840,2436734
2025-08-27T11:00:00+00:00,0.85830,0.86280,0.85820,0.86250,4649737
2025-08-27T11:15:00+00:00,0.86250,0.86390,0.86070,0.86150,4122998
2025-08-27T11:30:00+00:00,0.86160,0.86500,0.86150,0.86310,4140297
2025-08-27T11:45:00+00:00,0.86310,0.86540,0.86290,0.86360,3108994
2025-08-27T12:00:00+00:00,0.86360,0.86600,0.85880,0.86400,12473196
2025-08-27T12:15:00+00:00,0.86390,0.86460,0.85970,0.86140,4551775
2025-08-27T12:30:00+00:00,0.86140,0.86320,0.85860,0.85910,5026436
2025-08-27T12:45:00+00:00,0.85920,0.86510,0.85900,0.86460,4398536
2025-08-27T13:00:00+00:00,0.86460,0.86470,0.85780,0.85950,6042823
2025-08-27T13:15:00+00:00,0.85950,0.86180,0.85820,0.86040,3014920
2025-08-27T13:30:00+00:00,0.86050,0.87050,0.85470,0.86450,22268897
2025-08-27T13:45:00+00:00,0.86450,0.86700,0.86070,0.86130,13046201
2025-08-27T14:00:00+00:00,0.86140,0.86650,0.85890,0.86460,10834384
2025-08-27T14:15:00+00:00,0.86460,0.87150,0.86300,0.87080,9376090
2025-08-27T14:30:00+00:00,0.87070,0.87810,0.87010,0.87010,24099708
2025-08-27T14:45:00+00:00,0.87010,0.87190,0.86560,0.86860,13701696
2025-08-27T15:00:00+00:00,0.86860,0.87480,0.86710,0.87390,8110044
2025-08-27T15:15:00+00:00,0.87400,0.87660,0.86810,0.87080,9131931
2025-08-27T15:30:00+00:00,0.87080,0.87140,0.86630,0.86940,7841604
2025-08-27T15:45:00+00:00,0.86930,0.87210,0.86840,0.87200,5222753
2025-08-27T16:00:00+00:00,0.87200,0.87230,0.86640,0.86820,6804864
2025-08-27T16:15:00+00:00,0.86820,0.87220,0.86560,0.86770,7405050
2025-08-27T16:30:00+00:00,0.86770,0.86770,0.86100,0.86420,9798521
2025-08-27T16:45:00+00:00,0.86410,0.86990,0.86350,0.86810,5313252
2025-08-27T17:00:00+00:00,0.86800,0.86840,0.86420,0.86570,4063286
2025-08-27T17:15:00+00:00,0.86570,0.87010,0.86400,0.86920,3828440
2025-08-27T17:30:00+00:00,0.86920,0.87130,0.86760,0.87080,4471775
2025-08-27T17:45:00+00:00,0.87070,0.87250,0.87010,0.87110,4094141
2025-08-27T18:00:00+00:00,0.87100,0.87330,0.87030,0.87260,5973343
2025-08-27T18:15:00+00:00,0.87260,0.87530,0.87050,0.87360,5284189
2025-08-27T18:30:00+00:00,0.87360,0.87380,0.87000,0.87070,5306560
2025-08-27T18:45:00+00:00,0.87060,0.87340,0.86700,0.86700,6058473
2025-08-27T19:00:00+00:00,0.86710,0.86940,0.85700,0.85970,19058415
2025-08-27T19:15:00+00:00,0.85980,0.86510,0.85890,0.86280,8308455
2025-08-27T19:30:00+00:00,0.86270,0.86650,0.86240,0.86450,5618807
2025-08-27T19:45:00+00:00,0.86450,0.86470,0.86180,0.86240,3372175
2025-08-27T20:00:00+00:00,0.86240,0.86280,0.84940,0.85890,24578257
2025-08-27T20:15:00+00:00,0.85900,0.87220,0.85110,0.86470,77475330
2025-08-27T20:30:00+00:00,0.86460,0.87100,0.86300,0.86720,25191014
2025-08-27T20:45:00+00:00,0.86720,0.86840,0.86230,0.86650,7361906
2025-08-27T21:00:00+00:00,0.86650,0.87030,0.86340,0.86380,8698724
2025-08-27T21:15:00+00:00,0.86380,0.86570,0.86020,0.86260,5947490
2025-08-27T21:30:00+00:00,0.86260,0.86480,0.85750,0.85960,5860789
2025-08-27T21:45:00+00:00,0.85960,0.86010,0.85280,0.85540,5112287
2025-08-27T22:00:00+00:00,0.85550,0.85640,0.84610,0.85060,19553359
2025-08-27T22:15:00+00:00,0.85070,0.85370,0.84980,0.85200,5137460
2025-08-27T22:30:00+00:00,0.85190,0.85940,0.85140,0.85910,6832825
2025-08-27T22:45:00+00:00,0.85910,0.85930,0.85400,0.85470,3756337
2025-08-27T23:00:00+00:00,0.85470,0.85800,0.85310,0.85330,4604951
2025-08-27T23:15:00+00:00,0.85340,0.85450,0.85050,0.85360,4602473
2025-08-27T23:30:00+00:00,0.85360,0.85490,0.84940,0.84960,5284691
2025-08-27T23:45:00+00:00,0.84970,0.85130,0.84840,0.85040,4615992
2025-08-28T00:00:00+00:00,0.85050,0.85460,0.84880,0.85380,5991055
2025-08-28T00:15:00+00:00,0.85380,0.85550,0.84680,0.84990,7680097
2025-08-28T00:30:00+00:00,0.85000,0.85080,0.84360,0.85050,11848954
2025-08-28T00:45:00+00:00,0.85050,0.85470,0.84620,0.85030,7938132
2025-08-28T01:00:00+00:00,0.85030,0.85390,0.85010,0.85310,5082920
2025-08-28T01:15:00+00:00,0.85300,0.85660,0.85200,0.85300,4920700
2025-08-28T01:30:00+00:00,0.85300,0.85900,0.85290,0.85680,4772161
2025-08-28T01:45:00+00:00,0.85680,0.86090,0.85580,0.85780,6824757
2025-08-28T02:00:00+00:00,0.85780,0.85960,0.85520,0.85530,5991381
2025-08-28T02:15:00+00:00,0.85540,0.85880,0.85410,0.85790,4266292
2025-08-28T02:30:00+00:00,0.85780,0.85940,0.85410,0.85420,3980493
2025-08-28T02:45:00+00:00,0.85420,0.85540,0.85190,0.85310,3587313
2025-08-28T03:00:00+00:00,0.85320,0.85800,0.85190,0.85750,4764433
2025-08-28T03:15:00+00:00,0.85750,0.85910,0.85590,0.85780,2437315
2025-08-28T03:30:00+00:00,0.85770,0.85950,0.85730,0.85850,2933246
2025-08-28T03:45:00+00:00,0.85840,0.85940,0.85600,0.85860,2461662
2025-08-28T04:00:00+00:00,0.85860,0.86120,0.85620,0.86050,3992527
2025-08-28T04:15:00+00:00,0.86050,0.86180,0.85840,0.86100,3269316
2025-08-28T04:30:00+00:00,0.86100,0.86620,0.86010,0.86490,8564268
2025-08-28T04:45:00+00:00,0.86490,0.87190,0.86400,0.87080,15323289
2025-08-28T05:00:00+00:00,0.87070,0.87340,0.86930,0.87060,11162961
2025-08-28T05:15:00+00:00,0.87060,0.87350,0.86750,0.86960,7750994
2025-08-28T05:30:00+00:00,0.86970,0.87220,0.86850,0.86890,3868274
2025-08-28T05:45:00+00:00,0.86890,0.87030,0.86690,0.86910,4840512
2025-08-28T06:00:00+00:00,0.86910,0.87000,0.86550,0.86720,4959839
2025-08-28T06:15:00+00:00,0.86720,0.86910,0.86620,0.86900,2675596
2025-08-28T06:30:00+00:00,0.86900,0.87110,0.86740,0.87020,3487419
2025-08-28T06:45:00+00:00,0.87010,0.87110,0.86870,0.87050,3368334
2025-08-28T07:00:00+00:00,0.87040,0.87200,0.86930,0.87070,4158464
2025-08-28T07:15:00+00:00,0.87080,0.87180,0.86550,0.86740,6457729
2025-08-28T07:30:00+00:00,0.86750,0.86780,0.86480,0.86730,4291069
2025-08-28T07:45:00+00:00,0.86730,0.87270,0.86710,0.87240,6374869
2025-08-28T08:00:00+00:00,0.87230,0.87970,0.87230,0.87560,19197021
2025-08-28T08:15:00+00:00,0.87560,0.87880,0.87040,0.87070,10487898
2025-08-28T08:30:00+00:00,0.87070,0.87320,0.86940,0.87140,6219661
2025-08-28T08:45:00+00:00,0.87150,0.87150,0.86850,0.87060,6947424
2025-08-28T09:00:00+00:00,0.87060,0.87060,0.86520,0.86600,8470870
2025-08-28T09:15:00+00:00,0.86610,0.86790,0.86520,0.86770,3603226
2025-08-28T09:30:00+00:00,0.86770,0.86790,0.86540,0.86620,3137349
2025-08-28T09:45:00+00:00,0.86620,0.86730,0.86500,0.86540,2591559
2025-08-28T10:00:00+00:00,0.86530,0.86680,0.86250,0.86640,10144115
2025-08-28T10:15:00+00:00,0.86650,0.86710,0.86350,0.86710,3774796
2025-08-28T10:30:00+00:00,0.86700,0.86960,0.86650,0.86800,4651751
2025-08-28T10:45:00+00:00,0.86810,0.86890,0.86650,0.86880,1942763
2025-08-28T11:00:00+00:00,0.86890,0.86910,0.86460,0.86470,3032930
2025-08-28T11:15:00+00:00,0.86460,0.86630,0.86460,0.86580,3228107
2025-08-28T11:30:00+00:00,0.86570,0.86830,0.86500,0.86530,3922689
2025-08-28T11:45:00+00:00,0.86540,0.86770,0.86340,0.86750,4722371
2025-08-28T12:00:00+00:00,0.86740,0.86860,0.86490,0.86800,4850889
2025-08-28T12:15:00+00:00,0.86800,0.86860,0.86520,0.86710,2952065
2025-08-28T12:30:00+00:00,0.86710,0.87160,0.86470,0.87090,12151844
2025-08-28T12:45:00+00:00,0.87090,0.87180,0.86880,0.86950,7066846
2025-08-28T13:00:00+00:00,0.86960,0.87000,0.86730,0.86870,4971115
2025-08-28T13:15:00+00:00,0.86870,0.87230,0.86750,0.86860,6901388
2025-08-28T13:30:00+00:00,0.86870,0.87210,0.86630,0.86940,10960261
2025-08-28T13:45:00+00:00,0.86950,0.86990,0.86420,0.86870,15956254
2025-08-28T14:00:00+00:00,0.86880,0.87310,0.86640,0.87070,15945432
2025-08-28T14:15:00+00:00,0.87080,0.87370,0.86550,0.86690,11113417
2025-08-28T14:30:00+00:00,0.86700,0.87110,0.86420,0.86900,9057542
2025-08-28T14:45:00+00:00,0.86910,0.87210,0.86860,0.87030,7657444
2025-08-28T15:00:00+00:00,0.87030,0.87220,0.86800,0.86860,6403780
2025-08-28T15:15:00+00:00,0.86870,0.87150,0.86000,0.86100,15910199
2025-08-28T15:30:00+00:00,0.86110,0.86410,0.85810,0.85900,9587105
2025-08-28T15:45:00+00:00,0.85910,0.85940,0.85400,0.85860,14560741
2025-08-28T16:00:00+00:00,0.85870,0.86260,0.85790,0.86230,7908324
2025-08-28T16:15:00+00:00,0.86240,0.86490,0.85980,0.86210,7900261
2025-08-28T16:30:00+00:00,0.86210,0.86240,0.85860,0.85950,3992100
2025-08-28T16:45:00+00:00,0.85940,0.85990,0.84680,0.84720,17495805
2025-08-28T17:00:00+00:00,0.84710,0.85190,0.84590,0.85130,16933453
2025-08-28T17:15:00+00:00,0.85140,0.85310,0.84980,0.85260,7319796
2025-08-28T17:30:00+00:00,0.85260,0.85410,0.85020,0.85320,4171792
2025-08-28T17:45:00+00:00,0.85310,0.85330,0.85090,0.85160,4035729
2025-08-28T18:00:00+00:00,0.85160,0.85210,0.84890,0.85080,6558762
2025-08-28T18:15:00+00:00,0.85080,0.85440,0.84920,0.85410,4271290
2025-08-28T18:30:00+00:00,0.85400,0.85720,0.85340,0.85490,5332606
2025-08-28T18:45:00+00:00,0.85490,0.85550,0.85230,0.85320,4349165
2025-08-28T19:00:00+00:00,0.85310,0.85650,0.85300,0.85370,4294362
2025-08-28T19:15:00+00:00,0.85370,0.85390,0.85010,0.85220,3799648
2025-08-28T19:30:00+00:00,0.85210,0.85310,0.84630,0.84760,8549611
2025-08-28T19:45:00+00:00,0.84750,0.84930,0.84230,0.84270,12055371
2025-08-28T20:00:00+00:00,0.84260,0.84700,0.84080,0.84640,13342297
2025-08-28T20:15:00+00:00,0.84630,0.84850,0.84580,0.84650,4129451
2025-08-28T20:30:00+00:00,0.84640,0.84740,0.84440,0.84510,4087943
2025-08-28T20:45:00+00:00,0.84500,0.84670,0.84360,0.84500,4312337
2025-08-28T21:00:00+00:00,0.84510,0.84870,0.84450,0.84750,4026039
2025-08-28T21:15:00+00:00,0.84750,0.84860,0.84640,0.84810,5169048
2025-08-28T21:30:00+00:00,0.84820,0.85200,0.84640,0.84680,7796900
2025-08-28T21:45:00+00:00,0.84670,0.84990,0.84650,0.84960,1442813
2025-08-28T22:00:00+00:00,0.84950,0.85340,0.84950,0.85300,4645958
2025-08-28T22:15:00+00:00,0.85290,0.85870,0.85290,0.85860,6582389
2025-08-28T22:30:00+00:00,0.85870,0.86100,0.85680,0.85760,10271290
2025-08-28T22:45:00+00:00,0.85770,0.86040,0.85660,0.86000,4343517
2025-08-28T23:00:00+00:00,0.86000,0.86280,0.85790,0.85910,8537138
2025-08-28T23:15:00+00:00,0.85920,0.86140,0.85680,0.85850,4029843
2025-08-28T23:30:00+00:00,0.85850,0.86060,0.85610,0.85880,6052631
2025-08-28T23:45:00+00:00,0.85880,0.85960,0.85560,0.85710,5224122
2025-08-29T00:00:00+00:00,0.85710,0.85980,0.85520,0.85730,7254294
2025-08-29T00:15:00+00:00,0.85730,0.86610,0.85630,0.86430,11338774
2025-08-29T00:30:00+00:00,0.86430,0.86480,0.85730,0.85750,10065295
2025-08-29T00:45:00+00:00,0.85740,0.85800,0.85330,0.85470,8755015
2025-08-29T01:00:00+00:00,0.85470,0.85570,0.84720,0.84840,12307688
2025-08-29T01:15:00+00:00,0.84850,0.84870,0.83890,0.84000,24403601
2025-08-29T01:30:00+00:00,0.84000,0.84590,0.83940,0.84440,15450200
2025-08-29T01:45:00+00:00,0.84450,0.84550,0.84070,0.84180,8878164
2025-08-29T02:00:00+00:00,0.84180,0.84900,0.84050,0.84820,10767536
2025-08-29T02:15:00+00:00,0.84820,0.85320,0.84550,0.85050,10791038
2025-08-29T02:30:00+00:00,0.85060,0.85100,0.84740,0.85000,8834818
2025-08-29T02:45:00+00:00,0.85010,0.85170,0.84910,0.84910,3101048
2025-08-29T03:00:00+00:00,0.84920,0.85120,0.84550,0.84760,8294534
2025-08-29T03:15:00+00:00,0.84760,0.85090,0.84710,0.84980,4646025
2025-08-29T03:30:00+00:00,0.84990,0.85400,0.84850,0.85260,6705827
2025-08-29T03:45:00+00:00,0.85270,0.85510,0.85200,0.85220,5536047
2025-08-29T04:00:00+00:00,0.85230,0.85440,0.84920,0.85030,3440919
2025-08-29T04:15:00+00:00,0.85030,0.85340,0.85000,0.85260,2942701
2025-08-29T04:30:00+00:00,0.85260,0.85280,0.85000,0.85110,2570491
2025-08-29T04:45:00+00:00,0.85120,0.85190,0.84580,0.84750,6566122
2025-08-29T05:00:00+00:00,0.84760,0.84820,0.84480,0.84630,2962020
2025-08-29T05:15:00+00:00,0.84640,0.84640,0.84320,0.84450,6758863
2025-08-29T05:30:00+00:00,0.84450,0.84580,0.84360,0.84480,2824934
2025-08-29T05:45:00+00:00,0.84490,0.84700,0.84290,0.84420,3525746
2025-08-29T06:00:00+00:00,0.84420,0.84590,0.84070,0.84070,4124721
2025-08-29T06:15:00+00:00,0.84080,0.84110,0.83910,0.83920,3657033
2025-08-29T06:30:00+00:00,0.83920,0.84440,0.83100,0.84160,16879443
2025-08-29T06:45:00+00:00,0.84150,0.84270,0.83810,0.83930,15504765
2025-08-29T07:00:00+00:00,0.83920,0.83930,0.82780,0.82810,28346915
2025-08-29T07:15:00+00:00,0.82820,0.83110,0.82500,0.82750,15971022
2025-08-29T07:30:00+00:00,0.82760,0.83060,0.82690,0.82760,10163136
2025-08-29T07:45:00+00:00,0.82750,0.82960,0.82600,0.82700,7767775
2025-08-29T08:00:00+00:00,0.82710,0.82960,0.82340,0.82510,12878207
2025-08-29T08:15:00+00:00,0.82510,0.82660,0.82060,0.82250,14883225
2025-08-29T08:30:00+00:00,0.82260,0.82570,0.82200,0.82400,10437466
2025-08-29T08:45:00+00:00,0.82400,0.82540,0.81720,0.81940,18538960
2025-08-29T09:00:00+00:00,0.81940,0.81970,0.81490,0.81730,17832160
2025-08-29T09:15:00+00:00,0.81730,0.82200,0.81640,0.82060,9663526
2025-08-29T09:30:00+00:00,0.82060,0.82110,0.81810,0.81930,6375706
2025-08-29T09:45:00+00:00,0.81940,0.82320,0.81860,0.82250,8209115
2025-08-29T10:00:00+00:00,0.82250,0.82630,0.82170,0.82530,9511531
2025-08-29T10:15:00+00:00,0.82530,0.82730,0.82390,0.82550,5593602
2025-08-29T10:30:00+00:00,0.82550,0.82580,0.82340,0.82400,6189908
2025-08-29T10:45:00+00:00,0.82410,0.82590,0.82270,0.82520,3466548
2025-08-29T11:00:00+00:00,0.82530,0.82660,0.82160,0.82570,5798896
2025-08-29T11:15:00+00:00,0.82570,0.82570,0.82280,0.82330,4077705
2025-08-29T11:30:00+00:00,0.82340,0.82370,0.82140,0.82180,4036169
2025-08-29T11:45:00+00:00,0.82180,0.82330,0.82120,0.82140,1456909
2025-08-29T12:00:00+00:00,0.82320,0.82780,0.82260,0.82730,9116272
2025-08-29T12:15:00+00:00,0.82730,0.82830,0.82470,0.82730,7905381
2025-08-29T12:30:00+00:00,0.82740,0.84810,0.82720,0.83560,73250751
2025-08-29T12:45:00+00:00,0.83560,0.84210,0.83460,0.83870,12368616
2025-08-29T13:00:00+00:00,0.83870,0.83940,0.83490,0.83700,8815434
2025-08-29T13:15:00+00:00,0.83710,0.83820,0.83310,0.83680,6531800
2025-08-29T13:30:00+00:00,0.83680,0.83760,0.82580,0.82880,28876671
2025-08-29T13:45:00+00:00,0.82880,0.83210,0.82000,0.82640,32615718
2025-08-29T14:00:00+00:00,0.82640,0.83120,0.81510,0.82490,48310541
2025-08-29T14:15:00+00:00,0.82490,0.83320,0.82180,0.82840,21731631
2025-08-29T14:30:00+00:00,0.82830,0.83160,0.82500,0.82830,9269788
2025-08-29T14:45:00+00:00,0.82820,0.83190,0.82390,0.82550,10007077
2025-08-29T15:00:00+00:00,0.82560,0.83150,0.82510,0.82920,8014481
2025-08-29T15:15:00+00:00,0.82930,0.83290,0.82780,0.82830,8677416
2025-08-29T15:30:00+00:00,0.82840,0.83020,0.82690,0.82980,5964421
2025-08-29T15:45:00+00:00,0.82980,0.83120,0.82250,0.82500,9151894
2025-08-29T16:00:00+00:00,0.82510,0.82590,0.81640,0.82470,28458852
2025-08-29T16:15:00+00:00,0.82470,0.82600,0.82040,0.82120,8670951
2025-08-29T16:30:00+00:00,0.82110,0.82570,0.82080,0.82360,6972204
2025-08-29T16:45:00+00:00,0.82350,0.82430,0.81910,0.82010,9377392
2025-08-29T17:00:00+00:00,0.82010,0.82060,0.81400,0.81420,11895074
2025-08-29T17:15:00+00:00,0.81420,0.81800,0.81150,0.81480,11910330
2025-08-29T17:30:00+00:00,0.81480,0.81830,0.81420,0.81810,4114718
2025-08-29T17:45:00+00:00,0.81810,0.81990,0.81730,0.81780,5216456
2025-08-29T18:00:00+00:00,0.81780,0.82050,0.81610,0.81690,7326026
2025-08-29T18:15:00+00:00,0.81700,0.81770,0.81210,0.81280,9017515
2025-08-29T18:30:00+00:00,0.81280,0.81470,0.81210,0.81290,4247289
2025-08-29T18:45:00+00:00,0.81280,0.81480,0.81160,0.81340,2841846
2025-08-29T19:00:00+00:00,0.81330,0.81920,0.81190,0.81750,7769315
2025-08-29T19:15:00+00:00,0.81740,0.82310,0.81700,0.82210,8496201
2025-08-29T19:30:00+00:00,0.82210,0.82360,0.81870,0.82150,6796514
2025-08-29T19:45:00+00:00,0.82150,0.82370,0.81920,0.82040,5753707
2025-08-29T20:00:00+00:00,0.82040,0.82130,0.81550,0.81770,6293407
2025-08-29T20:15:00+00:00,0.81760,0.81990,0.81680,0.81830,3663323
2025-08-29T20:30:00+00:00,0.81830,0.81930,0.81430,0.81770,12158496
2025-08-29T20:45:00+00:00,0.81760,0.81770,0.81210,0.81350,13012757
2025-08-29T21:00:00+00:00,0.81360,0.81780,0.80930,0.81550,13697111
2025-08-29T21:15:00+00:00,0.81560,0.82130,0.81450,0.81960,8356550
2025-08-29T21:30:00+00:00,0.81970,0.82690,0.81970,0.82630,9355805
2025-08-29T21:45:00+00:00,0.82640,0.82660,0.82300,0.82340,2856697
2025-08-29T22:00:00+00:00,0.82350,0.82410,0.81920,0.81920,6169969
2025-08-29T22:15:00+00:00,0.81930,0.82260,0.81910,0.82260,4651086
2025-08-29T22:30:00+00:00,0.82260,0.82440,0.82120,0.82250,5342129
2025-08-29T22:45:00+00:00,0.82250,0.82500,0.82200,0.82490,2460798
2025-08-29T23:00:00+00:00,0.82500,0.82650,0.82410,0.82600,3940472
2025-08-29T23:15:00+00:00,0.82610,0.82780,0.82550,0.82660,3106987
2025-08-29T23:30:00+00:00,0.82670,0.82940,0.82630,0.82930,3339631
2025-08-29T23:45:00+00:00,0.82940,0.82940,0.82590,0.82650,5752699
2025-08-30T00:00:00+00:00,0.82650,0.82770,0.82560,0.82670,3989451
2025-08-30T00:15:00+00:00,0.82680,0.82850,0.82550,0.82560,3862916
2025-08-30T00:30:00+00:00,0.82570,0.82580,0.82280,0.82330,4653691
2025-08-30T00:45:00+00:00,0.82330,0.82640,0.82330,0.82610,2906521
2025-08-30T01:00:00+00:00,0.82600,0.82950,0.82550,0.82820,3602491
2025-08-30T01:15:00+00:00,0.82820,0.82830,0.82510,0.82540,3878496
2025-08-30T01:30:00+00:00,0.82530,0.82690,0.82420,0.82530,3235451
2025-08-30T01:45:00+00:00,0.82530,0.82550,0.81240,0.81360,23598511
2025-08-30T02:00:00+00:00,0.81370,0.82320,0.81260,0.82310,13449381
2025-08-30T02:15:00+00:00,0.82300,0.82350,0.82100,0.82310,4466518
2025-08-30T02:30:00+00:00,0.82300,0.82350,0.82110,0.82240,3667132
2025-08-30T02:45:00+00:00,0.82240,0.82340,0.82160,0.82230,2969833
2025-08-30T03:00:00+00:00,0.82240,0.82810,0.82240,0.82730,6483763
2025-08-30T03:15:00+00:00,0.82730,0.83480,0.82710,0.83230,14679631
2025-08-30T03:30:00+00:00,0.83240,0.83440,0.83140,0.83250,5896725
2025-08-30T03:45:00+00:00,0.83250,0.83550,0.83180,0.83340,4627745
2025-08-30T04:00:00+00:00,0.83350,0.83810,0.83350,0.83680,7143752
2025-08-30T04:15:00+00:00,0.83680,0.84170,0.83660,0.84160,7665658
2025-08-30T04:30:00+00:00,0.84170,0.84400,0.83190,0.83210,20487657
2025-08-30T04:45:00+00:00,0.83210,0.83340,0.83140,0.83160,4261593
2025-08-30T05:00:00+00:00,0.83160,0.83370,0.83110,0.83200,4118767
2025-08-30T05:15:00+00:00,0.83190,0.83390,0.83190,0.83300,2368348
2025-08-30T05:30:00+00:00,0.83300,0.83670,0.83250,0.83610,4405233
2025-08-30T05:45:00+00:00,0.83620,0.83670,0.83350,0.83400,4749991
2025-08-30T06:00:00+00:00,0.83400,0.83610,0.83350,0.83460,2726746
2025-08-30T06:15:00+00:00,0.83450,0.83570,0.83340,0.83460,1903340
2025-08-30T06:30:00+00:00,0.83460,0.83830,0.83400,0.83800,2690340
2025-08-30T06:45:00+00:00,0.83810,0.83830,0.83520,0.83570,3039852
2025-08-30T07:00:00+00:00,0.83560,0.83610,0.83400,0.83560,3165950
2025-08-30T07:15:00+00:00,0.83570,0.83620,0.83350,0.83400,1949794
2025-08-30T07:30:00+00:00,0.83400,0.83710,0.83340,0.83690,3604139
2025-08-30T07:45:00+00:00,0.83690,0.83820,0.83580,0.83670,2827051
2025-08-30T08:00:00+00:00,0.83670,0.83810,0.83540,0.83700,3175497
2025-08-30T08:15:00+00:00,0.83710,0.83760,0.83530,0.83610,1699021
2025-08-30T08:30:00+00:00,0.83610,0.83690,0.83510,0.83620,1892052
2025-08-30T08:45:00+00:00,0.83610,0.83650,0.83430,0.83480,2840687
2025-08-30T09:00:00+00:00,0.83480,0.83500,0.83200,0.83220,4694763
2025-08-30T09:15:00+00:00,0.83220,0.83360,0.83200,0.83280,3567007
2025-08-30T09:30:00+00:00,0.83270,0.83290,0.82980,0.83060,4607494
2025-08-30T09:45:00+00:00,0.83050,0.83270,0.82990,0.83120,2981616
2025-08-30T10:00:00+00:00,0.83130,0.83220,0.83040,0.83110,2990434
2025-08-30T10:15:00+00:00,0.83100,0.83320,0.83100,0.83260,3110274
2025-08-30T10:30:00+00:00,0.83260,0.83290,0.82820,0.82870,4978658
2025-08-30T10:45:00+00:00,0.82870,0.83000,0.82820,0.82950,2345485
2025-08-30T11:00:00+00:00,0.82940,0.83000,0.82780,0.82870,2552167
2025-08-30T11:15:00+00:00,0.82860,0.82870,0.82670,0.82730,2367345
2025-08-30T11:30:00+00:00,0.82720,0.82780,0.82450,0.82570,4444805
2025-08-30T11:45:00+00:00,0.82570,0.82790,0.82560,0.82700,2600925
2025-08-30T12:00:00+00:00,0.82700,0.82730,0.82310,0.82350,5341080
2025-08-30T12:15:00+00:00,0.82350,0.82350,0.81540,0.81630,16654437
2025-08-30T12:30:00+00:00,0.81620,0.81700,0.80480,0.80980,43079247
2025-08-30T12:45:00+00:00,0.80970,0.81320,0.80940,0.81260,9295445
2025-08-30T13:00:00+00:00,0.81270,0.81430,0.80540,0.80830,17147989
2025-08-30T13:15:00+00:00,0.80840,0.81130,0.80690,0.81120,6307269
2025-08-30T13:30:00+00:00,0.81130,0.81300,0.81010,0.81070,4617591
2025-08-30T13:45:00+00:00,0.81070,0.81330,0.80950,0.81260,3985123
2025-08-30T14:00:00+00:00,0.81260,0.81300,0.80830,0.80910,4472747
2025-08-30T14:15:00+00:00,0.80910,0.81030,0.80760,0.80990,4266916
2025-08-30T14:30:00+00:00,0.80990,0.81210,0.80920,0.81140,3728361
2025-08-30T14:45:00+00:00,0.81150,0.81620,0.81130,0.81510,9016977
2025-08-30T15:00:00+00:00,0.81510,0.81700,0.81330,0.81680,7276674
2025-08-30T15:15:00+00:00,0.81690,0.82140,0.81670,0.82080,9380442
2025-08-30T15:30:00+00:00,0.82080,0.82370,0.81920,0.82350,8797672
2025-08-30T15:45:00+00:00,0.82350,0.82400,0.82150,0.82280,5004629
2025-08-30T16:00:00+00:00,0.82290,0.82350,0.81930,0.82080,6088088
2025-08-30T16:15:00+00:00,0.82090,0.82280,0.81980,0.82060,3506568
2025-08-30T16:30:00+00:00,0.82060,0.82270,0.81980,0.82080,3802076
2025-08-30T16:45:00+00:00,0.82080,0.82190,0.81870,0.81910,3336417
2025-08-30T17:00:00+00:00,0.81920,0.82150,0.81880,0.82130,2520882
2025-08-30T17:15:00+00:00,0.82130,0.82140,0.81890,0.81910,2220545
2025-08-30T17:30:00+00:00,0.81900,0.81980,0.81660,0.81710,6208062
2025-08-30T17:45:00+00:00,0.81710,0.81840,0.81570,0.81810,3973434
2025-08-30T18:00:00+00:00,0.81810,0.81970,0.81630,0.81690,3017342
2025-08-30T18:15:00+00:00,0.81700,0.81710,0.81470,0.81590,3606743
2025-08-30T18:30:00+00:00,0.81590,0.81680,0.81450,0.81560,2008683
2025-08-30T18:45:00+00:00,0.81570,0.81790,0.81560,0.81630,1974916
2025-08-30T19:00:00+00:00,0.81630,0.81740,0.81520,0.81630,1364050
2025-08-30T19:15:00+00:00,0.81620,0.81850,0.81510,0.81820,2746805
2025-08-30T19:30:00+00:00,0.81830,0.81970,0.81740,0.81970,2232932
2025-08-30T19:45:00+00:00,0.81960,0.81980,0.81790,0.81950,1456446
2025-08-30T20:00:00+00:00,0.81960,0.82010,0.81760,0.81840,2675260
2025-08-30T20:15:00+00:00,0.81840,0.81940,0.81670,0.81930,2372195
2025-08-30T20:30:00+00:00,0.81930,0.81940,0.81570,0.81710,2279374
2025-08-30T20:45:00+00:00,0.81720,0.81900,0.81680,0.81890,1534015
2025-08-30T21:00:00+00:00,0.81900,0.82170,0.81790,0.82110,3254342
2025-08-30T21:15:00+00:00,0.82110,0.82110,0.81720,0.81880,3289096
2025-08-30T21:30:00+00:00,0.81880,0.81920,0.81790,0.81840,1616312
2025-08-30T21:45:00+00:00,0.81850,0.81980,0.81840,0.81890,1082551
2025-08-30T22:00:00+00:00,0.81890,0.81900,0.81660,0.81680,2892443
2025-08-30T22:15:00+00:00,0.81690,0.81930,0.81670,0.81880,1531674
2025-08-30T22:30:00+00:00,0.81880,0.81990,0.81810,0.81950,1304676
2025-08-30T22:45:00+00:00,0.81960,0.82060,0.81920,0.81990,1665128
2025-08-30T23:00:00+00:00,0.82000,0.82310,0.81980,0.82200,4494311
2025-08-30T23:15:00+00:00,0.82200,0.82360,0.82110,0.82250,2729632
2025-08-30T23:30:00+00:00,0.82250,0.82310,0.82130,0.82230,1966127
2025-08-30T23:45:00+00:00,0.82240,0.82240,0.82090,0.82190,1064412
2025-08-31T00:00:00+00:00,0.82190,0.82430,0.82170,0.82300,3934911
2025-08-31T00:15:00+00:00,0.82300,0.82410,0.82160,0.82380,2125285
2025-08-31T00:30:00+00:00,0.82380,0.82860,0.82310,0.82830,7384228
2025-08-31T00:45:00+00:00,0.82830,0.83460,0.82810,0.83380,11994848
2025-08-31T01:00:00+00:00,0.83380,0.83450,0.83060,0.83110,4754435
2025-08-31T01:15:00+00:00,0.83120,0.83310,0.83060,0.83220,2645638
2025-08-31T01:30:00+00:00,0.83220,0.83550,0.83180,0.83460,4629574
2025-08-31T01:45:00+00:00,0.83470,0.83700,0.83440,0.83580,4453347
2025-08-31T02:00:00+00:00,0.83570,0.83650,0.83320,0.83390,4196541
2025-08-31T02:15:00+00:00,0.83380,0.83530,0.83370,0.83500,2776926
2025-08-31T02:30:00+00:00,0.83500,0.83510,0.83280,0.83290,3002331
2025-08-31T02:45:00+00:00,0.83280,0.83360,0.83250,0.83320,1864777
2025-08-31T03:00:00+00:00,0.83310,0.83430,0.83280,0.83320,4069845
2025-08-31T03:15:00+00:00,0.83320,0.83560,0.83270,0.83470,3890407
2025-08-31T03:30:00+00:00,0.83470,0.83600,0.83380,0.83550,4073866
2025-08-31T03:45:00+00:00,0.83540,0.83770,0.83500,0.83650,4861124
2025-08-31T04:00:00+00:00,0.83650,0.83740,0.83410,0.83450,5010238
2025-08-31T04:15:00+00:00,0.83440,0.83450,0.83220,0.83220,4252217
2025-08-31T04:30:00+00:00,0.83230,0.83440,0.83230,0.83260,4887877
2025-08-31T04:45:00+00:00,0.83250,0.83430,0.83110,0.83280,3243942
2025-08-31T05:00:00+00:00,0.83280,0.83310,0.83050,0.83130,3653746
2025-08-31T05:15:00+00:00,0.83120,0.83200,0.82960,0.82990,3718593
2025-08-31T05:30:00+00:00,0.82980,0.83100,0.82970,0.83020,2934549
2025-08-31T05:45:00+00:00,0.83010,0.83070,0.82860,0.83020,3555281
2025-08-31T06:00:00+00:00,0.83010,0.83120,0.82950,0.83010,2497120
2025-08-31T06:15:00+00:00,0.83000,0.83050,0.82740,0.82740,3626950
2025-08-31T06:30:00+00:00,0.82750,0.82820,0.82650,0.82740,3995231
2025-08-31T06:45:00+00:00,0.82740,0.82800,0.82560,0.82580,2793446
2025-08-31T07:00:00+00:00,0.82580,0.82850,0.82500,0.82760,4692085
2025-08-31T07:15:00+00:00,0.82760,0.82820,0.82620,0.82810,2034457
2025-08-31T07:30:00+00:00,0.82820,0.82890,0.82600,0.82710,2732066
2025-08-31T07:45:00+00:00,0.82700,0.82710,0.82550,0.82620,1380076
2025-08-31T08:00:00+00:00,0.82630,0.82770,0.82580,0.82680,2484179
2025-08-31T08:15:00+00:00,0.82680,0.82740,0.82590,0.82680,2577494
2025-08-31T08:30:00+00:00,0.82670,0.82880,0.82490,0.82880,3867955
2025-08-31T08:45:00+00:00,0.82890,0.83150,0.82750,0.83130,5140409
2025-08-31T09:00:00+00:00,0.83120,0.83130,0.82900,0.83030,3903758
2025-08-31T09:15:00+00:00,0.83040,0.83190,0.82830,0.82910,5301356
2025-08-31T09:30:00+00:00,0.82910,0.82940,0.82790,0.82820,2413436
2025-08-31T09:45:00+00:00,0.82810,0.82820,0.82440,0.82470,5325667
2025-08-31T10:00:00+00:00,0.82480,0.82550,0.82070,0.82120,10789127
2025-08-31T10:15:00+00:00,0.82120,0.82220,0.81920,0.82000,6951781
2025-08-31T10:30:00+00:00,0.82000,0.82140,0.81720,0.81800,4879539
2025-08-31T10:45:00+00:00,0.81800,0.82170,0.81710,0.82040,5358421
2025-08-31T11:00:00+00:00,0.82040,0.82110,0.81890,0.82090,2789535
2025-08-31T11:15:00+00:00,0.82100,0.82340,0.81880,0.82300,5451713
2025-08-31T11:30:00+00:00,0.82310,0.82440,0.82070,0.82170,4813668
2025-08-31T11:45:00+00:00,0.82180,0.82400,0.82090,0.82400,2347781
2025-08-31T12:00:00+00:00,0.82400,0.82450,0.82090,0.82130,3949647
2025-08-31T12:15:00+00:00,0.82130,0.82220,0.82030,0.82080,2774430
2025-08-31T12:30:00+00:00,0.82080,0.82250,0.82050,0.82080,2524621
2025-08-31T12:45:00+00:00,0.82080,0.82420,0.81920,0.82320,4052621
2025-08-31T13:00:00+00:00,0.82320,0.82490,0.82040,0.82110,4672795
2025-08-31T13:15:00+00:00,0.82100,0.82630,0.82060,0.82420,9318048
2025-08-31T13:30:00+00:00,0.82430,0.82530,0.81900,0.82090,6003341
2025-08-31T13:45:00+00:00,0.82100,0.82250,0.81930,0.82060,2835696
2025-08-31T14:00:00+00:00,0.82060,0.82190,0.81620,0.81830,6903860
2025-08-31T14:15:00+00:00,0.81830,0.82090,0.81720,0.82030,3093758
2025-08-31T14:30:00+00:00,0.82040,0.82400,0.82040,0.82200,3924179
2025-08-31T14:45:00+00:00,0.82200,0.82240,0.81950,0.82030,2712810
2025-08-31T15:00:00+00:00,0.82030,0.82710,0.82010,0.82390,6273418
2025-08-31T15:15:00+00:00,0.82390,0.82550,0.82280,0.82480,3983178
2025-08-31T15:30:00+00:00,0.82480,0.82680,0.82180,0.82670,3708772
2025-08-31T15:45:00+00:00,0.82660,0.82730,0.82510,0.82640,3738587
2025-08-31T16:00:00+00:00,0.82630,0.82650,0.82260,0.82370,7506199
2025-08-31T16:15:00+00:00,0.82360,0.82390,0.82090,0.82210,5608337
2025-08-31T16:30:00+00:00,0.82200,0.82330,0.82020,0.82280,6142403
2025-08-31T16:45:00+00:00,0.82280,0.82390,0.82130,0.82310,2577976
2025-08-31T17:00:00+00:00,0.82310,0.82380,0.82150,0.82330,2307954
2025-08-31T17:15:00+00:00,0.82330,0.82380,0.82040,0.82240,4066833
2025-08-31T17:30:00+00:00,0.82240,0.82350,0.82080,0.82310,2090880
2025-08-31T17:45:00+00:00,0.82310,0.82360,0.82110,0.82110,1633680
2025-08-31T18:00:00+00:00,0.82120,0.82280,0.82050,0.82200,1563488
2025-08-31T18:15:00+00:00,0.82200,0.82440,0.82170,0.82350,2569518
2025-08-31T18:30:00+00:00,0.82350,0.82660,0.82340,0.82550,2898983
2025-08-31T18:45:00+00:00,0.82540,0.82710,0.82510,0.82700,2477707
2025-08-31T19:00:00+00:00,0.82690,0.82790,0.82320,0.82350,4115120
2025-08-31T19:15:00+00:00,0.82350,0.82470,0.82230,0.82280,2623368
2025-08-31T19:30:00+00:00,0.82290,0.82450,0.82260,0.82370,1881651
2025-08-31T19:45:00+00:00,0.82380,0.82380,0.82080,0.82120,2415995
2025-08-31T20:00:00+00:00,0.82120,0.82400,0.81920,0.82290,5129394
2025-08-31T20:15:00+00:00,0.82290,0.82380,0.82110,0.82370,3225807
2025-08-31T20:30:00+00:00,0.82360,0.82740,0.82300,0.82520,6214250
2025-08-31T20:45:00+00:00,0.82520,0.82830,0.82480,0.82780,3161869
2025-08-31T21:00:00+00:00,0.82780,0.82790,0.82560,0.82790,2544936
2025-08-31T21:15:00+00:00,0.82800,0.82860,0.82620,0.82800,2737830
2025-08-31T21:30:00+00:00,0.82790,0.82860,0.82560,0.82730,2322692
2025-08-31T21:45:00+00:00,0.82720,0.82730,0.82540,0.82590,901691
2025-08-31T22:00:00+00:00,0.82600,0.82620,0.82300,0.82430,5029488
2025-08-31T22:15:00+00:00,0.82440,0.82660,0.82430,0.82580,1060585
2025-08-31T22:30:00+00:00,0.82590,0.82590,0.81900,0.81930,3499053
2025-08-31T22:45:00+00:00,0.81930,0.82090,0.81800,0.82000,4567461
2025-08-31T23:00:00+00:00,0.82000,0.82040,0.81710,0.81820,5467293
2025-08-31T23:15:00+00:00,0.81820,0.81820,0.81340,0.81430,12275515
2025-08-31T23:30:00+00:00,0.81440,0.81450,0.80900,0.80960,15958386
2025-08-31T23:45:00+00:00,0.80970,0.81150,0.80870,0.81070,5498671
2025-09-01T00:00:00+00:00,0.81060,0.81120,0.80440,0.80800,16893582
2025-09-01T00:15:00+00:00,0.80800,0.81010,0.80090,0.80460,20808823
2025-09-01T00:30:00+00:00,0.80450,0.80910,0.80130,0.80750,10737422
2025-09-01T00:45:00+00:00,0.80760,0.81050,0.80490,0.80560,8616169
2025-09-01T01:00:00+00:00,0.80570,0.80820,0.80150,0.80560,14551103
2025-09-01T01:15:00+00:00,0.80560,0.81020,0.80390,0.80970,7877609
2025-09-01T01:30:00+00:00,0.80970,0.81240,0.80830,0.81200,6244878
2025-09-01T01:45:00+00:00,0.81190,0.81400,0.80690,0.81000,9177772
2025-09-01T02:00:00+00:00,0.81000,0.81040,0.80470,0.80570,5715952
2025-09-01T02:15:00+00:00,0.80570,0.80850,0.80030,0.80370,13035173
2025-09-01T02:30:00+00:00,0.80370,0.80390,0.80090,0.80170,7444205
2025-09-01T02:45:00+00:00,0.80180,0.80330,0.80000,0.80300,16303523
2025-09-01T03:00:00+00:00,0.80290,0.80720,0.80100,0.80400,13152384
2025-09-01T03:15:00+00:00,0.80400,0.80800,0.80330,0.80790,6474205
2025-09-01T03:30:00+00:00,0.80790,0.80940,0.80660,0.80850,4043410
2025-09-01T03:45:00+00:00,0.80850,0.80990,0.80530,0.80860,2972275
2025-09-01T04:00:00+00:00,0.80860,0.80890,0.80450,0.80610,3462513
2025-09-01T04:15:00+00:00,0.80610,0.80640,0.80310,0.80440,3757948
2025-09-01T04:30:00+00:00,0.80430,0.80440,0.80050,0.80050,6993891
2025-09-01T04:45:00+00:00,0.80060,0.80260,0.79850,0.80060,13256935
2025-09-01T05:00:00+00:00,0.80060,0.80220,0.79560,0.79770,10608995
2025-09-01T05:15:00+00:00,0.79770,0.80030,0.79410,0.80020,9996485
2025-09-01T05:30:00+00:00,0.80010,0.80610,0.79960,0.80570,7185362
2025-09-01T05:45:00+00:00,0.80570,0.80610,0.80260,0.80330,2948634
2025-09-01T06:00:00+00:00,0.80330,0.80380,0.79740,0.79870,8423630
2025-09-01T06:15:00+00:00,0.79860,0.80310,0.79680,0.80180,6119490
2025-09-01T06:30:00+00:00,0.80190,0.80510,0.80190,0.80380,4879687
2025-09-01T06:45:00+00:00,0.80370,0.80420,0.80110,0.80230,3221538
2025-09-01T07:00:00+00:00,0.80220,0.80420,0.79920,0.79950,4942889
2025-09-01T07:15:00+00:00,0.79950,0.83290,0.79900,0.82180,81790262
2025-09-01T07:30:00+00:00,0.82170,0.83990,0.81920,0.83060,54562858
2025-09-01T07:45:00+00:00,0.83060,0.83900,0.83050,0.83790,26393873
2025-09-01T08:00:00+00:00,0.83790,0.84490,0.83460,0.83590,43947015
2025-09-01T08:15:00+00:00,0.83580,0.83880,0.83330,0.83430,13842241
2025-09-01T08:30:00+00:00,0.83430,0.83730,0.83390,0.83720,11906886
2025-09-01T08:45:00+00:00,0.83720,0.84150,0.83580,0.84140,10282383
2025-09-01T09:00:00+00:00,0.84130,0.84370,0.84020,0.84250,11140249
2025-09-01T09:15:00+00:00,0.84250,0.84260,0.83760,0.83840,6229616
2025-09-01T09:30:00+00:00,0.83850,0.83920,0.83570,0.83670,8176191
2025-09-01T09:45:00+00:00,0.83670,0.83800,0.83450,0.83480,8430374
2025-09-01T10:00:00+00:00,0.83480,0.83680,0.83100,0.83580,15854483
2025-09-01T10:15:00+00:00,0.83580,0.83690,0.83160,0.83200,7997521
2025-09-01T10:30:00+00:00,0.83200,0.83210,0.82260,0.82470,19272272
2025-09-01T10:45:00+00:00,0.82460,0.82790,0.82100,0.82780,11513390
2025-09-01T11:00:00+00:00,0.82780,0.82960,0.82710,0.82760,7398209
2025-09-01T11:15:00+00:00,0.82760,0.82860,0.82400,0.82450,5130126
2025-09-01T11:30:00+00:00,0.82440,0.82470,0.81770,0.81840,14438763
2025-09-01T11:45:00+00:00,0.81840,0.82140,0.81820,0.81990,5067421
2025-09-01T12:00:00+00:00,0.81990,0.82290,0.81800,0.82140,6503285
2025-09-01T12:15:00+00:00,0.82150,0.82200,0.81770,0.82000,4129026
2025-09-01T12:30:00+00:00,0.82000,0.82150,0.81680,0.81740,6751929
2025-09-01T12:45:00+00:00,0.81740,0.81960,0.81500,0.81830,7631687
2025-09-01T13:00:00+00:00,0.81840,0.82400,0.81610,0.82120,13919618
2025-09-01T13:15:00+00:00,0.82120,0.82600,0.81790,0.82340,16242783
2025-09-01T13:30:00+00:00,0.82340,0.82390,0.81700,0.81740,9075116
2025-09-01T13:45:00+00:00,0.81730,0.81800,0.81220,0.81420,10183040
2025-09-01T14:00:00+00:00,0.81420,0.81830,0.81350,0.81650,7640400
2025-09-01T14:15:00+00:00,0.81650,0.81790,0.81440,0.81470,5063813
2025-09-01T14:30:00+00:00,0.81470,0.81550,0.80800,0.81150,14517216
2025-09-01T14:45:00+00:00,0.81140,0.81490,0.80920,0.81350,7637453
2025-09-01T15:00:00+00:00,0.81350,0.81730,0.81100,0.81280,7471759
2025-09-01T15:15:00+00:00,0.81270,0.81460,0.80940,0.81120,5409338
2025-09-01T15:30:00+00:00,0.81130,0.81390,0.80950,0.81030,4546278
2025-09-01T15:45:00+00:00,0.81030,0.81170,0.80680,0.80980,6359726
2025-09-01T16:00:00+00:00,0.80970,0.81050,0.80600,0.80960,9533571
2025-09-01T16:15:00+00:00,0.80950,0.81060,0.80670,0.80870,4471220
2025-09-01T16:30:00+00:00,0.80880,0.81050,0.80550,0.80830,7000485
2025-09-01T16:45:00+00:00,0.80840,0.81040,0.80550,0.80630,4622940
2025-09-01T17:00:00+00:00,0.80620,0.80790,0.80160,0.80520,13164876
2025-09-01T17:15:00+00:00,0.80520,0.80660,0.80150,0.80310,6377978
2025-09-01T17:30:00+00:00,0.80300,0.80430,0.80100,0.80280,6281337
2025-09-01T17:45:00+00:00,0.80270,0.80410,0.80090,0.80270,4944747
2025-09-01T18:00:00+00:00,0.80270,0.80580,0.80220,0.80550,7240284
2025-09-01T18:15:00+00:00,0.80540,0.80690,0.80440,0.80580,5891141
2025-09-01T18:30:00+00:00,0.80580,0.80790,0.80380,0.80710,5797981
2025-09-01T18:45:00+00:00,0.80710,0.81010,0.80710,0.80850,4801258
2025-09-01T19:00:00+00:00,0.80850,0.81030,0.80710,0.80940,4865379
2025-09-01T19:15:00+00:00,0.80950,0.81090,0.80810,0.80810,3746246
2025-09-01T19:30:00+00:00,0.80820,0.81130,0.80800,0.81050,4112530
2025-09-01T19:45:00+00:00,0.81050,0.81150,0.80930,0.81100,2820982
2025-09-01T20:00:00+00:00,0.81110,0.81120,0.80760,0.80840,4890116
2025-09-01T20:15:00+00:00,0.80840,0.80860,0.80510,0.80640,5241035
2025-09-01T20:30:00+00:00,0.80630,0.80630,0.78820,0.78880,47635823
2025-09-01T20:45:00+00:00,0.78880,0.79610,0.78770,0.79410,48732214
2025-09-01T21:00:00+00:00,0.79400,0.79480,0.78910,0.79230,14162141
2025-09-01T21:15:00+00:00,0.79230,0.79380,0.78950,0.78990,8724074
2025-09-01T21:30:00+00:00,0.78990,0.79040,0.78090,0.78420,19176271
2025-09-01T21:45:00+00:00,0.78420,0.78950,0.78300,0.78850,6062271
2025-09-01T22:00:00+00:00,0.78850,0.79160,0.78580,0.79010,9742009
2025-09-01T22:15:00+00:00,0.79000,0.79470,0.78870,0.78950,6228554
2025-09-01T22:30:00+00:00,0.78950,0.79170,0.78590,0.78600,7905709
2025-09-01T22:45:00+00:00,0.78590,0.79290,0.78540,0.79120,5917482
2025-09-01T23:00:00+00:00,0.79120,0.79550,0.79110,0.79480,6655563
2025-09-01T23:15:00+00:00,0.79470,0.79540,0.79230,0.79520,2546172
2025-09-01T23:30:00+00:00,0.79530,0.79920,0.79270,0.79900,4283080
2025-09-01T23:45:00+00:00,0.79900,0.80280,0.79780,0.80090,9946633
2025-09-02T00:00:00+00:00,0.80100,0.80290,0.79980,0.80130,8191251
2025-09-02T00:15:00+00:00,0.80130,0.80430,0.80080,0.80080,5494789
2025-09-02T00:30:00+00:00,0.80080,0.80240,0.79780,0.79790,5102079
2025-09-02T00:45:00+00:00,0.79800,0.80130,0.79750,0.80060,3513906
2025-09-02T01:00:00+00:00,0.80070,0.80360,0.80040,0.80240,5200120
2025-09-02T01:15:00+00:00,0.80250,0.80400,0.79950,0.80260,6596151
2025-09-02T01:30:00+00:00,0.80250,0.80850,0.80080,0.80790,7536929
2025-09-02T01:45:00+00:00,0.80790,0.80950,0.80460,0.80470,12105641
2025-09-02T02:00:00+00:00,0.80470,0.80780,0.80380,0.80590,4574094
2025-09-02T02:15:00+00:00,0.80590,0.80810,0.80310,0.80640,4990884
2025-09-02T02:30:00+00:00,0.80630,0.80990,0.80510,0.80900,6161755
2025-09-02T02:45:00+00:00,0.80890,0.81750,0.80840,0.81650,16434760
2025-09-02T03:00:00+00:00,0.81650,0.81880,0.81330,0.81860,13437491
2025-09-02T03:15:00+00:00,0.81860,0.82090,0.81600,0.81640,9665473
2025-09-02T03:30:00+00:00,0.81630,0.81750,0.81470,0.81600,5762394
2025-09-02T03:45:00+00:00,0.81600,0.81840,0.81580,0.81690,3414621
2025-09-02T04:00:00+00:00,0.81690,0.81730,0.81400,0.81510,3972560
2025-09-02T04:15:00+00:00,0.81510,0.81800,0.81440,0.81660,4354942
2025-09-02T04:30:00+00:00,0.81670,0.81770,0.81550,0.81650,3037181
2025-09-02T04:45:00+00:00,0.81660,0.81770,0.81440,0.81700,3619081
2025-09-02T05:00:00+00:00,0.81700,0.81840,0.81450,0.81710,4376155
2025-09-02T05:15:00+00:00,0.81710,0.81820,0.81540,0.81770,2722254
2025-09-02T05:30:00+00:00,0.81770,0.82030,0.81680,0.81920,5348330
2025-09-02T05:45:00+00:00,0.81920,0.82210,0.81910,0.82030,5420745
2025-09-02T06:00:00+00:00,0.82030,0.82240,0.81940,0.82190,7153793
2025-09-02T06:15:00+00:00,0.82180,0.82210,0.81970,0.82000,3827314
2025-09-02T06:30:00+00:00,0.82010,0.82200,0.81880,0.82030,6401433
2025-09-02T06:45:00+00:00,0.82020,0.82190,0.81920,0.82110,3630725
2025-09-02T07:00:00+00:00,0.82120,0.82210,0.81800,0.81860,5909323
2025-09-02T07:15:00+00:00,0.81850,0.82110,0.81830,0.82070,4265489
2025-09-02T07:30:00+00:00,0.82060,0.82180,0.81740,0.81820,7221745
2025-09-02T07:45:00+00:00,0.81820,0.81930,0.81520,0.81700,13177274
2025-09-02T08:00:00+00:00,0.81700,0.82000,0.81650,0.81690,7494997
2025-09-02T08:15:00+00:00,0.81690,0.82490,0.81680,0.82460,10935574
2025-09-02T08:30:00+00:00,0.82450,0.82570,0.82160,0.82330,6235159
2025-09-02T08:45:00+00:00,0.82320,0.82500,0.82160,0.82170,5525202
2025-09-02T09:00:00+00:00,0.82160,0.82400,0.82000,0.82280,6580707
2025-09-02T09:15:00+00:00,0.82280,0.82490,0.82150,0.82220,5510348
2025-09-02T09:30:00+00:00,0.82220,0.82270,0.82070,0.82190,2518478
2025-09-02T09:45:00+00:00,0.82180,0.82220,0.82020,0.82180,2002807
2025-09-02T10:00:00+00:00,0.82180,0.82230,0.81970,0.82110,3219339
2025-09-02T10:15:00+00:00,0.82110,0.82140,0.81810,0.81810,4932377
2025-09-02T10:30:00+00:00,0.81810,0.82090,0.81770,0.82000,4228391
2025-09-02T10:45:00+00:00,0.82010,0.82110,0.81910,0.82090,2192585
2025-09-02T11:00:00+00:00,0.82090,0.82130,0.81660,0.81700,3929683
2025-09-02T11:15:00+00:00,0.81690,0.81800,0.81640,0.81720,5213552
2025-09-02T11:30:00+00:00,0.81730,0.81920,0.81700,0.81840,2888868
2025-09-02T11:45:00+00:00,0.81850,0.81930,0.81430,0.81620,9094217
2025-09-02T12:00:00+00:00,0.81630,0.81750,0.81110,0.81170,13743921
2025-09-02T12:15:00+00:00,0.81170,0.81530,0.81070,0.81310,8521424
2025-09-02T12:30:00+00:00,0.81310,0.81430,0.80500,0.80660,15174390
2025-09-02T12:45:00+00:00,0.80660,0.80670,0.80000,0.80150,21301744
2025-09-02T13:00:00+00:00,0.80160,0.80710,0.80090,0.80570,11088761
2025-09-02T13:15:00+00:00,0.80570,0.81090,0.80440,0.80770,9234313
2025-09-02T13:30:00+00:00,0.80770,0.82000,0.80290,0.81760,37788025
2025-09-02T13:45:00+00:00,0.81760,0.82620,0.81650,0.82350,26303821
2025-09-02T14:00:00+00:00,0.82360,0.82800,0.81580,0.81960,27823249
2025-09-02T14:15:00+00:00,0.81960,0.82670,0.81640,0.82650,16094220
2025-09-02T14:30:00+00:00,0.82640,0.82750,0.82160,0.82340,16465481
2025-09-02T14:45:00+00:00,0.82340,0.82470,0.81980,0.82240,12489848
2025-09-02T15:00:00+00:00,0.82230,0.82310,0.81740,0.82170,13160062
2025-09-02T15:15:00+00:00,0.82160,0.82320,0.81660,0.81890,8021713
2025-09-02T15:30:00+00:00,0.81890,0.81910,0.81300,0.81340,10053502
2025-09-02T15:45:00+00:00,0.81340,0.81490,0.80810,0.80980,14736360
2025-09-02T16:00:00+00:00,0.80980,0.81590,0.80970,0.81370,9742229
2025-09-02T16:15:00+00:00,0.81370,0.81590,0.80740,0.80830,11915870
2025-09-02T16:30:00+00:00,0.80830,0.81240,0.80830,0.81120,9000540
2025-09-02T16:45:00+00:00,0.81120,0.81330,0.80990,0.81210,4500802
2025-09-02T17:00:00+00:00,0.81200,0.81650,0.81200,0.81380,6166892
2025-09-02T17:15:00+00:00,0.81380,0.81950,0.81350,0.81870,8849294
2025-09-02T17:30:00+00:00,0.81870,0.81970,0.81610,0.81670,6931169
2025-09-02T17:45:00+00:00,0.81670,0.81910,0.81580,0.81810,3642397
2025-09-02T18:00:00+00:00,0.81810,0.81870,0.81380,0.81590,5612738
2025-09-02T18:15:00+00:00,0.81590,0.81670,0.81220,0.81390,8518139
2025-09-02T18:30:00+00:00,0.81380,0.81550,0.81230,0.81320,5099041
2025-09-02T18:45:00+00:00,0.81310,0.82060,0.80950,0.81800,10630464
2025-09-02T19:00:00+00:00,0.81800,0.82330,0.81780,0.81790,7335837
2025-09-02T19:15:00+00:00,0.81780,0.82030,0.81640,0.81700,3623105
2025-09-02T19:30:00+00:00,0.81690,0.81900,0.81520,0.81840,3034301
2025-09-02T19:45:00+00:00,0.81830,0.82120,0.81770,0.82040,3881717
2025-09-02T20:00:00+00:00,0.82050,0.82320,0.81850,0.82320,3922349
2025-09-02T20:15:00+00:00,0.82310,0.83000,0.82290,0.82810,18320751
2025-09-02T20:30:00+00:00,0.82810,0.83220,0.82540,0.83060,8495149
2025-09-02T20:45:00+00:00,0.83060,0.83100,0.82490,0.82870,8863701
2025-09-02T21:00:00+00:00,0.82870,0.83030,0.82810,0.82960,4870829
2025-09-02T21:15:00+00:00,0.82950,0.82990,0.82680,0.82880,4143045
2025-09-02T21:30:00+00:00,0.82880,0.83190,0.82860,0.83120,4394626
2025-09-02T21:45:00+00:00,0.83110,0.83180,0.83010,0.83070,1745702
2025-09-02T22:00:00+00:00,0.83070,0.83100,0.82750,0.83030,4780922
2025-09-02T22:15:00+00:00,0.83020,0.83200,0.82890,0.83000,2978485
2025-09-02T22:30:00+00:00,0.82990,0.83310,0.82860,0.83210,4098372
2025-09-02T22:45:00+00:00,0.83210,0.83400,0.83080,0.83390,2877257
2025-09-02T23:00:00+00:00,0.83390,0.83540,0.83160,0.83420,5233607
2025-09-02T23:15:00+00:00,0.83410,0.83550,0.83230,0.83340,5366037
2025-09-02T23:30:00+00:00,0.83340,0.83400,0.83170,0.83320,2806881
2025-09-02T23:45:00+00:00,0.83320,0.83550,0.83310,0.83480,2868474
2025-09-03T00:00:00+00:00,0.83490,0.83760,0.83410,0.83740,7638366
2025-09-03T00:15:00+00:00,0.83750,0.83950,0.83620,0.83790,7395155
2025-09-03T00:30:00+00:00,0.83790,0.83850,0.83440,0.83490,4844074
2025-09-03T00:45:00+00:00,0.83490,0.83490,0.83050,0.83140,7313672
2025-09-03T01:00:00+00:00,0.83140,0.83200,0.82830,0.82860,6316369
2025-09-03T01:15:00+00:00,0.82850,0.83070,0.82700,0.82730,5481847
2025-09-03T01:30:00+00:00,0.82730,0.82930,0.82630,0.82920,4820971
2025-09-03T01:45:00+00:00,0.82930,0.83730,0.82800,0.83710,6213725
2025-09-03T02:00:00+00:00,0.83700,0.84030,0.83280,0.83500,10936690
2025-09-03T02:15:00+00:00,0.83500,0.83990,0.83480,0.83870,6432642
2025-09-03T02:30:00+00:00,0.83870,0.83920,0.83610,0.83760,3535157
2025-09-03T02:45:00+00:00,0.83770,0.83970,0.83750,0.83910,3104738
2025-09-03T03:00:00+00:00,0.83910,0.84010,0.83530,0.83600,5243900
2025-09-03T03:15:00+00:00,0.83600,0.83680,0.83350,0.83390,5058979
2025-09-03T03:30:00+00:00,0.83390,0.83450,0.83100,0.83300,3680791
2025-09-03T03:45:00+00:00,0.83300,0.83490,0.83210,0.83380,2937929
2025-09-03T04:00:00+00:00,0.83380,0.83580,0.83190,0.83200,3025491
2025-09-03T04:15:00+00:00,0.83200,0.83370,0.83090,0.83210,2559739
2025-09-03T04:30:00+00:00,0.83210,0.83530,0.83190,0.83400,2040640
2025-09-03T04:45:00+00:00,0.83400,0.83540,0.83350,0.83510,1530627
2025-09-03T05:00:00+00:00,0.83520,0.83580,0.83240,0.83350,4132870
2025-09-03T05:15:00+00:00,0.83350,0.83380,0.83020,0.83110,2808987
2025-09-03T05:30:00+00:00,0.83100,0.83200,0.83050,0.83100,1812850
2025-09-03T05:45:00+00:00,0.83100,0.83170,0.82900,0.83000,2337518
2025-09-03T06:00:00+00:00,0.83010,0.83070,0.82770,0.82960,9108616
2025-09-03T06:15:00+00:00,0.82960,0.83180,0.82900,0.83160,2770042
2025-09-03T06:30:00+00:00,0.83160,0.83290,0.82930,0.82960,3120308
2025-09-03T06:45:00+00:00,0.82950,0.83080,0.82810,0.82900,2306949
2025-09-03T07:00:00+00:00,0.82890,0.83090,0.82740,0.82920,3530360
2025-09-03T07:15:00+00:00,0.82920,0.82920,0.82570,0.82800,5070241
2025-09-03T07:30:00+00:00,0.82800,0.83080,0.82750,0.83000,3224254
2025-09-03T07:45:00+00:00,0.83000,0.83050,0.82860,0.83020,2664561
2025-09-03T08:00:00+00:00,0.83020,0.83490,0.82930,0.83450,5707866
2025-09-03T08:15:00+00:00,0.83440,0.83660,0.83200,0.83270,6620254
2025-09-03T08:30:00+00:00,0.83260,0.83320,0.83080,0.83190,2926183
2025-09-03T08:45:00+00:00,0.83190,0.83230,0.82880,0.83020,3672095
2025-09-03T09:00:00+00:00,0.83020,0.83160,0.82650,0.82650,4395117
2025-09-03T09:15:00+00:00,0.82650,0.83060,0.82650,0.83020,3437410
2025-09-03T09:30:00+00:00,0.83010,0.83140,0.82880,0.83070,2503658
2025-09-03T09:45:00+00:00,0.83080,0.83430,0.82990,0.83400,3096590
2025-09-03T10:00:00+00:00,0.83400,0.83490,0.83220,0.83380,3126320
2025-09-03T10:15:00+00:00,0.83390,0.83670,0.83370,0.83540,3867498
2025-09-03T10:30:00+00:00,0.83530,0.83580,0.83280,0.83370,4663348
2025-09-03T10:45:00+00:00,0.83370,0.83370,0.83150,0.83270,2116713
2025-09-03T11:00:00+00:00,0.83260,0.83570,0.83240,0.83530,2773031
2025-09-03T11:15:00+00:00,0.83540,0.83600,0.83320,0.83460,2969495
2025-09-03T11:30:00+00:00,0.83460,0.83470,0.83180,0.83370,3915782
2025-09-03T11:45:00+00:00,0.83360,0.83380,0.83180,0.83210,1833913
2025-09-03T12:00:00+00:00,0.83210,0.83400,0.83210,0.83290,2267477
2025-09-03T12:15:00+00:00,0.83290,0.83570,0.83270,0.83290,2772292
2025-09-03T12:30:00+00:00,0.83290,0.83560,0.82930,0.82930,6150753
2025-09-03T12:45:00+00:00,0.82940,0.83100,0.82830,0.83020,6436230
2025-09-03T13:00:00+00:00,0.83020,0.83360,0.82920,0.83290,3545739
2025-09-03T13:15:00+00:00,0.83280,0.83520,0.83180,0.83210,3684172
2025-09-03T13:30:00+00:00,0.83220,0.83930,0.83120,0.83770,10608841
2025-09-03T13:45:00+00:00,0.83770,0.84000,0.83200,0.83360,11007116
2025-09-03T14:00:00+00:00,0.83360,0.83860,0.83310,0.83310,10785205
2025-09-03T14:15:00+00:00,0.83310,0.83620,0.83310,0.83510,5301233
2025-09-03T14:30:00+00:00,0.83510,0.84220,0.83510,0.84150,12084176
2025-09-03T14:45:00+00:00,0.84150,0.84190,0.83820,0.83930,6990378
2025-09-03T15:00:00+00:00,0.83920,0.84200,0.83770,0.83910,6707190
2025-09-03T15:15:00+00:00,0.83910,0.83990,0.83550,0.83660,4657509
2025-09-03T15:30:00+00:00,0.83650,0.84040,0.83630,0.84000,4611149
2025-09-03T15:45:00+00:00,0.83990,0.84100,0.83780,0.84010,2948485
2025-09-03T16:00:00+00:00,0.84020,0.84180,0.83950,0.84140,3888354
2025-09-03T16:15:00+00:00,0.84140,0.84190,0.83880,0.83880,2904117
2025-09-03T16:30:00+00:00,0.83890,0.83930,0.83510,0.83520,5727436
2025-09-03T16:45:00+00:00,0.83510,0.83680,0.83420,0.83570,5092223
2025-09-03T17:00:00+00:00,0.83560,0.84000,0.83560,0.83990,4181900
2025-09-03T17:15:00+00:00,0.83980,0.84120,0.83880,0.84040,3317285
2025-09-03T17:30:00+00:00,0.84040,0.84150,0.83900,0.83920,3940934
2025-09-03T17:45:00+00:00,0.83920,0.84100,0.83800,0.83970,3044010
2025-09-03T18:00:00+00:00,0.83970,0.84170,0.83910,0.84140,2862482
2025-09-03T18:15:00+00:00,0.84140,0.84140,0.83860,0.84060,3089217
2025-09-03T18:30:00+00:00,0.84070,0.84080,0.83680,0.83780,3188191
2025-09-03T18:45:00+00:00,0.83770,0.83820,0.83560,0.83760,4827001
2025-09-03T19:00:00+00:00,0.83760,0.83790,0.83580,0.83650,2113235
2025-09-03T19:15:00+00:00,0.83640,0.83740,0.83520,0.83680,1541451
2025-09-03T19:30:00+00:00,0.83680,0.83910,0.83680,0.83840,1331379
2025-09-03T19:45:00+00:00,0.83830,0.84130,0.83790,0.84130,2836197
2025-09-03T20:00:00+00:00,0.84130,0.84330,0.84040,0.84280,4437624
2025-09-03T20:15:00+00:00,0.84280,0.84290,0.83930,0.83960,2511599
2025-09-03T20:30:00+00:00,0.83950,0.84160,0.83950,0.84060,1688180
2025-09-03T20:45:00+00:00,0.84060,0.84150,0.83930,0.84040,1657678
2025-09-03T21:00:00+00:00,0.84050,0.84160,0.83970,0.84160,2600479
2025-09-03T21:15:00+00:00,0.84170,0.84180,0.83990,0.84100,2830377
2025-09-03T21:30:00+00:00,0.84100,0.84120,0.83770,0.83830,2215250
2025-09-03T21:45:00+00:00,0.83830,0.84100,0.83720,0.83990,3058665
2025-09-03T22:00:00+00:00,0.83980,0.84240,0.83970,0.84060,4061334
2025-09-03T22:15:00+00:00,0.84070,0.84130,0.83880,0.83910,2040840
2025-09-03T22:30:00+00:00,0.83900,0.83960,0.83770,0.83860,2759113
2025-09-03T22:45:00+00:00,0.83850,0.83890,0.83720,0.83890,2074375
2025-09-03T23:00:00+00:00,0.83890,0.83940,0.83690,0.83700,1819772
2025-09-03T23:15:00+00:00,0.83690,0.83810,0.83670,0.83720,1301398
2025-09-03T23:30:00+00:00,0.83720,0.83770,0.83540,0.83550,2251108
2025-09-03T23:45:00+00:00,0.83540,0.83680,0.83480,0.83640,2020367
2025-09-04T00:00:00+00:00,0.83640,0.83860,0.83620,0.83810,3064980
2025-09-04T00:15:00+00:00,0.83820,0.84160,0.83680,0.84000,4792736
2025-09-04T00:30:00+00:00,0.83990,0.84130,0.83900,0.83950,2291430
2025-09-04T00:45:00+00:00,0.83940,0.84030,0.83880,0.83950,1720338
2025-09-04T01:00:00+00:00,0.83950,0.83950,0.83320,0.83360,6168198
2025-09-04T01:15:00+00:00,0.83360,0.83460,0.83240,0.83440,5280694
2025-09-04T01:30:00+00:00,0.83430,0.83700,0.83370,0.83530,4672520
2025-09-04T01:45:00+00:00,0.83540,0.83570,0.83380,0.83550,2457870
2025-09-04T02:00:00+00:00,0.83550,0.83630,0.83250,0.83260,4766512
2025-09-04T02:15:00+00:00,0.83250,0.83260,0.82900,0.82910,6853596
2025-09-04T02:30:00+00:00,0.82910,0.83140,0.82740,0.83020,7972727
2025-09-04T02:45:00+00:00,0.83020,0.83110,0.82820,0.82870,2734264
2025-09-04T03:00:00+00:00,0.82860,0.82910,0.82540,0.82620,11474980
2025-09-04T03:15:00+00:00,0.82620,0.82870,0.82570,0.82620,4032847
2025-09-04T03:30:00+00:00,0.82610,0.82670,0.82400,0.82470,6117099
2025-09-04T03:45:00+00:00,0.82460,0.82520,0.82330,0.82370,3522844
2025-09-04T04:00:00+00:00,0.82370,0.82530,0.82250,0.82450,4814189
2025-09-04T04:15:00+00:00,0.82450,0.82650,0.82390,0.82440,4218291
2025-09-04T04:30:00+00:00,0.82430,0.82690,0.82360,0.82530,2708492
2025-09-04T04:45:00+00:00,0.82520,0.82660,0.82310,0.82330,4276523
2025-09-04T05:00:00+00:00,0.82330,0.82340,0.81920,0.81960,10938291
2025-09-04T05:15:00+00:00,0.81950,0.82070,0.81700,0.81870,6579325
2025-09-04T05:30:00+00:00,0.81870,0.81990,0.81710,0.81750,3454898
2025-09-04T05:45:00+00:00,0.81750,0.81950,0.81700,0.81930,3157229
2025-09-04T06:00:00+00:00,0.81920,0.81940,0.81700,0.81820,4776130
2025-09-04T06:15:00+00:00,0.81810,0.81820,0.81500,0.81720,8741144
2025-09-04T06:30:00+00:00,0.81720,0.81720,0.81520,0.81590,3485216
2025-09-04T06:45:00+00:00,0.81590,0.81600,0.81340,0.81440,5072557
2025-09-04T07:00:00+00:00,0.81430,0.81790,0.81400,0.81770,4754897
2025-09-04T07:15:00+00:00,0.81760,0.81890,0.81570,0.81620,5219385
2025-09-04T07:30:00+00:00,0.81630,0.81790,0.81580,0.81680,4232438
2025-09-04T07:45:00+00:00,0.81690,0.81830,0.81610,0.81710,2533427
2025-09-04T08:00:00+00:00,0.81720,0.82100,0.81650,0.82010,6944454
2025-09-04T08:15:00+00:00,0.82000,0.82120,0.81840,0.82090,5932008
2025-09-04T08:30:00+00:00,0.82080,0.82150,0.81840,0.81910,3464481
2025-09-04T08:45:00+00:00,0.81910,0.81920,0.81520,0.81570,9115114
2025-09-04T09:00:00+00:00,0.81580,0.81920,0.81570,0.81850,5737076
2025-09-04T09:15:00+00:00,0.81860,0.81890,0.81710,0.81720,2549692
2025-09-04T09:30:00+00:00,0.81730,0.81880,0.81670,0.81770,2798138
2025-09-04T09:45:00+00:00,0.81760,0.81960,0.81740,0.81960,2294749
2025-09-04T10:00:00+00:00,0.81960,0.82290,0.81890,0.82210,6741365
2025-09-04T10:15:00+00:00,0.82210,0.82230,0.82060,0.82120,2427621
2025-09-04T10:30:00+00:00,0.82130,0.82360,0.82080,0.82200,4375332
2025-09-04T10:45:00+00:00,0.82210,0.82320,0.81930,0.81940,7517518
2025-09-04T11:00:00+00:00,0.81940,0.82170,0.81790,0.82080,4499944
2025-09-04T11:15:00+00:00,0.82080,0.82200,0.81890,0.81910,3393499
2025-09-04T11:30:00+00:00,0.81910,0.81980,0.81820,0.81940,2415739
2025-09-04T11:45:00+00:00,0.81950,0.82000,0.81700,0.81710,4826382
2025-09-04T12:00:00+00:00,0.81720,0.81930,0.81640,0.81900,3976900
2025-09-04T12:15:00+00:00,0.81900,0.82130,0.81680,0.81840,4455132
2025-09-04T12:30:00+00:00,0.81850,0.82040,0.81250,0.81430,13415768
2025-09-04T12:45:00+00:00,0.81430,0.81910,0.81410,0.81890,7380239
2025-09-04T13:00:00+00:00,0.81900,0.81940,0.81630,0.81650,4299699
2025-09-04T13:15:00+00:00,0.81660,0.81860,0.81590,0.81650,2380812
2025-09-04T13:30:00+00:00,0.81640,0.81840,0.81420,0.81590,7377238
2025-09-04T13:45:00+00:00,0.81590,0.81630,0.81150,0.81490,11222890
2025-09-04T14:00:00+00:00,0.81480,0.81570,0.80580,0.80980,26049311
2025-09-04T14:15:00+00:00,0.80970,0.81340,0.80830,0.81180,6753710
2025-09-04T14:30:00+00:00,0.81170,0.81380,0.81010,0.81180,7015271
2025-09-04T14:45:00+00:00,0.81190,0.81270,0.80960,0.81000,4405334
2025-09-04T15:00:00+00:00,0.81000,0.81060,0.80540,0.80650,9800667
2025-09-04T15:15:00+00:00,0.80660,0.80780,0.80410,0.80680,11282329
2025-09-04T15:30:00+00:00,0.80690,0.80900,0.80620,0.80800,5173651
2025-09-04T15:45:00+00:00,0.80810,0.80950,0.80740,0.80770,3170810
2025-09-04T16:00:00+00:00,0.80760,0.81040,0.80660,0.80980,6307985
2025-09-04T16:15:00+00:00,0.80970,0.81000,0.80690,0.80720,3296611
2025-09-04T16:30:00+00:00,0.80720,0.80840,0.80600,0.80810,3235381
2025-09-04T16:45:00+00:00,0.80800,0.81000,0.80740,0.80870,3419041
2025-09-04T17:00:00+00:00,0.80870,0.81130,0.80850,0.80960,3340028
2025-09-04T17:15:00+00:00,0.80960,0.81190,0.80960,0.81100,2978456
2025-09-04T17:30:00+00:00,0.81100,0.81120,0.80800,0.80810,3018906
2025-09-04T17:45:00+00:00,0.80800,0.80930,0.80720,0.80720,3920853
2025-09-04T18:00:00+00:00,0.80720,0.81060,0.80700,0.80850,3723783
2025-09-04T18:15:00+00:00,0.80850,0.80920,0.80520,0.80530,5358952
2025-09-04T18:30:00+00:00,0.80540,0.80820,0.80340,0.80660,6908920
2025-09-04T18:45:00+00:00,0.80660,0.80710,0.80420,0.80460,3749728
2025-09-04T19:00:00+00:00,0.80460,0.80710,0.80400,0.80670,2951134
2025-09-04T19:15:00+00:00,0.80680,0.80700,0.80460,0.80550,1772043
2025-09-04T19:30:00+00:00,0.80550,0.80600,0.80220,0.80380,4396893
2025-09-04T19:45:00+00:00,0.80380,0.80480,0.80240,0.80330,3308169
2025-09-04T20:00:00+00:00,0.80340,0.80890,0.80280,0.80850,6726558
2025-09-04T20:15:00+00:00,0.80850,0.81020,0.80710,0.81000,5155190
2025-09-04T20:30:00+00:00,0.81010,0.81040,0.80850,0.80850,2703886
2025-09-04T20:45:00+00:00,0.80850,0.80900,0.80810,0.80880,1969095
2025-09-04T21:00:00+00:00,0.80890,0.81040,0.80800,0.80910,2187568
2025-09-04T21:15:00+00:00,0.80910,0.81050,0.80900,0.80930,1289752
2025-09-04T21:30:00+00:00,0.80940,0.81090,0.80910,0.81060,2090012
2025-09-04T21:45:00+00:00,0.81060,0.81140,0.81010,0.81080,1493677
2025-09-04T22:00:00+00:00,0.81080,0.81270,0.81050,0.81220,4760586
2025-09-04T22:15:00+00:00,0.81230,0.81340,0.81100,0.81320,3595675
2025-09-04T22:30:00+00:00,0.81320,0.81430,0.81230,0.81240,3589153
2025-09-04T22:45:00+00:00,0.81240,0.81750,0.81190,0.81660,6454798
2025-09-04T23:00:00+00:00,0.81670,0.81830,0.81430,0.81540,6605107
2025-09-04T23:15:00+00:00,0.81540,0.81560,0.81350,0.81350,2156192
2025-09-04T23:30:00+00:00,0.81360,0.81370,0.80980,0.81080,4701386
2025-09-04T23:45:00+00:00,0.81090,0.81090,0.80830,0.80880,3060191
2025-09-05T00:00:00+00:00,0.80880,0.81150,0.80860,0.81070,4464416
2025-09-05T00:15:00+00:00,0.81070,0.81210,0.80850,0.80920,3224882
2025-09-05T00:30:00+00:00,0.80910,0.81040,0.80730,0.80820,2603393
2025-09-05T00:45:00+00:00,0.80820,0.80830,0.80420,0.80570,5564384
2025-09-05T01:00:00+00:00,0.80570,0.80770,0.80450,0.80720,3246902
2025-09-05T01:15:00+00:00,0.80720,0.81180,0.80680,0.81150,3042958
2025-09-05T01:30:00+00:00,0.81150,0.81500,0.81140,0.81490,4075298
2025-09-05T01:45:00+00:00,0.81500,0.81560,0.81340,0.81410,7132470
2025-09-05T02:00:00+00:00,0.81420,0.81690,0.81330,0.81430,4173419
2025-09-05T02:15:00+00:00,0.81430,0.81570,0.81220,0.81460,3355079
2025-09-05T02:30:00+00:00,0.81460,0.81700,0.81360,0.81550,5278456
2025-09-05T02:45:00+00:00,0.81550,0.81800,0.81540,0.81680,2763962
2025-09-05T03:00:00+00:00,0.81690,0.81710,0.81430,0.81460,2073963
2025-09-05T03:15:00+00:00,0.81460,0.81620,0.81270,0.81330,3491203
2025-09-05T03:30:00+00:00,0.81330,0.81550,0.81310,0.81540,2373297
2025-09-05T03:45:00+00:00,0.81550,0.81760,0.81480,0.81740,2068549
2025-09-05T04:00:00+00:00,0.81740,0.81790,0.81560,0.81570,2214678
2025-09-05T04:15:00+00:00,0.81580,0.81700,0.81560,0.81670,1415868
2025-09-05T04:30:00+00:00,0.81670,0.81880,0.81630,0.81860,2542226
2025-09-05T04:45:00+00:00,0.81870,0.81970,0.81770,0.81890,2664549
2025-09-05T05:00:00+00:00,0.81880,0.81890,0.81750,0.81810,1938770
2025-09-05T05:15:00+00:00,0.81810,0.81880,0.81630,0.81650,2161526
2025-09-05T05:30:00+00:00,0.81650,0.81800,0.81610,0.81770,1463719
2025-09-05T05:45:00+00:00,0.81780,0.81820,0.81610,0.81640,1490778
2025-09-05T06:00:00+00:00,0.81650,0.81720,0.81600,0.81630,2086603
2025-09-05T06:15:00+00:00,0.81630,0.81690,0.81410,0.81470,2702205
2025-09-05T06:30:00+00:00,0.81470,0.81690,0.81460,0.81690,1566750
2025-09-05T06:45:00+00:00,0.81690,0.81960,0.81670,0.81950,2704279
2025-09-05T07:00:00+00:00,0.81950,0.82330,0.81930,0.82160,9068287
2025-09-05T07:15:00+00:00,0.82160,0.82660,0.82100,0.82630,11750789
2025-09-05T07:30:00+00:00,0.82620,0.82920,0.82550,0.82820,11199335
2025-09-05T07:45:00+00:00,0.82820,0.83060,0.82750,0.83000,10948635
2025-09-05T08:00:00+00:00,0.83000,0.83020,0.82720,0.82780,7771881
2025-09-05T08:15:00+00:00,0.82780,0.82830,0.82550,0.82780,7818617
2025-09-05T08:30:00+00:00,0.82780,0.82890,0.82680,0.82790,3529223
2025-09-05T08:45:00+00:00,0.82800,0.82830,0.82580,0.82630,3416746
2025-09-05T09:00:00+00:00,0.82620,0.82650,0.82470,0.82560,4406144
2025-09-05T09:15:00+00:00,0.82570,0.82580,0.82270,0.82280,6751042
2025-09-05T09:30:00+00:00,0.82280,0.82630,0.82140,0.82540,7922692
2025-09-05T09:45:00+00:00,0.82540,0.82800,0.82470,0.82790,3515379
2025-09-05T10:00:00+00:00,0.82800,0.83080,0.82750,0.82860,5458367
2025-09-05T10:15:00+00:00,0.82860,0.82880,0.82750,0.82760,2352596
2025-09-05T10:30:00+00:00,0.82760,0.82970,0.82750,0.82840,3323009
2025-09-05T10:45:00+00:00,0.82840,0.82920,0.82690,0.82700,2660854
2025-09-05T11:00:00+00:00,0.82710,0.82970,0.82660,0.82780,4092318
2025-09-05T11:15:00+00:00,0.82790,0.83070,0.82740,0.83030,3534467
2025-09-05T11:30:00+00:00,0.83020,0.83190,0.82950,0.83170,6694984
2025-09-05T11:45:00+00:00,0.83170,0.83190,0.83030,0.83160,2662154
2025-09-05T12:00:00+00:00,0.83170,0.83200,0.82900,0.83000,4998410
2025-09-05T12:15:00+00:00,0.83000,0.83780,0.82990,0.83780,11139729
2025-09-05T12:30:00+00:00,0.83790,0.84950,0.83150,0.84130,103224331
2025-09-05T12:45:00+00:00,0.84120,0.84710,0.83870,0.84480,30095173
2025-09-05T13:00:00+00:00,0.84480,0.84740,0.84180,0.84310,20025550
2025-09-05T13:15:00+00:00,0.84310,0.84420,0.84110,0.84240,7167410
2025-09-05T13:30:00+00:00,0.84230,0.84570,0.84020,0.84340,13085196
2025-09-05T13:45:00+00:00,0.84350,0.84500,0.84140,0.84350,6984480
2025-09-05T14:00:00+00:00,0.84360,0.84390,0.83620,0.83750,20177363
2025-09-05T14:15:00+00:00,0.83750,0.83780,0.82540,0.82730,56749840
2025-09-05T14:30:00+00:00,0.82730,0.82880,0.81790,0.82320,38699041
2025-09-05T14:45:00+00:00,0.82330,0.82560,0.81840,0.82170,15972434
2025-09-05T15:00:00+00:00,0.82170,0.82510,0.81810,0.82450,14547651
2025-09-05T15:15:00+00:00,0.82450,0.82760,0.82440,0.82650,8278823
2025-09-05T15:30:00+00:00,0.82660,0.82770,0.82300,0.82760,5173357
2025-09-05T15:45:00+00:00,0.82760,0.82800,0.82370,0.82450,6887767
2025-09-05T16:00:00+00:00,0.82450,0.82460,0.82040,0.82400,7526663
2025-09-05T16:15:00+00:00,0.82400,0.82440,0.82120,0.82210,4409300
2025-09-05T16:30:00+00:00,0.82220,0.82610,0.82180,0.82600,3399152
2025-09-05T16:45:00+00:00,0.82610,0.82760,0.82500,0.82710,3588546
2025-09-05T17:00:00+00:00,0.82720,0.82760,0.82460,0.82500,3078826
2025-09-05T17:15:00+00:00,0.82510,0.82630,0.82270,0.82310,4637603
2025-09-05T17:30:00+00:00,0.82310,0.82360,0.82010,0.82140,4319396
2025-09-05T17:45:00+00:00,0.82140,0.82320,0.82100,0.82210,2656420
2025-09-05T18:00:00+00:00,0.82200,0.82400,0.82020,0.82260,3466664
2025-09-05T18:15:00+00:00,0.82250,0.82650,0.82250,0.82650,2561067
2025-09-05T18:30:00+00:00,0.82640,0.83150,0.82640,0.83130,8338551
2025-09-05T18:45:00+00:00,0.83140,0.83280,0.83060,0.83150,5666478
2025-09-05T19:00:00+00:00,0.83150,0.83360,0.83050,0.83200,5360720
2025-09-05T19:15:00+00:00,0.83190,0.83590,0.83190,0.83530,9547336
2025-09-05T19:30:00+00:00,0.83520,0.83540,0.83230,0.83290,3502889
2025-09-05T19:45:00+00:00,0.83300,0.83590,0.83270,0.83590,2599109
2025-09-05T20:00:00+00:00,0.83580,0.83780,0.83440,0.83500,7198758
2025-09-05T20:15:00+00:00,0.83500,0.83530,0.83310,0.83400,2845804
2025-09-05T20:30:00+00:00,0.83400,0.83620,0.83250,0.83510,3035633
2025-09-05T20:45:00+00:00,0.83510,0.83850,0.83440,0.83850,3909054
2025-09-05T21:00:00+00:00,0.83850,0.83880,0.83400,0.83490,4473748
2025-09-05T21:15:00+00:00,0.83490,0.83510,0.82730,0.83180,22752615
2025-09-05T21:30:00+00:00,0.83180,0.83460,0.83000,0.83330,5834665
2025-09-05T21:45:00+00:00,0.83330,0.83330,0.82850,0.83030,2064889
2025-09-05T22:00:00+00:00,0.83030,0.83290,0.82980,0.83140,3535701
2025-09-05T22:15:00+00:00,0.83140,0.83230,0.83030,0.83070,1329047
2025-09-05T22:30:00+00:00,0.83070,0.83420,0.83030,0.83410,1946311
2025-09-05T22:45:00+00:00,0.83410,0.83520,0.83300,0.83360,1810675
2025-09-05T23:00:00+00:00,0.83360,0.83450,0.83160,0.83200,2187313
2025-09-05T23:15:00+00:00,0.83190,0.83320,0.83180,0.83240,1579285
2025-09-05T23:30:00+00:00,0.83250,0.83260,0.83100,0.83180,1507837
2025-09-05T23:45:00+00:00,0.83180,0.83180,0.83010,0.83040,2093276
2025-09-06T00:00:00+00:00,0.83030,0.83140,0.83000,0.83080,2682648
2025-09-06T00:15:00+00:00,0.83090,0.83410,0.83040,0.83360,2556313
2025-09-06T00:30:00+00:00,0.83370,0.83550,0.83350,0.83400,2708366
2025-09-06T00:45:00+00:00,0.83410,0.83530,0.83300,0.83430,1767118
2025-09-06T01:00:00+00:00,0.83420,0.83500,0.83290,0.83490,2483364
2025-09-06T01:15:00+00:00,0.83500,0.83580,0.83230,0.83270,2345003
2025-09-06T01:30:00+00:00,0.83270,0.83290,0.83140,0.83180,2070402
2025-09-06T01:45:00+00:00,0.83180,0.83240,0.83090,0.83120,2361842
2025-09-06T02:00:00+00:00,0.83130,0.83220,0.82890,0.82910,1996472
2025-09-06T02:15:00+00:00,0.82910,0.82950,0.82770,0.82900,2577509
2025-09-06T02:30:00+00:00,0.82900,0.82960,0.82840,0.82890,1489654
2025-09-06T02:45:00+00:00,0.82880,0.83340,0.82870,0.83330,3647039
2025-09-06T03:00:00+00:00,0.83330,0.83470,0.83280,0.83360,3152542
2025-09-06T03:15:00+00:00,0.83360,0.83500,0.83280,0.83290,2948657
2025-09-06T03:30:00+00:00,0.83280,0.83340,0.83200,0.83340,1886350
2025-09-06T03:45:00+00:00,0.83340,0.83370,0.83270,0.83360,1165623
2025-09-06T04:00:00+00:00,0.83350,0.83360,0.82940,0.82980,2698987
2025-09-06T04:15:00+00:00,0.82980,0.83010,0.82780,0.82840,2770271
2025-09-06T04:30:00+00:00,0.82840,0.82860,0.82650,0.82740,3313637
2025-09-06T04:45:00+00:00,0.82740,0.82910,0.82740,0.82810,1768170
2025-09-06T05:00:00+00:00,0.82820,0.82820,0.82610,0.82680,3057738
2025-09-06T05:15:00+00:00,0.82680,0.82690,0.82390,0.82430,4905430
2025-09-06T05:30:00+00:00,0.82420,0.82530,0.82320,0.82370,3028864
2025-09-06T05:45:00+00:00,0.82370,0.82460,0.82300,0.82390,3494980
2025-09-06T06:00:00+00:00,0.82390,0.82530,0.82330,0.82500,3055410
2025-09-06T06:15:00+00:00,0.82510,0.82510,0.82380,0.82460,1581050
2025-09-06T06:30:00+00:00,0.82460,0.82550,0.82390,0.82450,1711279
2025-09-06T06:45:00+00:00,0.82460,0.82510,0.82380,0.82400,1715522
2025-09-06T07:00:00+00:00,0.82390,0.82500,0.82340,0.82500,2438356
2025-09-06T07:15:00+00:00,0.82490,0.82490,0.82370,0.82430,809350
2025-09-06T07:30:00+00:00,0.82440,0.82460,0.82370,0.82430,1214065
2025-09-06T07:45:00+00:00,0.82430,0.82510,0.82370,0.82510,1527434
2025-09-06T08:00:00+00:00,0.82500,0.82600,0.82390,0.82410,2871918
2025-09-06T08:15:00+00:00,0.82410,0.82460,0.82350,0.82380,1489572
2025-09-06T08:30:00+00:00,0.82390,0.82500,0.82370,0.82440,1522927
2025-09-06T08:45:00+00:00,0.82450,0.82460,0.82320,0.82380,1995618
2025-09-06T09:00:00+00:00,0.82380,0.82380,0.82010,0.82060,5850079
2025-09-06T09:15:00+00:00,0.82070,0.82130,0.82010,0.82020,2289879
2025-09-06T09:30:00+00:00,0.82020,0.82220,0.82000,0.82180,3633965
2025-09-06T09:45:00+00:00,0.82180,0.82240,0.82040,0.82060,5918324
2025-09-06T10:00:00+00:00,0.82050,0.82050,0.81840,0.81960,6744034
2025-09-06T10:15:00+00:00,0.81950,0.82030,0.81920,0.81980,1985475
2025-09-06T10:30:00+00:00,0.81990,0.82210,0.81920,0.82210,2551960
2025-09-06T10:45:00+00:00,0.82210,0.82240,0.82090,0.82220,3437677
2025-09-06T11:00:00+00:00,0.82230,0.82230,0.82080,0.82160,1880718
2025-09-06T11:15:00+00:00,0.82150,0.82190,0.82050,0.82120,1439978
2025-09-06T11:30:00+00:00,0.82130,0.82180,0.82040,0.82150,1537721
2025-09-06T11:45:00+00:00,0.82150,0.82320,0.82150,0.82270,2903410
2025-09-06T12:00:00+00:00,0.82270,0.82470,0.82210,0.82360,3315948
2025-09-06T12:15:00+00:00,0.82370,0.82420,0.82210,0.82270,1708858
2025-09-06T12:30:00+00:00,0.82270,0.82360,0.82110,0.82220,1812903
2025-09-06T12:45:00+00:00,0.82210,0.82380,0.82130,0.82370,2755015
2025-09-06T13:00:00+00:00,0.82370,0.82620,0.82340,0.82490,5402313
2025-09-06T13:15:00+00:00,0.82490,0.82570,0.82250,0.82250,2930054
2025-09-06T13:30:00+00:00,0.82250,0.82280,0.82060,0.82130,6100307
2025-09-06T13:45:00+00:00,0.82130,0.82400,0.82120,0.82360,2083292
2025-09-06T14:00:00+00:00,0.82370,0.82510,0.82300,0.82350,1985918
2025-09-06T14:15:00+00:00,0.82360,0.82490,0.82320,0.82470,1931006
2025-09-06T14:30:00+00:00,0.82480,0.82600,0.82360,0.82550,2612041
2025-09-06T14:45:00+00:00,0.82560,0.82570,0.82440,0.82530,1439045
2025-09-06T15:00:00+00:00,0.82540,0.82650,0.82370,0.82540,5110823
2025-09-06T15:15:00+00:00,0.82530,0.82760,0.82530,0.82620,4329968
2025-09-06T15:30:00+00:00,0.82630,0.82650,0.82410,0.82470,2944150
2025-09-06T15:45:00+00:00,0.82470,0.82470,0.82090,0.82190,6665861
2025-09-06T16:00:00+00:00,0.82190,0.82490,0.82130,0.82400,8365277
2025-09-06T16:15:00+00:00,0.82400,0.82440,0.81950,0.82240,8375644
2025-09-06T16:30:00+00:00,0.82240,0.82330,0.82130,0.82240,3021132
2025-09-06T16:45:00+00:00,0.82250,0.82470,0.82070,0.82250,7454988
2025-09-06T17:00:00+00:00,0.82250,0.82300,0.82120,0.82190,3094867
2025-09-06T17:15:00+00:00,0.82190,0.82250,0.82030,0.82070,1495174
2025-09-06T17:30:00+00:00,0.82070,0.82080,0.81770,0.81810,5093961
2025-09-06T17:45:00+00:00,0.81810,0.81950,0.81810,0.81900,1932158
2025-09-06T18:00:00+00:00,0.81900,0.82080,0.81790,0.82070,3055842
2025-09-06T18:15:00+00:00,0.82070,0.82170,0.82070,0.82110,2365774
2025-09-06T18:30:00+00:00,0.82110,0.82120,0.81880,0.81880,1650406
2025-09-06T18:45:00+00:00,0.81880,0.82110,0.81850,0.82020,1614924
2025-09-06T19:00:00+00:00,0.82020,0.82060,0.81830,0.81840,1471543
2025-09-06T19:15:00+00:00,0.81850,0.81880,0.81640,0.81650,4879255
2025-09-06T19:30:00+00:00,0.81660,0.81670,0.81450,0.81510,4078527
2025-09-06T19:45:00+00:00,0.81520,0.81570,0.81380,0.81530,2740807
2025-09-06T20:00:00+00:00,0.81540,0.81720,0.81490,0.81680,3267115
2025-09-06T20:15:00+00:00,0.81680,0.81760,0.81670,0.81680,1591578
2025-09-06T20:30:00+00:00,0.81670,0.81910,0.81640,0.81880,1995731
2025-09-06T20:45:00+00:00,0.81880,0.82020,0.81880,0.82010,1975769
2025-09-06T21:00:00+00:00,0.82020,0.82030,0.81850,0.81870,2127280
2025-09-06T21:15:00+00:00,0.81870,0.81920,0.81810,0.81850,1262231
2025-09-06T21:30:00+00:00,0.81840,0.81880,0.81760,0.81870,1352222
2025-09-06T21:45:00+00:00,0.81860,0.81960,0.81820,0.81920,1379947
2025-09-06T22:00:00+00:00,0.81920,0.82020,0.81710,0.81800,3708392
2025-09-06T22:15:00+00:00,0.81800,0.81930,0.81760,0.81780,1103477
2025-09-06T22:30:00+00:00,0.81770,0.81820,0.81650,0.81720,1157792
2025-09-06T22:45:00+00:00,0.81720,0.81790,0.81660,0.81750,1114765
2025-09-06T23:00:00+00:00,0.81760,0.81780,0.81580,0.81760,1618929
2025-09-06T23:15:00+00:00,0.81760,0.82060,0.81740,0.81990,3053924
2025-09-06T23:30:00+00:00,0.81990,0.82040,0.81810,0.81820,1373611
2025-09-06T23:45:00+00:00,0.81830,0.81840,0.81730,0.81790,1943874
2025-09-07T00:00:00+00:00,0.81790,0.82010,0.81760,0.82000,3512924
2025-09-07T00:15:00+00:00,0.82010,0.82030,0.81880,0.81910,2433603
2025-09-07T00:30:00+00:00,0.81920,0.82090,0.81840,0.82090,3471757
2025-09-07T00:45:00+00:00,0.82090,0.82190,0.82070,0.82100,2132671
2025-09-07T01:00:00+00:00,0.82100,0.82310,0.82040,0.82230,4304220
2025-09-07T01:15:00+00:00,0.82230,0.82380,0.82120,0.82300,3660348
2025-09-07T01:30:00+00:00,0.82310,0.82350,0.82220,0.82270,1598651
2025-09-07T01:45:00+00:00,0.82270,0.82470,0.82270,0.82360,2479443
2025-09-07T02:00:00+00:00,0.82360,0.82430,0.82290,0.82410,2727183
2025-09-07T02:15:00+00:00,0.82420,0.82430,0.82260,0.82360,1375349
2025-09-07T02:30:00+00:00,0.82370,0.82460,0.82350,0.82410,1125091
2025-09-07T02:45:00+00:00,0.82420,0.82580,0.82340,0.82510,2388924
2025-09-07T03:00:00+00:00,0.82520,0.82590,0.82420,0.82440,2244587
2025-09-07T03:15:00+00:00,0.82450,0.82860,0.82450,0.82850,4926473
2025-09-07T03:30:00+00:00,0.82860,0.82910,0.82680,0.82850,5514533
2025-09-07T03:45:00+00:00,0.82850,0.82860,0.82740,0.82790,1700301
2025-09-07T04:00:00+00:00,0.82800,0.82830,0.82580,0.82620,2489449
2025-09-07T04:15:00+00:00,0.82610,0.82760,0.82610,0.82670,1887128
2025-09-07T04:30:00+00:00,0.82680,0.82710,0.82560,0.82590,2000274
2025-09-07T04:45:00+00:00,0.82580,0.82670,0.82560,0.82630,1287951
2025-09-07T05:00:00+00:00,0.82640,0.82680,0.82560,0.82630,2052679
2025-09-07T05:15:00+00:00,0.82630,0.82750,0.82580,0.82750,1270685
2025-09-07T05:30:00+00:00,0.82760,0.82780,0.82530,0.82540,1555702
2025-09-07T05:45:00+00:00,0.82530,0.82740,0.82500,0.82720,1854022
2025-09-07T06:00:00+00:00,0.82730,0.82870,0.82650,0.82740,2154509
2025-09-07T06:15:00+00:00,0.82740,0.82770,0.82610,0.82640,2247045
2025-09-07T06:30:00+00:00,0.82640,0.82710,0.82500,0.82560,2638220
2025-09-07T06:45:00+00:00,0.82550,0.82620,0.82490,0.82520,1197577
2025-09-07T07:00:00+00:00,0.82520,0.82580,0.82400,0.82460,2168814
2025-09-07T07:15:00+00:00,0.82460,0.82660,0.82340,0.82610,2598044
2025-09-07T07:30:00+00:00,0.82610,0.82860,0.82610,0.82790,3176244
2025-09-07T07:45:00+00:00,0.82790,0.82870,0.82530,0.82610,2304446
2025-09-07T08:00:00+00:00,0.82600,0.82760,0.82600,0.82740,2195944
2025-09-07T08:15:00+00:00,0.82740,0.83010,0.82700,0.82990,4273282
2025-09-07T08:30:00+00:00,0.82980,0.83070,0.82840,0.82880,3913347
2025-09-07T08:45:00+00:00,0.82870,0.82920,0.82730,0.82790,4943834
2025-09-07T09:00:00+00:00,0.82790,0.82870,0.82690,0.82820,2328555
2025-09-07T09:15:00+00:00,0.82810,0.82950,0.82780,0.82800,1974682
2025-09-07T09:30:00+00:00,0.82800,0.82800,0.82580,0.82610,3432959
2025-09-07T09:45:00+00:00,0.82610,0.82730,0.82550,0.82720,2477357
2025-09-07T10:00:00+00:00,0.82730,0.82890,0.82710,0.82840,2323739
2025-09-07T10:15:00+00:00,0.82830,0.82870,0.82700,0.82750,1355172
2025-09-07T10:30:00+00:00,0.82750,0.82890,0.82740,0.82880,893012
2025-09-07T10:45:00+00:00,0.82870,0.82940,0.82800,0.82840,1169141
2025-09-07T11:00:00+00:00,0.82840,0.82930,0.82820,0.82910,2252379
2025-09-07T11:15:00+00:00,0.82900,0.83000,0.82890,0.82970,1072063
2025-09-07T11:30:00+00:00,0.82960,0.83180,0.82920,0.83160,3579424
2025-09-07T11:45:00+00:00,0.83170,0.83300,0.83120,0.83250,4970705
2025-09-07T12:00:00+00:00,0.83250,0.83260,0.83080,0.83120,5262942
2025-09-07T12:15:00+00:00,0.83110,0.83450,0.83040,0.83450,6819736
2025-09-07T12:30:00+00:00,0.83440,0.83590,0.82890,0.82940,24215236
2025-09-07T12:45:00+00:00,0.82940,0.82990,0.82880,0.82940,3040793
2025-09-07T13:00:00+00:00,0.82940,0.82970,0.82790,0.82790,3091076
2025-09-07T13:15:00+00:00,0.82800,0.82800,0.82640,0.82760,4114667
2025-09-07T13:30:00+00:00,0.82770,0.82990,0.82720,0.82840,3082892
2025-09-07T13:45:00+00:00,0.82830,0.83070,0.82830,0.83050,2634189
2025-09-07T14:00:00+00:00,0.83050,0.83820,0.82930,0.83480,14764084
2025-09-07T14:15:00+00:00,0.83480,0.83680,0.83090,0.83340,6961142
2025-09-07T14:30:00+00:00,0.83340,0.83680,0.83300,0.83620,8309032
2025-09-07T14:45:00+00:00,0.83620,0.83690,0.83290,0.83310,5501522
2025-09-07T15:00:00+00:00,0.83310,0.83340,0.83090,0.83110,3850492
2025-09-07T15:15:00+00:00,0.83110,0.83710,0.83110,0.83600,9751388
2025-09-07T15:30:00+00:00,0.83590,0.83630,0.83470,0.83510,2764372
2025-09-07T15:45:00+00:00,0.83510,0.83530,0.83290,0.83380,3966225
2025-09-07T16:00:00+00:00,0.83380,0.83450,0.83190,0.83250,2975274
2025-09-07T16:15:00+00:00,0.83260,0.83300,0.83070,0.83110,2176119
2025-09-07T16:30:00+00:00,0.83120,0.83150,0.82900,0.83130,3251891
2025-09-07T16:45:00+00:00,0.83140,0.83190,0.82950,0.82960,2081856
2025-09-07T17:00:00+00:00,0.82970,0.83040,0.82810,0.82890,4279014
2025-09-07T17:15:00+00:00,0.82890,0.82980,0.82610,0.82740,5442277
2025-09-07T17:30:00+00:00,0.82750,0.83050,0.82700,0.82960,3898073
2025-09-07T17:45:00+00:00,0.82960,0.82990,0.82620,0.82690,2737556
2025-09-07T18:00:00+00:00,0.82690,0.82840,0.82620,0.82710,2774327
2025-09-07T18:15:00+00:00,0.82720,0.82760,0.82620,0.82650,1593676
2025-09-07T18:30:00+00:00,0.82650,0.82700,0.82250,0.82410,7104416
2025-09-07T18:45:00+00:00,0.82410,0.82550,0.82340,0.82500,3368054
2025-09-07T19:00:00+00:00,0.82500,0.82760,0.82480,0.82560,3177956
2025-09-07T19:15:00+00:00,0.82560,0.82730,0.82500,0.82560,1997258
2025-09-07T19:30:00+00:00,0.82550,0.83040,0.82540,0.83000,4315731
2025-09-07T19:45:00+00:00,0.83000,0.83020,0.82790,0.82830,2267256
2025-09-07T20:00:00+00:00,0.82820,0.83000,0.82710,0.82720,3339338
2025-09-07T20:15:00+00:00,0.82720,0.82850,0.82670,0.82800,1846906
2025-09-07T20:30:00+00:00,0.82800,0.82880,0.82770,0.82870,1236499
2025-09-07T20:45:00+00:00,0.82870,0.83230,0.82780,0.83210,3506403
2025-09-07T21:00:00+00:00,0.83210,0.83230,0.83000,0.83040,2836232
2025-09-07T21:15:00+00:00,0.83040,0.83070,0.82940,0.83030,1333672
2025-09-07T21:30:00+00:00,0.83040,0.83090,0.82890,0.82900,1334981
2025-09-07T21:45:00+00:00,0.82900,0.82990,0.82850,0.82860,1339027
2025-09-07T22:00:00+00:00,0.82860,0.83040,0.82830,0.83040,2903399
2025-09-07T22:15:00+00:00,0.83030,0.83250,0.82980,0.83220,1721265
2025-09-07T22:30:00+00:00,0.83220,0.83270,0.83020,0.83200,2676503
2025-09-07T22:45:00+00:00,0.83210,0.83500,0.83200,0.83470,3316299
2025-09-07T23:00:00+00:00,0.83480,0.83680,0.83470,0.83480,3859030
2025-09-07T23:15:00+00:00,0.83470,0.84070,0.83430,0.84050,10005491
2025-09-07T23:30:00+00:00,0.84060,0.84160,0.83660,0.83790,7395763
2025-09-07T23:45:00+00:00,0.83790,0.83830,0.83380,0.83490,4200512
2025-09-08T00:00:00+00:00,0.83480,0.83580,0.83290,0.83360,3265825
2025-09-08T00:15:00+00:00,0.83370,0.83500,0.83100,0.83480,3188248
2025-09-08T00:30:00+00:00,0.83480,0.83840,0.83320,0.83710,4627773
2025-09-08T00:45:00+00:00,0.83710,0.83720,0.83130,0.83230,2632488
2025-09-08T01:00:00+00:00,0.83230,0.83380,0.83110,0.83350,3512706
2025-09-08T01:15:00+00:00,0.83360,0.83510,0.83130,0.83170,2533522
2025-09-08T01:30:00+00:00,0.83170,0.83440,0.83130,0.83290,2987170
2025-09-08T01:45:00+00:00,0.83300,0.83410,0.83220,0.83270,1510744
2025-09-08T02:00:00+00:00,0.83280,0.83390,0.83050,0.83240,2547112
2025-09-08T02:15:00+00:00,0.83240,0.83370,0.82960,0.83140,3474635
2025-09-08T02:30:00+00:00,0.83140,0.83980,0.83090,0.83760,8797250
2025-09-08T02:45:00+00:00,0.83760,0.84140,0.83720,0.84120,7128680
2025-09-08T03:00:00+00:00,0.84130,0.84430,0.84100,0.84200,12325292
2025-09-08T03:15:00+00:00,0.84200,0.84320,0.83930,0.84130,6165040
2025-09-08T03:30:00+00:00,0.84130,0.84820,0.84120,0.84390,20373262
2025-09-08T03:45:00+00:00,0.84390,0.84460,0.84010,0.84150,5101231
2025-09-08T04:00:00+00:00,0.84140,0.84200,0.83620,0.83850,8700942
2025-09-08T04:15:00+00:00,0.83840,0.84180,0.83790,0.84180,4575723
2025-09-08T04:30:00+00:00,0.84180,0.84300,0.83910,0.83960,2977903
2025-09-08T04:45:00+00:00,0.83960,0.83990,0.83690,0.83780,3033327
2025-09-08T05:00:00+00:00,0.83790,0.83970,0.83640,0.83760,4465452
2025-09-08T05:15:00+00:00,0.83770,0.84040,0.83730,0.83770,2877034
2025-09-08T05:30:00+00:00,0.83780,0.83780,0.83340,0.83410,5142431
2025-09-08T05:45:00+00:00,0.83410,0.83830,0.83410,0.83760,3181267
2025-09-08T06:00:00+00:00,0.83770,0.83950,0.83400,0.83510,5865482
2025-09-08T06:15:00+00:00,0.83510,0.83930,0.83410,0.83920,2573425
2025-09-08T06:30:00+00:00,0.83920,0.84420,0.83800,0.84310,9553008
2025-09-08T06:45:00+00:00,0.84310,0.84320,0.83960,0.84000,5534336
2025-09-08T07:00:00+00:00,0.84010,0.84400,0.83920,0.84370,6561216
2025-09-08T07:15:00+00:00,0.84380,0.84500,0.84200,0.84460,4308725
2025-09-08T07:30:00+00:00,0.84460,0.84580,0.84090,0.84310,5804928
2025-09-08T07:45:00+00:00,0.84310,0.84430,0.84060,0.84200,4872454
2025-09-08T08:00:00+00:00,0.84200,0.84350,0.84110,0.84280,3450852
2025-09-08T08:15:00+00:00,0.84290,0.84730,0.84170,0.84660,6236439
2025-09-08T08:30:00+00:00,0.84650,0.84940,0.84540,0.84690,9998259
2025-09-08T08:45:00+00:00,0.84700,0.84780,0.84440,0.84550,4662801
2025-09-08T09:00:00+00:00,0.84560,0.84750,0.84380,0.84660,5842537
2025-09-08T09:15:00+00:00,0.84660,0.84910,0.84580,0.84810,7393466
2025-09-08T09:30:00+00:00,0.84820,0.84820,0.84550,0.84620,3838875
2025-09-08T09:45:00+00:00,0.84620,0.84860,0.84620,0.84820,3848283
2025-09-08T10:00:00+00:00,0.84830,0.85460,0.84720,0.85250,21198848
2025-09-08T10:15:00+00:00,0.85250,0.85650,0.85120,0.85560,11977211
2025-09-08T10:30:00+00:00,0.85550,0.85580,0.85200,0.85490,11451289
2025-09-08T10:45:00+00:00,0.85500,0.85540,0.85250,0.85440,7977906
2025-09-08T11:00:00+00:00,0.85440,0.85500,0.85150,0.85150,9766965
2025-09-08T11:15:00+00:00,0.85160,0.85340,0.84880,0.84940,10165148
2025-09-08T11:30:00+00:00,0.84940,0.85030,0.84780,0.85020,7214268
2025-09-08T11:45:00+00:00,0.85030,0.85390,0.85010,0.85240,6920360
2025-09-08T12:00:00+00:00,0.85250,0.85400,0.85090,0.85260,4621201
2025-09-08T12:15:00+00:00,0.85260,0.85280,0.85030,0.85150,2549506
2025-09-08T12:30:00+00:00,0.85140,0.85990,0.85110,0.85810,9911708
2025-09-08T12:45:00+00:00,0.85810,0.85970,0.85500,0.85600,7750793
2025-09-08T13:00:00+00:00,0.85600,0.86190,0.85580,0.86160,11305219
2025-09-08T13:15:00+00:00,0.86170,0.86270,0.85810,0.85980,12259117
2025-09-08T13:30:00+00:00,0.85980,0.86310,0.85430,0.85740,12419888
2025-09-08T13:45:00+00:00,0.85750,0.86050,0.85540,0.85600,10046555
2025-09-08T14:00:00+00:00,0.85600,0.86250,0.85490,0.85970,9506156
2025-09-08T14:15:00+00:00,0.85970,0.86360,0.85790,0.86320,9703606
2025-09-08T14:30:00+00:00,0.86320,0.86580,0.86140,0.86320,16046727
2025-09-08T14:45:00+00:00,0.86320,0.86400,0.86150,0.86380,3912728
2025-09-08T15:00:00+00:00,0.86380,0.86560,0.86240,0.86320,7244144
2025-09-08T15:15:00+00:00,0.86320,0.86810,0.86280,0.86790,11313363
2025-09-08T15:30:00+00:00,0.86790,0.86810,0.86340,0.86420,8364297
2025-09-08T15:45:00+00:00,0.86430,0.86550,0.86230,0.86520,6446370
2025-09-08T16:00:00+00:00,0.86510,0.86860,0.86460,0.86670,7751729
2025-09-08T16:15:00+00:00,0.86670,0.86700,0.86350,0.86640,4709527
2025-09-08T16:30:00+00:00,0.86630,0.86640,0.86050,0.86240,8698574
2025-09-08T16:45:00+00:00,0.86240,0.86260,0.85940,0.86090,6467888
2025-09-08T17:00:00+00:00,0.86090,0.86320,0.85820,0.86160,7278425
2025-09-08T17:15:00+00:00,0.86160,0.86690,0.86160,0.86660,5245971
2025-09-08T17:30:00+00:00,0.86660,0.86660,0.86250,0.86300,4342133
2025-09-08T17:45:00+00:00,0.86300,0.86370,0.85930,0.86110,4516506
2025-09-08T18:00:00+00:00,0.86110,0.86450,0.86090,0.86270,4407977
2025-09-08T18:15:00+00:00,0.86260,0.86450,0.86260,0.86430,3493296
2025-09-08T18:30:00+00:00,0.86430,0.86600,0.86370,0.86410,3662015
2025-09-08T18:45:00+00:00,0.86410,0.86840,0.86410,0.86840,5212418
2025-09-08T19:00:00+00:00,0.86830,0.86930,0.86480,0.86570,7733624
2025-09-08T19:15:00+00:00,0.86560,0.86590,0.86190,0.86320,8327019
2025-09-08T19:30:00+00:00,0.86320,0.86400,0.86010,0.86120,4447214
2025-09-08T19:45:00+00:00,0.86120,0.86300,0.86040,0.86190,4246659
2025-09-08T20:00:00+00:00,0.86200,0.86390,0.86130,0.86310,3431460
2025-09-08T20:15:00+00:00,0.86320,0.86330,0.85770,0.86070,6041396
2025-09-08T20:30:00+00:00,0.86070,0.86260,0.86000,0.86020,3722956
2025-09-08T20:45:00+00:00,0.86020,0.86130,0.85860,0.86090,3481682
2025-09-08T21:00:00+00:00,0.86080,0.86230,0.85910,0.86230,5990935
2025-09-08T21:15:00+00:00,0.86220,0.86630,0.86120,0.86460,7191010
2025-09-08T21:30:00+00:00,0.86460,0.86660,0.86440,0.86480,2937067
2025-09-08T21:45:00+00:00,0.86470,0.86640,0.86390,0.86610,2203284
2025-09-08T22:00:00+00:00,0.86610,0.86810,0.86430,0.86710,4667310
2025-09-08T22:15:00+00:00,0.86700,0.86740,0.86530,0.86600,5712605
2025-09-08T22:30:00+00:00,0.86600,0.86650,0.86450,0.86520,2578305
2025-09-08T22:45:00+00:00,0.86520,0.86620,0.86430,0.86610,1545926
2025-09-08T23:00:00+00:00,0.86620,0.86870,0.86610,0.86750,3620301
2025-09-08T23:15:00+00:00,0.86760,0.86840,0.86450,0.86530,2132275
2025-09-08T23:30:00+00:00,0.86530,0.86570,0.86250,0.86320,4332113
2025-09-08T23:45:00+00:00,0.86310,0.86580,0.86270,0.86510,2194586
2025-09-09T00:00:00+00:00,0.86510,0.87100,0.86510,0.87000,9424985
2025-09-09T00:15:00+00:00,0.87000,0.87220,0.86580,0.86750,8397397
2025-09-09T00:30:00+00:00,0.86740,0.86750,0.86240,0.86450,7823813
2025-09-09T00:45:00+00:00,0.86450,0.86980,0.86240,0.86960,4570144
2025-09-09T01:00:00+00:00,0.86960,0.87500,0.86840,0.87010,13763482
2025-09-09T01:15:00+00:00,0.87020,0.87040,0.86500,0.86620,8225924
2025-09-09T01:30:00+00:00,0.86610,0.86870,0.86390,0.86830,5567559
2025-09-09T01:45:00+00:00,0.86830,0.86840,0.86480,0.86510,3224120
2025-09-09T02:00:00+00:00,0.86500,0.86570,0.86060,0.86140,4907755
2025-09-09T02:15:00+00:00,0.86140,0.86340,0.85810,0.85980,6589424
2025-09-09T02:30:00+00:00,0.85990,0.86400,0.85850,0.86220,4084300
2025-09-09T02:45:00+00:00,0.86230,0.86230,0.85520,0.85750,9710772
2025-09-09T03:00:00+00:00,0.85760,0.85890,0.85600,0.85810,6886392
2025-09-09T03:15:00+00:00,0.85800,0.85970,0.85570,0.85950,4569271
2025-09-09T03:30:00+00:00,0.85960,0.86260,0.85920,0.86230,4374076
2025-09-09T03:45:00+00:00,0.86230,0.86800,0.86160,0.86710,4839586
2025-09-09T04:00:00+00:00,0.86720,0.86720,0.86310,0.86350,4342370
2025-09-09T04:15:00+00:00,0.86340,0.86910,0.86310,0.86680,3622886
2025-09-09T04:30:00+00:00,0.86670,0.86860,0.86600,0.86640,2919129
2025-09-09T04:45:00+00:00,0.86630,0.86810,0.86440,0.86670,7944758
2025-09-09T05:00:00+00:00,0.86660,0.86800,0.86380,0.86490,5842931
2025-09-09T05:15:00+00:00,0.86480,0.86560,0.86320,0.86460,3487890
2025-09-09T05:30:00+00:00,0.86460,0.86540,0.86270,0.86420,4178676
2025-09-09T05:45:00+00:00,0.86430,0.86890,0.86370,0.86860,5454347
2025-09-09T06:00:00+00:00,0.86860,0.87730,0.86760,0.87710,15071772
2025-09-09T06:15:00+00:00,0.87710,0.87940,0.87600,0.87790,19843401
2025-09-09T06:30:00+00:00,0.87800,0.88230,0.87760,0.88060,17732716
2025-09-09T06:45:00+00:00,0.88050,0.88440,0.88010,0.88240,12308468
2025-09-09T07:00:00+00:00,0.88240,0.88620,0.88190,0.88530,18288894
2025-09-09T07:15:00+00:00,0.88530,0.89220,0.88530,0.89100,23893543
2025-09-09T07:30:00+00:00,0.89100,0.89140,0.88550,0.88600,26383902
2025-09-09T07:45:00+00:00,0.88600,0.88850,0.88140,0.88840,16498034
2025-09-09T08:00:00+00:00,0.88850,0.89000,0.88580,0.88700,11268580
2025-09-09T08:15:00+00:00,0.88700,0.88880,0.88420,0.88830,5569743
2025-09-09T08:30:00+00:00,0.88820,0.89030,0.88820,0.88900,4214553
2025-09-09T08:45:00+00:00,0.88900,0.89050,0.88690,0.89040,5343638
2025-09-09T09:00:00+00:00,0.89050,0.89170,0.88850,0.88960,7293951
2025-09-09T09:15:00+00:00,0.88970,0.89470,0.88970,0.89360,9549247
2025-09-09T09:30:00+00:00,0.89370,0.89390,0.88930,0.88990,6720557
2025-09-09T09:45:00+00:00,0.89000,0.89070,0.88730,0.88740,6443656
2025-09-09T10:00:00+00:00,0.88750,0.88970,0.88730,0.88880,5866342
2025-09-09T10:15:00+00:00,0.88880,0.88970,0.88340,0.88350,9579018
2025-09-09T10:30:00+00:00,0.88350,0.88620,0.88290,0.88570,6873956
2025-09-09T10:45:00+00:00,0.88570,0.88580,0.88160,0.88330,6979224
2025-09-09T11:00:00+00:00,0.88330,0.88490,0.88240,0.88370,4714907
2025-09-09T11:15:00+00:00,0.88370,0.88680,0.88280,0.88560,5500178
2025-09-09T11:30:00+00:00,0.88570,0.88640,0.88380,0.88540,3665914
2025-09-09T11:45:00+00:00,0.88540,0.88690,0.88360,0.88420,5104207
2025-09-09T12:00:00+00:00,0.88420,0.89130,0.88190,0.88980,9710858
2025-09-09T12:15:00+00:00,0.88990,0.89250,0.88960,0.89030,6557453
2025-09-09T12:30:00+00:00,0.89040,0.89070,0.88090,0.88130,18158354
2025-09-09T12:45:00+00:00,0.88130,0.88420,0.88110,0.88230,9294217
2025-09-09T13:00:00+00:00,0.88230,0.88380,0.87870,0.88360,10630512
2025-09-09T13:15:00+00:00,0.88360,0.88370,0.87840,0.88130,9865141
2025-09-09T13:30:00+00:00,0.88120,0.88390,0.87930,0.88350,8516053
2025-09-09T13:45:00+00:00,0.88340,0.88630,0.88270,0.88370,6872900
2025-09-09T14:00:00+00:00,0.88380,0.88650,0.87410,0.88220,42752668
2025-09-09T14:15:00+00:00,0.88230,0.88250,0.87420,0.87640,11582989
2025-09-09T14:30:00+00:00,0.87630,0.87650,0.86290,0.86600,38875207
2025-09-09T14:45:00+00:00,0.86600,0.86940,0.86500,0.86760,10475714
2025-09-09T15:00:00+00:00,0.86750,0.86990,0.86220,0.86260,13029553
2025-09-09T15:15:00+00:00,0.86250,0.86530,0.85840,0.86060,18684731
2025-09-09T15:30:00+00:00,0.86070,0.86170,0.85250,0.85470,28802546
2025-09-09T15:45:00+00:00,0.85470,0.85920,0.85210,0.85730,13817657
2025-09-09T16:00:00+00:00,0.85730,0.86090,0.85680,0.86070,9298192
2025-09-09T16:15:00+00:00,0.86070,0.86170,0.85630,0.85800,6825512
2025-09-09T16:30:00+00:00,0.85790,0.86020,0.85760,0.85970,3236391
2025-09-09T16:45:00+00:00,0.85960,0.86080,0.85900,0.86000,3162099
2025-09-09T17:00:00+00:00,0.86000,0.86530,0.86000,0.86510,7627502
2025-09-09T17:15:00+00:00,0.86500,0.86580,0.85920,0.85950,6090572
2025-09-09T17:30:00+00:00,0.85940,0.86140,0.85800,0.86080,4302892
2025-09-09T17:45:00+00:00,0.86080,0.86210,0.85990,0.86110,3636045
2025-09-09T18:00:00+00:00,0.86120,0.86220,0.85890,0.86020,3526782
2025-09-09T18:15:00+00:00,0.86030,0.86500,0.86010,0.86330,3908654
2025-09-09T18:30:00+00:00,0.86320,0.86330,0.86100,0.86130,2716753
2025-09-09T18:45:00+00:00,0.86140,0.86330,0.86130,0.86280,1586149
2025-09-09T19:00:00+00:00,0.86290,0.86410,0.86160,0.86160,3924439
2025-09-09T19:15:00+00:00,0.86170,0.86370,0.85940,0.86370,3865448
2025-09-09T19:30:00+00:00,0.86360,0.86590,0.86120,0.86250,4512655
2025-09-09T19:45:00+00:00,0.86250,0.86370,0.86180,0.86210,3055917
2025-09-09T20:00:00+00:00,0.86200,0.86260,0.86000,0.86090,3179756
2025-09-09T20:15:00+00:00,0.86090,0.86160,0.85900,0.85910,2925640
2025-09-09T20:30:00+00:00,0.85910,0.86100,0.85910,0.86050,1694043
2025-09-09T20:45:00+00:00,0.86050,0.86400,0.86050,0.86360,3890944
2025-09-09T21:00:00+00:00,0.86360,0.86750,0.86210,0.86660,4585708
2025-09-09T21:15:00+00:00,0.86660,0.86720,0.86240,0.86270,3186573
2025-09-09T21:30:00+00:00,0.86260,0.86450,0.86130,0.86370,2752948
2025-09-09T21:45:00+00:00,0.86370,0.86410,0.86170,0.86210,1671930
2025-09-09T22:00:00+00:00,0.86200,0.86540,0.86100,0.86460,3322531
2025-09-09T22:15:00+00:00,0.86470,0.86540,0.86300,0.86310,1634059
2025-09-09T22:30:00+00:00,0.86310,0.86680,0.86300,0.86660,2063137
2025-09-09T22:45:00+00:00,0.86670,0.86710,0.86530,0.86690,3001270
2025-09-09T23:00:00+00:00,0.86700,0.86730,0.86500,0.86530,3906204
2025-09-09T23:15:00+00:00,0.86530,0.86560,0.86300,0.86400,1869452
2025-09-09T23:30:00+00:00,0.86400,0.86530,0.86300,0.86500,2016555
2025-09-09T23:45:00+00:00,0.86500,0.86540,0.86420,0.86480,1580091
2025-09-10T00:00:00+00:00,0.86480,0.86640,0.86380,0.86490,3104144
2025-09-10T00:15:00+00:00,0.86490,0.86490,0.86050,0.86110,6060025
2025-09-10T00:30:00+00:00,0.86110,0.86460,0.86020,0.86440,3580998
2025-09-10T00:45:00+00:00,0.86440,0.86490,0.85980,0.86030,3003836
2025-09-10T01:00:00+00:00,0.86020,0.86200,0.85910,0.86190,4012831
2025-09-10T01:15:00+00:00,0.86200,0.86490,0.86190,0.86330,3973298
2025-09-10T01:30:00+00:00,0.86340,0.86660,0.86300,0.86620,3316928
2025-09-10T01:45:00+00:00,0.86620,0.86700,0.86390,0.86700,3265266
2025-09-10T02:00:00+00:00,0.86710,0.87480,0.86660,0.87390,15136230
2025-09-10T02:15:00+00:00,0.87380,0.87820,0.87300,0.87630,11569698
2025-09-10T02:30:00+00:00,0.87640,0.87930,0.87460,0.87870,6315097
2025-09-10T02:45:00+00:00,0.87880,0.87920,0.87580,0.87660,5801754
2025-09-10T03:00:00+00:00,0.87650,0.87650,0.87350,0.87610,5604095
2025-09-10T03:15:00+00:00,0.87620,0.87960,0.87560,0.87630,4406075
2025-09-10T03:30:00+00:00,0.87630,0.87810,0.87470,0.87590,3366761
2025-09-10T03:45:00+00:00,0.87590,0.87850,0.87590,0.87740,4009545
2025-09-10T04:00:00+00:00,0.87740,0.87750,0.87380,0.87530,3470620
2025-09-10T04:15:00+00:00,0.87530,0.87540,0.87240,0.87380,3388153
2025-09-10T04:30:00+00:00,0.87390,0.87440,0.87120,0.87180,2587023
2025-09-10T04:45:00+00:00,0.87180,0.87490,0.87120,0.87460,1829449
2025-09-10T05:00:00+00:00,0.87470,0.87470,0.87030,0.87230,4389630
2025-09-10T05:15:00+00:00,0.87230,0.87280,0.86930,0.87200,4309890
2025-09-10T05:30:00+00:00,0.87200,0.87550,0.87140,0.87460,2859430
2025-09-10T05:45:00+00:00,0.87470,0.87560,0.86980,0.87260,3735663
2025-09-10T06:00:00+00:00,0.87260,0.87330,0.86950,0.87140,3404419
2025-09-10T06:15:00+00:00,0.87140,0.87390,0.87110,0.87350,2587196
2025-09-10T06:30:00+00:00,0.87360,0.87650,0.87250,0.87600,3182920
2025-09-10T06:45:00+00:00,0.87590,0.87810,0.87520,0.87590,5901501
2025-09-10T07:00:00+00:00,0.87580,0.88000,0.87460,0.87970,3919577
2025-09-10T07:15:00+00:00,0.87970,0.88280,0.87750,0.88160,5287948
2025-09-10T07:30:00+00:00,0.88170,0.88260,0.87910,0.88050,5573002
2025-09-10T07:45:00+00:00,0.88040,0.88250,0.87940,0.87990,4043167
2025-09-10T08:00:00+00:00,0.87990,0.88250,0.87780,0.88120,9115887
2025-09-10T08:15:00+00:00,0.88120,0.88200,0.87870,0.88020,3862363
2025-09-10T08:30:00+00:00,0.88020,0.88020,0.87730,0.87800,3809016
2025-09-10T08:45:00+00:00,0.87800,0.87980,0.87670,0.87710,3297513
2025-09-10T09:00:00+00:00,0.87710,0.87890,0.87430,0.87640,3916036
2025-09-10T09:15:00+00:00,0.87640,0.87920,0.87500,0.87780,2594444
2025-09-10T09:30:00+00:00,0.87780,0.87950,0.87650,0.87680,1954993
2025-09-10T09:45:00+00:00,0.87670,0.87770,0.87590,0.87600,1976057
2025-09-10T10:00:00+00:00,0.87600,0.87640,0.87350,0.87460,3548215
2025-09-10T10:15:00+00:00,0.87460,0.87470,0.87130,0.87420,4508164
2025-09-10T10:30:00+00:00,0.87410,0.87570,0.87400,0.87450,2298444
2025-09-10T10:45:00+00:00,0.87450,0.87480,0.87200,0.87280,1757863
2025-09-10T11:00:00+00:00,0.87280,0.87540,0.87200,0.87520,3564788
2025-09-10T11:15:00+00:00,0.87520,0.87660,0.87400,0.87480,2404405
2025-09-10T11:30:00+00:00,0.87480,0.87490,0.87260,0.87350,3067433
2025-09-10T11:45:00+00:00,0.87340,0.87530,0.87330,0.87480,1947386
2025-09-10T12:00:00+00:00,0.87480,0.87720,0.87480,0.87650,3325807
2025-09-10T12:15:00+00:00,0.87660,0.87890,0.87600,0.87880,4143922
2025-09-10T12:30:00+00:00,0.87890,0.88850,0.87880,0.88580,42214930
2025-09-10T12:45:00+00:00,0.88580,0.88720,0.88200,0.88700,8165999
2025-09-10T13:00:00+00:00,0.88690,0.89130,0.88470,0.88950,15145318
2025-09-10T13:15:00+00:00,0.88960,0.89160,0.88530,0.88830,10946511
2025-09-10T13:30:00+00:00,0.88830,0.89080,0.88330,0.89000,8364376
2025-09-10T13:45:00+00:00,0.89010,0.89650,0.88960,0.89120,20698396
2025-09-10T14:00:00+00:00,0.89130,0.89610,0.89040,0.89190,10311690
2025-09-10T14:15:00+00:00,0.89190,0.89400,0.89020,0.89090,8187946
2025-09-10T14:30:00+00:00,0.89090,0.89160,0.88550,0.88990,12825577
2025-09-10T14:45:00+00:00,0.89000,0.89040,0.88660,0.88720,6788613
2025-09-10T15:00:00+00:00,0.88720,0.89110,0.88720,0.89060,5330669
2025-09-10T15:15:00+00:00,0.89050,0.89120,0.88660,0.88850,3357153
2025-09-10T15:30:00+00:00,0.88840,0.88960,0.88600,0.88940,4751501
2025-09-10T15:45:00+00:00,0.88940,0.89030,0.88720,0.88790,4847916
2025-09-10T16:00:00+00:00,0.88780,0.88850,0.88280,0.88400,9489659
2025-09-10T16:15:00+00:00,0.88400,0.88520,0.88200,0.88440,5371284
2025-09-10T16:30:00+00:00,0.88430,0.88540,0.88240,0.88430,3810138
2025-09-10T16:45:00+00:00,0.88430,0.89080,0.88360,0.89060,6695499
2025-09-10T17:00:00+00:00,0.89060,0.89360,0.88920,0.89140,7473179
2025-09-10T17:15:00+00:00,0.89140,0.89260,0.88420,0.88520,8312878
2025-09-10T17:30:00+00:00,0.88520,0.88760,0.88380,0.88690,3793617
2025-09-10T17:45:00+00:00,0.88680,0.88790,0.88590,0.88790,1974736
2025-09-10T18:00:00+00:00,0.88780,0.88950,0.88590,0.88660,3438911
2025-09-10T18:15:00+00:00,0.88660,0.88670,0.88160,0.88290,4729281
2025-09-10T18:30:00+00:00,0.88280,0.88440,0.88200,0.88280,4065916
2025-09-10T18:45:00+00:00,0.88270,0.88350,0.88060,0.88280,2913409
2025-09-10T19:00:00+00:00,0.88280,0.88330,0.87740,0.87790,6825690
2025-09-10T19:15:00+00:00,0.87780,0.87830,0.87290,0.87480,9540523
2025-09-10T19:30:00+00:00,0.87470,0.87710,0.87200,0.87540,10279590
2025-09-10T19:45:00+00:00,0.87550,0.87720,0.87390,0.87670,3571009
2025-09-10T20:00:00+00:00,0.87670,0.87950,0.87620,0.87810,5065296
2025-09-10T20:15:00+00:00,0.87810,0.87940,0.87710,0.87870,2543741
2025-09-10T20:30:00+00:00,0.87870,0.88050,0.87830,0.88000,1928634
2025-09-10T20:45:00+00:00,0.87990,0.88050,0.87850,0.87860,2469200
2025-09-10T21:00:00+00:00,0.87860,0.88410,0.87820,0.88360,4056857
2025-09-10T21:15:00+00:00,0.88350,0.88470,0.88170,0.88200,2527332
2025-09-10T21:30:00+00:00,0.88200,0.88550,0.88180,0.88360,2810751
2025-09-10T21:45:00+00:00,0.88360,0.88610,0.88340,0.88550,923451
2025-09-10T22:00:00+00:00,0.88540,0.88680,0.88420,0.88650,3565722
2025-09-10T22:15:00+00:00,0.88640,0.88750,0.88410,0.88510,2598072
2025-09-10T22:30:00+00:00,0.88520,0.88540,0.88360,0.88490,1821059
2025-09-10T22:45:00+00:00,0.88490,0.88710,0.88440,0.88640,1562242
2025-09-10T23:00:00+00:00,0.88640,0.88750,0.88360,0.88380,5249505
2025-09-10T23:15:00+00:00,0.88380,0.88510,0.88320,0.88370,2930860
2025-09-10T23:30:00+00:00,0.88370,0.88430,0.88230,0.88360,2764674
2025-09-10T23:45:00+00:00,0.88360,0.88530,0.88220,0.88530,4250053
2025-09-11T00:00:00+00:00,0.88520,0.88550,0.88350,0.88360,3761345
2025-09-11T00:15:00+00:00,0.88370,0.88550,0.88260,0.88530,2987691
2025-09-11T00:30:00+00:00,0.88530,0.88530,0.88280,0.88390,1556964
2025-09-11T00:45:00+00:00,0.88380,0.88610,0.88350,0.88520,2171635
2025-09-11T01:00:00+00:00,0.88520,0.88800,0.88370,0.88800,4311869
2025-09-11T01:15:00+00:00,0.88790,0.88840,0.88520,0.88730,3006551
2025-09-11T01:30:00+00:00,0.88740,0.88900,0.88670,0.88780,2318008
2025-09-11T01:45:00+00:00,0.88790,0.88990,0.88760,0.88850,2219220
2025-09-11T02:00:00+00:00,0.88850,0.88900,0.88660,0.88860,2841035
2025-09-11T02:15:00+00:00,0.88860,0.88880,0.88630,0.88650,3282337
2025-09-11T02:30:00+00:00,0.88650,0.88970,0.88530,0.88950,2169707
2025-09-11T02:45:00+00:00,0.88940,0.88980,0.88760,0.88760,1650101
2025-09-11T03:00:00+00:00,0.88770,0.88920,0.88720,0.88830,2587579
2025-09-11T03:15:00+00:00,0.88830,0.89340,0.88790,0.89240,8792192
2025-09-11T03:30:00+00:00,0.89250,0.89310,0.89040,0.89100,6043518
2025-09-11T03:45:00+00:00,0.89090,0.89470,0.89080,0.89470,7495793
2025-09-11T04:00:00+00:00,0.89470,0.89470,0.89060,0.89060,7887384
2025-09-11T04:15:00+00:00,0.89070,0.89230,0.88870,0.88940,7943969
2025-09-11T04:30:00+00:00,0.88950,0.89060,0.88760,0.89040,5111121
2025-09-11T04:45:00+00:00,0.89040,0.89060,0.88870,0.89020,5089993
2025-09-11T05:00:00+00:00,0.89020,0.89070,0.88640,0.88670,3999822
2025-09-11T05:15:00+00:00,0.88670,0.88750,0.88420,0.88480,9107508
2025-09-11T05:30:00+00:00,0.88490,0.88650,0.88320,0.88560,8818282
2025-09-11T05:45:00+00:00,0.88570,0.88730,0.88430,0.88650,1995079
2025-09-11T06:00:00+00:00,0.88650,0.88650,0.88310,0.88520,3865592
2025-09-11T06:15:00+00:00,0.88530,0.88830,0.88440,0.88680,3863021
2025-09-11T06:30:00+00:00,0.88680,0.88900,0.88640,0.88790,2841471
2025-09-11T06:45:00+00:00,0.88800,0.88870,0.88730,0.88820,2559074
2025-09-11T07:00:00+00:00,0.88820,0.88850,0.88490,0.88610,4040236
2025-09-11T07:15:00+00:00,0.88610,0.88680,0.88460,0.88640,1933493
2025-09-11T07:30:00+00:00,0.88640,0.88800,0.88570,0.88750,3641338
2025-09-11T07:45:00+00:00,0.88750,0.88790,0.88610,0.88700,1824324
2025-09-11T08:00:00+00:00,0.88700,0.88740,0.88480,0.88710,2862819
2025-09-11T08:15:00+00:00,0.88710,0.88740,0.88580,0.88600,1819096
2025-09-11T08:30:00+00:00,0.88600,0.88730,0.88560,0.88680,2943529
2025-09-11T08:45:00+00:00,0.88680,0.88710,0.88540,0.88590,1469910
2025-09-11T09:00:00+00:00,0.88600,0.88640,0.88380,0.88400,3274235
2025-09-11T09:15:00+00:00,0.88390,0.88600,0.88290,0.88480,3885804
2025-09-11T09:30:00+00:00,0.88480,0.88500,0.88340,0.88460,1491226
2025-09-11T09:45:00+00:00,0.88460,0.88570,0.88270,0.88470,3223248
2025-09-11T10:00:00+00:00,0.88470,0.88590,0.88380,0.88470,3662372
2025-09-11T10:15:00+00:00,0.88480,0.88550,0.88360,0.88390,2906420
2025-09-11T10:30:00+00:00,0.88400,0.88490,0.88340,0.88400,2866440
2025-09-11T10:45:00+00:00,0.88400,0.89140,0.88320,0.88930,10513036
2025-09-11T11:00:00+00:00,0.88930,0.88950,0.88690,0.88880,4672973
2025-09-11T11:15:00+00:00,0.88880,0.88890,0.88550,0.88570,3309216
2025-09-11T11:30:00+00:00,0.88580,0.88680,0.88370,0.88480,5519723
2025-09-11T11:45:00+00:00,0.88480,0.88550,0.88180,0.88320,5150464
2025-09-11T12:00:00+00:00,0.88320,0.89030,0.88280,0.88940,13192513
2025-09-11T12:15:00+00:00,0.88950,0.89630,0.88730,0.89620,13810938
2025-09-11T12:30:00+00:00,0.89620,0.89800,0.86470,0.88060,87392473
2025-09-11T12:45:00+00:00,0.88070,0.88540,0.87870,0.88160,17289686
2025-09-11T13:00:00+00:00,0.88150,0.88200,0.87220,0.87330,31452265
2025-09-11T13:15:00+00:00,0.87340,0.87840,0.87250,0.87680,19372182
2025-09-11T13:30:00+00:00,0.87690,0.88160,0.87630,0.87660,8441138
2025-09-11T13:45:00+00:00,0.87670,0.88320,0.87530,0.88270,8065067
2025-09-11T14:00:00+00:00,0.88280,0.88310,0.87630,0.87670,5971455
2025-09-11T14:15:00+00:00,0.87680,0.87700,0.87220,0.87660,10210666
2025-09-11T14:30:00+00:00,0.87660,0.88100,0.87650,0.88000,5481518
2025-09-11T14:45:00+00:00,0.88000,0.88050,0.87480,0.87580,17651548
2025-09-11T15:00:00+00:00,0.87580,0.87770,0.87510,0.87670,6018098
2025-09-11T15:15:00+00:00,0.87680,0.87990,0.87570,0.87600,3788993
2025-09-11T15:30:00+00:00,0.87600,0.87910,0.87480,0.87540,4286785
2025-09-11T15:45:00+00:00,0.87540,0.87690,0.87410,0.87630,6920813
2025-09-11T16:00:00+00:00,0.87630,0.88050,0.87600,0.88010,4534885
2025-09-11T16:15:00+00:00,0.88000,0.88070,0.87640,0.87660,3266550
2025-09-11T16:30:00+00:00,0.87660,0.87970,0.87590,0.87920,4055379
2025-09-11T16:45:00+00:00,0.87910,0.87930,0.87660,0.87870,1869903
2025-09-11T17:00:00+00:00,0.87870,0.88170,0.87780,0.88040,3808327
2025-09-11T17:15:00+00:00,0.88050,0.88130,0.87910,0.87960,1941932
2025-09-11T17:30:00+00:00,0.87950,0.88220,0.87950,0.88210,2680840
2025-09-11T17:45:00+00:00,0.88210,0.88250,0.88000,0.88180,2091248
2025-09-11T18:00:00+00:00,0.88170,0.88270,0.88060,0.88070,2645490
2025-09-11T18:15:00+00:00,0.88060,0.88130,0.87840,0.88050,3546950
2025-09-11T18:30:00+00:00,0.88050,0.88090,0.87830,0.88080,2555253
2025-09-11T18:45:00+00:00,0.88080,0.88140,0.87940,0.88060,1703242
2025-09-11T19:00:00+00:00,0.88060,0.88160,0.87940,0.87970,2360307
2025-09-11T19:15:00+00:00,0.87970,0.88160,0.87900,0.88120,2149760
2025-09-11T19:30:00+00:00,0.88120,0.88190,0.88040,0.88140,2708842
2025-09-11T19:45:00+00:00,0.88140,0.88300,0.88090,0.88190,2621129
2025-09-11T20:00:00+00:00,0.88200,0.88220,0.87950,0.87960,2003333
2025-09-11T20:15:00+00:00,0.87960,0.88200,0.87950,0.88120,2121072
2025-09-11T20:30:00+00:00,0.88110,0.88230,0.88080,0.88150,2028279
2025-09-11T20:45:00+00:00,0.88160,0.88280,0.88130,0.88170,1553264
2025-09-11T21:00:00+00:00,0.88170,0.88370,0.88100,0.88310,2023457
2025-09-11T21:15:00+00:00,0.88300,0.88350,0.88160,0.88280,1835826
2025-09-11T21:30:00+00:00,0.88280,0.88430,0.88240,0.88410,1916353
2025-09-11T21:45:00+00:00,0.88420,0.88470,0.88330,0.88410,1539946
2025-09-11T22:00:00+00:00,0.88400,0.88680,0.88300,0.88540,4249033
2025-09-11T22:15:00+00:00,0.88530,0.89120,0.88460,0.89110,8584415
2025-09-11T22:30:00+00:00,0.89100,0.89280,0.88840,0.88920,8896862
2025-09-11T22:45:00+00:00,0.88920,0.89270,0.88890,0.89010,4840562
2025-09-11T23:00:00+00:00,0.89000,0.89450,0.88990,0.89430,4573284
2025-09-11T23:15:00+00:00,0.89430,0.89660,0.89280,0.89450,6008515
2025-09-11T23:30:00+00:00,0.89440,0.89470,0.89260,0.89410,3551596
2025-09-11T23:45:00+00:00,0.89400,0.89420,0.89280,0.89370,3324064
2025-09-12T00:00:00+00:00,0.89370,0.89450,0.89120,0.89130,5882542
2025-09-12T00:15:00+00:00,0.89130,0.89570,0.89080,0.89520,6143041
2025-09-12T00:30:00+00:00,0.89520,0.90710,0.89510,0.90670,15760976
2025-09-12T00:45:00+00:00,0.90670,0.90960,0.90250,0.90260,27604035
2025-09-12T01:00:00+00:00,0.90260,0.90700,0.90260,0.90520,7927176
2025-09-12T01:15:00+00:00,0.90530,0.90800,0.90380,0.90410,6750227
2025-09-12T01:30:00+00:00,0.90410,0.90480,0.90000,0.90230,11518101
2025-09-12T01:45:00+00:00,0.90230,0.90250,0.89700,0.89830,6594178
2025-09-12T02:00:00+00:00,0.89830,0.90240,0.89770,0.90100,5641661
2025-09-12T02:15:00+00:00,0.90110,0.90440,0.90110,0.90190,4378875
2025-09-12T02:30:00+00:00,0.90190,0.90590,0.90030,0.90370,3915340
2025-09-12T02:45:00+00:00,0.90360,0.90380,0.90140,0.90230,3829234
2025-09-12T03:00:00+00:00,0.90220,0.90310,0.89880,0.89900,3239885
2025-09-12T03:15:00+00:00,0.89890,0.90090,0.89800,0.89830,2724339
2025-09-12T03:30:00+00:00,0.89820,0.89940,0.89650,0.89840,5887323
2025-09-12T03:45:00+00:00,0.89840,0.90090,0.89840,0.90050,3983431
2025-09-12T04:00:00+00:00,0.90050,0.90120,0.89680,0.89940,4114672
2025-09-12T04:15:00+00:00,0.89940,0.90290,0.89880,0.90280,4398151
2025-09-12T04:30:00+00:00,0.90280,0.90380,0.90140,0.90230,4574796
2025-09-12T04:45:00+00:00,0.90230,0.90410,0.90140,0.90360,4503973
2025-09-12T05:00:00+00:00,0.90360,0.90450,0.90250,0.90380,4532419
2025-09-12T05:15:00+00:00,0.90390,0.90590,0.90350,0.90370,4153449
2025-09-12T05:30:00+00:00,0.90380,0.90460,0.90180,0.90320,5389546
2025-09-12T05:45:00+00:00,0.90320,0.90570,0.90300,0.90560,4209226
2025-09-12T06:00:00+00:00,0.90570,0.90580,0.90300,0.90330,3976609
2025-09-12T06:15:00+00:00,0.90330,0.90450,0.90180,0.90250,2561399
2025-09-12T06:30:00+00:00,0.90250,0.90330,0.89950,0.90080,4572284
2025-09-12T06:45:00+00:00,0.90070,0.90120,0.89960,0.90020,3230615
2025-09-12T07:00:00+00:00,0.90020,0.90360,0.89960,0.90230,3720168
2025-09-12T07:15:00+00:00,0.90240,0.90370,0.90050,0.90090,2355489
2025-09-12T07:30:00+00:00,0.90080,0.90080,0.89810,0.89920,5097911
2025-09-12T07:45:00+00:00,0.89910,0.90090,0.89820,0.89930,2861347
2025-09-12T08:00:00+00:00,0.89930,0.90040,0.89690,0.89710,3830142
2025-09-12T08:15:00+00:00,0.89700,0.89870,0.89430,0.89660,7342698
2025-09-12T08:30:00+00:00,0.89660,0.89730,0.89520,0.89560,2230272
2025-09-12T08:45:00+00:00,0.89560,0.89620,0.89460,0.89550,2504223
2025-09-12T09:00:00+00:00,0.89550,0.89640,0.89350,0.89520,3292044
2025-09-12T09:15:00+00:00,0.89520,0.89620,0.89330,0.89440,2692384
2025-09-12T09:30:00+00:00,0.89440,0.89570,0.89150,0.89210,6478838
2025-09-12T09:45:00+00:00,0.89210,0.89360,0.89050,0.89290,5396630
2025-09-12T10:00:00+00:00,0.89280,0.89300,0.88740,0.88940,10659698
2025-09-12T10:15:00+00:00,0.88940,0.89010,0.88810,0.88920,3625584
2025-09-12T10:30:00+00:00,0.88930,0.89130,0.88900,0.89080,3784802
2025-09-12T10:45:00+00:00,0.89070,0.89220,0.88990,0.89120,2861470
2025-09-12T11:00:00+00:00,0.89120,0.89240,0.89010,0.89120,3233121
2025-09-12T11:15:00+00:00,0.89120,0.89360,0.89070,0.89350,5058573
2025-09-12T11:30:00+00:00,0.89360,0.89400,0.89100,0.89110,5210003
2025-09-12T11:45:00+00:00,0.89110,0.89160,0.88720,0.88770,8213974
2025-09-12T12:00:00+00:00,0.88770,0.88820,0.88200,0.88450,16528440
2025-09-12T12:15:00+00:00,0.88440,0.88750,0.88320,0.88690,9912885
2025-09-12T12:30:00+00:00,0.88690,0.88750,0.88490,0.88720,5177468
2025-09-12T12:45:00+00:00,0.88720,0.89090,0.88700,0.89000,5943567
2025-09-12T13:00:00+00:00,0.89000,0.89000,0.88800,0.88820,3336636
2025-09-12T13:15:00+00:00,0.88830,0.88920,0.88710,0.88830,3935814
2025-09-12T13:30:00+00:00,0.88840,0.89000,0.88540,0.88630,5379446
2025-09-12T13:45:00+00:00,0.88630,0.88890,0.88420,0.88770,5834686
2025-09-12T14:00:00+00:00,0.88770,0.89300,0.88580,0.88870,17182311
2025-09-12T14:15:00+00:00,0.88880,0.89570,0.88770,0.89440,14574831
2025-09-12T14:30:00+00:00,0.89450,0.89540,0.88720,0.88730,6351272
2025-09-12T14:45:00+00:00,0.88730,0.89170,0.88730,0.89100,3955402
2025-09-12T15:00:00+00:00,0.89100,0.89150,0.88650,0.88710,3667348
2025-09-12T15:15:00+00:00,0.88700,0.88910,0.88610,0.88750,2055494
2025-09-12T15:30:00+00:00,0.88750,0.89120,0.88680,0.89110,4672995
2025-09-12T15:45:00+00:00,0.89110,0.89400,0.89060,0.89300,6772655
2025-09-12T16:00:00+00:00,0.89290,0.89520,0.89130,0.89520,5184675
2025-09-12T16:15:00+00:00,0.89510,0.89760,0.89360,0.89720,8592503
2025-09-12T16:30:00+00:00,0.89720,0.89940,0.89440,0.89520,5645064
2025-09-12T16:45:00+00:00,0.89510,0.89940,0.89370,0.89930,3721519
2025-09-12T17:00:00+00:00,0.89930,0.90070,0.89620,0.90050,4634719
2025-09-12T17:15:00+00:00,0.90050,0.90400,0.90050,0.90260,8494060
2025-09-12T17:30:00+00:00,0.90260,0.90480,0.90100,0.90440,8879194
2025-09-12T17:45:00+00:00,0.90450,0.90480,0.90080,0.90240,7095229
2025-09-12T18:00:00+00:00,0.90250,0.90540,0.90030,0.90460,6245912
2025-09-12T18:15:00+00:00,0.90450,0.90650,0.90370,0.90520,5711843
2025-09-12T18:30:00+00:00,0.90520,0.90680,0.90250,0.90370,5504664
2025-09-12T18:45:00+00:00,0.90360,0.90490,0.90310,0.90420,2684587
2025-09-12T19:00:00+00:00,0.90410,0.90470,0.90180,0.90220,4312380
2025-09-12T19:15:00+00:00,0.90220,0.90420,0.90100,0.90420,4013138
2025-09-12T19:30:00+00:00,0.90420,0.90520,0.90180,0.90480,5210604
2025-09-12T19:45:00+00:00,0.90480,0.90760,0.90470,0.90730,7598587
2025-09-12T20:00:00+00:00,0.90720,0.90760,0.90250,0.90390,13143182
2025-09-12T20:15:00+00:00,0.90390,0.90440,0.90090,0.90160,7088967
2025-09-12T20:30:00+00:00,0.90160,0.90460,0.90150,0.90440,3571004
2025-09-12T20:45:00+00:00,0.90440,0.90870,0.90430,0.90670,7334700
2025-09-12T21:00:00+00:00,0.90670,0.90710,0.90310,0.90570,6915471
2025-09-12T21:15:00+00:00,0.90580,0.90700,0.90380,0.90420,5708141
2025-09-12T21:30:00+00:00,0.90420,0.90430,0.90280,0.90320,2611112
2025-09-12T21:45:00+00:00,0.90320,0.90460,0.90260,0.90410,3621230
2025-09-12T22:00:00+00:00,0.90410,0.90880,0.90400,0.90860,10379690
2025-09-12T22:15:00+00:00,0.90850,0.91660,0.90850,0.91590,22803010
2025-09-12T22:30:00+00:00,0.91600,0.91800,0.91370,0.91690,9558845
2025-09-12T22:45:00+00:00,0.91690,0.91730,0.91430,0.91510,5712479
2025-09-12T23:00:00+00:00,0.91510,0.91560,0.91260,0.91370,5044201
2025-09-12T23:15:00+00:00,0.91370,0.91670,0.91200,0.91620,4109479
2025-09-12T23:30:00+00:00,0.91630,0.91630,0.91370,0.91530,4350757
2025-09-12T23:45:00+00:00,0.91540,0.91750,0.91460,0.91690,3628474
2025-09-13T00:00:00+00:00,0.91690,0.92520,0.91610,0.92380,28675185
2025-09-13T00:15:00+00:00,0.92390,0.93000,0.91850,0.91910,25310169
2025-09-13T00:30:00+00:00,0.91920,0.92770,0.91870,0.92540,6999476
2025-09-13T00:45:00+00:00,0.92540,0.92880,0.92320,0.92670,7411415
2025-09-13T01:00:00+00:00,0.92660,0.93160,0.92560,0.92810,12699709
2025-09-13T01:15:00+00:00,0.92810,0.93590,0.92800,0.93360,16644006
2025-09-13T01:30:00+00:00,0.93370,0.93710,0.93070,0.93070,10644869
2025-09-13T01:45:00+00:00,0.93070,0.93100,0.92400,0.92460,12834844
2025-09-13T02:00:00+00:00,0.92460,0.92960,0.92210,0.92820,10498956
2025-09-13T02:15:00+00:00,0.92820,0.92850,0.92520,0.92760,4781758
2025-09-13T02:30:00+00:00,0.92770,0.92770,0.92440,0.92570,2655909
2025-09-13T02:45:00+00:00,0.92580,0.92770,0.92430,0.92620,5432563
2025-09-13T03:00:00+00:00,0.92620,0.92690,0.92480,0.92580,2066191
2025-09-13T03:15:00+00:00,0.92580,0.92880,0.92560,0.92840,3844966
2025-09-13T03:30:00+00:00,0.92850,0.93040,0.92690,0.92950,5938842
2025-09-13T03:45:00+00:00,0.92950,0.93060,0.92850,0.92890,4124623
2025-09-13T04:00:00+00:00,0.92900,0.92970,0.92740,0.92760,4269689
2025-09-13T04:15:00+00:00,0.92760,0.92770,0.92520,0.92570,2427720
2025-09-13T04:30:00+00:00,0.92570,0.92810,0.92550,0.92730,2696835
2025-09-13T04:45:00+00:00,0.92730,0.92910,0.92570,0.92590,3561012
2025-09-13T05:00:00+00:00,0.92600,0.92630,0.92430,0.92570,3613203
2025-09-13T05:15:00+00:00,0.92570,0.92720,0.92370,0.92610,3468809
2025-09-13T05:30:00+00:00,0.92610,0.92640,0.92380,0.92490,2553012
2025-09-13T05:45:00+00:00,0.92490,0.92550,0.92320,0.92520,3918202
2025-09-13T06:00:00+00:00,0.92530,0.92960,0.92500,0.92820,4923488
2025-09-13T06:15:00+00:00,0.92810,0.92840,0.92630,0.92790,3067751
2025-09-13T06:30:00+00:00,0.92790,0.92930,0.92720,0.92730,2997605
2025-09-13T06:45:00+00:00,0.92730,0.92960,0.92650,0.92960,3165756
2025-09-13T07:00:00+00:00,0.92960,0.93000,0.92360,0.92710,8817896
2025-09-13T07:15:00+00:00,0.92710,0.92750,0.92600,0.92660,2402284
2025-09-13T07:30:00+00:00,0.92650,0.92850,0.92630,0.92670,1971733
2025-09-13T07:45:00+00:00,0.92670,0.92670,0.92520,0.92590,1380333
2025-09-13T08:00:00+00:00,0.92590,0.92910,0.92520,0.92850,3773771
2025-09-13T08:15:00+00:00,0.92840,0.92920,0.92670,0.92890,5605256
2025-09-13T08:30:00+00:00,0.92880,0.93270,0.92870,0.93250,6448570
2025-09-13T08:45:00+00:00,0.93240,0.93740,0.93120,0.93730,15568720
2025-09-13T09:00:00+00:00,0.93730,0.94440,0.93590,0.94190,30865024
2025-09-13T09:15:00+00:00,0.94190,0.94650,0.94130,0.94460,21367179
2025-09-13T09:30:00+00:00,0.94460,0.94570,0.94060,0.94290,13423584
2025-09-13T09:45:00+00:00,0.94290,0.95420,0.94200,0.95330,22128561
2025-09-13T10:00:00+00:00,0.95330,0.95330,0.94760,0.94960,20249417
2025-09-13T10:15:00+00:00,0.94950,0.95170,0.94740,0.94830,11314331
2025-09-13T10:30:00+00:00,0.94820,0.94870,0.94430,0.94590,10745100
2025-09-13T10:45:00+00:00,0.94590,0.94620,0.94330,0.94360,5441044
2025-09-13T11:00:00+00:00,0.94370,0.94370,0.93730,0.93740,8835763
2025-09-13T11:15:00+00:00,0.93740,0.94270,0.93660,0.94210,11741946
2025-09-13T11:30:00+00:00,0.94210,0.94550,0.94070,0.94520,7024456
2025-09-13T11:45:00+00:00,0.94510,0.95000,0.94410,0.95000,6998711
2025-09-13T12:00:00+00:00,0.95000,0.95020,0.94560,0.94780,11949035
2025-09-13T12:15:00+00:00,0.94770,0.94820,0.94460,0.94480,5149841
2025-09-13T12:30:00+00:00,0.94480,0.94860,0.94460,0.94790,5808789
2025-09-13T12:45:00+00:00,0.94790,0.94840,0.94620,0.94720,3884595
2025-09-13T13:00:00+00:00,0.94710,0.94800,0.94370,0.94800,6865600
2025-09-13T13:15:00+00:00,0.94790,0.95200,0.94600,0.95140,8954092
2025-09-13T13:30:00+00:00,0.95140,0.95200,0.94820,0.94840,5263167
2025-09-13T13:45:00+00:00,0.94850,0.94990,0.92630,0.93760,43882603
2025-09-13T14:00:00+00:00,0.93760,0.93970,0.92890,0.93690,22847596
2025-09-13T14:15:00+00:00,0.93690,0.94550,0.93650,0.94390,9131027
2025-09-13T14:30:00+00:00,0.94390,0.94470,0.93910,0.94120,6550672
2025-09-13T14:45:00+00:00,0.94130,0.94360,0.93950,0.94160,7492383
2025-09-13T15:00:00+00:00,0.94160,0.94940,0.94020,0.94770,14467220
2025-09-13T15:15:00+00:00,0.94770,0.94950,0.94180,0.94300,6385696
2025-09-13T15:30:00+00:00,0.94300,0.94330,0.93390,0.93860,18263586
2025-09-13T15:45:00+00:00,0.93860,0.94020,0.93620,0.93790,7443223
2025-09-13T16:00:00+00:00,0.93790,0.94280,0.93510,0.93710,13064902
2025-09-13T16:15:00+00:00,0.93710,0.93790,0.93370,0.93480,7748216
2025-09-13T16:30:00+00:00,0.93470,0.93710,0.92720,0.93210,14236510
2025-09-13T16:45:00+00:00,0.93200,0.93260,0.92480,0.92570,17742631
2025-09-13T17:00:00+00:00,0.92580,0.92680,0.91400,0.91470,35812951
2025-09-13T17:15:00+00:00,0.91460,0.92390,0.91420,0.92120,12247490
2025-09-13T17:30:00+00:00,0.92130,0.92570,0.92100,0.92440,4903104
2025-09-13T17:45:00+00:00,0.92430,0.92650,0.92390,0.92500,3235402
2025-09-13T18:00:00+00:00,0.92490,0.92510,0.92000,0.92330,4579295
2025-09-13T18:15:00+00:00,0.92320,0.92570,0.92050,0.92470,4014630
2025-09-13T18:30:00+00:00,0.92460,0.92500,0.92090,0.92330,2740484
2025-09-13T18:45:00+00:00,0.92320,0.92510,0.92240,0.92510,2615137
2025-09-13T19:00:00+00:00,0.92510,0.92560,0.92290,0.92520,3117649
2025-09-13T19:15:00+00:00,0.92530,0.92570,0.92330,0.92440,2956190
2025-09-13T19:30:00+00:00,0.92450,0.92660,0.92420,0.92620,4049708
2025-09-13T19:45:00+00:00,0.92630,0.92700,0.92530,0.92610,2306659
2025-09-13T20:00:00+00:00,0.92610,0.93070,0.92560,0.93060,7572462
2025-09-13T20:15:00+00:00,0.93070,0.93160,0.92880,0.93010,3456453
2025-09-13T20:30:00+00:00,0.93010,0.93120,0.92790,0.92800,1832835
2025-09-13T20:45:00+00:00,0.92800,0.93130,0.92800,0.92970,2498788
2025-09-13T21:00:00+00:00,0.92960,0.93350,0.92940,0.93220,4117743
2025-09-13T21:15:00+00:00,0.93220,0.93540,0.93090,0.93140,6166049
2025-09-13T21:30:00+00:00,0.93140,0.93160,0.92900,0.93000,2516831
2025-09-13T21:45:00+00:00,0.92990,0.93000,0.92830,0.92940,1593442
2025-09-13T22:00:00+00:00,0.92940,0.93090,0.92830,0.93060,2712007
2025-09-13T22:15:00+00:00,0.93070,0.93070,0.92790,0.92900,1452414
2025-09-13T22:30:00+00:00,0.92900,0.92910,0.92610,0.92750,2855126
2025-09-13T22:45:00+00:00,0.92750,0.92820,0.92650,0.92790,1724214
2025-09-13T23:00:00+00:00,0.92790,0.92940,0.92740,0.92920,2263467
2025-09-13T23:15:00+00:00,0.92930,0.93100,0.92730,0.92760,3111455
2025-09-13T23:30:00+00:00,0.92760,0.92830,0.92670,0.92810,2144453
2025-09-13T23:45:00+00:00,0.92820,0.93050,0.92820,0.92940,2034341
2025-09-14T00:00:00+00:00,0.92930,0.93110,0.92790,0.92930,3591615
2025-09-14T00:15:00+00:00,0.92930,0.92940,0.92600,0.92690,3262645
2025-09-14T00:30:00+00:00,0.92690,0.92800,0.92610,0.92650,3023963
2025-09-14T00:45:00+00:00,0.92640,0.92680,0.92020,0.92230,8118152
2025-09-14T01:00:00+00:00,0.92230,0.92230,0.91500,0.91530,12847538
2025-09-14T01:15:00+00:00,0.91530,0.91780,0.91290,0.91640,8318265
2025-09-14T01:30:00+00:00,0.91640,0.92010,0.91560,0.91980,3243809
2025-09-14T01:45:00+00:00,0.91970,0.92460,0.91880,0.92370,6046393
2025-09-14T02:00:00+00:00,0.92370,0.92920,0.92300,0.92920,7059794
2025-09-14T02:15:00+00:00,0.92920,0.92920,0.92640,0.92700,4317937
2025-09-14T02:30:00+00:00,0.92690,0.92690,0.92180,0.92470,5303488
2025-09-14T02:45:00+00:00,0.92470,0.92830,0.92360,0.92710,3015034
2025-09-14T03:00:00+00:00,0.92700,0.92750,0.92210,0.92280,4511016
2025-09-14T03:15:00+00:00,0.92270,0.92420,0.92110,0.92320,2768379
2025-09-14T03:30:00+00:00,0.92320,0.92390,0.92120,0.92130,2599803
2025-09-14T03:45:00+00:00,0.92140,0.92170,0.91560,0.91690,5589856
2025-09-14T04:00:00+00:00,0.91690,0.91860,0.91360,0.91390,7312371
2025-09-14T04:15:00+00:00,0.91390,0.91690,0.91010,0.91610,9082068
2025-09-14T04:30:00+00:00,0.91600,0.92000,0.91590,0.92000,3685969
2025-09-14T04:45:00+00:00,0.92000,0.92010,0.91650,0.91810,3052537
2025-09-14T05:00:00+00:00,0.91800,0.92190,0.91740,0.92130,2748039
2025-09-14T05:15:00+00:00,0.92140,0.92350,0.92100,0.92150,1860787
2025-09-14T05:30:00+00:00,0.92150,0.92290,0.92040,0.92160,2900057
2025-09-14T05:45:00+00:00,0.92160,0.92280,0.92130,0.92230,2229100
2025-09-14T06:00:00+00:00,0.92230,0.92310,0.91830,0.91950,3232537
2025-09-14T06:15:00+00:00,0.91950,0.92100,0.91730,0.91880,2508680
2025-09-14T06:30:00+00:00,0.91890,0.91940,0.91600,0.91640,2764757
2025-09-14T06:45:00+00:00,0.91640,0.91750,0.91360,0.91730,8314641
2025-09-14T07:00:00+00:00,0.91720,0.91760,0.91470,0.91620,2935777
2025-09-14T07:15:00+00:00,0.91610,0.91820,0.91510,0.91710,2594154
2025-09-14T07:30:00+00:00,0.91710,0.91770,0.91580,0.91590,2837634
2025-09-14T07:45:00+00:00,0.91590,0.91700,0.91230,0.91550,5351026
2025-09-14T08:00:00+00:00,0.91540,0.91550,0.91310,0.91430,4484540
2025-09-14T08:15:00+00:00,0.91430,0.91490,0.91230,0.91400,2780737
2025-09-14T08:30:00+00:00,0.91400,0.91710,0.91360,0.91640,2196025
2025-09-14T08:45:00+00:00,0.91640,0.91670,0.91240,0.91340,2914879
2025-09-14T09:00:00+00:00,0.91330,0.91350,0.91150,0.91320,3398053
2025-09-14T09:15:00+00:00,0.91310,0.91760,0.91220,0.91660,3319828
2025-09-14T09:30:00+00:00,0.91660,0.91950,0.91660,0.91780,3577638
2025-09-14T09:45:00+00:00,0.91790,0.91900,0.91560,0.91810,5288276
2025-09-14T10:00:00+00:00,0.91810,0.91920,0.91440,0.91460,2807023
2025-09-14T10:15:00+00:00,0.91460,0.91820,0.91400,0.91520,2675961
2025-09-14T10:30:00+00:00,0.91510,0.91660,0.91400,0.91440,4953527
2025-09-14T10:45:00+00:00,0.91440,0.91600,0.91360,0.91540,1931538
2025-09-14T11:00:00+00:00,0.91540,0.91690,0.91280,0.91310,4039110
2025-09-14T11:15:00+00:00,0.91310,0.91360,0.90620,0.90660,15861539
2025-09-14T11:30:00+00:00,0.90670,0.90740,0.90280,0.90310,15551622
2025-09-14T11:45:00+00:00,0.90300,0.90460,0.90080,0.90200,13488724
2025-09-14T12:00:00+00:00,0.90210,0.90460,0.90180,0.90310,8229834
2025-09-14T12:15:00+00:00,0.90310,0.90470,0.90270,0.90440,4611897
2025-09-14T12:30:00+00:00,0.90430,0.90520,0.89600,0.89630,18406768
2025-09-14T12:45:00+00:00,0.89630,0.89810,0.89130,0.89560,25363773
2025-09-14T13:00:00+00:00,0.89570,0.89660,0.89240,0.89620,11224245
2025-09-14T13:15:00+00:00,0.89620,0.89630,0.89050,0.89150,10011923
2025-09-14T13:30:00+00:00,0.89150,0.89340,0.88920,0.89260,10381593
2025-09-14T13:45:00+00:00,0.89260,0.89260,0.88440,0.88790,18090756
2025-09-14T14:00:00+00:00,0.88790,0.89350,0.88680,0.89170,10620907
2025-09-14T14:15:00+00:00,0.89160,0.89180,0.88480,0.88720,7863962
2025-09-14T14:30:00+00:00,0.88730,0.88900,0.88070,0.88250,20305051
2025-09-14T14:45:00+00:00,0.88250,0.88610,0.87860,0.88540,16866983
2025-09-14T15:00:00+00:00,0.88530,0.88660,0.87960,0.88140,7573475
2025-09-14T15:15:00+00:00,0.88150,0.88480,0.88150,0.88330,5642219
2025-09-14T15:30:00+00:00,0.88330,0.88810,0.88280,0.88580,6379341
2025-09-14T15:45:00+00:00,0.88570,0.88770,0.88440,0.88590,4667851
2025-09-14T16:00:00+00:00,0.88600,0.89060,0.88440,0.88810,8345639
2025-09-14T16:15:00+00:00,0.88800,0.89170,0.88760,0.89100,5056240
2025-09-14T16:30:00+00:00,0.89100,0.89160,0.88830,0.89080,4074517
2025-09-14T16:45:00+00:00,0.89080,0.89080,0.88700,0.88870,3095426
2025-09-14T17:00:00+00:00,0.88870,0.89050,0.88720,0.88990,2860716
2025-09-14T17:15:00+00:00,0.89000,0.89450,0.88980,0.89380,8105415
2025-09-14T17:30:00+00:00,0.89380,0.89500,0.89330,0.89480,4096793
2025-09-14T17:45:00+00:00,0.89470,0.89660,0.89350,0.89410,5532294
2025-09-14T18:00:00+00:00,0.89410,0.89430,0.89100,0.89150,3127524
2025-09-14T18:15:00+00:00,0.89150,0.89180,0.88860,0.88950,2527054
2025-09-14T18:30:00+00:00,0.88950,0.89130,0.88900,0.89030,2016048
2025-09-14T18:45:00+00:00,0.89030,0.89070,0.88840,0.88930,2863409
2025-09-14T19:00:00+00:00,0.88940,0.89000,0.88590,0.88930,3702900
2025-09-14T19:15:00+00:00,0.88930,0.89200,0.88890,0.89150,2893508
2025-09-14T19:30:00+00:00,0.89150,0.89200,0.88910,0.88950,3627491
2025-09-14T19:45:00+00:00,0.88960,0.89040,0.88690,0.88860,3151787
2025-09-14T20:00:00+00:00,0.88860,0.89170,0.88810,0.89110,3815556
2025-09-14T20:15:00+00:00,0.89110,0.89240,0.88960,0.89020,2914283
2025-09-14T20:30:00+00:00,0.89020,0.89110,0.88840,0.89110,2372238
2025-09-14T20:45:00+00:00,0.89100,0.89140,0.88970,0.89000,2052559
2025-09-14T21:00:00+00:00,0.89000,0.89100,0.88510,0.88840,4566923
2025-09-14T21:15:00+00:00,0.88830,0.89170,0.88830,0.89060,2600056
2025-09-14T21:30:00+00:00,0.89060,0.89370,0.89010,0.89360,2707607
2025-09-14T21:45:00+00:00,0.89370,0.89520,0.89140,0.89310,2955748
2025-09-14T22:00:00+00:00,0.89320,0.89400,0.88890,0.88960,3625825
2025-09-14T22:15:00+00:00,0.88960,0.89060,0.88860,0.89040,2456999
2025-09-14T22:30:00+00:00,0.89040,0.89590,0.88990,0.89520,4246582
2025-09-14T22:45:00+00:00,0.89520,0.89730,0.89390,0.89440,5195307
2025-09-14T23:00:00+00:00,0.89450,0.89470,0.88780,0.88880,5468804
2025-09-14T23:15:00+00:00,0.88880,0.89080,0.88670,0.88860,3669370
2025-09-14T23:30:00+00:00,0.88850,0.88860,0.88590,0.88730,3137246
2025-09-14T23:45:00+00:00,0.88740,0.88880,0.88570,0.88730,2377787
2025-09-15T00:00:00+00:00,0.88720,0.89070,0.88630,0.88960,5799728
2025-09-15T00:15:00+00:00,0.88960,0.89270,0.88680,0.89250,4552712
2025-09-15T00:30:00+00:00,0.89260,0.89300,0.88740,0.88770,2785002
2025-09-15T00:45:00+00:00,0.88770,0.88990,0.88660,0.88750,1700821
2025-09-15T01:00:00+00:00,0.88750,0.88800,0.88170,0.88180,8195719
2025-09-15T01:15:00+00:00,0.88190,0.88650,0.87910,0.88590,6685163
2025-09-15T01:30:00+00:00,0.88580,0.89240,0.88560,0.89030,6603352
2025-09-15T01:45:00+00:00,0.89030,0.89200,0.88810,0.88950,2897309
2025-09-15T02:00:00+00:00,0.88940,0.89380,0.88920,0.89340,4785705
2025-09-15T02:15:00+00:00,0.89340,0.89540,0.89150,0.89150,2575888
2025-09-15T02:30:00+00:00,0.89150,0.89160,0.88790,0.89060,3476339
2025-09-15T02:45:00+00:00,0.89050,0.89200,0.88900,0.88940,1458820
2025-09-15T03:00:00+00:00,0.88940,0.89400,0.88880,0.89300,2552382
2025-09-15T03:15:00+00:00,0.89300,0.89420,0.89130,0.89220,2418135
2025-09-15T03:30:00+00:00,0.89220,0.89380,0.89070,0.89280,2011045
2025-09-15T03:45:00+00:00,0.89280,0.89520,0.89270,0.89390,2735054
2025-09-15T04:00:00+00:00,0.89390,0.89470,0.89290,0.89340,3108761
2025-09-15T04:15:00+00:00,0.89330,0.89930,0.89260,0.89780,11374599
2025-09-15T04:30:00+00:00,0.89780,0.90020,0.89680,0.89960,9875869
2025-09-15T04:45:00+00:00,0.89950,0.90120,0.89730,0.89800,6267980
2025-09-15T05:00:00+00:00,0.89790,0.90100,0.89710,0.90060,4313595
2025-09-15T05:15:00+00:00,0.90070,0.90210,0.89760,0.90040,10945600
2025-09-15T05:30:00+00:00,0.90040,0.90140,0.89950,0.89960,3485419
2025-09-15T05:45:00+00:00,0.89970,0.90140,0.89910,0.90120,3504535
2025-09-15T06:00:00+00:00,0.90130,0.90180,0.89780,0.89840,5189869
2025-09-15T06:15:00+00:00,0.89840,0.89900,0.89260,0.89280,5401369
2025-09-15T06:30:00+00:00,0.89280,0.89380,0.88740,0.88880,11019107
2025-09-15T06:45:00+00:00,0.88870,0.88880,0.88370,0.88790,8938654
2025-09-15T07:00:00+00:00,0.88790,0.89110,0.88750,0.89060,4438304
2025-09-15T07:15:00+00:00,0.89070,0.89280,0.88550,0.88560,5167698
2025-09-15T07:30:00+00:00,0.88560,0.88560,0.87340,0.87690,35111442
2025-09-15T07:45:00+00:00,0.87700,0.87920,0.87470,0.87720,10407721
2025-09-15T08:00:00+00:00,0.87730,0.87740,0.85280,0.86490,78978981
2025-09-15T08:15:00+00:00,0.86500,0.86820,0.86130,0.86450,13330720
2025-09-15T08:30:00+00:00,0.86450,0.86590,0.85860,0.86110,16405483
2025-09-15T08:45:00+00:00,0.86110,0.86180,0.85180,0.85580,29326309
2025-09-15T09:00:00+00:00,0.85580,0.86180,0.85420,0.86020,21674080
2025-09-15T09:15:00+00:00,0.86010,0.86400,0.85810,0.86220,9663070
2025-09-15T09:30:00+00:00,0.86210,0.86430,0.86110,0.86120,7562756
2025-09-15T09:45:00+00:00,0.86110,0.86170,0.85980,0.86120,5347772
2025-09-15T10:00:00+00:00,0.86110,0.86210,0.85500,0.85670,9936149
2025-09-15T10:15:00+00:00,0.85660,0.85940,0.85600,0.85900,6532905
2025-09-15T10:30:00+00:00,0.85890,0.86210,0.85760,0.86170,4170962
2025-09-15T10:45:00+00:00,0.86180,0.86230,0.85990,0.86120,3541694
2025-09-15T11:00:00+00:00,0.86130,0.86330,0.85900,0.86280,4442074
2025-09-15T11:15:00+00:00,0.86290,0.86330,0.85920,0.86020,4228726
2025-09-15T11:30:00+00:00,0.86020,0.86380,0.85980,0.86210,4765729
2025-09-15T11:45:00+00:00,0.86220,0.86400,0.85950,0.86360,5957576
2025-09-15T12:00:00+00:00,0.86360,0.86360,0.85970,0.86180,6139944
2025-09-15T12:15:00+00:00,0.86190,0.86440,0.85950,0.85990,5896666
2025-09-15T12:30:00+00:00,0.85980,0.86190,0.85950,0.86140,4787288
2025-09-15T12:45:00+00:00,0.86140,0.86160,0.85680,0.85870,8559148
2025-09-15T13:00:00+00:00,0.85860,0.86290,0.85730,0.86250,7931757
2025-09-15T13:15:00+00:00,0.86250,0.86380,0.86050,0.86370,4532527
2025-09-15T13:30:00+00:00,0.86370,0.86950,0.86060,0.86140,18141676
2025-09-15T13:45:00+00:00,0.86140,0.86910,0.86090,0.86390,12001257
2025-09-15T14:00:00+00:00,0.86390,0.86440,0.85820,0.86250,10046526
2025-09-15T14:15:00+00:00,0.86250,0.86800,0.86060,0.86760,6309898
2025-09-15T14:30:00+00:00,0.86760,0.86800,0.86390,0.86520,6979270
2025-09-15T14:45:00+00:00,0.86530,0.86640,0.86010,0.86020,5403688
2025-09-15T15:00:00+00:00,0.86020,0.86270,0.85760,0.85850,8999859
2025-09-15T15:15:00+00:00,0.85840,0.86240,0.85580,0.85950,9523466
2025-09-15T15:30:00+00:00,0.85960,0.85980,0.85530,0.85620,6161260
2025-09-15T15:45:00+00:00,0.85620,0.86090,0.85330,0.85900,7401952
2025-09-15T16:00:00+00:00,0.85900,0.85900,0.85300,0.85870,7434771
2025-09-15T16:15:00+00:00,0.85880,0.86010,0.85500,0.85660,4660045
2025-09-15T16:30:00+00:00,0.85660,0.86130,0.85530,0.86120,3783197
2025-09-15T16:45:00+00:00,0.86120,0.86130,0.85350,0.85510,4562922
2025-09-15T17:00:00+00:00,0.85500,0.85820,0.85430,0.85570,3639790
2025-09-15T17:15:00+00:00,0.85580,0.85650,0.85250,0.85470,4403822
2025-09-15T17:30:00+00:00,0.85470,0.85850,0.85390,0.85790,3269691
2025-09-15T17:45:00+00:00,0.85790,0.86140,0.85530,0.86110,3925017
2025-09-15T18:00:00+00:00,0.86110,0.86110,0.85640,0.85740,3295412
2025-09-15T18:15:00+00:00,0.85740,0.85950,0.85640,0.85770,2267933
2025-09-15T18:30:00+00:00,0.85770,0.85950,0.85740,0.85810,3069214
2025-09-15T18:45:00+00:00,0.85810,0.86210,0.85750,0.86040,5178623
2025-09-15T19:00:00+00:00,0.86050,0.86400,0.85850,0.85920,5725429
2025-09-15T19:15:00+00:00,0.85920,0.85930,0.85660,0.85690,3291962
2025-09-15T19:30:00+00:00,0.85690,0.86110,0.85530,0.85990,3561334
2025-09-15T19:45:00+00:00,0.85990,0.86100,0.85800,0.85910,2167198
2025-09-15T20:00:00+00:00,0.85920,0.86130,0.85820,0.86030,2727258
2025-09-15T20:15:00+00:00,0.86030,0.86140,0.85910,0.85980,2060218
2025-09-15T20:30:00+00:00,0.85990,0.86100,0.85950,0.86070,1547566
2025-09-15T20:45:00+00:00,0.86070,0.86200,0.86000,0.86160,2864922
2025-09-15T21:00:00+00:00,0.86170,0.86210,0.85970,0.86180,4456462
2025-09-15T21:15:00+00:00,0.86180,0.86370,0.86140,0.86240,2227966
2025-09-15T21:30:00+00:00,0.86250,0.86440,0.86180,0.86430,2448157
2025-09-15T21:45:00+00:00,0.86430,0.86490,0.86420,0.86450,986563
2025-09-15T22:00:00+00:00,0.86460,0.86580,0.86060,0.86240,7086961
2025-09-15T22:15:00+00:00,0.86230,0.86390,0.86160,0.86310,2261491
2025-09-15T22:30:00+00:00,0.86310,0.86360,0.85840,0.86020,3891312
2025-09-15T22:45:00+00:00,0.86020,0.86140,0.85970,0.86080,1351341
2025-09-15T23:00:00+00:00,0.86080,0.86210,0.85920,0.86130,2192762
2025-09-15T23:15:00+00:00,0.86140,0.86350,0.86130,0.86310,1443230
2025-09-15T23:30:00+00:00,0.86300,0.86350,0.86090,0.86150,1340904
2025-09-15T23:45:00+00:00,0.86140,0.86330,0.86080,0.86270,1206124
2025-09-16T00:00:00+00:00,0.86270,0.86280,0.86090,0.86150,3143658
2025-09-16T00:15:00+00:00,0.86140,0.86300,0.85940,0.86000,3535431
2025-09-16T00:30:00+00:00,0.86000,0.86180,0.85990,0.86100,2065585
2025-09-16T00:45:00+00:00,0.86100,0.86170,0.85870,0.86130,3753977
2025-09-16T01:00:00+00:00,0.86130,0.86520,0.86110,0.86340,3792741
2025-09-16T01:15:00+00:00,0.86330,0.86560,0.86320,0.86410,2822214
2025-09-16T01:30:00+00:00,0.86400,0.86540,0.86030,0.86140,3596330
2025-09-16T01:45:00+00:00,0.86140,0.86330,0.85940,0.85970,3392427
2025-09-16T02:00:00+00:00,0.85980,0.86260,0.85950,0.86240,2413750
2025-09-16T02:15:00+00:00,0.86230,0.86360,0.86040,0.86120,3027899
2025-09-16T02:30:00+00:00,0.86110,0.86270,0.85980,0.86050,1908221
2025-09-16T02:45:00+00:00,0.86050,0.86090,0.85850,0.85860,1990730
2025-09-16T03:00:00+00:00,0.85860,0.86000,0.85830,0.85860,2599198
2025-09-16T03:15:00+00:00,0.85870,0.86010,0.85770,0.85900,2576735
2025-09-16T03:30:00+00:00,0.85900,0.86210,0.85890,0.86120,3408577
2025-09-16T03:45:00+00:00,0.86120,0.86140,0.85890,0.85900,2666195
2025-09-16T04:00:00+00:00,0.85910,0.86050,0.85480,0.85540,7397364
2025-09-16T04:15:00+00:00,0.85550,0.85950,0.85240,0.85800,8746451
2025-09-16T04:30:00+00:00,0.85800,0.85850,0.85420,0.85590,3243576
2025-09-16T04:45:00+00:00,0.85580,0.85920,0.85520,0.85880,2885446
2025-09-16T05:00:00+00:00,0.85870,0.86190,0.85780,0.86070,5227076
2025-09-16T05:15:00+00:00,0.86070,0.86180,0.85840,0.85990,5236250
2025-09-16T05:30:00+00:00,0.85990,0.86200,0.85970,0.86140,3155243
2025-09-16T05:45:00+00:00,0.86130,0.86330,0.86060,0.86310,3599653
2025-09-16T06:00:00+00:00,0.86310,0.86450,0.86210,0.86440,3861164
2025-09-16T06:15:00+00:00,0.86440,0.86480,0.86070,0.86110,3766810
2025-09-16T06:30:00+00:00,0.86110,0.86120,0.85850,0.86030,4843718
2025-09-16T06:45:00+00:00,0.86030,0.86310,0.85940,0.86230,3385325
2025-09-16T07:00:00+00:00,0.86240,0.86400,0.86120,0.86210,2740161
2025-09-16T07:15:00+00:00,0.86210,0.86360,0.86160,0.86340,1766363
2025-09-16T07:30:00+00:00,0.86340,0.86410,0.86180,0.86300,2444505
2025-09-16T07:45:00+00:00,0.86300,0.86630,0.86280,0.86540,4750954
2025-09-16T08:00:00+00:00,0.86540,0.87060,0.86540,0.87060,8904934
2025-09-16T08:15:00+00:00,0.87060,0.87160,0.86800,0.86840,6915656
2025-09-16T08:30:00+00:00,0.86850,0.86920,0.86550,0.86810,8053947
2025-09-16T08:45:00+00:00,0.86820,0.87230,0.86740,0.87050,3635058
2025-09-16T09:00:00+00:00,0.87060,0.87100,0.86890,0.86980,3278568
2025-09-16T09:15:00+00:00,0.86990,0.87200,0.86830,0.86850,3531644
2025-09-16T09:30:00+00:00,0.86840,0.87050,0.86660,0.86850,4328247
2025-09-16T09:45:00+00:00,0.86850,0.86990,0.86790,0.86930,2485961
2025-09-16T10:00:00+00:00,0.86930,0.87130,0.86850,0.87120,6182658
2025-09-16T10:15:00+00:00,0.87120,0.87430,0.87090,0.87190,8819533
2025-09-16T10:30:00+00:00,0.87200,0.87320,0.86950,0.87020,3929856
2025-09-16T10:45:00+00:00,0.87030,0.87130,0.86800,0.86800,3964409
2025-09-16T11:00:00+00:00,0.86800,0.86910,0.86680,0.86730,2874097
2025-09-16T11:15:00+00:00,0.86740,0.87050,0.86700,0.86980,3035135
2025-09-16T11:30:00+00:00,0.86980,0.87110,0.86910,0.86940,3096375
2025-09-16T11:45:00+00:00,0.86940,0.87020,0.86840,0.86960,2567393
2025-09-16T12:00:00+00:00,0.86960,0.87050,0.86830,0.86900,2848655
2025-09-16T12:15:00+00:00,0.86900,0.87040,0.86860,0.86890,2888752
2025-09-16T12:30:00+00:00,0.86900,0.87140,0.86880,0.87000,3531025
2025-09-16T12:45:00+00:00,0.87000,0.87100,0.86880,0.87050,2392882
2025-09-16T13:00:00+00:00,0.87050,0.87250,0.86990,0.87030,3301431
2025-09-16T13:15:00+00:00,0.87020,0.87490,0.86980,0.87350,7986205
2025-09-16T13:30:00+00:00,0.87350,0.87400,0.86550,0.86570,12932100
2025-09-16T13:45:00+00:00,0.86580,0.86650,0.85840,0.86640,37169878
2025-09-16T14:00:00+00:00,0.86640,0.86640,0.85600,0.85890,15229986
2025-09-16T14:15:00+00:00,0.85890,0.86220,0.85750,0.86170,7598352
2025-09-16T14:30:00+00:00,0.86180,0.86350,0.85940,0.86260,4187677
2025-09-16T14:45:00+00:00,0.86250,0.86560,0.86220,0.86440,3577897
2025-09-16T15:00:00+00:00,0.86450,0.86470,0.86060,0.86310,5547354
2025-09-16T15:15:00+00:00,0.86320,0.86820,0.86280,0.86680,6615783
2025-09-16T15:30:00+00:00,0.86680,0.86820,0.86620,0.86810,3768847
2025-09-16T15:45:00+00:00,0.86820,0.87020,0.86640,0.87000,5705871
2025-09-16T16:00:00+00:00,0.87010,0.87110,0.86830,0.86950,8235470
2025-09-16T16:15:00+00:00,0.86960,0.86990,0.86620,0.86920,4875649
2025-09-16T16:30:00+00:00,0.86920,0.87140,0.86760,0.86810,3777325
2025-09-16T16:45:00+00:00,0.86800,0.86970,0.86730,0.86910,3479574
2025-09-16T17:00:00+00:00,0.86900,0.87560,0.86870,0.87540,9478357
2025-09-16T17:15:00+00:00,0.87540,0.88020,0.87540,0.87770,10871255
2025-09-16T17:30:00+00:00,0.87770,0.87980,0.87330,0.87560,11133532
2025-09-16T17:45:00+00:00,0.87560,0.87740,0.87390,0.87610,7734272
2025-09-16T18:00:00+00:00,0.87620,0.87860,0.87610,0.87780,5061283
2025-09-16T18:15:00+00:00,0.87780,0.87990,0.87650,0.87710,4854762
2025-09-16T18:30:00+00:00,0.87700,0.87710,0.87260,0.87440,7890948
2025-09-16T18:45:00+00:00,0.87440,0.87650,0.87380,0.87470,4248488
2025-09-16T19:00:00+00:00,0.87480,0.87580,0.87260,0.87520,3297230
2025-09-16T19:15:00+00:00,0.87530,0.87640,0.87330,0.87430,1869867
2025-09-16T19:30:00+00:00,0.87430,0.87510,0.87330,0.87450,2801664
2025-09-16T19:45:00+00:00,0.87460,0.87750,0.87460,0.87680,3614775
2025-09-16T20:00:00+00:00,0.87690,0.87810,0.87580,0.87630,2843884
2025-09-16T20:15:00+00:00,0.87640,0.87720,0.87520,0.87710,2342109
2025-09-16T20:30:00+00:00,0.87720,0.87730,0.87610,0.87680,1875146
2025-09-16T20:45:00+00:00,0.87680,0.87720,0.87570,0.87650,1608850
2025-09-16T21:00:00+00:00,0.87650,0.87950,0.87630,0.87730,3518127
2025-09-16T21:15:00+00:00,0.87730,0.87860,0.87700,0.87810,1878173
2025-09-16T21:30:00+00:00,0.87810,0.87960,0.87810,0.87860,3653788
2025-09-16T21:45:00+00:00,0.87860,0.88220,0.87850,0.88180,4432842
2025-09-16T22:00:00+00:00,0.88180,0.88330,0.88100,0.88250,4716846
2025-09-16T22:15:00+00:00,0.88250,0.88360,0.88150,0.88220,2186141
2025-09-16T22:30:00+00:00,0.88220,0.88330,0.88030,0.88320,2047443
2025-09-16T22:45:00+00:00,0.88320,0.88380,0.88220,0.88230,1517390
2025-09-16T23:00:00+00:00,0.88230,0.88240,0.88040,0.88150,2487676
2025-09-16T23:15:00+00:00,0.88140,0.88240,0.87960,0.88010,1891144
2025-09-16T23:30:00+00:00,0.88010,0.88150,0.87900,0.87940,2541427
2025-09-16T23:45:00+00:00,0.87940,0.88020,0.87850,0.87980,2216910
2025-09-17T00:00:00+00:00,0.87980,0.88040,0.87670,0.87730,6582447
2025-09-17T00:15:00+00:00,0.87720,0.88140,0.87720,0.87950,5454811
2025-09-17T00:30:00+00:00,0.87950,0.88130,0.87900,0.88030,2349567
2025-09-17T00:45:00+00:00,0.88030,0.88030,0.87740,0.87860,2506245
2025-09-17T01:00:00+00:00,0.87860,0.87960,0.87800,0.87950,1898305
2025-09-17T01:15:00+00:00,0.87950,0.88140,0.87800,0.88040,3016246
2025-09-17T01:30:00+00:00,0.88040,0.88050,0.87700,0.87730,2138371
2025-09-17T01:45:00+00:00,0.87730,0.87800,0.87520,0.87740,2669570
2025-09-17T02:00:00+00:00,0.87740,0.87760,0.87490,0.87640,2372378
2025-09-17T02:15:00+00:00,0.87630,0.87830,0.87500,0.87780,2102631
2025-09-17T02:30:00+00:00,0.87780,0.88230,0.87760,0.88110,5455623
2025-09-17T02:45:00+00:00,0.88120,0.88350,0.87850,0.87860,6161827
2025-09-17T03:00:00+00:00,0.87870,0.87960,0.87580,0.87930,4193348
2025-09-17T03:15:00+00:00,0.87930,0.88100,0.87920,0.88020,3594404
2025-09-17T03:30:00+00:00,0.88030,0.88080,0.87540,0.87640,3259836
2025-09-17T03:45:00+00:00,0.87640,0.87690,0.87260,0.87350,9728718
2025-09-17T04:00:00+00:00,0.87340,0.87580,0.87280,0.87350,3265493
2025-09-17T04:15:00+00:00,0.87350,0.87390,0.87020,0.87080,6554580
2025-09-17T04:30:00+00:00,0.87080,0.87150,0.86950,0.86970,7236293
2025-09-17T04:45:00+00:00,0.86970,0.86970,0.86620,0.86910,7907169
2025-09-17T05:00:00+00:00,0.86910,0.87280,0.86880,0.87240,5177737
2025-09-17T05:15:00+00:00,0.87240,0.87340,0.86880,0.86970,2952135
2025-09-17T05:30:00+00:00,0.86970,0.87260,0.86970,0.87200,2693087
2025-09-17T05:45:00+00:00,0.87210,0.87840,0.86910,0.87800,9455370
2025-09-17T06:00:00+00:00,0.87810,0.88200,0.87730,0.87830,12366595
2025-09-17T06:15:00+00:00,0.87840,0.88030,0.87760,0.87770,4613588
2025-09-17T06:30:00+00:00,0.87770,0.88060,0.87650,0.88020,4113848
2025-09-17T06:45:00+00:00,0.88030,0.88130,0.87820,0.88090,5947255
2025-09-17T07:00:00+00:00,0.88090,0.88340,0.87970,0.88270,4909393
2025-09-17T07:15:00+00:00,0.88270,0.88670,0.88230,0.88260,8598594
2025-09-17T07:30:00+00:00,0.88260,0.88320,0.88160,0.88190,3739182
2025-09-17T07:45:00+00:00,0.88180,0.88230,0.88110,0.88190,2264919
2025-09-17T08:00:00+00:00,0.88200,0.88220,0.87460,0.87510,8650005
2025-09-17T08:15:00+00:00,0.87510,0.87680,0.87480,0.87590,4007849
2025-09-17T08:30:00+00:00,0.87580,0.87610,0.87280,0.87320,5874126
2025-09-17T08:45:00+00:00,0.87320,0.87660,0.87290,0.87620,2797575
2025-09-17T09:00:00+00:00,0.87630,0.87670,0.87430,0.87460,2445457
2025-09-17T09:15:00+00:00,0.87470,0.87470,0.87190,0.87350,3659078
2025-09-17T09:30:00+00:00,0.87360,0.87440,0.87250,0.87280,1864922
2025-09-17T09:45:00+00:00,0.87280,0.87350,0.87130,0.87150,1845704
2025-09-17T10:00:00+00:00,0.87160,0.87380,0.87130,0.87240,3029923
2025-09-17T10:15:00+00:00,0.87240,0.87280,0.86860,0.86920,4056254
2025-09-17T10:30:00+00:00,0.86910,0.87060,0.86850,0.86980,2461877
2025-09-17T10:45:00+00:00,0.86990,0.87170,0.86860,0.87090,2682417
2025-09-17T11:00:00+00:00,0.87090,0.87320,0.87040,0.87310,2482482
2025-09-17T11:15:00+00:00,0.87310,0.87470,0.87190,0.87430,2520378
2025-09-17T11:30:00+00:00,0.87430,0.87430,0.87140,0.87140,2568073
2025-09-17T11:45:00+00:00,0.87130,0.87340,0.87120,0.87140,2270254
2025-09-17T12:00:00+00:00,0.87140,0.87240,0.86830,0.86980,4130584
2025-09-17T12:15:00+00:00,0.86980,0.87150,0.86850,0.87140,3075652
2025-09-17T12:30:00+00:00,0.87130,0.87280,0.86810,0.86950,4414989
2025-09-17T12:45:00+00:00,0.86960,0.87200,0.86870,0.87110,2363076
2025-09-17T13:00:00+00:00,0.87100,0.87250,0.87050,0.87080,2726919
2025-09-17T13:15:00+00:00,0.87090,0.87360,0.87070,0.87170,4365601
2025-09-17T13:30:00+00:00,0.87160,0.87380,0.86750,0.86860,7788938
2025-09-17T13:45:00+00:00,0.86860,0.87300,0.86760,0.87020,5635516
2025-09-17T14:00:00+00:00,0.87020,0.87180,0.86900,0.87120,2214429
2025-09-17T14:15:00+00:00,0.87120,0.87140,0.86320,0.86510,10775412
2025-09-17T14:30:00+00:00,0.86520,0.86710,0.86280,0.86510,8496551
2025-09-17T14:45:00+00:00,0.86500,0.86670,0.86380,0.86440,2956541
2025-09-17T15:00:00+00:00,0.86450,0.86650,0.86350,0.86620,4771771
2025-09-17T15:15:00+00:00,0.86610,0.86740,0.86420,0.86440,3502642
2025-09-17T15:30:00+00:00,0.86440,0.86900,0.86440,0.86890,7144659
2025-09-17T15:45:00+00:00,0.86890,0.86950,0.86730,0.86780,2202901
2025-09-17T16:00:00+00:00,0.86770,0.86770,0.86260,0.86340,8137393
2025-09-17T16:15:00+00:00,0.86340,0.86660,0.86070,0.86650,9105228
2025-09-17T16:30:00+00:00,0.86650,0.86880,0.86600,0.86800,4339130
2025-09-17T16:45:00+00:00,0.86810,0.87120,0.86700,0.87080,4778726
2025-09-17T17:00:00+00:00,0.87090,0.87160,0.86830,0.86890,3726528
2025-09-17T17:15:00+00:00,0.86890,0.87030,0.86740,0.86930,2082223
2025-09-17T17:30:00+00:00,0.86920,0.88210,0.86890,0.87660,13148889
2025-09-17T17:45:00+00:00,0.87670,0.88410,0.85600,0.86480,20767656
2025-09-17T18:00:00+00:00,0.86550,0.88340,0.85500,0.86910,74387984
2025-09-17T18:15:00+00:00,0.86900,0.87850,0.86570,0.87780,25734054
2025-09-17T18:30:00+00:00,0.87770,0.87800,0.86320,0.86450,21509207
2025-09-17T18:45:00+00:00,0.86460,0.86950,0.86120,0.86670,19069087
2025-09-17T19:00:00+00:00,0.86670,0.87650,0.86620,0.87240,15864219
2025-09-17T19:15:00+00:00,0.87250,0.87970,0.87140,0.87880,9201984
2025-09-17T19:30:00+00:00,0.87870,0.88240,0.87640,0.88200,9007687
2025-09-17T19:45:00+00:00,0.88200,0.88420,0.87990,0.88240,8280957
2025-09-17T20:00:00+00:00,0.88230,0.89220,0.88230,0.89120,18621712
2025-09-17T20:15:00+00:00,0.89120,0.89470,0.88860,0.88870,17648700
2025-09-17T20:30:00+00:00,0.88860,0.89160,0.88320,0.88520,8832938
2025-09-17T20:45:00+00:00,0.88530,0.88690,0.87840,0.88030,7829496
2025-09-17T21:00:00+00:00,0.88020,0.88330,0.87500,0.88330,8606205
2025-09-17T21:15:00+00:00,0.88330,0.88960,0.88280,0.88760,8091833
2025-09-17T21:30:00+00:00,0.88770,0.89020,0.88720,0.89020,3710168
2025-09-17T21:45:00+00:00,0.89020,0.89280,0.88860,0.89040,4345404
2025-09-17T22:00:00+00:00,0.89040,0.90220,0.89030,0.90100,16784649
2025-09-17T22:15:00+00:00,0.90090,0.90520,0.89790,0.90440,21716277
2025-09-17T22:30:00+00:00,0.90440,0.90810,0.90340,0.90620,13637022
2025-09-17T22:45:00+00:00,0.90610,0.91190,0.90470,0.90950,13255510
2025-09-17T23:00:00+00:00,0.90960,0.91930,0.90950,0.91660,22862268
2025-09-17T23:15:00+00:00,0.91650,0.91760,0.90760,0.90950,16514296
2025-09-17T23:30:00+00:00,0.90960,0.91370,0.90710,0.90850,10160915
2025-09-17T23:45:00+00:00,0.90850,0.91400,0.90810,0.91340,7096691
2025-09-18T00:00:00+00:00,0.91340,0.91640,0.91130,0.91570,9802554
2025-09-18T00:15:00+00:00,0.91570,0.91810,0.91310,0.91380,7429844
2025-09-18T00:30:00+00:00,0.91380,0.91510,0.90980,0.91250,5643381
2025-09-18T00:45:00+00:00,0.91240,0.91310,0.90690,0.90860,7096027
2025-09-18T01:00:00+00:00,0.90860,0.91550,0.90680,0.91470,7657187
2025-09-18T01:15:00+00:00,0.91470,0.91710,0.91320,0.91490,5044939
2025-09-18T01:30:00+00:00,0.91500,0.91750,0.91420,0.91690,4595856
2025-09-18T01:45:00+00:00,0.91690,0.91820,0.91410,0.91520,5157099
2025-09-18T02:00:00+00:00,0.91520,0.91630,0.91160,0.91370,4117526
2025-09-18T02:15:00+00:00,0.91370,0.91430,0.90850,0.90900,4222249
2025-09-18T02:30:00+00:00,0.90910,0.91080,0.90730,0.91010,7547239
2025-09-18T02:45:00+00:00,0.91010,0.91650,0.91000,0.91610,5493547
2025-09-18T03:00:00+00:00,0.91620,0.92460,0.91510,0.92410,13481102
2025-09-18T03:15:00+00:00,0.92410,0.92540,0.91850,0.92000,13339195
2025-09-18T03:30:00+00:00,0.92000,0.92110,0.91630,0.91660,10135845
2025-09-18T03:45:00+00:00,0.91670,0.91870,0.91590,0.91750,5979955
2025-09-18T04:00:00+00:00,0.91760,0.91850,0.91540,0.91630,4471592
2025-09-18T04:15:00+00:00,0.91630,0.91740,0.91280,0.91340,6913572
2025-09-18T04:30:00+00:00,0.91340,0.91580,0.91200,0.91480,5980277
2025-09-18T04:45:00+00:00,0.91480,0.91500,0.91290,0.91410,4053406
2025-09-18T05:00:00+00:00,0.91410,0.91450,0.91230,0.91230,2674157
2025-09-18T05:15:00+00:00,0.91230,0.91350,0.90920,0.90940,5061316
2025-09-18T05:30:00+00:00,0.90940,0.91000,0.90710,0.90940,5091542
2025-09-18T05:45:00+00:00,0.90950,0.91020,0.90770,0.90910,3567087
2025-09-18T06:00:00+00:00,0.90900,0.91010,0.90260,0.90350,12360619
2025-09-18T06:15:00+00:00,0.90360,0.90560,0.89950,0.90020,14180539
2025-09-18T06:30:00+00:00,0.90030,0.90370,0.89940,0.90190,6569406
2025-09-18T06:45:00+00:00,0.90190,0.90430,0.90140,0.90330,4934002
2025-09-18T07:00:00+00:00,0.90330,0.90580,0.90330,0.90400,6291227
2025-09-18T07:15:00+00:00,0.90410,0.90470,0.90150,0.90270,6177309
2025-09-18T07:30:00+00:00,0.90270,0.90900,0.90210,0.90870,13521388
2025-09-18T07:45:00+00:00,0.90880,0.91380,0.90710,0.90780,18657859
2025-09-18T08:00:00+00:00,0.90780,0.91320,0.90720,0.91230,6880194
2025-09-18T08:15:00+00:00,0.91240,0.91600,0.91080,0.91540,6187463
2025-09-18T08:30:00+00:00,0.91530,0.91800,0.91420,0.91430,5161338
2025-09-18T08:45:00+00:00,0.91420,0.92050,0.91160,0.91960,12768260
2025-09-18T09:00:00+00:00,0.91960,0.92020,0.91530,0.91640,7755012
2025-09-18T09:15:00+00:00,0.91630,0.92030,0.91630,0.91790,4079520
2025-09-18T09:30:00+00:00,0.91790,0.91940,0.91570,0.91660,5509561
2025-09-18T09:45:00+00:00,0.91660,0.91830,0.91580,0.91790,2898033
2025-09-18T10:00:00+00:00,0.91790,0.91940,0.91170,0.91360,6904921
2025-09-18T10:15:00+00:00,0.91360,0.91450,0.91050,0.91100,4949854
2025-09-18T10:30:00+00:00,0.91100,0.91390,0.91080,0.91290,3574240
2025-09-18T10:45:00+00:00,0.91290,0.91350,0.91170,0.91300,2289335
2025-09-18T11:00:00+00:00,0.91300,0.91480,0.91200,0.91330,3315865
2025-09-18T11:15:00+00:00,0.91330,0.91580,0.91320,0.91450,2231526
2025-09-18T11:30:00+00:00,0.91460,0.91610,0.91190,0.91270,2721545
2025-09-18T11:45:00+00:00,0.91260,0.91350,0.91160,0.91330,2563553
2025-09-18T12:00:00+00:00,0.91330,0.91400,0.91100,0.91390,4522868
2025-09-18T12:15:00+00:00,0.91380,0.91700,0.91190,0.91620,4015901
2025-09-18T12:30:00+00:00,0.91620,0.91630,0.91130,0.91480,10450512
2025-09-18T12:45:00+00:00,0.91480,0.91630,0.91320,0.91340,2153072
2025-09-18T13:00:00+00:00,0.91340,0.91490,0.91110,0.91450,4286714
2025-09-18T13:15:00+00:00,0.91460,0.91660,0.91420,0.91500,4601273
2025-09-18T13:30:00+00:00,0.91500,0.91920,0.91140,0.91240,10974103
2025-09-18T13:45:00+00:00,0.91240,0.91540,0.90760,0.91460,12227784
2025-09-18T14:00:00+00:00,0.91450,0.91900,0.91370,0.91650,10097545
2025-09-18T14:15:00+00:00,0.91650,0.91970,0.91530,0.91840,8374888
2025-09-18T14:30:00+00:00,0.91840,0.92150,0.91370,0.91700,7970684
2025-09-18T14:45:00+00:00,0.91700,0.92320,0.91630,0.92280,11944090
2025-09-18T15:00:00+00:00,0.92280,0.92760,0.91710,0.92050,30259240
2025-09-18T15:15:00+00:00,0.92060,0.92380,0.91810,0.92130,12832210
2025-09-18T15:30:00+00:00,0.92130,0.92800,0.92130,0.92330,17466577
2025-09-18T15:45:00+00:00,0.92340,0.92810,0.92300,0.92670,12335701
2025-09-18T16:00:00+00:00,0.92680,0.92900,0.92360,0.92450,8096470
2025-09-18T16:15:00+00:00,0.92460,0.92710,0.92310,0.92450,6606393
2025-09-18T16:30:00+00:00,0.92460,0.92720,0.92200,0.92650,7272584
2025-09-18T16:45:00+00:00,0.92650,0.92700,0.92390,0.92480,4643153
2025-09-18T17:00:00+00:00,0.92470,0.93120,0.92360,0.93090,11869398
2025-09-18T17:15:00+00:00,0.93090,0.93330,0.92720,0.92770,13681462
2025-09-18T17:30:00+00:00,0.92770,0.93010,0.92640,0.92830,6813024
2025-09-18T17:45:00+00:00,0.92840,0.93270,0.92840,0.93150,4880956
2025-09-18T18:00:00+00:00,0.93150,0.93260,0.92920,0.93110,5594956
2025-09-18T18:15:00+00:00,0.93110,0.93420,0.92980,0.93300,6138317
2025-09-18T18:30:00+00:00,0.93310,0.93480,0.93160,0.93400,5019818
2025-09-18T18:45:00+00:00,0.93400,0.93840,0.93380,0.93740,9144728
2025-09-18T19:00:00+00:00,0.93740,0.93800,0.93260,0.93260,5435794
2025-09-18T19:15:00+00:00,0.93260,0.93280,0.92810,0.92850,7438856
2025-09-18T19:30:00+00:00,0.92840,0.92910,0.92510,0.92780,11300782
2025-09-18T19:45:00+00:00,0.92770,0.93140,0.92580,0.92970,5682420
2025-09-18T20:00:00+00:00,0.92980,0.93220,0.92840,0.93010,4059485
2025-09-18T20:15:00+00:00,0.93010,0.93240,0.92810,0.93240,5444783
2025-09-18T20:30:00+00:00,0.93240,0.93260,0.92990,0.93090,4008707
2025-09-18T20:45:00+00:00,0.93080,0.93360,0.92970,0.93010,4208998
2025-09-18T21:00:00+00:00,0.93020,0.93120,0.92630,0.92700,4552982
2025-09-18T21:15:00+00:00,0.92690,0.93080,0.92570,0.92950,4684729
2025-09-18T21:30:00+00:00,0.92950,0.93160,0.92930,0.93090,2082505
2025-09-18T21:45:00+00:00,0.93090,0.93180,0.92770,0.92830,2233761
2025-09-18T22:00:00+00:00,0.92830,0.92940,0.92370,0.92420,6383022
2025-09-18T22:15:00+00:00,0.92410,0.92630,0.92360,0.92480,5630118
2025-09-18T22:30:00+00:00,0.92490,0.92680,0.92460,0.92590,4204846
2025-09-18T22:45:00+00:00,0.92600,0.92650,0.92220,0.92260,5059613
2025-09-18T23:00:00+00:00,0.92260,0.92300,0.91570,0.92110,31101830
2025-09-18T23:15:00+00:00,0.92110,0.92170,0.91850,0.92140,4592464
2025-09-18T23:30:00+00:00,0.92150,0.92480,0.92130,0.92350,5000421
2025-09-18T23:45:00+00:00,0.92350,0.92570,0.92300,0.92410,2608037
2025-09-19T00:00:00+00:00,0.92420,0.92820,0.92420,0.92580,4356397
2025-09-19T00:15:00+00:00,0.92580,0.92990,0.92540,0.92970,9007844
2025-09-19T00:30:00+00:00,0.92970,0.93390,0.92890,0.93300,8861477
2025-09-19T00:45:00+00:00,0.93300,0.93480,0.93080,0.93450,4714163
2025-09-19T01:00:00+00:00,0.93460,0.93770,0.93080,0.93100,9591471
2025-09-19T01:15:00+00:00,0.93110,0.93250,0.93000,0.93210,7817303
2025-09-19T01:30:00+00:00,0.93220,0.93420,0.92860,0.92970,7191019
2025-09-19T01:45:00+00:00,0.92980,0.93400,0.92750,0.93260,8693235
2025-09-19T02:00:00+00:00,0.93260,0.93370,0.92830,0.92920,4656258
2025-09-19T02:15:00+00:00,0.92920,0.92970,0.92670,0.92750,3941591
2025-09-19T02:30:00+00:00,0.92750,0.92830,0.92390,0.92570,6205471
2025-09-19T02:45:00+00:00,0.92570,0.92860,0.92500,0.92540,3899594
2025-09-19T03:00:00+00:00,0.92540,0.92970,0.92480,0.92840,3292930
2025-09-19T03:15:00+00:00,0.92840,0.93230,0.92600,0.92670,6244338
2025-09-19T03:30:00+00:00,0.92680,0.92720,0.92040,0.92210,13763608
2025-09-19T03:45:00+00:00,0.92200,0.92200,0.91840,0.91920,6598915
2025-09-19T04:00:00+00:00,0.91920,0.91920,0.90910,0.90910,29512879
2025-09-19T04:15:00+00:00,0.90920,0.91510,0.90900,0.91510,9316004
2025-09-19T04:30:00+00:00,0.91510,0.91990,0.91300,0.91880,8811367
2025-09-19T04:45:00+00:00,0.91890,0.92250,0.91880,0.92210,8401548
2025-09-19T05:00:00+00:00,0.92210,0.92230,0.91830,0.92190,5161665
2025-09-19T05:15:00+00:00,0.92190,0.92290,0.91440,0.91460,7822646
2025-09-19T05:30:00+00:00,0.91450,0.91700,0.91260,0.91460,8709020
2025-09-19T05:45:00+00:00,0.91460,0.91720,0.91460,0.91540,3736552
2025-09-19T06:00:00+00:00,0.91530,0.91540,0.91060,0.91070,6409717
2025-09-19T06:15:00+00:00,0.91070,0.91400,0.90910,0.90960,6252889
2025-09-19T06:30:00+00:00,0.90960,0.91070,0.90650,0.90960,10240528
2025-09-19T06:45:00+00:00,0.90950,0.91110,0.90370,0.90420,10057254
2025-09-19T07:00:00+00:00,0.90430,0.90710,0.90200,0.90590,10803890
2025-09-19T07:15:00+00:00,0.90580,0.90940,0.90560,0.90790,5434029
2025-09-19T07:30:00+00:00,0.90780,0.90910,0.90570,0.90770,6726359
2025-09-19T07:45:00+00:00,0.90770,0.90890,0.90320,0.90390,5592091
2025-09-19T08:00:00+00:00,0.90390,0.90890,0.90340,0.90800,4524791
2025-09-19T08:15:00+00:00,0.90810,0.91150,0.90780,0.90990,4760592
2025-09-19T08:30:00+00:00,0.90980,0.91020,0.90630,0.90940,4611909
2025-09-19T08:45:00+00:00,0.90950,0.90950,0.90630,0.90790,2370812
2025-09-19T09:00:00+00:00,0.90780,0.91150,0.90720,0.91100,4928188
2025-09-19T09:15:00+00:00,0.91100,0.91120,0.90490,0.90600,4607639
2025-09-19T09:30:00+00:00,0.90600,0.90770,0.90150,0.90170,5261547
2025-09-19T09:45:00+00:00,0.90180,0.90280,0.89990,0.90180,8769032
2025-09-19T10:00:00+00:00,0.90190,0.90370,0.90000,0.90280,5782142
2025-09-19T10:15:00+00:00,0.90270,0.90420,0.90210,0.90210,3388122
2025-09-19T10:30:00+00:00,0.90210,0.90490,0.90040,0.90380,3762257
2025-09-19T10:45:00+00:00,0.90380,0.90410,0.90250,0.90280,2571397
2025-09-19T11:00:00+00:00,0.90280,0.90310,0.89660,0.89840,10750376
2025-09-19T11:15:00+00:00,0.89840,0.89950,0.89320,0.89340,12940022
2025-09-19T11:30:00+00:00,0.89340,0.89890,0.89320,0.89460,23398170
2025-09-19T11:45:00+00:00,0.89450,0.89720,0.89350,0.89610,8504639
2025-09-19T12:00:00+00:00,0.89610,0.90020,0.89570,0.90020,5838994
2025-09-19T12:15:00+00:00,0.90020,0.90320,0.89690,0.89750,17207169
2025-09-19T12:30:00+00:00,0.89750,0.90100,0.89730,0.90010,4339422
2025-09-19T12:45:00+00:00,0.90010,0.90030,0.89870,0.89870,4459700
2025-09-19T13:00:00+00:00,0.89860,0.90180,0.89840,0.90100,4545687
2025-09-19T13:15:00+00:00,0.90100,0.90640,0.89930,0.90460,14255174
2025-09-19T13:30:00+00:00,0.90460,0.90810,0.90350,0.90440,15095637
2025-09-19T13:45:00+00:00,0.90440,0.90840,0.90220,0.90710,10871712
2025-09-19T14:00:00+00:00,0.90720,0.90870,0.90560,0.90680,5541163
2025-09-19T14:15:00+00:00,0.90680,0.90710,0.90070,0.90100,6984362
2025-09-19T14:30:00+00:00,0.90100,0.90350,0.89900,0.89950,7835331
2025-09-19T14:45:00+00:00,0.89960,0.90150,0.89530,0.89910,18075167
2025-09-19T15:00:00+00:00,0.89910,0.89960,0.89080,0.89270,19752215
2025-09-19T15:15:00+00:00,0.89280,0.89600,0.89100,0.89510,14121009
2025-09-19T15:30:00+00:00,0.89500,0.89840,0.89160,0.89720,7228197
2025-09-19T15:45:00+00:00,0.89720,0.89850,0.89450,0.89670,4470680
2025-09-19T16:00:00+00:00,0.89670,0.90200,0.89550,0.90170,9443213
2025-09-19T16:15:00+00:00,0.90160,0.90210,0.89880,0.90080,3931808
2025-09-19T16:30:00+00:00,0.90080,0.90250,0.89920,0.90170,3119798
2025-09-19T16:45:00+00:00,0.90170,0.90460,0.90140,0.90390,6192219
2025-09-19T17:00:00+00:00,0.90390,0.90440,0.89920,0.90000,5119321
2025-09-19T17:15:00+00:00,0.90000,0.90110,0.89760,0.90000,5784522
2025-09-19T17:30:00+00:00,0.90000,0.90000,0.89640,0.89840,6193853
2025-09-19T17:45:00+00:00,0.89840,0.89910,0.89680,0.89710,2368729
2025-09-19T18:00:00+00:00,0.89710,0.89770,0.89070,0.89340,12270988
2025-09-19T18:15:00+00:00,0.89330,0.89620,0.89140,0.89420,6344069
2025-09-19T18:30:00+00:00,0.89410,0.89880,0.89380,0.89770,5179290
2025-09-19T18:45:00+00:00,0.89780,0.89840,0.89440,0.89610,4822711
2025-09-19T19:00:00+00:00,0.89600,0.89800,0.89520,0.89530,3165626
2025-09-19T19:15:00+00:00,0.89530,0.89850,0.89500,0.89760,1698990
2025-09-19T19:30:00+00:00,0.89770,0.89810,0.89500,0.89550,3570466
2025-09-19T19:45:00+00:00,0.89550,0.89640,0.89410,0.89420,2702225
2025-09-19T20:00:00+00:00,0.89410,0.89720,0.89380,0.89610,3064517
2025-09-19T20:15:00+00:00,0.89610,0.89820,0.89540,0.89790,2956550
2025-09-19T20:30:00+00:00,0.89800,0.89830,0.89630,0.89740,2015826
2025-09-19T20:45:00+00:00,0.89750,0.89770,0.89210,0.89230,9456949
2025-09-19T21:00:00+00:00,0.89230,0.89410,0.88920,0.89400,7414196
2025-09-19T21:15:00+00:00,0.89400,0.89550,0.89300,0.89390,3425107
2025-09-19T21:30:00+00:00,0.89390,0.89650,0.89380,0.89540,2309138
2025-09-19T21:45:00+00:00,0.89540,0.89650,0.89400,0.89640,2425460
2025-09-19T22:00:00+00:00,0.89650,0.89720,0.89560,0.89700,1064460
2025-09-19T22:15:00+00:00,0.89700,0.89730,0.89520,0.89590,1258259
2025-09-19T22:30:00+00:00,0.89590,0.89720,0.89500,0.89550,1213273
2025-09-19T22:45:00+00:00,0.89560,0.89710,0.89490,0.89510,1162454
2025-09-19T23:00:00+00:00,0.89510,0.89540,0.88970,0.89010,4488526
2025-09-19T23:15:00+00:00,0.89010,0.89080,0.88520,0.88590,11393748
2025-09-19T23:30:00+00:00,0.88590,0.88770,0.88470,0.88770,5595431
2025-09-19T23:45:00+00:00,0.88770,0.89050,0.88770,0.88990,2056149
2025-09-20T00:00:00+00:00,0.88980,0.89200,0.88870,0.89170,4619427
2025-09-20T00:15:00+00:00,0.89180,0.89260,0.88810,0.88910,3416369
2025-09-20T00:30:00+00:00,0.88910,0.89460,0.88880,0.89450,2895450
2025-09-20T00:45:00+00:00,0.89450,0.89730,0.89400,0.89680,4355225
2025-09-20T01:00:00+00:00,0.89680,0.89690,0.89310,0.89310,2701849
2025-09-20T01:15:00+00:00,0.89300,0.89660,0.89230,0.89570,2245003
2025-09-20T01:30:00+00:00,0.89560,0.89600,0.89080,0.89440,4289870
2025-09-20T01:45:00+00:00,0.89430,0.89640,0.89370,0.89390,2907334
2025-09-20T02:00:00+00:00,0.89380,0.89390,0.88910,0.88940,4860211
2025-09-20T02:15:00+00:00,0.88940,0.89270,0.88800,0.89160,3710956
2025-09-20T02:30:00+00:00,0.89160,0.89350,0.88860,0.89320,3792641
2025-09-20T02:45:00+00:00,0.89320,0.89600,0.89220,0.89580,3625545
2025-09-20T03:00:00+00:00,0.89590,0.89620,0.89060,0.89250,6221154
2025-09-20T03:15:00+00:00,0.89250,0.89490,0.89210,0.89280,1670041
2025-09-20T03:30:00+00:00,0.89270,0.89430,0.89170,0.89390,1612964
2025-09-20T03:45:00+00:00,0.89380,0.89470,0.89250,0.89330,1339131
2025-09-20T04:00:00+00:00,0.89340,0.89350,0.89080,0.89230,2322465
2025-09-20T04:15:00+00:00,0.89220,0.89300,0.89100,0.89210,1786469
2025-09-20T04:30:00+00:00,0.89210,0.89560,0.89170,0.89550,1732321
2025-09-20T04:45:00+00:00,0.89540,0.89580,0.89390,0.89460,1433792
2025-09-20T05:00:00+00:00,0.89470,0.89540,0.89250,0.89490,1649063
2025-09-20T05:15:00+00:00,0.89500,0.89730,0.89420,0.89710,2782931
2025-09-20T05:30:00+00:00,0.89710,0.89920,0.89620,0.89710,5735495
2025-09-20T05:45:00+00:00,0.89720,0.89930,0.89690,0.89850,2813983
2025-09-20T06:00:00+00:00,0.89860,0.89890,0.89660,0.89710,2854411
2025-09-20T06:15:00+00:00,0.89710,0.89980,0.89690,0.89940,2630225
2025-09-20T06:30:00+00:00,0.89940,0.90160,0.89940,0.90090,3761848
2025-09-20T06:45:00+00:00,0.90100,0.90300,0.90070,0.90180,5403054
2025-09-20T07:00:00+00:00,0.90190,0.90340,0.90170,0.90210,3237861
2025-09-20T07:15:00+00:00,0.90220,0.90340,0.90110,0.90120,2461335
2025-09-20T07:30:00+00:00,0.90120,0.90320,0.89970,0.90270,5205977
2025-09-20T07:45:00+00:00,0.90280,0.90600,0.90250,0.90570,8996372
2025-09-20T08:00:00+00:00,0.90560,0.90590,0.90230,0.90300,5543199
2025-09-20T08:15:00+00:00,0.90310,0.90370,0.90040,0.90070,2477523
2025-09-20T08:30:00+00:00,0.90060,0.90150,0.89880,0.90040,4696724
2025-09-20T08:45:00+00:00,0.90040,0.90040,0.89330,0.89370,7140645
2025-09-20T09:00:00+00:00,0.89370,0.89590,0.89170,0.89520,7397055
2025-09-20T09:15:00+00:00,0.89520,0.89540,0.89300,0.89300,2461616
2025-09-20T09:30:00+00:00,0.89300,0.89310,0.88890,0.89100,7241975
2025-09-20T09:45:00+00:00,0.89100,0.89230,0.89040,0.89060,2016683
2025-09-20T10:00:00+00:00,0.89060,0.89350,0.89010,0.89260,3222856
2025-09-20T10:15:00+00:00,0.89270,0.89320,0.89070,0.89080,1669966
2025-09-20T10:30:00+00:00,0.89070,0.89110,0.88810,0.89020,4477365
2025-09-20T10:45:00+00:00,0.89020,0.89110,0.88780,0.88870,2742693
2025-09-20T11:00:00+00:00,0.88870,0.89210,0.88850,0.89090,2382009
2025-09-20T11:15:00+00:00,0.89080,0.89100,0.88660,0.88780,3777108
2025-09-20T11:30:00+00:00,0.88780,0.89090,0.88780,0.89080,3297736
2025-09-20T11:45:00+00:00,0.89070,0.89520,0.89070,0.89470,3238351
2025-09-20T12:00:00+00:00,0.89470,0.89520,0.89220,0.89300,4044745
2025-09-20T12:15:00+00:00,0.89290,0.89400,0.89100,0.89120,3683123
2025-09-20T12:30:00+00:00,0.89130,0.89300,0.89090,0.89160,1799493
2025-09-20T12:45:00+00:00,0.89170,0.89460,0.89170,0.89430,4250863
2025-09-20T13:00:00+00:00,0.89440,0.89500,0.89270,0.89350,3930373
2025-09-20T13:15:00+00:00,0.89350,0.89730,0.89310,0.89660,2887682
2025-09-20T13:30:00+00:00,0.89660,0.89860,0.89600,0.89660,2803398
2025-09-20T13:45:00+00:00,0.89670,0.89710,0.89450,0.89520,2558694
2025-09-20T14:00:00+00:00,0.89530,0.89540,0.89180,0.89260,3222360
2025-09-20T14:15:00+00:00,0.89250,0.89420,0.89190,0.89260,1565518
2025-09-20T14:30:00+00:00,0.89270,0.89460,0.89190,0.89400,1856566
2025-09-20T14:45:00+00:00,0.89410,0.89850,0.89400,0.89740,5799842
2025-09-20T15:00:00+00:00,0.89750,0.90190,0.89740,0.90110,6237296
2025-09-20T15:15:00+00:00,0.90120,0.90450,0.90070,0.90270,7174480
2025-09-20T15:30:00+00:00,0.90270,0.90290,0.89920,0.90020,4525561
2025-09-20T15:45:00+00:00,0.90030,0.90040,0.89810,0.89980,2159232
2025-09-20T16:00:00+00:00,0.89980,0.90300,0.89940,0.89980,4523860
2025-09-20T16:15:00+00:00,0.89990,0.90010,0.89220,0.89310,7903324
2025-09-20T16:30:00+00:00,0.89310,0.89950,0.89140,0.89840,5489247
2025-09-20T16:45:00+00:00,0.89830,0.89900,0.89680,0.89810,4758025
2025-09-20T17:00:00+00:00,0.89820,0.89870,0.89320,0.89370,3842490
2025-09-20T17:15:00+00:00,0.89380,0.89480,0.89200,0.89360,3113194
2025-09-20T17:30:00+00:00,0.89360,0.89600,0.89320,0.89420,2991206
2025-09-20T17:45:00+00:00,0.89420,0.89430,0.89230,0.89320,2474219
2025-09-20T18:00:00+00:00,0.89320,0.89320,0.89010,0.89110,3507626
2025-09-20T18:15:00+00:00,0.89110,0.89340,0.89020,0.89280,1744803
2025-09-20T18:30:00+00:00,0.89280,0.89280,0.88940,0.89120,2374752
2025-09-20T18:45:00+00:00,0.89120,0.89140,0.88980,0.89070,1966534
2025-09-20T19:00:00+00:00,0.89070,0.89180,0.88920,0.89160,2496489
2025-09-20T19:15:00+00:00,0.89160,0.89370,0.89160,0.89260,1635714
2025-09-20T19:30:00+00:00,0.89260,0.89330,0.89060,0.89070,2542761
2025-09-20T19:45:00+00:00,0.89070,0.89120,0.88940,0.89090,1566859
2025-09-20T20:00:00+00:00,0.89100,0.89230,0.89010,0.89120,2176333
2025-09-20T20:15:00+00:00,0.89120,0.89280,0.89060,0.89250,1293702
2025-09-20T20:30:00+00:00,0.89250,0.89420,0.89230,0.89350,1618516
2025-09-20T20:45:00+00:00,0.89350,0.89490,0.89350,0.89380,1382302
2025-09-20T21:00:00+00:00,0.89390,0.89510,0.89290,0.89500,1449204
2025-09-20T21:15:00+00:00,0.89510,0.89590,0.89380,0.89550,970213
2025-09-20T21:30:00+00:00,0.89560,0.89750,0.89510,0.89720,2413191
2025-09-20T21:45:00+00:00,0.89720,0.89730,0.89510,0.89550,1079471
2025-09-20T22:00:00+00:00,0.89560,0.89600,0.89390,0.89550,1826252
2025-09-20T22:15:00+00:00,0.89560,0.89560,0.89410,0.89430,1295190
2025-09-20T22:30:00+00:00,0.89420,0.89440,0.89260,0.89340,1663771
2025-09-20T22:45:00+00:00,0.89350,0.89600,0.89350,0.89500,1639457
2025-09-20T23:00:00+00:00,0.89510,0.89530,0.89270,0.89310,1222960
2025-09-20T23:15:00+00:00,0.89310,0.89360,0.89210,0.89240,1209979
2025-09-20T23:30:00+00:00,0.89240,0.89250,0.89150,0.89150,1672530
2025-09-20T23:45:00+00:00,0.89160,0.89330,0.89110,0.89260,1458901
2025-09-21T00:00:00+00:00,0.89250,0.89410,0.89200,0.89360,3128996
2025-09-21T00:15:00+00:00,0.89360,0.89380,0.89090,0.89130,2989394
2025-09-21T00:30:00+00:00,0.89120,0.89490,0.88950,0.89390,3506699
2025-09-21T00:45:00+00:00,0.89390,0.89710,0.89390,0.89580,3598349
2025-09-21T01:00:00+00:00,0.89580,0.89720,0.89250,0.89370,2737078
2025-09-21T01:15:00+00:00,0.89380,0.89470,0.89320,0.89360,1290059
2025-09-21T01:30:00+00:00,0.89360,0.89360,0.89120,0.89160,1623246
2025-09-21T01:45:00+00:00,0.89170,0.89310,0.89060,0.89170,1887205
2025-09-21T02:00:00+00:00,0.89150,0.89530,0.89120,0.89460,2244104
2025-09-21T02:15:00+00:00,0.89450,0.89560,0.88920,0.89310,4680411
2025-09-21T02:30:00+00:00,0.89320,0.89590,0.89200,0.89510,2349445
2025-09-21T02:45:00+00:00,0.89510,0.89650,0.89470,0.89600,2235867
2025-09-21T03:00:00+00:00,0.89590,0.89660,0.89450,0.89620,1853850
2025-09-21T03:15:00+00:00,0.89620,0.89680,0.89480,0.89620,2461783
2025-09-21T03:30:00+00:00,0.89620,0.89680,0.89520,0.89660,1506889
2025-09-21T03:45:00+00:00,0.89650,0.89820,0.89630,0.89820,2813060
2025-09-21T04:00:00+00:00,0.89820,0.89850,0.89530,0.89590,2328211
2025-09-21T04:15:00+00:00,0.89590,0.89730,0.89580,0.89640,1987801
2025-09-21T04:30:00+00:00,0.89640,0.89770,0.89610,0.89700,1262754
2025-09-21T04:45:00+00:00,0.89710,0.89820,0.89600,0.89810,1261055
2025-09-21T05:00:00+00:00,0.89800,0.90050,0.89710,0.89820,3585544
2025-09-21T05:15:00+00:00,0.89830,0.89890,0.89700,0.89760,1044289
2025-09-21T05:30:00+00:00,0.89770,0.89780,0.89630,0.89680,1296975
2025-09-21T05:45:00+00:00,0.89690,0.89910,0.89650,0.89910,2299242
2025-09-21T06:00:00+00:00,0.89910,0.90230,0.89880,0.90180,3528479
2025-09-21T06:15:00+00:00,0.90180,0.90230,0.89940,0.90070,2708543
2025-09-21T06:30:00+00:00,0.90080,0.90090,0.89890,0.90000,1982166
2025-09-21T06:45:00+00:00,0.90010,0.90030,0.89930,0.89930,1490116
2025-09-21T07:00:00+00:00,0.89930,0.90010,0.89800,0.89970,2370225
2025-09-21T07:15:00+00:00,0.89970,0.90050,0.89890,0.90010,1522378
2025-09-21T07:30:00+00:00,0.90010,0.90100,0.89990,0.90080,2624919
2025-09-21T07:45:00+00:00,0.90070,0.90070,0.89800,0.89920,1913685
2025-09-21T08:00:00+00:00,0.89930,0.89990,0.89660,0.89690,3949228
2025-09-21T08:15:00+00:00,0.89690,0.89700,0.89310,0.89310,3118321
2025-09-21T08:30:00+00:00,0.89310,0.89380,0.89230,0.89280,3655203
2025-09-21T08:45:00+00:00,0.89290,0.89330,0.89100,0.89160,4019841
2025-09-21T09:00:00+00:00,0.89160,0.89230,0.88850,0.88890,7874185
2025-09-21T09:15:00+00:00,0.88890,0.88910,0.87830,0.88210,35326530
2025-09-21T09:30:00+00:00,0.88200,0.88290,0.87650,0.88230,17219714
2025-09-21T09:45:00+00:00,0.88220,0.88550,0.88030,0.88480,9067219
2025-09-21T10:00:00+00:00,0.88480,0.88560,0.88330,0.88380,5110597
2025-09-21T10:15:00+00:00,0.88380,0.88450,0.88240,0.88380,2873920
2025-09-21T10:30:00+00:00,0.88380,0.88540,0.88290,0.88290,3212259
2025-09-21T10:45:00+00:00,0.88300,0.88300,0.88080,0.88080,3679816
2025-09-21T11:00:00+00:00,0.88080,0.88420,0.87990,0.88340,5035147
2025-09-21T11:15:00+00:00,0.88340,0.88340,0.88160,0.88210,3856733
2025-09-21T11:30:00+00:00,0.88210,0.88470,0.88180,0.88360,2588240
2025-09-21T11:45:00+00:00,0.88360,0.88410,0.88080,0.88170,3295727
2025-09-21T12:00:00+00:00,0.88170,0.88520,0.88110,0.88420,3082329
2025-09-21T12:15:00+00:00,0.88430,0.88740,0.88400,0.88640,3414610
2025-09-21T12:30:00+00:00,0.88640,0.88750,0.88470,0.88540,6559968
2025-09-21T12:45:00+00:00,0.88540,0.88640,0.88360,0.88500,2366868
2025-09-21T13:00:00+00:00,0.88500,0.88670,0.88450,0.88570,2178319
2025-09-21T13:15:00+00:00,0.88570,0.88740,0.88510,0.88720,1613332
2025-09-21T13:30:00+00:00,0.88720,0.88870,0.88540,0.88610,2357334
2025-09-21T13:45:00+00:00,0.88610,0.88780,0.88600,0.88750,1366050
2025-09-21T14:00:00+00:00,0.88750,0.88870,0.88670,0.88820,2247924
2025-09-21T14:15:00+00:00,0.88830,0.88840,0.88580,0.88580,1892530
2025-09-21T14:30:00+00:00,0.88590,0.88740,0.88460,0.88730,2182688
2025-09-21T14:45:00+00:00,0.88730,0.88930,0.88440,0.88440,2647306
2025-09-21T15:00:00+00:00,0.88440,0.88590,0.88360,0.88560,2281435
2025-09-21T15:15:00+00:00,0.88560,0.88750,0.88450,0.88450,3428867
2025-09-21T15:30:00+00:00,0.88460,0.88670,0.88330,0.88660,3516133
2025-09-21T15:45:00+00:00,0.88660,0.88750,0.88460,0.88520,3151709
2025-09-21T16:00:00+00:00,0.88530,0.88670,0.88510,0.88520,3152626
2025-09-21T16:15:00+00:00,0.88530,0.88590,0.88020,0.88270,7480481
2025-09-21T16:30:00+00:00,0.88270,0.88350,0.87730,0.87780,6826446
2025-09-21T16:45:00+00:00,0.87780,0.87980,0.87630,0.87930,7785946
2025-09-21T17:00:00+00:00,0.87940,0.88070,0.87570,0.87720,6264488
2025-09-21T17:15:00+00:00,0.87710,0.87840,0.87430,0.87760,5068355
2025-09-21T17:30:00+00:00,0.87750,0.88100,0.87620,0.88080,4141050
2025-09-21T17:45:00+00:00,0.88080,0.88650,0.88050,0.88630,3965769
2025-09-21T18:00:00+00:00,0.88630,0.88790,0.88600,0.88610,6513358
2025-09-21T18:15:00+00:00,0.88620,0.88790,0.88440,0.88530,3088300
2025-09-21T18:30:00+00:00,0.88530,0.88710,0.88500,0.88690,1834195
2025-09-21T18:45:00+00:00,0.88690,0.88900,0.88620,0.88890,2505873
2025-09-21T19:00:00+00:00,0.88900,0.88900,0.88230,0.88300,4911826
2025-09-21T19:15:00+00:00,0.88300,0.88580,0.88190,0.88570,1849145
2025-09-21T19:30:00+00:00,0.88560,0.88610,0.88430,0.88520,1121765
2025-09-21T19:45:00+00:00,0.88530,0.88830,0.88490,0.88800,1325547
2025-09-21T20:00:00+00:00,0.88810,0.88870,0.88460,0.88530,2231945
2025-09-21T20:15:00+00:00,0.88530,0.88870,0.88480,0.88840,1902871
2025-09-21T20:30:00+00:00,0.88840,0.88840,0.88540,0.88560,1369343
2025-09-21T20:45:00+00:00,0.88560,0.88700,0.88480,0.88610,1333835
2025-09-21T21:00:00+00:00,0.88620,0.88690,0.88430,0.88580,2653774
2025-09-21T21:15:00+00:00,0.88570,0.88590,0.88280,0.88300,1621338
2025-09-21T21:30:00+00:00,0.88300,0.88650,0.88240,0.88650,1682211
2025-09-21T21:45:00+00:00,0.88650,0.88670,0.88400,0.88420,658095
2025-09-21T22:00:00+00:00,0.88420,0.88560,0.88020,0.88080,3602001
2025-09-21T22:15:00+00:00,0.88080,0.88300,0.87900,0.88280,1953121
2025-09-21T22:30:00+00:00,0.88270,0.88490,0.88160,0.88480,1161970
2025-09-21T22:45:00+00:00,0.88470,0.88790,0.88450,0.88740,1520457
2025-09-21T23:00:00+00:00,0.88740,0.88790,0.88130,0.88350,3842371
2025-09-21T23:15:00+00:00,0.88350,0.88530,0.88180,0.88520,1550326
2025-09-21T23:30:00+00:00,0.88520,0.88580,0.88300,0.88500,2083783
2025-09-21T23:45:00+00:00,0.88500,0.88520,0.88320,0.88350,863582
2025-09-22T00:00:00+00:00,0.88350,0.88730,0.88200,0.88390,5176499
2025-09-22T00:15:00+00:00,0.88400,0.88520,0.87810,0.87930,7172712
2025-09-22T00:30:00+00:00,0.87920,0.87920,0.86100,0.86870,68184497
2025-09-22T00:45:00+00:00,0.86870,0.87140,0.86100,0.86390,18913728
2025-09-22T01:00:00+00:00,0.86390,0.86900,0.86200,0.86450,10701245
2025-09-22T01:15:00+00:00,0.86450,0.86840,0.86300,0.86740,9338367
2025-09-22T01:30:00+00:00,0.86730,0.87180,0.86670,0.87020,5406755
2025-09-22T01:45:00+00:00,0.87030,0.87140,0.86260,0.86330,6301854
2025-09-22T02:00:00+00:00,0.86330,0.86530,0.86030,0.86030,9871279
2025-09-22T02:15:00+00:00,0.86030,0.86170,0.85370,0.85750,25555219
2025-09-22T02:30:00+00:00,0.85750,0.85770,0.84600,0.85170,38674916
2025-09-22T02:45:00+00:00,0.85170,0.85360,0.85060,0.85190,8195186
2025-09-22T03:00:00+00:00,0.85190,0.85480,0.85090,0.85310,7658147
2025-09-22T03:15:00+00:00,0.85300,0.85670,0.85280,0.85660,5059376
2025-09-22T03:30:00+00:00,0.85660,0.85670,0.85120,0.85150,6435832
2025-09-22T03:45:00+00:00,0.85140,0.85560,0.85140,0.85530,4787268
2025-09-22T04:00:00+00:00,0.85530,0.85590,0.85100,0.85130,5103554
2025-09-22T04:15:00+00:00,0.85120,0.85440,0.85060,0.85410,4099891
2025-09-22T04:30:00+00:00,0.85410,0.85550,0.85320,0.85390,3106645
2025-09-22T04:45:00+00:00,0.85380,0.85480,0.85280,0.85280,3879969
2025-09-22T05:00:00+00:00,0.85290,0.85300,0.84930,0.85050,4360501
2025-09-22T05:15:00+00:00,0.85060,0.85220,0.84880,0.85070,4006247
2025-09-22T05:30:00+00:00,0.85070,0.85080,0.84620,0.84640,5971252
2025-09-22T05:45:00+00:00,0.84630,0.84820,0.83300,0.83310,17755395
2025-09-22T06:00:00+00:00,0.83330,0.83470,0.77820,0.81390,180174172
2025-09-22T06:15:00+00:00,0.81390,0.82170,0.81200,0.81830,35412171
2025-09-22T06:30:00+00:00,0.81830,0.82330,0.81650,0.82320,14224741
2025-09-22T06:45:00+00:00,0.82330,0.82420,0.82040,0.82360,9005057
2025-09-22T07:00:00+00:00,0.82370,0.82370,0.81970,0.82100,12381316
2025-09-22T07:15:00+00:00,0.82090,0.82260,0.81820,0.82160,7961819
2025-09-22T07:30:00+00:00,0.82160,0.82360,0.81790,0.81870,14134883
2025-09-22T07:45:00+00:00,0.81860,0.82060,0.81630,0.81680,7033428
2025-09-22T08:00:00+00:00,0.81670,0.82010,0.81240,0.81820,15271255
2025-09-22T08:15:00+00:00,0.81820,0.81950,0.81430,0.81720,13773291
2025-09-22T08:30:00+00:00,0.81710,0.82120,0.81640,0.82060,4970343
2025-09-22T08:45:00+00:00,0.82060,0.82250,0.81930,0.81990,5830302
2025-09-22T09:00:00+00:00,0.81980,0.82020,0.81750,0.81860,5392414
2025-09-22T09:15:00+00:00,0.81860,0.82110,0.81680,0.81830,4960855
2025-09-22T09:30:00+00:00,0.81830,0.81890,0.81640,0.81740,5659885
2025-09-22T09:45:00+00:00,0.81730,0.81790,0.81280,0.81440,8247739
2025-09-22T10:00:00+00:00,0.81430,0.81880,0.81200,0.81780,8080345
2025-09-22T10:15:00+00:00,0.81770,0.82010,0.81680,0.81940,4604870
2025-09-22T10:30:00+00:00,0.81940,0.81940,0.81570,0.81900,4223250
2025-09-22T10:45:00+00:00,0.81890,0.82760,0.81870,0.82480,13729538
2025-09-22T11:00:00+00:00,0.82470,0.82630,0.82370,0.82400,7756026
2025-09-22T11:15:00+00:00,0.82390,0.82540,0.82220,0.82250,7222026
2025-09-22T11:30:00+00:00,0.82250,0.82330,0.82050,0.82180,6122177
2025-09-22T11:45:00+00:00,0.82180,0.82370,0.82040,0.82190,4603841
2025-09-22T12:00:00+00:00,0.82190,0.82200,0.81860,0.82090,6821350
2025-09-22T12:15:00+00:00,0.82090,0.82490,0.82060,0.82420,5090863
2025-09-22T12:30:00+00:00,0.82410,0.82480,0.82220,0.82300,4276278
2025-09-22T12:45:00+00:00,0.82300,0.82780,0.82290,0.82700,7467101
2025-09-22T13:00:00+00:00,0.82690,0.83160,0.82590,0.83100,12104641
2025-09-22T13:15:00+00:00,0.83110,0.83170,0.82750,0.82910,7931279
2025-09-22T13:30:00+00:00,0.82910,0.83030,0.82460,0.82470,6527356
2025-09-22T13:45:00+00:00,0.82470,0.83060,0.82250,0.83050,6825600
2025-09-22T14:00:00+00:00,0.83040,0.83110,0.82660,0.82690,7651514
2025-09-22T14:15:00+00:00,0.82700,0.83180,0.82690,0.83150,6570630
2025-09-22T14:30:00+00:00,0.83140,0.83250,0.82760,0.82860,7673406
2025-09-22T14:45:00+00:00,0.82860,0.82900,0.82280,0.82440,6847982
2025-09-22T15:00:00+00:00,0.82440,0.82630,0.82220,0.82310,7604397
2025-09-22T15:15:00+00:00,0.82310,0.82400,0.82050,0.82360,5084075
2025-09-22T15:30:00+00:00,0.82370,0.82370,0.82020,0.82070,4473759
2025-09-22T15:45:00+00:00,0.82080,0.82220,0.81860,0.82000,6700629
2025-09-22T16:00:00+00:00,0.81990,0.82670,0.81990,0.82460,6947424
2025-09-22T16:15:00+00:00,0.82470,0.82550,0.82210,0.82290,4836345
2025-09-22T16:30:00+00:00,0.82290,0.82380,0.81960,0.81990,4613788
2025-09-22T16:45:00+00:00,0.81990,0.82120,0.81870,0.82020,3162923
2025-09-22T17:00:00+00:00,0.82030,0.82130,0.81730,0.81870,8363924
2025-09-22T17:15:00+00:00,0.81870,0.82280,0.81770,0.82190,5808139
2025-09-22T17:30:00+00:00,0.82180,0.82290,0.81930,0.82080,3096741
2025-09-22T17:45:00+00:00,0.82080,0.82340,0.82060,0.82180,3119571
2025-09-22T18:00:00+00:00,0.82170,0.82250,0.81980,0.81990,3006539
2025-09-22T18:15:00+00:00,0.81990,0.81990,0.81750,0.81890,2209924
2025-09-22T18:30:00+00:00,0.81880,0.82130,0.81850,0.81990,2827869
2025-09-22T18:45:00+00:00,0.81990,0.82080,0.81780,0.81790,2331280
2025-09-22T19:00:00+00:00,0.81780,0.81860,0.81650,0.81670,3250692
2025-09-22T19:15:00+00:00,0.81670,0.81910,0.81460,0.81660,4536675
2025-09-22T19:30:00+00:00,0.81660,0.81740,0.81340,0.81610,8660733
2025-09-22T19:45:00+00:00,0.81610,0.81670,0.81330,0.81490,6621234
2025-09-22T20:00:00+00:00,0.81490,0.81830,0.81280,0.81830,5835954
2025-09-22T20:15:00+00:00,0.81820,0.81870,0.81620,0.81780,2556645
2025-09-22T20:30:00+00:00,0.81780,0.82310,0.81780,0.82180,4691987
2025-09-22T20:45:00+00:00,0.82180,0.82310,0.81980,0.82220,3217817
2025-09-22T21:00:00+00:00,0.82210,0.82240,0.81980,0.82030,2450766
2025-09-22T21:15:00+00:00,0.82040,0.82380,0.82040,0.82230,2273459
2025-09-22T21:30:00+00:00,0.82240,0.82520,0.82180,0.82480,2723596
2025-09-22T21:45:00+00:00,0.82480,0.82720,0.82420,0.82620,3428206
2025-09-22T22:00:00+00:00,0.82620,0.82630,0.82390,0.82500,3413155
2025-09-22T22:15:00+00:00,0.82500,0.82530,0.82370,0.82380,1526328
2025-09-22T22:30:00+00:00,0.82380,0.82460,0.82330,0.82450,2156805
2025-09-22T22:45:00+00:00,0.82450,0.82460,0.82290,0.82390,1453875
2025-09-22T23:00:00+00:00,0.82390,0.82550,0.82330,0.82400,2347031
2025-09-22T23:15:00+00:00,0.82410,0.82540,0.82380,0.82380,1882555
2025-09-22T23:30:00+00:00,0.82390,0.82540,0.82320,0.82450,2539554
2025-09-22T23:45:00+00:00,0.82450,0.82550,0.82360,0.82520,1786849
2025-09-23T00:00:00+00:00,0.82520,0.82590,0.82340,0.82560,3789147
2025-09-23T00:15:00+00:00,0.82570,0.82890,0.82570,0.82800,5155495
2025-09-23T00:30:00+00:00,0.82810,0.82880,0.82270,0.82330,3814086
2025-09-23T00:45:00+00:00,0.82330,0.82390,0.82150,0.82180,2796101
2025-09-23T01:00:00+00:00,0.82180,0.82240,0.81840,0.81880,4841484
2025-09-23T01:15:00+00:00,0.81880,0.82230,0.81840,0.82200,2591398
2025-09-23T01:30:00+00:00,0.82190,0.82200,0.81650,0.81770,2783500
2025-09-23T01:45:00+00:00,0.81760,0.81890,0.81460,0.81500,4852334
2025-09-23T02:00:00+00:00,0.81490,0.82000,0.81490,0.81770,4896100
2025-09-23T02:15:00+00:00,0.81770,0.81790,0.81220,0.81250,6428910
2025-09-23T02:30:00+00:00,0.81240,0.81410,0.80980,0.81200,13364717
2025-09-23T02:45:00+00:00,0.81190,0.81250,0.80770,0.80870,9251866
2025-09-23T03:00:00+00:00,0.80880,0.80890,0.80260,0.80840,23392944
2025-09-23T03:15:00+00:00,0.80840,0.81950,0.80760,0.81810,13586718
2025-09-23T03:30:00+00:00,0.81820,0.82710,0.81800,0.82200,15723265
2025-09-23T03:45:00+00:00,0.82200,0.82490,0.82120,0.82190,5554932
2025-09-23T04:00:00+00:00,0.82200,0.82390,0.82020,0.82050,3967245
2025-09-23T04:15:00+00:00,0.82040,0.82100,0.81670,0.81690,3555729
2025-09-23T04:30:00+00:00,0.81680,0.81820,0.81400,0.81700,7443359
2025-09-23T04:45:00+00:00,0.81690,0.81840,0.81490,0.81780,2942888
2025-09-23T05:00:00+00:00,0.81780,0.81910,0.81470,0.81860,4041146
2025-09-23T05:15:00+00:00,0.81870,0.81990,0.81650,0.81960,3955792
2025-09-23T05:30:00+00:00,0.81960,0.82190,0.81960,0.82100,5112129
2025-09-23T05:45:00+00:00,0.82090,0.82140,0.81770,0.81780,3912472
2025-09-23T06:00:00+00:00,0.81780,0.82180,0.81660,0.82050,4816984
2025-09-23T06:15:00+00:00,0.82060,0.82300,0.81930,0.82270,4061235
2025-09-23T06:30:00+00:00,0.82270,0.82680,0.82250,0.82440,9166428
2025-09-23T06:45:00+00:00,0.82450,0.82700,0.82310,0.82570,5773868
2025-09-23T07:00:00+00:00,0.82570,0.82570,0.82180,0.82410,5020651
2025-09-23T07:15:00+00:00,0.82410,0.82820,0.82290,0.82490,6553752
2025-09-23T07:30:00+00:00,0.82490,0.82630,0.82360,0.82430,4484046
2025-09-23T07:45:00+00:00,0.82440,0.82550,0.82300,0.82340,2964344
2025-09-23T08:00:00+00:00,0.82340,0.82590,0.82160,0.82340,5800865
2025-09-23T08:15:00+00:00,0.82340,0.82540,0.82280,0.82370,4417291
2025-09-23T08:30:00+00:00,0.82380,0.82490,0.82160,0.82450,3448061
2025-09-23T08:45:00+00:00,0.82460,0.82530,0.82340,0.82510,2175084
2025-09-23T09:00:00+00:00,0.82520,0.82790,0.82390,0.82760,5421782
2025-09-23T09:15:00+00:00,0.82750,0.82750,0.82200,0.82280,4949325
2025-09-23T09:30:00+00:00,0.82280,0.82370,0.82170,0.82250,3914364
2025-09-23T09:45:00+00:00,0.82260,0.82290,0.81930,0.82160,4372212
2025-09-23T10:00:00+00:00,0.82160,0.82410,0.82050,0.82340,3012256
2025-09-23T10:15:00+00:00,0.82340,0.82390,0.82100,0.82230,2548667
2025-09-23T10:30:00+00:00,0.82220,0.82400,0.82100,0.82190,2216279
2025-09-23T10:45:00+00:00,0.82200,0.82320,0.82170,0.82220,1782296
2025-09-23T11:00:00+00:00,0.82230,0.82230,0.81820,0.81920,4239461
2025-09-23T11:15:00+00:00,0.81920,0.82100,0.81870,0.82050,3527289
2025-09-23T11:30:00+00:00,0.82040,0.82310,0.81980,0.82290,2363562
2025-09-23T11:45:00+00:00,0.82290,0.82350,0.82080,0.82160,2317680
2025-09-23T12:00:00+00:00,0.82150,0.82270,0.81990,0.82230,3820011
2025-09-23T12:15:00+00:00,0.82230,0.82350,0.81940,0.82000,3239092
2025-09-23T12:30:00+00:00,0.81990,0.82350,0.81920,0.82320,10694095
2025-09-23T12:45:00+00:00,0.82330,0.82560,0.82170,0.82260,4869281
2025-09-23T13:00:00+00:00,0.82260,0.82330,0.82050,0.82150,7869486
2025-09-23T13:15:00+00:00,0.82150,0.82180,0.81930,0.82080,2521705
2025-09-23T13:30:00+00:00,0.82090,0.82460,0.81880,0.82030,5244961
2025-09-23T13:45:00+00:00,0.82030,0.82220,0.81860,0.82070,3365240
2025-09-23T14:00:00+00:00,0.82080,0.82630,0.82010,0.82390,6179724
2025-09-23T14:15:00+00:00,0.82400,0.82430,0.82010,0.82160,3572355
2025-09-23T14:30:00+00:00,0.82160,0.82230,0.81650,0.82020,9082833
2025-09-23T14:45:00+00:00,0.82020,0.82030,0.81670,0.81770,5516454
2025-09-23T15:00:00+00:00,0.81760,0.82240,0.81510,0.82090,7315586
2025-09-23T15:15:00+00:00,0.82100,0.82350,0.81830,0.82200,4660172
2025-09-23T15:30:00+00:00,0.82200,0.82300,0.82020,0.82060,3024518
2025-09-23T15:45:00+00:00,0.82050,0.82290,0.82020,0.82180,2354653
2025-09-23T16:00:00+00:00,0.82180,0.82290,0.81700,0.81950,4012819
2025-09-23T16:15:00+00:00,0.81950,0.82390,0.81850,0.82350,3941534
2025-09-23T16:30:00+00:00,0.82350,0.82380,0.81900,0.82060,6412597
2025-09-23T16:45:00+00:00,0.82060,0.82900,0.82060,0.82580,8338910
2025-09-23T17:00:00+00:00,0.82570,0.82650,0.82090,0.82100,3756578
2025-09-23T17:15:00+00:00,0.82110,0.82230,0.81880,0.81880,2739787
2025-09-23T17:30:00+00:00,0.81870,0.81940,0.81340,0.81470,7341762
2025-09-23T17:45:00+00:00,0.81470,0.81680,0.81260,0.81380,7386118
2025-09-23T18:00:00+00:00,0.81390,0.81620,0.81210,0.81520,7570144
2025-09-23T18:15:00+00:00,0.81530,0.81560,0.81240,0.81330,4236891
2025-09-23T18:30:00+00:00,0.81320,0.81470,0.81010,0.81040,4175969
2025-09-23T18:45:00+00:00,0.81030,0.81110,0.80770,0.81060,8938307
2025-09-23T19:00:00+00:00,0.81060,0.81460,0.81050,0.81330,5799974
2025-09-23T19:15:00+00:00,0.81330,0.81590,0.81050,0.81210,6517293
2025-09-23T19:30:00+00:00,0.81200,0.81260,0.80900,0.81000,5756929
2025-09-23T19:45:00+00:00,0.81000,0.81040,0.80610,0.80790,7851921
2025-09-23T20:00:00+00:00,0.80790,0.81170,0.80740,0.80940,4904411
2025-09-23T20:15:00+00:00,0.80940,0.81030,0.80570,0.80620,3509840
2025-09-23T20:30:00+00:00,0.80610,0.81060,0.80440,0.81030,5117843
2025-09-23T20:45:00+00:00,0.81020,0.81260,0.80830,0.81240,6271541
2025-09-23T21:00:00+00:00,0.81240,0.81270,0.80990,0.81160,3667257
2025-09-23T21:15:00+00:00,0.81170,0.81300,0.80980,0.81300,2379572
2025-09-23T21:30:00+00:00,0.81300,0.81590,0.81270,0.81510,2831658
2025-09-23T21:45:00+00:00,0.81510,0.81520,0.81300,0.81320,1629354
2025-09-23T22:00:00+00:00,0.81310,0.81400,0.81100,0.81280,2955817
2025-09-23T22:15:00+00:00,0.81290,0.81300,0.80850,0.80890,2121298
2025-09-23T22:30:00+00:00,0.80890,0.81260,0.80880,0.81140,1669939
2025-09-23T22:45:00+00:00,0.81150,0.81170,0.80980,0.81030,1195469
2025-09-23T23:00:00+00:00,0.81030,0.81270,0.80870,0.81070,2479969
2025-09-23T23:15:00+00:00,0.81060,0.81140,0.80490,0.80560,3050661
2025-09-23T23:30:00+00:00,0.80560,0.80970,0.80540,0.80860,2380647
2025-09-23T23:45:00+00:00,0.80860,0.80910,0.80530,0.80560,1699683
2025-09-24T00:00:00+00:00,0.80550,0.80820,0.80460,0.80800,5896162
2025-09-24T00:15:00+00:00,0.80800,0.81430,0.80800,0.81290,5634069
2025-09-24T00:30:00+00:00,0.81300,0.81320,0.80990,0.81100,2456444
2025-09-24T00:45:00+00:00,0.81100,0.81350,0.80970,0.81010,2576094
2025-09-24T01:00:00+00:00,0.81010,0.81250,0.80800,0.81160,3342618
2025-09-24T01:15:00+00:00,0.81160,0.81410,0.81100,0.81400,1624054
2025-09-24T01:30:00+00:00,0.81400,0.81530,0.81260,0.81270,2094051
2025-09-24T01:45:00+00:00,0.81270,0.81530,0.81240,0.81500,2468381
2025-09-24T02:00:00+00:00,0.81490,0.81570,0.80930,0.80980,3131464
2025-09-24T02:15:00+00:00,0.80970,0.81080,0.80750,0.81080,3893664
2025-09-24T02:30:00+00:00,0.81080,0.81210,0.80900,0.81030,2048691
2025-09-24T02:45:00+00:00,0.81020,0.81180,0.80770,0.81040,5732065
2025-09-24T03:00:00+00:00,0.81030,0.81230,0.80790,0.80910,3654520
2025-09-24T03:15:00+00:00,0.80920,0.80980,0.79720,0.79950,17861304
2025-09-24T03:30:00+00:00,0.79960,0.80440,0.79960,0.80180,10653556
2025-09-24T03:45:00+00:00,0.80170,0.80290,0.79870,0.79990,4450765
2025-09-24T04:00:00+00:00,0.79990,0.80010,0.78950,0.79650,30186977
2025-09-24T04:15:00+00:00,0.79640,0.80300,0.79330,0.80240,12014650
2025-09-24T04:30:00+00:00,0.80250,0.81120,0.80250,0.80990,13026578
2025-09-24T04:45:00+00:00,0.80990,0.81030,0.80470,0.80560,5200124
2025-09-24T05:00:00+00:00,0.80550,0.80830,0.80480,0.80800,4482834
2025-09-24T05:15:00+00:00,0.80790,0.81110,0.80670,0.81010,3344115
2025-09-24T05:30:00+00:00,0.81010,0.81390,0.80820,0.81340,3117332
2025-09-24T05:45:00+00:00,0.81340,0.81520,0.81270,0.81330,6054951
2025-09-24T06:00:00+00:00,0.81330,0.81420,0.81210,0.81350,4708727
2025-09-24T06:15:00+00:00,0.81350,0.81470,0.81120,0.81260,4571219
2025-09-24T06:30:00+00:00,0.81260,0.81460,0.81170,0.81460,2263456
2025-09-24T06:45:00+00:00,0.81460,0.81700,0.81450,0.81510,3583549
2025-09-24T07:00:00+00:00,0.81510,0.81600,0.81360,0.81420,3676764
2025-09-24T07:15:00+00:00,0.81420,0.81660,0.81130,0.81220,3651695
2025-09-24T07:30:00+00:00,0.81220,0.81480,0.81140,0.81370,2633326
2025-09-24T07:45:00+00:00,0.81370,0.81450,0.81280,0.81450,2392187
2025-09-24T08:00:00+00:00,0.81450,0.81570,0.81390,0.81480,2321604
2025-09-24T08:15:00+00:00,0.81480,0.81500,0.81260,0.81300,1909325
2025-09-24T08:30:00+00:00,0.81300,0.81610,0.81300,0.81580,2255619
2025-09-24T08:45:00+00:00,0.81590,0.81720,0.81450,0.81640,2495321
2025-09-24T09:00:00+00:00,0.81640,0.81700,0.81540,0.81580,2081032
2025-09-24T09:15:00+00:00,0.81580,0.81650,0.81420,0.81560,2179747
2025-09-24T09:30:00+00:00,0.81560,0.81900,0.81560,0.81760,3109470
2025-09-24T09:45:00+00:00,0.81770,0.81810,0.81650,0.81760,2005264
2025-09-24T10:00:00+00:00,0.81760,0.81810,0.81640,0.81680,2443192
2025-09-24T10:15:00+00:00,0.81680,0.81810,0.81500,0.81520,3440403
2025-09-24T10:30:00+00:00,0.81520,0.81660,0.81460,0.81590,2290562
2025-09-24T10:45:00+00:00,0.81590,0.81750,0.81520,0.81680,1273745
2025-09-24T11:00:00+00:00,0.81680,0.82200,0.81620,0.82140,7268668
2025-09-24T11:15:00+00:00,0.82130,0.82260,0.81960,0.81970,4323405
2025-09-24T11:30:00+00:00,0.81980,0.82170,0.81860,0.82060,4102837
2025-09-24T11:45:00+00:00,0.82060,0.82080,0.81810,0.81900,2723902
2025-09-24T12:00:00+00:00,0.81910,0.82240,0.81890,0.82150,4843723
2025-09-24T12:15:00+00:00,0.82150,0.82200,0.81920,0.82070,2624728
2025-09-24T12:30:00+00:00,0.82080,0.82290,0.82060,0.82230,3156979
2025-09-24T12:45:00+00:00,0.82240,0.82300,0.81960,0.82050,2156203
2025-09-24T13:00:00+00:00,0.82060,0.82200,0.81970,0.82060,1971014
2025-09-24T13:15:00+00:00,0.82070,0.82230,0.82040,0.82080,1804490
2025-09-24T13:30:00+00:00,0.82080,0.82390,0.81810,0.82160,6332691
2025-09-24T13:45:00+00:00,0.82160,0.82260,0.81640,0.81680,8688957
2025-09-24T14:00:00+00:00,0.81670,0.82250,0.81650,0.82220,5499525
2025-09-24T14:15:00+00:00,0.82220,0.82370,0.82050,0.82260,3765560
2025-09-24T14:30:00+00:00,0.82260,0.82420,0.82140,0.82390,4915207
2025-09-24T14:45:00+00:00,0.82380,0.82990,0.82330,0.82640,11323991
2025-09-24T15:00:00+00:00,0.82640,0.82800,0.82370,0.82420,6032338
2025-09-24T15:15:00+00:00,0.82420,0.82730,0.82420,0.82570,4155001
2025-09-24T15:30:00+00:00,0.82580,0.82600,0.82400,0.82540,3191154
2025-09-24T15:45:00+00:00,0.82550,0.82570,0.81930,0.82030,6609515
2025-09-24T16:00:00+00:00,0.82030,0.82120,0.81810,0.81900,5651529
2025-09-24T16:15:00+00:00,0.81900,0.82220,0.81860,0.82140,3189229
2025-09-24T16:30:00+00:00,0.82150,0.82260,0.82010,0.82200,2307575
2025-09-24T16:45:00+00:00,0.82200,0.82220,0.81990,0.82080,1722050
2025-09-24T17:00:00+00:00,0.82090,0.82400,0.81980,0.82300,2420678
2025-09-24T17:15:00+00:00,0.82300,0.82380,0.82160,0.82280,2941238
2025-09-24T17:30:00+00:00,0.82290,0.82650,0.82290,0.82480,3011133
2025-09-24T17:45:00+00:00,0.82480,0.82500,0.82250,0.82360,2023509
2025-09-24T18:00:00+00:00,0.82360,0.82400,0.82160,0.82240,1972526
2025-09-24T18:15:00+00:00,0.82240,0.82440,0.82090,0.82400,2454266
2025-09-24T18:30:00+00:00,0.82400,0.82470,0.82260,0.82320,1286886
2025-09-24T18:45:00+00:00,0.82320,0.82320,0.82090,0.82220,2409419
2025-09-24T19:00:00+00:00,0.82210,0.82320,0.82140,0.82200,1306649
2025-09-24T19:15:00+00:00,0.82210,0.82280,0.82110,0.82140,1274867
2025-09-24T19:30:00+00:00,0.82140,0.82160,0.81930,0.81970,3192584
2025-09-24T19:45:00+00:00,0.81960,0.82480,0.81930,0.82170,6882221
2025-09-24T20:00:00+00:00,0.82170,0.82300,0.81950,0.81980,3334677
2025-09-24T20:15:00+00:00,0.81970,0.82090,0.81880,0.81900,3735638
2025-09-24T20:30:00+00:00,0.81890,0.81910,0.81540,0.81840,4483429
2025-09-24T20:45:00+00:00,0.81830,0.82120,0.81820,0.82000,2324605
2025-09-24T21:00:00+00:00,0.81990,0.82110,0.81830,0.82020,2303268
2025-09-24T21:15:00+00:00,0.82010,0.82050,0.81840,0.81990,1562360
2025-09-24T21:30:00+00:00,0.81990,0.82030,0.81730,0.81780,1493150
2025-09-24T21:45:00+00:00,0.81780,0.81890,0.81240,0.81410,3504579
2025-09-24T22:00:00+00:00,0.81400,0.81840,0.81350,0.81790,4063597
2025-09-24T22:15:00+00:00,0.81800,0.81820,0.81460,0.81540,1812905
2025-09-24T22:30:00+00:00,0.81540,0.81620,0.81410,0.81530,2192219
2025-09-24T22:45:00+00:00,0.81520,0.81650,0.81270,0.81400,3012743
2025-09-24T23:00:00+00:00,0.81400,0.81650,0.81320,0.81480,2652768
2025-09-24T23:15:00+00:00,0.81480,0.81540,0.81300,0.81310,1659595
2025-09-24T23:30:00+00:00,0.81320,0.81380,0.81130,0.81240,3308767
2025-09-24T23:45:00+00:00,0.81230,0.81360,0.81110,0.81240,2501203
2025-09-25T00:00:00+00:00,0.81230,0.81410,0.81180,0.81380,3208622
2025-09-25T00:15:00+00:00,0.81380,0.81390,0.80850,0.80920,6125640
2025-09-25T00:30:00+00:00,0.80910,0.81210,0.80880,0.80980,3677842
2025-09-25T00:45:00+00:00,0.80980,0.81050,0.80660,0.80770,5896961
2025-09-25T01:00:00+00:00,0.80770,0.80970,0.80570,0.80800,5833816
2025-09-25T01:15:00+00:00,0.80790,0.80890,0.80560,0.80740,3986131
2025-09-25T01:30:00+00:00,0.80730,0.80730,0.80210,0.80320,7809962
2025-09-25T01:45:00+00:00,0.80310,0.80480,0.80080,0.80290,7283850
2025-09-25T02:00:00+00:00,0.80300,0.80830,0.80260,0.80450,4967694
2025-09-25T02:15:00+00:00,0.80440,0.80450,0.79860,0.80290,8848436
2025-09-25T02:30:00+00:00,0.80280,0.81200,0.80260,0.80620,12538123
2025-09-25T02:45:00+00:00,0.80610,0.80850,0.80590,0.80680,2373871
2025-09-25T03:00:00+00:00,0.80670,0.80690,0.80260,0.80320,3255004
2025-09-25T03:15:00+00:00,0.80310,0.80370,0.79350,0.79430,24596142
2025-09-25T03:30:00+00:00,0.79430,0.79750,0.79240,0.79620,12541443
2025-09-25T03:45:00+00:00,0.79630,0.80040,0.79540,0.80000,4882042
2025-09-25T04:00:00+00:00,0.80010,0.80290,0.79700,0.79780,7529010
2025-09-25T04:15:00+00:00,0.79780,0.79810,0.79000,0.79550,18854040
2025-09-25T04:30:00+00:00,0.79550,0.79560,0.78850,0.79340,15228785
2025-09-25T04:45:00+00:00,0.79330,0.79450,0.78560,0.78970,15845638
2025-09-25T05:00:00+00:00,0.78970,0.79420,0.78640,0.79320,10821416
2025-09-25T05:15:00+00:00,0.79320,0.79910,0.79220,0.79780,8669900
2025-09-25T05:30:00+00:00,0.79790,0.79820,0.79350,0.79510,6627068
2025-09-25T05:45:00+00:00,0.79500,0.79820,0.79380,0.79670,4036243
2025-09-25T06:00:00+00:00,0.79670,0.79760,0.79060,0.79080,6444422
2025-09-25T06:15:00+00:00,0.79080,0.79410,0.78910,0.79160,6750419
2025-09-25T06:30:00+00:00,0.79160,0.79440,0.79000,0.79050,3834637
2025-09-25T06:45:00+00:00,0.79040,0.79190,0.78870,0.78950,4659003
2025-09-25T07:00:00+00:00,0.78950,0.79300,0.78840,0.79040,5553622
2025-09-25T07:15:00+00:00,0.79030,0.79500,0.78980,0.79280,3364172
2025-09-25T07:30:00+00:00,0.79290,0.79390,0.79150,0.79280,2049641
2025-09-25T07:45:00+00:00,0.79290,0.79360,0.78890,0.79020,3253995
2025-09-25T08:00:00+00:00,0.79030,0.79380,0.78970,0.79280,4092655
2025-09-25T08:15:00+00:00,0.79280,0.79400,0.79070,0.79370,2838923
2025-09-25T08:30:00+00:00,0.79370,0.79370,0.78740,0.78810,5637625
2025-09-25T08:45:00+00:00,0.78810,0.78860,0.78480,0.78650,9057859
2025-09-25T09:00:00+00:00,0.78650,0.79110,0.78570,0.79110,6490291
2025-09-25T09:15:00+00:00,0.79100,0.79340,0.78980,0.79140,6179773
2025-09-25T09:30:00+00:00,0.79150,0.79320,0.78850,0.78930,6486413
2025-09-25T09:45:00+00:00,0.78940,0.78950,0.78460,0.78540,6547842
2025-09-25T10:00:00+00:00,0.78540,0.78860,0.78480,0.78830,5721279
2025-09-25T10:15:00+00:00,0.78840,0.79130,0.78830,0.78860,3402176
2025-09-25T10:30:00+00:00,0.78860,0.78890,0.78590,0.78650,10824505
2025-09-25T10:45:00+00:00,0.78640,0.78710,0.78490,0.78530,4658822
2025-09-25T11:00:00+00:00,0.78530,0.78760,0.78280,0.78420,10955328
2025-09-25T11:15:00+00:00,0.78420,0.78470,0.78110,0.78330,13645824
2025-09-25T11:30:00+00:00,0.78320,0.78420,0.78140,0.78250,7088699
2025-09-25T11:45:00+00:00,0.78250,0.78300,0.77950,0.78100,8684199
2025-09-25T12:00:00+00:00,0.78090,0.78480,0.78050,0.78310,6999225
2025-09-25T12:15:00+00:00,0.78300,0.78300,0.76900,0.76960,28985900
2025-09-25T12:30:00+00:00,0.76950,0.78640,0.76770,0.78500,54880998
2025-09-25T12:45:00+00:00,0.78500,0.78890,0.78310,0.78440,10556861
2025-09-25T13:00:00+00:00,0.78430,0.78580,0.77920,0.78520,12994100
2025-09-25T13:15:00+00:00,0.78520,0.79390,0.78440,0.79220,19079582
2025-09-25T13:30:00+00:00,0.79220,0.79380,0.78330,0.78530,18966293
2025-09-25T13:45:00+00:00,0.78530,0.79000,0.78490,0.78920,8946091
2025-09-25T14:00:00+00:00,0.78920,0.79560,0.78920,0.79540,9969710
2025-09-25T14:15:00+00:00,0.79540,0.79970,0.79520,0.79660,11273813
2025-09-25T14:30:00+00:00,0.79660,0.79790,0.79310,0.79490,7950595
2025-09-25T14:45:00+00:00,0.79490,0.79570,0.79220,0.79370,3655603
2025-09-25T15:00:00+00:00,0.79360,0.79430,0.79090,0.79170,6358684
2025-09-25T15:15:00+00:00,0.79170,0.79220,0.78850,0.78990,6079172
2025-09-25T15:30:00+00:00,0.78980,0.79270,0.78890,0.78970,6114396
2025-09-25T15:45:00+00:00,0.78970,0.79130,0.78860,0.79070,3370745
2025-09-25T16:00:00+00:00,0.79060,0.79220,0.78880,0.79020,4026977
2025-09-25T16:15:00+00:00,0.79020,0.79030,0.78210,0.78280,7558869
2025-09-25T16:30:00+00:00,0.78280,0.78520,0.78180,0.78280,5410066
2025-09-25T16:45:00+00:00,0.78270,0.78410,0.77560,0.77670,12261785
2025-09-25T17:00:00+00:00,0.77660,0.77760,0.76690,0.76710,16293754
2025-09-25T17:15:00+00:00,0.76700,0.77260,0.76520,0.76900,44438888
2025-09-25T17:30:00+00:00,0.76900,0.77030,0.75970,0.76340,37763892
2025-09-25T17:45:00+00:00,0.76340,0.76640,0.75370,0.75810,36524332
2025-09-25T18:00:00+00:00,0.75810,0.76450,0.75520,0.76420,29237277
2025-09-25T18:15:00+00:00,0.76420,0.77080,0.76160,0.77020,21373315
2025-09-25T18:30:00+00:00,0.77020,0.77310,0.76780,0.77180,9130642
2025-09-25T18:45:00+00:00,0.77170,0.77700,0.76930,0.77680,10881443
2025-09-25T19:00:00+00:00,0.77680,0.77860,0.77570,0.77750,9074707
2025-09-25T19:15:00+00:00,0.77760,0.78200,0.77630,0.78010,7800746
2025-09-25T19:30:00+00:00,0.78010,0.78100,0.77450,0.77580,5317994
2025-09-25T19:45:00+00:00,0.77580,0.77590,0.76980,0.77130,8669272
2025-09-25T20:00:00+00:00,0.77130,0.77330,0.76770,0.76910,7578830
2025-09-25T20:15:00+00:00,0.76910,0.77250,0.76800,0.76860,4233121
2025-09-25T20:30:00+00:00,0.76860,0.76860,0.76420,0.76660,5446308
2025-09-25T20:45:00+00:00,0.76660,0.76850,0.76410,0.76460,3762770
2025-09-25T21:00:00+00:00,0.76460,0.77200,0.76410,0.76880,6975046
2025-09-25T21:15:00+00:00,0.76890,0.77050,0.76410,0.76540,3975924
2025-09-25T21:30:00+00:00,0.76540,0.76570,0.76130,0.76390,5658678
2025-09-25T21:45:00+00:00,0.76390,0.77020,0.76380,0.76890,3898815
2025-09-25T22:00:00+00:00,0.76890,0.77330,0.76710,0.77270,4128014
2025-09-25T22:15:00+00:00,0.77270,0.77400,0.76890,0.76980,5441638
2025-09-25T22:30:00+00:00,0.76980,0.77080,0.76750,0.76900,1986769
2025-09-25T22:45:00+00:00,0.76900,0.76900,0.76380,0.76710,10008055
2025-09-25T23:00:00+00:00,0.76720,0.77190,0.76660,0.76720,4158649
2025-09-25T23:15:00+00:00,0.76730,0.76850,0.76430,0.76570,3698130
2025-09-25T23:30:00+00:00,0.76570,0.76580,0.75680,0.76140,16932816
2025-09-25T23:45:00+00:00,0.76150,0.76340,0.75970,0.76330,4692196
2025-09-26T00:00:00+00:00,0.76340,0.77240,0.76330,0.77210,13556055
2025-09-26T00:15:00+00:00,0.77210,0.77560,0.77080,0.77420,7620880
2025-09-26T00:30:00+00:00,0.77420,0.77420,0.76640,0.76670,5327119
2025-09-26T00:45:00+00:00,0.76680,0.78040,0.76620,0.77820,12050881
2025-09-26T01:00:00+00:00,0.77830,0.78030,0.77430,0.77840,7633604
2025-09-26T01:15:00+00:00,0.77830,0.78100,0.77660,0.77770,5258764
2025-09-26T01:30:00+00:00,0.77770,0.77950,0.77550,0.77700,4475916
2025-09-26T01:45:00+00:00,0.77700,0.78030,0.77580,0.77770,6446144
2025-09-26T02:00:00+00:00,0.77770,0.78090,0.77370,0.77570,5842559
2025-09-26T02:15:00+00:00,0.77570,0.77850,0.77420,0.77490,2655241
2025-09-26T02:30:00+00:00,0.77480,0.77740,0.77330,0.77670,3196065
2025-09-26T02:45:00+00:00,0.77660,0.77900,0.77450,0.77530,2628923
2025-09-26T03:00:00+00:00,0.77530,0.77670,0.77230,0.77620,4268831
2025-09-26T03:15:00+00:00,0.77620,0.77790,0.77360,0.77380,3535974
2025-09-26T03:30:00+00:00,0.77380,0.77520,0.77270,0.77470,2411092
2025-09-26T03:45:00+00:00,0.77480,0.77700,0.77310,0.77650,2291416
2025-09-26T04:00:00+00:00,0.77650,0.77770,0.77430,0.77600,3169884
2025-09-26T04:15:00+00:00,0.77600,0.77800,0.77470,0.77510,2118019
2025-09-26T04:30:00+00:00,0.77500,0.77500,0.77160,0.77280,2554551
2025-09-26T04:45:00+00:00,0.77280,0.77450,0.77170,0.77370,1451581
2025-09-26T05:00:00+00:00,0.77370,0.77730,0.77280,0.77680,3399486
2025-09-26T05:15:00+00:00,0.77680,0.77920,0.77660,0.77850,3197229
2025-09-26T05:30:00+00:00,0.77850,0.77850,0.77330,0.77390,2053403
2025-09-26T05:45:00+00:00,0.77390,0.77450,0.77000,0.77170,6818333
2025-09-26T06:00:00+00:00,0.77160,0.77270,0.76790,0.77130,6508646
2025-09-26T06:15:00+00:00,0.77140,0.77720,0.77110,0.77540,4876875
2025-09-26T06:30:00+00:00,0.77530,0.77720,0.77330,0.77620,4800702
2025-09-26T06:45:00+00:00,0.77620,0.77640,0.77180,0.77300,5926835
2025-09-26T07:00:00+00:00,0.77300,0.77720,0.77300,0.77700,11845621
2025-09-26T07:15:00+00:00,0.77690,0.77750,0.77410,0.77420,3510027
2025-09-26T07:30:00+00:00,0.77410,0.77410,0.76900,0.76970,5474022
2025-09-26T07:45:00+00:00,0.76960,0.77440,0.76900,0.77390,6280320
2025-09-26T08:00:00+00:00,0.77390,0.77660,0.77370,0.77560,4712600
2025-09-26T08:15:00+00:00,0.77560,0.77760,0.77330,0.77630,3208982
2025-09-26T08:30:00+00:00,0.77630,0.77770,0.77480,0.77640,2491795
2025-09-26T08:45:00+00:00,0.77650,0.77690,0.77450,0.77490,1711298
2025-09-26T09:00:00+00:00,0.77490,0.77730,0.77290,0.77650,3515066
2025-09-26T09:15:00+00:00,0.77660,0.77690,0.77390,0.77520,2228181
2025-09-26T09:30:00+00:00,0.77510,0.77570,0.76860,0.76990,7916848
2025-09-26T09:45:00+00:00,0.76990,0.77290,0.76960,0.77190,3332301
2025-09-26T10:00:00+00:00,0.77190,0.77240,0.76280,0.76390,10309396
2025-09-26T10:15:00+00:00,0.76390,0.76470,0.76150,0.76260,8282036
2025-09-26T10:30:00+00:00,0.76260,0.76500,0.76010,0.76260,6005070
2025-09-26T10:45:00+00:00,0.76270,0.76460,0.76160,0.76190,3574294
2025-09-26T11:00:00+00:00,0.76180,0.76280,0.75720,0.75790,9171783
2025-09-26T11:15:00+00:00,0.75800,0.76220,0.75760,0.76030,5427839
2025-09-26T11:30:00+00:00,0.76030,0.76630,0.76030,0.76460,5253635
2025-09-26T11:45:00+00:00,0.76450,0.76660,0.76330,0.76350,3565045
2025-09-26T12:00:00+00:00,0.76340,0.76340,0.75770,0.75780,4917629
2025-09-26T12:15:00+00:00,0.75780,0.76580,0.75720,0.76390,7247478
2025-09-26T12:30:00+00:00,0.76400,0.77910,0.76110,0.77520,51490212
2025-09-26T12:45:00+00:00,0.77520,0.77610,0.76940,0.77240,7340381
2025-09-26T13:00:00+00:00,0.77240,0.77360,0.76940,0.77090,6276814
2025-09-26T13:15:00+00:00,0.77080,0.77250,0.76820,0.76910,7086679
2025-09-26T13:30:00+00:00,0.76920,0.77490,0.76680,0.77320,10062561
2025-09-26T13:45:00+00:00,0.77310,0.77910,0.77130,0.77680,17849450
2025-09-26T14:00:00+00:00,0.77680,0.77790,0.77190,0.77260,6107001
2025-09-26T14:15:00+00:00,0.77250,0.77460,0.76750,0.76970,6353588
2025-09-26T14:30:00+00:00,0.76970,0.76980,0.76310,0.76760,12201939
2025-09-26T14:45:00+00:00,0.76760,0.76880,0.76500,0.76650,5880055
2025-09-26T15:00:00+00:00,0.76660,0.77270,0.76600,0.76900,6524806
2025-09-26T15:15:00+00:00,0.76890,0.77570,0.76810,0.77560,12157191
2025-09-26T15:30:00+00:00,0.77560,0.77750,0.77320,0.77570,7869627
2025-09-26T15:45:00+00:00,0.77560,0.77610,0.77360,0.77460,3974802
2025-09-26T16:00:00+00:00,0.77470,0.78160,0.77400,0.77820,8640497
2025-09-26T16:15:00+00:00,0.77820,0.78480,0.77760,0.78010,8686086
2025-09-26T16:30:00+00:00,0.78010,0.78260,0.77920,0.78110,4875398
2025-09-26T16:45:00+00:00,0.78110,0.78430,0.78070,0.78310,5051768
2025-09-26T17:00:00+00:00,0.78310,0.78580,0.78140,0.78490,5844741
2025-09-26T17:15:00+00:00,0.78490,0.79020,0.78390,0.78940,10758502
2025-09-26T17:30:00+00:00,0.78950,0.79030,0.78700,0.78800,9636293
2025-09-26T17:45:00+00:00,0.78800,0.79010,0.78690,0.78900,11625243
2025-09-26T18:00:00+00:00,0.78900,0.79390,0.78900,0.79310,15228593
2025-09-26T18:15:00+00:00,0.79310,0.79590,0.79240,0.79540,7233794
2025-09-26T18:30:00+00:00,0.79550,0.79580,0.79130,0.79140,5942377
2025-09-26T18:45:00+00:00,0.79150,0.79400,0.79080,0.79250,3649887
2025-09-26T19:00:00+00:00,0.79250,0.79290,0.78850,0.79050,6655896
2025-09-26T19:15:00+00:00,0.79050,0.79240,0.78770,0.78810,3746968
2025-09-26T19:30:00+00:00,0.78800,0.78900,0.78480,0.78570,9470093
2025-09-26T19:45:00+00:00,0.78570,0.79010,0.78570,0.78880,3260244
2025-09-26T20:00:00+00:00,0.78890,0.79060,0.78630,0.79050,3180458
2025-09-26T20:15:00+00:00,0.79050,0.79120,0.78790,0.78870,2460530
2025-09-26T20:30:00+00:00,0.78860,0.78940,0.78660,0.78680,1882712
2025-09-26T20:45:00+00:00,0.78680,0.78850,0.78630,0.78760,2283930
2025-09-26T21:00:00+00:00,0.78750,0.78980,0.78680,0.78970,2227391
2025-09-26T21:15:00+00:00,0.78960,0.79110,0.78770,0.79090,2759366
2025-09-26T21:30:00+00:00,0.79100,0.79150,0.78880,0.78890,2522107
2025-09-26T21:45:00+00:00,0.78880,0.79120,0.78840,0.79040,1721391
2025-09-26T22:00:00+00:00,0.79050,0.79300,0.78920,0.79240,3534365
2025-09-26T22:15:00+00:00,0.79250,0.79350,0.79130,0.79130,1600932
2025-09-26T22:30:00+00:00,0.79130,0.79220,0.79070,0.79090,1746879
2025-09-26T22:45:00+00:00,0.79090,0.79190,0.79000,0.79050,1867261
2025-09-26T23:00:00+00:00,0.79040,0.79040,0.78820,0.78900,1588780
2025-09-26T23:15:00+00:00,0.78900,0.79100,0.78820,0.79030,1317079
2025-09-26T23:30:00+00:00,0.79040,0.79170,0.79010,0.79030,1588613
2025-09-26T23:45:00+00:00,0.79040,0.79190,0.79010,0.79150,1664850
2025-09-27T00:00:00+00:00,0.79150,0.79150,0.78930,0.78990,3275894
2025-09-27T00:15:00+00:00,0.78990,0.79210,0.78960,0.79090,1558399
2025-09-27T00:30:00+00:00,0.79090,0.79180,0.79020,0.79110,1474586
2025-09-27T00:45:00+00:00,0.79110,0.79240,0.78970,0.79210,1350611
2025-09-27T01:00:00+00:00,0.79210,0.79240,0.78990,0.79090,1830186
2025-09-27T01:15:00+00:00,0.79100,0.79190,0.78790,0.78950,2294451
2025-09-27T01:30:00+00:00,0.78950,0.79030,0.78820,0.78970,1742509
2025-09-27T01:45:00+00:00,0.78970,0.79040,0.78950,0.79010,842458
2025-09-27T02:00:00+00:00,0.79010,0.79070,0.78860,0.79070,1265739
2025-09-27T02:15:00+00:00,0.79070,0.79090,0.78820,0.78930,1138128
2025-09-27T02:30:00+00:00,0.78930,0.79090,0.78870,0.79090,1059491
2025-09-27T02:45:00+00:00,0.79090,0.79140,0.78890,0.78910,1433192
2025-09-27T03:00:00+00:00,0.78900,0.79130,0.78870,0.79000,2451137
2025-09-27T03:15:00+00:00,0.79000,0.79340,0.78980,0.79310,1692918
2025-09-27T03:30:00+00:00,0.79310,0.79380,0.79230,0.79340,2448907
2025-09-27T03:45:00+00:00,0.79330,0.79360,0.79150,0.79200,1833101
2025-09-27T04:00:00+00:00,0.79190,0.79280,0.79040,0.79080,2784955
2025-09-27T04:15:00+00:00,0.79080,0.79270,0.79050,0.79270,1662065
2025-09-27T04:30:00+00:00,0.79270,0.79310,0.79170,0.79180,1233695
2025-09-27T04:45:00+00:00,0.79180,0.79180,0.79050,0.79150,1807184
2025-09-27T05:00:00+00:00,0.79150,0.79150,0.78850,0.78910,1814067
2025-09-27T05:15:00+00:00,0.78910,0.78990,0.78860,0.78910,1269180
2025-09-27T05:30:00+00:00,0.78910,0.79070,0.78880,0.79060,1550444
2025-09-27T05:45:00+00:00,0.79070,0.79200,0.79030,0.79100,1198388
2025-09-27T06:00:00+00:00,0.79100,0.79110,0.78890,0.78920,1210566
2025-09-27T06:15:00+00:00,0.78910,0.79000,0.78870,0.78900,1233924
2025-09-27T06:30:00+00:00,0.78910,0.79040,0.78850,0.78940,1745649
2025-09-27T06:45:00+00:00,0.78940,0.79020,0.78890,0.78990,1575751
2025-09-27T07:00:00+00:00,0.78980,0.79110,0.78910,0.78930,1284788
2025-09-27T07:15:00+00:00,0.78930,0.78930,0.78700,0.78740,1612400
2025-09-27T07:30:00+00:00,0.78740,0.78780,0.78110,0.78320,15033119
2025-09-27T07:45:00+00:00,0.78310,0.78370,0.78240,0.78360,3614221
2025-09-27T08:00:00+00:00,0.78360,0.78360,0.77940,0.78040,7351705
2025-09-27T08:15:00+00:00,0.78040,0.78250,0.77990,0.78200,3493409
2025-09-27T08:30:00+00:00,0.78200,0.78210,0.78070,0.78080,2541243
2025-09-27T08:45:00+00:00,0.78080,0.78130,0.77850,0.77920,3793196
2025-09-27T09:00:00+00:00,0.77920,0.78010,0.77610,0.77640,6898553
2025-09-27T09:15:00+00:00,0.77640,0.77850,0.77640,0.77760,3271189
2025-09-27T09:30:00+00:00,0.77760,0.78090,0.77750,0.78000,6113215
2025-09-27T09:45:00+00:00,0.78000,0.78410,0.77960,0.78230,6274712
2025-09-27T10:00:00+00:00,0.78230,0.78260,0.78020,0.78170,3969964
2025-09-27T10:15:00+00:00,0.78170,0.78260,0.78070,0.78130,2379150
2025-09-27T10:30:00+00:00,0.78120,0.78590,0.78120,0.78440,3820126
2025-09-27T10:45:00+00:00,0.78450,0.78550,0.78370,0.78410,2310156
2025-09-27T11:00:00+00:00,0.78410,0.78500,0.78350,0.78350,1587349
2025-09-27T11:15:00+00:00,0.78360,0.78500,0.78350,0.78470,1179445
2025-09-27T11:30:00+00:00,0.78480,0.78480,0.78250,0.78270,2397989
2025-09-27T11:45:00+00:00,0.78270,0.78310,0.78190,0.78300,1316411
2025-09-27T12:00:00+00:00,0.78290,0.78310,0.78060,0.78180,2996547
2025-09-27T12:15:00+00:00,0.78180,0.78240,0.78070,0.78120,1465730
2025-09-27T12:30:00+00:00,0.78110,0.78400,0.78110,0.78370,2703382
2025-09-27T12:45:00+00:00,0.78370,0.78640,0.78340,0.78520,4151953
2025-09-27T13:00:00+00:00,0.78530,0.78570,0.78350,0.78390,2029853
2025-09-27T13:15:00+00:00,0.78400,0.78530,0.78400,0.78430,879283
2025-09-27T13:30:00+00:00,0.78440,0.78580,0.78390,0.78570,1074123
2025-09-27T13:45:00+00:00,0.78570,0.78640,0.78490,0.78520,2693499
2025-09-27T14:00:00+00:00,0.78520,0.78650,0.78430,0.78610,1562860
2025-09-27T14:15:00+00:00,0.78620,0.78620,0.78480,0.78540,1547834
2025-09-27T14:30:00+00:00,0.78540,0.78650,0.78480,0.78560,1320655
2025-09-27T14:45:00+00:00,0.78570,0.78570,0.78370,0.78370,1999143
2025-09-27T15:00:00+00:00,0.78370,0.78380,0.78000,0.78150,4308762
2025-09-27T15:15:00+00:00,0.78150,0.78300,0.78140,0.78240,2325706
2025-09-27T15:30:00+00:00,0.78250,0.78440,0.78160,0.78370,2005094
2025-09-27T15:45:00+00:00,0.78380,0.78550,0.78360,0.78510,1718939
2025-09-27T16:00:00+00:00,0.78520,0.78550,0.78340,0.78420,2482327
2025-09-27T16:15:00+00:00,0.78420,0.78500,0.78340,0.78400,1530269
2025-09-27T16:30:00+00:00,0.78400,0.78550,0.78310,0.78420,1331965
2025-09-27T16:45:00+00:00,0.78420,0.78470,0.78210,0.78290,1768343
2025-09-27T17:00:00+00:00,0.78290,0.78290,0.77960,0.78000,4177441
2025-09-27T17:15:00+00:00,0.78010,0.78010,0.77690,0.77800,5407297
2025-09-27T17:30:00+00:00,0.77790,0.78060,0.77740,0.77960,3111708
2025-09-27T17:45:00+00:00,0.77960,0.78090,0.77820,0.78040,2282109
2025-09-27T18:00:00+00:00,0.78040,0.78120,0.77900,0.77940,2116688
2025-09-27T18:15:00+00:00,0.77940,0.78030,0.77840,0.78010,1194356
2025-09-27T18:30:00+00:00,0.78010,0.78040,0.77770,0.77860,1702439
2025-09-27T18:45:00+00:00,0.77860,0.78050,0.77850,0.78040,1188865
2025-09-27T19:00:00+00:00,0.78030,0.78090,0.77980,0.78010,1345111
2025-09-27T19:15:00+00:00,0.78000,0.78200,0.77960,0.78190,1516261
2025-09-27T19:30:00+00:00,0.78190,0.78210,0.77990,0.78020,1494096
2025-09-27T19:45:00+00:00,0.78010,0.78160,0.78000,0.78120,833665
2025-09-27T20:00:00+00:00,0.78120,0.78200,0.78080,0.78110,1047802
2025-09-27T20:15:00+00:00,0.78100,0.78110,0.77910,0.77970,2236995
2025-09-27T20:30:00+00:00,0.77970,0.78070,0.77900,0.77990,1633756
2025-09-27T20:45:00+00:00,0.77980,0.77990,0.77820,0.77940,1305156
2025-09-27T21:00:00+00:00,0.77940,0.78040,0.77860,0.77990,1187361
2025-09-27T21:15:00+00:00,0.78000,0.78080,0.77980,0.78080,733914
2025-09-27T21:30:00+00:00,0.78070,0.78240,0.78040,0.78200,2621274
2025-09-27T21:45:00+00:00,0.78190,0.78360,0.78190,0.78310,904193
2025-09-27T22:00:00+00:00,0.78310,0.78500,0.78270,0.78490,2398841
2025-09-27T22:15:00+00:00,0.78480,0.78760,0.78470,0.78760,3094562
2025-09-27T22:30:00+00:00,0.78750,0.78780,0.78500,0.78540,2584585
2025-09-27T22:45:00+00:00,0.78530,0.78560,0.78320,0.78430,1880864
2025-09-27T23:00:00+00:00,0.78420,0.78580,0.78200,0.78320,4214956
2025-09-27T23:15:00+00:00,0.78310,0.78370,0.78070,0.78120,1979685
2025-09-27T23:30:00+00:00,0.78110,0.78170,0.78010,0.78120,1445869
2025-09-27T23:45:00+00:00,0.78110,0.78210,0.78020,0.78070,1415089
2025-09-28T00:00:00+00:00,0.78060,0.78130,0.77680,0.77760,4416574
2025-09-28T00:15:00+00:00,0.77750,0.78200,0.77670,0.78130,2678878
2025-09-28T00:30:00+00:00,0.78120,0.78190,0.77690,0.77990,5824561
2025-09-28T00:45:00+00:00,0.78000,0.78010,0.77720,0.77790,3332032
2025-09-28T01:00:00+00:00,0.77790,0.77850,0.77500,0.77540,6072163
2025-09-28T01:15:00+00:00,0.77550,0.77730,0.77520,0.77550,2596120
2025-09-28T01:30:00+00:00,0.77550,0.77570,0.77210,0.77270,5256612
2025-09-28T01:45:00+00:00,0.77260,0.77370,0.77150,0.77290,2909519
2025-09-28T02:00:00+00:00,0.77280,0.77510,0.77250,0.77340,1787662
2025-09-28T02:15:00+00:00,0.77330,0.77580,0.77290,0.77550,1439714
2025-09-28T02:30:00+00:00,0.77540,0.77630,0.77330,0.77380,1794303
2025-09-28T02:45:00+00:00,0.77380,0.77500,0.77260,0.77440,3117861
2025-09-28T03:00:00+00:00,0.77450,0.77580,0.77440,0.77510,1716028
2025-09-28T03:15:00+00:00,0.77510,0.77570,0.77340,0.77410,1126672
2025-09-28T03:30:00+00:00,0.77410,0.77500,0.77250,0.77380,2019015
2025-09-28T03:45:00+00:00,0.77370,0.77500,0.77290,0.77450,1071387
2025-09-28T04:00:00+00:00,0.77450,0.77490,0.77330,0.77340,1478455
2025-09-28T04:15:00+00:00,0.77330,0.77440,0.77260,0.77280,1813796
2025-09-28T04:30:00+00:00,0.77280,0.77480,0.77280,0.77470,1161922
2025-09-28T04:45:00+00:00,0.77460,0.77520,0.77370,0.77460,1333547
2025-09-28T05:00:00+00:00,0.77460,0.77590,0.77220,0.77260,2851748
2025-09-28T05:15:00+00:00,0.77260,0.77530,0.77260,0.77530,1848137
2025-09-28T05:30:00+00:00,0.77530,0.77620,0.77360,0.77410,1579904
2025-09-28T05:45:00+00:00,0.77400,0.77450,0.77310,0.77360,1145937
2025-09-28T06:00:00+00:00,0.77350,0.77440,0.77270,0.77270,1476900
2025-09-28T06:15:00+00:00,0.77270,0.77280,0.76890,0.76920,5686934
2025-09-28T06:30:00+00:00,0.76930,0.77260,0.76850,0.77170,4268438
2025-09-28T06:45:00+00:00,0.77170,0.77220,0.77040,0.77210,1430504
2025-09-28T07:00:00+00:00,0.77200,0.77290,0.76940,0.77090,2318787
2025-09-28T07:15:00+00:00,0.77080,0.77330,0.77050,0.77260,3347565
2025-09-28T07:30:00+00:00,0.77250,0.77380,0.77160,0.77260,1677563
2025-09-28T07:45:00+00:00,0.77260,0.77350,0.77200,0.77260,1157695
2025-09-28T08:00:00+00:00,0.77260,0.77320,0.77100,0.77140,2302542
2025-09-28T08:15:00+00:00,0.77150,0.77220,0.76920,0.77020,3787390
2025-09-28T08:30:00+00:00,0.77030,0.77070,0.76890,0.76990,3422410
2025-09-28T08:45:00+00:00,0.76980,0.77260,0.76980,0.76990,2915168
2025-09-28T09:00:00+00:00,0.76980,0.77110,0.76720,0.76820,5085420
2025-09-28T09:15:00+00:00,0.76810,0.76850,0.76670,0.76810,4240959
2025-09-28T09:30:00+00:00,0.76800,0.77040,0.76790,0.77010,2111262
2025-09-28T09:45:00+00:00,0.77010,0.77020,0.76770,0.76780,2080205
2025-09-28T10:00:00+00:00,0.76770,0.76790,0.76480,0.76600,5250272
2025-09-28T10:15:00+00:00,0.76590,0.76740,0.76580,0.76670,1571795
2025-09-28T10:30:00+00:00,0.76660,0.76850,0.76630,0.76820,2101709
2025-09-28T10:45:00+00:00,0.76820,0.76870,0.76730,0.76830,1071246
2025-09-28T11:00:00+00:00,0.76830,0.76880,0.76770,0.76800,1220852
2025-09-28T11:15:00+00:00,0.76800,0.76860,0.76520,0.76560,2093036
2025-09-28T11:30:00+00:00,0.76550,0.76800,0.76540,0.76660,4418620
2025-09-28T11:45:00+00:00,0.76660,0.76850,0.76550,0.76820,2628418
2025-09-28T12:00:00+00:00,0.76820,0.76850,0.76550,0.76630,2564628
2025-09-28T12:15:00+00:00,0.76630,0.76780,0.76560,0.76740,5517776
2025-09-28T12:30:00+00:00,0.76740,0.76740,0.76420,0.76530,4348340
2025-09-28T12:45:00+00:00,0.76530,0.76770,0.76480,0.76600,3377317
2025-09-28T13:00:00+00:00,0.76590,0.76880,0.76550,0.76780,3421635
2025-09-28T13:15:00+00:00,0.76780,0.77300,0.76730,0.77200,5526680
2025-09-28T13:30:00+00:00,0.77210,0.77480,0.77170,0.77420,4993454
2025-09-28T13:45:00+00:00,0.77430,0.77720,0.77270,0.77610,5822966
2025-09-28T14:00:00+00:00,0.77610,0.77680,0.77380,0.77500,2636939
2025-09-28T14:15:00+00:00,0.77510,0.77940,0.77500,0.77910,4370057
2025-09-28T14:30:00+00:00,0.77910,0.77910,0.77690,0.77750,3129280
2025-09-28T14:45:00+00:00,0.77750,0.77950,0.77710,0.77900,5597556
2025-09-28T15:00:00+00:00,0.77910,0.78060,0.77760,0.77860,4020012
2025-09-28T15:15:00+00:00,0.77860,0.77950,0.77770,0.77870,2240172
2025-09-28T15:30:00+00:00,0.77870,0.77920,0.77740,0.77840,2097783
2025-09-28T15:45:00+00:00,0.77830,0.78130,0.77800,0.78110,2274105
2025-09-28T16:00:00+00:00,0.78110,0.78850,0.78110,0.78670,12877540
2025-09-28T16:15:00+00:00,0.78680,0.78880,0.78560,0.78710,5485092
2025-09-28T16:30:00+00:00,0.78720,0.78750,0.78340,0.78520,4456144
2025-09-28T16:45:00+00:00,0.78520,0.78710,0.78480,0.78680,2838145
2025-09-28T17:00:00+00:00,0.78690,0.78910,0.78610,0.78870,4034163
2025-09-28T17:15:00+00:00,0.78870,0.78880,0.78460,0.78740,3298539
2025-09-28T17:30:00+00:00,0.78740,0.79000,0.78680,0.78960,3366003
2025-09-28T17:45:00+00:00,0.78970,0.79160,0.78950,0.79030,4271661
2025-09-28T18:00:00+00:00,0.79030,0.79150,0.78720,0.78790,3409566
2025-09-28T18:15:00+00:00,0.78800,0.78850,0.78730,0.78730,1643443
2025-09-28T18:30:00+00:00,0.78740,0.78940,0.78720,0.78880,1325250
2025-09-28T18:45:00+00:00,0.78890,0.79100,0.78850,0.79090,1908801
2025-09-28T19:00:00+00:00,0.79090,0.79150,0.78850,0.78890,1886532
2025-09-28T19:15:00+00:00,0.78890,0.79000,0.78820,0.78940,2189154
2025-09-28T19:30:00+00:00,0.78930,0.79010,0.78830,0.78870,1358450
2025-09-28T19:45:00+00:00,0.78870,0.78980,0.78850,0.78980,873605
2025-09-28T20:00:00+00:00,0.78980,0.79070,0.78910,0.79030,1610441
2025-09-28T20:15:00+00:00,0.79040,0.79360,0.78940,0.79320,3517944
2025-09-28T20:30:00+00:00,0.79330,0.79650,0.79250,0.79520,6721715
2025-09-28T20:45:00+00:00,0.79530,0.79710,0.79230,0.79320,6437471
2025-09-28T21:00:00+00:00,0.79330,0.79770,0.79310,0.79600,3426448
2025-09-28T21:15:00+00:00,0.79610,0.79620,0.79420,0.79480,2303191
2025-09-28T21:30:00+00:00,0.79490,0.79490,0.79300,0.79310,1785808
2025-09-28T21:45:00+00:00,0.79310,0.79430,0.79280,0.79420,921267
2025-09-28T22:00:00+00:00,0.79430,0.80600,0.79430,0.80410,18116759
2025-09-28T22:15:00+00:00,0.80420,0.80780,0.80370,0.80630,7000249
2025-09-28T22:30:00+00:00,0.80630,0.80890,0.80550,0.80720,5561613
2025-09-28T22:45:00+00:00,0.80730,0.80990,0.80640,0.80870,4864515
2025-09-28T23:00:00+00:00,0.80880,0.81170,0.80780,0.80930,7626275
2025-09-28T23:15:00+00:00,0.80930,0.80930,0.80630,0.80720,3321626
2025-09-28T23:30:00+00:00,0.80720,0.80810,0.80610,0.80770,4510647
2025-09-28T23:45:00+00:00,0.80770,0.80860,0.80660,0.80830,2036808
2025-09-29T00:00:00+00:00,0.80830,0.80860,0.80470,0.80570,7566267
2025-09-29T00:15:00+00:00,0.80570,0.80790,0.80490,0.80630,3519185
2025-09-29T00:30:00+00:00,0.80630,0.80660,0.80370,0.80460,7416086
2025-09-29T00:45:00+00:00,0.80450,0.80620,0.80440,0.80480,1771259
2025-09-29T01:00:00+00:00,0.80480,0.80530,0.80300,0.80410,2754130
2025-09-29T01:15:00+00:00,0.80410,0.80500,0.80160,0.80210,3008225
2025-09-29T01:30:00+00:00,0.80210,0.80320,0.80170,0.80260,1501588
2025-09-29T01:45:00+00:00,0.80260,0.80260,0.79890,0.79920,3622228
2025-09-29T02:00:00+00:00,0.79920,0.80040,0.79770,0.80020,4598790
2025-09-29T02:15:00+00:00,0.80020,0.80440,0.79950,0.80250,5397144
2025-09-29T02:30:00+00:00,0.80250,0.80290,0.79910,0.79980,3545580
2025-09-29T02:45:00+00:00,0.79980,0.80140,0.79900,0.80110,2084212
2025-09-29T03:00:00+00:00,0.80110,0.80130,0.79900,0.79930,2856000
2025-09-29T03:15:00+00:00,0.79920,0.80260,0.79900,0.80260,2121709
2025-09-29T03:30:00+00:00,0.80260,0.80340,0.80210,0.80250,2284222
2025-09-29T03:45:00+00:00,0.80240,0.80430,0.80210,0.80430,5078681
2025-09-29T04:00:00+00:00,0.80430,0.80550,0.80130,0.80140,4426979
2025-09-29T04:15:00+00:00,0.80140,0.80230,0.79910,0.79950,2567446
2025-09-29T04:30:00+00:00,0.79960,0.80310,0.79900,0.80230,4894599
2025-09-29T04:45:00+00:00,0.80230,0.80300,0.80120,0.80150,1110544
2025-09-29T05:00:00+00:00,0.80150,0.80180,0.79600,0.79730,5100917
2025-09-29T05:15:00+00:00,0.79730,0.79750,0.79560,0.79690,2691925
2025-09-29T05:30:00+00:00,0.79690,0.79790,0.79630,0.79780,1730811
2025-09-29T05:45:00+00:00,0.79780,0.79980,0.79740,0.79910,2374084
2025-09-29T06:00:00+00:00,0.79900,0.79910,0.79520,0.79600,2812569
2025-09-29T06:15:00+00:00,0.79590,0.79860,0.79470,0.79640,3755595
2025-09-29T06:30:00+00:00,0.79640,0.79800,0.79590,0.79770,1909022
2025-09-29T06:45:00+00:00,0.79780,0.79820,0.79490,0.79510,2029827
2025-09-29T07:00:00+00:00,0.79510,0.79600,0.79400,0.79470,3231704
2025-09-29T07:15:00+00:00,0.79460,0.79530,0.79230,0.79520,4447350
2025-09-29T07:30:00+00:00,0.79520,0.79970,0.79510,0.79800,4231992
2025-09-29T07:45:00+00:00,0.79800,0.79870,0.79730,0.79790,2076781
2025-09-29T08:00:00+00:00,0.79790,0.80000,0.79710,0.79820,4316721
2025-09-29T08:15:00+00:00,0.79830,0.80270,0.79720,0.80230,4189827
2025-09-29T08:30:00+00:00,0.80230,0.80300,0.80100,0.80220,4022346
2025-09-29T08:45:00+00:00,0.80220,0.80390,0.80090,0.80090,2886528
2025-09-29T09:00:00+00:00,0.80090,0.80140,0.79860,0.79870,2962472
2025-09-29T09:15:00+00:00,0.79860,0.79960,0.79670,0.79860,3001164
2025-09-29T09:30:00+00:00,0.79850,0.79990,0.79720,0.79750,2372840
2025-09-29T09:45:00+00:00,0.79740,0.79890,0.79680,0.79830,1060526
2025-09-29T10:00:00+00:00,0.79830,0.79900,0.79740,0.79860,2116522
2025-09-29T10:15:00+00:00,0.79870,0.79920,0.79800,0.79890,1848149
2025-09-29T10:30:00+00:00,0.79900,0.79920,0.79500,0.79550,3229286
2025-09-29T10:45:00+00:00,0.79540,0.79610,0.79290,0.79330,3240553
2025-09-29T11:00:00+00:00,0.79330,0.79330,0.78900,0.78980,8757869
2025-09-29T11:15:00+00:00,0.78980,0.79370,0.78960,0.79350,3242190
2025-09-29T11:30:00+00:00,0.79350,0.79490,0.79240,0.79450,3981766
2025-09-29T11:45:00+00:00,0.79440,0.79480,0.79350,0.79430,1438739
2025-09-29T12:00:00+00:00,0.79420,0.79450,0.79240,0.79390,2549542
2025-09-29T12:15:00+00:00,0.79390,0.79830,0.79340,0.79820,4014642
2025-09-29T12:30:00+00:00,0.79830,0.79930,0.79130,0.79330,4669098
2025-09-29T12:45:00+00:00,0.79330,0.79550,0.79000,0.79020,4475979
2025-09-29T13:00:00+00:00,0.79020,0.79180,0.78740,0.79140,6562693
2025-09-29T13:15:00+00:00,0.79140,0.79290,0.79010,0.79090,3228757
2025-09-29T13:30:00+00:00,0.79090,0.80150,0.79030,0.80110,9102410
2025-09-29T13:45:00+00:00,0.80110,0.80830,0.80020,0.80610,19772827
2025-09-29T14:00:00+00:00,0.80610,0.81020,0.80540,0.81000,14825580
2025-09-29T14:15:00+00:00,0.81000,0.81580,0.80720,0.80950,23832308
2025-09-29T14:30:00+00:00,0.80950,0.81240,0.80830,0.81040,6377074
2025-09-29T14:45:00+00:00,0.81040,0.81490,0.81030,0.81210,9173995
2025-09-29T15:00:00+00:00,0.81220,0.81420,0.80600,0.80660,9706045
2025-09-29T15:15:00+00:00,0.80650,0.80680,0.80130,0.80270,8132126
2025-09-29T15:30:00+00:00,0.80280,0.80470,0.80120,0.80320,6154027
2025-09-29T15:45:00+00:00,0.80320,0.80330,0.80000,0.80170,4997074
2025-09-29T16:00:00+00:00,0.80170,0.80430,0.80150,0.80360,4307499
2025-09-29T16:15:00+00:00,0.80360,0.80510,0.80100,0.80190,3195170
2025-09-29T16:30:00+00:00,0.80200,0.80510,0.80100,0.80130,3370075
2025-09-29T16:45:00+00:00,0.80120,0.80180,0.79720,0.79790,5424527
2025-09-29T17:00:00+00:00,0.79800,0.79960,0.79450,0.79830,7282291
2025-09-29T17:15:00+00:00,0.79830,0.79840,0.79470,0.79780,5545387
2025-09-29T17:30:00+00:00,0.79780,0.79950,0.79570,0.79890,3043290
2025-09-29T17:45:00+00:00,0.79880,0.80120,0.79860,0.80010,3501548
2025-09-29T18:00:00+00:00,0.80020,0.80030,0.79550,0.79620,3767603
2025-09-29T18:15:00+00:00,0.79620,0.79770,0.79510,0.79680,3284426
2025-09-29T18:30:00+00:00,0.79680,0.79790,0.79570,0.79780,3113694
2025-09-29T18:45:00+00:00,0.79780,0.79910,0.79740,0.79860,1936861
2025-09-29T19:00:00+00:00,0.79870,0.80170,0.79760,0.80120,2829052
2025-09-29T19:15:00+00:00,0.80130,0.80160,0.79820,0.80090,3190982
2025-09-29T19:30:00+00:00,0.80090,0.80310,0.79900,0.80300,2736759
2025-09-29T19:45:00+00:00,0.80310,0.80540,0.80180,0.80420,4244537
2025-09-29T20:00:00+00:00,0.80430,0.80770,0.80290,0.80740,4272525
2025-09-29T20:15:00+00:00,0.80750,0.80880,0.80570,0.80770,4460130
2025-09-29T20:30:00+00:00,0.80780,0.81250,0.80640,0.81220,7488568
2025-09-29T20:45:00+00:00,0.81230,0.81340,0.81130,0.81310,4685846
2025-09-29T21:00:00+00:00,0.81320,0.81440,0.81090,0.81190,5902280
2025-09-29T21:15:00+00:00,0.81190,0.81450,0.81150,0.81350,3435406
2025-09-29T21:30:00+00:00,0.81360,0.81380,0.81170,0.81300,1701868
2025-09-29T21:45:00+00:00,0.81290,0.81400,0.80980,0.81090,3594408
2025-09-29T22:00:00+00:00,0.81090,0.81160,0.80830,0.80960,3666100
2025-09-29T22:15:00+00:00,0.80950,0.81060,0.80870,0.80920,2330172
2025-09-29T22:30:00+00:00,0.80920,0.81000,0.80660,0.80760,2637883
2025-09-29T22:45:00+00:00,0.80750,0.80990,0.80710,0.80830,2222950
2025-09-29T23:00:00+00:00,0.80830,0.80970,0.80630,0.80690,2467097
2025-09-29T23:15:00+00:00,0.80690,0.80830,0.80620,0.80670,1874623
2025-09-29T23:30:00+00:00,0.80670,0.80760,0.80630,0.80680,1345864
2025-09-29T23:45:00+00:00,0.80670,0.80750,0.80510,0.80560,2343414
2025-09-30T00:00:00+00:00,0.80560,0.80730,0.80390,0.80500,4580300
2025-09-30T00:15:00+00:00,0.80500,0.80500,0.80010,0.80070,5940256
2025-09-30T00:30:00+00:00,0.80070,0.80470,0.79970,0.80420,3597558
2025-09-30T00:45:00+00:00,0.80410,0.80830,0.79980,0.80040,10916943
2025-09-30T01:00:00+00:00,0.80050,0.80340,0.79860,0.80330,5068599
2025-09-30T01:15:00+00:00,0.80330,0.80560,0.80100,0.80190,5754662
2025-09-30T01:30:00+00:00,0.80190,0.80190,0.79760,0.79780,5590752
2025-09-30T01:45:00+00:00,0.79770,0.80050,0.79580,0.79970,4339409
2025-09-30T02:00:00+00:00,0.79960,0.80150,0.79860,0.80060,2713814
2025-09-30T02:15:00+00:00,0.80060,0.80250,0.79980,0.80150,2856616
2025-09-30T02:30:00+00:00,0.80140,0.80230,0.79980,0.80090,2404434
2025-09-30T02:45:00+00:00,0.80100,0.80300,0.79750,0.79790,5419685
2025-09-30T03:00:00+00:00,0.79790,0.79950,0.79630,0.79790,3099577
2025-09-30T03:15:00+00:00,0.79780,0.80090,0.79730,0.79900,2613321
2025-09-30T03:30:00+00:00,0.79910,0.80060,0.79760,0.80050,2196380
2025-09-30T03:45:00+00:00,0.80060,0.80080,0.79640,0.79730,2235917
2025-09-30T04:00:00+00:00,0.79740,0.79780,0.79600,0.79600,1930324
2025-09-30T04:15:00+00:00,0.79610,0.79760,0.79560,0.79700,2343498
2025-09-30T04:30:00+00:00,0.79710,0.79930,0.79690,0.79810,3453986
2025-09-30T04:45:00+00:00,0.79810,0.79890,0.79600,0.79680,2146140
2025-09-30T05:00:00+00:00,0.79670,0.79880,0.79580,0.79840,3258246
2025-09-30T05:15:00+00:00,0.79840,0.79850,0.79520,0.79790,2400487
2025-09-30T05:30:00+00:00,0.79790,0.79840,0.79640,0.79750,1645216
2025-09-30T05:45:00+00:00,0.79750,0.80130,0.79580,0.80000,3771219
2025-09-30T06:00:00+00:00,0.80010,0.80330,0.79770,0.80220,6814762
2025-09-30T06:15:00+00:00,0.80230,0.80420,0.80140,0.80380,4185506
2025-09-30T06:30:00+00:00,0.80380,0.80500,0.80240,0.80430,3722751
2025-09-30T06:45:00+00:00,0.80440,0.80440,0.79950,0.80020,3311785
2025-09-30T07:00:00+00:00,0.80020,0.80200,0.79930,0.80020,4571020
2025-09-30T07:15:00+00:00,0.80020,0.80040,0.79800,0.79850,2673156
2025-09-30T07:30:00+00:00,0.79850,0.79850,0.79240,0.79290,7232770
2025-09-30T07:45:00+00:00,0.79280,0.79550,0.79210,0.79370,4137447
2025-09-30T08:00:00+00:00,0.79380,0.79390,0.79180,0.79300,3722212
2025-09-30T08:15:00+00:00,0.79300,0.79330,0.79180,0.79260,2409687
2025-09-30T08:30:00+00:00,0.79270,0.79490,0.79140,0.79270,3775149
2025-09-30T08:45:00+00:00,0.79280,0.79380,0.79160,0.79160,2743000
2025-09-30T09:00:00+00:00,0.79170,0.79210,0.78790,0.78820,5807340
2025-09-30T09:15:00+00:00,0.78810,0.79160,0.78790,0.79140,3305991
2025-09-30T09:30:00+00:00,0.79130,0.79260,0.78810,0.78870,3716720
2025-09-30T09:45:00+00:00,0.78870,0.78870,0.78500,0.78630,9629604
2025-09-30T10:00:00+00:00,0.78630,0.78770,0.78390,0.78650,8476961
2025-09-30T10:15:00+00:00,0.78650,0.78820,0.78610,0.78760,2426721
2025-09-30T10:30:00+00:00,0.78750,0.78940,0.78660,0.78880,4665617
2025-09-30T10:45:00+00:00,0.78890,0.78990,0.78800,0.78800,2288974
2025-09-30T11:00:00+00:00,0.78810,0.78840,0.78540,0.78580,2803863
2025-09-30T11:15:00+00:00,0.78570,0.78760,0.78490,0.78750,2147339
2025-09-30T11:30:00+00:00,0.78750,0.79060,0.78710,0.79040,3685210
2025-09-30T11:45:00+00:00,0.79050,0.79120,0.78980,0.79050,2660331
2025-09-30T12:00:00+00:00,0.79060,0.79060,0.78780,0.78790,2950292
2025-09-30T12:15:00+00:00,0.78780,0.79100,0.78770,0.79010,2611590
2025-09-30T12:30:00+00:00,0.79010,0.79230,0.78980,0.79200,3769009
2025-09-30T12:45:00+00:00,0.79200,0.79230,0.78830,0.78910,3870949
2025-09-30T13:00:00+00:00,0.78920,0.79000,0.78650,0.78860,4587575
2025-09-30T13:15:00+00:00,0.78860,0.79230,0.78770,0.79120,4211603
2025-09-30T13:30:00+00:00,0.79120,0.79390,0.78720,0.79330,6276942
2025-09-30T13:45:00+00:00,0.79320,0.79550,0.78800,0.79060,8726748
2025-09-30T14:00:00+00:00,0.79060,0.79230,0.78620,0.78970,6756631
2025-09-30T14:15:00+00:00,0.78960,0.79240,0.78670,0.78790,6024726
2025-09-30T14:30:00+00:00,0.78790,0.78960,0.78620,0.78720,3839030
2025-09-30T14:45:00+00:00,0.78730,0.79170,0.78650,0.79110,5167757
2025-09-30T15:00:00+00:00,0.79120,0.79130,0.78060,0.78310,11810660
2025-09-30T15:15:00+00:00,0.78310,0.78380,0.77750,0.78040,13979152
2025-09-30T15:30:00+00:00,0.78040,0.78330,0.77940,0.78130,8150925
2025-09-30T15:45:00+00:00,0.78130,0.78340,0.78000,0.78290,3792062
2025-09-30T16:00:00+00:00,0.78280,0.78300,0.77950,0.78030,4285817
2025-09-30T16:15:00+00:00,0.78030,0.78480,0.77960,0.78380,4290037
2025-09-30T16:30:00+00:00,0.78370,0.78410,0.78020,0.78150,3140106
2025-09-30T16:45:00+00:00,0.78150,0.78480,0.78100,0.78300,2817001
2025-09-30T17:00:00+00:00,0.78300,0.78570,0.78230,0.78430,3091755
2025-09-30T17:15:00+00:00,0.78430,0.78550,0.78280,0.78480,3815846
2025-09-30T17:30:00+00:00,0.78480,0.78920,0.78290,0.78600,11165889
2025-09-30T17:45:00+00:00,0.78590,0.78600,0.78270,0.78380,5662363
2025-09-30T18:00:00+00:00,0.78380,0.78690,0.78150,0.78640,4868702
2025-09-30T18:15:00+00:00,0.78630,0.78900,0.78580,0.78810,3451786
2025-09-30T18:30:00+00:00,0.78800,0.78850,0.78620,0.78810,2003505
2025-09-30T18:45:00+00:00,0.78810,0.79030,0.78790,0.78980,2209271
2025-09-30T19:00:00+00:00,0.78990,0.79200,0.78900,0.79010,3307588
2025-09-30T19:15:00+00:00,0.79020,0.79230,0.78900,0.79230,2537817
2025-09-30T19:30:00+00:00,0.79240,0.79800,0.79220,0.79730,9084326
2025-09-30T19:45:00+00:00,0.79720,0.80150,0.79710,0.80070,9753610
2025-09-30T20:00:00+00:00,0.80070,0.80290,0.79920,0.80020,8548659
2025-09-30T20:15:00+00:00,0.80020,0.80400,0.80010,0.80350,6764811
2025-09-30T20:30:00+00:00,0.80340,0.80420,0.80200,0.80300,3617774
2025-09-30T20:45:00+00:00,0.80300,0.80870,0.80290,0.80850,6820193
2025-09-30T21:00:00+00:00,0.80850,0.81300,0.80850,0.81030,11867125
2025-09-30T21:15:00+00:00,0.81030,0.81290,0.80930,0.81020,6736708
2025-09-30T21:30:00+00:00,0.81010,0.81020,0.80740,0.80840,8007484
2025-09-30T21:45:00+00:00,0.80840,0.80930,0.80390,0.80450,5863258
2025-09-30T22:00:00+00:00,0.80450,0.81030,0.80450,0.80760,8620106
2025-09-30T22:15:00+00:00,0.80750,0.80910,0.80630,0.80660,3892101
2025-09-30T22:30:00+00:00,0.80660,0.80700,0.80310,0.80420,4843759
2025-09-30T22:45:00+00:00,0.80420,0.80510,0.80070,0.80170,4350597
2025-09-30T23:00:00+00:00,0.80170,0.80280,0.79860,0.80270,7098741
2025-09-30T23:15:00+00:00,0.80270,0.80620,0.80210,0.80430,2934976
2025-09-30T23:30:00+00:00,0.80430,0.80600,0.80330,0.80590,1795505
2025-09-30T23:45:00+00:00,0.80600,0.80760,0.80520,0.80700,2332281
2025-10-01T00:00:00+00:00,0.80710,0.80970,0.80680,0.80800,3742344
2025-10-01T00:15:00+00:00,0.80810,0.80810,0.80320,0.80350,4020380
2025-10-01T00:30:00+00:00,0.80350,0.80520,0.80120,0.80180,3139157
2025-10-01T00:45:00+00:00,0.80180,0.80700,0.80180,0.80690,4914547
2025-10-01T01:00:00+00:00,0.80690,0.80870,0.80630,0.80780,4352553
2025-10-01T01:15:00+00:00,0.80770,0.80780,0.80330,0.80590,5862759
2025-10-01T01:30:00+00:00,0.80590,0.80950,0.80410,0.80910,3302575
2025-10-01T01:45:00+00:00,0.80920,0.81110,0.80810,0.81080,2733443
2025-10-01T02:00:00+00:00,0.81090,0.81100,0.80830,0.80830,4184947
2025-10-01T02:15:00+00:00,0.80830,0.80940,0.80790,0.80820,1803606
2025-10-01T02:30:00+00:00,0.80810,0.80840,0.80520,0.80560,2372226
2025-10-01T02:45:00+00:00,0.80560,0.80680,0.80450,0.80510,2123342
2025-10-01T03:00:00+00:00,0.80520,0.80550,0.80330,0.80360,3213403
2025-10-01T03:15:00+00:00,0.80370,0.80390,0.80090,0.80190,4889537
2025-10-01T03:30:00+00:00,0.80190,0.80340,0.79940,0.79970,3302475
2025-10-01T03:45:00+00:00,0.79980,0.79980,0.79660,0.79780,6296607
2025-10-01T04:00:00+00:00,0.79780,0.80360,0.79680,0.80140,5117843
2025-10-01T04:15:00+00:00,0.80140,0.80520,0.80140,0.80490,2930736
2025-10-01T04:30:00+00:00,0.80500,0.80680,0.80180,0.80260,4628679
2025-10-01T04:45:00+00:00,0.80250,0.80330,0.79950,0.80050,2203816
2025-10-01T05:00:00+00:00,0.80050,0.80550,0.80030,0.80380,3295229
2025-10-01T05:15:00+00:00,0.80380,0.80560,0.80220,0.80280,2275757
2025-10-01T05:30:00+00:00,0.80270,0.80520,0.80170,0.80460,2435127
2025-10-01T05:45:00+00:00,0.80460,0.80520,0.80290,0.80330,1116814
2025-10-01T06:00:00+00:00,0.80330,0.80400,0.80190,0.80360,2744878
2025-10-01T06:15:00+00:00,0.80350,0.80500,0.80050,0.80210,2389471
2025-10-01T06:30:00+00:00,0.80210,0.80360,0.80140,0.80280,1344485
2025-10-01T06:45:00+00:00,0.80280,0.80290,0.79840,0.79870,2620353
2025-10-01T07:00:00+00:00,0.79870,0.80180,0.79830,0.80150,3143397
2025-10-01T07:15:00+00:00,0.80150,0.80460,0.80140,0.80430,2260264
2025-10-01T07:30:00+00:00,0.80430,0.80610,0.80380,0.80540,2151400
2025-10-01T07:45:00+00:00,0.80530,0.80580,0.80420,0.80430,1556225
2025-10-01T08:00:00+00:00,0.80420,0.80700,0.80360,0.80480,4130788
2025-10-01T08:15:00+00:00,0.80480,0.80950,0.80260,0.80950,7237559
2025-10-01T08:30:00+00:00,0.80950,0.82600,0.80940,0.82550,35789815
2025-10-01T08:45:00+00:00,0.82550,0.82920,0.82340,0.82880,40109948
2025-10-01T09:00:00+00:00,0.82870,0.83260,0.82700,0.83180,20486506
2025-10-01T09:15:00+00:00,0.83170,0.83380,0.82830,0.83300,10913052
2025-10-01T09:30:00+00:00,0.83300,0.83390,0.83040,0.83350,8428777
2025-10-01T09:45:00+00:00,0.83340,0.83430,0.83190,0.83320,5127223
2025-10-01T10:00:00+00:00,0.83310,0.83550,0.82920,0.82940,12651365
2025-10-01T10:15:00+00:00,0.82940,0.83270,0.82910,0.83190,4594759
2025-10-01T10:30:00+00:00,0.83180,0.83300,0.83050,0.83270,4010080
2025-10-01T10:45:00+00:00,0.83270,0.83390,0.83040,0.83070,5840099
2025-10-01T11:00:00+00:00,0.83080,0.83720,0.83080,0.83690,4894952
2025-10-01T11:15:00+00:00,0.83690,0.83720,0.83560,0.83580,4714232
2025-10-01T11:30:00+00:00,0.83570,0.83600,0.83340,0.83390,4165588
2025-10-01T11:45:00+00:00,0.83380,0.83620,0.83290,0.83610,2445507
2025-10-01T12:00:00+00:00,0.83600,0.83710,0.83270,0.83400,4693359
2025-10-01T12:15:00+00:00,0.83410,0.83690,0.83250,0.83530,5674737
2025-10-01T12:30:00+00:00,0.83520,0.83600,0.83340,0.83420,3583390
2025-10-01T12:45:00+00:00,0.83420,0.83530,0.83200,0.83230,3788430
2025-10-01T13:00:00+00:00,0.83230,0.83570,0.83230,0.83550,3450054
2025-10-01T13:15:00+00:00,0.83560,0.83950,0.83500,0.83760,7263172
2025-10-01T13:30:00+00:00,0.83760,0.83960,0.83580,0.83720,6129609
2025-10-01T13:45:00+00:00,0.83720,0.83910,0.83510,0.83720,5800822
2025-10-01T14:00:00+00:00,0.83720,0.84170,0.83550,0.83850,9250840
2025-10-01T14:15:00+00:00,0.83860,0.83990,0.83700,0.83850,4965643
2025-10-01T14:30:00+00:00,0.83850,0.84240,0.83720,0.84120,9095866
2025-10-01T14:45:00+00:00,0.84130,0.84130,0.83700,0.83890,7088191
2025-10-01T15:00:00+00:00,0.83900,0.84090,0.83640,0.83780,4876777
2025-10-01T15:15:00+00:00,0.83780,0.84120,0.83780,0.83990,2777827
2025-10-01T15:30:00+00:00,0.83980,0.84190,0.83800,0.84170,3070013
2025-10-01T15:45:00+00:00,0.84170,0.84230,0.83860,0.84030,3685764
2025-10-01T16:00:00+00:00,0.84040,0.84250,0.83920,0.84220,6695293
2025-10-01T16:15:00+00:00,0.84230,0.84340,0.84000,0.84120,4044579
2025-10-01T16:30:00+00:00,0.84120,0.84150,0.83890,0.84010,4881692
2025-10-01T16:45:00+00:00,0.84010,0.84070,0.83380,0.83500,8703283
2025-10-01T17:00:00+00:00,0.83490,0.83620,0.83250,0.83330,6314800
2025-10-01T17:15:00+00:00,0.83340,0.83770,0.83320,0.83760,5065932
2025-10-01T17:30:00+00:00,0.83770,0.83890,0.83680,0.83740,3626208
2025-10-01T17:45:00+00:00,0.83730,0.83830,0.83410,0.83520,5585681
2025-10-01T18:00:00+00:00,0.83520,0.83900,0.83520,0.83830,3424047
2025-10-01T18:15:00+00:00,0.83830,0.84010,0.83730,0.83990,2187195
2025-10-01T18:30:00+00:00,0.84000,0.84300,0.83970,0.84160,4565133
2025-10-01T18:45:00+00:00,0.84160,0.84390,0.84140,0.84280,3707749
2025-10-01T19:00:00+00:00,0.84280,0.84550,0.84150,0.84540,4364665
2025-10-01T19:15:00+00:00,0.84540,0.84720,0.84490,0.84690,5446949
2025-10-01T19:30:00+00:00,0.84700,0.84720,0.84490,0.84530,4508492
2025-10-01T19:45:00+00:00,0.84530,0.84770,0.84510,0.84530,3709825
2025-10-01T20:00:00+00:00,0.84530,0.84620,0.84270,0.84340,6107828
2025-10-01T20:15:00+00:00,0.84340,0.84510,0.84190,0.84280,4270042
2025-10-01T20:30:00+00:00,0.84280,0.84360,0.84180,0.84320,1786446
2025-10-01T20:45:00+00:00,0.84320,0.84380,0.84260,0.84340,1566157
2025-10-01T21:00:00+00:00,0.84340,0.84430,0.84190,0.84240,2064113
2025-10-01T21:15:00+00:00,0.84240,0.84320,0.83940,0.84070,4306870
2025-10-01T21:30:00+00:00,0.84070,0.84070,0.83840,0.83960,2854469
2025-10-01T21:45:00+00:00,0.83970,0.84120,0.83910,0.84060,1414913
2025-10-01T22:00:00+00:00,0.84060,0.84470,0.84060,0.84260,3494219
2025-10-01T22:15:00+00:00,0.84250,0.84310,0.84110,0.84230,1599678
2025-10-01T22:30:00+00:00,0.84230,0.84260,0.84050,0.84250,2135970
2025-10-01T22:45:00+00:00,0.84240,0.84500,0.84240,0.84450,3135330
2025-10-01T23:00:00+00:00,0.84440,0.84600,0.84330,0.84550,4134409
2025-10-01T23:15:00+00:00,0.84550,0.84760,0.84550,0.84710,4345586
2025-10-01T23:30:00+00:00,0.84720,0.84840,0.84650,0.84720,2372528
2025-10-01T23:45:00+00:00,0.84730,0.85100,0.84670,0.85050,7601835
2025-10-02T00:00:00+00:00,0.85040,0.85520,0.84950,0.85430,16581310
2025-10-02T00:15:00+00:00,0.85420,0.85440,0.85160,0.85250,6789512
2025-10-02T00:30:00+00:00,0.85240,0.85270,0.84990,0.85070,8163423
2025-10-02T00:45:00+00:00,0.85070,0.85070,0.84820,0.84870,2950351
2025-10-02T01:00:00+00:00,0.84860,0.85140,0.84760,0.85070,4234800
2025-10-02T01:15:00+00:00,0.85060,0.85380,0.84920,0.85220,2868740
2025-10-02T01:30:00+00:00,0.85220,0.85420,0.85210,0.85400,3227366
2025-10-02T01:45:00+00:00,0.85410,0.85890,0.85360,0.85800,7612112
2025-10-02T02:00:00+00:00,0.85790,0.85910,0.85370,0.85610,7097288
2025-10-02T02:15:00+00:00,0.85610,0.85710,0.85460,0.85530,3424242
2025-10-02T02:30:00+00:00,0.85540,0.85960,0.85480,0.85830,4190872
2025-10-02T02:45:00+00:00,0.85820,0.86000,0.85610,0.85750,4202123
2025-10-02T03:00:00+00:00,0.85760,0.85890,0.85660,0.85810,3298306
2025-10-02T03:15:00+00:00,0.85810,0.85830,0.85550,0.85670,3094465
2025-10-02T03:30:00+00:00,0.85680,0.85830,0.85600,0.85600,4441578
2025-10-02T03:45:00+00:00,0.85610,0.85620,0.85380,0.85460,3824491
2025-10-02T04:00:00+00:00,0.85460,0.85670,0.85360,0.85570,3240982
2025-10-02T04:15:00+00:00,0.85570,0.85600,0.85100,0.85150,3677884
2025-10-02T04:30:00+00:00,0.85160,0.85250,0.85000,0.85180,3316357
2025-10-02T04:45:00+00:00,0.85180,0.85440,0.85120,0.85430,2378140
2025-10-02T05:00:00+00:00,0.85440,0.85540,0.85300,0.85390,2027415
2025-10-02T05:15:00+00:00,0.85400,0.85670,0.85180,0.85610,3132164
2025-10-02T05:30:00+00:00,0.85610,0.85670,0.85380,0.85480,2787755
2025-10-02T05:45:00+00:00,0.85480,0.85500,0.85330,0.85360,1487299
2025-10-02T06:00:00+00:00,0.85360,0.85470,0.85270,0.85350,2166345
2025-10-02T06:15:00+00:00,0.85360,0.85720,0.85330,0.85580,3815080
2025-10-02T06:30:00+00:00,0.85590,0.86390,0.85560,0.86100,12835517
2025-10-02T06:45:00+00:00,0.86110,0.86150,0.85880,0.86020,4446475
2025-10-02T07:00:00+00:00,0.86030,0.86330,0.85940,0.85950,5396997
2025-10-02T07:15:00+00:00,0.85960,0.86010,0.85620,0.85630,3611145
2025-10-02T07:30:00+00:00,0.85630,0.85710,0.85540,0.85540,2751429
2025-10-02T07:45:00+00:00,0.85540,0.85630,0.85260,0.85380,4472481
2025-10-02T08:00:00+00:00,0.85390,0.85670,0.85380,0.85420,4247502
2025-10-02T08:15:00+00:00,0.85420,0.85600,0.85390,0.85570,1654413
2025-10-02T08:30:00+00:00,0.85580,0.85630,0.85440,0.85610,2287137
2025-10-02T08:45:00+00:00,0.85620,0.85690,0.85550,0.85580,1414267
2025-10-02T09:00:00+00:00,0.85580,0.85590,0.85300,0.85380,2202749
2025-10-02T09:15:00+00:00,0.85390,0.85720,0.85360,0.85620,2646983
2025-10-02T09:30:00+00:00,0.85620,0.85660,0.85270,0.85370,3370852
2025-10-02T09:45:00+00:00,0.85380,0.85520,0.85340,0.85470,1737572
2025-10-02T10:00:00+00:00,0.85480,0.85550,0.85190,0.85290,2704007
2025-10-02T10:15:00+00:00,0.85280,0.85340,0.84890,0.84920,8902306
2025-10-02T10:30:00+00:00,0.84910,0.85320,0.84870,0.85310,5510865
2025-10-02T10:45:00+00:00,0.85310,0.85330,0.85190,0.85200,2021320
2025-10-02T11:00:00+00:00,0.85190,0.85290,0.85090,0.85160,2983109
2025-10-02T11:15:00+00:00,0.85160,0.85380,0.85120,0.85250,3001453
2025-10-02T11:30:00+00:00,0.85240,0.85460,0.85200,0.85360,2293979
2025-10-02T11:45:00+00:00,0.85360,0.85570,0.84920,0.84970,8803083
2025-10-02T12:00:00+00:00,0.84960,0.85200,0.84840,0.85190,6476789
2025-10-02T12:15:00+00:00,0.85190,0.85280,0.85090,0.85200,3017173
2025-10-02T12:30:00+00:00,0.85210,0.85410,0.84970,0.85290,5878908
2025-10-02T12:45:00+00:00,0.85290,0.85540,0.85160,0.85490,3563045
2025-10-02T13:00:00+00:00,0.85490,0.85620,0.85130,0.85140,4890919
2025-10-02T13:15:00+00:00,0.85140,0.85170,0.84550,0.85120,8813562
2025-10-02T13:30:00+00:00,0.85130,0.85360,0.84780,0.85070,6249575
2025-10-02T13:45:00+00:00,0.85070,0.85350,0.84930,0.85300,5938853
2025-10-02T14:00:00+00:00,0.85310,0.85360,0.84790,0.84880,5870474
2025-10-02T14:15:00+00:00,0.84890,0.85150,0.84760,0.85130,5354885
2025-10-02T14:30:00+00:00,0.85120,0.85230,0.84210,0.84340,11772081
2025-10-02T14:45:00+00:00,0.84330,0.84450,0.83730,0.84090,27560623
2025-10-02T15:00:00+00:00,0.84090,0.84530,0.83580,0.84450,17249104
2025-10-02T15:15:00+00:00,0.84440,0.84810,0.84430,0.84730,8140074
2025-10-02T15:30:00+00:00,0.84740,0.84980,0.84400,0.84830,9043847
2025-10-02T15:45:00+00:00,0.84820,0.85380,0.84810,0.85340,7729893
2025-10-02T16:00:00+00:00,0.85340,0.86100,0.85230,0.85960,16851678
2025-10-02T16:15:00+00:00,0.85960,0.86050,0.85670,0.85850,11022109
2025-10-02T16:30:00+00:00,0.85860,0.86080,0.85270,0.85430,7185241
2025-10-02T16:45:00+00:00,0.85440,0.85970,0.85410,0.85840,6442990
2025-10-02T17:00:00+00:00,0.85840,0.86070,0.85710,0.86060,5332256
2025-10-02T17:15:00+00:00,0.86060,0.86140,0.85570,0.85870,5991982
2025-10-02T17:30:00+00:00,0.85870,0.86260,0.85750,0.86160,6070950
2025-10-02T17:45:00+00:00,0.86160,0.86420,0.86060,0.86070,5879007
2025-10-02T18:00:00+00:00,0.86070,0.86680,0.86070,0.86530,9741291
2025-10-02T18:15:00+00:00,0.86520,0.86860,0.86470,0.86830,5310301
2025-10-02T18:30:00+00:00,0.86830,0.86950,0.86600,0.86690,8509791
2025-10-02T18:45:00+00:00,0.86700,0.87290,0.86670,0.87090,10859691
2025-10-02T19:00:00+00:00,0.87090,0.87730,0.86990,0.87720,12743883
2025-10-02T19:15:00+00:00,0.87730,0.87730,0.87320,0.87420,6722662
2025-10-02T19:30:00+00:00,0.87430,0.87640,0.87350,0.87490,3732028
2025-10-02T19:45:00+00:00,0.87500,0.87720,0.87360,0.87400,4149038
2025-10-02T20:00:00+00:00,0.87410,0.87490,0.87080,0.87090,6969723
2025-10-02T20:15:00+00:00,0.87080,0.87350,0.86810,0.86860,6392732
2025-10-02T20:30:00+00:00,0.86860,0.86990,0.86580,0.86960,5082212
2025-10-02T20:45:00+00:00,0.86960,0.87080,0.86860,0.87060,3365968
2025-10-02T21:00:00+00:00,0.87060,0.87440,0.86960,0.87420,5253080
2025-10-02T21:15:00+00:00,0.87410,0.87470,0.86840,0.86940,6667969
2025-10-02T21:30:00+00:00,0.86940,0.86950,0.86720,0.86820,2897866
2025-10-02T21:45:00+00:00,0.86830,0.87040,0.86820,0.86850,2179509
2025-10-02T22:00:00+00:00,0.86840,0.87090,0.86760,0.86950,3290736
2025-10-02T22:15:00+00:00,0.86940,0.86950,0.86560,0.86730,4669015
2025-10-02T22:30:00+00:00,0.86730,0.86820,0.86540,0.86590,2415883
2025-10-02T22:45:00+00:00,0.86600,0.86650,0.86420,0.86530,3313228
2025-10-02T23:00:00+00:00,0.86530,0.86980,0.86520,0.86910,4735812
2025-10-02T23:15:00+00:00,0.86920,0.86940,0.86680,0.86790,2969507
2025-10-02T23:30:00+00:00,0.86790,0.86890,0.86660,0.86770,3857694
2025-10-02T23:45:00+00:00,0.86770,0.87120,0.86670,0.87030,3791024
2025-10-03T00:00:00+00:00,0.87030,0.87090,0.86190,0.86400,8910000
2025-10-03T00:15:00+00:00,0.86400,0.86650,0.86380,0.86640,3709984
2025-10-03T00:30:00+00:00,0.86640,0.86640,0.86200,0.86250,3277215
2025-10-03T00:45:00+00:00,0.86260,0.86420,0.86090,0.86240,3043778
2025-10-03T01:00:00+00:00,0.86240,0.86500,0.86120,0.86160,3602586
2025-10-03T01:15:00+00:00,0.86160,0.86330,0.85800,0.85940,6549743
2025-10-03T01:30:00+00:00,0.85940,0.86180,0.85830,0.85900,4640383
2025-10-03T01:45:00+00:00,0.85900,0.86040,0.85430,0.85610,5863389
2025-10-03T02:00:00+00:00,0.85600,0.86150,0.85530,0.86150,4991891
2025-10-03T02:15:00+00:00,0.86150,0.86250,0.85850,0.85890,2759497
2025-10-03T02:30:00+00:00,0.85880,0.86250,0.85770,0.86120,4653210
2025-10-03T02:45:00+00:00,0.86110,0.86280,0.85900,0.86220,2537060
2025-10-03T03:00:00+00:00,0.86210,0.86760,0.86160,0.86480,6466638
2025-10-03T03:15:00+00:00,0.86480,0.86840,0.86410,0.86430,3955407
2025-10-03T03:30:00+00:00,0.86440,0.86550,0.86350,0.86360,2325047
2025-10-03T03:45:00+00:00,0.86350,0.86520,0.86060,0.86150,3829062
2025-10-03T04:00:00+00:00,0.86150,0.86450,0.86030,0.86440,2894483
2025-10-03T04:15:00+00:00,0.86440,0.86700,0.86400,0.86550,2375919
2025-10-03T04:30:00+00:00,0.86540,0.86550,0.86170,0.86340,3060436
2025-10-03T04:45:00+00:00,0.86340,0.86400,0.86250,0.86390,2024797
2025-10-03T05:00:00+00:00,0.86390,0.86440,0.85980,0.86130,3875371
2025-10-03T05:15:00+00:00,0.86130,0.86190,0.86000,0.86020,2992206
2025-10-03T05:30:00+00:00,0.86010,0.86050,0.85750,0.85830,4320257
2025-10-03T05:45:00+00:00,0.85830,0.86080,0.85730,0.86030,3805779
2025-10-03T06:00:00+00:00,0.86020,0.86110,0.85900,0.86080,2492070
2025-10-03T06:15:00+00:00,0.86080,0.86170,0.86020,0.86130,1269694
2025-10-03T06:30:00+00:00,0.86130,0.86310,0.86110,0.86210,2493194
2025-10-03T06:45:00+00:00,0.86200,0.86200,0.85440,0.85770,8730124
2025-10-03T07:00:00+00:00,0.85760,0.85840,0.85470,0.85660,5100892
2025-10-03T07:15:00+00:00,0.85650,0.85830,0.85360,0.85390,4450276
2025-10-03T07:30:00+00:00,0.85390,0.85650,0.85350,0.85510,3649651
2025-10-03T07:45:00+00:00,0.85510,0.85750,0.85410,0.85680,2727097
2025-10-03T08:00:00+00:00,0.85670,0.85740,0.85420,0.85450,2520317
2025-10-03T08:15:00+00:00,0.85440,0.85720,0.85100,0.85630,7431053
2025-10-03T08:30:00+00:00,0.85630,0.85810,0.85570,0.85760,2911195
2025-10-03T08:45:00+00:00,0.85760,0.85960,0.85730,0.85930,3310761
2025-10-03T09:00:00+00:00,0.85930,0.85990,0.85550,0.85640,3738633
2025-10-03T09:15:00+00:00,0.85640,0.85980,0.85490,0.85930,3823550
2025-10-03T09:30:00+00:00,0.85930,0.85970,0.85630,0.85740,2120759
2025-10-03T09:45:00+00:00,0.85740,0.85920,0.85710,0.85810,2062105
2025-10-03T10:00:00+00:00,0.85820,0.85820,0.85650,0.85720,2394037
2025-10-03T10:15:00+00:00,0.85730,0.85920,0.85670,0.85870,2722818
2025-10-03T10:30:00+00:00,0.85870,0.85920,0.85690,0.85850,2928122
2025-10-03T10:45:00+00:00,0.85850,0.85910,0.85740,0.85750,1802531
2025-10-03T11:00:00+00:00,0.85750,0.85810,0.85390,0.85450,2986898
2025-10-03T11:15:00+00:00,0.85460,0.85500,0.85170,0.85370,4697611
2025-10-03T11:30:00+00:00,0.85370,0.85490,0.85280,0.85460,2498659
2025-10-03T11:45:00+00:00,0.85450,0.85530,0.85350,0.85390,1753806
2025-10-03T12:00:00+00:00,0.85400,0.85430,0.85190,0.85400,4903396
2025-10-03T12:15:00+00:00,0.85410,0.85630,0.85270,0.85310,3006773
2025-10-03T12:30:00+00:00,0.85300,0.85640,0.85260,0.85470,2873565
2025-10-03T12:45:00+00:00,0.85460,0.85530,0.85310,0.85370,1814587
2025-10-03T13:00:00+00:00,0.85370,0.85370,0.84780,0.85020,10672850
2025-10-03T13:15:00+00:00,0.85030,0.85700,0.84990,0.85640,3837213
2025-10-03T13:30:00+00:00,0.85630,0.85970,0.85210,0.85410,9516843
2025-10-03T13:45:00+00:00,0.85410,0.85760,0.85390,0.85520,6328293
2025-10-03T14:00:00+00:00,0.85520,0.85540,0.85090,0.85280,7511481
2025-10-03T14:15:00+00:00,0.85280,0.85600,0.84840,0.85560,7646904
2025-10-03T14:30:00+00:00,0.85560,0.85820,0.85350,0.85680,4549034
2025-10-03T14:45:00+00:00,0.85690,0.86180,0.85650,0.85910,8110053
2025-10-03T15:00:00+00:00,0.85920,0.85920,0.85690,0.85830,5035715
2025-10-03T15:15:00+00:00,0.85830,0.86520,0.85830,0.86230,8265849
2025-10-03T15:30:00+00:00,0.86230,0.86840,0.86220,0.86750,9877289
2025-10-03T15:45:00+00:00,0.86750,0.87370,0.86720,0.87290,12271786
2025-10-03T16:00:00+00:00,0.87290,0.88630,0.87290,0.88170,34117093
2025-10-03T16:15:00+00:00,0.88170,0.88660,0.87890,0.88510,17269362
2025-10-03T16:30:00+00:00,0.88510,0.89190,0.88340,0.89190,17822846
2025-10-03T16:45:00+00:00,0.89190,0.89210,0.87560,0.87720,21550686
2025-10-03T17:00:00+00:00,0.87710,0.87740,0.85650,0.87230,54186615
2025-10-03T17:15:00+00:00,0.87230,0.87290,0.86620,0.86710,24507070
2025-10-03T17:30:00+00:00,0.86700,0.87190,0.86530,0.86900,8151603
2025-10-03T17:45:00+00:00,0.86910,0.86940,0.85910,0.86170,12066422
2025-10-03T18:00:00+00:00,0.86180,0.86560,0.85710,0.86440,10470639
2025-10-03T18:15:00+00:00,0.86450,0.86980,0.86390,0.86910,4921005
2025-10-03T18:30:00+00:00,0.86920,0.87160,0.86650,0.87010,7734310
2025-10-03T18:45:00+00:00,0.87000,0.87280,0.86910,0.87200,4702743
2025-10-03T19:00:00+00:00,0.87200,0.87260,0.86910,0.87110,6106174
2025-10-03T19:15:00+00:00,0.87100,0.87620,0.87100,0.87550,10271439
2025-10-03T19:30:00+00:00,0.87560,0.87610,0.87250,0.87310,3614188
2025-10-03T19:45:00+00:00,0.87310,0.87320,0.86920,0.87000,3829730
2025-10-03T20:00:00+00:00,0.87000,0.87060,0.86560,0.86720,6785504
2025-10-03T20:15:00+00:00,0.86710,0.87020,0.86600,0.86850,2499016
2025-10-03T20:30:00+00:00,0.86850,0.87210,0.86850,0.87210,2615760
2025-10-03T20:45:00+00:00,0.87210,0.87250,0.87020,0.87160,1825473
2025-10-03T21:00:00+00:00,0.87160,0.87290,0.87060,0.87190,1515339
2025-10-03T21:15:00+00:00,0.87180,0.87200,0.86920,0.87160,2266665
2025-10-03T21:30:00+00:00,0.87150,0.87250,0.86770,0.86870,3005906
2025-10-03T21:45:00+00:00,0.86870,0.86970,0.86690,0.86880,1470536
2025-10-03T22:00:00+00:00,0.86880,0.87190,0.86880,0.87160,3054119
2025-10-03T22:15:00+00:00,0.87170,0.87370,0.87120,0.87310,1558645
2025-10-03T22:30:00+00:00,0.87310,0.87320,0.87150,0.87180,1449440
2025-10-03T22:45:00+00:00,0.87170,0.87250,0.87000,0.87020,3294255
2025-10-03T23:00:00+00:00,0.87030,0.87050,0.86730,0.86750,3755319
2025-10-03T23:15:00+00:00,0.86740,0.86890,0.86630,0.86650,2446233
2025-10-03T23:30:00+00:00,0.86640,0.86860,0.86540,0.86780,2306692
2025-10-03T23:45:00+00:00,0.86780,0.86790,0.86450,0.86530,2162230
2025-10-04T00:00:00+00:00,0.86540,0.86870,0.86460,0.86760,5656179
2025-10-04T00:15:00+00:00,0.86760,0.86860,0.86270,0.86290,2664393
2025-10-04T00:30:00+00:00,0.86290,0.86390,0.86080,0.86240,4811585
2025-10-04T00:45:00+00:00,0.86240,0.86340,0.86140,0.86270,2829853
2025-10-04T01:00:00+00:00,0.86260,0.86280,0.85860,0.85890,5745265
2025-10-04T01:15:00+00:00,0.85890,0.86030,0.85810,0.85870,2531450
2025-10-04T01:30:00+00:00,0.85870,0.85960,0.85710,0.85790,3417016
2025-10-04T01:45:00+00:00,0.85790,0.85860,0.85540,0.85660,5757817
2025-10-04T02:00:00+00:00,0.85660,0.85920,0.85340,0.85450,6528510
2025-10-04T02:15:00+00:00,0.85460,0.85500,0.85220,0.85450,4646469
2025-10-04T02:30:00+00:00,0.85460,0.85550,0.85360,0.85420,2720733
2025-10-04T02:45:00+00:00,0.85410,0.85580,0.85360,0.85400,2972619
2025-10-04T03:00:00+00:00,0.85400,0.85480,0.85010,0.85030,4229303
2025-10-04T03:15:00+00:00,0.85040,0.85320,0.84930,0.85310,4424295
2025-10-04T03:30:00+00:00,0.85310,0.85470,0.85270,0.85400,2989791
2025-10-04T03:45:00+00:00,0.85400,0.85470,0.85310,0.85440,2383218
2025-10-04T04:00:00+00:00,0.85430,0.85610,0.85370,0.85500,3328419
2025-10-04T04:15:00+00:00,0.85510,0.85550,0.85290,0.85320,2730873
2025-10-04T04:30:00+00:00,0.85310,0.85530,0.85260,0.85490,1562634
2025-10-04T04:45:00+00:00,0.85490,0.85600,0.85450,0.85490,2191093
2025-10-04T05:00:00+00:00,0.85500,0.85680,0.85440,0.85650,2847598
2025-10-04T05:15:00+00:00,0.85640,0.85730,0.85530,0.85600,2529392
2025-10-04T05:30:00+00:00,0.85600,0.85630,0.85370,0.85390,2163880
2025-10-04T05:45:00+00:00,0.85390,0.85660,0.85320,0.85610,1995253
2025-10-04T06:00:00+00:00,0.85610,0.85720,0.85500,0.85570,2625288
2025-10-04T06:15:00+00:00,0.85560,0.85860,0.85550,0.85670,2537150
2025-10-04T06:30:00+00:00,0.85660,0.85760,0.85550,0.85600,2571233
2025-10-04T06:45:00+00:00,0.85590,0.85620,0.85540,0.85600,1164218
2025-10-04T07:00:00+00:00,0.85610,0.85640,0.85500,0.85500,1494252
2025-10-04T07:15:00+00:00,0.85500,0.85510,0.85320,0.85360,2999196
2025-10-04T07:30:00+00:00,0.85360,0.85470,0.85300,0.85330,2369845
2025-10-04T07:45:00+00:00,0.85320,0.85330,0.85150,0.85220,2067910
2025-10-04T08:00:00+00:00,0.85220,0.85330,0.85160,0.85170,3457700
2025-10-04T08:15:00+00:00,0.85170,0.85220,0.84940,0.85060,5681227
2025-10-04T08:30:00+00:00,0.85060,0.85070,0.84550,0.84650,10426385
2025-10-04T08:45:00+00:00,0.84650,0.84750,0.84540,0.84650,5477570
2025-10-04T09:00:00+00:00,0.84650,0.84840,0.84490,0.84830,4123058
2025-10-04T09:15:00+00:00,0.84820,0.84920,0.84700,0.84800,2747447
2025-10-04T09:30:00+00:00,0.84800,0.84830,0.84650,0.84800,2301655
2025-10-04T09:45:00+00:00,0.84800,0.84810,0.84390,0.84450,5743949
2025-10-04T10:00:00+00:00,0.84460,0.84790,0.84380,0.84640,3744067
2025-10-04T10:15:00+00:00,0.84640,0.84800,0.84600,0.84800,1794347
2025-10-04T10:30:00+00:00,0.84800,0.84810,0.84280,0.84420,3138832
2025-10-04T10:45:00+00:00,0.84420,0.84500,0.84190,0.84260,4819128
2025-10-04T11:00:00+00:00,0.84250,0.84410,0.84100,0.84120,3523744
2025-10-04T11:15:00+00:00,0.84120,0.84320,0.84050,0.84300,3529377
2025-10-04T11:30:00+00:00,0.84300,0.84400,0.84150,0.84310,2111943
2025-10-04T11:45:00+00:00,0.84310,0.84470,0.84260,0.84280,2542865
2025-10-04T12:00:00+00:00,0.84280,0.84470,0.84200,0.84430,2303809
2025-10-04T12:15:00+00:00,0.84430,0.84460,0.84360,0.84380,1812960
2025-10-04T12:30:00+00:00,0.84370,0.84480,0.84320,0.84340,1676654
2025-10-04T12:45:00+00:00,0.84330,0.84350,0.84100,0.84180,2498889
2025-10-04T13:00:00+00:00,0.84190,0.84940,0.84140,0.84630,8930522
2025-10-04T13:15:00+00:00,0.84620,0.84810,0.84540,0.84570,3462785
2025-10-04T13:30:00+00:00,0.84570,0.84820,0.84560,0.84750,2619104
2025-10-04T13:45:00+00:00,0.84750,0.84820,0.84460,0.84540,3556176
2025-10-04T14:00:00+00:00,0.84540,0.84920,0.84400,0.84860,6199763
2025-10-04T14:15:00+00:00,0.84860,0.84910,0.84590,0.84640,2489909
2025-10-04T14:30:00+00:00,0.84640,0.84660,0.84430,0.84430,1850796
2025-10-04T14:45:00+00:00,0.84430,0.84450,0.83780,0.83810,13913389
2025-10-04T15:00:00+00:00,0.83800,0.84090,0.83730,0.83760,12962039
2025-10-04T15:15:00+00:00,0.83750,0.83900,0.83270,0.83370,15891581
2025-10-04T15:30:00+00:00,0.83370,0.83630,0.83300,0.83570,7903400
2025-10-04T15:45:00+00:00,0.83570,0.83810,0.83450,0.83520,5489563
2025-10-04T16:00:00+00:00,0.83510,0.83710,0.83470,0.83590,5610845
2025-10-04T16:15:00+00:00,0.83600,0.83780,0.83440,0.83700,8228935
2025-10-04T16:30:00+00:00,0.83690,0.84230,0.83550,0.83590,15861751
2025-10-04T16:45:00+00:00,0.83580,0.83750,0.83430,0.83740,4726762
2025-10-04T17:00:00+00:00,0.83740,0.83900,0.83650,0.83660,5370595
2025-10-04T17:15:00+00:00,0.83660,0.83850,0.83620,0.83790,1924619
2025-10-04T17:30:00+00:00,0.83790,0.83890,0.83440,0.83500,3725521
2025-10-04T17:45:00+00:00,0.83500,0.83680,0.83420,0.83670,1609379
2025-10-04T18:00:00+00:00,0.83670,0.83780,0.83600,0.83690,1364886
2025-10-04T18:15:00+00:00,0.83690,0.83740,0.83540,0.83680,1395815
2025-10-04T18:30:00+00:00,0.83680,0.83720,0.83500,0.83620,1743302
2025-10-04T18:45:00+00:00,0.83610,0.83630,0.83510,0.83560,1215121
2025-10-04T19:00:00+00:00,0.83560,0.83780,0.83560,0.83770,1108939
2025-10-04T19:15:00+00:00,0.83770,0.83870,0.83710,0.83810,1715467
2025-10-04T19:30:00+00:00,0.83810,0.83850,0.83630,0.83630,1603398
2025-10-04T19:45:00+00:00,0.83630,0.83790,0.83620,0.83780,1199394
2025-10-04T20:00:00+00:00,0.83780,0.83950,0.83740,0.83860,2524123
2025-10-04T20:15:00+00:00,0.83870,0.84100,0.83830,0.84020,2442628
2025-10-04T20:30:00+00:00,0.84020,0.84060,0.83930,0.84000,2674562
2025-10-04T20:45:00+00:00,0.84000,0.84060,0.83800,0.83800,1825019
2025-10-04T21:00:00+00:00,0.83800,0.84040,0.83760,0.84030,2215860
2025-10-04T21:15:00+00:00,0.84030,0.84370,0.83950,0.84300,3669058
2025-10-04T21:30:00+00:00,0.84310,0.84320,0.84160,0.84210,2265639
2025-10-04T21:45:00+00:00,0.84210,0.84240,0.84010,0.84020,1987022
2025-10-04T22:00:00+00:00,0.84020,0.84200,0.83980,0.84030,3028659
2025-10-04T22:15:00+00:00,0.84030,0.84160,0.83880,0.84140,1916187
2025-10-04T22:30:00+00:00,0.84140,0.84320,0.84140,0.84260,1333224
2025-10-04T22:45:00+00:00,0.84260,0.84330,0.84130,0.84130,1852759
2025-10-04T23:00:00+00:00,0.84130,0.84150,0.83890,0.83910,2537399
2025-10-04T23:15:00+00:00,0.83910,0.84010,0.83880,0.83960,2311278
2025-10-04T23:30:00+00:00,0.83960,0.84070,0.83940,0.84060,2084491
2025-10-04T23:45:00+00:00,0.84070,0.84140,0.83900,0.83910,1240674
2025-10-05T00:00:00+00:00,0.83910,0.83970,0.83730,0.83790,3835105
2025-10-05T00:15:00+00:00,0.83790,0.84240,0.83760,0.84180,3924945
2025-10-05T00:30:00+00:00,0.84180,0.84200,0.83820,0.83830,3453834
2025-10-05T00:45:00+00:00,0.83830,0.83860,0.83460,0.83530,4977701
2025-10-05T01:00:00+00:00,0.83530,0.83920,0.83510,0.83840,3503163
2025-10-05T01:15:00+00:00,0.83830,0.83890,0.83550,0.83790,1777281
2025-10-05T01:30:00+00:00,0.83790,0.84100,0.83760,0.84060,4281963
2025-10-05T01:45:00+00:00,0.84050,0.84140,0.83980,0.84040,1581645
2025-10-05T02:00:00+00:00,0.84030,0.84080,0.83900,0.84050,1379599
2025-10-05T02:15:00+00:00,0.84050,0.84300,0.83970,0.84290,2677398
2025-10-05T02:30:00+00:00,0.84300,0.85600,0.84300,0.85120,34839463
2025-10-05T02:45:00+00:00,0.85120,0.85990,0.85120,0.85910,8948643
2025-10-05T03:00:00+00:00,0.85910,0.86320,0.85660,0.85860,16453685
2025-10-05T03:15:00+00:00,0.85860,0.85860,0.85460,0.85720,7633630
2025-10-05T03:30:00+00:00,0.85730,0.85980,0.85710,0.85830,5101033
2025-10-05T03:45:00+00:00,0.85840,0.85880,0.85370,0.85460,4342707
2025-10-05T04:00:00+00:00,0.85460,0.85860,0.85450,0.85810,6230428
2025-10-05T04:15:00+00:00,0.85820,0.86000,0.85660,0.85790,3348042
2025-10-05T04:30:00+00:00,0.85800,0.85970,0.85620,0.85850,5771790
2025-10-05T04:45:00+00:00,0.85860,0.87140,0.85850,0.86750,38461575
2025-10-05T05:00:00+00:00,0.86750,0.87160,0.86690,0.86990,15067808
2025-10-05T05:15:00+00:00,0.87000,0.87300,0.86800,0.87270,8230946
2025-10-05T05:30:00+00:00,0.87280,0.87440,0.86960,0.87210,13128992
2025-10-05T05:45:00+00:00,0.87210,0.87270,0.86850,0.87270,4863712
2025-10-05T06:00:00+00:00,0.87270,0.87530,0.87110,0.87290,7295767
2025-10-05T06:15:00+00:00,0.87280,0.87340,0.86990,0.87240,4889595
2025-10-05T06:30:00+00:00,0.87250,0.87260,0.86800,0.87010,5244472
2025-10-05T06:45:00+00:00,0.87000,0.87060,0.86630,0.86710,3837344
2025-10-05T07:00:00+00:00,0.86720,0.87540,0.86690,0.87390,11151245
2025-10-05T07:15:00+00:00,0.87380,0.87680,0.87370,0.87450,7852668
2025-10-05T07:30:00+00:00,0.87450,0.87560,0.87200,0.87420,5363837
2025-10-05T07:45:00+00:00,0.87430,0.87810,0.87370,0.87800,6797057
2025-10-05T08:00:00+00:00,0.87800,0.88250,0.87730,0.87740,15141518
2025-10-05T08:15:00+00:00,0.87750,0.88100,0.87540,0.87880,6245213
2025-10-05T08:30:00+00:00,0.87890,0.88010,0.87550,0.87890,4725382
2025-10-05T08:45:00+00:00,0.87890,0.87930,0.87660,0.87740,3794496
2025-10-05T09:00:00+00:00,0.87740,0.87900,0.87570,0.87800,4033826
2025-10-05T09:15:00+00:00,0.87810,0.87870,0.87380,0.87510,6478175
2025-10-05T09:30:00+00:00,0.87520,0.87540,0.86670,0.86740,28374893
2025-10-05T09:45:00+00:00,0.86740,0.87020,0.86420,0.86620,22127431
2025-10-05T10:00:00+00:00,0.86620,0.86680,0.85970,0.86310,15744456
2025-10-05T10:15:00+00:00,0.86320,0.86750,0.86250,0.86380,7340615
2025-10-05T10:30:00+00:00,0.86390,0.86390,0.85940,0.86210,5711876
2025-10-05T10:45:00+00:00,0.86210,0.86500,0.86200,0.86250,3890161
2025-10-05T11:00:00+00:00,0.86250,0.86410,0.85730,0.85810,7974110
2025-10-05T11:15:00+00:00,0.85820,0.86360,0.85740,0.86290,6794383
2025-10-05T11:30:00+00:00,0.86300,0.86320,0.85950,0.86130,7863119
2025-10-05T11:45:00+00:00,0.86120,0.86390,0.86100,0.86280,2858203
2025-10-05T12:00:00+00:00,0.86280,0.86280,0.85620,0.85880,10447229
2025-10-05T12:15:00+00:00,0.85870,0.86030,0.85680,0.85710,2800317
2025-10-05T12:30:00+00:00,0.85710,0.85960,0.85560,0.85600,3249619
2025-10-05T12:45:00+00:00,0.85600,0.85850,0.85530,0.85610,3222858
2025-10-05T13:00:00+00:00,0.85610,0.85910,0.85570,0.85850,3005905
2025-10-05T13:15:00+00:00,0.85850,0.85890,0.85590,0.85820,2931319
2025-10-05T13:30:00+00:00,0.85830,0.86000,0.85600,0.85800,3601035
2025-10-05T13:45:00+00:00,0.85810,0.85930,0.85640,0.85770,2269866
2025-10-05T14:00:00+00:00,0.85780,0.86090,0.85750,0.85990,3372520
2025-10-05T14:15:00+00:00,0.86000,0.86020,0.85720,0.85780,1972767
2025-10-05T14:30:00+00:00,0.85790,0.85830,0.85190,0.85340,9760013
2025-10-05T14:45:00+00:00,0.85330,0.85440,0.85070,0.85410,9280317
2025-10-05T15:00:00+00:00,0.85400,0.85490,0.85260,0.85480,3515553
2025-10-05T15:15:00+00:00,0.85480,0.85760,0.85470,0.85600,3617994
2025-10-05T15:30:00+00:00,0.85590,0.85590,0.85130,0.85340,5903969
2025-10-05T15:45:00+00:00,0.85330,0.85410,0.85270,0.85360,6842974
2025-10-05T16:00:00+00:00,0.85360,0.85620,0.85270,0.85430,4390249
2025-10-05T16:15:00+00:00,0.85440,0.85500,0.85220,0.85230,3212448
2025-10-05T16:30:00+00:00,0.85230,0.85360,0.85050,0.85090,4708425
2025-10-05T16:45:00+00:00,0.85080,0.85350,0.84550,0.85290,20978940
2025-10-05T17:00:00+00:00,0.85300,0.85490,0.84970,0.85090,6289095
2025-10-05T17:15:00+00:00,0.85080,0.85300,0.84920,0.84970,3081964
2025-10-05T17:30:00+00:00,0.84960,0.84960,0.84600,0.84740,3690879
2025-10-05T17:45:00+00:00,0.84740,0.84790,0.84220,0.84380,7761179
2025-10-05T18:00:00+00:00,0.84380,0.84580,0.84010,0.84090,13780962
2025-10-05T18:15:00+00:00,0.84090,0.84230,0.83900,0.84160,12210237
2025-10-05T18:30:00+00:00,0.84150,0.84470,0.84120,0.84350,4294129
2025-10-05T18:45:00+00:00,0.84350,0.84480,0.84230,0.84280,3691261
2025-10-05T19:00:00+00:00,0.84280,0.84290,0.82630,0.83170,60151118
2025-10-05T19:15:00+00:00,0.83180,0.83610,0.83020,0.83440,9689867
2025-10-05T19:30:00+00:00,0.83450,0.83500,0.83220,0.83250,4475490
2025-10-05T19:45:00+00:00,0.83240,0.83310,0.82910,0.82990,7095018
2025-10-05T20:00:00+00:00,0.83000,0.83330,0.82730,0.83200,8705094
2025-10-05T20:15:00+00:00,0.83210,0.83330,0.83030,0.83270,3884643
2025-10-05T20:30:00+00:00,0.83270,0.83740,0.83270,0.83630,6643638
2025-10-05T20:45:00+00:00,0.83640,0.83730,0.83400,0.83410,4456240
2025-10-05T21:00:00+00:00,0.83400,0.83510,0.83210,0.83420,5353614
2025-10-05T21:15:00+00:00,0.83410,0.83640,0.83280,0.83570,5005113
2025-10-05T21:30:00+00:00,0.83560,0.83610,0.83300,0.83570,6025641
2025-10-05T21:45:00+00:00,0.83570,0.83680,0.83500,0.83600,1848635
2025-10-05T22:00:00+00:00,0.83600,0.83970,0.83240,0.83290,7131683
2025-10-05T22:15:00+00:00,0.83300,0.83720,0.83240,0.83580,4157917
2025-10-05T22:30:00+00:00,0.83590,0.83710,0.83550,0.83620,1911655
2025-10-05T22:45:00+00:00,0.83620,0.83680,0.83570,0.83630,2331896
2025-10-05T23:00:00+00:00,0.83630,0.83810,0.83550,0.83700,4850902
2025-10-05T23:15:00+00:00,0.83690,0.83910,0.83680,0.83840,4916904
2025-10-05T23:30:00+00:00,0.83850,0.83980,0.83670,0.83670,5832172
2025-10-05T23:45:00+00:00,0.83680,0.83790,0.83610,0.83660,1964400
2025-10-06T00:00:00+00:00,0.83650,0.83710,0.83110,0.83560,9694661
2025-10-06T00:15:00+00:00,0.83570,0.84440,0.83420,0.83640,22684913
2025-10-06T00:30:00+00:00,0.83640,0.84010,0.83550,0.83810,6421247
2025-10-06T00:45:00+00:00,0.83820,0.83870,0.83230,0.83490,7000873
2025-10-06T01:00:00+00:00,0.83480,0.83900,0.83180,0.83750,5723916
2025-10-06T01:15:00+00:00,0.83740,0.84370,0.83480,0.84200,10140437
2025-10-06T01:30:00+00:00,0.84190,0.84510,0.83910,0.84000,8903860
2025-10-06T01:45:00+00:00,0.83990,0.84060,0.83850,0.83940,4644238
2025-10-06T02:00:00+00:00,0.83940,0.84100,0.83720,0.83890,3594052
2025-10-06T02:15:00+00:00,0.83880,0.84070,0.83760,0.83780,4010145
2025-10-06T02:30:00+00:00,0.83780,0.83870,0.83430,0.83830,5537869
2025-10-06T02:45:00+00:00,0.83820,0.84440,0.83820,0.84000,7563753
2025-10-06T03:00:00+00:00,0.83990,0.84130,0.83920,0.84120,3159787
2025-10-06T03:15:00+00:00,0.84110,0.84170,0.83950,0.84080,2072034
2025-10-06T03:30:00+00:00,0.84080,0.84190,0.83910,0.83960,2144165
2025-10-06T03:45:00+00:00,0.83960,0.84020,0.83810,0.83950,3064063
2025-10-06T04:00:00+00:00,0.83940,0.84050,0.83780,0.84030,6338844
2025-10-06T04:15:00+00:00,0.84020,0.84240,0.83990,0.84240,3144299
2025-10-06T04:30:00+00:00,0.84240,0.84260,0.83850,0.83930,2744644
2025-10-06T04:45:00+00:00,0.83930,0.84040,0.83770,0.83830,3903761
2025-10-06T05:00:00+00:00,0.83830,0.83860,0.83580,0.83610,3270834
2025-10-06T05:15:00+00:00,0.83600,0.84080,0.83590,0.84070,3856336
2025-10-06T05:30:00+00:00,0.84070,0.84110,0.83780,0.83980,2555207
2025-10-06T05:45:00+00:00,0.83980,0.84240,0.83970,0.84200,2622018
2025-10-06T06:00:00+00:00,0.84200,0.84560,0.84190,0.84430,7479889
2025-10-06T06:15:00+00:00,0.84430,0.84640,0.84230,0.84580,4567049
2025-10-06T06:30:00+00:00,0.84590,0.84980,0.84570,0.84740,7785394
2025-10-06T06:45:00+00:00,0.84730,0.84770,0.84380,0.84550,3435236
2025-10-06T07:00:00+00:00,0.84550,0.84830,0.84480,0.84810,4050423
2025-10-06T07:15:00+00:00,0.84800,0.84920,0.84650,0.84760,3117224
2025-10-06T07:30:00+00:00,0.84760,0.84800,0.83920,0.84140,9859445
2025-10-06T07:45:00+00:00,0.84130,0.84250,0.83890,0.84240,4117785
2025-10-06T08:00:00+00:00,0.84250,0.84650,0.84250,0.84570,5473183
2025-10-06T08:15:00+00:00,0.84560,0.84710,0.84450,0.84670,3937268
2025-10-06T08:30:00+00:00,0.84670,0.85010,0.84660,0.84780,6679293
2025-10-06T08:45:00+00:00,0.84770,0.85210,0.84720,0.85140,6065060
2025-10-06T09:00:00+00:00,0.85150,0.85300,0.85090,0.85120,5306782
2025-10-06T09:15:00+00:00,0.85110,0.85220,0.84930,0.85040,4276388
2025-10-06T09:30:00+00:00,0.85040,0.85040,0.84810,0.84860,3892001
2025-10-06T09:45:00+00:00,0.84850,0.85090,0.84840,0.85010,3343036
2025-10-06T10:00:00+00:00,0.85020,0.85090,0.84810,0.84900,3602586
2025-10-06T10:15:00+00:00,0.84900,0.85090,0.84800,0.85030,2707278
2025-10-06T10:30:00+00:00,0.85040,0.85150,0.84940,0.84980,3323863
2025-10-06T10:45:00+00:00,0.84990,0.85250,0.84990,0.85090,3368492
2025-10-06T11:00:00+00:00,0.85090,0.85100,0.84810,0.84920,3459509
2025-10-06T11:15:00+00:00,0.84920,0.85430,0.84900,0.85330,4527400
2025-10-06T11:30:00+00:00,0.85340,0.85460,0.84960,0.85200,5161649
2025-10-06T11:45:00+00:00,0.85210,0.85300,0.84960,0.85050,2462152
2025-10-06T12:00:00+00:00,0.85060,0.85420,0.85060,0.85380,4464558
2025-10-06T12:15:00+00:00,0.85380,0.85580,0.85360,0.85360,5654641
2025-10-06T12:30:00+00:00,0.85370,0.85520,0.85160,0.85220,6214409
2025-10-06T12:45:00+00:00,0.85220,0.85490,0.85210,0.85410,3201363
2025-10-06T13:00:00+00:00,0.85400,0.85750,0.85390,0.85520,7114084
2025-10-06T13:15:00+00:00,0.85530,0.85920,0.85370,0.85730,7743449
2025-10-06T13:30:00+00:00,0.85730,0.86150,0.85400,0.85650,16599047
2025-10-06T13:45:00+00:00,0.85640,0.86510,0.85450,0.86460,15521126
2025-10-06T14:00:00+00:00,0.86450,0.86920,0.86360,0.86550,17676675
2025-10-06T14:15:00+00:00,0.86550,0.86820,0.86060,0.86460,11290041
2025-10-06T14:30:00+00:00,0.86470,0.87000,0.86420,0.86550,13101322
2025-10-06T14:45:00+00:00,0.86550,0.86820,0.86060,0.86230,10176708
2025-10-06T15:00:00+00:00,0.86220,0.86760,0.86210,0.86720,8584419
2025-10-06T15:15:00+00:00,0.86730,0.88030,0.86710,0.87980,40230346
2025-10-06T15:30:00+00:00,0.87970,0.88100,0.87390,0.87470,27993450
2025-10-06T15:45:00+00:00,0.87460,0.87660,0.87280,0.87310,9861255
2025-10-06T16:00:00+00:00,0.87310,0.87760,0.86950,0.87140,15139928
2025-10-06T16:15:00+00:00,0.87130,0.87430,0.86970,0.87170,7351115
2025-10-06T16:30:00+00:00,0.87160,0.87420,0.87070,0.87340,4286077
2025-10-06T16:45:00+00:00,0.87350,0.87350,0.87000,0.87320,4421231
2025-10-06T17:00:00+00:00,0.87310,0.87500,0.87130,0.87410,6484724
2025-10-06T17:15:00+00:00,0.87410,0.87970,0.87390,0.87820,8191944
2025-10-06T17:30:00+00:00,0.87830,0.87970,0.87250,0.87670,11381148
2025-10-06T17:45:00+00:00,0.87680,0.87960,0.87440,0.87590,9421673
2025-10-06T18:00:00+00:00,0.87580,0.87950,0.87550,0.87900,6820759
2025-10-06T18:15:00+00:00,0.87900,0.87970,0.87750,0.87870,4651225
2025-10-06T18:30:00+00:00,0.87870,0.87950,0.87600,0.87740,5207669
2025-10-06T18:45:00+00:00,0.87730,0.88070,0.87710,0.87950,5759242
2025-10-06T19:00:00+00:00,0.87940,0.88080,0.87740,0.87970,5325762
2025-10-06T19:15:00+00:00,0.87970,0.88050,0.87660,0.87810,5394832
2025-10-06T19:30:00+00:00,0.87800,0.87930,0.87470,0.87590,5753190
2025-10-06T19:45:00+00:00,0.87580,0.87830,0.87510,0.87750,7324825
2025-10-06T20:00:00+00:00,0.87750,0.88100,0.87740,0.87810,5511736
2025-10-06T20:15:00+00:00,0.87800,0.87820,0.87350,0.87500,10821101
2025-10-06T20:30:00+00:00,0.87500,0.87710,0.87300,0.87330,7444023
2025-10-06T20:45:00+00:00,0.87320,0.87480,0.87290,0.87310,5190659
2025-10-06T21:00:00+00:00,0.87300,0.87550,0.87220,0.87220,5699509
2025-10-06T21:15:00+00:00,0.87230,0.87400,0.86840,0.87360,13971260
2025-10-06T21:30:00+00:00,0.87370,0.87690,0.87190,0.87640,6802500
2025-10-06T21:45:00+00:00,0.87630,0.87700,0.87380,0.87660,3022361
2025-10-06T22:00:00+00:00,0.87650,0.87980,0.87620,0.87740,5003413
2025-10-06T22:15:00+00:00,0.87740,0.87770,0.87580,0.87740,4089121
2025-10-06T22:30:00+00:00,0.87730,0.87770,0.87470,0.87580,5586610
2025-10-06T22:45:00+00:00,0.87570,0.87780,0.87530,0.87740,3191552
2025-10-06T23:00:00+00:00,0.87730,0.87870,0.86900,0.87020,16052570
2025-10-06T23:15:00+00:00,0.87030,0.87240,0.86650,0.87200,15876837
2025-10-06T23:30:00+00:00,0.87200,0.87360,0.87140,0.87160,4890932
2025-10-06T23:45:00+00:00,0.87160,0.87280,0.87080,0.87160,2658194
2025-10-07T00:00:00+00:00,0.87160,0.87540,0.87100,0.87330,4971332
2025-10-07T00:15:00+00:00,0.87320,0.87380,0.87080,0.87140,3827798
2025-10-07T00:30:00+00:00,0.87130,0.87660,0.87130,0.87610,3056026
2025-10-07T00:45:00+00:00,0.87610,0.87640,0.87240,0.87610,3337450
2025-10-07T01:00:00+00:00,0.87610,0.87800,0.87460,0.87460,3869462
2025-10-07T01:15:00+00:00,0.87450,0.87480,0.86930,0.87290,6286682
2025-10-07T01:30:00+00:00,0.87280,0.87370,0.87060,0.87360,2269767
2025-10-07T01:45:00+00:00,0.87350,0.87350,0.87090,0.87240,1957774
2025-10-07T02:00:00+00:00,0.87240,0.87380,0.87160,0.87190,2365992
2025-10-07T02:15:00+00:00,0.87180,0.87300,0.86840,0.87230,4927112
2025-10-07T02:30:00+00:00,0.87220,0.87310,0.86770,0.86880,3736764
2025-10-07T02:45:00+00:00,0.86880,0.87140,0.86870,0.87050,3105975
2025-10-07T03:00:00+00:00,0.87050,0.87270,0.86960,0.87230,3013971
2025-10-07T03:15:00+00:00,0.87220,0.87220,0.86790,0.86800,3104643
2025-10-07T03:30:00+00:00,0.86790,0.86890,0.86690,0.86830,3402938
2025-10-07T03:45:00+00:00,0.86830,0.86870,0.86730,0.86820,2798835
2025-10-07T04:00:00+00:00,0.86820,0.86830,0.86320,0.86360,9370933
2025-10-07T04:15:00+00:00,0.86360,0.86720,0.86180,0.86700,8276974
2025-10-07T04:30:00+00:00,0.86710,0.87240,0.86680,0.87070,6855585
2025-10-07T04:45:00+00:00,0.87070,0.87480,0.87030,0.87160,4616088
2025-10-07T05:00:00+00:00,0.87150,0.87210,0.86850,0.87080,3105630
2025-10-07T05:15:00+00:00,0.87090,0.87390,0.86900,0.87210,2315014
2025-10-07T05:30:00+00:00,0.87220,0.87460,0.87070,0.87370,3483641
2025-10-07T05:45:00+00:00,0.87360,0.87420,0.87030,0.87200,4904672
2025-10-07T06:00:00+00:00,0.87210,0.87370,0.86810,0.86840,7304173
2025-10-07T06:15:00+00:00,0.86830,0.86840,0.86210,0.86250,8467388
2025-10-07T06:30:00+00:00,0.86240,0.86490,0.85730,0.85960,12453313
2025-10-07T06:45:00+00:00,0.85960,0.86060,0.85700,0.85750,6634643
2025-10-07T07:00:00+00:00,0.85740,0.86040,0.85650,0.85740,6096585
2025-10-07T07:15:00+00:00,0.85750,0.85840,0.85500,0.85830,7438048
2025-10-07T07:30:00+00:00,0.85840,0.85840,0.85390,0.85590,6654183
2025-10-07T07:45:00+00:00,0.85580,0.85700,0.85490,0.85690,3825748
2025-10-07T08:00:00+00:00,0.85690,0.85700,0.85000,0.85130,16497624
2025-10-07T08:15:00+00:00,0.85120,0.85270,0.84900,0.85050,8483312
2025-10-07T08:30:00+00:00,0.85060,0.85450,0.84770,0.85450,8157994
2025-10-07T08:45:00+00:00,0.85450,0.85750,0.85230,0.85540,7524257
2025-10-07T09:00:00+00:00,0.85550,0.85790,0.85430,0.85700,5452726
2025-10-07T09:15:00+00:00,0.85700,0.85710,0.85470,0.85540,4379456
2025-10-07T09:30:00+00:00,0.85540,0.85640,0.85390,0.85430,3017011
2025-10-07T09:45:00+00:00,0.85430,0.85590,0.85400,0.85510,2239084
2025-10-07T10:00:00+00:00,0.85510,0.85920,0.85310,0.85870,6430187
2025-10-07T10:15:00+00:00,0.85870,0.85880,0.85520,0.85620,4934931
2025-10-07T10:30:00+00:00,0.85620,0.85970,0.85560,0.85730,3897092
2025-10-07T10:45:00+00:00,0.85740,0.85840,0.85670,0.85760,2816943
2025-10-07T11:00:00+00:00,0.85770,0.85800,0.85520,0.85540,3660625
2025-10-07T11:15:00+00:00,0.85540,0.85700,0.85530,0.85590,2884999
2025-10-07T11:30:00+00:00,0.85580,0.85830,0.85560,0.85640,3623116
2025-10-07T11:45:00+00:00,0.85650,0.86060,0.85630,0.85910,6197303
2025-10-07T12:00:00+00:00,0.85910,0.86070,0.85640,0.85860,5375532
2025-10-07T12:15:00+00:00,0.85860,0.86010,0.85630,0.85930,4636273
2025-10-07T12:30:00+00:00,0.85940,0.86110,0.85730,0.86090,6446698
2025-10-07T12:45:00+00:00,0.86090,0.87180,0.86080,0.86990,18401322
2025-10-07T13:00:00+00:00,0.87000,0.87100,0.86580,0.86710,11803275
2025-10-07T13:15:00+00:00,0.86710,0.86970,0.86560,0.86950,6855006
2025-10-07T13:30:00+00:00,0.86950,0.86980,0.84930,0.85470,40919364
2025-10-07T13:45:00+00:00,0.85470,0.85980,0.84930,0.85680,19755271
2025-10-07T14:00:00+00:00,0.85690,0.85770,0.84150,0.84500,40758909
2025-10-07T14:15:00+00:00,0.84500,0.84930,0.84110,0.84270,16256955
2025-10-07T14:30:00+00:00,0.84260,0.84700,0.84000,0.84320,17150599
2025-10-07T14:45:00+00:00,0.84310,0.84510,0.83820,0.83890,15931315
2025-10-07T15:00:00+00:00,0.83900,0.84170,0.82840,0.83670,49931748
2025-10-07T15:15:00+00:00,0.83670,0.84010,0.83470,0.83590,11121769
2025-10-07T15:30:00+00:00,0.83590,0.83640,0.82760,0.83150,19206275
2025-10-07T15:45:00+00:00,0.83140,0.83380,0.82810,0.83280,15308883
2025-10-07T16:00:00+00:00,0.83270,0.83320,0.82750,0.82780,13574860
2025-10-07T16:15:00+00:00,0.82770,0.83090,0.82600,0.82800,14662290
2025-10-07T16:30:00+00:00,0.82810,0.83700,0.82770,0.83540,13052126
2025-10-07T16:45:00+00:00,0.83540,0.84020,0.83440,0.83480,12130910
2025-10-07T17:00:00+00:00,0.83490,0.83670,0.83140,0.83220,9351160
2025-10-07T17:15:00+00:00,0.83220,0.83440,0.83090,0.83290,4536670
2025-10-07T17:30:00+00:00,0.83300,0.83320,0.83010,0.83170,4929914
2025-10-07T17:45:00+00:00,0.83170,0.83360,0.82810,0.82830,5790208
2025-10-07T18:00:00+00:00,0.82830,0.83010,0.82720,0.82860,5480953
2025-10-07T18:15:00+00:00,0.82870,0.82930,0.82630,0.82830,5641567
2025-10-07T18:30:00+00:00,0.82830,0.82990,0.82640,0.82820,4920401
2025-10-07T18:45:00+00:00,0.82820,0.82870,0.82370,0.82390,8195523
2025-10-07T19:00:00+00:00,0.82400,0.82890,0.82330,0.82490,12212400
2025-10-07T19:15:00+00:00,0.82490,0.82840,0.82350,0.82370,5926115
2025-10-07T19:30:00+00:00,0.82370,0.82630,0.82330,0.82370,4979240
2025-10-07T19:45:00+00:00,0.82370,0.82920,0.82260,0.82500,6890267
2025-10-07T20:00:00+00:00,0.82510,0.83330,0.82430,0.83180,13690000
2025-10-07T20:15:00+00:00,0.83180,0.83350,0.82980,0.83300,4413867
2025-10-07T20:30:00+00:00,0.83310,0.83450,0.83090,0.83090,4090272
2025-10-07T20:45:00+00:00,0.83090,0.83310,0.82810,0.82870,5705868
2025-10-07T21:00:00+00:00,0.82870,0.83110,0.82730,0.82920,4802051
2025-10-07T21:15:00+00:00,0.82920,0.83110,0.82800,0.82970,5413625
2025-10-07T21:30:00+00:00,0.82980,0.82980,0.82430,0.82580,3715747
2025-10-07T21:45:00+00:00,0.82590,0.82640,0.82340,0.82520,4309657
2025-10-07T22:00:00+00:00,0.82520,0.82550,0.82150,0.82400,6723742
2025-10-07T22:15:00+00:00,0.82400,0.82740,0.82370,0.82420,7330536
2025-10-07T22:30:00+00:00,0.82420,0.82560,0.82190,0.82400,3785583
2025-10-07T22:45:00+00:00,0.82400,0.82440,0.82250,0.82360,2523509
2025-10-07T23:00:00+00:00,0.82370,0.82410,0.82060,0.82180,3746451
2025-10-07T23:15:00+00:00,0.82180,0.82290,0.82100,0.82140,3041677
2025-10-07T23:30:00+00:00,0.82150,0.82150,0.81730,0.81990,9912599
2025-10-07T23:45:00+00:00,0.81990,0.82110,0.81670,0.81950,6950074
2025-10-08T00:00:00+00:00,0.81950,0.82240,0.81890,0.82110,6216908
2025-10-08T00:15:00+00:00,0.82100,0.82430,0.82100,0.82270,4487162
2025-10-08T00:30:00+00:00,0.82280,0.82720,0.81820,0.82520,9942173
2025-10-08T00:45:00+00:00,0.82530,0.82750,0.82440,0.82500,4812354
2025-10-08T01:00:00+00:00,0.82490,0.82640,0.82320,0.82400,3826192
2025-10-08T01:15:00+00:00,0.82390,0.82770,0.82300,0.82560,5144936
2025-10-08T01:30:00+00:00,0.82550,0.82750,0.82490,0.82580,5319657
2025-10-08T01:45:00+00:00,0.82580,0.82830,0.82560,0.82720,6037404
2025-10-08T02:00:00+00:00,0.82720,0.82780,0.82410,0.82550,3784835
2025-10-08T02:15:00+00:00,0.82550,0.82940,0.82540,0.82860,4432671
2025-10-08T02:30:00+00:00,0.82860,0.82870,0.82450,0.82460,3600974
2025-10-08T02:45:00+00:00,0.82450,0.82640,0.82360,0.82420,3097552
2025-10-08T03:00:00+00:00,0.82420,0.82420,0.81800,0.81900,9430292
2025-10-08T03:15:00+00:00,0.81890,0.82070,0.80890,0.81370,28325644
2025-10-08T03:30:00+00:00,0.81360,0.81600,0.81220,0.81420,10776863
2025-10-08T03:45:00+00:00,0.81410,0.81640,0.81200,0.81240,6357482
2025-10-08T04:00:00+00:00,0.81240,0.81590,0.80730,0.81540,13178749
2025-10-08T04:15:00+00:00,0.81540,0.81770,0.81420,0.81540,4736740
2025-10-08T04:30:00+00:00,0.81550,0.81780,0.81510,0.81650,3140451
2025-10-08T04:45:00+00:00,0.81650,0.81780,0.81570,0.81750,2118644
2025-10-08T05:00:00+00:00,0.81750,0.81770,0.81410,0.81490,3587373
2025-10-08T05:15:00+00:00,0.81480,0.81560,0.81100,0.81230,5526874
2025-10-08T05:30:00+00:00,0.81230,0.81340,0.81180,0.81200,3436395
2025-10-08T05:45:00+00:00,0.81190,0.81410,0.81000,0.81350,5865945
2025-10-08T06:00:00+00:00,0.81350,0.81460,0.81050,0.81380,5635743
2025-10-08T06:15:00+00:00,0.81370,0.81520,0.81140,0.81210,3667772
2025-10-08T06:30:00+00:00,0.81200,0.81460,0.81150,0.81340,2753449
2025-10-08T06:45:00+00:00,0.81340,0.81590,0.81340,0.81500,3608739
2025-10-08T07:00:00+00:00,0.81490,0.81660,0.81350,0.81410,3117943
2025-10-08T07:15:00+00:00,0.81410,0.81500,0.81210,0.81410,3820320
2025-10-08T07:30:00+00:00,0.81410,0.81520,0.81250,0.81450,1649735
2025-10-08T07:45:00+00:00,0.81440,0.81710,0.81300,0.81680,2346831
2025-10-08T08:00:00+00:00,0.81690,0.81820,0.81570,0.81630,4600633
2025-10-08T08:15:00+00:00,0.81630,0.81920,0.81570,0.81810,4416146
2025-10-08T08:30:00+00:00,0.81810,0.82340,0.81750,0.82320,8666123
2025-10-08T08:45:00+00:00,0.82320,0.82350,0.81860,0.81950,5992706
2025-10-08T09:00:00+00:00,0.81960,0.82150,0.81930,0.81960,3974625
2025-10-08T09:15:00+00:00,0.81970,0.81970,0.81640,0.81730,4689708
2025-10-08T09:30:00+00:00,0.81730,0.81880,0.81620,0.81790,4131700
2025-10-08T09:45:00+00:00,0.81790,0.81880,0.81650,0.81870,2009858
2025-10-08T10:00:00+00:00,0.81870,0.82140,0.81830,0.81860,3052974
2025-10-08T10:15:00+00:00,0.81860,0.82110,0.81840,0.81990,2988370
2025-10-08T10:30:00+00:00,0.81990,0.82330,0.81960,0.82270,3607579
2025-10-08T10:45:00+00:00,0.82270,0.82470,0.82230,0.82420,6623044
2025-10-08T11:00:00+00:00,0.82430,0.82690,0.82420,0.82610,6517318
2025-10-08T11:15:00+00:00,0.82620,0.82620,0.82200,0.82250,5560843
2025-10-08T11:30:00+00:00,0.82260,0.82260,0.82020,0.82060,3471306
2025-10-08T11:45:00+00:00,0.82070,0.82190,0.81990,0.82120,2273709
2025-10-08T12:00:00+00:00,0.82120,0.82390,0.81980,0.82230,5209036
2025-10-08T12:15:00+00:00,0.82240,0.82290,0.81900,0.82180,3314650
2025-10-08T12:30:00+00:00,0.82180,0.82350,0.81950,0.82350,2956593
2025-10-08T12:45:00+00:00,0.82350,0.82400,0.82060,0.82280,3027814
2025-10-08T13:00:00+00:00,0.82290,0.82390,0.82030,0.82300,4500278
2025-10-08T13:15:00+00:00,0.82300,0.82340,0.81860,0.81900,14771170
2025-10-08T13:30:00+00:00,0.81900,0.82110,0.81310,0.81590,14216328
2025-10-08T13:45:00+00:00,0.81590,0.82090,0.81220,0.82050,8471574
2025-10-08T14:00:00+00:00,0.82050,0.82970,0.82050,0.82430,19779869
2025-10-08T14:15:00+00:00,0.82430,0.82820,0.82100,0.82120,5879995
2025-10-08T14:30:00+00:00,0.82120,0.82320,0.81810,0.81940,7457992
2025-10-08T14:45:00+00:00,0.81950,0.82050,0.81500,0.81670,5975235
2025-10-08T15:00:00+00:00,0.81670,0.82250,0.81610,0.82060,5676220
2025-10-08T15:15:00+00:00,0.82060,0.82270,0.81750,0.82100,5843458
2025-10-08T15:30:00+00:00,0.82100,0.82120,0.81880,0.81970,3880626
2025-10-08T15:45:00+00:00,0.81960,0.81960,0.81620,0.81790,4677682
2025-10-08T16:00:00+00:00,0.81780,0.82270,0.81640,0.82270,5010352
2025-10-08T16:15:00+00:00,0.82280,0.82370,0.82110,0.82200,4598454
2025-10-08T16:30:00+00:00,0.82190,0.82380,0.82060,0.82350,6863095
2025-10-08T16:45:00+00:00,0.82360,0.82750,0.82300,0.82720,7284756
2025-10-08T17:00:00+00:00,0.82720,0.83400,0.82680,0.83380,12057129
2025-10-08T17:15:00+00:00,0.83380,0.85160,0.83340,0.84300,65838318
2025-10-08T17:30:00+00:00,0.84310,0.84670,0.83980,0.84090,12998922
2025-10-08T17:45:00+00:00,0.84090,0.84520,0.83980,0.84280,7371631
2025-10-08T18:00:00+00:00,0.84280,0.84460,0.83970,0.84210,7803624
2025-10-08T18:15:00+00:00,0.84200,0.84250,0.83810,0.83840,6955190
2025-10-08T18:30:00+00:00,0.83840,0.84100,0.83630,0.83800,7077234
2025-10-08T18:45:00+00:00,0.83800,0.84300,0.83790,0.84050,5879175
2025-10-08T19:00:00+00:00,0.84040,0.84110,0.83610,0.83730,6482463
2025-10-08T19:15:00+00:00,0.83730,0.83960,0.83530,0.83860,3997174
2025-10-08T19:30:00+00:00,0.83870,0.83970,0.83680,0.83760,3516023
2025-10-08T19:45:00+00:00,0.83760,0.84010,0.83700,0.83910,2846906
2025-10-08T20:00:00+00:00,0.83920,0.83980,0.83770,0.83970,4412532
2025-10-08T20:15:00+00:00,0.83980,0.84260,0.83960,0.84090,3477504
2025-10-08T20:30:00+00:00,0.84100,0.84120,0.83850,0.83930,3370153
2025-10-08T20:45:00+00:00,0.83930,0.83950,0.83410,0.83460,5055454
2025-10-08T21:00:00+00:00,0.83460,0.83720,0.83430,0.83580,3705349
2025-10-08T21:15:00+00:00,0.83580,0.83980,0.83570,0.83900,2312985
2025-10-08T21:30:00+00:00,0.83900,0.84040,0.83830,0.83960,1306875
2025-10-08T21:45:00+00:00,0.83960,0.83960,0.83600,0.83790,1294760
2025-10-08T22:00:00+00:00,0.83780,0.84110,0.83750,0.84010,3422971
2025-10-08T22:15:00+00:00,0.84000,0.84140,0.83880,0.84000,2524830
2025-10-08T22:30:00+00:00,0.84000,0.84060,0.83910,0.83990,1318153
2025-10-08T22:45:00+00:00,0.83990,0.83990,0.83760,0.83780,1423388
2025-10-08T23:00:00+00:00,0.83770,0.83800,0.83560,0.83720,3055013
2025-10-08T23:15:00+00:00,0.83710,0.83940,0.83680,0.83930,2261648
2025-10-08T23:30:00+00:00,0.83930,0.84060,0.83790,0.83830,3246974
2025-10-08T23:45:00+00:00,0.83820,0.83880,0.83750,0.83850,1632614
2025-10-09T00:00:00+00:00,0.83840,0.83930,0.83580,0.83660,3779539
2025-10-09T00:15:00+00:00,0.83650,0.83910,0.83530,0.83550,3644453
2025-10-09T00:30:00+00:00,0.83550,0.83630,0.83330,0.83510,4959276
2025-10-09T00:45:00+00:00,0.83500,0.83630,0.83430,0.83490,4952476
2025-10-09T01:00:00+00:00,0.83480,0.83510,0.82790,0.82920,12140703
2025-10-09T01:15:00+00:00,0.82920,0.83200,0.82790,0.82830,7662014
2025-10-09T01:30:00+00:00,0.82820,0.82850,0.82460,0.82510,11749028
2025-10-09T01:45:00+00:00,0.82510,0.82700,0.82490,0.82640,5930372
2025-10-09T02:00:00+00:00,0.82630,0.82730,0.82140,0.82330,8408530
2025-10-09T02:15:00+00:00,0.82330,0.82380,0.81850,0.81870,6486283
2025-10-09T02:30:00+00:00,0.81870,0.82040,0.81370,0.81460,10440571
2025-10-09T02:45:00+00:00,0.81470,0.81640,0.81220,0.81440,8370393
2025-10-09T03:00:00+00:00,0.81430,0.81960,0.81430,0.81870,7089251
2025-10-09T03:15:00+00:00,0.81870,0.82270,0.81860,0.82030,5249501
2025-10-09T03:30:00+00:00,0.82020,0.82190,0.81870,0.81930,3817703
2025-10-09T03:45:00+00:00,0.81930,0.82160,0.81900,0.82090,3257074
2025-10-09T04:00:00+00:00,0.82100,0.82200,0.81900,0.81920,4067945
2025-10-09T04:15:00+00:00,0.81910,0.82460,0.81910,0.82440,4283494
2025-10-09T04:30:00+00:00,0.82440,0.82450,0.82090,0.82190,3950697
2025-10-09T04:45:00+00:00,0.82190,0.82510,0.82190,0.82480,2350804
2025-10-09T05:00:00+00:00,0.82490,0.82560,0.82220,0.82230,2858016
2025-10-09T05:15:00+00:00,0.82220,0.82300,0.81970,0.82140,2648804
2025-10-09T05:30:00+00:00,0.82130,0.82360,0.81980,0.82060,2853827
2025-10-09T05:45:00+00:00,0.82050,0.82110,0.81930,0.82090,1606639
2025-10-09T06:00:00+00:00,0.82100,0.82100,0.81670,0.81780,3267986
2025-10-09T06:15:00+00:00,0.81780,0.81950,0.81630,0.81870,3257780
2025-10-09T06:30:00+00:00,0.81870,0.82080,0.81820,0.81880,2371244
2025-10-09T06:45:00+00:00,0.81880,0.81980,0.81580,0.81660,2945036
2025-10-09T07:00:00+00:00,0.81670,0.81810,0.81560,0.81690,2733908
2025-10-09T07:15:00+00:00,0.81690,0.81860,0.81450,0.81600,3465926
2025-10-09T07:30:00+00:00,0.81600,0.81600,0.81320,0.81360,4370144
2025-10-09T07:45:00+00:00,0.81360,0.81760,0.81330,0.81430,3329897
2025-10-09T08:00:00+00:00,0.81440,0.81480,0.80900,0.80960,8701202
2025-10-09T08:15:00+00:00,0.80950,0.81080,0.80320,0.80360,23552217
2025-10-09T08:30:00+00:00,0.80360,0.80760,0.80340,0.80470,11367145
2025-10-09T08:45:00+00:00,0.80470,0.80700,0.80160,0.80230,10873469
2025-10-09T09:00:00+00:00,0.80240,0.80640,0.80200,0.80570,6075463
2025-10-09T09:15:00+00:00,0.80570,0.80790,0.80370,0.80670,7563647
2025-10-09T09:30:00+00:00,0.80660,0.80860,0.80570,0.80570,5422730
2025-10-09T09:45:00+00:00,0.80570,0.80790,0.80520,0.80700,3771543
2025-10-09T10:00:00+00:00,0.80710,0.80890,0.80630,0.80810,4831271
2025-10-09T10:15:00+00:00,0.80810,0.80850,0.80400,0.80490,4426043
2025-10-09T10:30:00+00:00,0.80490,0.81080,0.80490,0.80900,5207871
2025-10-09T10:45:00+00:00,0.80910,0.81080,0.80720,0.80780,4487593
2025-10-09T11:00:00+00:00,0.80780,0.81020,0.80760,0.80960,4519697
2025-10-09T11:15:00+00:00,0.80960,0.81400,0.80940,0.81380,5801290
2025-10-09T11:30:00+00:00,0.81390,0.81470,0.81160,0.81470,5325825
2025-10-09T11:45:00+00:00,0.81460,0.81480,0.81190,0.81200,2846048
2025-10-09T12:00:00+00:00,0.81200,0.81670,0.81150,0.81480,6609098
2025-10-09T12:15:00+00:00,0.81470,0.81590,0.81350,0.81410,4496467
2025-10-09T12:30:00+00:00,0.81410,0.82100,0.81280,0.81950,7393657
2025-10-09T12:45:00+00:00,0.81950,0.82020,0.81740,0.81860,5086846
2025-10-09T13:00:00+00:00,0.81850,0.81960,0.81410,0.81430,6202450
2025-10-09T13:15:00+00:00,0.81430,0.81700,0.81360,0.81560,4422650
2025-10-09T13:30:00+00:00,0.81550,0.81560,0.80840,0.81000,15017255
2025-10-09T13:45:00+00:00,0.81000,0.81300,0.80610,0.80730,15437612
2025-10-09T14:00:00+00:00,0.80730,0.81200,0.80390,0.81150,16370467
2025-10-09T14:15:00+00:00,0.81140,0.81220,0.80400,0.80450,14458597
2025-10-09T14:30:00+00:00,0.80450,0.80450,0.79740,0.80030,22763414
2025-10-09T14:45:00+00:00,0.80020,0.80730,0.79810,0.80550,12769509
2025-10-09T15:00:00+00:00,0.80560,0.80970,0.80560,0.80730,12154529
2025-10-09T15:15:00+00:00,0.80720,0.80960,0.80210,0.80260,9844081
2025-10-09T15:30:00+00:00,0.80260,0.80460,0.79950,0.80000,7792610
2025-10-09T15:45:00+00:00,0.79990,0.80550,0.79970,0.80350,8390275
2025-10-09T16:00:00+00:00,0.80360,0.80590,0.80180,0.80210,5274543
2025-10-09T16:15:00+00:00,0.80210,0.80520,0.79970,0.80340,8058678
2025-10-09T16:30:00+00:00,0.80330,0.80400,0.79990,0.80280,4919779
2025-10-09T16:45:00+00:00,0.80290,0.80340,0.79390,0.79640,15591750
2025-10-09T17:00:00+00:00,0.79630,0.80330,0.79500,0.80210,9792922
2025-10-09T17:15:00+00:00,0.80210,0.80510,0.80060,0.80110,5936171
2025-10-09T17:30:00+00:00,0.80120,0.80470,0.80050,0.80350,3357416
2025-10-09T17:45:00+00:00,0.80350,0.80910,0.80320,0.80820,9172101
2025-10-09T18:00:00+00:00,0.80820,0.80910,0.80470,0.80700,6506018
2025-10-09T18:15:00+00:00,0.80710,0.80900,0.80640,0.80670,7199979
2025-10-09T18:30:00+00:00,0.80670,0.80730,0.80350,0.80470,3860441
2025-10-09T18:45:00+00:00,0.80470,0.80540,0.80360,0.80410,2295016
2025-10-09T19:00:00+00:00,0.80420,0.80680,0.80380,0.80620,2271573
2025-10-09T19:15:00+00:00,0.80630,0.80990,0.80520,0.80970,3073135
2025-10-09T19:30:00+00:00,0.80980,0.81000,0.80730,0.80770,3589232
2025-10-09T19:45:00+00:00,0.80770,0.80910,0.80630,0.80880,2782728
2025-10-09T20:00:00+00:00,0.80880,0.81160,0.80660,0.80690,4069030
2025-10-09T20:15:00+00:00,0.80680,0.80900,0.80650,0.80740,2334857
2025-10-09T20:30:00+00:00,0.80750,0.80820,0.80690,0.80790,1413146
2025-10-09T20:45:00+00:00,0.80790,0.80860,0.80670,0.80860,2601294
2025-10-09T21:00:00+00:00,0.80850,0.81040,0.80690,0.81010,4037751
2025-10-09T21:15:00+00:00,0.81010,0.81170,0.80880,0.80900,2472310
2025-10-09T21:30:00+00:00,0.80890,0.81190,0.80790,0.81120,2076021
2025-10-09T21:45:00+00:00,0.81130,0.81220,0.81010,0.81160,1476059
2025-10-09T22:00:00+00:00,0.81170,0.81310,0.81060,0.81270,2836586
2025-10-09T22:15:00+00:00,0.81270,0.81510,0.81220,0.81460,3105898
2025-10-09T22:30:00+00:00,0.81470,0.81760,0.81330,0.81720,4559576
2025-10-09T22:45:00+00:00,0.81720,0.81870,0.81600,0.81740,4834460
2025-10-09T23:00:00+00:00,0.81750,0.81770,0.81350,0.81410,3412176
2025-10-09T23:15:00+00:00,0.81410,0.81440,0.81250,0.81400,2214846
2025-10-09T23:30:00+00:00,0.81400,0.81450,0.81310,0.81450,1768519
2025-10-09T23:45:00+00:00,0.81450,0.81530,0.81380,0.81500,2064713
2025-10-10T00:00:00+00:00,0.81500,0.81660,0.81410,0.81450,6086322
2025-10-10T00:15:00+00:00,0.81460,0.81730,0.81450,0.81710,4341835
2025-10-10T00:30:00+00:00,0.81710,0.81730,0.81490,0.81510,1792027
2025-10-10T00:45:00+00:00,0.81510,0.81580,0.81320,0.81510,1868121
2025-10-10T01:00:00+00:00,0.81510,0.81700,0.81430,0.81620,2381058
2025-10-10T01:15:00+00:00,0.81630,0.81680,0.81520,0.81680,1996574
2025-10-10T01:30:00+00:00,0.81680,0.81680,0.81370,0.81430,2146063
2025-10-10T01:45:00+00:00,0.81440,0.81600,0.81370,0.81510,2321131
2025-10-10T02:00:00+00:00,0.81500,0.81530,0.81190,0.81360,4634333
2025-10-10T02:15:00+00:00,0.81360,0.81710,0.81350,0.81490,3179077
2025-10-10T02:30:00+00:00,0.81490,0.81530,0.81270,0.81380,2672004
2025-10-10T02:45:00+00:00,0.81390,0.81420,0.81190,0.81290,3115508
2025-10-10T03:00:00+00:00,0.81290,0.81330,0.80860,0.81110,5367420
2025-10-10T03:15:00+00:00,0.81100,0.81910,0.81040,0.81910,5342727
2025-10-10T03:30:00+00:00,0.81910,0.82130,0.81900,0.82020,7015574
2025-10-10T03:45:00+00:00,0.82030,0.82160,0.81510,0.81550,5649626
2025-10-10T04:00:00+00:00,0.81550,0.81990,0.81520,0.81820,4203900
2025-10-10T04:15:00+00:00,0.81820,0.81860,0.81600,0.81630,1828682
2025-10-10T04:30:00+00:00,0.81630,0.81780,0.81440,0.81560,2922841
2025-10-10T04:45:00+00:00,0.81560,0.81610,0.81470,0.81590,2075043
2025-10-10T05:00:00+00:00,0.81580,0.81610,0.81200,0.81310,3136009
2025-10-10T05:15:00+00:00,0.81300,0.81790,0.81290,0.81650,2870883
2025-10-10T05:30:00+00:00,0.81660,0.81830,0.81420,0.81810,2897052
2025-10-10T05:45:00+00:00,0.81810,0.82170,0.81800,0.82130,4789410
2025-10-10T06:00:00+00:00,0.82130,0.82200,0.81880,0.81910,4356091
2025-10-10T06:15:00+00:00,0.81910,0.82030,0.81720,0.81750,2844181
2025-10-10T06:30:00+00:00,0.81750,0.81930,0.81490,0.81650,3224100
2025-10-10T06:45:00+00:00,0.81650,0.81830,0.81350,0.81510,3210612
2025-10-10T07:00:00+00:00,0.81500,0.81550,0.81170,0.81420,3896791
2025-10-10T07:15:00+00:00,0.81430,0.81440,0.81060,0.81310,4636175
2025-10-10T07:30:00+00:00,0.81320,0.81410,0.81050,0.81330,3378850
2025-10-10T07:45:00+00:00,0.81330,0.81340,0.80960,0.81010,4546928
2025-10-10T08:00:00+00:00,0.81010,0.81220,0.80800,0.81160,4967477
2025-10-10T08:15:00+00:00,0.81160,0.81450,0.81160,0.81340,3352598
2025-10-10T08:30:00+00:00,0.81340,0.81430,0.81030,0.81130,3934718
2025-10-10T08:45:00+00:00,0.81130,0.81760,0.81130,0.81690,4233520
2025-10-10T09:00:00+00:00,0.81680,0.81690,0.81430,0.81510,4075483
2025-10-10T09:15:00+00:00,0.81500,0.81900,0.81360,0.81830,2809201
2025-10-10T09:30:00+00:00,0.81820,0.81890,0.81610,0.81680,2708524
2025-10-10T09:45:00+00:00,0.81680,0.81790,0.81160,0.81190,5254799
2025-10-10T10:00:00+00:00,0.81180,0.81440,0.81150,0.81330,3358280
2025-10-10T10:15:00+00:00,0.81320,0.81590,0.81320,0.81340,3509831
2025-10-10T10:30:00+00:00,0.81330,0.81480,0.81200,0.81350,2821833
2025-10-10T10:45:00+00:00,0.81340,0.81730,0.81300,0.81680,2830074
2025-10-10T11:00:00+00:00,0.81680,0.81840,0.81530,0.81570,4453751
2025-10-10T11:15:00+00:00,0.81560,0.81640,0.81440,0.81540,1897519
2025-10-10T11:30:00+00:00,0.81530,0.81760,0.81530,0.81640,2541541
2025-10-10T11:45:00+00:00,0.81640,0.81820,0.81530,0.81700,2590890
2025-10-10T12:00:00+00:00,0.81700,0.81940,0.81560,0.81600,3443671
2025-10-10T12:15:00+00:00,0.81600,0.81870,0.81480,0.81700,2613504
2025-10-10T12:30:00+00:00,0.81700,0.81850,0.81560,0.81640,2234610
2025-10-10T12:45:00+00:00,0.81640,0.81860,0.81610,0.81830,1566336
2025-10-10T13:00:00+00:00,0.81840,0.82100,0.81800,0.81830,3774988
2025-10-10T13:15:00+00:00,0.81820,0.82120,0.81740,0.82070,5178994
2025-10-10T13:30:00+00:00,0.82080,0.82390,0.81900,0.82140,11545093
2025-10-10T13:45:00+00:00,0.82140,0.82180,0.81450,0.81820,10005512
2025-10-10T14:00:00+00:00,0.81820,0.82210,0.81620,0.81840,7678554
2025-10-10T14:15:00+00:00,0.81840,0.81910,0.81360,0.81410,7075531
2025-10-10T14:30:00+00:00,0.81400,0.81680,0.81280,0.81430,4762214
2025-10-10T14:45:00+00:00,0.81420,0.81650,0.80320,0.80600,29625747
2025-10-10T15:00:00+00:00,0.80600,0.80700,0.79860,0.80400,42054861
2025-10-10T15:15:00+00:00,0.80390,0.80520,0.78780,0.78820,48134907
2025-10-10T15:30:00+00:00,0.78820,0.79120,0.77630,0.79100,86481723
2025-10-10T15:45:00+00:00,0.79090,0.79100,0.78120,0.78270,23990770
2025-10-10T16:00:00+00:00,0.78260,0.78770,0.77920,0.78330,22020907
2025-10-10T16:15:00+00:00,0.78330,0.78690,0.78030,0.78480,10896728
2025-10-10T16:30:00+00:00,0.78480,0.78920,0.78380,0.78400,10825516
2025-10-10T16:45:00+00:00,0.78400,0.78450,0.77970,0.78000,12197387
2025-10-10T17:00:00+00:00,0.78010,0.78180,0.77730,0.77860,10717070
2025-10-10T17:15:00+00:00,0.77870,0.78350,0.77840,0.78230,8818041
2025-10-10T17:30:00+00:00,0.78230,0.78310,0.77760,0.77860,8275894
2025-10-10T17:45:00+00:00,0.77850,0.78000,0.77490,0.77770,10775025
2025-10-10T18:00:00+00:00,0.77770,0.77910,0.77600,0.77840,6162641
2025-10-10T18:15:00+00:00,0.77840,0.78060,0.77610,0.77820,5867196
2025-10-10T18:30:00+00:00,0.77820,0.77890,0.77440,0.77610,7715576
2025-10-10T18:45:00+00:00,0.77600,0.77830,0.77360,0.77390,6258695
2025-10-10T19:00:00+00:00,0.77390,0.77560,0.76900,0.77020,12893330
2025-10-10T19:15:00+00:00,0.77020,0.77390,0.75880,0.75950,38639721
2025-10-10T19:30:00+00:00,0.75950,0.77070,0.75840,0.77030,22585017
2025-10-10T19:45:00+00:00,0.77040,0.77250,0.76590,0.76700,12974356
2025-10-10T20:00:00+00:00,0.76700,0.77200,0.76610,0.77060,13381681
2025-10-10T20:15:00+00:00,0.77060,0.77450,0.76990,0.77450,7881949
2025-10-10T20:30:00+00:00,0.77450,0.77460,0.77180,0.77330,5848993
2025-10-10T20:45:00+00:00,0.77340,0.77390,0.70000,0.71730,182978164
2025-10-10T21:00:00+00:00,0.71720,0.72760,0.62900,0.65060,207744640
2025-10-10T21:15:00+00:00,0.65050,0.65560,0.27430,0.46080,427698419
2025-10-10T21:30:00+00:00,0.46090,0.59750,0.44710,0.59710,133243089
2025-10-10T21:45:00+00:00,0.59640,0.65270,0.57190,0.61860,134263964
2025-10-10T22:00:00+00:00,0.61850,0.62360,0.55520,0.60950,167111094
2025-10-10T22:15:00+00:00,0.60950,0.61240,0.57230,0.58090,117062935
2025-10-10T22:30:00+00:00,0.58080,0.58920,0.55010,0.58570,116893556
2025-10-10T22:45:00+00:00,0.58570,0.62160,0.58490,0.61770,103894795
2025-10-10T23:00:00+00:00,0.61770,0.61910,0.60290,0.61460,65240286
2025-10-10T23:15:00+00:00,0.61450,0.64420,0.61190,0.64290,69589002
2025-10-10T23:30:00+00:00,0.64290,0.65820,0.64060,0.65150,76767845
2025-10-10T23:45:00+00:00,0.65150,0.65180,0.62670,0.63470,72041563
2025-10-11T00:00:00+00:00,0.63480,0.65790,0.63020,0.64940,48193622
2025-10-11T00:15:00+00:00,0.64940,0.64940,0.61720,0.64310,57301232
2025-10-11T00:30:00+00:00,0.64310,0.64440,0.63330,0.64230,26609355
2025-10-11T00:45:00+00:00,0.64230,0.65710,0.64190,0.64390,32571202
2025-10-11T01:00:00+00:00,0.64380,0.64990,0.64000,0.64720,25296612
2025-10-11T01:15:00+00:00,0.64720,0.64790,0.63050,0.63610,35688649
2025-10-11T01:30:00+00:00,0.63610,0.64030,0.62800,0.63020,21388418
2025-10-11T01:45:00+00:00,0.63010,0.63990,0.62670,0.63150,21561523
2025-10-11T02:00:00+00:00,0.63160,0.65380,0.63070,0.65340,28564698
2025-10-11T02:15:00+00:00,0.65350,0.66700,0.65090,0.66630,36006393
2025-10-11T02:30:00+00:00,0.66630,0.67330,0.66020,0.67260,26133938
2025-10-11T02:45:00+00:00,0.67260,0.67270,0.66460,0.66530,20745317
2025-10-11T03:00:00+00:00,0.66530,0.66680,0.64420,0.64590,30380902
2025-10-11T03:15:00+00:00,0.64600,0.64710,0.64130,0.64280,24493530
2025-10-11T03:30:00+00:00,0.64290,0.64460,0.63590,0.63860,17857935
2025-10-11T03:45:00+00:00,0.63860,0.64920,0.63810,0.64690,13038569
2025-10-11T04:00:00+00:00,0.64680,0.65030,0.64480,0.64700,17844187
2025-10-11T04:15:00+00:00,0.64710,0.65400,0.64640,0.65310,11874007
2025-10-11T04:30:00+00:00,0.65310,0.65390,0.64520,0.65190,16210391
2025-10-11T04:45:00+00:00,0.65190,0.65830,0.64650,0.65760,13742719
2025-10-11T05:00:00+00:00,0.65760,0.65910,0.65320,0.65640,11033548
2025-10-11T05:15:00+00:00,0.65640,0.65710,0.64250,0.64290,13721899
2025-10-11T05:30:00+00:00,0.64290,0.64660,0.64070,0.64260,14985457
2025-10-11T05:45:00+00:00,0.64270,0.65010,0.64220,0.64650,9144838
2025-10-11T06:00:00+00:00,0.64650,0.65250,0.64480,0.65230,10086244
2025-10-11T06:15:00+00:00,0.65220,0.65700,0.65000,0.65620,11419763
2025-10-11T06:30:00+00:00,0.65620,0.65890,0.65420,0.65490,11359249
2025-10-11T06:45:00+00:00,0.65500,0.65710,0.64620,0.64800,12777690
2025-10-11T07:00:00+00:00,0.64800,0.65300,0.64550,0.65190,14724785
2025-10-11T07:15:00+00:00,0.65190,0.65480,0.64700,0.65020,13284281
2025-10-11T07:30:00+00:00,0.65030,0.65370,0.64620,0.64960,10731673
2025-10-11T07:45:00+00:00,0.64970,0.65410,0.64800,0.65200,9707689
2025-10-11T08:00:00+00:00,0.65210,0.65370,0.64810,0.65330,9576479
2025-10-11T08:15:00+00:00,0.65330,0.67000,0.65290,0.66470,28332185
2025-10-11T08:30:00+00:00,0.66470,0.67100,0.66090,0.66910,12329831
2025-10-11T08:45:00+00:00,0.66920,0.67310,0.66880,0.67180,11403510
2025-10-11T09:00:00+00:00,0.67180,0.68230,0.67130,0.67460,21383859
2025-10-11T09:15:00+00:00,0.67460,0.67910,0.67060,0.67670,15633759
2025-10-11T09:30:00+00:00,0.67680,0.67710,0.67010,0.67100,11807530
2025-10-11T09:45:00+00:00,0.67100,0.67140,0.66450,0.66620,9864890
2025-10-11T10:00:00+00:00,0.66620,0.67230,0.66410,0.67120,8990757
2025-10-11T10:15:00+00:00,0.67120,0.67430,0.66910,0.67290,8530145
2025-10-11T10:30:00+00:00,0.67300,0.67340,0.66380,0.66530,10947704
2025-10-11T10:45:00+00:00,0.66530,0.66790,0.66350,0.66750,6134946
2025-10-11T11:00:00+00:00,0.66760,0.66820,0.66190,0.66370,7260514
2025-10-11T11:15:00+00:00,0.66360,0.66490,0.65810,0.66480,14680646
2025-10-11T11:30:00+00:00,0.66490,0.66570,0.66230,0.66370,7522981
2025-10-11T11:45:00+00:00,0.66380,0.66590,0.66190,0.66580,7741166
2025-10-11T12:00:00+00:00,0.66570,0.66630,0.66160,0.66390,9076326
2025-10-11T12:15:00+00:00,0.66390,0.66460,0.66080,0.66320,6207170
2025-10-11T12:30:00+00:00,0.66330,0.66330,0.65330,0.65680,11875139
2025-10-11T12:45:00+00:00,0.65670,0.65680,0.64820,0.65280,16283084
2025-10-11T13:00:00+00:00,0.65280,0.65450,0.64580,0.65200,17692389
2025-10-11T13:15:00+00:00,0.65200,0.65220,0.64730,0.64870,11625957
2025-10-11T13:30:00+00:00,0.64880,0.65000,0.63970,0.64810,19589342
2025-10-11T13:45:00+00:00,0.64820,0.65440,0.64760,0.65260,10953374
2025-10-11T14:00:00+00:00,0.65260,0.65520,0.64910,0.65020,8891063
2025-10-11T14:15:00+00:00,0.65020,0.65290,0.64590,0.64800,9034339
2025-10-11T14:30:00+00:00,0.64790,0.65050,0.64700,0.64810,6387818
2025-10-11T14:45:00+00:00,0.64800,0.65220,0.64750,0.65140,5897733
2025-10-11T15:00:00+00:00,0.65140,0.65840,0.65130,0.65570,10733860
2025-10-11T15:15:00+00:00,0.65570,0.65820,0.65160,0.65640,8368147
2025-10-11T15:30:00+00:00,0.65640,0.65680,0.65020,0.65110,6845866
2025-10-11T15:45:00+00:00,0.65120,0.65610,0.65110,0.65430,5735931
2025-10-11T16:00:00+00:00,0.65430,0.65750,0.65240,0.65660,6080422
2025-10-11T16:15:00+00:00,0.65660,0.65770,0.65330,0.65390,6436065
2025-10-11T16:30:00+00:00,0.65390,0.65420,0.64700,0.64820,8089257
2025-10-11T16:45:00+00:00,0.64820,0.65250,0.64640,0.65090,5050485
2025-10-11T17:00:00+00:00,0.65080,0.65750,0.65060,0.65640,7328535
2025-10-11T17:15:00+00:00,0.65640,0.65800,0.65410,0.65740,8102031
2025-10-11T17:30:00+00:00,0.65740,0.65790,0.65360,0.65500,6168769
2025-10-11T17:45:00+00:00,0.65500,0.65630,0.65330,0.65620,4824298
2025-10-11T18:00:00+00:00,0.65610,0.65620,0.65260,0.65280,4498779
2025-10-11T18:15:00+00:00,0.65280,0.65490,0.65200,0.65390,4350513
2025-10-11T18:30:00+00:00,0.65380,0.65500,0.65180,0.65400,4543039
2025-10-11T18:45:00+00:00,0.65410,0.65420,0.65040,0.65070,4468000
2025-10-11T19:00:00+00:00,0.65070,0.65080,0.64060,0.64250,13055761
2025-10-11T19:15:00+00:00,0.64260,0.64320,0.63210,0.63750,26469412
2025-10-11T19:30:00+00:00,0.63740,0.63760,0.63120,0.63260,10916420
2025-10-11T19:45:00+00:00,0.63260,0.63460,0.62340,0.63110,24738478
2025-10-11T20:00:00+00:00,0.63100,0.63300,0.62660,0.62880,16749950
2025-10-11T20:15:00+00:00,0.62880,0.63130,0.62170,0.62630,17964625
2025-10-11T20:30:00+00:00,0.62630,0.62630,0.61790,0.62020,25174450
2025-10-11T20:45:00+00:00,0.62020,0.62810,0.61660,0.62090,19754248
2025-10-11T21:00:00+00:00,0.62100,0.62110,0.60850,0.61580,32473257
2025-10-11T21:15:00+00:00,0.61570,0.63250,0.61460,0.62610,26048124
2025-10-11T21:30:00+00:00,0.62600,0.62890,0.62200,0.62520,9004658
2025-10-11T21:45:00+00:00,0.62530,0.63110,0.62520,0.63020,5118981
2025-10-11T22:00:00+00:00,0.63030,0.63350,0.62750,0.62890,10750119
2025-10-11T22:15:00+00:00,0.62890,0.63150,0.62660,0.63020,7148993
2025-10-11T22:30:00+00:00,0.63020,0.63440,0.62890,0.62950,7430920
2025-10-11T22:45:00+00:00,0.62950,0.63200,0.62920,0.63130,5547618
2025-10-11T23:00:00+00:00,0.63140,0.63280,0.62880,0.63030,7717669
2025-10-11T23:15:00+00:00,0.63030,0.63300,0.62940,0.63230,4098890
2025-10-11T23:30:00+00:00,0.63230,0.63300,0.63000,0.63210,4764824
2025-10-11T23:45:00+00:00,0.63210,0.63250,0.63000,0.63100,3585038
2025-10-12T00:00:00+00:00,0.63100,0.63110,0.62690,0.62810,7008804
2025-10-12T00:15:00+00:00,0.62820,0.63150,0.62560,0.62610,6221866
2025-10-12T00:30:00+00:00,0.62610,0.63370,0.62600,0.62820,8044321
2025-10-12T00:45:00+00:00,0.62820,0.63000,0.62130,0.62160,7876481
2025-10-12T01:00:00+00:00,0.62170,0.62870,0.62140,0.62860,7095998
2025-10-12T01:15:00+00:00,0.62860,0.63080,0.62240,0.62380,7214769
2025-10-12T01:30:00+00:00,0.62380,0.62720,0.62200,0.62610,6824534
2025-10-12T01:45:00+00:00,0.62610,0.62830,0.62030,0.62130,6513963
2025-10-12T02:00:00+00:00,0.62130,0.62310,0.61880,0.62200,9791338
2025-10-12T02:15:00+00:00,0.62200,0.62710,0.62160,0.62620,7208959
2025-10-12T02:30:00+00:00,0.62610,0.62930,0.62100,0.62330,7270884
2025-10-12T02:45:00+00:00,0.62330,0.62440,0.61720,0.62260,7118571
2025-10-12T03:00:00+00:00,0.62270,0.63320,0.62170,0.62910,14303596
2025-10-12T03:15:00+00:00,0.62900,0.63430,0.62700,0.63180,8760378
2025-10-12T03:30:00+00:00,0.63190,0.63750,0.63150,0.63440,10687068
2025-10-12T03:45:00+00:00,0.63450,0.63540,0.63140,0.63290,5140682
2025-10-12T04:00:00+00:00,0.63300,0.63930,0.63180,0.63870,8966627
2025-10-12T04:15:00+00:00,0.63870,0.64210,0.63840,0.64040,9212553
2025-10-12T04:30:00+00:00,0.64050,0.64330,0.63960,0.64230,6511595
2025-10-12T04:45:00+00:00,0.64240,0.64560,0.64040,0.64260,8250290
2025-10-12T05:00:00+00:00,0.64260,0.64300,0.63980,0.64210,5902279
2025-10-12T05:15:00+00:00,0.64210,0.64610,0.64210,0.64470,5005551
2025-10-12T05:30:00+00:00,0.64460,0.64660,0.64450,0.64640,3802976
2025-10-12T05:45:00+00:00,0.64650,0.64830,0.64570,0.64650,5455547
2025-10-12T06:00:00+00:00,0.64650,0.64940,0.64540,0.64720,6090649
2025-10-12T06:15:00+00:00,0.64730,0.65060,0.64560,0.64900,6227933
2025-10-12T06:30:00+00:00,0.64890,0.64900,0.64600,0.64820,3928163
2025-10-12T06:45:00+00:00,0.64830,0.65050,0.64770,0.64950,4481501
2025-10-12T07:00:00+00:00,0.64960,0.65030,0.64710,0.64760,3626467
2025-10-12T07:15:00+00:00,0.64770,0.64980,0.64640,0.64680,4197551
2025-10-12T07:30:00+00:00,0.64680,0.64830,0.64570,0.64800,3319992
2025-10-12T07:45:00+00:00,0.64800,0.64890,0.64600,0.64650,3126372
2025-10-12T08:00:00+00:00,0.64650,0.64840,0.64510,0.64740,4238164
2025-10-12T08:15:00+00:00,0.64740,0.65010,0.64740,0.64910,3907173
2025-10-12T08:30:00+00:00,0.64910,0.64920,0.64590,0.64620,3619509
2025-10-12T08:45:00+00:00,0.64610,0.64630,0.64300,0.64320,5988040
2025-10-12T09:00:00+00:00,0.64330,0.64330,0.63760,0.64050,8067584
2025-10-12T09:15:00+00:00,0.64050,0.64390,0.64050,0.64090,4880936
2025-10-12T09:30:00+00:00,0.64100,0.64320,0.63980,0.64320,3950344
2025-10-12T09:45:00+00:00,0.64320,0.64730,0.64120,0.64660,7075479
2025-10-12T10:00:00+00:00,0.64670,0.65080,0.64460,0.64570,8146681
2025-10-12T10:15:00+00:00,0.64570,0.64580,0.64160,0.64360,5372756
2025-10-12T10:30:00+00:00,0.64370,0.64510,0.64270,0.64370,2927720
2025-10-12T10:45:00+00:00,0.64370,0.64510,0.64190,0.64270,2774063
2025-10-12T11:00:00+00:00,0.64270,0.64810,0.64230,0.64620,3641535
2025-10-12T11:15:00+00:00,0.64620,0.64680,0.64220,0.64490,3307342
2025-10-12T11:30:00+00:00,0.64500,0.64740,0.64240,0.64340,4615459
2025-10-12T11:45:00+00:00,0.64350,0.64460,0.64210,0.64340,2997418
2025-10-12T12:00:00+00:00,0.64340,0.64890,0.64310,0.64840,7069053
2025-10-12T12:15:00+00:00,0.64840,0.65030,0.64650,0.64900,7966383
2025-10-12T12:30:00+00:00,0.64900,0.65020,0.64640,0.64970,5499567
2025-10-12T12:45:00+00:00,0.64970,0.64980,0.64650,0.64770,3703929
2025-10-12T13:00:00+00:00,0.64780,0.64960,0.64500,0.64840,4230227
2025-10-12T13:15:00+00:00,0.64840,0.64950,0.64190,0.64420,6444459
2025-10-12T13:30:00+00:00,0.64430,0.64440,0.63830,0.64240,12694843
2025-10-12T13:45:00+00:00,0.64250,0.64270,0.63660,0.63910,6239142
2025-10-12T14:00:00+00:00,0.63920,0.64270,0.63870,0.64220,5617724
2025-10-12T14:15:00+00:00,0.64210,0.64330,0.64040,0.64260,6488560
2025-10-12T14:30:00+00:00,0.64260,0.64510,0.63920,0.64270,6956902
2025-10-12T14:45:00+00:00,0.64280,0.67230,0.64250,0.66020,111815076
2025-10-12T15:00:00+00:00,0.66030,0.67750,0.65990,0.67520,48159183
2025-10-12T15:15:00+00:00,0.67520,0.68340,0.67040,0.67650,31807663
2025-10-12T15:30:00+00:00,0.67650,0.67690,0.66450,0.66990,27080360
2025-10-12T15:45:00+00:00,0.66980,0.68290,0.66980,0.67980,14969520
2025-10-12T16:00:00+00:00,0.67970,0.69230,0.67970,0.68660,40882399
2025-10-12T16:15:00+00:00,0.68670,0.68750,0.68190,0.68490,13604924
2025-10-12T16:30:00+00:00,0.68490,0.69170,0.67780,0.69110,19019538
2025-10-12T16:45:00+00:00,0.69120,0.69600,0.68130,0.68710,34756722
2025-10-12T17:00:00+00:00,0.68710,0.69220,0.68450,0.69120,11486242
2025-10-12T17:15:00+00:00,0.69120,0.69350,0.68830,0.69060,9384687
2025-10-12T17:30:00+00:00,0.69070,0.69300,0.68770,0.69210,7028319
2025-10-12T17:45:00+00:00,0.69210,0.69440,0.68550,0.69090,10140109
2025-10-12T18:00:00+00:00,0.69090,0.69520,0.69010,0.69300,6388930
2025-10-12T18:15:00+00:00,0.69290,0.69500,0.68950,0.69100,8576903
2025-10-12T18:30:00+00:00,0.69100,0.69170,0.68500,0.68570,7911534
2025-10-12T18:45:00+00:00,0.68570,0.68830,0.68370,0.68790,6396930
2025-10-12T19:00:00+00:00,0.68780,0.69570,0.68720,0.69500,5375647
2025-10-12T19:15:00+00:00,0.69500,0.69750,0.69400,0.69720,6786356
2025-10-12T19:30:00+00:00,0.69720,0.69800,0.69400,0.69620,5355309
2025-10-12T19:45:00+00:00,0.69610,0.69910,0.69580,0.69820,5691280
2025-10-12T20:00:00+00:00,0.69820,0.70180,0.69690,0.69780,8464246
2025-10-12T20:15:00+00:00,0.69780,0.70180,0.69660,0.70170,5471114
2025-10-12T20:30:00+00:00,0.70170,0.70520,0.69950,0.70520,12025546
2025-10-12T20:45:00+00:00,0.70510,0.70880,0.69780,0.69970,14365972
2025-10-12T21:00:00+00:00,0.69980,0.70550,0.69670,0.70160,9169144
2025-10-12T21:15:00+00:00,0.70160,0.70250,0.69090,0.69500,12190598
2025-10-12T21:30:00+00:00,0.69490,0.69530,0.68570,0.69310,10408331
2025-10-12T21:45:00+00:00,0.69310,0.69720,0.69240,0.69610,6263710
2025-10-12T22:00:00+00:00,0.69620,0.70190,0.69330,0.69700,8814841
2025-10-12T22:15:00+00:00,0.69700,0.70050,0.69460,0.69730,6853292
2025-10-12T22:30:00+00:00,0.69730,0.70080,0.69660,0.69960,7664604
2025-10-12T22:45:00+00:00,0.69950,0.70210,0.69740,0.69910,6433891
2025-10-12T23:00:00+00:00,0.69900,0.69910,0.69410,0.69670,5184806
2025-10-12T23:15:00+00:00,0.69660,0.69920,0.69180,0.69790,4822898
2025-10-12T23:30:00+00:00,0.69790,0.70060,0.69660,0.69790,3960350
2025-10-12T23:45:00+00:00,0.69790,0.70120,0.69640,0.69950,3666462
2025-10-13T00:00:00+00:00,0.69950,0.69990,0.69540,0.69910,7435351
2025-10-13T00:15:00+00:00,0.69910,0.70770,0.69910,0.70230,12209870
2025-10-13T00:30:00+00:00,0.70230,0.70240,0.69440,0.69810,9923286
2025-10-13T00:45:00+00:00,0.69810,0.70340,0.69480,0.69900,7968765
2025-10-13T01:00:00+00:00,0.69900,0.70070,0.69510,0.69700,9205588
2025-10-13T01:15:00+00:00,0.69700,0.70260,0.69540,0.69930,5929478
2025-10-13T01:30:00+00:00,0.69930,0.70330,0.69900,0.70160,4603451
2025-10-13T01:45:00+00:00,0.70170,0.70680,0.69910,0.70650,4424962
2025-10-13T02:00:00+00:00,0.70660,0.71090,0.70110,0.70490,12598440
2025-10-13T02:15:00+00:00,0.70500,0.70970,0.70240,0.70580,8227716
2025-10-13T02:30:00+00:00,0.70590,0.70810,0.70260,0.70690,7755348
2025-10-13T02:45:00+00:00,0.70680,0.71090,0.70620,0.71010,5970667
2025-10-13T03:00:00+00:00,0.71010,0.71580,0.70910,0.71060,10624120
2025-10-13T03:15:00+00:00,0.71060,0.71280,0.70820,0.70830,5677935
2025-10-13T03:30:00+00:00,0.70840,0.70930,0.70330,0.70380,7334153
2025-10-13T03:45:00+00:00,0.70390,0.70440,0.70170,0.70310,7116626
2025-10-13T04:00:00+00:00,0.70320,0.70520,0.70070,0.70180,5763853
2025-10-13T04:15:00+00:00,0.70190,0.70380,0.69880,0.70040,6154327
2025-10-13T04:30:00+00:00,0.70040,0.70410,0.70020,0.70180,4955518
2025-10-13T04:45:00+00:00,0.70180,0.70880,0.70070,0.70690,6003079
2025-10-13T05:00:00+00:00,0.70680,0.70800,0.70260,0.70460,5025869
2025-10-13T05:15:00+00:00,0.70450,0.70700,0.70050,0.70420,4619254
2025-10-13T05:30:00+00:00,0.70410,0.70590,0.70050,0.70080,3343491
2025-10-13T05:45:00+00:00,0.70070,0.70230,0.70000,0.70070,3151027
2025-10-13T06:00:00+00:00,0.70070,0.70320,0.69620,0.70140,9693025
2025-10-13T06:15:00+00:00,0.70140,0.70820,0.70090,0.70790,5621950
2025-10-13T06:30:00+00:00,0.70800,0.71470,0.70690,0.70800,10808749
2025-10-13T06:45:00+00:00,0.70790,0.71420,0.70650,0.71300,5607952
2025-10-13T07:00:00+00:00,0.71300,0.71950,0.71200,0.71670,9451871
2025-10-13T07:15:00+00:00,0.71660,0.72230,0.71630,0.72080,8005249
2025-10-13T07:30:00+00:00,0.72090,0.72510,0.72040,0.72220,7867356
2025-10-13T07:45:00+00:00,0.72220,0.72220,0.71340,0.71660,11357599
2025-10-13T08:00:00+00:00,0.71660,0.71750,0.71420,0.71630,9367917
2025-10-13T08:15:00+00:00,0.71640,0.72100,0.71480,0.72050,5773918
2025-10-13T08:30:00+00:00,0.72060,0.72920,0.72060,0.72410,16139024
2025-10-13T08:45:00+00:00,0.72410,0.72940,0.72220,0.72590,8952378
2025-10-13T09:00:00+00:00,0.72580,0.72630,0.71930,0.71980,11501773
2025-10-13T09:15:00+00:00,0.71990,0.72360,0.71640,0.71810,8854442
2025-10-13T09:30:00+00:00,0.71800,0.72240,0.71800,0.72050,6061180
2025-10-13T09:45:00+00:00,0.72050,0.72340,0.71870,0.72270,3927726
2025-10-13T10:00:00+00:00,0.72270,0.72370,0.71860,0.71920,5630137
2025-10-13T10:15:00+00:00,0.71930,0.72060,0.71450,0.71590,6986143
2025-10-13T10:30:00+00:00,0.71590,0.71780,0.71320,0.71620,8329780
2025-10-13T10:45:00+00:00,0.71620,0.71890,0.71460,0.71700,3508764
2025-10-13T11:00:00+00:00,0.71700,0.71710,0.70510,0.71240,35525989
2025-10-13T11:15:00+00:00,0.71250,0.71260,0.69180,0.69260,31354196
2025-10-13T11:30:00+00:00,0.69260,0.70840,0.69000,0.70670,27792435
2025-10-13T11:45:00+00:00,0.70670,0.70920,0.70420,0.70600,8567669
2025-10-13T12:00:00+00:00,0.70600,0.71330,0.70110,0.71140,15481214
2025-10-13T12:15:00+00:00,0.71150,0.71150,0.70610,0.70880,8094141
2025-10-13T12:30:00+00:00,0.70870,0.71770,0.70750,0.71230,11900431
2025-10-13T12:45:00+00:00,0.71230,0.71440,0.70690,0.70850,7512320
2025-10-13T13:00:00+00:00,0.70840,0.71140,0.70480,0.70600,10687377
2025-10-13T13:15:00+00:00,0.70600,0.70970,0.70360,0.70660,6376562
2025-10-13T13:30:00+00:00,0.70660,0.72730,0.70620,0.71910,78554275
2025-10-13T13:45:00+00:00,0.71910,0.72590,0.71380,0.72300,20275977
2025-10-13T14:00:00+00:00,0.72290,0.72520,0.71560,0.71670,14191345
2025-10-13T14:15:00+00:00,0.71670,0.71860,0.70620,0.71040,15118646
2025-10-13T14:30:00+00:00,0.71030,0.71640,0.70390,0.71030,15059970
2025-10-13T14:45:00+00:00,0.71030,0.71130,0.70220,0.70520,9382802
2025-10-13T15:00:00+00:00,0.70520,0.71530,0.70480,0.71140,8365932
2025-10-13T15:15:00+00:00,0.71130,0.71820,0.71070,0.71180,8003965
2025-10-13T15:30:00+00:00,0.71190,0.71730,0.71120,0.71250,6325591
2025-10-13T15:45:00+00:00,0.71250,0.71940,0.71250,0.71550,6160706
2025-10-13T16:00:00+00:00,0.71550,0.71960,0.71470,0.71550,9693837
2025-10-13T16:15:00+00:00,0.71540,0.71810,0.70770,0.71280,14241731
2025-10-13T16:30:00+00:00,0.71270,0.71420,0.70910,0.71000,5916815
2025-10-13T16:45:00+00:00,0.70990,0.71750,0.70980,0.71570,4709774
2025-10-13T17:00:00+00:00,0.71570,0.72270,0.71510,0.71650,13238371
2025-10-13T17:15:00+00:00,0.71660,0.71760,0.71650,0.71670,328541
