timestamp,open,high,low,close,volume
2025-07-15T17:15:00+00:00,117269.70,117537.00,117214.60,117510.20,1246.956
2025-07-15T17:30:00+00:00,117510.10,117511.30,117228.00,117492.70,1040.416
2025-07-15T17:45:00+00:00,117492.70,117577.10,117375.90,117415.60,1297.428
2025-07-15T18:00:00+00:00,117415.60,117436.30,117142.90,117168.80,2349.253
2025-07-15T18:15:00+00:00,117168.80,117339.20,116809.80,116846.60,3839.077
2025-07-15T18:30:00+00:00,116846.70,116884.60,116050.00,116400.30,6839.040
2025-07-15T18:45:00+00:00,116400.40,116923.80,116326.90,116723.30,2957.406
2025-07-15T19:00:00+00:00,116723.20,117230.70,116644.90,117067.30,2106.699
2025-07-15T19:15:00+00:00,117067.20,117157.80,116770.00,116848.70,1420.268
2025-07-15T19:30:00+00:00,116848.80,116918.10,116485.00,116506.40,1446.618
2025-07-15T19:45:00+00:00,116506.50,116599.50,116300.00,116428.90,1843.075
2025-07-15T20:00:00+00:00,116428.80,116654.90,116400.00,116595.10,1051.574
2025-07-15T20:15:00+00:00,116595.20,116715.90,116189.00,116528.50,2276.165
2025-07-15T20:30:00+00:00,116528.50,116655.00,116384.60,116574.00,624.226
2025-07-15T20:45:00+00:00,116574.10,116623.20,116409.90,116410.00,551.558
2025-07-15T21:00:00+00:00,116410.00,116957.10,116339.80,116948.20,1268.838
2025-07-15T21:15:00+00:00,116948.30,117147.20,116849.00,117133.60,1615.643
2025-07-15T21:30:00+00:00,117133.60,117610.60,117037.20,117487.90,2274.954
2025-07-15T21:45:00+00:00,117488.00,117550.30,117330.20,117542.40,874.217
2025-07-15T22:00:00+00:00,117542.40,117589.10,117258.00,117450.10,1254.934
2025-07-15T22:15:00+00:00,117450.10,117565.90,117428.50,117499.90,523.132
2025-07-15T22:30:00+00:00,117499.90,117781.70,117235.50,117698.30,1666.549
2025-07-15T22:45:00+00:00,117698.30,117849.00,117617.80,117807.70,1305.597
2025-07-15T23:00:00+00:00,117807.70,117965.60,117718.00,117812.20,2120.623
2025-07-15T23:15:00+00:00,117812.20,117838.00,117512.90,117573.90,1062.149
2025-07-15T23:30:00+00:00,117573.90,117785.30,117479.10,117785.20,643.910
2025-07-15T23:45:00+00:00,117785.30,117785.30,117608.40,117738.50,550.281
2025-07-16T00:00:00+00:00,117738.60,117766.00,117409.40,117432.20,1259.744
2025-07-16T00:15:00+00:00,117432.10,117676.40,117411.60,117573.80,687.197
2025-07-16T00:30:00+00:00,117573.80,117930.00,117573.80,117915.70,964.195
2025-07-16T00:45:00+00:00,117915.80,118193.60,117876.90,118114.50,2445.021
2025-07-16T01:00:00+00:00,118114.50,118208.60,117894.00,117894.00,1434.013
2025-07-16T01:15:00+00:00,117894.10,117934.10,117636.90,117664.60,872.014
2025-07-16T01:30:00+00:00,117664.60,117799.80,117575.20,117658.90,892.116
2025-07-16T01:45:00+00:00,117659.00,117799.50,117603.20,117726.70,652.377
2025-07-16T02:00:00+00:00,117726.70,117768.90,117420.90,117520.30,913.769
2025-07-16T02:15:00+00:00,117520.20,117556.70,117242.60,117368.70,1841.336
2025-07-16T02:30:00+00:00,117368.60,117382.50,117017.10,117124.20,1790.567
2025-07-16T02:45:00+00:00,117124.20,117341.20,117119.60,117335.10,685.389
2025-07-16T03:00:00+00:00,117335.00,117516.10,117223.70,117253.60,845.306
2025-07-16T03:15:00+00:00,117253.50,117534.60,117253.50,117370.90,710.511
2025-07-16T03:30:00+00:00,117370.80,117487.30,117358.30,117470.00,592.631
2025-07-16T03:45:00+00:00,117469.90,117518.40,117382.60,117477.60,419.729
2025-07-16T04:00:00+00:00,117477.70,117507.60,117252.20,117275.80,706.228
2025-07-16T04:15:00+00:00,117275.90,117528.50,117269.20,117528.30,557.102
2025-07-16T04:30:00+00:00,117528.30,117699.90,117470.10,117551.30,800.180
2025-07-16T04:45:00+00:00,117551.40,117641.10,117507.30,117601.50,377.646
2025-07-16T05:00:00+00:00,117601.50,118020.00,117601.50,117980.80,2758.010
2025-07-16T05:15:00+00:00,117980.90,118000.00,117726.10,117842.30,1085.192
2025-07-16T05:30:00+00:00,117842.30,118000.00,117833.20,117954.60,600.060
2025-07-16T05:45:00+00:00,117954.60,117990.40,117761.70,117858.50,570.903
2025-07-16T06:00:00+00:00,117858.50,117910.20,117737.50,117743.40,583.959
2025-07-16T06:15:00+00:00,117743.40,118074.00,117743.30,118049.70,787.233
2025-07-16T06:30:00+00:00,118049.80,118282.70,117976.90,118252.80,1312.134
2025-07-16T06:45:00+00:00,118252.90,118277.50,118193.20,118260.80,660.786
2025-07-16T07:00:00+00:00,118260.80,118281.80,118033.90,118057.70,1138.048
2025-07-16T07:15:00+00:00,118057.70,118265.70,118017.20,118236.00,999.217
2025-07-16T07:30:00+00:00,118235.90,118297.10,118155.00,118155.10,780.497
2025-07-16T07:45:00+00:00,118155.20,118218.40,118076.80,118181.20,850.838
2025-07-16T08:00:00+00:00,118181.20,118259.80,118113.60,118166.70,778.920
2025-07-16T08:15:00+00:00,118166.60,118252.00,118128.00,118230.30,546.397
2025-07-16T08:30:00+00:00,118230.20,118785.00,118230.20,118779.80,4140.990
2025-07-16T08:45:00+00:00,118779.70,118779.80,118661.10,118697.70,1031.618
2025-07-16T09:00:00+00:00,118697.70,119078.70,118688.90,118991.70,2918.575
2025-07-16T09:15:00+00:00,118991.70,119204.00,118911.20,119142.30,2164.400
2025-07-16T09:30:00+00:00,119142.20,119199.60,118725.80,118831.10,2344.654
2025-07-16T09:45:00+00:00,118831.10,119199.70,118726.60,119188.90,1958.347
2025-07-16T10:00:00+00:00,119188.90,119263.00,119094.90,119187.90,1074.499
2025-07-16T10:15:00+00:00,119187.80,119299.90,119094.50,119140.10,985.559
2025-07-16T10:30:00+00:00,119140.10,119160.00,118784.20,118797.30,2114.378
2025-07-16T10:45:00+00:00,118797.30,118910.20,118715.30,118716.90,1156.214
2025-07-16T11:00:00+00:00,118716.90,118898.20,118621.80,118861.60,1816.628
2025-07-16T11:15:00+00:00,118861.60,118894.90,118757.30,118882.90,552.641
2025-07-16T11:30:00+00:00,118882.80,118892.60,118787.90,118886.50,552.305
2025-07-16T11:45:00+00:00,118886.40,118892.10,118690.00,118755.10,679.672
2025-07-16T12:00:00+00:00,118755.10,118869.40,118678.20,118806.60,638.549
2025-07-16T12:15:00+00:00,118806.70,118881.50,118754.00,118869.60,604.625
2025-07-16T12:30:00+00:00,118869.60,119055.00,118557.00,118932.30,2732.818
2025-07-16T12:45:00+00:00,118932.20,118978.70,118572.90,118579.30,1135.993
2025-07-16T13:00:00+00:00,118579.30,118722.40,118384.60,118662.50,3348.688
2025-07-16T13:15:00+00:00,118662.50,118810.30,118662.50,118782.90,1569.492
2025-07-16T13:30:00+00:00,118782.90,118907.80,118217.30,118324.00,3189.860
2025-07-16T13:45:00+00:00,118324.00,118725.30,118156.00,118651.30,3444.824
2025-07-16T14:00:00+00:00,118651.20,118768.90,118213.00,118250.10,2444.490
2025-07-16T14:15:00+00:00,118250.00,118457.40,118156.00,118443.90,1420.221
2025-07-16T14:30:00+00:00,118443.90,118611.90,118243.20,118608.80,2358.159
2025-07-16T14:45:00+00:00,118608.80,119230.00,118579.10,119019.80,4535.522
2025-07-16T15:00:00+00:00,119019.90,119786.70,118951.80,119121.10,7334.320
2025-07-16T15:15:00+00:00,119121.20,119484.70,118677.20,119443.00,7070.534
2025-07-16T15:30:00+00:00,119442.90,119458.60,118243.30,118999.00,5982.567
2025-07-16T15:45:00+00:00,118999.00,119393.70,118834.30,119056.00,5140.589
2025-07-16T16:00:00+00:00,119055.90,119072.50,118430.30,118734.50,3455.831
2025-07-16T16:15:00+00:00,118734.40,119215.70,118700.00,119122.00,1933.875
2025-07-16T16:30:00+00:00,119121.90,119293.50,118964.40,119041.10,1250.521
2025-07-16T16:45:00+00:00,119041.20,119280.90,118931.40,119250.00,886.673
2025-07-16T17:00:00+00:00,119249.90,119380.60,119150.00,119167.10,1044.848
2025-07-16T17:15:00+00:00,119167.10,119676.20,119162.00,119598.90,2671.671
2025-07-16T17:30:00+00:00,119598.80,119649.90,119218.70,119266.00,1297.389
2025-07-16T17:45:00+00:00,119266.00,119461.20,118924.10,119039.40,1606.338
2025-07-16T18:00:00+00:00,119039.40,119479.00,118836.00,119292.70,1739.177
2025-07-16T18:15:00+00:00,119292.70,119364.80,119059.10,119136.20,727.634
2025-07-16T18:30:00+00:00,119136.20,119688.80,119136.10,119688.70,2401.236
2025-07-16T18:45:00+00:00,119688.70,119888.00,119404.20,119471.00,2133.074
2025-07-16T19:00:00+00:00,119471.00,119600.00,119115.40,119185.10,1578.701
2025-07-16T19:15:00+00:00,119185.00,119339.40,119080.80,119142.50,1385.794
2025-07-16T19:30:00+00:00,119142.50,119142.50,118780.00,118870.10,1681.045
2025-07-16T19:45:00+00:00,118870.00,119278.20,118850.00,119186.70,1269.008
2025-07-16T20:00:00+00:00,119186.70,119268.50,118891.20,119235.00,1330.675
2025-07-16T20:15:00+00:00,119235.00,119565.40,119157.50,119565.30,1034.911
2025-07-16T20:30:00+00:00,119565.30,119914.90,119456.60,119898.90,1788.643
2025-07-16T20:45:00+00:00,119898.90,119911.50,119523.00,119886.20,1750.581
2025-07-16T21:00:00+00:00,119886.20,120100.00,119792.00,119863.90,2872.038
2025-07-16T21:15:00+00:00,119863.90,119910.40,119683.60,119908.50,1189.841
2025-07-16T21:30:00+00:00,119908.50,119915.00,119333.60,119350.00,1994.748
2025-07-16T21:45:00+00:00,119350.00,119485.00,119150.60,119254.70,1398.455
2025-07-16T22:00:00+00:00,119254.70,119403.90,119154.60,119292.90,1478.242
2025-07-16T22:15:00+00:00,119292.80,119466.60,119144.60,119172.70,975.259
2025-07-16T22:30:00+00:00,119172.60,119235.00,118820.00,118988.50,1591.079
2025-07-16T22:45:00+00:00,118988.60,118994.20,118557.00,118624.80,1556.511
2025-07-16T23:00:00+00:00,118624.80,118656.80,118477.60,118559.30,942.584
2025-07-16T23:15:00+00:00,118559.20,118647.00,118359.40,118615.40,1393.494
2025-07-16T23:30:00+00:00,118615.40,118803.80,118572.00,118799.80,870.645
2025-07-16T23:45:00+00:00,118799.80,118799.80,118535.10,118590.70,594.431
2025-07-17T00:00:00+00:00,118590.70,118819.40,118582.30,118741.30,746.566
2025-07-17T00:15:00+00:00,118741.30,118949.90,118741.30,118834.70,897.238
2025-07-17T00:30:00+00:00,118834.70,119113.60,118792.30,119100.00,650.734
2025-07-17T00:45:00+00:00,119100.00,119151.30,118861.00,118861.20,1061.740
2025-07-17T01:00:00+00:00,118861.20,119052.30,118852.10,119029.30,531.183
2025-07-17T01:15:00+00:00,119029.50,119029.50,118529.10,118650.80,1151.514
2025-07-17T01:30:00+00:00,118650.80,118690.20,118000.20,118256.90,4040.715
2025-07-17T01:45:00+00:00,118256.40,118259.40,117663.60,118115.00,5875.449
2025-07-17T02:00:00+00:00,118115.00,118418.10,117980.20,118351.30,1751.278
2025-07-17T02:15:00+00:00,118351.30,118497.80,118290.30,118380.00,1127.690
2025-07-17T02:30:00+00:00,118379.90,118441.90,118194.20,118304.80,854.967
2025-07-17T02:45:00+00:00,118304.80,118345.40,118015.60,118302.00,971.783
2025-07-17T03:00:00+00:00,118302.00,118335.20,117978.70,117978.70,714.072
2025-07-17T03:15:00+00:00,117978.70,118033.20,117816.00,117845.80,1496.219
2025-07-17T03:30:00+00:00,117845.70,118014.00,117700.00,117868.80,1707.989
2025-07-17T03:45:00+00:00,117868.80,118121.90,117868.70,118090.90,768.061
2025-07-17T04:00:00+00:00,118090.80,118268.60,117923.00,118239.40,872.716
2025-07-17T04:15:00+00:00,118239.40,118288.80,118156.70,118239.50,491.124
2025-07-17T04:30:00+00:00,118239.60,118422.70,118239.50,118334.50,841.510
2025-07-17T04:45:00+00:00,118334.50,118466.00,118291.80,118465.90,652.131
2025-07-17T05:00:00+00:00,118465.90,118466.00,118222.00,118263.80,534.866
2025-07-17T05:15:00+00:00,118263.80,118383.60,118252.20,118377.90,357.431
2025-07-17T05:30:00+00:00,118377.90,118548.60,118182.90,118532.10,888.921
2025-07-17T05:45:00+00:00,118532.10,118620.00,118463.00,118550.00,707.230
2025-07-17T06:00:00+00:00,118550.00,118743.60,118431.00,118471.00,917.345
2025-07-17T06:15:00+00:00,118471.00,118763.40,118307.60,118630.10,1400.921
2025-07-17T06:30:00+00:00,118630.10,118652.50,118337.00,118407.80,983.272
2025-07-17T06:45:00+00:00,118407.80,118449.70,118323.20,118439.30,730.267
2025-07-17T07:00:00+00:00,118439.30,118448.80,117900.40,118038.60,2447.319
2025-07-17T07:15:00+00:00,118038.60,118090.50,117810.40,117907.40,1271.828
2025-07-17T07:30:00+00:00,117907.40,118548.00,117907.30,118531.00,2096.596
2025-07-17T07:45:00+00:00,118531.00,118531.00,118275.60,118293.90,644.830
2025-07-17T08:00:00+00:00,118293.80,118321.70,118065.70,118115.40,942.428
2025-07-17T08:15:00+00:00,118115.40,118250.00,118087.80,118236.20,655.511
2025-07-17T08:30:00+00:00,118236.20,118398.70,118106.00,118378.90,1451.474
2025-07-17T08:45:00+00:00,118379.00,118408.20,118213.30,118313.60,611.903
2025-07-17T09:00:00+00:00,118313.60,118614.10,118221.80,118540.00,1248.951
2025-07-17T09:15:00+00:00,118540.00,119183.10,118465.60,119133.50,3099.025
2025-07-17T09:30:00+00:00,119133.50,119216.40,118860.60,118978.70,1662.720
2025-07-17T09:45:00+00:00,118978.70,119004.80,118758.60,118758.60,971.627
2025-07-17T10:00:00+00:00,118758.60,118867.90,118546.60,118615.30,1235.678
2025-07-17T10:15:00+00:00,118615.30,118650.00,118518.30,118550.20,777.989
2025-07-17T10:30:00+00:00,118550.10,118550.20,118277.90,118277.90,1129.306
2025-07-17T10:45:00+00:00,118277.90,118454.90,118210.00,118331.20,1463.552
2025-07-17T11:00:00+00:00,118331.20,118389.90,118135.90,118223.00,1322.096
2025-07-17T11:15:00+00:00,118222.90,118282.10,118128.10,118157.90,922.795
2025-07-17T11:30:00+00:00,118157.80,118194.30,118100.10,118144.70,732.263
2025-07-17T11:45:00+00:00,118144.60,118157.60,117915.20,117968.90,1297.205
2025-07-17T12:00:00+00:00,117968.80,118076.10,117732.70,117803.50,1993.196
2025-07-17T12:15:00+00:00,117803.40,117846.20,117416.10,117465.00,2589.067
2025-07-17T12:30:00+00:00,117464.90,117974.50,117412.80,117974.40,4054.536
2025-07-17T12:45:00+00:00,117974.50,118180.10,117853.30,117853.30,1937.500
2025-07-17T13:00:00+00:00,117853.30,118016.80,117698.90,117834.60,1598.318
2025-07-17T13:15:00+00:00,117834.60,117919.20,117639.00,117889.90,927.742
2025-07-17T13:30:00+00:00,117890.00,118027.50,117555.60,117637.10,2363.508
2025-07-17T13:45:00+00:00,117637.10,118443.00,117514.80,118261.60,4010.319
2025-07-17T14:00:00+00:00,118261.20,118500.00,118110.50,118461.50,2261.647
2025-07-17T14:15:00+00:00,118461.40,118714.80,118287.30,118714.80,2440.513
2025-07-17T14:30:00+00:00,118714.70,118837.90,118481.70,118549.50,2013.771
2025-07-17T14:45:00+00:00,118549.40,118811.10,118549.40,118752.90,995.729
2025-07-17T15:00:00+00:00,118752.90,118880.00,118415.70,118423.40,1714.333
2025-07-17T15:15:00+00:00,118423.40,118658.60,118315.80,118508.80,1277.700
2025-07-17T15:30:00+00:00,118508.80,119100.00,118508.80,119087.50,1847.120
2025-07-17T15:45:00+00:00,119087.40,119087.50,118757.30,118875.00,1460.561
2025-07-17T16:00:00+00:00,118875.00,118952.20,118487.10,118656.70,1451.565
2025-07-17T16:15:00+00:00,118656.70,118761.10,118500.00,118550.40,966.748
2025-07-17T16:30:00+00:00,118550.40,118610.00,118293.60,118447.80,1849.264
2025-07-17T16:45:00+00:00,118447.80,118566.20,118356.10,118550.30,683.452
2025-07-17T17:00:00+00:00,118550.30,118954.90,118524.50,118903.90,1202.195
2025-07-17T17:15:00+00:00,118904.00,118932.10,118619.20,118694.30,928.066
2025-07-17T17:30:00+00:00,118694.30,118772.90,118482.90,118656.30,494.704
2025-07-17T17:45:00+00:00,118656.30,119346.90,118593.90,119255.30,2808.830
2025-07-17T18:00:00+00:00,119255.40,119394.30,119186.30,119206.20,1443.006
2025-07-17T18:15:00+00:00,119206.30,119767.40,119206.20,119687.40,3478.393
2025-07-17T18:30:00+00:00,119687.30,119787.70,119629.90,119672.90,1735.977
2025-07-17T18:45:00+00:00,119672.90,119713.60,119474.20,119582.50,1019.003
2025-07-17T19:00:00+00:00,119582.40,119879.10,119582.40,119798.70,1405.524
2025-07-17T19:15:00+00:00,119798.70,119864.00,119631.20,119650.00,817.620
2025-07-17T19:30:00+00:00,119650.00,119678.00,119446.10,119489.40,1003.172
2025-07-17T19:45:00+00:00,119489.40,119490.00,118800.00,118948.80,2783.899
2025-07-17T20:00:00+00:00,118948.80,118999.10,118343.20,118761.20,3715.503
2025-07-17T20:15:00+00:00,118761.20,119119.30,118586.40,119003.60,1764.499
2025-07-17T20:30:00+00:00,119003.70,119390.00,118999.70,119221.40,1263.463
2025-07-17T20:45:00+00:00,119221.50,119440.80,119076.90,119428.80,1290.628
2025-07-17T21:00:00+00:00,119428.80,120145.90,119410.50,120094.90,7680.755
2025-07-17T21:15:00+00:00,120095.00,120951.50,120094.90,120900.10,9396.811
2025-07-17T21:30:00+00:00,120900.00,120930.80,120033.40,120615.20,6634.727
2025-07-17T21:45:00+00:00,120615.20,120752.10,120177.00,120254.80,1405.184
2025-07-17T22:00:00+00:00,120254.80,120450.00,120112.50,120432.40,1729.164
2025-07-17T22:15:00+00:00,120432.40,120706.10,120041.70,120077.60,2029.247
2025-07-17T22:30:00+00:00,120077.60,120272.50,120077.40,120162.00,940.763
2025-07-17T22:45:00+00:00,120162.10,120336.40,119451.30,119767.80,3249.944
2025-07-17T23:00:00+00:00,119767.80,119878.40,119569.80,119711.00,1406.856
2025-07-17T23:15:00+00:00,119711.10,119883.30,119428.40,119608.00,1998.507
2025-07-17T23:30:00+00:00,119608.00,119665.60,119250.00,119360.10,1084.680
2025-07-17T23:45:00+00:00,119360.10,119470.50,119155.00,119176.60,1416.664
2025-07-18T00:00:00+00:00,119176.50,119370.00,119003.80,119037.60,1206.858
2025-07-18T00:15:00+00:00,119037.60,119592.10,119037.50,119482.00,1339.373
2025-07-18T00:30:00+00:00,119481.90,119749.80,119478.00,119731.50,1541.230
2025-07-18T00:45:00+00:00,119731.50,119785.10,119500.00,119735.80,1345.464
2025-07-18T01:00:00+00:00,119735.90,120485.80,119636.00,120259.70,3385.753
2025-07-18T01:15:00+00:00,120259.70,120441.90,120010.40,120167.80,2252.317
2025-07-18T01:30:00+00:00,120167.80,120799.00,120032.30,120374.50,3126.784
2025-07-18T01:45:00+00:00,120374.50,120473.20,120250.00,120346.10,852.335
2025-07-18T02:00:00+00:00,120346.10,120362.50,119911.20,120100.00,1565.526
2025-07-18T02:15:00+00:00,120100.00,120314.80,119862.00,120215.50,1185.485
2025-07-18T02:30:00+00:00,120215.50,120400.00,120114.40,120272.70,875.167
2025-07-18T02:45:00+00:00,120272.70,120276.00,120053.20,120075.20,623.648
2025-07-18T03:00:00+00:00,120075.30,120149.90,119926.00,120084.60,973.775
2025-07-18T03:15:00+00:00,120084.70,120216.70,119974.00,120046.80,808.471
2025-07-18T03:30:00+00:00,120046.80,120324.00,119986.70,120324.00,754.223
2025-07-18T03:45:00+00:00,120324.00,120492.20,120160.00,120212.80,883.354
2025-07-18T04:00:00+00:00,120212.80,120221.40,119726.50,119873.90,1381.558
2025-07-18T04:15:00+00:00,119874.00,120076.90,119818.00,120076.90,650.100
2025-07-18T04:30:00+00:00,120076.80,120312.10,120070.80,120262.10,895.025
2025-07-18T04:45:00+00:00,120262.10,120478.90,120262.00,120387.80,775.906
2025-07-18T05:00:00+00:00,120387.80,120628.60,120165.30,120545.30,2320.654
2025-07-18T05:15:00+00:00,120545.30,120609.40,120366.00,120537.10,1078.788
2025-07-18T05:30:00+00:00,120537.00,120545.00,120264.50,120267.60,768.969
2025-07-18T05:45:00+00:00,120267.70,120626.20,120267.60,120588.30,1292.476
2025-07-18T06:00:00+00:00,120588.30,120846.10,120289.50,120419.70,2350.703
2025-07-18T06:15:00+00:00,120419.70,120419.80,120153.80,120153.90,785.812
2025-07-18T06:30:00+00:00,120153.80,120296.00,120076.90,120265.60,843.301
2025-07-18T06:45:00+00:00,120265.60,120463.20,120231.60,120238.50,644.668
2025-07-18T07:00:00+00:00,120238.60,120375.70,119999.90,120081.30,933.133
2025-07-18T07:15:00+00:00,120081.30,120081.40,119625.40,119666.60,2132.426
2025-07-18T07:30:00+00:00,119666.50,119867.70,119641.60,119852.80,1538.022
2025-07-18T07:45:00+00:00,119852.80,119852.90,119300.00,119356.60,3374.032
2025-07-18T08:00:00+00:00,119356.50,119483.20,119230.70,119260.20,2460.638
2025-07-18T08:15:00+00:00,119260.20,119425.90,119076.90,119130.20,1884.993
2025-07-18T08:30:00+00:00,119130.10,119130.10,118384.60,118460.90,5555.819
2025-07-18T08:45:00+00:00,118460.90,118731.20,118412.50,118637.30,2282.757
2025-07-18T09:00:00+00:00,118637.30,118904.00,118450.00,118842.50,2064.539
2025-07-18T09:15:00+00:00,118842.50,118847.40,118550.00,118649.70,2172.202
2025-07-18T09:30:00+00:00,118649.60,118909.70,118640.00,118813.10,926.666
2025-07-18T09:45:00+00:00,118813.10,119000.00,118808.30,118885.00,1727.410
2025-07-18T10:00:00+00:00,118885.00,118939.00,118660.00,118680.90,944.210
2025-07-18T10:15:00+00:00,118680.80,118899.80,118503.40,118796.70,1420.950
2025-07-18T10:30:00+00:00,118796.70,118929.50,118750.20,118929.50,865.172
2025-07-18T10:45:00+00:00,118929.50,119266.00,118888.50,119240.10,1685.001
2025-07-18T11:00:00+00:00,119240.20,119292.00,118980.60,118980.80,879.806
2025-07-18T11:15:00+00:00,118980.80,119039.70,118775.10,118890.30,769.713
2025-07-18T11:30:00+00:00,118890.30,119129.80,118786.90,119104.00,972.161
2025-07-18T11:45:00+00:00,119104.10,119194.50,119035.40,119175.50,435.074
2025-07-18T12:00:00+00:00,119175.50,119316.80,119175.50,119304.80,863.776
2025-07-18T12:15:00+00:00,119304.70,119336.80,119126.20,119202.40,658.418
2025-07-18T12:30:00+00:00,119202.50,119498.70,119202.50,119412.00,1145.869
2025-07-18T12:45:00+00:00,119411.90,119519.80,119360.20,119428.50,845.520
2025-07-18T13:00:00+00:00,119428.60,119440.40,118859.00,118859.00,3921.311
2025-07-18T13:15:00+00:00,118859.00,118911.60,118636.40,118790.90,1865.244
2025-07-18T13:30:00+00:00,118790.80,118888.00,118500.00,118650.10,3492.735
2025-07-18T13:45:00+00:00,118650.00,118857.10,118600.00,118766.80,1402.405
2025-07-18T14:00:00+00:00,118766.90,119250.00,118689.60,118971.00,2309.438
2025-07-18T14:15:00+00:00,118970.90,119036.50,117730.00,117931.10,9744.403
2025-07-18T14:30:00+00:00,117931.10,118091.10,117230.70,117749.80,6986.761
2025-07-18T14:45:00+00:00,117749.90,118389.60,117731.90,118123.80,4691.100
2025-07-18T15:00:00+00:00,118123.90,118255.30,117723.80,117730.60,2232.351
2025-07-18T15:15:00+00:00,117730.50,117922.00,117453.10,117740.30,2858.094
2025-07-18T15:30:00+00:00,117740.30,117930.20,117430.00,117632.00,2076.035
2025-07-18T15:45:00+00:00,117632.10,118011.90,117484.00,117830.00,1439.792
2025-07-18T16:00:00+00:00,117830.10,118053.50,117664.10,117664.10,1471.474
2025-07-18T16:15:00+00:00,117664.10,117813.90,117518.20,117590.50,1301.261
2025-07-18T16:30:00+00:00,117590.40,118008.00,117460.00,117900.00,1676.556
2025-07-18T16:45:00+00:00,117900.00,117917.10,117483.70,117543.50,1292.824
2025-07-18T17:00:00+00:00,117543.50,117651.10,117328.60,117567.70,2646.580
2025-07-18T17:15:00+00:00,117567.70,117983.80,117542.50,117904.90,1184.434
2025-07-18T17:30:00+00:00,117904.90,117950.00,117553.30,117591.50,826.438
2025-07-18T17:45:00+00:00,117591.60,117699.70,117420.70,117580.00,996.179
2025-07-18T18:00:00+00:00,117580.00,117600.70,117331.60,117386.90,900.586
2025-07-18T18:15:00+00:00,117386.90,117673.20,117318.10,117673.20,785.453
2025-07-18T18:30:00+00:00,117673.20,117716.30,117510.80,117545.30,531.177
2025-07-18T18:45:00+00:00,117545.20,117615.30,117204.50,117297.90,1108.386
2025-07-18T19:00:00+00:00,117297.90,117395.90,117109.40,117339.10,2940.388
2025-07-18T19:15:00+00:00,117339.10,117866.00,117339.10,117779.40,1730.290
2025-07-18T19:30:00+00:00,117779.40,117779.50,117402.00,117475.90,731.947
2025-07-18T19:45:00+00:00,117475.80,117486.90,117286.20,117361.60,824.105
2025-07-18T20:00:00+00:00,117361.70,117399.20,117102.70,117160.10,1562.522
2025-07-18T20:15:00+00:00,117160.10,117251.70,116886.00,116980.20,2751.026
2025-07-18T20:30:00+00:00,116980.20,117054.70,116788.90,116994.00,4955.099
2025-07-18T20:45:00+00:00,116994.00,117532.30,116984.20,117370.10,3093.220
2025-07-18T21:00:00+00:00,117370.00,117837.20,117330.00,117816.80,1183.416
2025-07-18T21:15:00+00:00,117816.80,117855.80,117654.50,117708.10,1281.410
2025-07-18T21:30:00+00:00,117708.10,117832.50,117708.10,117786.80,544.119
2025-07-18T21:45:00+00:00,117786.80,117860.50,117542.30,117648.30,633.954
2025-07-18T22:00:00+00:00,117648.30,117662.20,117379.60,117587.10,1016.580
2025-07-18T22:15:00+00:00,117587.20,117957.70,117571.50,117862.60,1504.059
2025-07-18T22:30:00+00:00,117862.50,117907.20,117754.70,117755.10,581.018
2025-07-18T22:45:00+00:00,117755.10,117800.00,117568.90,117663.00,729.698
2025-07-18T23:00:00+00:00,117662.90,117688.20,117433.60,117645.20,760.524
2025-07-18T23:15:00+00:00,117645.20,117860.00,117617.30,117808.50,899.623
2025-07-18T23:30:00+00:00,117808.50,117886.00,117769.30,117840.00,478.850
2025-07-18T23:45:00+00:00,117840.00,118000.00,117804.50,117896.40,1258.011
2025-07-19T00:00:00+00:00,117896.50,117920.00,117804.10,117907.90,663.385
2025-07-19T00:15:00+00:00,117907.90,117940.00,117851.20,117940.00,386.391
2025-07-19T00:30:00+00:00,117940.00,118013.70,117820.60,117884.10,698.289
2025-07-19T00:45:00+00:00,117884.30,117916.10,117682.60,117713.00,528.480
2025-07-19T01:00:00+00:00,117713.10,117885.00,117588.00,117885.00,662.478
2025-07-19T01:15:00+00:00,117885.00,117988.00,117848.40,117961.10,574.376
2025-07-19T01:30:00+00:00,117961.10,118060.00,117894.40,118000.10,469.628
2025-07-19T01:45:00+00:00,118000.00,118094.60,117935.90,118010.00,679.950
2025-07-19T02:00:00+00:00,118010.00,118065.00,117886.40,118009.00,521.047
2025-07-19T02:15:00+00:00,118008.90,118065.00,117933.30,117957.70,540.108
2025-07-19T02:30:00+00:00,117957.60,118205.50,117957.60,118119.10,982.061
2025-07-19T02:45:00+00:00,118119.20,118275.00,118104.70,118176.70,761.423
2025-07-19T03:00:00+00:00,118176.70,118190.00,118088.00,118184.10,422.200
2025-07-19T03:15:00+00:00,118184.10,118286.40,118160.30,118224.30,558.966
2025-07-19T03:30:00+00:00,118224.40,118340.70,118187.80,118265.10,842.822
2025-07-19T03:45:00+00:00,118265.00,118312.30,118160.40,118295.20,553.141
2025-07-19T04:00:00+00:00,118295.30,118337.50,118206.40,118319.20,573.252
2025-07-19T04:15:00+00:00,118319.10,118333.40,118171.40,118171.40,530.101
2025-07-19T04:30:00+00:00,118171.50,118300.00,118130.40,118137.50,388.490
2025-07-19T04:45:00+00:00,118137.50,118170.00,118063.40,118104.30,416.629
2025-07-19T05:00:00+00:00,118104.30,118155.00,118013.20,118051.10,324.374
2025-07-19T05:15:00+00:00,118051.10,118115.00,118020.00,118107.10,267.928
2025-07-19T05:30:00+00:00,118107.20,118256.90,118086.20,118253.30,416.836
2025-07-19T05:45:00+00:00,118253.40,118264.00,118158.80,118174.00,408.883
2025-07-19T06:00:00+00:00,118173.90,118244.10,118152.00,118179.10,363.061
2025-07-19T06:15:00+00:00,118179.10,118179.20,118034.80,118034.80,412.931
2025-07-19T06:30:00+00:00,118034.80,118131.20,118034.80,118071.20,303.157
2025-07-19T06:45:00+00:00,118071.10,118147.80,118071.10,118136.90,161.767
2025-07-19T07:00:00+00:00,118136.90,118229.70,118136.80,118225.10,288.982
2025-07-19T07:15:00+00:00,118225.10,118300.00,118218.10,118244.90,276.145
2025-07-19T07:30:00+00:00,118245.00,118252.20,118137.50,118138.10,277.903
2025-07-19T07:45:00+00:00,118138.20,118178.40,118117.50,118135.00,289.013
2025-07-19T08:00:00+00:00,118134.90,118239.40,118036.10,118036.20,441.799
2025-07-19T08:15:00+00:00,118036.20,118098.50,118024.00,118063.90,681.964
2025-07-19T08:30:00+00:00,118064.00,118064.00,117904.00,118063.20,612.757
2025-07-19T08:45:00+00:00,118063.10,118140.00,117965.90,118057.20,523.232
2025-07-19T09:00:00+00:00,118057.20,118145.30,118033.90,118100.10,337.082
2025-07-19T09:15:00+00:00,118100.00,118212.30,118095.80,118172.70,252.183
2025-07-19T09:30:00+00:00,118172.60,118277.50,118155.50,118277.50,425.966
2025-07-19T09:45:00+00:00,118277.40,118300.00,118158.30,118205.10,387.448
2025-07-19T10:00:00+00:00,118205.10,118247.00,118142.20,118196.00,291.263
2025-07-19T10:15:00+00:00,118196.00,118299.90,118195.90,118299.90,290.014
2025-07-19T10:30:00+00:00,118299.80,118449.90,118280.00,118406.50,632.924
2025-07-19T10:45:00+00:00,118406.40,118428.90,118311.80,118410.50,433.938
2025-07-19T11:00:00+00:00,118410.60,118456.00,118262.50,118270.20,537.710
2025-07-19T11:15:00+00:00,118270.10,118436.60,118120.20,118436.50,800.898
2025-07-19T11:30:00+00:00,118436.60,118436.60,118333.70,118396.70,478.431
2025-07-19T11:45:00+00:00,118396.80,118402.80,118262.00,118300.00,360.442
2025-07-19T12:00:00+00:00,118300.00,118301.40,118113.90,118166.40,558.041
2025-07-19T12:15:00+00:00,118166.30,118288.00,118069.40,118175.50,519.068
2025-07-19T12:30:00+00:00,118175.40,118232.70,118100.00,118112.60,462.545
2025-07-19T12:45:00+00:00,118112.50,118223.50,118070.50,118218.10,279.881
2025-07-19T13:00:00+00:00,118218.10,118258.70,118117.30,118220.00,328.549
2025-07-19T13:15:00+00:00,118220.00,118256.10,118174.20,118253.90,239.363
2025-07-19T13:30:00+00:00,118253.90,118299.00,118197.40,118242.70,256.342
2025-07-19T13:45:00+00:00,118242.70,118242.70,118050.00,118167.00,470.677
2025-07-19T14:00:00+00:00,118167.00,118203.00,118000.00,118019.20,548.402
2025-07-19T14:15:00+00:00,118019.30,118149.30,117799.90,117860.20,1641.098
2025-07-19T14:30:00+00:00,117860.10,117976.40,117632.00,117789.60,2159.894
2025-07-19T14:45:00+00:00,117789.90,117878.80,117615.30,117657.40,1054.474
2025-07-19T15:00:00+00:00,117657.40,117944.60,117637.50,117890.00,851.233
2025-07-19T15:15:00+00:00,117889.90,118176.10,117889.90,118169.20,1106.305
2025-07-19T15:30:00+00:00,118169.20,118221.70,118071.30,118191.70,651.519
2025-07-19T15:45:00+00:00,118191.70,118191.70,118000.00,118025.60,448.850
2025-07-19T16:00:00+00:00,118025.60,118025.70,117825.10,117869.50,749.821
2025-07-19T16:15:00+00:00,117869.50,118149.80,117826.90,118096.10,791.778
2025-07-19T16:30:00+00:00,118096.20,118143.70,117988.00,118058.20,450.312
2025-07-19T16:45:00+00:00,118058.20,118125.60,117925.80,117958.10,318.682
2025-07-19T17:00:00+00:00,117958.10,117971.30,117856.60,117867.00,409.693
2025-07-19T17:15:00+00:00,117867.10,117906.90,117781.10,117807.00,465.989
2025-07-19T17:30:00+00:00,117807.00,117852.50,117711.60,117785.50,634.226
2025-07-19T17:45:00+00:00,117785.50,117836.10,117703.20,117786.50,374.107
2025-07-19T18:00:00+00:00,117786.40,117928.60,117728.60,117913.60,341.274
2025-07-19T18:15:00+00:00,117913.70,117975.30,117824.40,117901.10,406.470
2025-07-19T18:30:00+00:00,117901.10,118018.10,117901.10,117926.20,396.148
2025-07-19T18:45:00+00:00,117926.30,117976.30,117818.00,117841.20,284.383
2025-07-19T19:00:00+00:00,117841.10,117900.30,117562.10,117710.80,1060.353
2025-07-19T19:15:00+00:00,117710.80,117837.10,117702.50,117835.60,360.082
2025-07-19T19:30:00+00:00,117835.70,118124.90,117835.60,118095.90,558.777
2025-07-19T19:45:00+00:00,118095.90,118096.00,117946.80,117978.30,698.816
2025-07-19T20:00:00+00:00,117978.40,118125.70,117929.20,117984.80,423.105
2025-07-19T20:15:00+00:00,117984.90,117984.90,117873.90,117977.20,201.472
2025-07-19T20:30:00+00:00,117977.20,117980.50,117918.80,117953.40,222.263
2025-07-19T20:45:00+00:00,117953.40,118054.40,117666.80,117682.30,526.294
2025-07-19T21:00:00+00:00,117682.30,117809.00,117500.00,117572.80,1290.373
2025-07-19T21:15:00+00:00,117572.80,117670.10,117245.90,117662.30,2636.021
2025-07-19T21:30:00+00:00,117662.40,117681.90,117384.60,117445.60,1124.068
2025-07-19T21:45:00+00:00,117445.60,117716.00,117445.50,117666.10,542.078
2025-07-19T22:00:00+00:00,117666.00,117750.00,117491.30,117733.90,583.592
2025-07-19T22:15:00+00:00,117734.00,117779.90,117661.20,117675.20,604.071
2025-07-19T22:30:00+00:00,117675.20,117816.60,117662.00,117802.00,269.296
2025-07-19T22:45:00+00:00,117802.00,117825.40,117737.70,117758.10,218.791
2025-07-19T23:00:00+00:00,117758.10,117915.80,117706.90,117881.00,349.775
2025-07-19T23:15:00+00:00,117881.10,117881.10,117704.20,117758.80,217.945
2025-07-19T23:30:00+00:00,117758.80,117906.10,117758.80,117767.30,211.016
2025-07-19T23:45:00+00:00,117767.20,117858.70,117756.50,117814.40,201.633
2025-07-20T00:00:00+00:00,117814.30,117846.70,117666.00,117673.30,305.598
2025-07-20T00:15:00+00:00,117673.40,117774.90,117620.60,117620.60,254.135
2025-07-20T00:30:00+00:00,117620.60,117772.10,117618.00,117646.60,370.082
2025-07-20T00:45:00+00:00,117646.50,117974.50,117646.50,117912.50,410.964
2025-07-20T01:00:00+00:00,117912.50,118054.50,117855.50,117960.20,727.662
2025-07-20T01:15:00+00:00,117960.20,118119.60,117951.10,117956.20,634.502
2025-07-20T01:30:00+00:00,117956.20,118035.60,117916.50,117974.50,323.822
2025-07-20T01:45:00+00:00,117974.40,118015.50,117875.10,117908.80,261.951
2025-07-20T02:00:00+00:00,117908.90,117925.90,117785.80,117870.60,378.376
2025-07-20T02:15:00+00:00,117870.50,117900.00,117769.20,117769.30,247.132
2025-07-20T02:30:00+00:00,117769.20,117892.00,117741.40,117858.40,197.644
2025-07-20T02:45:00+00:00,117858.30,117990.00,117841.60,117957.80,493.289
2025-07-20T03:00:00+00:00,117957.80,118085.20,117957.70,117969.40,313.431
2025-07-20T03:15:00+00:00,117969.40,117985.10,117714.20,117880.10,761.146
2025-07-20T03:30:00+00:00,117880.00,118158.70,117878.00,117967.20,1582.705
2025-07-20T03:45:00+00:00,117967.10,117967.20,117893.50,117934.10,324.781
2025-07-20T04:00:00+00:00,117934.20,117955.90,117870.00,117895.70,360.195
2025-07-20T04:15:00+00:00,117895.80,118057.70,117856.70,118038.70,433.419
2025-07-20T04:30:00+00:00,118038.60,118099.80,117896.90,117907.60,391.160
2025-07-20T04:45:00+00:00,117907.60,117967.00,117900.40,117917.80,178.198
2025-07-20T05:00:00+00:00,117917.90,117951.70,117818.70,117854.30,239.849
2025-07-20T05:15:00+00:00,117854.40,117869.80,117769.00,117795.70,244.790
2025-07-20T05:30:00+00:00,117795.70,117889.90,117787.00,117869.30,393.423
2025-07-20T05:45:00+00:00,117869.30,117898.00,117813.20,117822.70,232.437
2025-07-20T06:00:00+00:00,117822.70,117822.70,117748.30,117748.30,213.383
2025-07-20T06:15:00+00:00,117748.40,117842.50,117736.30,117795.80,276.302
2025-07-20T06:30:00+00:00,117795.70,117820.50,117776.80,117820.50,178.775
2025-07-20T06:45:00+00:00,117820.40,117859.90,117797.20,117797.20,151.321
2025-07-20T07:00:00+00:00,117797.30,117855.00,117797.20,117831.70,179.975
2025-07-20T07:15:00+00:00,117831.70,118039.00,117831.60,118039.00,468.896
2025-07-20T07:30:00+00:00,118038.90,118200.00,117987.60,118199.90,967.078
2025-07-20T07:45:00+00:00,118200.00,118214.00,117969.40,117984.30,839.998
2025-07-20T08:00:00+00:00,117984.30,118230.70,117984.30,118230.10,913.025
2025-07-20T08:15:00+00:00,118230.00,118230.10,118093.60,118146.30,452.027
2025-07-20T08:30:00+00:00,118146.30,118235.00,118092.30,118144.90,539.254
2025-07-20T08:45:00+00:00,118144.90,118220.40,118099.80,118136.50,615.077
2025-07-20T09:00:00+00:00,118136.40,118261.60,117982.60,117982.60,982.379
2025-07-20T09:15:00+00:00,117982.60,118147.80,117978.60,117983.20,577.664
2025-07-20T09:30:00+00:00,117983.20,118096.50,117983.20,118060.10,312.676
2025-07-20T09:45:00+00:00,118060.20,118082.10,117853.00,117891.50,640.777
2025-07-20T10:00:00+00:00,117891.50,117981.70,117872.90,117921.40,424.022
2025-07-20T10:15:00+00:00,117921.50,117979.40,117900.00,117941.90,303.137
2025-07-20T10:30:00+00:00,117941.90,117986.20,117928.10,117952.10,345.263
2025-07-20T10:45:00+00:00,117952.10,117952.10,117849.80,117880.00,493.972
2025-07-20T11:00:00+00:00,117879.90,117934.80,117840.20,117888.90,424.498
2025-07-20T11:15:00+00:00,117888.80,117979.60,117819.50,117846.50,565.532
2025-07-20T11:30:00+00:00,117846.50,117899.80,117801.90,117892.80,365.409
2025-07-20T11:45:00+00:00,117892.80,118075.50,117801.00,117869.20,1174.683
2025-07-20T12:00:00+00:00,117869.20,117966.60,117701.10,117883.30,1095.148
2025-07-20T12:15:00+00:00,117883.40,118025.80,117788.20,117810.10,1165.307
2025-07-20T12:30:00+00:00,117810.00,117892.30,117769.30,117840.80,927.034
2025-07-20T12:45:00+00:00,117840.80,118157.80,117800.00,118055.40,972.733
2025-07-20T13:00:00+00:00,118055.50,118180.80,118055.40,118098.40,785.187
2025-07-20T13:15:00+00:00,118098.40,118140.00,118053.20,118093.20,502.702
2025-07-20T13:30:00+00:00,118093.20,118133.00,118055.10,118098.90,461.484
2025-07-20T13:45:00+00:00,118098.80,118383.00,118085.60,118378.70,972.139
2025-07-20T14:00:00+00:00,118378.70,118750.00,118251.20,118530.40,4148.907
2025-07-20T14:15:00+00:00,118530.40,118794.00,118430.70,118627.40,1625.784
2025-07-20T14:30:00+00:00,118627.30,118780.60,118502.90,118563.90,789.655
2025-07-20T14:45:00+00:00,118564.00,118591.40,118355.00,118433.00,781.435
2025-07-20T15:00:00+00:00,118433.00,118640.00,118329.90,118640.00,718.925
2025-07-20T15:15:00+00:00,118640.00,118696.40,118500.00,118696.40,516.948
2025-07-20T15:30:00+00:00,118696.40,118758.60,118547.00,118574.50,742.813
2025-07-20T15:45:00+00:00,118574.50,118764.20,118553.60,118669.30,946.805
2025-07-20T16:00:00+00:00,118669.40,118856.60,118522.30,118601.20,1660.407
2025-07-20T16:15:00+00:00,118601.10,118651.60,118450.00,118645.20,917.547
2025-07-20T16:30:00+00:00,118645.10,118818.00,118596.00,118724.30,753.690
2025-07-20T16:45:00+00:00,118724.30,118730.30,118491.40,118543.80,515.200
2025-07-20T17:00:00+00:00,118543.70,118543.80,118156.70,118320.40,2361.164
2025-07-20T17:15:00+00:00,118320.50,118430.00,118222.90,118320.30,522.344
2025-07-20T17:30:00+00:00,118320.40,118431.60,118030.50,118209.70,775.015
2025-07-20T17:45:00+00:00,118209.60,118209.70,117912.80,118003.40,1399.412
2025-07-20T18:00:00+00:00,118003.40,118208.90,118003.40,118178.40,807.470
2025-07-20T18:15:00+00:00,118178.30,118205.00,118056.70,118181.00,495.534
2025-07-20T18:30:00+00:00,118180.90,118235.10,118068.70,118210.00,696.644
2025-07-20T18:45:00+00:00,118210.00,118421.00,118209.90,118329.10,996.849
2025-07-20T19:00:00+00:00,118329.20,118538.40,118329.10,118494.00,643.460
2025-07-20T19:15:00+00:00,118494.10,118549.40,118405.70,118526.80,402.137
2025-07-20T19:30:00+00:00,118526.70,118526.80,118328.80,118328.80,348.521
2025-07-20T19:45:00+00:00,118328.80,118363.00,118130.90,118131.20,346.131
2025-07-20T20:00:00+00:00,118131.20,118157.90,117822.40,118031.80,2155.023
2025-07-20T20:15:00+00:00,118031.80,118198.30,117968.20,118057.50,541.597
2025-07-20T20:30:00+00:00,118057.50,118153.80,118040.00,118153.80,295.461
2025-07-20T20:45:00+00:00,118153.80,118245.30,118057.70,118062.40,310.531
2025-07-20T21:00:00+00:00,118062.40,118062.50,117800.00,117994.40,1253.766
2025-07-20T21:15:00+00:00,117994.40,118097.70,117801.80,118065.90,816.607
2025-07-20T21:30:00+00:00,118065.90,118139.20,117888.10,117988.80,514.114
2025-07-20T21:45:00+00:00,117988.80,118036.30,117982.80,117982.90,167.563
2025-07-20T22:00:00+00:00,117982.80,118029.90,116800.00,116875.10,7397.326
2025-07-20T22:15:00+00:00,116875.00,117265.50,116370.10,117230.00,8280.137
2025-07-20T22:30:00+00:00,117229.90,117592.70,117069.80,117569.70,1954.532
2025-07-20T22:45:00+00:00,117569.60,117631.30,117370.20,117438.60,1698.613
2025-07-20T23:00:00+00:00,117438.50,117529.90,117188.10,117334.90,1347.878
2025-07-20T23:15:00+00:00,117334.90,117376.00,117142.10,117183.30,641.012
2025-07-20T23:30:00+00:00,117183.30,117350.00,116907.30,117197.10,1202.340
2025-07-20T23:45:00+00:00,117197.00,117287.90,117094.00,117216.00,543.737
2025-07-21T00:00:00+00:00,117216.10,117255.70,116807.70,116819.10,1661.943
2025-07-21T00:15:00+00:00,116819.00,116960.00,116454.10,116869.60,2602.951
2025-07-21T00:30:00+00:00,116869.50,117166.60,116692.30,116978.80,1235.703
2025-07-21T00:45:00+00:00,116978.70,117333.10,116837.70,117323.60,1342.512
2025-07-21T01:00:00+00:00,117323.60,117410.90,117111.00,117125.20,934.741
2025-07-21T01:15:00+00:00,117125.10,117223.00,117000.00,117090.70,678.591
2025-07-21T01:30:00+00:00,117090.60,117195.70,116732.50,116922.90,1169.774
2025-07-21T01:45:00+00:00,116922.90,117287.70,116871.20,117262.90,860.994
2025-07-21T02:00:00+00:00,117262.80,117989.10,117262.80,117880.10,2695.651
2025-07-21T02:15:00+00:00,117880.10,118063.00,117660.00,118000.00,1299.717
2025-07-21T02:30:00+00:00,118000.00,118011.10,117784.70,117819.90,757.671
2025-07-21T02:45:00+00:00,117819.90,118175.40,117728.50,118156.00,1101.795
2025-07-21T03:00:00+00:00,118156.00,118491.50,118096.60,118400.00,2450.101
2025-07-21T03:15:00+00:00,118399.90,118528.00,118315.40,118460.40,1086.204
2025-07-21T03:30:00+00:00,118460.40,118585.00,118346.80,118392.60,927.212
2025-07-21T03:45:00+00:00,118392.60,118392.60,118210.20,118374.80,851.169
2025-07-21T04:00:00+00:00,118374.80,118384.60,118265.30,118339.10,661.079
2025-07-21T04:15:00+00:00,118339.00,118617.90,118232.90,118412.50,1105.453
2025-07-21T04:30:00+00:00,118412.40,118605.80,118403.70,118534.20,583.800
2025-07-21T04:45:00+00:00,118534.20,118534.20,118286.60,118306.70,587.645
2025-07-21T05:00:00+00:00,118306.70,118350.10,118212.00,118335.10,710.605
2025-07-21T05:15:00+00:00,118335.10,118336.80,118144.00,118179.70,608.857
2025-07-21T05:30:00+00:00,118179.70,118320.00,118179.60,118285.90,416.499
2025-07-21T05:45:00+00:00,118285.90,118398.20,118249.90,118397.90,517.332
2025-07-21T06:00:00+00:00,118397.80,118397.90,118250.40,118337.30,438.780
2025-07-21T06:15:00+00:00,118337.30,118916.30,118331.90,118831.20,3256.111
2025-07-21T06:30:00+00:00,118831.30,119246.80,118831.20,118959.10,3639.868
2025-07-21T06:45:00+00:00,118959.00,119192.90,118892.30,119158.60,1084.333
2025-07-21T07:00:00+00:00,119158.50,119414.70,119140.00,119349.90,2365.973
2025-07-21T07:15:00+00:00,119349.90,119627.20,119301.10,119605.70,2541.413
2025-07-21T07:30:00+00:00,119605.60,119720.60,119261.80,119266.70,2236.042
2025-07-21T07:45:00+00:00,119266.80,119417.50,119261.80,119352.20,1040.979
2025-07-21T08:00:00+00:00,119352.30,119496.20,119314.10,119362.30,1130.454
2025-07-21T08:15:00+00:00,119362.20,119393.50,119169.60,119239.90,1178.080
2025-07-21T08:30:00+00:00,119240.00,119333.00,118752.30,118969.60,3251.154
2025-07-21T08:45:00+00:00,118969.60,119082.50,118801.00,118990.20,1307.993
2025-07-21T09:00:00+00:00,118990.30,119080.80,118875.90,118906.00,852.041
2025-07-21T09:15:00+00:00,118906.10,118938.10,118743.30,118770.00,820.496
2025-07-21T09:30:00+00:00,118770.10,118820.40,118511.80,118611.30,1330.218
2025-07-21T09:45:00+00:00,118611.30,118721.50,118537.10,118680.10,826.876
2025-07-21T10:00:00+00:00,118680.00,118800.40,118600.00,118770.70,926.272
2025-07-21T10:15:00+00:00,118770.70,118770.70,118466.40,118499.50,776.010
2025-07-21T10:30:00+00:00,118499.50,118568.60,118313.60,118488.00,1372.088
2025-07-21T10:45:00+00:00,118488.00,118590.10,118488.00,118553.90,982.375
2025-07-21T11:00:00+00:00,118553.90,118725.70,118541.10,118600.10,818.703
2025-07-21T11:15:00+00:00,118600.00,118775.10,118500.00,118601.00,848.080
2025-07-21T11:30:00+00:00,118601.10,118628.20,118325.40,118348.20,757.026
2025-07-21T11:45:00+00:00,118348.20,118403.70,118035.00,118045.00,1900.335
2025-07-21T12:00:00+00:00,118044.90,118190.00,117726.70,118189.40,4729.671
2025-07-21T12:15:00+00:00,118189.50,118567.30,118147.70,118419.30,2301.927
2025-07-21T12:30:00+00:00,118419.30,118507.80,118088.00,118171.20,2246.049
2025-07-21T12:45:00+00:00,118171.40,118297.50,118088.30,118140.30,667.827
2025-07-21T13:00:00+00:00,118140.30,118171.20,117850.50,117937.40,1657.837
2025-07-21T13:15:00+00:00,117937.40,118292.00,117937.30,118264.70,1340.556
2025-07-21T13:30:00+00:00,118264.60,118663.90,118212.50,118590.10,2279.641
2025-07-21T13:45:00+00:00,118590.10,119075.00,118590.10,118805.90,4518.130
2025-07-21T14:00:00+00:00,118805.80,118923.00,118389.00,118622.00,2127.268
2025-07-21T14:15:00+00:00,118622.10,119086.10,118596.50,118885.00,2508.849
2025-07-21T14:30:00+00:00,118885.00,119027.40,118692.30,119011.80,1146.709
2025-07-21T14:45:00+00:00,119011.80,119200.00,118740.40,118794.30,1744.923
2025-07-21T15:00:00+00:00,118794.40,118938.30,118623.60,118738.00,1336.256
2025-07-21T15:15:00+00:00,118737.90,119111.80,118669.20,118675.00,1546.377
2025-07-21T15:30:00+00:00,118675.10,118710.00,118284.00,118402.50,1733.699
2025-07-21T15:45:00+00:00,118402.50,118555.00,118209.50,118304.10,1513.172
2025-07-21T16:00:00+00:00,118304.20,118381.00,117899.00,117957.00,3298.782
2025-07-21T16:15:00+00:00,117957.00,117965.80,117437.90,117888.00,5766.381
2025-07-21T16:30:00+00:00,117888.10,118090.60,117762.80,117823.10,1366.832
2025-07-21T16:45:00+00:00,117823.10,117885.40,117640.50,117726.70,1071.191
2025-07-21T17:00:00+00:00,117726.30,118080.30,117700.00,117888.50,1362.456
2025-07-21T17:15:00+00:00,117888.40,117944.20,117459.80,117525.00,1770.436
2025-07-21T17:30:00+00:00,117527.20,117686.90,117333.00,117375.00,2222.363
2025-07-21T17:45:00+00:00,117374.90,117870.20,117283.00,117815.30,1401.278
2025-07-21T18:00:00+00:00,117815.20,117919.00,117803.30,117908.00,877.760
2025-07-21T18:15:00+00:00,117908.00,118197.00,117846.10,117952.90,1548.404
2025-07-21T18:30:00+00:00,117952.90,117973.50,117400.70,117432.90,1441.452
2025-07-21T18:45:00+00:00,117432.90,117432.90,117033.00,117116.30,2845.129
2025-07-21T19:00:00+00:00,117116.40,117400.00,116933.00,117391.20,1872.312
2025-07-21T19:15:00+00:00,117391.20,117485.70,116947.40,117043.50,1000.649
2025-07-21T19:30:00+00:00,117044.00,117044.00,116600.00,116800.00,3844.075
2025-07-21T19:45:00+00:00,116800.10,116859.30,116614.30,116724.70,1915.087
2025-07-21T20:00:00+00:00,116724.70,116942.20,116566.90,116881.40,1655.866
2025-07-21T20:15:00+00:00,116881.30,117079.30,116855.70,117029.10,1116.430
2025-07-21T20:30:00+00:00,117029.00,117168.70,116876.40,117109.50,1142.119
2025-07-21T20:45:00+00:00,117109.50,117227.10,116860.80,116889.70,960.342
2025-07-21T21:00:00+00:00,116889.60,117172.00,116824.40,116906.90,679.383
2025-07-21T21:15:00+00:00,116906.90,117200.00,116906.80,117185.80,472.045
2025-07-21T21:30:00+00:00,117185.80,117338.70,117069.00,117333.40,538.366
2025-07-21T21:45:00+00:00,117333.40,117333.40,117109.60,117171.70,496.407
2025-07-21T22:00:00+00:00,117171.80,117285.50,117061.00,117279.90,788.620
2025-07-21T22:15:00+00:00,117279.80,117373.60,117155.80,117365.90,598.111
2025-07-21T22:30:00+00:00,117365.90,117596.60,117365.80,117575.10,943.838
2025-07-21T22:45:00+00:00,117575.10,117582.60,117307.60,117307.60,666.747
2025-07-21T23:00:00+00:00,117307.70,117333.60,117127.10,117237.10,533.122
2025-07-21T23:15:00+00:00,117237.00,117315.90,117062.60,117314.00,800.026
2025-07-21T23:30:00+00:00,117314.00,117471.00,117259.40,117280.50,644.943
2025-07-21T23:45:00+00:00,117280.60,117427.80,117239.80,117330.20,316.306
2025-07-22T00:00:00+00:00,117330.20,117361.60,117209.90,117287.90,452.441
2025-07-22T00:15:00+00:00,117287.90,117474.70,117287.90,117474.70,560.985
2025-07-22T00:30:00+00:00,117474.60,117475.10,116968.20,117026.40,1637.421
2025-07-22T00:45:00+00:00,117026.50,117279.40,117026.50,117073.10,566.401
2025-07-22T01:00:00+00:00,117073.20,117091.30,116800.10,116810.20,1408.276
2025-07-22T01:15:00+00:00,116810.30,117199.90,115865.00,117199.80,8651.643
2025-07-22T01:30:00+00:00,117199.80,117818.20,117075.20,117615.70,4781.213
2025-07-22T01:45:00+00:00,117615.70,117947.10,117571.30,117700.00,2279.069
2025-07-22T02:00:00+00:00,117700.10,117777.90,117380.50,117463.00,1557.136
2025-07-22T02:15:00+00:00,117463.10,117679.70,117364.10,117507.40,789.091
2025-07-22T02:30:00+00:00,117507.40,117639.00,117233.50,117239.10,1010.294
2025-07-22T02:45:00+00:00,117239.10,117284.90,116914.40,116980.00,1595.608
2025-07-22T03:00:00+00:00,116980.00,117208.40,116911.30,116977.40,949.459
2025-07-22T03:15:00+00:00,116977.40,117116.80,116643.00,117090.10,2089.968
2025-07-22T03:30:00+00:00,117090.00,117250.30,116745.50,116873.00,1835.067
2025-07-22T03:45:00+00:00,116873.00,117181.60,116797.10,117177.00,947.074
2025-07-22T04:00:00+00:00,117176.90,117240.00,117030.50,117082.50,568.341
2025-07-22T04:15:00+00:00,117082.50,117130.10,116804.10,116941.60,942.978
2025-07-22T04:30:00+00:00,116941.60,117325.00,116800.00,116820.10,1151.499
2025-07-22T04:45:00+00:00,116820.20,116900.00,116487.00,116500.00,2100.652
2025-07-22T05:00:00+00:00,116500.10,117206.00,116484.20,117168.90,2418.657
2025-07-22T05:15:00+00:00,117168.90,117318.00,117069.80,117123.00,1146.756
2025-07-22T05:30:00+00:00,117122.90,117297.00,117011.90,117050.00,842.102
2025-07-22T05:45:00+00:00,117050.00,117294.80,116886.10,117289.30,1041.052
2025-07-22T06:00:00+00:00,117289.50,117548.60,117222.60,117516.20,1531.884
2025-07-22T06:15:00+00:00,117516.20,117697.60,117387.20,117680.40,1223.090
2025-07-22T06:30:00+00:00,117680.30,117727.00,117503.80,117508.40,1039.467
2025-07-22T06:45:00+00:00,117508.50,117799.90,117445.00,117799.70,999.022
2025-07-22T07:00:00+00:00,117799.70,118250.00,117720.80,118244.20,3099.738
2025-07-22T07:15:00+00:00,118244.20,118554.90,118177.60,118530.00,3382.274
2025-07-22T07:30:00+00:00,118529.90,118548.90,118070.60,118149.90,2385.787
2025-07-22T07:45:00+00:00,118149.90,118184.40,117779.40,117959.50,1760.160
2025-07-22T08:00:00+00:00,117959.50,117959.50,117501.60,117657.50,2529.015
2025-07-22T08:15:00+00:00,117657.50,117955.00,117441.50,117684.60,1871.293
2025-07-22T08:30:00+00:00,117684.50,118183.60,117659.10,118068.50,1417.256
2025-07-22T08:45:00+00:00,118068.40,118330.60,117991.80,118257.90,1202.718
2025-07-22T09:00:00+00:00,118257.90,118258.00,117983.00,118000.00,1101.450
2025-07-22T09:15:00+00:00,118000.00,118222.00,117837.70,118166.60,1151.404
2025-07-22T09:30:00+00:00,118166.70,118546.00,118166.60,118495.60,1623.063
2025-07-22T09:45:00+00:00,118495.60,118638.00,118352.60,118356.30,1779.732
2025-07-22T10:00:00+00:00,118356.30,118493.80,118251.50,118405.60,1004.472
2025-07-22T10:15:00+00:00,118405.70,118510.00,118325.90,118504.90,992.548
2025-07-22T10:30:00+00:00,118505.00,118724.90,118504.90,118690.20,2280.271
2025-07-22T10:45:00+00:00,118690.30,118945.80,118667.70,118945.60,2846.766
2025-07-22T11:00:00+00:00,118945.60,119097.40,118766.00,118902.00,2810.451
2025-07-22T11:15:00+00:00,118902.00,119050.00,118902.00,119049.40,1124.779
2025-07-22T11:30:00+00:00,119049.40,119068.20,118861.40,119051.70,1641.052
2025-07-22T11:45:00+00:00,119051.60,119199.90,119040.80,119142.20,1522.515
2025-07-22T12:00:00+00:00,119142.20,119331.10,119071.00,119250.90,2254.884
2025-07-22T12:15:00+00:00,119251.00,119256.20,119160.90,119215.10,942.115
2025-07-22T12:30:00+00:00,119215.20,119400.40,119019.20,119358.70,2048.705
2025-07-22T12:45:00+00:00,119358.60,119422.60,119227.40,119280.60,1556.817
2025-07-22T13:00:00+00:00,119280.60,119475.20,119194.60,119340.00,2869.594
2025-07-22T13:15:00+00:00,119339.90,119339.90,119076.80,119190.80,1690.803
2025-07-22T13:30:00+00:00,119190.80,119582.30,118799.40,119455.80,5911.434
2025-07-22T13:45:00+00:00,119455.70,119455.80,117996.10,118135.10,9528.016
2025-07-22T14:00:00+00:00,118135.10,118460.00,117522.00,118390.60,9010.516
2025-07-22T14:15:00+00:00,118390.50,118557.20,118121.20,118425.40,3053.155
2025-07-22T14:30:00+00:00,118425.30,118777.00,118274.70,118731.40,2177.624
2025-07-22T14:45:00+00:00,118731.40,119113.70,118550.00,119043.80,3101.652
2025-07-22T15:00:00+00:00,119043.90,119175.00,118953.20,119169.70,2794.980
2025-07-22T15:15:00+00:00,119169.70,119169.70,118783.30,118870.40,1773.754
2025-07-22T15:30:00+00:00,118870.40,119172.00,118670.00,118873.40,2121.839
2025-07-22T15:45:00+00:00,118873.40,119052.40,118837.00,118899.80,860.541
2025-07-22T16:00:00+00:00,118899.80,119249.00,118723.70,119210.00,1931.182
2025-07-22T16:15:00+00:00,119209.90,119376.00,118911.70,119031.60,1965.191
2025-07-22T16:30:00+00:00,119031.50,119120.00,118698.90,118886.80,1266.796
2025-07-22T16:45:00+00:00,118886.80,118886.80,118600.00,118663.80,1191.991
2025-07-22T17:00:00+00:00,118663.80,118812.10,118377.00,118509.00,2045.319
2025-07-22T17:15:00+00:00,118508.90,118739.70,118494.80,118706.00,1062.619
2025-07-22T17:30:00+00:00,118706.00,119200.00,118665.20,119109.40,1962.931
2025-07-22T17:45:00+00:00,119109.40,119219.50,119039.40,119196.00,1269.682
2025-07-22T18:00:00+00:00,119196.00,119425.00,119050.50,119293.20,1865.297
2025-07-22T18:15:00+00:00,119293.30,119528.00,119103.20,119399.70,4661.487
2025-07-22T18:30:00+00:00,119399.60,119446.70,119163.90,119173.50,1114.619
2025-07-22T18:45:00+00:00,119173.50,120300.10,119173.50,119768.00,8953.063
2025-07-22T19:00:00+00:00,119768.00,119945.50,119601.30,119864.60,2553.100
2025-07-22T19:15:00+00:00,119864.50,119868.00,119384.60,119661.10,1970.095
2025-07-22T19:30:00+00:00,119661.00,119661.10,119256.00,119339.60,1326.431
2025-07-22T19:45:00+00:00,119339.70,119450.10,119102.80,119286.50,1628.161
2025-07-22T20:00:00+00:00,119286.60,119737.10,119207.50,119672.10,2157.071
2025-07-22T20:15:00+00:00,119672.00,119856.20,119521.30,119800.30,780.936
2025-07-22T20:30:00+00:00,119800.40,119870.10,119567.20,119686.90,1164.857
2025-07-22T20:45:00+00:00,119687.00,119935.00,119670.00,119723.20,652.474
2025-07-22T21:00:00+00:00,119723.20,119794.70,119569.80,119569.80,649.075
2025-07-22T21:15:00+00:00,119569.80,119643.70,119526.00,119526.00,596.323
2025-07-22T21:30:00+00:00,119526.10,119561.40,119450.00,119489.50,559.876
2025-07-22T21:45:00+00:00,119489.60,119585.70,119424.30,119424.30,275.881
2025-07-22T22:00:00+00:00,119424.30,119767.90,119414.80,119654.90,759.159
2025-07-22T22:15:00+00:00,119654.90,119930.80,119622.20,119843.50,738.428
2025-07-22T22:30:00+00:00,119843.60,120059.10,119823.80,119999.90,1312.424
2025-07-22T22:45:00+00:00,120000.00,120014.00,119800.00,119857.50,804.411
2025-07-22T23:00:00+00:00,119857.60,120235.00,119831.70,120228.30,1195.216
2025-07-22T23:15:00+00:00,120228.20,120264.80,120134.00,120145.00,1127.227
2025-07-22T23:30:00+00:00,120144.90,120145.00,119886.30,120021.10,1179.505
2025-07-22T23:45:00+00:00,120021.20,120111.00,119851.00,119993.70,771.804
2025-07-23T00:00:00+00:00,119993.70,120000.50,119792.70,119792.70,849.793
2025-07-23T00:15:00+00:00,119792.70,120146.50,119636.70,119681.30,1679.898
2025-07-23T00:30:00+00:00,119681.30,119999.00,119681.30,119857.40,1044.128
2025-07-23T00:45:00+00:00,119857.40,119905.00,119530.20,119587.60,752.989
2025-07-23T01:00:00+00:00,119587.50,119617.80,119424.60,119424.70,1291.983
2025-07-23T01:15:00+00:00,119424.60,119679.70,119424.60,119516.10,789.980
2025-07-23T01:30:00+00:00,119516.10,119684.60,119470.00,119592.00,461.411
2025-07-23T01:45:00+00:00,119592.00,119721.60,119493.40,119521.70,716.981
2025-07-23T02:00:00+00:00,119521.80,119566.90,119151.70,119151.70,3441.394
2025-07-23T02:15:00+00:00,119151.70,119408.00,119142.00,119339.70,733.421
2025-07-23T02:30:00+00:00,119339.70,119391.00,119019.00,119019.00,1160.374
2025-07-23T02:45:00+00:00,119019.10,119168.30,118981.20,119096.70,1283.309
2025-07-23T03:00:00+00:00,119096.60,119112.20,118922.00,118982.00,1232.260
2025-07-23T03:15:00+00:00,118982.00,119016.60,118832.00,118948.40,884.655
2025-07-23T03:30:00+00:00,118948.30,118970.90,118769.20,118769.30,847.574
2025-07-23T03:45:00+00:00,118769.20,118769.30,118522.00,118620.80,1490.058
2025-07-23T04:00:00+00:00,118620.70,118745.50,118570.00,118700.10,1122.762
2025-07-23T04:15:00+00:00,118700.10,118916.30,118625.00,118820.10,1295.442
2025-07-23T04:30:00+00:00,118820.10,118860.00,118755.00,118783.30,607.807
2025-07-23T04:45:00+00:00,118783.30,118976.80,118713.60,118976.70,694.990
2025-07-23T05:00:00+00:00,118976.80,118997.70,118755.00,118875.50,907.460
2025-07-23T05:15:00+00:00,118875.60,118917.00,118722.20,118743.00,486.507
2025-07-23T05:30:00+00:00,118743.10,118826.00,118643.40,118643.40,618.250
2025-07-23T05:45:00+00:00,118643.40,118740.80,118584.00,118618.60,764.474
2025-07-23T06:00:00+00:00,118618.70,118700.00,118519.70,118523.80,634.300
2025-07-23T06:15:00+00:00,118523.80,118580.50,118400.10,118576.50,1162.684
2025-07-23T06:30:00+00:00,118576.60,118679.50,118407.80,118407.90,1067.165
2025-07-23T06:45:00+00:00,118407.80,118470.40,118347.00,118400.10,1089.306
2025-07-23T07:00:00+00:00,118400.10,118524.00,118320.00,118464.40,1693.709
2025-07-23T07:15:00+00:00,118464.30,118580.40,118433.30,118514.40,760.828
2025-07-23T07:30:00+00:00,118514.50,118557.00,118380.00,118428.10,679.157
2025-07-23T07:45:00+00:00,118428.00,118462.50,118236.10,118327.00,1139.426
2025-07-23T08:00:00+00:00,118326.90,118532.90,118200.00,118525.20,1610.616
2025-07-23T08:15:00+00:00,118525.20,118530.00,118284.50,118336.30,828.329
2025-07-23T08:30:00+00:00,118336.40,118372.00,118207.60,118270.10,701.328
2025-07-23T08:45:00+00:00,118270.10,118423.90,118233.30,118390.00,506.628
2025-07-23T09:00:00+00:00,118389.90,118446.80,118153.80,118238.50,1245.178
2025-07-23T09:15:00+00:00,118238.50,118238.50,117943.20,117948.10,2180.019
2025-07-23T09:30:00+00:00,117948.10,118148.60,117867.50,118044.80,2131.464
2025-07-23T09:45:00+00:00,118044.80,118144.00,118002.00,118002.00,724.575
2025-07-23T10:00:00+00:00,118002.10,118096.40,117789.20,117805.70,2464.073
2025-07-23T10:15:00+00:00,117805.60,118254.60,117805.60,118229.10,1910.534
2025-07-23T10:30:00+00:00,118229.00,118291.10,118145.10,118240.90,1142.845
2025-07-23T10:45:00+00:00,118240.90,118360.20,118240.80,118331.10,862.836
2025-07-23T11:00:00+00:00,118331.00,118417.00,118119.60,118119.70,1023.558
2025-07-23T11:15:00+00:00,118119.60,118586.30,118119.60,118554.50,1732.434
2025-07-23T11:30:00+00:00,118554.50,118567.00,118470.30,118524.80,1000.897
2025-07-23T11:45:00+00:00,118524.80,118547.10,118442.30,118484.80,450.696
2025-07-23T12:00:00+00:00,118484.70,118615.30,118380.00,118614.70,889.350
2025-07-23T12:15:00+00:00,118614.60,118614.70,118401.20,118507.20,887.252
2025-07-23T12:30:00+00:00,118507.30,118562.50,118142.00,118211.30,1358.726
2025-07-23T12:45:00+00:00,118211.20,118329.50,117750.00,117932.60,4618.310
2025-07-23T13:00:00+00:00,117932.60,118162.60,117821.50,118077.00,2229.976
2025-07-23T13:15:00+00:00,118077.10,118091.80,117750.00,118030.00,2113.419
2025-07-23T13:30:00+00:00,118030.10,118030.10,117557.90,117562.50,4783.656
2025-07-23T13:45:00+00:00,117562.40,117688.90,117259.70,117336.70,6097.529
2025-07-23T14:00:00+00:00,117336.70,117893.00,117262.10,117650.20,3021.745
2025-07-23T14:15:00+00:00,117650.10,118050.00,117645.70,117954.00,2164.939
2025-07-23T14:30:00+00:00,117953.40,118000.10,117755.10,117867.80,1554.102
2025-07-23T14:45:00+00:00,117867.90,118173.90,117749.60,118170.00,1429.285
2025-07-23T15:00:00+00:00,118170.00,118226.00,117780.00,117780.00,1515.104
2025-07-23T15:15:00+00:00,117780.00,118065.00,117768.00,118030.40,1160.174
2025-07-23T15:30:00+00:00,118030.40,118230.70,117992.00,118230.50,930.532
2025-07-23T15:45:00+00:00,118230.60,118687.10,118075.00,118531.00,2842.899
2025-07-23T16:00:00+00:00,118530.90,118530.90,117791.20,117847.60,2506.397
2025-07-23T16:15:00+00:00,117847.70,118007.90,117590.90,117821.60,2181.048
2025-07-23T16:30:00+00:00,117821.60,117821.60,117500.00,117736.40,1584.148
2025-07-23T16:45:00+00:00,117736.40,117869.30,117534.00,117671.20,1104.249
2025-07-23T17:00:00+00:00,117671.30,117872.60,117420.80,117510.10,1572.497
2025-07-23T17:15:00+00:00,117510.00,117800.00,117250.00,117596.80,2581.963
2025-07-23T17:30:00+00:00,117596.80,117888.00,117380.00,117814.60,1741.518
2025-07-23T17:45:00+00:00,117814.50,118085.00,117622.40,118078.90,1634.363
2025-07-23T18:00:00+00:00,118078.90,118222.70,117934.80,118069.60,1849.303
2025-07-23T18:15:00+00:00,118069.60,118250.00,117964.00,118126.80,822.842
2025-07-23T18:30:00+00:00,118126.80,118291.20,118061.10,118138.30,840.762
2025-07-23T18:45:00+00:00,118138.30,118346.10,118138.30,118334.80,828.685
2025-07-23T19:00:00+00:00,118334.70,118398.00,118253.20,118304.70,944.549
2025-07-23T19:15:00+00:00,118304.80,118409.10,118162.80,118300.00,663.089
2025-07-23T19:30:00+00:00,118300.10,118325.30,118155.60,118220.00,846.657
2025-07-23T19:45:00+00:00,118220.00,118427.40,118219.90,118344.40,876.697
2025-07-23T20:00:00+00:00,118344.40,118445.10,118234.10,118424.30,986.706
2025-07-23T20:15:00+00:00,118424.30,118424.40,117930.40,117982.30,1607.983
2025-07-23T20:30:00+00:00,117982.30,118035.50,117507.40,117844.80,2745.003
2025-07-23T20:45:00+00:00,117844.70,118017.60,117736.80,117858.20,1425.593
2025-07-23T21:00:00+00:00,117858.30,118074.30,117844.00,118000.10,840.671
2025-07-23T21:15:00+00:00,118000.10,118021.70,117340.00,117514.30,2104.223
2025-07-23T21:30:00+00:00,117514.30,117910.20,117319.00,117793.10,1646.698
2025-07-23T21:45:00+00:00,117793.10,118144.00,117793.10,118144.00,940.545
2025-07-23T22:00:00+00:00,118143.90,118276.20,117893.30,118246.50,1003.562
2025-07-23T22:15:00+00:00,118246.50,118600.00,118168.70,118566.10,3014.226
2025-07-23T22:30:00+00:00,118566.10,118599.40,118476.20,118548.10,990.065
2025-07-23T22:45:00+00:00,118548.20,118588.90,118450.00,118537.90,658.800
2025-07-23T23:00:00+00:00,118537.80,118676.20,118526.00,118654.30,1048.556
2025-07-23T23:15:00+00:00,118654.40,118662.00,118463.80,118591.50,1085.320
2025-07-23T23:30:00+00:00,118591.60,118600.00,118373.20,118522.60,813.452
2025-07-23T23:45:00+00:00,118522.60,118725.30,118432.60,118713.50,1999.244
2025-07-24T00:00:00+00:00,118713.40,118760.00,118529.50,118702.50,1562.791
2025-07-24T00:15:00+00:00,118702.60,119067.00,118622.40,118991.50,2887.489
2025-07-24T00:30:00+00:00,118991.60,119102.40,118857.10,119014.20,1399.450
2025-07-24T00:45:00+00:00,119014.20,119071.50,118871.50,119024.00,623.502
2025-07-24T01:00:00+00:00,119024.00,119030.50,118802.30,118827.60,683.282
2025-07-24T01:15:00+00:00,118827.70,119000.20,118827.60,118931.70,947.844
2025-07-24T01:30:00+00:00,118931.70,119013.80,118753.10,118960.10,704.352
2025-07-24T01:45:00+00:00,118960.20,119076.40,118925.30,119060.30,424.884
2025-07-24T02:00:00+00:00,119060.20,119060.30,118856.00,118909.30,682.551
2025-07-24T02:15:00+00:00,118909.30,118909.30,118763.70,118824.60,691.907
2025-07-24T02:30:00+00:00,118824.60,119026.60,118824.60,119001.60,613.359
2025-07-24T02:45:00+00:00,119001.60,119046.50,118876.00,118930.20,450.093
2025-07-24T03:00:00+00:00,118930.20,118996.70,118867.00,118975.90,628.453
2025-07-24T03:15:00+00:00,118975.90,119240.00,118975.80,119237.30,1572.412
2025-07-24T03:30:00+00:00,119237.20,119265.40,118879.90,118880.00,2887.960
2025-07-24T03:45:00+00:00,118879.90,118889.10,118425.30,118451.50,2634.852
2025-07-24T04:00:00+00:00,118451.60,118542.50,118129.90,118537.70,2497.200
2025-07-24T04:15:00+00:00,118537.60,118537.70,118193.60,118251.00,697.141
2025-07-24T04:30:00+00:00,118250.90,118294.80,117807.70,117845.40,2187.048
2025-07-24T04:45:00+00:00,117845.50,118000.00,117792.80,117905.60,1613.621
2025-07-24T05:00:00+00:00,117905.70,117934.10,117571.60,117571.60,1870.706
2025-07-24T05:15:00+00:00,117571.60,117768.70,117455.00,117552.90,2459.254
2025-07-24T05:30:00+00:00,117552.90,117853.30,117506.00,117850.00,1628.593
2025-07-24T05:45:00+00:00,117849.90,117853.30,117448.90,117556.70,2126.403
2025-07-24T06:00:00+00:00,117556.60,117786.40,117531.70,117699.80,1629.983
2025-07-24T06:15:00+00:00,117699.80,117815.40,117437.10,117761.10,1575.150
2025-07-24T06:30:00+00:00,117761.20,117820.70,117400.00,117400.00,1757.000
2025-07-24T06:45:00+00:00,117400.00,117562.00,117336.60,117418.30,3161.972
2025-07-24T07:00:00+00:00,117418.30,117969.00,117050.20,117968.90,4992.720
2025-07-24T07:15:00+00:00,117968.90,118122.00,117837.90,118081.30,1977.613
2025-07-24T07:30:00+00:00,118081.30,118228.60,117880.80,118228.10,1234.599
2025-07-24T07:45:00+00:00,118228.00,118450.00,118058.40,118368.00,1838.020
2025-07-24T08:00:00+00:00,118368.10,118780.00,118179.20,118689.10,3008.774
2025-07-24T08:15:00+00:00,118689.00,118689.10,118464.80,118586.00,1599.008
2025-07-24T08:30:00+00:00,118586.00,118745.90,118519.90,118600.00,1049.336
2025-07-24T08:45:00+00:00,118600.00,118769.20,118599.90,118748.30,898.448
2025-07-24T09:00:00+00:00,118748.40,118789.30,118582.00,118625.90,812.963
2025-07-24T09:15:00+00:00,118625.80,118685.50,118439.30,118578.00,1164.056
2025-07-24T09:30:00+00:00,118578.00,118640.30,118367.70,118538.00,1640.932
2025-07-24T09:45:00+00:00,118539.70,118539.80,118205.90,118460.20,1356.295
2025-07-24T10:00:00+00:00,118460.20,118614.70,118265.20,118312.40,1232.863
2025-07-24T10:15:00+00:00,118312.40,118355.70,118088.90,118089.00,1226.113
2025-07-24T10:30:00+00:00,118089.00,118113.20,117923.00,118093.10,1335.820
2025-07-24T10:45:00+00:00,118093.20,118376.10,118048.20,118350.00,1530.341
2025-07-24T11:00:00+00:00,118349.90,118700.00,118267.70,118641.20,2044.492
2025-07-24T11:15:00+00:00,118641.10,118714.20,118560.60,118579.50,1422.383
2025-07-24T11:30:00+00:00,118579.60,118616.30,118538.40,118600.00,490.684
2025-07-24T11:45:00+00:00,118600.00,118700.00,118558.00,118558.00,1006.634
2025-07-24T12:00:00+00:00,118558.00,118700.00,118467.90,118546.30,919.655
2025-07-24T12:15:00+00:00,118546.20,118553.30,118271.20,118533.30,1476.581
2025-07-24T12:30:00+00:00,118533.30,118561.70,118283.60,118300.70,995.293
2025-07-24T12:45:00+00:00,118300.70,118534.10,118236.00,118479.50,854.137
2025-07-24T13:00:00+00:00,118479.40,118642.50,118414.90,118577.30,734.483
2025-07-24T13:15:00+00:00,118577.30,118675.20,118577.30,118631.70,669.413
2025-07-24T13:30:00+00:00,118631.70,118666.00,118368.40,118554.30,1321.002
2025-07-24T13:45:00+00:00,118554.30,118671.30,118156.00,118171.20,1402.072
2025-07-24T14:00:00+00:00,118171.20,118447.20,117773.10,117934.10,3861.641
2025-07-24T14:15:00+00:00,117934.00,118214.80,117840.70,118095.90,2103.661
2025-07-24T14:30:00+00:00,118095.80,118662.90,118087.30,118570.30,2877.008
2025-07-24T14:45:00+00:00,118570.30,119124.90,118566.90,119021.50,3753.134
2025-07-24T15:00:00+00:00,119021.50,119469.90,119000.00,119239.80,5127.581
2025-07-24T15:15:00+00:00,119239.80,119239.90,118850.00,118971.30,3070.258
2025-07-24T15:30:00+00:00,118971.20,119000.00,118572.70,118817.80,3665.408
2025-07-24T15:45:00+00:00,118817.90,119085.70,118804.40,119074.10,1237.808
2025-07-24T16:00:00+00:00,119074.10,119187.30,118781.00,118854.70,1785.913
2025-07-24T16:15:00+00:00,118854.70,118945.00,118617.70,118640.80,1603.884
2025-07-24T16:30:00+00:00,118640.90,118789.20,118315.60,118350.10,2489.090
2025-07-24T16:45:00+00:00,118350.00,118600.10,118306.00,118498.00,1100.473
2025-07-24T17:00:00+00:00,118498.00,118939.30,118446.30,118843.80,1223.337
2025-07-24T17:15:00+00:00,118843.70,119123.40,118748.60,118969.40,1261.896
2025-07-24T17:30:00+00:00,118969.40,119194.90,118969.40,119161.00,812.721
2025-07-24T17:45:00+00:00,119161.00,119286.00,119059.30,119093.20,1285.389
2025-07-24T18:00:00+00:00,119093.10,119376.90,118964.10,119270.60,1786.569
2025-07-24T18:15:00+00:00,119270.60,119310.90,119130.00,119266.00,635.553
2025-07-24T18:30:00+00:00,119266.00,119300.00,118923.20,118980.00,977.169
2025-07-24T18:45:00+00:00,118980.00,119071.70,118923.10,119004.00,539.831
2025-07-24T19:00:00+00:00,119004.00,119314.70,118995.50,119294.00,1323.385
2025-07-24T19:15:00+00:00,119294.00,119302.70,119002.40,119120.40,750.316
2025-07-24T19:30:00+00:00,119120.40,119134.00,118894.00,118946.00,792.556
2025-07-24T19:45:00+00:00,118946.10,119096.40,118850.10,118902.00,864.435
2025-07-24T20:00:00+00:00,118902.00,118953.90,118763.30,118823.90,958.285
2025-07-24T20:15:00+00:00,118823.90,118884.50,118744.40,118859.90,394.069
2025-07-24T20:30:00+00:00,118859.80,118869.10,118707.50,118746.40,500.243
2025-07-24T20:45:00+00:00,118746.40,118814.30,118672.00,118677.90,407.365
2025-07-24T21:00:00+00:00,118678.00,118749.80,118547.20,118547.30,543.057
2025-07-24T21:15:00+00:00,118547.20,118625.40,118500.00,118500.20,543.467
2025-07-24T21:30:00+00:00,118500.10,118589.30,118436.10,118567.60,520.587
2025-07-24T21:45:00+00:00,118567.60,118590.60,118485.40,118485.40,199.137
2025-07-24T22:00:00+00:00,118485.40,118588.30,118391.70,118391.80,744.224
2025-07-24T22:15:00+00:00,118391.70,118538.40,118323.10,118420.40,697.791
2025-07-24T22:30:00+00:00,118420.40,118420.40,118324.80,118368.90,415.614
2025-07-24T22:45:00+00:00,118368.80,118368.90,118124.80,118225.20,895.882
2025-07-24T23:00:00+00:00,118225.30,118412.60,118126.80,118291.80,820.671
2025-07-24T23:15:00+00:00,118291.80,118400.00,118140.00,118180.40,720.915
2025-07-24T23:30:00+00:00,118180.40,118356.00,118112.00,118260.90,673.224
2025-07-24T23:45:00+00:00,118260.80,118332.50,118173.40,118294.30,580.084
2025-07-25T00:00:00+00:00,118294.40,118410.80,117972.00,118110.10,1692.350
2025-07-25T00:15:00+00:00,118110.20,118138.50,117885.40,117902.30,2124.396
2025-07-25T00:30:00+00:00,117902.40,117950.70,117600.00,117739.80,3518.381
2025-07-25T00:45:00+00:00,117739.80,117785.40,117607.20,117620.00,1228.621
2025-07-25T01:00:00+00:00,117620.10,117780.10,117518.00,117518.10,2035.748
2025-07-25T01:15:00+00:00,117518.00,117526.80,117275.80,117405.50,4213.142
2025-07-25T01:30:00+00:00,117405.60,117713.40,117308.80,117422.00,2291.429
2025-07-25T01:45:00+00:00,117422.00,117472.40,117189.90,117334.70,3922.062
2025-07-25T02:00:00+00:00,117334.60,117359.40,117080.00,117175.50,3727.540
2025-07-25T02:15:00+00:00,117175.40,117234.70,117075.40,117091.70,1903.210
2025-07-25T02:30:00+00:00,117091.60,117125.50,116550.00,116590.00,6669.404
2025-07-25T02:45:00+00:00,116590.10,116748.70,116300.00,116300.00,7532.071
2025-07-25T03:00:00+00:00,116300.00,116393.00,115796.00,116185.20,9239.833
2025-07-25T03:15:00+00:00,116185.10,116249.90,115780.90,115982.80,4290.860
2025-07-25T03:30:00+00:00,115982.80,115982.90,115304.40,115367.40,8374.837
2025-07-25T03:45:00+00:00,115367.40,115665.00,115300.00,115384.60,4694.216
2025-07-25T04:00:00+00:00,115384.70,115545.50,115123.50,115190.40,4952.574
2025-07-25T04:15:00+00:00,115190.40,115368.60,115080.00,115305.20,2870.790
2025-07-25T04:30:00+00:00,115305.10,115916.50,115296.40,115659.20,6206.741
2025-07-25T04:45:00+00:00,115659.20,116100.00,115659.20,116043.60,4346.555
2025-07-25T05:00:00+00:00,116043.50,116045.10,115222.20,115300.10,5078.972
2025-07-25T05:15:00+00:00,115300.10,115755.00,115266.00,115556.90,2493.013
2025-07-25T05:30:00+00:00,115556.90,115628.90,115432.90,115585.60,1872.689
2025-07-25T05:45:00+00:00,115585.60,115600.00,115366.10,115481.20,1438.480
2025-07-25T06:00:00+00:00,115481.20,115481.80,115224.80,115358.40,1462.891
2025-07-25T06:15:00+00:00,115358.30,115433.30,115200.00,115267.40,1320.557
2025-07-25T06:30:00+00:00,115267.50,115448.70,115160.00,115362.50,1916.907
2025-07-25T06:45:00+00:00,115362.40,115418.90,115243.00,115255.30,1341.601
2025-07-25T07:00:00+00:00,115255.30,115550.00,115000.00,115479.90,5966.413
2025-07-25T07:15:00+00:00,115479.90,115927.80,115400.00,115515.60,4197.355
2025-07-25T07:30:00+00:00,115515.50,115568.00,115120.20,115140.10,2680.050
2025-07-25T07:45:00+00:00,115140.10,115382.30,114667.30,115288.80,10389.065
2025-07-25T08:00:00+00:00,115288.90,115647.70,115233.00,115641.00,5333.037
2025-07-25T08:15:00+00:00,115641.00,115956.80,115479.20,115702.10,3257.289
2025-07-25T08:30:00+00:00,115702.20,115731.40,115120.00,115120.70,4266.284
2025-07-25T08:45:00+00:00,115120.60,115564.90,115005.00,115194.60,5828.330
2025-07-25T09:00:00+00:00,115194.60,115336.00,115000.00,115326.60,3213.071
2025-07-25T09:15:00+00:00,115326.50,115801.80,115153.80,115787.90,3065.041
2025-07-25T09:30:00+00:00,115787.90,115882.70,115555.50,115555.50,2231.623
2025-07-25T09:45:00+00:00,115555.50,116051.00,115458.60,116025.30,2173.217
2025-07-25T10:00:00+00:00,116025.30,116320.50,115958.90,116200.00,3645.748
2025-07-25T10:15:00+00:00,116200.00,116266.00,116037.20,116088.20,1475.883
2025-07-25T10:30:00+00:00,116088.20,116388.00,116088.20,116379.90,1293.369
2025-07-25T10:45:00+00:00,116379.90,116485.00,116217.80,116277.50,1605.353
2025-07-25T11:00:00+00:00,116277.60,116600.00,116277.60,116446.40,1785.883
2025-07-25T11:15:00+00:00,116446.40,116754.00,116446.30,116666.10,1744.306
2025-07-25T11:30:00+00:00,116666.10,116759.60,116444.40,116500.00,1974.206
2025-07-25T11:45:00+00:00,116500.00,116615.30,116444.10,116504.60,1812.198
2025-07-25T12:00:00+00:00,116504.60,116629.00,116257.30,116486.40,1901.017
2025-07-25T12:15:00+00:00,116486.40,116573.90,116182.80,116227.40,1662.477
2025-07-25T12:30:00+00:00,116227.40,116402.30,115918.40,116386.80,5334.062
2025-07-25T12:45:00+00:00,116386.70,116439.70,115965.30,116079.60,1625.324
2025-07-25T13:00:00+00:00,116079.70,116112.00,115888.90,116050.10,1721.550
2025-07-25T13:15:00+00:00,116050.10,116065.20,115949.00,116060.10,2615.788
2025-07-25T13:30:00+00:00,116060.10,116578.20,115526.20,115628.40,6159.758
2025-07-25T13:45:00+00:00,115628.50,116212.70,115628.40,116195.50,2967.085
2025-07-25T14:00:00+00:00,116195.50,116267.90,115550.00,115569.50,2480.842
2025-07-25T14:15:00+00:00,115569.60,115720.00,115300.00,115565.00,3442.494
2025-07-25T14:30:00+00:00,115565.10,115646.10,115067.30,115070.00,3947.522
2025-07-25T14:45:00+00:00,115069.90,115300.00,114846.10,114934.40,4581.484
2025-07-25T15:00:00+00:00,114934.50,115419.00,114874.00,115324.30,3130.694
2025-07-25T15:15:00+00:00,115324.20,115650.00,115200.00,115495.00,2294.001
2025-07-25T15:30:00+00:00,115495.00,115600.00,115209.50,115305.40,1959.065
2025-07-25T15:45:00+00:00,115305.50,115824.50,115300.10,115687.40,1961.874
2025-07-25T16:00:00+00:00,115687.40,115899.90,115620.00,115827.00,1643.872
2025-07-25T16:15:00+00:00,115827.00,115893.70,115413.10,115754.00,1654.544
2025-07-25T16:30:00+00:00,115754.10,115916.00,115524.20,115877.20,1645.477
2025-07-25T16:45:00+00:00,115877.20,116160.70,115840.90,116143.40,1649.714
2025-07-25T17:00:00+00:00,116143.50,116317.70,116101.70,116240.40,1447.162
2025-07-25T17:15:00+00:00,116240.20,116265.10,115896.70,116076.90,1535.155
2025-07-25T17:30:00+00:00,116076.90,116199.00,115831.40,116188.80,1354.318
2025-07-25T17:45:00+00:00,116188.80,116191.80,116002.00,116002.00,787.065
2025-07-25T18:00:00+00:00,116002.00,116399.90,116002.00,116365.50,1206.427
2025-07-25T18:15:00+00:00,116365.50,116489.00,116258.30,116368.00,1308.693
2025-07-25T18:30:00+00:00,116368.10,116469.80,116292.50,116460.50,589.610
2025-07-25T18:45:00+00:00,116460.50,116540.00,116385.40,116456.00,742.640
2025-07-25T19:00:00+00:00,116455.90,116628.10,116372.20,116628.10,1054.799
2025-07-25T19:15:00+00:00,116628.10,116737.10,116530.00,116582.80,1455.942
2025-07-25T19:30:00+00:00,116582.80,116989.90,116582.80,116953.20,2048.402
2025-07-25T19:45:00+00:00,116953.20,116976.60,116582.30,116649.60,1937.607
2025-07-25T20:00:00+00:00,116649.60,116802.80,116530.00,116570.60,1088.459
2025-07-25T20:15:00+00:00,116570.70,116735.50,116570.60,116697.60,661.763
2025-07-25T20:30:00+00:00,116697.60,117230.70,116692.60,117218.50,4219.498
2025-07-25T20:45:00+00:00,117218.50,117300.00,116950.00,117011.20,2647.740
2025-07-25T21:00:00+00:00,117011.20,117289.20,117006.40,117263.90,1439.620
2025-07-25T21:15:00+00:00,117263.80,117359.30,117166.40,117231.20,1773.540
2025-07-25T21:30:00+00:00,117231.20,117236.60,116914.00,117022.10,1327.605
2025-07-25T21:45:00+00:00,117022.20,117219.20,117022.10,117183.30,807.918
2025-07-25T22:00:00+00:00,117183.30,117233.00,117132.40,117153.30,522.411
2025-07-25T22:15:00+00:00,117153.20,117221.90,117083.00,117220.00,621.645
2025-07-25T22:30:00+00:00,117220.00,117333.00,117186.40,117309.70,606.976
2025-07-25T22:45:00+00:00,117309.70,117309.70,117176.80,117250.00,567.342
2025-07-25T23:00:00+00:00,117250.00,117305.70,117150.90,117187.50,598.331
2025-07-25T23:15:00+00:00,117187.50,117340.70,117187.40,117276.50,565.633
2025-07-25T23:30:00+00:00,117276.40,117585.00,117276.40,117500.00,1611.266
2025-07-25T23:45:00+00:00,117500.00,117615.30,117500.00,117583.50,782.952
2025-07-26T00:00:00+00:00,117583.40,117583.50,117300.00,117385.20,1769.978
2025-07-26T00:15:00+00:00,117385.10,117525.00,117359.30,117525.00,611.284
2025-07-26T00:30:00+00:00,117525.00,117585.10,117429.50,117438.80,653.055
2025-07-26T00:45:00+00:00,117438.80,117473.20,117308.90,117473.20,560.777
2025-07-26T01:00:00+00:00,117473.20,117528.00,117419.40,117528.00,439.591
2025-07-26T01:15:00+00:00,117528.00,117538.30,117351.00,117372.70,468.581
2025-07-26T01:30:00+00:00,117372.80,117415.40,117225.00,117225.10,871.927
2025-07-26T01:45:00+00:00,117225.20,117319.00,117114.20,117143.80,1167.596
2025-07-26T02:00:00+00:00,117143.80,117289.50,117143.80,117289.40,595.796
2025-07-26T02:15:00+00:00,117289.30,117568.30,117289.30,117568.30,1020.515
2025-07-26T02:30:00+00:00,117568.20,117740.60,117441.80,117443.40,1375.123
2025-07-26T02:45:00+00:00,117443.30,117582.60,117443.30,117443.80,399.646
2025-07-26T03:00:00+00:00,117443.70,117580.00,117443.00,117549.90,376.496
2025-07-26T03:15:00+00:00,117549.90,117567.20,117421.90,117422.00,550.073
2025-07-26T03:30:00+00:00,117422.00,117542.70,117422.00,117472.40,324.125
2025-07-26T03:45:00+00:00,117472.50,117550.00,117455.70,117455.80,362.912
2025-07-26T04:00:00+00:00,117455.80,117515.30,117384.80,117515.20,439.118
2025-07-26T04:15:00+00:00,117515.20,117515.20,117421.40,117449.90,330.594
2025-07-26T04:30:00+00:00,117450.00,117491.70,117433.80,117450.10,230.695
2025-07-26T04:45:00+00:00,117450.20,117469.10,117368.90,117469.00,461.657
2025-07-26T05:00:00+00:00,117469.00,117473.50,117390.70,117395.00,304.156
2025-07-26T05:15:00+00:00,117395.00,117515.90,117393.90,117515.90,259.042
2025-07-26T05:30:00+00:00,117515.90,117515.90,117451.00,117451.10,267.122
2025-07-26T05:45:00+00:00,117451.00,117451.10,117402.10,117415.10,239.392
2025-07-26T06:00:00+00:00,117415.10,117430.40,117325.60,117325.60,467.908
2025-07-26T06:15:00+00:00,117325.60,117334.80,117288.90,117321.30,519.797
2025-07-26T06:30:00+00:00,117321.20,117406.60,117316.50,117377.90,809.358
2025-07-26T06:45:00+00:00,117377.80,117377.90,117308.90,117309.00,245.091
2025-07-26T07:00:00+00:00,117309.00,117323.60,117288.90,117310.90,363.049
2025-07-26T07:15:00+00:00,117310.80,117357.00,117310.80,117324.50,215.935
2025-07-26T07:30:00+00:00,117324.60,117341.20,117288.90,117333.30,397.545
2025-07-26T07:45:00+00:00,117333.40,117347.10,117288.00,117288.10,419.561
2025-07-26T08:00:00+00:00,117288.00,117316.20,117288.00,117315.10,242.096
2025-07-26T08:15:00+00:00,117315.10,117471.10,117315.00,117471.10,595.903
2025-07-26T08:30:00+00:00,117471.10,117490.50,117425.00,117460.20,357.056
2025-07-26T08:45:00+00:00,117460.30,117600.30,117460.00,117530.10,1003.350
2025-07-26T09:00:00+00:00,117530.10,117594.20,117477.30,117524.20,446.117
2025-07-26T09:15:00+00:00,117524.30,117540.50,117435.20,117435.20,397.345
2025-07-26T09:30:00+00:00,117435.20,117492.50,117418.90,117492.30,291.933
2025-07-26T09:45:00+00:00,117492.30,117547.50,117492.30,117547.40,225.561
2025-07-26T10:00:00+00:00,117547.40,117611.40,117503.80,117603.10,460.604
2025-07-26T10:15:00+00:00,117603.10,117759.70,117597.00,117744.20,988.121
2025-07-26T10:30:00+00:00,117744.20,118229.70,117739.70,118178.30,6864.467
2025-07-26T10:45:00+00:00,118178.20,118190.00,117923.40,117954.30,1677.396
2025-07-26T11:00:00+00:00,117954.40,118043.90,117932.50,118020.80,864.095
2025-07-26T11:15:00+00:00,118020.70,118059.50,117855.50,117922.30,791.448
2025-07-26T11:30:00+00:00,117922.30,117989.20,117790.20,117799.90,875.039
2025-07-26T11:45:00+00:00,117799.90,117847.10,117758.00,117758.00,473.543
2025-07-26T12:00:00+00:00,117758.10,117812.00,117755.00,117796.40,668.386
2025-07-26T12:15:00+00:00,117796.40,117980.00,117796.40,117928.70,680.957
2025-07-26T12:30:00+00:00,117928.70,117950.00,117867.40,117919.30,339.516
2025-07-26T12:45:00+00:00,117919.30,117936.70,117884.90,117885.00,194.783
2025-07-26T13:00:00+00:00,117885.00,118133.90,117820.60,118100.00,1106.336
2025-07-26T13:15:00+00:00,118100.00,118200.00,118038.30,118057.30,1074.435
2025-07-26T13:30:00+00:00,118057.30,118211.80,118057.20,118194.90,504.887
2025-07-26T13:45:00+00:00,118194.80,118194.90,118088.00,118099.40,419.924
2025-07-26T14:00:00+00:00,118099.40,118200.00,118071.50,118113.00,754.670
2025-07-26T14:15:00+00:00,118112.90,118164.00,117973.00,117987.30,493.462
2025-07-26T14:30:00+00:00,117987.40,118112.10,117923.00,118081.40,860.970
2025-07-26T14:45:00+00:00,118081.50,118136.30,118027.60,118030.20,483.854
2025-07-26T15:00:00+00:00,118030.10,118111.80,117896.00,117910.00,603.950
2025-07-26T15:15:00+00:00,117910.00,117931.70,117801.00,117863.30,1031.887
2025-07-26T15:30:00+00:00,117863.40,117930.20,117842.10,117900.60,364.583
2025-07-26T15:45:00+00:00,117900.60,118148.90,117900.50,118111.10,752.032
2025-07-26T16:00:00+00:00,118111.10,118178.60,117982.30,118052.70,733.614
2025-07-26T16:15:00+00:00,118052.70,118162.60,118052.60,118151.20,418.032
2025-07-26T16:30:00+00:00,118151.20,118200.00,118039.10,118049.50,552.172
2025-07-26T16:45:00+00:00,118049.50,118079.20,118000.00,118055.00,289.103
2025-07-26T17:00:00+00:00,118055.10,118078.80,117992.30,118012.70,284.389
2025-07-26T17:15:00+00:00,118012.80,118066.90,118012.70,118036.70,184.250
2025-07-26T17:30:00+00:00,118036.70,118047.80,117960.80,117960.80,274.219
2025-07-26T17:45:00+00:00,117960.80,118022.10,117960.80,118009.40,178.041
2025-07-26T18:00:00+00:00,118009.40,118052.40,118009.30,118035.60,262.411
2025-07-26T18:15:00+00:00,118035.60,118040.00,117917.70,118029.50,354.873
2025-07-26T18:30:00+00:00,118029.50,118050.00,117982.60,118013.00,680.736
2025-07-26T18:45:00+00:00,118012.90,118086.20,118012.90,118063.90,244.840
2025-07-26T19:00:00+00:00,118063.80,118082.90,118022.80,118053.50,224.942
2025-07-26T19:15:00+00:00,118053.50,118078.30,118029.30,118074.90,158.824
2025-07-26T19:30:00+00:00,118074.90,118150.50,118057.60,118150.40,260.765
2025-07-26T19:45:00+00:00,118150.40,118300.00,118150.40,118209.00,939.220
2025-07-26T20:00:00+00:00,118209.10,118209.10,118085.60,118085.70,309.804
2025-07-26T20:15:00+00:00,118085.60,118085.70,117898.50,117916.50,988.141
2025-07-26T20:30:00+00:00,117916.50,117967.80,117846.10,117961.70,469.677
2025-07-26T20:45:00+00:00,117961.70,118013.10,117872.10,117919.20,498.105
2025-07-26T21:00:00+00:00,117919.20,117969.20,117852.00,117857.70,286.960
2025-07-26T21:15:00+00:00,117857.80,117930.90,117857.70,117912.50,213.694
2025-07-26T21:30:00+00:00,117912.50,117971.70,117861.00,117929.80,264.264
2025-07-26T21:45:00+00:00,117929.90,118052.30,117929.80,118013.20,237.326
2025-07-26T22:00:00+00:00,118013.20,118119.20,117972.30,118064.10,456.908
2025-07-26T22:15:00+00:00,118064.10,118289.30,118035.00,118040.00,835.373
2025-07-26T22:30:00+00:00,118040.00,118093.80,117950.00,118062.40,500.732
2025-07-26T22:45:00+00:00,118062.40,118083.20,117974.80,117974.90,263.046
2025-07-26T23:00:00+00:00,117974.90,118018.30,117939.20,117957.60,225.005
2025-07-26T23:15:00+00:00,117957.60,118004.10,117875.00,117894.80,541.984
2025-07-26T23:30:00+00:00,117894.90,117932.60,117858.00,117879.00,374.369
2025-07-26T23:45:00+00:00,117878.90,117889.30,117854.00,117889.20,306.584
2025-07-27T00:00:00+00:00,117889.30,117926.00,117800.80,117869.90,716.873
2025-07-27T00:15:00+00:00,117869.90,117944.00,117820.40,117822.50,256.336
2025-07-27T00:30:00+00:00,117822.40,117888.10,117801.70,117840.30,258.286
2025-07-27T00:45:00+00:00,117840.40,117931.70,117808.10,117927.20,260.640
2025-07-27T01:00:00+00:00,117927.20,118123.90,117888.00,118065.70,389.512
2025-07-27T01:15:00+00:00,118065.80,118135.90,118065.70,118117.90,316.176
2025-07-27T01:30:00+00:00,118117.90,118180.50,118107.60,118113.10,278.602
2025-07-27T01:45:00+00:00,118113.00,118113.10,118029.30,118063.60,240.561
2025-07-27T02:00:00+00:00,118063.70,118173.40,117980.30,118158.60,294.295
2025-07-27T02:15:00+00:00,118158.60,118246.10,118112.00,118124.40,450.325
2025-07-27T02:30:00+00:00,118124.30,118200.00,118124.30,118171.40,182.713
2025-07-27T02:45:00+00:00,118171.30,118356.00,118083.50,118302.80,1002.700
2025-07-27T03:00:00+00:00,118302.80,118311.90,118060.10,118090.80,955.618
2025-07-27T03:15:00+00:00,118090.80,118176.10,118070.80,118176.10,269.807
2025-07-27T03:30:00+00:00,118176.10,118250.00,118176.00,118215.70,203.296
2025-07-27T03:45:00+00:00,118215.70,118215.70,118156.00,118162.00,186.196
2025-07-27T04:00:00+00:00,118161.90,118238.80,118114.00,118161.70,232.311
2025-07-27T04:15:00+00:00,118161.80,118250.00,118161.70,118239.20,245.518
2025-07-27T04:30:00+00:00,118239.10,118240.40,118186.60,118198.70,299.273
2025-07-27T04:45:00+00:00,118198.80,118205.30,118144.60,118199.90,210.566
2025-07-27T05:00:00+00:00,118199.90,118221.20,118139.00,118173.60,218.038
2025-07-27T05:15:00+00:00,118173.60,118275.00,118139.10,118243.60,512.849
2025-07-27T05:30:00+00:00,118243.50,118286.30,118210.20,118253.10,372.729
2025-07-27T05:45:00+00:00,118253.20,118258.30,118176.20,118258.20,274.316
2025-07-27T06:00:00+00:00,118258.30,118294.10,118176.30,118255.10,321.591
2025-07-27T06:15:00+00:00,118255.10,118291.80,118246.40,118251.70,190.722
2025-07-27T06:30:00+00:00,118251.60,118340.00,118251.60,118323.60,367.622
2025-07-27T06:45:00+00:00,118323.60,118432.10,118212.30,118240.10,865.094
2025-07-27T07:00:00+00:00,118240.10,118240.10,118077.40,118086.00,677.066
2025-07-27T07:15:00+00:00,118086.10,118172.30,118086.10,118107.80,251.262
2025-07-27T07:30:00+00:00,118107.80,118162.40,118090.00,118148.60,428.340
2025-07-27T07:45:00+00:00,118148.50,118148.60,118041.60,118083.60,502.637
2025-07-27T08:00:00+00:00,118083.50,118116.60,117984.90,118074.60,949.205
2025-07-27T08:15:00+00:00,118074.60,118074.60,117944.70,117988.60,599.044
2025-07-27T08:30:00+00:00,117988.60,118025.00,117928.50,118025.00,531.221
2025-07-27T08:45:00+00:00,118025.00,118038.70,117923.00,117923.00,305.407
2025-07-27T09:00:00+00:00,117923.00,117978.60,117841.00,117925.70,696.429
2025-07-27T09:15:00+00:00,117925.70,117925.70,117846.10,117864.00,453.963
2025-07-27T09:30:00+00:00,117864.10,117925.70,117822.20,117862.70,470.100
2025-07-27T09:45:00+00:00,117862.70,117913.70,117825.60,117913.70,316.000
2025-07-27T10:00:00+00:00,117913.60,118079.00,117913.60,118076.70,545.586
2025-07-27T10:15:00+00:00,118076.70,118186.00,118076.70,118121.20,554.269
2025-07-27T10:30:00+00:00,118121.10,118238.70,118090.40,118179.30,721.464
2025-07-27T10:45:00+00:00,118179.20,118273.80,118146.80,118155.90,819.547
2025-07-27T11:00:00+00:00,118155.90,118243.60,118155.80,118219.70,463.136
2025-07-27T11:15:00+00:00,118219.60,118219.70,118141.10,118168.00,494.258
2025-07-27T11:30:00+00:00,118168.00,118215.90,118078.20,118120.10,367.902
2025-07-27T11:45:00+00:00,118120.10,118120.20,118022.00,118053.40,327.163
2025-07-27T12:00:00+00:00,118053.30,118093.90,118020.00,118063.00,287.324
2025-07-27T12:15:00+00:00,118063.10,118067.70,117929.50,117954.80,451.051
2025-07-27T12:30:00+00:00,117954.80,117992.50,117850.00,117866.80,1063.730
2025-07-27T12:45:00+00:00,117866.80,118088.00,117866.70,118065.60,556.594
2025-07-27T13:00:00+00:00,118065.30,118173.90,118051.20,118158.60,587.309
2025-07-27T13:15:00+00:00,118158.50,118197.00,118088.60,118159.30,388.775
2025-07-27T13:30:00+00:00,118159.30,118169.20,118052.80,118105.00,316.412
2025-07-27T13:45:00+00:00,118105.00,118194.30,118099.60,118182.30,404.475
2025-07-27T14:00:00+00:00,118182.30,118319.20,118116.40,118283.90,893.428
2025-07-27T14:15:00+00:00,118284.00,118430.00,118283.90,118402.50,1687.032
2025-07-27T14:30:00+00:00,118402.40,118452.00,118237.50,118279.60,1245.281
2025-07-27T14:45:00+00:00,118279.60,118488.00,118146.70,118414.80,1676.693
2025-07-27T15:00:00+00:00,118414.80,118566.70,118220.30,118347.50,1750.496
2025-07-27T15:15:00+00:00,118347.20,118557.30,118290.00,118454.90,1222.707
2025-07-27T15:30:00+00:00,118454.80,118454.90,118244.60,118440.50,650.290
2025-07-27T15:45:00+00:00,118440.50,118583.20,118380.10,118580.80,901.451
2025-07-27T16:00:00+00:00,118580.90,119163.00,118580.80,119156.50,5794.346
2025-07-27T16:15:00+00:00,119156.50,119391.50,119080.30,119365.90,4390.985
2025-07-27T16:30:00+00:00,119365.90,119550.00,119288.00,119313.90,5289.692
2025-07-27T16:45:00+00:00,119313.90,119438.40,118942.00,119081.30,2796.468
2025-07-27T17:00:00+00:00,119081.40,119201.10,118955.10,119037.90,1353.277
2025-07-27T17:15:00+00:00,119037.90,119213.00,118840.00,119190.00,1425.680
2025-07-27T17:30:00+00:00,119190.10,119327.10,118977.20,119087.70,1377.246
2025-07-27T17:45:00+00:00,119087.70,119230.70,119086.90,119184.40,594.041
2025-07-27T18:00:00+00:00,119184.40,119378.80,119155.80,119280.00,845.904
2025-07-27T18:15:00+00:00,119279.90,119281.80,119108.90,119232.60,663.815
2025-07-27T18:30:00+00:00,119232.60,119232.70,118986.30,119066.70,686.163
2025-07-27T18:45:00+00:00,119066.60,119079.80,118880.20,119008.10,602.793
2025-07-27T19:00:00+00:00,119008.00,119008.10,118875.10,118952.30,433.166
2025-07-27T19:15:00+00:00,118952.30,118989.40,118880.00,118937.60,395.466
2025-07-27T19:30:00+00:00,118937.60,119076.90,118931.70,118980.00,279.595
2025-07-27T19:45:00+00:00,118980.10,119023.40,118904.00,118953.30,236.810
2025-07-27T20:00:00+00:00,118953.30,119175.10,118928.10,119069.50,481.380
2025-07-27T20:15:00+00:00,119069.50,119162.90,118918.80,118983.50,353.253
2025-07-27T20:30:00+00:00,118983.50,118983.60,118830.00,118872.80,589.281
2025-07-27T20:45:00+00:00,118872.90,118947.20,118709.90,118739.90,896.959
2025-07-27T21:00:00+00:00,118740.00,118856.80,118736.90,118737.00,480.304
2025-07-27T21:15:00+00:00,118736.90,119045.00,118709.20,119030.10,741.239
2025-07-27T21:30:00+00:00,119030.10,119091.50,118935.30,119091.50,466.538
2025-07-27T21:45:00+00:00,119091.40,119268.00,119063.80,119257.30,508.085
2025-07-27T22:00:00+00:00,119257.30,119747.00,119210.00,119694.80,3539.605
2025-07-27T22:15:00+00:00,119694.90,119747.20,119550.00,119664.00,1040.324
2025-07-27T22:30:00+00:00,119664.00,119766.00,119664.00,119766.00,715.408
2025-07-27T22:45:00+00:00,119766.00,119766.00,119485.20,119486.60,1010.321
2025-07-27T23:00:00+00:00,119486.60,119537.30,119138.20,119227.00,1322.417
2025-07-27T23:15:00+00:00,119226.90,119511.70,119226.90,119424.00,868.125
2025-07-27T23:30:00+00:00,119424.10,119453.50,119335.00,119360.10,408.445
2025-07-27T23:45:00+00:00,119360.00,119438.10,119321.50,119423.40,462.216
2025-07-28T00:00:00+00:00,119423.50,119470.70,119332.60,119455.30,677.145
2025-07-28T00:15:00+00:00,119455.70,119692.30,119411.50,119639.50,1180.099
2025-07-28T00:30:00+00:00,119639.40,119641.90,119240.40,119240.70,900.779
2025-07-28T00:45:00+00:00,119240.60,119378.80,119122.20,119228.80,856.662
2025-07-28T01:00:00+00:00,119228.90,119338.40,119058.90,119217.70,1040.245
2025-07-28T01:15:00+00:00,119217.80,119485.20,119164.90,119375.10,972.070
2025-07-28T01:30:00+00:00,119375.10,119375.10,119048.60,119063.00,696.671
2025-07-28T01:45:00+00:00,119063.00,119118.30,118949.90,119031.60,1091.872
2025-07-28T02:00:00+00:00,119031.60,119238.00,119010.10,119202.20,608.357
2025-07-28T02:15:00+00:00,119202.30,119534.70,119202.20,119469.90,789.881
2025-07-28T02:30:00+00:00,119470.00,119812.00,119454.50,119600.00,2873.918
2025-07-28T02:45:00+00:00,119600.00,119632.40,119366.00,119432.60,768.050
2025-07-28T03:00:00+00:00,119432.70,119525.20,119300.00,119350.00,519.009
2025-07-28T03:15:00+00:00,119350.00,119468.80,119252.40,119259.70,645.332
2025-07-28T03:30:00+00:00,119259.60,119348.50,119213.30,119213.90,545.771
2025-07-28T03:45:00+00:00,119213.90,119298.00,119208.00,119269.70,411.683
2025-07-28T04:00:00+00:00,119269.60,119413.60,119240.90,119240.90,672.525
2025-07-28T04:15:00+00:00,119240.90,119240.90,119115.90,119139.00,449.843
2025-07-28T04:30:00+00:00,119139.10,119300.00,119111.80,119266.40,433.286
2025-07-28T04:45:00+00:00,119266.40,119337.30,119180.00,119200.00,649.322
2025-07-28T05:00:00+00:00,119200.00,119293.00,119127.60,119261.50,584.701
2025-07-28T05:15:00+00:00,119262.00,119439.20,119262.00,119355.00,940.826
2025-07-28T05:30:00+00:00,119355.10,119497.00,119241.60,119485.60,637.131
2025-07-28T05:45:00+00:00,119485.50,119692.00,119361.70,119517.10,1030.370
2025-07-28T06:00:00+00:00,119517.10,119600.00,119490.00,119567.30,556.660
2025-07-28T06:15:00+00:00,119567.40,119591.20,119458.90,119480.00,671.835
2025-07-28T06:30:00+00:00,119480.00,119480.10,119422.10,119463.30,315.344
2025-07-28T06:45:00+00:00,119463.30,119478.10,119435.50,119444.90,246.230
2025-07-28T07:00:00+00:00,119444.90,119445.00,118845.00,118867.90,2536.309
2025-07-28T07:15:00+00:00,118868.00,119112.00,118791.10,119035.10,1864.091
2025-07-28T07:30:00+00:00,119034.50,119034.60,118742.00,118877.80,1430.847
2025-07-28T07:45:00+00:00,118877.80,118936.60,118855.70,118873.20,349.739
2025-07-28T08:00:00+00:00,118873.10,119028.50,118789.30,118898.40,734.420
2025-07-28T08:15:00+00:00,118898.30,119071.00,118825.00,119002.90,528.341
2025-07-28T08:30:00+00:00,119002.80,119020.70,118744.10,118855.80,1124.484
2025-07-28T08:45:00+00:00,118855.70,119091.20,118837.90,119053.50,1208.168
2025-07-28T09:00:00+00:00,119053.50,119053.60,118888.30,118900.30,517.668
2025-07-28T09:15:00+00:00,118900.40,118990.00,118804.00,118821.80,521.254
2025-07-28T09:30:00+00:00,118821.80,118844.10,118668.60,118720.10,810.919
2025-07-28T09:45:00+00:00,118720.10,119010.90,118720.10,118920.90,558.886
2025-07-28T10:00:00+00:00,118920.90,118933.80,118758.10,118758.10,390.058
2025-07-28T10:15:00+00:00,118758.10,118959.10,118758.10,118921.10,272.254
2025-07-28T10:30:00+00:00,118921.20,118921.20,118610.00,118651.40,844.149
2025-07-28T10:45:00+00:00,118651.50,118794.50,118625.40,118757.20,808.262
2025-07-28T11:00:00+00:00,118757.30,118855.60,118640.40,118668.80,572.915
2025-07-28T11:15:00+00:00,118668.90,118707.80,118523.10,118548.80,1611.594
2025-07-28T11:30:00+00:00,118548.70,118769.20,118471.30,118693.40,1489.998
2025-07-28T11:45:00+00:00,118693.40,118824.00,118693.40,118813.30,584.819
2025-07-28T12:00:00+00:00,118813.40,119036.00,118764.00,118887.50,1533.376
2025-07-28T12:15:00+00:00,118887.60,119085.00,118820.00,118910.60,1223.327
2025-07-28T12:30:00+00:00,118910.70,118986.10,118828.80,118958.10,669.266
2025-07-28T12:45:00+00:00,118958.10,118991.50,118773.30,118828.60,880.325
2025-07-28T13:00:00+00:00,118828.70,118848.40,118657.40,118657.50,699.627
2025-07-28T13:15:00+00:00,118657.40,118731.70,118400.10,118579.90,2475.470
2025-07-28T13:30:00+00:00,118579.90,119065.20,118276.80,118638.90,5365.309
2025-07-28T13:45:00+00:00,118639.00,118757.60,118210.00,118412.00,3226.967
2025-07-28T14:00:00+00:00,118411.90,118666.00,118277.70,118458.80,1507.808
2025-07-28T14:15:00+00:00,118458.90,118493.30,117994.00,118060.70,4327.234
2025-07-28T14:30:00+00:00,118060.80,118255.60,117900.00,118240.50,2824.948
2025-07-28T14:45:00+00:00,118240.50,118260.00,117902.30,117968.30,1318.892
2025-07-28T15:00:00+00:00,117968.30,118180.00,117900.00,118165.20,1782.691
2025-07-28T15:15:00+00:00,118165.20,118402.40,118121.20,118402.40,2630.414
2025-07-28T15:30:00+00:00,118402.40,118487.40,118160.00,118219.60,1439.509
2025-07-28T15:45:00+00:00,118219.60,118379.90,118098.40,118152.80,1579.576
2025-07-28T16:00:00+00:00,118152.90,118158.30,117987.40,118052.20,1203.554
2025-07-28T16:15:00+00:00,118052.20,118300.00,118000.00,118274.90,925.644
2025-07-28T16:30:00+00:00,118274.90,118357.70,118144.90,118302.20,847.779
2025-07-28T16:45:00+00:00,118302.20,118363.00,117983.90,117991.50,795.416
2025-07-28T17:00:00+00:00,117991.60,118022.70,117819.00,117825.30,1710.614
2025-07-28T17:15:00+00:00,117825.30,118006.10,117612.00,118006.10,3369.795
2025-07-28T17:30:00+00:00,118006.10,118100.00,117778.50,117841.60,888.298
2025-07-28T17:45:00+00:00,117841.50,117847.90,117634.50,117650.00,1145.847
2025-07-28T18:00:00+00:00,117649.90,117777.00,117471.00,117765.50,2794.543
2025-07-28T18:15:00+00:00,117765.60,117800.00,117459.40,117539.50,1083.073
2025-07-28T18:30:00+00:00,117539.50,117766.60,117388.00,117724.00,1356.334
2025-07-28T18:45:00+00:00,117724.00,117846.10,117625.00,117760.40,772.014
2025-07-28T19:00:00+00:00,117760.40,118174.00,117751.20,118124.90,1813.372
2025-07-28T19:15:00+00:00,118124.90,118279.00,118066.70,118075.40,1050.696
2025-07-28T19:30:00+00:00,118075.40,118082.90,117654.70,117662.50,1208.464
2025-07-28T19:45:00+00:00,117662.50,118082.70,117523.20,118050.00,1345.454
2025-07-28T20:00:00+00:00,118050.00,118150.10,117716.70,117741.20,992.906
2025-07-28T20:15:00+00:00,117741.20,117853.40,117483.00,117483.00,738.650
2025-07-28T20:30:00+00:00,117483.00,117971.70,117466.10,117818.40,940.489
2025-07-28T20:45:00+00:00,117818.40,118064.40,117797.00,118017.70,594.878
2025-07-28T21:00:00+00:00,118017.70,118163.00,117923.00,118029.50,498.418
2025-07-28T21:15:00+00:00,118029.60,118148.90,117934.80,118071.40,356.552
2025-07-28T21:30:00+00:00,118071.40,118329.80,117996.50,118325.20,748.151
2025-07-28T21:45:00+00:00,118325.20,118325.30,117927.90,118081.50,627.731
2025-07-28T22:00:00+00:00,118081.60,118235.90,118043.30,118082.30,796.847
2025-07-28T22:15:00+00:00,118082.30,118192.80,117978.20,118111.20,464.319
2025-07-28T22:30:00+00:00,118111.10,118150.00,117745.10,117836.80,1113.074
2025-07-28T22:45:00+00:00,117836.90,117967.90,117728.10,117843.00,736.765
2025-07-28T23:00:00+00:00,117842.90,118011.90,117788.00,117924.10,376.737
2025-07-28T23:15:00+00:00,117924.00,118153.80,117924.00,117954.00,467.362
2025-07-28T23:30:00+00:00,117954.00,118120.00,117928.90,117996.10,363.116
2025-07-28T23:45:00+00:00,117996.00,118122.90,117793.00,118041.40,575.906
2025-07-29T00:00:00+00:00,118041.50,118260.80,117919.20,118259.40,833.074
2025-07-29T00:15:00+00:00,118259.40,118433.40,118200.00,118206.20,1341.127
2025-07-29T00:30:00+00:00,118206.10,118245.50,117500.00,117670.00,2767.799
2025-07-29T00:45:00+00:00,117669.90,117945.00,117615.00,117945.00,689.038
2025-07-29T01:00:00+00:00,117944.90,118088.50,117823.20,118047.70,499.312
2025-07-29T01:15:00+00:00,118047.60,118205.30,118030.80,118177.10,442.836
2025-07-29T01:30:00+00:00,118177.10,118224.00,118102.30,118113.60,395.221
2025-07-29T01:45:00+00:00,118113.60,118120.50,117736.70,117738.60,490.020
2025-07-29T02:00:00+00:00,117738.60,117923.00,117719.60,117867.30,724.920
2025-07-29T02:15:00+00:00,117867.20,117877.80,117406.30,117866.40,1860.457
2025-07-29T02:30:00+00:00,117866.40,117956.70,117720.70,117929.50,623.231
2025-07-29T02:45:00+00:00,117929.40,118068.70,117809.60,118065.60,670.314
2025-07-29T03:00:00+00:00,118065.60,118415.00,118065.60,118371.30,1608.204
2025-07-29T03:15:00+00:00,118371.30,118373.20,118217.00,118295.80,836.488
2025-07-29T03:30:00+00:00,118295.80,118471.60,118222.60,118471.50,666.856
2025-07-29T03:45:00+00:00,118471.50,118777.00,118450.00,118745.60,2399.932
2025-07-29T04:00:00+00:00,118745.60,118785.00,118631.10,118739.10,968.394
2025-07-29T04:15:00+00:00,118739.00,118739.10,118524.10,118619.10,608.395
2025-07-29T04:30:00+00:00,118619.10,118650.00,118465.00,118477.90,640.143
2025-07-29T04:45:00+00:00,118478.00,118538.10,118377.10,118491.30,869.588
2025-07-29T05:00:00+00:00,118491.30,118720.00,118491.20,118630.60,514.892
2025-07-29T05:15:00+00:00,118630.50,118631.10,118502.30,118615.40,288.874
2025-07-29T05:30:00+00:00,118615.40,118709.60,118559.80,118709.50,364.153
2025-07-29T05:45:00+00:00,118709.60,118837.00,118708.90,118766.00,827.226
2025-07-29T06:00:00+00:00,118766.00,118838.90,118685.30,118838.90,549.291
2025-07-29T06:15:00+00:00,118838.80,119032.40,118827.80,118888.60,1535.644
2025-07-29T06:30:00+00:00,118888.70,118966.00,118824.60,118949.70,772.402
2025-07-29T06:45:00+00:00,118949.60,118954.80,118720.00,118720.10,808.317
2025-07-29T07:00:00+00:00,118720.00,118901.30,118720.00,118799.90,480.698
2025-07-29T07:15:00+00:00,118799.90,118847.10,118739.90,118774.00,433.103
2025-07-29T07:30:00+00:00,118774.10,118950.30,118714.80,118950.00,732.703
2025-07-29T07:45:00+00:00,118950.00,119258.70,118760.50,118856.20,3049.697
2025-07-29T08:00:00+00:00,118856.20,118978.50,118790.90,118961.70,808.981
2025-07-29T08:15:00+00:00,118961.70,119019.60,118720.50,118763.40,879.049
2025-07-29T08:30:00+00:00,118763.30,118950.60,118755.50,118945.30,705.298
2025-07-29T08:45:00+00:00,118945.30,118991.60,118769.20,118887.80,547.173
2025-07-29T09:00:00+00:00,118887.80,118964.80,118792.60,118793.10,571.293
2025-07-29T09:15:00+00:00,118793.10,118922.50,118722.00,118890.90,551.789
2025-07-29T09:30:00+00:00,118890.80,118890.80,118750.00,118887.90,325.144
2025-07-29T09:45:00+00:00,118888.00,118888.00,118722.00,118750.00,407.254
2025-07-29T10:00:00+00:00,118749.90,118792.00,118519.00,118565.00,1475.680
2025-07-29T10:15:00+00:00,118565.00,118677.60,118506.40,118634.80,674.106
2025-07-29T10:30:00+00:00,118634.80,118742.00,118455.10,118459.10,722.864
2025-07-29T10:45:00+00:00,118459.10,118500.00,118254.80,118274.20,1775.377
2025-07-29T11:00:00+00:00,118274.30,118383.20,118119.10,118383.10,1609.737
2025-07-29T11:15:00+00:00,118383.20,118483.80,118323.00,118460.60,638.425
2025-07-29T11:30:00+00:00,118460.50,118489.00,118303.60,118405.10,591.593
2025-07-29T11:45:00+00:00,118405.10,118565.00,118350.00,118560.00,487.001
2025-07-29T12:00:00+00:00,118560.00,118663.60,118407.10,118444.60,932.413
2025-07-29T12:15:00+00:00,118444.60,119032.40,118444.60,118908.10,3379.199
2025-07-29T12:30:00+00:00,118908.20,119050.00,118756.80,119009.90,1587.940
2025-07-29T12:45:00+00:00,119009.90,119010.00,118791.70,118863.10,757.997
2025-07-29T13:00:00+00:00,118863.10,118900.20,118725.50,118836.40,615.455
2025-07-29T13:15:00+00:00,118836.40,118921.30,118777.40,118902.30,553.479
2025-07-29T13:30:00+00:00,118902.20,119000.00,118615.30,118796.90,1607.700
2025-07-29T13:45:00+00:00,118797.00,118867.00,118489.00,118589.90,1472.791
2025-07-29T14:00:00+00:00,118590.00,118607.90,117901.10,118116.10,5464.400
2025-07-29T14:15:00+00:00,118116.10,118336.20,118080.00,118237.40,1472.870
2025-07-29T14:30:00+00:00,118237.30,118269.20,118011.00,118213.10,1176.717
2025-07-29T14:45:00+00:00,118213.00,118274.20,117650.00,117781.70,2934.616
2025-07-29T15:00:00+00:00,117781.60,117923.30,117601.10,117729.00,2372.273
2025-07-29T15:15:00+00:00,117729.00,117788.30,117470.00,117489.90,2612.142
2025-07-29T15:30:00+00:00,117489.90,117588.00,117218.70,117393.80,4620.864
2025-07-29T15:45:00+00:00,117393.60,117600.70,117300.00,117345.70,2664.888
2025-07-29T16:00:00+00:00,117345.70,117470.20,117284.60,117395.70,2693.297
2025-07-29T16:15:00+00:00,117395.60,117535.10,117251.00,117302.40,2286.199
2025-07-29T16:30:00+00:00,117302.30,117430.00,116923.00,117430.00,4581.985
2025-07-29T16:45:00+00:00,117430.00,117730.00,117401.20,117710.90,3509.378
2025-07-29T17:00:00+00:00,117711.30,117870.40,117594.00,117860.00,1534.759
2025-07-29T17:15:00+00:00,117860.00,117936.70,117681.10,117875.70,1212.353
2025-07-29T17:30:00+00:00,117875.70,118019.30,117629.40,117629.90,1579.438
2025-07-29T17:45:00+00:00,117629.90,117818.10,117629.90,117723.50,545.046
2025-07-29T18:00:00+00:00,117723.50,117782.40,117461.80,117557.80,945.699
2025-07-29T18:15:00+00:00,117557.80,117687.70,117437.50,117687.70,603.261
2025-07-29T18:30:00+00:00,117687.60,117773.90,117616.10,117648.90,520.960
2025-07-29T18:45:00+00:00,117649.00,117751.30,117467.70,117573.00,554.589
2025-07-29T19:00:00+00:00,117572.90,117746.60,117503.90,117746.60,619.108
2025-07-29T19:15:00+00:00,117746.60,117998.80,117358.20,117414.70,1754.771
2025-07-29T19:30:00+00:00,117414.80,117555.60,117385.00,117515.20,681.591
2025-07-29T19:45:00+00:00,117515.20,117631.50,117475.00,117484.90,570.504
2025-07-29T20:00:00+00:00,117485.50,117591.40,117053.50,117185.80,3017.786
2025-07-29T20:15:00+00:00,117185.70,117840.90,117125.50,117509.00,2350.642
2025-07-29T20:30:00+00:00,117509.00,117540.00,117044.10,117170.40,1559.416
2025-07-29T20:45:00+00:00,117170.50,117478.90,117085.80,117478.90,716.313
2025-07-29T21:00:00+00:00,117478.80,117512.30,117240.10,117385.30,799.209
2025-07-29T21:15:00+00:00,117385.30,117385.30,117141.30,117302.20,684.494
2025-07-29T21:30:00+00:00,117302.10,117330.20,117210.00,117220.10,312.273
2025-07-29T21:45:00+00:00,117220.10,117663.60,117220.10,117555.10,475.816
2025-07-29T22:00:00+00:00,117555.10,117703.40,117403.10,117417.30,874.268
2025-07-29T22:15:00+00:00,117417.30,117689.50,117417.30,117686.10,413.589
2025-07-29T22:30:00+00:00,117686.20,117747.00,117651.40,117701.60,471.408
2025-07-29T22:45:00+00:00,117701.70,117822.00,117701.60,117801.50,410.752
2025-07-29T23:00:00+00:00,117801.40,117857.40,117746.40,117789.70,474.818
2025-07-29T23:15:00+00:00,117789.70,117888.00,117780.00,117887.90,338.106
2025-07-29T23:30:00+00:00,117887.90,117951.00,117717.00,117717.00,424.092
2025-07-29T23:45:00+00:00,117717.00,117905.40,117670.20,117897.00,458.686
2025-07-30T00:00:00+00:00,117897.10,117924.00,117743.70,117910.10,453.760
2025-07-30T00:15:00+00:00,117910.10,117958.30,117661.60,117661.60,672.685
2025-07-30T00:30:00+00:00,117661.60,117732.10,117500.00,117571.80,1012.834
2025-07-30T00:45:00+00:00,117571.80,117723.20,117485.10,117699.90,583.020
2025-07-30T01:00:00+00:00,117699.90,117747.30,117625.10,117718.70,296.958
2025-07-30T01:15:00+00:00,117718.80,117733.20,117363.00,117535.60,939.790
2025-07-30T01:30:00+00:00,117535.60,117856.00,117492.10,117837.20,500.457
2025-07-30T01:45:00+00:00,117837.20,117983.00,117784.10,117805.10,764.258
2025-07-30T02:00:00+00:00,117805.20,118079.80,117739.70,118058.00,702.540
2025-07-30T02:15:00+00:00,118058.00,118087.30,117850.70,117908.30,804.044
2025-07-30T02:30:00+00:00,117908.30,118085.60,117826.10,118015.70,672.844
2025-07-30T02:45:00+00:00,118015.70,118061.80,117950.00,117979.90,397.198
2025-07-30T03:00:00+00:00,117979.90,118000.00,117859.10,117960.40,436.747
2025-07-30T03:15:00+00:00,117960.30,118050.00,117862.80,118050.00,360.852
2025-07-30T03:30:00+00:00,118049.90,118130.00,118031.00,118119.90,625.610
2025-07-30T03:45:00+00:00,118120.00,118210.00,118001.60,118106.50,626.505
2025-07-30T04:00:00+00:00,118106.50,118230.70,118106.50,118174.80,760.391
2025-07-30T04:15:00+00:00,118174.90,118200.00,118110.00,118124.80,366.529
2025-07-30T04:30:00+00:00,118124.80,118124.80,117906.00,117994.50,679.710
2025-07-30T04:45:00+00:00,117994.50,117995.20,117917.70,117949.90,324.722
2025-07-30T05:00:00+00:00,117950.00,118034.80,117660.00,117665.90,797.682
2025-07-30T05:15:00+00:00,117666.00,117943.60,117616.10,117938.30,821.305
2025-07-30T05:30:00+00:00,117938.20,117948.80,117850.00,117886.30,328.898
2025-07-30T05:45:00+00:00,117886.40,117998.40,117809.80,117948.20,298.905
2025-07-30T06:00:00+00:00,117948.20,118075.00,117948.10,118021.50,477.268
2025-07-30T06:15:00+00:00,118021.50,118167.00,118011.40,118158.00,555.452
2025-07-30T06:30:00+00:00,118158.00,118261.40,118063.50,118241.70,851.328
2025-07-30T06:45:00+00:00,118241.70,118296.90,118175.70,118237.40,634.927
2025-07-30T07:00:00+00:00,118237.30,118384.60,118147.50,118168.10,1149.797
2025-07-30T07:15:00+00:00,118168.20,118315.50,118147.10,118310.30,465.875
2025-07-30T07:30:00+00:00,118310.30,118330.70,118122.50,118200.30,832.436
2025-07-30T07:45:00+00:00,118200.40,118200.40,118076.90,118083.10,401.221
2025-07-30T08:00:00+00:00,118083.20,118230.70,117974.80,117975.70,639.451
2025-07-30T08:15:00+00:00,117975.70,118119.40,117918.00,118119.40,661.789
2025-07-30T08:30:00+00:00,118119.30,118328.20,118041.50,118319.90,540.206
2025-07-30T08:45:00+00:00,118319.90,118451.30,118316.30,118324.70,1034.453
2025-07-30T09:00:00+00:00,118324.70,118392.30,118185.00,118220.90,859.719
2025-07-30T09:15:00+00:00,118220.80,118266.80,118113.70,118120.10,475.036
2025-07-30T09:30:00+00:00,118120.10,118127.00,117950.00,118000.10,1007.221
2025-07-30T09:45:00+00:00,118000.00,118174.10,117998.70,118126.40,436.058
2025-07-30T10:00:00+00:00,118126.40,118314.70,118126.30,118288.20,568.329
2025-07-30T10:15:00+00:00,118288.20,118297.70,118159.20,118284.80,586.106
2025-07-30T10:30:00+00:00,118284.80,118393.90,118237.50,118331.20,797.869
2025-07-30T10:45:00+00:00,118331.20,118380.00,117896.20,117983.90,1337.753
2025-07-30T11:00:00+00:00,117983.90,118150.10,117937.70,118042.00,623.128
2025-07-30T11:15:00+00:00,118042.00,118056.90,117746.40,117781.10,1613.265
2025-07-30T11:30:00+00:00,117781.10,117952.50,117755.10,117755.10,805.257
2025-07-30T11:45:00+00:00,117755.00,117813.00,117291.60,117526.70,3916.814
2025-07-30T12:00:00+00:00,117526.60,117600.00,117300.60,117432.90,1282.691
2025-07-30T12:15:00+00:00,117432.90,117800.00,117310.00,117694.20,1774.310
2025-07-30T12:30:00+00:00,117694.20,117877.00,117500.00,117528.70,1770.156
2025-07-30T12:45:00+00:00,117528.70,117816.60,117514.60,117680.20,726.330
2025-07-30T13:00:00+00:00,117680.20,117825.30,117366.00,117494.00,1505.527
2025-07-30T13:15:00+00:00,117493.90,117769.20,117400.70,117457.30,1739.332
2025-07-30T13:30:00+00:00,117457.30,117773.90,117370.00,117600.40,1468.313
2025-07-30T13:45:00+00:00,117600.30,117769.20,117420.10,117624.50,1308.599
2025-07-30T14:00:00+00:00,117624.60,117838.40,117550.40,117794.60,1113.568
2025-07-30T14:15:00+00:00,117794.60,117974.20,117670.90,117690.00,1487.205
2025-07-30T14:30:00+00:00,117690.00,118156.40,117689.90,118057.40,1960.156
2025-07-30T14:45:00+00:00,118057.40,118692.30,118007.40,118678.50,4868.626
2025-07-30T15:00:00+00:00,118678.40,118763.50,118263.60,118318.20,3549.262
2025-07-30T15:15:00+00:00,118318.20,118415.60,118050.10,118118.90,1457.631
2025-07-30T15:30:00+00:00,118119.00,118188.30,118013.80,118064.70,1051.158
2025-07-30T15:45:00+00:00,118064.50,118160.60,117777.00,117950.00,1788.764
2025-07-30T16:00:00+00:00,117949.90,117967.60,117584.20,117771.10,1944.686
2025-07-30T16:15:00+00:00,117771.10,117974.70,117717.60,117762.90,1122.244
2025-07-30T16:30:00+00:00,117761.30,117840.20,117656.20,117734.70,570.018
2025-07-30T16:45:00+00:00,117734.60,117789.00,117629.10,117697.00,520.751
2025-07-30T17:00:00+00:00,117697.00,117838.80,117655.20,117715.00,696.090
2025-07-30T17:15:00+00:00,117715.00,117909.90,117680.00,117757.20,666.487
2025-07-30T17:30:00+00:00,117757.20,117826.50,117686.30,117769.40,401.783
2025-07-30T17:45:00+00:00,117769.50,117769.50,117592.60,117748.10,669.777
2025-07-30T18:00:00+00:00,117748.10,117995.40,117300.00,117615.40,3475.435
2025-07-30T18:15:00+00:00,117615.40,117831.20,117461.50,117701.90,1330.557
2025-07-30T18:30:00+00:00,117702.00,117787.70,117208.00,117378.10,2716.476
2025-07-30T18:45:00+00:00,117378.10,117447.80,116444.00,116477.00,8160.758
2025-07-30T19:00:00+00:00,116476.90,116514.10,115700.00,116224.90,12616.173
2025-07-30T19:15:00+00:00,116225.00,116400.00,116089.60,116394.50,3422.605
2025-07-30T19:30:00+00:00,116394.40,116733.20,116182.40,116701.00,4019.084
2025-07-30T19:45:00+00:00,116701.00,117083.70,116582.40,116865.20,3896.581
2025-07-30T20:00:00+00:00,116865.20,117274.90,116829.80,117235.40,2479.800
2025-07-30T20:15:00+00:00,117235.40,117273.10,117027.40,117047.50,1280.492
2025-07-30T20:30:00+00:00,117047.50,117158.10,116928.90,116987.80,1036.157
2025-07-30T20:45:00+00:00,116987.80,117143.50,116888.00,117138.90,948.136
2025-07-30T21:00:00+00:00,117139.00,117194.40,117041.30,117053.50,520.181
2025-07-30T21:15:00+00:00,117053.50,117149.70,116942.40,116942.40,463.824
2025-07-30T21:30:00+00:00,116942.50,117059.40,116900.40,117008.30,541.573
2025-07-30T21:45:00+00:00,117008.40,117293.60,117008.30,117280.00,667.360
2025-07-30T22:00:00+00:00,117280.00,117384.60,117188.90,117289.20,1070.648
2025-07-30T22:15:00+00:00,117289.30,117386.60,117200.70,117254.80,553.211
2025-07-30T22:30:00+00:00,117254.80,117399.90,117224.50,117399.90,641.031
2025-07-30T22:45:00+00:00,117399.90,117440.00,117330.20,117431.20,402.590
2025-07-30T23:00:00+00:00,117431.10,117530.00,117400.00,117492.60,848.309
2025-07-30T23:15:00+00:00,117492.50,117517.00,117447.80,117516.90,403.467
2025-07-30T23:30:00+00:00,117516.90,117685.70,117516.90,117685.60,1173.866
2025-07-30T23:45:00+00:00,117685.60,117866.40,117685.60,117771.00,1307.077
2025-07-31T00:00:00+00:00,117771.10,117881.80,117713.50,117841.10,912.152
2025-07-31T00:15:00+00:00,117841.20,118034.20,117822.40,118014.90,1114.780
2025-07-31T00:30:00+00:00,118014.90,118312.50,117985.90,118299.10,2318.720
2025-07-31T00:45:00+00:00,118299.20,118512.60,118224.80,118368.50,3507.080
2025-07-31T01:00:00+00:00,118368.60,118420.20,118264.30,118398.90,960.099
2025-07-31T01:15:00+00:00,118398.90,118408.20,118102.10,118273.20,1073.605
2025-07-31T01:30:00+00:00,118273.20,118306.20,118163.00,118206.30,562.191
2025-07-31T01:45:00+00:00,118206.30,118216.90,117950.00,118025.20,1031.562
2025-07-31T02:00:00+00:00,118025.10,118222.00,117931.20,118193.10,863.520
2025-07-31T02:15:00+00:00,118192.90,118230.00,118117.20,118145.60,462.150
2025-07-31T02:30:00+00:00,118145.60,118395.70,118145.60,118395.70,977.123
2025-07-31T02:45:00+00:00,118395.70,118451.90,118289.20,118392.90,1101.570
2025-07-31T03:00:00+00:00,118392.80,118444.00,118324.80,118359.10,558.176
2025-07-31T03:15:00+00:00,118359.20,118397.60,118323.40,118397.50,463.035
2025-07-31T03:30:00+00:00,118397.50,118429.00,118331.70,118429.00,493.715
2025-07-31T03:45:00+00:00,118428.90,118590.00,118389.80,118429.00,1573.726
2025-07-31T04:00:00+00:00,118429.00,118450.40,118392.80,118416.20,362.293
2025-07-31T04:15:00+00:00,118416.10,118416.20,118308.00,118342.20,609.589
2025-07-31T04:30:00+00:00,118342.10,118522.50,118328.30,118417.30,1012.438
2025-07-31T04:45:00+00:00,118417.30,118508.30,118417.20,118472.30,499.763
2025-07-31T05:00:00+00:00,118472.30,118504.60,118322.10,118322.10,591.558
2025-07-31T05:15:00+00:00,118322.10,118405.70,118301.90,118350.00,464.348
2025-07-31T05:30:00+00:00,118350.00,118392.80,118316.50,118316.50,279.653
2025-07-31T05:45:00+00:00,118316.60,118358.90,118287.30,118320.00,509.480
2025-07-31T06:00:00+00:00,118320.00,118366.50,118238.70,118250.50,458.044
2025-07-31T06:15:00+00:00,118250.50,118387.60,118250.50,118387.50,302.624
2025-07-31T06:30:00+00:00,118387.50,118552.80,118351.90,118534.10,636.029
2025-07-31T06:45:00+00:00,118534.00,118706.10,118534.00,118653.40,1182.251
2025-07-31T07:00:00+00:00,118653.40,118711.30,118562.10,118695.20,1162.968
2025-07-31T07:15:00+00:00,118695.30,118910.00,118685.40,118782.00,2313.126
2025-07-31T07:30:00+00:00,118782.00,118782.10,118590.50,118603.90,1133.400
2025-07-31T07:45:00+00:00,118603.90,118680.90,118593.30,118624.10,654.977
2025-07-31T08:00:00+00:00,118624.00,118679.10,118570.40,118587.10,521.867
2025-07-31T08:15:00+00:00,118587.10,118626.80,118546.40,118589.90,530.193
2025-07-31T08:30:00+00:00,118589.90,118728.00,118550.00,118727.90,465.830
2025-07-31T08:45:00+00:00,118727.90,118728.00,118520.20,118550.80,503.220
2025-07-31T09:00:00+00:00,118550.70,118550.80,118458.00,118482.40,646.540
2025-07-31T09:15:00+00:00,118482.40,118500.00,118423.00,118500.00,438.350
2025-07-31T09:30:00+00:00,118500.00,118531.90,118466.00,118498.00,514.369
2025-07-31T09:45:00+00:00,118498.10,118580.00,118490.00,118562.40,290.396
2025-07-31T10:00:00+00:00,118562.40,118700.10,118502.90,118523.10,868.888
2025-07-31T10:15:00+00:00,118523.10,118541.00,118405.00,118438.30,481.488
2025-07-31T10:30:00+00:00,118438.30,118506.90,118390.10,118506.90,445.793
2025-07-31T10:45:00+00:00,118506.90,118590.50,118465.40,118474.00,400.090
2025-07-31T11:00:00+00:00,118473.90,118526.30,118428.80,118496.40,522.605
2025-07-31T11:15:00+00:00,118496.50,118498.20,118363.30,118384.80,593.208
2025-07-31T11:30:00+00:00,118384.80,118450.00,118302.00,118326.80,632.225
2025-07-31T11:45:00+00:00,118326.80,118349.90,118246.80,118330.90,754.900
2025-07-31T12:00:00+00:00,118330.90,118455.20,118301.00,118390.00,649.885
2025-07-31T12:15:00+00:00,118390.10,118500.00,118300.00,118494.80,770.906
2025-07-31T12:30:00+00:00,118494.80,118494.80,118252.70,118369.50,947.071
2025-07-31T12:45:00+00:00,118369.50,118606.60,118315.30,118580.00,1192.025
2025-07-31T13:00:00+00:00,118580.10,118587.70,118230.70,118230.70,1048.685
2025-07-31T13:15:00+00:00,118230.80,118322.10,118063.90,118106.10,2409.270
2025-07-31T13:30:00+00:00,118106.10,118554.80,117783.30,118282.80,4302.034
2025-07-31T13:45:00+00:00,118282.90,118684.40,118226.40,118506.20,2929.201
2025-07-31T14:00:00+00:00,118506.10,118602.10,118207.10,118275.80,1619.547
2025-07-31T14:15:00+00:00,118275.80,118324.20,117867.30,117924.10,3232.533
2025-07-31T14:30:00+00:00,117924.10,118181.50,117850.00,117996.70,2012.443
2025-07-31T14:45:00+00:00,117996.80,118142.10,117855.50,117871.90,1271.184
2025-07-31T15:00:00+00:00,117871.80,118152.80,117835.50,117981.90,1156.704
2025-07-31T15:15:00+00:00,117981.90,118150.00,117873.20,117997.80,1157.028
2025-07-31T15:30:00+00:00,117997.90,118295.40,117997.80,118244.70,1439.383
2025-07-31T15:45:00+00:00,118244.70,118309.60,118067.50,118259.30,722.120
2025-07-31T16:00:00+00:00,118259.40,118391.20,118191.00,118300.40,1005.613
2025-07-31T16:15:00+00:00,118300.40,118494.60,118300.40,118494.60,906.706
2025-07-31T16:30:00+00:00,118494.60,118850.00,118494.50,118567.50,3869.943
2025-07-31T16:45:00+00:00,118567.50,118616.20,118357.30,118492.00,1048.479
2025-07-31T17:00:00+00:00,118492.00,118521.80,118146.90,118236.40,1193.994
2025-07-31T17:15:00+00:00,118236.30,118343.30,117670.00,117822.40,3110.143
2025-07-31T17:30:00+00:00,117822.50,118124.10,117732.90,118045.40,1551.675
2025-07-31T17:45:00+00:00,118045.40,118187.30,117650.00,117712.10,2211.986
2025-07-31T18:00:00+00:00,117712.20,117762.70,117355.20,117488.00,3286.514
2025-07-31T18:15:00+00:00,117488.10,117883.00,117350.00,117883.00,1854.387
2025-07-31T18:30:00+00:00,117883.00,117984.90,117741.90,117781.10,1286.385
2025-07-31T18:45:00+00:00,117781.00,117903.20,117540.70,117600.00,1036.993
2025-07-31T19:00:00+00:00,117600.10,117711.70,117100.00,117245.40,3109.094
2025-07-31T19:15:00+00:00,117245.40,117304.40,117057.60,117096.10,3195.661
2025-07-31T19:30:00+00:00,117096.10,117136.70,116800.00,116897.50,3257.711
2025-07-31T19:45:00+00:00,116897.50,116948.60,116691.10,116718.90,2686.204
2025-07-31T20:00:00+00:00,116718.90,116927.80,116500.00,116574.10,3412.592
2025-07-31T20:15:00+00:00,116574.10,116780.90,116415.00,116695.50,2577.027
2025-07-31T20:30:00+00:00,116695.60,116870.00,116383.30,116506.00,2367.888
2025-07-31T20:45:00+00:00,116506.10,116574.30,116380.00,116450.00,1681.155
2025-07-31T21:00:00+00:00,116450.10,116692.30,116414.00,116489.80,1578.762
2025-07-31T21:15:00+00:00,116489.70,116724.50,116456.00,116724.50,1210.568
2025-07-31T21:30:00+00:00,116724.40,116846.10,116576.70,116674.80,1045.088
2025-07-31T21:45:00+00:00,116674.70,116719.90,116157.10,116479.00,2649.560
2025-07-31T22:00:00+00:00,116478.90,116479.00,116030.80,116240.80,2230.814
2025-07-31T22:15:00+00:00,116240.80,116339.10,116050.00,116224.40,1541.735
2025-07-31T22:30:00+00:00,116224.30,116242.80,116014.00,116154.70,1377.952
2025-07-31T22:45:00+00:00,116154.70,116218.90,115934.80,115934.90,1992.121
2025-07-31T23:00:00+00:00,115934.90,116307.60,115868.60,116290.30,2916.902
2025-07-31T23:15:00+00:00,116290.20,116290.30,115980.00,115980.60,982.281
2025-07-31T23:30:00+00:00,115980.60,115983.60,115373.90,115693.00,5476.867
2025-07-31T23:45:00+00:00,115693.00,115815.10,115500.00,115697.30,1768.941
2025-08-01T00:00:00+00:00,115697.30,115772.60,115244.30,115248.30,3101.630
2025-08-01T00:15:00+00:00,115248.20,115877.80,115248.20,115734.90,3216.787
2025-08-01T00:30:00+00:00,115734.90,115734.90,115358.60,115450.00,1420.310
2025-08-01T00:45:00+00:00,115450.10,115458.80,114239.00,115366.90,13756.807
2025-08-01T01:00:00+00:00,115366.90,115547.20,114525.00,114584.90,4674.765
2025-08-01T01:15:00+00:00,114584.90,115215.50,114575.70,115130.70,3520.192
2025-08-01T01:30:00+00:00,115130.70,115365.70,114926.40,115235.20,2040.395
2025-08-01T01:45:00+00:00,115235.30,115363.00,115004.40,115270.20,1556.478
2025-08-01T02:00:00+00:00,115270.00,115548.00,115159.60,115535.10,1410.792
2025-08-01T02:15:00+00:00,115535.10,115756.40,115460.00,115563.80,1862.558
2025-08-01T02:30:00+00:00,115563.90,115955.00,115512.20,115829.10,1647.289
2025-08-01T02:45:00+00:00,115829.00,115958.10,115780.60,115908.80,933.454
2025-08-01T03:00:00+00:00,115908.70,115939.80,115730.00,115751.40,881.635
2025-08-01T03:15:00+00:00,115751.30,116000.00,115751.30,115963.60,940.993
2025-08-01T03:30:00+00:00,115963.50,115975.20,115766.60,115784.00,679.807
2025-08-01T03:45:00+00:00,115783.90,115836.20,115557.00,115595.70,960.955
2025-08-01T04:00:00+00:00,115595.60,115595.70,115208.70,115356.20,1522.413
2025-08-01T04:15:00+00:00,115356.20,115505.10,115330.80,115463.50,805.029
2025-08-01T04:30:00+00:00,115463.40,115574.80,115399.90,115528.20,632.698
2025-08-01T04:45:00+00:00,115528.20,115658.00,115423.50,115648.30,803.151
2025-08-01T05:00:00+00:00,115648.40,115873.40,115600.00,115791.50,1071.189
2025-08-01T05:15:00+00:00,115791.50,115791.50,115417.10,115537.20,810.553
2025-08-01T05:30:00+00:00,115537.20,115700.00,115375.40,115442.70,775.827
2025-08-01T05:45:00+00:00,115442.70,115604.30,115313.30,115511.40,741.675
2025-08-01T06:00:00+00:00,115511.40,115600.00,115340.90,115370.00,697.522
2025-08-01T06:15:00+00:00,115370.10,115437.90,115170.00,115199.00,972.496
2025-08-01T06:30:00+00:00,115199.00,115279.90,115022.50,115028.00,2152.367
2025-08-01T06:45:00+00:00,115028.00,115163.40,115017.30,115112.80,1128.651
2025-08-01T07:00:00+00:00,115112.90,115257.60,114820.00,114936.70,1865.253
2025-08-01T07:15:00+00:00,114936.70,115095.70,114800.00,114800.10,1760.935
2025-08-01T07:30:00+00:00,114800.10,114844.80,114579.50,114711.20,3168.154
2025-08-01T07:45:00+00:00,114711.20,115056.50,114677.00,115015.10,2306.621
2025-08-01T08:00:00+00:00,115015.10,115015.10,114351.00,114616.80,2980.588
2025-08-01T08:15:00+00:00,114616.90,114718.80,114300.00,114376.70,2617.050
2025-08-01T08:30:00+00:00,114376.70,114592.80,114055.60,114541.30,3667.205
2025-08-01T08:45:00+00:00,114541.30,114737.30,114513.30,114552.30,1841.173
2025-08-01T09:00:00+00:00,114552.30,115067.70,114495.90,114938.40,2814.951
2025-08-01T09:15:00+00:00,114938.40,115251.80,114911.20,115251.70,1819.233
2025-08-01T09:30:00+00:00,115251.80,115291.10,115066.00,115144.70,1124.221
2025-08-01T09:45:00+00:00,115144.70,115144.70,114874.40,114890.30,1020.727
2025-08-01T10:00:00+00:00,114890.40,115103.80,114822.00,115103.70,817.761
2025-08-01T10:15:00+00:00,115103.70,115153.60,114947.00,114947.30,800.176
2025-08-01T10:30:00+00:00,114947.40,114972.60,114718.10,114871.60,1631.664
2025-08-01T10:45:00+00:00,114871.60,114970.50,114633.10,114697.70,1170.185
2025-08-01T11:00:00+00:00,114697.80,114936.10,114543.20,114935.50,1506.721
2025-08-01T11:15:00+00:00,114935.60,115020.80,114739.00,115019.80,785.992
2025-08-01T11:30:00+00:00,115019.70,115186.20,115000.70,115114.90,843.928
2025-08-01T11:45:00+00:00,115114.80,115282.60,115097.40,115246.60,1147.807
2025-08-01T12:00:00+00:00,115246.50,115469.30,115197.30,115441.20,1717.757
2025-08-01T12:15:00+00:00,115441.20,115441.20,115160.80,115406.70,904.224
2025-08-01T12:30:00+00:00,115406.70,115839.40,115083.70,115818.60,5506.976
2025-08-01T12:45:00+00:00,115818.60,115886.00,115588.00,115674.90,2277.312
2025-08-01T13:00:00+00:00,115674.90,115956.00,115641.30,115720.00,1789.964
2025-08-01T13:15:00+00:00,115720.00,115859.00,115470.50,115617.70,1891.590
2025-08-01T13:30:00+00:00,115617.70,115623.30,114923.70,114932.70,4206.264
2025-08-01T13:45:00+00:00,114932.70,114959.80,114121.00,114304.70,7472.342
2025-08-01T14:00:00+00:00,114304.70,115254.00,113871.10,115000.00,8220.345
2025-08-01T14:15:00+00:00,115000.00,115711.00,114870.30,115700.90,4288.206
2025-08-01T14:30:00+00:00,115700.90,115782.50,115314.00,115384.60,3849.823
2025-08-01T14:45:00+00:00,115384.50,115715.80,115321.00,115568.70,3057.711
2025-08-01T15:00:00+00:00,115568.70,115597.40,114987.40,115080.60,2610.453
2025-08-01T15:15:00+00:00,115080.60,115160.20,114625.90,114751.10,3089.022
2025-08-01T15:30:00+00:00,114752.10,115187.30,114631.30,115187.30,1998.595
2025-08-01T15:45:00+00:00,115187.20,115460.10,115100.00,115305.30,1920.183
2025-08-01T16:00:00+00:00,115305.30,115656.80,115251.30,115586.20,1740.146
2025-08-01T16:15:00+00:00,115586.20,115649.00,115429.00,115545.90,1552.721
2025-08-01T16:30:00+00:00,115545.80,115545.80,114957.40,115370.60,2194.153
2025-08-01T16:45:00+00:00,115370.60,115480.10,114769.20,114962.20,3017.376
2025-08-01T17:00:00+00:00,114962.20,115002.80,114456.00,114545.10,2999.406
2025-08-01T17:15:00+00:00,114545.10,114768.50,114453.00,114620.40,1586.814
2025-08-01T17:30:00+00:00,114620.50,115060.90,114347.30,114403.90,2662.905
2025-08-01T17:45:00+00:00,114403.90,114583.00,114300.00,114387.30,1424.765
2025-08-01T18:00:00+00:00,114387.20,114461.50,114026.00,114093.00,3923.441
2025-08-01T18:15:00+00:00,114092.90,114349.90,113632.40,114111.00,7282.313
2025-08-01T18:30:00+00:00,114110.90,114304.90,114008.60,114136.30,1820.998
2025-08-01T18:45:00+00:00,114136.20,114195.90,113702.50,113792.70,2062.042
2025-08-01T19:00:00+00:00,113792.70,113887.60,113588.00,113645.10,2152.336
2025-08-01T19:15:00+00:00,113645.00,113697.80,113205.00,113348.00,5079.787
2025-08-01T19:30:00+00:00,113348.00,113853.90,113173.70,113187.20,4395.963
2025-08-01T19:45:00+00:00,113187.30,113574.90,113187.30,113278.50,2193.250
2025-08-01T20:00:00+00:00,113278.40,113600.00,113113.00,113243.70,2938.282
2025-08-01T20:15:00+00:00,113243.80,113590.30,113132.90,113421.10,1801.088
2025-08-01T20:30:00+00:00,113421.10,113669.50,113340.10,113596.90,1375.119
2025-08-01T20:45:00+00:00,113596.90,113934.00,113519.50,113900.00,1632.691
2025-08-01T21:00:00+00:00,113900.10,114030.00,113781.40,113804.20,1735.557
2025-08-01T21:15:00+00:00,113804.30,113968.10,113617.90,113955.50,891.625
2025-08-01T21:30:00+00:00,113955.40,114039.00,113892.60,113899.80,764.598
2025-08-01T21:45:00+00:00,113899.90,114035.90,113828.70,113833.90,437.920
2025-08-01T22:00:00+00:00,113834.00,113958.30,113450.00,113584.20,1672.146
2025-08-01T22:15:00+00:00,113584.20,113757.00,113116.30,113392.80,2479.419
2025-08-01T22:30:00+00:00,113392.80,113435.10,112813.90,113007.90,4981.374
2025-08-01T22:45:00+00:00,113007.90,113204.60,112660.00,113086.20,4327.591
2025-08-01T23:00:00+00:00,113086.30,113307.60,112850.70,113268.70,2033.973
2025-08-01T23:15:00+00:00,113268.60,113518.70,113191.40,113499.90,1091.665
2025-08-01T23:30:00+00:00,113499.90,113500.00,113175.30,113289.30,1028.681
2025-08-01T23:45:00+00:00,113289.30,113358.00,113148.70,113244.80,792.424
2025-08-02T00:00:00+00:00,113244.80,113368.50,113145.00,113300.10,1430.201
2025-08-02T00:15:00+00:00,113300.10,113568.00,113291.60,113514.70,1261.208
2025-08-02T00:30:00+00:00,113514.60,113651.80,113387.20,113582.50,871.820
2025-08-02T00:45:00+00:00,113582.50,113788.00,113581.00,113762.70,938.928
2025-08-02T01:00:00+00:00,113762.60,113863.00,113620.30,113730.00,754.532
2025-08-02T01:15:00+00:00,113729.90,113808.00,113454.50,113521.80,854.042
2025-08-02T01:30:00+00:00,113521.80,113595.90,113357.10,113499.90,523.884
2025-08-02T01:45:00+00:00,113500.00,113627.60,113456.10,113620.10,404.207
2025-08-02T02:00:00+00:00,113620.00,113715.30,113559.80,113692.30,417.340
2025-08-02T02:15:00+00:00,113692.30,113692.30,113466.10,113583.00,652.960
2025-08-02T02:30:00+00:00,113582.90,113674.30,113560.20,113620.10,325.878
2025-08-02T02:45:00+00:00,113620.20,113664.90,113562.80,113647.20,386.675
2025-08-02T03:00:00+00:00,113647.20,113873.70,113647.20,113821.00,904.484
2025-08-02T03:15:00+00:00,113820.90,113838.00,113712.30,113746.70,483.226
2025-08-02T03:30:00+00:00,113746.60,113807.50,113696.20,113783.30,300.955
2025-08-02T03:45:00+00:00,113783.40,113860.00,113751.10,113859.90,516.735
2025-08-02T04:00:00+00:00,113860.00,113888.30,113793.60,113799.90,476.419
2025-08-02T04:15:00+00:00,113799.90,113946.70,113766.30,113938.70,744.009
2025-08-02T04:30:00+00:00,113938.60,114000.00,113938.60,113960.40,958.464
2025-08-02T04:45:00+00:00,113960.30,113985.30,113940.90,113969.60,469.263
2025-08-02T05:00:00+00:00,113969.60,113992.30,113823.90,113829.90,672.997
2025-08-02T05:15:00+00:00,113830.00,113992.30,113790.20,113992.30,479.520
2025-08-02T05:30:00+00:00,113992.30,113995.00,113901.40,113922.70,509.296
2025-08-02T05:45:00+00:00,113922.70,113948.50,113862.20,113929.10,271.360
2025-08-02T06:00:00+00:00,113929.10,113938.90,113779.30,113779.30,640.069
2025-08-02T06:15:00+00:00,113779.30,113779.40,113504.40,113509.10,1635.871
2025-08-02T06:30:00+00:00,113509.10,113613.60,113415.80,113507.60,1439.960
2025-08-02T06:45:00+00:00,113507.60,113699.60,113507.50,113655.10,713.115
2025-08-02T07:00:00+00:00,113655.00,113728.70,113509.00,113628.60,523.001
2025-08-02T07:15:00+00:00,113628.50,113888.80,113628.50,113881.00,639.195
2025-08-02T07:30:00+00:00,113881.10,113918.40,113795.30,113864.00,798.433
2025-08-02T07:45:00+00:00,113864.10,113965.70,113847.40,113919.90,967.354
2025-08-02T08:00:00+00:00,113920.00,113946.10,113885.20,113909.90,579.004
2025-08-02T08:15:00+00:00,113909.90,113988.00,113822.00,113822.00,535.779
2025-08-02T08:30:00+00:00,113822.00,113823.60,113605.50,113670.20,1381.974
2025-08-02T08:45:00+00:00,113670.10,113771.40,113625.70,113633.80,456.801
2025-08-02T09:00:00+00:00,113633.80,113788.00,113624.80,113748.80,404.979
2025-08-02T09:15:00+00:00,113748.80,113804.70,113673.30,113673.40,415.568
2025-08-02T09:30:00+00:00,113673.30,113673.40,113520.00,113523.60,836.679
2025-08-02T09:45:00+00:00,113523.60,113647.50,113523.50,113634.30,456.658
2025-08-02T10:00:00+00:00,113634.40,113662.70,113550.20,113565.40,338.390
2025-08-02T10:15:00+00:00,113565.40,113641.20,113442.60,113597.00,684.753
2025-08-02T10:30:00+00:00,113597.00,113597.00,113370.00,113387.80,1454.926
2025-08-02T10:45:00+00:00,113387.80,113597.70,113387.70,113504.20,587.576
2025-08-02T11:00:00+00:00,113504.10,113595.00,113401.00,113444.00,396.300
2025-08-02T11:15:00+00:00,113444.10,113815.70,113444.00,113808.20,705.940
2025-08-02T11:30:00+00:00,113808.30,113863.50,113750.80,113750.80,604.912
2025-08-02T11:45:00+00:00,113750.80,113793.40,113688.80,113732.50,378.596
2025-08-02T12:00:00+00:00,113732.60,113740.50,113650.70,113670.10,329.655
2025-08-02T12:15:00+00:00,113670.10,113703.90,113642.70,113665.10,251.864
2025-08-02T12:30:00+00:00,113665.10,113703.80,113525.90,113525.90,456.598
2025-08-02T12:45:00+00:00,113525.90,113647.30,113519.10,113574.10,356.634
2025-08-02T13:00:00+00:00,113574.10,113595.60,113399.90,113400.00,820.258
2025-08-02T13:15:00+00:00,113400.00,113436.10,113230.00,113230.00,1517.963
2025-08-02T13:30:00+00:00,113230.10,113423.10,113168.00,113310.10,1427.764
2025-08-02T13:45:00+00:00,113310.20,113491.50,113290.00,113410.10,599.809
2025-08-02T14:00:00+00:00,113410.10,113488.00,113307.90,113307.90,314.757
2025-08-02T14:15:00+00:00,113307.80,113307.90,113071.30,113215.00,1404.292
2025-08-02T14:30:00+00:00,113215.00,113215.00,112911.00,112949.70,2168.263
2025-08-02T14:45:00+00:00,112949.70,113128.00,112877.00,113054.60,2186.660
2025-08-02T15:00:00+00:00,113054.50,113230.70,113049.60,113220.60,945.471
2025-08-02T15:15:00+00:00,113220.50,113384.60,113198.90,113198.90,906.191
2025-08-02T15:30:00+00:00,113198.90,113199.00,112921.50,112976.40,2391.340
2025-08-02T15:45:00+00:00,112976.50,113012.50,112769.20,112798.60,2416.874
2025-08-02T16:00:00+00:00,112798.60,112940.40,112674.70,112730.40,2335.931
2025-08-02T16:15:00+00:00,112730.50,112964.10,112680.00,112877.10,1134.960
2025-08-02T16:30:00+00:00,112877.10,113101.00,112834.00,113071.00,1864.982
2025-08-02T16:45:00+00:00,113071.10,113219.60,112944.70,113156.90,1510.070
2025-08-02T17:00:00+00:00,113156.90,113339.70,113110.90,113317.60,1152.333
2025-08-02T17:15:00+00:00,113317.50,113388.90,113222.70,113324.90,832.452
2025-08-02T17:30:00+00:00,113324.90,113326.80,113057.90,113089.20,705.532
2025-08-02T17:45:00+00:00,113089.30,113089.30,112507.90,112689.40,5636.675
2025-08-02T18:00:00+00:00,112689.40,112876.60,112400.00,112442.00,2433.046
2025-08-02T18:15:00+00:00,112442.10,112687.50,112300.00,112341.30,3170.324
2025-08-02T18:30:00+00:00,112341.30,112548.90,112250.00,112460.80,1998.257
2025-08-02T18:45:00+00:00,112460.70,112492.80,111990.00,112285.20,3976.227
2025-08-02T19:00:00+00:00,112285.10,112383.30,111910.00,112011.90,3883.180
2025-08-02T19:15:00+00:00,112011.90,112665.20,111990.30,112665.10,2420.680
2025-08-02T19:30:00+00:00,112665.10,112895.80,112560.90,112701.00,1865.262
2025-08-02T19:45:00+00:00,112700.50,112709.20,112154.70,112175.50,1417.163
2025-08-02T20:00:00+00:00,112175.50,112328.40,112007.90,112297.00,2040.673
2025-08-02T20:15:00+00:00,112297.10,112445.20,112049.20,112382.10,1360.582
2025-08-02T20:30:00+00:00,112381.80,112384.60,112242.70,112384.00,552.868
2025-08-02T20:45:00+00:00,112384.00,112750.30,112326.40,112750.30,910.999
2025-08-02T21:00:00+00:00,112750.20,112895.00,112538.40,112558.80,1379.804
2025-08-02T21:15:00+00:00,112558.90,112658.10,112506.20,112545.80,495.852
2025-08-02T21:30:00+00:00,112545.80,112850.20,112545.70,112816.30,405.691
2025-08-02T21:45:00+00:00,112817.20,113022.50,112779.40,112814.00,1325.575
2025-08-02T22:00:00+00:00,112814.10,112965.90,112773.90,112775.30,636.026
2025-08-02T22:15:00+00:00,112775.30,112790.90,112497.70,112532.60,752.605
2025-08-02T22:30:00+00:00,112532.60,112802.10,112532.50,112734.50,509.262
2025-08-02T22:45:00+00:00,112734.50,112909.90,112732.30,112810.20,370.469
2025-08-02T23:00:00+00:00,112810.30,112824.90,112510.50,112565.40,596.166
2025-08-02T23:15:00+00:00,112565.30,112680.00,112266.80,112270.10,1541.185
2025-08-02T23:30:00+00:00,112270.10,112728.50,112233.30,112668.60,1157.678
2025-08-02T23:45:00+00:00,112668.70,112731.60,112468.60,112508.80,408.310
2025-08-03T00:00:00+00:00,112508.80,112681.40,112466.70,112622.20,719.758
2025-08-03T00:15:00+00:00,112622.30,112751.50,112248.50,112330.00,1260.805
2025-08-03T00:30:00+00:00,112330.00,112650.00,111850.00,112589.00,3856.586
2025-08-03T00:45:00+00:00,112589.00,112946.20,112548.60,112902.30,1784.273
2025-08-03T01:00:00+00:00,112902.30,113132.50,112780.60,112962.90,1681.757
2025-08-03T01:15:00+00:00,112962.90,113166.00,112871.70,113152.70,803.698
2025-08-03T01:30:00+00:00,113152.70,113225.80,113076.40,113148.10,879.815
2025-08-03T01:45:00+00:00,113148.20,113148.20,112933.00,113050.30,760.292
2025-08-03T02:00:00+00:00,113050.40,113350.00,113040.20,113336.90,1212.523
2025-08-03T02:15:00+00:00,113336.80,113355.90,113231.40,113298.90,695.897
2025-08-03T02:30:00+00:00,113298.80,113385.10,113294.30,113370.10,405.033
2025-08-03T02:45:00+00:00,113370.00,113471.20,113281.30,113466.30,639.136
2025-08-03T03:00:00+00:00,113466.30,113478.00,113388.00,113417.60,670.852
2025-08-03T03:15:00+00:00,113417.50,113523.90,113380.50,113469.80,734.587
2025-08-03T03:30:00+00:00,113469.80,113694.00,113468.50,113658.80,1070.086
2025-08-03T03:45:00+00:00,113658.80,113688.00,113550.90,113550.90,786.672
2025-08-03T04:00:00+00:00,113550.90,113550.90,113362.20,113362.20,760.606
2025-08-03T04:15:00+00:00,113362.20,113485.90,113356.00,113485.90,477.219
2025-08-03T04:30:00+00:00,113485.80,113485.90,113297.80,113335.60,647.585
2025-08-03T04:45:00+00:00,113335.60,113426.30,113285.70,113424.20,432.340
2025-08-03T05:00:00+00:00,113424.30,113457.50,113362.50,113442.20,383.806
2025-08-03T05:15:00+00:00,113442.20,113561.80,113425.50,113538.30,448.284
2025-08-03T05:30:00+00:00,113538.30,113621.70,113468.80,113489.00,466.340
2025-08-03T05:45:00+00:00,113489.10,113579.70,113433.90,113570.30,314.642
2025-08-03T06:00:00+00:00,113570.40,113584.80,113469.40,113473.70,235.952
2025-08-03T06:15:00+00:00,113473.80,113545.10,113446.90,113489.40,214.962
2025-08-03T06:30:00+00:00,113489.30,113539.60,113417.20,113430.00,283.463
2025-08-03T06:45:00+00:00,113430.00,113511.30,113429.90,113504.20,226.012
2025-08-03T07:00:00+00:00,113504.20,113638.60,113504.20,113628.50,340.478
2025-08-03T07:15:00+00:00,113628.60,113665.20,113572.00,113664.60,335.809
2025-08-03T07:30:00+00:00,113664.70,113676.40,113605.60,113656.80,385.323
2025-08-03T07:45:00+00:00,113656.70,113656.80,113605.10,113647.20,348.950
2025-08-03T08:00:00+00:00,113647.20,113731.70,113647.10,113731.70,727.679
2025-08-03T08:15:00+00:00,113731.70,113749.70,113610.60,113621.90,672.665
2025-08-03T08:30:00+00:00,113621.90,113632.60,113525.90,113555.00,532.976
2025-08-03T08:45:00+00:00,113555.10,113661.90,113492.50,113640.80,574.432
2025-08-03T09:00:00+00:00,113640.90,113672.00,113583.30,113624.10,303.554
2025-08-03T09:15:00+00:00,113624.10,113640.70,113563.00,113606.70,308.834
2025-08-03T09:30:00+00:00,113606.60,113640.70,113583.00,113620.30,241.932
2025-08-03T09:45:00+00:00,113620.30,113645.00,113601.80,113612.40,195.653
2025-08-03T10:00:00+00:00,113612.40,113726.00,113612.30,113726.00,307.599
2025-08-03T10:15:00+00:00,113726.00,113740.70,113688.70,113711.90,273.699
2025-08-03T10:30:00+00:00,113711.80,113780.00,113666.10,113752.50,445.050
2025-08-03T10:45:00+00:00,113752.40,113848.00,113747.90,113846.00,749.987
2025-08-03T11:00:00+00:00,113846.00,114200.00,113846.00,114175.90,2580.653
2025-08-03T11:15:00+00:00,114176.00,114178.90,113939.50,113953.40,1472.566
2025-08-03T11:30:00+00:00,113953.40,113978.90,113847.10,113894.50,1086.504
2025-08-03T11:45:00+00:00,113894.40,114000.00,113810.00,113810.10,549.676
2025-08-03T12:00:00+00:00,113810.00,113830.70,113639.00,113688.60,1001.866
2025-08-03T12:15:00+00:00,113688.60,113759.60,113600.00,113740.00,717.430
2025-08-03T12:30:00+00:00,113740.10,113962.40,113718.00,113960.10,793.301
2025-08-03T12:45:00+00:00,113960.10,114049.80,113910.50,113957.00,905.921
2025-08-03T13:00:00+00:00,113957.10,114040.00,113870.00,114019.20,511.300
2025-08-03T13:15:00+00:00,114019.30,114022.80,113754.40,113800.00,608.488
2025-08-03T13:30:00+00:00,113799.90,113936.90,113799.90,113840.10,287.656
2025-08-03T13:45:00+00:00,113840.00,113898.60,113756.20,113896.90,289.579
2025-08-03T14:00:00+00:00,113897.00,114017.30,113681.10,113777.80,859.103
2025-08-03T14:15:00+00:00,113777.80,113840.00,113529.60,113604.40,2068.587
2025-08-03T14:30:00+00:00,113604.40,113805.00,113561.00,113768.10,598.157
2025-08-03T14:45:00+00:00,113768.10,113786.80,113664.60,113732.20,297.024
2025-08-03T15:00:00+00:00,113732.20,113732.30,113625.00,113727.60,475.133
2025-08-03T15:15:00+00:00,113727.70,113836.10,113700.00,113792.90,325.283
2025-08-03T15:30:00+00:00,113793.00,113904.30,113617.80,113888.20,888.558
2025-08-03T15:45:00+00:00,113888.30,113922.20,113830.00,113904.30,273.010
2025-08-03T16:00:00+00:00,113904.30,113904.40,113727.80,113741.00,451.914
2025-08-03T16:15:00+00:00,113741.10,113841.10,113732.00,113841.00,232.778
2025-08-03T16:30:00+00:00,113841.00,113925.00,113840.00,113915.90,335.696
2025-08-03T16:45:00+00:00,113915.90,113987.40,113855.50,113950.10,558.111
2025-08-03T17:00:00+00:00,113950.10,114125.20,113937.20,114080.00,748.927
2025-08-03T17:15:00+00:00,114079.90,114117.00,113947.60,113962.20,405.639
2025-08-03T17:30:00+00:00,113962.20,114068.90,113894.10,113910.50,299.889
2025-08-03T17:45:00+00:00,113910.50,114069.00,113910.50,114068.90,240.031
2025-08-03T18:00:00+00:00,114068.90,114076.20,114008.70,114076.20,416.680
2025-08-03T18:15:00+00:00,114076.10,114420.50,114019.30,114239.80,1561.099
2025-08-03T18:30:00+00:00,114239.80,114320.00,114073.60,114280.80,622.995
2025-08-03T18:45:00+00:00,114280.80,114361.00,114255.70,114328.40,585.279
2025-08-03T19:00:00+00:00,114328.50,114437.00,114239.30,114338.00,541.524
2025-08-03T19:15:00+00:00,114338.00,114595.30,114338.00,114465.10,1192.180
2025-08-03T19:30:00+00:00,114465.00,114730.00,114357.30,114359.30,1595.706
2025-08-03T19:45:00+00:00,114359.30,114426.40,114200.10,114259.00,782.016
2025-08-03T20:00:00+00:00,114259.10,114259.10,114120.40,114194.00,455.894
2025-08-03T20:15:00+00:00,114194.00,114198.30,114110.90,114157.70,293.374
2025-08-03T20:30:00+00:00,114157.60,114358.00,114118.60,114346.50,444.803
2025-08-03T20:45:00+00:00,114346.60,114418.90,114318.60,114370.20,370.932
2025-08-03T21:00:00+00:00,114370.10,114469.40,114322.80,114469.30,295.863
2025-08-03T21:15:00+00:00,114469.30,114469.40,114370.40,114425.50,281.892
2025-08-03T21:30:00+00:00,114425.60,114459.00,114307.60,114307.70,302.708
2025-08-03T21:45:00+00:00,114307.60,114436.50,114307.60,114378.80,140.631
2025-08-03T22:00:00+00:00,114378.80,114567.30,114153.80,114180.10,898.766
2025-08-03T22:15:00+00:00,114180.10,114195.30,114011.30,114063.20,796.558
2025-08-03T22:30:00+00:00,114063.20,114228.00,114049.90,114224.10,460.560
2025-08-03T22:45:00+00:00,114224.20,114332.30,114191.50,114264.80,276.350
2025-08-03T23:00:00+00:00,114264.80,114356.70,114214.00,114349.90,422.973
2025-08-03T23:15:00+00:00,114350.00,114459.70,114215.30,114215.40,418.716
2025-08-03T23:30:00+00:00,114215.40,114258.90,114156.00,114185.50,298.202
2025-08-03T23:45:00+00:00,114185.40,114190.30,114120.50,114150.80,267.787
2025-08-04T00:00:00+00:00,114150.90,114288.00,114053.80,114112.80,763.530
2025-08-04T00:15:00+00:00,114112.90,114358.60,114067.70,114306.10,769.953
2025-08-04T00:30:00+00:00,114306.00,114555.00,114239.60,114544.90,767.533
2025-08-04T00:45:00+00:00,114545.00,114890.00,114544.90,114856.60,2529.058
2025-08-04T01:00:00+00:00,114856.70,114963.40,114600.10,114708.40,1529.429
2025-08-04T01:15:00+00:00,114708.30,114892.50,114562.80,114780.00,947.119
2025-08-04T01:30:00+00:00,114780.00,114900.00,114661.00,114676.60,486.495
2025-08-04T01:45:00+00:00,114676.60,114740.00,114590.00,114637.80,451.252
2025-08-04T02:00:00+00:00,114637.80,114698.80,114358.10,114409.40,936.138
2025-08-04T02:15:00+00:00,114409.30,114708.90,114398.20,114670.70,581.985
2025-08-04T02:30:00+00:00,114670.70,114843.50,114514.30,114540.70,642.787
2025-08-04T02:45:00+00:00,114540.80,114764.40,114509.20,114754.90,443.639
2025-08-04T03:00:00+00:00,114755.00,114760.20,114644.90,114660.60,453.222
2025-08-04T03:15:00+00:00,114660.70,114718.00,114624.40,114642.10,275.611
2025-08-04T03:30:00+00:00,114642.00,114642.10,114469.60,114611.90,432.233
2025-08-04T03:45:00+00:00,114612.00,114614.80,114514.60,114520.20,285.253
2025-08-04T04:00:00+00:00,114520.30,114605.80,114520.20,114568.60,325.042
2025-08-04T04:15:00+00:00,114568.60,114568.60,114446.40,114549.60,344.714
2025-08-04T04:30:00+00:00,114549.60,114549.60,114324.10,114326.20,890.276
2025-08-04T04:45:00+00:00,114326.20,114385.50,114275.20,114336.60,810.973
2025-08-04T05:00:00+00:00,114336.50,114360.60,114233.00,114279.30,590.970
2025-08-04T05:15:00+00:00,114279.30,114279.30,114173.00,114173.00,933.234
2025-08-04T05:30:00+00:00,114173.00,114257.80,114130.50,114198.70,593.618
2025-08-04T05:45:00+00:00,114198.60,114384.60,114172.60,114335.60,477.593
2025-08-04T06:00:00+00:00,114335.70,114400.00,114208.30,114208.50,426.831
2025-08-04T06:15:00+00:00,114208.40,114279.10,114089.00,114206.50,805.163
2025-08-04T06:30:00+00:00,114206.50,114410.70,114128.90,114340.30,473.522
2025-08-04T06:45:00+00:00,114340.30,114447.20,114242.40,114372.10,461.825
2025-08-04T07:00:00+00:00,114372.20,114514.70,114350.30,114487.90,490.722
2025-08-04T07:15:00+00:00,114488.00,114498.50,114426.80,114456.40,219.008
2025-08-04T07:30:00+00:00,114456.30,114647.90,114442.70,114647.80,618.056
2025-08-04T07:45:00+00:00,114647.90,114739.30,114600.00,114607.00,818.250
2025-08-04T08:00:00+00:00,114607.00,114706.20,114549.60,114592.10,872.603
2025-08-04T08:15:00+00:00,114592.00,114715.00,114401.10,114410.50,1024.850
2025-08-04T08:30:00+00:00,114410.50,114578.90,114301.80,114502.20,682.309
2025-08-04T08:45:00+00:00,114502.30,114546.00,114405.30,114493.40,373.779
2025-08-04T09:00:00+00:00,114493.40,114588.00,114493.40,114539.00,357.397
2025-08-04T09:15:00+00:00,114539.00,114700.00,114401.40,114579.80,555.219
2025-08-04T09:30:00+00:00,114579.80,114654.20,114436.60,114436.60,284.085
2025-08-04T09:45:00+00:00,114436.70,114438.50,114250.00,114273.00,469.391
2025-08-04T10:00:00+00:00,114272.90,114397.80,114239.10,114397.70,398.560
2025-08-04T10:15:00+00:00,114397.80,114459.90,114288.10,114294.60,455.174
2025-08-04T10:30:00+00:00,114294.60,114394.50,114273.50,114292.00,293.427
2025-08-04T10:45:00+00:00,114292.00,114328.00,114180.00,114201.70,375.611
2025-08-04T11:00:00+00:00,114201.70,114325.20,114166.00,114263.50,349.275
2025-08-04T11:15:00+00:00,114263.50,114332.70,114181.80,114332.40,417.309
2025-08-04T11:30:00+00:00,114332.40,114400.10,114281.20,114368.10,291.033
2025-08-04T11:45:00+00:00,114368.10,114476.70,114319.90,114450.00,437.647
2025-08-04T12:00:00+00:00,114450.10,114499.00,114392.00,114449.90,560.606
2025-08-04T12:15:00+00:00,114450.00,114470.40,114320.60,114376.20,341.706
2025-08-04T12:30:00+00:00,114376.30,114404.20,114270.50,114318.00,336.230
2025-08-04T12:45:00+00:00,114318.10,114404.90,114261.50,114395.30,481.687
2025-08-04T13:00:00+00:00,114395.20,114451.80,114271.60,114364.50,607.726
2025-08-04T13:15:00+00:00,114364.40,114412.00,114115.40,114151.30,1095.369
2025-08-04T13:30:00+00:00,114151.20,114788.70,114070.00,114746.50,3044.229
2025-08-04T13:45:00+00:00,114746.50,114879.20,114500.00,114870.10,2835.704
2025-08-04T14:00:00+00:00,114870.00,115431.60,114868.20,115194.10,6245.390
2025-08-04T14:15:00+00:00,115194.10,115376.70,115121.40,115376.70,2547.194
2025-08-04T14:30:00+00:00,115376.70,115427.40,114912.00,114944.90,2582.651
2025-08-04T14:45:00+00:00,114945.00,115109.30,114574.20,114686.60,2963.663
2025-08-04T15:00:00+00:00,114686.60,114969.90,114610.30,114937.10,1342.044
2025-08-04T15:15:00+00:00,114937.10,114981.60,114720.60,114720.60,881.377
2025-08-04T15:30:00+00:00,114720.70,114874.20,114500.00,114666.60,967.630
2025-08-04T15:45:00+00:00,114666.70,114833.50,114538.40,114766.30,742.129
2025-08-04T16:00:00+00:00,114766.40,115148.00,114766.40,114972.30,1948.326
2025-08-04T16:15:00+00:00,114972.30,115094.90,114843.20,114843.20,1043.628
2025-08-04T16:30:00+00:00,114843.30,115122.00,114834.70,115018.90,1199.993
2025-08-04T16:45:00+00:00,115018.90,115384.60,115018.90,115253.30,2112.626
2025-08-04T17:00:00+00:00,115253.30,115665.30,115194.40,115663.70,2897.360
2025-08-04T17:15:00+00:00,115663.80,115686.00,115381.60,115482.10,1347.460
2025-08-04T17:30:00+00:00,115482.70,115494.00,115157.10,115192.70,1089.728
2025-08-04T17:45:00+00:00,115192.70,115252.60,115091.60,115149.90,678.457
2025-08-04T18:00:00+00:00,115149.80,115227.20,115030.80,115030.80,610.256
2025-08-04T18:15:00+00:00,115030.90,115270.80,115002.30,115227.40,468.587
2025-08-04T18:30:00+00:00,115227.50,115227.50,115002.70,115021.30,409.516
2025-08-04T18:45:00+00:00,115021.40,115076.00,114857.40,114907.30,737.897
2025-08-04T19:00:00+00:00,114907.20,115018.20,114837.90,114924.00,525.665
2025-08-04T19:15:00+00:00,114924.00,115082.30,114838.00,114872.30,476.470
2025-08-04T19:30:00+00:00,114872.30,114902.90,114718.20,114749.40,959.848
2025-08-04T19:45:00+00:00,114749.40,114795.80,114681.10,114724.00,516.251
2025-08-04T20:00:00+00:00,114724.00,114829.80,114581.20,114652.50,1060.232
2025-08-04T20:15:00+00:00,114652.40,114787.10,114580.40,114680.70,559.906
2025-08-04T20:30:00+00:00,114680.60,115042.60,114680.60,114970.50,1014.401
2025-08-04T20:45:00+00:00,114970.40,114970.50,114754.90,114754.90,759.623
2025-08-04T21:00:00+00:00,114754.90,114992.40,114754.70,114986.50,614.908
2025-08-04T21:15:00+00:00,114986.40,115119.10,114876.40,114944.60,613.773
2025-08-04T21:30:00+00:00,114944.50,115203.10,114915.70,115203.10,485.936
2025-08-04T21:45:00+00:00,115203.10,115222.00,115028.30,115066.30,392.391
2025-08-04T22:00:00+00:00,115066.20,115197.00,115042.30,115183.90,762.724
2025-08-04T22:15:00+00:00,115184.20,115240.70,115028.10,115028.10,379.718
2025-08-04T22:30:00+00:00,115028.20,115207.10,115028.10,115129.20,429.167
2025-08-04T22:45:00+00:00,115129.10,115284.20,115089.80,115284.10,392.955
2025-08-04T23:00:00+00:00,115284.20,115299.00,115196.50,115283.80,687.975
2025-08-04T23:15:00+00:00,115283.90,115289.80,115208.10,115255.90,192.381
2025-08-04T23:30:00+00:00,115255.90,115255.90,115142.00,115168.80,327.667
2025-08-04T23:45:00+00:00,115168.80,115179.90,114990.40,115002.10,844.728
2025-08-05T00:00:00+00:00,115002.10,115055.00,114886.60,114964.10,766.856
2025-08-05T00:15:00+00:00,114964.00,114964.10,114805.30,114832.00,589.923
2025-08-05T00:30:00+00:00,114832.10,115073.30,114828.40,114845.40,638.055
2025-08-05T00:45:00+00:00,114845.40,114951.60,114780.00,114837.50,363.460
2025-08-05T01:00:00+00:00,114837.50,115006.50,114799.80,114916.60,520.331
2025-08-05T01:15:00+00:00,114916.60,114920.70,114740.00,114841.90,517.826
2025-08-05T01:30:00+00:00,114841.80,114862.20,114688.70,114862.20,451.526
2025-08-05T01:45:00+00:00,114862.20,114880.50,114632.80,114668.30,454.544
2025-08-05T02:00:00+00:00,114668.20,114781.60,114595.00,114608.50,472.428
2025-08-05T02:15:00+00:00,114608.50,114694.10,114562.30,114572.60,416.461
2025-08-05T02:30:00+00:00,114572.50,114654.50,114572.50,114594.50,314.209
2025-08-05T02:45:00+00:00,114594.50,114789.30,114585.00,114683.10,543.009
2025-08-05T03:00:00+00:00,114683.10,114700.00,114347.00,114419.50,1504.793
2025-08-05T03:15:00+00:00,114419.60,114454.90,114237.30,114303.40,1427.372
2025-08-05T03:30:00+00:00,114303.30,114370.20,114229.30,114271.50,794.853
2025-08-05T03:45:00+00:00,114271.40,114317.70,114213.60,114215.00,542.783
2025-08-05T04:00:00+00:00,114214.90,114392.60,114175.70,114351.30,1116.662
2025-08-05T04:15:00+00:00,114351.40,114365.80,114164.00,114199.00,800.240
2025-08-05T04:30:00+00:00,114199.10,114246.20,114114.00,114218.50,690.659
2025-08-05T04:45:00+00:00,114218.50,114341.10,114218.50,114287.80,480.726
2025-08-05T05:00:00+00:00,114287.80,114450.00,114260.00,114398.40,651.139
2025-08-05T05:15:00+00:00,114398.40,114413.30,114301.20,114368.60,336.330
2025-08-05T05:30:00+00:00,114368.60,114419.10,114201.10,114201.10,835.246
2025-08-05T05:45:00+00:00,114201.20,114400.00,114201.10,114373.80,541.592
2025-08-05T06:00:00+00:00,114373.80,114435.70,114316.50,114392.90,419.586
2025-08-05T06:15:00+00:00,114393.00,114468.10,114362.60,114432.10,481.524
2025-08-05T06:30:00+00:00,114432.20,114432.60,114245.90,114276.50,648.732
2025-08-05T06:45:00+00:00,114276.40,114276.50,114054.30,114135.00,1571.925
2025-08-05T07:00:00+00:00,114134.90,114259.50,114085.00,114238.40,866.463
2025-08-05T07:15:00+00:00,114238.40,114359.70,114157.40,114157.40,829.502
2025-08-05T07:30:00+00:00,114157.40,114213.80,113650.00,114014.90,4928.858
2025-08-05T07:45:00+00:00,114014.90,114172.60,113876.90,113924.70,1690.697
2025-08-05T08:00:00+00:00,113924.70,114090.10,113869.50,113952.50,1113.703
2025-08-05T08:15:00+00:00,113952.50,114342.50,113952.50,114334.30,1677.405
2025-08-05T08:30:00+00:00,114334.20,114492.00,114215.70,114270.00,1468.539
2025-08-05T08:45:00+00:00,114270.00,114307.10,114178.60,114239.80,621.184
2025-08-05T09:00:00+00:00,114239.80,114433.90,114239.80,114433.70,576.417
2025-08-05T09:15:00+00:00,114433.70,114553.80,114360.00,114545.60,918.522
2025-08-05T09:30:00+00:00,114545.50,114783.80,114471.10,114686.50,1337.813
2025-08-05T09:45:00+00:00,114686.50,114761.00,114560.40,114649.70,1070.787
2025-08-05T10:00:00+00:00,114649.70,114769.20,114530.10,114593.40,980.285
2025-08-05T10:15:00+00:00,114593.40,115054.50,114593.30,114917.80,2177.149
2025-08-05T10:30:00+00:00,114917.80,115057.00,114817.30,114942.20,1201.807
2025-08-05T10:45:00+00:00,114942.20,114942.20,114769.20,114799.60,407.829
2025-08-05T11:00:00+00:00,114799.70,114821.80,114700.00,114750.20,511.634
2025-08-05T11:15:00+00:00,114750.20,114882.90,114718.40,114863.80,395.334
2025-08-05T11:30:00+00:00,114863.70,114934.40,114722.00,114896.90,532.934
2025-08-05T11:45:00+00:00,114897.00,114897.00,114701.60,114782.00,551.041
2025-08-05T12:00:00+00:00,114782.10,114860.10,114708.80,114860.10,388.255
2025-08-05T12:15:00+00:00,114860.10,114860.10,114300.20,114470.00,2441.627
2025-08-05T12:30:00+00:00,114470.00,114470.10,113407.10,113828.60,6190.351
2025-08-05T12:45:00+00:00,113828.60,114060.00,113813.10,113897.00,2004.940
2025-08-05T13:00:00+00:00,113897.00,114073.40,113812.90,113993.60,1525.031
2025-08-05T13:15:00+00:00,113993.60,114166.00,113974.50,114117.60,1162.424
2025-08-05T13:30:00+00:00,114117.70,114424.50,113984.40,114232.90,2106.312
2025-08-05T13:45:00+00:00,114233.00,114530.00,114232.90,114322.60,1323.512
2025-08-05T14:00:00+00:00,114322.60,114341.90,113640.80,113823.00,3063.076
2025-08-05T14:15:00+00:00,113823.10,113846.10,113088.00,113211.70,7408.582
2025-08-05T14:30:00+00:00,113211.80,113229.00,112666.60,112733.10,7143.298
2025-08-05T14:45:00+00:00,112733.10,113015.50,112582.40,112975.60,4598.315
2025-08-05T15:00:00+00:00,112975.60,113192.00,112625.10,113130.10,3974.856
2025-08-05T15:15:00+00:00,113130.00,113176.70,112769.20,112916.40,2151.522
2025-08-05T15:30:00+00:00,112916.30,113038.70,112650.00,112730.20,1871.421
2025-08-05T15:45:00+00:00,112730.20,112942.50,112655.00,112871.80,1435.499
2025-08-05T16:00:00+00:00,112871.70,113100.00,112767.60,113072.50,1311.476
2025-08-05T16:15:00+00:00,113072.50,113183.40,112968.00,113146.50,1323.206
2025-08-05T16:30:00+00:00,113146.50,113318.40,112755.10,112991.20,1808.058
2025-08-05T16:45:00+00:00,112991.20,113149.40,112810.50,113120.00,1056.759
2025-08-05T17:00:00+00:00,113120.10,113208.30,113034.40,113188.10,705.252
2025-08-05T17:15:00+00:00,113188.00,113442.10,113144.00,113340.10,1371.662
2025-08-05T17:30:00+00:00,113340.00,113480.00,113248.50,113287.40,1198.045
2025-08-05T17:45:00+00:00,113287.30,113641.20,113200.00,113579.70,1594.822
2025-08-05T18:00:00+00:00,113579.70,113613.50,113450.00,113450.00,639.091
2025-08-05T18:15:00+00:00,113450.00,113565.00,113327.00,113399.90,693.150
2025-08-05T18:30:00+00:00,113399.90,113473.60,113309.90,113337.80,502.727
2025-08-05T18:45:00+00:00,113338.20,113597.60,113195.90,113595.90,1120.451
2025-08-05T19:00:00+00:00,113595.90,113731.70,113550.00,113553.50,1287.851
2025-08-05T19:15:00+00:00,113553.50,113662.70,113500.80,113550.40,500.457
2025-08-05T19:30:00+00:00,113550.40,113634.00,113535.60,113542.70,342.003
2025-08-05T19:45:00+00:00,113542.80,113669.90,113343.60,113573.10,828.191
2025-08-05T20:00:00+00:00,113573.80,113770.00,113573.80,113770.00,554.415
2025-08-05T20:15:00+00:00,113769.90,113947.80,113730.80,113945.60,1003.669
2025-08-05T20:30:00+00:00,113945.70,113948.00,113561.00,113611.00,834.063
2025-08-05T20:45:00+00:00,113611.00,113656.50,113443.90,113655.80,905.510
2025-08-05T21:00:00+00:00,113655.80,113833.00,113615.00,113616.60,604.230
2025-08-05T21:15:00+00:00,113616.70,113800.00,113564.60,113786.90,618.900
2025-08-05T21:30:00+00:00,113786.90,113800.00,113624.60,113624.60,272.500
2025-08-05T21:45:00+00:00,113624.60,113624.60,113509.60,113544.00,341.784
2025-08-05T22:00:00+00:00,113544.00,113756.50,113240.10,113729.40,1876.161
2025-08-05T22:15:00+00:00,113729.30,113827.00,113674.30,113827.00,567.173
2025-08-05T22:30:00+00:00,113826.90,113895.80,113787.00,113895.80,860.104
2025-08-05T22:45:00+00:00,113895.80,113944.60,113853.70,113910.00,421.923
2025-08-05T23:00:00+00:00,113910.00,114041.20,113866.40,114034.70,848.027
2025-08-05T23:15:00+00:00,114034.70,114100.00,113968.00,114004.30,842.517
2025-08-05T23:30:00+00:00,114004.40,114178.40,113984.10,114123.10,580.494
2025-08-05T23:45:00+00:00,114123.00,114133.40,114053.50,114069.60,362.043
2025-08-06T00:00:00+00:00,114069.60,114091.30,113902.40,114008.00,680.140
2025-08-06T00:15:00+00:00,114008.00,114008.00,113869.80,113900.00,504.894
2025-08-06T00:30:00+00:00,113899.90,113986.60,113821.90,113899.00,625.158
2025-08-06T00:45:00+00:00,113898.90,113898.90,113694.00,113834.50,792.401
2025-08-06T01:00:00+00:00,113834.50,113893.70,113723.00,113803.80,518.199
2025-08-06T01:15:00+00:00,113803.90,113842.00,113538.40,113549.40,913.043
2025-08-06T01:30:00+00:00,113549.30,113834.60,113534.30,113733.30,913.692
2025-08-06T01:45:00+00:00,113733.30,113846.10,113620.40,113777.30,527.300
2025-08-06T02:00:00+00:00,113777.20,113789.10,113444.80,113592.30,657.205
2025-08-06T02:15:00+00:00,113592.20,113707.00,113560.90,113638.90,399.422
2025-08-06T02:30:00+00:00,113639.00,113693.40,113487.10,113626.90,510.815
2025-08-06T02:45:00+00:00,113626.90,113653.80,113520.70,113588.70,355.073
2025-08-06T03:00:00+00:00,113588.80,113621.80,113444.80,113574.30,465.717
2025-08-06T03:15:00+00:00,113574.30,113574.30,113355.50,113397.80,657.426
2025-08-06T03:30:00+00:00,113397.80,113514.90,113385.00,113514.90,405.730
2025-08-06T03:45:00+00:00,113514.90,113580.80,113470.10,113470.10,260.784
2025-08-06T04:00:00+00:00,113470.20,113547.60,113345.00,113351.00,773.119
2025-08-06T04:15:00+00:00,113351.00,113463.40,113321.80,113416.90,566.446
2025-08-06T04:30:00+00:00,113417.00,113438.20,113304.50,113371.60,454.423
2025-08-06T04:45:00+00:00,113371.70,113445.30,113335.10,113385.70,351.196
2025-08-06T05:00:00+00:00,113385.80,113898.70,113340.30,113896.80,1424.369
2025-08-06T05:15:00+00:00,113896.70,114107.60,113756.30,113882.60,2413.365
2025-08-06T05:30:00+00:00,113882.50,114390.20,113882.50,114203.10,2463.722
2025-08-06T05:45:00+00:00,114203.10,114288.00,114068.60,114114.80,1110.481
2025-08-06T06:00:00+00:00,114114.80,114144.40,113878.80,113957.80,834.801
2025-08-06T06:15:00+00:00,113957.80,114063.60,113880.20,113943.60,502.107
2025-08-06T06:30:00+00:00,113943.60,114100.00,113880.90,114019.30,473.075
2025-08-06T06:45:00+00:00,114019.30,114159.30,113980.00,114042.20,463.381
2025-08-06T07:00:00+00:00,114042.30,114256.60,113965.40,114200.00,941.988
2025-08-06T07:15:00+00:00,114200.00,114259.10,114143.50,114240.60,464.981
2025-08-06T07:30:00+00:00,114240.60,114246.30,114049.40,114125.90,664.960
2025-08-06T07:45:00+00:00,114125.90,114197.20,114100.60,114179.20,441.243
2025-08-06T08:00:00+00:00,114179.20,114213.60,113971.50,114006.10,1157.882
2025-08-06T08:15:00+00:00,114006.10,114088.70,113936.10,114010.30,476.415
2025-08-06T08:30:00+00:00,114010.40,114010.40,113704.00,113725.00,1155.539
2025-08-06T08:45:00+00:00,113725.00,113922.00,113663.30,113900.10,935.512
2025-08-06T09:00:00+00:00,113900.10,114140.90,113862.50,114134.70,773.797
2025-08-06T09:15:00+00:00,114134.80,114337.10,114049.60,114056.70,1482.263
2025-08-06T09:30:00+00:00,114056.60,114066.90,113897.00,113935.20,565.448
2025-08-06T09:45:00+00:00,113935.30,114109.30,113924.30,114049.60,339.863
2025-08-06T10:00:00+00:00,114049.50,114187.20,113989.20,114078.00,652.626
2025-08-06T10:15:00+00:00,114078.00,114180.70,113835.30,113930.20,888.290
2025-08-06T10:30:00+00:00,113930.30,114097.60,113884.90,114085.80,486.958
2025-08-06T10:45:00+00:00,114085.80,114097.00,113973.70,114019.20,329.332
2025-08-06T11:00:00+00:00,114019.20,114112.00,113953.20,114100.20,667.667
2025-08-06T11:15:00+00:00,114100.20,114212.50,114100.20,114209.90,506.064
2025-08-06T11:30:00+00:00,114210.00,114372.70,114209.70,114269.40,1075.198
2025-08-06T11:45:00+00:00,114269.50,114269.50,114126.60,114188.00,314.645
2025-08-06T12:00:00+00:00,114187.90,114289.30,113878.00,113903.70,806.253
2025-08-06T12:15:00+00:00,113903.60,114153.80,113743.10,114015.20,1508.475
2025-08-06T12:30:00+00:00,114015.20,114211.40,114002.00,114006.60,491.736
2025-08-06T12:45:00+00:00,114006.60,114049.30,113825.00,113872.70,1112.018
2025-08-06T13:00:00+00:00,113872.70,113985.20,113769.20,113840.90,1039.309
2025-08-06T13:15:00+00:00,113840.90,113923.00,113772.50,113869.60,510.492
2025-08-06T13:30:00+00:00,113869.60,114174.90,113520.00,114132.60,3380.709
2025-08-06T13:45:00+00:00,114133.00,114364.70,113846.10,114218.60,3493.902
2025-08-06T14:00:00+00:00,114218.50,114459.40,114180.50,114197.40,2201.027
2025-08-06T14:15:00+00:00,114197.50,114296.00,113807.40,114050.00,2273.543
2025-08-06T14:30:00+00:00,114050.00,114330.40,113964.30,114246.10,1148.444
2025-08-06T14:45:00+00:00,114246.20,115179.20,114095.00,115142.70,6474.685
2025-08-06T15:00:00+00:00,115142.60,115266.00,114775.50,114985.50,5723.539
2025-08-06T15:15:00+00:00,114985.40,115035.00,114814.50,114895.00,1578.825
2025-08-06T15:30:00+00:00,114895.10,115299.00,114884.90,115166.50,2639.715
2025-08-06T15:45:00+00:00,115166.60,115488.00,115071.70,115366.30,3393.120
2025-08-06T16:00:00+00:00,115366.20,115438.30,115090.80,115152.50,3341.755
2025-08-06T16:15:00+00:00,115152.50,115222.90,114984.40,115088.50,1463.423
2025-08-06T16:30:00+00:00,115088.40,115167.30,114901.00,114906.80,1132.797
2025-08-06T16:45:00+00:00,114906.70,115124.60,114867.00,115088.50,1309.356
2025-08-06T17:00:00+00:00,115088.40,115143.00,114972.90,115119.00,785.093
2025-08-06T17:15:00+00:00,115119.00,115319.40,115112.30,115319.40,1067.238
2025-08-06T17:30:00+00:00,115319.30,115422.00,115183.60,115418.30,758.758
2025-08-06T17:45:00+00:00,115418.30,115475.20,115332.40,115465.60,882.805
2025-08-06T18:00:00+00:00,115465.60,115661.30,115465.50,115650.90,2029.892
2025-08-06T18:15:00+00:00,115650.90,115674.20,115381.10,115381.10,1364.063
2025-08-06T18:30:00+00:00,115381.10,115532.60,115211.50,115281.00,1359.648
2025-08-06T18:45:00+00:00,115281.00,115449.50,115262.00,115378.80,611.743
2025-08-06T19:00:00+00:00,115378.70,115484.00,115293.80,115359.60,665.458
2025-08-06T19:15:00+00:00,115359.60,115443.50,115336.40,115351.70,370.070
2025-08-06T19:30:00+00:00,115351.70,115361.70,115209.60,115209.60,663.272
2025-08-06T19:45:00+00:00,115209.60,115243.20,115072.30,115215.10,820.076
2025-08-06T20:00:00+00:00,115215.00,115228.50,115094.00,115178.30,415.947
2025-08-06T20:15:00+00:00,115178.30,115183.50,115130.90,115131.00,238.577
2025-08-06T20:30:00+00:00,115131.00,115131.00,114950.10,115019.60,970.495
2025-08-06T20:45:00+00:00,115019.50,115057.70,114977.20,114989.50,350.628
2025-08-06T21:00:00+00:00,114989.60,115183.30,114971.20,115182.50,505.768
2025-08-06T21:15:00+00:00,115182.40,115182.50,115080.50,115080.50,375.910
2025-08-06T21:30:00+00:00,115080.50,115080.60,114732.80,114860.70,1013.783
2025-08-06T21:45:00+00:00,114860.70,115010.50,114860.60,115010.50,362.755
2025-08-06T22:00:00+00:00,115010.50,115166.60,115010.10,115100.30,652.854
2025-08-06T22:15:00+00:00,115100.40,115130.40,114988.20,115044.30,301.792
2025-08-06T22:30:00+00:00,115044.30,115118.20,114988.00,115014.50,223.780
2025-08-06T22:45:00+00:00,115014.50,115117.70,115005.60,115046.40,286.498
2025-08-06T23:00:00+00:00,115046.40,115065.60,114980.30,115003.30,215.690
2025-08-06T23:15:00+00:00,115003.40,115030.80,114923.20,114949.30,229.689
2025-08-06T23:30:00+00:00,114949.30,114990.10,114919.60,114924.70,354.934
2025-08-06T23:45:00+00:00,114924.70,114987.10,114911.00,114941.00,360.176
2025-08-07T00:00:00+00:00,114941.00,114941.00,114853.60,114900.00,501.265
2025-08-07T00:15:00+00:00,114899.90,114900.00,114815.10,114899.00,277.015
2025-08-07T00:30:00+00:00,114898.90,114970.20,114868.00,114869.00,484.410
2025-08-07T00:45:00+00:00,114869.00,114884.30,114810.00,114847.20,273.777
2025-08-07T01:00:00+00:00,114847.20,114900.00,114818.10,114876.90,298.543
2025-08-07T01:15:00+00:00,114876.90,115144.00,114868.60,115100.10,709.180
2025-08-07T01:30:00+00:00,115100.10,115144.00,114954.20,114962.40,641.861
2025-08-07T01:45:00+00:00,114962.30,114962.40,114520.00,114703.60,1679.230
2025-08-07T02:00:00+00:00,114703.60,114798.70,114591.80,114793.00,1058.303
2025-08-07T02:15:00+00:00,114792.90,114828.70,114714.50,114748.00,438.613
2025-08-07T02:30:00+00:00,114748.00,114748.00,114538.80,114538.90,709.200
2025-08-07T02:45:00+00:00,114538.80,114575.00,114333.60,114507.20,1729.384
2025-08-07T03:00:00+00:00,114507.20,114510.00,114386.60,114396.30,564.994
2025-08-07T03:15:00+00:00,114396.30,114469.60,114347.30,114469.50,637.119
2025-08-07T03:30:00+00:00,114469.50,114540.00,114469.40,114521.60,559.812
2025-08-07T03:45:00+00:00,114521.60,114578.50,114493.50,114500.80,284.938
2025-08-07T04:00:00+00:00,114500.90,114615.30,114459.60,114528.70,467.482
2025-08-07T04:15:00+00:00,114528.70,114569.10,114491.20,114491.20,331.509
2025-08-07T04:30:00+00:00,114491.30,114505.70,114351.20,114396.70,730.089
2025-08-07T04:45:00+00:00,114396.60,114396.70,114211.40,114308.50,1171.853
2025-08-07T05:00:00+00:00,114308.50,114319.90,114222.00,114309.00,641.172
2025-08-07T05:15:00+00:00,114309.10,114511.90,114309.00,114413.30,1006.240
2025-08-07T05:30:00+00:00,114413.40,114500.10,114413.30,114495.50,738.282
2025-08-07T05:45:00+00:00,114495.60,114530.00,114421.10,114530.00,560.346
2025-08-07T06:00:00+00:00,114529.90,114676.00,114491.00,114620.90,1047.579
2025-08-07T06:15:00+00:00,114620.80,114637.70,114506.80,114506.90,624.773
2025-08-07T06:30:00+00:00,114506.90,114537.40,114450.20,114534.10,426.556
2025-08-07T06:45:00+00:00,114534.20,114749.90,114534.10,114603.00,837.256
2025-08-07T07:00:00+00:00,114603.10,114743.00,114591.40,114743.00,577.437
2025-08-07T07:15:00+00:00,114743.00,114834.40,114708.60,114788.00,649.232
2025-08-07T07:30:00+00:00,114788.00,114801.80,114696.10,114696.10,449.344
2025-08-07T07:45:00+00:00,114696.20,114753.80,114696.10,114751.10,420.786
2025-08-07T08:00:00+00:00,114751.20,114987.70,114750.00,114900.90,1505.192
2025-08-07T08:15:00+00:00,114900.90,115149.70,114888.80,115117.10,1348.739
2025-08-07T08:30:00+00:00,115117.10,115117.20,114939.00,115010.50,772.159
2025-08-07T08:45:00+00:00,115010.50,115020.00,114904.20,114913.30,491.819
2025-08-07T09:00:00+00:00,114913.30,114993.80,114824.00,114866.50,898.125
2025-08-07T09:15:00+00:00,114866.50,114979.00,114794.90,114978.90,610.848
2025-08-07T09:30:00+00:00,114979.00,114982.00,114842.00,114956.00,424.854
2025-08-07T09:45:00+00:00,114956.00,115040.70,114924.20,115020.40,586.699
2025-08-07T10:00:00+00:00,115020.50,115529.00,114988.80,115452.40,4035.651
2025-08-07T10:15:00+00:00,115452.40,115838.70,115425.00,115824.90,6278.170
2025-08-07T10:30:00+00:00,115824.80,116352.00,115787.50,116347.00,9579.471
2025-08-07T10:45:00+00:00,116346.90,116386.60,116201.50,116291.40,3121.758
2025-08-07T11:00:00+00:00,116291.50,116462.70,116291.50,116432.30,2843.892
2025-08-07T11:15:00+00:00,116432.30,116759.60,116381.10,116759.60,3630.621
2025-08-07T11:30:00+00:00,116759.60,116782.60,116475.80,116588.40,2931.763
2025-08-07T11:45:00+00:00,116588.40,116758.00,116448.60,116469.10,1921.504
2025-08-07T12:00:00+00:00,116469.10,116547.10,116221.70,116244.20,2966.891
2025-08-07T12:15:00+00:00,116244.20,116408.50,116208.80,116339.30,1331.062
2025-08-07T12:30:00+00:00,116339.30,116430.00,116163.40,116198.00,1465.870
2025-08-07T12:45:00+00:00,116198.00,116360.60,115950.10,116323.80,2229.010
2025-08-07T13:00:00+00:00,116323.80,116376.90,116178.40,116191.20,831.111
2025-08-07T13:15:00+00:00,116191.10,116400.00,116143.60,116361.10,1017.348
2025-08-07T13:30:00+00:00,116361.10,116740.30,116272.70,116563.20,3136.800
2025-08-07T13:45:00+00:00,116563.10,116653.40,116362.30,116590.70,1540.963
2025-08-07T14:00:00+00:00,116590.70,116631.60,116180.00,116215.90,1918.229
2025-08-07T14:15:00+00:00,116215.80,116435.00,116212.30,116301.30,1073.751
2025-08-07T14:30:00+00:00,116301.40,116615.10,116145.00,116392.60,2020.391
2025-08-07T14:45:00+00:00,116392.50,116464.00,116200.00,116313.20,1285.667
2025-08-07T15:00:00+00:00,116313.20,116442.70,116173.70,116347.20,875.461
2025-08-07T15:15:00+00:00,116347.20,116547.80,116290.30,116485.10,836.370
2025-08-07T15:30:00+00:00,116485.20,116699.00,116450.10,116697.30,1161.037
2025-08-07T15:45:00+00:00,116697.30,116747.60,116530.00,116634.60,1286.056
2025-08-07T16:00:00+00:00,116634.60,116684.20,116462.50,116601.10,1027.259
2025-08-07T16:15:00+00:00,116601.00,116711.80,116496.40,116626.40,663.167
2025-08-07T16:30:00+00:00,116626.40,116670.20,116025.30,116051.40,2021.646
2025-08-07T16:45:00+00:00,116051.50,116265.00,115555.20,116199.20,5682.773
2025-08-07T17:00:00+00:00,116199.20,116412.60,116051.90,116333.50,1712.908
2025-08-07T17:15:00+00:00,116333.50,116518.20,116286.20,116341.50,1589.382
2025-08-07T17:30:00+00:00,116341.60,116439.60,116139.80,116342.10,866.895
2025-08-07T17:45:00+00:00,116342.00,116497.00,116298.90,116451.20,578.248
2025-08-07T18:00:00+00:00,116451.20,116493.60,116111.00,116170.50,1082.430
2025-08-07T18:15:00+00:00,116170.40,116341.80,116100.00,116296.50,771.640
2025-08-07T18:30:00+00:00,116296.50,116330.00,116186.90,116211.10,892.655
2025-08-07T18:45:00+00:00,116211.00,116537.80,116188.00,116504.60,1999.329
2025-08-07T19:00:00+00:00,116504.50,116598.00,116427.50,116495.00,1025.464
2025-08-07T19:15:00+00:00,116495.00,116676.10,116437.20,116646.90,1179.711
2025-08-07T19:30:00+00:00,116647.00,117099.00,116622.30,117099.00,3939.492
2025-08-07T19:45:00+00:00,117098.90,117487.20,117098.90,117407.60,6453.179
2025-08-07T20:00:00+00:00,117407.50,117450.00,117210.60,117245.10,1751.623
2025-08-07T20:15:00+00:00,117245.10,117421.40,117205.00,117363.50,1245.837
2025-08-07T20:30:00+00:00,117363.60,117402.90,117252.50,117271.30,817.280
2025-08-07T20:45:00+00:00,117271.40,117279.10,117073.30,117120.40,1515.714
2025-08-07T21:00:00+00:00,117120.40,117299.80,117120.40,117283.50,606.811
2025-08-07T21:15:00+00:00,117283.60,117299.70,117206.40,117257.90,395.532
2025-08-07T21:30:00+00:00,117257.90,117277.50,116942.20,117056.80,816.863
2025-08-07T21:45:00+00:00,117056.80,117254.70,117000.00,117029.90,697.460
2025-08-07T22:00:00+00:00,117029.90,117425.00,117020.80,117403.20,1346.256
2025-08-07T22:15:00+00:00,117403.30,117461.80,117225.20,117435.60,1323.907
2025-08-07T22:30:00+00:00,117435.70,117435.70,117262.90,117373.20,636.612
2025-08-07T22:45:00+00:00,117373.20,117580.00,117354.10,117500.10,1836.043
2025-08-07T23:00:00+00:00,117500.10,117523.50,117317.60,117317.70,1012.533
2025-08-07T23:15:00+00:00,117317.60,117345.90,117255.10,117258.10,456.785
2025-08-07T23:30:00+00:00,117258.10,117343.70,117230.70,117343.70,433.283
2025-08-07T23:45:00+00:00,117343.60,117420.00,117327.00,117419.90,545.476
2025-08-08T00:00:00+00:00,117419.90,117439.70,117231.30,117305.00,1049.545
2025-08-08T00:15:00+00:00,117305.10,117305.10,116821.80,117087.30,2766.122
2025-08-08T00:30:00+00:00,117087.30,117591.80,116980.00,117508.60,2189.730
2025-08-08T00:45:00+00:00,117508.60,117550.00,117216.40,117216.50,1075.608
2025-08-08T01:00:00+00:00,117216.40,117216.50,116818.10,117120.80,1838.117
2025-08-08T01:15:00+00:00,117120.70,117120.70,116757.40,116873.70,1305.784
2025-08-08T01:30:00+00:00,116873.70,116965.00,116783.10,116793.50,705.609
2025-08-08T01:45:00+00:00,116793.50,116875.30,116735.50,116843.00,549.254
2025-08-08T02:00:00+00:00,116843.00,116879.20,116733.30,116838.70,518.248
2025-08-08T02:15:00+00:00,116838.70,116838.70,116716.80,116740.40,412.099
2025-08-08T02:30:00+00:00,116740.50,116779.20,116645.60,116700.10,945.727
2025-08-08T02:45:00+00:00,116700.10,116849.30,116643.90,116655.60,860.760
2025-08-08T03:00:00+00:00,116655.70,116764.20,116639.90,116760.50,551.603
2025-08-08T03:15:00+00:00,116760.60,116942.30,116703.00,116875.30,1502.041
2025-08-08T03:30:00+00:00,116875.30,116875.30,116677.00,116699.90,614.373
2025-08-08T03:45:00+00:00,116699.90,116709.80,116663.70,116692.20,438.419
2025-08-08T04:00:00+00:00,116692.20,116800.90,116615.30,116765.20,734.043
2025-08-08T04:15:00+00:00,116765.20,116823.60,116701.00,116734.80,367.255
2025-08-08T04:30:00+00:00,116734.70,116786.20,116701.20,116701.20,409.806
2025-08-08T04:45:00+00:00,116701.30,116744.40,116690.80,116700.00,286.743
2025-08-08T05:00:00+00:00,116700.00,116702.00,116556.10,116606.90,753.086
2025-08-08T05:15:00+00:00,116606.90,116652.00,116561.30,116607.00,353.832
2025-08-08T05:30:00+00:00,116606.90,116606.90,116528.00,116529.20,515.365
2025-08-08T05:45:00+00:00,116529.10,116529.20,116455.80,116484.00,831.208
2025-08-08T06:00:00+00:00,116484.00,116530.80,116342.00,116524.10,1367.840
2025-08-08T06:15:00+00:00,116524.10,116626.60,116410.20,116593.80,813.580
2025-08-08T06:30:00+00:00,116593.90,116666.60,116529.50,116666.60,710.131
2025-08-08T06:45:00+00:00,116666.50,116713.90,116586.50,116686.10,649.437
2025-08-08T07:00:00+00:00,116686.10,116700.00,116501.70,116616.40,633.926
2025-08-08T07:15:00+00:00,116616.30,116917.10,116616.30,116917.00,1288.153
2025-08-08T07:30:00+00:00,116917.00,116917.00,116769.70,116773.20,748.148
2025-08-08T07:45:00+00:00,116773.30,116850.00,116771.70,116772.00,458.004
2025-08-08T08:00:00+00:00,116772.00,116880.00,116669.00,116859.40,794.530
2025-08-08T08:15:00+00:00,116859.40,116870.20,116620.20,116623.30,571.069
2025-08-08T08:30:00+00:00,116623.30,116623.30,116387.40,116485.00,1523.513
2025-08-08T08:45:00+00:00,116485.00,116594.30,116419.00,116570.40,629.359
2025-08-08T09:00:00+00:00,116570.40,116609.40,116480.00,116536.90,553.924
2025-08-08T09:15:00+00:00,116536.90,116589.00,116433.60,116491.20,442.538
2025-08-08T09:30:00+00:00,116491.20,116603.20,116477.80,116554.70,547.042
2025-08-08T09:45:00+00:00,116554.60,116682.90,116554.60,116628.90,375.350
2025-08-08T10:00:00+00:00,116628.90,116677.30,116558.50,116568.00,372.596
2025-08-08T10:15:00+00:00,116568.00,116585.60,116453.30,116453.30,274.132
2025-08-08T10:30:00+00:00,116453.40,116510.70,116407.20,116410.00,375.453
2025-08-08T10:45:00+00:00,116410.00,116529.70,116256.00,116496.60,1401.788
2025-08-08T11:00:00+00:00,116496.50,116761.20,116494.80,116720.00,716.190
2025-08-08T11:15:00+00:00,116719.90,116790.20,116703.90,116703.90,495.748
2025-08-08T11:30:00+00:00,116703.90,116796.30,116703.90,116717.10,339.719
2025-08-08T11:45:00+00:00,116717.10,116864.00,116692.60,116840.50,643.057
2025-08-08T12:00:00+00:00,116840.60,116840.60,116533.00,116578.80,932.699
2025-08-08T12:15:00+00:00,116578.80,116644.00,116514.20,116577.60,533.093
2025-08-08T12:30:00+00:00,116577.60,116625.60,116510.00,116556.10,369.391
2025-08-08T12:45:00+00:00,116556.00,116556.00,116447.40,116450.40,740.357
2025-08-08T13:00:00+00:00,116450.40,116568.50,116450.30,116513.40,488.951
2025-08-08T13:15:00+00:00,116513.50,116700.00,116479.90,116692.90,531.864
2025-08-08T13:30:00+00:00,116692.90,116910.60,116466.30,116777.60,1373.275
2025-08-08T13:45:00+00:00,116777.60,116884.80,116634.30,116862.80,2177.638
2025-08-08T14:00:00+00:00,116862.90,117229.90,116591.10,116713.50,4739.529
2025-08-08T14:15:00+00:00,116713.50,116772.40,116573.50,116689.70,1380.766
2025-08-08T14:30:00+00:00,116689.70,116696.40,116311.20,116488.00,2231.429
2025-08-08T14:45:00+00:00,116488.10,116650.20,116370.00,116441.70,1323.339
2025-08-08T15:00:00+00:00,116441.70,116459.00,116150.00,116292.70,2003.958
2025-08-08T15:15:00+00:00,116292.60,116502.40,116162.10,116230.80,1333.631
2025-08-08T15:30:00+00:00,116230.80,116238.50,115850.00,115880.30,3478.376
2025-08-08T15:45:00+00:00,115880.30,116200.00,115852.00,116162.00,2093.278
2025-08-08T16:00:00+00:00,116162.10,116331.90,116031.90,116091.00,1870.773
2025-08-08T16:15:00+00:00,116091.00,116243.90,116017.50,116052.00,941.514
2025-08-08T16:30:00+00:00,116051.90,116210.30,115949.90,116076.80,992.044
2025-08-08T16:45:00+00:00,116076.70,116226.00,116076.70,116151.90,639.054
2025-08-08T17:00:00+00:00,116151.90,116450.00,116103.50,116374.00,1671.626
2025-08-08T17:15:00+00:00,116374.00,116453.80,116258.90,116307.90,816.955
2025-08-08T17:30:00+00:00,116307.80,116524.60,116307.80,116514.50,855.340
2025-08-08T17:45:00+00:00,116514.60,116666.00,116470.40,116665.90,981.170
2025-08-08T18:00:00+00:00,116665.90,116850.00,116649.10,116705.90,2119.393
2025-08-08T18:15:00+00:00,116705.90,116863.90,116551.40,116554.50,1364.303
2025-08-08T18:30:00+00:00,116554.50,116640.00,116309.50,116355.30,2237.154
2025-08-08T18:45:00+00:00,116355.20,116500.00,116277.50,116460.50,710.167
2025-08-08T19:00:00+00:00,116460.60,116605.50,116436.70,116568.50,635.049
2025-08-08T19:15:00+00:00,116568.50,116663.60,116406.30,116424.90,844.168
2025-08-08T19:30:00+00:00,116424.80,116431.40,116277.10,116383.80,724.527
2025-08-08T19:45:00+00:00,116383.80,116464.60,116331.90,116384.40,628.832
2025-08-08T20:00:00+00:00,116384.40,116426.70,116250.00,116426.30,589.265
2025-08-08T20:15:00+00:00,116426.20,116477.90,116341.40,116461.80,363.073
2025-08-08T20:30:00+00:00,116461.70,116730.30,116461.70,116730.30,877.147
2025-08-08T20:45:00+00:00,116730.30,116850.10,116726.40,116850.10,896.663
2025-08-08T21:00:00+00:00,116850.00,116850.00,116731.00,116783.30,596.821
2025-08-08T21:15:00+00:00,116783.30,116783.40,116683.40,116758.40,377.161
2025-08-08T21:30:00+00:00,116758.30,116930.00,116753.40,116926.00,884.414
2025-08-08T21:45:00+00:00,116925.90,116930.00,116865.00,116883.00,276.881
2025-08-08T22:00:00+00:00,116883.10,116889.20,116701.60,116889.20,678.722
2025-08-08T22:15:00+00:00,116889.10,116941.50,116858.10,116908.90,298.586
2025-08-08T22:30:00+00:00,116908.90,116915.00,116807.20,116877.70,334.871
2025-08-08T22:45:00+00:00,116877.70,116881.70,116822.00,116833.70,217.880
2025-08-08T23:00:00+00:00,116833.60,116870.00,116799.90,116830.60,276.832
2025-08-08T23:15:00+00:00,116830.60,116833.90,116745.30,116745.40,267.185
2025-08-08T23:30:00+00:00,116745.40,116745.40,116600.00,116668.30,616.724
2025-08-08T23:45:00+00:00,116668.30,116668.80,116618.80,116628.20,213.139
2025-08-09T00:00:00+00:00,116628.20,116668.80,116570.90,116668.80,691.356
2025-08-09T00:15:00+00:00,116668.90,116703.60,116611.60,116670.00,290.248
2025-08-09T00:30:00+00:00,116670.00,116670.10,116566.50,116591.70,325.406
2025-08-09T00:45:00+00:00,116591.70,116600.00,116516.80,116542.80,308.757
2025-08-09T01:00:00+00:00,116542.70,116608.80,116500.00,116563.70,266.498
2025-08-09T01:15:00+00:00,116563.70,116563.70,116479.90,116501.20,219.408
2025-08-09T01:30:00+00:00,116501.20,116599.90,116501.20,116599.90,258.723
2025-08-09T01:45:00+00:00,116599.90,116606.00,116517.00,116517.00,214.979
2025-08-09T02:00:00+00:00,116517.00,116517.10,116370.80,116381.40,500.258
2025-08-09T02:15:00+00:00,116381.40,116456.20,116360.40,116400.00,373.043
2025-08-09T02:30:00+00:00,116400.00,116414.80,116336.20,116396.40,307.428
2025-08-09T02:45:00+00:00,116396.40,116431.20,116349.00,116355.40,274.856
2025-08-09T03:00:00+00:00,116355.40,116430.30,116304.70,116412.20,573.940
2025-08-09T03:15:00+00:00,116412.20,116439.30,116364.00,116412.60,245.092
2025-08-09T03:30:00+00:00,116412.60,116412.60,116304.00,116374.10,346.138
2025-08-09T03:45:00+00:00,116374.10,116401.40,116315.20,116331.50,516.819
2025-08-09T04:00:00+00:00,116331.60,116520.80,116309.00,116510.20,707.795
2025-08-09T04:15:00+00:00,116510.20,116510.30,116394.00,116422.90,381.843
2025-08-09T04:30:00+00:00,116422.90,116645.00,116349.90,116370.10,1071.056
2025-08-09T04:45:00+00:00,116370.10,116406.50,116328.00,116383.80,722.655
2025-08-09T05:00:00+00:00,116383.90,116709.90,116361.00,116502.60,2452.041
2025-08-09T05:15:00+00:00,116502.50,116950.10,116500.00,116930.40,2044.237
2025-08-09T05:30:00+00:00,116930.50,116930.60,116671.10,116859.00,1505.934
2025-08-09T05:45:00+00:00,116859.10,116889.30,116660.40,116684.60,907.337
2025-08-09T06:00:00+00:00,116684.60,116700.00,116519.20,116521.90,906.483
2025-08-09T06:15:00+00:00,116521.80,116701.70,116486.00,116563.40,990.252
2025-08-09T06:30:00+00:00,116563.40,116617.20,116484.30,116555.00,564.228
2025-08-09T06:45:00+00:00,116555.10,116650.00,116519.10,116601.30,433.925
2025-08-09T07:00:00+00:00,116601.40,116700.20,116576.40,116690.40,668.396
2025-08-09T07:15:00+00:00,116690.50,116845.00,116690.40,116844.90,834.001
2025-08-09T07:30:00+00:00,116844.90,116861.00,116721.40,116731.80,504.647
2025-08-09T07:45:00+00:00,116731.90,116731.90,116700.00,116703.20,239.919
2025-08-09T08:00:00+00:00,116703.30,116765.80,116700.00,116721.60,308.889
2025-08-09T08:15:00+00:00,116721.70,116822.10,116702.80,116822.10,395.735
2025-08-09T08:30:00+00:00,116822.00,117132.70,116778.20,117132.10,1612.657
2025-08-09T08:45:00+00:00,117132.10,117150.00,116738.50,117069.50,2008.354
2025-08-09T09:00:00+00:00,117069.40,117373.60,117000.00,117373.50,2239.356
2025-08-09T09:15:00+00:00,117373.60,117410.00,117184.40,117252.50,1380.206
2025-08-09T09:30:00+00:00,117252.50,117333.40,117206.70,117228.00,656.591
2025-08-09T09:45:00+00:00,117228.00,117481.20,117183.40,117473.30,1438.626
2025-08-09T10:00:00+00:00,117473.30,117750.00,117422.40,117714.80,2534.296
2025-08-09T10:15:00+00:00,117714.80,117906.70,117636.00,117733.30,3466.687
2025-08-09T10:30:00+00:00,117733.20,117740.00,117384.60,117470.00,3057.922
2025-08-09T10:45:00+00:00,117470.00,117595.60,117325.00,117370.00,1153.113
2025-08-09T11:00:00+00:00,117369.90,117424.80,117176.90,117177.10,1343.814
2025-08-09T11:15:00+00:00,117177.00,117248.10,117169.90,117218.60,860.951
2025-08-09T11:30:00+00:00,117218.70,117224.00,117011.00,117187.00,1512.242
2025-08-09T11:45:00+00:00,117187.10,117200.10,117010.00,117064.90,1575.177
2025-08-09T12:00:00+00:00,117065.00,117200.00,117000.00,117160.00,1327.794
2025-08-09T12:15:00+00:00,117160.00,117166.20,117066.00,117120.00,572.312
2025-08-09T12:30:00+00:00,117120.10,117142.80,116942.50,116982.70,969.203
2025-08-09T12:45:00+00:00,116982.70,117095.60,116974.40,117057.10,368.459
2025-08-09T13:00:00+00:00,117057.00,117104.90,116826.90,116854.70,739.971
2025-08-09T13:15:00+00:00,116854.80,117025.20,116821.10,116959.90,977.151
2025-08-09T13:30:00+00:00,116959.90,116961.60,116830.00,116942.20,583.750
2025-08-09T13:45:00+00:00,116942.10,117013.70,116877.90,116914.90,512.736
2025-08-09T14:00:00+00:00,116914.90,116918.20,116700.00,116918.20,1315.658
2025-08-09T14:15:00+00:00,116918.20,116956.40,116826.60,116875.20,407.964
2025-08-09T14:30:00+00:00,116875.20,116875.40,116767.10,116772.90,656.432
2025-08-09T14:45:00+00:00,116772.90,116936.70,116744.00,116915.00,700.229
2025-08-09T15:00:00+00:00,116914.90,116960.20,116838.20,116931.20,730.708
2025-08-09T15:15:00+00:00,116931.20,117094.00,116600.00,116774.80,2940.876
2025-08-09T15:30:00+00:00,116774.80,116846.70,116735.40,116759.80,751.420
2025-08-09T15:45:00+00:00,116759.30,116835.60,116726.40,116835.60,389.350
2025-08-09T16:00:00+00:00,116835.50,116900.90,116763.40,116780.90,448.533
2025-08-09T16:15:00+00:00,116780.80,116783.90,116663.30,116674.80,621.147
2025-08-09T16:30:00+00:00,116674.70,116728.80,116581.40,116693.10,750.346
2025-08-09T16:45:00+00:00,116693.00,116693.00,116583.40,116596.80,455.287
2025-08-09T17:00:00+00:00,116596.80,116759.10,116581.30,116698.40,581.569
2025-08-09T17:15:00+00:00,116698.40,116725.00,116650.00,116695.90,362.944
2025-08-09T17:30:00+00:00,116695.90,116729.30,116619.40,116638.70,356.746
2025-08-09T17:45:00+00:00,116638.60,116651.40,116555.70,116627.10,497.539
2025-08-09T18:00:00+00:00,116627.00,116683.70,116592.10,116606.90,392.549
2025-08-09T18:15:00+00:00,116606.90,116671.40,116595.50,116623.30,249.380
2025-08-09T18:30:00+00:00,116623.30,116623.30,116555.00,116555.00,387.632
2025-08-09T18:45:00+00:00,116555.00,116627.90,116503.10,116579.90,815.357
2025-08-09T19:00:00+00:00,116579.90,116682.00,116579.90,116605.70,412.060
2025-08-09T19:15:00+00:00,116605.70,116629.50,116500.10,116574.10,524.163
2025-08-09T19:30:00+00:00,116574.20,116574.20,116502.50,116528.20,329.111
2025-08-09T19:45:00+00:00,116528.30,116585.00,116458.10,116499.90,408.839
2025-08-09T20:00:00+00:00,116499.90,116565.20,116457.70,116506.30,501.624
2025-08-09T20:15:00+00:00,116506.30,116705.00,116458.80,116691.90,1547.586
2025-08-09T20:30:00+00:00,116691.90,117000.00,116664.70,116881.80,1705.455
2025-08-09T20:45:00+00:00,116881.80,116881.80,116696.60,116732.90,594.471
2025-08-09T21:00:00+00:00,116732.90,116755.90,116643.10,116643.20,418.383
2025-08-09T21:15:00+00:00,116643.20,116643.20,116350.00,116365.30,1355.144
2025-08-09T21:30:00+00:00,116365.30,116495.40,116350.60,116390.10,682.077
2025-08-09T21:45:00+00:00,116390.10,116563.20,116390.00,116479.00,302.501
2025-08-09T22:00:00+00:00,116479.00,116561.30,116445.00,116527.50,391.279
2025-08-09T22:15:00+00:00,116527.50,116690.00,116527.40,116636.60,770.553
2025-08-09T22:30:00+00:00,116636.70,116648.20,116517.10,116550.10,448.693
2025-08-09T22:45:00+00:00,116550.10,116556.10,116461.50,116502.30,451.135
2025-08-09T23:00:00+00:00,116502.30,116554.50,116450.90,116451.00,356.799
2025-08-09T23:15:00+00:00,116451.00,116478.60,116403.70,116403.70,207.023
2025-08-09T23:30:00+00:00,116403.70,116468.30,116382.50,116418.50,292.555
2025-08-09T23:45:00+00:00,116418.60,116460.70,116418.50,116422.10,169.727
2025-08-10T00:00:00+00:00,116422.10,116549.70,116413.20,116532.50,450.284
2025-08-10T00:15:00+00:00,116532.50,116584.40,116532.40,116544.90,241.818
2025-08-10T00:30:00+00:00,116544.90,116611.00,116500.80,116584.10,311.567
2025-08-10T00:45:00+00:00,116584.10,116702.60,116546.10,116691.20,517.127
2025-08-10T01:00:00+00:00,116691.20,116719.50,116564.80,116564.90,931.339
2025-08-10T01:15:00+00:00,116564.90,116643.50,116564.80,116568.50,260.637
2025-08-10T01:30:00+00:00,116568.40,116624.40,116555.70,116574.00,336.866
2025-08-10T01:45:00+00:00,116574.00,116574.00,116502.90,116535.10,311.359
2025-08-10T02:00:00+00:00,116535.00,116608.60,116535.00,116590.70,327.885
2025-08-10T02:15:00+00:00,116590.70,116755.50,116578.00,116755.40,1327.761
2025-08-10T02:30:00+00:00,116755.50,117091.80,116719.80,117000.00,4263.898
2025-08-10T02:45:00+00:00,117000.00,117282.00,116999.90,117273.70,1777.464
2025-08-10T03:00:00+00:00,117273.60,117950.00,117201.30,117875.20,7811.099
2025-08-10T03:15:00+00:00,117875.20,118500.00,117500.00,118339.40,9078.651
2025-08-10T03:30:00+00:00,118339.40,118471.80,118122.40,118186.20,3759.165
2025-08-10T03:45:00+00:00,118186.30,118499.80,118100.00,118480.10,3238.954
2025-08-10T04:00:00+00:00,118480.00,118738.00,118480.00,118679.10,3848.993
2025-08-10T04:15:00+00:00,118679.20,118689.70,118504.10,118599.50,1169.428
2025-08-10T04:30:00+00:00,118599.40,118600.00,118359.20,118363.90,1898.028
2025-08-10T04:45:00+00:00,118363.90,118536.50,118338.80,118460.40,1670.388
2025-08-10T05:00:00+00:00,118460.40,118483.90,118210.00,118227.30,1494.503
2025-08-10T05:15:00+00:00,118227.40,118256.40,117837.00,117860.20,3086.635
2025-08-10T05:30:00+00:00,117860.20,118231.80,117860.10,118222.00,1480.830
2025-08-10T05:45:00+00:00,118222.00,118222.00,117880.10,117999.90,885.487
2025-08-10T06:00:00+00:00,118000.00,118126.90,117972.40,117972.40,885.575
2025-08-10T06:15:00+00:00,117972.40,117972.50,117777.00,117806.90,1605.180
2025-08-10T06:30:00+00:00,117806.80,117954.20,117690.30,117935.80,1541.016
2025-08-10T06:45:00+00:00,117935.80,118105.00,117883.60,118032.00,1603.589
2025-08-10T07:00:00+00:00,118032.00,118201.40,118013.60,118113.60,1209.770
2025-08-10T07:15:00+00:00,118113.50,118200.00,118043.70,118045.40,508.002
2025-08-10T07:30:00+00:00,118045.50,118080.00,117533.00,117591.80,2415.890
2025-08-10T07:45:00+00:00,117591.80,117817.30,117342.00,117770.00,3763.339
2025-08-10T08:00:00+00:00,117770.00,117996.70,117568.90,117982.70,2073.007
2025-08-10T08:15:00+00:00,117982.70,118139.70,117962.30,118091.50,1300.579
2025-08-10T08:30:00+00:00,118091.60,118180.00,118051.80,118095.00,568.722
2025-08-10T08:45:00+00:00,118095.00,118371.00,118095.00,118267.80,1836.320
2025-08-10T09:00:00+00:00,118267.80,118334.80,118210.10,118276.80,1121.143
2025-08-10T09:15:00+00:00,118276.80,118359.60,118223.00,118234.70,551.468
2025-08-10T09:30:00+00:00,118234.80,118234.80,118080.50,118080.50,816.742
2025-08-10T09:45:00+00:00,118080.50,118411.80,118080.50,118246.70,767.036
2025-08-10T10:00:00+00:00,118246.70,118255.00,118081.90,118111.40,660.501
2025-08-10T10:15:00+00:00,118111.40,118214.40,118059.30,118148.50,501.132
2025-08-10T10:30:00+00:00,118148.50,118175.00,117966.90,118158.20,773.333
2025-08-10T10:45:00+00:00,118158.20,118220.30,117975.20,117981.20,473.408
2025-08-10T11:00:00+00:00,117981.10,118028.30,117891.10,117977.90,738.164
2025-08-10T11:15:00+00:00,117977.80,118250.00,117923.30,118250.00,728.263
2025-08-10T11:30:00+00:00,118250.00,118435.00,118160.20,118352.00,1547.365
2025-08-10T11:45:00+00:00,118352.00,118489.90,118247.00,118295.90,1583.055
2025-08-10T12:00:00+00:00,118295.90,118525.00,118192.60,118472.40,2123.143
2025-08-10T12:15:00+00:00,118472.40,118639.30,118420.50,118533.30,1288.480
2025-08-10T12:30:00+00:00,118533.20,118667.80,118533.20,118653.30,906.653
2025-08-10T12:45:00+00:00,118653.20,118708.00,118415.90,118466.30,1365.159
2025-08-10T13:00:00+00:00,118466.30,118649.90,118414.50,118535.60,762.192
2025-08-10T13:15:00+00:00,118535.60,118567.30,118330.00,118528.70,807.676
2025-08-10T13:30:00+00:00,118528.70,118528.70,118318.70,118523.80,1011.476
2025-08-10T13:45:00+00:00,118523.80,118649.50,118391.20,118410.50,971.250
2025-08-10T14:00:00+00:00,118410.60,118594.90,118272.00,118559.30,1448.094
2025-08-10T14:15:00+00:00,118559.30,118798.20,118511.80,118783.90,1981.776
2025-08-10T14:30:00+00:00,118784.00,118792.90,118578.50,118732.20,1173.526
2025-08-10T14:45:00+00:00,118732.30,118841.70,118539.10,118749.30,1709.743
2025-08-10T15:00:00+00:00,118749.30,119094.00,118700.00,118853.20,3760.061
2025-08-10T15:15:00+00:00,118853.20,118923.00,118600.00,118645.30,1227.708
2025-08-10T15:30:00+00:00,118645.20,118699.00,118520.00,118698.90,1073.714
2025-08-10T15:45:00+00:00,118698.90,118861.20,118675.00,118766.00,1257.397
2025-08-10T16:00:00+00:00,118766.00,118917.40,118755.10,118802.30,803.646
2025-08-10T16:15:00+00:00,118802.20,118813.10,118633.10,118685.70,879.284
2025-08-10T16:30:00+00:00,118685.70,118750.10,118595.50,118750.00,737.425
2025-08-10T16:45:00+00:00,118750.10,118811.80,118601.60,118636.80,486.040
2025-08-10T17:00:00+00:00,118636.80,118670.90,118543.40,118545.50,494.108
2025-08-10T17:15:00+00:00,118545.50,118593.00,118421.20,118431.00,787.560
2025-08-10T17:30:00+00:00,118431.00,118581.00,118431.00,118493.30,282.410
2025-08-10T17:45:00+00:00,118493.30,118549.80,118489.50,118489.50,204.383
2025-08-10T18:00:00+00:00,118489.60,118532.50,118450.90,118510.20,290.414
2025-08-10T18:15:00+00:00,118510.20,118510.20,118395.80,118407.40,244.890
2025-08-10T18:30:00+00:00,118407.40,118538.40,118407.30,118527.80,250.167
2025-08-10T18:45:00+00:00,118527.90,118595.40,118488.00,118519.90,288.690
2025-08-10T19:00:00+00:00,118519.90,118626.70,118431.60,118621.50,450.197
2025-08-10T19:15:00+00:00,118621.60,118661.80,118523.00,118531.00,283.004
2025-08-10T19:30:00+00:00,118531.00,118692.30,118494.00,118624.10,588.400
2025-08-10T19:45:00+00:00,118624.00,118678.80,118588.80,118624.50,212.516
2025-08-10T20:00:00+00:00,118624.60,118661.40,118182.80,118261.10,2365.741
2025-08-10T20:15:00+00:00,118261.10,118352.20,118010.00,118250.60,2978.844
2025-08-10T20:30:00+00:00,118250.60,118670.20,118250.60,118649.90,1079.952
2025-08-10T20:45:00+00:00,118649.90,118736.40,118277.00,118277.10,912.026
2025-08-10T21:00:00+00:00,118277.10,118307.60,118044.70,118199.90,1789.304
2025-08-10T21:15:00+00:00,118200.00,118428.90,118133.30,118190.10,631.036
2025-08-10T21:30:00+00:00,118190.10,118260.00,118111.10,118213.20,431.340
2025-08-10T21:45:00+00:00,118213.20,118678.00,118212.00,118678.00,466.745
2025-08-10T22:00:00+00:00,118678.00,118925.80,118573.70,118825.10,2020.560
2025-08-10T22:15:00+00:00,118825.10,118949.90,118785.70,118807.50,852.585
2025-08-10T22:30:00+00:00,118807.60,118942.20,118807.50,118923.00,667.609
2025-08-10T22:45:00+00:00,118923.00,119046.60,118855.70,119046.60,822.278
2025-08-10T23:00:00+00:00,119046.70,119221.90,118917.10,118917.10,1945.344
2025-08-10T23:15:00+00:00,118917.10,118988.00,118812.80,118978.00,974.796
2025-08-10T23:30:00+00:00,118978.10,119291.90,118961.70,119223.30,1532.397
2025-08-10T23:45:00+00:00,119223.30,119271.60,119161.30,119255.30,657.275
2025-08-11T00:00:00+00:00,119255.30,119280.10,119093.30,119182.00,1396.275
2025-08-11T00:15:00+00:00,119182.00,119490.30,119155.10,119377.70,2676.931
2025-08-11T00:30:00+00:00,119377.80,119409.30,119111.50,119195.20,1140.862
2025-08-11T00:45:00+00:00,119195.20,119307.50,119058.40,119093.10,854.007
2025-08-11T01:00:00+00:00,119093.00,119197.30,119011.10,119066.80,1027.450
2025-08-11T01:15:00+00:00,119066.90,119217.20,118950.00,119139.60,1245.150
2025-08-11T01:30:00+00:00,119139.70,119800.00,119135.00,119736.20,4417.545
2025-08-11T01:45:00+00:00,119736.20,120095.20,119600.00,120050.10,3440.468
2025-08-11T02:00:00+00:00,120050.00,121300.00,119888.30,121264.90,15143.325
2025-08-11T02:15:00+00:00,121264.90,121736.10,120918.00,121462.40,9698.587
2025-08-11T02:30:00+00:00,121462.50,121774.30,121324.80,121700.00,3411.582
2025-08-11T02:45:00+00:00,121700.00,121880.90,121597.20,121837.50,2576.447
2025-08-11T03:00:00+00:00,121837.50,121990.00,121564.00,121968.90,4446.417
2025-08-11T03:15:00+00:00,121968.90,122165.40,121618.40,121731.20,4029.619
2025-08-11T03:30:00+00:00,121731.20,121762.00,121539.00,121567.50,2401.241
2025-08-11T03:45:00+00:00,121567.60,121941.40,121546.30,121700.10,1632.296
2025-08-11T04:00:00+00:00,121700.10,121884.90,121621.80,121690.00,1195.700
2025-08-11T04:15:00+00:00,121690.10,121888.00,121640.10,121690.30,1100.683
2025-08-11T04:30:00+00:00,121690.30,121838.40,121601.00,121672.20,1087.233
2025-08-11T04:45:00+00:00,121672.20,122450.00,121651.70,122069.70,5747.098
2025-08-11T05:00:00+00:00,122069.80,122319.80,122004.20,122294.50,2547.255
2025-08-11T05:15:00+00:00,122294.50,122294.50,121793.50,121967.40,2136.490
2025-08-11T05:30:00+00:00,121967.40,122040.00,121852.60,121852.60,1150.412
2025-08-11T05:45:00+00:00,121852.60,122116.90,121795.10,122042.30,1568.299
2025-08-11T06:00:00+00:00,122042.30,122121.40,121974.40,122069.40,881.974
2025-08-11T06:15:00+00:00,122069.40,122150.00,121937.50,122087.60,969.131
2025-08-11T06:30:00+00:00,122087.60,122228.00,122064.90,122207.00,1229.045
2025-08-11T06:45:00+00:00,122206.90,122332.40,122141.30,122288.90,1412.274
2025-08-11T07:00:00+00:00,122289.00,122300.00,121965.10,121965.10,1343.425
2025-08-11T07:15:00+00:00,121965.10,122102.70,121850.00,121893.70,1078.714
2025-08-11T07:30:00+00:00,121893.60,121945.20,121653.00,121794.80,2124.878
2025-08-11T07:45:00+00:00,121794.80,121809.80,121432.30,121534.80,2234.232
2025-08-11T08:00:00+00:00,121534.90,121666.60,121166.80,121645.30,4049.678
2025-08-11T08:15:00+00:00,121645.40,121732.80,121569.20,121715.00,1054.109
2025-08-11T08:30:00+00:00,121715.10,121820.70,121584.00,121690.00,916.438
2025-08-11T08:45:00+00:00,121690.00,121784.70,121620.90,121673.20,474.627
2025-08-11T09:00:00+00:00,121673.20,121699.30,121468.10,121489.90,704.100
2025-08-11T09:15:00+00:00,121490.00,121490.00,121233.70,121282.00,1358.105
2025-08-11T09:30:00+00:00,121282.00,121432.90,121090.40,121432.80,2036.673
2025-08-11T09:45:00+00:00,121432.80,121461.50,121291.60,121412.30,627.462
2025-08-11T10:00:00+00:00,121412.40,121435.90,121119.80,121276.10,1241.802
2025-08-11T10:15:00+00:00,121276.20,121388.00,121100.10,121271.10,1078.629
2025-08-11T10:30:00+00:00,121271.10,121288.00,121090.00,121115.90,911.632
2025-08-11T10:45:00+00:00,121115.90,121230.70,120948.00,121167.60,2025.125
2025-08-11T11:00:00+00:00,121167.60,121276.10,120787.00,120925.10,2491.550
2025-08-11T11:15:00+00:00,120925.10,120925.10,120500.00,120500.10,3430.977
2025-08-11T11:30:00+00:00,120500.10,120797.20,120302.00,120671.60,3823.430
2025-08-11T11:45:00+00:00,120671.60,120683.70,120267.30,120545.00,2651.912
2025-08-11T12:00:00+00:00,120545.00,120655.00,120029.80,120170.20,4112.862
2025-08-11T12:15:00+00:00,120170.10,120277.30,119964.00,120155.30,3016.133
2025-08-11T12:30:00+00:00,120155.40,120261.00,119557.00,119557.00,6334.883
2025-08-11T12:45:00+00:00,119557.00,119754.80,119500.00,119632.80,3457.052
2025-08-11T13:00:00+00:00,119632.80,119716.70,119345.00,119514.20,3940.467
2025-08-11T13:15:00+00:00,119514.20,119728.60,119408.20,119514.80,2151.770
2025-08-11T13:30:00+00:00,119514.80,120195.90,119463.00,120153.10,5398.298
2025-08-11T13:45:00+00:00,120153.10,120320.00,119777.00,119970.00,4406.120
2025-08-11T14:00:00+00:00,119969.90,120200.00,119886.40,120026.40,3163.740
2025-08-11T14:15:00+00:00,120026.40,120123.70,119754.80,119863.20,1814.507
2025-08-11T14:30:00+00:00,119863.20,120555.00,119822.90,120065.10,3412.251
2025-08-11T14:45:00+00:00,120065.00,120248.90,119863.00,120195.10,1761.678
2025-08-11T15:00:00+00:00,120195.00,120212.80,119800.00,119973.50,1598.741
2025-08-11T15:15:00+00:00,119973.40,120307.60,119954.00,120068.30,1544.724
2025-08-11T15:30:00+00:00,120068.30,120387.30,120048.10,120343.20,1082.677
2025-08-11T15:45:00+00:00,120343.20,120350.00,120127.20,120271.20,917.188
2025-08-11T16:00:00+00:00,120271.20,120799.00,120194.20,120663.50,3451.449
2025-08-11T16:15:00+00:00,120663.60,120768.80,120384.60,120515.30,2001.411
2025-08-11T16:30:00+00:00,120515.30,120578.00,119885.90,119920.90,2786.495
2025-08-11T16:45:00+00:00,119920.90,120140.00,119864.70,119910.30,1323.052
2025-08-11T17:00:00+00:00,119910.00,120118.90,119846.30,119870.00,1079.920
2025-08-11T17:15:00+00:00,119870.00,119870.00,119603.90,119758.90,2050.361
2025-08-11T17:30:00+00:00,119758.90,119823.60,119593.10,119721.60,1149.627
2025-08-11T17:45:00+00:00,119721.60,119730.00,119418.90,119469.70,2068.563
2025-08-11T18:00:00+00:00,119469.70,119569.90,119201.60,119457.20,3788.621
2025-08-11T18:15:00+00:00,119457.20,119687.30,119384.60,119575.90,1725.814
2025-08-11T18:30:00+00:00,119576.00,119854.10,119509.60,119509.60,1320.839
2025-08-11T18:45:00+00:00,119509.60,119769.10,119452.90,119748.10,619.479
2025-08-11T19:00:00+00:00,119748.00,119760.00,119550.00,119550.10,515.632
2025-08-11T19:15:00+00:00,119550.10,119567.80,119437.80,119437.90,474.412
2025-08-11T19:30:00+00:00,119437.80,119445.30,119120.10,119140.00,2147.920
2025-08-11T19:45:00+00:00,119140.00,119178.10,118499.00,119035.30,6492.863
2025-08-11T20:00:00+00:00,119035.20,119050.10,118590.00,118682.50,2229.730
2025-08-11T20:15:00+00:00,118682.50,118842.50,118527.40,118818.00,1330.732
2025-08-11T20:30:00+00:00,118818.10,119039.20,118815.50,118959.40,942.888
2025-08-11T20:45:00+00:00,118959.40,119036.80,118757.30,118775.60,839.004
2025-08-11T21:00:00+00:00,118775.60,119032.00,118725.80,119015.50,685.996
2025-08-11T21:15:00+00:00,119015.60,119149.60,118903.60,118980.00,917.160
2025-08-11T21:30:00+00:00,118980.00,118980.10,118289.80,118668.60,2964.607
2025-08-11T21:45:00+00:00,118668.60,118690.00,118050.00,118671.30,3271.680
2025-08-11T22:00:00+00:00,118671.30,118703.80,118333.90,118537.50,1162.033
2025-08-11T22:15:00+00:00,118537.60,118705.10,118230.70,118492.10,1203.136
2025-08-11T22:30:00+00:00,118492.10,118685.90,118296.60,118678.40,989.103
2025-08-11T22:45:00+00:00,118678.50,118884.20,118673.10,118845.50,767.498
2025-08-11T23:00:00+00:00,118845.60,118854.10,118701.00,118815.60,949.640
2025-08-11T23:15:00+00:00,118815.50,118820.40,118615.30,118638.20,488.504
2025-08-11T23:30:00+00:00,118638.20,118719.00,118537.10,118719.00,451.844
2025-08-11T23:45:00+00:00,118719.00,118781.00,118641.80,118641.90,563.856
2025-08-12T00:00:00+00:00,118641.80,118754.50,118551.70,118694.40,960.374
2025-08-12T00:15:00+00:00,118694.40,118946.80,118694.30,118836.30,1418.999
2025-08-12T00:30:00+00:00,118836.30,118929.40,118601.80,118715.60,732.789
2025-08-12T00:45:00+00:00,118715.50,119000.00,118684.80,118907.90,799.717
2025-08-12T01:00:00+00:00,118907.90,119070.00,118800.00,118819.50,1250.350
2025-08-12T01:15:00+00:00,118819.50,119011.90,118718.10,119004.60,1049.638
2025-08-12T01:30:00+00:00,119004.60,119017.70,118870.40,119000.40,537.206
2025-08-12T01:45:00+00:00,119000.40,119030.80,118924.40,118924.40,504.162
2025-08-12T02:00:00+00:00,118924.50,119028.50,118776.00,118933.90,746.577
2025-08-12T02:15:00+00:00,118933.90,119112.00,118864.30,119068.60,621.937
2025-08-12T02:30:00+00:00,119068.70,119246.40,119050.00,119126.30,1219.398
2025-08-12T02:45:00+00:00,119126.30,119126.40,119003.70,119003.70,526.097
2025-08-12T03:00:00+00:00,119003.70,119043.40,118809.00,118937.80,822.951
2025-08-12T03:15:00+00:00,118937.80,118953.10,118825.30,118896.10,710.922
2025-08-12T03:30:00+00:00,118896.20,119088.30,118816.80,118833.00,645.171
2025-08-12T03:45:00+00:00,118833.00,118888.00,118702.40,118813.10,753.854
2025-08-12T04:00:00+00:00,118813.20,118932.70,118759.60,118892.00,534.365
2025-08-12T04:15:00+00:00,118891.90,118990.00,118854.70,118990.00,445.513
2025-08-12T04:30:00+00:00,118989.90,119113.20,118935.20,119030.70,1032.633
2025-08-12T04:45:00+00:00,119030.80,119120.00,118940.00,119024.00,452.669
2025-08-12T05:00:00+00:00,119024.00,119024.00,118603.00,118796.40,1865.562
2025-08-12T05:15:00+00:00,118796.40,118820.50,118563.00,118575.40,993.324
2025-08-12T05:30:00+00:00,118575.30,118591.20,118377.20,118440.40,1660.168
2025-08-12T05:45:00+00:00,118440.40,118783.10,118440.30,118783.00,811.789
2025-08-12T06:00:00+00:00,118783.10,118845.00,118655.90,118656.40,833.062
2025-08-12T06:15:00+00:00,118656.40,118982.90,118552.40,118947.50,1247.276
2025-08-12T06:30:00+00:00,118947.40,118947.50,118834.60,118906.80,655.320
2025-08-12T06:45:00+00:00,118906.80,118973.00,118776.90,118792.70,866.594
2025-08-12T07:00:00+00:00,118792.70,119065.00,118792.70,119054.30,889.856
2025-08-12T07:15:00+00:00,119054.40,119114.50,119037.40,119078.50,600.647
2025-08-12T07:30:00+00:00,119078.40,119078.50,118930.40,118956.00,769.365
2025-08-12T07:45:00+00:00,118956.00,119031.60,118911.00,118931.90,641.870
2025-08-12T08:00:00+00:00,118931.90,118963.60,118805.50,118868.00,540.621
2025-08-12T08:15:00+00:00,118867.90,118892.50,118740.00,118774.20,400.012
2025-08-12T08:30:00+00:00,118774.20,118991.60,118691.40,118985.90,678.669
2025-08-12T08:45:00+00:00,118985.90,119011.90,118750.00,118761.40,723.515
2025-08-12T09:00:00+00:00,118761.30,118844.00,118500.00,118572.50,1173.947
2025-08-12T09:15:00+00:00,118572.50,118718.30,118480.70,118632.10,1280.815
2025-08-12T09:30:00+00:00,118632.20,118635.50,118481.40,118499.00,753.901
2025-08-12T09:45:00+00:00,118499.00,118545.10,118340.50,118359.90,907.137
2025-08-12T10:00:00+00:00,118360.00,118419.70,118154.30,118189.50,1751.078
2025-08-12T10:15:00+00:00,118189.50,118544.40,118189.50,118478.00,1182.340
2025-08-12T10:30:00+00:00,118478.00,118615.30,118316.00,118345.70,808.566
2025-08-12T10:45:00+00:00,118345.60,118562.50,118310.30,118407.10,645.131
2025-08-12T11:00:00+00:00,118407.10,118482.90,118189.20,118206.40,821.037
2025-08-12T11:15:00+00:00,118206.40,118461.50,118157.40,118448.50,883.257
2025-08-12T11:30:00+00:00,118448.40,118622.60,118344.30,118360.10,999.351
2025-08-12T11:45:00+00:00,118360.10,118533.10,118359.90,118464.10,449.274
2025-08-12T12:00:00+00:00,118464.20,118508.30,118294.70,118311.60,811.449
2025-08-12T12:15:00+00:00,118311.70,118571.00,118234.80,118441.30,1410.853
2025-08-12T12:30:00+00:00,118441.40,119185.20,118441.30,119064.50,9102.227
2025-08-12T12:45:00+00:00,119064.50,119236.30,118900.60,119225.80,3304.609
2025-08-12T13:00:00+00:00,119225.80,119280.00,118759.70,118992.00,2988.539
2025-08-12T13:15:00+00:00,118992.00,119165.00,118918.20,119158.10,1276.104
2025-08-12T13:30:00+00:00,119158.00,119682.00,118615.30,118688.50,6958.632
2025-08-12T13:45:00+00:00,118688.60,119037.00,118557.50,118806.60,4301.928
2025-08-12T14:00:00+00:00,118806.60,119225.80,118712.60,119132.60,2388.224
2025-08-12T14:15:00+00:00,119132.70,119239.50,118950.00,119152.40,1302.516
2025-08-12T14:30:00+00:00,119152.50,119299.30,119010.60,119080.00,1202.484
2025-08-12T14:45:00+00:00,119080.00,119420.80,118923.00,119419.00,1605.960
2025-08-12T15:00:00+00:00,119418.90,119550.00,119262.40,119397.40,1953.478
2025-08-12T15:15:00+00:00,119397.30,119744.90,119397.30,119738.90,2115.072
2025-08-12T15:30:00+00:00,119738.80,119923.00,119588.20,119626.90,2576.839
2025-08-12T15:45:00+00:00,119626.90,119927.90,119545.40,119888.00,1835.743
2025-08-12T16:00:00+00:00,119888.00,120163.60,119765.40,119777.20,3157.045
2025-08-12T16:15:00+00:00,119777.20,119912.00,119549.40,119674.30,1691.573
2025-08-12T16:30:00+00:00,119674.20,119674.30,119458.00,119510.80,1891.046
2025-08-12T16:45:00+00:00,119510.70,119678.00,119480.00,119608.30,908.991
2025-08-12T17:00:00+00:00,119608.30,119797.00,119523.10,119645.00,964.113
2025-08-12T17:15:00+00:00,119645.00,119812.30,119194.90,119364.80,2209.372
2025-08-12T17:30:00+00:00,119364.80,119512.40,119304.00,119376.10,1261.244
2025-08-12T17:45:00+00:00,119376.10,119447.10,119124.50,119222.10,1300.854
2025-08-12T18:00:00+00:00,119222.20,119754.10,119222.20,119750.10,1707.208
2025-08-12T18:15:00+00:00,119750.00,120050.10,119656.30,119719.50,2537.109
2025-08-12T18:30:00+00:00,119719.50,119775.80,119453.50,119506.90,830.636
2025-08-12T18:45:00+00:00,119506.90,119531.40,119202.20,119297.50,1424.073
2025-08-12T19:00:00+00:00,119297.40,119491.40,119238.60,119485.80,794.870
2025-08-12T19:15:00+00:00,119485.80,119821.20,119485.80,119760.00,909.880
2025-08-12T19:30:00+00:00,119760.00,119920.00,119631.60,119679.10,765.699
2025-08-12T19:45:00+00:00,119679.20,119700.00,119567.20,119600.30,474.947
2025-08-12T20:00:00+00:00,119600.30,119750.00,119430.00,119699.90,909.283
2025-08-12T20:15:00+00:00,119700.00,119988.00,119694.00,119769.30,1764.005
2025-08-12T20:30:00+00:00,119769.40,120120.00,119769.30,119987.70,1636.165
2025-08-12T20:45:00+00:00,119987.70,120270.00,119984.40,120129.80,2602.278
2025-08-12T21:00:00+00:00,120129.80,120153.50,119774.70,119965.30,1216.728
2025-08-12T21:15:00+00:00,119965.20,120075.00,119936.00,120050.00,445.531
2025-08-12T21:30:00+00:00,120049.90,120049.90,119780.00,119954.90,615.092
2025-08-12T21:45:00+00:00,119955.00,119955.00,119730.10,119854.00,459.823
2025-08-12T22:00:00+00:00,119854.10,119950.20,119635.60,119712.80,1052.516
2025-08-12T22:15:00+00:00,119712.80,119799.30,119585.40,119737.20,564.137
2025-08-12T22:30:00+00:00,119737.20,119911.60,119719.40,119835.80,770.424
2025-08-12T22:45:00+00:00,119835.90,120055.40,119787.80,120049.90,630.699
2025-08-12T23:00:00+00:00,120049.90,120062.80,119855.00,120048.00,654.446
2025-08-12T23:15:00+00:00,120048.10,120178.50,120036.20,120140.80,623.292
2025-08-12T23:30:00+00:00,120140.80,120207.60,119991.60,120190.00,874.151
2025-08-12T23:45:00+00:00,120190.00,120265.10,120041.40,120081.00,1327.862
2025-08-13T00:00:00+00:00,120080.90,120146.60,119955.50,120017.40,995.072
2025-08-13T00:15:00+00:00,120017.50,120017.50,119854.90,119899.60,647.407
2025-08-13T00:30:00+00:00,119899.60,119988.00,119816.40,119862.20,509.657
2025-08-13T00:45:00+00:00,119862.10,119933.50,119547.80,119665.30,2487.214
2025-08-13T01:00:00+00:00,119665.30,119673.20,119300.00,119323.50,2055.789
2025-08-13T01:15:00+00:00,119323.50,119615.30,119320.00,119456.60,1440.725
2025-08-13T01:30:00+00:00,119456.60,119526.90,119335.40,119384.40,600.557
2025-08-13T01:45:00+00:00,119384.40,119497.00,119333.50,119422.60,450.002
2025-08-13T02:00:00+00:00,119422.50,119422.60,119170.00,119172.50,878.741
2025-08-13T02:15:00+00:00,119172.40,119240.00,119028.00,119240.00,1733.962
2025-08-13T02:30:00+00:00,119240.00,119665.30,119222.70,119560.90,1201.704
2025-08-13T02:45:00+00:00,119560.90,119692.30,119500.00,119500.10,756.888
2025-08-13T03:00:00+00:00,119500.10,119596.20,119283.60,119334.00,945.348
2025-08-13T03:15:00+00:00,119334.10,119450.90,119261.70,119375.10,698.907
2025-08-13T03:30:00+00:00,119375.10,119586.00,119302.60,119404.00,869.939
2025-08-13T03:45:00+00:00,119404.00,119553.40,119327.30,119436.00,587.537
2025-08-13T04:00:00+00:00,119436.00,119798.60,119416.80,119680.70,1777.063
2025-08-13T04:15:00+00:00,119675.60,119743.50,119538.50,119543.70,691.246
2025-08-13T04:30:00+00:00,119543.60,119643.60,119304.60,119365.50,770.640
2025-08-13T04:45:00+00:00,119365.50,119386.20,119278.30,119294.00,648.304
2025-08-13T05:00:00+00:00,119294.00,119352.60,119270.30,119352.60,495.097
2025-08-13T05:15:00+00:00,119352.50,119650.70,119296.20,119564.60,878.510
2025-08-13T05:30:00+00:00,119564.60,119570.00,119044.80,119120.10,2858.051
2025-08-13T05:45:00+00:00,119120.10,119167.20,118829.00,119029.90,2152.671
2025-08-13T06:00:00+00:00,119029.90,119204.40,118894.20,119195.60,912.397
2025-08-13T06:15:00+00:00,119195.50,119243.40,119021.20,119121.30,746.620
2025-08-13T06:30:00+00:00,119121.40,119288.20,119116.60,119116.60,434.311
2025-08-13T06:45:00+00:00,119116.60,119384.60,119076.90,119368.10,811.464
2025-08-13T07:00:00+00:00,119368.10,119455.00,119288.90,119294.00,729.562
2025-08-13T07:15:00+00:00,119294.00,119392.10,119278.00,119368.30,333.763
2025-08-13T07:30:00+00:00,119368.30,119385.60,119258.20,119287.40,380.913
2025-08-13T07:45:00+00:00,119287.40,119603.00,119261.20,119540.30,1412.279
2025-08-13T08:00:00+00:00,119540.30,119850.00,119408.80,119752.00,2196.978
2025-08-13T08:15:00+00:00,119752.00,119833.20,119660.10,119775.70,1613.709
2025-08-13T08:30:00+00:00,119775.70,119921.40,119771.90,119903.40,1254.892
2025-08-13T08:45:00+00:00,119903.40,120019.70,119786.50,120015.60,1024.491
2025-08-13T09:00:00+00:00,120015.60,120149.90,119894.40,120123.70,1468.161
2025-08-13T09:15:00+00:00,120123.60,120138.20,119756.00,119829.30,1509.750
2025-08-13T09:30:00+00:00,119829.30,120050.00,119829.20,119987.10,890.293
2025-08-13T09:45:00+00:00,119987.00,120119.20,119976.00,120082.80,1168.526
2025-08-13T10:00:00+00:00,120082.70,120432.00,120014.20,120350.40,2785.118
2025-08-13T10:15:00+00:00,120350.40,120470.00,120254.20,120353.00,2089.583
2025-08-13T10:30:00+00:00,120353.00,120450.00,120333.00,120427.60,1153.458
2025-08-13T10:45:00+00:00,120427.50,120469.90,120349.30,120468.40,807.477
2025-08-13T11:00:00+00:00,120468.50,120683.00,120425.40,120607.90,2391.568
2025-08-13T11:15:00+00:00,120607.90,120710.40,120397.10,120639.00,1564.823
2025-08-13T11:30:00+00:00,120638.90,120705.00,120543.50,120687.60,1053.214
2025-08-13T11:45:00+00:00,120687.60,120708.30,120538.40,120538.50,708.664
2025-08-13T12:00:00+00:00,120538.40,120665.30,120334.00,120440.00,1801.864
2025-08-13T12:15:00+00:00,120440.00,120578.90,120439.90,120516.00,802.658
2025-08-13T12:30:00+00:00,120516.00,120600.00,120394.00,120509.90,1028.189
2025-08-13T12:45:00+00:00,120509.90,120527.60,120176.00,120254.60,1909.136
2025-08-13T13:00:00+00:00,120254.60,120529.00,120165.40,120470.10,1462.963
2025-08-13T13:15:00+00:00,120470.20,120756.50,120450.00,120609.30,1440.582
2025-08-13T13:30:00+00:00,120609.30,120745.90,120066.10,120315.60,3604.795
2025-08-13T13:45:00+00:00,120315.70,122087.30,120265.10,121777.30,15968.810
2025-08-13T14:00:00+00:00,121777.30,122218.30,121742.20,122060.00,7660.227
2025-08-13T14:15:00+00:00,122060.00,122170.70,121388.80,121693.10,8245.349
2025-08-13T14:30:00+00:00,121693.10,121914.30,121470.90,121637.30,2709.145
2025-08-13T14:45:00+00:00,121637.20,121637.20,120730.00,120880.00,6385.184
2025-08-13T15:00:00+00:00,120880.00,121229.80,120782.60,120971.30,3546.748
2025-08-13T15:15:00+00:00,120970.80,120970.80,120262.80,120550.40,3692.376
2025-08-13T15:30:00+00:00,120550.40,121336.90,120402.10,121305.90,3154.198
2025-08-13T15:45:00+00:00,121306.00,121315.90,120852.40,120897.20,2031.931
2025-08-13T16:00:00+00:00,120897.30,121518.10,120897.30,121507.40,1981.821
2025-08-13T16:15:00+00:00,121507.40,121728.90,121473.90,121509.80,2747.968
2025-08-13T16:30:00+00:00,121509.90,121689.50,121307.60,121307.60,1764.818
2025-08-13T16:45:00+00:00,121307.60,121477.30,121232.40,121420.00,1420.797
2025-08-13T17:00:00+00:00,121420.00,121685.00,121394.90,121578.00,1099.683
2025-08-13T17:15:00+00:00,121578.00,121817.70,121556.80,121767.70,1431.413
2025-08-13T17:30:00+00:00,121767.60,121805.00,121514.20,121552.10,1357.605
2025-08-13T17:45:00+00:00,121552.10,121835.90,121477.50,121774.60,1147.821
2025-08-13T18:00:00+00:00,121774.60,121932.00,121600.00,121883.90,1821.043
2025-08-13T18:15:00+00:00,121884.00,121923.00,121553.00,121600.30,851.263
2025-08-13T18:30:00+00:00,121600.40,121850.00,121363.60,121479.30,2515.910
2025-08-13T18:45:00+00:00,121479.30,121676.10,121411.90,121587.30,721.752
2025-08-13T19:00:00+00:00,121587.30,122000.00,121461.40,121900.00,1902.488
2025-08-13T19:15:00+00:00,121900.00,122541.80,121888.80,122329.50,6477.000
2025-08-13T19:30:00+00:00,122330.00,122567.80,122178.50,122401.80,2485.479
2025-08-13T19:45:00+00:00,122401.80,122831.10,122400.00,122719.90,3237.102
2025-08-13T20:00:00+00:00,122720.00,122850.10,122440.00,122786.30,2503.001
2025-08-13T20:15:00+00:00,122786.30,122786.40,122540.00,122593.70,1045.440
2025-08-13T20:30:00+00:00,122593.70,122800.10,122593.70,122795.90,1074.996
2025-08-13T20:45:00+00:00,122795.90,122990.00,122772.70,122905.40,1977.149
2025-08-13T21:00:00+00:00,122905.50,123061.90,122665.10,122723.90,2919.834
2025-08-13T21:15:00+00:00,122724.00,122958.20,122675.20,122689.90,1261.452
2025-08-13T21:30:00+00:00,122689.90,122853.30,122476.80,122484.10,1750.577
2025-08-13T21:45:00+00:00,122484.20,122670.20,122314.10,122581.10,2119.738
2025-08-13T22:00:00+00:00,122581.00,123000.00,122576.10,122988.00,2024.740
2025-08-13T22:15:00+00:00,122988.10,123100.00,122854.80,122961.70,1678.289
2025-08-13T22:30:00+00:00,122961.80,123669.30,122923.70,123531.70,5211.896
2025-08-13T22:45:00+00:00,123531.60,123680.00,122900.00,122965.20,3908.832
2025-08-13T23:00:00+00:00,122965.30,123200.00,122917.50,123014.30,1615.304
2025-08-13T23:15:00+00:00,123014.30,123338.70,122961.00,123324.30,920.967
2025-08-13T23:30:00+00:00,123324.30,123715.90,123324.20,123464.40,1896.540
2025-08-13T23:45:00+00:00,123464.40,123602.70,123313.20,123323.90,1183.955
2025-08-14T00:00:00+00:00,123323.90,123899.90,123272.10,123887.20,3176.348
2025-08-14T00:15:00+00:00,123887.10,124300.10,123674.50,124300.00,4472.991
2025-08-14T00:30:00+00:00,124300.00,124545.60,123671.00,123750.30,5689.740
2025-08-14T00:45:00+00:00,123750.40,123881.80,123474.20,123871.10,2107.605
2025-08-14T01:00:00+00:00,123871.00,123963.80,123588.40,123616.80,1667.548
2025-08-14T01:15:00+00:00,123616.90,123749.00,123381.10,123593.80,2132.151
2025-08-14T01:30:00+00:00,123593.70,123811.70,123520.30,123596.40,982.535
2025-08-14T01:45:00+00:00,123596.30,123596.30,123355.00,123367.80,849.412
2025-08-14T02:00:00+00:00,123367.70,123628.10,123351.90,123407.50,998.677
2025-08-14T02:15:00+00:00,123407.40,123484.20,123288.50,123350.10,935.055
2025-08-14T02:30:00+00:00,123350.10,123649.70,123325.00,123607.50,1302.304
2025-08-14T02:45:00+00:00,123607.60,123744.20,123538.40,123702.30,1144.900
2025-08-14T03:00:00+00:00,123702.20,123923.10,123661.10,123806.40,1491.486
2025-08-14T03:15:00+00:00,123806.40,123806.50,123594.70,123610.90,969.351
2025-08-14T03:30:00+00:00,123610.90,123636.80,123436.80,123560.10,768.943
2025-08-14T03:45:00+00:00,123560.00,123579.90,123330.80,123405.20,896.559
2025-08-14T04:00:00+00:00,123405.10,123485.30,123161.20,123161.20,1243.088
2025-08-14T04:15:00+00:00,123161.30,123446.10,123152.60,123370.60,1177.347
2025-08-14T04:30:00+00:00,123370.60,123392.00,123157.10,123263.30,1043.087
2025-08-14T04:45:00+00:00,123263.40,123263.40,123050.00,123057.00,2324.124
2025-08-14T05:00:00+00:00,123057.00,123188.30,122879.60,122921.20,2088.960
2025-08-14T05:15:00+00:00,122921.20,123069.40,122737.20,122766.00,1739.305
2025-08-14T05:30:00+00:00,122766.00,122873.60,122595.00,122635.20,2094.821
2025-08-14T05:45:00+00:00,122635.10,122699.10,122092.60,122166.00,5973.154
2025-08-14T06:00:00+00:00,122166.00,122166.10,121728.90,121781.60,5679.533
2025-08-14T06:15:00+00:00,121781.60,121800.10,121318.50,121612.40,5964.306
2025-08-14T06:30:00+00:00,121612.50,122000.00,121612.40,121783.10,3928.783
2025-08-14T06:45:00+00:00,121783.10,121969.50,121738.10,121792.40,1869.344
2025-08-14T07:00:00+00:00,121792.30,121957.20,121629.40,121688.00,1987.739
2025-08-14T07:15:00+00:00,121688.00,121776.90,121550.00,121632.80,1305.732
2025-08-14T07:30:00+00:00,121632.70,122081.60,121632.70,121934.20,2058.384
2025-08-14T07:45:00+00:00,121934.20,121943.60,121622.20,121742.40,1254.623
2025-08-14T08:00:00+00:00,121742.30,121871.60,121588.00,121819.70,1483.289
2025-08-14T08:15:00+00:00,121819.70,122050.00,121810.60,122012.40,1645.968
2025-08-14T08:30:00+00:00,122012.50,122012.50,121643.00,121690.20,1245.388
2025-08-14T08:45:00+00:00,121690.10,121762.70,121551.00,121643.70,1007.628
2025-08-14T09:00:00+00:00,121643.70,121902.00,121514.50,121902.00,978.496
2025-08-14T09:15:00+00:00,121901.90,121920.00,121760.60,121816.30,722.102
2025-08-14T09:30:00+00:00,121816.20,121816.20,121576.90,121581.80,731.145
2025-08-14T09:45:00+00:00,121581.80,121695.50,121581.70,121646.00,497.492
2025-08-14T10:00:00+00:00,121646.10,121650.30,121422.00,121484.40,1857.381
2025-08-14T10:15:00+00:00,121484.40,121784.80,121482.10,121521.00,1144.995
2025-08-14T10:30:00+00:00,121521.10,121672.80,121101.00,121168.20,3244.850
2025-08-14T10:45:00+00:00,121168.10,121260.30,120767.80,120952.90,4126.031
2025-08-14T11:00:00+00:00,120952.90,121049.70,120780.10,120835.70,2300.253
2025-08-14T11:15:00+00:00,120835.70,120920.00,120711.60,120871.70,1541.244
2025-08-14T11:30:00+00:00,120871.70,120910.60,120657.60,120776.60,1374.481
2025-08-14T11:45:00+00:00,120776.60,120947.90,120764.40,120947.90,1472.041
2025-08-14T12:00:00+00:00,120947.80,120948.00,120832.60,120948.00,1895.046
2025-08-14T12:15:00+00:00,120948.00,121154.70,120416.70,121140.60,9913.279
2025-08-14T12:30:00+00:00,121140.50,121140.60,117410.00,119478.50,30681.217
2025-08-14T12:45:00+00:00,119478.50,119700.00,118635.30,118822.20,8911.615
2025-08-14T13:00:00+00:00,118822.20,119224.30,118015.10,119210.40,10092.034
2025-08-14T13:15:00+00:00,119210.40,119210.40,117980.00,118184.90,10053.812
2025-08-14T13:30:00+00:00,118184.90,118633.00,117673.50,118215.20,7176.472
2025-08-14T13:45:00+00:00,118215.20,118841.70,118109.80,118364.70,5751.786
2025-08-14T14:00:00+00:00,118364.70,118400.00,117907.20,117980.80,3289.788
2025-08-14T14:15:00+00:00,117980.70,118833.00,117953.00,118809.90,3661.502
2025-08-14T14:30:00+00:00,118810.00,119256.00,118704.80,119009.10,5759.557
2025-08-14T14:45:00+00:00,119008.40,119313.90,118644.90,118752.10,2951.934
2025-08-14T15:00:00+00:00,118752.10,118849.40,118407.30,118476.60,2334.696
2025-08-14T15:15:00+00:00,118476.60,118547.60,117989.40,118105.80,3632.651
2025-08-14T15:30:00+00:00,118105.80,118244.30,117811.90,118036.50,3883.830
2025-08-14T15:45:00+00:00,118036.40,118241.80,117853.80,118185.90,2415.383
2025-08-14T16:00:00+00:00,118185.90,118200.00,117558.20,117591.80,3825.296
2025-08-14T16:15:00+00:00,117591.80,117870.20,117359.10,117592.90,3872.838
2025-08-14T16:30:00+00:00,117592.90,117840.20,117339.90,117659.30,2538.468
2025-08-14T16:45:00+00:00,117659.20,117956.50,117482.60,117815.20,2276.483
2025-08-14T17:00:00+00:00,117815.20,117827.10,117437.80,117666.10,1478.926
2025-08-14T17:15:00+00:00,117666.00,118093.00,117486.40,118064.80,1669.983
2025-08-14T17:30:00+00:00,118064.80,118081.80,117626.70,117626.70,1069.332
2025-08-14T17:45:00+00:00,117626.80,117900.00,117518.00,117878.70,1176.529
2025-08-14T18:00:00+00:00,117878.70,117889.70,117589.30,117598.40,971.106
2025-08-14T18:15:00+00:00,117598.40,117805.70,117004.00,117793.80,4486.209
2025-08-14T18:30:00+00:00,117793.80,118050.00,117748.40,117984.30,1387.615
2025-08-14T18:45:00+00:00,117984.30,118174.40,117926.10,118033.10,1279.247
2025-08-14T19:00:00+00:00,118033.10,118136.00,118002.00,118058.40,651.049
2025-08-14T19:15:00+00:00,118058.30,118377.00,117917.20,118233.20,2102.172
2025-08-14T19:30:00+00:00,118233.20,118237.20,118041.40,118126.00,904.057
2025-08-14T19:45:00+00:00,118126.00,118500.00,117850.00,117889.50,3195.528
2025-08-14T20:00:00+00:00,117889.40,117950.00,117666.60,117776.00,1624.552
2025-08-14T20:15:00+00:00,117776.10,118086.80,117713.30,118080.50,621.724
2025-08-14T20:30:00+00:00,118080.50,118085.20,117811.40,117879.20,535.638
2025-08-14T20:45:00+00:00,117879.20,117920.80,117692.30,117811.20,981.916
2025-08-14T21:00:00+00:00,117811.30,118151.40,117764.00,118082.60,1107.555
2025-08-14T21:15:00+00:00,118082.70,118109.60,117565.90,117587.30,1799.631
2025-08-14T21:30:00+00:00,117587.30,117835.80,117255.00,117517.10,2798.512
2025-08-14T21:45:00+00:00,117517.10,117879.30,117405.60,117843.70,1293.094
2025-08-14T22:00:00+00:00,117843.60,118010.80,117577.70,118009.70,1291.926
2025-08-14T22:15:00+00:00,118009.70,118163.20,117931.40,118160.50,850.283
2025-08-14T22:30:00+00:00,118160.40,118300.00,118053.50,118138.10,1138.788
2025-08-14T22:45:00+00:00,118138.20,118297.20,118118.70,118230.10,547.496
2025-08-14T23:00:00+00:00,118230.10,118371.50,118179.10,118327.00,600.999
2025-08-14T23:15:00+00:00,118326.90,118458.00,118326.90,118457.90,970.761
2025-08-14T23:30:00+00:00,118457.90,118461.50,118327.00,118383.90,894.347
2025-08-14T23:45:00+00:00,118383.90,118470.10,118175.90,118242.20,764.189
2025-08-15T00:00:00+00:00,118242.20,118422.90,118152.20,118422.90,696.810
2025-08-15T00:15:00+00:00,118422.80,118422.90,118142.10,118177.10,807.600
2025-08-15T00:30:00+00:00,118177.20,118388.10,117970.70,118320.80,1631.757
2025-08-15T00:45:00+00:00,118320.70,118419.30,118084.10,118122.90,767.770
2025-08-15T01:00:00+00:00,118122.90,118164.20,117971.20,118090.30,500.522
2025-08-15T01:15:00+00:00,118090.20,118388.50,117974.70,118356.10,505.201
2025-08-15T01:30:00+00:00,118356.00,118589.00,118249.20,118567.50,1472.478
2025-08-15T01:45:00+00:00,118568.40,118700.00,118504.20,118620.80,1451.927
2025-08-15T02:00:00+00:00,118620.70,118749.00,118524.00,118642.90,1073.078
2025-08-15T02:15:00+00:00,118643.00,118743.70,118572.30,118715.60,592.805
2025-08-15T02:30:00+00:00,118715.60,118852.30,118619.50,118771.40,963.564
2025-08-15T02:45:00+00:00,118771.40,118810.80,118591.10,118645.30,721.942
2025-08-15T03:00:00+00:00,118645.20,118861.70,118544.30,118811.50,814.683
2025-08-15T03:15:00+00:00,118811.50,118973.50,118732.80,118956.40,958.101
2025-08-15T03:30:00+00:00,118956.40,119039.90,118850.80,118913.70,1115.901
2025-08-15T03:45:00+00:00,118913.60,118931.20,118819.00,118918.10,582.924
2025-08-15T04:00:00+00:00,118918.10,119066.00,118874.70,119050.20,933.271
2025-08-15T04:15:00+00:00,119050.20,119123.40,118986.90,119123.40,729.088
2025-08-15T04:30:00+00:00,119123.30,119150.00,118923.00,118923.10,629.904
2025-08-15T04:45:00+00:00,118923.00,118923.10,118720.90,118781.80,965.883
2025-08-15T05:00:00+00:00,118781.80,118923.00,118629.60,118642.30,1207.899
2025-08-15T05:15:00+00:00,118642.30,118795.20,118569.70,118714.70,681.951
2025-08-15T05:30:00+00:00,118714.70,118841.20,118655.20,118658.50,499.439
2025-08-15T05:45:00+00:00,118658.30,118990.30,118609.10,118939.30,1186.936
2025-08-15T06:00:00+00:00,118939.20,119147.90,118844.10,118881.10,1287.055
2025-08-15T06:15:00+00:00,118881.20,119113.60,118822.80,119054.40,779.975
2025-08-15T06:30:00+00:00,119054.30,119181.60,119021.80,119181.50,599.921
2025-08-15T06:45:00+00:00,119181.50,119184.00,119022.90,119044.20,511.248
2025-08-15T07:00:00+00:00,119044.10,119072.20,118834.20,118834.20,821.127
2025-08-15T07:15:00+00:00,118834.20,118946.70,118754.50,118840.70,641.949
2025-08-15T07:30:00+00:00,118840.70,118881.60,118711.00,118745.90,976.367
2025-08-15T07:45:00+00:00,118745.90,118908.40,118701.00,118908.30,824.317
2025-08-15T08:00:00+00:00,118908.40,119035.80,118887.30,118887.40,736.459
2025-08-15T08:15:00+00:00,118887.40,119057.10,118834.30,119036.10,400.047
2025-08-15T08:30:00+00:00,119036.00,119114.90,118989.60,119094.80,584.424
2025-08-15T08:45:00+00:00,119094.70,119094.80,118818.90,118823.30,759.321
2025-08-15T09:00:00+00:00,118823.30,119003.80,118813.50,118870.30,458.652
2025-08-15T09:15:00+00:00,118870.30,118887.70,118633.70,118667.80,984.080
2025-08-15T09:30:00+00:00,118667.80,118846.10,118651.30,118698.40,693.653
2025-08-15T09:45:00+00:00,118698.40,118784.40,118550.00,118665.80,822.596
2025-08-15T10:00:00+00:00,118665.80,118923.00,118665.80,118813.10,698.357
2025-08-15T10:15:00+00:00,118813.10,118980.20,118784.40,118932.00,446.642
2025-08-15T10:30:00+00:00,118932.00,118973.40,118825.50,118926.80,308.715
2025-08-15T10:45:00+00:00,118926.90,118966.80,118824.90,118824.90,254.241
2025-08-15T11:00:00+00:00,118825.00,119042.00,118824.90,119010.10,523.897
2025-08-15T11:15:00+00:00,119010.10,119038.00,118901.30,118949.90,426.522
2025-08-15T11:30:00+00:00,118949.80,119041.90,118933.50,119013.70,532.832
2025-08-15T11:45:00+00:00,119013.70,119046.00,118944.60,118950.00,285.867
2025-08-15T12:00:00+00:00,118950.10,119053.10,118888.20,119032.80,451.466
2025-08-15T12:15:00+00:00,119032.80,119032.80,118597.30,118599.90,2017.357
2025-08-15T12:30:00+00:00,118599.90,119068.80,118440.70,118593.80,4044.211
2025-08-15T12:45:00+00:00,118593.80,118724.30,118478.40,118587.20,986.217
2025-08-15T13:00:00+00:00,118587.10,118686.30,118260.90,118429.90,2342.373
2025-08-15T13:15:00+00:00,118429.80,118555.00,118370.50,118413.10,1391.969
2025-08-15T13:30:00+00:00,118413.00,118479.50,117905.20,117964.60,4088.979
2025-08-15T13:45:00+00:00,117964.60,118074.80,117688.30,117721.90,3496.802
2025-08-15T14:00:00+00:00,117723.20,118125.40,117625.70,117971.90,5327.324
2025-08-15T14:15:00+00:00,117971.90,118246.00,117716.40,117850.80,2195.076
2025-08-15T14:30:00+00:00,117850.80,117988.00,117700.10,117700.10,1157.668
2025-08-15T14:45:00+00:00,117700.20,117741.30,117197.30,117354.90,5786.118
2025-08-15T15:00:00+00:00,117354.90,117480.80,116900.50,117305.60,4985.031
2025-08-15T15:15:00+00:00,117305.70,117547.00,116926.20,117010.60,3473.641
2025-08-15T15:30:00+00:00,117010.60,117360.10,116750.00,116785.00,3371.557
2025-08-15T15:45:00+00:00,116785.10,117345.90,116763.20,117216.80,2965.758
2025-08-15T16:00:00+00:00,117216.80,117317.00,116743.50,116992.80,2676.050
2025-08-15T16:15:00+00:00,116992.80,117125.00,116736.30,116996.00,1858.059
2025-08-15T16:30:00+00:00,116995.90,117228.60,116976.00,117137.70,1364.629
2025-08-15T16:45:00+00:00,117137.80,117388.70,117082.40,117307.20,1464.629
2025-08-15T17:00:00+00:00,117307.20,117314.30,117050.10,117111.60,944.748
2025-08-15T17:15:00+00:00,117111.50,117647.30,116932.40,117493.10,3172.505
2025-08-15T17:30:00+00:00,117493.00,117859.40,117350.30,117691.70,4579.583
2025-08-15T17:45:00+00:00,117691.70,117731.70,117502.90,117543.80,1041.970
2025-08-15T18:00:00+00:00,117543.90,117622.90,117250.00,117337.10,1032.422
2025-08-15T18:15:00+00:00,117337.10,117354.70,117225.00,117284.40,563.751
2025-08-15T18:30:00+00:00,117284.30,117420.70,117211.00,117227.90,508.562
2025-08-15T18:45:00+00:00,117227.90,117379.00,116980.00,117119.50,1217.552
2025-08-15T19:00:00+00:00,117119.50,117253.60,116954.10,117249.90,1373.248
2025-08-15T19:15:00+00:00,117249.90,117381.20,117072.10,117080.80,771.167
2025-08-15T19:30:00+00:00,117080.80,117151.00,116901.50,116942.70,824.322
2025-08-15T19:45:00+00:00,116942.70,117017.20,116812.00,116900.00,1264.816
2025-08-15T20:00:00+00:00,116900.00,117091.90,116820.50,117091.90,1074.937
2025-08-15T20:15:00+00:00,117091.90,117162.90,117015.10,117141.40,569.517
2025-08-15T20:30:00+00:00,117141.30,117297.00,117124.50,117179.90,591.126
2025-08-15T20:45:00+00:00,117179.90,117288.50,117167.30,117230.50,455.137
2025-08-15T21:00:00+00:00,117230.40,117317.10,117017.40,117018.30,819.230
2025-08-15T21:15:00+00:00,117018.20,117236.60,116943.20,117205.60,464.913
2025-08-15T21:30:00+00:00,117205.60,117270.90,117108.30,117192.70,317.634
2025-08-15T21:45:00+00:00,117192.70,117273.70,117190.00,117273.60,265.161
2025-08-15T22:00:00+00:00,117273.60,117337.20,117255.00,117263.80,549.931
2025-08-15T22:15:00+00:00,117263.80,117329.60,117263.80,117329.60,303.713
2025-08-15T22:30:00+00:00,117329.60,117469.90,117325.80,117408.50,858.386
2025-08-15T22:45:00+00:00,117408.50,117690.20,117408.50,117650.10,1470.887
2025-08-15T23:00:00+00:00,117650.20,117711.00,117261.10,117265.20,1330.136
2025-08-15T23:15:00+00:00,117265.30,117265.30,116971.30,117123.80,1080.796
2025-08-15T23:30:00+00:00,117123.90,117185.60,117023.10,117083.70,355.215
2025-08-15T23:45:00+00:00,117083.60,117285.80,117050.00,117279.20,446.380
2025-08-16T00:00:00+00:00,117279.10,117450.20,117162.60,117450.10,744.235
2025-08-16T00:15:00+00:00,117450.10,117524.30,117303.00,117432.80,1065.787
2025-08-16T00:30:00+00:00,117432.80,117655.00,117423.60,117624.00,871.741
2025-08-16T00:45:00+00:00,117624.00,117747.00,117610.00,117696.10,1086.417
2025-08-16T01:00:00+00:00,117696.10,117739.50,117578.40,117731.90,955.231
2025-08-16T01:15:00+00:00,117731.90,117776.80,117583.20,117668.40,717.060
2025-08-16T01:30:00+00:00,117668.50,117814.40,117658.80,117749.70,620.752
2025-08-16T01:45:00+00:00,117749.60,117853.50,117711.00,117778.40,441.592
2025-08-16T02:00:00+00:00,117778.50,117778.50,117561.60,117587.70,1020.277
2025-08-16T02:15:00+00:00,117587.70,117670.90,117525.00,117574.50,405.586
2025-08-16T02:30:00+00:00,117574.50,117609.80,117466.30,117492.10,403.786
2025-08-16T02:45:00+00:00,117492.00,117564.80,117384.70,117458.80,547.391
2025-08-16T03:00:00+00:00,117458.90,117587.00,117368.00,117561.80,424.759
2025-08-16T03:15:00+00:00,117561.80,117619.20,117519.80,117587.80,316.919
2025-08-16T03:30:00+00:00,117587.70,117587.80,117465.00,117465.00,213.649
2025-08-16T03:45:00+00:00,117465.00,117547.60,117337.20,117385.00,637.205
2025-08-16T04:00:00+00:00,117385.00,117460.20,117369.60,117407.00,360.349
2025-08-16T04:15:00+00:00,117407.00,117784.10,117383.60,117770.10,1110.851
2025-08-16T04:30:00+00:00,117770.00,117801.80,117652.10,117672.70,467.927
2025-08-16T04:45:00+00:00,117672.70,117857.10,117672.70,117772.80,752.665
2025-08-16T05:00:00+00:00,117772.80,117817.90,117678.60,117688.90,350.846
2025-08-16T05:15:00+00:00,117688.80,117688.80,117502.50,117540.10,398.834
2025-08-16T05:30:00+00:00,117540.10,117616.80,117473.50,117518.40,586.427
2025-08-16T05:45:00+00:00,117518.30,117578.20,117479.20,117550.40,388.325
2025-08-16T06:00:00+00:00,117550.40,117586.40,117375.00,117375.00,610.821
2025-08-16T06:15:00+00:00,117375.10,117444.00,117340.00,117402.70,538.879
2025-08-16T06:30:00+00:00,117402.80,117430.90,117226.80,117315.70,1010.050
2025-08-16T06:45:00+00:00,117315.80,117415.80,117304.30,117347.50,395.117
2025-08-16T07:00:00+00:00,117347.40,117482.70,117296.40,117429.40,378.471
2025-08-16T07:15:00+00:00,117429.40,117473.10,117330.80,117473.10,398.594
2025-08-16T07:30:00+00:00,117473.10,117622.00,117442.60,117587.30,684.839
2025-08-16T07:45:00+00:00,117587.30,117631.60,117543.50,117549.90,445.593
2025-08-16T08:00:00+00:00,117550.00,117552.00,117459.70,117495.10,407.177
2025-08-16T08:15:00+00:00,117495.20,117519.60,117446.80,117470.60,196.630
2025-08-16T08:30:00+00:00,117470.70,117632.80,117470.60,117581.30,324.173
2025-08-16T08:45:00+00:00,117581.30,117628.80,117516.50,117578.60,260.984
2025-08-16T09:00:00+00:00,117578.50,117664.90,117493.20,117609.80,439.008
2025-08-16T09:15:00+00:00,117609.70,117642.00,117572.40,117613.20,237.560
2025-08-16T09:30:00+00:00,117613.20,117655.20,117561.30,117610.90,230.021
2025-08-16T09:45:00+00:00,117610.90,117620.40,117250.00,117260.10,1210.598
2025-08-16T10:00:00+00:00,117260.10,117407.80,117175.90,117249.50,1413.938
2025-08-16T10:15:00+00:00,117249.40,117336.40,117089.70,117290.50,1104.702
2025-08-16T10:30:00+00:00,117290.50,117348.90,117179.10,117284.50,474.852
2025-08-16T10:45:00+00:00,117284.50,117352.40,117268.70,117343.40,364.160
2025-08-16T11:00:00+00:00,117343.30,117459.30,117343.30,117455.00,423.340
2025-08-16T11:15:00+00:00,117455.10,117499.80,117450.90,117451.00,303.343
2025-08-16T11:30:00+00:00,117451.00,117451.00,117365.10,117365.20,325.303
2025-08-16T11:45:00+00:00,117365.10,117421.30,117312.80,117340.40,481.248
2025-08-16T12:00:00+00:00,117340.50,117402.90,117305.30,117395.70,336.348
2025-08-16T12:15:00+00:00,117395.70,117474.70,117268.50,117474.70,550.161
2025-08-16T12:30:00+00:00,117474.70,117697.70,117474.60,117612.50,1369.794
2025-08-16T12:45:00+00:00,117612.60,117706.60,117564.10,117699.30,432.495
2025-08-16T13:00:00+00:00,117699.30,117750.00,117593.50,117659.90,673.256
2025-08-16T13:15:00+00:00,117660.00,117749.20,117639.90,117700.80,519.824
2025-08-16T13:30:00+00:00,117700.70,117749.20,117600.00,117617.60,457.697
2025-08-16T13:45:00+00:00,117617.50,117692.30,117538.30,117579.10,527.857
2025-08-16T14:00:00+00:00,117579.10,117683.20,117531.30,117611.10,370.429
2025-08-16T14:15:00+00:00,117611.10,117721.00,117500.00,117705.00,517.908
2025-08-16T14:30:00+00:00,117705.10,117705.10,117600.00,117648.00,342.529
2025-08-16T14:45:00+00:00,117648.10,117732.70,117648.10,117723.30,312.935
2025-08-16T15:00:00+00:00,117723.30,117786.00,117603.60,117693.00,594.727
2025-08-16T15:15:00+00:00,117692.90,117730.00,117658.00,117723.60,234.053
2025-08-16T15:30:00+00:00,117723.50,117729.10,117557.30,117608.40,325.918
2025-08-16T15:45:00+00:00,117608.30,117678.00,117595.80,117626.90,223.994
2025-08-16T16:00:00+00:00,117627.00,117732.90,117626.90,117732.90,425.430
2025-08-16T16:15:00+00:00,117732.90,117765.00,117700.00,117759.90,435.848
2025-08-16T16:30:00+00:00,117760.00,117774.50,117700.00,117700.00,342.028
2025-08-16T16:45:00+00:00,117700.00,117747.30,117700.00,117706.00,175.206
2025-08-16T17:00:00+00:00,117705.90,117721.70,117620.50,117662.50,951.896
2025-08-16T17:15:00+00:00,117662.40,117700.00,117620.60,117691.90,284.341
2025-08-16T17:30:00+00:00,117691.90,117692.00,117620.60,117637.30,264.075
2025-08-16T17:45:00+00:00,117637.30,117690.50,117621.10,117658.20,164.932
2025-08-16T18:00:00+00:00,117658.20,117694.40,117624.30,117694.30,197.445
2025-08-16T18:15:00+00:00,117694.30,117717.60,117633.20,117660.40,215.964
2025-08-16T18:30:00+00:00,117660.40,117660.90,117623.50,117623.50,113.707
2025-08-16T18:45:00+00:00,117623.60,117661.80,117588.70,117649.80,592.588
2025-08-16T19:00:00+00:00,117649.90,117649.90,117611.60,117639.00,196.305
2025-08-16T19:15:00+00:00,117639.00,117660.00,117634.70,117655.90,132.500
2025-08-16T19:30:00+00:00,117656.00,117733.80,117655.90,117710.90,260.573
2025-08-16T19:45:00+00:00,117710.90,117711.00,117622.30,117622.30,142.014
2025-08-16T20:00:00+00:00,117622.30,117627.80,117469.50,117575.20,399.168
2025-08-16T20:15:00+00:00,117575.20,117673.90,117575.10,117613.00,211.434
2025-08-16T20:30:00+00:00,117613.10,117645.90,117586.10,117628.90,203.197
2025-08-16T20:45:00+00:00,117628.90,117663.90,117558.30,117606.70,284.361
2025-08-16T21:00:00+00:00,117606.80,117606.80,117526.80,117527.90,252.092
2025-08-16T21:15:00+00:00,117527.80,117559.00,117523.70,117552.70,128.657
2025-08-16T21:30:00+00:00,117552.70,117552.70,117377.30,117440.00,342.110
2025-08-16T21:45:00+00:00,117440.00,117494.40,117399.70,117399.70,165.189
2025-08-16T22:00:00+00:00,117399.80,117399.80,117137.40,117349.50,2286.853
2025-08-16T22:15:00+00:00,117349.50,117418.50,117349.40,117378.30,377.263
2025-08-16T22:30:00+00:00,117378.30,117505.90,117378.20,117450.10,403.296
2025-08-16T22:45:00+00:00,117450.00,117485.00,117406.70,117413.50,253.936
2025-08-16T23:00:00+00:00,117413.50,117423.40,117363.20,117366.10,220.449
2025-08-16T23:15:00+00:00,117366.10,117366.20,117232.00,117232.00,362.830
2025-08-16T23:30:00+00:00,117232.00,117317.90,117227.50,117305.50,277.078
2025-08-16T23:45:00+00:00,117305.40,117413.00,117305.40,117329.70,273.718
2025-08-17T00:00:00+00:00,117329.80,117338.10,117258.00,117285.60,400.434
2025-08-17T00:15:00+00:00,117285.70,117323.60,117230.70,117305.80,248.773
2025-08-17T00:30:00+00:00,117305.90,117380.50,117235.60,117265.40,314.152
2025-08-17T00:45:00+00:00,117265.30,117290.10,117191.50,117204.20,329.671
2025-08-17T01:00:00+00:00,117204.10,117243.80,117121.60,117214.40,523.654
2025-08-17T01:15:00+00:00,117214.30,117295.30,117150.00,117260.00,403.552
2025-08-17T01:30:00+00:00,117260.00,117449.40,117253.20,117333.90,393.821
2025-08-17T01:45:00+00:00,117334.00,117426.50,117287.50,117383.70,347.671
2025-08-17T02:00:00+00:00,117383.80,117460.00,117357.40,117357.40,238.774
2025-08-17T02:15:00+00:00,117357.40,117508.50,117330.10,117508.50,280.583
2025-08-17T02:30:00+00:00,117508.40,117515.00,117396.80,117493.00,347.080
2025-08-17T02:45:00+00:00,117493.10,117594.00,117447.50,117559.10,572.061
2025-08-17T03:00:00+00:00,117559.00,117587.10,117487.60,117515.80,303.139
2025-08-17T03:15:00+00:00,117515.70,117526.20,117459.00,117526.10,201.065
2025-08-17T03:30:00+00:00,117526.10,117662.90,117500.00,117653.00,401.923
2025-08-17T03:45:00+00:00,117653.10,117722.50,117627.30,117627.40,425.581
2025-08-17T04:00:00+00:00,117627.30,117693.60,117627.30,117663.30,321.822
2025-08-17T04:15:00+00:00,117663.30,117722.10,117663.30,117722.00,325.399
2025-08-17T04:30:00+00:00,117722.10,117739.50,117722.10,117735.70,315.563
2025-08-17T04:45:00+00:00,117735.70,118146.40,117735.70,118023.50,2742.679
2025-08-17T05:00:00+00:00,118023.50,118187.00,117968.50,118128.80,1162.216
2025-08-17T05:15:00+00:00,118128.80,118145.20,118035.60,118078.50,731.149
2025-08-17T05:30:00+00:00,118078.50,118090.50,117938.80,117974.10,546.942
2025-08-17T05:45:00+00:00,117974.10,118038.70,117938.40,117945.50,553.229
2025-08-17T06:00:00+00:00,117945.60,118063.30,117945.50,118063.30,280.801
2025-08-17T06:15:00+00:00,118063.30,118063.30,117983.30,118034.30,279.173
2025-08-17T06:30:00+00:00,118034.40,118034.40,117860.00,117927.60,447.723
2025-08-17T06:45:00+00:00,117927.60,117935.90,117850.00,117876.00,290.506
2025-08-17T07:00:00+00:00,117876.00,117973.40,117789.40,117961.30,648.154
2025-08-17T07:15:00+00:00,117961.30,117990.60,117900.00,117900.00,218.084
2025-08-17T07:30:00+00:00,117900.10,117935.00,117838.60,117928.60,284.785
2025-08-17T07:45:00+00:00,117928.70,117959.80,117900.00,117949.90,291.290
2025-08-17T08:00:00+00:00,117950.00,117980.50,117865.00,117865.00,288.467
2025-08-17T08:15:00+00:00,117865.10,117942.00,117865.00,117941.90,193.057
2025-08-17T08:30:00+00:00,117942.00,118100.00,117941.90,118057.70,361.343
2025-08-17T08:45:00+00:00,118057.70,118347.30,118051.60,118323.70,1826.926
2025-08-17T09:00:00+00:00,118323.70,118363.70,118165.40,118244.10,1055.550
2025-08-17T09:15:00+00:00,118244.20,118435.00,118206.10,118282.10,1091.588
2025-08-17T09:30:00+00:00,118282.20,118329.60,118172.20,118244.10,607.621
2025-08-17T09:45:00+00:00,118244.10,118308.70,118217.20,118278.60,461.001
2025-08-17T10:00:00+00:00,118278.50,118284.00,118162.00,118187.80,1056.722
2025-08-17T10:15:00+00:00,118187.70,118200.00,118119.40,118165.30,322.816
2025-08-17T10:30:00+00:00,118165.30,118241.50,118134.10,118241.40,373.046
2025-08-17T10:45:00+00:00,118241.50,118349.70,118219.60,118346.40,473.567
2025-08-17T11:00:00+00:00,118346.30,118347.20,118233.90,118249.00,394.378
2025-08-17T11:15:00+00:00,118249.00,118305.10,118201.00,118296.70,237.551
2025-08-17T11:30:00+00:00,118296.80,118319.90,118224.80,118264.70,299.491
2025-08-17T11:45:00+00:00,118264.80,118306.90,118240.90,118253.90,222.815
2025-08-17T12:00:00+00:00,118254.00,118309.50,118144.50,118257.40,540.794
2025-08-17T12:15:00+00:00,118257.50,118288.00,118188.70,118188.80,254.280
2025-08-17T12:30:00+00:00,118188.80,118238.20,118155.70,118181.90,269.701
2025-08-17T12:45:00+00:00,118181.90,118200.00,118066.70,118109.30,375.647
2025-08-17T13:00:00+00:00,118109.30,118126.90,118010.00,118010.00,547.726
2025-08-17T13:15:00+00:00,118010.10,118129.30,118010.10,118129.20,595.994
2025-08-17T13:30:00+00:00,118129.30,118309.80,118102.40,118287.00,655.066
2025-08-17T13:45:00+00:00,118287.10,118558.00,118267.40,118391.00,1372.714
2025-08-17T14:00:00+00:00,118391.00,118431.60,118295.50,118295.50,531.381
2025-08-17T14:15:00+00:00,118295.50,118295.60,118102.00,118195.40,786.682
2025-08-17T14:30:00+00:00,118195.40,118213.10,118107.10,118208.20,379.970
2025-08-17T14:45:00+00:00,118208.10,118255.00,118088.30,118092.70,390.553
2025-08-17T15:00:00+00:00,118092.60,118207.30,118072.00,118183.20,377.586
2025-08-17T15:15:00+00:00,118183.20,118183.30,118089.20,118095.10,269.976
2025-08-17T15:30:00+00:00,118095.00,118190.50,118095.00,118190.50,272.059
2025-08-17T15:45:00+00:00,118190.40,118216.50,118156.00,118191.00,263.070
2025-08-17T16:00:00+00:00,118191.00,118267.90,117982.80,118049.10,1444.550
2025-08-17T16:15:00+00:00,118049.00,118142.00,117913.90,118018.90,1164.419
2025-08-17T16:30:00+00:00,118018.90,118067.80,117868.30,117926.50,938.983
2025-08-17T16:45:00+00:00,117926.50,117944.60,117636.30,117774.50,3364.365
2025-08-17T17:00:00+00:00,117774.40,117838.00,117686.90,117696.30,730.090
2025-08-17T17:15:00+00:00,117696.30,117825.80,117581.80,117765.20,848.263
2025-08-17T17:30:00+00:00,117765.20,117882.90,117765.20,117844.90,415.208
2025-08-17T17:45:00+00:00,117844.90,117878.40,117798.10,117846.20,210.871
2025-08-17T18:00:00+00:00,117846.30,117908.90,117836.60,117863.60,427.215
2025-08-17T18:15:00+00:00,117863.60,117881.30,117681.00,117755.90,369.914
2025-08-17T18:30:00+00:00,117756.00,117798.70,117723.00,117767.80,175.103
2025-08-17T18:45:00+00:00,117767.70,117777.70,117245.00,117500.80,2507.133
2025-08-17T19:00:00+00:00,117501.10,117686.90,117407.30,117630.00,924.865
2025-08-17T19:15:00+00:00,117630.10,117700.00,117602.80,117695.10,259.482
2025-08-17T19:30:00+00:00,117695.00,117695.10,117437.80,117451.00,835.133
2025-08-17T19:45:00+00:00,117451.10,117580.00,117409.00,117527.00,417.881
2025-08-17T20:00:00+00:00,117527.00,117610.80,117455.60,117609.70,425.883
2025-08-17T20:15:00+00:00,117609.80,117651.00,117523.40,117580.20,411.254
2025-08-17T20:30:00+00:00,117580.20,117688.50,117580.10,117685.10,182.996
2025-08-17T20:45:00+00:00,117685.10,117699.00,117547.10,117547.10,199.462
2025-08-17T21:00:00+00:00,117547.20,117637.40,117547.10,117635.10,263.959
2025-08-17T21:15:00+00:00,117635.10,117651.80,117546.70,117592.10,139.684
2025-08-17T21:30:00+00:00,117592.20,117690.00,117558.80,117686.40,278.472
2025-08-17T21:45:00+00:00,117686.20,117732.30,117619.70,117648.10,214.761
2025-08-17T22:00:00+00:00,117648.10,117829.60,117631.20,117746.20,903.781
2025-08-17T22:15:00+00:00,117746.30,117786.30,117672.60,117713.60,493.098
2025-08-17T22:30:00+00:00,117713.50,117915.90,117706.80,117900.30,575.045
2025-08-17T22:45:00+00:00,117900.30,117945.00,117872.90,117898.50,396.219
2025-08-17T23:00:00+00:00,117898.50,117921.80,117700.00,117734.90,480.877
2025-08-17T23:15:00+00:00,117734.90,117789.60,117420.00,117505.80,1019.039
2025-08-17T23:30:00+00:00,117505.80,117555.60,117430.00,117517.60,400.809
2025-08-17T23:45:00+00:00,117517.50,117521.60,117322.20,117353.80,647.403
2025-08-18T00:00:00+00:00,117353.90,117499.40,117274.50,117451.30,870.249
2025-08-18T00:15:00+00:00,117451.30,117451.30,117037.00,117099.40,2108.866
2025-08-18T00:30:00+00:00,117099.40,117319.50,116927.70,117214.80,1632.160
2025-08-18T00:45:00+00:00,117214.70,117300.00,117110.30,117244.60,675.671
2025-08-18T01:00:00+00:00,117244.50,117354.30,117205.60,117248.90,493.431
2025-08-18T01:15:00+00:00,117248.80,117358.70,116584.00,116597.90,3323.084
2025-08-18T01:30:00+00:00,116597.90,116871.20,116267.00,116365.10,7032.940
2025-08-18T01:45:00+00:00,116365.00,116415.80,116088.00,116214.00,4712.201
2025-08-18T02:00:00+00:00,116214.00,116278.70,115844.90,115933.30,4388.565
2025-08-18T02:15:00+00:00,115933.20,115977.00,115671.00,115739.20,4558.054
2025-08-18T02:30:00+00:00,115739.20,116016.00,115623.50,115841.60,2362.506
2025-08-18T02:45:00+00:00,115841.70,115874.40,115241.10,115394.80,5165.761
2025-08-18T03:00:00+00:00,115394.80,115580.30,115365.40,115413.80,1667.699
2025-08-18T03:15:00+00:00,115413.90,115484.90,115266.00,115308.70,1525.866
2025-08-18T03:30:00+00:00,115308.70,115371.50,115059.50,115124.60,3090.015
2025-08-18T03:45:00+00:00,115124.60,115341.50,114950.30,115264.90,3367.476
2025-08-18T04:00:00+00:00,115264.80,115345.00,115024.30,115282.00,1639.906
2025-08-18T04:15:00+00:00,115282.00,115411.70,115126.70,115383.80,1236.180
2025-08-18T04:30:00+00:00,115383.70,115476.10,115328.80,115356.10,1222.419
2025-08-18T04:45:00+00:00,115356.00,115478.10,115356.00,115414.70,726.324
2025-08-18T05:00:00+00:00,115414.60,115640.40,115414.60,115618.60,1227.661
2025-08-18T05:15:00+00:00,115618.60,115621.30,115515.00,115515.10,738.440
2025-08-18T05:30:00+00:00,115515.00,115515.10,115067.70,115115.30,1767.509
2025-08-18T05:45:00+00:00,115115.40,115640.10,114923.60,115640.10,2183.471
2025-08-18T06:00:00+00:00,115640.00,115684.50,115363.80,115380.00,1830.601
2025-08-18T06:15:00+00:00,115380.10,115481.30,114942.90,115139.50,3142.724
2025-08-18T06:30:00+00:00,115139.50,115312.40,114840.20,114987.90,1974.538
2025-08-18T06:45:00+00:00,114987.80,115223.70,114815.20,115200.10,1605.119
2025-08-18T07:00:00+00:00,115200.10,115426.00,115168.50,115200.00,1194.009
2025-08-18T07:15:00+00:00,115199.90,115415.00,115150.00,115297.80,861.434
2025-08-18T07:30:00+00:00,115297.80,115416.70,115136.00,115329.70,822.820
2025-08-18T07:45:00+00:00,115329.70,115373.10,115133.60,115153.20,655.121
2025-08-18T08:00:00+00:00,115153.20,115314.50,115026.70,115026.70,1240.690
2025-08-18T08:15:00+00:00,115026.80,115284.00,115008.40,115283.90,721.674
2025-08-18T08:30:00+00:00,115284.00,115342.50,115200.30,115224.90,674.057
2025-08-18T08:45:00+00:00,115224.80,115240.10,115048.80,115087.70,668.297
2025-08-18T09:00:00+00:00,115087.60,115095.40,114813.80,114875.70,1431.017
2025-08-18T09:15:00+00:00,114875.70,114908.20,114610.00,114640.40,3439.876
2025-08-18T09:30:00+00:00,114640.40,115049.90,114605.00,114971.30,2482.503
2025-08-18T09:45:00+00:00,114971.40,115103.60,114929.90,114999.90,1692.629
2025-08-18T10:00:00+00:00,115000.00,115144.70,114955.00,115045.70,777.121
2025-08-18T10:15:00+00:00,115045.70,115218.80,114933.40,114939.50,1359.004
2025-08-18T10:30:00+00:00,114939.60,115217.60,114939.60,115203.90,544.252
2025-08-18T10:45:00+00:00,115203.80,115222.00,114976.00,115010.70,589.269
2025-08-18T11:00:00+00:00,115010.70,115084.30,114960.00,115058.50,443.212
2025-08-18T11:15:00+00:00,115058.50,115058.50,114874.60,114952.50,592.308
2025-08-18T11:30:00+00:00,114952.50,114980.20,114863.00,114934.40,630.877
2025-08-18T11:45:00+00:00,114934.40,114963.30,114811.00,114900.00,694.879
2025-08-18T12:00:00+00:00,114900.10,115136.00,114853.30,115085.40,771.633
2025-08-18T12:15:00+00:00,115085.30,115150.10,114928.80,115088.80,691.894
2025-08-18T12:30:00+00:00,115088.70,115305.20,115035.50,115278.40,1335.774
2025-08-18T12:45:00+00:00,115278.40,115475.00,115151.60,115475.00,1910.143
2025-08-18T13:00:00+00:00,115475.00,115598.20,115377.00,115487.30,3108.346
2025-08-18T13:15:00+00:00,115487.20,115648.00,115487.00,115607.90,1178.774
2025-08-18T13:30:00+00:00,115607.90,115688.00,115229.70,115307.10,2215.026
2025-08-18T13:45:00+00:00,115307.10,115450.00,114769.20,114790.80,2947.845
2025-08-18T14:00:00+00:00,114790.80,115177.70,114790.80,115166.40,2178.181
2025-08-18T14:15:00+00:00,115166.40,115474.60,115087.40,115320.60,1472.809
2025-08-18T14:30:00+00:00,115320.50,115320.50,115076.90,115089.00,1136.701
2025-08-18T14:45:00+00:00,115089.00,115597.80,114862.50,115592.40,1885.338
2025-08-18T15:00:00+00:00,115592.30,115674.50,115392.90,115412.40,1230.417
2025-08-18T15:15:00+00:00,115412.50,115648.50,115349.90,115578.00,849.119
2025-08-18T15:30:00+00:00,115578.10,115872.70,115487.10,115719.40,1757.870
2025-08-18T15:45:00+00:00,115719.40,116137.80,115719.30,116099.40,3916.669
2025-08-18T16:00:00+00:00,116099.40,116304.30,116022.20,116023.30,3613.380
2025-08-18T16:15:00+00:00,116023.20,116129.60,115928.90,115981.10,1755.995
2025-08-18T16:30:00+00:00,115981.20,116055.30,115773.30,116007.60,1222.707
2025-08-18T16:45:00+00:00,116007.60,116204.90,115883.50,115911.30,888.145
2025-08-18T17:00:00+00:00,115911.30,116197.00,115911.20,116197.00,626.878
2025-08-18T17:15:00+00:00,116196.90,116638.00,116196.90,116470.00,2644.261
2025-08-18T17:30:00+00:00,116470.00,116761.00,116470.00,116481.60,1967.769
2025-08-18T17:45:00+00:00,116481.60,116578.80,116366.40,116371.10,1174.213
2025-08-18T18:00:00+00:00,116371.10,116400.10,116249.80,116315.90,1072.912
2025-08-18T18:15:00+00:00,116315.90,116422.30,116175.90,116308.90,840.668
2025-08-18T18:30:00+00:00,116309.00,116494.00,116308.90,116415.40,573.155
2025-08-18T18:45:00+00:00,116415.40,116531.70,116405.10,116428.80,507.315
2025-08-18T19:00:00+00:00,116428.80,116590.00,116201.00,116229.90,1209.333
2025-08-18T19:15:00+00:00,116230.00,116311.80,116139.70,116310.80,583.043
2025-08-18T19:30:00+00:00,116310.80,116352.90,116174.30,116210.30,508.538
2025-08-18T19:45:00+00:00,116210.30,116350.30,116171.50,116273.40,581.118
2025-08-18T20:00:00+00:00,116273.40,116428.50,116184.80,116418.50,479.189
2025-08-18T20:15:00+00:00,116418.50,116461.50,116282.30,116461.50,294.294
2025-08-18T20:30:00+00:00,116461.50,116488.00,115929.90,116029.40,1202.921
2025-08-18T20:45:00+00:00,116029.50,116366.80,116029.40,116364.80,655.664
2025-08-18T21:00:00+00:00,116364.70,116535.10,116360.20,116535.10,529.816
2025-08-18T21:15:00+00:00,116535.10,116636.00,116482.10,116596.00,496.348
2025-08-18T21:30:00+00:00,116595.90,116614.80,116382.70,116410.40,570.742
2025-08-18T21:45:00+00:00,116410.40,116615.20,116409.80,116609.90,370.709
2025-08-18T22:00:00+00:00,116610.00,116934.90,116610.00,116847.70,1729.259
2025-08-18T22:15:00+00:00,116847.70,116938.70,116828.30,116870.00,467.845
2025-08-18T22:30:00+00:00,116870.00,116888.80,116680.30,116680.30,558.997
2025-08-18T22:45:00+00:00,116680.30,116692.80,116324.90,116342.20,1181.088
2025-08-18T23:00:00+00:00,116342.30,116523.50,116340.70,116356.60,597.085
2025-08-18T23:15:00+00:00,116356.60,116384.70,116222.00,116236.40,722.024
2025-08-18T23:30:00+00:00,116236.30,116293.00,116153.80,116153.80,562.507
2025-08-18T23:45:00+00:00,116153.80,116214.30,116026.60,116183.60,660.837
2025-08-19T00:00:00+00:00,116183.60,116254.30,116108.10,116224.70,603.218
2025-08-19T00:15:00+00:00,116224.70,116264.40,115861.90,115875.00,1567.444
2025-08-19T00:30:00+00:00,115875.00,116145.70,115463.80,115973.70,3486.281
2025-08-19T00:45:00+00:00,115973.70,116524.60,115966.90,116519.30,1535.714
2025-08-19T01:00:00+00:00,116519.20,116687.70,116354.00,116375.40,1226.844
2025-08-19T01:15:00+00:00,116375.40,116434.80,116143.50,116150.70,710.247
2025-08-19T01:30:00+00:00,116150.70,116150.80,115875.00,115953.70,1267.046
2025-08-19T01:45:00+00:00,115953.70,115988.60,115670.00,115760.60,1151.454
2025-08-19T02:00:00+00:00,115760.50,115891.90,115654.80,115820.10,713.355
2025-08-19T02:15:00+00:00,115820.00,115862.40,115580.00,115775.60,543.304
2025-08-19T02:30:00+00:00,115775.50,115923.00,115700.10,115831.30,356.517
2025-08-19T02:45:00+00:00,115831.20,116012.80,115668.00,115709.90,426.075
2025-08-19T03:00:00+00:00,115709.90,115727.30,115402.60,115569.20,1591.006
2025-08-19T03:15:00+00:00,115569.20,115630.90,115223.00,115323.10,1669.581
2025-08-19T03:30:00+00:00,115323.00,115325.30,114812.60,114918.30,3298.084
2025-08-19T03:45:00+00:00,114918.30,114984.10,114734.80,114756.60,1662.146
2025-08-19T04:00:00+00:00,114756.70,114929.60,114303.80,114702.20,4456.300
2025-08-19T04:15:00+00:00,114702.30,114984.00,114585.00,114843.30,1509.737
2025-08-19T04:30:00+00:00,114843.20,115200.00,114827.60,115186.60,1342.456
2025-08-19T04:45:00+00:00,115186.60,115333.00,115079.30,115256.30,1254.775
2025-08-19T05:00:00+00:00,115256.30,115430.00,115076.90,115171.20,1944.199
2025-08-19T05:15:00+00:00,115171.10,115378.20,115115.60,115334.50,723.538
2025-08-19T05:30:00+00:00,115334.40,115369.50,115055.00,115055.00,768.111
2025-08-19T05:45:00+00:00,115055.00,115063.30,114894.00,114926.00,947.133
2025-08-19T06:00:00+00:00,114926.00,115073.50,114861.00,114997.60,695.952
2025-08-19T06:15:00+00:00,114997.60,115182.70,114860.00,115088.40,689.009
2025-08-19T06:30:00+00:00,115088.40,115093.20,114908.00,114943.30,555.273
2025-08-19T06:45:00+00:00,114943.30,115039.90,114868.50,114963.30,581.993
2025-08-19T07:00:00+00:00,114963.20,115008.90,114775.00,114829.90,786.526
2025-08-19T07:15:00+00:00,114829.90,114845.20,114600.00,114656.20,1374.228
2025-08-19T07:30:00+00:00,114656.10,114923.00,114560.00,114749.90,1281.128
2025-08-19T07:45:00+00:00,114750.00,114948.40,114740.50,114928.70,995.933
2025-08-19T08:00:00+00:00,114928.70,114994.90,114751.20,114981.40,895.104
2025-08-19T08:15:00+00:00,114981.30,115052.40,114897.60,114909.30,598.092
2025-08-19T08:30:00+00:00,114909.40,114994.20,114750.00,114967.20,499.934
2025-08-19T08:45:00+00:00,114967.20,115266.90,114920.00,115144.90,1162.743
2025-08-19T09:00:00+00:00,115144.90,115349.00,115137.00,115305.70,1545.192
2025-08-19T09:15:00+00:00,115305.60,115399.80,115219.10,115385.30,873.610
2025-08-19T09:30:00+00:00,115385.30,115450.00,115293.00,115358.40,870.255
2025-08-19T09:45:00+00:00,115358.30,115399.30,115222.00,115281.50,508.609
2025-08-19T10:00:00+00:00,115281.50,115468.30,115265.30,115354.80,639.372
2025-08-19T10:15:00+00:00,115354.80,115543.80,115354.80,115451.40,666.782
2025-08-19T10:30:00+00:00,115451.30,115488.00,115272.50,115372.30,514.376
2025-08-19T10:45:00+00:00,115372.40,115390.70,115270.00,115347.60,338.079
2025-08-19T11:00:00+00:00,115347.70,115561.10,115347.70,115543.80,736.067
2025-08-19T11:15:00+00:00,115543.70,115608.50,115500.00,115509.70,503.839
2025-08-19T11:30:00+00:00,115509.70,115538.30,115413.70,115423.90,450.017
2025-08-19T11:45:00+00:00,115423.90,115544.20,115423.90,115461.00,376.085
2025-08-19T12:00:00+00:00,115461.00,115552.10,115360.00,115525.50,568.281
2025-08-19T12:15:00+00:00,115525.60,115574.90,115423.80,115450.10,548.620
2025-08-19T12:30:00+00:00,115450.00,115511.00,115340.40,115457.50,525.008
2025-08-19T12:45:00+00:00,115457.50,115555.00,115224.80,115555.00,1002.847
2025-08-19T13:00:00+00:00,115555.00,115630.00,115453.40,115467.70,749.242
2025-08-19T13:15:00+00:00,115467.70,115746.30,115467.60,115701.80,808.668
2025-08-19T13:30:00+00:00,115701.80,115847.40,114979.90,115063.70,5481.951
2025-08-19T13:45:00+00:00,115063.60,115328.70,114822.40,115151.30,3754.522
2025-08-19T14:00:00+00:00,115151.30,115325.20,114708.00,114753.80,2418.544
2025-08-19T14:15:00+00:00,114753.70,114794.50,114070.00,114083.30,5625.344
2025-08-19T14:30:00+00:00,114083.30,114438.70,113745.50,113879.60,7622.570
2025-08-19T14:45:00+00:00,113879.50,114029.00,113705.30,113827.30,3665.692
2025-08-19T15:00:00+00:00,113827.40,113967.40,113506.00,113593.10,4658.039
2025-08-19T15:15:00+00:00,113593.20,114134.80,113576.20,114026.60,3817.795
2025-08-19T15:30:00+00:00,114026.60,114097.90,113829.10,114046.60,1251.996
2025-08-19T15:45:00+00:00,114046.70,114046.70,113674.00,113730.00,1726.306
2025-08-19T16:00:00+00:00,113730.10,113844.00,113638.50,113650.00,1484.632
2025-08-19T16:15:00+00:00,113650.00,113788.00,113576.20,113599.90,984.183
2025-08-19T16:30:00+00:00,113599.80,113787.90,113373.00,113548.00,3345.340
2025-08-19T16:45:00+00:00,113547.90,113567.80,113273.30,113338.90,2727.207
2025-08-19T17:00:00+00:00,113339.00,113459.90,113011.00,113260.50,4138.554
2025-08-19T17:15:00+00:00,113260.50,113431.90,113113.00,113374.40,1243.778
2025-08-19T17:30:00+00:00,113374.40,113534.70,113360.30,113417.90,1369.539
2025-08-19T17:45:00+00:00,113417.90,113494.40,113239.60,113459.80,901.334
2025-08-19T18:00:00+00:00,113459.90,113459.90,113314.50,113315.30,809.893
2025-08-19T18:15:00+00:00,113315.30,113428.50,113189.10,113189.10,621.780
2025-08-19T18:30:00+00:00,113189.20,113215.30,112893.00,112958.10,1789.709
2025-08-19T18:45:00+00:00,112958.10,113094.60,112770.10,113013.10,2711.110
2025-08-19T19:00:00+00:00,113013.00,113013.00,112753.00,112772.00,2044.806
2025-08-19T19:15:00+00:00,112771.90,113400.10,112714.40,113339.30,2615.602
2025-08-19T19:30:00+00:00,113339.40,113490.30,113246.00,113372.90,1239.827
2025-08-19T19:45:00+00:00,113372.80,113461.50,113000.10,113078.30,1380.420
2025-08-19T20:00:00+00:00,113078.20,113245.20,112858.80,112935.40,1609.023
2025-08-19T20:15:00+00:00,112935.60,113265.80,112935.50,113259.90,749.026
2025-08-19T20:30:00+00:00,113259.90,113455.20,113259.80,113360.00,1377.235
2025-08-19T20:45:00+00:00,113359.90,113524.50,113338.30,113517.60,642.760
2025-08-19T21:00:00+00:00,113517.60,113523.00,113404.80,113456.60,533.035
2025-08-19T21:15:00+00:00,113456.70,113513.20,113410.00,113459.60,644.665
2025-08-19T21:30:00+00:00,113459.60,113511.50,113404.80,113445.80,425.533
2025-08-19T21:45:00+00:00,113445.90,113451.60,113350.00,113365.00,357.193
2025-08-19T22:00:00+00:00,113364.90,113391.10,113056.60,113114.40,1871.275
2025-08-19T22:15:00+00:00,113114.40,113286.20,113020.00,113250.60,751.187
2025-08-19T22:30:00+00:00,113250.60,113289.00,113002.00,113153.60,461.071
2025-08-19T22:45:00+00:00,113153.70,113249.00,113068.00,113119.20,350.418
2025-08-19T23:00:00+00:00,113119.30,113145.60,112927.20,112952.60,654.436
2025-08-19T23:15:00+00:00,112952.70,113027.20,112770.00,112872.50,1044.589
2025-08-19T23:30:00+00:00,112872.50,113091.20,112755.00,112917.10,1575.829
2025-08-19T23:45:00+00:00,112917.00,112917.10,112666.60,112824.20,1451.110
2025-08-20T00:00:00+00:00,112824.10,113213.60,112782.40,112977.50,1665.613
2025-08-20T00:15:00+00:00,112977.40,113153.20,112804.00,112946.20,1061.650
2025-08-20T00:30:00+00:00,112946.30,113224.30,112904.70,113200.50,922.163
2025-08-20T00:45:00+00:00,113200.40,113272.30,113146.70,113150.30,882.784
2025-08-20T01:00:00+00:00,113150.30,113353.90,113114.90,113178.50,945.938
2025-08-20T01:15:00+00:00,113178.50,113314.40,112848.80,112891.00,1137.592
2025-08-20T01:30:00+00:00,112890.90,112951.90,112500.00,112637.90,3020.447
2025-08-20T01:45:00+00:00,112638.00,113076.40,112637.90,112963.10,3101.781
2025-08-20T02:00:00+00:00,112963.00,113245.20,112907.30,113231.30,1822.248
2025-08-20T02:15:00+00:00,113231.30,113261.50,113184.70,113251.20,1377.227
2025-08-20T02:30:00+00:00,113251.10,113295.50,113229.50,113295.40,1313.372
2025-08-20T02:45:00+00:00,113295.50,113440.20,113247.40,113386.80,1002.731
2025-08-20T03:00:00+00:00,113386.80,113473.40,113258.50,113322.00,1154.807
2025-08-20T03:15:00+00:00,113322.00,113567.00,113298.70,113566.90,743.528
2025-08-20T03:30:00+00:00,113567.00,113599.40,113380.90,113430.00,1075.876
2025-08-20T03:45:00+00:00,113430.00,113490.00,113360.00,113465.40,391.751
2025-08-20T04:00:00+00:00,113465.40,113616.70,113465.30,113555.70,660.007
2025-08-20T04:15:00+00:00,113555.70,113609.80,113527.90,113571.60,469.551
2025-08-20T04:30:00+00:00,113571.60,113639.00,113404.00,113500.20,1059.319
2025-08-20T04:45:00+00:00,113500.10,113582.40,113428.00,113579.20,324.707
2025-08-20T05:00:00+00:00,113579.10,113590.20,113437.10,113469.40,376.566
2025-08-20T05:15:00+00:00,113469.40,113571.40,113404.40,113559.60,423.738
2025-08-20T05:30:00+00:00,113559.50,113599.90,113518.30,113586.60,468.671
2025-08-20T05:45:00+00:00,113586.50,113732.80,113549.70,113671.70,789.946
2025-08-20T06:00:00+00:00,113671.80,113695.80,113446.00,113480.00,760.770
2025-08-20T06:15:00+00:00,113480.10,113621.30,113448.00,113608.80,535.926
2025-08-20T06:30:00+00:00,113608.70,113691.70,113600.40,113622.60,411.481
2025-08-20T06:45:00+00:00,113622.70,113650.00,113519.50,113609.60,332.760
2025-08-20T07:00:00+00:00,113609.60,113714.20,113575.90,113683.30,450.221
2025-08-20T07:15:00+00:00,113683.30,113805.50,113659.90,113660.00,715.821
2025-08-20T07:30:00+00:00,113659.90,113660.00,113520.10,113550.00,461.615
2025-08-20T07:45:00+00:00,113550.10,113618.00,113360.90,113436.70,902.437
2025-08-20T08:00:00+00:00,113436.70,113558.60,113336.70,113558.50,990.161
2025-08-20T08:15:00+00:00,113558.50,113819.80,113558.50,113796.00,925.939
2025-08-20T08:30:00+00:00,113796.10,113917.10,113737.80,113898.10,1489.852
2025-08-20T08:45:00+00:00,113898.20,113978.00,113788.00,113954.20,932.575
2025-08-20T09:00:00+00:00,113954.20,113954.20,113760.40,113810.00,776.692
2025-08-20T09:15:00+00:00,113810.10,113824.70,113702.00,113747.60,444.150
2025-08-20T09:30:00+00:00,113747.60,113917.10,113708.90,113821.80,590.693
2025-08-20T09:45:00+00:00,113821.70,113875.90,113570.60,113650.10,673.944
2025-08-20T10:00:00+00:00,113650.10,113772.30,113596.80,113626.30,494.433
2025-08-20T10:15:00+00:00,113626.30,113764.80,113538.60,113546.40,527.722
2025-08-20T10:30:00+00:00,113546.40,113741.50,113546.40,113733.80,559.805
2025-08-20T10:45:00+00:00,113733.90,113834.00,113702.60,113745.50,544.495
2025-08-20T11:00:00+00:00,113745.60,113823.60,113528.00,113561.40,734.945
2025-08-20T11:15:00+00:00,113561.40,113569.70,113408.00,113414.90,926.711
2025-08-20T11:30:00+00:00,113414.90,113414.90,113009.50,113139.00,2863.684
2025-08-20T11:45:00+00:00,113139.10,113627.50,113075.00,113627.50,2147.361
2025-08-20T12:00:00+00:00,113627.40,113908.30,113627.40,113781.40,1627.698
2025-08-20T12:15:00+00:00,113781.40,113832.70,113459.10,113681.30,989.884
2025-08-20T12:30:00+00:00,113681.30,113816.50,113622.30,113809.40,877.377
2025-08-20T12:45:00+00:00,113809.40,113830.00,113611.30,113611.30,817.996
2025-08-20T13:00:00+00:00,113611.40,113611.40,113264.90,113274.90,1075.114
2025-08-20T13:15:00+00:00,113274.70,113415.70,113200.00,113368.70,1044.831
2025-08-20T13:30:00+00:00,113368.70,113605.70,113071.50,113089.90,2673.053
2025-08-20T13:45:00+00:00,113089.90,113116.30,112536.30,112632.70,5389.313
2025-08-20T14:00:00+00:00,112632.70,112955.00,112357.00,112654.30,4388.362
2025-08-20T14:15:00+00:00,112654.20,113186.90,112301.80,113096.20,4539.331
2025-08-20T14:30:00+00:00,113096.10,113800.00,113096.10,113453.60,5176.911
2025-08-20T14:45:00+00:00,113453.50,113816.50,113325.40,113413.40,2404.260
2025-08-20T15:00:00+00:00,113413.40,113988.70,113325.00,113841.20,2776.581
2025-08-20T15:15:00+00:00,113841.10,114279.30,113827.10,114227.60,4512.562
2025-08-20T15:30:00+00:00,114227.60,114241.80,113847.50,113847.60,2345.547
2025-08-20T15:45:00+00:00,113847.50,113874.60,113156.10,113297.00,4485.518
2025-08-20T16:00:00+00:00,113296.90,113589.00,113216.10,113589.00,2315.989
2025-08-20T16:15:00+00:00,113589.00,114285.70,113580.30,114216.50,3669.768
2025-08-20T16:30:00+00:00,114216.40,114230.00,113795.50,113906.30,2188.293
2025-08-20T16:45:00+00:00,113906.20,114055.80,113714.30,113797.20,1222.982
2025-08-20T17:00:00+00:00,113797.10,114099.00,113737.70,113850.00,1097.606
2025-08-20T17:15:00+00:00,113850.10,114030.80,113732.30,113739.90,769.457
2025-08-20T17:30:00+00:00,113739.80,114220.00,113723.80,114219.00,911.498
2025-08-20T17:45:00+00:00,114219.00,114411.00,114050.90,114150.00,1939.795
2025-08-20T18:00:00+00:00,114150.00,114237.70,113607.00,113614.70,2541.733
2025-08-20T18:15:00+00:00,113614.70,113643.40,113245.20,113282.20,2163.333
2025-08-20T18:30:00+00:00,113282.30,113635.20,113200.00,113553.40,1650.132
2025-08-20T18:45:00+00:00,113553.30,113633.40,113414.20,113435.40,1004.786
2025-08-20T19:00:00+00:00,113435.30,113924.30,113408.00,113888.10,1326.477
2025-08-20T19:15:00+00:00,113888.10,114235.50,113837.00,113995.00,2734.848
2025-08-20T19:30:00+00:00,113995.10,114107.80,113844.50,113942.00,967.697
2025-08-20T19:45:00+00:00,113942.00,114280.00,113905.00,114216.30,1173.626
2025-08-20T20:00:00+00:00,114216.30,114220.00,114036.90,114036.90,662.354
2025-08-20T20:15:00+00:00,114036.90,114086.10,113941.90,114082.90,485.208
2025-08-20T20:30:00+00:00,114082.80,114234.70,114069.10,114167.40,744.064
2025-08-20T20:45:00+00:00,114167.40,114339.20,114139.30,114330.90,827.126
2025-08-20T21:00:00+00:00,114330.90,114440.00,114306.40,114321.60,815.226
2025-08-20T21:15:00+00:00,114321.70,114350.00,113949.30,113981.60,1198.239
2025-08-20T21:30:00+00:00,113981.60,114336.00,113942.80,114292.40,564.010
2025-08-20T21:45:00+00:00,114292.40,114420.40,114203.60,114297.20,686.705
2025-08-20T22:00:00+00:00,114297.30,114415.00,114164.90,114262.00,669.640
2025-08-20T22:15:00+00:00,114261.90,114345.80,114145.50,114341.70,524.013
2025-08-20T22:30:00+00:00,114341.80,114487.90,114245.00,114469.60,833.871
2025-08-20T22:45:00+00:00,114469.60,114569.00,114469.50,114527.60,1304.149
2025-08-20T23:00:00+00:00,114527.50,114547.40,114261.30,114261.40,779.148
2025-08-20T23:15:00+00:00,114261.40,114289.90,114160.00,114180.70,548.349
2025-08-20T23:30:00+00:00,114180.70,114328.60,114157.80,114290.00,407.778
2025-08-20T23:45:00+00:00,114290.00,114290.00,114162.00,114220.50,283.926
2025-08-21T00:00:00+00:00,114220.50,114220.50,114078.00,114086.30,560.691
2025-08-21T00:15:00+00:00,114086.30,114086.40,113960.30,114028.10,1094.766
2025-08-21T00:30:00+00:00,114028.10,114403.90,114028.00,114364.80,1037.010
2025-08-21T00:45:00+00:00,114364.90,114461.50,114219.90,114242.10,580.911
2025-08-21T01:00:00+00:00,114242.10,114289.20,114136.30,114136.30,374.874
2025-08-21T01:15:00+00:00,114136.30,114175.60,113901.10,114068.60,811.066
2025-08-21T01:30:00+00:00,114068.50,114385.90,114055.90,114287.90,508.779
2025-08-21T01:45:00+00:00,114287.90,114703.50,114200.00,114684.00,1869.149
2025-08-21T02:00:00+00:00,114684.00,114777.00,114200.00,114211.60,1634.398
2025-08-21T02:15:00+00:00,114211.60,114211.70,113843.70,113961.70,1636.101
2025-08-21T02:30:00+00:00,113961.70,113989.60,113866.60,113936.00,496.231
2025-08-21T02:45:00+00:00,113936.00,114015.20,113852.60,113997.20,584.787
2025-08-21T03:00:00+00:00,113997.20,114490.00,113969.80,114313.90,1345.433
2025-08-21T03:15:00+00:00,114314.00,114406.20,114161.60,114180.00,427.160
2025-08-21T03:30:00+00:00,114180.00,114222.20,114122.90,114138.60,362.531
2025-08-21T03:45:00+00:00,114138.60,114159.80,113903.00,113912.10,505.186
2025-08-21T04:00:00+00:00,113912.00,113979.50,113821.70,113870.00,756.831
2025-08-21T04:15:00+00:00,113870.10,113903.20,113821.40,113876.10,393.443
2025-08-21T04:30:00+00:00,113876.10,113997.10,113754.00,113820.00,631.012
2025-08-21T04:45:00+00:00,113819.90,113952.60,113746.00,113757.30,433.449
2025-08-21T05:00:00+00:00,113757.40,113802.60,113585.50,113641.70,1114.553
2025-08-21T05:15:00+00:00,113641.60,113800.00,113641.60,113693.90,897.998
2025-08-21T05:30:00+00:00,113694.00,113834.30,113682.40,113830.00,333.397
2025-08-21T05:45:00+00:00,113829.90,113973.90,113819.20,113934.70,501.019
2025-08-21T06:00:00+00:00,113934.80,113934.80,113571.10,113600.00,1097.300
2025-08-21T06:15:00+00:00,113600.00,113659.70,113562.20,113563.10,444.430
2025-08-21T06:30:00+00:00,113563.10,113765.60,113563.00,113724.90,523.754
2025-08-21T06:45:00+00:00,113724.90,113829.80,113681.60,113750.10,479.659
2025-08-21T07:00:00+00:00,113750.00,113846.10,113593.00,113593.00,584.304
2025-08-21T07:15:00+00:00,113593.00,113725.60,113520.00,113668.70,758.558
2025-08-21T07:30:00+00:00,113668.70,113888.00,113606.90,113817.90,636.166
2025-08-21T07:45:00+00:00,113817.90,113880.50,113793.80,113836.80,335.389
2025-08-21T08:00:00+00:00,113836.80,113947.40,113762.70,113900.00,444.265
2025-08-21T08:15:00+00:00,113899.90,113900.00,113620.00,113714.60,551.408
2025-08-21T08:30:00+00:00,113714.70,113780.30,113654.20,113717.60,265.059
2025-08-21T08:45:00+00:00,113717.60,113763.10,113535.80,113535.80,573.528
2025-08-21T09:00:00+00:00,113535.80,113564.50,113368.00,113411.30,1847.671
2025-08-21T09:15:00+00:00,113411.30,113411.40,113259.00,113386.80,1303.371
2025-08-21T09:30:00+00:00,113386.80,113573.00,113375.40,113573.00,588.290
2025-08-21T09:45:00+00:00,113572.90,113578.80,113332.50,113332.50,513.643
2025-08-21T10:00:00+00:00,113332.50,113414.20,113180.00,113335.80,954.857
2025-08-21T10:15:00+00:00,113335.80,113433.30,113216.70,113403.30,786.467
2025-08-21T10:30:00+00:00,113403.30,113426.70,113300.00,113380.10,338.395
2025-08-21T10:45:00+00:00,113380.00,113400.00,113249.70,113296.70,579.884
2025-08-21T11:00:00+00:00,113296.60,113491.60,113290.30,113458.40,509.593
2025-08-21T11:15:00+00:00,113458.30,113478.90,113386.30,113436.60,335.053
2025-08-21T11:30:00+00:00,113436.50,113508.80,113222.00,113327.20,749.124
2025-08-21T11:45:00+00:00,113327.20,113327.20,112924.60,113100.20,2484.192
2025-08-21T12:00:00+00:00,113100.00,113172.60,113009.20,113122.80,818.226
2025-08-21T12:15:00+00:00,113122.80,113320.30,112963.70,113189.50,1085.939
2025-08-21T12:30:00+00:00,113189.40,113370.00,113103.40,113110.40,800.507
2025-08-21T12:45:00+00:00,113110.30,113110.40,112902.50,113055.90,1517.688
2025-08-21T13:00:00+00:00,113055.80,113220.00,113002.40,113132.90,601.629
2025-08-21T13:15:00+00:00,113132.90,113313.60,113070.80,113275.80,743.258
2025-08-21T13:30:00+00:00,113275.70,113549.60,113083.20,113489.00,2045.413
2025-08-21T13:45:00+00:00,113489.00,113672.60,113085.90,113450.00,3418.978
2025-08-21T14:00:00+00:00,113450.00,113830.00,113300.00,113780.80,2278.718
2025-08-21T14:15:00+00:00,113780.80,113936.00,113540.60,113674.20,1412.818
2025-08-21T14:30:00+00:00,113674.20,113685.00,112848.10,113149.60,3411.243
2025-08-21T14:45:00+00:00,113149.50,113354.10,112977.90,113232.00,1232.394
2025-08-21T15:00:00+00:00,113231.90,113346.00,112655.00,112655.00,2560.655
2025-08-21T15:15:00+00:00,112655.10,113140.20,112545.40,112978.00,3310.979
2025-08-21T15:30:00+00:00,112977.70,113106.00,112828.80,112977.10,1022.851
2025-08-21T15:45:00+00:00,112977.10,112977.20,112706.10,112748.90,1063.561
2025-08-21T16:00:00+00:00,112748.80,112888.00,112600.00,112802.70,1346.535
2025-08-21T16:15:00+00:00,112802.80,112940.60,112576.50,112708.90,951.630
2025-08-21T16:30:00+00:00,112709.00,112846.00,112535.00,112580.50,1078.672
2025-08-21T16:45:00+00:00,112580.60,112626.00,112271.10,112350.80,2391.224
2025-08-21T17:00:00+00:00,112350.80,112420.30,112158.80,112198.20,2625.793
2025-08-21T17:15:00+00:00,112198.10,112390.00,112174.30,112211.70,1562.489
2025-08-21T17:30:00+00:00,112211.70,112563.10,112157.20,112405.20,1328.548
2025-08-21T17:45:00+00:00,112405.20,112522.50,112269.70,112375.90,582.073
2025-08-21T18:00:00+00:00,112376.00,112426.20,112206.10,112320.00,960.395
2025-08-21T18:15:00+00:00,112320.10,112576.90,112260.00,112458.20,763.135
2025-08-21T18:30:00+00:00,112458.10,112466.00,112297.00,112307.90,475.868
2025-08-21T18:45:00+00:00,112308.00,112624.20,112159.60,112553.20,1426.318
2025-08-21T19:00:00+00:00,112553.20,112688.30,112495.30,112518.60,870.507
2025-08-21T19:15:00+00:00,112518.60,112579.60,112101.00,112210.10,1424.237
2025-08-21T19:30:00+00:00,112210.00,112240.00,111944.00,112054.10,2432.324
2025-08-21T19:45:00+00:00,112054.10,112160.80,111967.80,112152.80,790.385
2025-08-21T20:00:00+00:00,112152.80,112298.00,112107.20,112275.80,796.088
2025-08-21T20:15:00+00:00,112275.80,112423.00,112241.00,112403.60,900.636
2025-08-21T20:30:00+00:00,112403.60,112403.60,112010.00,112313.80,1214.621
2025-08-21T20:45:00+00:00,112313.80,112833.30,112287.40,112400.00,1732.256
2025-08-21T21:00:00+00:00,112400.10,112541.40,112050.00,112470.80,1521.671
2025-08-21T21:15:00+00:00,112470.90,112596.40,112255.00,112503.20,1288.992
2025-08-21T21:30:00+00:00,112503.20,112700.00,112400.00,112434.30,631.517
2025-08-21T21:45:00+00:00,112434.40,112587.60,112413.50,112581.70,202.228
2025-08-21T22:00:00+00:00,112581.80,112602.90,112455.00,112578.00,247.428
2025-08-21T22:15:00+00:00,112577.90,112692.20,112523.50,112576.50,487.155
2025-08-21T22:30:00+00:00,112576.50,112592.40,112368.00,112384.50,447.383
2025-08-21T22:45:00+00:00,112384.60,112497.90,112360.00,112453.60,274.095
2025-08-21T23:00:00+00:00,112453.60,112453.70,112258.50,112274.20,379.218
2025-08-21T23:15:00+00:00,112274.30,112417.00,112210.30,112417.00,575.534
2025-08-21T23:30:00+00:00,112416.90,112421.70,112221.70,112221.80,457.865
2025-08-21T23:45:00+00:00,112221.70,112462.20,112221.70,112462.20,339.544
2025-08-22T00:00:00+00:00,112462.20,112700.00,112436.40,112641.80,1195.198
2025-08-22T00:15:00+00:00,112641.80,112750.00,112583.30,112602.40,738.431
2025-08-22T00:30:00+00:00,112602.50,112799.00,112558.60,112651.00,1229.862
2025-08-22T00:45:00+00:00,112651.00,112662.70,112521.40,112590.70,382.177
2025-08-22T01:00:00+00:00,112590.70,112637.30,112273.20,112343.00,819.313
2025-08-22T01:15:00+00:00,112343.00,112732.40,112343.00,112726.90,644.722
2025-08-22T01:30:00+00:00,112726.90,112880.40,112660.00,112864.10,743.169
2025-08-22T01:45:00+00:00,112864.20,112864.20,112725.90,112791.10,453.712
2025-08-22T02:00:00+00:00,112791.10,113152.90,112734.40,113148.60,1947.695
2025-08-22T02:15:00+00:00,113148.60,113485.90,112975.70,113455.10,2527.914
2025-08-22T02:30:00+00:00,113455.10,113463.80,113213.40,113259.90,1279.181
2025-08-22T02:45:00+00:00,113259.90,113380.00,113085.80,113111.90,834.032
2025-08-22T03:00:00+00:00,113111.80,113398.80,113065.00,113306.70,808.367
2025-08-22T03:15:00+00:00,113306.70,113306.80,113137.80,113158.80,494.873
2025-08-22T03:30:00+00:00,113158.90,113264.60,113042.10,113065.90,513.506
2025-08-22T03:45:00+00:00,113066.00,113075.70,112833.40,112889.90,1205.990
2025-08-22T04:00:00+00:00,112890.00,113115.70,112885.30,113059.20,885.915
2025-08-22T04:15:00+00:00,113059.20,113219.00,112989.40,113005.70,541.715
2025-08-22T04:30:00+00:00,113005.70,113173.30,112950.00,113044.60,376.090
2025-08-22T04:45:00+00:00,113044.60,113044.60,112655.50,112805.20,1410.624
2025-08-22T05:00:00+00:00,112805.10,113000.00,112800.00,112990.10,1146.241
2025-08-22T05:15:00+00:00,112990.00,113035.00,112825.60,112918.20,634.592
2025-08-22T05:30:00+00:00,112918.10,113170.00,112918.10,113094.20,764.974
2025-08-22T05:45:00+00:00,113094.20,113244.00,113089.50,113197.10,731.304
2025-08-22T06:00:00+00:00,113197.20,113276.70,113000.40,113255.10,729.563
2025-08-22T06:15:00+00:00,113255.00,113350.20,113130.60,113185.70,1052.948
2025-08-22T06:30:00+00:00,113185.70,113240.30,112787.10,112871.00,1533.750
2025-08-22T06:45:00+00:00,112871.00,113034.50,112807.50,112946.80,551.945
2025-08-22T07:00:00+00:00,112946.90,113155.90,112906.60,113087.80,565.736
2025-08-22T07:15:00+00:00,113087.80,113205.70,112900.00,113114.10,751.127
2025-08-22T07:30:00+00:00,113114.10,113173.30,113050.00,113165.10,582.598
2025-08-22T07:45:00+00:00,113165.00,113165.00,113029.50,113040.10,588.444
2025-08-22T08:00:00+00:00,113040.00,113221.00,113000.00,113221.00,594.191
2025-08-22T08:15:00+00:00,113220.90,113273.90,113048.80,113208.70,909.760
2025-08-22T08:30:00+00:00,113208.70,113225.10,112945.40,113049.30,570.742
2025-08-22T08:45:00+00:00,113046.70,113046.70,112900.00,112936.50,481.935
2025-08-22T09:00:00+00:00,112936.50,112972.20,112800.90,112834.60,991.981
2025-08-22T09:15:00+00:00,112834.50,112936.00,112815.00,112923.20,593.897
2025-08-22T09:30:00+00:00,112923.10,112996.60,112757.00,112843.10,619.148
2025-08-22T09:45:00+00:00,112843.00,113093.00,112842.10,113009.90,545.116
2025-08-22T10:00:00+00:00,113010.00,113025.30,112721.00,112721.00,632.307
2025-08-22T10:15:00+00:00,112721.00,112728.20,112586.50,112682.40,1019.469
2025-08-22T10:30:00+00:00,112682.40,112682.40,112511.60,112533.30,809.897
2025-08-22T10:45:00+00:00,112533.40,112598.00,112473.40,112488.90,745.900
2025-08-22T11:00:00+00:00,112489.00,112587.90,112237.40,112265.20,1368.846
2025-08-22T11:15:00+00:00,112265.20,112350.00,112213.40,112244.70,956.329
2025-08-22T11:30:00+00:00,112244.70,112300.00,112130.30,112197.00,1150.685
2025-08-22T11:45:00+00:00,112197.00,112347.00,112192.40,112272.80,1086.387
2025-08-22T12:00:00+00:00,112272.90,112319.20,111929.50,112031.20,2947.203
2025-08-22T12:15:00+00:00,112031.20,112153.80,111944.00,111992.00,1295.687
2025-08-22T12:30:00+00:00,111992.00,112250.00,111625.90,112242.40,6919.671
2025-08-22T12:45:00+00:00,112242.30,112760.40,112180.70,112299.90,5645.349
2025-08-22T13:00:00+00:00,112300.00,112500.10,112124.30,112156.20,1565.406
2025-08-22T13:15:00+00:00,112156.20,112307.60,112010.10,112242.20,1177.136
2025-08-22T13:30:00+00:00,112242.30,112615.90,111888.00,112440.80,3852.412
2025-08-22T13:45:00+00:00,112440.90,112631.60,112292.10,112434.10,3228.017
2025-08-22T14:00:00+00:00,112434.00,115149.70,112413.50,115127.90,28909.092
2025-08-22T14:15:00+00:00,115127.90,115688.00,114548.80,115136.00,15860.654
2025-08-22T14:30:00+00:00,115136.00,116099.90,115135.90,115715.00,10889.307
2025-08-22T14:45:00+00:00,115715.00,116066.60,115680.00,115744.50,5680.928
2025-08-22T15:00:00+00:00,115744.50,116673.00,115744.50,116571.40,7049.629
2025-08-22T15:15:00+00:00,116571.30,116929.50,116539.80,116673.30,4858.409
2025-08-22T15:30:00+00:00,116673.30,116923.60,116624.00,116899.70,2793.866
2025-08-22T15:45:00+00:00,116899.60,117266.90,116318.10,116319.30,7512.454
2025-08-22T16:00:00+00:00,116319.40,116732.60,116319.30,116538.10,5511.216
2025-08-22T16:15:00+00:00,116538.00,116538.10,116094.90,116374.10,4416.248
2025-08-22T16:30:00+00:00,116374.00,116500.00,116341.50,116413.40,1361.181
2025-08-22T16:45:00+00:00,116413.30,116413.30,116046.50,116105.80,2199.418
2025-08-22T17:00:00+00:00,116105.70,116704.20,116105.70,116704.20,3231.511
2025-08-22T17:15:00+00:00,116704.20,116976.30,116689.30,116890.10,3029.051
2025-08-22T17:30:00+00:00,116890.10,116890.20,116490.00,116720.60,2635.870
2025-08-22T17:45:00+00:00,116720.60,116985.00,116623.00,116972.90,1181.807
2025-08-22T18:00:00+00:00,116972.80,117397.40,116972.80,117356.00,3782.383
2025-08-22T18:15:00+00:00,117356.00,117378.10,116769.20,116844.30,2849.242
2025-08-22T18:30:00+00:00,116844.30,117109.40,116834.30,116867.70,864.507
2025-08-22T18:45:00+00:00,116867.70,116867.70,116690.50,116758.10,625.439
2025-08-22T19:00:00+00:00,116758.10,116875.60,116695.20,116846.00,618.980
2025-08-22T19:15:00+00:00,116846.10,116866.20,116690.40,116690.40,629.071
2025-08-22T19:30:00+00:00,116690.50,116746.70,116580.60,116647.90,1348.378
2025-08-22T19:45:00+00:00,116648.00,116700.00,116470.90,116625.50,1267.093
2025-08-22T20:00:00+00:00,116625.40,116834.50,116533.40,116817.00,693.835
2025-08-22T20:15:00+00:00,116817.00,117116.70,116811.10,117061.00,1236.386
2025-08-22T20:30:00+00:00,117061.00,117069.40,116838.50,116983.90,994.510
2025-08-22T20:45:00+00:00,116983.80,117022.00,116827.60,117015.70,657.927
2025-08-22T21:00:00+00:00,117015.70,117035.50,116821.80,116833.50,1012.465
2025-08-22T21:15:00+00:00,116833.60,116997.80,116778.60,116927.40,640.934
2025-08-22T21:30:00+00:00,116927.30,116996.70,116852.40,116985.60,561.942
2025-08-22T21:45:00+00:00,116985.70,117140.60,116923.00,116978.40,747.224
2025-08-22T22:00:00+00:00,116978.40,117000.00,116692.50,116729.90,1263.106
2025-08-22T22:15:00+00:00,116730.00,116796.50,116512.20,116585.60,1126.582
2025-08-22T22:30:00+00:00,116585.50,116700.00,116510.00,116626.60,907.646
2025-08-22T22:45:00+00:00,116626.50,116733.70,116626.50,116714.20,481.954
2025-08-22T23:00:00+00:00,116714.10,116780.20,116633.10,116633.10,333.159
2025-08-22T23:15:00+00:00,116633.20,116700.00,116633.10,116693.70,269.894
2025-08-22T23:30:00+00:00,116693.60,116876.10,116693.60,116847.60,645.986
2025-08-22T23:45:00+00:00,116847.50,116901.00,116794.80,116897.50,395.514
2025-08-23T00:00:00+00:00,116897.50,116934.90,116679.90,116679.90,899.503
2025-08-23T00:15:00+00:00,116679.90,116950.00,116679.90,116909.70,592.287
2025-08-23T00:30:00+00:00,116909.60,116988.00,116790.70,116795.10,529.455
2025-08-23T00:45:00+00:00,116795.10,116935.60,116795.10,116826.10,454.366
2025-08-23T01:00:00+00:00,116826.00,116832.90,116726.00,116768.50,352.512
2025-08-23T01:15:00+00:00,116768.50,116768.50,116530.00,116530.00,927.274
2025-08-23T01:30:00+00:00,116529.70,116619.60,116239.80,116260.90,2010.079
2025-08-23T01:45:00+00:00,116260.80,116458.40,116260.80,116400.00,725.997
2025-08-23T02:00:00+00:00,116399.90,116510.70,116120.80,116180.30,1535.790
2025-08-23T02:15:00+00:00,116180.30,116239.10,115830.00,115830.00,2264.900
2025-08-23T02:30:00+00:00,115830.00,115968.60,115434.80,115826.00,4384.390
2025-08-23T02:45:00+00:00,115825.90,116150.50,115727.80,115892.10,1953.305
2025-08-23T03:00:00+00:00,115892.00,116002.50,115666.00,115960.40,1067.044
2025-08-23T03:15:00+00:00,115960.40,115960.50,115579.80,115680.10,2119.237
2025-08-23T03:30:00+00:00,115680.10,115694.70,115431.80,115431.90,1080.806
2025-08-23T03:45:00+00:00,115431.90,115607.90,115414.30,115522.50,936.403
2025-08-23T04:00:00+00:00,115522.60,115749.20,115504.60,115727.90,913.138
2025-08-23T04:15:00+00:00,115727.80,115739.90,115618.10,115689.20,433.337
2025-08-23T04:30:00+00:00,115689.30,115950.10,115677.50,115847.80,1583.201
2025-08-23T04:45:00+00:00,115847.80,115895.80,115737.80,115890.80,501.539
2025-08-23T05:00:00+00:00,115890.80,115935.40,115766.30,115826.10,738.886
2025-08-23T05:15:00+00:00,115826.00,115970.30,115820.50,115919.90,676.752
2025-08-23T05:30:00+00:00,115920.00,115997.00,115897.50,115940.60,711.152
2025-08-23T05:45:00+00:00,115940.60,116015.30,115871.00,115920.00,560.269
2025-08-23T06:00:00+00:00,115919.90,115989.30,115802.30,115802.40,650.065
2025-08-23T06:15:00+00:00,115802.40,115833.10,115718.30,115733.10,805.832
2025-08-23T06:30:00+00:00,115733.20,115824.00,115722.50,115729.20,309.693
2025-08-23T06:45:00+00:00,115729.30,115803.40,115655.70,115750.10,623.938
2025-08-23T07:00:00+00:00,115750.20,115858.30,115641.00,115830.60,599.025
2025-08-23T07:15:00+00:00,115830.60,115868.00,115692.00,115692.00,412.988
2025-08-23T07:30:00+00:00,115692.10,115888.20,115634.10,115856.00,591.255
2025-08-23T07:45:00+00:00,115856.00,115856.00,115727.80,115769.90,493.463
2025-08-23T08:00:00+00:00,115770.00,115840.40,115770.00,115791.30,373.336
2025-08-23T08:15:00+00:00,115791.20,115828.10,115601.10,115621.90,563.674
2025-08-23T08:30:00+00:00,115621.90,115798.30,115575.00,115791.20,716.875
2025-08-23T08:45:00+00:00,115791.10,115820.10,115709.90,115713.70,374.191
2025-08-23T09:00:00+00:00,115713.60,115757.50,115605.80,115626.80,577.380
2025-08-23T09:15:00+00:00,115626.70,115626.70,115570.00,115580.10,607.490
2025-08-23T09:30:00+00:00,115580.00,115659.60,115580.00,115657.00,500.705
2025-08-23T09:45:00+00:00,115657.10,115740.50,115600.00,115740.50,459.415
2025-08-23T10:00:00+00:00,115740.50,115750.20,115600.10,115612.90,936.247
2025-08-23T10:15:00+00:00,115612.80,115612.80,115560.00,115560.10,661.251
2025-08-23T10:30:00+00:00,115560.00,115590.70,115552.60,115571.50,255.226
2025-08-23T10:45:00+00:00,115571.50,115571.50,115540.10,115540.10,236.046
2025-08-23T11:00:00+00:00,115540.20,115559.40,115467.00,115529.20,693.739
2025-08-23T11:15:00+00:00,115529.10,115588.00,115471.80,115471.90,310.094
2025-08-23T11:30:00+00:00,115471.90,115535.30,115398.10,115398.20,698.254
2025-08-23T11:45:00+00:00,115398.10,115446.60,115180.00,115266.70,1796.040
2025-08-23T12:00:00+00:00,115266.80,115422.20,115157.60,115373.40,1213.814
2025-08-23T12:15:00+00:00,115373.40,115450.00,115291.00,115311.60,605.722
2025-08-23T12:30:00+00:00,115311.60,115440.00,115284.00,115356.10,1210.422
2025-08-23T12:45:00+00:00,115356.00,115392.70,115138.50,115175.80,720.134
2025-08-23T13:00:00+00:00,115175.80,115175.90,115109.10,115142.90,929.709
2025-08-23T13:15:00+00:00,115142.90,115145.90,114949.00,114983.20,1576.754
2025-08-23T13:30:00+00:00,114983.20,114988.30,114691.30,114902.50,5079.107
2025-08-23T13:45:00+00:00,114902.50,115072.50,114777.00,114817.20,1634.786
2025-08-23T14:00:00+00:00,114817.30,114900.00,114759.50,114880.00,958.464
2025-08-23T14:15:00+00:00,114880.10,115026.20,114811.10,114987.40,1523.887
2025-08-23T14:30:00+00:00,114987.30,115042.30,114654.00,114680.30,1893.122
2025-08-23T14:45:00+00:00,114680.40,114781.40,114557.50,114578.00,1502.335
2025-08-23T15:00:00+00:00,114578.10,114696.90,114510.00,114675.40,1481.675
2025-08-23T15:15:00+00:00,114675.40,114867.30,114675.30,114848.90,1138.023
2025-08-23T15:30:00+00:00,114848.90,114905.90,114779.20,114842.50,605.418
2025-08-23T15:45:00+00:00,114842.40,114887.20,114771.20,114776.50,624.173
2025-08-23T16:00:00+00:00,114776.40,114798.90,114648.70,114687.90,744.341
2025-08-23T16:15:00+00:00,114687.80,114938.60,114687.80,114836.00,1069.174
2025-08-23T16:30:00+00:00,114835.90,114850.00,114732.80,114760.50,378.633
2025-08-23T16:45:00+00:00,114760.50,115065.10,114760.50,114967.80,1099.646
2025-08-23T17:00:00+00:00,114967.90,115085.00,114954.20,115085.00,605.040
2025-08-23T17:15:00+00:00,115084.90,115085.00,114906.00,114958.30,611.881
2025-08-23T17:30:00+00:00,114958.30,115136.00,114950.30,115049.70,678.697
2025-08-23T17:45:00+00:00,115049.70,115082.60,115030.40,115049.90,198.922
2025-08-23T18:00:00+00:00,115050.00,115149.20,115050.00,115114.70,544.877
2025-08-23T18:15:00+00:00,115114.70,115160.60,115014.90,115040.10,447.717
2025-08-23T18:30:00+00:00,115040.00,115124.20,115004.00,115121.90,212.887
2025-08-23T18:45:00+00:00,115121.90,115166.50,115089.70,115111.50,263.301
2025-08-23T19:00:00+00:00,115111.40,115140.90,115054.20,115054.20,239.037
2025-08-23T19:15:00+00:00,115054.30,115105.70,115005.20,115047.10,554.673
2025-08-23T19:30:00+00:00,115047.00,115064.40,115030.10,115043.50,145.415
2025-08-23T19:45:00+00:00,115043.60,115125.10,115043.50,115104.90,164.072
2025-08-23T20:00:00+00:00,115104.90,115137.80,115070.70,115100.60,252.759
2025-08-23T20:15:00+00:00,115100.50,115185.00,115090.80,115185.00,219.825
2025-08-23T20:30:00+00:00,115184.90,115250.80,115100.70,115112.50,500.322
2025-08-23T20:45:00+00:00,115112.30,115299.90,115101.60,115281.10,564.820
2025-08-23T21:00:00+00:00,115281.10,115281.10,115068.80,115068.80,489.483
2025-08-23T21:15:00+00:00,115068.80,115085.00,115028.20,115028.20,303.650
2025-08-23T21:30:00+00:00,115028.20,115028.20,114957.70,115019.00,351.369
2025-08-23T21:45:00+00:00,115019.00,115175.50,114979.20,114979.20,361.356
2025-08-23T22:00:00+00:00,114979.30,115247.60,114979.20,115207.90,494.666
2025-08-23T22:15:00+00:00,115207.80,115242.30,115197.60,115239.60,188.007
2025-08-23T22:30:00+00:00,115239.50,115245.00,115203.00,115203.00,124.229
2025-08-23T22:45:00+00:00,115203.00,115270.00,115197.40,115270.00,242.342
2025-08-23T23:00:00+00:00,115270.00,115279.20,115200.40,115200.40,384.745
2025-08-23T23:15:00+00:00,115200.50,115265.50,115200.40,115231.30,218.933
2025-08-23T23:30:00+00:00,115231.30,115250.00,115200.00,115250.00,168.434
2025-08-23T23:45:00+00:00,115250.00,115380.00,115249.90,115377.10,700.773
2025-08-24T00:00:00+00:00,115377.10,115377.10,115262.40,115324.40,451.168
2025-08-24T00:15:00+00:00,115324.30,115379.60,115293.00,115379.60,295.188
2025-08-24T00:30:00+00:00,115379.60,115520.20,115327.30,115435.00,979.517
2025-08-24T00:45:00+00:00,115434.60,115434.60,115300.00,115335.00,881.475
2025-08-24T01:00:00+00:00,115335.00,115383.30,115222.40,115328.90,772.218
2025-08-24T01:15:00+00:00,115328.90,115356.00,115133.20,115246.40,435.719
2025-08-24T01:30:00+00:00,115246.40,115457.20,115208.10,115454.20,309.314
2025-08-24T01:45:00+00:00,115454.10,115548.00,115410.90,115431.70,990.269
2025-08-24T02:00:00+00:00,115431.70,115640.00,115379.10,115579.20,897.417
2025-08-24T02:15:00+00:00,115579.10,115580.90,115419.10,115488.90,557.877
2025-08-24T02:30:00+00:00,115488.90,115518.00,115133.70,115167.60,1463.689
2025-08-24T02:45:00+00:00,115167.70,115206.60,114957.20,114969.90,1110.503
2025-08-24T03:00:00+00:00,114970.00,115133.50,114902.00,115036.80,924.175
2025-08-24T03:15:00+00:00,115036.80,115075.00,114915.70,114926.80,616.933
2025-08-24T03:30:00+00:00,114926.90,115014.90,114924.60,114945.60,429.179
2025-08-24T03:45:00+00:00,114945.50,115120.90,114925.50,115006.50,741.198
2025-08-24T04:00:00+00:00,115006.50,115264.40,115006.50,115184.90,890.461
2025-08-24T04:15:00+00:00,115184.80,115257.20,115150.00,115201.20,281.260
2025-08-24T04:30:00+00:00,115201.20,115201.20,115057.80,115095.90,515.586
2025-08-24T04:45:00+00:00,115095.80,115144.50,115068.60,115140.00,204.946
2025-08-24T05:00:00+00:00,115140.00,115186.30,115076.70,115108.30,555.495
2025-08-24T05:15:00+00:00,115108.30,115137.40,115050.00,115050.00,442.324
2025-08-24T05:30:00+00:00,115050.10,115050.10,114901.90,114937.10,584.469
2025-08-24T05:45:00+00:00,114937.10,114990.00,114900.70,114970.90,310.940
2025-08-24T06:00:00+00:00,114970.90,114984.80,114863.50,114911.50,398.497
2025-08-24T06:15:00+00:00,114911.60,115038.40,114834.00,114985.70,974.562
2025-08-24T06:30:00+00:00,114985.70,115014.30,114901.30,114982.20,512.252
2025-08-24T06:45:00+00:00,114982.20,114982.20,114814.20,114835.30,604.393
2025-08-24T07:00:00+00:00,114835.20,114937.70,114827.50,114925.00,702.202
2025-08-24T07:15:00+00:00,114925.00,115020.70,114841.40,115020.70,301.074
2025-08-24T07:30:00+00:00,115020.90,115100.00,114923.00,114961.10,477.548
2025-08-24T07:45:00+00:00,114961.20,114975.60,114854.80,114854.80,534.710
2025-08-24T08:00:00+00:00,114854.90,114952.60,114715.50,114858.50,1152.372
2025-08-24T08:15:00+00:00,114858.50,114895.80,114752.00,114804.90,964.184
2025-08-24T08:30:00+00:00,114804.90,114835.30,114733.70,114742.80,429.398
2025-08-24T08:45:00+00:00,114742.90,114811.40,114728.10,114811.40,400.094
2025-08-24T09:00:00+00:00,114811.40,114856.10,114638.90,114652.90,532.178
2025-08-24T09:15:00+00:00,114652.90,114821.30,114652.90,114803.80,370.642
2025-08-24T09:30:00+00:00,114803.80,115033.40,114803.70,114990.00,790.236
2025-08-24T09:45:00+00:00,114990.00,114990.00,114823.30,114823.30,457.272
2025-08-24T10:00:00+00:00,114823.40,114886.50,114750.00,114802.00,469.561
2025-08-24T10:15:00+00:00,114802.00,114809.00,114661.30,114711.00,607.826
2025-08-24T10:30:00+00:00,114711.00,114837.10,114574.10,114837.10,1324.524
2025-08-24T10:45:00+00:00,114837.10,114928.60,114735.50,114755.60,625.070
2025-08-24T11:00:00+00:00,114755.50,114868.50,114693.70,114743.30,421.846
2025-08-24T11:15:00+00:00,114743.30,114802.60,114599.90,114619.90,951.872
2025-08-24T11:30:00+00:00,114619.90,114675.00,114605.00,114627.10,405.869
2025-08-24T11:45:00+00:00,114627.20,114738.30,114627.10,114702.00,229.024
2025-08-24T12:00:00+00:00,114701.90,114804.10,114668.30,114760.80,398.251
2025-08-24T12:15:00+00:00,114760.70,114800.00,114650.00,114660.70,280.491
2025-08-24T12:30:00+00:00,114660.80,114719.90,114560.50,114623.80,592.915
2025-08-24T12:45:00+00:00,114623.80,114666.90,114580.00,114647.20,399.114
2025-08-24T13:00:00+00:00,114647.20,114671.80,114605.70,114637.90,452.975
2025-08-24T13:15:00+00:00,114637.90,114843.50,114628.90,114628.90,656.865
2025-08-24T13:30:00+00:00,114629.00,114737.30,114551.40,114610.60,899.279
2025-08-24T13:45:00+00:00,114610.60,114761.50,114526.20,114534.90,782.133
2025-08-24T14:00:00+00:00,114535.00,114549.50,114324.90,114377.80,2606.740
2025-08-24T14:15:00+00:00,114377.80,114585.30,114350.50,114431.50,1115.182
2025-08-24T14:30:00+00:00,114431.50,114500.00,114378.30,114412.90,699.195
2025-08-24T14:45:00+00:00,114413.00,114640.50,114412.90,114489.80,782.937
2025-08-24T15:00:00+00:00,114489.80,114845.00,114426.40,114667.70,1669.362
2025-08-24T15:15:00+00:00,114667.70,114721.80,114540.70,114618.90,1173.834
2025-08-24T15:30:00+00:00,114618.90,114764.30,114558.00,114615.90,979.386
2025-08-24T15:45:00+00:00,114615.90,114623.20,114370.50,114372.60,714.658
2025-08-24T16:00:00+00:00,114372.70,114515.60,114334.00,114491.70,1211.299
2025-08-24T16:15:00+00:00,114491.70,114528.90,114350.00,114412.00,629.315
2025-08-24T16:30:00+00:00,114411.90,114462.70,114369.70,114370.00,549.147
2025-08-24T16:45:00+00:00,114370.00,114386.20,114222.00,114253.90,1264.889
2025-08-24T17:00:00+00:00,114253.80,114520.70,114216.10,114434.50,1083.870
2025-08-24T17:15:00+00:00,114434.40,114500.00,114260.00,114270.20,552.592
2025-08-24T17:30:00+00:00,114270.30,114571.10,114256.60,114519.70,1159.381
2025-08-24T17:45:00+00:00,114519.60,114543.20,114288.10,114403.40,1026.925
2025-08-24T18:00:00+00:00,114403.40,114724.80,114283.00,114724.80,1297.970
2025-08-24T18:15:00+00:00,114724.70,114808.50,114588.90,114655.70,1464.964
2025-08-24T18:30:00+00:00,114655.80,114914.80,114615.30,114763.20,1494.077
2025-08-24T18:45:00+00:00,114763.20,114785.00,114521.10,114606.90,1136.646
2025-08-24T19:00:00+00:00,114606.80,114646.00,114533.00,114567.00,776.547
2025-08-24T19:15:00+00:00,114567.00,114704.10,114476.50,114704.10,858.665
2025-08-24T19:30:00+00:00,114704.00,114780.70,110484.00,113023.70,34006.221
2025-08-24T19:45:00+00:00,113023.70,113031.00,111906.40,112556.40,10402.696
2025-08-24T20:00:00+00:00,112556.40,112556.70,111555.00,112101.80,6355.481
2025-08-24T20:15:00+00:00,112101.80,112921.30,112059.20,112816.50,4050.254
2025-08-24T20:30:00+00:00,112816.40,112968.00,112486.00,112960.10,1828.219
2025-08-24T20:45:00+00:00,112960.10,112960.10,112481.60,112740.00,1942.144
2025-08-24T21:00:00+00:00,112739.90,112810.60,112324.10,112592.00,1595.971
2025-08-24T21:15:00+00:00,112592.00,112876.50,112556.70,112873.40,771.127
2025-08-24T21:30:00+00:00,112873.40,113373.10,112846.50,112910.10,2118.868
2025-08-24T21:45:00+00:00,112910.10,113161.00,112881.60,112947.20,834.479
2025-08-24T22:00:00+00:00,112947.20,113100.00,112707.20,112881.60,1563.926
2025-08-24T22:15:00+00:00,112881.70,112881.70,112561.10,112602.70,1508.541
2025-08-24T22:30:00+00:00,112602.80,113341.40,112588.10,113308.70,1866.604
2025-08-24T22:45:00+00:00,113308.80,113456.00,113173.20,113400.60,1507.281
2025-08-24T23:00:00+00:00,113400.60,113543.90,113312.70,113406.00,1731.029
2025-08-24T23:15:00+00:00,113405.90,113600.00,113386.10,113590.90,628.688
2025-08-24T23:30:00+00:00,113591.00,113646.50,113409.00,113600.00,1087.201
2025-08-24T23:45:00+00:00,113600.00,113615.00,113350.20,113446.30,601.142
2025-08-25T00:00:00+00:00,113446.20,113472.70,113313.60,113366.40,1416.628
2025-08-25T00:15:00+00:00,113366.40,113438.30,113014.40,113029.30,2130.159
2025-08-25T00:30:00+00:00,113029.30,113047.40,112100.20,112220.60,4751.592
2025-08-25T00:45:00+00:00,112220.60,112615.30,112124.10,112598.80,1956.768
2025-08-25T01:00:00+00:00,112598.80,112855.00,112586.30,112770.10,1285.853
2025-08-25T01:15:00+00:00,112770.20,113096.00,112560.10,112945.40,1477.424
2025-08-25T01:30:00+00:00,112945.50,113011.80,112663.80,112669.10,776.570
2025-08-25T01:45:00+00:00,112669.20,113054.70,112669.20,113028.90,573.837
2025-08-25T02:00:00+00:00,113028.90,113350.00,113023.30,113330.00,1135.286
2025-08-25T02:15:00+00:00,113329.90,113588.80,113260.80,113379.90,1604.906
2025-08-25T02:30:00+00:00,113379.90,113485.50,113250.00,113275.00,780.880
2025-08-25T02:45:00+00:00,113275.00,113453.70,113260.00,113366.40,549.529
2025-08-25T03:00:00+00:00,113366.30,113621.30,113287.30,113365.90,848.800
2025-08-25T03:15:00+00:00,113366.00,113522.70,113275.10,113329.00,554.792
2025-08-25T03:30:00+00:00,113329.10,113431.90,113240.30,113300.90,723.794
2025-08-25T03:45:00+00:00,113301.00,113346.30,112793.50,112867.70,1798.359
2025-08-25T04:00:00+00:00,112867.80,113022.90,112800.00,112800.00,1486.282
2025-08-25T04:15:00+00:00,112800.00,112877.60,112624.80,112675.20,1257.472
2025-08-25T04:30:00+00:00,112675.20,112771.50,112566.00,112740.00,1018.004
2025-08-25T04:45:00+00:00,112740.10,112807.70,112601.00,112727.60,838.030
2025-08-25T05:00:00+00:00,112727.60,112827.10,112487.70,112514.70,1096.496
2025-08-25T05:15:00+00:00,112514.70,112620.00,112461.50,112515.00,571.670
2025-08-25T05:30:00+00:00,112515.00,112581.60,112370.00,112479.90,940.398
2025-08-25T05:45:00+00:00,112479.80,112592.80,112297.30,112297.30,831.832
2025-08-25T06:00:00+00:00,112297.30,112395.00,112202.50,112257.10,1271.252
2025-08-25T06:15:00+00:00,112257.20,112435.10,112152.00,112226.40,1503.035
2025-08-25T06:30:00+00:00,112226.40,112302.00,112014.00,112014.10,2103.354
2025-08-25T06:45:00+00:00,112014.10,112040.00,111722.00,111900.90,2982.177
2025-08-25T07:00:00+00:00,111900.90,112022.20,111761.70,112005.30,1617.921
2025-08-25T07:15:00+00:00,112005.20,112123.60,111841.40,111852.30,1309.825
2025-08-25T07:30:00+00:00,111852.20,111910.90,111374.50,111811.10,3998.742
2025-08-25T07:45:00+00:00,111811.20,111830.70,111245.90,111469.70,3721.069
2025-08-25T08:00:00+00:00,111469.70,111572.20,110893.60,111570.00,5758.226
2025-08-25T08:15:00+00:00,111570.00,111744.00,111532.60,111613.50,1585.584
2025-08-25T08:30:00+00:00,111613.40,111786.40,111485.40,111489.20,1318.080
2025-08-25T08:45:00+00:00,111489.20,111650.20,111355.20,111362.10,1047.814
2025-08-25T09:00:00+00:00,111362.10,111423.90,111215.30,111342.40,1766.475
2025-08-25T09:15:00+00:00,111342.30,111629.40,111342.30,111430.00,1568.913
2025-08-25T09:30:00+00:00,111430.00,111636.10,111326.70,111605.10,896.768
2025-08-25T09:45:00+00:00,111605.00,111789.90,111563.80,111747.60,1366.068
2025-08-25T10:00:00+00:00,111747.60,111757.60,111587.30,111620.00,787.501
2025-08-25T10:15:00+00:00,111619.90,111679.70,111050.00,111189.10,2367.946
2025-08-25T10:30:00+00:00,111189.20,111390.40,111003.90,111162.30,2205.660
2025-08-25T10:45:00+00:00,111162.30,111200.00,110903.20,110958.80,1957.189
2025-08-25T11:00:00+00:00,110958.90,111117.30,110891.00,111097.10,1340.595
2025-08-25T11:15:00+00:00,111097.00,111136.30,110962.50,111048.70,998.741
2025-08-25T11:30:00+00:00,111048.60,111249.90,110922.30,111073.30,1400.336
2025-08-25T11:45:00+00:00,111073.20,111246.00,111064.70,111183.70,671.484
2025-08-25T12:00:00+00:00,111183.70,111360.00,111037.00,111200.00,2006.597
2025-08-25T12:15:00+00:00,111199.90,111653.00,111140.00,111652.20,1775.625
2025-08-25T12:30:00+00:00,111652.10,111652.20,111289.90,111567.40,1307.666
2025-08-25T12:45:00+00:00,111567.40,111575.00,111363.80,111541.50,1154.742
2025-08-25T13:00:00+00:00,111540.70,111550.00,111290.10,111451.10,963.978
2025-08-25T13:15:00+00:00,111451.20,111714.00,111269.60,111622.00,1150.103
2025-08-25T13:30:00+00:00,111622.00,111671.20,110750.00,110785.60,7118.715
2025-08-25T13:45:00+00:00,110785.70,111500.00,110532.20,111449.80,5338.943
2025-08-25T14:00:00+00:00,111449.70,111876.00,111268.50,111781.10,4308.631
2025-08-25T14:15:00+00:00,111781.00,112157.00,111761.90,111861.10,4336.340
2025-08-25T14:30:00+00:00,111861.20,112191.90,111801.80,111988.90,2086.454
2025-08-25T14:45:00+00:00,111988.80,112258.00,111965.10,112212.50,1988.042
2025-08-25T15:00:00+00:00,112213.10,112346.00,111772.40,111953.10,2444.253
2025-08-25T15:15:00+00:00,111953.00,112533.20,111953.00,112408.80,2529.421
2025-08-25T15:30:00+00:00,112408.70,112480.00,112153.80,112369.70,1553.649
2025-08-25T15:45:00+00:00,112369.30,112369.30,112066.30,112142.20,1606.670
2025-08-25T16:00:00+00:00,112142.20,112550.00,111948.80,112540.10,2042.853
2025-08-25T16:15:00+00:00,112540.10,112897.70,112523.70,112580.60,3074.180
2025-08-25T16:30:00+00:00,112580.50,112769.20,112505.00,112651.40,858.280
2025-08-25T16:45:00+00:00,112651.40,112748.00,112446.10,112446.10,1544.603
2025-08-25T17:00:00+00:00,112446.10,112558.00,112100.00,112447.00,2503.362
2025-08-25T17:15:00+00:00,112447.00,112764.60,112297.40,112675.40,2095.752
2025-08-25T17:30:00+00:00,112675.40,112741.90,112307.60,112397.90,933.921
2025-08-25T17:45:00+00:00,112397.90,112524.30,112211.40,112387.40,821.104
2025-08-25T18:00:00+00:00,112387.40,112450.00,112234.50,112410.20,944.306
2025-08-25T18:15:00+00:00,112410.20,112580.00,112388.00,112533.40,679.504
2025-08-25T18:30:00+00:00,112533.30,112539.60,112194.50,112249.90,997.816
2025-08-25T18:45:00+00:00,112249.80,112430.80,112235.20,112355.20,590.662
2025-08-25T19:00:00+00:00,112355.30,112391.30,112102.00,112102.10,1146.061
2025-08-25T19:15:00+00:00,112102.00,112138.40,111688.00,111924.40,3868.673
2025-08-25T19:30:00+00:00,111924.30,111943.20,111014.40,111119.60,4816.942
2025-08-25T19:45:00+00:00,111119.70,111346.70,110601.70,110650.40,3561.306
2025-08-25T20:00:00+00:00,110650.40,111050.00,109855.40,110000.80,14679.801
2025-08-25T20:15:00+00:00,110000.70,110597.80,110000.40,110463.40,3978.903
2025-08-25T20:30:00+00:00,110463.50,110498.40,109321.00,109882.00,12504.163
2025-08-25T20:45:00+00:00,109882.10,110000.00,109354.80,109501.10,3606.171
2025-08-25T21:00:00+00:00,109501.10,109855.70,109389.00,109439.00,4543.781
2025-08-25T21:15:00+00:00,109439.10,109857.00,109432.20,109474.20,2111.112
2025-08-25T21:30:00+00:00,109474.20,110120.90,109219.80,110007.50,3923.539
2025-08-25T21:45:00+00:00,110007.50,110242.00,109829.50,109839.50,1896.848
2025-08-25T22:00:00+00:00,109839.80,110129.90,109839.80,109980.70,1242.383
2025-08-25T22:15:00+00:00,109980.70,110328.60,109913.90,110326.70,1245.816
2025-08-25T22:30:00+00:00,110326.60,110543.00,110281.50,110514.10,1575.828
2025-08-25T22:45:00+00:00,110514.10,110543.00,110063.30,110096.90,1478.535
2025-08-25T23:00:00+00:00,110096.80,110123.00,109757.50,110005.60,1626.869
2025-08-25T23:15:00+00:00,110005.60,110069.20,109730.00,109888.90,1013.292
2025-08-25T23:30:00+00:00,109888.90,110125.40,109853.20,110122.20,563.425
2025-08-25T23:45:00+00:00,110122.10,110222.00,109985.70,110064.00,750.049
2025-08-26T00:00:00+00:00,110064.10,110064.10,109443.00,109667.70,3861.173
2025-08-26T00:15:00+00:00,109667.80,109813.20,109347.30,109603.80,3483.326
2025-08-26T00:30:00+00:00,109603.70,109834.70,109130.10,109157.30,3111.737
2025-08-26T00:45:00+00:00,109157.30,109539.30,108858.80,109049.60,5915.732
2025-08-26T01:00:00+00:00,109049.50,109627.20,108559.70,109365.90,5621.014
2025-08-26T01:15:00+00:00,109365.90,109765.90,109256.00,109700.00,1348.195
2025-08-26T01:30:00+00:00,109700.00,109775.00,109469.60,109581.20,1167.874
2025-08-26T01:45:00+00:00,109581.20,109873.00,109546.70,109850.00,1741.033
2025-08-26T02:00:00+00:00,109850.10,109965.00,109647.60,109950.60,1346.874
2025-08-26T02:15:00+00:00,109950.50,109952.90,109628.70,109798.80,694.417
2025-08-26T02:30:00+00:00,109798.80,109846.10,109502.70,109606.10,743.664
2025-08-26T02:45:00+00:00,109606.10,109766.40,109454.20,109668.80,1002.057
2025-08-26T03:00:00+00:00,109668.70,109708.20,109499.50,109528.10,669.931
2025-08-26T03:15:00+00:00,109528.20,109886.50,109382.00,109733.20,1019.643
2025-08-26T03:30:00+00:00,109733.30,109888.80,109733.20,109817.80,596.209
2025-08-26T03:45:00+00:00,109817.80,109861.70,109757.40,109825.00,416.466
2025-08-26T04:00:00+00:00,109825.10,110136.70,109825.10,110096.30,1256.418
2025-08-26T04:15:00+00:00,110096.30,110135.20,109923.00,110116.90,957.373
2025-08-26T04:30:00+00:00,110116.90,110188.40,109954.60,109977.00,906.874
2025-08-26T04:45:00+00:00,109976.90,110106.40,109880.00,110041.00,518.740
2025-08-26T05:00:00+00:00,110041.10,110226.40,110041.00,110190.00,773.000
2025-08-26T05:15:00+00:00,110190.00,110217.50,110101.60,110101.60,507.986
2025-08-26T05:30:00+00:00,110101.70,110267.30,110026.90,110255.60,679.837
2025-08-26T05:45:00+00:00,110255.60,110320.10,110141.20,110141.30,607.515
2025-08-26T06:00:00+00:00,110141.20,110269.60,110043.10,110226.60,657.620
2025-08-26T06:15:00+00:00,110226.60,110287.50,109846.10,109961.80,1432.102
2025-08-26T06:30:00+00:00,109961.90,110048.80,109924.50,109957.70,480.522
2025-08-26T06:45:00+00:00,109957.80,110054.60,109858.90,109949.40,504.676
2025-08-26T07:00:00+00:00,109949.30,110007.80,109725.00,109749.70,1012.060
2025-08-26T07:15:00+00:00,109749.80,109947.90,109711.00,109932.80,734.352
2025-08-26T07:30:00+00:00,109932.70,110508.50,109894.20,110263.20,2679.766
2025-08-26T07:45:00+00:00,110263.20,110330.80,110131.70,110244.20,863.031
2025-08-26T08:00:00+00:00,110244.20,110331.80,110139.40,110228.50,590.106
2025-08-26T08:15:00+00:00,110228.40,110405.60,109943.10,110023.20,1123.800
2025-08-26T08:30:00+00:00,110023.20,110127.70,109963.20,110127.70,482.519
2025-08-26T08:45:00+00:00,110127.70,110377.90,110042.40,110047.50,905.080
2025-08-26T09:00:00+00:00,110047.60,110284.20,110047.50,110214.00,454.974
2025-08-26T09:15:00+00:00,110213.90,110365.60,110181.80,110277.00,571.811
2025-08-26T09:30:00+00:00,110277.00,110313.20,110000.00,110012.30,524.382
2025-08-26T09:45:00+00:00,110012.40,110108.60,109976.90,110108.60,446.231
2025-08-26T10:00:00+00:00,110108.60,110317.60,110015.00,110312.10,737.706
2025-08-26T10:15:00+00:00,110312.00,110366.80,110207.30,110277.70,592.712
2025-08-26T10:30:00+00:00,110277.70,110340.50,110228.40,110310.30,631.629
2025-08-26T10:45:00+00:00,110310.30,110332.30,110088.00,110169.00,676.774
2025-08-26T11:00:00+00:00,110169.00,110180.60,109968.50,109989.00,756.064
2025-08-26T11:15:00+00:00,109988.90,109989.00,109775.10,109823.80,1915.273
2025-08-26T11:30:00+00:00,109823.70,109823.90,109575.00,109625.10,1690.216
2025-08-26T11:45:00+00:00,109625.10,109842.20,109529.50,109842.20,1333.830
2025-08-26T12:00:00+00:00,109842.20,109875.10,109576.50,109590.40,1146.105
2025-08-26T12:15:00+00:00,109590.40,109726.20,109572.70,109681.20,499.094
2025-08-26T12:30:00+00:00,109681.20,110817.50,109681.10,110479.00,5457.750
2025-08-26T12:45:00+00:00,110479.00,110645.00,109729.00,110172.50,5131.228
2025-08-26T13:00:00+00:00,110172.40,110235.60,110009.30,110113.90,1247.498
2025-08-26T13:15:00+00:00,110113.90,110159.80,109740.60,109808.10,1499.587
2025-08-26T13:30:00+00:00,109808.10,110198.30,109659.00,109851.20,4035.080
2025-08-26T13:45:00+00:00,109851.10,110079.60,109350.00,110051.20,5409.346
2025-08-26T14:00:00+00:00,110051.20,110272.20,109756.20,109844.10,2416.531
2025-08-26T14:15:00+00:00,109844.10,110515.10,109750.00,110159.80,2486.172
2025-08-26T14:30:00+00:00,110159.70,110455.30,110095.60,110340.60,1691.257
2025-08-26T14:45:00+00:00,110340.70,110461.50,110113.90,110323.90,1335.025
2025-08-26T15:00:00+00:00,110323.90,110525.40,110186.80,110204.40,1877.646
2025-08-26T15:15:00+00:00,110204.40,110404.00,110000.00,110029.00,1775.183
2025-08-26T15:30:00+00:00,110029.10,110032.60,109499.90,109554.80,3414.596
2025-08-26T15:45:00+00:00,109554.80,109757.00,109537.80,109624.60,1492.405
2025-08-26T16:00:00+00:00,109624.60,109742.40,109446.10,109479.50,1000.555
2025-08-26T16:15:00+00:00,109479.50,109708.20,109400.00,109708.20,1354.956
2025-08-26T16:30:00+00:00,109708.20,109814.80,109559.00,109772.80,1326.411
2025-08-26T16:45:00+00:00,109772.80,110129.70,109662.70,110129.60,1154.925
2025-08-26T17:00:00+00:00,110129.60,110174.40,109727.90,109827.30,1409.130
2025-08-26T17:15:00+00:00,109827.20,109920.10,109722.40,109808.10,702.257
2025-08-26T17:30:00+00:00,109808.10,109844.80,109548.00,109623.70,936.646
2025-08-26T17:45:00+00:00,109623.70,109950.00,109606.90,109950.00,659.700
2025-08-26T18:00:00+00:00,109950.00,110139.80,109924.60,110068.60,947.400
2025-08-26T18:15:00+00:00,110068.60,110459.60,110034.20,110444.40,1414.065
2025-08-26T18:30:00+00:00,110444.40,110939.20,110341.30,110842.60,2627.300
2025-08-26T18:45:00+00:00,110842.60,110891.00,110611.50,110650.00,1420.296
2025-08-26T19:00:00+00:00,110650.00,110653.50,110447.10,110612.10,949.647
2025-08-26T19:15:00+00:00,110612.20,111099.60,110555.80,111059.30,2589.503
2025-08-26T19:30:00+00:00,111059.40,111069.50,110772.50,110772.60,1430.070
2025-08-26T19:45:00+00:00,110772.50,111106.50,110772.50,111053.50,1602.752
2025-08-26T20:00:00+00:00,111053.50,111200.00,110855.00,111199.90,1178.080
2025-08-26T20:15:00+00:00,111199.90,111311.00,111110.30,111269.00,1583.769
2025-08-26T20:30:00+00:00,111268.90,111269.00,111121.30,111139.60,1030.604
2025-08-26T20:45:00+00:00,111139.50,111311.00,111081.10,111258.60,896.701
2025-08-26T21:00:00+00:00,111258.50,111287.60,111052.50,111062.50,588.112
2025-08-26T21:15:00+00:00,111062.60,111269.10,111062.50,111219.90,413.968
2025-08-26T21:30:00+00:00,111219.90,111419.60,111157.30,111197.30,1243.884
2025-08-26T21:45:00+00:00,111197.20,111537.40,111114.80,111530.30,828.955
2025-08-26T22:00:00+00:00,111530.30,111826.20,111523.50,111820.50,3030.219
2025-08-26T22:15:00+00:00,111820.40,111877.10,111576.40,111579.20,1238.113
2025-08-26T22:30:00+00:00,111579.10,111704.50,111501.60,111541.40,806.037
2025-08-26T22:45:00+00:00,111541.50,111871.00,111520.00,111848.10,622.448
2025-08-26T23:00:00+00:00,111848.00,112330.00,111827.50,112270.00,3327.072
2025-08-26T23:15:00+00:00,112270.00,112277.00,111869.10,111886.10,2851.733
2025-08-26T23:30:00+00:00,111886.20,111906.30,111721.80,111836.90,1584.964
2025-08-26T23:45:00+00:00,111836.90,111837.00,111674.80,111709.90,632.339
2025-08-27T00:00:00+00:00,111710.00,111731.10,111572.90,111655.00,1060.353
2025-08-27T00:15:00+00:00,111655.00,111716.50,111547.90,111578.90,822.526
2025-08-27T00:30:00+00:00,111579.00,111765.60,111477.70,111500.00,928.538
2025-08-27T00:45:00+00:00,111499.90,111513.00,111281.30,111307.70,2063.876
2025-08-27T01:00:00+00:00,111307.80,111432.30,111234.50,111352.60,854.020
2025-08-27T01:15:00+00:00,111352.50,111354.90,111153.80,111206.20,678.143
2025-08-27T01:30:00+00:00,111206.30,111323.30,111053.30,111080.50,716.308
2025-08-27T01:45:00+00:00,111081.00,111296.00,111081.00,111249.50,654.950
2025-08-27T02:00:00+00:00,111249.60,111294.60,111066.60,111102.40,668.987
2025-08-27T02:15:00+00:00,111102.50,111427.00,111102.40,111261.80,1050.173
2025-08-27T02:30:00+00:00,111261.80,111412.90,111250.00,111321.70,669.880
2025-08-27T02:45:00+00:00,111321.60,111321.70,111057.50,111084.40,509.424
2025-08-27T03:00:00+00:00,111084.50,111186.30,110936.70,110996.60,944.145
2025-08-27T03:15:00+00:00,110996.60,111046.90,110867.10,110927.10,852.601
2025-08-27T03:30:00+00:00,110927.10,111159.90,110927.10,111150.60,754.203
2025-08-27T03:45:00+00:00,111150.60,111678.30,111150.50,111373.70,2147.108
2025-08-27T04:00:00+00:00,111373.80,111700.40,111359.00,111462.70,1207.339
2025-08-27T04:15:00+00:00,111462.70,111594.00,111364.40,111408.00,626.144
2025-08-27T04:30:00+00:00,111407.90,111608.00,111366.20,111511.80,445.115
2025-08-27T04:45:00+00:00,111511.80,111627.20,111464.90,111521.30,396.922
2025-08-27T05:00:00+00:00,111521.30,111549.90,111331.70,111538.90,812.041
2025-08-27T05:15:00+00:00,111538.80,111628.10,111275.00,111317.30,1048.372
2025-08-27T05:30:00+00:00,111317.30,111431.20,111275.00,111362.40,421.134
2025-08-27T05:45:00+00:00,111362.30,111377.40,111292.70,111316.80,272.163
2025-08-27T06:00:00+00:00,111316.80,111326.20,111211.30,111232.00,528.617
2025-08-27T06:15:00+00:00,111232.00,111320.00,111121.20,111217.90,804.894
2025-08-27T06:30:00+00:00,111217.90,111269.10,111059.60,111092.00,531.640
2025-08-27T06:45:00+00:00,111091.90,111104.00,110969.60,110994.20,612.978
2025-08-27T07:00:00+00:00,110994.30,111096.40,110954.80,110958.90,594.307
2025-08-27T07:15:00+00:00,110958.80,110966.50,110665.10,110795.10,1490.330
2025-08-27T07:30:00+00:00,110795.20,110872.70,110637.20,110680.50,859.319
2025-08-27T07:45:00+00:00,110680.60,110816.20,110586.50,110688.00,1137.282
2025-08-27T08:00:00+00:00,110688.00,110800.00,110601.70,110650.50,831.441
2025-08-27T08:15:00+00:00,110650.50,110675.60,110535.00,110557.60,823.445
2025-08-27T08:30:00+00:00,110557.50,110602.20,110466.90,110503.60,1054.920
2025-08-27T08:45:00+00:00,110503.50,110723.00,110306.90,110705.20,1802.782
2025-08-27T09:00:00+00:00,110705.10,110888.00,110669.20,110800.00,1197.337
2025-08-27T09:15:00+00:00,110799.90,110950.00,110785.50,110920.90,903.042
2025-08-27T09:30:00+00:00,110921.00,111076.90,110830.90,110855.30,900.306
2025-08-27T09:45:00+00:00,110855.30,110855.40,110753.80,110763.90,588.739
2025-08-27T10:00:00+00:00,110763.90,111040.40,110763.90,111040.40,546.856
2025-08-27T10:15:00+00:00,111040.30,111232.00,110905.30,110997.90,1178.324
2025-08-27T10:30:00+00:00,110997.90,111086.60,110855.00,111009.60,603.463
2025-08-27T10:45:00+00:00,111009.70,111054.00,110923.60,110928.50,225.912
2025-08-27T11:00:00+00:00,110928.50,111229.00,110928.50,111228.90,748.488
2025-08-27T11:15:00+00:00,111229.00,111229.00,111079.90,111128.20,431.828
2025-08-27T11:30:00+00:00,111128.20,111256.20,111128.20,111193.50,384.222
2025-08-27T11:45:00+00:00,111193.60,111328.90,111193.50,111270.80,591.243
2025-08-27T12:00:00+00:00,111270.70,111351.70,111092.70,111272.30,791.360
2025-08-27T12:15:00+00:00,111272.40,111329.60,111077.10,111082.60,495.867
2025-08-27T12:30:00+00:00,111082.60,111150.00,110958.20,111008.70,727.273
2025-08-27T12:45:00+00:00,111008.80,111325.30,111005.80,111288.40,712.030
2025-08-27T13:00:00+00:00,111288.50,111291.50,111043.60,111071.00,699.479
2025-08-27T13:15:00+00:00,111071.10,111289.80,111030.10,111272.00,545.410
2025-08-27T13:30:00+00:00,111271.90,111772.80,110958.30,111509.40,3648.028
2025-08-27T13:45:00+00:00,111509.30,111845.20,111321.90,111434.30,3370.902
2025-08-27T14:00:00+00:00,111434.40,111685.20,111211.10,111597.10,1618.516
2025-08-27T14:15:00+00:00,111597.10,112152.70,111467.30,112141.20,2810.616
2025-08-27T14:30:00+00:00,112141.30,112568.50,111863.60,111863.60,5931.001
2025-08-27T14:45:00+00:00,111863.60,112116.40,111601.50,111758.00,3231.383
2025-08-27T15:00:00+00:00,111757.90,112037.20,111621.60,111932.80,1378.482
2025-08-27T15:15:00+00:00,111932.80,112003.30,111628.30,111724.70,1045.372
2025-08-27T15:30:00+00:00,111724.80,111820.10,111455.70,111748.90,1412.928
2025-08-27T15:45:00+00:00,111749.00,111975.00,111680.80,111965.10,1144.280
2025-08-27T16:00:00+00:00,111965.00,111991.60,111758.00,111861.80,1035.100
2025-08-27T16:15:00+00:00,111861.80,112086.90,111603.90,111773.80,1252.638
2025-08-27T16:30:00+00:00,111773.80,111866.10,111489.80,111821.90,1268.697
2025-08-27T16:45:00+00:00,111821.80,112198.80,111738.90,112062.00,1133.241
2025-08-27T17:00:00+00:00,112062.00,112062.10,111859.90,111919.30,655.298
2025-08-27T17:15:00+00:00,111919.40,112354.00,111837.20,112255.30,1358.822
2025-08-27T17:30:00+00:00,112255.30,112400.00,112182.80,112237.90,1140.801
2025-08-27T17:45:00+00:00,112237.90,112355.60,112206.00,112286.20,488.607
2025-08-27T18:00:00+00:00,112286.30,112470.70,112266.10,112412.20,1059.236
2025-08-27T18:15:00+00:00,112412.30,112550.00,112318.60,112415.10,1134.315
2025-08-27T18:30:00+00:00,112415.10,112423.50,112168.10,112175.50,963.375
2025-08-27T18:45:00+00:00,112175.40,112271.00,111863.00,111890.30,1226.705
2025-08-27T19:00:00+00:00,111890.40,112098.00,111502.00,111623.60,2740.251
2025-08-27T19:15:00+00:00,111623.70,112031.20,111600.00,111971.00,1215.142
2025-08-27T19:30:00+00:00,111971.00,112174.00,111954.90,112044.00,848.883
2025-08-27T19:45:00+00:00,112044.10,112073.40,111872.70,112032.80,653.436
2025-08-27T20:00:00+00:00,112032.90,112065.10,111522.30,111875.70,1592.034
2025-08-27T20:15:00+00:00,111875.70,112307.60,110854.40,112030.00,9952.176
2025-08-27T20:30:00+00:00,112029.50,112337.90,111940.90,112278.50,2772.305
2025-08-27T20:45:00+00:00,112278.50,112368.60,112051.00,112363.10,1138.267
2025-08-27T21:00:00+00:00,112363.20,112401.50,111993.00,112052.60,1185.529
2025-08-27T21:15:00+00:00,112052.70,112076.00,111603.50,111747.20,1749.849
2025-08-27T21:30:00+00:00,111747.30,111860.40,111550.00,111613.40,717.728
2025-08-27T21:45:00+00:00,111613.50,111660.80,111322.70,111480.70,908.602
2025-08-27T22:00:00+00:00,111480.70,111496.20,111003.30,111117.30,1716.224
2025-08-27T22:15:00+00:00,111117.30,111327.30,111117.20,111265.50,859.946
2025-08-27T22:30:00+00:00,111265.40,111545.20,111240.40,111545.20,644.564
2025-08-27T22:45:00+00:00,111545.10,111551.70,111340.40,111355.10,435.097
2025-08-27T23:00:00+00:00,111355.10,111491.20,111296.60,111313.00,455.343
2025-08-27T23:15:00+00:00,111313.00,111373.20,111169.20,111297.30,777.068
2025-08-27T23:30:00+00:00,111297.30,111380.40,111039.90,111069.40,700.728
2025-08-27T23:45:00+00:00,111069.40,111215.80,111064.60,111194.90,886.008
2025-08-28T00:00:00+00:00,111194.90,111425.00,111151.70,111413.50,843.643
2025-08-28T00:15:00+00:00,111413.50,111493.00,110879.20,111093.10,1898.181
2025-08-28T00:30:00+00:00,111093.10,111260.20,110811.00,111260.20,1267.794
2025-08-28T00:45:00+00:00,111260.10,111423.00,111098.20,111287.00,1028.762
2025-08-28T01:00:00+00:00,111286.90,111520.00,111282.70,111463.10,642.493
2025-08-28T01:15:00+00:00,111463.10,111545.20,111334.50,111390.40,601.075
2025-08-28T01:30:00+00:00,111390.40,111585.70,111374.30,111510.00,564.153
2025-08-28T01:45:00+00:00,111510.00,111674.50,111487.30,111600.10,747.390
2025-08-28T02:00:00+00:00,111600.10,111719.80,111530.00,111530.10,575.738
2025-08-28T02:15:00+00:00,111530.00,111600.00,111412.20,111565.70,451.939
2025-08-28T02:30:00+00:00,111565.60,111620.00,111413.00,111453.30,302.481
2025-08-28T02:45:00+00:00,111453.30,111550.20,111389.90,111442.40,284.931
2025-08-28T03:00:00+00:00,111442.30,111819.10,111352.30,111819.00,840.651
2025-08-28T03:15:00+00:00,111819.10,111888.00,111729.40,111881.60,470.496
2025-08-28T03:30:00+00:00,111881.50,111972.00,111822.50,111878.10,732.572
2025-08-28T03:45:00+00:00,111878.00,111993.00,111810.50,111954.10,415.609
2025-08-28T04:00:00+00:00,111954.00,112139.70,111892.40,112123.90,862.766
2025-08-28T04:15:00+00:00,112123.80,112265.30,112063.00,112251.40,915.764
2025-08-28T04:30:00+00:00,112251.40,112760.00,112231.60,112737.60,3387.915
2025-08-28T04:45:00+00:00,112737.70,113049.00,112720.00,112931.20,3677.378
2025-08-28T05:00:00+00:00,112931.10,113144.70,112823.90,112878.70,2200.962
2025-08-28T05:15:00+00:00,112878.60,112962.90,112771.50,112818.30,1151.371
2025-08-28T05:30:00+00:00,112818.30,112901.80,112755.10,112755.10,644.920
2025-08-28T05:45:00+00:00,112755.10,112853.20,112659.30,112807.90,1281.435
2025-08-28T06:00:00+00:00,112807.80,112881.00,112664.30,112716.30,816.072
2025-08-28T06:15:00+00:00,112716.30,112953.20,112698.50,112953.20,975.926
2025-08-28T06:30:00+00:00,112953.20,113085.80,112900.50,113003.90,1522.857
2025-08-28T06:45:00+00:00,113003.90,113240.30,112911.20,113160.30,1473.381
2025-08-28T07:00:00+00:00,113160.20,113288.00,113160.20,113281.60,1256.937
2025-08-28T07:15:00+00:00,113281.60,113318.20,113065.40,113111.20,1618.450
2025-08-28T07:30:00+00:00,113111.30,113124.20,112958.70,113090.50,782.654
2025-08-28T07:45:00+00:00,113090.50,113120.70,113019.90,113079.20,518.559
2025-08-28T08:00:00+00:00,113079.30,113301.60,113070.00,113170.00,1396.529
2025-08-28T08:15:00+00:00,113170.00,113170.00,112988.00,113004.10,1029.335
2025-08-28T08:30:00+00:00,113004.20,113230.70,112959.30,113112.50,704.751
2025-08-28T08:45:00+00:00,113112.50,113127.70,112961.60,113072.00,589.829
2025-08-28T09:00:00+00:00,113071.90,113088.00,112979.50,112979.50,564.829
2025-08-28T09:15:00+00:00,112979.50,113015.00,112851.20,112936.30,1059.943
2025-08-28T09:30:00+00:00,112936.20,112936.30,112853.00,112853.10,623.033
2025-08-28T09:45:00+00:00,112853.10,112869.60,112806.90,112819.90,403.090
2025-08-28T10:00:00+00:00,112819.90,113000.00,112780.30,112980.10,859.157
2025-08-28T10:15:00+00:00,112980.10,112987.60,112841.90,112867.40,342.734
2025-08-28T10:30:00+00:00,112867.50,113043.30,112867.40,113002.10,713.957
2025-08-28T10:45:00+00:00,113002.20,113075.60,112875.40,113075.50,544.355
2025-08-28T11:00:00+00:00,113075.60,113107.80,112941.60,112941.60,530.615
2025-08-28T11:15:00+00:00,112941.60,112976.60,112890.80,112902.50,258.762
2025-08-28T11:30:00+00:00,112902.50,112920.00,112813.30,112813.30,306.050
2025-08-28T11:45:00+00:00,112813.40,112967.10,112800.00,112876.50,582.977
2025-08-28T12:00:00+00:00,112876.50,112926.80,112800.00,112800.00,448.778
2025-08-28T12:15:00+00:00,112800.00,112911.00,112769.00,112806.30,582.120
2025-08-28T12:30:00+00:00,112806.30,113162.90,112728.90,113091.10,1930.368
2025-08-28T12:45:00+00:00,113091.00,113285.80,113034.10,113187.60,1252.612
2025-08-28T13:00:00+00:00,113187.70,113199.70,113029.50,113060.50,656.160
2025-08-28T13:15:00+00:00,113060.50,113429.00,112962.00,112987.20,2114.442
2025-08-28T13:30:00+00:00,112987.20,113166.00,112785.50,112871.30,2459.304
2025-08-28T13:45:00+00:00,112872.10,112905.60,112525.00,112787.10,3874.865
2025-08-28T14:00:00+00:00,112787.20,113112.90,112676.00,112951.00,1797.368
2025-08-28T14:15:00+00:00,112950.90,113100.00,112586.40,112592.60,1445.538
2025-08-28T14:30:00+00:00,112592.60,113126.40,112468.50,112947.10,2254.536
2025-08-28T14:45:00+00:00,112947.10,113270.40,112898.10,113115.50,1228.689
2025-08-28T15:00:00+00:00,113115.60,113150.00,112950.00,112991.20,919.832
2025-08-28T15:15:00+00:00,112991.20,113218.20,112391.50,112518.80,2464.201
2025-08-28T15:30:00+00:00,112518.80,112774.30,112484.10,112532.90,1234.796
2025-08-28T15:45:00+00:00,112533.00,112641.20,112344.40,112633.10,1575.900
2025-08-28T16:00:00+00:00,112633.10,112921.20,112590.70,112883.90,1103.938
2025-08-28T16:15:00+00:00,112883.90,113153.10,112791.70,112958.60,1932.641
2025-08-28T16:30:00+00:00,112958.60,112996.70,112737.20,112833.70,654.807
2025-08-28T16:45:00+00:00,112833.80,112848.90,112274.40,112283.20,1602.023
2025-08-28T17:00:00+00:00,112283.20,112375.00,112160.00,112214.20,1803.310
2025-08-28T17:15:00+00:00,112214.20,112505.00,112180.00,112471.20,1123.759
2025-08-28T17:30:00+00:00,112471.20,112578.10,112341.10,112565.60,739.196
2025-08-28T17:45:00+00:00,112565.60,112565.60,112300.00,112338.80,665.179
2025-08-28T18:00:00+00:00,112338.70,112356.80,112176.20,112224.60,903.548
2025-08-28T18:15:00+00:00,112224.60,112604.20,112224.60,112596.10,547.172
2025-08-28T18:30:00+00:00,112596.00,112662.30,112486.50,112486.60,671.744
2025-08-28T18:45:00+00:00,112486.50,112515.50,112252.80,112318.20,640.764
2025-08-28T19:00:00+00:00,112318.30,112530.40,112256.60,112372.50,623.226
2025-08-28T19:15:00+00:00,112372.60,112372.60,112127.00,112318.40,1054.860
2025-08-28T19:30:00+00:00,112318.40,112372.40,111956.00,111996.20,1619.321
2025-08-28T19:45:00+00:00,111996.20,112130.60,111853.60,111864.70,1459.461
2025-08-28T20:00:00+00:00,111864.80,111965.40,111829.40,111957.00,1095.528
2025-08-28T20:15:00+00:00,111956.90,112075.00,111926.30,111969.00,658.652
2025-08-28T20:30:00+00:00,111969.00,112029.90,111855.60,111975.70,523.042
2025-08-28T20:45:00+00:00,111975.70,112009.90,111847.00,111850.00,574.398
2025-08-28T21:00:00+00:00,111850.00,112083.90,111850.00,112083.90,446.157
2025-08-28T21:15:00+00:00,112083.80,112092.30,111875.70,111920.30,401.112
2025-08-28T21:30:00+00:00,111920.20,111923.80,111848.00,111849.50,419.743
2025-08-28T21:45:00+00:00,111849.60,112037.90,111849.50,111965.10,431.528
2025-08-28T22:00:00+00:00,111965.00,112254.60,111965.00,112228.70,702.709
2025-08-28T22:15:00+00:00,112228.80,112358.30,112188.60,112353.40,646.725
2025-08-28T22:30:00+00:00,112353.40,112461.50,112270.70,112322.50,757.557
2025-08-28T22:45:00+00:00,112322.50,112417.30,112289.90,112292.00,430.124
2025-08-28T23:00:00+00:00,112292.00,112425.10,112247.40,112317.50,441.429
2025-08-28T23:15:00+00:00,112317.60,112419.90,112267.00,112336.40,377.507
2025-08-28T23:30:00+00:00,112336.40,112457.70,112277.70,112420.30,548.849
2025-08-28T23:45:00+00:00,112420.20,112519.10,112388.80,112507.30,525.558
2025-08-29T00:00:00+00:00,112507.30,112507.40,112301.50,112366.30,709.379
2025-08-29T00:15:00+00:00,112366.20,112585.70,112277.70,112547.70,803.652
2025-08-29T00:30:00+00:00,112547.70,112562.80,112155.00,112185.80,1048.774
2025-08-29T00:45:00+00:00,112185.70,112233.00,112072.70,112160.80,543.419
2025-08-29T01:00:00+00:00,112160.70,112227.30,111840.00,111865.60,1210.370
2025-08-29T01:15:00+00:00,111865.60,111865.70,111350.10,111494.00,4212.448
2025-08-29T01:30:00+00:00,111493.90,111658.10,111400.40,111595.90,1168.643
2025-08-29T01:45:00+00:00,111596.00,111661.00,111376.10,111425.00,985.085
2025-08-29T02:00:00+00:00,111425.00,111636.20,111356.00,111600.10,1017.805
2025-08-29T02:15:00+00:00,111600.00,111720.00,111402.30,111486.30,1087.156
2025-08-29T02:30:00+00:00,111486.30,111544.30,111353.00,111367.10,692.322
2025-08-29T02:45:00+00:00,111367.20,111466.30,111311.00,111370.10,652.663
2025-08-29T03:00:00+00:00,111370.00,111569.00,111238.50,111472.10,1271.986
2025-08-29T03:15:00+00:00,111472.20,111598.50,111455.00,111560.10,633.604
2025-08-29T03:30:00+00:00,111560.00,111754.00,111514.60,111689.70,681.593
2025-08-29T03:45:00+00:00,111689.70,111772.00,111648.50,111648.60,530.965
2025-08-29T04:00:00+00:00,111648.60,111797.20,111558.70,111621.80,859.752
2025-08-29T04:15:00+00:00,111621.90,111677.80,111561.20,111623.00,429.380
2025-08-29T04:30:00+00:00,111623.00,111623.10,111475.00,111525.00,391.067
2025-08-29T04:45:00+00:00,111525.00,111572.60,111365.80,111456.80,573.437
2025-08-29T05:00:00+00:00,111456.80,111538.40,111355.00,111392.60,620.426
2025-08-29T05:15:00+00:00,111392.60,111392.70,111200.00,111266.20,954.323
2025-08-29T05:30:00+00:00,111266.20,111266.20,111119.70,111143.50,1063.503
2025-08-29T05:45:00+00:00,111143.50,111271.30,111088.50,111265.80,845.856
2025-08-29T06:00:00+00:00,111265.80,111361.40,111088.10,111101.10,842.949
2025-08-29T06:15:00+00:00,111101.00,111124.70,110926.20,110966.40,823.277
2025-08-29T06:30:00+00:00,110966.30,111280.00,110850.00,111246.60,1971.802
2025-08-29T06:45:00+00:00,111265.00,111284.90,111098.40,111223.90,1703.935
2025-08-29T07:00:00+00:00,111224.00,111238.80,110472.90,110479.90,3678.675
2025-08-29T07:15:00+00:00,110480.00,110600.70,110064.00,110100.10,4832.996
2025-08-29T07:30:00+00:00,110100.10,110305.30,110024.30,110026.00,2766.956
2025-08-29T07:45:00+00:00,110026.00,110133.30,109850.00,109969.00,2768.664
2025-08-29T08:00:00+00:00,109969.00,110254.90,109900.40,110002.20,2573.192
2025-08-29T08:15:00+00:00,110002.20,110148.00,109881.30,109970.60,1890.783
2025-08-29T08:30:00+00:00,109970.50,110114.20,109653.10,109836.70,3395.968
2025-08-29T08:45:00+00:00,109836.60,109878.20,109555.50,109579.70,1955.937
2025-08-29T09:00:00+00:00,109579.80,109644.70,109360.00,109512.30,2828.987
2025-08-29T09:15:00+00:00,109512.20,109775.60,109508.10,109699.30,1495.816
2025-08-29T09:30:00+00:00,109699.30,109763.70,109590.00,109763.70,964.919
2025-08-29T09:45:00+00:00,109763.70,109868.30,109710.60,109710.60,1020.247
2025-08-29T10:00:00+00:00,109710.70,109928.50,109687.80,109791.30,1344.424
2025-08-29T10:15:00+00:00,109791.30,109963.90,109726.40,109885.80,807.546
2025-08-29T10:30:00+00:00,109885.80,109961.20,109800.00,109949.30,787.971
2025-08-29T10:45:00+00:00,109949.40,109983.90,109795.40,109949.80,637.334
2025-08-29T11:00:00+00:00,109949.80,110115.00,109851.40,110059.50,1449.251
2025-08-29T11:15:00+00:00,110059.50,110072.50,109959.50,109995.80,737.128
2025-08-29T11:30:00+00:00,109995.70,110015.20,109776.90,109842.80,920.379
2025-08-29T11:45:00+00:00,109842.80,110014.20,109842.80,109960.60,317.185
2025-08-29T12:00:00+00:00,110047.80,110224.00,110020.60,110224.00,1226.675
2025-08-29T12:15:00+00:00,110224.00,110314.00,110115.10,110292.20,1146.033
2025-08-29T12:30:00+00:00,110292.20,111489.50,110292.10,110502.60,12817.170
2025-08-29T12:45:00+00:00,110502.60,110745.00,110455.40,110667.70,1598.241
2025-08-29T13:00:00+00:00,110667.60,110728.80,110440.70,110622.70,949.818
2025-08-29T13:15:00+00:00,110622.70,110655.90,110364.20,110450.00,1001.723
2025-08-29T13:30:00+00:00,110450.00,110507.60,109503.60,109669.30,6787.276
2025-08-29T13:45:00+00:00,109669.30,109677.30,108808.10,109056.40,8825.034
2025-08-29T14:00:00+00:00,109056.50,109490.50,108400.00,108707.50,10288.669
2025-08-29T14:15:00+00:00,108707.40,108911.70,108240.00,108599.90,7572.110
2025-08-29T14:30:00+00:00,108599.80,108810.90,108359.90,108509.40,3002.197
2025-08-29T14:45:00+00:00,108509.30,108671.00,108034.10,108154.50,4183.720
2025-08-29T15:00:00+00:00,108154.40,108421.30,108125.00,108184.00,2888.025
2025-08-29T15:15:00+00:00,108184.00,108666.00,108183.90,108300.30,3883.174
2025-08-29T15:30:00+00:00,108300.30,108547.70,108150.00,108426.30,3157.450
2025-08-29T15:45:00+00:00,108426.30,108531.50,108234.70,108334.40,1670.505
2025-08-29T16:00:00+00:00,108334.40,108637.90,108088.00,108577.00,2397.980
2025-08-29T16:15:00+00:00,108577.10,108711.00,108431.90,108453.20,1390.166
2025-08-29T16:30:00+00:00,108453.30,108777.00,108450.00,108693.30,1457.175
2025-08-29T16:45:00+00:00,108693.20,108773.70,108495.70,108648.00,1060.729
2025-08-29T17:00:00+00:00,108648.00,108674.60,108163.10,108181.00,1403.235
2025-08-29T17:15:00+00:00,108180.90,108500.00,108108.00,108352.20,1266.255
2025-08-29T17:30:00+00:00,108352.20,108570.50,108276.30,108396.10,818.413
2025-08-29T17:45:00+00:00,108396.20,108533.40,108368.30,108411.50,744.575
2025-08-29T18:00:00+00:00,108411.50,108459.90,108242.80,108297.60,905.269
2025-08-29T18:15:00+00:00,108298.00,108354.40,108045.00,108081.40,1942.464
2025-08-29T18:30:00+00:00,108081.50,108200.00,108054.10,108091.80,853.227
2025-08-29T18:45:00+00:00,108091.90,108186.10,108054.10,108092.50,689.626
2025-08-29T19:00:00+00:00,108092.40,108423.70,107869.60,108311.20,2886.608
2025-08-29T19:15:00+00:00,108311.10,108696.70,108302.40,108598.00,1564.685
2025-08-29T19:30:00+00:00,108597.90,108697.70,108331.40,108477.60,842.320
2025-08-29T19:45:00+00:00,108477.70,108585.40,108121.60,108155.50,1141.484
2025-08-29T20:00:00+00:00,108155.50,108213.50,107654.00,107853.80,4497.466
2025-08-29T20:15:00+00:00,107853.80,107999.90,107710.00,107929.80,1527.754
2025-08-29T20:30:00+00:00,107929.80,107929.80,107613.60,107613.60,1425.385
2025-08-29T20:45:00+00:00,107613.60,107837.40,107468.10,107742.60,3055.001
2025-08-29T21:00:00+00:00,107742.50,107850.00,107411.40,107850.00,1979.111
2025-08-29T21:15:00+00:00,107850.00,107918.90,107692.30,107918.90,808.795
2025-08-29T21:30:00+00:00,107918.90,108375.90,107918.90,108363.00,2787.316
2025-08-29T21:45:00+00:00,108363.10,108430.30,108200.00,108393.40,1018.164
2025-08-29T22:00:00+00:00,108393.40,108433.40,108250.00,108250.00,829.728
2025-08-29T22:15:00+00:00,108250.00,108393.80,108230.00,108293.70,555.038
2025-08-29T22:30:00+00:00,108293.80,108360.90,108160.00,108198.00,466.411
2025-08-29T22:45:00+00:00,108198.00,108337.50,108160.00,108337.50,343.294
2025-08-29T23:00:00+00:00,108337.50,108461.50,108300.00,108371.90,698.119
2025-08-29T23:15:00+00:00,108372.00,108488.00,108361.10,108405.00,511.870
2025-08-29T23:30:00+00:00,108405.00,108513.00,108396.60,108494.40,545.708
2025-08-29T23:45:00+00:00,108494.40,108494.50,108288.30,108332.40,569.516
2025-08-30T00:00:00+00:00,108332.40,108355.50,108213.30,108213.40,783.429
2025-08-30T00:15:00+00:00,108213.40,108377.20,108184.90,108263.90,476.925
2025-08-30T00:30:00+00:00,108263.90,108278.70,108101.90,108120.60,837.635
2025-08-30T00:45:00+00:00,108120.60,108280.10,108120.60,108259.40,534.370
2025-08-30T01:00:00+00:00,108259.40,108318.10,108218.10,108264.10,457.901
2025-08-30T01:15:00+00:00,108264.00,108264.00,107985.00,108003.50,715.277
2025-08-30T01:30:00+00:00,108003.50,108090.70,107985.00,107997.90,528.401
2025-08-30T01:45:00+00:00,107997.90,107997.90,107281.00,107404.90,3154.129
2025-08-30T02:00:00+00:00,107405.00,107751.60,107340.60,107736.40,1865.434
2025-08-30T02:15:00+00:00,107736.40,107825.30,107569.00,107786.70,802.934
2025-08-30T02:30:00+00:00,107786.70,107910.70,107786.60,107897.90,686.455
2025-08-30T02:45:00+00:00,107897.90,107903.50,107738.20,107738.30,630.682
2025-08-30T03:00:00+00:00,107738.20,108020.30,107723.70,107990.30,861.459
2025-08-30T03:15:00+00:00,107990.20,108256.50,107946.50,108176.20,1663.626
2025-08-30T03:30:00+00:00,108176.20,108366.10,108176.20,108282.50,1496.260
2025-08-30T03:45:00+00:00,108282.60,108378.00,108274.20,108367.90,903.392
2025-08-30T04:00:00+00:00,108368.00,108444.00,108316.40,108409.60,1102.791
2025-08-30T04:15:00+00:00,108409.70,108615.30,108400.50,108581.20,1350.188
2025-08-30T04:30:00+00:00,108581.10,108584.40,108417.10,108441.30,803.946
2025-08-30T04:45:00+00:00,108441.40,108481.00,108345.20,108373.80,652.432
2025-08-30T05:00:00+00:00,108373.80,108424.40,108203.00,108203.00,878.783
2025-08-30T05:15:00+00:00,108203.10,108277.70,108168.70,108168.90,620.990
2025-08-30T05:30:00+00:00,108168.90,108403.30,108082.40,108334.50,991.913
2025-08-30T05:45:00+00:00,108334.60,108392.50,108242.50,108300.10,577.644
2025-08-30T06:00:00+00:00,108300.10,108515.90,108267.20,108284.90,1077.554
2025-08-30T06:15:00+00:00,108284.80,108369.80,108214.50,108226.80,442.489
2025-08-30T06:30:00+00:00,108226.80,108298.50,108200.10,108241.10,257.304
2025-08-30T06:45:00+00:00,108241.00,108276.00,108172.20,108276.00,513.775
2025-08-30T07:00:00+00:00,108275.90,108340.60,108067.50,108225.10,749.084
2025-08-30T07:15:00+00:00,108225.10,108235.00,108156.10,108234.90,281.581
2025-08-30T07:30:00+00:00,108234.90,108446.70,108230.00,108446.70,655.570
2025-08-30T07:45:00+00:00,108446.60,108467.80,108422.00,108466.60,510.721
2025-08-30T08:00:00+00:00,108466.60,108639.70,108431.90,108595.40,1542.486
2025-08-30T08:15:00+00:00,108595.40,108742.90,108558.60,108678.60,1119.877
2025-08-30T08:30:00+00:00,108678.70,108678.70,108520.10,108560.50,738.338
2025-08-30T08:45:00+00:00,108560.60,108564.20,108480.50,108521.80,376.731
2025-08-30T09:00:00+00:00,108521.70,108561.80,108451.00,108451.40,427.466
2025-08-30T09:15:00+00:00,108451.50,108540.00,108443.70,108485.70,245.035
2025-08-30T09:30:00+00:00,108485.60,108485.70,108420.30,108434.00,305.245
2025-08-30T09:45:00+00:00,108434.00,108558.90,108419.20,108476.00,293.037
2025-08-30T10:00:00+00:00,108476.10,108591.70,108442.50,108545.00,913.079
2025-08-30T10:15:00+00:00,108545.00,108660.10,108545.00,108648.10,467.944
2025-08-30T10:30:00+00:00,108648.10,108648.20,108432.50,108446.20,632.860
2025-08-30T10:45:00+00:00,108446.30,108446.30,108359.60,108380.80,667.477
2025-08-30T11:00:00+00:00,108380.90,108500.00,108374.50,108488.60,303.338
2025-08-30T11:15:00+00:00,108488.60,108504.00,108426.00,108504.00,208.018
2025-08-30T11:30:00+00:00,108504.00,108551.90,108467.80,108547.40,319.646
2025-08-30T11:45:00+00:00,108547.30,108668.80,108547.30,108638.60,600.174
2025-08-30T12:00:00+00:00,108638.60,108638.70,108414.80,108525.60,509.266
2025-08-30T12:15:00+00:00,108525.50,108525.60,108430.80,108462.60,414.573
2025-08-30T12:30:00+00:00,108462.60,108480.00,108289.00,108402.40,1400.998
2025-08-30T12:45:00+00:00,108402.40,108564.00,108402.30,108563.90,782.456
2025-08-30T13:00:00+00:00,108563.90,108564.00,108155.00,108222.10,2223.941
2025-08-30T13:15:00+00:00,108222.00,108372.40,108163.90,108372.30,1023.563
2025-08-30T13:30:00+00:00,108372.30,108475.40,108355.30,108355.40,498.239
2025-08-30T13:45:00+00:00,108355.30,108499.00,108300.40,108492.30,416.167
2025-08-30T14:00:00+00:00,108492.20,108492.30,108398.00,108421.30,410.422
2025-08-30T14:15:00+00:00,108421.40,108509.80,108358.10,108509.70,515.332
2025-08-30T14:30:00+00:00,108509.70,108600.00,108491.50,108575.80,653.357
2025-08-30T14:45:00+00:00,108575.80,108678.90,108575.80,108607.20,668.033
2025-08-30T15:00:00+00:00,108607.10,108607.20,108495.80,108545.30,403.751
2025-08-30T15:15:00+00:00,108545.40,108822.40,108545.40,108719.60,1492.063
2025-08-30T15:30:00+00:00,108719.70,108879.60,108595.90,108867.00,1320.306
2025-08-30T15:45:00+00:00,108867.00,108867.00,108772.70,108809.80,662.003
2025-08-30T16:00:00+00:00,108809.80,108813.10,108619.40,108639.90,475.256
2025-08-30T16:15:00+00:00,108640.00,108726.80,108619.30,108665.20,416.363
2025-08-30T16:30:00+00:00,108665.10,108762.10,108637.00,108762.00,319.620
2025-08-30T16:45:00+00:00,108762.00,108830.00,108762.00,108762.10,340.825
2025-08-30T17:00:00+00:00,108762.10,108849.00,108740.50,108826.00,491.886
2025-08-30T17:15:00+00:00,108826.10,108829.30,108747.80,108777.20,438.342
2025-08-30T17:30:00+00:00,108777.10,108799.00,108633.70,108651.40,358.712
2025-08-30T17:45:00+00:00,108651.30,108729.00,108562.00,108729.00,462.510
2025-08-30T18:00:00+00:00,108728.90,108763.60,108684.80,108703.10,279.770
2025-08-30T18:15:00+00:00,108703.10,108703.10,108591.70,108642.60,300.924
2025-08-30T18:30:00+00:00,108642.70,108674.50,108567.50,108674.50,267.689
2025-08-30T18:45:00+00:00,108674.70,108787.30,108661.60,108684.70,349.364
2025-08-30T19:00:00+00:00,108684.70,108712.60,108642.60,108665.80,178.358
2025-08-30T19:15:00+00:00,108665.80,108753.00,108594.20,108752.90,246.473
2025-08-30T19:30:00+00:00,108753.00,108830.00,108742.20,108830.00,210.686
2025-08-30T19:45:00+00:00,108830.00,108851.00,108708.90,108769.40,330.897
2025-08-30T20:00:00+00:00,108769.50,108776.10,108635.70,108675.70,229.574
2025-08-30T20:15:00+00:00,108675.70,108720.20,108624.30,108720.20,231.687
2025-08-30T20:30:00+00:00,108720.10,108727.60,108526.50,108579.80,438.641
2025-08-30T20:45:00+00:00,108579.90,108600.80,108544.80,108596.40,244.400
2025-08-30T21:00:00+00:00,108596.30,108631.70,108430.00,108587.50,774.329
2025-08-30T21:15:00+00:00,108587.50,108587.50,108521.30,108562.40,274.978
2025-08-30T21:30:00+00:00,108562.40,108562.40,108472.10,108525.20,214.171
2025-08-30T21:45:00+00:00,108525.10,108566.60,108490.30,108528.40,239.803
2025-08-30T22:00:00+00:00,108528.40,108535.60,108412.20,108462.10,366.283
2025-08-30T22:15:00+00:00,108462.00,108500.00,108451.90,108498.10,210.795
2025-08-30T22:30:00+00:00,108498.20,108513.80,108457.70,108513.70,207.982
2025-08-30T22:45:00+00:00,108513.70,108513.80,108472.80,108473.50,184.731
2025-08-30T23:00:00+00:00,108473.60,108586.40,108470.00,108561.70,347.287
2025-08-30T23:15:00+00:00,108561.60,108678.10,108552.50,108645.80,262.533
2025-08-30T23:30:00+00:00,108645.70,108735.00,108603.90,108721.30,308.055
2025-08-30T23:45:00+00:00,108721.40,108758.00,108691.20,108757.90,233.664
2025-08-31T00:00:00+00:00,108758.00,108810.50,108750.00,108784.70,579.870
2025-08-31T00:15:00+00:00,108784.70,108826.30,108754.00,108820.70,280.718
2025-08-31T00:30:00+00:00,108820.80,109177.90,108820.70,109152.20,1963.811
2025-08-31T00:45:00+00:00,109152.10,109355.00,109089.10,109339.90,2802.185
2025-08-31T01:00:00+00:00,109339.90,109354.00,109085.60,109095.20,1093.500
2025-08-31T01:15:00+00:00,109095.20,109308.70,109091.90,109280.10,767.639
2025-08-31T01:30:00+00:00,109280.00,109398.50,109239.40,109281.00,941.756
2025-08-31T01:45:00+00:00,109281.10,109439.90,109244.50,109380.00,833.117
2025-08-31T02:00:00+00:00,109380.00,109395.00,109250.00,109333.40,747.736
2025-08-31T02:15:00+00:00,109333.40,109368.10,109230.70,109275.20,337.823
2025-08-31T02:30:00+00:00,109275.10,109275.20,109175.00,109175.00,412.297
2025-08-31T02:45:00+00:00,109175.10,109177.20,109121.70,109171.60,297.892
2025-08-31T03:00:00+00:00,109171.60,109292.60,109171.60,109269.60,434.972
2025-08-31T03:15:00+00:00,109269.60,109269.70,109144.20,109175.40,1024.684
2025-08-31T03:30:00+00:00,109175.50,109269.70,109118.00,109269.70,582.145
2025-08-31T03:45:00+00:00,109269.60,109331.30,109101.20,109175.40,664.951
2025-08-31T04:00:00+00:00,109175.50,109190.40,108966.60,108972.00,958.404
2025-08-31T04:15:00+00:00,108971.90,108972.00,108766.10,108791.10,866.248
2025-08-31T04:30:00+00:00,108791.10,108820.60,108685.00,108685.10,892.233
2025-08-31T04:45:00+00:00,108685.00,108778.20,108628.00,108775.00,1023.721
2025-08-31T05:00:00+00:00,108774.90,108775.00,108539.60,108650.50,892.903
2025-08-31T05:15:00+00:00,108650.40,108650.50,108514.20,108532.50,1023.472
2025-08-31T05:30:00+00:00,108532.50,108702.40,108532.40,108697.90,613.635
2025-08-31T05:45:00+00:00,108698.00,108725.30,108630.20,108708.00,295.842
2025-08-31T06:00:00+00:00,108707.90,108730.40,108639.90,108720.70,376.681
2025-08-31T06:15:00+00:00,108720.80,108731.40,108518.10,108523.20,542.496
2025-08-31T06:30:00+00:00,108523.20,108693.20,108455.00,108622.10,822.709
2025-08-31T06:45:00+00:00,108622.10,108692.70,108614.30,108667.90,236.026
2025-08-31T07:00:00+00:00,108667.80,108781.10,108642.60,108727.20,301.478
2025-08-31T07:15:00+00:00,108727.30,108740.10,108615.30,108645.00,236.137
2025-08-31T07:30:00+00:00,108645.00,108750.00,108645.00,108726.30,226.369
2025-08-31T07:45:00+00:00,108726.30,108726.30,108636.90,108656.90,197.761
2025-08-31T08:00:00+00:00,108656.90,108785.20,108656.80,108785.20,307.026
2025-08-31T08:15:00+00:00,108785.20,108882.40,108765.40,108851.80,393.577
2025-08-31T08:30:00+00:00,108851.80,108945.70,108752.70,108945.60,572.330
2025-08-31T08:45:00+00:00,108945.70,108980.00,108874.90,108965.10,399.123
2025-08-31T09:00:00+00:00,108965.10,109065.00,108917.10,109002.50,493.531
2025-08-31T09:15:00+00:00,109002.50,109067.20,108841.70,108841.70,565.995
2025-08-31T09:30:00+00:00,108841.70,108867.60,108657.40,108660.40,877.043
2025-08-31T09:45:00+00:00,108660.30,108708.00,108404.70,108471.00,1721.946
2025-08-31T10:00:00+00:00,108471.10,108514.00,108313.30,108405.00,1676.321
2025-08-31T10:15:00+00:00,108404.90,108460.00,108310.00,108422.40,1093.058
2025-08-31T10:30:00+00:00,108422.30,108467.90,108338.00,108350.00,537.457
2025-08-31T10:45:00+00:00,108350.00,108595.00,108251.30,108526.60,1642.622
2025-08-31T11:00:00+00:00,108526.60,108560.10,108470.20,108472.50,373.623
2025-08-31T11:15:00+00:00,108472.40,108513.80,108274.40,108486.30,907.778
2025-08-31T11:30:00+00:00,108486.30,108522.20,108326.50,108342.30,470.439
2025-08-31T11:45:00+00:00,108342.40,108442.10,108332.10,108350.00,761.091
2025-08-31T12:00:00+00:00,108350.00,108409.10,108284.20,108296.10,944.005
2025-08-31T12:15:00+00:00,108296.10,108394.20,108274.30,108362.70,584.900
2025-08-31T12:30:00+00:00,108362.60,108450.00,108336.50,108347.00,456.672
2025-08-31T12:45:00+00:00,108347.10,108400.00,108264.80,108279.40,615.949
2025-08-31T13:00:00+00:00,108279.50,108383.90,108155.00,108171.90,1140.483
2025-08-31T13:15:00+00:00,108171.80,108419.00,108153.80,108252.60,754.473
2025-08-31T13:30:00+00:00,108252.50,108345.70,108173.30,108342.00,476.874
2025-08-31T13:45:00+00:00,108342.00,108400.00,108271.60,108376.00,471.930
2025-08-31T14:00:00+00:00,108375.90,108440.00,108210.70,108283.10,649.401
2025-08-31T14:15:00+00:00,108283.00,108379.00,108233.50,108331.70,356.805
2025-08-31T14:30:00+00:00,108331.60,108475.30,108323.40,108402.10,608.646
2025-08-31T14:45:00+00:00,108402.10,108460.10,108388.90,108422.60,438.953
2025-08-31T15:00:00+00:00,108422.60,108660.30,108412.70,108417.20,1056.624
2025-08-31T15:15:00+00:00,108417.30,108532.00,108415.60,108514.50,505.966
2025-08-31T15:30:00+00:00,108514.60,108665.00,108429.90,108664.70,710.825
2025-08-31T15:45:00+00:00,108664.80,108808.50,108650.00,108758.20,1108.409
2025-08-31T16:00:00+00:00,108758.20,108822.80,108644.50,108744.40,1353.662
2025-08-31T16:15:00+00:00,108744.40,108765.70,108504.70,108633.40,1639.817
2025-08-31T16:30:00+00:00,108633.40,108838.10,108562.70,108820.60,755.067
2025-08-31T16:45:00+00:00,108820.70,108930.00,108783.60,108867.00,1222.410
2025-08-31T17:00:00+00:00,108867.00,108898.20,108830.00,108883.40,400.129
2025-08-31T17:15:00+00:00,108883.40,108921.70,108796.30,108904.30,387.587
2025-08-31T17:30:00+00:00,108904.40,108940.00,108806.10,108931.90,453.180
2025-08-31T17:45:00+00:00,108931.80,108948.10,108869.50,108945.00,398.056
2025-08-31T18:00:00+00:00,108945.00,108965.00,108873.00,108908.10,517.615
2025-08-31T18:15:00+00:00,108908.00,109089.70,108908.00,108954.10,683.717
2025-08-31T18:30:00+00:00,108954.10,109143.80,108939.80,109093.90,737.824
2025-08-31T18:45:00+00:00,109093.90,109196.50,109052.50,109089.00,576.986
2025-08-31T19:00:00+00:00,109089.00,109112.30,108908.90,108948.20,392.822
2025-08-31T19:15:00+00:00,108948.30,109021.90,108883.50,108922.50,294.134
2025-08-31T19:30:00+00:00,108922.60,109074.30,108922.50,109063.40,233.661
2025-08-31T19:45:00+00:00,109063.50,109063.50,108857.10,108877.20,434.434
2025-08-31T20:00:00+00:00,108877.30,109060.50,108821.80,108994.20,653.582
2025-08-31T20:15:00+00:00,108994.20,109027.20,108902.90,109013.70,370.214
2025-08-31T20:30:00+00:00,109013.70,109076.60,108915.90,108985.00,260.578
2025-08-31T20:45:00+00:00,108985.00,109079.30,108964.60,109079.30,178.722
2025-08-31T21:00:00+00:00,109079.20,109079.20,108896.30,108967.60,409.110
2025-08-31T21:15:00+00:00,108967.60,109022.90,108952.50,108973.50,416.902
2025-08-31T21:30:00+00:00,108973.50,109052.60,108953.30,109052.50,221.481
2025-08-31T21:45:00+00:00,109052.50,109061.70,108957.60,108986.40,183.275
2025-08-31T22:00:00+00:00,108986.50,109027.80,108820.00,109027.80,670.942
2025-08-31T22:15:00+00:00,109027.80,109192.30,109027.70,109126.00,505.257
2025-08-31T22:30:00+00:00,109126.10,109126.30,108789.00,108796.80,657.897
2025-08-31T22:45:00+00:00,108796.70,108887.50,108700.00,108842.40,600.194
2025-08-31T23:00:00+00:00,108842.30,108866.70,108557.60,108635.10,985.709
2025-08-31T23:15:00+00:00,108635.10,108635.10,108300.00,108336.80,1998.590
2025-08-31T23:30:00+00:00,108336.70,108388.40,108021.00,108218.90,3245.866
2025-08-31T23:45:00+00:00,108218.90,108314.10,108116.60,108208.40,1365.040
2025-09-01T00:00:00+00:00,108208.40,108295.80,107926.20,107927.30,2581.474
2025-09-01T00:15:00+00:00,107927.30,108043.60,107588.00,107780.10,3306.930
2025-09-01T00:30:00+00:00,107780.10,108182.60,107624.60,108129.60,2514.009
2025-09-01T00:45:00+00:00,108129.60,108372.50,108028.60,108180.10,1590.374
2025-09-01T01:00:00+00:00,108180.00,108323.80,107917.30,108096.80,1329.011
2025-09-01T01:15:00+00:00,108096.70,108252.90,107961.40,108200.00,739.053
2025-09-01T01:30:00+00:00,108200.10,108266.00,108010.00,108261.50,817.495
2025-09-01T01:45:00+00:00,108261.40,108447.60,107931.50,108110.00,1288.489
2025-09-01T02:00:00+00:00,108110.00,108160.00,107868.70,107938.40,884.872
2025-09-01T02:15:00+00:00,107938.50,107949.00,107512.90,107652.80,2177.949
2025-09-01T02:30:00+00:00,107652.90,107672.90,107469.00,107526.10,1577.073
2025-09-01T02:45:00+00:00,107526.00,107693.60,107380.00,107590.40,2008.667
2025-09-01T03:00:00+00:00,107590.50,107741.70,107436.70,107489.30,1147.448
2025-09-01T03:15:00+00:00,107489.20,107597.70,107411.00,107464.70,1032.498
2025-09-01T03:30:00+00:00,107464.70,107524.40,107355.00,107524.40,1012.253
2025-09-01T03:45:00+00:00,107524.40,107695.50,107400.00,107619.10,1061.195
2025-09-01T04:00:00+00:00,107619.10,107721.30,107480.00,107694.10,986.318
2025-09-01T04:15:00+00:00,107694.10,107708.40,107300.00,107438.00,1725.282
2025-09-01T04:30:00+00:00,107438.00,107438.00,107237.80,107270.50,1141.192
2025-09-01T04:45:00+00:00,107270.60,107422.00,107230.70,107369.20,759.294
2025-09-01T05:00:00+00:00,107369.20,107686.50,107212.20,107315.80,1670.512
2025-09-01T05:15:00+00:00,107315.80,107692.30,107211.50,107679.20,1462.374
2025-09-01T05:30:00+00:00,107679.20,107945.00,107608.40,107897.10,1375.050
2025-09-01T05:45:00+00:00,107897.00,107914.90,107781.10,107811.20,555.116
2025-09-01T06:00:00+00:00,107811.20,107908.20,107551.00,107890.00,1077.829
2025-09-01T06:15:00+00:00,107889.90,107998.70,107745.70,107894.70,847.652
2025-09-01T06:30:00+00:00,107894.80,108079.10,107879.70,108050.80,725.144
2025-09-01T06:45:00+00:00,108050.90,108079.90,107964.50,108019.90,677.347
2025-09-01T07:00:00+00:00,108019.90,108136.00,107950.00,107953.40,938.105
2025-09-01T07:15:00+00:00,107953.50,108400.00,107931.10,108389.70,1903.377
2025-09-01T07:30:00+00:00,108389.70,108924.50,108383.40,108769.20,4956.278
2025-09-01T07:45:00+00:00,108769.20,109390.30,108769.10,109390.30,5303.928
2025-09-01T08:00:00+00:00,109390.20,109779.00,109374.40,109473.60,6332.974
2025-09-01T08:15:00+00:00,109473.60,109697.80,109370.00,109393.30,2009.770
2025-09-01T08:30:00+00:00,109393.30,109574.80,109390.00,109549.90,1168.609
2025-09-01T08:45:00+00:00,109549.90,109650.00,109478.70,109552.20,708.874
2025-09-01T09:00:00+00:00,109552.10,109763.70,109450.00,109763.70,1372.031
2025-09-01T09:15:00+00:00,109763.60,109771.20,109607.00,109661.70,1124.407
2025-09-01T09:30:00+00:00,109661.70,109874.80,109538.60,109775.10,2178.581
2025-09-01T09:45:00+00:00,109775.00,109800.00,109450.00,109485.30,1416.853
2025-09-01T10:00:00+00:00,109485.30,109504.30,109146.80,109173.00,2542.921
2025-09-01T10:15:00+00:00,109173.00,109224.90,108791.20,108826.00,2386.768
2025-09-01T10:30:00+00:00,108826.10,108835.60,108131.60,108302.50,5616.591
2025-09-01T10:45:00+00:00,108302.40,108529.30,108172.80,108526.50,1741.875
2025-09-01T11:00:00+00:00,108526.40,108674.90,108404.90,108546.50,1398.950
2025-09-01T11:15:00+00:00,108546.50,108684.50,108483.50,108629.30,1122.653
2025-09-01T11:30:00+00:00,108629.20,108650.00,108429.40,108456.90,887.552
2025-09-01T11:45:00+00:00,108456.80,108817.80,108456.80,108721.90,1029.600
2025-09-01T12:00:00+00:00,108721.80,108875.00,108582.70,108850.00,1217.169
2025-09-01T12:15:00+00:00,108850.00,108945.80,108721.10,108881.10,856.735
2025-09-01T12:30:00+00:00,108881.10,109123.00,108838.10,108905.40,1389.604
2025-09-01T12:45:00+00:00,108905.40,109067.20,108868.10,109055.00,839.148
2025-09-01T13:00:00+00:00,109055.10,109253.50,108995.40,109136.90,1527.799
2025-09-01T13:15:00+00:00,109136.90,109479.20,109033.30,109401.00,2430.273
2025-09-01T13:30:00+00:00,109401.10,109420.80,109052.80,109119.70,2004.322
2025-09-01T13:45:00+00:00,109119.60,109183.40,108888.00,108974.80,2012.507
2025-09-01T14:00:00+00:00,108974.80,109235.60,108964.00,109178.80,1091.090
2025-09-01T14:15:00+00:00,109178.70,109295.30,108923.00,109021.00,1214.685
2025-09-01T14:30:00+00:00,109021.10,109081.90,108769.20,109034.80,1331.933
2025-09-01T14:45:00+00:00,109034.90,109182.10,108815.80,109105.10,722.858
2025-09-01T15:00:00+00:00,109105.10,109331.30,108925.80,109053.90,980.565
2025-09-01T15:15:00+00:00,109054.00,109074.20,108600.00,108660.70,2073.785
2025-09-01T15:30:00+00:00,108660.60,108826.20,108550.00,108641.50,1040.323
2025-09-01T15:45:00+00:00,108641.40,108750.00,108515.80,108738.00,1055.319
2025-09-01T16:00:00+00:00,108737.90,108959.90,108600.00,108959.90,1252.338
2025-09-01T16:15:00+00:00,108959.80,109050.00,108856.40,108890.00,714.386
2025-09-01T16:30:00+00:00,108890.10,108987.80,108720.80,108835.40,561.704
2025-09-01T16:45:00+00:00,108835.50,108949.50,108643.70,108732.60,580.430
2025-09-01T17:00:00+00:00,108732.50,108824.20,108350.00,108515.50,1769.106
2025-09-01T17:15:00+00:00,108515.40,108656.90,108443.70,108583.40,1446.781
2025-09-01T17:30:00+00:00,108583.40,108821.80,108474.90,108808.00,1364.781
2025-09-01T17:45:00+00:00,108808.00,108920.30,108686.30,108882.00,724.985
2025-09-01T18:00:00+00:00,108882.00,109039.30,108872.90,109039.30,672.704
2025-09-01T18:15:00+00:00,109039.30,109181.20,108962.10,109132.70,901.743
2025-09-01T18:30:00+00:00,109132.70,109173.30,108952.20,109097.20,676.115
2025-09-01T18:45:00+00:00,109097.30,109230.00,109097.20,109188.40,609.973
2025-09-01T19:00:00+00:00,109188.40,109262.80,109133.30,109168.00,390.765
2025-09-01T19:15:00+00:00,109168.10,109298.60,109125.30,109137.80,507.622
2025-09-01T19:30:00+00:00,109137.80,109281.70,109125.40,109222.20,293.116
2025-09-01T19:45:00+00:00,109222.10,109224.90,109125.00,109178.70,406.185
2025-09-01T20:00:00+00:00,109178.70,109181.60,109010.20,109054.50,606.956
2025-09-01T20:15:00+00:00,109054.60,109070.90,108964.00,109036.70,373.389
2025-09-01T20:30:00+00:00,109036.70,109046.10,108415.00,108415.00,2412.303
2025-09-01T20:45:00+00:00,108415.00,108839.80,108215.70,108839.70,4249.573
2025-09-01T21:00:00+00:00,108839.60,108899.70,108374.00,108374.00,1780.290
2025-09-01T21:15:00+00:00,108374.00,108523.90,108050.00,108088.90,2356.203
2025-09-01T21:30:00+00:00,108089.00,108089.00,107400.00,107535.00,4758.438
2025-09-01T21:45:00+00:00,107535.00,107775.30,107449.80,107744.50,1973.346
2025-09-01T22:00:00+00:00,107744.50,107933.00,107533.40,107867.00,1850.513
2025-09-01T22:15:00+00:00,107866.90,108172.70,107848.30,107995.70,1760.663
2025-09-01T22:30:00+00:00,107995.80,108158.70,107891.10,108004.40,1346.814
2025-09-01T22:45:00+00:00,108004.30,108454.90,107981.50,108386.20,1199.075
2025-09-01T23:00:00+00:00,108386.30,108725.10,108369.80,108704.80,1604.107
2025-09-01T23:15:00+00:00,108704.70,108751.60,108550.80,108751.60,753.181
2025-09-01T23:30:00+00:00,108751.50,109088.00,108632.40,109061.70,1791.830
2025-09-01T23:45:00+00:00,109061.80,109410.50,109047.80,109187.90,2590.499
2025-09-02T00:00:00+00:00,109187.90,109228.00,109002.30,109045.00,1224.008
2025-09-02T00:15:00+00:00,109045.20,109298.90,108975.60,108975.60,1219.856
2025-09-02T00:30:00+00:00,108975.60,109063.90,108834.90,108834.90,1607.415
2025-09-02T00:45:00+00:00,108834.90,109076.90,108834.90,108985.30,637.205
2025-09-02T01:00:00+00:00,108985.40,109202.60,108970.30,109151.00,1269.588
2025-09-02T01:15:00+00:00,109151.00,109219.40,109003.40,109157.70,695.613
2025-09-02T01:30:00+00:00,109157.60,109499.00,108924.80,109439.30,2351.398
2025-09-02T01:45:00+00:00,109439.30,109573.70,109250.10,109262.30,1854.689
2025-09-02T02:00:00+00:00,109262.30,109488.00,109230.70,109304.40,857.779
2025-09-02T02:15:00+00:00,109304.40,109562.80,109121.10,109489.90,1099.531
2025-09-02T02:30:00+00:00,109489.90,109631.00,109404.80,109581.10,923.279
2025-09-02T02:45:00+00:00,109581.10,110247.60,109557.30,110210.10,4310.957
2025-09-02T03:00:00+00:00,110210.00,110393.50,110011.70,110329.10,3821.486
2025-09-02T03:15:00+00:00,110329.10,110597.90,110070.00,110110.00,3588.671
2025-09-02T03:30:00+00:00,110109.90,110385.00,110070.30,110283.10,2037.529
2025-09-02T03:45:00+00:00,110283.00,110461.50,110252.90,110286.00,803.509
2025-09-02T04:00:00+00:00,110286.00,110322.20,110169.80,110322.20,978.271
2025-09-02T04:15:00+00:00,110322.30,110378.50,110200.00,110268.40,697.411
2025-09-02T04:30:00+00:00,110268.50,110329.20,110127.00,110192.00,682.499
2025-09-02T04:45:00+00:00,110192.00,110279.90,110110.00,110272.10,833.913
2025-09-02T05:00:00+00:00,110272.10,110300.00,110002.70,110148.10,939.842
2025-09-02T05:15:00+00:00,110148.20,110227.80,110051.20,110108.80,525.505
2025-09-02T05:30:00+00:00,110108.90,110163.60,110061.90,110074.20,487.832
2025-09-02T05:45:00+00:00,110074.20,110273.00,110074.20,110164.60,542.560
2025-09-02T06:00:00+00:00,110164.60,110343.00,110123.90,110311.80,714.172
2025-09-02T06:15:00+00:00,110311.80,110443.10,110286.60,110387.90,862.764
2025-09-02T06:30:00+00:00,110388.00,110571.90,110361.30,110377.10,990.344
2025-09-02T06:45:00+00:00,110377.10,110429.30,110289.70,110326.70,863.636
2025-09-02T07:00:00+00:00,110326.70,110334.60,110120.60,110128.10,1137.408
2025-09-02T07:15:00+00:00,110128.10,110250.00,110101.50,110191.40,786.878
2025-09-02T07:30:00+00:00,110191.30,110258.40,110081.00,110225.70,918.145
2025-09-02T07:45:00+00:00,110225.90,110359.10,109932.40,110190.10,1966.180
2025-09-02T08:00:00+00:00,110190.10,110311.30,109997.20,109999.90,1412.714
2025-09-02T08:15:00+00:00,110000.00,110292.10,109993.40,110256.50,854.490
2025-09-02T08:30:00+00:00,110256.60,110524.40,110059.00,110459.90,1582.818
2025-09-02T08:45:00+00:00,110459.90,110700.00,110297.20,110313.90,2574.816
2025-09-02T09:00:00+00:00,110314.00,110656.90,110220.20,110554.60,1332.543
2025-09-02T09:15:00+00:00,110554.60,110627.40,110271.30,110271.30,1395.048
2025-09-02T09:30:00+00:00,110271.40,110396.70,110201.00,110337.70,931.463
2025-09-02T09:45:00+00:00,110337.70,110408.10,110246.30,110408.00,475.984
2025-09-02T10:00:00+00:00,110408.00,110435.70,110278.80,110396.60,800.212
2025-09-02T10:15:00+00:00,110396.70,110422.80,110193.80,110196.00,448.044
2025-09-02T10:30:00+00:00,110196.00,110300.00,110131.10,110198.90,612.900
2025-09-02T10:45:00+00:00,110198.90,110224.00,110082.60,110202.70,676.538
2025-09-02T11:00:00+00:00,110202.70,110211.00,110013.20,110027.70,719.181
2025-09-02T11:15:00+00:00,110027.70,110132.00,109845.00,109852.90,1514.152
2025-09-02T11:30:00+00:00,109853.00,109950.00,109839.70,109865.90,944.600
2025-09-02T11:45:00+00:00,109866.00,109901.00,109501.70,109698.60,2554.788
2025-09-02T12:00:00+00:00,109698.60,109804.50,109333.00,109364.50,3840.735
2025-09-02T12:15:00+00:00,109364.60,109496.20,109250.00,109389.50,1939.789
2025-09-02T12:30:00+00:00,109389.50,109437.80,108612.10,108708.10,4934.994
2025-09-02T12:45:00+00:00,108708.10,108800.20,108333.00,108749.60,8073.189
2025-09-02T13:00:00+00:00,108749.50,109236.90,108687.90,109136.20,3795.760
2025-09-02T13:15:00+00:00,109136.20,109541.20,109132.50,109325.20,3997.818
2025-09-02T13:30:00+00:00,109325.20,110507.50,108990.70,110432.60,12432.641
2025-09-02T13:45:00+00:00,110432.60,111243.90,110360.80,111113.40,10338.015
2025-09-02T14:00:00+00:00,111113.40,111494.90,110737.70,110976.90,6646.255
2025-09-02T14:15:00+00:00,110976.80,111496.00,110765.10,111422.80,4110.537
2025-09-02T14:30:00+00:00,111422.90,111742.10,111300.00,111484.10,5487.774
2025-09-02T14:45:00+00:00,111484.10,111570.40,111061.10,111308.50,3054.058
2025-09-02T15:00:00+00:00,111308.60,111350.00,110887.50,111345.90,3335.458
2025-09-02T15:15:00+00:00,111345.90,111480.20,110985.10,111209.90,1907.703
2025-09-02T15:30:00+00:00,111210.00,111227.90,110837.10,110916.70,2138.950
2025-09-02T15:45:00+00:00,110916.70,111045.10,110555.80,110789.90,3542.407
2025-09-02T16:00:00+00:00,110789.90,111044.70,110758.80,110919.80,1726.964
2025-09-02T16:15:00+00:00,110919.80,111076.80,110418.00,110442.70,2661.147
2025-09-02T16:30:00+00:00,110442.70,110779.50,110442.60,110534.90,1543.867
2025-09-02T16:45:00+00:00,110535.00,110745.70,110465.00,110745.70,1185.797
2025-09-02T17:00:00+00:00,110745.70,110900.00,110579.00,110617.50,1334.183
2025-09-02T17:15:00+00:00,110617.40,110885.70,110601.80,110828.90,895.308
2025-09-02T17:30:00+00:00,110828.90,110966.60,110640.50,110808.00,1183.261
2025-09-02T17:45:00+00:00,110808.10,111000.00,110807.70,110853.80,776.440
2025-09-02T18:00:00+00:00,110853.80,110890.70,110407.20,110493.00,1650.631
2025-09-02T18:15:00+00:00,110493.10,110640.00,110347.90,110420.10,1072.157
2025-09-02T18:30:00+00:00,110420.20,110538.30,110311.20,110462.40,842.720
2025-09-02T18:45:00+00:00,110462.40,110785.80,110118.50,110584.10,2767.675
2025-09-02T19:00:00+00:00,110584.00,110792.10,110462.90,110487.10,1137.298
2025-09-02T19:15:00+00:00,110487.10,110615.30,110401.10,110459.40,783.196
2025-09-02T19:30:00+00:00,110459.40,110688.60,110390.20,110613.10,577.101
2025-09-02T19:45:00+00:00,110613.10,110760.50,110514.70,110742.90,623.207
2025-09-02T20:00:00+00:00,110742.90,111154.30,110650.80,111137.40,1850.693
2025-09-02T20:15:00+00:00,111137.40,111299.90,111086.10,111205.70,1595.874
2025-09-02T20:30:00+00:00,111205.70,111327.60,111013.80,111238.00,1241.643
2025-09-02T20:45:00+00:00,111238.00,111373.40,111152.80,111356.10,966.908
2025-09-02T21:00:00+00:00,111356.10,111473.70,111312.60,111459.90,842.753
2025-09-02T21:15:00+00:00,111459.90,111487.90,111201.10,111251.10,1000.849
2025-09-02T21:30:00+00:00,111251.10,111437.80,111251.00,111301.80,665.175
2025-09-02T21:45:00+00:00,111301.70,111301.80,111066.00,111066.10,783.003
2025-09-02T22:00:00+00:00,111066.10,111086.00,110812.40,111067.90,2426.741
2025-09-02T22:15:00+00:00,111068.00,111127.40,110939.80,110999.90,578.301
2025-09-02T22:30:00+00:00,110999.80,111201.00,110920.00,111140.50,605.174
2025-09-02T22:45:00+00:00,111140.40,111216.20,111100.70,111216.10,347.760
2025-09-02T23:00:00+00:00,111216.10,111230.70,111010.20,111184.90,519.146
2025-09-02T23:15:00+00:00,111184.90,111201.10,111000.00,111021.80,449.944
2025-09-02T23:30:00+00:00,111021.90,111111.00,110958.50,111057.70,360.909
2025-09-02T23:45:00+00:00,111057.70,111188.00,111030.00,111188.00,329.284
2025-09-03T00:00:00+00:00,111187.90,111499.00,111173.20,111476.10,1481.353
2025-09-03T00:15:00+00:00,111476.10,111732.90,111404.90,111587.30,1585.067
2025-09-03T00:30:00+00:00,111587.20,111633.50,111355.20,111355.20,1206.881
2025-09-03T00:45:00+00:00,111355.30,111402.30,111220.80,111283.20,999.807
2025-09-03T01:00:00+00:00,111283.10,111346.40,111082.70,111167.10,791.142
2025-09-03T01:15:00+00:00,111167.10,111189.00,110890.20,110928.70,1068.522
2025-09-03T01:30:00+00:00,110928.80,110997.60,110842.70,110877.50,843.053
2025-09-03T01:45:00+00:00,110877.50,111149.80,110850.40,111120.00,784.328
2025-09-03T02:00:00+00:00,111120.00,111366.30,110972.30,111050.90,1106.413
2025-09-03T02:15:00+00:00,111050.80,111350.00,111040.60,111332.20,874.689
2025-09-03T02:30:00+00:00,111332.20,111332.20,111139.90,111287.00,589.776
2025-09-03T02:45:00+00:00,111287.00,111442.20,111286.60,111327.90,578.458
2025-09-03T03:00:00+00:00,111327.90,111358.00,110980.20,111031.70,1080.314
2025-09-03T03:15:00+00:00,111031.70,111124.30,110928.50,111012.80,655.390
2025-09-03T03:30:00+00:00,111012.70,111012.70,110844.00,110901.60,596.253
2025-09-03T03:45:00+00:00,110901.60,111077.00,110891.20,110991.70,438.267
2025-09-03T04:00:00+00:00,110991.80,111117.50,110855.70,110855.70,948.247
2025-09-03T04:15:00+00:00,110855.70,111055.60,110783.60,110965.80,661.480
2025-09-03T04:30:00+00:00,110965.80,111044.90,110923.10,110977.70,298.040
2025-09-03T04:45:00+00:00,110977.70,111048.40,110915.00,110966.70,204.767
2025-09-03T05:00:00+00:00,110966.70,111022.70,110811.30,110858.30,464.842
2025-09-03T05:15:00+00:00,110858.40,110874.70,110644.00,110730.70,948.623
2025-09-03T05:30:00+00:00,110730.70,110804.60,110682.50,110729.30,368.428
2025-09-03T05:45:00+00:00,110729.30,110745.40,110613.20,110647.60,479.284
2025-09-03T06:00:00+00:00,110647.60,110706.20,110523.00,110654.40,1489.131
2025-09-03T06:15:00+00:00,110654.40,110792.70,110609.00,110770.00,709.192
2025-09-03T06:30:00+00:00,110769.90,110843.00,110680.90,110702.30,552.852
2025-09-03T06:45:00+00:00,110702.20,110770.00,110623.00,110676.60,306.319
2025-09-03T07:00:00+00:00,110676.50,110809.20,110530.00,110717.50,845.009
2025-09-03T07:15:00+00:00,110717.60,110740.00,110486.90,110740.00,1105.115
2025-09-03T07:30:00+00:00,110740.00,110948.00,110740.00,110893.30,885.867
2025-09-03T07:45:00+00:00,110893.30,111065.50,110871.80,111041.50,849.848
2025-09-03T08:00:00+00:00,111041.40,111211.00,111000.00,111166.50,1255.062
2025-09-03T08:15:00+00:00,111166.50,111221.00,110991.60,111073.20,971.930
2025-09-03T08:30:00+00:00,111073.10,111085.40,110953.30,111013.60,609.714
2025-09-03T08:45:00+00:00,111013.60,111029.60,110923.00,110974.90,322.755
2025-09-03T09:00:00+00:00,110974.80,111026.70,110843.00,110866.90,579.322
2025-09-03T09:15:00+00:00,110866.90,111238.00,110866.90,111080.10,929.484
2025-09-03T09:30:00+00:00,111080.00,111200.00,111055.00,111150.40,452.690
2025-09-03T09:45:00+00:00,111150.60,111283.60,111092.40,111261.20,487.190
2025-09-03T10:00:00+00:00,111261.20,111325.00,111112.90,111293.60,727.889
2025-09-03T10:15:00+00:00,111293.60,111432.70,111267.20,111420.00,799.837
2025-09-03T10:30:00+00:00,111419.90,111438.00,111345.10,111395.90,556.411
2025-09-03T10:45:00+00:00,111396.00,111424.90,111256.60,111402.00,584.538
2025-09-03T11:00:00+00:00,111402.00,111670.00,111367.50,111594.40,1674.364
2025-09-03T11:15:00+00:00,111594.30,111611.40,111366.00,111453.00,824.311
2025-09-03T11:30:00+00:00,111453.10,111557.60,111338.50,111532.90,694.135
2025-09-03T11:45:00+00:00,111532.80,111532.90,111384.60,111391.60,420.796
2025-09-03T12:00:00+00:00,111391.60,111575.00,111391.60,111411.50,575.074
2025-09-03T12:15:00+00:00,111410.50,111570.90,111403.30,111466.80,541.550
2025-09-03T12:30:00+00:00,111466.70,111831.40,111200.00,111206.20,2682.955
2025-09-03T12:45:00+00:00,111206.20,111290.00,110966.80,111051.00,2671.279
2025-09-03T13:00:00+00:00,111051.00,111301.70,111011.30,111290.60,1587.707
2025-09-03T13:15:00+00:00,111290.60,111425.30,111255.80,111284.20,1158.995
2025-09-03T13:30:00+00:00,111284.10,111666.00,111040.00,111607.70,3148.363
2025-09-03T13:45:00+00:00,111607.70,111869.80,111248.30,111409.40,4633.180
2025-09-03T14:00:00+00:00,111409.40,111799.80,111146.10,111153.00,3873.805
2025-09-03T14:15:00+00:00,111153.00,111530.10,111047.60,111390.80,3424.001
2025-09-03T14:30:00+00:00,111390.70,112470.50,111390.70,112442.20,8073.288
2025-09-03T14:45:00+00:00,112442.30,112464.40,112001.20,112208.30,3822.633
2025-09-03T15:00:00+00:00,112208.80,112334.70,112056.00,112056.00,2365.813
2025-09-03T15:15:00+00:00,112056.00,112136.80,111850.00,111900.90,1768.792
2025-09-03T15:30:00+00:00,111900.80,112266.00,111880.00,112262.00,1688.075
2025-09-03T15:45:00+00:00,112261.90,112303.50,112106.50,112168.60,952.396
2025-09-03T16:00:00+00:00,112168.50,112296.80,112029.50,112129.90,1055.753
2025-09-03T16:15:00+00:00,112130.00,112130.00,111833.00,111913.20,1228.638
2025-09-03T16:30:00+00:00,111913.30,112065.50,111660.00,111682.20,1666.682
2025-09-03T16:45:00+00:00,111682.20,111810.00,111626.00,111810.00,1127.022
2025-09-03T17:00:00+00:00,111809.90,112357.70,111800.00,112327.60,1662.621
2025-09-03T17:15:00+00:00,112327.60,112433.60,112240.60,112392.40,1488.130
2025-09-03T17:30:00+00:00,112392.50,112416.00,112200.60,112246.10,1103.941
2025-09-03T17:45:00+00:00,112246.00,112541.20,112193.00,112251.80,1614.553
2025-09-03T18:00:00+00:00,112251.80,112467.40,112197.60,112331.30,934.170
2025-09-03T18:15:00+00:00,112331.20,112334.00,112067.90,112090.40,795.242
2025-09-03T18:30:00+00:00,112090.50,112090.50,111790.00,111835.90,1117.458
2025-09-03T18:45:00+00:00,111835.90,111952.90,111740.90,111952.80,831.758
2025-09-03T19:00:00+00:00,111952.90,111952.90,111757.50,111757.60,551.313
2025-09-03T19:15:00+00:00,111757.60,111905.30,111724.10,111857.60,547.904
2025-09-03T19:30:00+00:00,111857.60,111951.30,111734.80,111794.20,448.506
2025-09-03T19:45:00+00:00,111794.20,112183.40,111777.90,112139.90,1265.235
2025-09-03T20:00:00+00:00,112140.00,112196.80,112033.40,112056.70,553.679
2025-09-03T20:15:00+00:00,112056.70,112092.40,111984.40,112081.40,496.028
2025-09-03T20:30:00+00:00,112081.40,112119.20,112022.90,112084.30,186.533
2025-09-03T20:45:00+00:00,112084.20,112166.80,112080.00,112166.80,433.197
2025-09-03T21:00:00+00:00,112166.80,112207.10,112082.40,112088.40,273.368
2025-09-03T21:15:00+00:00,112088.40,112135.70,112000.00,112046.80,318.744
2025-09-03T21:30:00+00:00,112046.80,112058.40,111740.50,111817.90,623.494
2025-09-03T21:45:00+00:00,111818.00,111975.60,111700.00,111936.60,428.028
2025-09-03T22:00:00+00:00,111936.60,112059.50,111930.70,112041.50,407.364
2025-09-03T22:15:00+00:00,112041.50,112093.50,111890.70,111903.00,354.853
2025-09-03T22:30:00+00:00,111903.00,111903.10,111809.90,111880.10,430.653
2025-09-03T22:45:00+00:00,111880.10,111934.80,111777.70,111899.90,303.277
2025-09-03T23:00:00+00:00,111899.90,111935.70,111782.00,111810.50,280.869
2025-09-03T23:15:00+00:00,111810.60,111887.30,111705.00,111750.00,603.307
2025-09-03T23:30:00+00:00,111750.00,111784.40,111550.90,111605.80,1057.913
2025-09-03T23:45:00+00:00,111605.70,111709.00,111598.90,111659.80,659.097
2025-09-04T00:00:00+00:00,111659.70,111726.90,111556.00,111679.60,984.514
2025-09-04T00:15:00+00:00,111679.70,112045.00,111614.70,111955.00,1021.487
2025-09-04T00:30:00+00:00,111954.90,112099.90,111900.00,112013.60,550.202
2025-09-04T00:45:00+00:00,112013.50,112136.80,111953.20,112015.40,395.227
2025-09-04T01:00:00+00:00,112015.30,112027.90,111641.00,111652.10,640.611
2025-09-04T01:15:00+00:00,111652.10,111745.60,111580.70,111745.60,599.944
2025-09-04T01:30:00+00:00,111745.50,111959.20,111718.10,111828.30,423.829
2025-09-04T01:45:00+00:00,111828.30,111900.00,111736.80,111900.00,252.687
2025-09-04T02:00:00+00:00,111899.90,111930.00,111747.70,111767.30,322.907
2025-09-04T02:15:00+00:00,111767.30,111776.40,111367.40,111367.50,1675.730
2025-09-04T02:30:00+00:00,111367.40,111666.00,111344.90,111553.30,1733.106
2025-09-04T02:45:00+00:00,111553.30,111604.50,111360.30,111409.60,652.754
2025-09-04T03:00:00+00:00,111409.60,111494.40,111282.00,111422.00,1234.476
2025-09-04T03:15:00+00:00,111422.00,111678.70,111250.00,111332.50,1630.900
2025-09-04T03:30:00+00:00,111332.50,111363.00,111200.00,111205.60,1279.767
2025-09-04T03:45:00+00:00,111205.60,111238.60,111081.10,111107.10,1498.947
2025-09-04T04:00:00+00:00,111107.10,111244.00,111060.00,111206.70,935.965
2025-09-04T04:15:00+00:00,111206.60,111283.70,111085.70,111085.70,816.789
2025-09-04T04:30:00+00:00,111085.70,111194.10,111052.80,111088.20,622.112
2025-09-04T04:45:00+00:00,111088.10,111124.80,110853.40,110870.80,1532.224
2025-09-04T05:00:00+00:00,110870.90,110880.00,110630.00,110734.00,2801.182
2025-09-04T05:15:00+00:00,110733.90,110782.20,110568.20,110765.60,2175.016
2025-09-04T05:30:00+00:00,110765.60,110842.60,110517.20,110587.30,1886.392
2025-09-04T05:45:00+00:00,110587.30,110652.30,110552.20,110613.30,798.194
2025-09-04T06:00:00+00:00,110613.30,110683.60,110521.50,110611.90,1119.280
2025-09-04T06:15:00+00:00,110611.90,110611.90,110331.40,110472.20,2246.924
2025-09-04T06:30:00+00:00,110472.20,110472.20,110320.00,110370.10,767.410
2025-09-04T06:45:00+00:00,110370.00,110461.50,110237.20,110350.00,1127.981
2025-09-04T07:00:00+00:00,110349.90,110530.70,110301.00,110514.40,1258.491
2025-09-04T07:15:00+00:00,110514.50,110598.40,110319.80,110384.40,1000.721
2025-09-04T07:30:00+00:00,110384.40,110423.70,110299.70,110316.30,760.314
2025-09-04T07:45:00+00:00,110316.40,110480.10,110316.00,110417.30,869.874
2025-09-04T08:00:00+00:00,110417.30,110670.00,110366.00,110621.30,1693.533
2025-09-04T08:15:00+00:00,110621.20,110754.40,110540.90,110750.00,1077.366
2025-09-04T08:30:00+00:00,110750.00,110800.00,110599.00,110664.00,897.281
2025-09-04T08:45:00+00:00,110664.00,110664.10,110561.60,110595.30,394.273
2025-09-04T09:00:00+00:00,110595.40,110818.60,110595.40,110787.60,849.776
2025-09-04T09:15:00+00:00,110787.70,110800.00,110724.10,110754.30,424.695
2025-09-04T09:30:00+00:00,110754.40,110808.50,110701.70,110720.00,575.642
2025-09-04T09:45:00+00:00,110720.10,110764.10,110678.70,110764.10,383.070
2025-09-04T10:00:00+00:00,110764.10,111111.00,110715.90,110964.60,1693.208
2025-09-04T10:15:00+00:00,110964.60,110996.70,110828.10,110830.30,739.417
2025-09-04T10:30:00+00:00,110830.30,110973.00,110810.60,110870.10,484.177
2025-09-04T10:45:00+00:00,110870.10,110888.30,110561.20,110569.00,1361.169
2025-09-04T11:00:00+00:00,110568.90,110929.50,110478.90,110929.50,1949.107
2025-09-04T11:15:00+00:00,110929.40,111009.50,110741.70,110872.80,1308.187
2025-09-04T11:30:00+00:00,110872.80,110956.60,110850.00,110932.20,294.968
2025-09-04T11:45:00+00:00,110932.20,110969.60,110757.60,110763.90,720.954
2025-09-04T12:00:00+00:00,110763.80,110979.10,110723.00,110979.00,650.296
2025-09-04T12:15:00+00:00,110979.10,111081.60,110788.10,110841.20,1081.963
2025-09-04T12:30:00+00:00,110841.20,110993.90,110463.80,110570.00,2045.228
2025-09-04T12:45:00+00:00,110570.00,110933.40,110565.20,110887.60,1004.360
2025-09-04T13:00:00+00:00,110888.80,110931.90,110717.00,110717.00,565.291
2025-09-04T13:15:00+00:00,110717.00,110872.00,110651.90,110729.60,867.207
2025-09-04T13:30:00+00:00,110729.60,110845.30,110376.00,110539.00,2322.322
2025-09-04T13:45:00+00:00,110539.00,110558.80,110150.00,110421.20,2825.913
2025-09-04T14:00:00+00:00,110421.20,110486.00,109676.00,109771.00,6917.204
2025-09-04T14:15:00+00:00,109771.10,109992.90,109655.40,109903.00,2714.252
2025-09-04T14:30:00+00:00,109902.90,110189.10,109851.50,110064.00,1814.463
2025-09-04T14:45:00+00:00,110064.00,110148.00,109797.00,109799.90,1154.434
2025-09-04T15:00:00+00:00,109800.00,109826.80,109352.30,109422.70,4462.324
2025-09-04T15:15:00+00:00,109422.70,109556.00,109269.10,109465.40,2279.583
2025-09-04T15:30:00+00:00,109465.50,109535.80,109335.00,109415.30,1323.949
2025-09-04T15:45:00+00:00,109415.40,109609.10,109400.00,109448.00,1283.410
2025-09-04T16:00:00+00:00,109448.00,109648.70,109395.80,109597.30,1495.915
2025-09-04T16:15:00+00:00,109597.30,109621.80,109350.70,109363.70,1053.673
2025-09-04T16:30:00+00:00,109363.70,109538.40,109315.00,109401.00,1071.936
2025-09-04T16:45:00+00:00,109401.00,109477.00,109353.60,109384.90,842.084
2025-09-04T17:00:00+00:00,109384.80,109679.40,109372.50,109626.90,1775.979
2025-09-04T17:15:00+00:00,109626.90,109876.90,109624.00,109760.30,1741.915
2025-09-04T17:30:00+00:00,109760.40,109779.80,109571.40,109571.50,614.870
2025-09-04T17:45:00+00:00,109571.40,109870.00,109557.30,109728.30,635.586
2025-09-04T18:00:00+00:00,109728.40,110150.00,109728.30,110062.60,2201.405
2025-09-04T18:15:00+00:00,110062.70,110120.40,109763.10,109854.00,1019.074
2025-09-04T18:30:00+00:00,109854.10,110116.40,109632.50,109992.30,1702.646
2025-09-04T18:45:00+00:00,109992.20,110105.90,109886.60,109918.60,593.282
2025-09-04T19:00:00+00:00,109918.70,110063.00,109885.30,110027.00,623.129
2025-09-04T19:15:00+00:00,110027.00,110046.70,109858.30,109948.40,532.421
2025-09-04T19:30:00+00:00,109948.30,109990.00,109743.40,109841.40,906.340
2025-09-04T19:45:00+00:00,109841.30,109877.10,109648.60,109753.90,994.713
2025-09-04T20:00:00+00:00,109753.90,110176.40,109702.80,110113.70,1278.809
2025-09-04T20:15:00+00:00,110113.70,110370.00,110042.60,110302.10,1129.653
2025-09-04T20:30:00+00:00,110301.60,110313.80,110205.40,110240.70,511.264
2025-09-04T20:45:00+00:00,110240.70,110350.00,110211.50,110350.00,534.793
2025-09-04T21:00:00+00:00,110350.00,110430.00,110278.90,110278.90,582.052
2025-09-04T21:15:00+00:00,110279.00,110410.70,110265.60,110370.70,308.590
2025-09-04T21:30:00+00:00,110370.70,110443.50,110340.90,110443.40,294.073
2025-09-04T21:45:00+00:00,110443.50,110500.00,110368.90,110445.80,328.818
2025-09-04T22:00:00+00:00,110445.80,110544.00,110427.10,110504.20,795.550
2025-09-04T22:15:00+00:00,110504.30,110860.00,110475.80,110777.60,1965.799
2025-09-04T22:30:00+00:00,110777.60,110922.20,110700.00,110709.00,1526.590
2025-09-04T22:45:00+00:00,110709.10,111560.00,110686.80,111454.90,3992.840
2025-09-04T23:00:00+00:00,111454.90,111743.80,111290.90,111370.90,3697.818
2025-09-04T23:15:00+00:00,111370.90,111396.00,111046.20,111053.70,1546.694
2025-09-04T23:30:00+00:00,111053.70,111071.60,110706.10,110766.90,1160.664
2025-09-04T23:45:00+00:00,110766.90,110793.80,110541.20,110679.40,1066.415
2025-09-05T00:00:00+00:00,110679.50,110764.90,110482.30,110611.00,1635.721
2025-09-05T00:15:00+00:00,110610.90,110732.60,110539.60,110658.00,763.352
2025-09-05T00:30:00+00:00,110657.90,110893.50,110600.00,110684.90,1001.262
2025-09-05T00:45:00+00:00,110684.80,110684.90,110394.20,110418.00,872.379
2025-09-05T01:00:00+00:00,110418.00,110615.30,110405.50,110540.90,691.293
2025-09-05T01:15:00+00:00,110540.90,110845.20,110461.50,110758.60,860.987
2025-09-05T01:30:00+00:00,110758.60,110985.80,110742.00,110985.70,679.630
2025-09-05T01:45:00+00:00,110985.70,111098.30,110881.00,111079.90,897.576
2025-09-05T02:00:00+00:00,111079.90,111421.80,110992.80,111247.10,2080.443
2025-09-05T02:15:00+00:00,111247.00,111423.50,111045.40,111263.00,1224.344
2025-09-05T02:30:00+00:00,111263.00,111411.00,111178.40,111308.80,934.341
2025-09-05T02:45:00+00:00,111308.90,111444.10,111288.80,111297.70,848.567
2025-09-05T03:00:00+00:00,111297.70,111297.70,111106.50,111119.90,834.594
2025-09-05T03:15:00+00:00,111119.90,111234.40,111058.90,111083.80,516.709
2025-09-05T03:30:00+00:00,111083.90,111145.50,111040.50,111137.40,535.359
2025-09-05T03:45:00+00:00,111137.40,111279.60,111124.40,111266.90,443.094
2025-09-05T04:00:00+00:00,111267.00,111311.00,111114.30,111123.30,417.137
2025-09-05T04:15:00+00:00,111123.30,111254.40,111086.20,111213.50,303.658
2025-09-05T04:30:00+00:00,111213.50,111375.00,111213.50,111357.30,493.718
2025-09-05T04:45:00+00:00,111357.30,111429.10,111306.00,111396.70,592.185
2025-09-05T05:00:00+00:00,111396.80,111519.50,111361.10,111519.40,647.783
2025-09-05T05:15:00+00:00,111519.40,111545.00,111450.00,111484.40,661.897
2025-09-05T05:30:00+00:00,111484.50,111687.90,111469.20,111584.10,1138.311
2025-09-05T05:45:00+00:00,111584.10,111628.60,111465.60,111524.20,687.789
2025-09-05T06:00:00+00:00,111524.20,111566.20,111455.00,111566.10,630.779
2025-09-05T06:15:00+00:00,111566.20,111615.70,111448.40,111504.30,855.942
2025-09-05T06:30:00+00:00,111504.30,111623.90,111504.20,111608.90,756.531
2025-09-05T06:45:00+00:00,111608.90,111876.80,111608.80,111860.00,1417.298
2025-09-05T07:00:00+00:00,111860.00,112533.20,111831.70,112299.90,7242.816
2025-09-05T07:15:00+00:00,112299.90,112854.40,112286.50,112659.50,6308.772
2025-09-05T07:30:00+00:00,112659.50,112822.80,112588.80,112727.00,2809.218
2025-09-05T07:45:00+00:00,112727.00,112949.00,112680.00,112900.10,3242.673
2025-09-05T08:00:00+00:00,112900.00,112947.60,112718.40,112738.70,2660.564
2025-09-05T08:15:00+00:00,112738.80,112840.20,112600.00,112699.40,1937.735
2025-09-05T08:30:00+00:00,112699.40,112750.00,112651.80,112688.70,830.831
2025-09-05T08:45:00+00:00,112688.80,112729.10,112559.30,112589.00,1025.705
2025-09-05T09:00:00+00:00,112589.00,112589.10,112429.80,112464.90,2118.666
2025-09-05T09:15:00+00:00,112464.80,112480.90,112149.30,112182.10,2323.632
2025-09-05T09:30:00+00:00,112182.10,112305.40,112080.00,112259.50,1993.089
2025-09-05T09:45:00+00:00,112259.40,112361.50,112176.00,112252.80,1070.160
2025-09-05T10:00:00+00:00,112252.80,112547.00,112159.40,112178.30,2347.028
2025-09-05T10:15:00+00:00,112178.30,112240.00,112143.70,112221.30,664.477
2025-09-05T10:30:00+00:00,112221.30,112373.50,112213.30,112336.70,1223.644
2025-09-05T10:45:00+00:00,112336.80,112345.70,112199.10,112199.10,401.204
2025-09-05T11:00:00+00:00,112199.20,112397.70,112123.90,112124.50,1301.677
2025-09-05T11:15:00+00:00,112124.60,112307.50,112085.90,112307.40,915.979
2025-09-05T11:30:00+00:00,112307.40,112333.50,112236.00,112289.40,816.295
2025-09-05T11:45:00+00:00,112289.30,112319.40,112235.70,112299.60,579.586
2025-09-05T12:00:00+00:00,112299.60,112446.60,112192.90,112313.30,1772.579
2025-09-05T12:15:00+00:00,112313.30,112634.10,112313.30,112550.70,2234.016
2025-09-05T12:30:00+00:00,112550.80,113300.00,112000.00,112614.10,19082.053
2025-09-05T12:45:00+00:00,112614.10,113344.30,112487.70,113159.10,5367.464
2025-09-05T13:00:00+00:00,113159.00,113230.00,112825.00,113000.10,3075.585
2025-09-05T13:15:00+00:00,113000.10,113056.80,112846.70,112899.70,1709.245
2025-09-05T13:30:00+00:00,112899.80,113177.50,112642.40,112960.70,4343.237
2025-09-05T13:45:00+00:00,112960.70,113271.60,112742.40,113028.40,3722.312
2025-09-05T14:00:00+00:00,113028.40,113028.40,112131.20,112194.40,5432.329
2025-09-05T14:15:00+00:00,112194.40,112231.60,110866.20,110958.90,16384.408
2025-09-05T14:30:00+00:00,110958.90,111107.00,110534.30,110861.30,9765.094
2025-09-05T14:45:00+00:00,110861.40,110861.40,110440.00,110527.40,4663.485
2025-09-05T15:00:00+00:00,110527.30,110687.20,110240.00,110575.20,5181.224
2025-09-05T15:15:00+00:00,110575.30,110949.50,110575.30,110833.70,2949.835
2025-09-05T15:30:00+00:00,110833.70,110974.80,110613.50,110955.70,1690.080
2025-09-05T15:45:00+00:00,110955.60,110955.60,110633.90,110674.10,1323.657
2025-09-05T16:00:00+00:00,110674.10,110772.10,110485.30,110744.80,1715.111
2025-09-05T16:15:00+00:00,110744.70,110759.70,110511.90,110686.40,854.803
2025-09-05T16:30:00+00:00,110686.40,110830.00,110656.70,110828.00,676.017
2025-09-05T16:45:00+00:00,110827.90,110886.40,110640.20,110767.30,690.985
2025-09-05T17:00:00+00:00,110767.30,110770.00,110480.00,110656.60,1145.771
2025-09-05T17:15:00+00:00,110656.60,110761.70,110617.10,110635.30,594.321
2025-09-05T17:30:00+00:00,110635.20,110638.50,110153.30,110313.30,2555.405
2025-09-05T17:45:00+00:00,110313.30,110573.30,110276.50,110567.20,1133.239
2025-09-05T18:00:00+00:00,110567.10,110786.40,110521.70,110696.50,1283.809
2025-09-05T18:15:00+00:00,110696.60,111032.30,110696.50,111012.00,1265.002
2025-09-05T18:30:00+00:00,111012.00,111232.60,110979.00,111179.90,1502.210
2025-09-05T18:45:00+00:00,111179.90,111247.00,111035.10,111146.00,1033.259
2025-09-05T19:00:00+00:00,111146.10,111247.00,111072.00,111148.70,905.416
2025-09-05T19:15:00+00:00,111148.70,111341.90,111118.30,111304.80,1237.079
2025-09-05T19:30:00+00:00,111304.80,111359.20,111090.00,111291.10,942.870
2025-09-05T19:45:00+00:00,111291.20,111598.20,111272.80,111550.10,1518.110
2025-09-05T20:00:00+00:00,111550.00,111594.10,111230.70,111367.80,1968.070
2025-09-05T20:15:00+00:00,111367.80,111402.30,111286.00,111316.00,540.053
2025-09-05T20:30:00+00:00,111315.90,111524.00,111235.30,111479.60,568.723
2025-09-05T20:45:00+00:00,111479.60,111581.90,111356.40,111581.80,794.869
2025-09-05T21:00:00+00:00,111581.80,111655.50,111130.10,111260.20,2271.301
2025-09-05T21:15:00+00:00,111260.30,111282.10,110307.60,110912.80,7876.911
2025-09-05T21:30:00+00:00,110912.90,110998.50,110588.10,110792.50,1480.976
2025-09-05T21:45:00+00:00,110792.60,110800.00,110544.00,110544.10,627.769
2025-09-05T22:00:00+00:00,110544.00,110654.30,110438.10,110556.20,1087.188
2025-09-05T22:15:00+00:00,110556.30,110649.00,110556.20,110626.00,291.553
2025-09-05T22:30:00+00:00,110625.90,110873.60,110625.90,110840.10,787.466
2025-09-05T22:45:00+00:00,110840.00,110856.10,110743.30,110745.20,378.337
2025-09-05T23:00:00+00:00,110745.20,110819.50,110706.30,110728.80,455.346
2025-09-05T23:15:00+00:00,110728.70,110777.60,110660.50,110691.70,287.614
2025-09-05T23:30:00+00:00,110691.60,110700.30,110636.60,110694.70,222.621
2025-09-05T23:45:00+00:00,110694.60,110696.80,110534.20,110614.90,750.167
2025-09-06T00:00:00+00:00,110614.80,110649.70,110518.60,110647.70,649.912
2025-09-06T00:15:00+00:00,110647.80,110669.90,110504.90,110634.80,449.594
2025-09-06T00:30:00+00:00,110634.80,110786.30,110620.80,110744.00,748.796
2025-09-06T00:45:00+00:00,110744.00,110785.00,110714.20,110729.40,221.863
2025-09-06T01:00:00+00:00,110729.40,110810.50,110682.20,110787.60,369.489
2025-09-06T01:15:00+00:00,110787.70,110805.60,110709.50,110753.40,431.011
2025-09-06T01:30:00+00:00,110753.40,110836.80,110735.50,110825.70,207.157
2025-09-06T01:45:00+00:00,110825.70,110874.90,110812.20,110817.60,261.905
2025-09-06T02:00:00+00:00,110817.50,110870.90,110745.00,110751.80,234.226
2025-09-06T02:15:00+00:00,110751.70,110775.00,110675.60,110699.20,230.487
2025-09-06T02:30:00+00:00,110699.20,110864.40,110698.20,110845.70,255.965
2025-09-06T02:45:00+00:00,110845.80,111174.70,110845.70,111170.10,1437.481
2025-09-06T03:00:00+00:00,111170.00,111170.00,111056.50,111058.90,447.056
2025-09-06T03:15:00+00:00,111058.90,111256.20,111056.60,111198.40,716.062
2025-09-06T03:30:00+00:00,111198.40,111198.50,110958.90,111021.90,552.101
2025-09-06T03:45:00+00:00,111021.90,111034.00,110980.00,111034.00,188.115
2025-09-06T04:00:00+00:00,111034.00,111034.00,110797.30,110850.00,565.846
2025-09-06T04:15:00+00:00,110850.10,110850.10,110735.80,110777.00,591.207
2025-09-06T04:30:00+00:00,110777.00,110828.00,110735.00,110807.90,345.821
2025-09-06T04:45:00+00:00,110807.80,110929.80,110807.80,110834.80,255.512
2025-09-06T05:00:00+00:00,110834.70,110834.80,110722.60,110807.70,451.897
2025-09-06T05:15:00+00:00,110807.80,110807.80,110653.10,110703.00,539.393
2025-09-06T05:30:00+00:00,110703.00,110780.00,110655.90,110712.90,282.202
2025-09-06T05:45:00+00:00,110712.90,110713.00,110653.10,110678.70,383.539
2025-09-06T06:00:00+00:00,110678.70,110693.60,110661.50,110677.90,196.713
2025-09-06T06:15:00+00:00,110677.80,110743.30,110660.00,110736.50,243.652
2025-09-06T06:30:00+00:00,110736.50,110773.90,110703.50,110705.00,201.919
2025-09-06T06:45:00+00:00,110705.00,110754.50,110701.20,110705.10,191.320
2025-09-06T07:00:00+00:00,110705.10,110757.00,110700.00,110743.40,238.537
2025-09-06T07:15:00+00:00,110743.40,110774.70,110743.30,110770.10,213.777
2025-09-06T07:30:00+00:00,110770.10,110783.50,110753.40,110783.50,207.310
2025-09-06T07:45:00+00:00,110783.50,110794.60,110750.00,110779.90,243.142
2025-09-06T08:00:00+00:00,110779.90,110792.00,110730.60,110764.40,217.813
2025-09-06T08:15:00+00:00,110764.50,110767.70,110733.70,110733.70,175.882
2025-09-06T08:30:00+00:00,110733.80,110861.00,110733.70,110860.90,387.244
2025-09-06T08:45:00+00:00,110861.00,110928.50,110857.50,110906.50,318.839
2025-09-06T09:00:00+00:00,110906.50,110906.50,110670.00,110678.60,631.558
2025-09-06T09:15:00+00:00,110678.50,110711.30,110653.10,110659.70,359.944
2025-09-06T09:30:00+00:00,110659.80,110773.10,110659.70,110773.10,316.747
2025-09-06T09:45:00+00:00,110773.00,110789.80,110653.10,110653.10,323.751
2025-09-06T10:00:00+00:00,110653.20,110757.00,110630.00,110721.10,396.149
2025-09-06T10:15:00+00:00,110721.10,110728.00,110661.70,110703.60,192.818
2025-09-06T10:30:00+00:00,110703.60,110718.10,110666.00,110709.90,228.815
2025-09-06T10:45:00+00:00,110709.90,110734.20,110670.90,110734.20,177.895
2025-09-06T11:00:00+00:00,110734.20,110734.20,110669.50,110694.20,222.108
2025-09-06T11:15:00+00:00,110694.10,110694.10,110621.00,110636.80,330.894
2025-09-06T11:30:00+00:00,110636.90,110692.70,110622.90,110677.20,226.717
2025-09-06T11:45:00+00:00,110677.20,110830.90,110674.30,110732.90,541.355
2025-09-06T12:00:00+00:00,110732.80,110828.00,110710.20,110816.90,354.234
2025-09-06T12:15:00+00:00,110817.00,110829.60,110736.40,110744.70,246.269
2025-09-06T12:30:00+00:00,110744.80,110789.60,110704.00,110789.50,320.467
2025-09-06T12:45:00+00:00,110789.60,110852.90,110786.30,110786.60,227.249
2025-09-06T13:00:00+00:00,110786.60,110853.20,110775.10,110847.00,277.247
2025-09-06T13:15:00+00:00,110847.00,110874.10,110822.10,110846.30,216.149
2025-09-06T13:30:00+00:00,110846.30,110849.70,110796.10,110837.50,306.352
2025-09-06T13:45:00+00:00,110837.50,110910.00,110772.60,110882.10,554.004
2025-09-06T14:00:00+00:00,110882.10,110956.50,110829.80,110845.50,616.185
2025-09-06T14:15:00+00:00,110845.50,110874.80,110823.40,110842.80,237.507
2025-09-06T14:30:00+00:00,110842.80,110848.60,110771.10,110824.90,290.594
2025-09-06T14:45:00+00:00,110824.80,110824.90,110719.70,110760.80,288.210
2025-09-06T15:00:00+00:00,110760.80,110793.40,110640.00,110640.10,643.448
2025-09-06T15:15:00+00:00,110640.10,110726.40,110630.20,110701.30,495.129
2025-09-06T15:30:00+00:00,110701.30,110737.40,110533.50,110560.00,936.716
2025-09-06T15:45:00+00:00,110559.90,110559.90,110285.20,110324.10,3299.676
2025-09-06T16:00:00+00:00,110324.20,110359.10,110041.20,110263.30,3650.984
2025-09-06T16:15:00+00:00,110263.30,110265.50,109850.00,110153.10,2901.834
2025-09-06T16:30:00+00:00,110153.10,110239.10,110090.00,110165.70,1207.646
2025-09-06T16:45:00+00:00,110165.70,110250.00,109980.00,110206.20,1183.970
2025-09-06T17:00:00+00:00,110206.20,110222.30,110111.10,110160.50,467.662
2025-09-06T17:15:00+00:00,110160.50,110194.20,110076.80,110076.80,364.539
2025-09-06T17:30:00+00:00,110076.90,110162.10,109933.20,109943.90,702.381
2025-09-06T17:45:00+00:00,109943.80,110112.20,109936.10,110096.10,574.744
2025-09-06T18:00:00+00:00,110096.20,110182.90,110056.00,110180.30,596.933
2025-09-06T18:15:00+00:00,110180.30,110210.10,110133.20,110148.60,509.066
2025-09-06T18:30:00+00:00,110148.50,110148.60,110040.60,110042.90,283.649
2025-09-06T18:45:00+00:00,110042.90,110238.40,110005.80,110176.30,497.668
2025-09-06T19:00:00+00:00,110176.30,110206.90,110111.00,110128.60,317.791
2025-09-06T19:15:00+00:00,110128.70,110176.60,110077.70,110103.20,199.027
2025-09-06T19:30:00+00:00,110103.20,110137.20,109988.40,109996.30,657.398
2025-09-06T19:45:00+00:00,109996.40,110041.40,109950.00,109986.70,497.816
2025-09-06T20:00:00+00:00,109986.80,110022.10,109981.20,110018.40,226.649
2025-09-06T20:15:00+00:00,110018.30,110041.90,109991.20,110027.30,229.855
2025-09-06T20:30:00+00:00,110027.30,110083.40,110007.70,110075.20,196.631
2025-09-06T20:45:00+00:00,110075.20,110121.00,110051.50,110121.00,297.648
2025-09-06T21:00:00+00:00,110121.00,110147.60,110095.70,110145.50,199.067
2025-09-06T21:15:00+00:00,110145.50,110163.00,110114.60,110119.30,284.032
2025-09-06T21:30:00+00:00,110119.40,110129.10,110039.50,110121.30,337.282
2025-09-06T21:45:00+00:00,110121.20,110167.60,110121.20,110158.10,242.771
2025-09-06T22:00:00+00:00,110158.10,110192.60,110121.20,110155.10,336.798
2025-09-06T22:15:00+00:00,110155.10,110168.90,110120.00,110120.20,158.680
2025-09-06T22:30:00+00:00,110120.10,110128.60,110023.60,110070.00,549.588
2025-09-06T22:45:00+00:00,110070.10,110132.50,110036.70,110114.90,368.183
2025-09-06T23:00:00+00:00,110115.00,110120.00,110057.90,110120.00,464.560
2025-09-06T23:15:00+00:00,110120.00,110225.90,110090.60,110209.10,510.578
2025-09-06T23:30:00+00:00,110209.20,110209.20,110173.10,110173.10,186.712
2025-09-06T23:45:00+00:00,110173.20,110173.20,110120.00,110135.30,169.402
2025-09-07T00:00:00+00:00,110135.20,110202.20,110120.50,110202.10,421.912
2025-09-07T00:15:00+00:00,110202.10,110202.20,110186.00,110186.00,205.007
2025-09-07T00:30:00+00:00,110186.10,110238.40,110156.70,110238.40,438.875
2025-09-07T00:45:00+00:00,110238.30,110325.50,110230.00,110306.00,1020.845
2025-09-07T01:00:00+00:00,110305.90,110440.00,110276.20,110348.90,1047.330
2025-09-07T01:15:00+00:00,110349.00,110500.00,110291.20,110448.90,961.734
2025-09-07T01:30:00+00:00,110448.90,110462.60,110410.20,110441.30,431.137
2025-09-07T01:45:00+00:00,110441.20,110545.00,110441.20,110502.20,710.537
2025-09-07T02:00:00+00:00,110502.10,110505.10,110420.00,110478.30,410.782
2025-09-07T02:15:00+00:00,110478.30,110478.40,110394.10,110475.50,250.377
2025-09-07T02:30:00+00:00,110475.40,110492.60,110450.50,110450.50,213.315
2025-09-07T02:45:00+00:00,110450.50,110645.70,110450.50,110610.00,861.918
2025-09-07T03:00:00+00:00,110610.10,110636.20,110541.60,110541.70,356.786
2025-09-07T03:15:00+00:00,110541.60,110690.40,110541.60,110660.10,393.336
2025-09-07T03:30:00+00:00,110660.10,110700.00,110570.00,110581.70,578.332
2025-09-07T03:45:00+00:00,110581.80,110590.10,110552.30,110579.80,184.726
2025-09-07T04:00:00+00:00,110579.80,110596.00,110455.00,110481.20,399.999
2025-09-07T04:15:00+00:00,110481.20,110537.70,110481.20,110503.20,222.910
2025-09-07T04:30:00+00:00,110503.30,110503.30,110438.00,110446.60,253.496
2025-09-07T04:45:00+00:00,110446.60,110514.50,110446.50,110514.50,221.484
2025-09-07T05:00:00+00:00,110514.50,110639.70,110514.40,110594.60,373.934
2025-09-07T05:15:00+00:00,110594.70,110649.30,110569.20,110647.10,245.253
2025-09-07T05:30:00+00:00,110647.10,110650.10,110599.90,110608.20,256.807
2025-09-07T05:45:00+00:00,110608.20,110608.30,110581.70,110607.00,160.428
2025-09-07T06:00:00+00:00,110607.10,110613.40,110520.60,110532.90,352.858
2025-09-07T06:15:00+00:00,110533.00,110542.40,110515.00,110521.70,198.716
2025-09-07T06:30:00+00:00,110521.70,110546.90,110461.50,110484.60,363.062
2025-09-07T06:45:00+00:00,110484.60,110513.20,110418.80,110458.50,533.954
2025-09-07T07:00:00+00:00,110458.50,110490.40,110414.40,110461.50,337.295
2025-09-07T07:15:00+00:00,110461.50,110650.00,110417.50,110614.50,558.134
2025-09-07T07:30:00+00:00,110614.50,110787.50,110614.50,110750.00,1509.712
2025-09-07T07:45:00+00:00,110750.10,110880.80,110628.90,110710.80,1186.825
2025-09-07T08:00:00+00:00,110710.80,110816.00,110666.40,110785.40,1056.747
2025-09-07T08:15:00+00:00,110785.40,111277.20,110778.80,111199.90,4400.823
2025-09-07T08:30:00+00:00,111199.90,111348.00,111107.90,111150.00,2034.761
2025-09-07T08:45:00+00:00,111150.10,111150.10,110997.20,111022.80,821.297
2025-09-07T09:00:00+00:00,111022.80,111188.50,110969.00,111149.70,841.408
2025-09-07T09:15:00+00:00,111149.60,111211.70,111108.00,111122.60,704.993
2025-09-07T09:30:00+00:00,111122.60,111133.00,110885.60,110934.70,1055.711
2025-09-07T09:45:00+00:00,110934.70,111106.50,110823.80,111074.60,1028.923
2025-09-07T10:00:00+00:00,111074.60,111146.70,111030.20,111136.20,302.632
2025-09-07T10:15:00+00:00,111136.30,111145.10,110992.20,110996.10,431.410
2025-09-07T10:30:00+00:00,110996.00,111127.30,110996.00,111124.90,233.255
2025-09-07T10:45:00+00:00,111125.00,111186.50,111066.70,111170.30,217.235
2025-09-07T11:00:00+00:00,111170.40,111249.90,111150.50,111206.90,558.615
2025-09-07T11:15:00+00:00,111206.90,111248.80,111190.10,111214.00,317.266
2025-09-07T11:30:00+00:00,111214.00,111238.30,111128.20,111219.10,467.147
2025-09-07T11:45:00+00:00,111219.10,111249.60,111171.30,111249.50,291.187
2025-09-07T12:00:00+00:00,111249.50,111249.60,111060.10,111105.80,577.666
2025-09-07T12:15:00+00:00,111105.80,111105.90,111018.40,111078.10,489.153
2025-09-07T12:30:00+00:00,111078.20,111189.80,111078.20,111119.90,239.116
2025-09-07T12:45:00+00:00,111119.90,111120.00,111032.10,111074.30,434.783
2025-09-07T13:00:00+00:00,111074.30,111074.30,111026.60,111026.70,288.382
2025-09-07T13:15:00+00:00,111026.60,111062.10,110998.80,111062.10,361.153
2025-09-07T13:30:00+00:00,111062.10,111193.50,111062.00,111152.70,328.951
2025-09-07T13:45:00+00:00,111152.60,111190.20,111092.20,111168.10,404.529
2025-09-07T14:00:00+00:00,111168.10,111371.40,111055.00,111108.30,1317.455
2025-09-07T14:15:00+00:00,111108.30,111161.10,111010.00,111085.80,534.959
2025-09-07T14:30:00+00:00,111085.80,111219.20,111085.80,111209.60,370.943
2025-09-07T14:45:00+00:00,111209.50,111209.60,111054.50,111092.10,443.479
2025-09-07T15:00:00+00:00,111092.10,111158.00,111061.00,111111.10,402.768
2025-09-07T15:15:00+00:00,111111.00,111288.10,111111.00,111270.00,614.060
2025-09-07T15:30:00+00:00,111270.00,111334.10,111255.40,111270.00,354.916
2025-09-07T15:45:00+00:00,111269.90,111281.70,111200.00,111276.20,346.839
2025-09-07T16:00:00+00:00,111276.20,111327.20,111176.30,111207.30,512.627
2025-09-07T16:15:00+00:00,111207.20,111240.80,111152.50,111167.60,389.612
2025-09-07T16:30:00+00:00,111167.60,111208.40,111115.20,111204.80,385.990
2025-09-07T16:45:00+00:00,111204.90,111235.50,111154.50,111158.00,274.736
2025-09-07T17:00:00+00:00,111158.10,111200.10,111024.20,111027.70,765.179
2025-09-07T17:15:00+00:00,111027.80,111066.10,110860.70,110928.90,1454.106
2025-09-07T17:30:00+00:00,110928.90,111085.30,110850.00,111061.60,604.673
2025-09-07T17:45:00+00:00,111061.70,111061.70,110909.00,110925.60,296.253
2025-09-07T18:00:00+00:00,110925.50,111003.20,110902.00,110960.10,313.614
2025-09-07T18:15:00+00:00,110960.00,111015.80,110911.00,110914.10,341.935
2025-09-07T18:30:00+00:00,110914.20,110934.70,110817.50,110899.30,410.003
2025-09-07T18:45:00+00:00,110899.30,111029.10,110882.80,111011.80,338.342
2025-09-07T19:00:00+00:00,111011.70,111188.00,111011.70,111028.20,631.573
2025-09-07T19:15:00+00:00,111028.30,111129.20,111004.30,111099.40,202.982
2025-09-07T19:30:00+00:00,111099.30,111266.60,111087.70,111199.80,448.336
2025-09-07T19:45:00+00:00,111199.80,111217.00,111132.80,111217.00,270.826
2025-09-07T20:00:00+00:00,111216.90,111319.70,111115.20,111115.20,781.536
2025-09-07T20:15:00+00:00,111115.20,111235.00,111115.20,111169.60,446.444
2025-09-07T20:30:00+00:00,111169.60,111169.60,111105.50,111140.90,138.640
2025-09-07T20:45:00+00:00,111141.00,111325.00,111140.90,111282.80,358.314
2025-09-07T21:00:00+00:00,111282.80,111291.20,111188.90,111195.90,246.577
2025-09-07T21:15:00+00:00,111195.80,111195.90,111126.90,111140.60,219.511
2025-09-07T21:30:00+00:00,111140.50,111166.30,111079.30,111090.90,210.834
2025-09-07T21:45:00+00:00,111091.00,111091.00,111006.40,111006.40,277.548
2025-09-07T22:00:00+00:00,111006.40,111151.00,110947.60,111150.90,854.828
2025-09-07T22:15:00+00:00,111150.90,111287.90,111091.60,111277.70,341.014
2025-09-07T22:30:00+00:00,111277.60,111316.20,111024.00,111166.70,518.660
2025-09-07T22:45:00+00:00,111166.70,111236.40,111124.00,111197.90,344.445
2025-09-07T23:00:00+00:00,111197.90,111290.90,111197.80,111230.80,366.835
2025-09-07T23:15:00+00:00,111230.90,111559.50,111208.20,111416.60,1744.746
2025-09-07T23:30:00+00:00,111416.70,111445.70,111297.00,111351.90,531.794
2025-09-07T23:45:00+00:00,111351.90,111365.00,111010.00,111076.00,883.693
2025-09-08T00:00:00+00:00,111075.50,111125.40,110965.30,111053.80,835.949
2025-09-08T00:15:00+00:00,111053.80,111197.20,110915.00,111182.10,875.060
2025-09-08T00:30:00+00:00,111182.10,111250.00,110969.10,111128.40,971.535
2025-09-08T00:45:00+00:00,111128.30,111128.30,110683.80,110786.50,2321.359
2025-09-08T01:00:00+00:00,110786.50,110882.80,110680.00,110829.60,979.057
2025-09-08T01:15:00+00:00,110829.60,110880.30,110727.10,110754.20,570.173
2025-09-08T01:30:00+00:00,110754.20,110958.50,110730.00,110820.00,708.115
2025-09-08T01:45:00+00:00,110820.00,110900.00,110781.10,110847.00,306.835
2025-09-08T02:00:00+00:00,110846.90,110882.30,110712.00,110855.00,337.334
2025-09-08T02:15:00+00:00,110854.90,110889.30,110566.50,110815.10,1109.986
2025-09-08T02:30:00+00:00,110815.10,111345.00,110786.00,111141.90,2076.200
2025-09-08T02:45:00+00:00,111141.80,111200.00,111050.00,111199.90,484.356
2025-09-08T03:00:00+00:00,111199.90,111304.20,111100.50,111186.30,813.145
2025-09-08T03:15:00+00:00,111186.20,111204.90,110974.40,111089.60,590.722
2025-09-08T03:30:00+00:00,111089.50,111300.00,111080.00,111107.10,704.135
2025-09-08T03:45:00+00:00,111107.00,111107.10,110970.00,111004.90,457.865
2025-09-08T04:00:00+00:00,111004.80,111070.40,110901.00,111014.10,1258.721
2025-09-08T04:15:00+00:00,111014.00,111093.20,110989.40,111087.90,292.019
2025-09-08T04:30:00+00:00,111087.80,111176.00,110912.80,110950.00,391.402
2025-09-08T04:45:00+00:00,110949.90,110969.50,110875.30,110934.70,414.280
2025-09-08T05:00:00+00:00,110934.60,110959.00,110878.00,110907.60,358.400
2025-09-08T05:15:00+00:00,110907.50,111027.50,110884.70,110902.00,268.520
2025-09-08T05:30:00+00:00,110902.00,110908.40,110852.10,110863.60,359.222
2025-09-08T05:45:00+00:00,110863.50,111013.10,110863.50,110984.80,288.981
2025-09-08T06:00:00+00:00,110984.80,111022.10,110864.10,110891.00,334.312
2025-09-08T06:15:00+00:00,110891.00,111153.30,110890.90,111110.30,402.393
2025-09-08T06:30:00+00:00,111110.30,111134.50,111066.00,111118.00,351.575
2025-09-08T06:45:00+00:00,111118.00,111118.00,111054.10,111068.40,169.188
2025-09-08T07:00:00+00:00,111068.40,111218.50,111061.80,111206.80,554.191
2025-09-08T07:15:00+00:00,111206.70,111531.90,111164.60,111444.30,1686.594
2025-09-08T07:30:00+00:00,111444.30,111580.70,111161.50,111371.80,1771.211
2025-09-08T07:45:00+00:00,111371.70,111373.10,111185.30,111236.40,508.014
2025-09-08T08:00:00+00:00,111236.50,111345.00,111201.00,111215.20,750.305
2025-09-08T08:15:00+00:00,111215.10,111591.00,111201.70,111549.90,1241.734
2025-09-08T08:30:00+00:00,111549.90,111804.50,111500.00,111767.70,2566.826
2025-09-08T08:45:00+00:00,111767.70,111876.50,111544.50,111640.00,2158.391
2025-09-08T09:00:00+00:00,111640.00,111980.30,111537.40,111922.70,2770.831
2025-09-08T09:15:00+00:00,111922.70,112042.00,111766.70,111797.40,1992.922
2025-09-08T09:30:00+00:00,111797.50,111886.60,111714.40,111834.90,1012.258
2025-09-08T09:45:00+00:00,111835.00,112066.70,111834.90,112059.90,1731.561
2025-09-08T10:00:00+00:00,112060.00,112089.80,111899.60,111901.20,1298.372
2025-09-08T10:15:00+00:00,111901.30,112117.00,111866.30,112109.40,2044.217
2025-09-08T10:30:00+00:00,112109.40,112122.70,112013.00,112084.80,1175.964
2025-09-08T10:45:00+00:00,112084.80,112144.00,111922.90,112005.50,1500.707
2025-09-08T11:00:00+00:00,112005.50,112009.60,111800.00,111838.00,1382.509
2025-09-08T11:15:00+00:00,111838.00,111927.30,111770.00,111789.60,709.362
2025-09-08T11:30:00+00:00,111789.70,111882.00,111718.70,111881.90,956.655
2025-09-08T11:45:00+00:00,111882.00,112088.00,111865.60,112022.00,724.065
2025-09-08T12:00:00+00:00,112022.00,112046.70,111889.60,111974.80,709.471
2025-09-08T12:15:00+00:00,111974.90,111989.60,111885.40,111900.00,445.350
2025-09-08T12:30:00+00:00,111900.00,112120.60,111893.70,112030.10,655.301
2025-09-08T12:45:00+00:00,112030.10,112072.60,111974.70,111990.10,362.580
2025-09-08T13:00:00+00:00,111990.10,112321.30,111990.10,112290.10,2138.526
2025-09-08T13:15:00+00:00,112290.20,112298.70,112108.40,112158.40,1291.699
2025-09-08T13:30:00+00:00,112158.40,112331.00,111922.00,112163.20,2500.749
2025-09-08T13:45:00+00:00,112163.20,112270.00,111800.00,111864.30,3275.964
2025-09-08T14:00:00+00:00,111864.30,112230.00,111834.60,112085.10,2509.613
2025-09-08T14:15:00+00:00,112085.00,112252.70,111895.00,112197.80,1813.777
2025-09-08T14:30:00+00:00,112197.80,112731.20,112190.30,112539.50,4817.694
2025-09-08T14:45:00+00:00,112539.60,112590.00,112399.80,112586.20,1165.932
2025-09-08T15:00:00+00:00,112586.30,112667.30,112533.50,112644.30,1423.171
2025-09-08T15:15:00+00:00,112644.40,112867.60,112564.30,112773.70,3014.675
2025-09-08T15:30:00+00:00,112773.80,112778.40,112517.50,112579.80,1133.641
2025-09-08T15:45:00+00:00,112579.80,112605.80,112459.20,112573.60,1017.666
2025-09-08T16:00:00+00:00,112573.60,112593.60,112357.90,112358.10,1442.016
2025-09-08T16:15:00+00:00,112358.20,112635.00,112234.10,112587.30,1716.757
2025-09-08T16:30:00+00:00,112587.30,112600.00,112259.70,112426.50,1356.261
2025-09-08T16:45:00+00:00,112426.50,112429.00,112241.10,112345.80,617.202
2025-09-08T17:00:00+00:00,112345.90,112349.50,112189.00,112297.10,990.372
2025-09-08T17:15:00+00:00,112297.20,112494.20,112297.20,112475.90,703.610
2025-09-08T17:30:00+00:00,112475.80,112494.30,112203.30,112203.40,544.827
2025-09-08T17:45:00+00:00,112203.40,112285.60,112030.00,112168.10,1324.781
2025-09-08T18:00:00+00:00,112168.10,112259.20,112136.30,112241.70,805.235
2025-09-08T18:15:00+00:00,112241.60,112396.60,112241.60,112334.90,837.031
2025-09-08T18:30:00+00:00,112334.90,112352.80,112211.30,112282.40,520.785
2025-09-08T18:45:00+00:00,112282.30,112466.60,112274.80,112425.30,675.312
2025-09-08T19:00:00+00:00,112425.30,112425.30,112110.00,112171.60,731.459
2025-09-08T19:15:00+00:00,112171.70,112190.90,112101.40,112145.10,822.987
2025-09-08T19:30:00+00:00,112145.10,112200.00,112038.40,112063.70,707.141
2025-09-08T19:45:00+00:00,112063.70,112099.70,111927.00,112051.00,1070.211
2025-09-08T20:00:00+00:00,112050.00,112100.00,112000.10,112028.30,544.207
2025-09-08T20:15:00+00:00,112028.30,112028.40,111920.90,111995.90,568.530
2025-09-08T20:30:00+00:00,111995.80,111995.90,111865.10,111867.50,636.213
2025-09-08T20:45:00+00:00,111867.60,111990.60,111847.00,111919.40,599.283
2025-09-08T21:00:00+00:00,111919.50,112100.00,111880.00,112100.00,399.980
2025-09-08T21:15:00+00:00,112100.00,112120.10,112001.40,112054.20,524.800
2025-09-08T21:30:00+00:00,112054.20,112289.70,112054.10,112196.60,720.716
2025-09-08T21:45:00+00:00,112196.50,112271.80,112192.70,112271.80,334.869
2025-09-08T22:00:00+00:00,112271.80,112460.40,112271.80,112385.80,1068.585
2025-09-08T22:15:00+00:00,112385.80,112411.00,112267.10,112275.10,631.965
2025-09-08T22:30:00+00:00,112275.10,112350.00,112240.30,112328.40,405.192
2025-09-08T22:45:00+00:00,112328.40,112329.40,112160.00,112186.70,378.566
2025-09-08T23:00:00+00:00,112186.70,112255.00,112149.50,112149.50,255.823
2025-09-08T23:15:00+00:00,112149.50,112222.30,112068.60,112075.00,448.109
2025-09-08T23:30:00+00:00,112075.00,112078.90,111976.60,111981.00,445.610
2025-09-08T23:45:00+00:00,111981.00,112065.30,111931.70,112012.60,446.087
2025-09-09T00:00:00+00:00,112012.70,112055.70,111912.20,111982.80,688.380
2025-09-09T00:15:00+00:00,111982.80,112051.30,111554.80,111612.60,2774.739
2025-09-09T00:30:00+00:00,111612.60,111636.00,111511.40,111559.80,1054.436
2025-09-09T00:45:00+00:00,111559.80,111777.10,111409.00,111597.90,2215.695
2025-09-09T01:00:00+00:00,111598.00,111700.00,111511.20,111513.20,557.730
2025-09-09T01:15:00+00:00,111513.20,111513.20,111220.00,111327.60,1546.629
2025-09-09T01:30:00+00:00,111327.70,111458.50,111249.00,111415.70,815.625
2025-09-09T01:45:00+00:00,111415.80,111445.20,111306.10,111313.10,650.275
2025-09-09T02:00:00+00:00,111313.00,111356.80,111150.00,111180.00,1168.750
2025-09-09T02:15:00+00:00,111180.00,111298.40,111050.00,111263.90,1347.560
2025-09-09T02:30:00+00:00,111263.90,111399.90,111188.00,111344.50,905.707
2025-09-09T02:45:00+00:00,111344.50,111344.50,111165.90,111280.00,948.273
2025-09-09T03:00:00+00:00,111280.00,111437.70,111186.10,111410.20,1063.712
2025-09-09T03:15:00+00:00,111410.20,111507.60,111362.80,111503.20,1360.669
2025-09-09T03:30:00+00:00,111503.30,111621.80,111441.90,111574.90,1186.729
2025-09-09T03:45:00+00:00,111574.80,111705.10,111530.20,111657.60,1005.341
2025-09-09T04:00:00+00:00,111657.70,111734.90,111576.70,111700.10,783.988
2025-09-09T04:15:00+00:00,111700.00,112073.40,111700.00,111902.30,2644.774
2025-09-09T04:30:00+00:00,111902.40,111979.10,111850.00,111877.10,647.531
2025-09-09T04:45:00+00:00,111877.00,112050.10,111680.50,111979.90,2464.775
2025-09-09T05:00:00+00:00,111979.80,112019.40,111809.80,111836.60,887.860
2025-09-09T05:15:00+00:00,111836.50,111916.70,111800.10,111915.10,806.039
2025-09-09T05:30:00+00:00,111915.00,111986.00,111900.00,111946.90,325.219
2025-09-09T05:45:00+00:00,111946.80,112217.80,111946.80,112152.20,1291.682
2025-09-09T06:00:00+00:00,112152.20,112748.60,112115.80,112650.10,4381.728
2025-09-09T06:15:00+00:00,112650.00,112800.00,112455.80,112573.00,2538.207
2025-09-09T06:30:00+00:00,112573.10,112855.00,112573.00,112780.80,2059.156
2025-09-09T06:45:00+00:00,112780.90,113131.60,112768.60,112989.50,4730.689
2025-09-09T07:00:00+00:00,112989.60,113150.00,112924.00,112962.10,2165.338
2025-09-09T07:15:00+00:00,112962.00,113209.80,112962.00,113186.30,1728.163
2025-09-09T07:30:00+00:00,113186.30,113238.00,112851.20,112851.20,2066.290
2025-09-09T07:45:00+00:00,112851.20,113024.20,112699.90,112950.10,2400.197
2025-09-09T08:00:00+00:00,112950.20,113076.90,112929.80,112996.80,1149.973
2025-09-09T08:15:00+00:00,112996.70,113051.00,112852.40,113041.20,803.014
2025-09-09T08:30:00+00:00,113041.30,113134.30,112974.00,112996.10,934.719
2025-09-09T08:45:00+00:00,112996.10,112996.10,112859.90,112965.80,682.717
2025-09-09T09:00:00+00:00,112965.90,112971.80,112882.70,112907.10,506.284
2025-09-09T09:15:00+00:00,112907.10,113032.80,112907.10,112969.90,694.872
2025-09-09T09:30:00+00:00,112969.90,112969.90,112888.50,112895.20,309.640
2025-09-09T09:45:00+00:00,112895.20,112962.70,112870.30,112928.70,557.449
2025-09-09T10:00:00+00:00,112928.80,113011.80,112906.90,112950.80,425.750
2025-09-09T10:15:00+00:00,112950.80,112965.60,112588.40,112658.70,1462.333
2025-09-09T10:30:00+00:00,112658.70,112878.70,112604.40,112787.90,1195.394
2025-09-09T10:45:00+00:00,112787.80,112787.90,112588.40,112690.20,938.946
2025-09-09T11:00:00+00:00,112690.10,112769.20,112665.60,112715.80,383.666
2025-09-09T11:15:00+00:00,112715.90,112715.90,112603.20,112658.80,462.931
2025-09-09T11:30:00+00:00,112658.80,112667.90,112517.90,112563.60,590.568
2025-09-09T11:45:00+00:00,112563.70,112605.90,112350.00,112397.40,1743.429
2025-09-09T12:00:00+00:00,112397.50,112733.40,112350.00,112685.50,1816.036
2025-09-09T12:15:00+00:00,112685.40,112793.80,112628.40,112745.30,1071.307
2025-09-09T12:30:00+00:00,112745.40,112780.10,112534.10,112568.10,769.085
2025-09-09T12:45:00+00:00,112568.00,112663.70,112522.00,112626.50,424.309
2025-09-09T13:00:00+00:00,112626.40,112726.00,112429.40,112725.90,1002.150
2025-09-09T13:15:00+00:00,112725.90,112790.20,112518.50,112760.70,1051.742
2025-09-09T13:30:00+00:00,112760.20,112900.00,112615.30,112824.00,1867.273
2025-09-09T13:45:00+00:00,112824.00,112887.50,112620.00,112712.90,1480.364
2025-09-09T14:00:00+00:00,112712.80,112897.40,111944.80,112397.70,10085.525
2025-09-09T14:15:00+00:00,112397.60,112397.70,112127.10,112273.40,2311.004
2025-09-09T14:30:00+00:00,112273.30,112273.30,111500.00,111525.60,7834.591
2025-09-09T14:45:00+00:00,111525.70,111867.10,111452.40,111709.50,3144.231
2025-09-09T15:00:00+00:00,111708.80,111793.50,111240.10,111345.90,3854.270
2025-09-09T15:15:00+00:00,111345.90,111510.30,111263.50,111270.90,2828.202
2025-09-09T15:30:00+00:00,111270.90,111271.00,110760.00,110777.10,6140.801
2025-09-09T15:45:00+00:00,110777.20,111011.30,110714.90,110830.10,3705.413
2025-09-09T16:00:00+00:00,110830.10,111065.20,110758.00,111059.30,2147.771
2025-09-09T16:15:00+00:00,111059.20,111095.60,110738.60,110900.10,1904.946
2025-09-09T16:30:00+00:00,110900.00,111011.00,110895.40,110932.40,623.111
2025-09-09T16:45:00+00:00,110932.50,110937.80,110863.30,110915.10,459.086
2025-09-09T17:00:00+00:00,110915.10,111153.00,110894.70,110985.00,1271.362
2025-09-09T17:15:00+00:00,110985.00,111036.90,110838.60,110874.30,625.417
2025-09-09T17:30:00+00:00,110874.20,111057.70,110850.40,111057.70,692.053
2025-09-09T17:45:00+00:00,111057.70,111100.50,110953.80,110984.90,796.127
2025-09-09T18:00:00+00:00,110984.80,111074.00,110880.10,111074.00,1395.999
2025-09-09T18:15:00+00:00,111074.00,111269.30,111065.70,111145.10,1527.187
2025-09-09T18:30:00+00:00,111145.20,111145.20,111006.20,111048.90,791.111
2025-09-09T18:45:00+00:00,111048.90,111171.00,111033.70,111097.90,796.451
2025-09-09T19:00:00+00:00,111097.90,111243.80,111076.00,111210.00,566.932
2025-09-09T19:15:00+00:00,111209.90,111235.60,111151.70,111215.10,262.574
2025-09-09T19:30:00+00:00,111215.10,111320.90,111212.80,111250.00,520.513
2025-09-09T19:45:00+00:00,111249.90,111342.00,111239.00,111242.30,547.969
2025-09-09T20:00:00+00:00,111242.40,111296.80,111160.80,111160.80,624.936
2025-09-09T20:15:00+00:00,111160.80,111197.90,111041.10,111093.00,578.207
2025-09-09T20:30:00+00:00,111093.00,111200.00,111044.00,111120.50,496.299
2025-09-09T20:45:00+00:00,111120.50,111490.60,111115.10,111487.40,1281.625
2025-09-09T21:00:00+00:00,111487.50,111692.30,111363.30,111604.40,1008.588
2025-09-09T21:15:00+00:00,111604.40,111618.00,111304.30,111342.20,748.968
2025-09-09T21:30:00+00:00,111342.20,111461.40,111315.00,111377.80,324.416
2025-09-09T21:45:00+00:00,111377.70,111377.80,111212.50,111241.90,376.859
2025-09-09T22:00:00+00:00,111241.80,111492.80,111201.60,111458.10,754.301
2025-09-09T22:15:00+00:00,111458.10,111494.50,111361.10,111366.80,213.968
2025-09-09T22:30:00+00:00,111366.70,111474.50,111315.00,111474.50,349.094
2025-09-09T22:45:00+00:00,111474.40,111585.00,111415.90,111510.00,373.373
2025-09-09T23:00:00+00:00,111509.90,111530.50,111365.50,111405.40,619.563
2025-09-09T23:15:00+00:00,111405.40,111425.70,111308.20,111396.80,420.806
2025-09-09T23:30:00+00:00,111396.90,111514.70,111313.30,111487.10,301.500
2025-09-09T23:45:00+00:00,111487.20,111515.70,111434.50,111499.90,434.147
2025-09-10T00:00:00+00:00,111499.90,111533.30,111325.80,111363.10,802.417
2025-09-10T00:15:00+00:00,111363.10,111363.10,111075.50,111140.60,2038.732
2025-09-10T00:30:00+00:00,111140.60,111246.20,111100.50,111200.40,869.716
2025-09-10T00:45:00+00:00,111200.40,111219.10,110873.80,110971.30,2271.263
2025-09-10T01:00:00+00:00,110971.30,111127.30,110906.90,111114.80,885.217
2025-09-10T01:15:00+00:00,111114.90,111182.90,110878.10,110886.80,1621.982
2025-09-10T01:30:00+00:00,110886.70,111049.40,110855.80,110934.70,1383.210
2025-09-10T01:45:00+00:00,110934.60,110988.30,110867.80,110955.80,617.080
2025-09-10T02:00:00+00:00,110955.80,111313.30,110955.70,111256.60,1896.506
2025-09-10T02:15:00+00:00,111256.70,111430.70,111147.00,111300.00,1173.394
2025-09-10T02:30:00+00:00,111300.00,111500.00,111269.90,111477.90,857.208
2025-09-10T02:45:00+00:00,111478.00,111505.70,111287.60,111357.60,826.279
2025-09-10T03:00:00+00:00,111357.70,111440.00,111304.40,111439.90,527.393
2025-09-10T03:15:00+00:00,111440.00,111545.00,111333.10,111372.70,931.975
2025-09-10T03:30:00+00:00,111372.70,111461.20,111363.20,111402.00,230.262
2025-09-10T03:45:00+00:00,111401.90,111499.00,111401.90,111498.90,253.257
2025-09-10T04:00:00+00:00,111498.90,111499.00,111351.90,111492.40,398.917
2025-09-10T04:15:00+00:00,111492.40,111607.00,111450.00,111547.50,642.795
2025-09-10T04:30:00+00:00,111547.50,111574.40,111395.10,111417.90,349.803
2025-09-10T04:45:00+00:00,111418.00,111553.20,111403.50,111482.10,535.152
2025-09-10T05:00:00+00:00,111482.20,111539.90,111349.00,111526.90,599.591
2025-09-10T05:15:00+00:00,111526.90,111592.30,111416.00,111560.10,559.611
2025-09-10T05:30:00+00:00,111560.10,111621.70,111495.00,111606.90,379.944
2025-09-10T05:45:00+00:00,111606.80,111674.20,111316.80,111529.90,1138.511
2025-09-10T06:00:00+00:00,111530.00,111550.00,111342.00,111472.10,759.903
2025-09-10T06:15:00+00:00,111472.10,111762.80,111433.10,111706.20,884.451
2025-09-10T06:30:00+00:00,111706.20,111929.50,111633.60,111826.10,1649.289
2025-09-10T06:45:00+00:00,111826.00,111914.00,111692.10,111742.80,1254.131
2025-09-10T07:00:00+00:00,111742.70,111877.90,111710.00,111872.50,654.202
2025-09-10T07:15:00+00:00,111872.50,112250.00,111776.60,112183.50,1752.352
2025-09-10T07:30:00+00:00,112183.60,112242.10,112026.60,112215.40,1700.113
2025-09-10T07:45:00+00:00,112215.40,112555.00,112181.10,112500.10,3516.537
2025-09-10T08:00:00+00:00,112500.00,112832.00,112380.20,112768.00,4338.399
2025-09-10T08:15:00+00:00,112768.00,112809.60,112551.40,112632.50,2739.242
2025-09-10T08:30:00+00:00,112632.50,112647.70,112490.60,112497.00,1586.166
2025-09-10T08:45:00+00:00,112497.00,112544.00,112280.00,112333.00,2081.416
2025-09-10T09:00:00+00:00,112333.00,112342.90,112060.00,112152.60,1636.889
2025-09-10T09:15:00+00:00,112152.50,112395.00,112089.30,112276.70,1039.334
2025-09-10T09:30:00+00:00,112276.80,112383.20,112201.00,112206.60,760.167
2025-09-10T09:45:00+00:00,112206.50,112296.40,112170.00,112240.30,492.145
2025-09-10T10:00:00+00:00,112240.30,112386.90,112187.00,112290.10,947.768
2025-09-10T10:15:00+00:00,112290.20,112388.00,112163.80,112366.00,634.956
2025-09-10T10:30:00+00:00,112366.10,112394.00,112310.00,112337.10,497.971
2025-09-10T10:45:00+00:00,112337.10,112342.70,112228.70,112234.10,355.333
2025-09-10T11:00:00+00:00,112234.10,112332.60,112213.70,112332.60,481.334
2025-09-10T11:15:00+00:00,112332.50,112379.30,112245.60,112280.00,491.018
2025-09-10T11:30:00+00:00,112279.90,112280.00,112106.50,112189.40,1013.589
2025-09-10T11:45:00+00:00,112189.50,112266.50,112182.00,112266.40,270.947
2025-09-10T12:00:00+00:00,112266.50,112451.80,112266.40,112382.40,1325.684
2025-09-10T12:15:00+00:00,112382.40,112688.00,112337.40,112541.20,3971.868
2025-09-10T12:30:00+00:00,112541.10,113530.00,112517.70,113224.00,16935.742
2025-09-10T12:45:00+00:00,113224.00,113399.00,112860.00,113388.00,4925.157
2025-09-10T13:00:00+00:00,113388.00,113794.40,113358.00,113690.10,6892.121
2025-09-10T13:15:00+00:00,113690.10,113780.00,113392.00,113634.20,2280.028
2025-09-10T13:30:00+00:00,113634.10,113977.00,113343.70,113965.70,4314.935
2025-09-10T13:45:00+00:00,113965.70,114287.90,113751.00,113911.30,7825.686
2025-09-10T14:00:00+00:00,113911.30,114153.80,113830.00,113970.70,3673.721
2025-09-10T14:15:00+00:00,113970.80,114236.90,113929.40,114033.10,2431.487
2025-09-10T14:30:00+00:00,114033.20,114153.80,113924.10,114031.90,1636.316
2025-09-10T14:45:00+00:00,114031.90,114054.60,113754.90,113872.40,2423.728
2025-09-10T15:00:00+00:00,113872.40,114067.20,113802.70,114023.70,1404.298
2025-09-10T15:15:00+00:00,114023.80,114050.00,113695.80,113820.00,1831.508
2025-09-10T15:30:00+00:00,113820.10,113865.40,113648.10,113845.60,1247.901
2025-09-10T15:45:00+00:00,113845.50,113887.60,113721.30,113801.30,906.520
2025-09-10T16:00:00+00:00,113801.30,113888.50,113676.20,113700.20,1121.852
2025-09-10T16:15:00+00:00,113700.30,113751.40,113570.10,113638.20,2130.647
2025-09-10T16:30:00+00:00,113638.20,113750.00,113532.80,113675.40,1494.949
2025-09-10T16:45:00+00:00,113675.40,113733.30,113587.50,113723.90,949.953
2025-09-10T17:00:00+00:00,113724.00,113956.80,113717.60,113952.90,1482.000
2025-09-10T17:15:00+00:00,113952.90,114046.80,113400.00,113436.90,2905.177
2025-09-10T17:30:00+00:00,113437.00,113620.10,113366.20,113591.50,1591.638
2025-09-10T17:45:00+00:00,113591.60,113758.30,113552.20,113693.80,582.325
2025-09-10T18:00:00+00:00,113693.90,113858.90,113649.20,113736.70,839.019
2025-09-10T18:15:00+00:00,113736.80,113736.80,113304.10,113357.10,1992.775
2025-09-10T18:30:00+00:00,113357.10,113580.00,113310.70,113439.10,1131.418
2025-09-10T18:45:00+00:00,113439.10,113623.20,113325.40,113550.00,859.175
2025-09-10T19:00:00+00:00,113550.10,113581.20,113306.00,113306.00,597.775
2025-09-10T19:15:00+00:00,113306.00,113306.10,113111.00,113190.50,1679.740
2025-09-10T19:30:00+00:00,113190.60,113439.70,113138.60,113439.60,1349.016
2025-09-10T19:45:00+00:00,113439.60,113567.10,113306.10,113525.20,924.025
2025-09-10T20:00:00+00:00,113525.30,113889.60,113509.90,113621.30,2523.381
2025-09-10T20:15:00+00:00,113621.30,113758.10,113567.20,113684.90,905.185
2025-09-10T20:30:00+00:00,113684.90,113736.00,113572.00,113695.70,443.068
2025-09-10T20:45:00+00:00,113695.70,113707.00,113500.00,113513.60,562.175
2025-09-10T21:00:00+00:00,113513.70,113769.20,113468.40,113643.90,628.541
2025-09-10T21:15:00+00:00,113643.80,113736.00,113640.60,113646.50,235.937
2025-09-10T21:30:00+00:00,113646.50,113770.80,113612.90,113745.60,573.802
2025-09-10T21:45:00+00:00,113745.50,113796.60,113703.40,113782.80,258.655
2025-09-10T22:00:00+00:00,113782.80,113942.80,113782.80,113873.10,1036.151
2025-09-10T22:15:00+00:00,113873.00,113942.40,113849.00,113885.60,464.612
2025-09-10T22:30:00+00:00,113885.60,113890.50,113645.40,113711.70,979.030
2025-09-10T22:45:00+00:00,113711.70,113865.90,113711.70,113831.50,415.749
2025-09-10T23:00:00+00:00,113831.50,113971.00,113831.40,113850.80,662.819
2025-09-10T23:15:00+00:00,113850.70,113880.90,113759.00,113759.00,317.473
2025-09-10T23:30:00+00:00,113759.00,113795.60,113732.00,113732.00,301.932
2025-09-10T23:45:00+00:00,113732.10,114005.00,113732.00,113896.80,2606.978
2025-09-11T00:00:00+00:00,113896.80,113948.80,113835.20,113835.50,925.751
2025-09-11T00:15:00+00:00,113835.40,113864.30,113735.20,113769.50,660.165
2025-09-11T00:30:00+00:00,113769.50,113783.30,113614.50,113700.00,666.804
2025-09-11T00:45:00+00:00,113700.00,113860.00,113683.90,113833.50,311.015
2025-09-11T01:00:00+00:00,113833.40,114005.00,113779.40,114004.90,1007.566
2025-09-11T01:15:00+00:00,114005.00,114142.40,113900.00,113921.60,917.883
2025-09-11T01:30:00+00:00,113921.70,114037.60,113782.00,113853.90,433.203
2025-09-11T01:45:00+00:00,113853.90,113907.50,113783.50,113852.40,353.164
2025-09-11T02:00:00+00:00,113852.30,113904.70,113770.00,113904.60,347.948
2025-09-11T02:15:00+00:00,113904.60,113904.60,113685.00,113685.10,490.180
2025-09-11T02:30:00+00:00,113685.00,113904.20,113663.70,113829.50,590.872
2025-09-11T02:45:00+00:00,113829.60,113847.20,113772.90,113774.80,241.348
2025-09-11T03:00:00+00:00,113774.80,113900.00,113774.70,113900.00,424.850
2025-09-11T03:15:00+00:00,113899.90,114135.70,113899.90,114076.30,829.678
2025-09-11T03:30:00+00:00,114076.40,114229.30,113984.40,114150.10,1072.875
2025-09-11T03:45:00+00:00,114150.10,114433.20,114145.20,114354.40,1910.574
2025-09-11T04:00:00+00:00,114354.40,114359.50,114155.90,114155.90,1144.307
2025-09-11T04:15:00+00:00,114156.00,114253.70,114075.50,114189.30,1012.798
2025-09-11T04:30:00+00:00,114189.30,114196.90,114025.70,114150.10,615.493
2025-09-11T04:45:00+00:00,114150.00,114150.10,114020.50,114102.90,422.683
2025-09-11T05:00:00+00:00,114103.00,114180.00,114040.80,114055.00,475.262
2025-09-11T05:15:00+00:00,114055.10,114081.50,113912.50,114064.70,687.358
2025-09-11T05:30:00+00:00,114064.70,114290.00,114057.60,114228.50,811.193
2025-09-11T05:45:00+00:00,114228.50,114232.80,114200.00,114215.10,313.108
2025-09-11T06:00:00+00:00,114215.20,114215.20,114017.70,114114.10,766.725
2025-09-11T06:15:00+00:00,114114.10,114222.00,114051.80,114215.70,391.398
2025-09-11T06:30:00+00:00,114215.70,114359.50,114206.40,114347.90,858.068
2025-09-11T06:45:00+00:00,114347.90,114419.90,114262.30,114279.60,695.060
2025-09-11T07:00:00+00:00,114279.60,114279.60,113900.00,114048.80,1848.122
2025-09-11T07:15:00+00:00,114048.80,114063.10,113950.00,114016.10,419.607
2025-09-11T07:30:00+00:00,114016.10,114184.20,113987.90,114163.50,541.513
2025-09-11T07:45:00+00:00,114163.60,114180.40,113975.00,114040.00,618.935
2025-09-11T08:00:00+00:00,114040.10,114144.20,113917.10,114082.80,1188.653
2025-09-11T08:15:00+00:00,114082.80,114134.20,114045.40,114115.50,379.623
2025-09-11T08:30:00+00:00,114115.60,114161.00,114061.40,114076.30,317.886
2025-09-11T08:45:00+00:00,114076.30,114076.30,113977.20,114005.60,355.862
2025-09-11T09:00:00+00:00,114005.70,114037.50,113806.10,113865.30,1469.578
2025-09-11T09:15:00+00:00,113865.30,113981.70,113865.20,113926.60,664.244
2025-09-11T09:30:00+00:00,113926.60,113926.60,113800.00,113800.10,859.086
2025-09-11T09:45:00+00:00,113800.10,113870.60,113722.20,113857.50,1048.909
2025-09-11T10:00:00+00:00,113857.50,113941.00,113839.90,113919.30,680.550
2025-09-11T10:15:00+00:00,113919.30,113971.60,113843.70,113934.60,507.843
2025-09-11T10:30:00+00:00,113934.60,114042.80,113904.30,113996.40,651.676
2025-09-11T10:45:00+00:00,113996.30,114065.00,113979.70,114003.10,403.324
2025-09-11T11:00:00+00:00,114003.10,114063.10,113930.10,114009.50,991.454
2025-09-11T11:15:00+00:00,114009.60,114015.30,113870.00,113870.00,464.391
2025-09-11T11:30:00+00:00,113870.10,113967.40,113850.00,113931.30,606.763
2025-09-11T11:45:00+00:00,113931.30,113961.00,113888.80,113960.90,472.029
2025-09-11T12:00:00+00:00,113961.00,114450.00,113960.90,114217.70,3056.767
2025-09-11T12:15:00+00:00,114217.70,114343.90,114023.70,114343.90,2204.862
2025-09-11T12:30:00+00:00,114343.90,114500.00,113451.00,113811.30,10885.936
2025-09-11T12:45:00+00:00,113811.30,114095.00,113811.20,113929.90,1781.151
2025-09-11T13:00:00+00:00,113930.00,113971.30,113380.40,113435.20,4171.448
2025-09-11T13:15:00+00:00,113435.20,113746.00,113340.70,113663.40,2895.170
2025-09-11T13:30:00+00:00,113663.40,114140.30,113627.10,113873.50,4040.008
2025-09-11T13:45:00+00:00,113873.40,114691.70,113760.00,114577.50,6001.806
2025-09-11T14:00:00+00:00,114578.20,114630.00,114118.30,114129.90,3575.839
2025-09-11T14:15:00+00:00,114129.90,114144.10,113871.50,114099.90,2369.298
2025-09-11T14:30:00+00:00,114099.90,114531.10,114043.30,114475.00,1875.323
2025-09-11T14:45:00+00:00,114475.10,114526.50,114218.90,114400.10,1390.715
2025-09-11T15:00:00+00:00,114400.20,114550.80,114324.40,114489.90,1162.614
2025-09-11T15:15:00+00:00,114490.00,114646.80,114310.20,114344.90,1525.909
2025-09-11T15:30:00+00:00,114345.00,114465.00,114213.00,114213.00,955.805
2025-09-11T15:45:00+00:00,114213.00,114258.50,113926.40,114122.30,2191.434
2025-09-11T16:00:00+00:00,114122.40,114317.00,114122.30,114260.80,974.812
2025-09-11T16:15:00+00:00,114260.90,114412.60,114229.90,114303.90,619.350
2025-09-11T16:30:00+00:00,114304.00,114541.10,114304.00,114500.60,889.175
2025-09-11T16:45:00+00:00,114500.50,114510.00,114347.20,114428.40,1223.614
2025-09-11T17:00:00+00:00,114428.50,114498.80,114307.60,114408.40,811.096
2025-09-11T17:15:00+00:00,114408.40,114519.70,114274.30,114403.10,642.451
2025-09-11T17:30:00+00:00,114403.10,114548.90,114400.10,114530.00,490.199
2025-09-11T17:45:00+00:00,114529.90,114554.40,114420.30,114534.10,495.247
2025-09-11T18:00:00+00:00,114534.10,114564.00,114295.00,114295.00,777.697
2025-09-11T18:15:00+00:00,114295.00,114303.50,114008.50,114159.20,1950.701
2025-09-11T18:30:00+00:00,114159.10,114225.50,114063.20,114186.70,609.485
2025-09-11T18:45:00+00:00,114186.60,114274.90,114140.20,114254.50,365.898
2025-09-11T19:00:00+00:00,114254.50,114365.90,114192.60,114192.70,416.259
2025-09-11T19:15:00+00:00,114192.70,114315.00,114130.30,114284.90,710.197
2025-09-11T19:30:00+00:00,114284.90,114400.00,114284.90,114339.10,430.853
2025-09-11T19:45:00+00:00,114339.10,114478.70,114312.90,114370.50,523.902
2025-09-11T20:00:00+00:00,114370.40,114440.60,114260.30,114263.70,407.886
2025-09-11T20:15:00+00:00,114263.60,114345.40,114198.40,114229.90,488.355
2025-09-11T20:30:00+00:00,114229.90,114273.10,114195.00,114253.60,171.796
2025-09-11T20:45:00+00:00,114253.60,114386.50,114235.50,114343.10,340.356
2025-09-11T21:00:00+00:00,114343.10,114411.50,114336.20,114380.90,214.031
2025-09-11T21:15:00+00:00,114381.00,114403.70,114344.80,114389.10,206.820
2025-09-11T21:30:00+00:00,114389.20,114473.30,114389.10,114463.90,313.200
2025-09-11T21:45:00+00:00,114463.90,114464.00,114423.50,114426.40,256.116
2025-09-11T22:00:00+00:00,114426.40,114514.00,114375.30,114505.80,636.816
2025-09-11T22:15:00+00:00,114505.90,115148.30,114494.70,114992.70,6564.239
2025-09-11T22:30:00+00:00,114992.60,115188.90,114877.60,115094.10,2127.189
2025-09-11T22:45:00+00:00,115094.10,115218.90,115037.30,115037.30,1421.943
2025-09-11T23:00:00+00:00,115037.30,115339.00,115031.90,115323.70,1570.439
2025-09-11T23:15:00+00:00,115323.70,115323.80,115245.00,115288.10,711.091
2025-09-11T23:30:00+00:00,115288.10,115336.00,115253.50,115335.90,546.654
2025-09-11T23:45:00+00:00,115335.90,115439.00,115333.70,115427.00,1206.749
2025-09-12T00:00:00+00:00,115427.00,115637.00,115384.40,115450.00,3669.063
2025-09-12T00:15:00+00:00,115450.00,115850.00,115357.60,115741.80,3143.127
2025-09-12T00:30:00+00:00,115741.70,115980.00,115741.70,115962.00,1924.792
2025-09-12T00:45:00+00:00,115962.10,116280.00,115763.80,115795.10,5186.035
2025-09-12T01:00:00+00:00,115795.10,115980.00,115700.00,115700.10,1913.055
2025-09-12T01:15:00+00:00,115700.20,115920.00,115638.30,115660.80,1572.891
2025-09-12T01:30:00+00:00,115660.80,115684.10,115476.00,115583.10,1604.771
2025-09-12T01:45:00+00:00,115583.20,115588.00,115305.10,115329.50,2424.964
2025-09-12T02:00:00+00:00,115329.50,115552.20,115290.60,115429.50,1376.659
2025-09-12T02:15:00+00:00,115429.60,115618.10,115380.10,115470.70,941.153
2025-09-12T02:30:00+00:00,115470.60,115599.30,115392.50,115456.90,815.308
2025-09-12T02:45:00+00:00,115456.90,115456.90,115196.90,115332.50,2205.228
2025-09-12T03:00:00+00:00,115332.40,115375.00,115188.00,115199.50,841.714
2025-09-12T03:15:00+00:00,115199.40,115231.20,115103.10,115156.70,1312.421
2025-09-12T03:30:00+00:00,115156.70,115224.00,114993.00,115192.80,1932.785
2025-09-12T03:45:00+00:00,115192.70,115291.30,115109.40,115138.30,855.547
2025-09-12T04:00:00+00:00,115138.30,115238.00,115024.30,115237.60,917.390
2025-09-12T04:15:00+00:00,115237.60,115322.60,115200.00,115250.00,1306.649
2025-09-12T04:30:00+00:00,115249.90,115452.80,115249.90,115368.20,1463.113
2025-09-12T04:45:00+00:00,115368.10,115372.80,115262.40,115314.50,568.023
2025-09-12T05:00:00+00:00,115314.50,115397.00,115266.00,115374.90,503.933
2025-09-12T05:15:00+00:00,115375.00,115523.90,115374.90,115445.20,1106.648
2025-09-12T05:30:00+00:00,115445.10,115500.00,115277.10,115474.70,1071.638
2025-09-12T05:45:00+00:00,115474.70,115613.00,115474.70,115559.60,1046.786
2025-09-12T06:00:00+00:00,115559.60,115559.60,115328.40,115328.40,743.110
2025-09-12T06:15:00+00:00,115328.30,115420.50,115288.00,115288.10,384.741
2025-09-12T06:30:00+00:00,115288.00,115330.90,115204.90,115252.40,646.138
2025-09-12T06:45:00+00:00,115252.40,115289.60,115215.90,115270.50,393.692
2025-09-12T07:00:00+00:00,115270.50,115358.00,115236.00,115236.00,577.999
2025-09-12T07:15:00+00:00,115236.10,115255.70,115160.20,115169.20,378.467
2025-09-12T07:30:00+00:00,115169.30,115195.80,115120.30,115135.90,626.151
2025-09-12T07:45:00+00:00,115135.80,115164.70,115039.10,115049.00,664.306
2025-09-12T08:00:00+00:00,115048.90,115086.40,114908.90,115036.80,1843.268
2025-09-12T08:15:00+00:00,115036.80,115243.50,114910.00,115143.00,2091.854
2025-09-12T08:30:00+00:00,115142.90,115162.80,115023.60,115039.20,856.723
2025-09-12T08:45:00+00:00,115039.20,115051.90,114959.00,115013.90,584.850
2025-09-12T09:00:00+00:00,115014.00,115088.80,114976.30,115040.00,482.001
2025-09-12T09:15:00+00:00,115040.00,115090.00,114850.10,114900.00,1459.317
2025-09-12T09:30:00+00:00,114900.00,115000.00,114833.80,114866.40,809.909
2025-09-12T09:45:00+00:00,114866.30,115031.40,114866.30,115010.00,856.464
2025-09-12T10:00:00+00:00,115010.00,115045.90,114891.20,114935.30,559.706
2025-09-12T10:15:00+00:00,114935.30,114979.00,114880.80,114955.40,429.616
2025-09-12T10:30:00+00:00,114955.40,115000.00,114909.40,114937.60,295.884
2025-09-12T10:45:00+00:00,114937.60,115000.00,114900.00,114928.40,430.270
2025-09-12T11:00:00+00:00,114928.40,114939.40,114853.70,114861.70,566.555
2025-09-12T11:15:00+00:00,114861.60,115107.60,114851.90,115080.10,1052.233
2025-09-12T11:30:00+00:00,115080.00,115089.00,114922.00,114936.40,628.041
2025-09-12T11:45:00+00:00,114936.50,114948.00,114850.00,114863.00,438.788
2025-09-12T12:00:00+00:00,114863.00,114910.30,114681.50,114803.20,1999.116
2025-09-12T12:15:00+00:00,114803.30,115161.50,114769.40,115083.90,2238.655
2025-09-12T12:30:00+00:00,115083.90,115117.20,114866.80,114991.10,881.045
2025-09-12T12:45:00+00:00,114991.20,115138.30,114933.70,115035.50,785.045
2025-09-12T13:00:00+00:00,115035.50,115035.50,114943.20,114943.20,430.683
2025-09-12T13:15:00+00:00,114943.20,114950.90,114842.40,114892.70,730.974
2025-09-12T13:30:00+00:00,114892.80,115104.90,114771.90,114897.20,1191.036
2025-09-12T13:45:00+00:00,114897.20,115191.30,114822.40,115114.60,1332.255
2025-09-12T14:00:00+00:00,115114.60,115445.90,115005.60,115065.30,3262.120
2025-09-12T14:15:00+00:00,115065.30,115300.00,115018.00,115163.80,1146.235
2025-09-12T14:30:00+00:00,115163.70,115250.00,114819.90,114819.90,1348.682
2025-09-12T14:45:00+00:00,114819.90,115224.10,114818.70,115213.60,1052.565
2025-09-12T15:00:00+00:00,115213.60,115246.80,114895.60,114972.30,799.831
2025-09-12T15:15:00+00:00,114972.30,115153.80,114933.50,114945.40,542.318
2025-09-12T15:30:00+00:00,114945.40,115140.50,114880.00,115072.20,708.061
2025-09-12T15:45:00+00:00,115072.30,115196.20,115030.00,115064.90,378.783
2025-09-12T16:00:00+00:00,115064.80,115197.20,114989.90,115197.20,942.112
2025-09-12T16:15:00+00:00,115197.20,115328.80,115105.00,115318.10,937.535
2025-09-12T16:30:00+00:00,115318.00,115400.00,115201.80,115296.40,836.441
2025-09-12T16:45:00+00:00,115296.40,115469.70,115249.40,115435.00,973.408
2025-09-12T17:00:00+00:00,115435.00,115538.40,115335.50,115538.40,1274.749
2025-09-12T17:15:00+00:00,115538.30,115879.10,115538.30,115787.40,2499.871
2025-09-12T17:30:00+00:00,115787.40,115875.70,115624.00,115821.00,2016.397
2025-09-12T17:45:00+00:00,115821.10,115847.80,115692.30,115746.40,1044.583
2025-09-12T18:00:00+00:00,115746.50,116000.00,115697.70,115962.50,2049.513
2025-09-12T18:15:00+00:00,115962.50,116155.30,115954.80,116135.80,2047.669
2025-09-12T18:30:00+00:00,116135.80,116421.80,116135.70,116411.60,3981.690
2025-09-12T18:45:00+00:00,116411.60,116444.00,116268.50,116423.90,1460.754
2025-09-12T19:00:00+00:00,116423.90,116431.90,116261.00,116266.30,1620.025
2025-09-12T19:15:00+00:00,116266.30,116479.50,116180.00,116457.10,1790.574
2025-09-12T19:30:00+00:00,116457.10,116480.00,116339.20,116395.10,1392.626
2025-09-12T19:45:00+00:00,116395.00,116605.70,116349.40,116561.10,3081.211
2025-09-12T20:00:00+00:00,116561.00,116561.00,116083.30,116167.90,2596.450
2025-09-12T20:15:00+00:00,116167.80,116167.90,115907.80,115970.50,1641.751
2025-09-12T20:30:00+00:00,115970.50,116187.00,115970.50,116130.90,888.392
2025-09-12T20:45:00+00:00,116130.90,116307.60,116067.60,116088.30,992.035
2025-09-12T21:00:00+00:00,116088.30,116094.10,115852.30,116037.60,1526.363
2025-09-12T21:15:00+00:00,116037.60,116060.00,115877.70,115917.20,582.967
2025-09-12T21:30:00+00:00,115917.20,115917.20,115800.10,115800.10,553.008
2025-09-12T21:45:00+00:00,115800.20,115837.80,115701.40,115810.50,664.235
2025-09-12T22:00:00+00:00,115810.50,116052.60,115810.50,115972.00,780.620
2025-09-12T22:15:00+00:00,115972.00,116298.00,115970.00,116081.50,1262.826
2025-09-12T22:30:00+00:00,116081.40,116105.90,115846.20,115883.50,679.143
2025-09-12T22:45:00+00:00,115883.40,116000.00,115883.40,115972.90,415.066
2025-09-12T23:00:00+00:00,115973.00,115973.00,115872.30,115924.60,414.983
2025-09-12T23:15:00+00:00,115924.60,116077.70,115881.50,116032.80,859.034
2025-09-12T23:30:00+00:00,116032.90,116110.70,115980.50,116099.90,460.731
2025-09-12T23:45:00+00:00,116099.90,116099.90,115961.70,115978.40,415.776
2025-09-13T00:00:00+00:00,115978.40,116071.20,115922.20,115967.00,624.312
2025-09-13T00:15:00+00:00,115967.00,116077.60,115911.00,116012.40,792.215
2025-09-13T00:30:00+00:00,116012.50,116222.80,116001.20,116150.00,831.320
2025-09-13T00:45:00+00:00,116150.00,116245.40,116150.00,116155.10,628.381
2025-09-13T01:00:00+00:00,116155.00,116222.00,116105.00,116105.00,613.715
2025-09-13T01:15:00+00:00,116105.00,116198.10,115947.60,115947.60,523.930
2025-09-13T01:30:00+00:00,115947.70,116009.90,115720.90,115800.00,1839.343
2025-09-13T01:45:00+00:00,115800.10,115843.50,115500.10,115703.20,1612.739
2025-09-13T02:00:00+00:00,115703.10,115915.00,115625.80,115915.00,1101.217
2025-09-13T02:15:00+00:00,115914.90,115940.00,115870.30,115921.50,333.213
2025-09-13T02:30:00+00:00,115921.40,115921.40,115828.50,115860.50,202.593
2025-09-13T02:45:00+00:00,115860.40,115900.00,115792.10,115832.10,216.573
2025-09-13T03:00:00+00:00,115832.20,115966.70,115820.70,115874.50,349.689
2025-09-13T03:15:00+00:00,115874.50,115895.50,115828.40,115837.60,305.107
2025-09-13T03:30:00+00:00,115837.60,115916.40,115789.20,115876.80,478.098
2025-09-13T03:45:00+00:00,115876.90,115947.80,115844.40,115913.60,415.249
2025-09-13T04:00:00+00:00,115913.60,115913.60,115768.70,115802.20,412.298
2025-09-13T04:15:00+00:00,115802.10,115802.20,115704.00,115704.10,227.215
2025-09-13T04:30:00+00:00,115704.00,115805.30,115704.00,115763.30,327.214
2025-09-13T04:45:00+00:00,115763.30,115763.30,115635.00,115650.10,533.303
2025-09-13T05:00:00+00:00,115650.00,115723.10,115642.50,115674.30,403.575
2025-09-13T05:15:00+00:00,115674.20,115818.00,115648.00,115740.70,491.040
2025-09-13T05:30:00+00:00,115740.80,115760.60,115648.20,115710.50,402.138
2025-09-13T05:45:00+00:00,115710.50,115710.60,115600.00,115656.70,636.607
2025-09-13T06:00:00+00:00,115656.70,115754.00,115653.80,115654.10,552.644
2025-09-13T06:15:00+00:00,115654.00,115654.00,115594.90,115638.80,388.836
2025-09-13T06:30:00+00:00,115638.90,115673.00,115638.00,115669.80,211.909
2025-09-13T06:45:00+00:00,115669.90,115714.00,115608.00,115695.70,408.966
2025-09-13T07:00:00+00:00,115695.70,115799.80,115650.00,115789.50,461.478
2025-09-13T07:15:00+00:00,115789.50,115810.00,115766.90,115766.90,389.081
2025-09-13T07:30:00+00:00,115766.90,115802.00,115742.40,115745.40,432.302
2025-09-13T07:45:00+00:00,115745.40,115745.40,115715.50,115715.50,300.266
2025-09-13T08:00:00+00:00,115715.50,115749.90,115715.50,115735.80,354.941
2025-09-13T08:15:00+00:00,115735.70,115810.90,115718.00,115810.80,309.837
2025-09-13T08:30:00+00:00,115810.90,116011.00,115808.40,115929.70,928.155
2025-09-13T08:45:00+00:00,115929.70,115945.00,115904.20,115913.30,251.269
2025-09-13T09:00:00+00:00,115913.30,115966.40,115820.10,115846.70,752.619
2025-09-13T09:15:00+00:00,115846.80,115846.80,115812.00,115812.10,299.089
2025-09-13T09:30:00+00:00,115812.00,115850.00,115811.00,115850.00,265.430
2025-09-13T09:45:00+00:00,115850.00,115988.20,115835.40,115969.70,542.001
2025-09-13T10:00:00+00:00,115969.70,116126.00,115898.00,116074.00,816.947
2025-09-13T10:15:00+00:00,116074.00,116083.00,115964.60,115964.60,364.094
2025-09-13T10:30:00+00:00,115964.60,116015.00,115900.80,115996.30,441.345
2025-09-13T10:45:00+00:00,115996.20,116029.50,115849.90,115882.70,553.141
2025-09-13T11:00:00+00:00,115882.70,115895.00,115824.40,115831.20,321.104
2025-09-13T11:15:00+00:00,115831.20,115859.90,115831.10,115854.90,187.692
2025-09-13T11:30:00+00:00,115854.90,115956.10,115854.90,115933.20,349.419
2025-09-13T11:45:00+00:00,115933.20,115933.30,115900.00,115912.90,160.544
2025-09-13T12:00:00+00:00,115913.00,115913.00,115824.20,115824.30,311.258
2025-09-13T12:15:00+00:00,115824.20,115830.00,115800.10,115822.60,258.887
2025-09-13T12:30:00+00:00,115822.60,116013.70,115822.60,115976.10,542.747
2025-09-13T12:45:00+00:00,115976.10,115976.10,115947.40,115947.50,148.173
2025-09-13T13:00:00+00:00,115947.50,115947.50,115861.40,115861.50,236.173
2025-09-13T13:15:00+00:00,115861.40,115930.80,115846.10,115906.90,230.387
2025-09-13T13:30:00+00:00,115906.90,115907.00,115788.40,115788.40,260.076
2025-09-13T13:45:00+00:00,115788.40,115809.60,115566.00,115706.40,1432.994
2025-09-13T14:00:00+00:00,115706.40,115764.40,115546.10,115639.90,1284.689
2025-09-13T14:15:00+00:00,115639.90,115906.80,115631.70,115850.00,1244.400
2025-09-13T14:30:00+00:00,115850.00,115879.50,115739.00,115808.00,554.169
2025-09-13T14:45:00+00:00,115807.90,115844.10,115738.80,115750.00,392.307
2025-09-13T15:00:00+00:00,115750.10,115836.00,115700.00,115807.30,324.201
2025-09-13T15:15:00+00:00,115807.20,115885.30,115774.70,115774.70,270.525
2025-09-13T15:30:00+00:00,115774.80,115787.30,115555.00,115699.90,1220.301
2025-09-13T15:45:00+00:00,115699.90,115757.10,115629.60,115721.30,392.103
2025-09-13T16:00:00+00:00,115721.40,115780.30,115559.30,115598.00,759.830
2025-09-13T16:15:00+00:00,115598.00,115603.50,115400.00,115500.10,2106.695
2025-09-13T16:30:00+00:00,115500.10,115544.30,115032.00,115390.10,3115.927
2025-09-13T16:45:00+00:00,115390.00,115395.50,115165.60,115286.60,2217.122
2025-09-13T17:00:00+00:00,115286.60,115354.10,115127.20,115180.10,1530.879
2025-09-13T17:15:00+00:00,115180.10,115405.40,115173.60,115337.40,680.907
2025-09-13T17:30:00+00:00,115337.30,115529.70,115336.70,115467.70,1056.140
2025-09-13T17:45:00+00:00,115467.70,115544.00,115460.00,115518.70,328.905
2025-09-13T18:00:00+00:00,115518.80,115524.90,115373.10,115516.70,565.672
2025-09-13T18:15:00+00:00,115516.60,115627.70,115469.90,115596.80,381.429
2025-09-13T18:30:00+00:00,115596.70,115596.80,115446.90,115538.00,374.688
2025-09-13T18:45:00+00:00,115537.90,115594.10,115521.70,115594.00,238.855
2025-09-13T19:00:00+00:00,115593.90,115615.30,115531.00,115569.90,395.869
2025-09-13T19:15:00+00:00,115570.00,115626.20,115519.60,115600.70,287.865
2025-09-13T19:30:00+00:00,115600.70,115673.00,115600.70,115670.60,236.170
2025-09-13T19:45:00+00:00,115670.50,115763.10,115626.80,115751.40,727.141
2025-09-13T20:00:00+00:00,115751.40,115946.40,115745.60,115881.20,1060.786
2025-09-13T20:15:00+00:00,115881.30,115890.60,115826.70,115848.40,323.980
2025-09-13T20:30:00+00:00,115848.40,115898.90,115790.90,115799.60,260.515
2025-09-13T20:45:00+00:00,115799.50,115871.70,115796.50,115837.20,190.203
2025-09-13T21:00:00+00:00,115837.20,115928.90,115822.00,115822.10,284.801
2025-09-13T21:15:00+00:00,115822.00,115921.10,115799.60,115908.40,194.222
2025-09-13T21:30:00+00:00,115908.50,115908.50,115800.00,115800.00,228.945
2025-09-13T21:45:00+00:00,115800.10,115877.70,115791.20,115849.70,161.136
2025-09-13T22:00:00+00:00,115849.80,115888.60,115835.90,115872.40,187.103
2025-09-13T22:15:00+00:00,115872.40,115872.40,115787.00,115787.50,137.522
2025-09-13T22:30:00+00:00,115787.60,115847.30,115776.00,115835.70,174.886
2025-09-13T22:45:00+00:00,115835.60,115835.70,115758.40,115828.20,141.231
2025-09-13T23:00:00+00:00,115828.30,115857.00,115828.20,115844.40,148.592
2025-09-13T23:15:00+00:00,115844.40,115944.00,115820.00,115845.00,300.126
2025-09-13T23:30:00+00:00,115844.90,115886.20,115813.00,115838.30,165.315
2025-09-13T23:45:00+00:00,115838.20,115872.20,115838.20,115862.70,118.550
2025-09-14T00:00:00+00:00,115862.70,115953.40,115858.90,115926.00,431.268
2025-09-14T00:15:00+00:00,115926.10,115960.30,115850.50,115936.80,447.098
2025-09-14T00:30:00+00:00,115936.90,115949.80,115873.60,115873.60,201.846
2025-09-14T00:45:00+00:00,115873.60,115892.20,115765.00,115884.40,453.449
2025-09-14T01:00:00+00:00,115884.40,115884.50,115702.00,115702.00,777.135
2025-09-14T01:15:00+00:00,115702.00,115780.70,115683.10,115776.90,317.727
2025-09-14T01:30:00+00:00,115777.00,115900.00,115737.60,115899.90,389.517
2025-09-14T01:45:00+00:00,115899.90,115950.00,115847.20,115907.40,501.997
2025-09-14T02:00:00+00:00,115907.30,116075.80,115888.00,116069.10,919.548
2025-09-14T02:15:00+00:00,116069.00,116069.10,115936.50,115952.50,327.411
2025-09-14T02:30:00+00:00,115952.50,115952.50,115692.30,115766.00,571.737
2025-09-14T02:45:00+00:00,115766.00,115853.70,115755.50,115809.80,271.601
2025-09-14T03:00:00+00:00,115809.70,115819.40,115580.00,115659.80,1248.402
2025-09-14T03:15:00+00:00,115659.70,115721.80,115642.00,115682.70,337.425
2025-09-14T03:30:00+00:00,115682.60,115719.20,115610.90,115676.30,209.536
2025-09-14T03:45:00+00:00,115676.80,115704.30,115583.80,115626.00,271.437
2025-09-14T04:00:00+00:00,115626.00,115626.00,115540.00,115597.10,515.777
2025-09-14T04:15:00+00:00,115597.10,115677.20,115406.10,115677.20,1014.008
2025-09-14T04:30:00+00:00,115677.10,115723.90,115659.40,115723.90,233.806
2025-09-14T04:45:00+00:00,115723.90,115723.90,115680.00,115693.20,140.820
2025-09-14T05:00:00+00:00,115693.20,115731.90,115680.00,115730.30,245.363
2025-09-14T05:15:00+00:00,115730.30,115745.30,115718.10,115740.30,132.164
2025-09-14T05:30:00+00:00,115740.30,115867.50,115740.20,115802.00,572.181
2025-09-14T05:45:00+00:00,115802.00,115848.90,115802.00,115810.10,168.794
2025-09-14T06:00:00+00:00,115810.00,115884.10,115755.00,115775.50,238.487
2025-09-14T06:15:00+00:00,115775.50,115791.60,115685.60,115709.40,258.244
2025-09-14T06:30:00+00:00,115709.50,115750.00,115648.70,115671.00,275.054
2025-09-14T06:45:00+00:00,115671.00,115706.40,115634.80,115684.10,122.781
2025-09-14T07:00:00+00:00,115684.00,115706.50,115671.50,115689.20,126.207
2025-09-14T07:15:00+00:00,115689.20,115728.60,115683.50,115728.60,150.603
2025-09-14T07:30:00+00:00,115728.50,115768.80,115715.70,115755.80,218.364
2025-09-14T07:45:00+00:00,115755.70,115778.40,115693.10,115746.00,328.799
2025-09-14T08:00:00+00:00,115746.10,115749.70,115700.30,115740.90,215.118
2025-09-14T08:15:00+00:00,115740.90,115826.80,115716.80,115826.00,265.672
2025-09-14T08:30:00+00:00,115826.10,115925.30,115826.00,115925.30,319.498
2025-09-14T08:45:00+00:00,115925.30,115938.70,115844.50,115887.40,383.218
2025-09-14T09:00:00+00:00,115887.30,115916.40,115838.90,115908.40,345.576
2025-09-14T09:15:00+00:00,115908.40,115995.00,115899.40,115961.50,462.436
2025-09-14T09:30:00+00:00,115961.50,116118.60,115961.50,116055.70,1282.309
2025-09-14T09:45:00+00:00,116055.70,116097.00,115983.30,115996.20,402.326
2025-09-14T10:00:00+00:00,115996.20,116091.40,115996.20,115996.30,562.370
2025-09-14T10:15:00+00:00,115996.20,116067.80,115906.50,115906.50,471.426
2025-09-14T10:30:00+00:00,115906.50,115950.00,115904.60,115934.50,194.558
2025-09-14T10:45:00+00:00,115934.40,115994.00,115934.40,115979.50,189.475
2025-09-14T11:00:00+00:00,115979.50,116057.70,115979.40,116000.50,265.392
2025-09-14T11:15:00+00:00,116000.50,116019.90,115805.30,115805.30,475.315
2025-09-14T11:30:00+00:00,115805.40,115831.50,115701.10,115701.20,929.738
2025-09-14T11:45:00+00:00,115701.20,115822.70,115701.10,115750.00,744.842
2025-09-14T12:00:00+00:00,115750.00,115828.10,115733.10,115735.00,559.580
2025-09-14T12:15:00+00:00,115735.00,115782.60,115720.00,115761.10,256.961
2025-09-14T12:30:00+00:00,115761.20,115770.20,115655.00,115660.80,377.608
2025-09-14T12:45:00+00:00,115660.80,115749.80,115607.90,115727.20,673.050
2025-09-14T13:00:00+00:00,115727.20,115736.80,115670.10,115699.90,327.817
2025-09-14T13:15:00+00:00,115700.00,115700.00,115357.40,115481.10,1718.957
2025-09-14T13:30:00+00:00,115481.10,115481.10,115185.60,115257.10,2541.135
2025-09-14T13:45:00+00:00,115257.20,115378.60,115151.30,115279.50,2266.746
2025-09-14T14:00:00+00:00,115279.60,115651.00,115262.80,115521.50,1338.213
2025-09-14T14:15:00+00:00,115521.50,115521.60,115261.60,115411.20,1286.041
2025-09-14T14:30:00+00:00,115411.20,115462.30,115100.50,115257.90,1520.808
2025-09-14T14:45:00+00:00,115258.00,115378.00,115120.00,115350.80,801.357
2025-09-14T15:00:00+00:00,115350.80,115374.40,115170.10,115281.50,561.421
2025-09-14T15:15:00+00:00,115281.40,115366.20,115132.40,115239.00,784.287
2025-09-14T15:30:00+00:00,115239.00,115312.70,115160.90,115226.50,471.334
2025-09-14T15:45:00+00:00,115226.50,115263.40,115140.10,115162.20,512.195
2025-09-14T16:00:00+00:00,115162.20,115358.00,115132.40,115244.30,761.221
2025-09-14T16:15:00+00:00,115244.30,115454.20,115182.00,115454.10,586.128
2025-09-14T16:30:00+00:00,115454.10,115499.00,115384.80,115422.20,447.765
2025-09-14T16:45:00+00:00,115422.20,115429.80,115364.00,115422.70,240.074
2025-09-14T17:00:00+00:00,115422.70,115447.40,115352.70,115428.80,338.827
2025-09-14T17:15:00+00:00,115428.80,115600.00,115418.00,115585.40,516.328
2025-09-14T17:30:00+00:00,115585.40,115605.50,115517.30,115576.10,535.612
2025-09-14T17:45:00+00:00,115576.10,115595.40,115500.00,115502.90,408.506
2025-09-14T18:00:00+00:00,115502.90,115503.00,115447.10,115477.90,240.698
2025-09-14T18:15:00+00:00,115478.00,115478.00,115394.60,115412.20,166.112
2025-09-14T18:30:00+00:00,115412.10,115434.70,115384.70,115419.70,184.524
2025-09-14T18:45:00+00:00,115419.60,115421.50,115313.20,115333.10,285.026
2025-09-14T19:00:00+00:00,115333.20,115418.40,115275.50,115392.70,490.656
2025-09-14T19:15:00+00:00,115392.70,115445.20,115379.30,115445.20,179.916
2025-09-14T19:30:00+00:00,115445.20,115594.10,115445.10,115559.70,352.644
2025-09-14T19:45:00+00:00,115559.80,115597.40,115520.20,115597.40,212.505
2025-09-14T20:00:00+00:00,115597.30,115727.80,115588.60,115710.00,388.520
2025-09-14T20:15:00+00:00,115710.00,115710.10,115623.90,115629.40,267.489
2025-09-14T20:30:00+00:00,115629.40,115792.70,115623.50,115792.70,450.984
2025-09-14T20:45:00+00:00,115792.70,115816.90,115739.80,115745.00,371.490
2025-09-14T21:00:00+00:00,115745.10,115799.60,115556.10,115743.20,558.429
2025-09-14T21:15:00+00:00,115743.20,115861.00,115743.10,115846.00,367.009
2025-09-14T21:30:00+00:00,115846.00,116026.80,115812.70,116021.20,1512.865
2025-09-14T21:45:00+00:00,116021.10,116050.00,115850.00,116023.30,615.622
2025-09-14T22:00:00+00:00,116023.30,116038.00,115850.00,115871.80,759.570
2025-09-14T22:15:00+00:00,115871.80,115871.80,115753.10,115848.90,244.573
2025-09-14T22:30:00+00:00,115848.90,116041.10,115774.40,115994.00,650.951
2025-09-14T22:45:00+00:00,115993.90,116020.00,115895.60,115957.00,1024.958
2025-09-14T23:00:00+00:00,115956.90,115957.00,115471.20,115542.40,1497.592
2025-09-14T23:15:00+00:00,115542.40,115559.40,115316.20,115324.60,1517.624
2025-09-14T23:30:00+00:00,115324.60,115347.10,115170.10,115194.90,1633.900
2025-09-14T23:45:00+00:00,115195.00,115333.20,115057.00,115210.00,1354.507
2025-09-15T00:00:00+00:00,115210.00,115214.80,114888.10,115061.30,2488.001
2025-09-15T00:15:00+00:00,115061.30,115163.30,114912.00,115162.60,1170.270
2025-09-15T00:30:00+00:00,115162.60,115166.00,114956.10,114968.00,743.269
2025-09-15T00:45:00+00:00,114968.00,115105.20,114955.20,115023.40,441.273
2025-09-15T01:00:00+00:00,115023.40,115023.50,114780.70,114780.80,2069.879
2025-09-15T01:15:00+00:00,114780.70,115158.40,114777.00,115113.10,981.533
2025-09-15T01:30:00+00:00,115113.10,115232.80,115082.00,115150.00,872.218
2025-09-15T01:45:00+00:00,115150.00,115205.40,115050.00,115178.30,631.806
2025-09-15T02:00:00+00:00,115178.40,115392.50,115157.30,115326.40,1482.325
2025-09-15T02:15:00+00:00,115326.50,115389.80,115297.30,115329.10,453.467
2025-09-15T02:30:00+00:00,115329.00,115373.10,115228.40,115373.10,358.026
2025-09-15T02:45:00+00:00,115373.00,115390.00,115274.90,115318.60,269.048
2025-09-15T03:00:00+00:00,115318.50,115456.20,115300.00,115445.80,479.347
2025-09-15T03:15:00+00:00,115445.70,115536.00,115374.40,115386.00,536.505
2025-09-15T03:30:00+00:00,115386.10,115411.00,115323.90,115386.10,323.920
2025-09-15T03:45:00+00:00,115386.10,115487.70,115386.00,115387.60,275.582
2025-09-15T04:00:00+00:00,115387.70,115461.70,115341.80,115450.00,531.967
2025-09-15T04:15:00+00:00,115450.00,116150.10,115449.90,115914.40,5367.315
2025-09-15T04:30:00+00:00,115914.40,116026.80,115851.50,116026.70,944.357
2025-09-15T04:45:00+00:00,116026.70,116116.20,115938.90,116006.50,1085.660
2025-09-15T05:00:00+00:00,116006.50,116183.30,115960.00,116120.30,1176.088
2025-09-15T05:15:00+00:00,116120.40,116369.90,116064.30,116265.70,2148.140
2025-09-15T05:30:00+00:00,116265.70,116355.00,116202.10,116324.50,847.262
2025-09-15T05:45:00+00:00,116324.60,116547.90,116293.30,116474.20,1968.553
2025-09-15T06:00:00+00:00,116474.20,116759.90,116407.00,116557.20,2370.418
2025-09-15T06:15:00+00:00,116557.20,116646.00,116360.00,116360.10,1752.678
2025-09-15T06:30:00+00:00,116360.10,116397.60,116106.00,116244.30,1886.232
2025-09-15T06:45:00+00:00,116244.40,116244.40,116000.10,116077.80,1133.769
2025-09-15T07:00:00+00:00,116077.70,116207.00,116044.90,116206.70,967.186
2025-09-15T07:15:00+00:00,116206.80,116362.90,116000.20,116013.70,982.325
2025-09-15T07:30:00+00:00,116013.70,116013.70,115554.00,115761.80,2831.453
2025-09-15T07:45:00+00:00,115761.80,115840.20,115630.00,115769.50,1470.288
2025-09-15T08:00:00+00:00,115769.60,115769.60,115364.40,115453.10,3527.820
2025-09-15T08:15:00+00:00,115453.20,115766.80,115388.00,115616.80,1447.580
2025-09-15T08:30:00+00:00,115616.80,115625.40,115204.40,115218.50,1873.177
2025-09-15T08:45:00+00:00,115218.60,115269.30,114650.00,114697.00,5810.312
2025-09-15T09:00:00+00:00,114697.00,115000.30,114588.00,114809.20,4755.511
2025-09-15T09:15:00+00:00,114809.10,115141.90,114728.70,115038.50,2156.111
2025-09-15T09:30:00+00:00,115038.60,115055.00,114862.00,114883.60,1166.818
2025-09-15T09:45:00+00:00,114883.70,114919.30,114789.80,114820.10,1380.681
2025-09-15T10:00:00+00:00,114820.10,114908.90,114767.00,114795.20,838.691
2025-09-15T10:15:00+00:00,114795.20,114896.20,114700.00,114737.50,1375.359
2025-09-15T10:30:00+00:00,114737.50,114830.40,114702.10,114728.20,769.947
2025-09-15T10:45:00+00:00,114728.20,114856.20,114700.00,114729.10,724.054
2025-09-15T11:00:00+00:00,114729.10,115023.60,114691.60,115016.00,1103.999
2025-09-15T11:15:00+00:00,115016.10,115035.30,114813.30,114863.30,1099.672
2025-09-15T11:30:00+00:00,114863.40,115167.70,114826.50,115027.30,1563.131
2025-09-15T11:45:00+00:00,115027.30,115077.70,114905.20,115009.00,646.680
2025-09-15T12:00:00+00:00,115009.00,115034.50,114810.10,114846.30,858.535
2025-09-15T12:15:00+00:00,114846.30,114977.00,114740.70,114752.20,623.101
2025-09-15T12:30:00+00:00,114752.30,114852.30,114740.50,114832.40,579.625
2025-09-15T12:45:00+00:00,114832.30,114832.30,114621.30,114686.70,1143.857
2025-09-15T13:00:00+00:00,114686.70,114769.20,114560.20,114725.50,1322.617
2025-09-15T13:15:00+00:00,114725.60,115017.90,114679.20,114984.90,1291.078
2025-09-15T13:30:00+00:00,114985.00,115045.50,114338.50,114425.90,6191.601
2025-09-15T13:45:00+00:00,114425.90,114861.00,114421.10,114610.70,3040.360
2025-09-15T14:00:00+00:00,114610.70,114646.70,114400.00,114595.60,1775.044
2025-09-15T14:15:00+00:00,114595.60,114984.90,114544.70,114960.70,1350.741
2025-09-15T14:30:00+00:00,114960.80,114968.30,114680.00,114871.90,1098.620
2025-09-15T14:45:00+00:00,114871.80,114930.00,114618.30,114618.30,597.700
2025-09-15T15:00:00+00:00,114618.30,114641.30,114404.20,114461.80,1615.464
2025-09-15T15:15:00+00:00,114461.90,114697.00,114340.00,114626.60,1623.699
2025-09-15T15:30:00+00:00,114626.70,114813.60,114402.60,114639.10,1476.670
2025-09-15T15:45:00+00:00,114639.10,114869.30,114513.80,114788.40,1293.197
2025-09-15T16:00:00+00:00,114788.10,114822.90,114600.00,114805.60,899.486
2025-09-15T16:15:00+00:00,114805.60,114878.20,114615.30,114628.80,529.857
2025-09-15T16:30:00+00:00,114628.90,114886.50,114555.00,114883.90,543.781
2025-09-15T16:45:00+00:00,114884.00,114884.00,114542.60,114618.90,696.561
2025-09-15T17:00:00+00:00,114618.90,114874.40,114553.30,114776.90,628.012
2025-09-15T17:15:00+00:00,114776.90,114845.30,114550.20,114679.50,659.853
2025-09-15T17:30:00+00:00,114679.50,114874.00,114651.00,114850.10,525.041
2025-09-15T17:45:00+00:00,114850.00,115086.60,114751.30,115075.90,898.407
2025-09-15T18:00:00+00:00,115075.90,115179.00,114848.40,114900.10,1104.557
2025-09-15T18:15:00+00:00,114900.00,115000.00,114855.90,114878.50,377.169
2025-09-15T18:30:00+00:00,114878.50,114980.30,114843.00,114889.50,516.771
2025-09-15T18:45:00+00:00,114889.60,115306.80,114880.00,115252.70,1094.255
2025-09-15T19:00:00+00:00,115252.70,115475.90,115057.20,115133.70,1883.191
2025-09-15T19:15:00+00:00,115133.70,115179.60,114996.60,115044.50,1584.062
2025-09-15T19:30:00+00:00,115044.40,115528.80,114901.70,115387.00,1805.446
2025-09-15T19:45:00+00:00,115387.10,115423.90,115191.30,115246.70,541.936
2025-09-15T20:00:00+00:00,115246.70,115444.10,115209.80,115410.00,518.965
2025-09-15T20:15:00+00:00,115410.00,115436.40,115214.10,115223.90,702.745
2025-09-15T20:30:00+00:00,115223.80,115295.80,115143.00,115199.30,518.000
2025-09-15T20:45:00+00:00,115199.40,115331.00,115141.40,115331.00,360.892
2025-09-15T21:00:00+00:00,115331.10,115360.80,115224.10,115248.20,306.466
2025-09-15T21:15:00+00:00,115248.30,115416.10,115234.60,115382.30,350.910
2025-09-15T21:30:00+00:00,115382.30,115464.40,115335.60,115464.30,234.994
2025-09-15T21:45:00+00:00,115464.40,115478.90,115425.10,115456.60,264.297
2025-09-15T22:00:00+00:00,115456.60,115550.00,115204.20,115354.20,764.067
2025-09-15T22:15:00+00:00,115354.20,115413.90,115308.30,115382.40,320.703
2025-09-15T22:30:00+00:00,115382.40,115390.00,115160.00,115193.10,325.609
2025-09-15T22:45:00+00:00,115193.00,115255.80,115161.30,115224.10,284.727
2025-09-15T23:00:00+00:00,115224.00,115290.00,115171.00,115290.00,308.729
2025-09-15T23:15:00+00:00,115290.00,115425.00,115274.50,115416.90,362.768
2025-09-15T23:30:00+00:00,115416.90,115422.00,115276.10,115293.40,446.162
2025-09-15T23:45:00+00:00,115293.40,115372.70,115251.20,115300.60,391.248
2025-09-16T00:00:00+00:00,115300.50,115300.60,115156.50,115164.80,364.193
2025-09-16T00:15:00+00:00,115164.70,115210.40,114958.90,114975.90,1066.076
2025-09-16T00:30:00+00:00,114975.90,115150.00,114973.20,115084.90,555.468
2025-09-16T00:45:00+00:00,115084.80,115084.90,114890.00,115033.50,542.961
2025-09-16T01:00:00+00:00,115033.60,115244.90,115033.60,115201.20,536.255
2025-09-16T01:15:00+00:00,115201.20,115490.80,115162.10,115365.00,722.589
2025-09-16T01:30:00+00:00,115365.10,115446.70,115072.20,115120.00,691.750
2025-09-16T01:45:00+00:00,115119.90,115224.80,114950.00,114964.40,672.350
2025-09-16T02:00:00+00:00,114964.40,115114.70,114964.40,115099.60,362.872
2025-09-16T02:15:00+00:00,115099.70,115187.60,115023.60,115107.60,391.844
2025-09-16T02:30:00+00:00,115107.50,115170.40,115001.00,115046.40,277.240
2025-09-16T02:45:00+00:00,115046.30,115086.60,114969.90,114969.90,316.492
2025-09-16T03:00:00+00:00,114969.90,115129.60,114969.90,115062.00,280.448
2025-09-16T03:15:00+00:00,115062.00,115138.10,115038.40,115136.00,335.940
2025-09-16T03:30:00+00:00,115136.00,115380.10,115135.90,115362.30,815.989
2025-09-16T03:45:00+00:00,115362.40,115375.90,115250.00,115250.90,342.139
2025-09-16T04:00:00+00:00,115250.80,115370.80,115030.40,115052.70,1564.091
2025-09-16T04:15:00+00:00,115052.60,115270.00,114867.00,115252.00,972.815
2025-09-16T04:30:00+00:00,115252.00,115324.00,115172.10,115323.90,440.020
2025-09-16T04:45:00+00:00,115324.00,115512.00,115252.50,115458.30,1544.264
2025-09-16T05:00:00+00:00,115458.40,115854.90,115397.60,115774.40,2351.429
2025-09-16T05:15:00+00:00,115774.40,115830.00,115487.60,115681.80,1918.335
2025-09-16T05:30:00+00:00,115681.90,115800.00,115637.70,115790.50,1380.550
2025-09-16T05:45:00+00:00,115790.60,115912.20,115750.00,115893.30,1540.664
2025-09-16T06:00:00+00:00,115893.20,115968.00,115767.70,115952.40,1519.306
2025-09-16T06:15:00+00:00,115952.50,115965.00,115609.00,115677.10,1322.969
2025-09-16T06:30:00+00:00,115677.10,115750.00,115547.10,115750.00,1596.735
2025-09-16T06:45:00+00:00,115749.90,115798.20,115640.00,115724.00,444.468
2025-09-16T07:00:00+00:00,115724.10,115854.50,115692.30,115784.90,843.254
2025-09-16T07:15:00+00:00,115784.90,115835.70,115744.30,115788.40,347.669
2025-09-16T07:30:00+00:00,115788.40,115823.00,115666.00,115750.00,370.408
2025-09-16T07:45:00+00:00,115750.00,115799.50,115715.70,115799.40,375.296
2025-09-16T08:00:00+00:00,115799.40,115923.00,115750.00,115905.10,822.227
2025-09-16T08:15:00+00:00,115905.00,115945.00,115700.00,115701.20,667.662
2025-09-16T08:30:00+00:00,115701.20,115712.20,115465.80,115551.70,1646.320
2025-09-16T08:45:00+00:00,115551.60,115696.10,115540.00,115616.40,443.808
2025-09-16T09:00:00+00:00,115616.40,115666.50,115552.50,115563.00,356.993
2025-09-16T09:15:00+00:00,115563.10,115668.50,115538.40,115538.40,306.893
2025-09-16T09:30:00+00:00,115538.50,115571.90,115470.70,115470.70,345.612
2025-09-16T09:45:00+00:00,115470.80,115496.70,115374.00,115420.50,561.162
2025-09-16T10:00:00+00:00,115420.60,115489.50,115333.30,115393.00,755.759
2025-09-16T10:15:00+00:00,115393.10,115552.60,115384.00,115465.60,457.770
2025-09-16T10:30:00+00:00,115465.70,115508.10,115378.40,115378.40,399.282
2025-09-16T10:45:00+00:00,115378.40,115443.80,115311.40,115318.50,372.517
2025-09-16T11:00:00+00:00,115318.40,115340.00,115157.00,115203.10,1091.066
2025-09-16T11:15:00+00:00,115203.00,115327.30,115151.00,115285.70,755.019
2025-09-16T11:30:00+00:00,115285.60,115384.60,115278.80,115285.80,486.750
2025-09-16T11:45:00+00:00,115285.80,115349.50,115222.00,115222.20,435.089
2025-09-16T12:00:00+00:00,115222.10,115346.90,115222.10,115317.60,390.205
2025-09-16T12:15:00+00:00,115317.50,115395.90,115228.60,115284.10,684.828
2025-09-16T12:30:00+00:00,115284.00,115421.40,115258.80,115384.00,552.239
2025-09-16T12:45:00+00:00,115384.00,115414.50,115319.00,115393.10,547.889
2025-09-16T13:00:00+00:00,115393.20,115473.60,115326.40,115338.30,636.641
2025-09-16T13:15:00+00:00,115338.30,115511.00,115199.90,115407.20,1064.997
2025-09-16T13:30:00+00:00,115407.10,115463.50,115000.00,115037.70,2304.235
2025-09-16T13:45:00+00:00,115037.70,115154.60,114600.00,115154.60,5486.794
2025-09-16T14:00:00+00:00,115154.50,115246.60,114769.20,114939.20,3220.369
2025-09-16T14:15:00+00:00,114939.10,115221.90,114864.70,114957.80,2359.619
2025-09-16T14:30:00+00:00,114957.90,115115.80,114865.00,114994.80,876.083
2025-09-16T14:45:00+00:00,114994.80,115268.60,114986.60,115231.10,955.988
2025-09-16T15:00:00+00:00,115231.10,115231.10,114985.40,114995.00,697.578
2025-09-16T15:15:00+00:00,114995.00,115176.40,114975.40,115068.50,504.554
2025-09-16T15:30:00+00:00,115068.50,115316.20,115068.50,115315.00,730.499
2025-09-16T15:45:00+00:00,115315.00,115878.20,115315.00,115877.90,3546.478
2025-09-16T16:00:00+00:00,115877.90,115990.00,115701.80,115717.10,2930.103
2025-09-16T16:15:00+00:00,115717.10,115867.60,115549.90,115819.90,1324.574
2025-09-16T16:30:00+00:00,115819.90,115864.70,115742.10,115800.40,676.294
2025-09-16T16:45:00+00:00,115800.40,116050.00,115780.20,116021.00,914.182
2025-09-16T17:00:00+00:00,116021.00,116561.00,116010.00,116492.10,4809.527
2025-09-16T17:15:00+00:00,116492.10,116750.00,116492.10,116704.00,3825.529
2025-09-16T17:30:00+00:00,116704.00,116830.00,116288.00,116446.40,4358.199
2025-09-16T17:45:00+00:00,116446.40,116600.00,116350.00,116414.80,1216.472
2025-09-16T18:00:00+00:00,116414.70,116733.70,116414.70,116501.20,1851.696
2025-09-16T18:15:00+00:00,116501.30,116660.80,116378.80,116426.00,1069.545
2025-09-16T18:30:00+00:00,116426.00,116433.60,116166.30,116228.40,1036.345
2025-09-16T18:45:00+00:00,116228.30,116454.70,116211.30,116372.60,760.876
2025-09-16T19:00:00+00:00,116372.50,116531.90,116340.30,116531.90,866.745
2025-09-16T19:15:00+00:00,116531.80,116542.80,116386.90,116430.00,505.366
2025-09-16T19:30:00+00:00,116430.00,116530.00,116360.00,116529.90,488.988
2025-09-16T19:45:00+00:00,116530.00,116779.90,116530.00,116758.00,1793.052
2025-09-16T20:00:00+00:00,116757.10,116829.30,116706.60,116821.00,851.145
2025-09-16T20:15:00+00:00,116821.10,116879.70,116655.40,116674.80,1012.461
2025-09-16T20:30:00+00:00,116674.90,116829.20,116674.80,116825.30,454.931
2025-09-16T20:45:00+00:00,116825.40,116838.30,116783.70,116783.70,408.614
2025-09-16T21:00:00+00:00,116783.80,116888.00,116579.80,116579.80,1012.310
2025-09-16T21:15:00+00:00,116579.80,116710.30,116543.70,116559.90,606.753
2025-09-16T21:30:00+00:00,116559.90,116663.50,116559.90,116612.30,456.334
2025-09-16T21:45:00+00:00,116612.30,116806.00,116591.90,116757.10,286.788
2025-09-16T22:00:00+00:00,116757.10,116910.80,116757.10,116837.10,998.421
2025-09-16T22:15:00+00:00,116837.10,116880.90,116786.40,116802.90,526.380
2025-09-16T22:30:00+00:00,116803.00,116816.90,116643.30,116732.50,621.767
2025-09-16T22:45:00+00:00,116732.40,116835.20,116708.30,116802.80,427.564
2025-09-16T23:00:00+00:00,116802.80,116854.20,116766.40,116842.30,506.604
2025-09-16T23:15:00+00:00,116842.30,116866.60,116660.20,116684.50,569.892
2025-09-16T23:30:00+00:00,116684.50,116800.00,116638.00,116645.80,498.502
2025-09-16T23:45:00+00:00,116645.90,116758.40,116565.80,116747.30,510.421
2025-09-17T00:00:00+00:00,116747.30,116786.60,116561.60,116561.70,582.265
2025-09-17T00:15:00+00:00,116561.60,116685.00,116561.60,116628.30,565.430
2025-09-17T00:30:00+00:00,116628.40,116651.70,116550.00,116632.30,372.889
2025-09-17T00:45:00+00:00,116632.30,116639.70,116501.00,116512.90,698.825
2025-09-17T01:00:00+00:00,116512.90,116580.00,116511.80,116580.00,388.783
2025-09-17T01:15:00+00:00,116579.90,116720.00,116450.00,116674.30,1004.635
2025-09-17T01:30:00+00:00,116674.30,116674.40,116480.00,116596.30,409.523
2025-09-17T01:45:00+00:00,116596.40,116635.20,116556.30,116621.90,251.502
2025-09-17T02:00:00+00:00,116622.00,116622.00,116504.20,116612.10,466.448
2025-09-17T02:15:00+00:00,116612.10,116715.80,116612.00,116709.90,493.119
2025-09-17T02:30:00+00:00,116710.00,116874.00,116709.90,116834.70,758.138
2025-09-17T02:45:00+00:00,116834.70,117081.90,116633.10,116633.20,2067.202
2025-09-17T03:00:00+00:00,116633.10,116714.00,116551.00,116653.50,1012.992
2025-09-17T03:15:00+00:00,116653.50,116713.20,116408.70,116475.50,1091.304
2025-09-17T03:30:00+00:00,116475.50,116523.80,116379.30,116423.70,663.256
2025-09-17T03:45:00+00:00,116423.80,116443.80,116317.00,116320.10,895.526
2025-09-17T04:00:00+00:00,116320.20,116433.30,116310.00,116382.90,539.420
2025-09-17T04:15:00+00:00,116382.90,116383.00,116245.80,116269.20,675.241
2025-09-17T04:30:00+00:00,116269.20,116269.20,116168.00,116196.10,550.316
2025-09-17T04:45:00+00:00,116196.10,116344.80,116107.20,116264.80,1525.454
2025-09-17T05:00:00+00:00,116264.80,116559.70,116264.70,116510.00,1479.901
2025-09-17T05:15:00+00:00,116510.00,116630.00,116466.20,116504.30,774.672
2025-09-17T05:30:00+00:00,116504.20,116654.60,116504.20,116626.00,537.618
2025-09-17T05:45:00+00:00,116625.90,117200.00,116533.50,117070.50,6176.431
2025-09-17T06:00:00+00:00,117070.40,117184.80,116952.00,117018.00,1942.325
2025-09-17T06:15:00+00:00,117018.00,117096.00,116943.50,117000.10,831.000
2025-09-17T06:30:00+00:00,117000.00,117140.40,116930.00,117107.00,860.288
2025-09-17T06:45:00+00:00,117106.90,117266.40,116989.00,117180.40,1118.164
2025-09-17T07:00:00+00:00,117180.30,117204.10,117072.90,117133.70,711.200
2025-09-17T07:15:00+00:00,117133.70,117233.50,117108.10,117183.10,932.339
2025-09-17T07:30:00+00:00,117183.10,117217.50,117116.30,117145.70,658.191
2025-09-17T07:45:00+00:00,117145.70,117184.90,117108.10,117120.50,591.165
2025-09-17T08:00:00+00:00,117120.50,117156.60,116950.10,116950.10,901.623
2025-09-17T08:15:00+00:00,116950.20,116986.50,116858.80,116858.80,876.231
2025-09-17T08:30:00+00:00,116858.80,116858.90,116639.40,116704.40,2614.543
2025-09-17T08:45:00+00:00,116704.50,116835.90,116680.10,116801.00,949.790
2025-09-17T09:00:00+00:00,116801.00,116801.00,116636.40,116666.50,669.735
2025-09-17T09:15:00+00:00,116666.50,116724.40,116573.50,116704.80,678.493
2025-09-17T09:30:00+00:00,116704.80,116749.40,116644.20,116644.20,555.898
2025-09-17T09:45:00+00:00,116644.30,116666.00,116502.30,116503.90,712.349
2025-09-17T10:00:00+00:00,116503.90,116563.30,116419.20,116431.40,901.855
2025-09-17T10:15:00+00:00,116431.40,116453.70,116346.60,116346.60,718.214
2025-09-17T10:30:00+00:00,116346.70,116417.70,116324.20,116353.70,873.261
2025-09-17T10:45:00+00:00,116353.80,116353.80,116212.10,116317.50,834.112
2025-09-17T11:00:00+00:00,116317.50,116332.90,116214.20,116292.90,1019.931
2025-09-17T11:15:00+00:00,116292.90,116314.60,116202.60,116265.90,742.725
2025-09-17T11:30:00+00:00,116265.90,116265.90,116220.00,116240.90,601.996
2025-09-17T11:45:00+00:00,116240.90,116310.00,116197.00,116200.10,1097.142
2025-09-17T12:00:00+00:00,116200.10,116319.60,116150.00,116298.10,1128.780
2025-09-17T12:15:00+00:00,116298.10,116345.40,116190.70,116312.80,961.466
2025-09-17T12:30:00+00:00,116312.70,116493.00,116034.00,116159.90,2570.857
2025-09-17T12:45:00+00:00,116159.80,116229.90,116052.00,116150.00,890.199
2025-09-17T13:00:00+00:00,116150.10,116153.80,116030.00,116072.60,1398.707
2025-09-17T13:15:00+00:00,116072.60,116287.80,116057.80,116200.00,894.546
2025-09-17T13:30:00+00:00,116199.90,116255.40,115901.40,115946.90,2674.686
2025-09-17T13:45:00+00:00,115946.90,116186.40,115847.70,116066.90,1935.159
2025-09-17T14:00:00+00:00,116067.10,116207.30,115967.00,116125.00,1396.096
2025-09-17T14:15:00+00:00,116125.00,116136.00,115555.00,115610.30,3466.625
2025-09-17T14:30:00+00:00,115610.30,115699.10,115340.00,115542.40,4638.802
2025-09-17T14:45:00+00:00,115542.40,115680.10,115433.20,115557.60,1566.679
2025-09-17T15:00:00+00:00,115557.50,115743.60,115483.40,115722.00,1245.194
2025-09-17T15:15:00+00:00,115722.00,115744.50,115587.30,115590.10,917.527
2025-09-17T15:30:00+00:00,115590.10,115786.00,115590.00,115778.50,1369.531
2025-09-17T15:45:00+00:00,115778.40,115837.60,115693.10,115825.10,879.219
2025-09-17T16:00:00+00:00,115825.10,115825.10,115524.00,115524.10,1179.639
2025-09-17T16:15:00+00:00,115524.10,115647.10,115480.00,115647.00,802.429
2025-09-17T16:30:00+00:00,115647.10,115647.10,115386.00,115421.20,1417.400
2025-09-17T16:45:00+00:00,115421.20,115658.00,115325.50,115594.50,2091.785
2025-09-17T17:00:00+00:00,115594.40,115762.90,115589.00,115626.70,1515.948
2025-09-17T17:15:00+00:00,115626.70,115682.20,115525.10,115631.70,544.013
2025-09-17T17:30:00+00:00,115631.70,116251.00,115602.00,115979.30,2835.127
2025-09-17T17:45:00+00:00,115979.20,116109.10,115400.00,115464.00,3970.692
2025-09-17T18:00:00+00:00,115476.90,116316.00,115359.00,115416.00,13490.079
2025-09-17T18:15:00+00:00,115416.00,115954.70,114820.00,115920.00,9206.388
2025-09-17T18:30:00+00:00,115920.00,115920.10,114811.20,114848.40,5227.875
2025-09-17T18:45:00+00:00,114848.40,115405.40,114623.30,115184.10,7793.113
2025-09-17T19:00:00+00:00,115184.10,115833.00,115026.70,115456.00,5819.802
2025-09-17T19:15:00+00:00,115456.10,115950.00,115374.60,115692.70,3466.899
2025-09-17T19:30:00+00:00,115692.70,115780.80,115525.20,115687.80,1341.250
2025-09-17T19:45:00+00:00,115687.80,115736.70,115526.60,115587.60,883.003
2025-09-17T20:00:00+00:00,115587.50,116084.10,115551.00,115986.30,1744.245
2025-09-17T20:15:00+00:00,115986.30,115986.30,115651.10,115754.30,1158.886
2025-09-17T20:30:00+00:00,115754.30,115847.60,115615.40,115645.90,556.851
2025-09-17T20:45:00+00:00,115645.90,115720.20,115430.90,115561.50,933.553
2025-09-17T21:00:00+00:00,115561.50,115752.00,115257.10,115730.40,1327.123
2025-09-17T21:15:00+00:00,115730.40,115852.30,115628.20,115740.20,678.799
2025-09-17T21:30:00+00:00,115740.20,115919.90,115700.00,115901.20,448.121
2025-09-17T21:45:00+00:00,115901.20,116077.70,115840.20,115986.80,658.811
2025-09-17T22:00:00+00:00,115986.80,116229.80,115974.60,116204.40,1342.699
2025-09-17T22:15:00+00:00,116204.30,116310.70,116074.50,116162.50,1322.356
2025-09-17T22:30:00+00:00,116162.40,116338.00,116132.00,116285.10,834.475
2025-09-17T22:45:00+00:00,116285.00,116772.00,116224.10,116507.90,4223.670
2025-09-17T23:00:00+00:00,116508.00,116940.00,116507.90,116761.00,3466.340
2025-09-17T23:15:00+00:00,116761.10,116832.60,116450.00,116504.00,1454.776
2025-09-17T23:30:00+00:00,116504.00,116615.20,116253.50,116338.80,1248.966
2025-09-17T23:45:00+00:00,116338.70,116491.70,116337.70,116402.50,832.424
2025-09-18T00:00:00+00:00,116402.60,116431.60,116156.20,116232.50,1405.900
2025-09-18T00:15:00+00:00,116232.50,116325.40,116033.50,116133.30,1374.233
2025-09-18T00:30:00+00:00,116133.30,116410.70,116133.10,116332.10,672.009
2025-09-18T00:45:00+00:00,116332.00,116388.10,116202.80,116291.80,767.773
2025-09-18T01:00:00+00:00,116291.90,116580.00,116281.70,116554.10,781.268
2025-09-18T01:15:00+00:00,116554.00,116622.00,116422.60,116509.10,867.555
2025-09-18T01:30:00+00:00,116509.10,116830.60,116390.30,116783.60,1250.140
2025-09-18T01:45:00+00:00,116783.60,116828.50,116579.80,116587.20,1267.109
2025-09-18T02:00:00+00:00,116587.20,116634.20,116480.90,116591.10,915.748
2025-09-18T02:15:00+00:00,116591.10,116664.10,116376.00,116442.10,807.189
2025-09-18T02:30:00+00:00,116442.10,116587.00,116440.60,116575.30,320.717
2025-09-18T02:45:00+00:00,116575.20,116907.10,116575.20,116888.40,1367.677
2025-09-18T03:00:00+00:00,116888.40,117549.80,116838.40,117397.90,8578.415
2025-09-18T03:15:00+00:00,117397.80,117773.90,117397.80,117712.90,4379.432
2025-09-18T03:30:00+00:00,117712.80,117865.90,117556.80,117637.80,3025.023
2025-09-18T03:45:00+00:00,117637.80,117734.90,117468.00,117531.20,2564.407
2025-09-18T04:00:00+00:00,117531.30,117713.50,117531.20,117612.40,1300.892
2025-09-18T04:15:00+00:00,117612.40,117707.60,117297.00,117330.10,2308.766
2025-09-18T04:30:00+00:00,117330.20,117410.00,117169.20,117374.90,1932.782
2025-09-18T04:45:00+00:00,117374.90,117567.40,117370.00,117567.30,1120.404
2025-09-18T05:00:00+00:00,117567.30,117567.40,117370.00,117406.60,655.144
2025-09-18T05:15:00+00:00,117406.60,117458.80,117180.00,117204.00,842.336
2025-09-18T05:30:00+00:00,117204.10,117280.30,117151.40,117183.90,622.981
2025-09-18T05:45:00+00:00,117184.00,117260.10,117136.00,117228.00,695.609
2025-09-18T06:00:00+00:00,117228.10,117289.10,116915.40,117024.20,2247.934
2025-09-18T06:15:00+00:00,117024.20,117116.90,116858.00,116907.00,1288.306
2025-09-18T06:30:00+00:00,116906.90,117018.00,116834.50,117013.50,801.145
2025-09-18T06:45:00+00:00,117013.50,117069.90,116888.80,117044.80,957.906
2025-09-18T07:00:00+00:00,117044.80,117165.50,117005.00,117103.40,970.229
2025-09-18T07:15:00+00:00,117103.40,117150.00,117013.90,117037.70,452.451
2025-09-18T07:30:00+00:00,117037.80,117150.00,117037.70,117150.00,593.474
2025-09-18T07:45:00+00:00,117149.90,117153.80,117000.00,117033.60,560.564
2025-09-18T08:00:00+00:00,117033.70,117200.00,116960.30,117181.30,956.310
2025-09-18T08:15:00+00:00,117181.20,117381.90,117141.20,117266.20,1403.810
2025-09-18T08:30:00+00:00,117266.20,117314.10,117126.10,117141.20,596.817
2025-09-18T08:45:00+00:00,117141.10,117211.90,117023.60,117187.10,475.292
2025-09-18T09:00:00+00:00,117187.10,117277.90,117084.80,117200.00,696.749
2025-09-18T09:15:00+00:00,117200.10,117309.90,117200.00,117202.50,358.689
2025-09-18T09:30:00+00:00,117202.40,117218.20,117065.00,117130.20,696.799
2025-09-18T09:45:00+00:00,117130.10,117280.00,117130.10,117251.40,432.280
2025-09-18T10:00:00+00:00,117251.40,117260.40,117160.00,117209.30,447.708
2025-09-18T10:15:00+00:00,117209.30,117244.80,117078.00,117078.00,532.662
2025-09-18T10:30:00+00:00,117078.10,117127.50,117039.00,117049.90,492.393
2025-09-18T10:45:00+00:00,117049.90,117143.60,117025.80,117143.40,479.996
2025-09-18T11:00:00+00:00,117143.50,117248.10,117073.00,117126.80,473.779
2025-09-18T11:15:00+00:00,117126.90,117263.90,117126.80,117191.50,971.122
2025-09-18T11:30:00+00:00,117191.50,117219.10,117055.00,117088.00,311.821
2025-09-18T11:45:00+00:00,117088.00,117088.00,116955.00,117015.00,731.577
2025-09-18T12:00:00+00:00,117015.00,117215.90,116920.10,117192.90,1350.344
2025-09-18T12:15:00+00:00,117192.90,117239.80,117110.70,117191.40,659.525
2025-09-18T12:30:00+00:00,117191.40,117221.70,117007.00,117151.40,814.147
2025-09-18T12:45:00+00:00,117151.40,117160.20,117002.20,117074.00,412.608
2025-09-18T13:00:00+00:00,117074.00,117329.50,117002.10,117328.50,710.507
2025-09-18T13:15:00+00:00,117328.60,117417.00,117282.90,117378.90,1139.171
2025-09-18T13:30:00+00:00,117378.80,117600.00,117108.10,117122.80,2637.904
2025-09-18T13:45:00+00:00,117122.80,117408.40,116913.90,117381.50,2350.246
2025-09-18T14:00:00+00:00,117381.50,117600.00,117340.20,117481.20,2210.077
2025-09-18T14:15:00+00:00,117481.20,117789.90,117433.20,117638.90,2405.570
2025-09-18T14:30:00+00:00,117638.90,117766.80,117549.90,117713.40,1721.901
2025-09-18T14:45:00+00:00,117713.30,117721.20,117575.00,117575.10,853.269
2025-09-18T15:00:00+00:00,117575.10,117625.00,117351.20,117361.60,1488.044
2025-09-18T15:15:00+00:00,117361.60,117536.80,117261.00,117279.90,997.821
2025-09-18T15:30:00+00:00,117280.00,117431.50,117280.00,117386.60,623.849
2025-09-18T15:45:00+00:00,117386.70,117656.00,117379.60,117530.30,1722.586
2025-09-18T16:00:00+00:00,117530.20,117650.00,117444.00,117644.00,869.452
2025-09-18T16:15:00+00:00,117644.00,117750.00,117618.30,117653.40,913.649
2025-09-18T16:30:00+00:00,117653.50,117728.00,117502.50,117700.10,696.207
2025-09-18T16:45:00+00:00,117700.00,117735.30,117482.40,117510.60,670.535
2025-09-18T17:00:00+00:00,117510.60,117729.60,117441.90,117617.00,1137.072
2025-09-18T17:15:00+00:00,117617.10,117694.70,117455.60,117497.40,497.421
2025-09-18T17:30:00+00:00,117497.40,117590.20,117365.00,117433.50,518.544
2025-09-18T17:45:00+00:00,117433.60,117532.70,117414.70,117530.20,354.311
2025-09-18T18:00:00+00:00,117530.20,117777.00,117450.00,117777.00,979.267
2025-09-18T18:15:00+00:00,117776.90,117875.20,117679.10,117745.20,1267.451
2025-09-18T18:30:00+00:00,117745.30,117752.00,117635.00,117749.10,575.406
2025-09-18T18:45:00+00:00,117749.00,117830.00,117749.00,117760.00,536.500
2025-09-18T19:00:00+00:00,117760.00,117760.10,117652.90,117664.30,458.270
2025-09-18T19:15:00+00:00,117664.30,117664.30,117400.00,117401.80,799.431
2025-09-18T19:30:00+00:00,117401.80,117432.90,117133.00,117237.40,1431.197
2025-09-18T19:45:00+00:00,117237.40,117448.00,117141.80,117403.00,752.307
2025-09-18T20:00:00+00:00,117402.90,117467.40,117279.80,117392.30,586.907
2025-09-18T20:15:00+00:00,117392.20,117461.00,117301.20,117440.90,325.274
2025-09-18T20:30:00+00:00,117441.00,117605.80,117441.00,117599.70,443.082
2025-09-18T20:45:00+00:00,117599.70,117605.70,117454.80,117454.80,443.310
2025-09-18T21:00:00+00:00,117454.80,117454.80,117277.70,117277.70,407.212
2025-09-18T21:15:00+00:00,117277.70,117384.80,117259.90,117384.70,264.248
2025-09-18T21:30:00+00:00,117384.70,117417.00,117309.60,117309.70,191.635
2025-09-18T21:45:00+00:00,117309.60,117378.50,117233.00,117233.00,198.368
2025-09-18T22:00:00+00:00,117233.10,117243.50,117152.90,117152.90,523.138
2025-09-18T22:15:00+00:00,117153.00,117251.40,117140.00,117203.20,470.444
2025-09-18T22:30:00+00:00,117203.10,117275.70,117188.50,117241.00,358.879
2025-09-18T22:45:00+00:00,117240.90,117241.00,116961.10,116995.00,2466.862
2025-09-18T23:00:00+00:00,116995.00,116995.00,116489.70,116715.40,5189.176
2025-09-18T23:15:00+00:00,116715.50,116778.00,116582.60,116766.00,1193.960
2025-09-18T23:30:00+00:00,116766.00,116978.00,116765.90,116927.50,972.333
2025-09-18T23:45:00+00:00,116927.50,117125.00,116914.40,117017.10,872.978
2025-09-19T00:00:00+00:00,117017.10,117100.00,116960.80,117013.20,724.139
2025-09-19T00:15:00+00:00,117013.20,117280.20,117009.40,117173.50,1240.302
2025-09-19T00:30:00+00:00,117173.50,117333.00,117158.20,117333.00,476.676
2025-09-19T00:45:00+00:00,117332.90,117375.10,117270.70,117359.90,757.635
2025-09-19T01:00:00+00:00,117360.00,117406.80,117190.00,117220.50,752.123
2025-09-19T01:15:00+00:00,117220.40,117328.90,117157.70,117290.30,422.530
2025-09-19T01:30:00+00:00,117290.30,117337.20,117058.00,117058.00,724.440
2025-09-19T01:45:00+00:00,117058.00,117214.90,117054.10,117184.00,451.403
2025-09-19T02:00:00+00:00,117184.00,117234.50,116990.80,116999.10,469.221
2025-09-19T02:15:00+00:00,116999.00,117078.70,116990.90,117057.00,398.937
2025-09-19T02:30:00+00:00,117057.00,117174.90,117000.00,117043.20,463.808
2025-09-19T02:45:00+00:00,117043.10,117150.00,117035.70,117054.80,379.466
2025-09-19T03:00:00+00:00,117054.90,117177.00,117054.80,117156.00,304.617
2025-09-19T03:15:00+00:00,117156.00,117237.00,117010.70,117030.10,454.277
2025-09-19T03:30:00+00:00,117030.10,117038.20,116831.00,116912.10,1345.544
2025-09-19T03:45:00+00:00,116912.20,116936.10,116800.00,116914.20,904.092
2025-09-19T04:00:00+00:00,116914.10,116927.20,116631.60,116709.50,2022.709
2025-09-19T04:15:00+00:00,116709.50,116978.10,116709.40,116932.70,1011.237
2025-09-19T04:30:00+00:00,116932.70,117049.90,116861.60,116938.10,871.506
2025-09-19T04:45:00+00:00,116938.10,116988.20,116881.20,116929.40,352.713
2025-09-19T05:00:00+00:00,116929.40,116947.30,116823.40,116919.70,506.918
2025-09-19T05:15:00+00:00,116919.60,116966.70,116762.00,116798.60,502.068
2025-09-19T05:30:00+00:00,116798.60,116866.60,116725.00,116818.10,407.270
2025-09-19T05:45:00+00:00,116818.10,116870.20,116817.70,116837.50,237.567
2025-09-19T06:00:00+00:00,116837.60,116837.60,116705.40,116730.10,652.667
2025-09-19T06:15:00+00:00,116730.00,116814.70,116700.10,116734.90,518.690
2025-09-19T06:30:00+00:00,116734.90,116751.40,116567.30,116688.60,1113.986
2025-09-19T06:45:00+00:00,116688.60,116764.40,116611.30,116633.20,1344.063
2025-09-19T07:00:00+00:00,116633.20,116795.80,116625.10,116750.10,1552.845
2025-09-19T07:15:00+00:00,116750.10,116837.00,116743.20,116806.60,517.350
2025-09-19T07:30:00+00:00,116806.70,116943.90,116780.00,116916.40,815.108
2025-09-19T07:45:00+00:00,116916.40,116916.50,116850.00,116850.10,435.808
2025-09-19T08:00:00+00:00,116850.00,116959.80,116818.90,116941.10,650.273
2025-09-19T08:15:00+00:00,116941.20,117050.60,116937.50,117033.30,946.911
2025-09-19T08:30:00+00:00,117033.20,117037.80,116841.40,116882.60,492.073
2025-09-19T08:45:00+00:00,116882.60,116921.90,116860.00,116862.60,256.254
2025-09-19T09:00:00+00:00,116862.60,116936.10,116812.70,116927.00,445.560
2025-09-19T09:15:00+00:00,116927.10,116927.10,116729.90,116765.30,635.785
2025-09-19T09:30:00+00:00,116765.40,116843.90,116661.70,116661.70,440.407
2025-09-19T09:45:00+00:00,116661.70,116685.70,116425.00,116437.70,3103.816
2025-09-19T10:00:00+00:00,116437.70,116500.00,116368.00,116486.20,1489.688
2025-09-19T10:15:00+00:00,116486.20,116486.20,116377.20,116433.80,985.689
2025-09-19T10:30:00+00:00,116433.90,116490.90,116386.60,116473.00,661.124
2025-09-19T10:45:00+00:00,116473.10,116491.90,116426.40,116476.70,567.566
2025-09-19T11:00:00+00:00,116476.70,116501.50,116370.00,116408.50,674.525
2025-09-19T11:15:00+00:00,116408.60,116477.50,116311.00,116313.00,854.566
2025-09-19T11:30:00+00:00,116312.90,116360.10,116272.00,116302.30,964.081
2025-09-19T11:45:00+00:00,116302.30,116350.00,116250.70,116343.10,829.277
2025-09-19T12:00:00+00:00,116343.30,116426.00,116325.70,116424.70,714.734
2025-09-19T12:15:00+00:00,116424.70,116488.00,116131.20,116175.10,1810.450
2025-09-19T12:30:00+00:00,116175.00,116234.00,116125.80,116169.60,1064.768
2025-09-19T12:45:00+00:00,116169.60,116188.00,116072.00,116124.10,1392.492
2025-09-19T13:00:00+00:00,116124.10,116160.30,116065.90,116087.60,803.529
2025-09-19T13:15:00+00:00,116087.70,116318.90,116017.10,116164.30,1840.388
2025-09-19T13:30:00+00:00,116164.20,116309.50,116050.00,116226.20,1515.160
2025-09-19T13:45:00+00:00,116226.30,116416.40,116180.00,116238.70,1360.729
2025-09-19T14:00:00+00:00,116238.60,116339.00,116171.10,116257.40,885.238
2025-09-19T14:15:00+00:00,116257.30,116447.30,116157.10,116209.10,942.685
2025-09-19T14:30:00+00:00,116209.10,116303.80,116056.10,116056.20,849.037
2025-09-19T14:45:00+00:00,116056.20,116107.90,115730.00,115849.70,4560.602
2025-09-19T15:00:00+00:00,115849.70,115849.80,115408.40,115475.90,4566.630
2025-09-19T15:15:00+00:00,115475.90,115752.00,115445.30,115744.50,2381.192
2025-09-19T15:30:00+00:00,115744.40,115900.00,115584.00,115860.70,1421.264
2025-09-19T15:45:00+00:00,115860.70,115882.20,115750.00,115826.90,1187.231
2025-09-19T16:00:00+00:00,115826.90,115946.90,115735.70,115918.60,2053.568
2025-09-19T16:15:00+00:00,115918.60,115998.60,115868.80,115916.00,771.247
2025-09-19T16:30:00+00:00,115916.00,115932.20,115791.60,115932.20,522.907
2025-09-19T16:45:00+00:00,115932.10,116093.00,115932.10,116029.90,1003.983
2025-09-19T17:00:00+00:00,116030.00,116035.80,115737.20,115753.50,802.574
2025-09-19T17:15:00+00:00,115753.50,115780.00,115662.40,115739.20,620.574
2025-09-19T17:30:00+00:00,115739.20,115739.20,115500.00,115578.00,973.737
2025-09-19T17:45:00+00:00,115578.10,115654.80,115490.90,115490.90,682.592
2025-09-19T18:00:00+00:00,115490.90,115553.60,115349.30,115431.90,1363.869
2025-09-19T18:15:00+00:00,115431.90,115453.20,115333.00,115380.00,797.920
2025-09-19T18:30:00+00:00,115380.00,115575.30,115353.70,115539.20,1289.920
2025-09-19T18:45:00+00:00,115539.10,115596.00,115322.00,115365.70,794.448
2025-09-19T19:00:00+00:00,115365.70,115433.10,115231.50,115242.10,1644.550
2025-09-19T19:15:00+00:00,115242.10,115352.00,115230.00,115305.10,724.880
2025-09-19T19:30:00+00:00,115305.10,115354.90,115140.00,115140.10,1333.380
2025-09-19T19:45:00+00:00,115140.00,115159.80,115057.00,115082.40,1138.122
2025-09-19T20:00:00+00:00,115082.40,115291.50,115049.90,115262.90,1197.689
2025-09-19T20:15:00+00:00,115262.90,115380.00,115239.40,115346.90,590.717
2025-09-19T20:30:00+00:00,115346.80,115382.00,115254.20,115364.30,635.373
2025-09-19T20:45:00+00:00,115364.30,115393.60,115230.70,115306.60,513.976
2025-09-19T21:00:00+00:00,115306.50,115392.40,115255.30,115343.20,686.348
2025-09-19T21:15:00+00:00,115343.20,115410.90,115342.50,115369.60,286.541
2025-09-19T21:30:00+00:00,115369.60,115433.70,115369.60,115415.90,349.872
2025-09-19T21:45:00+00:00,115415.90,115493.70,115376.00,115411.50,309.402
2025-09-19T22:00:00+00:00,115411.40,115567.80,115411.40,115555.00,519.695
2025-09-19T22:15:00+00:00,115555.00,115564.20,115488.80,115530.10,317.280
2025-09-19T22:30:00+00:00,115530.10,115569.00,115520.70,115520.70,307.451
2025-09-19T22:45:00+00:00,115520.80,115596.50,115520.70,115550.50,284.142
2025-09-19T23:00:00+00:00,115550.50,115550.50,115431.60,115444.10,269.158
2025-09-19T23:15:00+00:00,115444.00,115485.40,115394.50,115406.30,337.508
2025-09-19T23:30:00+00:00,115406.40,115493.70,115394.50,115464.80,248.764
2025-09-19T23:45:00+00:00,115464.80,115600.00,115464.80,115569.50,354.023
2025-09-20T00:00:00+00:00,115569.60,115603.40,115532.00,115557.90,541.243
2025-09-20T00:15:00+00:00,115558.00,115558.00,115484.90,115499.30,446.587
2025-09-20T00:30:00+00:00,115499.30,115638.10,115499.20,115638.10,303.324
2025-09-20T00:45:00+00:00,115638.10,115670.00,115612.00,115656.40,289.589
2025-09-20T01:00:00+00:00,115656.30,115660.40,115556.40,115556.40,523.858
2025-09-20T01:15:00+00:00,115556.40,115657.20,115550.20,115637.40,175.502
2025-09-20T01:30:00+00:00,115637.40,115650.00,115567.40,115613.20,291.950
2025-09-20T01:45:00+00:00,115613.20,115636.30,115562.60,115562.60,252.190
2025-09-20T02:00:00+00:00,115562.60,115562.70,115427.00,115442.10,483.184
2025-09-20T02:15:00+00:00,115442.10,115479.00,115371.00,115474.60,417.989
2025-09-20T02:30:00+00:00,115474.60,115507.20,115437.60,115507.10,181.248
2025-09-20T02:45:00+00:00,115507.10,115555.30,115495.80,115544.40,147.585
2025-09-20T03:00:00+00:00,115544.40,115545.50,115406.10,115437.50,200.788
2025-09-20T03:15:00+00:00,115437.50,115491.60,115437.50,115454.20,159.849
2025-09-20T03:30:00+00:00,115454.10,115454.80,115407.00,115451.50,143.134
2025-09-20T03:45:00+00:00,115451.50,115451.60,115355.00,115394.20,227.606
2025-09-20T04:00:00+00:00,115394.30,115437.40,115371.60,115426.30,220.777
2025-09-20T04:15:00+00:00,115426.30,115448.20,115401.10,115401.10,146.240
2025-09-20T04:30:00+00:00,115401.10,115496.00,115343.00,115492.70,415.532
2025-09-20T04:45:00+00:00,115492.70,115526.60,115484.10,115511.90,200.878
2025-09-20T05:00:00+00:00,115511.90,115529.50,115459.60,115524.20,305.552
2025-09-20T05:15:00+00:00,115524.10,115556.10,115524.10,115556.10,230.099
2025-09-20T05:30:00+00:00,115556.00,115610.00,115556.00,115583.80,339.257
2025-09-20T05:45:00+00:00,115583.70,115655.30,115583.70,115655.30,267.331
2025-09-20T06:00:00+00:00,115655.30,115655.30,115571.10,115571.20,344.029
2025-09-20T06:15:00+00:00,115571.10,115624.00,115571.10,115623.30,205.196
2025-09-20T06:30:00+00:00,115623.40,115629.70,115616.50,115616.60,128.069
2025-09-20T06:45:00+00:00,115616.50,115666.10,115616.50,115643.40,243.198
2025-09-20T07:00:00+00:00,115643.40,115665.00,115624.20,115624.30,433.139
2025-09-20T07:15:00+00:00,115624.20,115685.50,115624.20,115685.40,385.295
2025-09-20T07:30:00+00:00,115685.40,115875.20,115672.90,115869.30,1298.392
2025-09-20T07:45:00+00:00,115869.30,115933.40,115818.00,115909.80,1095.561
2025-09-20T08:00:00+00:00,115909.90,115914.40,115774.30,115797.30,621.894
2025-09-20T08:15:00+00:00,115797.30,115797.40,115761.30,115761.30,218.364
2025-09-20T08:30:00+00:00,115761.40,115830.90,115761.30,115830.80,302.466
2025-09-20T08:45:00+00:00,115830.80,115830.90,115637.50,115645.00,683.481
2025-09-20T09:00:00+00:00,115645.10,115733.70,115638.80,115733.70,359.733
2025-09-20T09:15:00+00:00,115733.60,115743.10,115689.90,115695.60,333.103
2025-09-20T09:30:00+00:00,115695.60,115695.60,115607.40,115610.10,458.376
2025-09-20T09:45:00+00:00,115610.00,115634.40,115605.60,115605.70,290.197
2025-09-20T10:00:00+00:00,115605.70,115708.80,115605.60,115693.90,326.701
2025-09-20T10:15:00+00:00,115693.80,115733.80,115640.30,115675.10,451.379
2025-09-20T10:30:00+00:00,115675.10,115727.10,115660.40,115722.80,132.038
2025-09-20T10:45:00+00:00,115722.80,115739.30,115683.90,115688.40,162.625
2025-09-20T11:00:00+00:00,115688.40,115784.30,115688.40,115784.20,364.324
2025-09-20T11:15:00+00:00,115784.30,115800.00,115715.60,115715.70,555.657
2025-09-20T11:30:00+00:00,115715.60,115773.80,115715.60,115756.30,405.169
2025-09-20T11:45:00+00:00,115756.20,115857.90,115756.20,115834.90,463.521
2025-09-20T12:00:00+00:00,115834.90,115900.00,115834.80,115855.50,539.559
2025-09-20T12:15:00+00:00,115855.50,115883.80,115763.30,115763.80,433.609
2025-09-20T12:30:00+00:00,115763.80,115789.90,115750.60,115786.80,185.007
2025-09-20T12:45:00+00:00,115786.80,115820.30,115786.70,115820.20,178.661
2025-09-20T13:00:00+00:00,115820.20,115841.10,115793.50,115841.00,151.790
2025-09-20T13:15:00+00:00,115841.00,115861.40,115841.00,115852.10,163.846
2025-09-20T13:30:00+00:00,115852.20,115869.00,115833.20,115866.00,240.824
2025-09-20T13:45:00+00:00,115866.00,115897.00,115825.20,115859.00,357.743
2025-09-20T14:00:00+00:00,115859.00,115888.00,115820.10,115820.10,354.087
2025-09-20T14:15:00+00:00,115820.20,115848.00,115820.10,115837.90,263.253
2025-09-20T14:30:00+00:00,115837.90,115888.10,115837.90,115888.10,268.779
2025-09-20T14:45:00+00:00,115888.10,115975.00,115888.00,115899.10,882.703
2025-09-20T15:00:00+00:00,115899.20,116026.40,115899.10,115999.90,884.145
2025-09-20T15:15:00+00:00,116000.00,116055.10,115958.40,116046.60,710.211
2025-09-20T15:30:00+00:00,116046.60,116059.20,115934.00,115950.10,506.599
2025-09-20T15:45:00+00:00,115950.10,115950.10,115881.30,115928.50,407.014
2025-09-20T16:00:00+00:00,115928.40,115987.00,115900.00,115900.10,401.943
2025-09-20T16:15:00+00:00,115900.00,115900.10,115807.00,115889.70,571.015
2025-09-20T16:30:00+00:00,115889.80,116000.00,115889.70,115971.70,280.859
2025-09-20T16:45:00+00:00,115971.70,115977.60,115956.40,115965.80,208.332
2025-09-20T17:00:00+00:00,115965.80,116017.90,115839.80,115839.80,412.159
2025-09-20T17:15:00+00:00,115839.80,115851.40,115760.00,115791.40,525.117
2025-09-20T17:30:00+00:00,115791.50,115828.10,115791.40,115815.80,207.657
2025-09-20T17:45:00+00:00,115815.80,115815.80,115756.60,115760.00,312.024
2025-09-20T18:00:00+00:00,115760.00,115760.00,115666.60,115666.70,443.794
2025-09-20T18:15:00+00:00,115666.60,115735.00,115637.30,115734.90,295.197
2025-09-20T18:30:00+00:00,115734.90,115734.90,115646.50,115678.20,216.937
2025-09-20T18:45:00+00:00,115678.20,115680.00,115640.90,115654.20,242.958
2025-09-20T19:00:00+00:00,115654.30,115672.60,115642.90,115670.20,265.255
2025-09-20T19:15:00+00:00,115670.10,115743.20,115658.00,115713.30,269.036
2025-09-20T19:30:00+00:00,115713.30,115724.50,115642.50,115642.50,186.935
2025-09-20T19:45:00+00:00,115642.50,115647.10,115636.60,115636.60,162.238
2025-09-20T20:00:00+00:00,115636.60,115693.70,115631.10,115656.80,237.324
2025-09-20T20:15:00+00:00,115656.90,115695.10,115625.70,115695.00,221.988
2025-09-20T20:30:00+00:00,115695.00,115710.70,115683.80,115705.30,141.004
2025-09-20T20:45:00+00:00,115705.30,115724.20,115653.50,115653.60,178.759
2025-09-20T21:00:00+00:00,115653.50,115758.70,115653.50,115758.50,177.212
2025-09-20T21:15:00+00:00,115758.60,115806.90,115736.60,115806.90,170.823
2025-09-20T21:30:00+00:00,115806.90,115887.60,115800.10,115817.00,331.534
2025-09-20T21:45:00+00:00,115817.00,115817.00,115696.40,115724.20,209.497
2025-09-20T22:00:00+00:00,115724.20,115740.50,115696.00,115721.40,212.930
2025-09-20T22:15:00+00:00,115721.30,115731.30,115697.00,115697.90,252.362
2025-09-20T22:30:00+00:00,115697.90,115701.60,115679.90,115680.70,157.827
2025-09-20T22:45:00+00:00,115680.70,115717.60,115680.70,115703.20,170.916
2025-09-20T23:00:00+00:00,115703.10,115703.20,115663.00,115664.10,141.355
2025-09-20T23:15:00+00:00,115664.10,115669.60,115657.10,115662.20,194.074
2025-09-20T23:30:00+00:00,115662.10,115662.20,115549.90,115578.40,749.520
2025-09-20T23:45:00+00:00,115578.30,115625.00,115578.30,115624.90,106.068
2025-09-21T00:00:00+00:00,115625.00,115664.60,115613.10,115664.50,243.967
2025-09-21T00:15:00+00:00,115664.50,115671.20,115532.60,115535.70,449.722
2025-09-21T00:30:00+00:00,115535.70,115541.40,115483.10,115541.40,476.082
2025-09-21T00:45:00+00:00,115541.40,115622.40,115534.60,115587.30,292.395
2025-09-21T01:00:00+00:00,115587.30,115587.40,115520.30,115520.40,168.763
2025-09-21T01:15:00+00:00,115520.30,115545.40,115500.00,115500.10,199.826
2025-09-21T01:30:00+00:00,115500.10,115512.60,115500.00,115500.00,179.201
2025-09-21T01:45:00+00:00,115500.10,115500.10,115435.00,115435.10,362.538
2025-09-21T02:00:00+00:00,115435.10,115524.10,115435.00,115524.00,335.596
2025-09-21T02:15:00+00:00,115524.10,115527.50,115388.00,115459.40,599.068
2025-09-21T02:30:00+00:00,115459.40,115578.80,115459.30,115566.90,359.557
2025-09-21T02:45:00+00:00,115567.00,115650.00,115566.90,115635.60,237.581
2025-09-21T03:00:00+00:00,115635.70,115661.90,115617.60,115661.90,241.804
2025-09-21T03:15:00+00:00,115662.10,115662.10,115560.70,115600.70,357.041
2025-09-21T03:30:00+00:00,115600.70,115600.70,115567.20,115570.80,153.111
2025-09-21T03:45:00+00:00,115570.70,115616.60,115570.70,115613.80,174.394
2025-09-21T04:00:00+00:00,115613.80,115614.90,115525.60,115525.60,216.877
2025-09-21T04:15:00+00:00,115525.70,115525.70,115520.00,115520.00,117.384
2025-09-21T04:30:00+00:00,115520.00,115522.00,115480.00,115480.00,197.095
2025-09-21T04:45:00+00:00,115480.00,115480.10,115440.00,115440.10,265.056
2025-09-21T05:00:00+00:00,115440.00,115483.40,115430.20,115477.30,401.296
2025-09-21T05:15:00+00:00,115477.30,115510.50,115477.30,115481.80,230.942
2025-09-21T05:30:00+00:00,115481.90,115481.90,115470.10,115479.00,222.677
2025-09-21T05:45:00+00:00,115479.00,115623.90,115478.90,115623.90,318.723
2025-09-21T06:00:00+00:00,115623.90,115743.40,115623.80,115740.10,469.029
2025-09-21T06:15:00+00:00,115740.00,115744.00,115714.50,115733.20,328.220
2025-09-21T06:30:00+00:00,115733.10,115733.20,115674.90,115697.60,312.340
2025-09-21T06:45:00+00:00,115697.50,115697.60,115633.30,115633.30,125.073
2025-09-21T07:00:00+00:00,115633.30,115649.70,115581.80,115586.20,348.551
2025-09-21T07:15:00+00:00,115586.20,115586.30,115556.70,115556.80,148.092
2025-09-21T07:30:00+00:00,115556.70,115665.50,115556.70,115632.40,533.046
2025-09-21T07:45:00+00:00,115632.40,115772.90,115632.40,115772.90,622.318
2025-09-21T08:00:00+00:00,115772.80,115778.00,115601.00,115601.00,260.107
2025-09-21T08:15:00+00:00,115601.00,115617.40,115544.30,115544.30,321.393
2025-09-21T08:30:00+00:00,115544.30,115555.00,115509.50,115543.50,396.146
2025-09-21T08:45:00+00:00,115543.40,115596.80,115525.00,115583.20,372.811
2025-09-21T09:00:00+00:00,115583.10,115588.30,115524.20,115524.20,169.323
2025-09-21T09:15:00+00:00,115524.20,115524.30,115390.00,115419.90,812.663
2025-09-21T09:30:00+00:00,115419.80,115467.00,115277.00,115455.70,1421.045
2025-09-21T09:45:00+00:00,115455.70,115660.10,115422.90,115626.20,759.594
2025-09-21T10:00:00+00:00,115626.10,115666.00,115597.80,115609.90,385.548
2025-09-21T10:15:00+00:00,115609.90,115610.00,115546.00,115576.70,235.397
2025-09-21T10:30:00+00:00,115576.70,115576.80,115503.60,115503.70,208.946
2025-09-21T10:45:00+00:00,115503.60,115509.40,115445.00,115465.10,284.415
2025-09-21T11:00:00+00:00,115465.10,115634.50,115459.00,115620.20,348.919
2025-09-21T11:15:00+00:00,115620.20,115620.30,115559.70,115616.30,226.983
2025-09-21T11:30:00+00:00,115616.30,115654.10,115616.20,115638.00,176.912
2025-09-21T11:45:00+00:00,115637.90,115637.90,115555.00,115559.30,214.515
2025-09-21T12:00:00+00:00,115559.30,115654.00,115559.30,115644.30,202.540
2025-09-21T12:15:00+00:00,115644.20,115702.20,115644.20,115666.00,347.954
2025-09-21T12:30:00+00:00,115666.10,115703.90,115666.00,115678.30,236.639
2025-09-21T12:45:00+00:00,115678.30,115678.40,115623.80,115623.80,208.441
2025-09-21T13:00:00+00:00,115623.90,115680.00,115618.20,115650.10,290.328
2025-09-21T13:15:00+00:00,115650.10,115667.00,115641.10,115667.00,103.354
2025-09-21T13:30:00+00:00,115666.90,115696.30,115583.30,115587.60,329.330
2025-09-21T13:45:00+00:00,115587.50,115612.90,115587.50,115611.00,129.084
2025-09-21T14:00:00+00:00,115611.00,115636.10,115581.00,115621.90,213.270
2025-09-21T14:15:00+00:00,115621.80,115621.90,115505.00,115526.20,243.743
2025-09-21T14:30:00+00:00,115526.30,115619.50,115436.10,115607.90,610.739
2025-09-21T14:45:00+00:00,115607.90,115638.70,115446.30,115446.40,478.785
2025-09-21T15:00:00+00:00,115446.30,115524.00,115445.00,115496.80,260.893
2025-09-21T15:15:00+00:00,115496.70,115503.90,115435.90,115435.90,164.194
2025-09-21T15:30:00+00:00,115435.90,115526.90,115413.00,115526.80,330.534
2025-09-21T15:45:00+00:00,115526.80,115557.00,115468.70,115471.10,286.530
2025-09-21T16:00:00+00:00,115471.00,115500.60,115420.60,115420.90,302.642
2025-09-21T16:15:00+00:00,115420.90,115421.00,115318.70,115358.40,547.753
2025-09-21T16:30:00+00:00,115358.30,115358.40,115250.00,115277.50,881.329
2025-09-21T16:45:00+00:00,115277.40,115277.50,115158.00,115270.80,1082.004
2025-09-21T17:00:00+00:00,115270.80,115335.30,115206.00,115330.90,519.228
2025-09-21T17:15:00+00:00,115330.90,115449.80,115241.40,115356.10,549.398
2025-09-21T17:30:00+00:00,115356.10,115367.30,115311.50,115359.30,203.074
2025-09-21T17:45:00+00:00,115359.30,115596.00,115359.20,115581.30,600.556
2025-09-21T18:00:00+00:00,115581.30,115620.00,115529.80,115567.70,406.382
2025-09-21T18:15:00+00:00,115567.70,115583.00,115482.50,115482.60,219.079
2025-09-21T18:30:00+00:00,115482.50,115542.20,115482.50,115488.90,181.134
2025-09-21T18:45:00+00:00,115488.90,115508.40,115469.60,115481.60,227.908
2025-09-21T19:00:00+00:00,115481.60,115481.60,115267.50,115296.60,554.291
2025-09-21T19:15:00+00:00,115296.60,115471.40,115296.60,115471.40,258.071
2025-09-21T19:30:00+00:00,115471.30,115471.40,115400.00,115400.00,106.782
2025-09-21T19:45:00+00:00,115400.00,115441.00,115395.90,115441.00,100.977
2025-09-21T20:00:00+00:00,115441.00,115457.70,115309.30,115345.10,202.627
2025-09-21T20:15:00+00:00,115345.10,115458.20,115345.10,115458.10,151.590
2025-09-21T20:30:00+00:00,115458.10,115458.20,115329.70,115339.90,177.212
2025-09-21T20:45:00+00:00,115339.90,115373.00,115256.20,115256.30,219.023
2025-09-21T21:00:00+00:00,115256.20,115281.60,115181.70,115257.00,367.976
2025-09-21T21:15:00+00:00,115257.00,115275.60,115197.70,115197.80,156.863
2025-09-21T21:30:00+00:00,115197.80,115362.50,115197.70,115362.50,266.146
2025-09-21T21:45:00+00:00,115362.50,115383.90,115304.00,115364.00,175.024
2025-09-21T22:00:00+00:00,115363.90,115437.50,115163.50,115178.50,737.606
2025-09-21T22:15:00+00:00,115178.40,115285.30,115137.60,115268.30,454.587
2025-09-21T22:30:00+00:00,115268.40,115452.20,115220.60,115452.10,338.831
2025-09-21T22:45:00+00:00,115452.20,115510.70,115452.10,115485.60,392.230
2025-09-21T23:00:00+00:00,115485.60,115485.70,115158.40,115240.50,732.001
2025-09-21T23:15:00+00:00,115240.40,115287.90,115150.80,115261.30,360.223
2025-09-21T23:30:00+00:00,115261.30,115293.00,115171.00,115215.90,278.178
2025-09-21T23:45:00+00:00,115215.80,115232.70,115172.00,115183.90,324.266
2025-09-22T00:00:00+00:00,115183.90,115344.60,115136.50,115229.70,577.739
2025-09-22T00:15:00+00:00,115229.70,115277.10,115083.70,115129.50,955.516
2025-09-22T00:30:00+00:00,115129.40,115129.40,114641.80,114794.90,7800.104
2025-09-22T00:45:00+00:00,114795.00,114856.00,114122.00,114335.90,6567.368
2025-09-22T01:00:00+00:00,114335.80,114578.60,114226.70,114559.50,2360.718
2025-09-22T01:15:00+00:00,114559.50,114629.40,114393.80,114593.70,2199.557
2025-09-22T01:30:00+00:00,114593.70,114700.00,114490.00,114547.80,1447.102
2025-09-22T01:45:00+00:00,114547.80,114617.50,114178.00,114211.80,2039.180
2025-09-22T02:00:00+00:00,114211.90,114520.70,114205.50,114305.10,2480.745
2025-09-22T02:15:00+00:00,114305.10,114563.40,114300.10,114460.30,1440.048
2025-09-22T02:30:00+00:00,114460.40,114460.40,114050.00,114234.70,2419.278
2025-09-22T02:45:00+00:00,114234.70,114368.00,114126.00,114126.00,675.659
2025-09-22T03:00:00+00:00,114126.10,114329.30,114126.00,114249.50,805.854
2025-09-22T03:15:00+00:00,114249.60,114403.80,114249.50,114403.80,709.372
2025-09-22T03:30:00+00:00,114403.80,114481.90,114270.00,114478.80,846.632
2025-09-22T03:45:00+00:00,114478.70,114602.90,114478.70,114602.90,892.398
2025-09-22T04:00:00+00:00,114602.90,114604.90,114382.40,114382.50,717.986
2025-09-22T04:15:00+00:00,114382.50,114500.00,114342.50,114445.50,567.750
2025-09-22T04:30:00+00:00,114445.50,114518.30,114352.90,114358.40,545.012
2025-09-22T04:45:00+00:00,114358.40,114423.00,114342.80,114380.10,796.272
2025-09-22T05:00:00+00:00,114380.10,114382.20,114300.00,114351.40,483.843
2025-09-22T05:15:00+00:00,114351.50,114499.40,114300.60,114478.50,576.367
2025-09-22T05:30:00+00:00,114478.60,114478.60,114276.20,114276.20,482.541
2025-09-22T05:45:00+00:00,114276.30,114337.30,113588.00,113635.60,2770.936
2025-09-22T06:00:00+00:00,113615.00,113636.50,111469.20,112937.00,27033.299
2025-09-22T06:15:00+00:00,112937.10,113094.30,112600.00,112752.00,5144.448
2025-09-22T06:30:00+00:00,112752.00,113000.00,112619.10,112894.60,2743.369
2025-09-22T06:45:00+00:00,112894.50,112980.20,112666.30,112748.80,1580.545
2025-09-22T07:00:00+00:00,112748.80,112837.30,112584.00,112652.20,2291.575
2025-09-22T07:15:00+00:00,112652.20,112769.20,112523.60,112730.00,1202.887
2025-09-22T07:30:00+00:00,112730.00,112937.80,112681.40,112932.90,1539.825
2025-09-22T07:45:00+00:00,112933.00,112948.80,112391.50,112454.40,5494.031
2025-09-22T08:00:00+00:00,112454.50,112698.10,112377.00,112578.90,1821.409
2025-09-22T08:15:00+00:00,112578.90,112660.00,112429.10,112566.20,1025.269
2025-09-22T08:30:00+00:00,112566.20,112698.90,112486.40,112658.90,678.866
2025-09-22T08:45:00+00:00,112659.00,112724.50,112560.00,112568.30,654.826
2025-09-22T09:00:00+00:00,112568.20,112616.50,112354.00,112359.90,701.496
2025-09-22T09:15:00+00:00,112359.90,112491.70,112267.80,112340.00,1312.339
2025-09-22T09:30:00+00:00,112340.10,112430.00,112167.70,112276.40,1964.558
2025-09-22T09:45:00+00:00,112276.30,112348.80,112119.00,112288.60,1274.203
2025-09-22T10:00:00+00:00,112288.70,112474.90,112203.20,112470.00,1229.485
2025-09-22T10:15:00+00:00,112470.00,112627.50,112455.30,112500.00,978.275
2025-09-22T10:30:00+00:00,112500.10,112500.10,112319.40,112414.70,515.982
2025-09-22T10:45:00+00:00,112414.80,112800.00,112414.70,112732.60,1185.412
2025-09-22T11:00:00+00:00,112732.50,112865.20,112721.80,112857.30,803.857
2025-09-22T11:15:00+00:00,112857.30,112927.00,112725.30,112725.40,879.813
2025-09-22T11:30:00+00:00,112725.30,112795.20,112617.00,112648.80,695.447
2025-09-22T11:45:00+00:00,112648.90,112841.80,112640.00,112814.10,548.369
2025-09-22T12:00:00+00:00,112814.00,112814.10,112488.60,112619.60,1370.439
2025-09-22T12:15:00+00:00,112619.70,112647.90,112506.60,112522.60,540.097
2025-09-22T12:30:00+00:00,112522.60,112587.60,112458.40,112520.00,507.261
2025-09-22T12:45:00+00:00,112520.10,112778.80,112500.00,112682.10,882.848
2025-09-22T13:00:00+00:00,112682.20,112891.90,112615.30,112891.90,735.184
2025-09-22T13:15:00+00:00,112891.90,112915.00,112770.00,112884.20,1042.968
2025-09-22T13:30:00+00:00,112884.20,112884.20,112426.10,112537.30,1311.577
2025-09-22T13:45:00+00:00,112537.30,113100.00,112333.00,113087.10,2526.521
2025-09-22T14:00:00+00:00,113087.10,113221.80,113000.00,113111.90,4172.772
2025-09-22T14:15:00+00:00,113111.90,113399.60,113071.60,113337.30,4310.173
2025-09-22T14:30:00+00:00,113337.20,113413.50,112831.50,112951.60,2626.883
2025-09-22T14:45:00+00:00,112951.60,112953.40,112707.80,112892.00,1392.152
2025-09-22T15:00:00+00:00,112892.10,112986.00,112746.20,112827.40,1164.108
2025-09-22T15:15:00+00:00,112827.30,112845.60,112536.20,112622.30,1511.993
2025-09-22T15:30:00+00:00,112622.40,112672.40,112524.30,112637.50,894.005
2025-09-22T15:45:00+00:00,112637.50,112865.20,112555.00,112768.70,1158.911
2025-09-22T16:00:00+00:00,112768.70,112839.00,112649.20,112763.20,878.950
2025-09-22T16:15:00+00:00,112763.20,112820.00,112605.50,112695.10,696.268
2025-09-22T16:30:00+00:00,112695.00,112785.20,112638.70,112780.90,414.974
2025-09-22T16:45:00+00:00,112781.00,112781.00,112533.30,112558.30,587.247
2025-09-22T17:00:00+00:00,112558.30,112576.80,112200.00,112264.90,1758.578
2025-09-22T17:15:00+00:00,112265.00,112452.30,112227.50,112350.10,1012.625
2025-09-22T17:30:00+00:00,112350.00,112450.30,112311.30,112430.10,568.697
2025-09-22T17:45:00+00:00,112430.00,112514.80,112279.60,112350.00,887.051
2025-09-22T18:00:00+00:00,112350.00,112557.80,112300.00,112550.00,624.277
2025-09-22T18:15:00+00:00,112550.10,112688.60,112471.90,112618.40,1127.629
2025-09-22T18:30:00+00:00,112618.40,112776.10,112594.80,112684.00,804.786
2025-09-22T18:45:00+00:00,112684.10,112700.00,112354.50,112385.60,621.238
2025-09-22T19:00:00+00:00,112385.60,112529.30,112385.50,112522.50,526.972
2025-09-22T19:15:00+00:00,112522.50,112549.60,112370.20,112408.20,519.863
2025-09-22T19:30:00+00:00,112408.30,112421.70,111897.00,111938.40,4087.503
2025-09-22T19:45:00+00:00,111938.40,112285.50,111866.30,112072.90,2013.826
2025-09-22T20:00:00+00:00,112072.80,112093.70,111924.60,112081.80,1025.385
2025-09-22T20:15:00+00:00,112081.80,112251.50,111994.90,112237.00,703.545
2025-09-22T20:30:00+00:00,112236.90,112599.30,112236.90,112573.10,1857.700
2025-09-22T20:45:00+00:00,112573.10,112942.40,112503.50,112732.10,1867.191
2025-09-22T21:00:00+00:00,112731.90,112739.60,112543.20,112699.90,723.398
2025-09-22T21:15:00+00:00,112700.00,112819.20,112615.30,112645.50,567.050
2025-09-22T21:30:00+00:00,112645.50,112846.50,112640.10,112843.10,730.247
2025-09-22T21:45:00+00:00,112843.20,112923.00,112840.40,112922.90,390.717
2025-09-22T22:00:00+00:00,112922.90,112923.00,112628.00,112706.30,1065.313
2025-09-22T22:15:00+00:00,112706.30,112763.90,112595.00,112595.10,354.703
2025-09-22T22:30:00+00:00,112595.00,112644.50,112567.00,112599.40,466.693
2025-09-22T22:45:00+00:00,112599.40,112619.90,112533.30,112584.10,358.914
2025-09-22T23:00:00+00:00,112584.20,112668.90,112584.10,112644.00,348.063
2025-09-22T23:15:00+00:00,112644.00,112666.40,112533.60,112573.80,377.891
2025-09-22T23:30:00+00:00,112573.80,112653.70,112540.00,112591.30,454.609
2025-09-22T23:45:00+00:00,112591.30,112699.90,112540.50,112604.70,434.211
2025-09-23T00:00:00+00:00,112604.70,112659.80,112442.10,112497.00,976.495
2025-09-23T00:15:00+00:00,112496.90,112808.40,112485.40,112698.80,915.117
2025-09-23T00:30:00+00:00,112698.80,112719.80,112512.20,112532.90,551.055
2025-09-23T00:45:00+00:00,112532.80,112563.30,112330.00,112347.20,736.482
2025-09-23T01:00:00+00:00,112347.10,112387.30,112260.20,112302.10,787.313
2025-09-23T01:15:00+00:00,112302.00,112474.00,112260.00,112454.90,500.308
2025-09-23T01:30:00+00:00,112454.90,112462.10,112162.40,112212.10,633.883
2025-09-23T01:45:00+00:00,112212.10,112283.20,112090.60,112115.20,687.809
2025-09-23T02:00:00+00:00,112115.30,112450.00,112115.20,112350.90,1172.329
2025-09-23T02:15:00+00:00,112350.90,112366.90,111965.50,111967.30,1259.933
2025-09-23T02:30:00+00:00,111967.30,112083.20,111963.00,111985.00,962.774
2025-09-23T02:45:00+00:00,111985.00,112000.00,111591.60,111760.40,3246.524
2025-09-23T03:00:00+00:00,111760.50,111776.80,111405.10,111771.20,3150.133
2025-09-23T03:15:00+00:00,111771.30,112369.90,111750.10,112263.60,2829.947
2025-09-23T03:30:00+00:00,112263.60,112378.10,112156.80,112184.00,1739.421
2025-09-23T03:45:00+00:00,112184.00,112417.40,112150.00,112294.00,1149.564
2025-09-23T04:00:00+00:00,112294.00,112426.60,112086.30,112091.00,1034.842
2025-09-23T04:15:00+00:00,112091.10,112144.70,111969.00,111969.00,679.447
2025-09-23T04:30:00+00:00,111968.80,112293.50,111804.90,112210.10,2119.486
2025-09-23T04:45:00+00:00,112210.20,112387.20,112159.10,112377.60,669.033
2025-09-23T05:00:00+00:00,112377.70,112623.90,112361.10,112587.10,1694.680
2025-09-23T05:15:00+00:00,112587.10,112740.00,112514.30,112739.90,1099.517
2025-09-23T05:30:00+00:00,112740.00,112850.00,112723.30,112794.40,1133.742
2025-09-23T05:45:00+00:00,112794.40,112812.40,112582.40,112616.60,1739.275
2025-09-23T06:00:00+00:00,112616.60,112799.00,112557.10,112683.70,860.648
2025-09-23T06:15:00+00:00,112683.70,112863.20,112655.50,112823.90,692.845
2025-09-23T06:30:00+00:00,112823.90,113058.00,112823.80,112863.80,1800.847
2025-09-23T06:45:00+00:00,112863.80,113070.00,112806.00,112924.10,1301.514
2025-09-23T07:00:00+00:00,112924.10,112964.40,112818.10,112911.70,917.904
2025-09-23T07:15:00+00:00,112911.70,113039.90,112832.70,112902.00,918.181
2025-09-23T07:30:00+00:00,112902.00,113016.80,112850.00,112902.80,783.961
2025-09-23T07:45:00+00:00,112902.90,113080.00,112872.90,113048.10,1562.350
2025-09-23T08:00:00+00:00,113048.10,113128.20,112891.30,113022.10,1951.242
2025-09-23T08:15:00+00:00,113022.20,113144.20,113014.00,113053.00,1080.139
2025-09-23T08:30:00+00:00,113053.10,113079.50,112981.80,113031.10,516.888
2025-09-23T08:45:00+00:00,113031.10,113094.30,112980.60,113087.90,614.268
2025-09-23T09:00:00+00:00,113087.90,113236.00,113039.30,113227.00,1003.600
2025-09-23T09:15:00+00:00,113226.90,113227.00,112950.00,112950.00,936.346
2025-09-23T09:30:00+00:00,112950.10,113070.00,112914.10,112991.10,581.731
2025-09-23T09:45:00+00:00,112991.00,112991.10,112823.80,112892.50,679.404
2025-09-23T10:00:00+00:00,112892.50,112962.50,112779.50,112911.30,626.949
2025-09-23T10:15:00+00:00,112911.20,112913.40,112769.20,112861.70,502.409
2025-09-23T10:30:00+00:00,112861.70,112916.30,112786.60,112786.60,382.918
2025-09-23T10:45:00+00:00,112786.60,112971.10,112786.60,112929.00,601.567
2025-09-23T11:00:00+00:00,112929.00,112935.80,112634.00,112666.30,1006.594
2025-09-23T11:15:00+00:00,112666.20,112849.90,112666.20,112803.90,1077.683
2025-09-23T11:30:00+00:00,112803.90,113014.70,112765.40,113014.60,763.452
2025-09-23T11:45:00+00:00,113014.70,113039.10,112858.60,112938.60,508.992
2025-09-23T12:00:00+00:00,112938.60,112976.80,112820.30,112966.10,697.653
2025-09-23T12:15:00+00:00,112966.10,113003.30,112777.70,112802.80,650.944
2025-09-23T12:30:00+00:00,112802.80,112970.00,112758.70,112954.60,708.531
2025-09-23T12:45:00+00:00,112954.50,113010.00,112816.10,112885.80,542.550
2025-09-23T13:00:00+00:00,112885.80,112885.80,112778.60,112868.20,584.382
2025-09-23T13:15:00+00:00,112868.20,112900.00,112809.80,112853.00,361.133
2025-09-23T13:30:00+00:00,112853.10,112969.80,112667.70,112749.50,1154.181
2025-09-23T13:45:00+00:00,112749.60,112923.00,112670.90,112894.10,1047.401
2025-09-23T14:00:00+00:00,112894.10,113254.80,112840.30,113007.60,2036.338
2025-09-23T14:15:00+00:00,113007.50,113030.70,112735.80,112755.50,1325.429
2025-09-23T14:30:00+00:00,112755.60,112841.10,112549.90,112769.20,1670.515
2025-09-23T14:45:00+00:00,112769.10,112778.90,112512.00,112602.30,979.522
2025-09-23T15:00:00+00:00,112602.20,112944.80,112390.60,112891.70,2153.111
2025-09-23T15:15:00+00:00,112891.70,113025.20,112797.20,112907.70,1252.059
2025-09-23T15:30:00+00:00,112907.70,112951.90,112782.60,112801.90,781.436
2025-09-23T15:45:00+00:00,112801.90,112950.00,112745.00,112828.60,629.302
2025-09-23T16:00:00+00:00,112828.60,112874.20,112433.90,112530.00,1278.411
2025-09-23T16:15:00+00:00,112529.90,112810.60,112490.80,112767.80,1009.863
2025-09-23T16:30:00+00:00,112767.80,112767.90,112452.00,112546.60,927.909
2025-09-23T16:45:00+00:00,112546.70,112927.80,112535.50,112763.80,928.859
2025-09-23T17:00:00+00:00,112763.80,112779.40,112501.00,112526.40,604.386
2025-09-23T17:15:00+00:00,112526.30,112615.30,112320.00,112345.00,1102.788
2025-09-23T17:30:00+00:00,112344.90,112373.60,111955.00,111982.60,2931.475
2025-09-23T17:45:00+00:00,111982.50,112200.00,111827.20,111919.20,2376.608
2025-09-23T18:00:00+00:00,111919.20,112168.60,111850.00,112072.90,2514.903
2025-09-23T18:15:00+00:00,112072.90,112089.00,111711.00,111972.00,1905.314
2025-09-23T18:30:00+00:00,111972.00,111972.00,111670.00,111686.30,1217.623
2025-09-23T18:45:00+00:00,111686.30,111782.50,111625.50,111728.30,1064.029
2025-09-23T19:00:00+00:00,111728.30,111925.80,111728.20,111822.70,974.757
2025-09-23T19:15:00+00:00,111822.70,111941.60,111688.80,111722.70,887.956
2025-09-23T19:30:00+00:00,111722.60,111772.70,111564.10,111575.70,1081.144
2025-09-23T19:45:00+00:00,111575.60,111630.60,111482.00,111611.80,1661.066
2025-09-23T20:00:00+00:00,111611.70,111936.70,111584.50,111789.10,1380.296
2025-09-23T20:15:00+00:00,111789.00,111830.00,111590.30,111590.40,579.413
2025-09-23T20:30:00+00:00,111590.30,111846.10,111413.50,111838.60,1114.461
2025-09-23T20:45:00+00:00,111838.50,111949.10,111628.40,111936.40,742.457
2025-09-23T21:00:00+00:00,111936.20,111956.20,111835.50,111956.20,560.770
2025-09-23T21:15:00+00:00,111956.20,112027.30,111900.00,112027.30,574.228
2025-09-23T21:30:00+00:00,112027.30,112151.60,111991.60,112151.50,701.108
2025-09-23T21:45:00+00:00,112151.50,112151.60,112047.80,112108.60,478.126
2025-09-23T22:00:00+00:00,112108.50,112171.20,111999.90,112102.10,562.222
2025-09-23T22:15:00+00:00,112102.10,112114.50,111940.60,111950.80,386.589
2025-09-23T22:30:00+00:00,111950.80,112165.10,111940.80,112130.00,513.567
2025-09-23T22:45:00+00:00,112130.10,112151.20,112052.50,112107.00,437.062
2025-09-23T23:00:00+00:00,112107.00,112178.00,112038.80,112077.80,373.258
2025-09-23T23:15:00+00:00,112077.90,112136.20,111812.00,111842.60,797.471
2025-09-23T23:30:00+00:00,111842.60,112056.00,111842.50,112027.60,520.210
2025-09-23T23:45:00+00:00,112027.50,112054.80,111923.90,111947.00,353.907
2025-09-24T00:00:00+00:00,111947.00,111991.50,111770.90,111989.20,823.695
2025-09-24T00:15:00+00:00,111989.10,112338.30,111970.40,112248.20,1602.691
2025-09-24T00:30:00+00:00,112248.20,112249.40,112108.40,112172.00,468.059
2025-09-24T00:45:00+00:00,112172.00,112301.00,112160.00,112175.10,599.121
2025-09-24T01:00:00+00:00,112175.10,112289.90,112085.70,112274.90,433.621
2025-09-24T01:15:00+00:00,112274.80,112368.10,112274.80,112348.30,507.854
2025-09-24T01:30:00+00:00,112348.30,112466.60,112300.90,112314.50,694.903
2025-09-24T01:45:00+00:00,112314.60,112426.30,112305.50,112394.60,696.256
2025-09-24T02:00:00+00:00,112394.60,112450.00,112087.90,112123.20,697.783
2025-09-24T02:15:00+00:00,112123.20,112233.70,111967.90,112233.70,1218.067
2025-09-24T02:30:00+00:00,112233.70,112277.10,112082.50,112185.40,697.853
2025-09-24T02:45:00+00:00,112185.30,112222.30,111850.00,112070.20,3250.591
2025-09-24T03:00:00+00:00,112070.10,112172.30,112044.60,112143.00,516.005
2025-09-24T03:15:00+00:00,112143.00,112167.70,111698.20,111727.40,1491.459
2025-09-24T03:30:00+00:00,111727.40,111997.20,111711.00,111792.30,1461.572
2025-09-24T03:45:00+00:00,111792.20,111838.90,111622.40,111639.70,1023.060
2025-09-24T04:00:00+00:00,111639.80,111693.60,110935.00,111418.00,5849.449
2025-09-24T04:15:00+00:00,111417.90,111998.50,111324.40,111987.40,3057.589
2025-09-24T04:30:00+00:00,111987.50,112336.70,111980.00,112186.30,3349.106
2025-09-24T04:45:00+00:00,112186.30,112210.20,112007.00,112122.50,1348.140
2025-09-24T05:00:00+00:00,112122.50,112207.10,112083.20,112190.20,626.886
2025-09-24T05:15:00+00:00,112190.20,112381.00,112190.10,112291.50,665.072
2025-09-24T05:30:00+00:00,112291.50,112444.30,112208.90,112430.20,855.770
2025-09-24T05:45:00+00:00,112430.20,112630.00,112430.20,112595.90,1591.942
2025-09-24T06:00:00+00:00,112596.00,112732.80,112581.70,112671.50,1110.024
2025-09-24T06:15:00+00:00,112671.40,112700.00,112479.90,112580.90,986.961
2025-09-24T06:30:00+00:00,112581.00,112650.00,112485.00,112522.30,685.388
2025-09-24T06:45:00+00:00,112522.30,112600.00,112522.20,112551.10,426.987
2025-09-24T07:00:00+00:00,112551.20,112637.10,112535.00,112615.70,567.591
2025-09-24T07:15:00+00:00,112615.80,112695.40,112403.00,112465.20,654.250
2025-09-24T07:30:00+00:00,112465.20,112549.60,112400.40,112526.50,740.939
2025-09-24T07:45:00+00:00,112526.60,112578.30,112452.10,112544.70,485.178
2025-09-24T08:00:00+00:00,112544.70,112557.40,112362.40,112474.90,705.049
2025-09-24T08:15:00+00:00,112474.90,112500.00,112356.40,112393.50,706.332
2025-09-24T08:30:00+00:00,112393.40,112540.60,112393.40,112532.70,732.698
2025-09-24T08:45:00+00:00,112532.80,112596.60,112446.10,112574.30,578.168
2025-09-24T09:00:00+00:00,112574.40,112574.40,112447.60,112493.70,430.378
2025-09-24T09:15:00+00:00,112493.80,112583.10,112493.70,112559.10,424.464
2025-09-24T09:30:00+00:00,112559.20,112796.50,112559.10,112686.10,829.076
2025-09-24T09:45:00+00:00,112686.00,112697.70,112616.10,112691.00,295.213
2025-09-24T10:00:00+00:00,112691.00,112825.90,112684.30,112763.80,1175.303
2025-09-24T10:15:00+00:00,112763.80,112815.10,112613.00,112613.10,812.819
2025-09-24T10:30:00+00:00,112613.10,112778.90,112609.40,112756.50,408.671
2025-09-24T10:45:00+00:00,112756.50,112911.00,112748.80,112883.20,1451.286
2025-09-24T11:00:00+00:00,112883.10,113121.80,112874.10,113038.40,2730.782
2025-09-24T11:15:00+00:00,113038.50,113080.00,112953.90,112984.40,1024.938
2025-09-24T11:30:00+00:00,112984.40,113040.10,112819.40,112997.80,1045.703
2025-09-24T11:45:00+00:00,112997.70,113011.80,112838.80,112982.00,1479.446
2025-09-24T12:00:00+00:00,112982.00,112993.30,112889.70,112986.70,737.005
2025-09-24T12:15:00+00:00,112986.60,113008.10,112882.70,112960.50,507.140
2025-09-24T12:30:00+00:00,112960.50,113037.80,112960.50,113015.20,477.159
2025-09-24T12:45:00+00:00,113015.20,113050.00,112948.50,113010.80,579.423
2025-09-24T13:00:00+00:00,113010.80,113050.00,112926.20,112955.00,527.564
2025-09-24T13:15:00+00:00,112955.10,113104.00,112954.50,112995.10,1232.647
2025-09-24T13:30:00+00:00,112995.00,113177.60,112862.60,113045.20,2249.771
2025-09-24T13:45:00+00:00,113045.20,113080.70,112760.00,112780.20,2667.196
2025-09-24T14:00:00+00:00,112780.20,113134.00,112780.10,113094.10,1650.396
2025-09-24T14:15:00+00:00,113094.10,113125.00,112960.20,113101.30,776.650
2025-09-24T14:30:00+00:00,113101.30,113342.10,113047.00,113322.80,2392.544
2025-09-24T14:45:00+00:00,113322.80,113850.00,113255.60,113662.70,6700.159
2025-09-24T15:00:00+00:00,113662.60,113843.00,113404.50,113430.10,3304.118
2025-09-24T15:15:00+00:00,113430.20,113671.90,113420.50,113599.40,1173.706
2025-09-24T15:30:00+00:00,113599.40,113661.90,113501.30,113661.90,774.056
2025-09-24T15:45:00+00:00,113661.90,113661.90,113191.50,113299.90,2210.653
2025-09-24T16:00:00+00:00,113300.00,113384.60,113107.40,113231.00,1895.388
2025-09-24T16:15:00+00:00,113231.10,113540.40,113217.10,113521.40,988.689
2025-09-24T16:30:00+00:00,113521.40,113676.20,113457.50,113618.50,990.201
2025-09-24T16:45:00+00:00,113618.50,113700.00,113569.00,113668.90,611.510
2025-09-24T17:00:00+00:00,113668.90,113878.30,113550.60,113802.80,1194.004
2025-09-24T17:15:00+00:00,113802.80,113802.90,113634.00,113717.20,769.389
2025-09-24T17:30:00+00:00,113717.20,113895.80,113717.20,113788.50,1359.067
2025-09-24T17:45:00+00:00,113788.60,113788.60,113602.50,113700.10,1131.066
2025-09-24T18:00:00+00:00,113700.10,113777.50,113505.00,113567.10,1190.753
2025-09-24T18:15:00+00:00,113566.90,113638.60,113472.00,113632.10,664.506
2025-09-24T18:30:00+00:00,113632.10,113677.10,113530.50,113604.10,334.950
2025-09-24T18:45:00+00:00,113604.00,113629.90,113423.90,113595.00,769.498
2025-09-24T19:00:00+00:00,113595.10,113632.40,113491.20,113547.90,456.028
2025-09-24T19:15:00+00:00,113547.80,113572.80,113423.50,113442.60,479.009
2025-09-24T19:30:00+00:00,113442.50,113456.30,113252.30,113278.10,1016.514
2025-09-24T19:45:00+00:00,113278.10,113438.90,113230.70,113371.70,952.078
2025-09-24T20:00:00+00:00,113371.70,113494.90,113338.80,113470.20,632.443
2025-09-24T20:15:00+00:00,113470.20,113551.90,113450.00,113490.40,421.153
2025-09-24T20:30:00+00:00,113490.40,113496.10,113378.10,113481.00,419.661
2025-09-24T20:45:00+00:00,113480.90,113557.00,113439.10,113447.60,386.477
2025-09-24T21:00:00+00:00,113447.50,113529.60,113409.40,113520.80,422.476
2025-09-24T21:15:00+00:00,113520.30,113522.80,113449.40,113522.60,161.995
2025-09-24T21:30:00+00:00,113522.60,113522.70,113275.20,113279.90,591.752
2025-09-24T21:45:00+00:00,113279.90,113480.00,113220.20,113284.30,463.870
2025-09-24T22:00:00+00:00,113284.30,113590.00,113284.20,113577.00,1038.153
2025-09-24T22:15:00+00:00,113577.00,113589.90,113408.10,113427.70,364.446
2025-09-24T22:30:00+00:00,113427.60,113450.80,113306.10,113306.10,377.739
2025-09-24T22:45:00+00:00,113306.10,113306.10,113193.90,113274.80,680.810
2025-09-24T23:00:00+00:00,113274.70,113357.90,113272.80,113295.70,371.413
2025-09-24T23:15:00+00:00,113295.70,113374.00,113158.90,113292.20,921.306
2025-09-24T23:30:00+00:00,113292.20,113292.30,113145.00,113170.00,721.428
2025-09-24T23:45:00+00:00,113169.90,113285.00,113143.30,113254.00,561.949
2025-09-25T00:00:00+00:00,113253.90,113462.10,113215.00,113418.70,867.752
2025-09-25T00:15:00+00:00,113418.70,113418.80,113075.00,113075.20,999.326
2025-09-25T00:30:00+00:00,113075.20,113250.00,112996.00,113146.00,1177.881
2025-09-25T00:45:00+00:00,113146.00,113203.40,112886.10,113002.10,1513.850
2025-09-25T01:00:00+00:00,113002.00,113322.00,112850.40,113208.10,1360.368
2025-09-25T01:15:00+00:00,113207.70,113256.60,112974.50,113033.10,1099.872
2025-09-25T01:30:00+00:00,113033.00,113033.00,112586.60,112644.20,2818.032
2025-09-25T01:45:00+00:00,112644.20,112768.00,112380.10,112615.70,4565.772
2025-09-25T02:00:00+00:00,112615.70,112863.40,112600.70,112622.30,1771.285
2025-09-25T02:15:00+00:00,112622.40,112753.90,112453.30,112691.90,1720.663
2025-09-25T02:30:00+00:00,112691.80,113140.80,112691.80,112858.10,1647.051
2025-09-25T02:45:00+00:00,112858.10,113000.00,112800.10,112852.00,722.276
2025-09-25T03:00:00+00:00,112852.10,112852.10,112667.30,112690.60,502.742
2025-09-25T03:15:00+00:00,112690.60,112730.10,112275.20,112311.90,2992.855
2025-09-25T03:30:00+00:00,112311.90,112490.00,112155.60,112379.80,2040.465
2025-09-25T03:45:00+00:00,112379.80,112572.00,112320.00,112485.80,1368.804
2025-09-25T04:00:00+00:00,112485.70,112574.60,112160.70,112232.70,1508.016
2025-09-25T04:15:00+00:00,112232.70,112249.10,111641.10,111880.10,6408.751
2025-09-25T04:30:00+00:00,111880.20,111884.60,111611.00,111838.60,2946.562
2025-09-25T04:45:00+00:00,111838.60,111864.50,111540.00,111684.30,2672.215
2025-09-25T05:00:00+00:00,111684.30,111869.40,111540.00,111792.00,1834.409
2025-09-25T05:15:00+00:00,111792.10,111994.00,111755.40,111935.30,1568.611
2025-09-25T05:30:00+00:00,111935.30,111935.30,111711.50,111724.50,822.253
2025-09-25T05:45:00+00:00,111724.50,111769.80,111593.80,111690.40,803.934
2025-09-25T06:00:00+00:00,111690.40,111750.20,111540.40,111540.90,1033.337
2025-09-25T06:15:00+00:00,111540.90,111802.10,111500.00,111650.50,1298.617
2025-09-25T06:30:00+00:00,111650.50,111751.10,111563.00,111567.50,622.124
2025-09-25T06:45:00+00:00,111567.50,111620.00,111451.00,111474.40,951.731
2025-09-25T07:00:00+00:00,111474.50,111686.50,111389.00,111553.70,1773.904
2025-09-25T07:15:00+00:00,111553.70,111836.70,111534.70,111800.00,1192.699
2025-09-25T07:30:00+00:00,111800.00,111834.40,111724.30,111774.40,566.906
2025-09-25T07:45:00+00:00,111774.40,111800.00,111670.00,111708.50,471.121
2025-09-25T08:00:00+00:00,111708.50,111933.30,111708.40,111933.30,948.906
2025-09-25T08:15:00+00:00,111933.60,111980.40,111825.30,111980.30,844.838
2025-09-25T08:30:00+00:00,111980.40,111980.40,111692.30,111714.00,760.015
2025-09-25T08:45:00+00:00,111714.00,111751.50,111636.10,111678.70,696.784
2025-09-25T09:00:00+00:00,111678.70,111843.30,111662.00,111834.20,840.965
2025-09-25T09:15:00+00:00,111834.30,112220.30,111816.20,112032.30,2523.460
2025-09-25T09:30:00+00:00,112032.20,112079.50,111780.30,111780.40,969.190
2025-09-25T09:45:00+00:00,111780.30,111780.30,111510.40,111510.40,1127.063
2025-09-25T10:00:00+00:00,111510.40,111652.60,111471.00,111634.70,800.501
2025-09-25T10:15:00+00:00,111634.70,111821.60,111634.70,111718.10,700.870
2025-09-25T10:30:00+00:00,111718.10,111782.50,111531.90,111572.90,675.277
2025-09-25T10:45:00+00:00,111572.90,111629.10,111530.20,111601.60,424.073
2025-09-25T11:00:00+00:00,111601.60,111676.90,111411.40,111504.00,1173.869
2025-09-25T11:15:00+00:00,111503.90,111541.30,111360.00,111498.40,1017.009
2025-09-25T11:30:00+00:00,111498.40,111544.60,111320.00,111378.40,1151.922
2025-09-25T11:45:00+00:00,111378.50,111444.30,111234.80,111316.10,1286.112
2025-09-25T12:00:00+00:00,111316.00,111600.20,111271.90,111514.80,1150.507
2025-09-25T12:15:00+00:00,111514.70,111517.70,111089.20,111094.60,1870.829
2025-09-25T12:30:00+00:00,111094.50,111617.30,111000.00,111334.70,5017.863
2025-09-25T12:45:00+00:00,111334.70,111343.10,111070.50,111080.00,2063.414
2025-09-25T13:00:00+00:00,111079.90,111240.40,110802.80,111216.80,4863.051
2025-09-25T13:15:00+00:00,111216.90,111645.30,111138.60,111566.50,3635.127
2025-09-25T13:30:00+00:00,111566.50,111682.60,110555.00,110672.40,4975.466
2025-09-25T13:45:00+00:00,110672.40,111055.70,110615.30,110958.50,3213.707
2025-09-25T14:00:00+00:00,110958.40,111258.90,110935.90,111250.00,1848.574
2025-09-25T14:15:00+00:00,111250.10,111680.80,111250.10,111443.10,4422.672
2025-09-25T14:30:00+00:00,111443.00,111680.00,111304.10,111443.50,1710.205
2025-09-25T14:45:00+00:00,111443.50,111560.00,111332.40,111483.00,828.402
2025-09-25T15:00:00+00:00,111483.00,111538.40,111144.50,111283.50,1401.942
2025-09-25T15:15:00+00:00,111283.40,111300.00,110807.20,110905.70,1933.644
2025-09-25T15:30:00+00:00,110905.70,111371.80,110871.20,111264.50,1795.216
2025-09-25T15:45:00+00:00,111264.60,111538.40,111169.50,111538.40,1368.881
2025-09-25T16:00:00+00:00,111538.40,111636.60,111415.70,111477.10,1918.029
2025-09-25T16:15:00+00:00,111477.10,111488.00,111043.10,111074.60,1139.640
2025-09-25T16:30:00+00:00,111074.70,111250.00,110926.50,111044.10,950.497
2025-09-25T16:45:00+00:00,111044.10,111116.30,110852.00,110907.90,1423.327
2025-09-25T17:00:00+00:00,110908.00,110930.00,110087.60,110088.70,4515.137
2025-09-25T17:15:00+00:00,110087.60,110404.80,109800.00,109883.20,8454.731
2025-09-25T17:30:00+00:00,109883.20,109936.70,109329.00,109329.00,6025.603
2025-09-25T17:45:00+00:00,109329.00,109420.60,108578.20,108793.90,7574.765
2025-09-25T18:00:00+00:00,108793.90,109205.90,108574.10,109177.40,5752.554
2025-09-25T18:15:00+00:00,109177.40,109600.00,109068.50,109398.40,3454.523
2025-09-25T18:30:00+00:00,109398.40,109586.00,109212.30,109432.30,1627.772
2025-09-25T18:45:00+00:00,109432.30,109759.70,109270.00,109708.30,1663.452
2025-09-25T19:00:00+00:00,109708.40,109820.00,109583.20,109620.00,1291.801
2025-09-25T19:15:00+00:00,109619.90,109926.70,109619.90,109771.50,1214.904
2025-09-25T19:30:00+00:00,109771.60,109850.00,109433.10,109496.20,1413.282
2025-09-25T19:45:00+00:00,109496.30,109506.70,109250.00,109320.50,2118.862
2025-09-25T20:00:00+00:00,109320.50,109447.90,109138.20,109194.20,1207.190
2025-09-25T20:15:00+00:00,109194.30,109384.60,109153.00,109310.80,762.900
2025-09-25T20:30:00+00:00,109310.80,109331.00,109020.50,109156.00,1175.972
2025-09-25T20:45:00+00:00,109155.90,109244.80,109005.00,109126.80,677.662
2025-09-25T21:00:00+00:00,109126.90,109619.50,109113.50,109415.00,1170.293
2025-09-25T21:15:00+00:00,109415.00,109547.20,109257.10,109260.20,572.977
2025-09-25T21:30:00+00:00,109260.20,109269.20,109018.90,109126.00,727.739
2025-09-25T21:45:00+00:00,109126.00,109458.30,109125.90,109360.80,497.181
2025-09-25T22:00:00+00:00,109360.80,109485.40,109252.70,109476.50,806.731
2025-09-25T22:15:00+00:00,109476.40,109534.90,109381.80,109423.70,767.292
2025-09-25T22:30:00+00:00,109423.60,109437.70,109272.70,109380.70,415.942
2025-09-25T22:45:00+00:00,109380.70,109380.70,109200.10,109369.50,702.326
2025-09-25T23:00:00+00:00,109369.60,109637.30,109329.00,109434.30,1021.592
2025-09-25T23:15:00+00:00,109434.40,109496.20,109230.70,109386.60,892.258
2025-09-25T23:30:00+00:00,109386.70,109386.70,108694.80,109029.90,3846.180
2025-09-25T23:45:00+00:00,109030.00,109034.60,108801.30,108934.50,1196.089
2025-09-26T00:00:00+00:00,108934.60,109315.90,108898.80,109247.10,1815.983
2025-09-26T00:15:00+00:00,109247.10,109350.00,109175.10,109254.30,1151.880
2025-09-26T00:30:00+00:00,109254.20,109262.20,108750.00,108753.20,1789.412
2025-09-26T00:45:00+00:00,108753.20,109563.90,108753.10,109419.10,2999.479
2025-09-26T01:00:00+00:00,109419.10,109605.40,109259.00,109584.70,1610.075
2025-09-26T01:15:00+00:00,109584.70,109713.80,109509.30,109517.00,1014.591
2025-09-26T01:30:00+00:00,109517.10,109658.70,109501.50,109609.10,595.417
2025-09-26T01:45:00+00:00,109609.00,109720.00,109546.10,109640.00,845.043
2025-09-26T02:00:00+00:00,109640.10,109766.00,109540.00,109618.40,849.047
2025-09-26T02:15:00+00:00,109618.50,109750.30,109515.40,109531.70,584.502
2025-09-26T02:30:00+00:00,109531.70,109620.70,109439.00,109579.10,468.800
2025-09-26T02:45:00+00:00,109579.10,109712.70,109532.40,109581.80,434.750
2025-09-26T03:00:00+00:00,109581.80,109596.30,109323.50,109487.10,884.717
2025-09-26T03:15:00+00:00,109487.20,109591.10,109301.90,109311.60,952.417
2025-09-26T03:30:00+00:00,109311.80,109377.10,109241.10,109374.10,503.514
2025-09-26T03:45:00+00:00,109374.20,109610.40,109269.00,109537.60,856.859
2025-09-26T04:00:00+00:00,109537.50,109582.20,109407.40,109453.70,621.941
2025-09-26T04:15:00+00:00,109453.60,109588.80,109360.50,109366.00,617.184
2025-09-26T04:30:00+00:00,109366.00,109366.10,109200.00,109219.30,501.990
2025-09-26T04:45:00+00:00,109219.40,109339.40,109201.20,109300.00,325.672
2025-09-26T05:00:00+00:00,109300.00,109430.00,109263.80,109341.30,501.246
2025-09-26T05:15:00+00:00,109341.40,109538.40,109341.30,109505.00,520.052
2025-09-26T05:30:00+00:00,109505.10,109513.90,109257.80,109304.90,492.129
2025-09-26T05:45:00+00:00,109304.90,109349.30,109027.10,109202.80,1984.420
2025-09-26T06:00:00+00:00,109202.80,109275.60,108955.00,109219.90,1459.333
2025-09-26T06:15:00+00:00,109219.90,109584.50,109203.70,109434.90,2092.235
2025-09-26T06:30:00+00:00,109434.90,109560.00,109363.80,109509.90,530.554
2025-09-26T06:45:00+00:00,109510.00,109510.00,109252.30,109298.80,960.757
2025-09-26T07:00:00+00:00,109298.80,109508.00,109298.80,109499.70,1251.057
2025-09-26T07:15:00+00:00,109499.80,109538.30,109223.90,109223.90,1228.606
2025-09-26T07:30:00+00:00,109223.90,109224.00,108841.00,108870.10,3776.606
2025-09-26T07:45:00+00:00,108870.10,109285.00,108870.00,109257.30,2299.618
2025-09-26T08:00:00+00:00,109257.40,109446.40,109246.70,109388.30,1438.060
2025-09-26T08:15:00+00:00,109388.30,109479.20,109314.40,109464.30,854.317
2025-09-26T08:30:00+00:00,109464.30,109559.50,109411.90,109555.00,783.754
2025-09-26T08:45:00+00:00,109554.90,109568.00,109478.40,109520.20,537.544
2025-09-26T09:00:00+00:00,109520.20,109627.20,109390.00,109627.10,800.741
2025-09-26T09:15:00+00:00,109627.10,109653.60,109565.10,109605.60,636.134
2025-09-26T09:30:00+00:00,109605.60,109639.50,109349.00,109373.90,948.596
2025-09-26T09:45:00+00:00,109373.90,109543.40,109363.10,109522.50,575.408
2025-09-26T10:00:00+00:00,109522.40,109532.00,109110.10,109140.00,1026.355
2025-09-26T10:15:00+00:00,109140.00,109140.00,108899.90,109035.00,2340.668
2025-09-26T10:30:00+00:00,109035.10,109087.00,108700.00,108778.90,1977.609
2025-09-26T10:45:00+00:00,108778.80,108900.00,108645.90,108848.20,1442.170
2025-09-26T11:00:00+00:00,108848.20,108906.40,108690.80,108725.80,1073.162
2025-09-26T11:15:00+00:00,108725.90,108796.60,108566.00,108697.80,1690.894
2025-09-26T11:30:00+00:00,108697.90,109093.60,108697.70,108996.90,1109.706
2025-09-26T11:45:00+00:00,108997.00,109157.60,108934.50,109082.90,802.950
2025-09-26T12:00:00+00:00,109082.90,109082.90,108824.40,108824.40,766.223
2025-09-26T12:15:00+00:00,108824.40,109109.20,108757.50,109068.60,803.013
2025-09-26T12:30:00+00:00,109068.60,109534.10,108877.80,109457.30,4546.895
2025-09-26T12:45:00+00:00,109457.30,109506.10,109138.40,109330.10,1489.417
2025-09-26T13:00:00+00:00,109330.10,109479.20,109106.00,109111.30,1243.633
2025-09-26T13:15:00+00:00,109111.30,109294.30,109035.40,109133.90,859.416
2025-09-26T13:30:00+00:00,109133.80,109595.20,108950.00,109570.00,2610.124
2025-09-26T13:45:00+00:00,109570.00,109742.30,109442.80,109621.30,3628.096
2025-09-26T14:00:00+00:00,109621.30,109731.50,109213.90,109266.60,2228.314
2025-09-26T14:15:00+00:00,109266.60,109395.30,108863.00,109040.00,2263.953
2025-09-26T14:30:00+00:00,109040.00,109096.20,108656.80,108863.90,2483.534
2025-09-26T14:45:00+00:00,108863.80,109066.40,108723.00,108796.70,1160.662
2025-09-26T15:00:00+00:00,108796.80,109080.00,108753.50,108889.20,1518.842
2025-09-26T15:15:00+00:00,108889.10,109276.00,108830.90,109258.60,1421.938
2025-09-26T15:30:00+00:00,109258.60,109313.70,109080.00,109229.40,574.655
2025-09-26T15:45:00+00:00,109229.40,109229.40,108953.40,108976.00,669.751
2025-09-26T16:00:00+00:00,108976.00,109280.00,108976.00,109228.00,680.084
2025-09-26T16:15:00+00:00,109228.00,109576.50,109212.80,109472.60,1210.731
2025-09-26T16:30:00+00:00,109472.70,109500.00,109211.10,109289.30,554.103
2025-09-26T16:45:00+00:00,109289.00,109449.70,109252.00,109408.60,459.526
2025-09-26T17:00:00+00:00,109408.50,109546.50,109337.40,109521.70,874.955
2025-09-26T17:15:00+00:00,109521.60,109966.50,109460.90,109868.10,2261.724
2025-09-26T17:30:00+00:00,109868.20,109910.40,109645.30,109893.60,1532.261
2025-09-26T17:45:00+00:00,109893.50,109930.00,109700.00,109847.30,1762.419
2025-09-26T18:00:00+00:00,109847.40,109952.00,109767.10,109940.50,1269.215
2025-09-26T18:15:00+00:00,109940.50,110250.00,109940.40,110136.80,2000.834
2025-09-26T18:30:00+00:00,110136.80,110140.60,109767.80,109812.90,1281.643
2025-09-26T18:45:00+00:00,109812.90,109910.50,109643.60,109669.90,898.142
2025-09-26T19:00:00+00:00,109669.90,109669.90,109350.20,109466.90,2526.190
2025-09-26T19:15:00+00:00,109466.80,109636.60,109220.60,109225.30,1419.336
2025-09-26T19:30:00+00:00,109225.40,109276.50,108953.70,109032.00,2217.653
2025-09-26T19:45:00+00:00,109032.00,109184.60,108966.80,109115.90,1258.611
2025-09-26T20:00:00+00:00,109115.80,109260.00,109045.10,109248.60,855.940
2025-09-26T20:15:00+00:00,109248.50,109252.50,109028.70,109095.20,669.981
2025-09-26T20:30:00+00:00,109095.20,109183.40,109069.70,109115.60,338.560
2025-09-26T20:45:00+00:00,109115.60,109289.60,109115.60,109233.80,529.791
2025-09-26T21:00:00+00:00,109233.80,109405.00,109127.20,109405.00,431.077
2025-09-26T21:15:00+00:00,109405.00,109427.60,109264.70,109410.40,404.744
2025-09-26T21:30:00+00:00,109410.30,109410.40,109281.20,109281.30,266.295
2025-09-26T21:45:00+00:00,109281.20,109479.20,109250.20,109412.40,361.820
2025-09-26T22:00:00+00:00,109412.40,109488.30,109286.90,109460.40,617.546
2025-09-26T22:15:00+00:00,109460.40,109522.90,109391.60,109445.60,475.707
2025-09-26T22:30:00+00:00,109445.60,109504.10,109431.30,109474.50,479.179
2025-09-26T22:45:00+00:00,109474.60,109554.00,109461.40,109505.20,306.229
2025-09-26T23:00:00+00:00,109505.20,109505.30,109421.60,109428.50,269.985
2025-09-26T23:15:00+00:00,109428.40,109505.30,109373.40,109505.30,238.754
2025-09-26T23:30:00+00:00,109505.20,109633.00,109505.20,109613.40,607.604
2025-09-26T23:45:00+00:00,109613.30,109641.60,109578.10,109588.50,390.600
2025-09-27T00:00:00+00:00,109588.50,109600.30,109519.70,109541.00,509.034
2025-09-27T00:15:00+00:00,109541.00,109606.60,109448.00,109535.50,444.531
2025-09-27T00:30:00+00:00,109535.60,109551.40,109418.00,109432.30,477.133
2025-09-27T00:45:00+00:00,109432.20,109596.10,109432.20,109596.00,259.889
2025-09-27T01:00:00+00:00,109596.10,109607.00,109444.50,109472.00,500.457
2025-09-27T01:15:00+00:00,109472.00,109491.30,109377.00,109430.20,365.850
2025-09-27T01:30:00+00:00,109430.30,109470.90,109267.30,109282.10,853.584
2025-09-27T01:45:00+00:00,109282.20,109389.90,109282.10,109384.30,248.160
2025-09-27T02:00:00+00:00,109384.30,109432.30,109334.90,109384.30,275.656
2025-09-27T02:15:00+00:00,109384.30,109399.50,109277.40,109294.10,312.363
2025-09-27T02:30:00+00:00,109294.20,109400.00,109294.20,109395.30,188.228
2025-09-27T02:45:00+00:00,109395.40,109398.70,109329.80,109348.50,395.402
2025-09-27T03:00:00+00:00,109348.50,109424.80,109323.60,109392.80,393.185
2025-09-27T03:15:00+00:00,109392.90,109515.00,109392.80,109488.00,272.669
2025-09-27T03:30:00+00:00,109488.10,109700.00,109488.00,109585.30,1402.849
2025-09-27T03:45:00+00:00,109585.20,109610.10,109470.30,109503.80,536.567
2025-09-27T04:00:00+00:00,109503.80,109586.40,109472.00,109492.10,392.826
2025-09-27T04:15:00+00:00,109492.20,109645.40,109460.90,109645.40,537.105
2025-09-27T04:30:00+00:00,109645.40,109694.20,109554.70,109554.70,451.188
2025-09-27T04:45:00+00:00,109554.80,109611.60,109550.40,109598.10,93.429
2025-09-27T05:00:00+00:00,109598.20,109598.20,109538.40,109560.40,153.179
2025-09-27T05:15:00+00:00,109560.40,109604.70,109544.80,109561.40,136.097
2025-09-27T05:30:00+00:00,109561.40,109631.20,109561.30,109603.50,265.340
2025-09-27T05:45:00+00:00,109603.40,109620.50,109555.00,109587.00,174.233
2025-09-27T06:00:00+00:00,109587.00,109587.00,109493.00,109521.60,356.436
2025-09-27T06:15:00+00:00,109521.60,109521.70,109470.90,109494.40,234.719
2025-09-27T06:30:00+00:00,109494.40,109494.40,109437.40,109437.40,260.620
2025-09-27T06:45:00+00:00,109437.40,109488.60,109432.20,109488.60,123.674
2025-09-27T07:00:00+00:00,109488.60,109509.60,109465.30,109507.50,206.951
2025-09-27T07:15:00+00:00,109507.60,109517.40,109441.50,109441.50,191.854
2025-09-27T07:30:00+00:00,109441.60,109441.60,109326.10,109327.60,438.291
2025-09-27T07:45:00+00:00,109327.70,109364.80,109284.30,109354.80,319.049
2025-09-27T08:00:00+00:00,109354.90,109354.90,109216.70,109239.20,869.620
2025-09-27T08:15:00+00:00,109238.80,109313.20,109218.00,109313.20,662.229
2025-09-27T08:30:00+00:00,109313.20,109313.20,109256.70,109270.20,402.661
2025-09-27T08:45:00+00:00,109270.10,109288.40,109205.20,109205.20,230.106
2025-09-27T09:00:00+00:00,109205.30,109238.60,109116.00,109127.30,704.698
2025-09-27T09:15:00+00:00,109127.40,109127.40,109021.90,109038.80,798.906
2025-09-27T09:30:00+00:00,109038.80,109246.60,109038.70,109234.40,568.472
2025-09-27T09:45:00+00:00,109234.40,109309.70,109191.00,109250.00,532.234
2025-09-27T10:00:00+00:00,109250.00,109269.90,109218.00,109248.70,252.701
2025-09-27T10:15:00+00:00,109248.70,109254.30,109205.30,109239.80,267.847
2025-09-27T10:30:00+00:00,109239.80,109449.20,109239.70,109356.10,1058.693
2025-09-27T10:45:00+00:00,109356.10,109433.60,109348.00,109385.40,533.206
2025-09-27T11:00:00+00:00,109385.40,109401.90,109287.90,109287.90,251.396
2025-09-27T11:15:00+00:00,109287.90,109306.30,109250.10,109286.00,226.531
2025-09-27T11:30:00+00:00,109286.00,109296.70,109244.70,109247.50,98.650
2025-09-27T11:45:00+00:00,109247.60,109265.90,109237.00,109265.80,145.902
2025-09-27T12:00:00+00:00,109265.80,109283.30,109193.60,109213.10,380.737
2025-09-27T12:15:00+00:00,109213.00,109255.00,109201.00,109212.80,124.538
2025-09-27T12:30:00+00:00,109212.70,109395.20,109190.80,109362.30,671.377
2025-09-27T12:45:00+00:00,109362.40,109444.20,109311.00,109355.20,725.293
2025-09-27T13:00:00+00:00,109355.20,109372.70,109265.00,109265.00,614.918
2025-09-27T13:15:00+00:00,109265.00,109343.40,109265.00,109320.20,270.728
2025-09-27T13:30:00+00:00,109320.10,109320.20,109267.20,109317.70,292.834
2025-09-27T13:45:00+00:00,109317.70,109329.60,109264.90,109264.90,194.908
2025-09-27T14:00:00+00:00,109264.90,109346.00,109264.90,109306.90,211.635
2025-09-27T14:15:00+00:00,109306.90,109307.00,109264.90,109278.50,178.262
2025-09-27T14:30:00+00:00,109278.60,109312.50,109248.40,109248.50,225.035
2025-09-27T14:45:00+00:00,109248.40,109261.60,109201.30,109244.00,451.433
2025-09-27T15:00:00+00:00,109243.90,109244.00,109145.00,109182.90,825.092
2025-09-27T15:15:00+00:00,109182.90,109287.80,109177.70,109215.90,717.495
2025-09-27T15:30:00+00:00,109215.90,109346.00,109165.10,109287.20,581.555
2025-09-27T15:45:00+00:00,109287.20,109384.60,109263.40,109340.70,582.249
2025-09-27T16:00:00+00:00,109340.80,109369.60,109277.70,109290.80,582.695
2025-09-27T16:15:00+00:00,109290.80,109367.10,109260.00,109332.80,303.276
2025-09-27T16:30:00+00:00,109332.70,109380.00,109289.60,109313.70,324.977
2025-09-27T16:45:00+00:00,109313.60,109364.00,109255.60,109338.20,551.531
2025-09-27T17:00:00+00:00,109338.30,109347.70,109236.50,109275.00,514.935
2025-09-27T17:15:00+00:00,109275.00,109280.00,109188.10,109254.30,481.354
2025-09-27T17:30:00+00:00,109254.30,109329.40,109233.30,109289.40,402.275
2025-09-27T17:45:00+00:00,109289.40,109371.70,109224.80,109331.40,457.357
2025-09-27T18:00:00+00:00,109330.90,109384.60,109291.40,109365.70,518.617
2025-09-27T18:15:00+00:00,109365.80,109374.90,109345.30,109366.90,149.577
2025-09-27T18:30:00+00:00,109367.00,109375.00,109324.50,109329.30,185.075
2025-09-27T18:45:00+00:00,109329.30,109397.60,109329.30,109383.20,126.852
2025-09-27T19:00:00+00:00,109383.30,109394.20,109371.90,109371.90,74.854
2025-09-27T19:15:00+00:00,109371.90,109390.00,109345.50,109370.60,228.983
2025-09-27T19:30:00+00:00,109370.70,109384.20,109331.40,109348.00,195.884
2025-09-27T19:45:00+00:00,109348.00,109371.70,109347.90,109369.30,72.743
2025-09-27T20:00:00+00:00,109369.40,109388.80,109322.00,109340.30,190.943
2025-09-27T20:15:00+00:00,109340.30,109340.40,109305.50,109315.90,101.687
2025-09-27T20:30:00+00:00,109316.00,109371.50,109315.90,109342.80,120.264
2025-09-27T20:45:00+00:00,109342.70,109342.80,109333.30,109333.30,68.590
2025-09-27T21:00:00+00:00,109333.40,109338.10,109333.30,109338.10,103.649
2025-09-27T21:15:00+00:00,109338.00,109383.30,109338.00,109383.30,187.269
2025-09-27T21:30:00+00:00,109383.30,109435.40,109383.20,109396.30,320.783
2025-09-27T21:45:00+00:00,109396.40,109420.30,109396.30,109420.30,99.231
2025-09-27T22:00:00+00:00,109420.20,109567.60,109420.20,109567.60,777.039
2025-09-27T22:15:00+00:00,109567.50,109653.20,109558.90,109653.20,535.030
2025-09-27T22:30:00+00:00,109653.20,109653.20,109531.40,109538.50,434.049
2025-09-27T22:45:00+00:00,109538.50,109550.60,109452.00,109550.60,263.365
2025-09-27T23:00:00+00:00,109550.60,109590.00,109480.00,109540.60,270.689
2025-09-27T23:15:00+00:00,109540.60,109540.70,109399.30,109486.30,401.159
2025-09-27T23:30:00+00:00,109486.30,109556.50,109486.20,109545.70,192.991
2025-09-27T23:45:00+00:00,109545.60,109627.20,109541.10,109577.30,211.712
2025-09-28T00:00:00+00:00,109577.20,109620.00,109489.60,109510.00,420.233
2025-09-28T00:15:00+00:00,109510.00,109749.90,109503.10,109728.10,611.347
2025-09-28T00:30:00+00:00,109728.10,109737.20,109518.00,109617.10,615.553
2025-09-28T00:45:00+00:00,109617.10,109655.90,109501.90,109556.30,810.440
2025-09-28T01:00:00+00:00,109556.30,109608.30,109412.90,109435.60,1167.392
2025-09-28T01:15:00+00:00,109435.60,109506.30,109408.00,109441.20,842.061
2025-09-28T01:30:00+00:00,109441.20,109489.70,109310.00,109378.60,719.024
2025-09-28T01:45:00+00:00,109378.60,109387.10,109284.10,109305.60,1050.184
2025-09-28T02:00:00+00:00,109305.50,109405.00,109296.00,109328.10,314.032
2025-09-28T02:15:00+00:00,109328.20,109445.00,109317.20,109445.00,440.401
2025-09-28T02:30:00+00:00,109445.00,109496.40,109380.10,109405.30,470.121
2025-09-28T02:45:00+00:00,109405.40,109413.30,109342.90,109398.80,267.147
2025-09-28T03:00:00+00:00,109398.90,109489.20,109398.90,109432.80,380.918
2025-09-28T03:15:00+00:00,109432.70,109443.40,109405.00,109410.30,163.434
2025-09-28T03:30:00+00:00,109410.30,109433.20,109364.20,109365.50,199.449
2025-09-28T03:45:00+00:00,109365.40,109397.30,109365.40,109397.30,93.474
2025-09-28T04:00:00+00:00,109397.30,109445.10,109381.10,109417.60,171.561
2025-09-28T04:15:00+00:00,109417.60,109439.00,109316.30,109316.40,226.971
2025-09-28T04:30:00+00:00,109316.30,109352.10,109315.50,109329.40,166.983
2025-09-28T04:45:00+00:00,109329.30,109329.40,109316.10,109329.40,104.098
2025-09-28T05:00:00+00:00,109329.40,109345.00,109302.00,109302.00,208.220
2025-09-28T05:15:00+00:00,109302.00,109351.60,109302.00,109346.90,178.952
2025-09-28T05:30:00+00:00,109347.00,109349.50,109300.00,109302.20,138.936
2025-09-28T05:45:00+00:00,109302.20,109303.40,109292.00,109303.20,150.488
2025-09-28T06:00:00+00:00,109303.20,109338.50,109302.40,109332.90,128.181
2025-09-28T06:15:00+00:00,109332.80,109332.90,109227.20,109227.20,297.928
2025-09-28T06:30:00+00:00,109227.20,109410.40,109203.90,109386.80,494.124
2025-09-28T06:45:00+00:00,109386.80,109386.90,109329.60,109358.70,199.098
2025-09-28T07:00:00+00:00,109358.80,109365.30,109294.20,109323.40,181.617
2025-09-28T07:15:00+00:00,109323.40,109450.00,109323.30,109402.30,598.050
2025-09-28T07:30:00+00:00,109402.30,109456.60,109393.00,109417.20,335.092
2025-09-28T07:45:00+00:00,109417.20,109500.00,109417.20,109468.50,448.035
2025-09-28T08:00:00+00:00,109468.40,109544.80,109430.50,109457.70,364.897
2025-09-28T08:15:00+00:00,109457.80,109489.30,109372.80,109484.30,618.061
2025-09-28T08:30:00+00:00,109484.30,109505.90,109427.00,109476.30,458.288
2025-09-28T08:45:00+00:00,109476.40,109531.70,109460.00,109462.70,456.751
2025-09-28T09:00:00+00:00,109462.70,109500.00,109309.20,109309.30,737.810
2025-09-28T09:15:00+00:00,109309.30,109410.70,109279.90,109405.40,572.731
2025-09-28T09:30:00+00:00,109405.40,109520.40,109394.40,109520.40,781.005
2025-09-28T09:45:00+00:00,109520.30,109520.40,109441.90,109477.50,463.088
2025-09-28T10:00:00+00:00,109477.40,109477.50,109363.60,109402.40,415.730
2025-09-28T10:15:00+00:00,109402.40,109429.70,109377.30,109392.20,186.191
2025-09-28T10:30:00+00:00,109392.20,109417.00,109316.50,109349.70,392.238
2025-09-28T10:45:00+00:00,109349.70,109355.40,109313.10,109323.40,168.395
2025-09-28T11:00:00+00:00,109323.40,109329.00,109271.10,109280.10,289.029
2025-09-28T11:15:00+00:00,109280.00,109282.70,109188.00,109225.60,1061.467
2025-09-28T11:30:00+00:00,109225.60,109294.30,109224.20,109244.70,318.705
2025-09-28T11:45:00+00:00,109244.80,109399.00,109200.00,109319.90,552.184
2025-09-28T12:00:00+00:00,109319.90,109396.90,109303.70,109381.00,842.303
2025-09-28T12:15:00+00:00,109380.90,109390.00,109314.70,109383.60,475.146
2025-09-28T12:30:00+00:00,109383.50,109400.00,109156.00,109189.90,750.445
2025-09-28T12:45:00+00:00,109190.00,109291.30,109136.50,109266.90,1577.875
2025-09-28T13:00:00+00:00,109266.80,109392.70,109266.80,109367.50,589.696
2025-09-28T13:15:00+00:00,109367.50,109447.00,109325.20,109429.90,715.316
2025-09-28T13:30:00+00:00,109429.80,109580.40,109411.30,109550.20,1295.801
2025-09-28T13:45:00+00:00,109550.20,109625.10,109523.60,109580.90,831.399
2025-09-28T14:00:00+00:00,109580.80,109580.90,109455.90,109479.60,732.331
2025-09-28T14:15:00+00:00,109479.50,109673.90,109479.50,109665.90,672.398
2025-09-28T14:30:00+00:00,109665.90,109700.00,109580.40,109641.00,748.364
2025-09-28T14:45:00+00:00,109641.10,109842.90,109627.40,109801.20,2169.187
2025-09-28T15:00:00+00:00,109801.20,109871.00,109656.50,109718.30,1883.114
2025-09-28T15:15:00+00:00,109718.30,109857.00,109718.20,109857.00,709.278
2025-09-28T15:30:00+00:00,109857.00,109883.00,109747.20,109883.00,967.620
2025-09-28T15:45:00+00:00,109883.00,109990.00,109853.60,109990.00,1400.930
2025-09-28T16:00:00+00:00,109990.00,110350.00,109989.90,110143.00,2684.510
2025-09-28T16:15:00+00:00,110143.10,110177.70,109992.20,110094.00,1491.543
2025-09-28T16:30:00+00:00,110094.00,110145.80,109952.20,110103.50,872.267
2025-09-28T16:45:00+00:00,110103.40,110187.90,110091.50,110172.50,514.935
2025-09-28T17:00:00+00:00,110172.50,110324.50,110144.60,110279.80,1205.163
2025-09-28T17:15:00+00:00,110279.80,110297.60,110074.40,110146.70,1136.044
2025-09-28T17:30:00+00:00,110146.60,110325.70,110121.00,110274.80,986.936
2025-09-28T17:45:00+00:00,110274.80,110314.60,110139.60,110153.50,715.810
2025-09-28T18:00:00+00:00,110153.40,110195.40,110003.00,110057.30,973.946
2025-09-28T18:15:00+00:00,110057.20,110139.60,110057.20,110082.30,328.388
2025-09-28T18:30:00+00:00,110082.30,110143.40,110074.70,110137.40,233.749
2025-09-28T18:45:00+00:00,110137.50,110237.50,110137.40,110237.50,243.016
2025-09-28T19:00:00+00:00,110237.50,110284.30,110063.70,110063.80,336.725
2025-09-28T19:15:00+00:00,110063.70,110293.80,110060.00,110290.00,284.911
2025-09-28T19:30:00+00:00,110290.20,110290.30,110232.90,110282.50,366.689
2025-09-28T19:45:00+00:00,110282.40,110333.00,110240.70,110281.60,202.126
2025-09-28T20:00:00+00:00,110281.70,110390.50,110236.60,110377.70,530.763
2025-09-28T20:15:00+00:00,110377.80,110598.00,110350.00,110590.30,1505.876
2025-09-28T20:30:00+00:00,110590.30,110888.00,110590.30,110877.80,2555.287
2025-09-28T20:45:00+00:00,110877.70,110887.80,110676.80,110748.00,938.007
2025-09-28T21:00:00+00:00,110748.00,110835.80,110748.00,110800.00,542.862
2025-09-28T21:15:00+00:00,110799.90,110800.00,110654.00,110661.70,458.232
2025-09-28T21:30:00+00:00,110661.80,110661.80,110568.70,110626.00,402.637
2025-09-28T21:45:00+00:00,110625.90,110788.20,110625.90,110788.10,255.610
2025-09-28T22:00:00+00:00,110788.10,111487.00,110788.10,111411.80,5583.487
2025-09-28T22:15:00+00:00,111411.90,111777.00,111373.30,111682.60,3355.936
2025-09-28T22:30:00+00:00,111682.50,111929.80,111669.50,111849.90,2337.494
2025-09-28T22:45:00+00:00,111849.90,111981.20,111800.00,111881.50,1629.701
2025-09-28T23:00:00+00:00,111881.40,112300.00,111881.40,112050.30,4517.229
2025-09-28T23:15:00+00:00,112050.40,112197.20,111914.00,112050.00,1566.266
2025-09-28T23:30:00+00:00,112050.00,112213.20,111968.40,112194.80,845.576
2025-09-28T23:45:00+00:00,112194.80,112213.20,111987.80,112119.60,854.925
2025-09-29T00:00:00+00:00,112119.70,112220.00,111989.40,112053.70,1244.552
2025-09-29T00:15:00+00:00,112053.60,112269.30,111916.00,112146.20,1093.386
2025-09-29T00:30:00+00:00,112146.20,112227.10,111946.60,112007.50,817.654
2025-09-29T00:45:00+00:00,112007.40,112238.90,111989.80,112211.20,877.065
2025-09-29T01:00:00+00:00,112211.20,112259.80,112058.50,112198.60,746.830
2025-09-29T01:15:00+00:00,112198.70,112266.20,111967.30,111994.30,1085.052
2025-09-29T01:30:00+00:00,111994.20,112060.30,111954.50,111995.00,604.213
2025-09-29T01:45:00+00:00,111995.00,111995.00,111652.70,111800.70,3601.332
2025-09-29T02:00:00+00:00,111800.70,111839.90,111664.50,111765.10,1517.049
2025-09-29T02:15:00+00:00,111765.10,111975.50,111717.80,111827.50,1054.219
2025-09-29T02:30:00+00:00,111827.50,111878.80,111578.50,111605.80,1451.558
2025-09-29T02:45:00+00:00,111605.90,111716.40,111562.00,111690.80,1030.086
2025-09-29T03:00:00+00:00,111690.80,111690.80,111517.30,111535.50,1045.243
2025-09-29T03:15:00+00:00,111535.40,111720.00,111535.40,111700.00,1175.217
2025-09-29T03:30:00+00:00,111700.00,111710.00,111650.00,111651.00,383.920
2025-09-29T03:45:00+00:00,111651.00,111817.90,111621.10,111817.90,1020.040
2025-09-29T04:00:00+00:00,111817.90,111846.10,111736.10,111747.70,1452.312
2025-09-29T04:15:00+00:00,111747.70,111800.00,111692.30,111759.60,710.815
2025-09-29T04:30:00+00:00,111759.60,111854.60,111750.00,111814.00,324.587
2025-09-29T04:45:00+00:00,111814.00,111860.00,111752.60,111752.70,359.436
2025-09-29T05:00:00+00:00,111752.60,111769.00,111562.60,111632.30,921.880
2025-09-29T05:15:00+00:00,111632.30,111658.80,111508.70,111579.10,1037.301
2025-09-29T05:30:00+00:00,111579.00,111661.50,111533.20,111650.40,418.566
2025-09-29T05:45:00+00:00,111650.40,111731.50,111642.30,111699.90,431.621
2025-09-29T06:00:00+00:00,111700.00,111742.90,111603.50,111665.10,633.314
2025-09-29T06:15:00+00:00,111665.00,111787.00,111655.40,111741.70,704.800
2025-09-29T06:30:00+00:00,111741.70,111811.10,111682.10,111682.20,581.478
2025-09-29T06:45:00+00:00,111682.20,111698.70,111561.30,111580.10,988.381
2025-09-29T07:00:00+00:00,111580.00,111685.10,111563.70,111578.00,894.367
2025-09-29T07:15:00+00:00,111577.90,111598.60,111501.00,111545.00,946.015
2025-09-29T07:30:00+00:00,111544.90,111742.90,111539.00,111677.00,1163.669
2025-09-29T07:45:00+00:00,111677.10,111814.80,111642.80,111814.70,955.318
2025-09-29T08:00:00+00:00,111814.80,112088.40,111814.70,111926.10,3013.802
2025-09-29T08:15:00+00:00,111926.20,112163.30,111913.90,112147.00,1189.603
2025-09-29T08:30:00+00:00,112147.00,112210.00,112044.60,112210.00,1128.608
2025-09-29T08:45:00+00:00,112209.90,112381.30,112028.40,112033.40,1849.667
2025-09-29T09:00:00+00:00,112033.50,112110.00,111972.60,111972.60,814.069
2025-09-29T09:15:00+00:00,111972.60,112128.00,111927.40,112108.80,667.356
2025-09-29T09:30:00+00:00,112108.80,112166.20,111992.40,112002.30,557.649
2025-09-29T09:45:00+00:00,112002.40,112092.00,111987.00,112050.00,305.299
2025-09-29T10:00:00+00:00,112049.90,112106.50,112029.00,112099.90,735.261
2025-09-29T10:15:00+00:00,112099.90,112185.40,112052.40,112172.80,574.745
2025-09-29T10:30:00+00:00,112172.80,112180.10,111972.40,112001.90,1088.123
2025-09-29T10:45:00+00:00,112001.80,112124.00,111999.10,112034.90,440.974
2025-09-29T11:00:00+00:00,112034.90,112059.40,111862.10,111862.10,1233.795
2025-09-29T11:15:00+00:00,111862.10,112031.20,111862.10,111903.40,873.525
2025-09-29T11:30:00+00:00,111903.40,112061.40,111894.50,112050.00,726.965
2025-09-29T11:45:00+00:00,112050.00,112069.70,112002.80,112052.00,440.172
2025-09-29T12:00:00+00:00,112052.00,112104.20,111990.80,112104.20,456.369
2025-09-29T12:15:00+00:00,112104.20,112337.90,112070.50,112318.60,1179.624
2025-09-29T12:30:00+00:00,112318.70,112492.20,111950.00,112057.00,2217.760
2025-09-29T12:45:00+00:00,112057.00,112181.00,111881.30,111972.60,1043.489
2025-09-29T13:00:00+00:00,111972.30,112069.40,111844.30,112058.00,1446.217
2025-09-29T13:15:00+00:00,112057.90,112266.00,112057.90,112122.30,1460.809
2025-09-29T13:30:00+00:00,112122.30,113283.70,112025.20,113240.40,9305.060
2025-09-29T13:45:00+00:00,113240.30,113443.60,113011.80,113168.20,6799.417
2025-09-29T14:00:00+00:00,113168.10,113775.50,113136.80,113750.00,5023.013
2025-09-29T14:15:00+00:00,113750.00,113881.60,113498.90,113677.10,4784.190
2025-09-29T14:30:00+00:00,113677.10,114149.00,113628.90,114012.50,4975.216
2025-09-29T14:45:00+00:00,114012.60,114188.00,113948.80,113956.70,2924.776
2025-09-29T15:00:00+00:00,113956.80,114060.00,113817.10,113878.00,2765.335
2025-09-29T15:15:00+00:00,113877.90,113950.00,113695.00,113735.20,1778.984
2025-09-29T15:30:00+00:00,113735.70,113948.50,113735.70,113892.40,1216.062
2025-09-29T15:45:00+00:00,113892.40,113898.00,113624.90,113752.00,1173.290
2025-09-29T16:00:00+00:00,113752.00,113982.90,113719.00,113916.10,1270.398
2025-09-29T16:15:00+00:00,113916.00,113968.00,113746.50,113804.90,763.898
2025-09-29T16:30:00+00:00,113804.90,114011.40,113716.00,113719.20,1048.837
2025-09-29T16:45:00+00:00,113719.10,113839.90,113547.00,113580.20,1066.776
2025-09-29T17:00:00+00:00,113580.20,113846.20,113404.50,113736.30,2085.122
2025-09-29T17:15:00+00:00,113736.30,113847.40,113548.60,113837.10,1016.195
2025-09-29T17:30:00+00:00,113837.10,113921.40,113732.50,113882.20,633.844
2025-09-29T17:45:00+00:00,113882.20,114137.80,113873.40,114000.00,2258.772
2025-09-29T18:00:00+00:00,114000.10,114094.20,113860.00,113983.70,851.914
2025-09-29T18:15:00+00:00,113983.70,114004.60,113812.30,113921.70,752.267
2025-09-29T18:30:00+00:00,113921.80,113981.10,113847.80,113949.90,502.267
2025-09-29T18:45:00+00:00,113950.00,114016.90,113949.90,113959.90,439.479
2025-09-29T19:00:00+00:00,113959.90,114041.30,113887.00,113961.40,612.764
2025-09-29T19:15:00+00:00,113961.40,113980.90,113790.50,113934.10,488.257
2025-09-29T19:30:00+00:00,113934.10,114097.30,113826.80,114097.20,811.922
2025-09-29T19:45:00+00:00,114097.30,114349.70,114085.00,114204.80,2916.943
2025-09-29T20:00:00+00:00,114204.90,114353.00,114057.50,114310.50,1597.671
2025-09-29T20:15:00+00:00,114310.60,114316.10,114159.00,114233.40,1275.079
2025-09-29T20:30:00+00:00,114233.40,114377.20,114204.50,114344.70,1033.774
2025-09-29T20:45:00+00:00,114344.80,114344.80,114159.80,114190.30,972.002
2025-09-29T21:00:00+00:00,114190.30,114279.20,114133.20,114133.30,748.759
2025-09-29T21:15:00+00:00,114133.20,114163.70,114080.40,114100.00,360.090
2025-09-29T21:30:00+00:00,114099.90,114135.00,114033.90,114135.00,495.951
2025-09-29T21:45:00+00:00,114134.90,114213.20,114111.40,114120.90,328.207
2025-09-29T22:00:00+00:00,114120.80,114166.10,114057.00,114064.40,475.588
2025-09-29T22:15:00+00:00,114064.40,114064.50,113977.10,114017.90,690.096
2025-09-29T22:30:00+00:00,114018.00,114059.80,113960.60,113979.40,368.660
2025-09-29T22:45:00+00:00,113979.40,114149.40,113979.40,114125.90,662.069
2025-09-29T23:00:00+00:00,114125.90,114296.40,114125.90,114178.40,1048.322
2025-09-29T23:15:00+00:00,114178.50,114319.50,114142.10,114245.30,940.052
2025-09-29T23:30:00+00:00,114245.30,114260.00,114164.30,114174.70,327.464
2025-09-29T23:45:00+00:00,114174.70,114359.10,114174.60,114257.10,1101.770
2025-09-30T00:00:00+00:00,114257.10,114395.10,114148.60,114243.40,1399.446
2025-09-30T00:15:00+00:00,114243.20,114243.20,113985.10,114117.70,992.457
2025-09-30T00:30:00+00:00,114117.70,114381.30,114076.00,114331.00,776.695
2025-09-30T00:45:00+00:00,114331.10,114800.00,114254.40,114465.80,3854.801
2025-09-30T01:00:00+00:00,114465.80,114720.40,114275.30,114714.70,1412.479
2025-09-30T01:15:00+00:00,114714.70,114756.20,114394.00,114576.00,1792.645
2025-09-30T01:30:00+00:00,114576.00,114576.10,114342.50,114401.10,993.220
2025-09-30T01:45:00+00:00,114401.20,114461.50,114210.00,114455.00,974.479
2025-09-30T02:00:00+00:00,114455.00,114542.40,114307.70,114359.20,830.809
2025-09-30T02:15:00+00:00,114359.10,114490.00,114307.60,114425.20,981.108
2025-09-30T02:30:00+00:00,114425.10,114530.00,114383.20,114421.60,553.637
2025-09-30T02:45:00+00:00,114421.60,114538.00,114319.20,114405.50,1136.050
2025-09-30T03:00:00+00:00,114405.60,114473.70,114290.00,114336.00,767.708
2025-09-30T03:15:00+00:00,114336.00,114376.70,114252.50,114284.10,681.961
2025-09-30T03:30:00+00:00,114284.10,114380.70,114246.60,114380.60,483.500
2025-09-30T03:45:00+00:00,114380.70,114403.20,114283.40,114321.50,588.213
2025-09-30T04:00:00+00:00,114321.50,114321.50,114250.00,114270.80,343.605
2025-09-30T04:15:00+00:00,114270.80,114286.70,114140.00,114140.10,632.481
2025-09-30T04:30:00+00:00,114140.10,114231.40,114085.30,114161.70,782.017
2025-09-30T04:45:00+00:00,114161.60,114171.10,114037.10,114037.20,682.994
2025-09-30T05:00:00+00:00,114037.10,114159.10,114000.00,114075.10,986.332
2025-09-30T05:15:00+00:00,114075.00,114084.50,113867.00,113898.20,2774.808
2025-09-30T05:30:00+00:00,113898.20,113968.10,113844.70,113935.10,1013.755
2025-09-30T05:45:00+00:00,113935.00,113944.70,113777.80,113856.90,1032.311
2025-09-30T06:00:00+00:00,113856.90,113960.00,113779.00,113907.70,730.057
2025-09-30T06:15:00+00:00,113907.80,113943.90,113800.00,113869.60,626.048
2025-09-30T06:30:00+00:00,113869.50,114040.90,113861.10,113957.80,572.261
2025-09-30T06:45:00+00:00,113957.90,113957.90,113800.00,113840.20,367.765
2025-09-30T07:00:00+00:00,113840.20,113909.40,113793.00,113870.10,700.131
2025-09-30T07:15:00+00:00,113870.00,113948.70,113825.10,113907.90,413.047
2025-09-30T07:30:00+00:00,113907.90,113908.00,113540.00,113580.40,1534.173
2025-09-30T07:45:00+00:00,113580.50,113755.00,113531.70,113662.40,2071.582
2025-09-30T08:00:00+00:00,113662.30,113700.00,113573.70,113650.10,902.476
2025-09-30T08:15:00+00:00,113650.10,113671.50,113473.40,113538.30,1223.559
2025-09-30T08:30:00+00:00,113538.40,113569.90,113288.00,113413.40,2028.333
2025-09-30T08:45:00+00:00,113413.50,113532.10,113370.50,113409.20,1009.658
2025-09-30T09:00:00+00:00,113409.10,113416.60,113177.50,113182.70,1741.255
2025-09-30T09:15:00+00:00,113182.60,113290.10,113174.00,113216.50,907.958
2025-09-30T09:30:00+00:00,113216.50,113300.10,112888.00,112945.10,2602.440
2025-09-30T09:45:00+00:00,112945.00,112945.10,112701.80,112743.10,1934.609
2025-09-30T10:00:00+00:00,112743.10,112998.00,112615.30,112815.10,2374.743
2025-09-30T10:15:00+00:00,112815.20,112905.40,112685.10,112794.40,1547.227
2025-09-30T10:30:00+00:00,112794.40,112905.50,112738.40,112853.70,855.383
2025-09-30T10:45:00+00:00,112853.80,113049.80,112853.70,112876.50,1269.698
2025-09-30T11:00:00+00:00,112876.50,112966.00,112811.00,112835.70,753.612
2025-09-30T11:15:00+00:00,112835.80,112885.20,112750.10,112871.70,772.402
2025-09-30T11:30:00+00:00,112871.60,113020.00,112835.00,112967.00,986.398
2025-09-30T11:45:00+00:00,112967.00,113091.50,112939.10,113003.70,1156.228
2025-09-30T12:00:00+00:00,113003.70,113066.50,112930.20,112962.70,708.717
2025-09-30T12:15:00+00:00,112962.80,113044.20,112960.20,113024.20,653.388
2025-09-30T12:30:00+00:00,113024.20,113202.50,113009.20,113191.60,1293.443
2025-09-30T12:45:00+00:00,113191.60,113191.60,112933.60,112950.00,1470.776
2025-09-30T13:00:00+00:00,112950.00,113066.00,112800.10,112988.60,1511.243
2025-09-30T13:15:00+00:00,112988.70,113300.00,112965.30,113263.80,1610.420
2025-09-30T13:30:00+00:00,113263.80,113485.00,113059.00,113466.90,3215.093
2025-09-30T13:45:00+00:00,113466.90,113623.80,113056.60,113338.70,2977.703
2025-09-30T14:00:00+00:00,113338.70,113447.50,112828.50,113070.00,2724.446
2025-09-30T14:15:00+00:00,113070.10,113255.70,112923.00,113044.80,1196.478
2025-09-30T14:30:00+00:00,113044.80,113225.50,112978.90,113161.50,1013.251
2025-09-30T14:45:00+00:00,113161.50,113582.80,113113.00,113539.50,2099.064
2025-09-30T15:00:00+00:00,113539.60,113543.20,113024.70,113162.90,1594.957
2025-09-30T15:15:00+00:00,113162.80,113213.00,112856.00,112996.10,1636.924
2025-09-30T15:30:00+00:00,112996.00,113209.80,112936.70,113008.90,1025.066
2025-09-30T15:45:00+00:00,113008.80,113160.00,112926.60,113055.40,735.967
2025-09-30T16:00:00+00:00,113055.40,113136.00,112941.00,113025.80,835.328
2025-09-30T16:15:00+00:00,113025.90,113242.60,112967.40,113015.10,1130.098
2025-09-30T16:30:00+00:00,113015.10,113046.30,112745.90,112878.50,1231.635
2025-09-30T16:45:00+00:00,112878.50,112911.20,112743.60,112798.60,961.073
2025-09-30T17:00:00+00:00,112798.60,113125.00,112763.20,113099.90,1389.297
2025-09-30T17:15:00+00:00,113099.90,113280.00,113088.20,113203.40,1095.864
2025-09-30T17:30:00+00:00,113203.50,113470.00,113111.00,113243.20,1464.281
2025-09-30T17:45:00+00:00,113242.80,113348.10,113173.30,113198.80,887.472
2025-09-30T18:00:00+00:00,113198.80,113476.00,113126.70,113471.40,875.385
2025-09-30T18:15:00+00:00,113471.50,113496.20,113301.00,113419.30,611.847
2025-09-30T18:30:00+00:00,113419.30,113449.80,113287.70,113416.50,380.344
2025-09-30T18:45:00+00:00,113416.50,113658.00,113416.40,113658.00,1184.868
2025-09-30T19:00:00+00:00,113658.00,113877.60,113650.00,113822.50,2156.521
2025-09-30T19:15:00+00:00,113822.50,113932.70,113740.10,113890.30,1694.592
2025-09-30T19:30:00+00:00,113890.30,114219.70,113885.90,114144.40,3282.011
2025-09-30T19:45:00+00:00,114144.40,114528.20,114136.30,114309.10,2685.150
2025-09-30T20:00:00+00:00,114309.10,114461.40,114065.00,114105.90,1856.947
2025-09-30T20:15:00+00:00,114105.90,114438.30,114100.00,114338.60,820.369
2025-09-30T20:30:00+00:00,114338.50,114348.80,114242.80,114242.90,501.407
2025-09-30T20:45:00+00:00,114242.90,114684.70,114242.80,114569.80,1824.620
2025-09-30T21:00:00+00:00,114569.80,114720.00,114321.00,114323.70,1847.067
2025-09-30T21:15:00+00:00,114323.60,114490.60,114232.30,114235.20,955.628
2025-09-30T21:30:00+00:00,114235.10,114469.40,114141.60,114312.90,1397.156
2025-09-30T21:45:00+00:00,114312.90,114320.80,114071.70,114108.00,633.602
2025-09-30T22:00:00+00:00,114108.00,114310.90,114070.00,114080.60,989.960
2025-09-30T22:15:00+00:00,114080.50,114129.60,113901.20,113942.00,1339.792
2025-09-30T22:30:00+00:00,113942.00,113988.60,113825.00,113871.90,956.107
2025-09-30T22:45:00+00:00,113872.00,113979.60,113850.80,113883.40,533.261
2025-09-30T23:00:00+00:00,113883.30,113889.60,113710.20,113783.60,1071.342
2025-09-30T23:15:00+00:00,113783.70,113965.80,113710.00,113897.20,911.099
2025-09-30T23:30:00+00:00,113897.20,113926.40,113786.50,113913.60,437.599
2025-09-30T23:45:00+00:00,113913.50,113988.80,113882.30,113988.80,362.803
2025-10-01T00:00:00+00:00,113988.70,114246.00,113988.70,114098.10,1631.600
2025-10-01T00:15:00+00:00,114098.00,114123.10,113899.40,113960.60,979.333
2025-10-01T00:30:00+00:00,113960.70,114178.10,113906.40,113913.20,593.524
2025-10-01T00:45:00+00:00,113913.20,114198.00,113913.20,114181.10,568.675
2025-10-01T01:00:00+00:00,114181.00,114347.10,114083.30,114283.30,852.327
2025-10-01T01:15:00+00:00,114283.30,114373.00,114138.50,114315.70,1134.258
2025-10-01T01:30:00+00:00,114315.70,114440.00,114159.10,114345.40,906.125
2025-10-01T01:45:00+00:00,114345.40,114498.00,114293.70,114491.60,871.309
2025-10-01T02:00:00+00:00,114491.60,114494.00,114356.20,114418.20,644.679
2025-10-01T02:15:00+00:00,114418.20,114439.40,114354.80,114368.20,365.094
2025-10-01T02:30:00+00:00,114368.20,114387.10,114237.80,114275.30,594.019
2025-10-01T02:45:00+00:00,114275.40,114330.00,114218.90,114219.00,1014.492
2025-10-01T03:00:00+00:00,114219.00,114387.80,114139.40,114387.80,1168.703
2025-10-01T03:15:00+00:00,114387.80,114481.20,114283.50,114416.70,1553.490
2025-10-01T03:30:00+00:00,114416.70,114480.00,114272.30,114272.40,1235.650
2025-10-01T03:45:00+00:00,114272.40,114272.40,114038.70,114135.90,1783.813
2025-10-01T04:00:00+00:00,114135.80,114398.40,114095.20,114284.80,1058.832
2025-10-01T04:15:00+00:00,114284.80,114553.50,114284.80,114549.90,1213.041
2025-10-01T04:30:00+00:00,114550.00,114669.00,114450.00,114503.30,1896.985
2025-10-01T04:45:00+00:00,114503.30,114545.90,114184.40,114227.80,1577.199
2025-10-01T05:00:00+00:00,114227.80,114700.00,114200.80,114552.50,2206.584
2025-10-01T05:15:00+00:00,114552.50,114661.30,114471.70,114553.70,1021.322
2025-10-01T05:30:00+00:00,114553.70,114580.00,114479.20,114511.90,622.626
2025-10-01T05:45:00+00:00,114512.00,114595.50,114453.70,114511.40,483.422
2025-10-01T06:00:00+00:00,114511.50,114529.90,114413.80,114503.10,691.087
2025-10-01T06:15:00+00:00,114503.10,114570.10,114250.00,114330.70,1103.872
2025-10-01T06:30:00+00:00,114330.70,114491.80,114257.10,114457.30,879.206
2025-10-01T06:45:00+00:00,114457.30,114457.40,114170.00,114212.80,1115.997
2025-10-01T07:00:00+00:00,114212.70,114380.40,114184.90,114312.20,501.092
2025-10-01T07:15:00+00:00,114312.10,114538.60,114306.00,114504.60,784.025
2025-10-01T07:30:00+00:00,114504.60,114534.30,114386.70,114470.40,542.062
2025-10-01T07:45:00+00:00,114470.40,114539.10,114432.40,114480.80,580.319
2025-10-01T08:00:00+00:00,114480.80,114550.00,114425.60,114534.90,817.056
2025-10-01T08:15:00+00:00,114534.80,115072.10,114500.20,115034.80,6330.913
2025-10-01T08:30:00+00:00,115034.80,115666.80,115034.80,115586.30,9101.646
2025-10-01T08:45:00+00:00,115586.30,116599.80,115426.00,116060.50,14539.377
2025-10-01T09:00:00+00:00,116060.40,116332.90,115890.70,116200.00,4164.904
2025-10-01T09:15:00+00:00,116199.90,116280.00,116075.70,116193.80,1546.995
2025-10-01T09:30:00+00:00,116193.70,116500.00,116109.60,116350.60,3511.812
2025-10-01T09:45:00+00:00,116350.60,116423.60,116288.20,116372.40,1203.543
2025-10-01T10:00:00+00:00,116372.30,116520.00,116214.40,116217.80,1799.732
2025-10-01T10:15:00+00:00,116217.40,116365.10,116190.80,116190.80,830.642
2025-10-01T10:30:00+00:00,116190.30,116299.90,116154.50,116234.20,795.715
2025-10-01T10:45:00+00:00,116234.30,116328.30,116180.00,116233.60,796.905
2025-10-01T11:00:00+00:00,116233.50,116388.00,116228.10,116342.60,809.555
2025-10-01T11:15:00+00:00,116342.70,116375.70,116284.60,116284.70,654.109
2025-10-01T11:30:00+00:00,116284.70,116570.80,116238.20,116533.50,2173.144
2025-10-01T11:45:00+00:00,116533.50,116750.00,116456.30,116736.80,2813.304
2025-10-01T12:00:00+00:00,116736.80,116838.30,116562.50,116615.20,2284.459
2025-10-01T12:15:00+00:00,116615.30,116850.00,116575.00,116587.30,1588.227
2025-10-01T12:30:00+00:00,116587.30,116604.00,116408.50,116415.70,2226.234
2025-10-01T12:45:00+00:00,116415.60,116512.00,116311.50,116373.70,1142.065
2025-10-01T13:00:00+00:00,116373.80,116522.60,116373.70,116494.90,850.587
2025-10-01T13:15:00+00:00,116494.90,116617.20,116491.10,116595.10,781.962
2025-10-01T13:30:00+00:00,116595.10,116700.00,116370.40,116479.60,1811.102
2025-10-01T13:45:00+00:00,116479.70,116802.00,116380.30,116762.50,1960.675
2025-10-01T14:00:00+00:00,116761.90,117231.40,116655.20,117131.60,6527.781
2025-10-01T14:15:00+00:00,117131.60,117400.00,117000.00,117085.00,3534.744
2025-10-01T14:30:00+00:00,117085.00,117371.20,117000.00,117261.90,1548.240
2025-10-01T14:45:00+00:00,117261.80,117276.30,117000.00,117245.30,1512.568
2025-10-01T15:00:00+00:00,117245.40,117294.60,117031.00,117192.90,1030.900
2025-10-01T15:15:00+00:00,117192.90,117647.80,117132.00,117457.30,2755.742
2025-10-01T15:30:00+00:00,117457.20,117495.50,117236.50,117432.00,1555.293
2025-10-01T15:45:00+00:00,117432.00,117500.00,117249.20,117366.40,1004.978
2025-10-01T16:00:00+00:00,117366.50,117750.00,117259.30,117749.90,3936.174
2025-10-01T16:15:00+00:00,117749.90,117850.00,117639.20,117821.50,3931.458
2025-10-01T16:30:00+00:00,117821.40,118190.00,117748.70,117830.20,6413.848
2025-10-01T16:45:00+00:00,117830.10,117929.90,117475.00,117480.10,3332.251
2025-10-01T17:00:00+00:00,117480.00,117649.20,117213.90,117260.00,2091.352
2025-10-01T17:15:00+00:00,117259.90,117524.30,117208.90,117352.50,1880.271
2025-10-01T17:30:00+00:00,117352.50,117456.10,117106.60,117114.20,1327.354
2025-10-01T17:45:00+00:00,117114.10,117137.50,116687.50,116734.20,4025.879
2025-10-01T18:00:00+00:00,116734.30,117035.80,116731.40,117012.10,1859.772
2025-10-01T18:15:00+00:00,117012.20,117012.20,116827.20,116984.90,805.819
2025-10-01T18:30:00+00:00,116984.90,117150.10,116984.90,117030.00,1078.370
2025-10-01T18:45:00+00:00,117030.10,117312.70,117023.20,117192.30,1374.320
2025-10-01T19:00:00+00:00,117192.30,117382.40,117167.60,117350.20,669.246
2025-10-01T19:15:00+00:00,117350.20,117458.60,117347.20,117419.80,847.438
2025-10-01T19:30:00+00:00,117419.80,117572.70,117268.40,117485.80,917.916
2025-10-01T19:45:00+00:00,117485.90,117550.00,117234.80,117374.10,1064.624
2025-10-01T20:00:00+00:00,117374.00,117388.20,117104.10,117152.50,1759.792
2025-10-01T20:15:00+00:00,117152.50,117344.20,117152.50,117344.20,429.615
2025-10-01T20:30:00+00:00,117344.20,117344.20,117252.80,117316.50,478.393
2025-10-01T20:45:00+00:00,117316.50,117493.60,117243.00,117474.60,508.085
2025-10-01T21:00:00+00:00,117474.70,117524.30,117400.00,117524.20,420.603
2025-10-01T21:15:00+00:00,117524.30,117524.90,117356.50,117434.70,280.166
2025-10-01T21:30:00+00:00,117434.70,117434.80,117276.30,117314.90,333.807
2025-10-01T21:45:00+00:00,117314.90,117503.30,117314.80,117503.20,430.670
2025-10-01T22:00:00+00:00,117503.20,118041.90,117503.20,117778.80,2815.230
2025-10-01T22:15:00+00:00,117778.80,117864.40,117718.00,117756.80,837.317
2025-10-01T22:30:00+00:00,117756.80,117756.90,117584.00,117603.00,413.753
2025-10-01T22:45:00+00:00,117603.00,117828.00,117602.90,117695.80,1363.322
2025-10-01T23:00:00+00:00,117695.80,117928.10,117634.90,117905.10,1078.955
2025-10-01T23:15:00+00:00,117905.00,118457.30,117905.00,118312.10,6225.733
2025-10-01T23:30:00+00:00,118312.20,118321.00,118020.70,118263.60,1292.067
2025-10-01T23:45:00+00:00,118263.60,118631.80,118229.90,118552.40,2586.158
2025-10-02T00:00:00+00:00,118552.00,119457.00,118552.00,119119.50,9737.126
2025-10-02T00:15:00+00:00,119119.40,119160.00,118814.60,118898.40,1824.655
2025-10-02T00:30:00+00:00,118898.50,118900.60,118447.90,118550.40,2170.612
2025-10-02T00:45:00+00:00,118550.40,118651.50,118367.00,118397.00,1307.485
2025-10-02T01:00:00+00:00,118397.00,118666.60,118335.00,118651.90,1246.126
2025-10-02T01:15:00+00:00,118652.00,118660.80,118396.10,118454.10,747.336
2025-10-02T01:30:00+00:00,118454.10,118700.00,118454.10,118675.30,789.118
2025-10-02T01:45:00+00:00,118675.30,118862.00,118569.60,118577.40,1482.664
2025-10-02T02:00:00+00:00,118577.50,118677.30,118465.10,118664.10,1271.911
2025-10-02T02:15:00+00:00,118664.10,118748.80,118449.50,118491.20,1178.529
2025-10-02T02:30:00+00:00,118491.20,118724.40,118433.40,118625.60,1317.485
2025-10-02T02:45:00+00:00,118625.50,118736.20,118609.20,118697.40,828.770
2025-10-02T03:00:00+00:00,118697.30,118966.00,118676.90,118825.00,2628.234
2025-10-02T03:15:00+00:00,118825.00,119043.40,118744.10,118893.70,1757.692
2025-10-02T03:30:00+00:00,118893.60,118988.20,118770.10,118929.50,1268.592
2025-10-02T03:45:00+00:00,118929.40,118929.50,118652.50,118697.00,803.713
2025-10-02T04:00:00+00:00,118697.00,118893.80,118633.70,118860.00,1010.909
2025-10-02T04:15:00+00:00,118859.90,118860.00,118508.40,118525.10,1010.427
2025-10-02T04:30:00+00:00,118525.00,118574.10,118372.00,118552.00,1025.828
2025-10-02T04:45:00+00:00,118552.00,118641.80,118448.10,118616.80,596.755
2025-10-02T05:00:00+00:00,118616.70,118641.80,118460.00,118476.60,479.136
2025-10-02T05:15:00+00:00,118476.60,118613.50,118358.30,118600.10,833.173
2025-10-02T05:30:00+00:00,118600.10,118600.10,118318.30,118418.80,897.497
2025-10-02T05:45:00+00:00,118418.70,118431.60,118226.40,118329.70,972.976
2025-10-02T06:00:00+00:00,118329.70,118484.30,118251.30,118382.30,851.193
2025-10-02T06:15:00+00:00,118382.30,118481.10,118362.40,118412.50,542.908
2025-10-02T06:30:00+00:00,118412.50,118644.80,118387.90,118600.00,1143.686
2025-10-02T06:45:00+00:00,118599.90,118620.10,118469.80,118600.00,526.907
2025-10-02T07:00:00+00:00,118599.90,118629.80,118500.00,118611.10,605.054
2025-10-02T07:15:00+00:00,118611.00,118612.60,118437.70,118471.80,383.362
2025-10-02T07:30:00+00:00,118471.90,118471.90,118377.10,118422.00,469.889
2025-10-02T07:45:00+00:00,118422.00,118477.10,118378.00,118444.10,498.415
2025-10-02T08:00:00+00:00,118444.10,118524.40,118310.40,118310.40,719.220
2025-10-02T08:15:00+00:00,118310.40,118606.00,118307.30,118590.40,617.698
2025-10-02T08:30:00+00:00,118590.30,118625.40,118523.60,118579.60,469.209
2025-10-02T08:45:00+00:00,118579.60,118647.70,118568.20,118635.40,399.585
2025-10-02T09:00:00+00:00,118635.30,118635.40,118521.70,118563.10,419.819
2025-10-02T09:15:00+00:00,118563.20,118648.50,118553.90,118640.60,459.399
2025-10-02T09:30:00+00:00,118640.70,118724.80,118555.90,118690.80,858.931
2025-10-02T09:45:00+00:00,118690.90,118827.70,118647.50,118813.30,966.712
2025-10-02T10:00:00+00:00,118813.30,118885.80,118640.10,118699.90,841.426
2025-10-02T10:15:00+00:00,118700.00,118742.10,118563.00,118564.40,481.973
2025-10-02T10:30:00+00:00,118564.40,118724.60,118564.40,118711.20,609.894
2025-10-02T10:45:00+00:00,118711.30,118717.30,118530.80,118575.30,418.518
2025-10-02T11:00:00+00:00,118575.30,118628.60,118481.60,118530.40,589.451
2025-10-02T11:15:00+00:00,118530.40,118660.30,118503.20,118636.00,403.742
2025-10-02T11:30:00+00:00,118635.90,118707.60,118609.10,118707.60,333.222
2025-10-02T11:45:00+00:00,118707.60,118843.80,118655.40,118716.00,890.349
2025-10-02T12:00:00+00:00,118716.10,118844.90,118690.40,118805.80,621.661
2025-10-02T12:15:00+00:00,118805.70,119130.00,118805.70,119043.90,2025.466
2025-10-02T12:30:00+00:00,119043.80,119309.20,118952.50,119157.20,2156.843
2025-10-02T12:45:00+00:00,119157.20,119361.40,119106.00,119360.10,1743.825
2025-10-02T13:00:00+00:00,119360.00,119360.10,119054.00,119060.50,1527.013
2025-10-02T13:15:00+00:00,119060.50,119250.00,118868.20,119114.30,1547.393
2025-10-02T13:30:00+00:00,119114.30,119523.50,119042.30,119503.70,3221.909
2025-10-02T13:45:00+00:00,119503.80,119733.00,119441.30,119559.60,5035.820
2025-10-02T14:00:00+00:00,119559.60,119607.60,119218.70,119381.60,2468.928
2025-10-02T14:15:00+00:00,119381.70,119672.10,119350.00,119643.20,1414.757
2025-10-02T14:30:00+00:00,119643.30,119747.20,118910.00,118950.50,3316.919
2025-10-02T14:45:00+00:00,118950.50,119044.80,118606.20,118768.00,4159.461
2025-10-02T15:00:00+00:00,118768.10,119205.30,118458.40,119128.20,4237.676
2025-10-02T15:15:00+00:00,119128.10,119555.00,118966.00,119378.80,3019.124
2025-10-02T15:30:00+00:00,119379.10,119600.00,119142.20,119586.00,2471.934
2025-10-02T15:45:00+00:00,119585.90,119889.00,119500.00,119875.10,3789.476
2025-10-02T16:00:00+00:00,119875.10,120291.00,119650.10,120083.40,6700.761
2025-10-02T16:15:00+00:00,120083.40,120188.10,119880.00,119961.90,2275.931
2025-10-02T16:30:00+00:00,119961.90,120066.70,119663.80,119732.50,1899.706
2025-10-02T16:45:00+00:00,119732.50,119870.90,119564.90,119694.00,1083.205
2025-10-02T17:00:00+00:00,119694.00,119775.30,119500.00,119766.90,1234.268
2025-10-02T17:15:00+00:00,119766.90,119766.90,119317.00,119390.60,1617.080
2025-10-02T17:30:00+00:00,119390.70,119619.40,119342.70,119542.60,923.843
2025-10-02T17:45:00+00:00,119542.50,119916.80,119507.90,119869.10,1430.113
2025-10-02T18:00:00+00:00,119869.10,120181.50,119859.90,120080.80,2195.516
2025-10-02T18:15:00+00:00,120080.80,120195.80,119920.80,120103.20,1265.258
2025-10-02T18:30:00+00:00,120103.20,120148.80,119930.50,120032.30,1122.262
2025-10-02T18:45:00+00:00,120032.30,120637.20,120032.30,120461.60,3659.623
2025-10-02T19:00:00+00:00,120461.60,120999.00,120398.20,120988.00,5627.035
2025-10-02T19:15:00+00:00,120988.00,120990.00,120632.20,120692.10,2656.276
2025-10-02T19:30:00+00:00,120692.20,120921.30,120653.60,120665.50,1320.985
2025-10-02T19:45:00+00:00,120665.50,120843.80,120516.40,120787.90,1396.345
2025-10-02T20:00:00+00:00,120787.80,120880.90,120631.20,120631.20,1535.444
2025-10-02T20:15:00+00:00,120631.20,120719.70,120403.70,120504.40,1224.300
2025-10-02T20:30:00+00:00,120504.40,120524.40,120258.10,120441.90,1341.372
2025-10-02T20:45:00+00:00,120442.00,120633.40,120365.80,120598.80,962.223
2025-10-02T21:00:00+00:00,120598.90,120700.00,120485.70,120700.00,581.783
2025-10-02T21:15:00+00:00,120700.00,120735.00,120386.30,120407.50,616.515
2025-10-02T21:30:00+00:00,120407.60,120407.60,120157.10,120211.20,1028.837
2025-10-02T21:45:00+00:00,120211.10,120335.80,120105.10,120105.20,463.716
2025-10-02T22:00:00+00:00,120105.10,120372.10,120040.00,120372.00,776.348
2025-10-02T22:15:00+00:00,120372.00,120372.10,120177.00,120286.80,506.623
2025-10-02T22:30:00+00:00,120286.80,120348.50,120069.10,120121.80,746.276
2025-10-02T22:45:00+00:00,120121.90,120208.80,120018.00,120208.80,897.717
2025-10-02T23:00:00+00:00,120208.70,120432.00,120191.90,120431.90,848.912
2025-10-02T23:15:00+00:00,120432.00,120633.00,120306.00,120512.10,1078.830
2025-10-02T23:30:00+00:00,120512.10,120569.60,120234.00,120296.00,928.972
2025-10-02T23:45:00+00:00,120296.00,120570.00,120215.60,120481.30,1065.347
2025-10-03T00:00:00+00:00,120481.30,120505.50,120059.50,120112.00,1162.000
2025-10-03T00:15:00+00:00,120112.10,120258.70,120033.00,120246.40,676.464
2025-10-03T00:30:00+00:00,120246.30,120246.30,120119.40,120159.30,519.160
2025-10-03T00:45:00+00:00,120159.20,120234.00,120044.30,120097.10,901.758
2025-10-03T01:00:00+00:00,120097.20,120255.10,120031.20,120185.10,1239.704
2025-10-03T01:15:00+00:00,120185.00,120250.00,119958.50,120081.50,1165.584
2025-10-03T01:30:00+00:00,120081.60,120129.60,119977.20,120050.10,549.902
2025-10-03T01:45:00+00:00,120050.10,120050.10,119766.00,119832.60,1303.704
2025-10-03T02:00:00+00:00,119832.60,120093.70,119823.60,120093.70,892.148
2025-10-03T02:15:00+00:00,120093.70,120138.70,119923.40,119943.90,475.278
2025-10-03T02:30:00+00:00,119943.80,120062.00,119888.00,120028.20,552.049
2025-10-03T02:45:00+00:00,120028.20,120237.90,119990.50,120117.90,1003.273
2025-10-03T03:00:00+00:00,120118.00,120447.20,120108.50,120250.00,1521.031
2025-10-03T03:15:00+00:00,120250.00,120362.10,120146.00,120146.00,791.729
2025-10-03T03:30:00+00:00,120146.10,120374.60,120120.00,120300.80,1050.297
2025-10-03T03:45:00+00:00,120300.80,120311.60,120163.10,120185.40,500.501
2025-10-03T04:00:00+00:00,120185.40,120281.60,120135.60,120209.70,367.586
2025-10-03T04:15:00+00:00,120209.80,120265.20,120122.10,120156.90,428.842
2025-10-03T04:30:00+00:00,120156.80,120156.90,119954.80,119990.10,602.824
2025-10-03T04:45:00+00:00,119990.20,120138.60,119990.10,120000.20,595.007
2025-10-03T05:00:00+00:00,120000.20,120033.00,119903.00,119994.70,456.596
2025-10-03T05:15:00+00:00,119994.60,120006.00,119931.40,119974.80,430.577
2025-10-03T05:30:00+00:00,119974.80,119974.90,119783.00,119798.20,723.105
2025-10-03T05:45:00+00:00,119798.30,119901.60,119700.00,119894.50,1437.565
2025-10-03T06:00:00+00:00,119894.50,120040.00,119744.60,120009.50,812.445
2025-10-03T06:15:00+00:00,120009.50,120020.00,119935.30,119945.50,375.975
2025-10-03T06:30:00+00:00,119945.60,119988.10,119884.80,119890.20,369.579
2025-10-03T06:45:00+00:00,119890.10,119890.20,119725.20,119882.60,682.545
2025-10-03T07:00:00+00:00,119882.50,119985.50,119750.60,119830.40,800.397
2025-10-03T07:15:00+00:00,119830.30,119859.80,119737.10,119737.10,619.783
2025-10-03T07:30:00+00:00,119737.20,119793.00,119579.60,119619.80,2071.738
2025-10-03T07:45:00+00:00,119619.80,119724.40,119603.60,119620.10,1536.146
2025-10-03T08:00:00+00:00,119620.10,119707.70,119404.60,119473.20,1652.818
2025-10-03T08:15:00+00:00,119473.20,119624.00,119200.00,119623.90,2933.467
2025-10-03T08:30:00+00:00,119624.00,119884.60,119610.30,119828.80,1957.010
2025-10-03T08:45:00+00:00,119828.70,120058.20,119811.60,120007.00,1135.799
2025-10-03T09:00:00+00:00,120007.00,120173.00,120006.90,120038.40,1266.270
2025-10-03T09:15:00+00:00,120038.30,120342.00,119968.60,120263.40,1690.985
2025-10-03T09:30:00+00:00,120263.40,120304.90,120120.80,120163.70,1000.100
2025-10-03T09:45:00+00:00,120163.80,120300.00,120163.70,120257.80,587.650
2025-10-03T10:00:00+00:00,120257.90,120336.00,120226.00,120304.90,470.800
2025-10-03T10:15:00+00:00,120305.00,120484.10,120295.30,120422.80,1147.906
2025-10-03T10:30:00+00:00,120422.90,120481.10,120317.30,120452.50,720.136
2025-10-03T10:45:00+00:00,120452.50,120474.00,120365.20,120392.80,384.868
2025-10-03T11:00:00+00:00,120392.90,120435.00,120242.70,120262.30,829.784
2025-10-03T11:15:00+00:00,120262.40,120339.00,120100.00,120250.00,1053.685
2025-10-03T11:30:00+00:00,120250.00,120319.00,120160.00,120319.00,493.034
2025-10-03T11:45:00+00:00,120319.00,120444.20,120288.00,120307.20,555.979
2025-10-03T12:00:00+00:00,120307.20,120374.40,120220.70,120329.00,668.341
2025-10-03T12:15:00+00:00,120328.90,120377.90,120172.80,120175.60,477.967
2025-10-03T12:30:00+00:00,120175.60,120300.00,120061.30,120253.20,863.407
2025-10-03T12:45:00+00:00,120253.30,120352.50,120205.90,120320.70,695.712
2025-10-03T13:00:00+00:00,120320.60,120320.70,120104.10,120227.90,775.009
2025-10-03T13:15:00+00:00,120227.90,120540.00,120185.50,120501.90,1386.999
2025-10-03T13:30:00+00:00,120501.80,120687.30,120058.00,120228.10,2767.593
2025-10-03T13:45:00+00:00,120228.00,120519.40,120207.70,120325.00,1342.608
2025-10-03T14:00:00+00:00,120325.10,120354.80,120050.00,120118.30,1777.648
2025-10-03T14:15:00+00:00,120118.30,120435.70,119820.40,120399.70,2455.083
2025-10-03T14:30:00+00:00,120399.70,120752.60,120253.50,120599.90,2760.085
2025-10-03T14:45:00+00:00,120599.90,120935.00,120595.00,120861.40,2732.608
2025-10-03T15:00:00+00:00,120861.40,120861.40,120579.10,120799.50,1816.685
2025-10-03T15:15:00+00:00,120799.60,121470.00,120799.50,121247.40,6583.251
2025-10-03T15:30:00+00:00,121247.50,121776.40,121235.30,121670.00,4340.571
2025-10-03T15:45:00+00:00,121669.90,122399.90,121583.50,122238.50,7172.618
2025-10-03T16:00:00+00:00,122238.50,123289.00,122238.50,123100.00,12922.236
2025-10-03T16:15:00+00:00,123099.90,123809.10,122884.30,123630.60,8932.721
2025-10-03T16:30:00+00:00,123630.70,123900.00,123500.00,123764.50,4609.181
2025-10-03T16:45:00+00:00,123764.50,123801.80,122500.00,122527.10,7756.299
2025-10-03T17:00:00+00:00,122527.00,123092.50,121611.00,122952.80,15167.548
2025-10-03T17:15:00+00:00,122952.80,122960.00,122207.80,122481.00,4196.163
2025-10-03T17:30:00+00:00,122481.00,122950.00,122300.00,122557.40,2420.377
2025-10-03T17:45:00+00:00,122557.40,122583.00,121528.10,122035.50,6065.093
2025-10-03T18:00:00+00:00,122035.60,122124.20,121425.50,121994.00,3156.659
2025-10-03T18:15:00+00:00,121994.00,122578.80,121970.70,122449.50,2116.447
2025-10-03T18:30:00+00:00,122449.70,122714.20,122154.40,122602.20,2121.521
2025-10-03T18:45:00+00:00,122602.10,122699.70,122286.80,122505.60,1024.592
2025-10-03T19:00:00+00:00,122505.70,122598.10,122313.00,122417.90,1036.554
2025-10-03T19:15:00+00:00,122418.00,122796.00,122417.90,122746.60,1088.103
2025-10-03T19:30:00+00:00,122746.50,122930.30,122621.40,122720.00,1293.425
2025-10-03T19:45:00+00:00,122719.90,122747.60,122524.30,122609.30,794.909
2025-10-03T20:00:00+00:00,122609.30,122659.10,121986.30,122050.80,1696.114
2025-10-03T20:15:00+00:00,122050.80,122248.50,122043.30,122097.90,733.363
2025-10-03T20:30:00+00:00,122098.00,122638.40,122098.00,122627.30,699.771
2025-10-03T20:45:00+00:00,122627.40,122694.10,122388.70,122402.20,674.424
2025-10-03T21:00:00+00:00,122402.30,122406.20,122323.90,122402.90,703.623
2025-10-03T21:15:00+00:00,122402.80,122402.90,122229.90,122236.10,441.602
2025-10-03T21:30:00+00:00,122236.10,122313.60,122011.30,122111.30,775.234
2025-10-03T21:45:00+00:00,122111.20,122341.60,121944.70,122245.20,789.247
2025-10-03T22:00:00+00:00,122245.20,122414.70,122245.20,122414.20,427.433
2025-10-03T22:15:00+00:00,122414.10,122496.00,122383.60,122434.80,400.622
2025-10-03T22:30:00+00:00,122434.80,122622.70,122434.80,122528.40,544.291
2025-10-03T22:45:00+00:00,122528.50,122554.50,122400.00,122427.70,333.161
2025-10-03T23:00:00+00:00,122427.70,122427.70,122228.40,122252.20,427.725
2025-10-03T23:15:00+00:00,122252.20,122310.00,122227.90,122229.70,285.620
2025-10-03T23:30:00+00:00,122229.70,122287.00,122140.20,122248.50,341.188
2025-10-03T23:45:00+00:00,122248.50,122270.80,122125.10,122182.70,793.248
2025-10-04T00:00:00+00:00,122182.60,122219.80,121999.30,122122.80,1592.352
2025-10-04T00:15:00+00:00,122122.80,122256.40,122115.10,122115.20,814.933
2025-10-04T00:30:00+00:00,122115.10,122138.60,121936.20,122016.90,860.713
2025-10-04T00:45:00+00:00,122016.90,122076.40,121946.70,122076.40,1178.880
2025-10-04T01:00:00+00:00,122076.40,122076.40,121969.60,122062.30,805.697
2025-10-04T01:15:00+00:00,122062.20,122070.80,121900.00,121900.10,743.969
2025-10-04T01:30:00+00:00,121900.00,121990.80,121804.00,121834.90,1488.024
2025-10-04T01:45:00+00:00,121834.90,121849.80,121650.80,121818.90,1290.148
2025-10-04T02:00:00+00:00,121819.00,122000.00,121750.00,121833.50,1124.561
2025-10-04T02:15:00+00:00,121833.50,121857.10,121636.50,121760.10,1537.591
2025-10-04T02:30:00+00:00,121760.10,121801.00,121636.40,121718.40,1097.725
2025-10-04T02:45:00+00:00,121718.30,121916.00,121687.10,121811.70,1452.812
2025-10-04T03:00:00+00:00,121811.70,121861.00,121781.90,121854.90,454.557
2025-10-04T03:15:00+00:00,121854.90,122037.60,121854.90,122018.40,669.002
2025-10-04T03:30:00+00:00,122018.30,122053.00,121987.00,122053.00,479.069
2025-10-04T03:45:00+00:00,122052.90,122301.90,121989.50,122197.20,949.730
2025-10-04T04:00:00+00:00,122197.30,122262.80,122188.50,122234.90,476.343
2025-10-04T04:15:00+00:00,122235.00,122335.30,122168.40,122299.80,1431.812
2025-10-04T04:30:00+00:00,122299.80,122474.20,122240.00,122441.80,1209.877
2025-10-04T04:45:00+00:00,122441.80,122486.80,122404.00,122448.80,706.140
2025-10-04T05:00:00+00:00,122448.70,122641.10,122385.60,122601.90,1282.147
2025-10-04T05:15:00+00:00,122602.00,122781.10,122569.10,122630.10,1260.214
2025-10-04T05:30:00+00:00,122630.10,122674.50,122408.10,122430.40,955.785
2025-10-04T05:45:00+00:00,122430.40,122554.10,122353.80,122480.60,1149.299
2025-10-04T06:00:00+00:00,122480.70,122510.60,122325.60,122359.10,1077.193
2025-10-04T06:15:00+00:00,122359.10,122551.30,122359.00,122448.40,911.759
2025-10-04T06:30:00+00:00,122448.50,122511.00,122431.70,122464.30,475.951
2025-10-04T06:45:00+00:00,122464.30,122479.30,122382.80,122388.90,266.495
2025-10-04T07:00:00+00:00,122388.90,122414.80,122289.90,122378.40,465.956
2025-10-04T07:15:00+00:00,122378.40,122378.40,122260.70,122324.80,348.460
2025-10-04T07:30:00+00:00,122324.90,122350.00,122226.10,122270.90,673.993
2025-10-04T07:45:00+00:00,122270.90,122305.60,122209.70,122271.30,474.758
2025-10-04T08:00:00+00:00,122271.40,122497.40,122243.80,122425.50,960.109
2025-10-04T08:15:00+00:00,122425.50,122457.70,122319.50,122382.70,942.289
2025-10-04T08:30:00+00:00,122382.80,122382.80,122168.80,122190.10,428.512
2025-10-04T08:45:00+00:00,122190.10,122273.90,122141.50,122226.20,652.468
2025-10-04T09:00:00+00:00,122226.20,122379.00,122217.00,122372.20,462.942
2025-10-04T09:15:00+00:00,122372.20,122414.10,122311.70,122327.80,329.092
2025-10-04T09:30:00+00:00,122327.80,122327.90,122262.20,122279.70,225.357
2025-10-04T09:45:00+00:00,122279.80,122279.80,122133.00,122168.00,443.669
2025-10-04T10:00:00+00:00,122168.00,122224.80,122139.90,122180.10,316.005
2025-10-04T10:15:00+00:00,122180.10,122278.90,122165.70,122257.40,325.801
2025-10-04T10:30:00+00:00,122257.30,122293.20,122150.00,122184.90,273.402
2025-10-04T10:45:00+00:00,122184.90,122194.00,122062.10,122075.00,520.155
2025-10-04T11:00:00+00:00,122075.10,122177.30,121938.10,121980.90,700.070
2025-10-04T11:15:00+00:00,121980.80,122086.30,121908.30,122045.50,836.078
2025-10-04T11:30:00+00:00,122045.40,122090.10,121978.30,122019.70,419.669
2025-10-04T11:45:00+00:00,122019.60,122030.80,121924.60,121924.60,311.794
2025-10-04T12:00:00+00:00,121924.60,122060.40,121918.80,122060.40,458.429
2025-10-04T12:15:00+00:00,122060.40,122060.40,121982.30,122029.60,301.631
2025-10-04T12:30:00+00:00,122029.60,122039.90,121962.00,121986.30,332.643
2025-10-04T12:45:00+00:00,121986.30,121986.40,121891.20,121955.00,510.225
2025-10-04T13:00:00+00:00,121954.90,122480.90,121954.90,122341.30,1920.365
2025-10-04T13:15:00+00:00,122341.30,122411.00,122237.90,122260.10,766.577
2025-10-04T13:30:00+00:00,122260.00,122412.20,122260.00,122351.40,503.100
2025-10-04T13:45:00+00:00,122351.40,122399.80,122301.60,122335.50,408.438
2025-10-04T14:00:00+00:00,122335.50,122380.30,122237.60,122380.30,433.012
2025-10-04T14:15:00+00:00,122380.20,122411.50,122245.70,122270.10,373.051
2025-10-04T14:30:00+00:00,122270.10,122270.20,122187.50,122190.00,401.269
2025-10-04T14:45:00+00:00,122190.00,122190.00,121944.30,121944.40,975.245
2025-10-04T15:00:00+00:00,121944.40,122085.10,121817.00,121843.10,1546.522
2025-10-04T15:15:00+00:00,121843.00,121932.70,121638.50,121689.80,2346.992
2025-10-04T15:30:00+00:00,121689.90,121865.70,121662.10,121854.00,1357.047
2025-10-04T15:45:00+00:00,121853.90,121968.00,121700.00,121744.80,837.322
2025-10-04T16:00:00+00:00,121744.80,121920.00,121551.80,121647.10,1827.044
2025-10-04T16:15:00+00:00,121647.10,121699.70,121533.30,121664.50,1206.194
2025-10-04T16:30:00+00:00,121664.40,121850.00,121653.10,121780.80,954.885
2025-10-04T16:45:00+00:00,121780.90,121788.50,121542.00,121668.50,1981.951
2025-10-04T17:00:00+00:00,121668.40,121799.00,121610.00,121728.50,582.709
2025-10-04T17:15:00+00:00,121728.50,121812.10,121682.40,121789.50,339.771
2025-10-04T17:30:00+00:00,121789.40,121869.60,121633.00,121666.40,790.473
2025-10-04T17:45:00+00:00,121666.40,121698.10,121622.50,121698.00,459.245
2025-10-04T18:00:00+00:00,121698.00,121784.30,121649.40,121649.40,641.779
2025-10-04T18:15:00+00:00,121649.40,121713.30,121649.40,121681.70,468.011
2025-10-04T18:30:00+00:00,121681.60,121681.70,121550.00,121621.60,755.144
2025-10-04T18:45:00+00:00,121621.70,121621.70,121432.00,121533.40,841.533
2025-10-04T19:00:00+00:00,121533.30,121765.60,121533.30,121756.40,561.822
2025-10-04T19:15:00+00:00,121756.50,121828.80,121700.90,121781.70,404.288
2025-10-04T19:30:00+00:00,121781.80,121906.20,121781.70,121829.50,356.782
2025-10-04T19:45:00+00:00,121829.50,121919.00,121819.60,121919.00,238.368
2025-10-04T20:00:00+00:00,121918.90,122055.40,121843.80,121906.20,763.920
2025-10-04T20:15:00+00:00,121906.20,122021.70,121906.20,122021.70,317.052
2025-10-04T20:30:00+00:00,122021.60,122021.60,121938.70,121980.00,180.984
2025-10-04T20:45:00+00:00,121980.10,122013.50,121832.80,121832.80,342.072
2025-10-04T21:00:00+00:00,121832.90,122092.50,121813.40,122092.50,409.749
2025-10-04T21:15:00+00:00,122092.50,122287.90,122040.00,122287.90,993.172
2025-10-04T21:30:00+00:00,122287.90,122310.70,122175.40,122277.70,772.369
2025-10-04T21:45:00+00:00,122277.60,122277.70,122128.40,122139.90,240.655
2025-10-04T22:00:00+00:00,122139.90,122178.90,122089.20,122145.20,341.854
2025-10-04T22:15:00+00:00,122145.20,122230.60,122131.80,122192.90,223.626
2025-10-04T22:30:00+00:00,122192.90,122322.20,122192.90,122245.30,365.131
2025-10-04T22:45:00+00:00,122245.30,122293.20,122156.60,122230.90,532.837
2025-10-04T23:00:00+00:00,122231.00,122250.00,122191.50,122200.90,205.630
2025-10-04T23:15:00+00:00,122200.80,122200.90,122159.90,122160.00,246.553
2025-10-04T23:30:00+00:00,122160.00,122298.50,122159.90,122298.40,383.448
2025-10-04T23:45:00+00:00,122298.40,122374.80,122297.50,122343.20,424.934
2025-10-05T00:00:00+00:00,122343.20,122369.30,122204.70,122204.70,343.865
2025-10-05T00:15:00+00:00,122204.80,122365.40,122197.20,122359.20,352.175
2025-10-05T00:30:00+00:00,122359.20,122359.30,122220.10,122220.20,266.250
2025-10-05T00:45:00+00:00,122220.10,122226.10,122101.20,122112.50,672.780
2025-10-05T01:00:00+00:00,122112.50,122274.80,122112.50,122274.80,439.067
2025-10-05T01:15:00+00:00,122274.70,122274.80,122088.10,122201.00,538.778
2025-10-05T01:30:00+00:00,122201.00,122377.70,122201.00,122349.70,456.509
2025-10-05T01:45:00+00:00,122349.80,122350.00,122271.40,122326.90,358.650
2025-10-05T02:00:00+00:00,122326.80,122355.50,122290.50,122355.50,304.990
2025-10-05T02:15:00+00:00,122355.40,122847.00,122329.30,122821.70,3979.093
2025-10-05T02:30:00+00:00,122821.80,124374.00,122787.00,123643.10,15074.937
2025-10-05T02:45:00+00:00,123643.00,124120.50,123500.40,124012.20,3493.710
2025-10-05T03:00:00+00:00,124012.20,124110.00,123584.20,123633.40,2480.605
2025-10-05T03:15:00+00:00,123633.40,123824.00,123303.60,123818.40,2248.239
2025-10-05T03:30:00+00:00,123818.40,124153.30,123812.20,123990.00,2172.051
2025-10-05T03:45:00+00:00,123990.00,124100.00,123695.10,123735.70,1549.479
2025-10-05T04:00:00+00:00,123735.70,124046.20,123678.00,123872.90,1755.050
2025-10-05T04:15:00+00:00,123872.90,124037.60,123810.00,123977.90,1086.131
2025-10-05T04:30:00+00:00,123977.90,124453.30,123956.60,124269.50,2457.563
2025-10-05T04:45:00+00:00,124269.40,125877.30,124269.40,125167.50,16261.111
2025-10-05T05:00:00+00:00,125167.40,125420.10,124856.20,125177.20,3465.899
2025-10-05T05:15:00+00:00,125177.20,125388.40,124888.00,125367.40,2744.345
2025-10-05T05:30:00+00:00,125367.40,125380.00,125073.80,125210.30,2140.158
2025-10-05T05:45:00+00:00,125210.20,125210.30,124930.00,125103.00,1559.942
2025-10-05T06:00:00+00:00,125103.00,125215.60,124950.00,125050.40,1461.281
2025-10-05T06:15:00+00:00,125050.40,125050.50,124784.40,124981.50,1476.125
2025-10-05T06:30:00+00:00,124981.60,125058.40,124812.50,125055.00,938.929
2025-10-05T06:45:00+00:00,125055.00,125195.40,124946.80,124977.70,1025.646
2025-10-05T07:00:00+00:00,124977.70,125065.30,124817.80,124985.30,1118.522
2025-10-05T07:15:00+00:00,124985.40,125147.00,124741.50,124741.50,1628.699
2025-10-05T07:30:00+00:00,124741.60,124848.40,124558.80,124683.10,2538.929
2025-10-05T07:45:00+00:00,124683.20,124919.90,124657.90,124692.40,1138.133
2025-10-05T08:00:00+00:00,124692.50,124796.90,124524.90,124616.30,1663.364
2025-10-05T08:15:00+00:00,124616.40,124843.00,124616.30,124720.50,914.338
2025-10-05T08:30:00+00:00,124720.50,124756.60,124587.20,124670.80,735.753
2025-10-05T08:45:00+00:00,124670.80,124682.70,124561.50,124580.90,637.945
2025-10-05T09:00:00+00:00,124581.00,124644.90,124331.50,124371.30,1244.294
2025-10-05T09:15:00+00:00,124371.30,124428.90,123900.00,123979.80,2946.004
2025-10-05T09:30:00+00:00,123979.80,123996.20,122828.10,122954.90,12071.406
2025-10-05T09:45:00+00:00,122955.00,123250.10,122720.40,122998.00,4814.622
2025-10-05T10:00:00+00:00,122998.00,123049.90,122472.00,122816.90,4918.859
2025-10-05T10:15:00+00:00,122816.90,123102.60,122765.50,122970.60,2104.639
2025-10-05T10:30:00+00:00,122970.60,122970.70,122622.00,122775.20,1626.236
2025-10-05T10:45:00+00:00,122775.20,123074.20,122775.10,122980.90,1444.263
2025-10-05T11:00:00+00:00,122981.00,123222.10,122788.00,122823.20,2438.306
2025-10-05T11:15:00+00:00,122823.70,123414.60,122823.70,123301.30,1929.769
2025-10-05T11:30:00+00:00,123301.20,123307.00,123111.00,123295.30,733.077
2025-10-05T11:45:00+00:00,123295.20,123500.00,123288.00,123413.20,1331.556
2025-10-05T12:00:00+00:00,123413.30,123413.30,122875.40,123105.60,1860.736
2025-10-05T12:15:00+00:00,123105.60,123210.50,123012.00,123081.40,687.516
2025-10-05T12:30:00+00:00,123081.50,123152.80,122914.30,123002.10,570.834
2025-10-05T12:45:00+00:00,123002.20,123188.00,123002.10,123035.80,557.662
2025-10-05T13:00:00+00:00,123035.90,123281.10,123012.30,123199.70,658.235
2025-10-05T13:15:00+00:00,123199.70,123275.50,123117.00,123242.50,554.247
2025-10-05T13:30:00+00:00,123242.50,123295.00,123160.70,123217.40,607.555
2025-10-05T13:45:00+00:00,123217.40,123230.00,123050.60,123120.00,446.732
2025-10-05T14:00:00+00:00,123119.90,123288.60,123119.90,123213.00,546.883
2025-10-05T14:15:00+00:00,123212.90,123239.30,123086.70,123152.90,356.847
2025-10-05T14:30:00+00:00,123152.80,123182.40,122684.90,122864.90,2024.358
2025-10-05T14:45:00+00:00,122864.90,123020.90,122766.80,122983.40,867.869
2025-10-05T15:00:00+00:00,122983.20,122983.20,122773.80,122899.90,532.932
2025-10-05T15:15:00+00:00,122899.90,122968.70,122812.40,122842.50,438.439
2025-10-05T15:30:00+00:00,122842.50,122864.60,122600.00,122726.00,1041.244
2025-10-05T15:45:00+00:00,122725.90,122818.00,122675.00,122753.00,656.650
2025-10-05T16:00:00+00:00,122752.90,123067.60,122722.20,123029.20,1288.761
2025-10-05T16:15:00+00:00,123029.20,123048.00,122910.30,122912.30,522.991
2025-10-05T16:30:00+00:00,122912.30,123043.90,122867.00,122970.80,727.001
2025-10-05T16:45:00+00:00,122970.70,123295.00,122160.00,123210.10,6505.432
2025-10-05T17:00:00+00:00,123210.00,123422.00,123125.10,123152.10,2748.070
2025-10-05T17:15:00+00:00,123152.00,123342.20,123111.00,123138.70,606.636
2025-10-05T17:30:00+00:00,123138.60,123138.70,122840.90,123072.10,1080.699
2025-10-05T17:45:00+00:00,123072.10,123092.60,122940.70,123013.90,359.738
2025-10-05T18:00:00+00:00,123013.80,123123.40,122814.70,122929.90,1074.842
2025-10-05T18:15:00+00:00,122929.90,123029.20,122896.90,122997.90,398.206
2025-10-05T18:30:00+00:00,122997.90,123166.70,122909.40,122952.00,1129.187
2025-10-05T18:45:00+00:00,122951.90,123053.00,122914.00,122963.50,244.665
2025-10-05T19:00:00+00:00,122963.50,122982.90,122568.00,122741.50,1087.463
2025-10-05T19:15:00+00:00,122741.40,122917.50,122634.20,122795.90,708.935
2025-10-05T19:30:00+00:00,122796.00,122842.20,122650.40,122686.70,349.801
2025-10-05T19:45:00+00:00,122686.70,122686.70,122442.60,122550.40,1172.784
2025-10-05T20:00:00+00:00,122550.50,122716.20,122425.70,122648.20,764.553
2025-10-05T20:15:00+00:00,122648.20,122754.00,122578.40,122696.60,342.045
2025-10-05T20:30:00+00:00,122696.70,123023.90,122696.70,122895.30,971.151
2025-10-05T20:45:00+00:00,122895.40,122956.20,122648.50,122648.50,368.633
2025-10-05T21:00:00+00:00,122648.10,122678.30,122474.30,122573.50,595.067
2025-10-05T21:15:00+00:00,122573.50,122751.60,122536.80,122629.50,301.065
2025-10-05T21:30:00+00:00,122629.50,122629.60,122440.10,122625.30,311.325
2025-10-05T21:45:00+00:00,122625.30,122732.00,122594.40,122682.30,232.207
2025-10-05T22:00:00+00:00,122682.30,123060.00,122682.20,122868.40,1016.658
2025-10-05T22:15:00+00:00,122868.40,123228.00,122859.60,123073.20,1101.484
2025-10-05T22:30:00+00:00,123073.30,123130.10,122987.20,123079.80,384.422
2025-10-05T22:45:00+00:00,123079.70,123222.00,123015.70,123188.50,363.089
2025-10-05T23:00:00+00:00,123188.50,123436.80,123166.00,123420.00,1602.426
2025-10-05T23:15:00+00:00,123419.90,123450.00,123272.80,123420.00,693.669
2025-10-05T23:30:00+00:00,123420.00,123453.50,123400.10,123453.40,1539.571
2025-10-05T23:45:00+00:00,123453.50,123453.50,123385.20,123426.70,487.613
2025-10-06T00:00:00+00:00,123426.70,123453.50,123206.10,123453.50,1690.569
2025-10-06T00:15:00+00:00,123453.40,124336.30,123446.70,123625.40,6718.212
2025-10-06T00:30:00+00:00,123625.40,123837.90,123401.70,123646.20,1483.235
2025-10-06T00:45:00+00:00,123646.30,123696.70,123018.50,123295.80,2282.125
2025-10-06T01:00:00+00:00,123295.90,123594.80,123140.30,123435.70,1161.088
2025-10-06T01:15:00+00:00,123435.70,123959.70,123262.60,123799.90,1413.916
2025-10-06T01:30:00+00:00,123800.00,124218.00,123663.90,123817.40,2391.053
2025-10-06T01:45:00+00:00,123817.40,124010.50,123730.80,123980.80,647.452
2025-10-06T02:00:00+00:00,123980.80,124085.60,123752.10,123815.30,667.972
2025-10-06T02:15:00+00:00,123815.30,124045.00,123750.00,123824.60,877.501
2025-10-06T02:30:00+00:00,123824.60,123892.60,123385.20,123776.60,1987.864
2025-10-06T02:45:00+00:00,123776.70,124200.00,123776.60,124066.90,1569.694
2025-10-06T03:00:00+00:00,124066.80,124086.60,123897.30,123965.30,677.833
2025-10-06T03:15:00+00:00,123965.30,124017.90,123819.30,123865.50,474.996
2025-10-06T03:30:00+00:00,123865.50,123950.00,123805.30,123845.10,351.401
2025-10-06T03:45:00+00:00,123845.10,123885.60,123689.30,123792.90,540.900
2025-10-06T04:00:00+00:00,123792.80,123875.00,123697.40,123875.00,591.085
2025-10-06T04:15:00+00:00,123875.00,123946.90,123835.30,123924.10,342.851
2025-10-06T04:30:00+00:00,123924.20,123955.00,123584.10,123673.80,685.965
2025-10-06T04:45:00+00:00,123673.70,123740.20,123525.10,123538.20,740.068
2025-10-06T05:00:00+00:00,123538.20,123538.30,123223.90,123267.20,2331.902
2025-10-06T05:15:00+00:00,123267.30,123598.70,123246.90,123552.10,702.810
2025-10-06T05:30:00+00:00,123552.10,123568.20,123400.10,123469.20,337.705
2025-10-06T05:45:00+00:00,123469.10,123710.80,123444.00,123522.30,725.271
2025-10-06T06:00:00+00:00,123522.30,123794.90,123522.30,123776.80,915.335
2025-10-06T06:15:00+00:00,123776.80,123865.30,123611.40,123815.50,661.111
2025-10-06T06:30:00+00:00,123815.50,124137.70,123815.50,123940.90,1378.518
2025-10-06T06:45:00+00:00,123941.00,124028.90,123750.50,123900.00,818.270
2025-10-06T07:00:00+00:00,123900.10,123974.00,123751.80,123950.40,678.182
2025-10-06T07:15:00+00:00,123950.30,123988.10,123770.20,123788.40,668.774
2025-10-06T07:30:00+00:00,123788.40,123790.10,123302.20,123363.20,1678.592
2025-10-06T07:45:00+00:00,123363.90,123412.80,123217.90,123332.30,1282.209
2025-10-06T08:00:00+00:00,123332.40,123649.50,123332.30,123594.10,1004.093
2025-10-06T08:15:00+00:00,123594.00,123741.80,123523.30,123716.80,559.162
2025-10-06T08:30:00+00:00,123716.90,123830.70,123561.30,123621.80,1037.852
2025-10-06T08:45:00+00:00,123621.80,123837.70,123588.40,123800.00,498.767
2025-10-06T09:00:00+00:00,123800.00,124020.80,123766.30,123894.90,946.278
2025-10-06T09:15:00+00:00,123894.80,123900.00,123777.10,123850.80,526.770
2025-10-06T09:30:00+00:00,123850.70,123872.20,123749.00,123754.60,464.615
2025-10-06T09:45:00+00:00,123754.50,123975.60,123725.50,123915.20,745.036
2025-10-06T10:00:00+00:00,123915.10,124067.10,123850.00,123910.60,1030.814
2025-10-06T10:15:00+00:00,123910.50,124063.00,123865.30,124042.20,493.236
2025-10-06T10:30:00+00:00,124042.20,124068.00,123967.80,124030.00,390.706
2025-10-06T10:45:00+00:00,124029.90,124104.00,123920.00,123920.00,858.246
2025-10-06T11:00:00+00:00,123920.00,123953.40,123696.20,123696.20,816.153
2025-10-06T11:15:00+00:00,123696.30,124404.90,123682.10,124329.40,1631.642
2025-10-06T11:30:00+00:00,124329.40,124500.00,124042.00,124242.00,2445.875
2025-10-06T11:45:00+00:00,124242.00,124364.80,124127.00,124161.20,992.136
2025-10-06T12:00:00+00:00,124161.30,124485.70,124123.30,124361.30,1712.124
2025-10-06T12:15:00+00:00,124361.30,124647.60,124300.00,124327.60,2228.997
2025-10-06T12:30:00+00:00,124327.70,124421.00,124203.60,124276.90,906.935
2025-10-06T12:45:00+00:00,124276.80,124550.00,124261.80,124495.30,811.816
2025-10-06T13:00:00+00:00,124495.20,124773.80,124495.20,124635.50,1496.349
2025-10-06T13:15:00+00:00,124635.60,124898.80,124481.10,124801.80,2139.373
2025-10-06T13:30:00+00:00,124801.80,124943.30,124350.00,124504.10,4212.032
2025-10-06T13:45:00+00:00,124504.40,125062.90,124320.00,124967.80,3557.395
2025-10-06T14:00:00+00:00,124967.70,125281.00,124817.50,124916.80,5348.183
2025-10-06T14:15:00+00:00,124916.80,125087.30,124468.00,124801.70,2992.411
2025-10-06T14:30:00+00:00,124801.80,125000.40,124543.10,124675.00,2042.489
2025-10-06T14:45:00+00:00,124675.00,124843.70,124245.00,124475.90,2448.080
2025-10-06T15:00:00+00:00,124475.90,124697.20,124452.10,124662.20,1223.144
2025-10-06T15:15:00+00:00,124662.10,125375.00,124662.10,125115.80,3164.838
2025-10-06T15:30:00+00:00,125115.90,125233.20,124913.70,125023.40,1904.143
2025-10-06T15:45:00+00:00,125023.50,125200.00,124937.50,124946.20,1267.286
2025-10-06T16:00:00+00:00,124946.20,125046.20,124742.50,124808.10,2035.232
2025-10-06T16:15:00+00:00,124808.00,124963.30,124795.80,124828.20,869.452
2025-10-06T16:30:00+00:00,124828.20,125193.40,124818.80,125174.40,1126.062
2025-10-06T16:45:00+00:00,125174.30,125480.00,125051.30,125417.80,1986.590
2025-10-06T17:00:00+00:00,125417.70,125613.40,125247.00,125384.50,3614.728
2025-10-06T17:15:00+00:00,125384.50,125789.70,125347.10,125590.20,2632.324
2025-10-06T17:30:00+00:00,125590.20,125660.10,125068.70,125113.40,1748.184
2025-10-06T17:45:00+00:00,125113.30,125448.40,125085.00,125235.20,1352.401
2025-10-06T18:00:00+00:00,125235.30,125250.00,124979.00,125196.50,1281.799
2025-10-06T18:15:00+00:00,125196.50,125330.00,125086.60,125170.70,1043.668
2025-10-06T18:30:00+00:00,125170.80,125429.30,125160.20,125400.10,795.413
2025-10-06T18:45:00+00:00,125400.00,126208.50,125382.30,125986.00,6977.843
2025-10-06T19:00:00+00:00,125986.10,126093.70,125583.00,125599.90,2878.388
2025-10-06T19:15:00+00:00,125599.90,125827.00,125372.70,125617.60,1817.662
2025-10-06T19:30:00+00:00,125617.70,125733.90,125185.10,125330.40,1538.790
2025-10-06T19:45:00+00:00,125330.40,125448.80,125221.80,125357.30,1549.741
2025-10-06T20:00:00+00:00,125357.30,125500.00,125254.80,125313.30,863.224
2025-10-06T20:15:00+00:00,125313.30,125313.40,124986.00,125087.60,1465.126
2025-10-06T20:30:00+00:00,125087.70,125291.20,125048.00,125160.90,720.797
2025-10-06T20:45:00+00:00,125160.90,125276.00,125135.10,125170.00,416.336
2025-10-06T21:00:00+00:00,125170.10,125248.10,125001.60,125012.10,804.340
2025-10-06T21:15:00+00:00,125012.10,125012.10,124463.00,124750.20,4103.507
2025-10-06T21:30:00+00:00,124750.20,124969.30,124564.30,124969.30,1841.768
2025-10-06T21:45:00+00:00,124969.30,125062.10,124850.00,125062.00,380.250
2025-10-06T22:00:00+00:00,125062.10,125245.40,124933.20,125111.70,1165.455
2025-10-06T22:15:00+00:00,125111.80,125236.90,125090.00,125131.10,488.420
2025-10-06T22:30:00+00:00,125131.10,125136.90,124733.00,124856.30,892.443
2025-10-06T22:45:00+00:00,124856.30,125084.60,124856.30,124999.80,600.432
2025-10-06T23:00:00+00:00,124999.90,125060.00,124820.10,124820.10,517.718
2025-10-06T23:15:00+00:00,124820.10,124829.00,124640.00,124793.80,454.243
2025-10-06T23:30:00+00:00,124793.80,124831.60,124704.10,124728.90,363.835
2025-10-06T23:45:00+00:00,124728.90,124742.90,124592.00,124628.50,503.723
2025-10-07T00:00:00+00:00,124628.60,124803.60,124569.90,124712.20,899.604
2025-10-07T00:15:00+00:00,124712.30,124798.20,124600.70,124641.50,439.723
2025-10-07T00:30:00+00:00,124641.50,124830.00,124541.80,124830.00,625.123
2025-10-07T00:45:00+00:00,124829.90,124886.60,124721.50,124850.30,618.876
2025-10-07T01:00:00+00:00,124850.40,125047.00,124825.70,124850.00,674.420
2025-10-07T01:15:00+00:00,124850.10,124850.10,124387.60,124662.10,1709.171
2025-10-07T01:30:00+00:00,124662.00,124751.60,124488.00,124746.90,582.143
2025-10-07T01:45:00+00:00,124746.90,124746.90,124520.00,124658.00,461.215
2025-10-07T02:00:00+00:00,124657.90,124658.00,124528.20,124533.20,482.315
2025-10-07T02:15:00+00:00,124533.20,124564.20,124100.80,124515.70,2148.155
2025-10-07T02:30:00+00:00,124515.70,124580.10,124334.50,124411.90,522.529
2025-10-07T02:45:00+00:00,124411.90,124500.00,124205.50,124205.50,798.965
2025-10-07T03:00:00+00:00,124205.60,124527.70,124205.50,124433.20,703.315
2025-10-07T03:15:00+00:00,124433.10,124433.20,124074.40,124112.00,1370.532
2025-10-07T03:30:00+00:00,124111.90,124260.30,124055.00,124229.40,724.201
2025-10-07T03:45:00+00:00,124229.80,124289.50,124193.60,124277.70,290.606
2025-10-07T04:00:00+00:00,124277.80,124277.80,124085.30,124126.50,855.697
2025-10-07T04:15:00+00:00,124126.60,124380.10,124056.10,124379.90,900.439
2025-10-07T04:30:00+00:00,124380.00,124631.90,124345.10,124550.00,1910.388
2025-10-07T04:45:00+00:00,124550.00,124550.00,124444.20,124449.80,790.784
2025-10-07T05:00:00+00:00,124449.80,124477.60,124176.10,124415.40,1254.899
2025-10-07T05:15:00+00:00,124415.50,124523.30,124315.90,124430.00,568.163
2025-10-07T05:30:00+00:00,124430.00,124588.00,124383.40,124477.00,497.905
2025-10-07T05:45:00+00:00,124477.00,124503.40,124229.00,124349.00,868.745
2025-10-07T06:00:00+00:00,124349.00,124410.20,124240.00,124240.00,488.975
2025-10-07T06:15:00+00:00,124240.10,124261.10,123797.50,123837.90,2173.059
2025-10-07T06:30:00+00:00,123837.90,123955.20,123720.30,123809.50,1704.441
2025-10-07T06:45:00+00:00,123809.50,123950.40,123755.00,123852.60,1085.252
2025-10-07T07:00:00+00:00,123852.60,124009.90,123760.00,123773.20,844.747
2025-10-07T07:15:00+00:00,123773.10,123820.00,123562.90,123820.00,1591.222
2025-10-07T07:30:00+00:00,123819.90,123819.90,123503.90,123642.70,1383.570
2025-10-07T07:45:00+00:00,123642.60,123656.20,123525.60,123627.10,1238.054
2025-10-07T08:00:00+00:00,123627.10,123668.30,123459.00,123508.00,1986.286
2025-10-07T08:15:00+00:00,123507.90,123685.40,123261.60,123600.00,2643.211
2025-10-07T08:30:00+00:00,123599.90,123772.40,123372.70,123771.80,1744.101
2025-10-07T08:45:00+00:00,123771.90,123948.70,123707.70,123813.10,1995.263
2025-10-07T09:00:00+00:00,123813.10,124153.50,123799.50,124064.20,1348.651
2025-10-07T09:15:00+00:00,124064.10,124117.20,123946.30,124044.60,858.257
2025-10-07T09:30:00+00:00,124044.60,124199.20,124026.50,124026.50,640.308
2025-10-07T09:45:00+00:00,124026.50,124150.00,124018.40,124049.20,498.917
2025-10-07T10:00:00+00:00,124049.20,124317.60,123951.60,124282.60,951.071
2025-10-07T10:15:00+00:00,124282.50,124372.00,124183.20,124224.10,956.051
2025-10-07T10:30:00+00:00,124224.10,124330.00,124171.50,124241.10,769.039
2025-10-07T10:45:00+00:00,124241.10,124300.00,124185.00,124229.90,401.790
2025-10-07T11:00:00+00:00,124229.90,124263.10,124110.70,124132.30,741.095
2025-10-07T11:15:00+00:00,124132.20,124338.40,124132.20,124318.90,552.672
2025-10-07T11:30:00+00:00,124318.80,124436.40,124204.40,124315.20,812.669
2025-10-07T11:45:00+00:00,124315.20,124471.40,124300.00,124397.20,1544.104
2025-10-07T12:00:00+00:00,124397.10,124467.20,124349.90,124374.10,804.795
2025-10-07T12:15:00+00:00,124374.00,124422.40,124300.00,124380.00,550.749
2025-10-07T12:30:00+00:00,124380.00,124538.40,124271.80,124538.30,936.356
2025-10-07T12:45:00+00:00,124538.20,125098.00,124538.20,124869.50,3969.487
2025-10-07T13:00:00+00:00,124869.40,125012.90,124672.10,124681.10,1427.199
2025-10-07T13:15:00+00:00,124681.00,124769.30,124562.70,124753.60,1164.660
2025-10-07T13:30:00+00:00,124753.60,124756.30,123500.10,123734.10,6018.700
2025-10-07T13:45:00+00:00,123734.20,123898.90,123300.10,123825.40,6462.085
2025-10-07T14:00:00+00:00,123825.40,123943.10,122705.50,122795.50,8787.602
2025-10-07T14:15:00+00:00,122795.60,123289.20,122728.30,122845.10,3769.290
2025-10-07T14:30:00+00:00,122845.10,122985.30,122526.00,122766.60,4114.019
2025-10-07T14:45:00+00:00,122766.60,122959.20,122500.10,122684.00,3454.142
2025-10-07T15:00:00+00:00,122684.10,122819.40,121656.70,121906.90,10868.715
2025-10-07T15:15:00+00:00,121906.80,122340.00,121803.80,122029.10,4016.270
2025-10-07T15:30:00+00:00,122029.10,122090.00,121102.00,121652.60,8698.181
2025-10-07T15:45:00+00:00,121652.50,121853.60,121281.00,121788.30,5929.537
2025-10-07T16:00:00+00:00,121788.20,121827.70,121294.90,121498.00,3591.918
2025-10-07T16:15:00+00:00,121498.00,121605.40,120720.20,121090.10,8116.540
2025-10-07T16:30:00+00:00,121090.20,121775.00,121081.40,121703.60,3756.043
2025-10-07T16:45:00+00:00,121703.60,122049.70,121557.70,121621.50,3625.155
2025-10-07T17:00:00+00:00,121621.60,121763.60,121249.90,121414.90,3116.523
2025-10-07T17:15:00+00:00,121414.90,121506.70,121162.50,121246.40,1789.604
2025-10-07T17:30:00+00:00,121246.30,121387.90,121100.00,121353.10,1174.418
2025-10-07T17:45:00+00:00,121353.20,121537.20,121016.60,121073.10,2047.204
2025-10-07T18:00:00+00:00,121073.20,121270.10,120810.00,121129.00,3150.033
2025-10-07T18:15:00+00:00,121129.00,121174.30,120516.00,120687.20,5683.693
2025-10-07T18:30:00+00:00,120687.20,120873.20,120545.50,120738.40,1781.560
2025-10-07T18:45:00+00:00,120738.50,120945.10,120712.70,120838.00,1661.500
2025-10-07T19:00:00+00:00,120838.00,121512.00,120801.60,121374.00,3452.752
2025-10-07T19:15:00+00:00,121374.00,121533.00,121150.50,121206.50,1167.469
2025-10-07T19:30:00+00:00,121206.50,121488.20,121199.40,121322.80,831.596
2025-10-07T19:45:00+00:00,121322.80,122000.00,121280.00,121593.60,3248.973
2025-10-07T20:00:00+00:00,121593.50,122100.00,121593.50,121981.40,1713.334
2025-10-07T20:15:00+00:00,121981.40,122134.70,121885.90,122131.90,813.722
2025-10-07T20:30:00+00:00,122132.00,122132.00,121960.50,122008.20,475.942
2025-10-07T20:45:00+00:00,122008.30,122142.60,121854.00,121885.40,621.458
2025-10-07T21:00:00+00:00,121885.40,122136.90,121710.90,121934.90,1004.133
2025-10-07T21:15:00+00:00,121934.90,122255.40,121903.50,122184.00,735.301
2025-10-07T21:30:00+00:00,122183.90,122184.00,121751.00,121973.20,765.085
2025-10-07T21:45:00+00:00,121973.30,121973.30,121730.30,121954.10,553.673
2025-10-07T22:00:00+00:00,121954.00,122000.00,121735.20,121965.00,537.550
2025-10-07T22:15:00+00:00,121965.00,122134.80,121817.60,121859.40,622.550
2025-10-07T22:30:00+00:00,121859.30,122000.00,121762.90,121877.50,506.507
2025-10-07T22:45:00+00:00,121877.60,121960.00,121855.80,121956.80,320.454
2025-10-07T23:00:00+00:00,121956.80,121961.10,121711.20,121737.40,537.313
2025-10-07T23:15:00+00:00,121737.50,121800.00,121520.90,121614.30,1428.247
2025-10-07T23:30:00+00:00,121614.30,121614.40,121306.00,121424.00,1462.374
2025-10-07T23:45:00+00:00,121423.90,121483.80,121218.00,121286.50,984.218
2025-10-08T00:00:00+00:00,121286.60,121564.30,121286.60,121500.00,931.866
2025-10-08T00:15:00+00:00,121500.00,121750.00,121499.90,121538.00,876.552
2025-10-08T00:30:00+00:00,121538.00,121912.00,121219.00,121844.50,1709.695
2025-10-08T00:45:00+00:00,121844.40,122042.00,121741.50,121868.90,2874.123
2025-10-08T01:00:00+00:00,121868.90,121994.10,121622.60,121661.60,2325.223
2025-10-08T01:15:00+00:00,121661.60,122011.80,121550.10,121779.80,1037.659
2025-10-08T01:30:00+00:00,121779.80,121923.40,121696.70,121746.50,596.195
2025-10-08T01:45:00+00:00,121746.50,121915.80,121726.00,121911.30,333.362
2025-10-08T02:00:00+00:00,121911.30,121939.80,121761.30,121894.30,565.718
2025-10-08T02:15:00+00:00,121894.30,122196.90,121894.30,122132.00,1004.137
2025-10-08T02:30:00+00:00,122132.10,122141.80,121811.20,121854.50,1197.869
2025-10-08T02:45:00+00:00,121854.50,122050.00,121806.40,121995.00,717.550
2025-10-08T03:00:00+00:00,121995.10,121995.10,121662.50,121670.90,1081.329
2025-10-08T03:15:00+00:00,121671.00,121777.10,121323.90,121402.10,1903.001
2025-10-08T03:30:00+00:00,121402.00,121473.10,121258.00,121275.60,1353.308
2025-10-08T03:45:00+00:00,121275.70,121399.50,121137.00,121333.10,1181.372
2025-10-08T04:00:00+00:00,121333.10,121443.30,121005.30,121339.10,1440.498
2025-10-08T04:15:00+00:00,121339.20,121564.40,121298.60,121433.00,1108.586
2025-10-08T04:30:00+00:00,121433.10,121749.10,121433.00,121551.20,1134.060
2025-10-08T04:45:00+00:00,121551.30,121880.00,121551.30,121865.40,726.951
2025-10-08T05:00:00+00:00,121865.40,121868.30,121607.50,121727.90,949.804
2025-10-08T05:15:00+00:00,121727.90,121744.30,121207.20,121337.70,2229.338
2025-10-08T05:30:00+00:00,121337.70,121489.40,121233.60,121233.60,1008.268
2025-10-08T05:45:00+00:00,121233.60,121338.10,121124.20,121338.00,954.642
2025-10-08T06:00:00+00:00,121338.10,121378.80,121020.00,121261.40,1196.553
2025-10-08T06:15:00+00:00,121261.50,121460.20,121111.00,121360.80,951.598
2025-10-08T06:30:00+00:00,121360.90,121545.20,121350.80,121537.20,591.776
2025-10-08T06:45:00+00:00,121537.10,121814.00,121537.10,121749.00,774.547
2025-10-08T07:00:00+00:00,121749.10,121836.60,121573.90,121623.50,997.619
2025-10-08T07:15:00+00:00,121623.60,121657.60,121447.40,121513.60,749.672
2025-10-08T07:30:00+00:00,121513.60,121536.30,121272.70,121444.40,624.886
2025-10-08T07:45:00+00:00,121444.50,121559.70,121283.10,121550.40,703.033
2025-10-08T08:00:00+00:00,121550.50,121793.50,121493.80,121510.70,891.109
2025-10-08T08:15:00+00:00,121510.60,121965.80,121468.50,121873.20,1200.371
2025-10-08T08:30:00+00:00,121873.20,122800.00,121873.10,122795.70,5823.838
2025-10-08T08:45:00+00:00,122795.80,122820.00,122292.10,122332.60,2018.753
2025-10-08T09:00:00+00:00,122332.70,122600.00,122332.50,122514.00,1548.812
2025-10-08T09:15:00+00:00,122514.10,122588.00,122400.60,122484.80,847.535
2025-10-08T09:30:00+00:00,122484.80,122538.70,122343.70,122412.40,686.136
2025-10-08T09:45:00+00:00,122412.50,122485.00,122324.50,122485.00,700.776
2025-10-08T10:00:00+00:00,122485.00,122779.70,122449.90,122513.80,920.532
2025-10-08T10:15:00+00:00,122513.80,122662.70,122469.20,122550.10,626.242
2025-10-08T10:30:00+00:00,122550.20,123074.80,122516.30,122926.10,2624.382
2025-10-08T10:45:00+00:00,122926.10,122967.80,122825.30,122885.70,842.658
2025-10-08T11:00:00+00:00,122885.70,123150.00,122754.40,123065.30,1771.350
2025-10-08T11:15:00+00:00,123065.30,123065.40,122779.90,122959.10,1066.370
2025-10-08T11:30:00+00:00,122959.20,122987.20,122734.10,122743.40,545.535
2025-10-08T11:45:00+00:00,122743.40,122851.00,122672.80,122825.70,574.817
2025-10-08T12:00:00+00:00,122825.80,123009.60,122655.80,122918.80,1367.312
2025-10-08T12:15:00+00:00,122918.90,122976.40,122571.10,122701.80,1019.510
2025-10-08T12:30:00+00:00,122701.90,122701.90,122550.00,122609.10,864.121
2025-10-08T12:45:00+00:00,122609.10,122680.00,122478.90,122580.30,687.972
2025-10-08T13:00:00+00:00,122580.20,122729.80,122340.00,122597.80,1150.227
2025-10-08T13:15:00+00:00,122597.70,122664.50,122431.90,122431.90,456.359
2025-10-08T13:30:00+00:00,122431.90,122637.50,121626.40,121845.00,4771.208
2025-10-08T13:45:00+00:00,121845.00,122616.20,121607.80,122540.40,3029.158
2025-10-08T14:00:00+00:00,122540.40,123312.90,122540.30,122761.40,6271.908
2025-10-08T14:15:00+00:00,122761.30,123035.50,122366.30,122543.50,2613.393
2025-10-08T14:30:00+00:00,122543.50,122807.50,122188.10,122416.00,2322.775
2025-10-08T14:45:00+00:00,122416.00,122566.00,122043.10,122268.40,1663.850
2025-10-08T15:00:00+00:00,122268.30,122577.90,122171.10,122438.30,1095.361
2025-10-08T15:15:00+00:00,122438.30,122494.00,122136.70,122399.90,984.911
2025-10-08T15:30:00+00:00,122400.00,122403.10,122178.00,122305.50,593.459
2025-10-08T15:45:00+00:00,122305.50,122305.60,121888.00,122140.10,1528.602
2025-10-08T16:00:00+00:00,122140.10,122682.00,122055.80,122681.90,2083.244
2025-10-08T16:15:00+00:00,122682.00,122877.20,122555.10,122624.30,1515.102
2025-10-08T16:30:00+00:00,122624.20,122692.80,122500.50,122659.40,506.091
2025-10-08T16:45:00+00:00,122659.30,123088.00,122655.30,122999.90,1474.083
2025-10-08T17:00:00+00:00,122999.90,123645.00,122903.80,123614.60,3947.963
2025-10-08T17:15:00+00:00,123614.60,123923.00,123435.40,123747.50,4525.450
2025-10-08T17:30:00+00:00,123747.40,123996.00,123579.90,123718.00,1898.408
2025-10-08T17:45:00+00:00,123718.00,124170.60,123628.00,123985.50,2215.615
2025-10-08T18:00:00+00:00,123985.50,124169.20,123753.80,123809.50,1934.946
2025-10-08T18:15:00+00:00,123809.60,123827.70,123520.00,123561.30,1721.654
2025-10-08T18:30:00+00:00,123561.40,123747.70,123359.70,123505.70,1489.861
2025-10-08T18:45:00+00:00,123505.90,123771.30,123381.90,123389.80,1345.037
2025-10-08T19:00:00+00:00,123389.80,123469.00,123150.00,123192.60,1103.881
2025-10-08T19:15:00+00:00,123192.60,123604.40,123095.00,123577.90,1460.343
2025-10-08T19:30:00+00:00,123577.80,123690.00,123321.00,123372.60,1130.509
2025-10-08T19:45:00+00:00,123372.70,123524.00,123340.50,123381.80,1296.326
2025-10-08T20:00:00+00:00,123381.80,123471.60,123235.60,123434.30,872.867
2025-10-08T20:15:00+00:00,123434.40,123671.50,123423.00,123491.20,685.923
2025-10-08T20:30:00+00:00,123491.20,123515.00,123284.90,123299.10,472.325
2025-10-08T20:45:00+00:00,123299.00,123329.00,122757.50,122784.60,1523.225
2025-10-08T21:00:00+00:00,122784.60,123112.60,122739.70,123033.90,1192.342
2025-10-08T21:15:00+00:00,123034.00,123257.40,123033.90,123215.90,502.995
2025-10-08T21:30:00+00:00,123216.00,123272.20,123206.80,123272.10,202.172
2025-10-08T21:45:00+00:00,123272.10,123272.20,123104.00,123231.40,295.728
2025-10-08T22:00:00+00:00,123231.50,123362.90,123230.10,123295.30,512.231
2025-10-08T22:15:00+00:00,123295.30,123347.20,123209.30,123228.80,208.328
2025-10-08T22:30:00+00:00,123228.80,123300.00,123228.70,123255.30,170.200
2025-10-08T22:45:00+00:00,123255.30,123272.90,123126.10,123126.10,194.989
2025-10-08T23:00:00+00:00,123126.00,123136.60,122981.20,123070.80,403.241
2025-10-08T23:15:00+00:00,123070.80,123420.90,123070.70,123420.90,522.489
2025-10-08T23:30:00+00:00,123421.00,123475.30,123270.60,123290.80,441.114
2025-10-08T23:45:00+00:00,123290.80,123300.00,123235.20,123237.50,310.972
2025-10-09T00:00:00+00:00,123237.40,123279.70,122959.70,123051.70,754.585
2025-10-09T00:15:00+00:00,123051.80,123206.10,122989.60,123000.00,400.390
2025-10-09T00:30:00+00:00,122999.90,123048.70,122801.10,122906.30,642.006
2025-10-09T00:45:00+00:00,122906.30,123062.30,122782.00,122782.00,462.567
2025-10-09T01:00:00+00:00,122782.00,122806.00,122535.00,122576.30,1386.349
2025-10-09T01:15:00+00:00,122576.30,122710.90,122424.20,122471.90,1072.600
2025-10-09T01:30:00+00:00,122471.90,122472.00,122272.70,122284.30,1125.173
2025-10-09T01:45:00+00:00,122284.40,122520.20,122284.40,122496.60,678.950
2025-10-09T02:00:00+00:00,122496.50,122496.60,122004.00,122214.20,1749.583
2025-10-09T02:15:00+00:00,122214.20,122276.70,121907.00,121956.30,1240.953
2025-10-09T02:30:00+00:00,121956.30,122070.00,121535.10,121636.50,2118.806
2025-10-09T02:45:00+00:00,121636.50,121768.90,121411.80,121573.20,1990.726
2025-10-09T03:00:00+00:00,121573.20,121920.00,121558.80,121766.70,1748.868
2025-10-09T03:15:00+00:00,121766.80,122080.70,121766.70,121927.30,1058.362
2025-10-09T03:30:00+00:00,121927.40,122033.30,121841.90,121852.40,549.333
2025-10-09T03:45:00+00:00,121852.30,122000.00,121843.40,121988.40,493.776
2025-10-09T04:00:00+00:00,121988.40,122050.00,121845.20,121850.10,961.248
2025-10-09T04:15:00+00:00,121850.10,122221.00,121850.10,122193.10,916.263
2025-10-09T04:30:00+00:00,122193.10,122193.10,121947.00,121974.30,623.480
2025-10-09T04:45:00+00:00,121974.30,122126.00,121964.30,122087.60,482.314
2025-10-09T05:00:00+00:00,122087.60,122150.40,121863.30,121863.40,629.329
2025-10-09T05:15:00+00:00,121863.30,121980.70,121816.30,121951.20,867.726
2025-10-09T05:30:00+00:00,121951.20,122078.10,121762.20,121908.40,1027.846
2025-10-09T05:45:00+00:00,121908.40,122088.60,121850.00,122052.60,500.948
2025-10-09T06:00:00+00:00,122052.60,122066.40,121850.00,121895.00,586.630
2025-10-09T06:15:00+00:00,121894.90,122093.10,121824.70,122041.30,698.586
2025-10-09T06:30:00+00:00,122041.30,122139.10,121988.00,122060.20,326.731
2025-10-09T06:45:00+00:00,122060.20,122110.90,121810.40,121900.40,688.652
2025-10-09T07:00:00+00:00,121900.30,122006.00,121879.10,121915.20,392.345
2025-10-09T07:15:00+00:00,121915.10,122006.70,121741.10,121812.90,582.343
2025-10-09T07:30:00+00:00,121812.80,121829.10,121657.30,121677.00,765.045
2025-10-09T07:45:00+00:00,121676.90,121946.20,121664.20,121847.90,641.954
2025-10-09T08:00:00+00:00,121847.80,121909.70,121622.50,121675.00,973.908
2025-10-09T08:15:00+00:00,121675.00,121675.10,121136.00,121136.00,3393.260
2025-10-09T08:30:00+00:00,121136.10,121570.90,121102.00,121275.60,2353.581
2025-10-09T08:45:00+00:00,121275.60,121463.30,121081.50,121202.40,1507.668
2025-10-09T09:00:00+00:00,121202.40,121638.00,121202.40,121552.40,1618.277
2025-10-09T09:15:00+00:00,121552.40,121719.50,121463.50,121643.60,913.521
2025-10-09T09:30:00+00:00,121643.70,121768.10,121609.60,121619.60,731.247
2025-10-09T09:45:00+00:00,121619.70,121790.00,121555.00,121753.30,705.536
2025-10-09T10:00:00+00:00,121753.40,121850.00,121695.00,121812.60,570.577
2025-10-09T10:15:00+00:00,121812.60,121829.40,121591.40,121671.30,609.287
2025-10-09T10:30:00+00:00,121671.30,122286.70,121671.20,122168.50,2130.203
2025-10-09T10:45:00+00:00,122168.40,122287.20,122034.00,122106.20,796.811
2025-10-09T11:00:00+00:00,122106.10,122297.00,122106.10,122173.20,796.179
2025-10-09T11:15:00+00:00,122173.10,122721.50,122173.10,122610.00,2187.335
2025-10-09T11:30:00+00:00,122610.10,122777.00,122521.40,122768.50,1163.930
2025-10-09T11:45:00+00:00,122768.40,122768.50,122627.20,122672.90,806.735
2025-10-09T12:00:00+00:00,122673.00,123091.60,122640.30,122967.50,2632.521
2025-10-09T12:15:00+00:00,122967.50,123088.00,122920.30,122961.00,1866.826
2025-10-09T12:30:00+00:00,122961.00,123740.10,122885.20,123481.20,4059.919
2025-10-09T12:45:00+00:00,123481.20,123603.70,123266.30,123500.00,2500.800
2025-10-09T13:00:00+00:00,123500.00,123598.80,123098.70,123190.60,2844.177
2025-10-09T13:15:00+00:00,123190.60,123450.10,123156.10,123408.80,1374.762
2025-10-09T13:30:00+00:00,123408.80,123408.80,122520.00,122707.10,3696.613
2025-10-09T13:45:00+00:00,122707.10,123039.50,122227.70,122357.00,4939.033
2025-10-09T14:00:00+00:00,122357.00,122533.40,121700.10,122377.60,8683.359
2025-10-09T14:15:00+00:00,122377.60,122457.50,121450.00,121621.60,5263.769
2025-10-09T14:30:00+00:00,121621.60,121769.70,121177.30,121206.70,5769.553
2025-10-09T14:45:00+00:00,121206.80,121412.30,120666.90,121235.10,8696.595
2025-10-09T15:00:00+00:00,121235.10,121663.00,121231.20,121278.30,3172.486
2025-10-09T15:15:00+00:00,121278.20,121345.60,120955.00,120981.50,2154.772
2025-10-09T15:30:00+00:00,120981.40,121000.00,120699.90,120739.20,2347.537
2025-10-09T15:45:00+00:00,120739.40,121218.00,120595.50,121079.40,2514.546
2025-10-09T16:00:00+00:00,121079.40,121339.80,121067.20,121177.30,1440.873
2025-10-09T16:15:00+00:00,121177.20,121426.70,120987.80,121189.90,2138.659
2025-10-09T16:30:00+00:00,121189.80,121242.60,120528.00,120743.50,3718.205
2025-10-09T16:45:00+00:00,120743.50,120816.00,119619.00,119752.10,10968.528
2025-10-09T17:00:00+00:00,119752.10,120317.50,119572.80,120201.70,6700.153
2025-10-09T17:15:00+00:00,120201.70,120472.70,120071.40,120205.60,2135.414
2025-10-09T17:30:00+00:00,120205.70,120562.30,120192.00,120400.00,2152.066
2025-10-09T17:45:00+00:00,120399.90,121000.30,120350.00,120915.60,2846.360
2025-10-09T18:00:00+00:00,120915.50,121051.20,120608.20,120702.30,2258.951
2025-10-09T18:15:00+00:00,120702.20,120879.40,120482.30,120635.80,2414.321
2025-10-09T18:30:00+00:00,120635.80,120644.10,120319.00,120548.00,1279.907
2025-10-09T18:45:00+00:00,120548.10,120671.40,120435.50,120600.00,801.923
2025-10-09T19:00:00+00:00,120600.00,120911.40,120600.00,120887.30,983.302
2025-10-09T19:15:00+00:00,120887.30,121060.10,120770.40,121041.40,882.983
2025-10-09T19:30:00+00:00,121041.30,121057.80,120751.20,120785.80,617.001
2025-10-09T19:45:00+00:00,120785.90,121000.00,120782.10,120897.60,667.541
2025-10-09T20:00:00+00:00,120897.60,121104.90,120787.90,120794.60,804.452
2025-10-09T20:15:00+00:00,120794.60,120925.10,120788.70,120830.50,329.874
2025-10-09T20:30:00+00:00,120830.50,120952.10,120830.50,120952.10,212.186
2025-10-09T20:45:00+00:00,120952.10,121147.20,120862.70,121045.40,1056.609
2025-10-09T21:00:00+00:00,121045.30,121345.00,120998.30,121312.40,760.265
2025-10-09T21:15:00+00:00,121312.30,121442.60,121241.80,121268.70,833.039
2025-10-09T21:30:00+00:00,121268.80,121457.20,121178.70,121385.30,567.491
2025-10-09T21:45:00+00:00,121385.30,121435.80,121259.20,121407.80,446.470
2025-10-09T22:00:00+00:00,121407.90,121473.00,121342.00,121411.10,506.809
2025-10-09T22:15:00+00:00,121411.20,121544.50,121388.80,121486.00,674.765
2025-10-09T22:30:00+00:00,121486.10,121636.50,121413.10,121602.40,440.028
2025-10-09T22:45:00+00:00,121602.50,121712.40,121588.20,121619.50,625.143
2025-10-09T23:00:00+00:00,121619.60,121619.60,121370.10,121409.10,783.966
2025-10-09T23:15:00+00:00,121409.00,121488.20,121271.30,121455.10,582.922
2025-10-09T23:30:00+00:00,121455.10,121475.50,121366.00,121475.50,269.608
2025-10-09T23:45:00+00:00,121475.50,121671.10,121448.40,121579.30,756.776
2025-10-10T00:00:00+00:00,121579.40,121690.00,121523.70,121583.80,649.262
2025-10-10T00:15:00+00:00,121583.70,121808.00,121583.70,121808.00,664.386
2025-10-10T00:30:00+00:00,121807.90,121807.90,121634.60,121646.50,461.201
2025-10-10T00:45:00+00:00,121646.50,121738.00,121548.20,121682.20,417.607
2025-10-10T01:00:00+00:00,121682.20,121835.50,121671.90,121758.90,473.473
2025-10-10T01:15:00+00:00,121758.90,121759.00,121589.40,121755.90,447.932
2025-10-10T01:30:00+00:00,121755.90,121769.70,121425.30,121515.00,557.642
2025-10-10T01:45:00+00:00,121514.90,121657.90,121484.60,121575.30,564.403
2025-10-10T02:00:00+00:00,121575.20,121595.40,121155.70,121215.20,3331.513
2025-10-10T02:15:00+00:00,121215.10,121348.10,121184.50,121292.30,811.597
2025-10-10T02:30:00+00:00,121292.30,121303.00,121010.80,121171.00,1524.540
2025-10-10T02:45:00+00:00,121171.10,121229.00,120850.00,121007.20,1616.630
2025-10-10T03:00:00+00:00,121007.10,121061.30,120852.40,121042.30,873.474
2025-10-10T03:15:00+00:00,121042.30,121412.70,121042.30,121389.00,1127.615
2025-10-10T03:30:00+00:00,121389.00,121485.40,121366.30,121454.90,1159.514
2025-10-10T03:45:00+00:00,121455.00,121535.30,120960.40,120960.80,1433.325
2025-10-10T04:00:00+00:00,120960.80,121342.50,120956.80,121310.10,1305.647
2025-10-10T04:15:00+00:00,121310.10,121311.30,121122.10,121240.50,624.877
2025-10-10T04:30:00+00:00,121240.50,121308.50,120989.60,121097.60,819.327
2025-10-10T04:45:00+00:00,121097.60,121235.10,121080.00,121192.70,454.697
2025-10-10T05:00:00+00:00,121192.60,121200.00,120933.70,121050.10,740.283
2025-10-10T05:15:00+00:00,121050.10,121452.50,121038.10,121314.00,787.864
2025-10-10T05:30:00+00:00,121314.10,121388.00,121155.20,121388.00,640.036
2025-10-10T05:45:00+00:00,121388.00,121559.10,121387.90,121529.60,1049.718
2025-10-10T06:00:00+00:00,121529.60,121712.20,121490.20,121524.90,1319.943
2025-10-10T06:15:00+00:00,121524.90,121628.00,121446.10,121466.90,551.793
2025-10-10T06:30:00+00:00,121466.90,121671.20,121417.40,121604.80,638.283
2025-10-10T06:45:00+00:00,121604.80,121678.00,121194.30,121315.00,1093.675
2025-10-10T07:00:00+00:00,121315.10,121315.10,121135.40,121214.20,668.031
2025-10-10T07:15:00+00:00,121214.10,121336.50,121145.40,121261.20,680.991
2025-10-10T07:30:00+00:00,121261.20,121291.10,121050.00,121076.70,802.793
2025-10-10T07:45:00+00:00,121076.60,121085.30,120814.00,120886.10,1458.382
2025-10-10T08:00:00+00:00,120886.10,121149.60,120869.20,121108.50,1097.815
2025-10-10T08:15:00+00:00,121108.50,121275.20,121108.50,121229.40,566.335
2025-10-10T08:30:00+00:00,121229.40,121308.40,121160.30,121220.00,519.839
2025-10-10T08:45:00+00:00,121220.10,121624.40,121220.10,121570.50,785.136
2025-10-10T09:00:00+00:00,121570.50,121602.60,121446.00,121452.40,871.869
2025-10-10T09:15:00+00:00,121452.50,121728.30,121408.10,121679.60,724.140
2025-10-10T09:30:00+00:00,121679.60,121698.60,121591.30,121623.40,553.876
2025-10-10T09:45:00+00:00,121623.50,121682.30,121209.30,121249.90,1334.201
2025-10-10T10:00:00+00:00,121250.00,121350.00,121237.50,121279.50,382.712
2025-10-10T10:15:00+00:00,121279.40,121428.90,121254.20,121270.00,382.015
2025-10-10T10:30:00+00:00,121270.00,121337.10,121163.20,121263.20,640.648
2025-10-10T10:45:00+00:00,121263.10,121489.20,121231.20,121443.40,525.213
2025-10-10T11:00:00+00:00,121443.40,121608.00,121443.30,121470.80,523.381
2025-10-10T11:15:00+00:00,121470.70,121514.40,121361.80,121394.00,378.078
2025-10-10T11:30:00+00:00,121394.00,121518.40,121383.80,121463.00,335.568
2025-10-10T11:45:00+00:00,121463.00,121586.30,121399.70,121493.20,427.727
2025-10-10T12:00:00+00:00,121493.20,121638.70,121400.80,121422.20,726.083
2025-10-10T12:15:00+00:00,121422.20,121519.20,121396.00,121480.90,365.770
2025-10-10T12:30:00+00:00,121480.90,121533.00,121353.70,121403.70,503.021
2025-10-10T12:45:00+00:00,121403.60,121562.30,121403.60,121534.80,402.533
2025-10-10T13:00:00+00:00,121534.80,121870.10,121534.70,121765.50,1583.177
2025-10-10T13:15:00+00:00,121765.50,121999.00,121630.80,121909.90,1631.753
2025-10-10T13:30:00+00:00,121909.90,122497.00,121718.70,122187.10,4182.486
2025-10-10T13:45:00+00:00,122187.20,122253.40,121313.60,121609.10,4236.835
2025-10-10T14:00:00+00:00,121609.10,122000.00,121404.00,121601.50,2505.599
2025-10-10T14:15:00+00:00,121601.40,121630.00,121074.00,121165.10,2714.939
2025-10-10T14:30:00+00:00,121165.10,121400.00,121124.80,121294.80,1110.539
2025-10-10T14:45:00+00:00,121294.80,121360.80,120408.10,120436.40,4819.820
2025-10-10T15:00:00+00:00,120436.30,120583.70,119837.10,120375.10,10463.256
2025-10-10T15:15:00+00:00,120375.00,120454.10,119188.00,119188.00,12469.631
2025-10-10T15:30:00+00:00,119188.00,119544.00,118424.40,119520.10,14385.678
2025-10-10T15:45:00+00:00,119520.00,119560.90,118800.00,118965.30,5001.234
2025-10-10T16:00:00+00:00,118965.20,119185.10,118611.50,118885.60,4007.952
2025-10-10T16:15:00+00:00,118885.50,119199.00,118520.70,119015.00,3640.721
2025-10-10T16:30:00+00:00,119015.00,119403.40,118769.60,118833.60,2895.079
2025-10-10T16:45:00+00:00,118833.50,118842.80,118150.00,118150.00,7581.053
2025-10-10T17:00:00+00:00,118150.00,118379.70,117600.00,117857.10,8012.429
2025-10-10T17:15:00+00:00,117857.00,118201.10,117681.20,118108.60,3360.161
2025-10-10T17:30:00+00:00,118108.60,118142.00,117732.90,117791.20,1681.109
2025-10-10T17:45:00+00:00,117791.10,117883.70,117517.60,117590.80,3440.631
2025-10-10T18:00:00+00:00,117590.80,117771.10,117460.00,117609.80,2881.947
2025-10-10T18:15:00+00:00,117609.80,117825.20,117480.40,117560.10,1600.941
2025-10-10T18:30:00+00:00,117560.00,117658.80,117360.40,117411.20,1562.963
2025-10-10T18:45:00+00:00,117411.20,117599.00,117161.80,117178.50,2412.485
2025-10-10T19:00:00+00:00,117178.50,117300.00,116635.70,116784.70,5653.909
2025-10-10T19:15:00+00:00,116784.60,116887.20,115845.00,116001.30,11072.491
2025-10-10T19:30:00+00:00,116007.80,116944.00,115935.80,116877.70,4863.844
2025-10-10T19:45:00+00:00,116877.70,117051.70,116511.00,116605.30,3174.813
2025-10-10T20:00:00+00:00,116605.20,116850.00,116514.00,116720.30,1587.687
2025-10-10T20:15:00+00:00,116720.30,117122.20,116626.90,117014.00,1929.865
2025-10-10T20:30:00+00:00,117014.00,117145.30,116712.90,116970.00,1413.703
2025-10-10T20:45:00+00:00,116970.10,117040.30,112786.60,114198.00,26562.594
2025-10-10T21:00:00+00:00,114200.40,115075.60,109069.00,112137.60,27883.198
2025-10-10T21:15:00+00:00,112137.60,112539.50,101516.50,109183.00,69613.760
2025-10-10T21:30:00+00:00,109183.00,112387.30,108668.30,111243.10,18205.499
2025-10-10T21:45:00+00:00,111243.00,113757.00,111233.60,113253.60,16147.762
2025-10-10T22:00:00+00:00,113253.60,113700.00,111020.40,113639.50,13102.261
2025-10-10T22:15:00+00:00,113639.60,113750.00,112037.90,112329.30,8416.486
2025-10-10T22:30:00+00:00,112329.30,113215.20,112044.00,113143.80,6512.346
2025-10-10T22:45:00+00:00,113143.80,114071.00,113143.70,113606.30,6876.170
2025-10-10T23:00:00+00:00,113606.20,113778.90,112700.00,112995.30,3568.573
2025-10-10T23:15:00+00:00,112995.30,113798.00,112752.10,113704.20,3990.195
2025-10-10T23:30:00+00:00,113704.20,114829.70,113517.20,114552.20,5187.422
2025-10-10T23:45:00+00:00,114552.20,114567.00,112688.00,112714.90,6222.222
2025-10-11T00:00:00+00:00,112715.00,112986.80,112200.00,112314.10,4736.083
2025-10-11T00:15:00+00:00,112314.10,112435.10,111580.00,112416.00,4720.659
2025-10-11T00:30:00+00:00,112416.00,112640.00,112021.00,112582.10,2904.944
2025-10-11T00:45:00+00:00,112582.00,113142.70,112462.00,112463.30,2219.053
2025-10-11T01:00:00+00:00,112463.30,112489.90,111897.80,111903.30,1666.297
2025-10-11T01:15:00+00:00,111903.30,111986.40,111147.70,111233.20,3295.550
2025-10-11T01:30:00+00:00,111233.20,111940.00,111129.00,111207.80,2676.233
2025-10-11T01:45:00+00:00,111207.90,111591.40,110987.00,111060.00,2597.667
2025-10-11T02:00:00+00:00,111060.00,111995.80,111045.50,111910.30,2919.491
2025-10-11T02:15:00+00:00,111910.20,112409.00,111834.50,112154.90,2693.674
2025-10-11T02:30:00+00:00,112154.90,113206.00,112128.70,113152.30,2787.215
2025-10-11T02:45:00+00:00,113152.30,113273.30,112950.00,113175.40,3144.239
2025-10-11T03:00:00+00:00,113175.30,113300.10,112071.10,112333.20,3188.663
2025-10-11T03:15:00+00:00,112333.30,112387.70,111808.30,111826.10,2192.697
2025-10-11T03:30:00+00:00,111826.00,112151.60,111750.00,111843.90,2023.434
2025-10-11T03:45:00+00:00,111843.90,112375.20,111790.70,112261.90,1256.279
2025-10-11T04:00:00+00:00,112261.60,112483.40,112024.40,112388.10,1064.886
2025-10-11T04:15:00+00:00,112388.20,112560.50,112023.10,112233.60,1393.043
2025-10-11T04:30:00+00:00,112233.60,112261.60,111633.20,112076.50,1504.146
2025-10-11T04:45:00+00:00,112076.60,112931.90,111890.40,112905.30,2061.996
2025-10-11T05:00:00+00:00,112905.30,112908.80,112511.60,112612.90,1495.280
2025-10-11T05:15:00+00:00,112613.00,112630.00,111982.50,111982.60,2697.606
2025-10-11T05:30:00+00:00,111982.50,112228.40,111982.50,111993.70,1249.085
2025-10-11T05:45:00+00:00,111993.60,112498.70,111986.80,112338.30,990.716
2025-10-11T06:00:00+00:00,112338.20,112579.50,112056.00,112327.60,987.224
2025-10-11T06:15:00+00:00,112327.50,112718.90,112260.20,112638.30,875.074
2025-10-11T06:30:00+00:00,112638.30,112641.10,112029.50,112093.30,1066.986
2025-10-11T06:45:00+00:00,112094.10,112265.70,111982.50,112000.00,1310.874
2025-10-11T07:00:00+00:00,112000.10,112050.00,110894.20,111344.60,7865.686
2025-10-11T07:15:00+00:00,111344.70,111344.70,110604.00,110693.20,5570.649
2025-10-11T07:30:00+00:00,110693.20,110949.20,110450.00,110573.60,3467.519
2025-10-11T07:45:00+00:00,110573.60,110635.40,110022.00,110338.70,4419.494
2025-10-11T08:00:00+00:00,110338.70,110471.80,110100.50,110220.00,2049.634
2025-10-11T08:15:00+00:00,110219.90,111080.00,110207.80,110909.90,3042.452
2025-10-11T08:30:00+00:00,110909.90,111276.00,110666.80,111201.20,1446.219
2025-10-11T08:45:00+00:00,111201.20,111497.20,111201.10,111273.70,1556.607
2025-10-11T09:00:00+00:00,111273.70,111633.30,111212.60,111495.00,1835.889
2025-10-11T09:15:00+00:00,111495.00,111748.40,111389.70,111713.20,1324.892
2025-10-11T09:30:00+00:00,111713.30,111855.50,111417.90,111776.50,1360.088
2025-10-11T09:45:00+00:00,111776.60,111789.70,111528.60,111576.80,1107.612
2025-10-11T10:00:00+00:00,111576.90,111930.20,111571.30,111840.50,1112.493
2025-10-11T10:15:00+00:00,111840.40,112142.00,111683.30,112141.90,2161.898
2025-10-11T10:30:00+00:00,112141.90,112214.80,111893.40,111962.60,1265.895
2025-10-11T10:45:00+00:00,111962.60,112133.60,111934.90,112063.20,667.818
2025-10-11T11:00:00+00:00,112063.10,112095.30,111837.30,111974.50,861.182
2025-10-11T11:15:00+00:00,111974.40,112307.60,111632.00,112290.10,2001.641
2025-10-11T11:30:00+00:00,112290.10,112300.00,112103.90,112269.00,904.081
2025-10-11T11:45:00+00:00,112269.00,112300.00,112043.80,112224.60,794.589
2025-10-11T12:00:00+00:00,112224.60,112266.20,111976.30,112039.20,957.440
2025-10-11T12:15:00+00:00,112039.30,112423.00,112017.70,112423.00,963.937
2025-10-11T12:30:00+00:00,112422.90,112423.00,112142.00,112242.90,909.736
2025-10-11T12:45:00+00:00,112243.50,112339.80,112100.50,112319.60,750.464
2025-10-11T13:00:00+00:00,112319.60,112464.50,112109.50,112450.10,788.229
2025-10-11T13:15:00+00:00,112450.10,112466.20,112226.00,112282.50,848.809
2025-10-11T13:30:00+00:00,112282.60,112326.10,111810.60,112111.60,2419.531
2025-10-11T13:45:00+00:00,112111.50,112299.90,112017.70,112208.60,919.220
2025-10-11T14:00:00+00:00,112208.70,112297.10,112090.10,112153.80,850.195
2025-10-11T14:15:00+00:00,112153.70,112253.60,111911.00,111989.80,1189.849
2025-10-11T14:30:00+00:00,111989.80,112142.00,111879.90,112013.40,1082.022
2025-10-11T14:45:00+00:00,112013.40,112036.60,111823.80,111934.50,929.292
2025-10-11T15:00:00+00:00,111934.50,112342.20,111911.00,112230.90,1244.791
2025-10-11T15:15:00+00:00,112230.90,112315.80,112142.00,112150.00,916.082
2025-10-11T15:30:00+00:00,112150.00,112181.10,111884.80,111885.40,889.672
2025-10-11T15:45:00+00:00,111885.30,112017.70,111740.80,111744.40,1039.629
2025-10-11T16:00:00+00:00,111744.40,112046.40,111744.40,112000.10,826.951
2025-10-11T16:15:00+00:00,112000.00,112013.10,111729.00,111757.70,844.429
2025-10-11T16:30:00+00:00,111757.60,111792.40,111353.10,111471.80,2029.536
2025-10-11T16:45:00+00:00,111471.60,111852.00,111400.60,111803.80,1073.143
2025-10-11T17:00:00+00:00,111803.80,112015.40,111666.00,112004.10,797.071
2025-10-11T17:15:00+00:00,112004.20,112142.00,111976.30,112071.50,887.512
2025-10-11T17:30:00+00:00,112071.40,112129.50,111908.30,111997.20,881.472
2025-10-11T17:45:00+00:00,111997.20,112042.00,111799.60,111944.50,704.286
2025-10-11T18:00:00+00:00,111944.50,111976.00,111776.70,111844.00,558.040
2025-10-11T18:15:00+00:00,111843.90,111923.40,111787.30,111835.10,412.492
2025-10-11T18:30:00+00:00,111835.10,111919.20,111800.00,111876.90,316.240
2025-10-11T18:45:00+00:00,111876.80,111915.60,111811.40,111907.20,282.293
2025-10-11T19:00:00+00:00,111907.20,111980.00,111205.90,111518.20,1778.875
2025-10-11T19:15:00+00:00,111518.30,111577.10,110934.90,111334.30,2978.650
2025-10-11T19:30:00+00:00,111334.30,111370.50,110978.10,111004.10,1187.965
2025-10-11T19:45:00+00:00,111004.10,111160.30,110800.10,111126.70,1551.682
2025-10-11T20:00:00+00:00,111126.60,111333.50,110693.10,110824.40,1865.114
2025-10-11T20:15:00+00:00,110824.50,110900.00,110430.00,110569.20,1777.261
2025-10-11T20:30:00+00:00,110569.20,110580.80,110249.40,110290.00,2017.151
2025-10-11T20:45:00+00:00,110289.60,110800.00,109600.00,110184.80,4293.060
2025-10-11T21:00:00+00:00,110184.80,110307.30,109501.00,109994.90,2603.129
2025-10-11T21:15:00+00:00,109995.00,110823.40,109876.70,110731.10,2441.028
2025-10-11T21:30:00+00:00,110731.20,110920.00,110513.60,110634.90,929.970
2025-10-11T21:45:00+00:00,110634.90,110953.80,110634.90,110832.70,471.508
2025-10-11T22:00:00+00:00,110832.60,110990.00,110687.40,110883.70,1071.825
2025-10-11T22:15:00+00:00,110883.70,110925.00,110584.30,110871.70,843.313
2025-10-11T22:30:00+00:00,110871.80,111247.60,110839.00,111033.20,1229.279
2025-10-11T22:45:00+00:00,111033.10,111140.70,110937.50,110978.80,668.620
2025-10-11T23:00:00+00:00,110978.80,111060.80,110750.10,110836.90,868.514
2025-10-11T23:15:00+00:00,110836.90,110956.30,110761.30,110894.80,667.854
2025-10-11T23:30:00+00:00,110894.80,110938.50,110723.30,110788.50,746.703
2025-10-11T23:45:00+00:00,110788.50,110833.70,110576.80,110579.10,832.294
2025-10-12T00:00:00+00:00,110579.10,110613.70,110226.90,110259.90,1644.509
2025-10-12T00:15:00+00:00,110259.90,110443.20,109844.60,109870.90,1809.027
2025-10-12T00:30:00+00:00,109870.90,110422.80,109625.00,109682.00,2149.976
2025-10-12T00:45:00+00:00,109682.00,109862.90,109509.30,109600.70,1547.287
2025-10-12T01:00:00+00:00,109600.70,109983.60,109589.50,109972.40,1527.092
2025-10-12T01:15:00+00:00,109972.30,110084.00,109630.00,109911.90,1484.917
2025-10-12T01:30:00+00:00,109912.00,110190.40,109758.90,109950.00,1850.171
2025-10-12T01:45:00+00:00,109950.00,110275.00,109800.00,109928.60,1768.250
2025-10-12T02:00:00+00:00,109928.60,110244.10,109803.00,110089.80,2305.319
2025-10-12T02:15:00+00:00,110089.80,110493.30,110086.20,110402.50,1792.692
2025-10-12T02:30:00+00:00,110402.60,110670.50,109900.00,110206.00,2439.236
2025-10-12T02:45:00+00:00,110206.00,110210.70,109544.20,110072.20,2711.472
2025-10-12T03:00:00+00:00,110072.20,111424.00,109950.00,110670.00,4393.184
2025-10-12T03:15:00+00:00,110669.90,111050.80,110472.20,110924.70,2122.138
2025-10-12T03:30:00+00:00,110924.70,111186.60,110800.00,110903.90,1501.633
2025-10-12T03:45:00+00:00,110903.80,110903.80,110556.70,110643.30,977.607
2025-10-12T04:00:00+00:00,110643.30,111030.00,110561.80,111028.50,831.979
2025-10-12T04:15:00+00:00,111028.60,111180.60,110968.00,111075.60,873.455
2025-10-12T04:30:00+00:00,111075.60,111494.50,111075.60,111450.20,1485.980
2025-10-12T04:45:00+00:00,111450.20,111909.50,111326.40,111486.10,2891.034
2025-10-12T05:00:00+00:00,111486.10,111486.20,111142.80,111250.00,1254.696
2025-10-12T05:15:00+00:00,111250.00,111537.50,111250.00,111533.90,770.798
2025-10-12T05:30:00+00:00,111533.90,111577.80,111372.10,111477.70,724.514
2025-10-12T05:45:00+00:00,111477.60,111755.70,111475.80,111642.40,986.045
2025-10-12T06:00:00+00:00,111642.40,111800.10,111546.00,111766.10,855.038
2025-10-12T06:15:00+00:00,111766.20,112110.00,111644.90,111866.80,1626.026
2025-10-12T06:30:00+00:00,111866.80,111866.80,111568.10,111668.40,1018.351
2025-10-12T06:45:00+00:00,111668.40,111850.00,111604.90,111634.80,1009.665
2025-10-12T07:00:00+00:00,111634.90,111739.40,111525.40,111525.40,988.484
2025-10-12T07:15:00+00:00,111525.50,111884.80,111490.70,111555.70,1475.036
2025-10-12T07:30:00+00:00,111555.70,111683.20,111445.00,111521.50,1219.618
2025-10-12T07:45:00+00:00,111521.50,111626.60,111433.70,111464.00,736.892
2025-10-12T08:00:00+00:00,111463.90,111650.00,111418.80,111465.30,1210.328
2025-10-12T08:15:00+00:00,111465.40,111746.20,111465.30,111712.20,1026.747
2025-10-12T08:30:00+00:00,111712.20,111712.20,111533.40,111546.00,1290.877
2025-10-12T08:45:00+00:00,111546.00,111564.40,111233.00,111244.10,2257.587
2025-10-12T09:00:00+00:00,111244.00,111244.10,111070.40,111136.30,1451.856
2025-10-12T09:15:00+00:00,111136.40,111370.90,111136.30,111331.90,785.539
2025-10-12T09:30:00+00:00,111331.80,111553.60,111280.30,111553.60,567.072
2025-10-12T09:45:00+00:00,111553.60,111854.00,111455.20,111772.10,1442.793
2025-10-12T10:00:00+00:00,111772.20,111963.90,111664.10,111778.30,1792.149
2025-10-12T10:15:00+00:00,111778.20,111793.00,111479.50,111541.30,867.492
2025-10-12T10:30:00+00:00,111541.30,111576.30,111377.50,111517.30,710.752
2025-10-12T10:45:00+00:00,111517.30,111658.60,111445.10,111589.70,686.583
2025-10-12T11:00:00+00:00,111589.70,111850.10,111407.10,111797.90,1082.239
2025-10-12T11:15:00+00:00,111797.90,111800.80,111492.90,111669.40,812.824
2025-10-12T11:30:00+00:00,111669.40,112084.30,111602.20,111901.90,2161.581
2025-10-12T11:45:00+00:00,111902.00,111950.00,111699.00,111783.80,1033.992
2025-10-12T12:00:00+00:00,111783.80,112191.50,111767.60,112050.50,2074.656
2025-10-12T12:15:00+00:00,112050.60,112066.80,111853.80,111930.60,1502.645
2025-10-12T12:30:00+00:00,111930.60,111955.20,111620.30,111764.00,1296.945
2025-10-12T12:45:00+00:00,111764.10,111764.10,111470.90,111711.30,1293.534
2025-10-12T13:00:00+00:00,111711.30,111877.70,111543.20,111856.00,1144.985
2025-10-12T13:15:00+00:00,111856.00,111875.00,111493.70,111611.60,1202.287
2025-10-12T13:30:00+00:00,111611.50,111747.80,111342.70,111743.60,2547.718
2025-10-12T13:45:00+00:00,111743.60,111767.70,111191.10,111238.10,2488.692
2025-10-12T14:00:00+00:00,111238.10,111443.50,111150.70,111357.60,1614.731
2025-10-12T14:15:00+00:00,111357.70,111485.80,111260.10,111405.40,1282.137
2025-10-12T14:30:00+00:00,111405.50,111430.00,111111.00,111339.20,1510.886
2025-10-12T14:45:00+00:00,111339.20,112929.00,111300.40,112260.00,16853.320
2025-10-12T15:00:00+00:00,112260.10,113371.60,111996.90,113140.60,10373.202
2025-10-12T15:15:00+00:00,113140.60,113687.60,112803.80,113100.00,6578.804
2025-10-12T15:30:00+00:00,113100.00,113107.60,112331.20,112600.10,5884.327
2025-10-12T15:45:00+00:00,112600.00,113225.00,112600.00,113119.00,2915.582
2025-10-12T16:00:00+00:00,113119.00,114243.80,113119.00,113822.60,6988.299
2025-10-12T16:15:00+00:00,113823.00,113857.30,113400.00,113568.10,3307.552
2025-10-12T16:30:00+00:00,113568.10,114222.50,113290.00,114171.50,3907.750
2025-10-12T16:45:00+00:00,114171.50,114654.50,113785.20,113993.40,7122.245
2025-10-12T17:00:00+00:00,113993.40,114396.50,113789.50,114223.70,3697.918
2025-10-12T17:15:00+00:00,114223.70,114380.00,114167.50,114262.70,2058.433
2025-10-12T17:30:00+00:00,114262.70,114332.90,113925.50,114264.40,2435.192
2025-10-12T17:45:00+00:00,114264.40,114300.00,113400.00,113729.40,3704.115
2025-10-12T18:00:00+00:00,113729.40,114183.10,113700.10,113964.20,1805.037
2025-10-12T18:15:00+00:00,113964.10,114110.00,113764.10,113823.80,1554.192
2025-10-12T18:30:00+00:00,113823.70,113944.10,113463.20,113554.50,1714.427
2025-10-12T18:45:00+00:00,113554.40,113846.20,113484.50,113815.90,1149.270
2025-10-12T19:00:00+00:00,113816.00,114320.00,113754.80,114300.10,1558.486
2025-10-12T19:15:00+00:00,114300.10,114346.20,114135.60,114236.40,1243.253
2025-10-12T19:30:00+00:00,114236.40,114338.50,114028.80,114125.30,901.023
2025-10-12T19:45:00+00:00,114125.30,114300.00,114059.00,114288.70,898.557
2025-10-12T20:00:00+00:00,114288.80,114762.90,114288.70,114547.40,2262.652
2025-10-12T20:15:00+00:00,114547.40,115305.80,114496.00,115175.00,3378.369
2025-10-12T20:30:00+00:00,115175.00,115400.00,114889.50,115043.80,3546.350
2025-10-12T20:45:00+00:00,115043.80,115222.20,114839.40,114864.50,2202.508
2025-10-12T21:00:00+00:00,114864.40,115594.60,114578.00,115326.50,3633.763
2025-10-12T21:15:00+00:00,115326.50,115350.00,114632.70,114904.70,2790.115
2025-10-12T21:30:00+00:00,114904.70,114916.50,114200.00,114570.90,3276.139
2025-10-12T21:45:00+00:00,114570.90,114910.70,114450.00,114822.00,911.024
2025-10-12T22:00:00+00:00,114822.00,115730.30,114822.00,115311.60,7665.206
2025-10-12T22:15:00+00:00,115311.60,115550.00,115100.40,115169.60,2821.763
2025-10-12T22:30:00+00:00,115169.50,115349.80,115037.90,115327.20,1935.333
2025-10-12T22:45:00+00:00,115327.30,115486.00,115133.80,115160.70,1608.326
2025-10-12T23:00:00+00:00,115160.70,115200.00,114679.00,114833.00,2890.116
2025-10-12T23:15:00+00:00,114833.10,115273.70,114676.10,115177.00,1621.666
2025-10-12T23:30:00+00:00,115177.00,115298.30,114777.00,114908.70,1452.885
2025-10-12T23:45:00+00:00,114908.70,115092.80,114830.30,114894.40,1369.090
2025-10-13T00:00:00+00:00,114894.50,115155.00,114703.90,115155.00,2191.393
2025-10-13T00:15:00+00:00,115155.00,115844.80,115131.10,115131.10,4246.203
2025-10-13T00:30:00+00:00,115131.10,115160.00,114888.00,115063.00,2502.855
2025-10-13T00:45:00+00:00,115063.00,115424.40,114903.50,115220.00,2408.851
2025-10-13T01:00:00+00:00,115220.00,115329.50,115021.60,115111.40,2646.789
2025-10-13T01:15:00+00:00,115111.50,115600.00,115010.20,115538.80,2296.080
2025-10-13T01:30:00+00:00,115538.80,115700.00,115432.00,115603.70,1889.780
2025-10-13T01:45:00+00:00,115603.80,115680.00,115490.00,115638.00,1192.166
2025-10-13T02:00:00+00:00,115638.00,115912.00,115186.00,115264.10,2876.439
2025-10-13T02:15:00+00:00,115264.00,115302.90,114941.00,115155.50,2449.373
2025-10-13T02:30:00+00:00,115155.60,115377.20,115123.00,115263.20,1260.239
2025-10-13T02:45:00+00:00,115263.10,115428.40,115214.40,115275.00,1167.053
2025-10-13T03:00:00+00:00,115275.00,115573.70,115219.40,115413.60,1303.133
2025-10-13T03:15:00+00:00,115413.60,115413.60,115053.40,115101.80,1316.005
2025-10-13T03:30:00+00:00,115101.90,115158.90,114722.20,114811.30,2074.540
2025-10-13T03:45:00+00:00,114811.40,114845.50,114566.10,114773.60,2045.180
2025-10-13T04:00:00+00:00,114773.50,114958.00,114610.20,114682.40,1462.496
2025-10-13T04:15:00+00:00,114682.50,114800.00,114560.00,114605.70,1546.219
2025-10-13T04:30:00+00:00,114605.70,114953.40,114542.80,114571.40,2542.422
2025-10-13T04:45:00+00:00,114571.50,114681.20,114357.20,114656.60,3180.264
2025-10-13T05:00:00+00:00,114656.50,114719.80,114458.10,114690.10,1243.167
2025-10-13T05:15:00+00:00,114690.00,114785.80,114500.00,114661.30,1079.837
2025-10-13T05:30:00+00:00,114661.30,114693.20,114482.90,114527.50,1257.718
2025-10-13T05:45:00+00:00,114527.50,114633.80,114492.40,114570.20,796.307
2025-10-13T06:00:00+00:00,114570.10,114796.90,114369.20,114734.30,1241.281
2025-10-13T06:15:00+00:00,114734.40,115077.30,114712.90,115048.60,2237.373
2025-10-13T06:30:00+00:00,115048.00,115333.20,114931.10,114958.80,1710.230
2025-10-13T06:45:00+00:00,114958.80,115251.60,114852.80,115168.40,1610.762
2025-10-13T07:00:00+00:00,115168.40,115450.40,114970.80,115349.50,2283.793
2025-10-13T07:15:00+00:00,115349.50,115500.00,115268.50,115440.90,1605.577
2025-10-13T07:30:00+00:00,115440.90,115494.70,115287.00,115376.10,1520.125
2025-10-13T07:45:00+00:00,115376.00,115376.00,115025.00,115341.70,1698.978
2025-10-13T08:00:00+00:00,115341.70,115350.00,115112.00,115250.90,1516.829
2025-10-13T08:15:00+00:00,115251.00,115339.80,115070.10,115217.60,1439.827
2025-10-13T08:30:00+00:00,115217.60,115366.60,115109.30,115144.80,950.755
2025-10-13T08:45:00+00:00,115144.80,115376.30,115100.00,115193.80,813.481
2025-10-13T09:00:00+00:00,115193.70,115193.80,114682.80,114749.30,2357.613
2025-10-13T09:15:00+00:00,114749.30,114944.90,114731.00,114888.00,1194.657
2025-10-13T09:30:00+00:00,114887.90,115107.20,114858.80,115051.40,1142.593
2025-10-13T09:45:00+00:00,115051.30,115130.40,115021.60,115057.20,774.379
2025-10-13T10:00:00+00:00,115057.20,115098.90,114876.40,114926.40,1064.715
2025-10-13T10:15:00+00:00,114926.50,115000.00,114760.00,114834.40,1077.182
2025-10-13T10:30:00+00:00,114834.40,114882.30,114670.10,114724.00,1391.742
2025-10-13T10:45:00+00:00,114723.90,114919.50,114700.00,114754.80,902.648
2025-10-13T11:00:00+00:00,114754.70,114754.70,114105.00,114498.00,5159.903
2025-10-13T11:15:00+00:00,114498.00,114561.60,113600.50,113618.30,5078.251
2025-10-13T11:30:00+00:00,113612.30,114167.70,113612.30,114040.70,3442.969
2025-10-13T11:45:00+00:00,114040.70,114338.00,113928.30,114129.30,1623.862
2025-10-13T12:00:00+00:00,114129.20,114440.20,113871.80,114320.60,2415.255
2025-10-13T12:15:00+00:00,114320.60,114331.40,114134.90,114293.20,1490.872
2025-10-13T12:30:00+00:00,114293.30,114615.70,114202.50,114472.60,2051.374
2025-10-13T12:45:00+00:00,114472.60,114707.00,114270.00,114360.00,2107.633
2025-10-13T13:00:00+00:00,114359.90,114653.00,114185.70,114316.50,3026.951
2025-10-13T13:15:00+00:00,114316.50,114516.60,114160.50,114285.50,1771.371
2025-10-13T13:30:00+00:00,114285.60,115488.90,114261.40,114902.30,9664.118
2025-10-13T13:45:00+00:00,114902.20,115348.00,114376.50,115291.50,4603.358
2025-10-13T14:00:00+00:00,115291.40,115420.10,114806.10,114898.20,3723.049
2025-10-13T14:15:00+00:00,114898.10,115012.00,114100.00,114254.90,4633.373
2025-10-13T14:30:00+00:00,114254.80,114744.20,113899.00,114484.40,4322.432
2025-10-13T14:45:00+00:00,114484.40,114552.80,113721.20,113973.60,3401.183
2025-10-13T15:00:00+00:00,113973.50,114545.00,113917.40,114356.80,2613.193
2025-10-13T15:15:00+00:00,114356.70,114526.80,114134.10,114192.30,2319.266
2025-10-13T15:30:00+00:00,114192.40,114497.80,114057.40,114127.00,1868.066
2025-10-13T15:45:00+00:00,114127.10,114683.50,114127.00,114260.70,2238.720
2025-10-13T16:00:00+00:00,114260.80,115139.00,114200.10,114842.20,4668.020
2025-10-13T16:15:00+00:00,114842.20,114903.10,114323.70,114378.60,3110.141
2025-10-13T16:30:00+00:00,114378.60,114530.80,114280.40,114329.10,1845.251
2025-10-13T16:45:00+00:00,114329.10,114745.10,114300.00,114596.60,1769.303
2025-10-13T17:00:00+00:00,114596.60,114941.50,114392.70,114467.90,2373.796
