timestamp,open,high,low,close,volume
2025-09-13T20:00:00+00:00,115751.40,115899.00,115745.60,115861.30,309.274
2025-09-13T20:05:00+00:00,115861.30,115941.90,115861.20,115932.60,407.571
2025-09-13T20:10:00+00:00,115932.60,115946.40,115840.60,115881.20,343.941
2025-09-13T20:15:00+00:00,115881.30,115890.60,115840.60,115843.70,117.843
2025-09-13T20:20:00+00:00,115843.80,115852.90,115826.70,115838.40,122.320
2025-09-13T20:25:00+00:00,115838.50,115888.00,115838.40,115848.40,83.817
2025-09-13T20:30:00+00:00,115848.40,115898.90,115830.30,115872.60,70.119
2025-09-13T20:35:00+00:00,115872.70,115884.40,115841.30,115863.20,92.888
2025-09-13T20:40:00+00:00,115863.20,115863.20,115790.90,115799.60,97.508
2025-09-13T20:45:00+00:00,115799.50,115830.50,115796.50,115830.40,66.144
2025-09-13T20:50:00+00:00,115830.50,115851.50,115830.40,115844.00,54.928
2025-09-13T20:55:00+00:00,115843.90,115871.70,115837.20,115837.20,69.131
2025-09-13T21:00:00+00:00,115837.20,115874.00,115825.20,115869.40,65.565
2025-09-13T21:05:00+00:00,115869.50,115928.90,115869.40,115928.90,99.968
2025-09-13T21:10:00+00:00,115928.90,115928.90,115822.00,115822.10,119.268
2025-09-13T21:15:00+00:00,115822.00,115896.90,115799.60,115888.50,109.401
2025-09-13T21:20:00+00:00,115888.50,115921.10,115888.40,115907.80,46.046
2025-09-13T21:25:00+00:00,115907.70,115908.50,115888.40,115908.40,38.775
2025-09-13T21:30:00+00:00,115908.50,115908.50,115886.30,115901.30,45.492
2025-09-13T21:35:00+00:00,115901.20,115901.30,115888.00,115888.00,49.474
2025-09-13T21:40:00+00:00,115888.00,115888.10,115800.00,115800.00,133.979
2025-09-13T21:45:00+00:00,115800.10,115800.10,115800.00,115800.00,48.000
2025-09-13T21:50:00+00:00,115800.10,115800.10,115791.20,115791.20,38.862
2025-09-13T21:55:00+00:00,115791.20,115877.70,115791.20,115849.70,74.274
2025-09-13T22:00:00+00:00,115849.80,115888.60,115835.90,115878.30,103.416
2025-09-13T22:05:00+00:00,115878.30,115883.80,115851.00,115883.80,46.636
2025-09-13T22:10:00+00:00,115883.70,115883.80,115861.20,115872.40,37.051
2025-09-13T22:15:00+00:00,115872.40,115872.40,115802.70,115802.80,64.465
2025-09-13T22:20:00+00:00,115802.80,115820.00,115802.70,115805.00,43.063
2025-09-13T22:25:00+00:00,115805.00,115805.10,115787.00,115787.50,29.994
2025-09-13T22:30:00+00:00,115787.60,115808.50,115780.00,115788.30,57.737
2025-09-13T22:35:00+00:00,115788.40,115827.20,115776.00,115827.20,58.439
2025-09-13T22:40:00+00:00,115827.20,115847.30,115819.40,115835.70,58.710
2025-09-13T22:45:00+00:00,115835.60,115835.70,115758.40,115784.20,87.918
2025-09-13T22:50:00+00:00,115784.30,115823.50,115784.20,115819.80,32.046
2025-09-13T22:55:00+00:00,115819.80,115828.30,115819.70,115828.20,21.267
2025-09-13T23:00:00+00:00,115828.30,115857.00,115828.20,115856.90,45.135
2025-09-13T23:05:00+00:00,115857.00,115857.00,115828.20,115845.00,70.684
2025-09-13T23:10:00+00:00,115844.90,115845.00,115839.00,115844.40,32.773
2025-09-13T23:15:00+00:00,115844.40,115923.20,115839.30,115920.90,96.287
2025-09-13T23:20:00+00:00,115920.90,115944.00,115920.80,115930.00,116.246
2025-09-13T23:25:00+00:00,115929.90,115930.00,115820.00,115845.00,87.593
2025-09-13T23:30:00+00:00,115844.90,115852.00,115813.00,115819.70,77.081
2025-09-13T23:35:00+00:00,115819.70,115886.20,115819.60,115863.50,57.177
2025-09-13T23:40:00+00:00,115863.50,115863.60,115831.60,115838.30,31.057
2025-09-13T23:45:00+00:00,115838.20,115853.30,115838.20,115853.30,23.799
2025-09-13T23:50:00+00:00,115853.30,115867.50,115853.20,115867.40,20.435
2025-09-13T23:55:00+00:00,115867.50,115872.20,115862.70,115862.70,74.316
2025-09-14T00:00:00+00:00,115862.70,115921.40,115858.90,115921.40,167.232
2025-09-14T00:05:00+00:00,115921.40,115953.40,115921.20,115953.30,174.555
2025-09-14T00:10:00+00:00,115953.20,115953.30,115922.00,115926.00,89.481
2025-09-14T00:15:00+00:00,115926.10,115960.30,115904.20,115936.70,159.118
2025-09-14T00:20:00+00:00,115936.80,115936.80,115850.50,115923.50,223.438
2025-09-14T00:25:00+00:00,115923.50,115950.20,115913.90,115936.80,64.542
2025-09-14T00:30:00+00:00,115936.90,115943.00,115892.60,115931.30,78.530
2025-09-14T00:35:00+00:00,115931.40,115949.80,115914.20,115940.70,56.473
2025-09-14T00:40:00+00:00,115940.70,115940.70,115873.60,115873.60,66.843
2025-09-14T00:45:00+00:00,115873.60,115882.30,115831.60,115831.70,72.630
2025-09-14T00:50:00+00:00,115831.60,115842.60,115765.00,115842.60,297.711
2025-09-14T00:55:00+00:00,115842.50,115892.20,115842.50,115884.40,83.108
2025-09-14T01:00:00+00:00,115884.40,115884.50,115710.00,115820.00,470.199
2025-09-14T01:05:00+00:00,115820.00,115828.10,115757.50,115763.80,155.873
2025-09-14T01:10:00+00:00,115763.80,115763.90,115702.00,115702.00,151.063
2025-09-14T01:15:00+00:00,115702.00,115780.70,115702.00,115780.70,91.076
2025-09-14T01:20:00+00:00,115780.60,115780.70,115683.10,115724.30,124.619
2025-09-14T01:25:00+00:00,115724.30,115777.00,115720.80,115776.90,102.032
2025-09-14T01:30:00+00:00,115777.00,115786.30,115737.60,115786.30,52.066
2025-09-14T01:35:00+00:00,115786.30,115814.90,115784.40,115784.50,76.464
2025-09-14T01:40:00+00:00,115784.50,115900.00,115784.40,115899.90,260.987
2025-09-14T01:45:00+00:00,115899.90,115940.70,115847.20,115900.00,269.415
2025-09-14T01:50:00+00:00,115900.00,115950.00,115900.00,115914.40,144.958
2025-09-14T01:55:00+00:00,115914.50,115926.00,115901.80,115907.40,87.624
2025-09-14T02:00:00+00:00,115907.30,115947.20,115907.30,115934.00,155.948
2025-09-14T02:05:00+00:00,115934.00,115991.90,115888.00,115976.40,324.699
2025-09-14T02:10:00+00:00,115976.50,116075.80,115956.20,116069.10,438.901
2025-09-14T02:15:00+00:00,116069.00,116069.10,115971.10,115990.00,152.003
2025-09-14T02:20:00+00:00,115990.10,116002.00,115980.00,115986.50,89.866
2025-09-14T02:25:00+00:00,115986.60,115986.60,115936.50,115952.50,85.542
2025-09-14T02:30:00+00:00,115952.50,115952.50,115846.50,115874.30,192.258
2025-09-14T02:35:00+00:00,115874.30,115874.40,115692.30,115795.70,310.068
2025-09-14T02:40:00+00:00,115795.60,115800.00,115766.00,115766.00,69.411
2025-09-14T02:45:00+00:00,115766.00,115840.80,115755.50,115795.40,131.905
2025-09-14T02:50:00+00:00,115795.50,115853.70,115784.20,115800.00,91.564
2025-09-14T02:55:00+00:00,115800.10,115836.00,115796.20,115809.80,48.132
2025-09-14T03:00:00+00:00,115809.70,115819.40,115692.30,115699.90,434.510
2025-09-14T03:05:00+00:00,115700.00,115700.00,115580.00,115676.30,739.014
2025-09-14T03:10:00+00:00,115676.30,115690.60,115640.80,115659.80,74.878
2025-09-14T03:15:00+00:00,115659.70,115707.40,115659.70,115697.30,180.921
2025-09-14T03:20:00+00:00,115697.40,115710.00,115642.00,115710.00,102.279
2025-09-14T03:25:00+00:00,115710.00,115721.80,115682.60,115682.70,54.225
2025-09-14T03:30:00+00:00,115682.60,115682.70,115644.00,115677.60,57.762
2025-09-14T03:35:00+00:00,115677.60,115700.40,115610.90,115690.70,92.709
2025-09-14T03:40:00+00:00,115690.70,115719.20,115675.60,115676.30,59.065
2025-09-14T03:45:00+00:00,115676.80,115704.30,115674.10,115704.30,74.999
2025-09-14T03:50:00+00:00,115704.30,115704.30,115668.60,115668.60,33.047
2025-09-14T03:55:00+00:00,115668.70,115668.70,115583.80,115626.00,163.391
2025-09-14T04:00:00+00:00,115626.00,115626.00,115593.60,115605.50,80.633
2025-09-14T04:05:00+00:00,115605.50,115605.60,115580.00,115580.10,179.691
2025-09-14T04:10:00+00:00,115580.00,115605.60,115540.00,115597.10,255.453
2025-09-14T04:15:00+00:00,115597.10,115597.20,115406.10,115463.10,610.908
2025-09-14T04:20:00+00:00,115463.20,115607.60,115450.00,115601.00,224.480
2025-09-14T04:25:00+00:00,115601.00,115677.20,115600.90,115677.20,178.620
2025-09-14T04:30:00+00:00,115677.10,115689.80,115659.40,115688.80,106.686
2025-09-14T04:35:00+00:00,115688.80,115702.40,115688.70,115702.40,48.372
2025-09-14T04:40:00+00:00,115702.40,115723.90,115702.30,115723.90,78.748
2025-09-14T04:45:00+00:00,115723.90,115723.90,115688.00,115688.00,56.618
2025-09-14T04:50:00+00:00,115688.00,115699.00,115680.00,115693.30,58.015
2025-09-14T04:55:00+00:00,115693.20,115707.30,115693.20,115693.20,26.187
2025-09-14T05:00:00+00:00,115693.20,115693.30,115680.00,115688.90,71.780
2025-09-14T05:05:00+00:00,115689.00,115711.00,115688.90,115711.00,53.183
2025-09-14T05:10:00+00:00,115711.00,115731.90,115700.40,115730.30,120.400
2025-09-14T05:15:00+00:00,115730.30,115730.30,115718.10,115729.90,45.632
2025-09-14T05:20:00+00:00,115729.90,115745.30,115729.90,115731.30,59.394
2025-09-14T05:25:00+00:00,115731.30,115740.30,115731.30,115740.30,27.138
2025-09-14T05:30:00+00:00,115740.30,115781.60,115740.20,115780.00,69.722
2025-09-14T05:35:00+00:00,115780.10,115867.50,115780.00,115866.80,319.711
2025-09-14T05:40:00+00:00,115866.80,115866.80,115799.10,115802.00,182.748
2025-09-14T05:45:00+00:00,115802.00,115848.90,115802.00,115821.90,75.597
2025-09-14T05:50:00+00:00,115821.90,115821.90,115802.60,115806.80,39.065
2025-09-14T05:55:00+00:00,115806.90,115820.00,115806.80,115810.10,54.132
2025-09-14T06:00:00+00:00,115810.00,115884.10,115810.00,115829.90,109.733
2025-09-14T06:05:00+00:00,115829.80,115830.10,115759.00,115759.10,63.117
2025-09-14T06:10:00+00:00,115759.00,115775.50,115755.00,115775.50,65.637
2025-09-14T06:15:00+00:00,115775.50,115791.60,115769.50,115769.90,62.549
2025-09-14T06:20:00+00:00,115770.00,115770.00,115685.60,115729.10,130.962
2025-09-14T06:25:00+00:00,115729.00,115739.60,115704.20,115709.40,64.733
2025-09-14T06:30:00+00:00,115709.50,115744.10,115683.80,115683.90,92.807
2025-09-14T06:35:00+00:00,115683.80,115703.10,115648.70,115702.40,96.574
2025-09-14T06:40:00+00:00,115702.40,115750.00,115664.40,115671.00,85.673
2025-09-14T06:45:00+00:00,115671.00,115671.60,115634.80,115660.00,51.259
2025-09-14T06:50:00+00:00,115660.00,115706.40,115660.00,115684.30,43.929
2025-09-14T06:55:00+00:00,115684.30,115684.40,115671.60,115684.10,27.593
2025-09-14T07:00:00+00:00,115684.00,115684.10,115679.20,115679.30,21.992
2025-09-14T07:05:00+00:00,115679.20,115706.50,115671.50,115681.60,77.418
2025-09-14T07:10:00+00:00,115681.50,115689.20,115681.50,115689.20,26.797
2025-09-14T07:15:00+00:00,115689.20,115695.00,115683.50,115683.50,61.601
2025-09-14T07:20:00+00:00,115683.50,115718.30,115683.50,115718.20,53.673
2025-09-14T07:25:00+00:00,115718.30,115728.60,115718.20,115728.60,35.329
2025-09-14T07:30:00+00:00,115728.50,115768.80,115715.70,115745.90,124.933
2025-09-14T07:35:00+00:00,115745.80,115768.80,115738.70,115768.70,50.367
2025-09-14T07:40:00+00:00,115768.80,115768.80,115755.70,115755.80,43.064
2025-09-14T07:45:00+00:00,115755.70,115770.40,115730.30,115732.30,87.086
2025-09-14T07:50:00+00:00,115732.40,115732.40,115693.10,115718.10,108.500
2025-09-14T07:55:00+00:00,115718.10,115778.40,115718.00,115746.00,133.213
2025-09-14T08:00:00+00:00,115746.10,115746.10,115700.30,115736.30,85.328
2025-09-14T08:05:00+00:00,115736.30,115749.70,115712.60,115740.90,100.551
2025-09-14T08:10:00+00:00,115740.90,115740.90,115740.80,115740.90,29.239
2025-09-14T08:15:00+00:00,115740.90,115774.70,115716.80,115749.90,113.442
2025-09-14T08:20:00+00:00,115750.00,115821.90,115749.90,115821.90,93.043
2025-09-14T08:25:00+00:00,115822.00,115826.80,115821.90,115826.00,59.187
2025-09-14T08:30:00+00:00,115826.10,115885.00,115826.00,115884.90,117.979
2025-09-14T08:35:00+00:00,115884.90,115890.00,115880.50,115883.40,83.219
2025-09-14T08:40:00+00:00,115883.30,115925.30,115878.90,115925.30,118.300
2025-09-14T08:45:00+00:00,115925.30,115938.70,115914.20,115914.20,169.972
2025-09-14T08:50:00+00:00,115914.20,115914.30,115869.20,115869.30,87.115
2025-09-14T08:55:00+00:00,115869.20,115887.40,115844.50,115887.40,126.131
2025-09-14T09:00:00+00:00,115887.30,115887.40,115838.90,115839.20,99.621
2025-09-14T09:05:00+00:00,115839.10,115894.30,115839.10,115894.30,92.017
2025-09-14T09:10:00+00:00,115894.20,115916.40,115894.20,115908.40,153.938
2025-09-14T09:15:00+00:00,115908.40,115910.80,115899.40,115910.80,84.263
2025-09-14T09:20:00+00:00,115910.80,115995.00,115910.70,115958.30,265.864
2025-09-14T09:25:00+00:00,115958.40,115995.00,115958.30,115961.50,112.309
2025-09-14T09:30:00+00:00,115961.50,116057.70,115961.50,116057.60,460.581
2025-09-14T09:35:00+00:00,116057.70,116118.60,116057.60,116112.60,614.764
2025-09-14T09:40:00+00:00,116112.50,116114.80,116041.60,116055.70,206.964
2025-09-14T09:45:00+00:00,116055.70,116097.00,116055.70,116084.40,122.592
2025-09-14T09:50:00+00:00,116084.40,116084.40,115983.30,115993.20,191.923
2025-09-14T09:55:00+00:00,115993.20,116020.80,115993.20,115996.20,87.811
2025-09-14T10:00:00+00:00,115996.20,116091.40,115996.20,116091.30,196.694
2025-09-14T10:05:00+00:00,116091.40,116091.40,116011.00,116014.70,285.338
2025-09-14T10:10:00+00:00,116014.70,116028.80,115996.20,115996.30,80.338
2025-09-14T10:15:00+00:00,115996.20,116037.60,115984.00,116024.90,163.696
2025-09-14T10:20:00+00:00,116025.00,116067.80,115933.10,115933.20,177.127
2025-09-14T10:25:00+00:00,115933.10,115939.50,115906.50,115906.50,130.603
2025-09-14T10:30:00+00:00,115906.50,115925.50,115904.60,115925.40,69.839
2025-09-14T10:35:00+00:00,115925.40,115950.00,115904.60,115933.70,98.287
2025-09-14T10:40:00+00:00,115933.70,115941.60,115933.60,115934.50,26.432
2025-09-14T10:45:00+00:00,115934.40,115994.00,115934.40,115993.90,81.318
2025-09-14T10:50:00+00:00,115994.00,115994.00,115967.30,115982.60,64.141
2025-09-14T10:55:00+00:00,115982.60,115982.60,115976.70,115979.50,44.016
2025-09-14T11:00:00+00:00,115979.50,116057.70,115979.40,116029.00,112.898
2025-09-14T11:05:00+00:00,116029.00,116040.00,116000.00,116000.00,92.822
2025-09-14T11:10:00+00:00,116000.10,116037.70,115992.70,116000.50,59.672
2025-09-14T11:15:00+00:00,116000.50,116019.90,115898.90,115900.30,165.950
2025-09-14T11:20:00+00:00,115900.30,115920.00,115877.10,115889.00,127.201
2025-09-14T11:25:00+00:00,115889.10,115889.10,115805.30,115805.30,182.164
2025-09-14T11:30:00+00:00,115805.40,115831.50,115706.10,115732.40,524.699
2025-09-14T11:35:00+00:00,115732.40,115785.00,115717.10,115758.00,218.583
2025-09-14T11:40:00+00:00,115758.00,115769.60,115701.10,115701.20,186.456
2025-09-14T11:45:00+00:00,115701.20,115773.70,115701.10,115744.00,337.525
2025-09-14T11:50:00+00:00,115744.00,115822.70,115721.80,115721.80,279.694
2025-09-14T11:55:00+00:00,115721.80,115750.00,115712.10,115750.00,127.623
2025-09-14T12:00:00+00:00,115750.00,115828.10,115749.90,115768.90,168.174
2025-09-14T12:05:00+00:00,115769.00,115808.60,115733.10,115733.10,208.936
2025-09-14T12:10:00+00:00,115733.20,115786.60,115733.10,115735.00,182.470
2025-09-14T12:15:00+00:00,115735.00,115773.10,115720.00,115740.00,126.028
2025-09-14T12:20:00+00:00,115740.10,115782.60,115740.00,115775.80,77.212
2025-09-14T12:25:00+00:00,115775.80,115779.50,115761.10,115761.10,53.721
2025-09-14T12:30:00+00:00,115761.20,115770.20,115757.80,115761.70,60.944
2025-09-14T12:35:00+00:00,115761.70,115764.60,115692.80,115692.80,95.234
2025-09-14T12:40:00+00:00,115692.80,115692.90,115655.00,115660.80,221.430
2025-09-14T12:45:00+00:00,115660.80,115749.80,115646.90,115715.10,254.865
2025-09-14T12:50:00+00:00,115715.10,115715.20,115607.90,115674.50,319.384
2025-09-14T12:55:00+00:00,115674.60,115732.40,115674.50,115727.20,98.801
2025-09-14T13:00:00+00:00,115727.20,115736.80,115670.10,115690.00,154.191
2025-09-14T13:05:00+00:00,115689.90,115701.10,115675.50,115683.40,106.353
2025-09-14T13:10:00+00:00,115683.30,115700.00,115672.90,115699.90,67.273
2025-09-14T13:15:00+00:00,115700.00,115700.00,115601.10,115601.10,200.854
2025-09-14T13:20:00+00:00,115601.10,115609.00,115446.10,115465.80,713.385
2025-09-14T13:25:00+00:00,115465.80,115508.00,115357.40,115481.10,804.718
2025-09-14T13:30:00+00:00,115481.10,115481.10,115230.00,115291.40,1325.814
2025-09-14T13:35:00+00:00,115291.30,115317.60,115185.60,115222.30,690.511
2025-09-14T13:40:00+00:00,115222.30,115327.80,115222.20,115257.10,524.810
2025-09-14T13:45:00+00:00,115257.20,115257.20,115151.30,115156.60,724.514
2025-09-14T13:50:00+00:00,115156.50,115378.60,115153.50,115233.90,1104.745
2025-09-14T13:55:00+00:00,115233.90,115321.60,115151.30,115279.50,437.487
2025-09-14T14:00:00+00:00,115279.60,115366.00,115262.80,115338.20,377.346
2025-09-14T14:05:00+00:00,115338.10,115389.00,115320.00,115383.20,249.336
2025-09-14T14:10:00+00:00,115383.10,115651.00,115383.10,115521.50,711.531
2025-09-14T14:15:00+00:00,115521.50,115521.60,115261.60,115268.40,740.652
2025-09-14T14:20:00+00:00,115268.30,115400.00,115268.30,115341.90,367.290
2025-09-14T14:25:00+00:00,115341.90,115432.00,115337.20,115411.20,178.099
2025-09-14T14:30:00+00:00,115411.20,115462.30,115329.90,115329.90,194.180
2025-09-14T14:35:00+00:00,115330.60,115378.00,115158.40,115218.80,706.499
2025-09-14T14:40:00+00:00,115218.80,115264.80,115100.50,115257.90,620.129
2025-09-14T14:45:00+00:00,115258.00,115378.00,115120.00,115162.70,398.701
2025-09-14T14:50:00+00:00,115162.60,115285.80,115162.60,115277.50,220.819
2025-09-14T14:55:00+00:00,115277.50,115358.10,115277.50,115350.80,181.837
2025-09-14T15:00:00+00:00,115350.80,115374.40,115264.20,115264.20,183.151
2025-09-14T15:05:00+00:00,115264.30,115290.60,115170.10,115221.00,231.616
2025-09-14T15:10:00+00:00,115221.00,115311.80,115220.90,115281.50,146.654
2025-09-14T15:15:00+00:00,115281.40,115340.30,115281.40,115328.10,96.312
2025-09-14T15:20:00+00:00,115328.10,115366.20,115252.40,115270.30,337.802
2025-09-14T15:25:00+00:00,115270.20,115270.20,115132.40,115239.00,350.173
2025-09-14T15:30:00+00:00,115239.00,115260.00,115160.90,115212.90,226.645
2025-09-14T15:35:00+00:00,115213.00,115312.70,115195.00,115306.60,159.928
2025-09-14T15:40:00+00:00,115306.50,115306.60,115226.50,115226.50,84.761
2025-09-14T15:45:00+00:00,115226.50,115263.40,115226.50,115255.20,128.192
2025-09-14T15:50:00+00:00,115255.20,115255.20,115162.10,115162.20,119.468
2025-09-14T15:55:00+00:00,115162.10,115187.30,115140.10,115162.20,264.535
2025-09-14T16:00:00+00:00,115162.20,115251.70,115132.40,115238.60,237.627
2025-09-14T16:05:00+00:00,115238.50,115358.00,115238.50,115334.10,379.799
2025-09-14T16:10:00+00:00,115334.20,115334.20,115238.60,115244.30,143.795
2025-09-14T16:15:00+00:00,115244.30,115244.40,115182.00,115222.60,146.334
2025-09-14T16:20:00+00:00,115222.60,115384.60,115222.60,115378.70,249.882
2025-09-14T16:25:00+00:00,115378.70,115454.20,115354.90,115454.10,189.912
2025-09-14T16:30:00+00:00,115454.10,115499.00,115385.60,115385.60,242.602
2025-09-14T16:35:00+00:00,115385.60,115407.50,115384.80,115389.50,103.773
2025-09-14T16:40:00+00:00,115389.40,115429.80,115389.30,115422.20,101.390
2025-09-14T16:45:00+00:00,115422.20,115429.80,115367.00,115367.10,86.337
2025-09-14T16:50:00+00:00,115367.10,115406.80,115364.00,115378.00,89.783
2025-09-14T16:55:00+00:00,115377.90,115423.00,115370.00,115422.70,63.954
2025-09-14T17:00:00+00:00,115422.70,115447.40,115352.70,115352.70,121.399
2025-09-14T17:05:00+00:00,115352.70,115426.60,115352.70,115426.60,96.317
2025-09-14T17:10:00+00:00,115426.60,115437.90,115415.40,115428.80,121.111
2025-09-14T17:15:00+00:00,115428.80,115466.40,115428.80,115450.30,89.418
2025-09-14T17:20:00+00:00,115450.20,115508.60,115418.00,115508.50,163.159
2025-09-14T17:25:00+00:00,115508.60,115600.00,115508.50,115585.40,263.751
2025-09-14T17:30:00+00:00,115585.40,115585.50,115525.90,115555.00,159.156
2025-09-14T17:35:00+00:00,115555.00,115603.90,115517.30,115583.30,252.214
2025-09-14T17:40:00+00:00,115583.40,115605.50,115560.30,115576.10,124.242
2025-09-14T17:45:00+00:00,115576.10,115595.40,115515.60,115556.20,148.394
2025-09-14T17:50:00+00:00,115556.30,115556.30,115522.90,115522.90,78.105
2025-09-14T17:55:00+00:00,115522.90,115553.00,115500.00,115502.90,182.007
2025-09-14T18:00:00+00:00,115502.90,115503.00,115447.10,115447.10,94.751
2025-09-14T18:05:00+00:00,115447.10,115470.00,115447.10,115460.40,92.640
2025-09-14T18:10:00+00:00,115460.50,115478.00,115460.40,115477.90,53.307
2025-09-14T18:15:00+00:00,115478.00,115478.00,115394.60,115394.70,81.532
2025-09-14T18:20:00+00:00,115394.70,115415.70,115394.60,115415.60,42.540
2025-09-14T18:25:00+00:00,115415.70,115415.70,115401.20,115412.20,42.040
2025-09-14T18:30:00+00:00,115412.10,115413.10,115384.70,115413.00,76.868
2025-09-14T18:35:00+00:00,115413.00,115434.70,115413.00,115419.40,65.520
2025-09-14T18:40:00+00:00,115419.50,115421.50,115419.40,115419.70,42.136
2025-09-14T18:45:00+00:00,115419.60,115421.50,115396.00,115400.00,38.601
2025-09-14T18:50:00+00:00,115399.90,115404.30,115367.10,115373.50,86.437
2025-09-14T18:55:00+00:00,115373.40,115373.50,115313.20,115333.10,159.988
2025-09-14T19:00:00+00:00,115333.20,115339.60,115312.20,115312.30,66.749
2025-09-14T19:05:00+00:00,115312.20,115379.40,115275.50,115379.30,272.573
2025-09-14T19:10:00+00:00,115379.30,115418.40,115379.30,115392.70,151.334
2025-09-14T19:15:00+00:00,115392.70,115417.40,115379.30,115417.40,62.917
2025-09-14T19:20:00+00:00,115417.30,115438.10,115417.30,115427.60,64.944
2025-09-14T19:25:00+00:00,115427.60,115445.20,115427.60,115445.20,52.055
2025-09-14T19:30:00+00:00,115445.20,115585.00,115445.10,115585.00,115.054
2025-09-14T19:35:00+00:00,115585.00,115594.10,115555.00,115555.00,154.068
2025-09-14T19:40:00+00:00,115555.00,115559.80,115531.50,115559.70,83.522
2025-09-14T19:45:00+00:00,115559.80,115576.70,115559.70,115571.00,54.184
2025-09-14T19:50:00+00:00,115571.10,115571.10,115520.20,115547.50,79.410
2025-09-14T19:55:00+00:00,115547.60,115597.40,115535.90,115597.40,78.911
2025-09-14T20:00:00+00:00,115597.30,115646.30,115588.60,115640.40,137.005
2025-09-14T20:05:00+00:00,115640.40,115643.10,115636.90,115643.00,44.703
2025-09-14T20:10:00+00:00,115643.10,115727.80,115643.10,115710.00,206.812
2025-09-14T20:15:00+00:00,115710.00,115710.10,115705.40,115709.90,99.420
2025-09-14T20:20:00+00:00,115709.90,115710.00,115623.90,115640.70,128.596
2025-09-14T20:25:00+00:00,115640.70,115648.30,115629.30,115629.40,39.473
2025-09-14T20:30:00+00:00,115629.40,115695.90,115623.50,115674.00,100.036
2025-09-14T20:35:00+00:00,115674.10,115700.00,115674.00,115688.00,157.985
2025-09-14T20:40:00+00:00,115687.90,115792.70,115687.90,115792.70,192.963
2025-09-14T20:45:00+00:00,115792.70,115816.90,115766.00,115766.00,252.219
2025-09-14T20:50:00+00:00,115766.10,115790.20,115739.80,115747.90,52.837
2025-09-14T20:55:00+00:00,115747.90,115754.00,115745.00,115745.00,66.434
2025-09-14T21:00:00+00:00,115745.10,115799.60,115745.00,115799.60,43.620
2025-09-14T21:05:00+00:00,115799.60,115799.60,115652.50,115652.50,252.663
2025-09-14T21:10:00+00:00,115652.60,115743.20,115556.10,115743.20,262.146
2025-09-14T21:15:00+00:00,115743.20,115861.00,115743.10,115861.00,191.905
2025-09-14T21:20:00+00:00,115860.90,115861.00,115842.00,115855.80,105.234
2025-09-14T21:25:00+00:00,115855.70,115855.80,115846.00,115846.00,69.870
2025-09-14T21:30:00+00:00,115846.00,115852.20,115812.70,115837.50,80.266
2025-09-14T21:35:00+00:00,115837.50,116026.80,115837.40,115985.00,1167.085
2025-09-14T21:40:00+00:00,115984.90,116022.90,115970.90,116021.20,265.514
2025-09-14T21:45:00+00:00,116021.10,116050.00,115938.10,115941.60,307.157
2025-09-14T21:50:00+00:00,115941.60,115970.90,115850.00,115856.20,179.727
2025-09-14T21:55:00+00:00,115856.10,116023.30,115856.10,116023.30,128.738
2025-09-14T22:00:00+00:00,116023.30,116038.00,115892.90,115956.00,492.568
2025-09-14T22:05:00+00:00,115955.90,115956.00,115856.10,115867.30,177.223
2025-09-14T22:10:00+00:00,115867.40,115908.00,115850.00,115871.80,89.779
2025-09-14T22:15:00+00:00,115871.80,115871.80,115774.70,115835.80,119.297
2025-09-14T22:20:00+00:00,115835.80,115845.80,115753.10,115767.70,67.165
2025-09-14T22:25:00+00:00,115767.90,115848.90,115767.80,115848.90,58.111
2025-09-14T22:30:00+00:00,115848.90,115848.90,115810.80,115829.90,61.089
2025-09-14T22:35:00+00:00,115829.90,115830.00,115774.40,115795.90,92.085
2025-09-14T22:40:00+00:00,115795.90,116041.10,115791.60,115994.00,497.777
2025-09-14T22:45:00+00:00,115993.90,116020.00,115964.90,116019.90,139.500
2025-09-14T22:50:00+00:00,116020.00,116020.00,115895.60,115950.10,774.680
2025-09-14T22:55:00+00:00,115950.10,115985.30,115907.70,115957.00,110.778
2025-09-14T23:00:00+00:00,115956.90,115957.00,115869.20,115883.70,139.215
2025-09-14T23:05:00+00:00,115883.60,115883.70,115680.40,115686.40,452.026
2025-09-14T23:10:00+00:00,115686.50,115686.50,115471.20,115542.40,906.351
2025-09-14T23:15:00+00:00,115542.40,115559.40,115468.10,115485.90,496.326
2025-09-14T23:20:00+00:00,115485.90,115486.00,115320.00,115396.00,582.429
2025-09-14T23:25:00+00:00,115396.00,115474.30,115316.20,115324.60,438.869
2025-09-14T23:30:00+00:00,115324.60,115347.10,115268.00,115309.90,406.560
2025-09-14T23:35:00+00:00,115310.00,115313.00,115206.00,115232.80,650.169
2025-09-14T23:40:00+00:00,115232.80,115260.00,115170.10,115194.90,577.171
2025-09-14T23:45:00+00:00,115195.00,115195.00,115057.00,115170.10,613.749
2025-09-14T23:50:00+00:00,115170.10,115322.10,115170.00,115287.60,476.509
2025-09-14T23:55:00+00:00,115287.60,115333.20,115210.00,115210.00,264.249
2025-09-15T00:00:00+00:00,115210.00,115214.80,115103.00,115103.80,714.285
2025-09-15T00:05:00+00:00,115103.90,115134.00,115016.80,115017.20,520.096
2025-09-15T00:10:00+00:00,115017.10,115200.00,114888.10,115061.30,1253.620
2025-09-15T00:15:00+00:00,115061.30,115061.30,114912.00,114934.30,476.064
2025-09-15T00:20:00+00:00,114934.30,115094.60,114925.00,115094.60,421.533
2025-09-15T00:25:00+00:00,115094.70,115163.30,115072.70,115162.60,272.673
2025-09-15T00:30:00+00:00,115162.60,115166.00,115008.00,115107.50,375.449
2025-09-15T00:35:00+00:00,115107.50,115107.50,115005.10,115023.10,198.067
2025-09-15T00:40:00+00:00,115023.00,115023.10,114956.10,114968.00,169.753
2025-09-15T00:45:00+00:00,114968.00,115105.20,114968.00,115068.10,199.626
2025-09-15T00:50:00+00:00,115068.20,115068.20,114993.10,114993.60,117.482
2025-09-15T00:55:00+00:00,114993.60,115023.50,114955.20,115023.40,124.165
2025-09-15T01:00:00+00:00,115023.40,115023.50,114923.00,114940.20,380.504
2025-09-15T01:05:00+00:00,114940.20,114948.90,114809.00,114815.60,1171.577
2025-09-15T01:10:00+00:00,114815.60,114889.40,114780.70,114780.80,517.798
2025-09-15T01:15:00+00:00,114780.70,114889.40,114777.00,114879.20,294.629
2025-09-15T01:20:00+00:00,114879.10,114889.90,114777.00,114889.90,220.399
2025-09-15T01:25:00+00:00,114889.90,115158.40,114889.80,115113.10,466.505
2025-09-15T01:30:00+00:00,115113.10,115232.80,115082.00,115166.10,514.025
2025-09-15T01:35:00+00:00,115166.20,115216.80,115124.20,115198.60,261.521
2025-09-15T01:40:00+00:00,115198.50,115198.50,115120.00,115150.00,96.672
2025-09-15T01:45:00+00:00,115150.00,115205.40,115127.30,115127.30,140.584
2025-09-15T01:50:00+00:00,115127.40,115133.80,115050.00,115112.20,165.678
2025-09-15T01:55:00+00:00,115112.10,115193.60,115082.00,115178.30,325.544
2025-09-15T02:00:00+00:00,115178.40,115383.30,115157.30,115339.20,1047.193
2025-09-15T02:05:00+00:00,115339.20,115392.50,115293.00,115383.90,248.685
2025-09-15T02:10:00+00:00,115383.80,115383.80,115320.00,115326.40,186.447
2025-09-15T02:15:00+00:00,115326.50,115368.70,115303.80,115356.70,220.866
2025-09-15T02:20:00+00:00,115356.70,115389.80,115297.30,115305.60,139.339
2025-09-15T02:25:00+00:00,115305.60,115345.50,115304.40,115329.10,93.262
2025-09-15T02:30:00+00:00,115329.00,115331.70,115228.40,115264.10,167.569
2025-09-15T02:35:00+00:00,115264.20,115369.50,115264.20,115354.50,125.219
2025-09-15T02:40:00+00:00,115354.50,115373.10,115308.40,115373.10,65.238
2025-09-15T02:45:00+00:00,115373.00,115373.10,115304.70,115304.80,76.694
2025-09-15T02:50:00+00:00,115304.70,115390.00,115304.70,115324.20,107.720
2025-09-15T02:55:00+00:00,115324.20,115334.00,115274.90,115318.60,84.634
2025-09-15T03:00:00+00:00,115318.50,115370.30,115300.00,115370.20,82.408
2025-09-15T03:05:00+00:00,115370.30,115456.20,115364.20,115437.60,297.934
2025-09-15T03:10:00+00:00,115437.60,115445.90,115437.60,115445.80,99.005
2025-09-15T03:15:00+00:00,115445.70,115502.80,115435.00,115502.80,196.216
2025-09-15T03:20:00+00:00,115502.80,115536.00,115452.10,115452.10,198.043
2025-09-15T03:25:00+00:00,115452.10,115463.70,115374.40,115386.00,142.246
2025-09-15T03:30:00+00:00,115386.10,115386.10,115331.50,115331.50,110.116
2025-09-15T03:35:00+00:00,115331.50,115396.40,115323.90,115378.20,152.301
2025-09-15T03:40:00+00:00,115378.10,115411.00,115374.40,115386.10,61.503
2025-09-15T03:45:00+00:00,115386.10,115440.00,115386.00,115440.00,38.433
2025-09-15T03:50:00+00:00,115440.00,115462.50,115414.40,115461.60,112.696
2025-09-15T03:55:00+00:00,115461.70,115487.70,115387.60,115387.60,124.453
2025-09-15T04:00:00+00:00,115387.70,115399.10,115360.70,115378.30,161.393
2025-09-15T04:05:00+00:00,115378.30,115388.10,115341.80,115364.80,163.150
2025-09-15T04:10:00+00:00,115364.80,115461.70,115347.70,115450.00,207.424
2025-09-15T04:15:00+00:00,115450.00,115590.00,115449.90,115590.00,213.525
2025-09-15T04:20:00+00:00,115590.00,116150.10,115589.90,115891.00,4513.519
2025-09-15T04:25:00+00:00,115891.00,116020.00,115869.40,115914.40,640.271
2025-09-15T04:30:00+00:00,115914.40,116015.00,115914.40,115950.20,359.226
2025-09-15T04:35:00+00:00,115950.10,115950.10,115851.50,115856.60,295.121
2025-09-15T04:40:00+00:00,115856.70,116026.80,115856.60,116026.70,290.010
2025-09-15T04:45:00+00:00,116026.70,116116.20,116023.20,116024.60,618.082
2025-09-15T04:50:00+00:00,116024.70,116046.00,115938.90,115942.70,271.922
2025-09-15T04:55:00+00:00,115942.80,116017.80,115942.70,116006.50,195.656
2025-09-15T05:00:00+00:00,116006.50,116016.70,115960.00,115975.10,372.925
2025-09-15T05:05:00+00:00,115975.10,116015.90,115975.00,116015.80,144.529
2025-09-15T05:10:00+00:00,116015.90,116183.30,116012.30,116120.30,658.634
2025-09-15T05:15:00+00:00,116120.40,116161.10,116064.30,116136.70,301.651
2025-09-15T05:20:00+00:00,116136.80,116369.90,116136.70,116300.00,900.969
2025-09-15T05:25:00+00:00,116300.00,116314.90,116164.10,116265.70,945.520
2025-09-15T05:30:00+00:00,116265.70,116340.90,116202.10,116284.20,403.068
2025-09-15T05:35:00+00:00,116284.20,116320.00,116280.90,116297.00,210.991
2025-09-15T05:40:00+00:00,116297.10,116355.00,116297.00,116324.50,233.203
2025-09-15T05:45:00+00:00,116324.60,116365.00,116293.30,116364.90,283.676
2025-09-15T05:50:00+00:00,116365.00,116423.80,116360.00,116413.10,492.229
2025-09-15T05:55:00+00:00,116413.10,116547.90,116413.10,116474.20,1192.648
2025-09-15T06:00:00+00:00,116474.20,116548.90,116407.00,116506.40,664.447
2025-09-15T06:05:00+00:00,116506.30,116759.90,116506.30,116700.10,1074.942
2025-09-15T06:10:00+00:00,116700.10,116700.10,116532.50,116557.20,631.029
2025-09-15T06:15:00+00:00,116557.20,116646.00,116411.20,116437.90,919.891
2025-09-15T06:20:00+00:00,116437.90,116479.00,116425.20,116432.30,276.775
2025-09-15T06:25:00+00:00,116432.30,116434.40,116360.00,116360.10,556.012
2025-09-15T06:30:00+00:00,116360.10,116397.60,116205.60,116209.20,749.740
2025-09-15T06:35:00+00:00,116209.20,116242.90,116122.30,116179.80,730.900
2025-09-15T06:40:00+00:00,116179.80,116250.10,116106.00,116244.30,405.592
2025-09-15T06:45:00+00:00,116244.40,116244.40,116064.50,116078.40,460.221
2025-09-15T06:50:00+00:00,116078.30,116106.60,116050.00,116050.00,331.330
2025-09-15T06:55:00+00:00,116050.10,116096.00,116000.10,116077.80,342.218
2025-09-15T07:00:00+00:00,116077.70,116144.60,116044.90,116063.90,537.914
2025-09-15T07:05:00+00:00,116063.90,116181.60,116063.90,116102.40,224.061
2025-09-15T07:10:00+00:00,116102.30,116207.00,116102.30,116206.70,205.211
2025-09-15T07:15:00+00:00,116206.80,116362.90,116206.70,116270.30,483.605
2025-09-15T07:20:00+00:00,116270.30,116279.90,116066.90,116071.20,214.438
2025-09-15T07:25:00+00:00,116071.10,116132.30,116000.20,116013.70,284.282
2025-09-15T07:30:00+00:00,116013.70,116013.70,115846.40,115866.00,845.429
2025-09-15T07:35:00+00:00,115866.10,115980.50,115752.30,115827.30,906.442
2025-09-15T07:40:00+00:00,115827.20,115890.70,115554.00,115761.80,1079.582
2025-09-15T07:45:00+00:00,115761.80,115840.20,115630.00,115658.60,658.658
2025-09-15T07:50:00+00:00,115658.50,115813.20,115649.30,115688.90,455.397
2025-09-15T07:55:00+00:00,115688.90,115793.00,115687.20,115769.50,356.233
2025-09-15T08:00:00+00:00,115769.60,115769.60,115364.40,115406.00,2278.527
2025-09-15T08:05:00+00:00,115406.00,115555.50,115400.00,115483.50,834.026
2025-09-15T08:10:00+00:00,115483.40,115500.00,115414.70,115453.10,415.267
2025-09-15T08:15:00+00:00,115453.20,115674.60,115388.00,115627.30,701.549
2025-09-15T08:20:00+00:00,115627.20,115726.80,115550.00,115726.80,373.488
2025-09-15T08:25:00+00:00,115726.70,115766.80,115600.30,115616.80,372.543
2025-09-15T08:30:00+00:00,115616.80,115625.40,115526.60,115526.60,368.115
2025-09-15T08:35:00+00:00,115526.60,115526.70,115335.80,115354.30,637.713
2025-09-15T08:40:00+00:00,115353.90,115353.90,115204.40,115218.50,867.349
2025-09-15T08:45:00+00:00,115218.60,115269.30,115000.00,115061.70,1266.357
2025-09-15T08:50:00+00:00,115061.80,115075.70,114800.10,114800.20,1983.589
2025-09-15T08:55:00+00:00,114800.20,114848.30,114650.00,114697.00,2560.366
2025-09-15T09:00:00+00:00,114697.00,114878.90,114588.00,114799.40,2587.642
2025-09-15T09:05:00+00:00,114800.00,115000.30,114762.60,114775.10,1453.084
2025-09-15T09:10:00+00:00,114775.00,114848.00,114700.00,114809.20,714.785
2025-09-15T09:15:00+00:00,114809.10,114809.20,114728.70,114758.80,426.530
2025-09-15T09:20:00+00:00,114758.90,115081.60,114758.90,115021.00,1207.157
2025-09-15T09:25:00+00:00,115021.00,115141.90,115021.00,115038.50,522.424
2025-09-15T09:30:00+00:00,115038.60,115055.00,114983.20,114995.00,362.729
2025-09-15T09:35:00+00:00,114995.00,114995.10,114916.10,114946.30,524.650
2025-09-15T09:40:00+00:00,114946.20,114946.30,114862.00,114883.60,279.439
2025-09-15T09:45:00+00:00,114883.70,114883.70,114795.20,114795.20,623.448
2025-09-15T09:50:00+00:00,114795.30,114919.30,114789.80,114843.50,619.387
2025-09-15T09:55:00+00:00,114843.60,114843.60,114820.00,114820.10,137.846
2025-09-15T10:00:00+00:00,114820.10,114881.40,114809.50,114830.00,234.890
2025-09-15T10:05:00+00:00,114830.00,114908.90,114777.00,114786.10,400.181
2025-09-15T10:10:00+00:00,114786.20,114832.80,114767.00,114795.20,203.620
2025-09-15T10:15:00+00:00,114795.20,114871.90,114795.20,114865.90,184.141
2025-09-15T10:20:00+00:00,114866.00,114896.20,114700.00,114726.00,897.995
2025-09-15T10:25:00+00:00,114726.00,114782.60,114700.00,114737.50,293.223
2025-09-15T10:30:00+00:00,114737.50,114801.70,114737.40,114795.30,250.360
2025-09-15T10:35:00+00:00,114795.30,114830.40,114772.10,114772.20,295.072
2025-09-15T10:40:00+00:00,114772.10,114772.10,114702.10,114728.20,224.515
2025-09-15T10:45:00+00:00,114728.20,114786.50,114700.00,114780.10,172.331
2025-09-15T10:50:00+00:00,114780.00,114856.20,114762.60,114796.80,205.992
2025-09-15T10:55:00+00:00,114796.70,114796.80,114716.80,114729.10,345.731
2025-09-15T11:00:00+00:00,114729.10,114773.80,114702.00,114741.80,257.098
2025-09-15T11:05:00+00:00,114741.70,114746.80,114691.60,114746.80,203.677
2025-09-15T11:10:00+00:00,114746.80,115023.60,114730.00,115016.00,643.224
2025-09-15T11:15:00+00:00,115016.10,115035.30,114959.20,114963.00,499.697
2025-09-15T11:20:00+00:00,114963.00,115009.60,114860.20,114860.30,324.437
2025-09-15T11:25:00+00:00,114860.30,114895.60,114813.30,114863.30,275.538
2025-09-15T11:30:00+00:00,114863.40,115020.10,114826.50,115004.80,352.085
2025-09-15T11:35:00+00:00,115004.80,115167.70,115000.00,115130.40,936.419
2025-09-15T11:40:00+00:00,115130.40,115130.40,115025.00,115027.30,274.627
2025-09-15T11:45:00+00:00,115027.30,115032.20,114905.20,114964.40,231.735
2025-09-15T11:50:00+00:00,114964.50,115072.00,114956.80,115067.90,150.055
2025-09-15T11:55:00+00:00,115068.00,115077.70,115002.60,115009.00,264.890
2025-09-15T12:00:00+00:00,115009.00,115034.50,114923.00,114952.50,242.013
2025-09-15T12:05:00+00:00,114952.50,114952.60,114830.60,114899.40,342.425
2025-09-15T12:10:00+00:00,114899.40,114899.40,114810.10,114846.30,274.097
2025-09-15T12:15:00+00:00,114846.30,114942.40,114846.20,114921.90,217.815
2025-09-15T12:20:00+00:00,114921.90,114977.00,114869.50,114922.00,152.947
2025-09-15T12:25:00+00:00,114922.10,114938.20,114740.70,114752.20,252.339
2025-09-15T12:30:00+00:00,114752.30,114842.00,114740.50,114829.40,262.764
2025-09-15T12:35:00+00:00,114829.30,114852.30,114804.00,114806.20,133.441
2025-09-15T12:40:00+00:00,114806.20,114850.00,114777.20,114832.40,183.420
2025-09-15T12:45:00+00:00,114832.30,114832.30,114645.60,114652.70,529.723
2025-09-15T12:50:00+00:00,114652.70,114724.60,114645.10,114669.80,356.129
2025-09-15T12:55:00+00:00,114669.80,114699.10,114621.30,114686.70,258.005
2025-09-15T13:00:00+00:00,114686.70,114769.20,114560.20,114760.80,764.034
2025-09-15T13:05:00+00:00,114760.80,114763.50,114626.40,114676.80,287.617
2025-09-15T13:10:00+00:00,114676.80,114751.30,114627.70,114725.50,270.966
2025-09-15T13:15:00+00:00,114725.60,114840.30,114679.20,114840.30,321.508
2025-09-15T13:20:00+00:00,114840.30,114846.20,114767.20,114822.30,259.433
2025-09-15T13:25:00+00:00,114822.40,115017.90,114798.20,114984.90,710.137
2025-09-15T13:30:00+00:00,114985.00,115045.50,114913.60,114992.30,743.043
2025-09-15T13:35:00+00:00,114992.20,114992.20,114642.90,114642.90,1178.333
2025-09-15T13:40:00+00:00,114643.00,114720.00,114338.50,114425.90,4270.225
2025-09-15T13:45:00+00:00,114425.90,114723.30,114421.10,114533.10,1617.013
2025-09-15T13:50:00+00:00,114533.10,114861.00,114516.90,114813.60,1020.370
2025-09-15T13:55:00+00:00,114813.70,114813.70,114560.00,114610.70,402.977
2025-09-15T14:00:00+00:00,114610.70,114646.70,114420.20,114483.10,627.970
2025-09-15T14:05:00+00:00,114483.00,114576.80,114400.00,114419.70,685.920
2025-09-15T14:10:00+00:00,114419.80,114621.30,114413.80,114595.60,461.154
2025-09-15T14:15:00+00:00,114595.60,114704.40,114544.70,114704.40,420.605
2025-09-15T14:20:00+00:00,114704.40,114850.00,114704.30,114839.90,397.458
2025-09-15T14:25:00+00:00,114839.90,114984.90,114824.00,114960.70,532.678
2025-09-15T14:30:00+00:00,114960.80,114968.30,114680.00,114680.00,551.622
2025-09-15T14:35:00+00:00,114680.10,114832.50,114680.00,114832.50,239.191
2025-09-15T14:40:00+00:00,114832.50,114914.90,114772.90,114871.90,307.807
2025-09-15T14:45:00+00:00,114871.80,114930.00,114750.00,114759.80,190.118
2025-09-15T14:50:00+00:00,114759.80,114848.00,114720.00,114745.80,198.444
2025-09-15T14:55:00+00:00,114745.80,114745.80,114618.30,114618.30,209.138
2025-09-15T15:00:00+00:00,114618.30,114641.30,114472.30,114560.50,676.703
2025-09-15T15:05:00+00:00,114560.50,114560.50,114404.20,114469.60,633.892
2025-09-15T15:10:00+00:00,114469.60,114510.10,114433.60,114461.80,304.869
2025-09-15T15:15:00+00:00,114461.90,114530.10,114340.00,114530.10,865.261
2025-09-15T15:20:00+00:00,114530.10,114621.30,114501.00,114612.90,345.428
2025-09-15T15:25:00+00:00,114612.90,114697.00,114507.60,114626.60,413.010
2025-09-15T15:30:00+00:00,114626.70,114637.80,114402.60,114427.60,449.037
2025-09-15T15:35:00+00:00,114427.50,114755.10,114422.30,114726.30,524.192
2025-09-15T15:40:00+00:00,114726.30,114813.60,114615.70,114639.10,503.441
2025-09-15T15:45:00+00:00,114639.10,114639.20,114513.80,114564.60,339.272
2025-09-15T15:50:00+00:00,114564.60,114783.60,114561.40,114707.70,403.953
2025-09-15T15:55:00+00:00,114707.60,114869.30,114701.30,114788.40,549.972
2025-09-15T16:00:00+00:00,114788.10,114822.90,114600.00,114621.10,357.284
2025-09-15T16:05:00+00:00,114621.00,114746.70,114600.00,114735.40,237.152
2025-09-15T16:10:00+00:00,114735.40,114814.10,114660.70,114805.60,305.050
2025-09-15T16:15:00+00:00,114805.60,114878.20,114622.50,114632.10,246.008
2025-09-15T16:20:00+00:00,114632.00,114728.50,114615.30,114664.30,164.391
2025-09-15T16:25:00+00:00,114664.20,114701.60,114626.30,114628.80,119.458
2025-09-15T16:30:00+00:00,114628.90,114737.70,114555.00,114728.80,181.982
2025-09-15T16:35:00+00:00,114728.80,114804.70,114650.00,114804.60,121.801
2025-09-15T16:40:00+00:00,114804.60,114886.50,114758.80,114883.90,239.998
2025-09-15T16:45:00+00:00,114884.00,114884.00,114774.90,114820.10,165.465
2025-09-15T16:50:00+00:00,114820.10,114820.10,114621.30,114626.00,210.497
2025-09-15T16:55:00+00:00,114625.90,114679.70,114542.60,114618.90,320.599
2025-09-15T17:00:00+00:00,114618.90,114710.50,114553.30,114710.40,206.664
2025-09-15T17:05:00+00:00,114710.50,114813.70,114680.00,114770.80,231.706
2025-09-15T17:10:00+00:00,114770.50,114874.40,114770.50,114776.90,189.642
2025-09-15T17:15:00+00:00,114776.90,114845.30,114744.30,114757.90,163.284
2025-09-15T17:20:00+00:00,114757.90,114758.00,114622.40,114647.90,224.899
2025-09-15T17:25:00+00:00,114647.80,114688.90,114550.20,114679.50,271.670
2025-09-15T17:30:00+00:00,114679.50,114774.70,114651.00,114757.60,127.983
2025-09-15T17:35:00+00:00,114757.60,114822.80,114676.90,114794.70,135.354
2025-09-15T17:40:00+00:00,114794.80,114874.00,114794.80,114850.10,261.704
2025-09-15T17:45:00+00:00,114850.00,114850.10,114751.30,114818.40,203.628
2025-09-15T17:50:00+00:00,114818.40,114861.80,114817.90,114855.10,101.620
2025-09-15T17:55:00+00:00,114855.20,115086.60,114855.20,115075.90,593.159
2025-09-15T18:00:00+00:00,115075.90,115179.00,114978.80,115000.70,717.074
2025-09-15T18:05:00+00:00,115000.80,115010.30,114894.30,114894.30,206.660
2025-09-15T18:10:00+00:00,114894.30,114950.00,114848.40,114900.10,180.823
2025-09-15T18:15:00+00:00,114900.00,114966.00,114888.00,114904.70,100.666
2025-09-15T18:20:00+00:00,114904.70,115000.00,114855.90,114950.40,171.309
2025-09-15T18:25:00+00:00,114950.40,115000.00,114878.40,114878.50,105.194
2025-09-15T18:30:00+00:00,114878.50,114933.70,114850.00,114880.00,99.705
2025-09-15T18:35:00+00:00,114880.00,114980.30,114855.00,114865.20,125.047
2025-09-15T18:40:00+00:00,114865.30,114948.80,114843.00,114889.50,292.019
2025-09-15T18:45:00+00:00,114889.60,115076.90,114880.00,115063.00,254.275
2025-09-15T18:50:00+00:00,115063.00,115215.50,115060.00,115215.40,323.897
2025-09-15T18:55:00+00:00,115215.40,115306.80,115208.80,115252.70,516.083
2025-09-15T19:00:00+00:00,115252.70,115399.40,115252.70,115337.90,491.665
2025-09-15T19:05:00+00:00,115337.80,115475.90,115294.20,115379.40,718.118
2025-09-15T19:10:00+00:00,115379.40,115379.40,115057.20,115133.70,673.408
2025-09-15T19:15:00+00:00,115133.70,115155.30,115009.00,115150.00,684.217
2025-09-15T19:20:00+00:00,115150.00,115179.60,115025.40,115100.00,504.985
2025-09-15T19:25:00+00:00,115100.00,115100.00,114996.60,115044.50,394.860
2025-09-15T19:30:00+00:00,115044.40,115158.60,114901.70,115117.60,607.596
2025-09-15T19:35:00+00:00,115117.60,115468.70,115117.60,115408.80,613.664
2025-09-15T19:40:00+00:00,115408.80,115528.80,115322.20,115387.00,584.186
2025-09-15T19:45:00+00:00,115387.10,115423.90,115331.20,115384.80,168.946
2025-09-15T19:50:00+00:00,115384.80,115384.80,115200.00,115236.50,160.300
2025-09-15T19:55:00+00:00,115236.60,115256.70,115191.30,115246.70,212.690
2025-09-15T20:00:00+00:00,115246.70,115289.60,115209.80,115209.80,139.691
2025-09-15T20:05:00+00:00,115209.90,115387.00,115209.80,115387.00,150.221
2025-09-15T20:10:00+00:00,115387.00,115444.10,115318.60,115410.00,229.053
2025-09-15T20:15:00+00:00,115410.00,115436.40,115383.50,115416.40,134.805
2025-09-15T20:20:00+00:00,115416.40,115418.20,115214.10,115318.60,464.286
2025-09-15T20:25:00+00:00,115318.60,115318.70,115218.60,115223.90,103.654
2025-09-15T20:30:00+00:00,115223.80,115295.80,115194.40,115215.40,265.441
2025-09-15T20:35:00+00:00,115215.50,115215.50,115143.00,115158.00,184.082
2025-09-15T20:40:00+00:00,115158.00,115199.40,115157.90,115199.30,68.477
2025-09-15T20:45:00+00:00,115199.40,115216.60,115141.40,115213.20,145.345
2025-09-15T20:50:00+00:00,115213.30,115245.20,115213.20,115225.00,65.665
2025-09-15T20:55:00+00:00,115224.90,115331.00,115224.90,115331.00,149.882
2025-09-15T21:00:00+00:00,115331.10,115360.80,115236.90,115249.80,113.219
2025-09-15T21:05:00+00:00,115249.80,115280.80,115224.10,115280.70,64.913
2025-09-15T21:10:00+00:00,115280.80,115285.00,115248.20,115248.20,128.334
2025-09-15T21:15:00+00:00,115248.30,115396.40,115234.60,115383.90,109.704
2025-09-15T21:20:00+00:00,115384.00,115416.10,115383.90,115400.00,124.418
2025-09-15T21:25:00+00:00,115400.00,115404.00,115373.20,115382.30,116.788
2025-09-15T21:30:00+00:00,115382.30,115384.50,115335.60,115345.80,71.436
2025-09-15T21:35:00+00:00,115345.70,115381.50,115336.10,115375.20,77.810
2025-09-15T21:40:00+00:00,115375.10,115464.40,115370.90,115464.30,85.748
2025-09-15T21:45:00+00:00,115464.40,115472.10,115445.80,115457.40,85.669
2025-09-15T21:50:00+00:00,115457.40,115457.40,115432.60,115442.60,84.915
2025-09-15T21:55:00+00:00,115442.60,115478.90,115425.10,115456.60,93.713
2025-09-15T22:00:00+00:00,115456.60,115550.00,115456.50,115500.70,251.568
2025-09-15T22:05:00+00:00,115500.70,115500.70,115317.30,115319.60,263.025
2025-09-15T22:10:00+00:00,115319.70,115360.50,115204.20,115354.20,249.474
2025-09-15T22:15:00+00:00,115354.20,115404.50,115344.60,115373.60,106.887
2025-09-15T22:20:00+00:00,115373.60,115413.90,115308.30,115311.50,157.901
2025-09-15T22:25:00+00:00,115311.60,115382.40,115311.50,115382.40,55.915
2025-09-15T22:30:00+00:00,115382.40,115390.00,115246.80,115266.30,125.094
2025-09-15T22:35:00+00:00,115266.30,115266.30,115160.00,115194.90,101.795
2025-09-15T22:40:00+00:00,115194.90,115207.20,115177.10,115193.10,98.720
2025-09-15T22:45:00+00:00,115193.00,115215.50,115161.30,115192.10,126.535
2025-09-15T22:50:00+00:00,115192.10,115239.90,115164.30,115224.00,86.211
2025-09-15T22:55:00+00:00,115224.00,115255.80,115224.00,115224.10,71.981
2025-09-15T23:00:00+00:00,115224.00,115269.20,115210.00,115227.10,137.362
2025-09-15T23:05:00+00:00,115227.20,115259.50,115171.00,115259.40,110.244
2025-09-15T23:10:00+00:00,115259.40,115290.00,115259.40,115290.00,61.123
2025-09-15T23:15:00+00:00,115290.00,115349.90,115274.50,115326.20,145.650
2025-09-15T23:20:00+00:00,115326.20,115378.00,115318.80,115376.80,97.134
2025-09-15T23:25:00+00:00,115376.80,115425.00,115376.80,115416.90,119.984
2025-09-15T23:30:00+00:00,115416.90,115422.00,115394.00,115414.60,195.727
2025-09-15T23:35:00+00:00,115414.70,115414.70,115360.70,115360.70,100.746
2025-09-15T23:40:00+00:00,115360.70,115377.60,115276.10,115293.40,149.689
2025-09-15T23:45:00+00:00,115293.40,115293.90,115251.20,115264.70,128.048
2025-09-15T23:50:00+00:00,115264.70,115344.00,115264.70,115344.00,92.035
2025-09-15T23:55:00+00:00,115344.00,115372.70,115291.20,115300.60,171.165
2025-09-16T00:00:00+00:00,115300.50,115300.60,115208.40,115222.80,151.798
2025-09-16T00:05:00+00:00,115222.80,115250.00,115191.10,115191.10,95.056
2025-09-16T00:10:00+00:00,115191.20,115191.20,115156.50,115164.80,117.339
2025-09-16T00:15:00+00:00,115164.70,115210.40,115164.70,115196.20,216.435
2025-09-16T00:20:00+00:00,115196.10,115196.10,114996.00,115019.20,594.993
2025-09-16T00:25:00+00:00,115019.20,115072.40,114958.90,114975.90,254.648
2025-09-16T00:30:00+00:00,114975.90,115100.00,114973.20,115054.90,287.072
2025-09-16T00:35:00+00:00,115054.90,115150.00,115054.90,115130.60,137.850
2025-09-16T00:40:00+00:00,115130.50,115135.90,115084.80,115084.90,130.546
2025-09-16T00:45:00+00:00,115084.80,115084.90,115000.00,115000.10,123.720
2025-09-16T00:50:00+00:00,115000.00,115004.40,114890.00,114934.90,238.712
2025-09-16T00:55:00+00:00,114934.90,115042.80,114934.80,115033.50,180.529
2025-09-16T01:00:00+00:00,115033.60,115124.20,115033.60,115119.90,156.396
2025-09-16T01:05:00+00:00,115119.80,115244.90,115094.20,115158.00,248.434
2025-09-16T01:10:00+00:00,115158.00,115208.80,115125.40,115201.20,131.425
2025-09-16T01:15:00+00:00,115201.20,115237.20,115162.10,115232.40,121.120
2025-09-16T01:20:00+00:00,115232.40,115300.30,115201.20,115300.30,185.829
2025-09-16T01:25:00+00:00,115300.20,115490.80,115300.20,115365.00,415.640
2025-09-16T01:30:00+00:00,115365.10,115446.70,115340.00,115350.10,230.747
2025-09-16T01:35:00+00:00,115350.00,115350.10,115072.20,115110.30,381.323
2025-09-16T01:40:00+00:00,115110.20,115142.20,115100.00,115120.00,79.680
2025-09-16T01:45:00+00:00,115119.90,115224.80,115088.00,115088.10,248.910
2025-09-16T01:50:00+00:00,115088.00,115154.00,115000.00,115025.50,261.557
2025-09-16T01:55:00+00:00,115025.40,115025.50,114950.00,114964.40,161.883
2025-09-16T02:00:00+00:00,114964.40,115022.60,114964.40,115008.50,162.183
2025-09-16T02:05:00+00:00,115008.50,115087.10,115004.30,115046.70,104.178
2025-09-16T02:10:00+00:00,115046.70,115114.70,115046.60,115099.60,96.511
2025-09-16T02:15:00+00:00,115099.70,115187.60,115052.30,115052.30,244.886
2025-09-16T02:20:00+00:00,115052.30,115074.90,115034.20,115040.60,77.720
2025-09-16T02:25:00+00:00,115040.50,115110.10,115023.60,115107.60,69.238
2025-09-16T02:30:00+00:00,115107.50,115166.40,115101.20,115131.70,82.494
2025-09-16T02:35:00+00:00,115131.70,115170.40,115038.30,115050.80,119.494
2025-09-16T02:40:00+00:00,115050.90,115050.90,115001.00,115046.40,75.252
2025-09-16T02:45:00+00:00,115046.30,115086.60,115029.60,115050.50,73.441
2025-09-16T02:50:00+00:00,115050.50,115059.50,114980.00,114980.00,147.356
2025-09-16T02:55:00+00:00,114980.00,115010.60,114969.90,114969.90,95.695
2025-09-16T03:00:00+00:00,114969.90,115100.00,114969.90,115093.80,149.927
2025-09-16T03:05:00+00:00,115093.90,115129.60,115023.60,115027.50,90.484
2025-09-16T03:10:00+00:00,115027.50,115071.70,115023.60,115062.00,40.037
2025-09-16T03:15:00+00:00,115062.00,115129.20,115046.00,115056.40,191.496
2025-09-16T03:20:00+00:00,115056.80,115105.60,115038.40,115074.00,74.344
2025-09-16T03:25:00+00:00,115074.00,115138.10,115074.00,115136.00,70.100
2025-09-16T03:30:00+00:00,115136.00,115338.50,115135.90,115333.90,378.494
2025-09-16T03:35:00+00:00,115333.80,115380.10,115294.70,115320.50,260.262
2025-09-16T03:40:00+00:00,115320.40,115375.90,115320.40,115362.30,177.233
2025-09-16T03:45:00+00:00,115362.40,115375.90,115276.50,115311.60,109.425
2025-09-16T03:50:00+00:00,115311.50,115311.60,115250.00,115250.00,84.145
2025-09-16T03:55:00+00:00,115250.10,115337.00,115250.10,115250.90,148.569
2025-09-16T04:00:00+00:00,115250.80,115370.80,115250.80,115296.60,760.413
2025-09-16T04:05:00+00:00,115296.50,115296.60,115200.60,115211.30,132.988
2025-09-16T04:10:00+00:00,115211.30,115222.50,115030.40,115052.70,670.690
2025-09-16T04:15:00+00:00,115052.60,115079.50,114867.00,115009.50,505.760
2025-09-16T04:20:00+00:00,115009.50,115223.00,115009.40,115222.90,295.589
2025-09-16T04:25:00+00:00,115222.90,115270.00,115214.20,115252.00,171.466
2025-09-16T04:30:00+00:00,115252.00,115281.70,115193.10,115230.00,137.481
2025-09-16T04:35:00+00:00,115230.00,115237.20,115172.10,115237.20,76.178
2025-09-16T04:40:00+00:00,115237.20,115324.00,115232.10,115323.90,226.361
2025-09-16T04:45:00+00:00,115324.00,115380.00,115252.50,115379.90,447.591
2025-09-16T04:50:00+00:00,115380.00,115509.90,115379.90,115400.10,729.537
2025-09-16T04:55:00+00:00,115400.10,115512.00,115400.00,115458.30,367.136
2025-09-16T05:00:00+00:00,115458.40,115515.90,115397.60,115514.30,227.514
2025-09-16T05:05:00+00:00,115514.20,115724.80,115514.20,115699.90,1168.412
2025-09-16T05:10:00+00:00,115699.90,115854.90,115664.90,115774.40,955.503
2025-09-16T05:15:00+00:00,115774.40,115830.00,115487.60,115598.90,1148.131
2025-09-16T05:20:00+00:00,115598.90,115627.20,115499.40,115559.40,450.130
2025-09-16T05:25:00+00:00,115560.00,115687.50,115559.90,115681.80,320.074
2025-09-16T05:30:00+00:00,115681.90,115700.00,115637.70,115700.00,477.869
2025-09-16T05:35:00+00:00,115700.00,115800.00,115684.80,115726.90,719.319
2025-09-16T05:40:00+00:00,115726.90,115797.90,115726.80,115790.50,183.362
2025-09-16T05:45:00+00:00,115790.60,115825.20,115750.00,115788.00,287.186
2025-09-16T05:50:00+00:00,115788.00,115831.00,115764.50,115828.40,339.784
2025-09-16T05:55:00+00:00,115828.50,115912.20,115828.40,115893.30,913.694
2025-09-16T06:00:00+00:00,115893.20,115961.10,115860.00,115863.60,673.762
2025-09-16T06:05:00+00:00,115863.50,115884.00,115767.70,115884.00,493.371
2025-09-16T06:10:00+00:00,115884.00,115968.00,115883.90,115952.40,352.173
2025-09-16T06:15:00+00:00,115952.50,115965.00,115860.60,115860.70,283.078
2025-09-16T06:20:00+00:00,115860.60,115917.50,115824.90,115824.90,242.643
2025-09-16T06:25:00+00:00,115824.90,115865.90,115609.00,115677.10,797.248
2025-09-16T06:30:00+00:00,115677.10,115684.30,115547.10,115583.60,1025.589
2025-09-16T06:35:00+00:00,115583.60,115692.10,115583.50,115632.70,297.703
2025-09-16T06:40:00+00:00,115632.70,115750.00,115604.90,115750.00,273.443
2025-09-16T06:45:00+00:00,115749.90,115798.20,115683.10,115698.10,238.312
2025-09-16T06:50:00+00:00,115698.10,115712.70,115640.00,115712.70,129.812
2025-09-16T06:55:00+00:00,115712.70,115742.40,115697.80,115724.00,76.344
2025-09-16T07:00:00+00:00,115724.10,115854.50,115724.00,115817.90,383.172
2025-09-16T07:05:00+00:00,115817.90,115818.00,115692.30,115692.30,272.893
2025-09-16T07:10:00+00:00,115692.30,115800.00,115692.30,115784.90,187.189
2025-09-16T07:15:00+00:00,115784.90,115833.00,115771.40,115812.40,146.711
2025-09-16T07:20:00+00:00,115812.40,115835.70,115744.30,115778.70,123.961
2025-09-16T07:25:00+00:00,115778.60,115821.40,115778.60,115788.40,76.997
2025-09-16T07:30:00+00:00,115788.40,115823.00,115715.70,115775.10,95.496
2025-09-16T07:35:00+00:00,115775.10,115776.70,115680.00,115680.00,121.560
2025-09-16T07:40:00+00:00,115680.10,115750.00,115666.00,115750.00,153.352
2025-09-16T07:45:00+00:00,115750.00,115788.80,115749.90,115772.60,118.303
2025-09-16T07:50:00+00:00,115772.60,115772.60,115715.70,115737.20,107.092
2025-09-16T07:55:00+00:00,115737.20,115799.50,115722.70,115799.40,149.901
2025-09-16T08:00:00+00:00,115799.40,115878.50,115787.00,115801.40,392.707
2025-09-16T08:05:00+00:00,115801.40,115870.00,115750.00,115870.00,136.886
2025-09-16T08:10:00+00:00,115870.00,115923.00,115838.30,115905.10,292.634
2025-09-16T08:15:00+00:00,115905.00,115945.00,115812.00,115836.90,245.168
2025-09-16T08:20:00+00:00,115836.90,115848.20,115736.90,115763.00,155.932
2025-09-16T08:25:00+00:00,115763.00,115763.10,115700.00,115701.20,266.562
2025-09-16T08:30:00+00:00,115701.20,115712.20,115535.10,115550.20,890.198
2025-09-16T08:35:00+00:00,115550.10,115608.00,115465.80,115563.80,463.951
2025-09-16T08:40:00+00:00,115563.90,115588.20,115535.00,115551.70,292.171
2025-09-16T08:45:00+00:00,115551.60,115641.80,115540.00,115641.70,174.222
2025-09-16T08:50:00+00:00,115641.70,115696.10,115604.30,115604.40,176.371
2025-09-16T08:55:00+00:00,115604.30,115616.40,115573.60,115616.40,93.215
2025-09-16T09:00:00+00:00,115616.40,115666.50,115605.40,115666.40,154.354
2025-09-16T09:05:00+00:00,115666.50,115666.50,115587.90,115593.30,128.409
2025-09-16T09:10:00+00:00,115593.30,115593.30,115552.50,115563.00,74.230
2025-09-16T09:15:00+00:00,115563.10,115634.10,115560.00,115634.10,137.147
2025-09-16T09:20:00+00:00,115634.00,115668.50,115602.30,115602.40,96.743
2025-09-16T09:25:00+00:00,115602.40,115602.40,115538.40,115538.40,73.003
2025-09-16T09:30:00+00:00,115538.50,115551.20,115476.70,115496.50,175.736
2025-09-16T09:35:00+00:00,115496.40,115571.90,115496.40,115523.10,98.128
2025-09-16T09:40:00+00:00,115523.10,115527.90,115470.70,115470.70,71.748
2025-09-16T09:45:00+00:00,115470.80,115493.80,115450.00,115490.00,151.240
2025-09-16T09:50:00+00:00,115489.90,115496.70,115374.00,115413.10,330.043
2025-09-16T09:55:00+00:00,115413.10,115431.60,115413.00,115420.50,79.879
2025-09-16T10:00:00+00:00,115420.60,115471.80,115333.30,115432.10,373.886
2025-09-16T10:05:00+00:00,115432.10,115489.50,115353.50,115397.50,227.325
2025-09-16T10:10:00+00:00,115397.40,115421.40,115357.70,115393.00,154.548
2025-09-16T10:15:00+00:00,115393.10,115485.30,115384.00,115472.30,183.264
2025-09-16T10:20:00+00:00,115472.40,115552.60,115437.00,115471.80,191.554
2025-09-16T10:25:00+00:00,115471.80,115471.90,115445.10,115465.60,82.952
2025-09-16T10:30:00+00:00,115465.70,115508.10,115420.00,115430.30,167.819
2025-09-16T10:35:00+00:00,115430.30,115430.40,115385.40,115410.10,118.865
2025-09-16T10:40:00+00:00,115410.10,115446.30,115378.40,115378.40,112.598
2025-09-16T10:45:00+00:00,115378.40,115443.80,115340.00,115364.60,141.884
2025-09-16T10:50:00+00:00,115364.60,115411.40,115348.20,115357.20,93.365
2025-09-16T10:55:00+00:00,115357.10,115357.20,115311.40,115318.50,137.268
2025-09-16T11:00:00+00:00,115318.40,115340.00,115203.90,115235.50,511.457
2025-09-16T11:05:00+00:00,115235.40,115274.00,115157.00,115235.20,427.117
2025-09-16T11:10:00+00:00,115235.30,115238.20,115193.60,115203.10,152.492
2025-09-16T11:15:00+00:00,115203.00,115257.20,115180.00,115207.30,173.861
2025-09-16T11:20:00+00:00,115207.30,115295.20,115151.00,115268.60,288.653
2025-09-16T11:25:00+00:00,115268.60,115327.30,115253.60,115285.70,292.505
2025-09-16T11:30:00+00:00,115285.60,115384.60,115278.80,115377.20,200.050
2025-09-16T11:35:00+00:00,115377.10,115381.20,115300.00,115333.10,187.819
2025-09-16T11:40:00+00:00,115333.00,115333.10,115285.70,115285.80,98.881
2025-09-16T11:45:00+00:00,115285.80,115349.50,115275.00,115275.10,170.369
2025-09-16T11:50:00+00:00,115275.00,115306.50,115261.70,115277.10,123.859
2025-09-16T11:55:00+00:00,115277.10,115277.10,115222.00,115222.20,140.861
2025-09-16T12:00:00+00:00,115222.10,115280.30,115222.10,115229.10,118.600
2025-09-16T12:05:00+00:00,115229.10,115346.90,115229.10,115331.40,186.392
2025-09-16T12:10:00+00:00,115331.40,115331.40,115306.30,115317.60,85.213
2025-09-16T12:15:00+00:00,115317.50,115390.80,115258.30,115390.70,245.250
2025-09-16T12:20:00+00:00,115390.80,115395.90,115261.20,115261.30,247.592
2025-09-16T12:25:00+00:00,115261.20,115311.70,115228.60,115284.10,191.986
2025-09-16T12:30:00+00:00,115284.00,115394.20,115258.80,115346.70,239.306
2025-09-16T12:35:00+00:00,115346.60,115421.40,115316.80,115356.50,169.034
2025-09-16T12:40:00+00:00,115356.60,115414.60,115332.00,115384.00,143.899
2025-09-16T12:45:00+00:00,115384.00,115395.00,115320.60,115352.70,241.586
2025-09-16T12:50:00+00:00,115352.80,115385.70,115319.00,115381.90,169.197
2025-09-16T12:55:00+00:00,115381.80,115414.50,115359.00,115393.10,137.106
2025-09-16T13:00:00+00:00,115393.20,115430.70,115353.00,115422.00,197.756
2025-09-16T13:05:00+00:00,115421.90,115473.60,115366.50,115406.20,302.281
2025-09-16T13:10:00+00:00,115406.30,115436.20,115326.40,115338.30,136.604
2025-09-16T13:15:00+00:00,115338.30,115374.80,115199.90,115374.80,637.106
2025-09-16T13:20:00+00:00,115374.80,115511.00,115364.30,115494.20,292.067
2025-09-16T13:25:00+00:00,115494.10,115494.10,115402.30,115407.20,135.824
2025-09-16T13:30:00+00:00,115407.10,115463.50,115269.20,115293.90,360.399
2025-09-16T13:35:00+00:00,115293.90,115364.40,115112.20,115119.90,753.635
2025-09-16T13:40:00+00:00,115119.90,115193.50,115000.00,115037.70,1190.201
2025-09-16T13:45:00+00:00,115037.70,115051.80,114822.40,114891.20,2037.710
2025-09-16T13:50:00+00:00,114891.20,114920.00,114600.00,114905.40,2461.854
2025-09-16T13:55:00+00:00,114905.40,115154.60,114867.60,115154.60,987.230
2025-09-16T14:00:00+00:00,115154.50,115246.60,115124.20,115213.00,1596.629
2025-09-16T14:05:00+00:00,115213.10,115232.30,114935.50,114935.70,854.953
2025-09-16T14:10:00+00:00,114935.60,114952.60,114769.20,114939.20,768.787
2025-09-16T14:15:00+00:00,114939.10,115221.90,114925.30,114946.10,1307.004
2025-09-16T14:20:00+00:00,114946.00,115124.20,114864.70,115101.50,561.993
2025-09-16T14:25:00+00:00,115101.50,115101.60,114912.00,114957.80,490.622
2025-09-16T14:30:00+00:00,114957.90,114988.10,114865.00,114960.00,274.285
2025-09-16T14:35:00+00:00,114960.00,115115.80,114900.00,114934.40,471.772
2025-09-16T14:40:00+00:00,114934.40,115005.10,114926.80,114994.80,130.026
2025-09-16T14:45:00+00:00,114994.80,115195.90,114986.60,115170.00,443.480
2025-09-16T14:50:00+00:00,115170.00,115224.80,115164.30,115215.50,303.540
2025-09-16T14:55:00+00:00,115215.60,115268.60,115215.50,115231.10,208.968
2025-09-16T15:00:00+00:00,115231.10,115231.10,115003.60,115012.00,288.020
2025-09-16T15:05:00+00:00,115012.00,115068.80,115011.40,115035.30,197.850
2025-09-16T15:10:00+00:00,115035.20,115082.90,114985.40,114995.00,211.708
2025-09-16T15:15:00+00:00,114995.00,115069.90,114975.40,115069.90,187.318
2025-09-16T15:20:00+00:00,115069.80,115176.40,115027.00,115042.90,203.291
2025-09-16T15:25:00+00:00,115043.00,115097.80,115032.90,115068.50,113.945
2025-09-16T15:30:00+00:00,115068.50,115168.70,115068.50,115149.70,223.731
2025-09-16T15:35:00+00:00,115149.70,115231.20,115149.60,115231.10,194.374
2025-09-16T15:40:00+00:00,115231.20,115316.20,115213.60,115315.00,312.394
2025-09-16T15:45:00+00:00,115315.00,115432.00,115315.00,115429.90,465.304
2025-09-16T15:50:00+00:00,115429.80,115450.00,115386.00,115442.90,415.419
2025-09-16T15:55:00+00:00,115442.90,115878.20,115442.80,115877.90,2665.755
2025-09-16T16:00:00+00:00,115877.90,115990.00,115708.90,115825.20,1768.727
2025-09-16T16:05:00+00:00,115825.10,115828.20,115706.60,115815.10,631.734
2025-09-16T16:10:00+00:00,115815.10,115894.00,115701.80,115717.10,529.642
2025-09-16T16:15:00+00:00,115717.10,115867.60,115710.80,115732.80,379.757
2025-09-16T16:20:00+00:00,115732.80,115735.20,115549.90,115672.50,612.739
2025-09-16T16:25:00+00:00,115672.60,115820.00,115672.50,115819.90,332.078
2025-09-16T16:30:00+00:00,115819.90,115864.70,115775.00,115805.00,306.632
2025-09-16T16:35:00+00:00,115805.00,115816.80,115744.70,115795.80,157.740
2025-09-16T16:40:00+00:00,115795.80,115857.10,115742.10,115800.40,211.922
2025-09-16T16:45:00+00:00,115800.40,115871.80,115780.20,115824.10,188.912
2025-09-16T16:50:00+00:00,115824.10,115871.70,115824.00,115871.00,132.070
2025-09-16T16:55:00+00:00,115871.00,116050.00,115870.90,116021.00,593.200
2025-09-16T17:00:00+00:00,116021.00,116328.60,116010.00,116242.20,2022.895
2025-09-16T17:05:00+00:00,116242.10,116377.00,116242.10,116329.90,1060.849
2025-09-16T17:10:00+00:00,116329.90,116561.00,116329.90,116492.10,1725.783
2025-09-16T17:15:00+00:00,116492.10,116609.10,116492.10,116600.00,1218.571
2025-09-16T17:20:00+00:00,116599.90,116667.00,116509.00,116644.00,1351.901
2025-09-16T17:25:00+00:00,116644.10,116750.00,116551.60,116704.00,1255.057
2025-09-16T17:30:00+00:00,116704.00,116830.00,116664.40,116680.00,1698.134
2025-09-16T17:35:00+00:00,116679.90,116713.10,116345.10,116354.30,2010.371
2025-09-16T17:40:00+00:00,116354.30,116485.10,116288.00,116446.40,649.694
2025-09-16T17:45:00+00:00,116446.40,116600.00,116411.10,116411.10,531.654
2025-09-16T17:50:00+00:00,116411.10,116449.40,116350.00,116447.70,373.228
2025-09-16T17:55:00+00:00,116447.70,116484.70,116400.00,116414.80,311.590
2025-09-16T18:00:00+00:00,116414.70,116669.30,116414.70,116580.00,869.831
2025-09-16T18:05:00+00:00,116579.90,116733.70,116552.40,116641.70,487.205
2025-09-16T18:10:00+00:00,116641.60,116688.60,116466.80,116501.20,494.660
2025-09-16T18:15:00+00:00,116501.30,116590.10,116490.20,116588.90,347.988
2025-09-16T18:20:00+00:00,116588.90,116660.80,116566.90,116571.60,273.510
2025-09-16T18:25:00+00:00,116571.50,116633.40,116378.80,116426.00,448.047
2025-09-16T18:30:00+00:00,116426.00,116433.60,116307.60,116307.70,337.558
2025-09-16T18:35:00+00:00,116307.60,116339.30,116263.00,116266.60,262.911
2025-09-16T18:40:00+00:00,116266.70,116308.80,116166.30,116228.40,435.876
2025-09-16T18:45:00+00:00,116228.30,116399.90,116211.30,116377.00,280.361
2025-09-16T18:50:00+00:00,116377.00,116454.70,116306.10,116389.10,317.600
2025-09-16T18:55:00+00:00,116389.10,116431.00,116352.00,116372.60,162.915
2025-09-16T19:00:00+00:00,116372.50,116529.00,116372.50,116483.90,410.690
2025-09-16T19:05:00+00:00,116484.00,116515.40,116360.00,116360.00,277.361
2025-09-16T19:10:00+00:00,116360.10,116531.90,116340.30,116531.90,178.694
2025-09-16T19:15:00+00:00,116531.80,116542.80,116490.00,116502.50,207.570
2025-09-16T19:20:00+00:00,116502.50,116524.40,116475.30,116490.80,159.794
2025-09-16T19:25:00+00:00,116490.80,116490.90,116386.90,116430.00,138.002
2025-09-16T19:30:00+00:00,116430.00,116449.20,116396.60,116396.60,128.552
2025-09-16T19:35:00+00:00,116396.60,116443.90,116360.00,116437.10,106.542
2025-09-16T19:40:00+00:00,116437.20,116530.00,116437.20,116529.90,253.894
2025-09-16T19:45:00+00:00,116530.00,116779.90,116530.00,116709.70,1007.567
2025-09-16T19:50:00+00:00,116709.70,116774.70,116654.70,116654.80,345.989
2025-09-16T19:55:00+00:00,116654.80,116766.00,116654.80,116758.00,439.496
2025-09-16T20:00:00+00:00,116757.10,116781.20,116706.60,116774.00,343.148
2025-09-16T20:05:00+00:00,116773.90,116829.30,116773.90,116826.40,293.753
2025-09-16T20:10:00+00:00,116826.40,116826.40,116789.80,116821.00,214.244
2025-09-16T20:15:00+00:00,116821.10,116879.70,116711.40,116711.50,635.231
2025-09-16T20:20:00+00:00,116711.50,116765.10,116657.80,116696.50,277.328
2025-09-16T20:25:00+00:00,116696.60,116696.60,116655.40,116674.80,99.902
2025-09-16T20:30:00+00:00,116674.90,116758.80,116674.80,116717.00,143.666
2025-09-16T20:35:00+00:00,116717.10,116820.00,116717.00,116820.00,175.491
2025-09-16T20:40:00+00:00,116820.00,116829.20,116795.10,116825.30,135.774
2025-09-16T20:45:00+00:00,116825.40,116834.10,116821.40,116834.10,105.569
2025-09-16T20:50:00+00:00,116834.00,116834.10,116806.90,116818.80,116.137
2025-09-16T20:55:00+00:00,116818.90,116838.30,116783.70,116783.70,186.908
2025-09-16T21:00:00+00:00,116783.80,116830.70,116764.60,116830.70,118.165
2025-09-16T21:05:00+00:00,116830.60,116888.00,116785.70,116878.10,451.004
2025-09-16T21:10:00+00:00,116878.10,116882.60,116579.80,116579.80,443.141
2025-09-16T21:15:00+00:00,116579.80,116710.30,116579.80,116633.90,296.912
2025-09-16T21:20:00+00:00,116633.90,116643.40,116556.40,116556.40,161.420
2025-09-16T21:25:00+00:00,116556.40,116560.00,116543.70,116559.90,148.421
2025-09-16T21:30:00+00:00,116559.90,116639.80,116559.90,116630.50,180.679
2025-09-16T21:35:00+00:00,116630.60,116663.50,116630.50,116632.40,72.930
2025-09-16T21:40:00+00:00,116632.40,116647.00,116572.40,116612.30,202.725
2025-09-16T21:45:00+00:00,116612.30,116670.90,116591.90,116670.80,54.989
2025-09-16T21:50:00+00:00,116670.90,116681.30,116670.80,116681.20,44.715
2025-09-16T21:55:00+00:00,116681.20,116806.00,116681.20,116757.10,187.084
2025-09-16T22:00:00+00:00,116757.10,116853.00,116757.10,116847.10,256.211
2025-09-16T22:05:00+00:00,116847.20,116910.80,116847.10,116899.10,626.094
2025-09-16T22:10:00+00:00,116899.00,116899.00,116837.10,116837.10,116.116
2025-09-16T22:15:00+00:00,116837.10,116880.00,116786.40,116853.50,151.993
2025-09-16T22:20:00+00:00,116853.50,116880.90,116830.60,116873.20,257.662
2025-09-16T22:25:00+00:00,116873.30,116880.00,116798.20,116802.90,116.725
2025-09-16T22:30:00+00:00,116803.00,116816.90,116643.30,116649.70,353.207
2025-09-16T22:35:00+00:00,116649.70,116735.00,116649.70,116734.90,187.652
2025-09-16T22:40:00+00:00,116735.00,116742.80,116719.10,116732.50,80.908
2025-09-16T22:45:00+00:00,116732.40,116804.40,116708.30,116795.00,138.782
2025-09-16T22:50:00+00:00,116794.90,116835.20,116785.30,116803.20,153.887
2025-09-16T22:55:00+00:00,116803.10,116815.80,116774.20,116802.80,134.895
2025-09-16T23:00:00+00:00,116802.80,116830.00,116766.40,116783.90,168.540
2025-09-16T23:05:00+00:00,116783.90,116854.20,116783.90,116854.10,181.838
2025-09-16T23:10:00+00:00,116854.20,116854.20,116832.60,116842.30,156.226
2025-09-16T23:15:00+00:00,116842.30,116866.60,116733.70,116733.70,241.792
2025-09-16T23:20:00+00:00,116733.70,116769.30,116660.20,116660.30,174.307
2025-09-16T23:25:00+00:00,116660.20,116707.10,116660.20,116684.50,153.793
2025-09-16T23:30:00+00:00,116684.50,116797.40,116684.40,116767.70,189.580
2025-09-16T23:35:00+00:00,116767.60,116800.00,116720.90,116728.20,127.074
2025-09-16T23:40:00+00:00,116728.20,116731.60,116638.00,116645.80,181.848
2025-09-16T23:45:00+00:00,116645.90,116647.20,116565.80,116647.10,206.421
2025-09-16T23:50:00+00:00,116647.20,116694.40,116629.70,116694.40,138.912
2025-09-16T23:55:00+00:00,116694.30,116758.40,116694.30,116747.30,165.088
2025-09-17T00:00:00+00:00,116747.30,116786.60,116659.50,116699.90,199.078
2025-09-17T00:05:00+00:00,116699.90,116700.00,116650.00,116653.90,142.665
2025-09-17T00:10:00+00:00,116654.00,116674.80,116561.60,116561.70,240.522
2025-09-17T00:15:00+00:00,116561.60,116654.80,116561.60,116654.80,252.854
2025-09-17T00:20:00+00:00,116654.70,116685.00,116596.60,116596.70,186.694
2025-09-17T00:25:00+00:00,116596.70,116673.10,116596.60,116628.30,125.882
2025-09-17T00:30:00+00:00,116628.40,116651.70,116566.00,116566.00,153.777
2025-09-17T00:35:00+00:00,116566.10,116642.40,116550.00,116586.30,130.276
2025-09-17T00:40:00+00:00,116586.20,116636.30,116586.20,116632.30,88.836
2025-09-17T00:45:00+00:00,116632.30,116639.70,116550.00,116589.60,141.573
2025-09-17T00:50:00+00:00,116589.70,116589.70,116514.20,116558.80,249.383
2025-09-17T00:55:00+00:00,116558.80,116570.50,116501.00,116512.90,307.869
2025-09-17T01:00:00+00:00,116512.90,116542.80,116512.00,116514.50,141.795
2025-09-17T01:05:00+00:00,116514.50,116555.00,116511.80,116533.10,140.352
2025-09-17T01:10:00+00:00,116533.10,116580.00,116533.00,116580.00,106.636
2025-09-17T01:15:00+00:00,116579.90,116681.00,116450.00,116680.90,513.817
2025-09-17T01:20:00+00:00,116681.00,116720.00,116500.00,116616.20,356.182
2025-09-17T01:25:00+00:00,116616.30,116674.40,116523.30,116674.30,134.636
2025-09-17T01:30:00+00:00,116674.30,116674.40,116523.30,116534.90,187.553
2025-09-17T01:35:00+00:00,116534.80,116607.70,116480.00,116607.70,149.972
2025-09-17T01:40:00+00:00,116607.60,116628.10,116587.40,116596.30,71.998
2025-09-17T01:45:00+00:00,116596.40,116635.20,116561.10,116579.90,83.499
2025-09-17T01:50:00+00:00,116579.90,116628.00,116556.30,116574.60,114.407
2025-09-17T01:55:00+00:00,116574.50,116622.00,116568.70,116621.90,53.596
2025-09-17T02:00:00+00:00,116622.00,116622.00,116527.90,116534.90,210.933
2025-09-17T02:05:00+00:00,116534.90,116553.40,116508.00,116508.00,88.791
2025-09-17T02:10:00+00:00,116508.00,116612.10,116504.20,116612.10,166.724
2025-09-17T02:15:00+00:00,116612.10,116709.30,116612.00,116678.40,231.992
2025-09-17T02:20:00+00:00,116678.40,116678.40,116616.60,116656.70,101.642
2025-09-17T02:25:00+00:00,116656.70,116715.80,116656.60,116709.90,159.485
2025-09-17T02:30:00+00:00,116710.00,116796.70,116709.90,116749.60,237.949
2025-09-17T02:35:00+00:00,116749.70,116841.40,116728.00,116803.90,265.891
2025-09-17T02:40:00+00:00,116803.90,116874.00,116794.00,116834.70,254.298
2025-09-17T02:45:00+00:00,116834.70,116880.00,116811.10,116835.20,188.766
2025-09-17T02:50:00+00:00,116835.20,117081.90,116714.00,116734.70,1512.304
2025-09-17T02:55:00+00:00,116734.70,116734.80,116633.10,116633.20,366.132
2025-09-17T03:00:00+00:00,116633.10,116635.90,116551.00,116615.90,474.814
2025-09-17T03:05:00+00:00,116615.90,116714.00,116604.90,116614.90,347.604
2025-09-17T03:10:00+00:00,116614.90,116672.70,116586.20,116653.50,190.574
2025-09-17T03:15:00+00:00,116653.50,116713.20,116618.50,116618.50,143.121
2025-09-17T03:20:00+00:00,116618.60,116625.00,116547.20,116547.20,202.141
2025-09-17T03:25:00+00:00,116547.20,116588.40,116408.70,116475.50,746.042
2025-09-17T03:30:00+00:00,116475.50,116510.00,116421.70,116505.50,214.771
2025-09-17T03:35:00+00:00,116505.40,116523.80,116420.10,116433.50,168.619
2025-09-17T03:40:00+00:00,116433.50,116433.60,116379.30,116423.70,279.866
2025-09-17T03:45:00+00:00,116423.80,116443.80,116368.50,116418.00,259.721
2025-09-17T03:50:00+00:00,116417.90,116418.00,116337.00,116389.70,396.730
2025-09-17T03:55:00+00:00,116389.60,116394.20,116317.00,116320.10,239.075
2025-09-17T04:00:00+00:00,116320.20,116387.80,116310.00,116387.70,246.853
2025-09-17T04:05:00+00:00,116387.70,116433.30,116342.70,116349.20,204.842
2025-09-17T04:10:00+00:00,116349.30,116383.00,116349.20,116382.90,87.725
2025-09-17T04:15:00+00:00,116382.90,116383.00,116265.40,116265.40,276.019
2025-09-17T04:20:00+00:00,116265.30,116306.10,116258.00,116265.00,222.821
2025-09-17T04:25:00+00:00,116265.10,116275.70,116245.80,116269.20,176.401
2025-09-17T04:30:00+00:00,116269.20,116269.20,116216.10,116216.10,226.043
2025-09-17T04:35:00+00:00,116216.10,116234.40,116200.00,116200.10,114.462
2025-09-17T04:40:00+00:00,116200.10,116200.10,116168.00,116196.10,209.811
2025-09-17T04:45:00+00:00,116196.10,116196.10,116107.20,116107.40,518.135
2025-09-17T04:50:00+00:00,116107.40,116228.70,116107.30,116220.20,619.725
2025-09-17T04:55:00+00:00,116220.20,116344.80,116220.20,116264.80,387.594
2025-09-17T05:00:00+00:00,116264.80,116477.00,116264.70,116440.90,537.979
2025-09-17T05:05:00+00:00,116440.90,116559.70,116370.00,116518.80,734.443
2025-09-17T05:10:00+00:00,116518.90,116550.10,116481.60,116510.00,207.479
2025-09-17T05:15:00+00:00,116510.00,116630.00,116473.70,116549.20,555.529
2025-09-17T05:20:00+00:00,116549.10,116556.20,116466.20,116492.70,108.484
2025-09-17T05:25:00+00:00,116492.60,116580.10,116492.60,116504.30,110.659
2025-09-17T05:30:00+00:00,116504.20,116610.00,116504.20,116559.00,140.170
2025-09-17T05:35:00+00:00,116558.90,116636.30,116558.90,116636.20,205.885
2025-09-17T05:40:00+00:00,116636.20,116654.60,116567.40,116626.00,191.563
2025-09-17T05:45:00+00:00,116625.90,117200.00,116533.50,116793.90,3510.962
2025-09-17T05:50:00+00:00,116793.90,116917.50,116782.30,116906.50,969.504
2025-09-17T05:55:00+00:00,116906.60,117186.70,116906.50,117070.50,1695.965
2025-09-17T06:00:00+00:00,117070.40,117184.80,117043.50,117100.00,1085.341
2025-09-17T06:05:00+00:00,117100.10,117119.90,116968.30,116973.80,515.916
2025-09-17T06:10:00+00:00,116973.70,117049.00,116952.00,117018.00,341.068
2025-09-17T06:15:00+00:00,117018.00,117040.70,116949.00,116962.70,341.872
2025-09-17T06:20:00+00:00,116962.80,117052.80,116943.50,117011.10,335.018
2025-09-17T06:25:00+00:00,117011.10,117096.00,117000.00,117000.10,154.110
2025-09-17T06:30:00+00:00,117000.00,117008.50,116930.00,116947.10,196.206
2025-09-17T06:35:00+00:00,116947.20,117112.00,116947.20,117105.00,247.718
2025-09-17T06:40:00+00:00,117105.00,117140.40,117080.30,117107.00,416.364
2025-09-17T06:45:00+00:00,117106.90,117116.80,116989.00,117034.90,193.082
2025-09-17T06:50:00+00:00,117034.80,117119.20,117028.00,117119.20,144.263
2025-09-17T06:55:00+00:00,117119.20,117266.40,117104.60,117180.40,780.819
2025-09-17T07:00:00+00:00,117180.30,117204.10,117086.20,117118.60,333.044
2025-09-17T07:05:00+00:00,117118.70,117193.10,117076.80,117171.70,208.052
2025-09-17T07:10:00+00:00,117171.70,117175.90,117072.90,117133.70,170.104
2025-09-17T07:15:00+00:00,117133.70,117200.10,117123.30,117195.00,457.378
2025-09-17T07:20:00+00:00,117194.90,117233.50,117174.70,117174.70,199.266
2025-09-17T07:25:00+00:00,117174.70,117200.00,117108.10,117183.10,275.695
2025-09-17T07:30:00+00:00,117183.10,117217.50,117116.30,117149.70,247.098
2025-09-17T07:35:00+00:00,117149.80,117202.40,117136.80,117178.80,244.292
2025-09-17T07:40:00+00:00,117178.80,117178.80,117140.80,117145.70,166.801
2025-09-17T07:45:00+00:00,117145.70,117184.90,117137.70,117171.00,197.648
2025-09-17T07:50:00+00:00,117170.90,117178.60,117144.00,117149.00,144.775
2025-09-17T07:55:00+00:00,117149.00,117157.00,117108.10,117120.50,248.742
2025-09-17T08:00:00+00:00,117120.50,117156.60,117052.10,117074.00,340.907
2025-09-17T08:05:00+00:00,117074.10,117074.10,116980.30,117028.30,355.881
2025-09-17T08:10:00+00:00,117028.30,117048.10,116950.10,116950.10,204.835
2025-09-17T08:15:00+00:00,116950.20,116978.70,116918.20,116918.30,294.076
2025-09-17T08:20:00+00:00,116918.20,116986.50,116885.00,116940.10,311.778
2025-09-17T08:25:00+00:00,116940.20,116941.10,116858.80,116858.80,270.377
2025-09-17T08:30:00+00:00,116858.80,116858.90,116654.60,116705.30,1366.555
2025-09-17T08:35:00+00:00,116705.30,116781.60,116642.60,116734.70,738.916
2025-09-17T08:40:00+00:00,116734.70,116766.80,116639.40,116704.40,509.072
2025-09-17T08:45:00+00:00,116704.50,116754.50,116680.10,116724.00,413.001
2025-09-17T08:50:00+00:00,116723.90,116796.50,116723.90,116774.00,229.647
2025-09-17T08:55:00+00:00,116773.90,116835.90,116742.30,116801.00,307.142
2025-09-17T09:00:00+00:00,116801.00,116801.00,116674.60,116704.80,300.151
2025-09-17T09:05:00+00:00,116704.80,116718.80,116636.40,116636.50,222.889
2025-09-17T09:10:00+00:00,116636.50,116683.00,116636.40,116666.50,146.695
2025-09-17T09:15:00+00:00,116666.50,116670.60,116645.30,116670.50,85.363
2025-09-17T09:20:00+00:00,116670.50,116713.00,116573.50,116713.00,492.084
2025-09-17T09:25:00+00:00,116713.00,116724.40,116692.40,116704.80,101.046
2025-09-17T09:30:00+00:00,116704.80,116721.60,116660.30,116699.90,175.579
2025-09-17T09:35:00+00:00,116699.90,116714.90,116663.20,116714.80,131.634
2025-09-17T09:40:00+00:00,116714.80,116749.40,116644.20,116644.20,248.685
2025-09-17T09:45:00+00:00,116644.30,116666.00,116520.00,116525.60,273.022
2025-09-17T09:50:00+00:00,116525.60,116576.00,116524.40,116571.50,273.183
2025-09-17T09:55:00+00:00,116571.60,116571.60,116502.30,116503.90,166.144
2025-09-17T10:00:00+00:00,116503.90,116563.30,116483.10,116488.50,428.078
2025-09-17T10:05:00+00:00,116488.60,116518.10,116464.00,116475.70,195.626
2025-09-17T10:10:00+00:00,116475.70,116495.50,116419.20,116431.40,278.151
2025-09-17T10:15:00+00:00,116431.40,116453.70,116419.00,116423.00,200.018
2025-09-17T10:20:00+00:00,116422.90,116423.00,116354.70,116354.80,281.210
2025-09-17T10:25:00+00:00,116354.70,116378.30,116346.60,116346.60,236.986
2025-09-17T10:30:00+00:00,116346.70,116417.70,116346.60,116401.20,341.859
2025-09-17T10:35:00+00:00,116401.10,116401.20,116341.80,116345.80,218.263
2025-09-17T10:40:00+00:00,116345.80,116376.40,116324.20,116353.70,313.139
2025-09-17T10:45:00+00:00,116353.80,116353.80,116307.00,116328.00,230.360
2025-09-17T10:50:00+00:00,116328.00,116328.00,116212.10,116274.70,360.995
2025-09-17T10:55:00+00:00,116274.90,116317.50,116266.20,116317.50,242.757
2025-09-17T11:00:00+00:00,116317.50,116332.90,116214.20,116246.40,275.080
2025-09-17T11:05:00+00:00,116246.40,116294.20,116218.60,116294.10,284.821
2025-09-17T11:10:00+00:00,116294.20,116300.60,116233.90,116292.90,460.030
2025-09-17T11:15:00+00:00,116292.90,116292.90,116230.00,116230.10,222.751
2025-09-17T11:20:00+00:00,116230.10,116314.60,116202.60,116296.20,346.694
2025-09-17T11:25:00+00:00,116296.20,116296.20,116237.00,116265.90,173.280
2025-09-17T11:30:00+00:00,116265.90,116265.90,116235.60,116235.70,169.590
2025-09-17T11:35:00+00:00,116235.60,116256.10,116220.00,116240.60,216.795
2025-09-17T11:40:00+00:00,116240.50,116258.60,116233.30,116240.90,215.611
2025-09-17T11:45:00+00:00,116240.90,116310.00,116238.20,116273.20,423.478
2025-09-17T11:50:00+00:00,116273.30,116279.50,116220.10,116234.10,468.328
2025-09-17T11:55:00+00:00,116234.10,116234.20,116197.00,116200.10,205.336
2025-09-17T12:00:00+00:00,116200.10,116231.70,116182.80,116201.80,342.083
2025-09-17T12:05:00+00:00,116201.70,116201.80,116150.00,116150.00,309.283
2025-09-17T12:10:00+00:00,116150.10,116319.60,116150.00,116298.10,477.414
2025-09-17T12:15:00+00:00,116298.10,116298.10,116190.70,116217.30,278.540
2025-09-17T12:20:00+00:00,116217.40,116262.60,116192.10,116262.60,263.194
2025-09-17T12:25:00+00:00,116262.60,116345.40,116262.50,116312.80,419.732
2025-09-17T12:30:00+00:00,116312.70,116493.00,116268.20,116441.30,998.113
2025-09-17T12:35:00+00:00,116441.40,116446.30,116220.00,116226.20,521.863
2025-09-17T12:40:00+00:00,116226.10,116226.20,116034.00,116159.90,1050.881
2025-09-17T12:45:00+00:00,116159.80,116218.00,116052.00,116188.90,533.761
2025-09-17T12:50:00+00:00,116188.90,116229.90,116165.30,116204.10,216.234
2025-09-17T12:55:00+00:00,116204.10,116204.20,116150.00,116150.00,140.204
2025-09-17T13:00:00+00:00,116150.10,116150.10,116039.70,116119.50,535.397
2025-09-17T13:05:00+00:00,116119.50,116153.80,116085.60,116085.60,561.915
2025-09-17T13:10:00+00:00,116085.70,116097.50,116030.00,116072.60,301.395
2025-09-17T13:15:00+00:00,116072.60,116188.40,116057.80,116169.50,289.171
2025-09-17T13:20:00+00:00,116169.40,116287.80,116142.00,116252.30,425.983
2025-09-17T13:25:00+00:00,116252.30,116255.00,116180.00,116200.00,179.392
2025-09-17T13:30:00+00:00,116199.90,116255.40,116087.20,116140.80,487.210
2025-09-17T13:35:00+00:00,116140.90,116175.40,115909.30,116069.70,1220.391
2025-09-17T13:40:00+00:00,116069.70,116117.80,115901.40,115946.90,967.085
2025-09-17T13:45:00+00:00,115946.90,116056.90,115847.70,116056.90,904.722
2025-09-17T13:50:00+00:00,116056.80,116186.40,116005.90,116094.10,565.989
2025-09-17T13:55:00+00:00,116094.10,116137.20,116002.20,116066.90,464.448
2025-09-17T14:00:00+00:00,116067.10,116207.30,115967.00,116146.80,766.417
2025-09-17T14:05:00+00:00,116146.70,116191.00,116104.00,116133.90,304.596
2025-09-17T14:10:00+00:00,116134.00,116137.00,116020.80,116125.00,325.083
2025-09-17T14:15:00+00:00,116125.00,116136.00,115855.00,115874.90,421.619
2025-09-17T14:20:00+00:00,115874.80,115874.80,115707.90,115769.50,1691.654
2025-09-17T14:25:00+00:00,115769.50,115774.10,115555.00,115610.30,1353.352
2025-09-17T14:30:00+00:00,115610.30,115699.10,115340.00,115591.80,3152.013
2025-09-17T14:35:00+00:00,115591.80,115591.80,115451.10,115578.40,943.080
2025-09-17T14:40:00+00:00,115578.30,115621.60,115512.70,115542.40,543.709
2025-09-17T14:45:00+00:00,115542.40,115586.90,115484.70,115500.10,494.124
2025-09-17T14:50:00+00:00,115500.10,115614.60,115433.20,115614.60,494.912
2025-09-17T14:55:00+00:00,115614.60,115680.10,115554.10,115557.60,577.643
2025-09-17T15:00:00+00:00,115557.50,115595.20,115483.40,115580.00,378.431
2025-09-17T15:05:00+00:00,115580.10,115602.00,115511.00,115602.00,374.114
2025-09-17T15:10:00+00:00,115602.00,115743.60,115556.00,115722.00,492.649
2025-09-17T15:15:00+00:00,115722.00,115744.50,115681.80,115695.90,403.555
2025-09-17T15:20:00+00:00,115696.00,115696.00,115592.70,115625.30,350.031
2025-09-17T15:25:00+00:00,115625.40,115625.40,115587.30,115590.10,163.941
2025-09-17T15:30:00+00:00,115590.10,115786.00,115590.00,115757.30,860.208
2025-09-17T15:35:00+00:00,115757.40,115766.00,115664.20,115744.70,218.154
2025-09-17T15:40:00+00:00,115744.80,115783.40,115728.00,115778.50,291.169
2025-09-17T15:45:00+00:00,115778.40,115793.50,115693.10,115717.50,249.243
2025-09-17T15:50:00+00:00,115717.40,115781.10,115717.40,115762.20,228.698
2025-09-17T15:55:00+00:00,115762.10,115837.60,115751.60,115825.10,401.278
2025-09-17T16:00:00+00:00,115825.10,115825.10,115688.00,115689.60,292.777
2025-09-17T16:05:00+00:00,115689.70,115733.10,115600.00,115600.10,490.778
2025-09-17T16:10:00+00:00,115600.10,115600.10,115524.00,115524.10,396.084
2025-09-17T16:15:00+00:00,115524.10,115588.80,115500.10,115507.10,325.184
2025-09-17T16:20:00+00:00,115507.00,115594.80,115480.00,115550.10,277.658
2025-09-17T16:25:00+00:00,115550.10,115647.10,115550.00,115647.00,199.587
2025-09-17T16:30:00+00:00,115647.10,115647.10,115521.50,115521.60,397.720
2025-09-17T16:35:00+00:00,115521.60,115556.90,115470.40,115470.40,233.557
2025-09-17T16:40:00+00:00,115470.50,115495.10,115386.00,115421.20,786.123
2025-09-17T16:45:00+00:00,115421.20,115518.90,115325.50,115518.90,755.019
2025-09-17T16:50:00+00:00,115518.90,115658.00,115461.10,115628.90,948.373
2025-09-17T16:55:00+00:00,115628.90,115657.30,115589.20,115594.50,388.393
2025-09-17T17:00:00+00:00,115594.40,115760.00,115594.40,115751.40,881.844
2025-09-17T17:05:00+00:00,115751.40,115762.90,115665.10,115670.00,429.763
2025-09-17T17:10:00+00:00,115669.90,115670.00,115589.00,115626.70,204.341
2025-09-17T17:15:00+00:00,115626.70,115682.20,115589.00,115589.00,196.421
2025-09-17T17:20:00+00:00,115589.10,115623.60,115561.90,115595.00,166.276
2025-09-17T17:25:00+00:00,115594.90,115646.40,115525.10,115631.70,181.316
2025-09-17T17:30:00+00:00,115631.70,115717.50,115602.00,115695.10,291.667
2025-09-17T17:35:00+00:00,115695.10,115828.30,115691.60,115827.90,428.256
2025-09-17T17:40:00+00:00,115827.80,116251.00,115827.80,115979.30,2115.204
2025-09-17T17:45:00+00:00,115979.20,116010.70,115741.70,115935.60,1118.865
2025-09-17T17:50:00+00:00,115935.70,115963.20,115817.10,115963.20,513.169
2025-09-17T17:55:00+00:00,115963.20,116109.10,115400.00,115464.00,2338.658
2025-09-17T18:00:00+00:00,115476.90,116316.00,115424.00,116126.50,7960.836
2025-09-17T18:05:00+00:00,116126.50,116225.80,115754.90,115914.40,2796.591
2025-09-17T18:10:00+00:00,115914.40,115980.50,115359.00,115416.00,2732.652
2025-09-17T18:15:00+00:00,115416.00,115539.40,114820.00,115440.30,6189.505
2025-09-17T18:20:00+00:00,115440.30,115760.30,115207.20,115708.80,1658.286
2025-09-17T18:25:00+00:00,115708.90,115954.70,115634.60,115920.00,1358.597
2025-09-17T18:30:00+00:00,115920.00,115920.10,115278.60,115326.30,1730.233
2025-09-17T18:35:00+00:00,115326.30,115517.20,115151.90,115152.00,1537.327
2025-09-17T18:40:00+00:00,115152.00,115333.00,114811.20,114848.40,1960.315
2025-09-17T18:45:00+00:00,114848.40,115405.40,114623.30,115163.90,4190.162
2025-09-17T18:50:00+00:00,115164.00,115164.00,114750.00,114899.00,2304.234
2025-09-17T18:55:00+00:00,114899.00,115200.00,114860.50,115184.10,1298.717
2025-09-17T19:00:00+00:00,115184.10,115452.90,115026.70,115452.90,2165.086
2025-09-17T19:05:00+00:00,115452.80,115802.70,115408.30,115800.00,2541.910
2025-09-17T19:10:00+00:00,115800.00,115833.00,115392.50,115456.00,1112.806
2025-09-17T19:15:00+00:00,115456.10,115672.00,115374.60,115462.40,901.064
2025-09-17T19:20:00+00:00,115462.40,115748.70,115435.00,115721.30,403.264
2025-09-17T19:25:00+00:00,115721.30,115950.00,115657.80,115692.70,2162.571
2025-09-17T19:30:00+00:00,115692.70,115692.70,115525.20,115620.00,530.471
2025-09-17T19:35:00+00:00,115620.00,115739.80,115549.70,115549.70,342.454
2025-09-17T19:40:00+00:00,115549.80,115780.80,115542.10,115687.80,468.325
2025-09-17T19:45:00+00:00,115687.80,115687.80,115526.60,115640.70,215.105
2025-09-17T19:50:00+00:00,115640.70,115708.10,115538.40,115667.10,372.699
2025-09-17T19:55:00+00:00,115667.10,115736.70,115553.50,115587.60,295.199
2025-09-17T20:00:00+00:00,115587.50,115700.00,115551.00,115686.30,333.724
2025-09-17T20:05:00+00:00,115686.40,116008.10,115626.50,115986.70,992.472
2025-09-17T20:10:00+00:00,115986.70,116084.10,115944.30,115986.30,418.049
2025-09-17T20:15:00+00:00,115986.30,115986.30,115730.70,115877.90,735.186
2025-09-17T20:20:00+00:00,115877.90,115878.00,115759.10,115785.90,214.271
2025-09-17T20:25:00+00:00,115786.00,115786.00,115651.10,115754.30,209.429
2025-09-17T20:30:00+00:00,115754.30,115847.60,115677.60,115842.40,218.566
2025-09-17T20:35:00+00:00,115842.20,115842.20,115628.30,115646.00,146.836
2025-09-17T20:40:00+00:00,115646.00,115650.00,115615.40,115645.90,191.449
2025-09-17T20:45:00+00:00,115645.90,115720.20,115592.30,115592.30,144.270
2025-09-17T20:50:00+00:00,115592.30,115653.60,115497.80,115497.90,209.841
2025-09-17T20:55:00+00:00,115497.80,115573.70,115430.90,115561.50,579.442
2025-09-17T21:00:00+00:00,115561.50,115561.50,115311.00,115337.30,622.209
2025-09-17T21:05:00+00:00,115337.30,115369.90,115257.10,115369.90,355.577
2025-09-17T21:10:00+00:00,115369.90,115752.00,115369.80,115730.40,349.337
2025-09-17T21:15:00+00:00,115730.40,115784.00,115628.20,115733.70,381.673
2025-09-17T21:20:00+00:00,115733.70,115756.50,115700.00,115756.40,92.628
2025-09-17T21:25:00+00:00,115756.40,115852.30,115740.10,115740.20,204.498
2025-09-17T21:30:00+00:00,115740.20,115814.50,115700.00,115715.60,247.049
2025-09-17T21:35:00+00:00,115715.60,115821.70,115715.50,115821.70,59.762
2025-09-17T21:40:00+00:00,115821.70,115919.90,115821.70,115901.20,141.310
2025-09-17T21:45:00+00:00,115901.20,116041.30,115901.20,116025.20,285.526
2025-09-17T21:50:00+00:00,116025.20,116077.70,115840.20,115934.10,268.484
2025-09-17T21:55:00+00:00,115934.00,116000.00,115934.00,115986.80,104.801
2025-09-17T22:00:00+00:00,115986.80,116153.80,115974.60,116130.80,577.877
2025-09-17T22:05:00+00:00,116130.70,116150.50,116050.00,116074.60,344.946
2025-09-17T22:10:00+00:00,116074.50,116229.80,116070.20,116204.40,419.876
2025-09-17T22:15:00+00:00,116204.30,116310.70,116099.90,116138.20,784.457
2025-09-17T22:20:00+00:00,116138.30,116152.90,116089.20,116089.20,222.062
2025-09-17T22:25:00+00:00,116089.20,116199.90,116074.50,116162.50,315.837
2025-09-17T22:30:00+00:00,116162.40,116249.00,116132.00,116220.20,253.675
2025-09-17T22:35:00+00:00,116220.20,116294.00,116220.20,116288.70,155.892
2025-09-17T22:40:00+00:00,116288.70,116338.00,116218.70,116285.10,424.908
2025-09-17T22:45:00+00:00,116285.00,116311.70,116224.10,116307.30,214.023
2025-09-17T22:50:00+00:00,116307.30,116633.10,116307.30,116633.00,2487.060
2025-09-17T22:55:00+00:00,116633.00,116772.00,116492.30,116507.90,1522.587
2025-09-17T23:00:00+00:00,116508.00,116832.90,116507.90,116745.00,1528.138
2025-09-17T23:05:00+00:00,116745.00,116940.00,116745.00,116912.70,1087.237
2025-09-17T23:10:00+00:00,116912.60,116940.00,116712.10,116761.00,850.965
2025-09-17T23:15:00+00:00,116761.10,116832.60,116571.00,116638.90,665.184
2025-09-17T23:20:00+00:00,116639.00,116664.40,116503.70,116651.70,363.801
2025-09-17T23:25:00+00:00,116651.70,116688.00,116450.00,116504.00,425.791
2025-09-17T23:30:00+00:00,116504.00,116615.20,116504.00,116569.00,226.001
2025-09-17T23:35:00+00:00,116568.90,116594.70,116450.00,116450.00,237.331
2025-09-17T23:40:00+00:00,116450.10,116450.10,116253.50,116338.80,785.634
2025-09-17T23:45:00+00:00,116338.70,116491.70,116338.70,116490.30,206.478
2025-09-17T23:50:00+00:00,116490.40,116490.40,116400.00,116405.90,147.116
2025-09-17T23:55:00+00:00,116405.90,116407.70,116337.70,116402.50,478.830
2025-09-18T00:00:00+00:00,116402.60,116431.60,116268.00,116288.80,560.182
2025-09-18T00:05:00+00:00,116288.80,116350.00,116265.10,116289.70,304.632
2025-09-18T00:10:00+00:00,116289.60,116289.70,116156.20,116232.50,541.086
2025-09-18T00:15:00+00:00,116232.50,116293.20,116207.00,116222.60,214.424
2025-09-18T00:20:00+00:00,116222.60,116325.40,116033.50,116117.00,599.040
2025-09-18T00:25:00+00:00,116117.00,116200.10,116057.80,116133.30,560.769
2025-09-18T00:30:00+00:00,116133.30,116243.70,116133.10,116234.70,259.313
2025-09-18T00:35:00+00:00,116234.70,116362.40,116175.80,116362.40,200.322
2025-09-18T00:40:00+00:00,116362.30,116410.70,116332.00,116332.10,212.374
2025-09-18T00:45:00+00:00,116332.00,116388.10,116300.00,116379.60,294.828
2025-09-18T00:50:00+00:00,116379.60,116388.10,116234.50,116242.80,279.294
2025-09-18T00:55:00+00:00,116242.80,116318.40,116202.80,116291.80,193.651
2025-09-18T01:00:00+00:00,116291.90,116373.30,116281.70,116373.30,177.005
2025-09-18T01:05:00+00:00,116373.30,116513.90,116373.20,116486.90,341.253
2025-09-18T01:10:00+00:00,116486.80,116580.00,116478.00,116554.10,263.010
2025-09-18T01:15:00+00:00,116554.00,116554.10,116422.60,116510.50,320.742
2025-09-18T01:20:00+00:00,116510.40,116610.40,116460.20,116602.30,210.909
2025-09-18T01:25:00+00:00,116602.30,116622.00,116503.00,116509.10,335.904
2025-09-18T01:30:00+00:00,116509.10,116531.90,116390.30,116497.70,403.501
2025-09-18T01:35:00+00:00,116497.60,116633.10,116474.90,116616.10,181.540
2025-09-18T01:40:00+00:00,116616.10,116830.60,116602.10,116783.60,665.099
2025-09-18T01:45:00+00:00,116783.60,116828.50,116659.10,116659.20,660.452
2025-09-18T01:50:00+00:00,116659.20,116683.20,116608.90,116664.00,292.730
2025-09-18T01:55:00+00:00,116664.00,116712.90,116579.80,116587.20,313.927
2025-09-18T02:00:00+00:00,116587.20,116633.10,116527.70,116633.10,239.841
2025-09-18T02:05:00+00:00,116633.10,116633.10,116497.60,116497.60,257.649
2025-09-18T02:10:00+00:00,116497.60,116634.20,116480.90,116591.10,418.258
2025-09-18T02:15:00+00:00,116591.10,116664.10,116584.60,116593.60,178.817
2025-09-18T02:20:00+00:00,116593.60,116614.60,116431.90,116445.20,404.652
2025-09-18T02:25:00+00:00,116445.20,116456.50,116376.00,116442.10,223.720
2025-09-18T02:30:00+00:00,116442.10,116500.00,116440.60,116444.30,95.858
2025-09-18T02:35:00+00:00,116444.30,116538.90,116444.30,116529.90,120.972
2025-09-18T02:40:00+00:00,116529.90,116587.00,116529.90,116575.30,103.887
2025-09-18T02:45:00+00:00,116575.20,116627.90,116575.20,116627.90,102.636
2025-09-18T02:50:00+00:00,116627.90,116887.90,116627.90,116788.30,811.117
2025-09-18T02:55:00+00:00,116788.30,116907.10,116788.30,116888.40,453.924
2025-09-18T03:00:00+00:00,116888.40,117106.00,116838.40,117057.50,2134.388
2025-09-18T03:05:00+00:00,117057.40,117373.60,117057.40,117277.20,3161.465
2025-09-18T03:10:00+00:00,117277.20,117549.80,117191.10,117397.90,3282.562
2025-09-18T03:15:00+00:00,117397.80,117644.90,117397.80,117580.90,2048.508
2025-09-18T03:20:00+00:00,117581.00,117773.90,117562.70,117677.20,1522.042
2025-09-18T03:25:00+00:00,117677.10,117748.00,117570.80,117712.90,808.882
2025-09-18T03:30:00+00:00,117712.80,117800.00,117556.80,117580.70,1206.917
2025-09-18T03:35:00+00:00,117580.60,117787.70,117580.60,117749.20,612.471
2025-09-18T03:40:00+00:00,117749.20,117865.90,117607.70,117637.80,1205.635
2025-09-18T03:45:00+00:00,117637.80,117712.80,117530.00,117665.20,780.111
2025-09-18T03:50:00+00:00,117665.20,117705.60,117602.40,117660.00,625.348
2025-09-18T03:55:00+00:00,117660.00,117734.90,117468.00,117531.20,1158.948
2025-09-18T04:00:00+00:00,117531.30,117713.50,117531.20,117619.90,855.590
2025-09-18T04:05:00+00:00,117620.00,117635.60,117559.80,117603.90,219.179
2025-09-18T04:10:00+00:00,117603.90,117677.40,117603.20,117612.40,226.123
2025-09-18T04:15:00+00:00,117612.40,117707.60,117603.80,117647.60,284.455
2025-09-18T04:20:00+00:00,117647.50,117647.60,117320.00,117409.50,1120.121
2025-09-18T04:25:00+00:00,117409.50,117409.60,117297.00,117330.10,904.190
2025-09-18T04:30:00+00:00,117330.20,117409.50,117296.50,117296.50,538.456
2025-09-18T04:35:00+00:00,117296.60,117306.20,117169.20,117236.30,727.871
2025-09-18T04:40:00+00:00,117236.40,117410.00,117236.30,117374.90,666.455
2025-09-18T04:45:00+00:00,117374.90,117471.40,117370.00,117457.90,274.365
2025-09-18T04:50:00+00:00,117457.80,117471.40,117436.10,117456.70,319.132
2025-09-18T04:55:00+00:00,117456.80,117567.40,117456.70,117567.30,526.907
2025-09-18T05:00:00+00:00,117567.30,117567.40,117385.20,117385.30,329.412
2025-09-18T05:05:00+00:00,117385.20,117450.00,117385.20,117410.00,131.261
2025-09-18T05:10:00+00:00,117409.90,117430.00,117370.00,117406.60,194.471
2025-09-18T05:15:00+00:00,117406.60,117458.80,117327.10,117336.40,254.524
2025-09-18T05:20:00+00:00,117336.40,117347.90,117277.00,117305.20,286.149
2025-09-18T05:25:00+00:00,117305.30,117305.30,117180.00,117204.00,301.663
2025-09-18T05:30:00+00:00,117204.10,117280.30,117171.50,117197.70,269.517
2025-09-18T05:35:00+00:00,117197.90,117269.40,117166.90,117166.90,197.842
2025-09-18T05:40:00+00:00,117167.00,117235.00,117151.40,117183.90,155.622
2025-09-18T05:45:00+00:00,117184.00,117260.10,117173.70,117228.10,246.692
2025-09-18T05:50:00+00:00,117228.00,117228.10,117153.80,117156.80,296.438
2025-09-18T05:55:00+00:00,117156.80,117228.10,117136.00,117228.00,152.479
2025-09-18T06:00:00+00:00,117228.10,117289.10,117159.00,117218.10,332.902
2025-09-18T06:05:00+00:00,117218.10,117218.20,117140.80,117154.80,298.048
2025-09-18T06:10:00+00:00,117154.80,117154.80,116915.40,117024.20,1616.984
2025-09-18T06:15:00+00:00,117024.20,117116.90,117000.90,117011.10,330.930
2025-09-18T06:20:00+00:00,117011.10,117090.10,116980.00,117037.10,289.497
2025-09-18T06:25:00+00:00,117037.10,117053.20,116858.00,116907.00,667.879
2025-09-18T06:30:00+00:00,116906.90,116957.00,116834.50,116957.00,343.099
2025-09-18T06:35:00+00:00,116957.00,117000.00,116918.60,116918.60,250.036
2025-09-18T06:40:00+00:00,116918.70,117018.00,116918.70,117013.50,208.010
2025-09-18T06:45:00+00:00,117013.50,117062.30,117008.90,117046.80,237.634
2025-09-18T06:50:00+00:00,117046.80,117046.90,116888.80,116927.90,259.183
2025-09-18T06:55:00+00:00,116927.90,117069.90,116906.70,117044.80,461.089
2025-09-18T07:00:00+00:00,117044.80,117165.50,117005.00,117109.00,476.215
2025-09-18T07:05:00+00:00,117109.00,117153.50,117069.10,117069.20,295.555
2025-09-18T07:10:00+00:00,117069.10,117143.50,117069.10,117103.40,198.459
2025-09-18T07:15:00+00:00,117103.40,117150.00,117092.40,117149.90,210.626
2025-09-18T07:20:00+00:00,117149.90,117149.90,117021.20,117040.50,141.660
2025-09-18T07:25:00+00:00,117040.50,117040.60,117013.90,117037.70,100.165
2025-09-18T07:30:00+00:00,117037.80,117120.40,117037.70,117100.80,212.290
2025-09-18T07:35:00+00:00,117100.80,117100.90,117051.20,117098.30,166.952
2025-09-18T07:40:00+00:00,117098.20,117150.00,117098.20,117150.00,214.232
2025-09-18T07:45:00+00:00,117149.90,117153.80,117071.50,117153.80,232.907
2025-09-18T07:50:00+00:00,117153.70,117153.80,117054.00,117056.20,193.242
2025-09-18T07:55:00+00:00,117056.10,117056.20,117000.00,117033.60,134.415
2025-09-18T08:00:00+00:00,117033.70,117076.40,117001.80,117015.50,162.371
2025-09-18T08:05:00+00:00,117015.60,117040.80,116960.30,116979.00,170.926
2025-09-18T08:10:00+00:00,116979.10,117200.00,116976.40,117181.30,623.013
2025-09-18T08:15:00+00:00,117181.20,117244.00,117141.20,117236.60,533.322
2025-09-18T08:20:00+00:00,117236.60,117381.90,117227.20,117370.00,545.505
2025-09-18T08:25:00+00:00,117370.00,117370.10,117236.60,117266.20,324.983
2025-09-18T08:30:00+00:00,117266.20,117266.30,117192.70,117237.60,120.853
2025-09-18T08:35:00+00:00,117237.70,117314.10,117237.60,117275.50,228.621
2025-09-18T08:40:00+00:00,117275.50,117275.50,117126.10,117141.20,247.343
2025-09-18T08:45:00+00:00,117141.10,117154.90,117023.60,117154.80,267.157
2025-09-18T08:50:00+00:00,117154.80,117211.90,117123.10,117211.90,115.773
2025-09-18T08:55:00+00:00,117211.90,117211.90,117148.70,117187.10,92.362
2025-09-18T09:00:00+00:00,117187.10,117187.10,117100.00,117137.90,119.299
2025-09-18T09:05:00+00:00,117137.90,117180.00,117084.80,117168.60,125.960
2025-09-18T09:10:00+00:00,117168.60,117277.90,117165.00,117200.00,451.490
2025-09-18T09:15:00+00:00,117200.10,117272.50,117200.00,117253.00,111.487
2025-09-18T09:20:00+00:00,117253.00,117309.90,117227.60,117264.60,130.159
2025-09-18T09:25:00+00:00,117264.50,117264.60,117200.00,117202.50,117.043
2025-09-18T09:30:00+00:00,117202.40,117218.20,117153.70,117153.80,100.786
2025-09-18T09:35:00+00:00,117153.70,117185.10,117065.00,117100.00,475.744
2025-09-18T09:40:00+00:00,117100.00,117165.60,117094.70,117130.20,120.269
2025-09-18T09:45:00+00:00,117130.10,117230.70,117130.10,117219.80,205.497
2025-09-18T09:50:00+00:00,117219.80,117280.00,117219.80,117253.60,157.355
2025-09-18T09:55:00+00:00,117253.60,117253.60,117210.00,117251.40,69.428
2025-09-18T10:00:00+00:00,117251.40,117259.80,117222.00,117229.70,98.640
2025-09-18T10:05:00+00:00,117229.60,117260.40,117198.20,117198.60,215.880
2025-09-18T10:10:00+00:00,117198.60,117218.30,117160.00,117209.30,133.188
2025-09-18T10:15:00+00:00,117209.30,117244.80,117180.40,117244.80,151.823
2025-09-18T10:20:00+00:00,117244.80,117244.80,117200.00,117235.10,94.150
2025-09-18T10:25:00+00:00,117235.10,117235.20,117078.00,117078.00,286.689
2025-09-18T10:30:00+00:00,117078.10,117127.50,117050.00,117087.70,215.934
2025-09-18T10:35:00+00:00,117087.60,117115.70,117060.90,117066.40,156.195
2025-09-18T10:40:00+00:00,117066.40,117066.50,117039.00,117049.90,120.264
2025-09-18T10:45:00+00:00,117049.90,117079.60,117025.80,117059.40,139.399
2025-09-18T10:50:00+00:00,117059.40,117072.00,117030.00,117042.00,86.420
2025-09-18T10:55:00+00:00,117042.00,117143.60,117037.60,117143.40,254.177
2025-09-18T11:00:00+00:00,117143.50,117248.10,117143.40,117233.30,184.903
2025-09-18T11:05:00+00:00,117233.30,117233.40,117136.00,117136.10,121.172
2025-09-18T11:10:00+00:00,117136.00,117152.60,117073.00,117126.80,167.704
2025-09-18T11:15:00+00:00,117126.90,117228.80,117126.80,117228.80,142.941
2025-09-18T11:20:00+00:00,117228.80,117263.90,117200.00,117232.90,733.803
2025-09-18T11:25:00+00:00,117232.80,117232.90,117170.70,117191.50,94.378
2025-09-18T11:30:00+00:00,117191.50,117219.10,117185.00,117188.70,86.209
2025-09-18T11:35:00+00:00,117188.70,117200.00,117065.20,117123.00,127.232
2025-09-18T11:40:00+00:00,117122.90,117131.10,117055.00,117088.00,98.380
2025-09-18T11:45:00+00:00,117088.00,117088.00,117001.10,117008.40,213.083
2025-09-18T11:50:00+00:00,117008.40,117052.70,116955.00,117013.60,342.829
2025-09-18T11:55:00+00:00,117013.60,117027.10,116977.00,117015.00,175.665
2025-09-18T12:00:00+00:00,117015.00,117030.00,116956.30,116976.10,170.586
2025-09-18T12:05:00+00:00,116976.20,117055.90,116970.00,116990.10,328.358
2025-09-18T12:10:00+00:00,116990.10,117215.90,116920.10,117192.90,851.400
2025-09-18T12:15:00+00:00,117192.90,117230.70,117110.70,117160.00,356.060
2025-09-18T12:20:00+00:00,117159.90,117233.70,117159.90,117233.70,164.531
2025-09-18T12:25:00+00:00,117233.70,117239.80,117183.50,117191.40,138.934
2025-09-18T12:30:00+00:00,117191.40,117221.70,117007.00,117017.90,446.694
2025-09-18T12:35:00+00:00,117018.00,117159.30,117014.20,117159.20,253.536
2025-09-18T12:40:00+00:00,117159.30,117180.70,117148.90,117151.40,113.917
2025-09-18T12:45:00+00:00,117151.40,117160.20,117069.70,117110.00,138.630
2025-09-18T12:50:00+00:00,117110.00,117110.10,117002.20,117094.80,173.818
2025-09-18T12:55:00+00:00,117094.80,117129.00,117066.00,117074.00,100.160
2025-09-18T13:00:00+00:00,117074.00,117080.80,117002.10,117013.20,139.204
2025-09-18T13:05:00+00:00,117013.30,117255.50,117013.20,117249.90,269.439
2025-09-18T13:10:00+00:00,117250.00,117329.50,117227.30,117328.50,301.864
2025-09-18T13:15:00+00:00,117328.60,117372.00,117282.90,117347.90,362.345
2025-09-18T13:20:00+00:00,117347.90,117387.10,117341.90,117371.00,294.922
2025-09-18T13:25:00+00:00,117371.00,117417.00,117356.60,117378.90,481.904
2025-09-18T13:30:00+00:00,117378.80,117483.20,117254.30,117469.90,712.460
2025-09-18T13:35:00+00:00,117469.90,117600.00,117454.30,117494.40,1048.734
2025-09-18T13:40:00+00:00,117494.40,117567.00,117108.10,117122.80,876.710
2025-09-18T13:45:00+00:00,117122.80,117250.00,116913.90,117247.90,1227.143
2025-09-18T13:50:00+00:00,117248.00,117402.50,117159.70,117185.10,419.614
2025-09-18T13:55:00+00:00,117185.00,117408.40,117067.00,117381.50,703.489
2025-09-18T14:00:00+00:00,117381.50,117526.40,117340.20,117480.60,1061.653
2025-09-18T14:05:00+00:00,117480.50,117600.00,117452.60,117498.00,785.568
2025-09-18T14:10:00+00:00,117498.00,117570.00,117481.20,117481.20,362.856
2025-09-18T14:15:00+00:00,117481.20,117671.00,117433.20,117671.00,747.038
2025-09-18T14:20:00+00:00,117670.90,117789.80,117670.90,117731.00,1153.664
2025-09-18T14:25:00+00:00,117731.10,117789.90,117634.30,117638.90,504.868
2025-09-18T14:30:00+00:00,117638.90,117743.20,117600.30,117600.40,756.197
2025-09-18T14:35:00+00:00,117600.40,117631.30,117549.90,117580.60,308.495
2025-09-18T14:40:00+00:00,117580.70,117766.80,117580.60,117713.40,657.209
2025-09-18T14:45:00+00:00,117713.30,117721.20,117626.50,117640.30,264.096
2025-09-18T14:50:00+00:00,117640.30,117689.00,117582.00,117600.10,351.341
2025-09-18T14:55:00+00:00,117600.00,117679.70,117575.00,117575.10,237.832
2025-09-18T15:00:00+00:00,117575.10,117600.00,117537.50,117537.70,392.771
2025-09-18T15:05:00+00:00,117537.70,117625.00,117500.20,117561.70,361.399
2025-09-18T15:10:00+00:00,117561.70,117575.80,117351.20,117361.60,733.874
2025-09-18T15:15:00+00:00,117361.60,117457.80,117261.00,117454.70,578.081
2025-09-18T15:20:00+00:00,117454.80,117536.80,117400.00,117449.80,275.219
2025-09-18T15:25:00+00:00,117449.80,117456.00,117279.90,117279.90,144.521
2025-09-18T15:30:00+00:00,117280.00,117390.00,117280.00,117314.40,206.603
2025-09-18T15:35:00+00:00,117314.40,117388.00,117301.20,117382.90,215.799
2025-09-18T15:40:00+00:00,117382.90,117431.50,117361.00,117386.60,201.447
2025-09-18T15:45:00+00:00,117386.70,117618.10,117386.70,117607.00,436.491
2025-09-18T15:50:00+00:00,117607.10,117619.00,117379.60,117540.00,748.930
2025-09-18T15:55:00+00:00,117539.90,117656.00,117508.90,117530.30,537.165
2025-09-18T16:00:00+00:00,117530.20,117633.70,117530.20,117608.40,274.617
2025-09-18T16:05:00+00:00,117608.30,117630.80,117446.20,117507.30,363.696
2025-09-18T16:10:00+00:00,117507.30,117650.00,117444.00,117644.00,231.139
2025-09-18T16:15:00+00:00,117644.00,117708.30,117624.50,117704.90,423.001
2025-09-18T16:20:00+00:00,117705.00,117750.00,117640.30,117669.80,346.980
2025-09-18T16:25:00+00:00,117669.70,117687.50,117618.30,117653.40,143.668
2025-09-18T16:30:00+00:00,117653.50,117671.10,117538.40,117546.10,246.238
2025-09-18T16:35:00+00:00,117546.20,117666.60,117502.50,117656.20,201.132
2025-09-18T16:40:00+00:00,117656.20,117728.00,117600.50,117700.10,248.837
2025-09-18T16:45:00+00:00,117700.00,117735.30,117562.40,117602.20,223.023
2025-09-18T16:50:00+00:00,117602.10,117602.20,117523.80,117557.70,178.175
2025-09-18T16:55:00+00:00,117557.60,117587.80,117482.40,117510.60,269.337
2025-09-18T17:00:00+00:00,117510.60,117562.60,117450.00,117450.00,198.614
2025-09-18T17:05:00+00:00,117450.10,117543.30,117441.90,117529.00,258.861
2025-09-18T17:10:00+00:00,117529.00,117729.60,117515.50,117617.00,679.597
2025-09-18T17:15:00+00:00,117617.10,117672.40,117610.70,117610.80,133.930
2025-09-18T17:20:00+00:00,117610.80,117694.70,117550.20,117562.00,151.266
2025-09-18T17:25:00+00:00,117562.10,117562.10,117455.60,117497.40,212.225
2025-09-18T17:30:00+00:00,117497.40,117590.20,117470.50,117486.20,154.808
2025-09-18T17:35:00+00:00,117486.20,117486.30,117377.10,117396.10,185.470
2025-09-18T17:40:00+00:00,117396.00,117468.00,117365.00,117433.50,178.266
2025-09-18T17:45:00+00:00,117433.60,117500.00,117414.70,117467.90,135.390
2025-09-18T17:50:00+00:00,117467.90,117532.70,117450.00,117512.40,135.875
2025-09-18T17:55:00+00:00,117512.40,117530.30,117455.00,117530.20,83.046
2025-09-18T18:00:00+00:00,117530.20,117530.30,117450.00,117492.70,135.466
2025-09-18T18:05:00+00:00,117492.70,117699.00,117492.70,117679.90,278.965
2025-09-18T18:10:00+00:00,117679.90,117777.00,117642.10,117777.00,564.836
2025-09-18T18:15:00+00:00,117776.90,117875.20,117722.50,117722.50,825.036
2025-09-18T18:20:00+00:00,117722.60,117777.00,117679.30,117692.30,224.320
2025-09-18T18:25:00+00:00,117692.30,117799.50,117679.10,117745.20,218.095
2025-09-18T18:30:00+00:00,117745.30,117752.00,117691.90,117726.60,225.573
2025-09-18T18:35:00+00:00,117726.60,117747.40,117642.20,117644.90,159.020
2025-09-18T18:40:00+00:00,117644.90,117749.10,117635.00,117749.10,190.813
2025-09-18T18:45:00+00:00,117749.00,117830.00,117749.00,117812.70,203.233
2025-09-18T18:50:00+00:00,117812.70,117820.00,117756.10,117769.00,155.406
2025-09-18T18:55:00+00:00,117769.10,117792.90,117760.00,117760.00,177.861
2025-09-18T19:00:00+00:00,117760.00,117760.10,117652.90,117652.90,172.810
2025-09-18T19:05:00+00:00,117652.90,117742.80,117652.90,117742.70,158.929
2025-09-18T19:10:00+00:00,117742.70,117746.60,117664.30,117664.30,126.531
2025-09-18T19:15:00+00:00,117664.30,117664.30,117554.60,117596.50,284.564
2025-09-18T19:20:00+00:00,117596.40,117596.50,117520.00,117520.10,142.382
2025-09-18T19:25:00+00:00,117520.10,117583.90,117400.00,117401.80,372.485
2025-09-18T19:30:00+00:00,117401.80,117432.90,117250.00,117250.10,585.085
2025-09-18T19:35:00+00:00,117250.00,117302.70,117133.00,117288.50,605.450
2025-09-18T19:40:00+00:00,117288.50,117327.70,117203.10,117237.40,240.662
2025-09-18T19:45:00+00:00,117237.40,117237.40,117141.80,117226.20,220.667
2025-09-18T19:50:00+00:00,117226.20,117309.10,117215.00,117294.20,266.158
2025-09-18T19:55:00+00:00,117294.30,117448.00,117255.90,117403.00,265.482
2025-09-18T20:00:00+00:00,117402.90,117430.20,117315.90,117316.00,305.194
2025-09-18T20:05:00+00:00,117315.90,117467.40,117279.80,117467.30,191.011
2025-09-18T20:10:00+00:00,117467.30,117467.40,117378.20,117392.30,90.702
2025-09-18T20:15:00+00:00,117392.20,117414.80,117301.20,117374.60,142.774
2025-09-18T20:20:00+00:00,117374.60,117437.70,117374.20,117405.60,87.002
2025-09-18T20:25:00+00:00,117405.50,117461.00,117405.50,117440.90,95.498
2025-09-18T20:30:00+00:00,117441.00,117523.80,117441.00,117486.20,160.435
2025-09-18T20:35:00+00:00,117486.20,117594.50,117470.00,117571.10,168.013
2025-09-18T20:40:00+00:00,117571.10,117605.80,117571.10,117599.70,114.634
2025-09-18T20:45:00+00:00,117599.70,117605.70,117571.20,117579.20,70.218
2025-09-18T20:50:00+00:00,117579.20,117579.30,117479.70,117493.90,152.384
2025-09-18T20:55:00+00:00,117493.80,117513.50,117454.80,117454.80,220.708
2025-09-18T21:00:00+00:00,117454.80,117454.80,117350.00,117380.10,183.145
2025-09-18T21:05:00+00:00,117380.10,117380.10,117299.00,117322.30,153.685
2025-09-18T21:10:00+00:00,117322.40,117330.60,117277.70,117277.70,70.382
2025-09-18T21:15:00+00:00,117277.70,117339.60,117259.90,117322.70,127.992
2025-09-18T21:20:00+00:00,117322.70,117355.60,117292.00,117292.00,87.711
2025-09-18T21:25:00+00:00,117292.10,117384.80,117292.00,117384.70,48.545
2025-09-18T21:30:00+00:00,117384.70,117394.30,117360.30,117373.20,65.604
2025-09-18T21:35:00+00:00,117373.20,117417.00,117373.20,117378.50,41.365
2025-09-18T21:40:00+00:00,117378.50,117378.60,117309.60,117309.70,84.666
2025-09-18T21:45:00+00:00,117309.60,117372.20,117309.60,117372.10,38.783
2025-09-18T21:50:00+00:00,117372.10,117378.50,117321.60,117327.50,37.138
2025-09-18T21:55:00+00:00,117327.60,117327.60,117233.00,117233.00,122.447
2025-09-18T22:00:00+00:00,117233.10,117243.50,117175.90,117184.40,249.667
2025-09-18T22:05:00+00:00,117184.50,117216.60,117177.30,117180.00,130.112
2025-09-18T22:10:00+00:00,117180.00,117206.10,117152.90,117152.90,143.359
2025-09-18T22:15:00+00:00,117153.00,117219.60,117140.00,117219.60,169.879
2025-09-18T22:20:00+00:00,117219.60,117251.40,117219.50,117242.00,124.504
2025-09-18T22:25:00+00:00,117242.00,117242.00,117202.30,117203.20,176.061
2025-09-18T22:30:00+00:00,117203.10,117203.20,117188.50,117195.60,107.830
2025-09-18T22:35:00+00:00,117195.60,117240.00,117195.50,117239.90,128.251
2025-09-18T22:40:00+00:00,117239.90,117275.70,117239.90,117241.00,122.798
2025-09-18T22:45:00+00:00,117240.90,117241.00,117203.00,117222.10,113.340
2025-09-18T22:50:00+00:00,117222.10,117222.20,117025.00,117049.90,1008.695
2025-09-18T22:55:00+00:00,117050.00,117105.20,116961.10,116995.00,1344.827
2025-09-18T23:00:00+00:00,116995.00,116995.00,116489.70,116665.70,4359.016
2025-09-18T23:05:00+00:00,116665.70,116727.80,116618.60,116727.80,541.407
2025-09-18T23:10:00+00:00,116727.80,116771.00,116704.30,116715.40,288.753
2025-09-18T23:15:00+00:00,116715.50,116715.50,116582.60,116688.20,544.707
2025-09-18T23:20:00+00:00,116688.20,116744.40,116680.80,116691.80,207.009
2025-09-18T23:25:00+00:00,116691.90,116778.00,116683.60,116766.00,442.244
2025-09-18T23:30:00+00:00,116766.00,116871.00,116765.90,116871.00,320.921
2025-09-18T23:35:00+00:00,116871.00,116937.10,116860.00,116936.10,356.116
2025-09-18T23:40:00+00:00,116936.10,116978.00,116918.60,116927.50,295.296
2025-09-18T23:45:00+00:00,116927.50,117089.10,116914.40,117007.40,463.640
2025-09-18T23:50:00+00:00,117007.40,117125.00,116973.00,117043.60,271.709
2025-09-18T23:55:00+00:00,117043.60,117077.90,117017.10,117017.10,137.629
2025-09-19T00:00:00+00:00,117017.10,117100.00,117010.80,117043.40,360.735
2025-09-19T00:05:00+00:00,117043.50,117090.60,117026.00,117047.50,178.950
2025-09-19T00:10:00+00:00,117047.40,117047.50,116960.80,117013.20,184.454
2025-09-19T00:15:00+00:00,117013.20,117280.20,117009.40,117100.00,589.513
2025-09-19T00:20:00+00:00,117100.00,117267.00,117098.40,117170.20,450.733
2025-09-19T00:25:00+00:00,117170.20,117220.40,117155.50,117173.50,200.056
2025-09-19T00:30:00+00:00,117173.50,117231.80,117158.20,117223.80,92.695
2025-09-19T00:35:00+00:00,117223.80,117316.00,117223.80,117288.10,198.154
2025-09-19T00:40:00+00:00,117288.00,117333.00,117250.30,117333.00,185.827
2025-09-19T00:45:00+00:00,117332.90,117375.10,117275.20,117295.50,430.220
2025-09-19T00:50:00+00:00,117295.60,117350.00,117270.70,117309.90,119.356
2025-09-19T00:55:00+00:00,117310.00,117364.50,117298.80,117359.90,208.059
2025-09-19T01:00:00+00:00,117360.00,117406.80,117325.00,117396.50,258.555
2025-09-19T01:05:00+00:00,117396.50,117396.60,117255.00,117259.30,164.660
2025-09-19T01:10:00+00:00,117259.30,117270.40,117190.00,117220.50,328.908
2025-09-19T01:15:00+00:00,117220.40,117299.90,117157.70,117299.90,161.451
2025-09-19T01:20:00+00:00,117299.90,117328.90,117241.40,117275.00,140.290
2025-09-19T01:25:00+00:00,117275.10,117298.10,117243.10,117290.30,120.789
2025-09-19T01:30:00+00:00,117290.30,117337.20,117207.50,117217.20,100.131
2025-09-19T01:35:00+00:00,117217.10,117241.80,117174.00,117174.00,133.855
2025-09-19T01:40:00+00:00,117174.10,117174.10,117058.00,117058.00,490.454
2025-09-19T01:45:00+00:00,117058.00,117103.90,117054.10,117078.50,217.702
2025-09-19T01:50:00+00:00,117078.50,117149.80,117073.10,117149.70,79.334
2025-09-19T01:55:00+00:00,117149.80,117214.90,117134.10,117184.00,154.367
2025-09-19T02:00:00+00:00,117184.00,117234.50,117130.00,117230.00,171.479
2025-09-19T02:05:00+00:00,117230.00,117234.40,117119.50,117119.50,122.046
2025-09-19T02:10:00+00:00,117119.60,117124.80,116990.80,116999.10,175.696
2025-09-19T02:15:00+00:00,116999.00,117076.80,116990.90,117045.00,144.711
2025-09-19T02:20:00+00:00,117045.00,117045.00,116990.90,116991.00,129.999
2025-09-19T02:25:00+00:00,116990.90,117078.70,116990.90,117057.00,124.227
2025-09-19T02:30:00+00:00,117057.00,117088.00,117000.00,117010.00,136.353
2025-09-19T02:35:00+00:00,117010.00,117128.90,117010.00,117123.10,109.366
2025-09-19T02:40:00+00:00,117123.10,117174.90,117030.00,117043.20,218.089
2025-09-19T02:45:00+00:00,117043.10,117150.00,117043.10,117086.90,82.813
2025-09-19T02:50:00+00:00,117086.90,117100.00,117039.90,117045.70,186.284
2025-09-19T02:55:00+00:00,117045.70,117106.80,117035.70,117054.80,110.369
2025-09-19T03:00:00+00:00,117054.90,117109.10,117054.80,117108.90,123.363
2025-09-19T03:05:00+00:00,117109.00,117177.00,117109.00,117120.70,110.268
2025-09-19T03:10:00+00:00,117120.70,117174.50,117120.70,117156.00,70.986
2025-09-19T03:15:00+00:00,117156.00,117189.00,117121.30,117151.00,121.097
2025-09-19T03:20:00+00:00,117150.90,117237.00,117150.90,117181.50,146.503
2025-09-19T03:25:00+00:00,117181.50,117181.50,117010.70,117030.10,186.677
2025-09-19T03:30:00+00:00,117030.10,117038.20,116944.00,116976.00,412.103
2025-09-19T03:35:00+00:00,116976.00,116976.00,116877.90,116886.10,268.678
2025-09-19T03:40:00+00:00,116886.00,116936.00,116831.00,116912.10,664.763
2025-09-19T03:45:00+00:00,116912.20,116916.70,116831.70,116891.10,380.024
2025-09-19T03:50:00+00:00,116891.20,116934.90,116800.00,116918.00,376.690
2025-09-19T03:55:00+00:00,116918.10,116936.10,116859.80,116914.20,147.378
2025-09-19T04:00:00+00:00,116914.10,116927.20,116638.10,116677.90,1039.149
2025-09-19T04:05:00+00:00,116677.80,116760.10,116647.70,116730.80,492.844
2025-09-19T04:10:00+00:00,116730.70,116730.80,116631.60,116709.50,490.716
2025-09-19T04:15:00+00:00,116709.50,116837.60,116709.40,116779.90,341.048
2025-09-19T04:20:00+00:00,116779.90,116933.90,116762.10,116924.90,293.333
2025-09-19T04:25:00+00:00,116925.00,116978.10,116900.00,116932.70,376.856
2025-09-19T04:30:00+00:00,116932.70,116945.00,116903.40,116928.80,153.349
2025-09-19T04:35:00+00:00,116928.80,117049.90,116928.80,117007.00,326.805
2025-09-19T04:40:00+00:00,117007.00,117010.10,116861.60,116938.10,391.352
2025-09-19T04:45:00+00:00,116938.10,116962.70,116924.30,116938.80,114.573
2025-09-19T04:50:00+00:00,116938.70,116938.80,116881.20,116926.70,134.294
2025-09-19T04:55:00+00:00,116926.70,116988.20,116921.00,116929.40,103.846
2025-09-19T05:00:00+00:00,116929.40,116931.80,116835.90,116872.70,240.977
2025-09-19T05:05:00+00:00,116872.70,116896.10,116856.30,116856.40,117.271
2025-09-19T05:10:00+00:00,116856.40,116947.30,116823.40,116919.70,148.670
2025-09-19T05:15:00+00:00,116919.60,116941.40,116871.80,116940.30,142.951
2025-09-19T05:20:00+00:00,116940.20,116966.70,116850.00,116850.00,174.658
2025-09-19T05:25:00+00:00,116850.00,116850.10,116762.00,116798.60,184.459
2025-09-19T05:30:00+00:00,116798.60,116816.80,116725.00,116806.70,200.066
2025-09-19T05:35:00+00:00,116806.70,116833.60,116764.80,116831.90,126.700
2025-09-19T05:40:00+00:00,116831.80,116866.60,116802.60,116818.10,80.504
2025-09-19T05:45:00+00:00,116818.10,116850.00,116817.70,116832.00,63.221
2025-09-19T05:50:00+00:00,116832.00,116869.90,116831.90,116865.90,70.878
2025-09-19T05:55:00+00:00,116865.80,116870.20,116837.50,116837.50,103.468
2025-09-19T06:00:00+00:00,116837.60,116837.60,116725.20,116760.50,272.398
2025-09-19T06:05:00+00:00,116760.50,116760.50,116726.80,116738.40,141.001
2025-09-19T06:10:00+00:00,116738.30,116738.40,116705.40,116730.10,239.268
2025-09-19T06:15:00+00:00,116730.00,116814.70,116720.90,116808.00,184.451
2025-09-19T06:20:00+00:00,116808.00,116808.10,116700.10,116763.70,182.348
2025-09-19T06:25:00+00:00,116763.70,116769.60,116701.70,116734.90,151.891
2025-09-19T06:30:00+00:00,116734.90,116751.40,116613.10,116618.90,536.365
2025-09-19T06:35:00+00:00,116618.90,116692.30,116567.30,116661.20,402.164
2025-09-19T06:40:00+00:00,116661.30,116718.40,116644.30,116688.60,175.457
2025-09-19T06:45:00+00:00,116688.60,116727.80,116629.60,116629.60,391.506
2025-09-19T06:50:00+00:00,116629.60,116764.40,116611.30,116764.40,527.690
2025-09-19T06:55:00+00:00,116764.30,116764.40,116630.00,116633.20,424.867
2025-09-19T07:00:00+00:00,116633.20,116795.20,116633.10,116676.50,670.947
2025-09-19T07:05:00+00:00,116676.50,116772.70,116625.10,116691.90,712.130
2025-09-19T07:10:00+00:00,116692.00,116795.80,116691.90,116750.10,169.768
2025-09-19T07:15:00+00:00,116750.10,116819.00,116750.00,116818.90,167.962
2025-09-19T07:20:00+00:00,116818.90,116837.00,116796.30,116819.00,196.317
2025-09-19T07:25:00+00:00,116818.90,116819.20,116743.20,116806.60,153.071
2025-09-19T07:30:00+00:00,116806.70,116806.70,116780.00,116804.10,161.057
2025-09-19T07:35:00+00:00,116804.00,116943.90,116804.00,116906.80,492.266
2025-09-19T07:40:00+00:00,116906.80,116936.00,116869.20,116916.40,161.785
2025-09-19T07:45:00+00:00,116916.40,116916.50,116879.90,116879.90,140.806
2025-09-19T07:50:00+00:00,116880.00,116887.00,116862.50,116868.90,163.006
2025-09-19T07:55:00+00:00,116869.00,116880.00,116850.00,116850.10,131.996
2025-09-19T08:00:00+00:00,116850.00,116868.60,116818.90,116839.20,171.704
2025-09-19T08:05:00+00:00,116839.20,116959.80,116839.10,116959.80,207.157
2025-09-19T08:10:00+00:00,116959.80,116959.80,116916.40,116941.10,271.412
2025-09-19T08:15:00+00:00,116941.20,117050.00,116937.50,117050.00,448.400
2025-09-19T08:20:00+00:00,117050.00,117050.60,117002.90,117044.40,279.954
2025-09-19T08:25:00+00:00,117044.40,117044.50,116990.00,117033.30,218.557
2025-09-19T08:30:00+00:00,117033.20,117037.80,116952.50,116969.90,196.289
2025-09-19T08:35:00+00:00,116970.00,116970.00,116942.50,116942.60,100.200
2025-09-19T08:40:00+00:00,116942.50,116942.60,116841.40,116882.60,195.584
2025-09-19T08:45:00+00:00,116882.60,116882.70,116860.00,116870.10,109.938
2025-09-19T08:50:00+00:00,116870.20,116921.90,116867.50,116873.30,86.447
2025-09-19T08:55:00+00:00,116873.40,116873.40,116860.00,116862.60,59.869
2025-09-19T09:00:00+00:00,116862.60,116882.80,116845.20,116868.70,176.409
2025-09-19T09:05:00+00:00,116868.60,116869.60,116812.70,116862.20,160.177
2025-09-19T09:10:00+00:00,116862.20,116936.10,116862.10,116927.00,108.974
2025-09-19T09:15:00+00:00,116927.10,116927.10,116862.20,116872.00,94.730
2025-09-19T09:20:00+00:00,116872.00,116872.00,116832.20,116832.20,70.465
2025-09-19T09:25:00+00:00,116832.20,116832.30,116729.90,116765.30,470.590
2025-09-19T09:30:00+00:00,116765.40,116843.90,116765.30,116831.60,97.818
2025-09-19T09:35:00+00:00,116831.50,116831.60,116769.20,116769.20,91.306
2025-09-19T09:40:00+00:00,116769.30,116769.30,116661.70,116661.70,251.283
2025-09-19T09:45:00+00:00,116661.70,116685.70,116509.00,116586.60,1005.405
2025-09-19T09:50:00+00:00,116586.50,116586.60,116429.10,116450.00,1535.232
2025-09-19T09:55:00+00:00,116450.10,116481.20,116425.00,116437.70,563.179
2025-09-19T10:00:00+00:00,116437.70,116459.40,116389.90,116391.00,771.022
2025-09-19T10:05:00+00:00,116391.00,116461.60,116368.00,116415.00,365.168
2025-09-19T10:10:00+00:00,116414.90,116500.00,116414.90,116486.20,353.498
2025-09-19T10:15:00+00:00,116486.20,116486.20,116377.20,116391.30,514.594
2025-09-19T10:20:00+00:00,116391.30,116474.50,116381.10,116406.70,295.437
2025-09-19T10:25:00+00:00,116406.70,116477.00,116400.00,116433.80,175.658
2025-09-19T10:30:00+00:00,116433.90,116433.90,116386.60,116426.40,190.479
2025-09-19T10:35:00+00:00,116426.40,116484.30,116410.80,116427.30,220.349
2025-09-19T10:40:00+00:00,116427.40,116490.90,116416.50,116473.00,250.296
2025-09-19T10:45:00+00:00,116473.10,116488.50,116426.40,116449.30,230.099
2025-09-19T10:50:00+00:00,116449.40,116468.60,116436.30,116460.60,216.411
2025-09-19T10:55:00+00:00,116460.60,116491.90,116445.30,116476.70,121.056
2025-09-19T11:00:00+00:00,116476.70,116501.50,116437.20,116490.10,202.203
2025-09-19T11:05:00+00:00,116490.00,116496.10,116371.20,116397.70,299.327
2025-09-19T11:10:00+00:00,116397.80,116431.30,116370.00,116408.50,172.995
2025-09-19T11:15:00+00:00,116408.60,116477.50,116369.00,116369.20,236.998
2025-09-19T11:20:00+00:00,116369.20,116369.30,116319.00,116324.30,420.405
2025-09-19T11:25:00+00:00,116324.30,116347.00,116311.00,116313.00,197.163
2025-09-19T11:30:00+00:00,116312.90,116350.60,116311.00,116350.60,233.767
2025-09-19T11:35:00+00:00,116350.50,116360.10,116321.70,116321.70,187.325
2025-09-19T11:40:00+00:00,116321.70,116327.70,116272.00,116302.30,542.989
2025-09-19T11:45:00+00:00,116302.30,116302.30,116250.70,116266.60,403.987
2025-09-19T11:50:00+00:00,116266.60,116334.30,116250.80,116331.10,231.603
2025-09-19T11:55:00+00:00,116331.10,116350.00,116314.60,116343.10,193.687
2025-09-19T12:00:00+00:00,116343.30,116381.70,116325.70,116376.00,299.270
2025-09-19T12:05:00+00:00,116376.00,116426.00,116368.20,116426.00,260.877
2025-09-19T12:10:00+00:00,116425.90,116426.00,116369.80,116424.70,154.587
2025-09-19T12:15:00+00:00,116424.70,116488.00,116412.30,116461.50,288.434
2025-09-19T12:20:00+00:00,116461.50,116461.50,116299.20,116327.00,306.491
2025-09-19T12:25:00+00:00,116327.00,116327.10,116131.20,116175.10,1215.525
2025-09-19T12:30:00+00:00,116175.00,116234.00,116130.00,116160.00,471.490
2025-09-19T12:35:00+00:00,116160.00,116200.00,116125.80,116195.80,410.867
2025-09-19T12:40:00+00:00,116195.90,116197.80,116168.60,116169.60,182.411
2025-09-19T12:45:00+00:00,116169.60,116169.60,116072.00,116092.80,595.595
2025-09-19T12:50:00+00:00,116092.80,116134.20,116078.70,116134.10,596.407
2025-09-19T12:55:00+00:00,116134.00,116188.00,116100.00,116124.10,200.490
2025-09-19T13:00:00+00:00,116124.10,116160.30,116088.00,116160.10,244.628
2025-09-19T13:05:00+00:00,116160.20,116160.20,116072.90,116083.50,312.183
2025-09-19T13:10:00+00:00,116083.40,116119.00,116065.90,116087.60,246.718
2025-09-19T13:15:00+00:00,116087.70,116087.70,116020.10,116026.80,391.588
2025-09-19T13:20:00+00:00,116026.80,116055.10,116017.10,116055.10,273.162
2025-09-19T13:25:00+00:00,116055.10,116318.90,116055.10,116164.30,1175.638
2025-09-19T13:30:00+00:00,116164.20,116239.80,116050.00,116120.30,559.993
2025-09-19T13:35:00+00:00,116120.50,116209.20,116072.90,116190.70,408.494
2025-09-19T13:40:00+00:00,116190.60,116309.50,116166.00,116226.20,546.673
2025-09-19T13:45:00+00:00,116226.30,116416.40,116180.00,116373.70,552.103
2025-09-19T13:50:00+00:00,116373.60,116415.60,116310.00,116360.10,503.334
2025-09-19T13:55:00+00:00,116360.10,116360.10,116200.00,116238.70,305.292
2025-09-19T14:00:00+00:00,116238.60,116334.10,116200.00,116334.10,290.268
2025-09-19T14:05:00+00:00,116334.10,116339.00,116222.60,116222.70,299.789
2025-09-19T14:10:00+00:00,116222.60,116296.90,116171.10,116257.40,295.181
2025-09-19T14:15:00+00:00,116257.30,116313.30,116162.00,116165.60,224.147
2025-09-19T14:20:00+00:00,116165.60,116344.60,116157.10,116324.30,255.218
2025-09-19T14:25:00+00:00,116324.40,116447.30,116205.10,116209.10,463.320
2025-09-19T14:30:00+00:00,116209.10,116303.80,116200.10,116228.60,157.127
2025-09-19T14:35:00+00:00,116228.60,116240.00,116130.10,116130.20,278.498
2025-09-19T14:40:00+00:00,116130.10,116178.00,116056.10,116056.20,413.412
2025-09-19T14:45:00+00:00,116056.20,116107.90,115738.00,115844.00,2601.116
2025-09-19T14:50:00+00:00,115844.00,115964.10,115730.00,115879.10,1429.844
2025-09-19T14:55:00+00:00,115879.20,115905.50,115785.20,115849.70,529.642
2025-09-19T15:00:00+00:00,115849.70,115849.80,115587.00,115600.10,1709.659
2025-09-19T15:05:00+00:00,115600.00,115625.10,115520.00,115593.50,1671.345
2025-09-19T15:10:00+00:00,115593.50,115611.00,115408.40,115475.90,1185.626
2025-09-19T15:15:00+00:00,115475.90,115550.00,115445.30,115508.30,624.897
2025-09-19T15:20:00+00:00,115508.20,115692.30,115491.00,115687.60,1128.117
2025-09-19T15:25:00+00:00,115687.60,115752.00,115591.20,115744.50,628.178
2025-09-19T15:30:00+00:00,115744.40,115744.50,115584.00,115619.00,374.819
2025-09-19T15:35:00+00:00,115619.00,115787.20,115588.20,115758.00,410.892
2025-09-19T15:40:00+00:00,115758.10,115900.00,115758.10,115860.70,635.553
2025-09-19T15:45:00+00:00,115860.70,115882.20,115765.00,115783.00,691.497
2025-09-19T15:50:00+00:00,115783.00,115845.80,115750.00,115845.70,237.221
2025-09-19T15:55:00+00:00,115845.80,115875.00,115784.00,115826.90,258.513
2025-09-19T16:00:00+00:00,115826.90,115946.90,115735.70,115862.50,1015.478
2025-09-19T16:05:00+00:00,115862.50,115938.40,115840.00,115938.30,594.792
2025-09-19T16:10:00+00:00,115938.40,115945.00,115858.40,115918.60,443.298
2025-09-19T16:15:00+00:00,115918.60,115998.60,115900.40,115905.10,464.664
2025-09-19T16:20:00+00:00,115905.10,115936.00,115868.80,115924.20,157.819
2025-09-19T16:25:00+00:00,115924.20,115945.00,115893.20,115916.00,148.764
2025-09-19T16:30:00+00:00,115916.00,115916.00,115791.60,115868.00,243.806
2025-09-19T16:35:00+00:00,115868.00,115910.90,115808.30,115808.60,127.044
2025-09-19T16:40:00+00:00,115808.60,115932.20,115808.60,115932.20,152.057
2025-09-19T16:45:00+00:00,115932.10,116093.00,115932.10,116051.10,576.147
2025-09-19T16:50:00+00:00,116051.20,116051.20,116023.30,116023.90,161.609
2025-09-19T16:55:00+00:00,116024.00,116045.90,115988.90,116029.90,266.227
2025-09-19T17:00:00+00:00,116030.00,116035.80,115885.00,115885.00,347.917
2025-09-19T17:05:00+00:00,115885.10,115885.10,115764.10,115764.20,276.529
2025-09-19T17:10:00+00:00,115764.20,115806.10,115737.20,115753.50,178.128
2025-09-19T17:15:00+00:00,115753.50,115780.00,115666.00,115711.10,340.088
2025-09-19T17:20:00+00:00,115711.10,115750.80,115662.40,115683.70,167.702
2025-09-19T17:25:00+00:00,115683.70,115746.00,115681.10,115739.20,112.784
2025-09-19T17:30:00+00:00,115739.20,115739.20,115620.00,115624.80,187.469
2025-09-19T17:35:00+00:00,115624.90,115700.00,115500.00,115574.90,564.424
2025-09-19T17:40:00+00:00,115575.00,115641.20,115553.40,115578.00,221.844
2025-09-19T17:45:00+00:00,115578.10,115654.80,115570.10,115608.70,259.587
2025-09-19T17:50:00+00:00,115608.70,115608.70,115518.20,115523.50,263.697
2025-09-19T17:55:00+00:00,115523.60,115549.30,115490.90,115490.90,159.308
2025-09-19T18:00:00+00:00,115490.90,115549.70,115486.40,115506.10,229.939
2025-09-19T18:05:00+00:00,115506.10,115553.60,115487.40,115520.50,223.706
2025-09-19T18:10:00+00:00,115520.50,115520.60,115349.30,115431.90,910.224
2025-09-19T18:15:00+00:00,115431.90,115453.20,115333.00,115375.10,452.919
2025-09-19T18:20:00+00:00,115375.00,115421.10,115346.30,115389.10,240.661
2025-09-19T18:25:00+00:00,115389.10,115406.30,115379.90,115380.00,104.340
2025-09-19T18:30:00+00:00,115380.00,115465.30,115353.70,115420.10,424.839
2025-09-19T18:35:00+00:00,115420.10,115465.00,115390.00,115420.60,493.295
2025-09-19T18:40:00+00:00,115420.60,115575.30,115420.60,115539.20,371.786
2025-09-19T18:45:00+00:00,115539.10,115596.00,115385.10,115386.00,366.477
2025-09-19T18:50:00+00:00,115386.10,115417.20,115346.40,115362.40,211.838
2025-09-19T18:55:00+00:00,115362.40,115366.40,115322.00,115365.70,216.133
2025-09-19T19:00:00+00:00,115365.70,115433.10,115347.00,115347.00,287.803
2025-09-19T19:05:00+00:00,115347.00,115353.60,115242.70,115258.90,1104.724
2025-09-19T19:10:00+00:00,115258.90,115280.10,115231.50,115242.10,252.023
2025-09-19T19:15:00+00:00,115242.10,115284.00,115231.20,115231.30,184.498
2025-09-19T19:20:00+00:00,115231.30,115254.70,115230.00,115246.30,210.465
2025-09-19T19:25:00+00:00,115246.30,115352.00,115246.30,115305.10,329.917
2025-09-19T19:30:00+00:00,115305.10,115315.10,115200.30,115211.00,411.836
2025-09-19T19:35:00+00:00,115210.90,115354.90,115210.90,115309.10,266.849
2025-09-19T19:40:00+00:00,115309.10,115309.10,115140.00,115140.10,654.695
2025-09-19T19:45:00+00:00,115140.00,115159.80,115100.00,115100.10,362.630
2025-09-19T19:50:00+00:00,115100.10,115129.30,115088.00,115090.40,240.376
2025-09-19T19:55:00+00:00,115090.50,115134.10,115057.00,115082.40,535.116
2025-09-19T20:00:00+00:00,115082.40,115250.00,115049.90,115250.00,721.771
2025-09-19T20:05:00+00:00,115250.00,115250.00,115164.80,115214.80,275.696
2025-09-19T20:10:00+00:00,115214.70,115291.50,115210.00,115262.90,200.222
2025-09-19T20:15:00+00:00,115262.90,115318.70,115239.40,115294.70,210.017
2025-09-19T20:20:00+00:00,115294.80,115316.00,115260.10,115316.00,105.160
2025-09-19T20:25:00+00:00,115316.00,115380.00,115315.90,115346.90,275.540
2025-09-19T20:30:00+00:00,115346.80,115347.40,115254.20,115297.50,250.064
2025-09-19T20:35:00+00:00,115297.50,115342.50,115294.30,115332.00,100.866
2025-09-19T20:40:00+00:00,115332.00,115382.00,115331.90,115364.30,284.443
2025-09-19T20:45:00+00:00,115364.30,115393.60,115283.30,115283.30,147.649
2025-09-19T20:50:00+00:00,115283.40,115285.90,115239.50,115252.10,165.884
2025-09-19T20:55:00+00:00,115252.20,115306.60,115230.70,115306.60,200.443
2025-09-19T21:00:00+00:00,115306.50,115392.40,115275.30,115275.40,271.769
2025-09-19T21:05:00+00:00,115275.30,115275.40,115255.30,115255.30,151.391
2025-09-19T21:10:00+00:00,115255.30,115343.30,115255.30,115343.20,263.188
2025-09-19T21:15:00+00:00,115343.20,115410.90,115343.20,115380.60,126.985
2025-09-19T21:20:00+00:00,115380.60,115381.60,115342.50,115381.50,85.783
2025-09-19T21:25:00+00:00,115381.50,115381.60,115350.80,115369.60,73.773
2025-09-19T21:30:00+00:00,115369.60,115388.90,115369.60,115388.90,58.211
2025-09-19T21:35:00+00:00,115388.90,115433.70,115388.80,115424.10,137.569
2025-09-19T21:40:00+00:00,115424.10,115433.00,115402.00,115415.90,154.092
2025-09-19T21:45:00+00:00,115415.90,115493.70,115415.80,115433.00,177.430
2025-09-19T21:50:00+00:00,115432.90,115433.00,115391.00,115391.10,52.733
2025-09-19T21:55:00+00:00,115391.00,115411.50,115376.00,115411.50,79.239
2025-09-19T22:00:00+00:00,115411.40,115488.70,115411.40,115457.10,121.845
2025-09-19T22:05:00+00:00,115457.00,115540.00,115457.00,115530.10,131.419
2025-09-19T22:10:00+00:00,115530.10,115567.80,115487.30,115555.00,266.431
2025-09-19T22:15:00+00:00,115555.00,115559.90,115503.60,115524.90,83.850
2025-09-19T22:20:00+00:00,115524.90,115524.90,115488.80,115506.50,69.804
2025-09-19T22:25:00+00:00,115506.60,115564.20,115506.60,115530.10,163.626
2025-09-19T22:30:00+00:00,115530.10,115562.40,115530.10,115562.30,54.129
2025-09-19T22:35:00+00:00,115562.40,115569.00,115543.80,115556.30,122.898
2025-09-19T22:40:00+00:00,115556.30,115567.80,115520.70,115520.70,130.424
2025-09-19T22:45:00+00:00,115520.80,115575.40,115520.70,115575.40,94.689
2025-09-19T22:50:00+00:00,115575.50,115596.50,115545.60,115563.70,140.785
2025-09-19T22:55:00+00:00,115563.70,115563.80,115550.40,115550.50,48.668
2025-09-19T23:00:00+00:00,115550.50,115550.50,115520.70,115530.80,91.910
2025-09-19T23:05:00+00:00,115530.70,115541.80,115488.20,115495.40,105.614
2025-09-19T23:10:00+00:00,115495.40,115502.50,115431.60,115444.10,71.634
2025-09-19T23:15:00+00:00,115444.00,115485.40,115444.00,115465.40,97.991
2025-09-19T23:20:00+00:00,115465.40,115471.30,115407.00,115414.70,98.082
2025-09-19T23:25:00+00:00,115414.70,115421.30,115394.50,115406.30,141.435
2025-09-19T23:30:00+00:00,115406.40,115483.60,115394.50,115483.60,109.640
2025-09-19T23:35:00+00:00,115483.50,115493.70,115462.20,115481.00,88.999
2025-09-19T23:40:00+00:00,115481.10,115481.10,115460.00,115464.80,50.125
2025-09-19T23:45:00+00:00,115464.80,115526.60,115464.80,115511.20,67.885
2025-09-19T23:50:00+00:00,115511.30,115566.90,115511.20,115566.90,105.929
2025-09-19T23:55:00+00:00,115566.90,115600.00,115535.40,115569.50,180.209
2025-09-20T00:00:00+00:00,115569.60,115580.20,115532.00,115580.10,191.702
2025-09-20T00:05:00+00:00,115580.20,115603.40,115544.30,115560.60,277.394
2025-09-20T00:10:00+00:00,115560.60,115567.50,115557.90,115557.90,72.147
2025-09-20T00:15:00+00:00,115558.00,115558.00,115518.00,115536.30,243.098
2025-09-20T00:20:00+00:00,115536.30,115536.30,115500.60,115512.00,108.200
2025-09-20T00:25:00+00:00,115512.00,115512.00,115484.90,115499.30,95.289
2025-09-20T00:30:00+00:00,115499.30,115533.80,115499.20,115528.90,102.273
2025-09-20T00:35:00+00:00,115528.80,115576.10,115528.80,115576.00,43.697
2025-09-20T00:40:00+00:00,115576.10,115638.10,115576.00,115638.10,157.354
2025-09-20T00:45:00+00:00,115638.10,115641.70,115612.00,115612.00,87.127
2025-09-20T00:50:00+00:00,115612.10,115670.00,115612.00,115663.30,142.101
2025-09-20T00:55:00+00:00,115663.30,115663.30,115656.30,115656.40,60.361
2025-09-20T01:00:00+00:00,115656.30,115660.40,115615.00,115617.30,173.719
2025-09-20T01:05:00+00:00,115617.30,115638.80,115566.90,115626.20,221.668
2025-09-20T01:10:00+00:00,115626.20,115626.30,115556.40,115556.40,128.471
2025-09-20T01:15:00+00:00,115556.40,115609.50,115550.20,115604.20,77.720
2025-09-20T01:20:00+00:00,115604.40,115639.10,115604.40,115639.10,49.870
2025-09-20T01:25:00+00:00,115639.10,115657.20,115637.30,115637.40,47.912
2025-09-20T01:30:00+00:00,115637.40,115650.00,115581.20,115581.30,136.756
2025-09-20T01:35:00+00:00,115581.20,115596.00,115571.40,115582.70,106.720
2025-09-20T01:40:00+00:00,115582.70,115613.50,115567.40,115613.20,48.474
2025-09-20T01:45:00+00:00,115613.20,115636.30,115598.30,115625.00,57.332
2025-09-20T01:50:00+00:00,115625.00,115634.60,115613.90,115621.90,56.806
2025-09-20T01:55:00+00:00,115621.90,115625.00,115562.60,115562.60,138.052
2025-09-20T02:00:00+00:00,115562.60,115562.70,115467.10,115467.10,283.796
2025-09-20T02:05:00+00:00,115467.10,115488.30,115461.60,115462.40,107.346
2025-09-20T02:10:00+00:00,115462.40,115462.40,115427.00,115442.10,92.042
2025-09-20T02:15:00+00:00,115442.10,115444.00,115371.00,115371.50,173.497
2025-09-20T02:20:00+00:00,115371.60,115470.00,115371.50,115458.50,200.871
2025-09-20T02:25:00+00:00,115458.50,115479.00,115458.40,115474.60,43.621
2025-09-20T02:30:00+00:00,115474.60,115474.70,115437.60,115446.20,66.172
2025-09-20T02:35:00+00:00,115446.20,115500.00,115446.10,115468.90,61.405
2025-09-20T02:40:00+00:00,115468.80,115507.20,115468.80,115507.10,53.671
2025-09-20T02:45:00+00:00,115507.10,115538.40,115495.80,115538.30,50.418
2025-09-20T02:50:00+00:00,115538.40,115538.40,115519.40,115519.40,38.442
2025-09-20T02:55:00+00:00,115519.40,115555.30,115519.40,115544.40,58.725
2025-09-20T03:00:00+00:00,115544.40,115545.50,115490.60,115490.70,50.577
2025-09-20T03:05:00+00:00,115490.60,115490.70,115452.10,115453.50,77.499
2025-09-20T03:10:00+00:00,115453.40,115453.50,115406.10,115437.50,72.712
2025-09-20T03:15:00+00:00,115437.50,115475.50,115437.50,115475.40,78.317
2025-09-20T03:20:00+00:00,115475.50,115491.60,115475.40,115491.50,28.251
2025-09-20T03:25:00+00:00,115491.50,115491.60,115454.10,115454.20,53.281
2025-09-20T03:30:00+00:00,115454.10,115454.10,115407.00,115435.00,76.943
2025-09-20T03:35:00+00:00,115435.00,115454.80,115435.00,115454.80,42.172
2025-09-20T03:40:00+00:00,115454.80,115454.80,115451.50,115451.50,24.019
2025-09-20T03:45:00+00:00,115451.50,115451.60,115443.60,115451.50,23.523
2025-09-20T03:50:00+00:00,115451.60,115451.60,115355.90,115371.60,119.329
2025-09-20T03:55:00+00:00,115371.50,115394.30,115355.00,115394.20,84.754
2025-09-20T04:00:00+00:00,115394.30,115396.10,115371.60,115371.70,103.838
2025-09-20T04:05:00+00:00,115371.60,115412.30,115371.60,115412.30,49.708
2025-09-20T04:10:00+00:00,115412.20,115437.40,115412.20,115426.30,67.231
2025-09-20T04:15:00+00:00,115426.30,115448.20,115414.80,115435.00,70.300
2025-09-20T04:20:00+00:00,115435.00,115435.00,115408.00,115408.10,47.423
2025-09-20T04:25:00+00:00,115408.10,115408.10,115401.10,115401.10,28.517
2025-09-20T04:30:00+00:00,115401.10,115401.20,115343.00,115343.00,156.054
2025-09-20T04:35:00+00:00,115343.00,115485.00,115343.00,115484.90,158.652
2025-09-20T04:40:00+00:00,115484.90,115496.00,115475.00,115492.70,100.826
2025-09-20T04:45:00+00:00,115492.70,115493.20,115484.10,115484.10,50.187
2025-09-20T04:50:00+00:00,115484.20,115526.60,115484.10,115526.60,108.786
2025-09-20T04:55:00+00:00,115526.60,115526.60,115489.30,115511.90,41.905
2025-09-20T05:00:00+00:00,115511.90,115512.00,115460.80,115460.80,75.821
2025-09-20T05:05:00+00:00,115460.80,115480.20,115459.60,115462.60,51.053
2025-09-20T05:10:00+00:00,115462.60,115529.50,115462.60,115524.20,178.678
2025-09-20T05:15:00+00:00,115524.10,115538.00,115524.10,115538.00,73.280
2025-09-20T05:20:00+00:00,115538.00,115544.30,115537.90,115544.30,64.056
2025-09-20T05:25:00+00:00,115544.20,115556.10,115544.20,115556.10,92.763
2025-09-20T05:30:00+00:00,115556.00,115583.30,115556.00,115565.80,137.996
2025-09-20T05:35:00+00:00,115565.80,115610.00,115565.70,115577.90,162.813
2025-09-20T05:40:00+00:00,115578.00,115583.80,115577.90,115583.80,38.448
2025-09-20T05:45:00+00:00,115583.70,115610.00,115583.70,115609.90,68.619
2025-09-20T05:50:00+00:00,115610.00,115627.20,115609.90,115627.20,79.656
2025-09-20T05:55:00+00:00,115627.10,115655.30,115627.10,115655.30,119.056
2025-09-20T06:00:00+00:00,115655.30,115655.30,115616.00,115625.10,204.274
2025-09-20T06:05:00+00:00,115625.00,115625.10,115606.80,115606.80,82.924
2025-09-20T06:10:00+00:00,115606.80,115606.90,115571.10,115571.20,56.831
2025-09-20T06:15:00+00:00,115571.10,115588.20,115571.10,115580.20,64.230
2025-09-20T06:20:00+00:00,115580.10,115624.00,115575.40,115624.00,79.781
2025-09-20T06:25:00+00:00,115623.90,115624.00,115611.20,115623.30,61.185
2025-09-20T06:30:00+00:00,115623.40,115629.70,115623.30,115629.60,45.760
2025-09-20T06:35:00+00:00,115629.70,115629.70,115616.50,115616.60,54.172
2025-09-20T06:40:00+00:00,115616.60,115616.60,115616.50,115616.60,28.137
2025-09-20T06:45:00+00:00,115616.50,115653.80,115616.50,115653.80,76.327
2025-09-20T06:50:00+00:00,115653.70,115666.10,115653.70,115662.20,84.979
2025-09-20T06:55:00+00:00,115662.30,115662.30,115643.30,115643.40,81.892
2025-09-20T07:00:00+00:00,115643.40,115665.00,115634.60,115634.60,111.839
2025-09-20T07:05:00+00:00,115634.60,115658.80,115629.60,115658.80,100.912
2025-09-20T07:10:00+00:00,115658.70,115658.80,115624.20,115624.30,220.388
2025-09-20T07:15:00+00:00,115624.20,115658.00,115624.20,115652.20,64.641
2025-09-20T07:20:00+00:00,115652.30,115683.80,115652.20,115683.70,190.803
2025-09-20T07:25:00+00:00,115683.80,115685.50,115677.80,115685.40,129.851
2025-09-20T07:30:00+00:00,115685.40,115700.00,115672.90,115696.40,199.198
2025-09-20T07:35:00+00:00,115696.50,115785.00,115696.40,115785.00,456.379
2025-09-20T07:40:00+00:00,115785.00,115875.20,115781.20,115869.30,642.815
2025-09-20T07:45:00+00:00,115869.30,115887.10,115818.00,115887.10,381.859
2025-09-20T07:50:00+00:00,115887.10,115933.40,115873.90,115905.50,400.387
2025-09-20T07:55:00+00:00,115905.40,115928.00,115895.70,115909.80,313.315
2025-09-20T08:00:00+00:00,115909.90,115914.40,115870.90,115870.90,279.645
2025-09-20T08:05:00+00:00,115870.90,115871.00,115785.10,115785.20,152.445
2025-09-20T08:10:00+00:00,115785.20,115797.40,115774.30,115797.30,189.804
2025-09-20T08:15:00+00:00,115797.30,115797.40,115785.80,115785.80,78.429
2025-09-20T08:20:00+00:00,115785.90,115785.90,115769.70,115769.70,80.729
2025-09-20T08:25:00+00:00,115769.70,115769.80,115761.30,115761.30,59.206
2025-09-20T08:30:00+00:00,115761.40,115792.40,115761.30,115792.30,73.744
2025-09-20T08:35:00+00:00,115792.40,115827.50,115782.50,115827.50,131.467
2025-09-20T08:40:00+00:00,115827.50,115830.90,115820.00,115830.80,97.255
2025-09-20T08:45:00+00:00,115830.80,115830.90,115804.50,115804.60,76.236
2025-09-20T08:50:00+00:00,115804.60,115804.60,115730.00,115730.00,292.387
2025-09-20T08:55:00+00:00,115730.10,115730.10,115637.50,115645.00,314.858
2025-09-20T09:00:00+00:00,115645.10,115678.90,115638.80,115678.90,213.263
2025-09-20T09:05:00+00:00,115678.80,115730.10,115678.80,115730.10,83.317
2025-09-20T09:10:00+00:00,115730.10,115733.70,115730.00,115733.70,63.153
2025-09-20T09:15:00+00:00,115733.60,115741.70,115733.60,115733.60,82.511
2025-09-20T09:20:00+00:00,115733.70,115743.10,115689.90,115702.30,189.941
2025-09-20T09:25:00+00:00,115702.30,115727.00,115695.50,115695.60,60.651
2025-09-20T09:30:00+00:00,115695.60,115695.60,115658.10,115658.20,99.246
2025-09-20T09:35:00+00:00,115658.10,115658.20,115607.40,115633.30,246.927
2025-09-20T09:40:00+00:00,115633.30,115633.30,115610.00,115610.10,112.203
2025-09-20T09:45:00+00:00,115610.00,115621.70,115607.80,115621.70,118.414
2025-09-20T09:50:00+00:00,115621.60,115634.40,115607.80,115634.30,92.010
2025-09-20T09:55:00+00:00,115634.40,115634.40,115605.60,115605.70,79.773
2025-09-20T10:00:00+00:00,115605.70,115680.70,115605.60,115680.70,137.735
2025-09-20T10:05:00+00:00,115680.70,115680.70,115653.70,115673.20,111.499
2025-09-20T10:10:00+00:00,115673.10,115708.80,115673.10,115693.90,77.467
2025-09-20T10:15:00+00:00,115693.80,115733.00,115691.10,115696.40,203.116
2025-09-20T10:20:00+00:00,115696.40,115733.80,115685.50,115685.60,162.391
2025-09-20T10:25:00+00:00,115685.50,115685.60,115640.30,115675.10,85.872
2025-09-20T10:30:00+00:00,115675.10,115675.20,115660.40,115660.50,31.517
2025-09-20T10:35:00+00:00,115660.40,115727.10,115660.40,115727.00,64.205
2025-09-20T10:40:00+00:00,115727.00,115727.10,115715.70,115722.80,36.316
2025-09-20T10:45:00+00:00,115722.80,115739.30,115694.00,115694.00,68.062
2025-09-20T10:50:00+00:00,115694.10,115706.00,115683.90,115688.50,50.951
2025-09-20T10:55:00+00:00,115688.40,115688.50,115688.40,115688.40,43.612
2025-09-20T11:00:00+00:00,115688.40,115754.90,115688.40,115742.50,161.315
2025-09-20T11:05:00+00:00,115742.50,115763.60,115733.10,115763.60,127.357
2025-09-20T11:10:00+00:00,115763.50,115784.30,115763.50,115784.20,75.652
2025-09-20T11:15:00+00:00,115784.30,115793.70,115766.20,115786.00,159.730
2025-09-20T11:20:00+00:00,115785.90,115800.00,115745.30,115789.20,113.854
2025-09-20T11:25:00+00:00,115789.20,115789.30,115715.60,115715.70,282.073
2025-09-20T11:30:00+00:00,115715.60,115773.80,115715.60,115734.20,289.856
2025-09-20T11:35:00+00:00,115734.30,115753.30,115720.60,115753.30,73.807
2025-09-20T11:40:00+00:00,115753.20,115760.70,115753.20,115756.30,41.506
2025-09-20T11:45:00+00:00,115756.20,115828.20,115756.20,115828.20,164.208
2025-09-20T11:50:00+00:00,115828.10,115855.10,115828.10,115855.10,85.311
2025-09-20T11:55:00+00:00,115855.00,115857.90,115817.90,115834.90,214.002
2025-09-20T12:00:00+00:00,115834.90,115900.00,115834.80,115861.90,351.525
2025-09-20T12:05:00+00:00,115861.90,115866.00,115846.80,115846.90,91.137
2025-09-20T12:10:00+00:00,115846.80,115875.40,115846.70,115855.50,96.897
2025-09-20T12:15:00+00:00,115855.50,115883.80,115852.40,115852.40,119.531
2025-09-20T12:20:00+00:00,115852.50,115852.50,115777.20,115796.20,210.838
2025-09-20T12:25:00+00:00,115796.30,115796.30,115763.30,115763.80,103.240
2025-09-20T12:30:00+00:00,115763.80,115782.00,115763.70,115782.00,47.823
2025-09-20T12:35:00+00:00,115781.90,115789.90,115750.60,115789.80,85.518
2025-09-20T12:40:00+00:00,115789.80,115789.90,115780.90,115786.80,51.666
2025-09-20T12:45:00+00:00,115786.80,115812.00,115786.70,115794.00,58.815
2025-09-20T12:50:00+00:00,115794.10,115818.00,115794.00,115802.00,84.597
2025-09-20T12:55:00+00:00,115801.90,115820.30,115801.90,115820.20,35.249
2025-09-20T13:00:00+00:00,115820.20,115820.30,115793.50,115813.50,66.906
2025-09-20T13:05:00+00:00,115813.40,115813.50,115803.90,115813.50,34.279
2025-09-20T13:10:00+00:00,115813.50,115841.10,115813.50,115841.00,50.605
2025-09-20T13:15:00+00:00,115841.00,115855.60,115841.00,115855.50,42.786
2025-09-20T13:20:00+00:00,115855.50,115861.40,115855.50,115861.40,42.711
2025-09-20T13:25:00+00:00,115861.40,115861.40,115847.80,115852.10,78.349
2025-09-20T13:30:00+00:00,115852.20,115869.00,115852.10,115868.90,66.726
2025-09-20T13:35:00+00:00,115869.00,115869.00,115861.30,115861.40,58.501
2025-09-20T13:40:00+00:00,115861.40,115866.10,115833.20,115866.00,115.597
2025-09-20T13:45:00+00:00,115866.00,115886.10,115866.00,115879.00,89.976
2025-09-20T13:50:00+00:00,115879.10,115897.00,115825.20,115848.10,207.424
2025-09-20T13:55:00+00:00,115848.20,115859.90,115848.10,115859.00,60.343
2025-09-20T14:00:00+00:00,115859.00,115888.00,115842.20,115887.90,111.108
2025-09-20T14:05:00+00:00,115887.90,115888.00,115845.60,115845.60,147.290
2025-09-20T14:10:00+00:00,115845.60,115845.70,115820.10,115820.10,95.689
2025-09-20T14:15:00+00:00,115820.20,115840.00,115820.10,115826.70,137.763
2025-09-20T14:20:00+00:00,115826.70,115848.00,115826.60,115842.30,90.100
2025-09-20T14:25:00+00:00,115842.40,115842.40,115832.10,115837.90,35.390
2025-09-20T14:30:00+00:00,115837.90,115869.20,115837.90,115865.10,75.196
2025-09-20T14:35:00+00:00,115865.10,115888.00,115865.00,115884.00,133.279
2025-09-20T14:40:00+00:00,115884.00,115888.10,115883.90,115888.10,60.304
2025-09-20T14:45:00+00:00,115888.10,115975.00,115888.00,115940.40,531.707
2025-09-20T14:50:00+00:00,115940.50,115956.90,115940.40,115956.80,133.909
2025-09-20T14:55:00+00:00,115956.80,115956.90,115898.60,115899.10,217.087
2025-09-20T15:00:00+00:00,115899.20,115981.70,115899.10,115966.50,358.971
2025-09-20T15:05:00+00:00,115966.50,116014.20,115966.40,116009.30,265.132
2025-09-20T15:10:00+00:00,116009.40,116026.40,115980.00,115999.90,260.042
2025-09-20T15:15:00+00:00,116000.00,116032.00,115958.40,116032.00,221.726
2025-09-20T15:20:00+00:00,116031.90,116052.50,115990.00,116036.30,310.599
2025-09-20T15:25:00+00:00,116036.30,116055.10,116036.30,116046.60,177.886
2025-09-20T15:30:00+00:00,116046.60,116059.20,115981.90,115987.20,180.418
2025-09-20T15:35:00+00:00,115987.10,115987.20,115950.50,115954.70,173.708
2025-09-20T15:40:00+00:00,115954.70,115954.90,115934.00,115950.10,152.473
2025-09-20T15:45:00+00:00,115950.10,115950.10,115881.30,115899.90,207.130
2025-09-20T15:50:00+00:00,115900.00,115919.90,115899.00,115899.10,110.297
2025-09-20T15:55:00+00:00,115899.10,115928.50,115899.00,115928.50,89.587
2025-09-20T16:00:00+00:00,115928.40,115987.00,115928.40,115978.70,169.024
2025-09-20T16:05:00+00:00,115978.60,115978.70,115919.10,115919.20,123.890
2025-09-20T16:10:00+00:00,115919.10,115933.70,115900.00,115900.10,109.029
2025-09-20T16:15:00+00:00,115900.00,115900.10,115815.10,115815.20,136.606
2025-09-20T16:20:00+00:00,115815.10,115824.10,115807.00,115817.20,214.578
2025-09-20T16:25:00+00:00,115817.20,115895.00,115817.10,115889.70,219.831
2025-09-20T16:30:00+00:00,115889.80,115959.50,115889.70,115959.50,102.852
2025-09-20T16:35:00+00:00,115959.40,115979.50,115956.20,115979.40,82.390
2025-09-20T16:40:00+00:00,115979.50,116000.00,115971.70,115971.70,95.617
2025-09-20T16:45:00+00:00,115971.70,115977.60,115956.40,115956.40,82.780
2025-09-20T16:50:00+00:00,115956.40,115972.80,115956.40,115972.70,57.056
2025-09-20T16:55:00+00:00,115972.70,115972.70,115958.30,115965.80,68.496
2025-09-20T17:00:00+00:00,115965.80,116017.90,115957.50,115957.60,186.760
2025-09-20T17:05:00+00:00,115957.60,115957.60,115923.40,115923.40,64.042
2025-09-20T17:10:00+00:00,115923.40,115953.60,115839.80,115839.80,161.357
2025-09-20T17:15:00+00:00,115839.80,115851.40,115760.00,115851.40,311.159
2025-09-20T17:20:00+00:00,115851.40,115851.40,115814.60,115818.20,118.184
2025-09-20T17:25:00+00:00,115818.30,115818.30,115791.40,115791.40,95.774
2025-09-20T17:30:00+00:00,115791.50,115827.40,115791.40,115822.80,65.046
2025-09-20T17:35:00+00:00,115822.80,115828.10,115820.20,115820.20,64.910
2025-09-20T17:40:00+00:00,115820.30,115820.30,115809.50,115815.80,77.701
2025-09-20T17:45:00+00:00,115815.80,115815.80,115775.00,115775.00,127.883
2025-09-20T17:50:00+00:00,115775.00,115779.10,115757.00,115760.90,131.690
2025-09-20T17:55:00+00:00,115760.80,115760.90,115756.60,115760.00,52.451
2025-09-20T18:00:00+00:00,115760.00,115760.00,115666.90,115667.00,254.635
2025-09-20T18:05:00+00:00,115667.00,115687.50,115667.00,115668.30,113.079
2025-09-20T18:10:00+00:00,115668.40,115679.10,115666.60,115666.70,76.080
2025-09-20T18:15:00+00:00,115666.60,115666.70,115637.30,115657.10,147.596
2025-09-20T18:20:00+00:00,115657.20,115685.20,115657.10,115685.10,85.765
2025-09-20T18:25:00+00:00,115685.20,115735.00,115685.10,115734.90,61.836
2025-09-20T18:30:00+00:00,115734.90,115734.90,115711.30,115711.30,91.021
2025-09-20T18:35:00+00:00,115711.30,115711.40,115646.50,115646.70,76.824
2025-09-20T18:40:00+00:00,115646.70,115678.30,115646.70,115678.20,49.092
2025-09-20T18:45:00+00:00,115678.20,115678.30,115640.90,115640.90,102.850
2025-09-20T18:50:00+00:00,115640.90,115680.00,115640.90,115679.90,103.422
2025-09-20T18:55:00+00:00,115679.90,115680.00,115654.20,115654.20,36.686
2025-09-20T19:00:00+00:00,115654.30,115654.30,115642.90,115643.00,83.100
2025-09-20T19:05:00+00:00,115642.90,115672.60,115642.90,115651.50,151.293
2025-09-20T19:10:00+00:00,115651.40,115670.20,115651.40,115670.20,30.862
2025-09-20T19:15:00+00:00,115670.10,115693.60,115658.00,115658.00,112.321
2025-09-20T19:20:00+00:00,115658.10,115743.20,115658.00,115743.20,97.668
2025-09-20T19:25:00+00:00,115743.20,115743.20,115710.00,115713.30,59.047
2025-09-20T19:30:00+00:00,115713.30,115724.50,115713.20,115720.90,48.905
2025-09-20T19:35:00+00:00,115720.90,115720.90,115649.90,115649.90,95.888
2025-09-20T19:40:00+00:00,115650.00,115650.00,115642.50,115642.50,42.142
2025-09-20T19:45:00+00:00,115642.50,115647.10,115642.20,115647.10,63.962
2025-09-20T19:50:00+00:00,115647.00,115647.10,115638.30,115638.40,67.470
2025-09-20T19:55:00+00:00,115638.30,115642.60,115636.60,115636.60,30.806
2025-09-20T20:00:00+00:00,115636.60,115677.10,115631.10,115677.00,75.186
2025-09-20T20:05:00+00:00,115677.10,115693.70,115652.40,115652.60,130.082
2025-09-20T20:10:00+00:00,115652.60,115656.90,115652.50,115656.80,32.056
2025-09-20T20:15:00+00:00,115656.90,115666.80,115625.70,115625.70,139.843
2025-09-20T20:20:00+00:00,115625.70,115631.40,115625.70,115631.30,48.589
2025-09-20T20:25:00+00:00,115631.40,115695.10,115631.30,115695.00,33.556
2025-09-20T20:30:00+00:00,115695.00,115710.70,115695.00,115710.70,43.763
2025-09-20T20:35:00+00:00,115710.60,115710.70,115683.80,115698.20,78.576
2025-09-20T20:40:00+00:00,115698.20,115705.40,115698.20,115705.30,18.665
2025-09-20T20:45:00+00:00,115705.30,115724.20,115705.30,115724.10,31.088
2025-09-20T20:50:00+00:00,115724.20,115724.20,115705.50,115705.60,39.135
2025-09-20T20:55:00+00:00,115705.50,115705.60,115653.50,115653.60,108.536
2025-09-20T21:00:00+00:00,115653.50,115698.90,115653.50,115698.90,94.172
2025-09-20T21:05:00+00:00,115698.90,115698.90,115698.80,115698.80,14.711
2025-09-20T21:10:00+00:00,115698.80,115758.70,115698.80,115758.50,68.329
2025-09-20T21:15:00+00:00,115758.60,115758.60,115736.60,115753.10,70.763
2025-09-20T21:20:00+00:00,115753.10,115763.80,115750.10,115763.70,47.486
2025-09-20T21:25:00+00:00,115763.60,115806.90,115763.60,115806.90,52.574
2025-09-20T21:30:00+00:00,115806.90,115810.00,115800.10,115800.20,72.939
2025-09-20T21:35:00+00:00,115800.10,115862.80,115800.10,115862.70,123.448
2025-09-20T21:40:00+00:00,115862.80,115887.60,115817.00,115817.00,135.147
2025-09-20T21:45:00+00:00,115817.00,115817.00,115735.30,115746.30,84.287
2025-09-20T21:50:00+00:00,115746.30,115750.30,115743.60,115743.70,43.457
2025-09-20T21:55:00+00:00,115743.70,115743.70,115696.40,115724.20,81.753
2025-09-20T22:00:00+00:00,115724.20,115740.50,115704.70,115719.10,109.194
2025-09-20T22:05:00+00:00,115719.10,115719.10,115700.00,115700.00,40.485
2025-09-20T22:10:00+00:00,115700.10,115724.50,115696.00,115721.40,63.251
2025-09-20T22:15:00+00:00,115721.30,115731.30,115698.50,115704.40,182.319
2025-09-20T22:20:00+00:00,115704.50,115706.80,115697.00,115706.80,39.419
2025-09-20T22:25:00+00:00,115706.80,115706.80,115697.80,115697.90,30.624
2025-09-20T22:30:00+00:00,115697.90,115697.90,115680.80,115686.10,57.008
2025-09-20T22:35:00+00:00,115686.10,115701.60,115679.90,115692.10,70.810
2025-09-20T22:40:00+00:00,115692.10,115692.10,115680.70,115680.70,30.009
2025-09-20T22:45:00+00:00,115680.70,115717.60,115680.70,115717.60,34.470
2025-09-20T22:50:00+00:00,115717.50,115717.60,115698.40,115715.10,110.648
2025-09-20T22:55:00+00:00,115715.00,115715.10,115703.10,115703.20,25.798
2025-09-20T23:00:00+00:00,115703.10,115703.20,115681.60,115681.70,41.397
2025-09-20T23:05:00+00:00,115681.70,115690.40,115681.60,115690.40,28.325
2025-09-20T23:10:00+00:00,115690.40,115690.40,115663.00,115664.10,71.633
2025-09-20T23:15:00+00:00,115664.10,115668.70,115664.00,115668.70,21.929
2025-09-20T23:20:00+00:00,115668.60,115668.70,115657.10,115662.10,83.056
2025-09-20T23:25:00+00:00,115662.20,115669.60,115662.10,115662.20,89.089
2025-09-20T23:30:00+00:00,115662.10,115662.20,115549.90,115599.70,588.992
2025-09-20T23:35:00+00:00,115599.70,115599.80,115567.00,115567.00,109.558
2025-09-20T23:40:00+00:00,115567.00,115578.40,115567.00,115578.40,50.970
2025-09-20T23:45:00+00:00,115578.30,115615.00,115578.30,115615.00,39.711
2025-09-20T23:50:00+00:00,115615.00,115618.00,115614.90,115618.00,36.001
2025-09-20T23:55:00+00:00,115617.90,115625.00,115617.90,115624.90,30.356
2025-09-21T00:00:00+00:00,115625.00,115628.70,115624.90,115628.60,61.863
2025-09-21T00:05:00+00:00,115628.60,115628.80,115613.10,115613.20,105.501
2025-09-21T00:10:00+00:00,115613.10,115664.60,115613.10,115664.50,76.603
2025-09-21T00:15:00+00:00,115664.50,115671.20,115601.50,115610.50,124.405
2025-09-21T00:20:00+00:00,115610.40,115610.50,115564.10,115564.10,75.126
2025-09-21T00:25:00+00:00,115564.10,115592.40,115532.60,115535.70,250.191
2025-09-21T00:30:00+00:00,115535.70,115535.80,115502.20,115502.20,125.419
2025-09-21T00:35:00+00:00,115502.20,115508.10,115483.10,115507.10,203.722
2025-09-21T00:40:00+00:00,115507.00,115541.40,115507.00,115541.40,146.941
2025-09-21T00:45:00+00:00,115541.40,115549.60,115534.60,115534.70,79.735
2025-09-21T00:50:00+00:00,115534.60,115622.40,115534.60,115622.40,145.729
2025-09-21T00:55:00+00:00,115622.40,115622.40,115587.30,115587.30,66.931
2025-09-21T01:00:00+00:00,115587.30,115587.40,115585.00,115585.00,46.070
2025-09-21T01:05:00+00:00,115585.10,115585.10,115520.30,115520.30,74.084
2025-09-21T01:10:00+00:00,115520.30,115520.40,115520.30,115520.40,48.609
2025-09-21T01:15:00+00:00,115520.30,115545.40,115520.00,115520.00,96.437
2025-09-21T01:20:00+00:00,115520.00,115520.10,115500.00,115500.00,69.468
2025-09-21T01:25:00+00:00,115500.00,115500.10,115500.00,115500.10,33.921
2025-09-21T01:30:00+00:00,115500.10,115512.60,115500.00,115512.60,64.275
2025-09-21T01:35:00+00:00,115512.60,115512.60,115507.20,115507.30,59.393
2025-09-21T01:40:00+00:00,115507.30,115507.30,115500.00,115500.00,55.533
2025-09-21T01:45:00+00:00,115500.10,115500.10,115452.50,115452.60,170.677
2025-09-21T01:50:00+00:00,115452.60,115468.20,115447.20,115447.20,113.148
2025-09-21T01:55:00+00:00,115447.20,115447.30,115435.00,115435.10,78.713
2025-09-21T02:00:00+00:00,115435.10,115442.40,115435.00,115442.40,125.469
2025-09-21T02:05:00+00:00,115442.40,115476.60,115442.30,115476.60,120.427
2025-09-21T02:10:00+00:00,115476.60,115524.10,115476.50,115524.00,89.700
2025-09-21T02:15:00+00:00,115524.10,115527.50,115442.20,115452.50,179.012
2025-09-21T02:20:00+00:00,115452.40,115452.50,115388.00,115430.20,359.800
2025-09-21T02:25:00+00:00,115430.20,115459.40,115430.10,115459.40,60.256
2025-09-21T02:30:00+00:00,115459.40,115545.90,115459.30,115544.80,157.004
2025-09-21T02:35:00+00:00,115544.80,115553.80,115534.00,115534.10,98.176
2025-09-21T02:40:00+00:00,115534.10,115578.80,115534.00,115566.90,104.377
2025-09-21T02:45:00+00:00,115567.00,115605.60,115566.90,115605.50,54.393
2025-09-21T02:50:00+00:00,115605.50,115635.30,115586.70,115635.30,97.691
2025-09-21T02:55:00+00:00,115635.20,115650.00,115635.20,115635.60,85.497
2025-09-21T03:00:00+00:00,115635.70,115635.70,115635.60,115635.60,36.452
2025-09-21T03:05:00+00:00,115635.60,115650.50,115626.70,115630.10,114.007
2025-09-21T03:10:00+00:00,115630.10,115661.90,115617.60,115661.90,91.345
2025-09-21T03:15:00+00:00,115662.10,115662.10,115560.70,115574.30,189.064
2025-09-21T03:20:00+00:00,115574.20,115607.50,115574.20,115583.90,120.430
2025-09-21T03:25:00+00:00,115583.80,115600.70,115579.10,115600.70,47.547
2025-09-21T03:30:00+00:00,115600.70,115600.70,115567.20,115567.30,62.353
2025-09-21T03:35:00+00:00,115567.20,115600.50,115567.20,115591.50,61.414
2025-09-21T03:40:00+00:00,115591.50,115591.60,115570.70,115570.80,29.344
2025-09-21T03:45:00+00:00,115570.70,115600.30,115570.70,115599.60,68.291
2025-09-21T03:50:00+00:00,115599.50,115599.60,115591.40,115591.50,31.967
2025-09-21T03:55:00+00:00,115591.40,115616.60,115590.60,115613.80,74.136
2025-09-21T04:00:00+00:00,115613.80,115614.90,115593.40,115593.50,64.418
2025-09-21T04:05:00+00:00,115593.50,115593.50,115542.50,115543.70,70.472
2025-09-21T04:10:00+00:00,115543.70,115552.10,115525.60,115525.60,81.987
2025-09-21T04:15:00+00:00,115525.70,115525.70,115520.00,115520.10,63.659
2025-09-21T04:20:00+00:00,115520.10,115520.10,115520.00,115520.00,28.391
2025-09-21T04:25:00+00:00,115520.10,115520.10,115520.00,115520.00,25.334
2025-09-21T04:30:00+00:00,115520.00,115522.00,115489.20,115489.20,133.478
2025-09-21T04:35:00+00:00,115489.20,115489.30,115489.10,115489.20,44.342
2025-09-21T04:40:00+00:00,115489.20,115489.20,115480.00,115480.00,19.275
2025-09-21T04:45:00+00:00,115480.00,115480.10,115457.10,115457.20,78.237
2025-09-21T04:50:00+00:00,115457.20,115457.20,115443.00,115449.70,86.107
2025-09-21T04:55:00+00:00,115449.70,115449.80,115440.00,115440.10,100.712
2025-09-21T05:00:00+00:00,115440.00,115464.30,115430.20,115452.60,172.016
2025-09-21T05:05:00+00:00,115452.60,115463.10,115452.50,115463.00,101.113
2025-09-21T05:10:00+00:00,115463.10,115483.40,115463.00,115477.30,128.167
2025-09-21T05:15:00+00:00,115477.30,115507.50,115477.30,115501.50,105.768
2025-09-21T05:20:00+00:00,115501.40,115510.50,115488.90,115489.00,66.657
2025-09-21T05:25:00+00:00,115489.00,115489.00,115481.80,115481.80,58.517
2025-09-21T05:30:00+00:00,115481.90,115481.90,115470.60,115470.70,59.542
2025-09-21T05:35:00+00:00,115470.70,115479.20,115470.10,115478.90,139.660
2025-09-21T05:40:00+00:00,115478.90,115479.00,115478.90,115479.00,23.475
2025-09-21T05:45:00+00:00,115479.00,115530.70,115478.90,115530.70,136.174
2025-09-21T05:50:00+00:00,115530.70,115566.00,115530.60,115565.90,72.375
2025-09-21T05:55:00+00:00,115566.00,115623.90,115565.90,115623.90,110.174
2025-09-21T06:00:00+00:00,115623.90,115682.60,115623.80,115635.50,202.758
2025-09-21T06:05:00+00:00,115635.60,115743.40,115635.50,115743.30,179.936
2025-09-21T06:10:00+00:00,115743.30,115743.40,115740.00,115740.10,86.335
2025-09-21T06:15:00+00:00,115740.00,115744.00,115724.30,115744.00,116.737
2025-09-21T06:20:00+00:00,115743.90,115744.00,115714.50,115722.70,121.972
2025-09-21T06:25:00+00:00,115722.60,115737.70,115718.40,115733.20,89.511
2025-09-21T06:30:00+00:00,115733.10,115733.20,115691.80,115697.50,72.573
2025-09-21T06:35:00+00:00,115697.40,115697.50,115674.90,115675.00,61.139
2025-09-21T06:40:00+00:00,115674.90,115722.00,115674.90,115697.60,178.628
2025-09-21T06:45:00+00:00,115697.50,115697.60,115674.70,115674.70,41.927
2025-09-21T06:50:00+00:00,115674.70,115674.80,115651.20,115651.30,42.199
2025-09-21T06:55:00+00:00,115651.20,115651.30,115633.30,115633.30,40.947
2025-09-21T07:00:00+00:00,115633.30,115649.70,115633.30,115643.80,79.790
2025-09-21T07:05:00+00:00,115643.70,115643.80,115581.80,115586.70,228.367
2025-09-21T07:10:00+00:00,115586.70,115586.80,115586.20,115586.20,40.394
2025-09-21T07:15:00+00:00,115586.20,115586.30,115577.60,115577.70,34.161
2025-09-21T07:20:00+00:00,115577.60,115577.70,115556.70,115556.80,61.953
2025-09-21T07:25:00+00:00,115556.80,115556.80,115556.70,115556.80,51.978
2025-09-21T07:30:00+00:00,115556.70,115571.70,115556.70,115571.60,120.264
2025-09-21T07:35:00+00:00,115571.60,115642.80,115571.60,115642.70,171.306
2025-09-21T07:40:00+00:00,115642.70,115665.50,115632.40,115632.40,241.476
2025-09-21T07:45:00+00:00,115632.40,115690.50,115632.40,115676.40,175.185
2025-09-21T07:50:00+00:00,115676.30,115766.60,115676.30,115766.50,295.496
2025-09-21T07:55:00+00:00,115766.50,115772.90,115730.30,115772.90,151.637
2025-09-21T08:00:00+00:00,115772.80,115778.00,115714.70,115714.80,108.905
2025-09-21T08:05:00+00:00,115714.70,115714.80,115662.80,115662.90,62.281
2025-09-21T08:10:00+00:00,115662.80,115662.90,115601.00,115601.00,88.921
2025-09-21T08:15:00+00:00,115601.00,115617.40,115601.00,115617.40,85.611
2025-09-21T08:20:00+00:00,115617.30,115617.40,115604.60,115605.10,77.265
2025-09-21T08:25:00+00:00,115605.00,115605.10,115544.30,115544.30,158.517
2025-09-21T08:30:00+00:00,115544.30,115544.40,115509.50,115532.80,222.423
2025-09-21T08:35:00+00:00,115532.70,115555.00,115532.70,115551.50,105.597
2025-09-21T08:40:00+00:00,115551.50,115551.60,115526.40,115543.50,68.126
2025-09-21T08:45:00+00:00,115543.40,115549.00,115525.00,115538.60,141.520
2025-09-21T08:50:00+00:00,115538.60,115596.80,115538.60,115582.10,166.718
2025-09-21T08:55:00+00:00,115582.00,115583.20,115570.80,115583.20,64.573
2025-09-21T09:00:00+00:00,115583.10,115588.30,115575.80,115575.80,55.134
2025-09-21T09:05:00+00:00,115575.80,115575.90,115568.70,115568.80,51.129
2025-09-21T09:10:00+00:00,115568.70,115575.90,115524.20,115524.20,63.060
2025-09-21T09:15:00+00:00,115524.20,115524.30,115442.40,115461.00,356.139
2025-09-21T09:20:00+00:00,115461.00,115461.10,115433.60,115437.50,139.652
2025-09-21T09:25:00+00:00,115437.40,115437.50,115390.00,115419.90,316.872
2025-09-21T09:30:00+00:00,115419.80,115419.90,115315.00,115350.00,438.461
2025-09-21T09:35:00+00:00,115349.90,115358.90,115277.00,115358.80,759.422
2025-09-21T09:40:00+00:00,115358.80,115467.00,115358.80,115455.70,223.162
2025-09-21T09:45:00+00:00,115455.70,115521.60,115422.90,115521.60,217.223
2025-09-21T09:50:00+00:00,115521.60,115565.40,115521.60,115547.00,177.892
2025-09-21T09:55:00+00:00,115546.90,115660.10,115546.90,115626.20,364.479
2025-09-21T10:00:00+00:00,115626.10,115650.10,115626.10,115650.00,106.509
2025-09-21T10:05:00+00:00,115650.00,115666.00,115597.80,115597.80,221.879
2025-09-21T10:10:00+00:00,115597.80,115610.00,115597.80,115609.90,57.160
2025-09-21T10:15:00+00:00,115609.90,115610.00,115561.50,115561.50,97.208
2025-09-21T10:20:00+00:00,115561.50,115580.00,115546.00,115580.00,77.710
2025-09-21T10:25:00+00:00,115579.90,115580.00,115568.00,115576.70,60.479
2025-09-21T10:30:00+00:00,115576.70,115576.80,115530.00,115530.00,42.961
2025-09-21T10:35:00+00:00,115530.00,115563.20,115530.00,115562.00,76.920
2025-09-21T10:40:00+00:00,115561.90,115573.10,115503.60,115503.70,89.065
2025-09-21T10:45:00+00:00,115503.60,115509.40,115445.00,115445.00,131.042
2025-09-21T10:50:00+00:00,115445.00,115478.50,115445.00,115469.70,69.495
2025-09-21T10:55:00+00:00,115469.60,115484.10,115452.10,115465.10,83.878
2025-09-21T11:00:00+00:00,115465.10,115509.40,115459.00,115493.30,104.202
2025-09-21T11:05:00+00:00,115493.30,115626.80,115493.30,115572.90,158.105
2025-09-21T11:10:00+00:00,115572.80,115634.50,115572.80,115620.20,86.612
2025-09-21T11:15:00+00:00,115620.20,115620.30,115559.70,115580.70,109.074
2025-09-21T11:20:00+00:00,115580.80,115602.50,115571.00,115599.90,62.848
2025-09-21T11:25:00+00:00,115599.90,115618.50,115599.90,115616.30,55.061
2025-09-21T11:30:00+00:00,115616.30,115637.00,115616.20,115622.30,53.193
2025-09-21T11:35:00+00:00,115622.30,115644.40,115618.50,115644.40,35.840
2025-09-21T11:40:00+00:00,115644.40,115654.10,115634.30,115638.00,87.879
2025-09-21T11:45:00+00:00,115637.90,115637.90,115610.00,115610.00,67.487
2025-09-21T11:50:00+00:00,115610.10,115610.10,115555.00,115587.30,106.360
2025-09-21T11:55:00+00:00,115587.30,115587.30,115559.20,115559.30,40.668
2025-09-21T12:00:00+00:00,115559.30,115624.00,115559.30,115624.00,56.836
2025-09-21T12:05:00+00:00,115624.00,115650.00,115623.90,115649.90,78.642
2025-09-21T12:10:00+00:00,115649.90,115654.00,115644.20,115644.30,67.062
2025-09-21T12:15:00+00:00,115644.20,115700.00,115644.20,115700.00,128.061
2025-09-21T12:20:00+00:00,115700.00,115702.20,115667.20,115667.30,127.079
2025-09-21T12:25:00+00:00,115667.20,115667.30,115657.40,115666.00,92.814
2025-09-21T12:30:00+00:00,115666.10,115700.00,115666.00,115699.90,80.924
2025-09-21T12:35:00+00:00,115700.00,115703.90,115691.70,115691.70,75.608
2025-09-21T12:40:00+00:00,115691.70,115701.20,115678.30,115678.30,80.107
2025-09-21T12:45:00+00:00,115678.30,115678.40,115659.40,115664.00,72.103
2025-09-21T12:50:00+00:00,115663.90,115668.40,115651.60,115663.10,50.873
2025-09-21T12:55:00+00:00,115663.20,115663.20,115623.80,115623.80,85.465
2025-09-21T13:00:00+00:00,115623.90,115654.00,115618.20,115650.70,133.217
2025-09-21T13:05:00+00:00,115650.70,115680.00,115650.60,115663.20,91.879
2025-09-21T13:10:00+00:00,115663.10,115663.30,115650.00,115650.10,65.232
2025-09-21T13:15:00+00:00,115650.10,115659.00,115641.10,115641.20,37.253
2025-09-21T13:20:00+00:00,115641.10,115665.00,115641.10,115641.70,36.959
2025-09-21T13:25:00+00:00,115641.70,115667.00,115641.60,115667.00,29.142
2025-09-21T13:30:00+00:00,115666.90,115696.30,115666.90,115686.10,82.861
2025-09-21T13:35:00+00:00,115686.00,115686.10,115596.00,115622.40,181.756
2025-09-21T13:40:00+00:00,115622.30,115622.40,115583.30,115587.60,64.713
2025-09-21T13:45:00+00:00,115587.50,115609.20,115587.50,115609.10,35.611
2025-09-21T13:50:00+00:00,115609.10,115612.90,115609.10,115612.80,46.120
2025-09-21T13:55:00+00:00,115612.80,115612.90,115610.90,115611.00,47.353
2025-09-21T14:00:00+00:00,115611.00,115636.10,115609.30,115609.50,79.749
2025-09-21T14:05:00+00:00,115609.50,115609.50,115581.00,115604.90,80.416
2025-09-21T14:10:00+00:00,115605.00,115621.90,115604.90,115621.90,53.105
2025-09-21T14:15:00+00:00,115621.80,115621.90,115596.10,115596.10,55.600
2025-09-21T14:20:00+00:00,115596.10,115596.20,115546.80,115546.80,94.342
2025-09-21T14:25:00+00:00,115546.80,115546.90,115505.00,115526.20,93.801
2025-09-21T14:30:00+00:00,115526.30,115546.80,115519.20,115519.20,82.848
2025-09-21T14:35:00+00:00,115519.30,115519.30,115511.60,115511.60,32.747
2025-09-21T14:40:00+00:00,115511.60,115619.50,115436.10,115607.90,495.144
2025-09-21T14:45:00+00:00,115607.90,115638.70,115533.80,115533.80,235.533
2025-09-21T14:50:00+00:00,115533.80,115533.90,115500.00,115500.10,95.131
2025-09-21T14:55:00+00:00,115500.00,115500.10,115446.30,115446.40,148.121
2025-09-21T15:00:00+00:00,115446.30,115450.00,115445.00,115449.90,93.433
2025-09-21T15:05:00+00:00,115449.90,115524.00,115449.90,115524.00,88.149
2025-09-21T15:10:00+00:00,115524.00,115524.00,115488.00,115496.80,79.311
2025-09-21T15:15:00+00:00,115496.70,115503.90,115484.70,115503.80,59.061
2025-09-21T15:20:00+00:00,115503.80,115503.90,115462.00,115462.10,51.539
2025-09-21T15:25:00+00:00,115462.10,115462.10,115435.90,115435.90,53.594
2025-09-21T15:30:00+00:00,115435.90,115455.20,115413.00,115413.00,113.066
2025-09-21T15:35:00+00:00,115413.00,115497.70,115413.00,115493.40,152.911
2025-09-21T15:40:00+00:00,115493.40,115526.90,115482.50,115526.80,64.557
2025-09-21T15:45:00+00:00,115526.80,115557.00,115480.60,115510.90,143.966
2025-09-21T15:50:00+00:00,115510.90,115530.60,115491.30,115491.30,89.250
2025-09-21T15:55:00+00:00,115491.30,115491.40,115468.70,115471.10,53.314
2025-09-21T16:00:00+00:00,115471.00,115500.60,115441.90,115441.90,117.563
2025-09-21T16:05:00+00:00,115441.90,115443.20,115426.00,115431.50,120.453
2025-09-21T16:10:00+00:00,115431.50,115435.90,115420.60,115420.90,64.626
2025-09-21T16:15:00+00:00,115420.90,115421.00,115338.00,115338.10,199.936
2025-09-21T16:20:00+00:00,115338.00,115357.30,115318.80,115318.80,143.740
2025-09-21T16:25:00+00:00,115318.80,115358.40,115318.70,115358.40,204.077
2025-09-21T16:30:00+00:00,115358.30,115358.40,115316.10,115346.40,137.110
2025-09-21T16:35:00+00:00,115346.40,115346.40,115271.00,115275.80,246.882
2025-09-21T16:40:00+00:00,115275.90,115277.50,115250.00,115277.50,497.337
2025-09-21T16:45:00+00:00,115277.40,115277.50,115188.00,115188.10,590.267
2025-09-21T16:50:00+00:00,115188.20,115239.50,115158.00,115214.80,292.392
2025-09-21T16:55:00+00:00,115214.90,115270.80,115178.00,115270.80,199.345
2025-09-21T17:00:00+00:00,115270.80,115305.60,115206.00,115217.70,221.106
2025-09-21T17:05:00+00:00,115217.80,115263.80,115217.70,115241.20,101.807
2025-09-21T17:10:00+00:00,115241.20,115335.30,115241.10,115330.90,196.315
2025-09-21T17:15:00+00:00,115330.90,115345.00,115241.40,115343.20,142.323
2025-09-21T17:20:00+00:00,115343.20,115449.80,115333.80,115390.80,271.384
2025-09-21T17:25:00+00:00,115390.80,115390.80,115311.90,115356.10,135.691
2025-09-21T17:30:00+00:00,115356.10,115356.20,115314.30,115337.80,60.131
2025-09-21T17:35:00+00:00,115338.00,115367.30,115311.50,115339.00,89.165
2025-09-21T17:40:00+00:00,115339.00,115359.30,115338.90,115359.30,53.778
2025-09-21T17:45:00+00:00,115359.30,115432.90,115359.20,115432.80,57.693
2025-09-21T17:50:00+00:00,115432.90,115577.50,115432.80,115577.50,339.492
2025-09-21T17:55:00+00:00,115577.50,115596.00,115567.60,115581.30,203.371
2025-09-21T18:00:00+00:00,115581.30,115595.90,115529.80,115582.00,189.259
2025-09-21T18:05:00+00:00,115582.00,115585.00,115581.90,115585.00,63.241
2025-09-21T18:10:00+00:00,115585.00,115620.00,115567.60,115567.70,153.882
2025-09-21T18:15:00+00:00,115567.70,115583.00,115495.80,115500.00,116.851
2025-09-21T18:20:00+00:00,115500.00,115500.00,115490.00,115494.80,44.320
2025-09-21T18:25:00+00:00,115494.70,115502.00,115482.50,115482.60,57.908
2025-09-21T18:30:00+00:00,115482.50,115542.20,115482.50,115527.90,77.786
2025-09-21T18:35:00+00:00,115528.00,115533.70,115511.50,115511.60,58.382
2025-09-21T18:40:00+00:00,115511.50,115511.60,115488.90,115488.90,44.966
2025-09-21T18:45:00+00:00,115488.90,115508.40,115488.90,115492.50,60.302
2025-09-21T18:50:00+00:00,115492.50,115492.60,115469.60,115488.20,92.136
2025-09-21T18:55:00+00:00,115488.10,115494.20,115481.50,115481.60,75.470
2025-09-21T19:00:00+00:00,115481.60,115481.60,115444.40,115444.40,85.013
2025-09-21T19:05:00+00:00,115444.40,115444.50,115272.70,115308.40,347.475
2025-09-21T19:10:00+00:00,115308.40,115308.40,115267.50,115296.60,121.803
2025-09-21T19:15:00+00:00,115296.60,115392.00,115296.60,115392.00,84.152
2025-09-21T19:20:00+00:00,115391.90,115397.90,115383.30,115396.70,73.541
2025-09-21T19:25:00+00:00,115396.60,115471.40,115396.60,115471.40,100.378
2025-09-21T19:30:00+00:00,115471.30,115471.40,115420.30,115420.40,43.582
2025-09-21T19:35:00+00:00,115420.40,115420.40,115402.30,115409.30,40.433
2025-09-21T19:40:00+00:00,115409.30,115409.30,115400.00,115400.00,22.767
2025-09-21T19:45:00+00:00,115400.00,115441.00,115395.90,115440.90,54.288
2025-09-21T19:50:00+00:00,115440.90,115441.00,115440.90,115440.90,19.345
2025-09-21T19:55:00+00:00,115441.00,115441.00,115440.90,115441.00,27.344
2025-09-21T20:00:00+00:00,115441.00,115457.70,115389.80,115389.90,89.085
2025-09-21T20:05:00+00:00,115389.80,115389.80,115309.30,115309.40,54.997
2025-09-21T20:10:00+00:00,115309.30,115345.20,115309.30,115345.10,58.545
2025-09-21T20:15:00+00:00,115345.10,115419.10,115345.10,115378.40,75.250
2025-09-21T20:20:00+00:00,115378.50,115426.00,115378.40,115408.20,50.728
2025-09-21T20:25:00+00:00,115408.10,115458.20,115408.10,115458.10,25.612
2025-09-21T20:30:00+00:00,115458.10,115458.20,115384.10,115400.10,44.833
2025-09-21T20:35:00+00:00,115400.10,115400.20,115329.70,115343.40,78.788
2025-09-21T20:40:00+00:00,115343.40,115364.50,115330.30,115339.90,53.591
2025-09-21T20:45:00+00:00,115339.90,115373.00,115327.40,115373.00,39.739
2025-09-21T20:50:00+00:00,115372.90,115372.90,115317.60,115317.70,45.416
2025-09-21T20:55:00+00:00,115317.60,115350.50,115256.20,115256.30,133.868
2025-09-21T21:00:00+00:00,115256.20,115281.60,115241.10,115241.10,77.804
2025-09-21T21:05:00+00:00,115241.20,115241.20,115181.70,115222.70,178.395
2025-09-21T21:10:00+00:00,115222.70,115261.40,115222.70,115257.00,111.777
2025-09-21T21:15:00+00:00,115257.00,115275.60,115247.60,115251.90,75.901
2025-09-21T21:20:00+00:00,115251.90,115252.00,115216.50,115216.60,35.643
2025-09-21T21:25:00+00:00,115216.60,115216.60,115197.70,115197.80,45.319
2025-09-21T21:30:00+00:00,115197.80,115315.70,115197.70,115315.70,112.677
2025-09-21T21:35:00+00:00,115315.70,115333.80,115303.70,115333.70,77.907
2025-09-21T21:40:00+00:00,115333.80,115362.50,115308.20,115362.50,75.562
2025-09-21T21:45:00+00:00,115362.50,115383.40,115304.00,115304.10,54.622
2025-09-21T21:50:00+00:00,115304.10,115383.90,115304.00,115383.80,52.206
2025-09-21T21:55:00+00:00,115383.90,115383.90,115363.90,115364.00,68.196
2025-09-21T22:00:00+00:00,115363.90,115437.50,115345.50,115370.80,196.528
2025-09-21T22:05:00+00:00,115370.80,115373.20,115241.40,115241.50,158.202
2025-09-21T22:10:00+00:00,115241.50,115241.50,115163.50,115178.50,382.876
2025-09-21T22:15:00+00:00,115178.40,115233.40,115157.60,115170.30,142.958
2025-09-21T22:20:00+00:00,115170.40,115253.50,115137.60,115253.50,213.604
2025-09-21T22:25:00+00:00,115253.50,115285.30,115253.40,115268.30,98.025
2025-09-21T22:30:00+00:00,115268.40,115276.20,115220.60,115244.50,109.361
2025-09-21T22:35:00+00:00,115244.50,115332.70,115226.60,115332.60,88.501
2025-09-21T22:40:00+00:00,115332.60,115452.20,115327.30,115452.10,140.969
2025-09-21T22:45:00+00:00,115452.20,115502.90,115452.10,115452.60,172.085
2025-09-21T22:50:00+00:00,115452.70,115506.00,115452.60,115499.90,118.086
2025-09-21T22:55:00+00:00,115499.90,115510.70,115485.60,115485.60,102.059
2025-09-21T23:00:00+00:00,115485.60,115485.70,115286.40,115286.50,150.008
2025-09-21T23:05:00+00:00,115286.50,115306.90,115158.40,115222.90,374.703
2025-09-21T23:10:00+00:00,115223.00,115262.50,115183.50,115240.50,207.290
2025-09-21T23:15:00+00:00,115240.40,115240.50,115150.80,115150.90,96.146
2025-09-21T23:20:00+00:00,115150.90,115241.50,115150.80,115241.50,161.583
2025-09-21T23:25:00+00:00,115241.50,115287.90,115232.80,115261.30,102.494
2025-09-21T23:30:00+00:00,115261.30,115293.00,115188.90,115192.80,127.643
2025-09-21T23:35:00+00:00,115192.80,115237.90,115171.00,115222.00,64.762
2025-09-21T23:40:00+00:00,115222.00,115239.70,115200.30,115215.90,85.773
2025-09-21T23:45:00+00:00,115215.80,115228.70,115201.30,115201.30,147.049
2025-09-21T23:50:00+00:00,115201.30,115232.70,115172.00,115217.10,102.656
2025-09-21T23:55:00+00:00,115217.10,115217.20,115175.30,115183.90,74.561
2025-09-22T00:00:00+00:00,115183.90,115320.20,115136.50,115250.50,334.680
2025-09-22T00:05:00+00:00,115250.60,115334.40,115229.50,115229.50,118.124
2025-09-22T00:10:00+00:00,115229.60,115344.60,115229.50,115229.70,124.935
2025-09-22T00:15:00+00:00,115229.70,115277.10,115103.20,115162.80,350.726
2025-09-22T00:20:00+00:00,115162.90,115178.80,115083.70,115140.00,357.528
2025-09-22T00:25:00+00:00,115140.00,115240.40,115090.70,115129.50,247.262
2025-09-22T00:30:00+00:00,115129.40,115129.40,114737.00,114936.20,4227.320
2025-09-22T00:35:00+00:00,114936.20,114975.10,114641.80,114713.10,2700.718
2025-09-22T00:40:00+00:00,114713.00,114915.10,114666.10,114794.90,872.066
2025-09-22T00:45:00+00:00,114795.00,114856.00,114504.40,114558.50,1854.210
2025-09-22T00:50:00+00:00,114558.50,114580.70,114122.00,114486.80,3779.041
2025-09-22T00:55:00+00:00,114486.90,114508.80,114307.00,114335.90,934.117
2025-09-22T01:00:00+00:00,114335.80,114482.50,114226.70,114425.30,1212.361
2025-09-22T01:05:00+00:00,114425.30,114491.60,114297.20,114344.50,498.918
2025-09-22T01:10:00+00:00,114344.40,114578.60,114293.30,114559.50,649.439
2025-09-22T01:15:00+00:00,114559.50,114621.30,114393.80,114435.40,1105.000
2025-09-22T01:20:00+00:00,114435.50,114539.90,114435.50,114437.20,278.504
2025-09-22T01:25:00+00:00,114437.20,114629.40,114437.10,114593.70,816.053
2025-09-22T01:30:00+00:00,114593.70,114700.00,114490.00,114650.00,639.140
2025-09-22T01:35:00+00:00,114650.00,114681.50,114579.00,114659.50,316.439
2025-09-22T01:40:00+00:00,114659.50,114697.00,114519.10,114547.80,491.523
2025-09-22T01:45:00+00:00,114547.80,114617.50,114523.60,114561.00,308.712
2025-09-22T01:50:00+00:00,114561.00,114561.10,114229.30,114276.40,782.968
2025-09-22T01:55:00+00:00,114276.40,114276.40,114178.00,114211.80,947.500
2025-09-22T02:00:00+00:00,114211.90,114450.00,114205.50,114416.80,1145.322
2025-09-22T02:05:00+00:00,114416.80,114520.70,114264.50,114469.90,777.063
2025-09-22T02:10:00+00:00,114469.90,114470.00,114272.50,114305.10,558.360
2025-09-22T02:15:00+00:00,114305.10,114428.20,114305.00,114350.00,268.723
2025-09-22T02:20:00+00:00,114350.00,114430.70,114300.10,114430.40,282.963
2025-09-22T02:25:00+00:00,114430.30,114563.40,114302.30,114460.30,888.362
2025-09-22T02:30:00+00:00,114460.40,114460.40,114050.00,114213.40,1626.273
2025-09-22T02:35:00+00:00,114213.30,114282.80,114119.30,114249.30,488.188
2025-09-22T02:40:00+00:00,114249.30,114327.00,114188.70,114234.70,304.817
2025-09-22T02:45:00+00:00,114234.70,114300.00,114212.50,114264.60,261.774
2025-09-22T02:50:00+00:00,114264.70,114368.00,114188.00,114188.00,190.037
2025-09-22T02:55:00+00:00,114188.10,114214.40,114126.00,114126.00,223.848
2025-09-22T03:00:00+00:00,114126.10,114266.00,114126.00,114253.00,268.688
2025-09-22T03:05:00+00:00,114253.00,114318.00,114186.90,114294.20,222.441
2025-09-22T03:10:00+00:00,114294.30,114329.30,114201.20,114249.50,314.725
2025-09-22T03:15:00+00:00,114249.60,114393.90,114249.50,114328.20,258.838
2025-09-22T03:20:00+00:00,114328.10,114373.40,114272.40,114367.10,156.973
2025-09-22T03:25:00+00:00,114367.10,114403.80,114275.00,114403.80,293.561
2025-09-22T03:30:00+00:00,114403.80,114444.00,114319.50,114319.60,366.372
2025-09-22T03:35:00+00:00,114319.50,114357.10,114270.00,114314.10,138.613
2025-09-22T03:40:00+00:00,114314.10,114481.90,114311.40,114478.80,341.647
2025-09-22T03:45:00+00:00,114478.70,114562.90,114478.70,114554.90,314.568
2025-09-22T03:50:00+00:00,114555.00,114596.10,114540.90,114556.80,315.863
2025-09-22T03:55:00+00:00,114556.80,114602.90,114537.60,114602.90,261.967
2025-09-22T04:00:00+00:00,114602.90,114602.90,114541.70,114541.70,283.321
2025-09-22T04:05:00+00:00,114541.70,114604.90,114459.60,114459.70,251.755
2025-09-22T04:10:00+00:00,114459.60,114459.70,114382.40,114382.50,182.910
2025-09-22T04:15:00+00:00,114382.50,114500.00,114342.50,114465.60,235.822
2025-09-22T04:20:00+00:00,114465.60,114492.50,114374.80,114432.90,175.510
2025-09-22T04:25:00+00:00,114432.90,114463.40,114416.10,114445.50,156.418
2025-09-22T04:30:00+00:00,114445.50,114518.30,114440.00,114450.20,184.575
2025-09-22T04:35:00+00:00,114450.20,114469.70,114402.40,114435.20,148.020
2025-09-22T04:40:00+00:00,114435.10,114454.80,114352.90,114358.40,212.417
2025-09-22T04:45:00+00:00,114358.40,114423.00,114342.80,114415.30,538.040
2025-09-22T04:50:00+00:00,114415.30,114415.30,114359.20,114381.80,149.285
2025-09-22T04:55:00+00:00,114381.80,114385.90,114361.30,114380.10,108.947
2025-09-22T05:00:00+00:00,114380.10,114380.10,114317.60,114317.70,150.435
2025-09-22T05:05:00+00:00,114317.70,114344.40,114300.00,114307.70,192.564
2025-09-22T05:10:00+00:00,114307.60,114382.20,114307.60,114351.40,140.844
2025-09-22T05:15:00+00:00,114351.50,114351.50,114305.50,114314.70,157.996
2025-09-22T05:20:00+00:00,114314.70,114494.30,114300.60,114474.70,196.937
2025-09-22T05:25:00+00:00,114474.80,114499.40,114428.00,114478.50,221.434
2025-09-22T05:30:00+00:00,114478.60,114478.60,114369.80,114426.60,168.727
2025-09-22T05:35:00+00:00,114426.70,114426.70,114347.10,114364.30,125.927
2025-09-22T05:40:00+00:00,114364.30,114372.50,114276.20,114276.20,187.887
2025-09-22T05:45:00+00:00,114276.30,114337.30,114275.50,114316.50,121.576
2025-09-22T05:50:00+00:00,114316.50,114337.30,114269.00,114269.00,93.698
2025-09-22T05:55:00+00:00,114269.00,114269.10,113588.00,113635.60,2555.662
2025-09-22T06:00:00+00:00,113615.00,113636.50,111469.20,112439.60,20312.561
2025-09-22T06:05:00+00:00,112439.60,112854.60,112414.00,112690.10,4564.137
2025-09-22T06:10:00+00:00,112690.50,113054.40,112585.70,112937.00,2156.601
2025-09-22T06:15:00+00:00,112937.10,113094.30,112751.60,113012.90,2042.533
2025-09-22T06:20:00+00:00,113012.90,113023.00,112627.90,112875.70,1778.262
2025-09-22T06:25:00+00:00,112875.80,112970.20,112600.00,112752.00,1323.653
2025-09-22T06:30:00+00:00,112752.00,112789.10,112619.10,112662.00,1144.009
2025-09-22T06:35:00+00:00,112662.00,113000.00,112652.00,112891.00,1033.461
2025-09-22T06:40:00+00:00,112891.00,112905.60,112756.60,112894.60,565.899
2025-09-22T06:45:00+00:00,112894.50,112923.00,112832.10,112919.30,428.010
2025-09-22T06:50:00+00:00,112919.20,112980.20,112776.40,112776.40,563.002
2025-09-22T06:55:00+00:00,112776.50,112817.80,112666.30,112748.80,589.533
2025-09-22T07:00:00+00:00,112748.80,112835.80,112584.00,112754.50,1494.971
2025-09-22T07:05:00+00:00,112754.50,112837.30,112713.30,112822.20,399.824
2025-09-22T07:10:00+00:00,112822.10,112823.30,112650.00,112652.20,396.780
2025-09-22T07:15:00+00:00,112652.20,112690.00,112544.10,112555.30,332.247
2025-09-22T07:20:00+00:00,112555.40,112703.70,112555.20,112627.80,440.163
2025-09-22T07:25:00+00:00,112627.90,112769.20,112523.60,112730.00,430.477
2025-09-22T07:30:00+00:00,112730.00,112847.60,112681.40,112793.20,498.631
2025-09-22T07:35:00+00:00,112792.90,112812.30,112681.50,112775.30,431.256
2025-09-22T07:40:00+00:00,112775.20,112937.80,112758.80,112932.90,609.938
2025-09-22T07:45:00+00:00,112933.00,112948.80,112851.70,112915.20,503.757
2025-09-22T07:50:00+00:00,112915.20,112915.30,112391.50,112500.00,4030.964
2025-09-22T07:55:00+00:00,112499.90,112517.20,112399.90,112454.40,959.310
2025-09-22T08:00:00+00:00,112454.50,112506.00,112377.00,112460.70,655.702
2025-09-22T08:05:00+00:00,112460.70,112659.80,112409.80,112648.50,612.975
2025-09-22T08:10:00+00:00,112648.50,112698.10,112556.90,112578.90,552.732
2025-09-22T08:15:00+00:00,112578.90,112660.00,112472.90,112660.00,396.411
2025-09-22T08:20:00+00:00,112659.90,112660.00,112572.00,112607.10,333.911
2025-09-22T08:25:00+00:00,112607.20,112642.90,112429.10,112566.20,294.947
2025-09-22T08:30:00+00:00,112566.20,112575.00,112486.40,112561.50,175.100
2025-09-22T08:35:00+00:00,112561.50,112698.90,112561.40,112695.90,275.180
2025-09-22T08:40:00+00:00,112695.80,112695.80,112609.80,112658.90,228.586
2025-09-22T08:45:00+00:00,112659.00,112724.50,112593.30,112703.90,293.364
2025-09-22T08:50:00+00:00,112703.80,112708.90,112585.80,112591.60,236.969
2025-09-22T08:55:00+00:00,112591.70,112638.00,112560.00,112568.30,124.493
2025-09-22T09:00:00+00:00,112568.20,112616.50,112527.20,112556.80,206.687
2025-09-22T09:05:00+00:00,112556.70,112560.00,112478.20,112504.50,199.887
2025-09-22T09:10:00+00:00,112504.60,112522.20,112354.00,112359.90,294.922
2025-09-22T09:15:00+00:00,112359.90,112491.70,112326.00,112364.50,401.614
2025-09-22T09:20:00+00:00,112364.50,112404.20,112267.80,112289.90,667.897
2025-09-22T09:25:00+00:00,112290.00,112381.60,112289.90,112340.00,242.828
2025-09-22T09:30:00+00:00,112340.10,112430.00,112167.70,112380.90,1007.920
2025-09-22T09:35:00+00:00,112380.80,112380.80,112192.30,112192.30,411.288
2025-09-22T09:40:00+00:00,112192.40,112280.00,112192.30,112276.40,545.350
2025-09-22T09:45:00+00:00,112276.30,112325.30,112181.20,112200.00,373.781
2025-09-22T09:50:00+00:00,112200.10,112272.10,112119.00,112272.10,634.202
2025-09-22T09:55:00+00:00,112272.00,112348.80,112243.30,112288.60,266.220
2025-09-22T10:00:00+00:00,112288.70,112383.10,112203.20,112307.60,387.604
2025-09-22T10:05:00+00:00,112307.60,112443.90,112307.60,112441.40,430.138
2025-09-22T10:10:00+00:00,112441.40,112474.90,112422.20,112470.00,411.743
2025-09-22T10:15:00+00:00,112470.00,112568.50,112455.30,112560.10,469.351
2025-09-22T10:20:00+00:00,112560.10,112627.50,112509.70,112627.50,250.686
2025-09-22T10:25:00+00:00,112627.50,112627.50,112500.00,112500.00,258.238
2025-09-22T10:30:00+00:00,112500.10,112500.10,112376.20,112399.30,247.646
2025-09-22T10:35:00+00:00,112399.30,112442.40,112319.40,112380.50,158.899
2025-09-22T10:40:00+00:00,112380.50,112420.00,112356.00,112414.70,109.437
2025-09-22T10:45:00+00:00,112414.80,112605.90,112414.70,112605.80,211.461
2025-09-22T10:50:00+00:00,112605.80,112800.00,112600.00,112799.30,659.961
2025-09-22T10:55:00+00:00,112799.20,112799.30,112727.70,112732.60,313.990
2025-09-22T11:00:00+00:00,112732.50,112800.00,112721.80,112779.40,264.940
2025-09-22T11:05:00+00:00,112779.30,112865.20,112775.30,112829.10,350.554
2025-09-22T11:10:00+00:00,112829.00,112858.30,112814.40,112857.30,188.363
2025-09-22T11:15:00+00:00,112857.30,112857.40,112753.10,112784.50,302.719
2025-09-22T11:20:00+00:00,112784.60,112927.00,112784.60,112884.10,374.061
2025-09-22T11:25:00+00:00,112884.10,112884.10,112725.30,112725.40,203.033
2025-09-22T11:30:00+00:00,112725.30,112795.20,112721.00,112758.10,214.920
2025-09-22T11:35:00+00:00,112758.20,112761.50,112724.30,112725.60,122.278
2025-09-22T11:40:00+00:00,112725.50,112725.60,112617.00,112648.80,358.249
2025-09-22T11:45:00+00:00,112648.90,112810.60,112640.00,112756.40,211.580
2025-09-22T11:50:00+00:00,112756.30,112800.00,112708.20,112764.20,198.495
2025-09-22T11:55:00+00:00,112764.20,112841.80,112744.40,112814.10,138.294
2025-09-22T12:00:00+00:00,112814.00,112814.10,112488.60,112660.10,922.968
2025-09-22T12:05:00+00:00,112660.00,112681.20,112552.00,112569.50,249.704
2025-09-22T12:10:00+00:00,112569.60,112646.10,112512.00,112619.60,197.767
2025-09-22T12:15:00+00:00,112619.70,112647.90,112506.60,112587.40,289.720
2025-09-22T12:20:00+00:00,112587.50,112597.10,112511.10,112538.10,128.821
2025-09-22T12:25:00+00:00,112538.20,112588.00,112522.60,112522.60,121.556
2025-09-22T12:30:00+00:00,112522.60,112587.60,112481.40,112554.70,197.098
2025-09-22T12:35:00+00:00,112554.60,112554.60,112458.40,112468.70,190.841
2025-09-22T12:40:00+00:00,112468.80,112546.80,112468.70,112520.00,119.322
2025-09-22T12:45:00+00:00,112520.10,112576.90,112500.00,112567.90,145.846
2025-09-22T12:50:00+00:00,112567.90,112721.10,112567.80,112640.00,360.137
2025-09-22T12:55:00+00:00,112640.00,112778.80,112627.90,112682.10,376.865
2025-09-22T13:00:00+00:00,112682.20,112698.80,112615.30,112667.50,207.282
2025-09-22T13:05:00+00:00,112667.50,112734.40,112629.00,112704.80,243.173
2025-09-22T13:10:00+00:00,112704.90,112891.90,112703.80,112891.90,284.729
2025-09-22T13:15:00+00:00,112891.90,112906.70,112770.00,112770.10,484.414
2025-09-22T13:20:00+00:00,112770.00,112879.50,112770.00,112808.90,252.525
2025-09-22T13:25:00+00:00,112808.90,112915.00,112808.80,112884.20,306.029
2025-09-22T13:30:00+00:00,112884.20,112884.20,112733.70,112740.10,367.427
2025-09-22T13:35:00+00:00,112740.00,112757.80,112488.90,112517.70,436.601
2025-09-22T13:40:00+00:00,112517.70,112567.20,112426.10,112537.30,507.549
2025-09-22T13:45:00+00:00,112537.30,112543.20,112333.00,112427.50,765.545
2025-09-22T13:50:00+00:00,112427.50,112867.20,112427.50,112796.50,628.409
2025-09-22T13:55:00+00:00,112796.50,113100.00,112786.50,113087.10,1132.567
2025-09-22T14:00:00+00:00,113087.10,113200.00,113000.00,113157.10,1828.305
2025-09-22T14:05:00+00:00,113157.10,113221.80,113014.90,113190.00,1133.925
2025-09-22T14:10:00+00:00,113189.90,113200.00,113048.40,113111.90,1210.542
2025-09-22T14:15:00+00:00,113111.90,113230.00,113080.00,113087.00,642.526
2025-09-22T14:20:00+00:00,113087.10,113197.70,113081.20,113171.30,754.401
2025-09-22T14:25:00+00:00,113171.30,113399.60,113071.60,113337.30,2913.246
2025-09-22T14:30:00+00:00,113337.20,113413.50,113100.00,113100.00,1252.065
2025-09-22T14:35:00+00:00,113100.00,113124.00,112831.50,112862.50,853.730
2025-09-22T14:40:00+00:00,112862.50,113001.30,112850.00,112951.60,521.088
2025-09-22T14:45:00+00:00,112951.60,112953.40,112800.00,112817.90,378.347
2025-09-22T14:50:00+00:00,112818.00,112897.30,112808.70,112820.80,387.259
2025-09-22T14:55:00+00:00,112820.90,112947.10,112707.80,112892.00,626.546
2025-09-22T15:00:00+00:00,112892.10,112986.00,112879.20,112935.60,245.623
2025-09-22T15:05:00+00:00,112935.60,112972.60,112746.20,112958.60,591.480
2025-09-22T15:10:00+00:00,112958.70,112968.00,112817.70,112827.40,327.005
2025-09-22T15:15:00+00:00,112827.30,112845.60,112631.20,112669.50,452.971
2025-09-22T15:20:00+00:00,112669.60,112727.20,112536.20,112597.10,493.183
2025-09-22T15:25:00+00:00,112597.10,112693.70,112542.70,112622.30,565.839
2025-09-22T15:30:00+00:00,112622.40,112672.40,112524.30,112552.30,431.930
2025-09-22T15:35:00+00:00,112552.20,112669.70,112531.50,112669.60,244.898
2025-09-22T15:40:00+00:00,112669.70,112669.70,112563.40,112637.50,217.177
2025-09-22T15:45:00+00:00,112637.50,112805.00,112555.00,112804.90,577.149
2025-09-22T15:50:00+00:00,112804.90,112865.20,112678.30,112811.00,390.689
2025-09-22T15:55:00+00:00,112811.00,112835.10,112751.30,112768.70,191.073
2025-09-22T16:00:00+00:00,112768.70,112839.00,112680.00,112828.80,346.592
2025-09-22T16:05:00+00:00,112828.80,112828.80,112649.20,112744.40,252.665
2025-09-22T16:10:00+00:00,112744.40,112818.00,112696.00,112763.20,279.693
2025-09-22T16:15:00+00:00,112763.20,112768.80,112605.50,112672.30,252.601
2025-09-22T16:20:00+00:00,112672.30,112810.60,112615.30,112693.90,273.167
2025-09-22T16:25:00+00:00,112693.80,112820.00,112693.80,112695.10,170.500
2025-09-22T16:30:00+00:00,112695.00,112751.70,112638.70,112662.00,144.807
2025-09-22T16:35:00+00:00,112662.00,112785.20,112644.60,112778.70,158.236
2025-09-22T16:40:00+00:00,112778.60,112781.00,112727.10,112780.90,111.931
2025-09-22T16:45:00+00:00,112781.00,112781.00,112665.90,112666.00,174.796
2025-09-22T16:50:00+00:00,112666.00,112696.20,112561.20,112565.40,218.743
2025-09-22T16:55:00+00:00,112565.40,112583.40,112533.30,112558.30,193.708
2025-09-22T17:00:00+00:00,112558.30,112576.80,112365.50,112426.30,467.491
2025-09-22T17:05:00+00:00,112426.30,112448.60,112323.20,112342.40,489.719
2025-09-22T17:10:00+00:00,112342.50,112350.00,112200.00,112264.90,801.368
2025-09-22T17:15:00+00:00,112265.00,112350.10,112227.50,112309.50,522.023
2025-09-22T17:20:00+00:00,112309.50,112452.30,112293.40,112393.00,314.569
2025-09-22T17:25:00+00:00,112393.00,112433.60,112350.00,112350.10,176.033
2025-09-22T17:30:00+00:00,112350.00,112409.70,112311.30,112311.40,241.102
2025-09-22T17:35:00+00:00,112311.30,112430.60,112311.30,112382.50,180.756
2025-09-22T17:40:00+00:00,112382.60,112450.30,112366.10,112430.10,146.839
2025-09-22T17:45:00+00:00,112430.00,112502.80,112374.80,112502.80,179.646
2025-09-22T17:50:00+00:00,112502.80,112514.80,112369.30,112369.30,193.852
2025-09-22T17:55:00+00:00,112369.40,112369.40,112279.60,112350.00,513.553
2025-09-22T18:00:00+00:00,112350.00,112374.60,112300.00,112333.00,220.143
2025-09-22T18:05:00+00:00,112333.00,112473.90,112333.00,112453.60,218.757
2025-09-22T18:10:00+00:00,112453.60,112557.80,112453.00,112550.00,185.377
2025-09-22T18:15:00+00:00,112550.10,112620.90,112471.90,112620.80,688.330
2025-09-22T18:20:00+00:00,112620.90,112665.90,112562.20,112658.20,200.994
2025-09-22T18:25:00+00:00,112658.30,112688.60,112617.20,112618.40,238.305
2025-09-22T18:30:00+00:00,112618.40,112713.20,112594.80,112689.50,280.238
2025-09-22T18:35:00+00:00,112689.60,112776.10,112681.10,112766.40,330.579
2025-09-22T18:40:00+00:00,112766.40,112766.50,112642.10,112684.00,193.969
2025-09-22T18:45:00+00:00,112684.10,112700.00,112512.40,112512.40,212.877
2025-09-22T18:50:00+00:00,112512.40,112512.50,112389.90,112391.90,160.147
2025-09-22T18:55:00+00:00,112391.90,112426.60,112354.50,112385.60,248.214
2025-09-22T19:00:00+00:00,112385.60,112479.20,112385.50,112440.60,259.969
2025-09-22T19:05:00+00:00,112440.60,112508.80,112397.30,112447.00,155.706
2025-09-22T19:10:00+00:00,112447.00,112529.30,112447.00,112522.50,111.297
2025-09-22T19:15:00+00:00,112522.50,112549.00,112370.20,112477.20,177.831
2025-09-22T19:20:00+00:00,112477.20,112549.60,112401.30,112508.70,136.450
2025-09-22T19:25:00+00:00,112508.80,112543.10,112408.20,112408.20,205.582
2025-09-22T19:30:00+00:00,112408.30,112421.70,112307.10,112327.00,320.777
2025-09-22T19:35:00+00:00,112327.00,112327.00,112142.30,112200.40,867.622
2025-09-22T19:40:00+00:00,112200.40,112259.50,111897.00,111938.40,2899.104
2025-09-22T19:45:00+00:00,111938.40,112126.80,111866.30,112123.20,1148.075
2025-09-22T19:50:00+00:00,112123.20,112285.50,112123.20,112221.10,573.616
2025-09-22T19:55:00+00:00,112221.10,112221.10,112051.30,112072.90,292.135
2025-09-22T20:00:00+00:00,112072.80,112093.70,111960.40,112033.90,406.276
2025-09-22T20:05:00+00:00,112033.80,112039.80,111924.60,111966.80,332.822
2025-09-22T20:10:00+00:00,111966.80,112092.40,111963.00,112081.80,286.287
2025-09-22T20:15:00+00:00,112081.80,112106.50,111994.90,112070.20,156.689
2025-09-22T20:20:00+00:00,112070.30,112111.30,112040.00,112098.40,184.424
2025-09-22T20:25:00+00:00,112098.50,112251.50,112098.40,112237.00,362.432
2025-09-22T20:30:00+00:00,112236.90,112535.50,112236.90,112535.40,606.562
2025-09-22T20:35:00+00:00,112535.50,112592.00,112501.70,112532.90,417.019
2025-09-22T20:40:00+00:00,112532.90,112599.30,112414.80,112573.10,834.119
2025-09-22T20:45:00+00:00,112573.10,112582.20,112503.50,112582.10,167.157
2025-09-22T20:50:00+00:00,112582.20,112727.20,112570.90,112727.10,333.138
2025-09-22T20:55:00+00:00,112727.10,112942.40,112710.00,112732.10,1366.896
2025-09-22T21:00:00+00:00,112731.90,112739.60,112543.20,112711.60,376.559
2025-09-22T21:05:00+00:00,112711.50,112731.20,112582.40,112593.70,149.863
2025-09-22T21:10:00+00:00,112593.60,112700.00,112593.60,112699.90,196.976
2025-09-22T21:15:00+00:00,112700.00,112736.40,112649.10,112736.40,127.736
2025-09-22T21:20:00+00:00,112736.30,112819.20,112736.30,112819.20,124.253
2025-09-22T21:25:00+00:00,112819.20,112819.20,112615.30,112645.50,315.061
2025-09-22T21:30:00+00:00,112645.50,112729.10,112640.10,112729.10,108.588
2025-09-22T21:35:00+00:00,112729.00,112846.50,112729.00,112827.20,443.472
2025-09-22T21:40:00+00:00,112827.10,112843.20,112774.20,112843.10,178.187
2025-09-22T21:45:00+00:00,112843.20,112860.80,112840.40,112840.50,130.552
2025-09-22T21:50:00+00:00,112840.40,112871.00,112840.40,112871.00,116.151
2025-09-22T21:55:00+00:00,112870.90,112923.00,112866.80,112922.90,144.014
2025-09-22T22:00:00+00:00,112922.90,112923.00,112685.30,112730.30,635.638
2025-09-22T22:05:00+00:00,112730.20,112794.00,112685.10,112694.60,197.006
2025-09-22T22:10:00+00:00,112694.70,112723.40,112628.00,112706.30,232.669
2025-09-22T22:15:00+00:00,112706.30,112725.00,112666.90,112676.00,110.036
2025-09-22T22:20:00+00:00,112676.00,112745.10,112676.00,112720.00,107.953
2025-09-22T22:25:00+00:00,112720.00,112763.90,112595.00,112595.10,136.714
2025-09-22T22:30:00+00:00,112595.00,112644.50,112567.00,112604.10,210.354
2025-09-22T22:35:00+00:00,112604.20,112623.50,112567.00,112587.40,136.069
2025-09-22T22:40:00+00:00,112587.30,112620.00,112572.20,112599.40,120.270
2025-09-22T22:45:00+00:00,112599.40,112619.90,112558.30,112583.50,108.745
2025-09-22T22:50:00+00:00,112583.50,112594.60,112533.30,112581.50,97.782
2025-09-22T22:55:00+00:00,112581.50,112619.90,112538.10,112584.10,152.387
2025-09-22T23:00:00+00:00,112584.20,112668.90,112584.10,112661.60,148.591
2025-09-22T23:05:00+00:00,112661.70,112668.90,112614.60,112660.50,107.927
2025-09-22T23:10:00+00:00,112660.40,112660.50,112620.30,112644.00,91.545
2025-09-22T23:15:00+00:00,112644.00,112666.40,112533.60,112577.10,168.275
2025-09-22T23:20:00+00:00,112577.10,112626.80,112553.70,112586.50,122.502
2025-09-22T23:25:00+00:00,112586.50,112586.60,112554.20,112573.80,87.114
2025-09-22T23:30:00+00:00,112573.80,112613.40,112540.00,112579.70,142.162
2025-09-22T23:35:00+00:00,112579.60,112653.70,112579.60,112620.60,193.099
2025-09-22T23:40:00+00:00,112620.50,112637.40,112571.20,112591.30,119.348
2025-09-22T23:45:00+00:00,112591.30,112699.90,112585.80,112599.00,180.417
2025-09-22T23:50:00+00:00,112599.00,112616.10,112569.30,112576.00,92.605
2025-09-22T23:55:00+00:00,112576.00,112627.80,112540.50,112604.70,161.189
2025-09-23T00:00:00+00:00,112604.70,112659.80,112488.00,112547.40,544.583
2025-09-23T00:05:00+00:00,112547.50,112575.30,112458.30,112483.10,181.483
2025-09-23T00:10:00+00:00,112483.10,112535.60,112442.10,112497.00,250.429
2025-09-23T00:15:00+00:00,112496.90,112598.20,112485.40,112598.10,212.065
2025-09-23T00:20:00+00:00,112598.10,112694.50,112593.60,112694.50,249.923
2025-09-23T00:25:00+00:00,112694.40,112808.40,112673.80,112698.80,453.129
2025-09-23T00:30:00+00:00,112698.80,112719.80,112601.50,112619.90,135.832
2025-09-23T00:35:00+00:00,112619.90,112629.20,112585.70,112601.20,146.814
2025-09-23T00:40:00+00:00,112601.10,112620.20,112512.20,112532.90,268.409
2025-09-23T00:45:00+00:00,112532.80,112563.30,112482.20,112485.20,203.754
2025-09-23T00:50:00+00:00,112485.20,112485.30,112335.00,112342.90,335.513
2025-09-23T00:55:00+00:00,112343.00,112380.80,112330.00,112347.20,197.215
2025-09-23T01:00:00+00:00,112347.10,112387.30,112320.00,112336.30,213.964
2025-09-23T01:05:00+00:00,112336.30,112362.20,112320.10,112320.10,165.063
2025-09-23T01:10:00+00:00,112320.20,112353.00,112260.20,112302.10,408.286
2025-09-23T01:15:00+00:00,112302.00,112461.50,112260.00,112377.10,270.411
2025-09-23T01:20:00+00:00,112377.00,112461.50,112377.00,112450.10,137.681
2025-09-23T01:25:00+00:00,112450.20,112474.00,112418.90,112454.90,92.216
2025-09-23T01:30:00+00:00,112454.90,112462.10,112345.00,112351.60,98.494
2025-09-23T01:35:00+00:00,112351.50,112362.20,112290.90,112308.90,117.559
2025-09-23T01:40:00+00:00,112308.80,112310.00,112162.40,112212.10,417.830
2025-09-23T01:45:00+00:00,112212.10,112283.20,112204.60,112204.70,182.193
2025-09-23T01:50:00+00:00,112204.70,112204.70,112090.60,112147.30,300.238
2025-09-23T01:55:00+00:00,112147.30,112147.30,112100.00,112115.20,205.378
2025-09-23T02:00:00+00:00,112115.30,112259.20,112115.20,112205.50,513.399
2025-09-23T02:05:00+00:00,112205.60,112339.00,112185.20,112338.90,296.053
2025-09-23T02:10:00+00:00,112339.00,112450.00,112339.00,112350.90,362.877
2025-09-23T02:15:00+00:00,112350.90,112366.90,112224.20,112283.80,165.454
2025-09-23T02:20:00+00:00,112283.70,112304.70,112080.20,112080.20,545.177
2025-09-23T02:25:00+00:00,112080.30,112101.30,111965.50,111967.30,549.302
2025-09-23T02:30:00+00:00,111967.30,112059.10,111963.00,112010.40,548.453
2025-09-23T02:35:00+00:00,112010.50,112083.20,112010.50,112034.90,196.599
2025-09-23T02:40:00+00:00,112034.80,112048.00,111985.00,111985.00,217.722
2025-09-23T02:45:00+00:00,111985.00,112000.00,111912.70,111922.50,352.001
2025-09-23T02:50:00+00:00,111922.50,111958.10,111600.00,111648.60,1746.524
2025-09-23T02:55:00+00:00,111648.60,111841.50,111591.60,111760.40,1147.999
2025-09-23T03:00:00+00:00,111760.50,111773.10,111629.10,111629.20,833.263
2025-09-23T03:05:00+00:00,111629.10,111657.60,111518.10,111550.20,852.760
2025-09-23T03:10:00+00:00,111550.10,111776.80,111405.10,111771.20,1464.110
2025-09-23T03:15:00+00:00,111771.30,112057.00,111750.10,112005.00,993.354
2025-09-23T03:20:00+00:00,112005.00,112241.40,112005.00,112108.10,866.479
2025-09-23T03:25:00+00:00,112108.10,112369.90,112108.00,112263.60,970.114
2025-09-23T03:30:00+00:00,112263.60,112378.10,112257.30,112287.10,795.802
2025-09-23T03:35:00+00:00,112287.20,112317.50,112170.20,112170.30,325.845
2025-09-23T03:40:00+00:00,112170.30,112282.60,112156.80,112184.00,617.774
2025-09-23T03:45:00+00:00,112184.00,112385.00,112150.00,112382.20,327.096
2025-09-23T03:50:00+00:00,112382.20,112417.40,112325.60,112349.90,343.898
2025-09-23T03:55:00+00:00,112350.00,112371.90,112184.10,112294.00,478.570
2025-09-23T04:00:00+00:00,112294.00,112426.60,112293.90,112362.50,321.193
2025-09-23T04:05:00+00:00,112362.60,112377.80,112211.30,112238.20,337.273
2025-09-23T04:10:00+00:00,112238.20,112242.20,112086.30,112091.00,376.376
2025-09-23T04:15:00+00:00,112091.10,112132.20,112041.00,112132.20,255.675
2025-09-23T04:20:00+00:00,112132.20,112144.70,112066.90,112110.90,184.899
2025-09-23T04:25:00+00:00,112110.80,112120.00,111969.00,111969.00,238.873
2025-09-23T04:30:00+00:00,111968.80,112041.80,111804.90,111930.90,777.010
2025-09-23T04:35:00+00:00,111930.80,112222.00,111923.40,112222.00,359.320
2025-09-23T04:40:00+00:00,112221.90,112293.50,112163.70,112210.10,983.156
2025-09-23T04:45:00+00:00,112210.20,112295.40,112159.10,112295.40,159.208
2025-09-23T04:50:00+00:00,112295.30,112359.30,112295.30,112338.80,338.709
2025-09-23T04:55:00+00:00,112338.70,112387.20,112319.40,112377.60,171.116
2025-09-23T05:00:00+00:00,112377.70,112500.00,112377.70,112400.00,788.024
2025-09-23T05:05:00+00:00,112400.00,112471.30,112361.10,112444.90,321.301
2025-09-23T05:10:00+00:00,112444.90,112623.90,112444.90,112587.10,585.355
2025-09-23T05:15:00+00:00,112587.10,112600.00,112514.30,112572.50,282.691
2025-09-23T05:20:00+00:00,112572.50,112681.90,112556.00,112676.80,379.198
2025-09-23T05:25:00+00:00,112676.90,112740.00,112615.80,112739.90,437.628
2025-09-23T05:30:00+00:00,112740.00,112764.50,112723.30,112749.50,360.444
2025-09-23T05:35:00+00:00,112749.60,112834.30,112724.70,112789.80,412.733
2025-09-23T05:40:00+00:00,112789.90,112850.00,112780.70,112794.40,360.565
2025-09-23T05:45:00+00:00,112794.40,112812.40,112699.90,112700.00,701.511
2025-09-23T05:50:00+00:00,112700.00,112723.00,112582.40,112629.90,757.735
2025-09-23T05:55:00+00:00,112630.00,112695.90,112614.30,112616.60,280.029
2025-09-23T06:00:00+00:00,112616.60,112679.70,112557.10,112565.40,222.569
2025-09-23T06:05:00+00:00,112565.30,112738.60,112560.80,112738.60,187.272
2025-09-23T06:10:00+00:00,112738.60,112799.00,112683.60,112683.70,450.807
2025-09-23T06:15:00+00:00,112683.70,112789.10,112655.50,112789.00,173.700
2025-09-23T06:20:00+00:00,112789.00,112825.40,112755.20,112824.00,210.230
2025-09-23T06:25:00+00:00,112823.90,112863.20,112823.00,112823.90,308.915
2025-09-23T06:30:00+00:00,112823.90,112953.50,112823.80,112953.50,608.941
2025-09-23T06:35:00+00:00,112953.40,113058.00,112911.20,112918.40,937.489
2025-09-23T06:40:00+00:00,112918.50,112918.50,112831.60,112863.80,254.417
2025-09-23T06:45:00+00:00,112863.80,112990.00,112806.00,112990.00,322.849
2025-09-23T06:50:00+00:00,112989.90,113070.00,112884.40,112939.60,622.379
2025-09-23T06:55:00+00:00,112939.50,113000.00,112904.90,112924.10,356.286
2025-09-23T07:00:00+00:00,112924.10,112964.40,112818.10,112818.20,318.646
2025-09-23T07:05:00+00:00,112818.10,112949.00,112818.10,112894.10,364.329
2025-09-23T07:10:00+00:00,112894.00,112959.50,112876.50,112911.70,234.929
2025-09-23T07:15:00+00:00,112911.70,112954.90,112832.70,112950.20,169.772
2025-09-23T07:20:00+00:00,112950.10,113039.90,112950.10,112982.40,372.287
2025-09-23T07:25:00+00:00,112982.30,113009.40,112875.80,112902.00,376.122
2025-09-23T07:30:00+00:00,112902.00,112977.20,112850.00,112949.00,329.507
2025-09-23T07:35:00+00:00,112949.10,113016.80,112937.80,112950.10,227.189
2025-09-23T07:40:00+00:00,112950.20,112973.50,112860.70,112902.80,227.265
2025-09-23T07:45:00+00:00,112902.90,112999.90,112872.90,112918.40,465.516
2025-09-23T07:50:00+00:00,112918.30,113020.00,112918.30,113000.00,481.134
2025-09-23T07:55:00+00:00,112999.90,113080.00,112998.20,113048.10,615.700
2025-09-23T08:00:00+00:00,113048.10,113128.20,112988.10,113001.70,896.704
2025-09-23T08:05:00+00:00,113001.70,113092.70,112891.60,112959.90,470.048
2025-09-23T08:10:00+00:00,112959.90,113055.30,112891.30,113022.10,584.490
2025-09-23T08:15:00+00:00,113022.20,113138.10,113014.00,113132.80,444.966
2025-09-23T08:20:00+00:00,113132.80,113144.20,113065.90,113098.30,448.506
2025-09-23T08:25:00+00:00,113098.30,113136.80,113053.00,113053.00,186.667
2025-09-23T08:30:00+00:00,113053.10,113065.40,112981.80,113012.70,281.224
2025-09-23T08:35:00+00:00,113012.70,113079.50,113012.60,113059.50,118.171
2025-09-23T08:40:00+00:00,113059.50,113059.60,113010.00,113031.10,117.493
2025-09-23T08:45:00+00:00,113031.10,113068.60,112982.80,113056.80,286.347
2025-09-23T08:50:00+00:00,113056.90,113068.60,112980.60,113038.90,209.834
2025-09-23T08:55:00+00:00,113038.90,113094.30,113038.90,113087.90,118.087
2025-09-23T09:00:00+00:00,113087.90,113088.00,113039.30,113080.60,154.273
2025-09-23T09:05:00+00:00,113080.70,113205.40,113080.70,113189.10,513.280
2025-09-23T09:10:00+00:00,113189.20,113236.00,113189.20,113227.00,336.047
2025-09-23T09:15:00+00:00,113226.90,113227.00,113077.50,113126.10,311.202
2025-09-23T09:20:00+00:00,113126.00,113140.20,113001.20,113001.20,277.869
2025-09-23T09:25:00+00:00,113001.30,113001.30,112950.00,112950.00,347.275
2025-09-23T09:30:00+00:00,112950.10,113020.00,112914.10,113007.20,315.992
2025-09-23T09:35:00+00:00,113006.60,113070.00,112987.60,113000.00,169.229
2025-09-23T09:40:00+00:00,112999.90,113025.00,112991.00,112991.10,96.510
2025-09-23T09:45:00+00:00,112991.00,112991.10,112823.80,112860.00,376.970
2025-09-23T09:50:00+00:00,112859.90,112925.60,112859.90,112911.50,172.607
2025-09-23T09:55:00+00:00,112911.40,112926.00,112885.00,112892.50,129.827
2025-09-23T10:00:00+00:00,112892.50,112903.90,112779.50,112843.60,331.188
2025-09-23T10:05:00+00:00,112843.60,112962.50,112841.30,112916.00,167.120
2025-09-23T10:10:00+00:00,112916.00,112958.20,112900.00,112911.30,128.641
2025-09-23T10:15:00+00:00,112911.20,112913.40,112806.10,112807.40,166.107
2025-09-23T10:20:00+00:00,112807.40,112878.40,112769.20,112878.40,209.624
2025-09-23T10:25:00+00:00,112878.30,112910.10,112861.70,112861.70,126.678
2025-09-23T10:30:00+00:00,112861.70,112916.30,112794.80,112898.80,188.858
2025-09-23T10:35:00+00:00,112898.80,112915.00,112817.60,112817.70,92.691
2025-09-23T10:40:00+00:00,112817.80,112831.40,112786.60,112786.60,101.369
2025-09-23T10:45:00+00:00,112786.60,112871.10,112786.60,112863.90,236.449
2025-09-23T10:50:00+00:00,112863.90,112968.00,112863.90,112967.90,231.398
2025-09-23T10:55:00+00:00,112967.90,112971.10,112929.00,112929.00,133.720
2025-09-23T11:00:00+00:00,112929.00,112935.80,112841.40,112850.20,133.309
2025-09-23T11:05:00+00:00,112850.20,112858.90,112634.00,112697.70,571.078
2025-09-23T11:10:00+00:00,112697.60,112705.30,112660.00,112666.30,302.207
2025-09-23T11:15:00+00:00,112666.20,112773.20,112666.20,112769.80,635.619
2025-09-23T11:20:00+00:00,112769.80,112846.00,112745.20,112818.00,177.803
2025-09-23T11:25:00+00:00,112818.00,112849.90,112744.20,112803.90,264.261
2025-09-23T11:30:00+00:00,112803.90,112877.20,112765.40,112819.90,171.329
2025-09-23T11:35:00+00:00,112820.00,112911.20,112819.90,112908.00,265.603
2025-09-23T11:40:00+00:00,112907.90,113014.70,112898.50,113014.60,326.520
2025-09-23T11:45:00+00:00,113014.70,113039.10,112902.40,112914.90,215.288
2025-09-23T11:50:00+00:00,112915.00,112946.90,112873.90,112898.20,160.611
2025-09-23T11:55:00+00:00,112898.20,112938.60,112858.60,112938.60,133.093
2025-09-23T12:00:00+00:00,112938.60,112959.90,112898.30,112959.90,248.240
2025-09-23T12:05:00+00:00,112959.90,112976.80,112853.10,112853.10,193.522
2025-09-23T12:10:00+00:00,112853.20,112966.10,112820.30,112966.10,255.891
2025-09-23T12:15:00+00:00,112966.10,113003.30,112907.50,112921.60,260.391
2025-09-23T12:20:00+00:00,112921.50,112921.60,112777.70,112800.00,201.125
2025-09-23T12:25:00+00:00,112800.00,112858.70,112792.40,112802.80,189.428
2025-09-23T12:30:00+00:00,112802.80,112874.50,112758.70,112865.00,210.881
2025-09-23T12:35:00+00:00,112864.90,112970.00,112814.40,112917.60,363.191
2025-09-23T12:40:00+00:00,112917.70,112954.60,112883.50,112954.60,134.459
2025-09-23T12:45:00+00:00,112954.50,113010.00,112936.60,112949.20,216.957
2025-09-23T12:50:00+00:00,112949.20,112950.00,112855.20,112913.50,133.081
2025-09-23T12:55:00+00:00,112913.50,112918.60,112816.10,112885.80,192.512
2025-09-23T13:00:00+00:00,112885.80,112885.80,112804.00,112810.40,188.489
2025-09-23T13:05:00+00:00,112810.40,112858.90,112778.60,112841.70,287.545
2025-09-23T13:10:00+00:00,112841.80,112878.70,112836.80,112868.20,108.348
2025-09-23T13:15:00+00:00,112868.20,112876.70,112830.80,112840.20,99.397
2025-09-23T13:20:00+00:00,112840.20,112878.80,112809.80,112836.10,145.384
2025-09-23T13:25:00+00:00,112836.10,112900.00,112825.00,112853.00,116.352
2025-09-23T13:30:00+00:00,112853.10,112960.10,112800.40,112927.10,260.800
2025-09-23T13:35:00+00:00,112927.10,112969.80,112776.00,112904.40,387.853
2025-09-23T13:40:00+00:00,112904.30,112953.70,112667.70,112749.50,505.528
2025-09-23T13:45:00+00:00,112749.60,112881.60,112670.90,112789.60,491.799
2025-09-23T13:50:00+00:00,112789.60,112880.00,112713.70,112772.80,279.871
2025-09-23T13:55:00+00:00,112772.00,112923.00,112758.40,112894.10,275.731
2025-09-23T14:00:00+00:00,112894.10,112978.90,112840.30,112927.70,250.927
2025-09-23T14:05:00+00:00,112927.80,113144.50,112919.50,113144.50,683.654
2025-09-23T14:10:00+00:00,113144.50,113254.80,112935.20,113007.60,1101.757
2025-09-23T14:15:00+00:00,113007.50,113030.70,112849.90,112882.70,657.384
2025-09-23T14:20:00+00:00,112882.60,112915.60,112756.00,112778.10,406.491
2025-09-23T14:25:00+00:00,112778.10,112799.90,112735.80,112755.50,261.554
2025-09-23T14:30:00+00:00,112755.60,112841.10,112585.40,112625.40,720.486
2025-09-23T14:35:00+00:00,112625.30,112733.70,112549.90,112733.70,753.038
2025-09-23T14:40:00+00:00,112733.60,112810.60,112670.40,112769.20,196.991
2025-09-23T14:45:00+00:00,112769.10,112778.90,112650.00,112650.00,183.717
2025-09-23T14:50:00+00:00,112650.00,112650.10,112512.00,112627.80,585.732
2025-09-23T14:55:00+00:00,112627.70,112715.40,112583.90,112602.30,210.073
2025-09-23T15:00:00+00:00,112602.20,112634.20,112390.60,112607.70,1463.940
2025-09-23T15:05:00+00:00,112607.60,112763.30,112607.60,112763.20,311.533
2025-09-23T15:10:00+00:00,112763.20,112944.80,112763.20,112891.70,377.638
2025-09-23T15:15:00+00:00,112891.70,112906.90,112818.40,112844.70,333.234
2025-09-23T15:20:00+00:00,112844.60,113025.20,112797.20,112971.50,372.850
2025-09-23T15:25:00+00:00,112971.60,113019.40,112905.10,112907.70,545.975
2025-09-23T15:30:00+00:00,112907.70,112951.90,112834.50,112877.10,195.846
2025-09-23T15:35:00+00:00,112877.10,112941.70,112851.20,112872.20,379.106
2025-09-23T15:40:00+00:00,112872.10,112872.10,112782.60,112801.90,206.484
2025-09-23T15:45:00+00:00,112801.90,112868.90,112788.80,112810.10,151.378
2025-09-23T15:50:00+00:00,112810.10,112950.00,112785.00,112857.40,257.886
2025-09-23T15:55:00+00:00,112857.40,112882.70,112745.00,112828.60,220.038
2025-09-23T16:00:00+00:00,112828.60,112874.20,112752.10,112753.30,289.179
2025-09-23T16:05:00+00:00,112753.30,112753.40,112540.40,112546.60,472.690
2025-09-23T16:10:00+00:00,112546.50,112557.60,112433.90,112530.00,516.542
2025-09-23T16:15:00+00:00,112529.90,112700.00,112490.80,112690.50,500.673
2025-09-23T16:20:00+00:00,112690.60,112810.60,112690.60,112751.00,342.002
2025-09-23T16:25:00+00:00,112750.90,112801.90,112750.90,112767.80,167.188
2025-09-23T16:30:00+00:00,112767.80,112767.90,112620.10,112662.40,208.545
2025-09-23T16:35:00+00:00,112662.40,112675.90,112452.00,112563.00,562.831
2025-09-23T16:40:00+00:00,112562.90,112600.80,112500.00,112546.60,156.533
2025-09-23T16:45:00+00:00,112546.70,112700.60,112535.50,112652.30,221.877
2025-09-23T16:50:00+00:00,112652.20,112927.80,112636.90,112816.20,480.515
2025-09-23T16:55:00+00:00,112816.20,112827.80,112719.00,112763.80,226.467
2025-09-23T17:00:00+00:00,112763.80,112779.40,112600.00,112600.00,200.473
2025-09-23T17:05:00+00:00,112600.00,112670.60,112572.70,112591.80,154.695
2025-09-23T17:10:00+00:00,112591.70,112591.80,112501.00,112526.40,249.218
2025-09-23T17:15:00+00:00,112526.30,112537.30,112422.00,112501.00,415.424
2025-09-23T17:20:00+00:00,112501.00,112615.30,112490.00,112510.20,235.265
2025-09-23T17:25:00+00:00,112510.30,112512.80,112320.00,112345.00,452.099
2025-09-23T17:30:00+00:00,112344.90,112373.60,112251.90,112251.90,472.733
2025-09-23T17:35:00+00:00,112252.00,112268.20,112063.00,112063.00,1019.626
2025-09-23T17:40:00+00:00,112063.00,112099.70,111955.00,111982.60,1439.116
2025-09-23T17:45:00+00:00,111982.50,112200.00,111916.30,112085.10,866.925
2025-09-23T17:50:00+00:00,112085.10,112093.80,111859.10,111904.80,700.504
2025-09-23T17:55:00+00:00,111904.80,111951.80,111827.20,111919.20,809.179
2025-09-23T18:00:00+00:00,111919.20,112077.70,111850.00,111934.90,1140.761
2025-09-23T18:05:00+00:00,111934.90,112168.60,111934.10,112119.90,834.329
2025-09-23T18:10:00+00:00,112119.90,112148.00,112018.40,112072.90,539.813
2025-09-23T18:15:00+00:00,112072.90,112089.00,111890.10,111896.40,587.608
2025-09-23T18:20:00+00:00,111896.50,111939.60,111711.00,111860.10,994.896
2025-09-23T18:25:00+00:00,111860.10,112069.80,111860.10,111972.00,322.810
2025-09-23T18:30:00+00:00,111972.00,111972.00,111752.00,111900.80,525.032
2025-09-23T18:35:00+00:00,111900.70,111900.80,111746.30,111754.50,225.623
2025-09-23T18:40:00+00:00,111754.50,111771.60,111670.00,111686.30,466.968
2025-09-23T18:45:00+00:00,111686.30,111756.10,111625.50,111705.60,409.777
2025-09-23T18:50:00+00:00,111705.70,111773.60,111672.00,111701.30,316.666
2025-09-23T18:55:00+00:00,111701.30,111782.50,111660.10,111728.30,337.586
2025-09-23T19:00:00+00:00,111728.30,111830.00,111728.20,111794.70,328.057
2025-09-23T19:05:00+00:00,111794.70,111925.80,111790.50,111845.60,461.734
2025-09-23T19:10:00+00:00,111845.50,111873.50,111801.20,111822.70,184.966
2025-09-23T19:15:00+00:00,111822.70,111941.60,111758.20,111916.10,359.072
2025-09-23T19:20:00+00:00,111916.10,111916.10,111740.00,111794.10,270.402
2025-09-23T19:25:00+00:00,111794.00,111816.20,111688.80,111722.70,258.482
2025-09-23T19:30:00+00:00,111722.60,111772.70,111691.30,111737.20,209.174
2025-09-23T19:35:00+00:00,111737.20,111737.30,111588.00,111664.10,496.650
2025-09-23T19:40:00+00:00,111664.20,111669.60,111564.10,111575.70,375.320
2025-09-23T19:45:00+00:00,111575.60,111630.00,111526.70,111581.70,514.373
2025-09-23T19:50:00+00:00,111581.80,111615.60,111505.00,111553.30,630.918
2025-09-23T19:55:00+00:00,111553.20,111630.60,111482.00,111611.80,515.775
2025-09-23T20:00:00+00:00,111611.70,111781.00,111584.50,111759.70,425.802
2025-09-23T20:05:00+00:00,111759.70,111818.80,111725.20,111818.70,390.722
2025-09-23T20:10:00+00:00,111818.70,111936.70,111789.00,111789.10,563.772
2025-09-23T20:15:00+00:00,111789.00,111830.00,111744.30,111744.40,170.173
2025-09-23T20:20:00+00:00,111744.30,111750.00,111638.80,111640.00,236.408
2025-09-23T20:25:00+00:00,111640.00,111640.10,111590.30,111590.40,172.832
2025-09-23T20:30:00+00:00,111590.30,111664.70,111486.00,111486.10,205.325
2025-09-23T20:35:00+00:00,111486.10,111796.00,111413.50,111788.80,715.809
2025-09-23T20:40:00+00:00,111788.90,111846.10,111760.60,111838.60,193.327
2025-09-23T20:45:00+00:00,111838.50,111838.60,111652.60,111652.60,233.321
2025-09-23T20:50:00+00:00,111652.70,111764.20,111628.40,111764.20,160.220
2025-09-23T20:55:00+00:00,111764.40,111949.10,111759.60,111936.40,348.916
2025-09-23T21:00:00+00:00,111936.20,111936.20,111845.10,111878.30,241.159
2025-09-23T21:05:00+00:00,111878.30,111904.60,111835.50,111896.40,176.120
2025-09-23T21:10:00+00:00,111896.40,111956.20,111895.40,111956.20,143.491
2025-09-23T21:15:00+00:00,111956.20,111967.40,111915.80,111915.80,152.143
2025-09-23T21:20:00+00:00,111915.90,111918.30,111900.00,111918.20,126.242
2025-09-23T21:25:00+00:00,111918.30,112027.30,111918.20,112027.30,295.843
2025-09-23T21:30:00+00:00,112027.30,112049.30,111991.60,112049.20,210.357
2025-09-23T21:35:00+00:00,112049.20,112100.10,112049.20,112073.20,272.355
2025-09-23T21:40:00+00:00,112073.20,112151.60,112073.20,112151.50,218.396
2025-09-23T21:45:00+00:00,112151.50,112151.60,112047.80,112047.90,189.118
2025-09-23T21:50:00+00:00,112047.90,112126.30,112047.80,112126.30,156.638
2025-09-23T21:55:00+00:00,112126.30,112134.50,112086.10,112108.60,132.370
2025-09-23T22:00:00+00:00,112108.50,112127.70,111999.90,112127.70,274.432
2025-09-23T22:05:00+00:00,112127.70,112171.20,112123.30,112128.80,168.498
2025-09-23T22:10:00+00:00,112128.80,112156.90,112089.20,112102.10,119.292
2025-09-23T22:15:00+00:00,112102.10,112114.50,112049.30,112064.80,87.847
2025-09-23T22:20:00+00:00,112064.80,112086.80,112048.00,112048.00,82.785
2025-09-23T22:25:00+00:00,112048.10,112048.10,111940.60,111950.80,215.957
2025-09-23T22:30:00+00:00,111950.80,112073.30,111940.80,112073.30,151.453
2025-09-23T22:35:00+00:00,112073.20,112106.80,112066.80,112106.70,174.141
2025-09-23T22:40:00+00:00,112106.70,112165.10,112101.00,112130.00,187.973
2025-09-23T22:45:00+00:00,112130.10,112136.60,112095.20,112099.80,132.218
2025-09-23T22:50:00+00:00,112099.90,112099.90,112052.50,112058.50,168.963
2025-09-23T22:55:00+00:00,112058.50,112151.20,112058.50,112107.00,135.881
2025-09-23T23:00:00+00:00,112107.00,112119.50,112038.80,112071.20,125.606
2025-09-23T23:05:00+00:00,112071.30,112178.00,112058.90,112165.90,109.073
2025-09-23T23:10:00+00:00,112165.90,112165.90,112056.60,112077.80,138.579
2025-09-23T23:15:00+00:00,112077.90,112136.20,111987.10,111988.90,172.720
2025-09-23T23:20:00+00:00,111988.90,111997.40,111812.00,111838.00,433.509
2025-09-23T23:25:00+00:00,111838.00,111872.40,111815.60,111842.60,191.242
2025-09-23T23:30:00+00:00,111842.60,111951.00,111842.50,111939.30,173.383
2025-09-23T23:35:00+00:00,111939.40,112056.00,111928.00,112019.90,190.318
2025-09-23T23:40:00+00:00,112019.90,112051.50,111992.40,112027.60,156.509
2025-09-23T23:45:00+00:00,112027.50,112054.80,112018.40,112024.70,91.241
2025-09-23T23:50:00+00:00,112024.60,112024.70,111931.30,111956.00,166.148
2025-09-23T23:55:00+00:00,111956.10,111956.10,111923.90,111947.00,96.518
2025-09-24T00:00:00+00:00,111947.00,111986.10,111900.00,111921.60,213.594
2025-09-24T00:05:00+00:00,111921.50,111924.10,111775.00,111819.70,382.223
2025-09-24T00:10:00+00:00,111819.80,111991.50,111770.90,111989.20,227.878
2025-09-24T00:15:00+00:00,111989.10,112153.80,111970.40,112153.80,599.315
2025-09-24T00:20:00+00:00,112153.80,112338.30,112153.70,112274.70,740.510
2025-09-24T00:25:00+00:00,112274.70,112300.00,112221.00,112248.20,262.866
2025-09-24T00:30:00+00:00,112248.20,112249.40,112153.70,112162.40,209.155
2025-09-24T00:35:00+00:00,112162.40,112215.30,112108.40,112206.80,159.445
2025-09-24T00:40:00+00:00,112206.80,112210.60,112127.10,112172.00,99.459
2025-09-24T00:45:00+00:00,112172.00,112301.00,112172.00,112276.70,251.312
2025-09-24T00:50:00+00:00,112276.70,112276.70,112171.40,112239.20,250.740
2025-09-24T00:55:00+00:00,112239.10,112240.90,112160.00,112175.10,97.069
2025-09-24T01:00:00+00:00,112175.10,112206.30,112085.70,112175.50,196.111
2025-09-24T01:05:00+00:00,112175.50,112289.90,112175.50,112265.40,133.106
2025-09-24T01:10:00+00:00,112265.30,112281.80,112248.20,112274.90,104.404
2025-09-24T01:15:00+00:00,112274.80,112343.00,112274.80,112332.80,244.108
2025-09-24T01:20:00+00:00,112332.80,112338.30,112305.00,112305.00,86.625
2025-09-24T01:25:00+00:00,112305.10,112368.10,112293.30,112348.30,177.121
2025-09-24T01:30:00+00:00,112348.30,112357.70,112300.90,112342.10,144.991
2025-09-24T01:35:00+00:00,112341.90,112463.90,112341.90,112454.90,389.232
2025-09-24T01:40:00+00:00,112454.90,112466.60,112304.10,112314.50,160.680
2025-09-24T01:45:00+00:00,112314.60,112392.30,112305.50,112392.30,422.076
2025-09-24T01:50:00+00:00,112392.20,112426.30,112372.70,112413.50,144.115
2025-09-24T01:55:00+00:00,112413.40,112426.00,112381.70,112394.60,130.065
2025-09-24T02:00:00+00:00,112394.60,112450.00,112374.30,112450.00,176.322
2025-09-24T02:05:00+00:00,112450.00,112450.00,112375.20,112383.60,87.125
2025-09-24T02:10:00+00:00,112383.60,112383.70,112087.90,112123.20,434.336
2025-09-24T02:15:00+00:00,112123.20,112148.00,112007.40,112031.40,489.442
2025-09-24T02:20:00+00:00,112031.40,112142.00,111967.90,112142.00,331.264
2025-09-24T02:25:00+00:00,112142.00,112233.70,112111.40,112233.70,397.361
2025-09-24T02:30:00+00:00,112233.70,112277.10,112126.60,112135.50,453.639
2025-09-24T02:35:00+00:00,112135.60,112207.10,112082.50,112177.90,149.023
2025-09-24T02:40:00+00:00,112178.00,112213.00,112172.60,112185.40,95.191
2025-09-24T02:45:00+00:00,112185.30,112222.30,112141.80,112168.10,180.873
2025-09-24T02:50:00+00:00,112168.10,112205.70,111850.00,111983.20,2495.420
2025-09-24T02:55:00+00:00,111983.10,112207.20,111887.90,112070.20,574.298
2025-09-24T03:00:00+00:00,112070.10,112172.30,112044.60,112172.20,188.580
2025-09-24T03:05:00+00:00,112172.30,112172.30,112090.10,112090.10,158.674
2025-09-24T03:10:00+00:00,112090.10,112143.00,112082.30,112143.00,168.751
2025-09-24T03:15:00+00:00,112143.00,112167.70,112000.00,112041.30,330.871
2025-09-24T03:20:00+00:00,112041.40,112041.60,111815.20,111917.10,400.108
2025-09-24T03:25:00+00:00,111917.00,112040.80,111698.20,111727.40,760.480
2025-09-24T03:30:00+00:00,111727.40,111997.20,111727.40,111844.50,503.502
2025-09-24T03:35:00+00:00,111844.50,111875.30,111711.00,111740.50,661.814
2025-09-24T03:40:00+00:00,111740.60,111836.90,111740.60,111792.30,296.256
2025-09-24T03:45:00+00:00,111792.20,111838.90,111667.50,111670.00,379.051
2025-09-24T03:50:00+00:00,111670.00,111829.70,111670.00,111753.20,228.948
2025-09-24T03:55:00+00:00,111753.10,111753.20,111622.40,111639.70,415.061
2025-09-24T04:00:00+00:00,111639.80,111693.60,111521.10,111524.60,755.084
2025-09-24T04:05:00+00:00,111524.60,111567.40,111459.60,111538.20,758.199
2025-09-24T04:10:00+00:00,111538.20,111565.00,110935.00,111418.00,4336.166
2025-09-24T04:15:00+00:00,111417.90,111630.40,111339.00,111386.70,996.281
2025-09-24T04:20:00+00:00,111386.70,111509.50,111324.40,111479.90,623.355
2025-09-24T04:25:00+00:00,111480.00,111998.50,111476.10,111987.40,1437.953
2025-09-24T04:30:00+00:00,111987.50,112204.20,111980.00,112119.90,1586.742
2025-09-24T04:35:00+00:00,112120.00,112314.10,112053.60,112297.60,978.897
2025-09-24T04:40:00+00:00,112297.60,112336.70,112147.70,112186.30,783.467
2025-09-24T04:45:00+00:00,112186.30,112210.20,112007.00,112034.40,740.178
2025-09-24T04:50:00+00:00,112034.50,112113.30,112011.80,112072.50,164.466
2025-09-24T04:55:00+00:00,112072.50,112194.30,112072.40,112122.50,443.496
2025-09-24T05:00:00+00:00,112122.50,112207.10,112083.20,112164.60,326.049
2025-09-24T05:05:00+00:00,112164.70,112195.10,112106.20,112156.40,167.369
2025-09-24T05:10:00+00:00,112156.40,112200.70,112134.10,112190.20,133.468
2025-09-24T05:15:00+00:00,112190.20,112232.00,112190.10,112231.80,102.033
2025-09-24T05:20:00+00:00,112231.80,112330.00,112218.10,112330.00,293.192
2025-09-24T05:25:00+00:00,112330.00,112381.00,112291.50,112291.50,269.847
2025-09-24T05:30:00+00:00,112291.50,112302.90,112208.90,112253.80,201.683
2025-09-24T05:35:00+00:00,112253.90,112415.00,112253.90,112414.90,288.886
2025-09-24T05:40:00+00:00,112414.90,112444.30,112394.60,112430.20,365.201
2025-09-24T05:45:00+00:00,112430.20,112585.00,112430.20,112514.50,611.549
2025-09-24T05:50:00+00:00,112514.50,112630.00,112498.90,112599.00,601.689
2025-09-24T05:55:00+00:00,112599.00,112628.20,112543.00,112595.90,378.704
2025-09-24T06:00:00+00:00,112596.00,112638.00,112585.50,112585.50,266.112
2025-09-24T06:05:00+00:00,112585.60,112732.80,112581.70,112726.80,526.907
2025-09-24T06:10:00+00:00,112726.80,112727.00,112671.40,112671.50,317.005
2025-09-24T06:15:00+00:00,112671.40,112700.00,112610.00,112642.30,300.350
2025-09-24T06:20:00+00:00,112642.30,112642.30,112479.90,112515.70,475.225
2025-09-24T06:25:00+00:00,112515.80,112612.50,112515.70,112580.90,211.386
2025-09-24T06:30:00+00:00,112581.00,112581.00,112512.60,112571.20,148.379
2025-09-24T06:35:00+00:00,112571.10,112650.00,112517.90,112577.80,341.783
2025-09-24T06:40:00+00:00,112577.80,112577.90,112485.00,112522.30,195.226
2025-09-24T06:45:00+00:00,112522.30,112587.60,112522.20,112557.40,155.716
2025-09-24T06:50:00+00:00,112557.50,112600.00,112536.60,112559.90,169.276
2025-09-24T06:55:00+00:00,112560.00,112560.00,112530.60,112551.10,101.995
2025-09-24T07:00:00+00:00,112551.20,112631.00,112535.00,112600.30,220.439
2025-09-24T07:05:00+00:00,112600.30,112612.00,112568.70,112611.70,211.856
2025-09-24T07:10:00+00:00,112611.80,112637.10,112585.80,112615.70,135.296
2025-09-24T07:15:00+00:00,112615.80,112680.00,112615.80,112679.90,192.301
2025-09-24T07:20:00+00:00,112679.90,112695.40,112498.90,112498.90,198.345
2025-09-24T07:25:00+00:00,112498.90,112514.00,112403.00,112465.20,263.604
2025-09-24T07:30:00+00:00,112465.20,112487.60,112403.00,112421.00,218.172
2025-09-24T07:35:00+00:00,112421.00,112445.80,112408.00,112441.60,179.222
2025-09-24T07:40:00+00:00,112441.70,112549.60,112400.40,112526.50,343.545
2025-09-24T07:45:00+00:00,112526.60,112578.30,112479.40,112566.10,241.340
2025-09-24T07:50:00+00:00,112566.10,112566.10,112460.00,112460.00,121.817
2025-09-24T07:55:00+00:00,112460.10,112544.70,112452.10,112544.70,122.021
2025-09-24T08:00:00+00:00,112544.70,112557.40,112458.00,112458.10,246.798
2025-09-24T08:05:00+00:00,112458.00,112555.00,112458.00,112488.30,206.470
2025-09-24T08:10:00+00:00,112488.30,112488.40,112362.40,112474.90,251.781
2025-09-24T08:15:00+00:00,112474.90,112500.00,112359.00,112390.60,255.794
2025-09-24T08:20:00+00:00,112390.50,112396.30,112356.40,112378.30,213.856
2025-09-24T08:25:00+00:00,112378.30,112428.00,112358.60,112393.50,236.682
2025-09-24T08:30:00+00:00,112393.40,112540.60,112393.40,112513.50,306.014
2025-09-24T08:35:00+00:00,112513.60,112536.00,112435.60,112452.60,234.102
2025-09-24T08:40:00+00:00,112452.60,112537.40,112452.60,112532.70,192.582
2025-09-24T08:45:00+00:00,112532.80,112554.60,112450.80,112518.10,155.992
2025-09-24T08:50:00+00:00,112518.10,112560.00,112446.10,112457.30,207.328
2025-09-24T08:55:00+00:00,112457.30,112596.60,112457.30,112574.30,214.848
2025-09-24T09:00:00+00:00,112574.40,112574.40,112447.60,112500.00,158.769
2025-09-24T09:05:00+00:00,112500.00,112547.20,112472.80,112472.90,162.188
2025-09-24T09:10:00+00:00,112472.90,112493.80,112447.80,112493.70,109.421
2025-09-24T09:15:00+00:00,112493.80,112547.20,112493.70,112528.60,156.517
2025-09-24T09:20:00+00:00,112528.60,112550.00,112494.10,112550.00,135.723
2025-09-24T09:25:00+00:00,112550.00,112583.10,112499.20,112559.10,132.224
2025-09-24T09:30:00+00:00,112559.20,112638.00,112559.10,112618.40,221.953
2025-09-24T09:35:00+00:00,112618.40,112796.50,112602.00,112750.20,435.696
2025-09-24T09:40:00+00:00,112750.20,112750.30,112683.00,112686.10,171.427
2025-09-24T09:45:00+00:00,112686.00,112697.70,112616.10,112645.10,143.059
2025-09-24T09:50:00+00:00,112645.00,112691.00,112634.50,112651.10,91.379
2025-09-24T09:55:00+00:00,112651.10,112691.00,112651.00,112691.00,60.775
2025-09-24T10:00:00+00:00,112691.00,112750.00,112690.90,112718.10,308.893
2025-09-24T10:05:00+00:00,112718.00,112825.90,112684.30,112782.50,596.948
2025-09-24T10:10:00+00:00,112782.50,112820.00,112763.70,112763.80,269.462
2025-09-24T10:15:00+00:00,112763.80,112807.90,112763.70,112801.60,150.144
2025-09-24T10:20:00+00:00,112801.60,112815.10,112760.40,112766.50,215.387
2025-09-24T10:25:00+00:00,112766.50,112783.10,112613.00,112613.10,447.288
2025-09-24T10:30:00+00:00,112613.10,112692.80,112609.40,112671.70,163.440
2025-09-24T10:35:00+00:00,112671.80,112778.90,112671.70,112778.80,127.311
2025-09-24T10:40:00+00:00,112778.90,112778.90,112732.40,112756.50,117.920
2025-09-24T10:45:00+00:00,112756.50,112789.30,112748.80,112789.30,93.110
2025-09-24T10:50:00+00:00,112789.30,112849.80,112789.20,112791.90,540.303
2025-09-24T10:55:00+00:00,112791.80,112911.00,112751.90,112883.20,817.873
2025-09-24T11:00:00+00:00,112883.10,112939.00,112874.10,112929.30,700.299
2025-09-24T11:05:00+00:00,112929.40,113036.80,112919.50,113035.30,1326.036
2025-09-24T11:10:00+00:00,113035.30,113121.80,113000.00,113038.40,704.447
2025-09-24T11:15:00+00:00,113038.50,113080.00,112973.20,112973.20,345.035
2025-09-24T11:20:00+00:00,112973.20,113050.00,112953.90,113049.90,295.435
2025-09-24T11:25:00+00:00,113049.90,113050.00,112971.00,112984.40,384.468
2025-09-24T11:30:00+00:00,112984.40,113040.10,112950.70,112950.70,336.351
2025-09-24T11:35:00+00:00,112950.70,112975.90,112819.40,112877.40,483.643
2025-09-24T11:40:00+00:00,112877.50,113000.00,112877.40,112997.80,225.709
2025-09-24T11:45:00+00:00,112997.70,113011.00,112966.80,112996.60,250.032
2025-09-24T11:50:00+00:00,112996.70,113011.80,112838.80,112889.60,689.688
2025-09-24T11:55:00+00:00,112889.60,113001.70,112889.60,112982.00,539.726
2025-09-24T12:00:00+00:00,112982.00,112982.00,112946.70,112959.00,213.246
2025-09-24T12:05:00+00:00,112959.00,112959.00,112889.70,112897.90,194.627
2025-09-24T12:10:00+00:00,112898.00,112993.30,112897.90,112986.70,329.132
2025-09-24T12:15:00+00:00,112986.60,113008.10,112917.60,112969.40,192.685
2025-09-24T12:20:00+00:00,112969.40,112972.50,112882.70,112934.90,202.885
2025-09-24T12:25:00+00:00,112934.90,112988.00,112934.90,112960.50,111.570
2025-09-24T12:30:00+00:00,112960.50,112996.00,112960.50,112974.10,128.947
2025-09-24T12:35:00+00:00,112974.10,113037.80,112974.10,112993.30,199.469
2025-09-24T12:40:00+00:00,112993.30,113037.70,112993.20,113015.20,148.743
2025-09-24T12:45:00+00:00,113015.20,113047.80,113015.20,113047.70,135.003
2025-09-24T12:50:00+00:00,113047.70,113050.00,112948.50,112948.60,282.018
2025-09-24T12:55:00+00:00,112948.60,113030.00,112948.50,113010.80,162.402
2025-09-24T13:00:00+00:00,113010.80,113036.60,112987.50,113036.60,142.853
2025-09-24T13:05:00+00:00,113036.50,113050.00,112962.80,112984.80,188.572
2025-09-24T13:10:00+00:00,112984.90,113021.30,112926.20,112955.00,196.139
2025-09-24T13:15:00+00:00,112955.10,113014.30,112954.50,113008.70,148.708
2025-09-24T13:20:00+00:00,113008.80,113104.00,112984.20,113085.80,789.291
2025-09-24T13:25:00+00:00,113085.80,113104.00,112995.00,112995.10,294.648
2025-09-24T13:30:00+00:00,112995.00,113065.10,112930.10,113035.20,435.841
2025-09-24T13:35:00+00:00,113035.30,113084.70,112862.60,113050.00,515.365
2025-09-24T13:40:00+00:00,113050.00,113177.60,113033.10,113045.20,1298.565
2025-09-24T13:45:00+00:00,113045.20,113080.70,112945.30,112950.30,684.811
2025-09-24T13:50:00+00:00,112950.30,112993.50,112832.50,112879.40,1101.396
2025-09-24T13:55:00+00:00,112879.40,112896.30,112760.00,112780.20,880.989
2025-09-24T14:00:00+00:00,112780.20,113018.00,112780.10,113000.10,645.417
2025-09-24T14:05:00+00:00,113000.00,113015.80,112918.50,112982.50,291.678
2025-09-24T14:10:00+00:00,112982.50,113134.00,112982.40,113094.10,713.301
2025-09-24T14:15:00+00:00,113094.10,113125.00,113011.80,113070.80,293.625
2025-09-24T14:20:00+00:00,113071.30,113106.20,112960.20,112974.30,284.766
2025-09-24T14:25:00+00:00,112974.20,113115.30,112970.00,113101.30,198.259
2025-09-24T14:30:00+00:00,113101.30,113210.00,113047.00,113096.50,898.534
2025-09-24T14:35:00+00:00,113096.50,113210.00,113090.10,113187.20,419.544
2025-09-24T14:40:00+00:00,113187.10,113342.10,113176.30,113322.80,1074.466
2025-09-24T14:45:00+00:00,113322.80,113480.00,113255.60,113460.00,1149.855
2025-09-24T14:50:00+00:00,113459.90,113819.70,113459.90,113731.70,3540.984
2025-09-24T14:55:00+00:00,113731.60,113850.00,113626.40,113662.70,2009.320
2025-09-24T15:00:00+00:00,113662.60,113843.00,113620.20,113635.60,1625.421
2025-09-24T15:05:00+00:00,113635.60,113735.30,113530.10,113608.30,943.847
2025-09-24T15:10:00+00:00,113608.40,113674.60,113404.50,113430.10,734.850
2025-09-24T15:15:00+00:00,113430.20,113591.50,113420.50,113466.00,545.182
2025-09-24T15:20:00+00:00,113466.00,113671.90,113458.10,113630.80,397.485
2025-09-24T15:25:00+00:00,113630.90,113671.60,113580.80,113599.40,231.039
2025-09-24T15:30:00+00:00,113599.40,113603.40,113501.30,113510.50,223.792
2025-09-24T15:35:00+00:00,113510.30,113641.20,113510.20,113598.30,340.417
2025-09-24T15:40:00+00:00,113598.30,113661.90,113560.80,113661.90,209.847
2025-09-24T15:45:00+00:00,113661.90,113661.90,113467.00,113494.70,323.164
2025-09-24T15:50:00+00:00,113494.70,113502.50,113191.50,113365.10,1370.138
2025-09-24T15:55:00+00:00,113365.10,113447.50,113219.40,113299.90,517.351
2025-09-24T16:00:00+00:00,113300.00,113384.60,113216.70,113274.90,554.057
2025-09-24T16:05:00+00:00,113274.90,113312.60,113209.40,113219.80,549.430
2025-09-24T16:10:00+00:00,113219.80,113291.30,113107.40,113231.00,791.901
2025-09-24T16:15:00+00:00,113231.10,113408.80,113217.10,113364.50,408.697
2025-09-24T16:20:00+00:00,113364.50,113538.40,113356.00,113462.20,359.624
2025-09-24T16:25:00+00:00,113462.20,113540.40,113428.10,113521.40,220.368
2025-09-24T16:30:00+00:00,113521.40,113573.60,113457.50,113502.50,232.534
2025-09-24T16:35:00+00:00,113502.40,113640.00,113502.40,113639.90,343.347
2025-09-24T16:40:00+00:00,113640.00,113676.20,113572.40,113618.50,414.320
2025-09-24T16:45:00+00:00,113618.50,113659.00,113569.00,113614.40,196.301
2025-09-24T16:50:00+00:00,113614.50,113688.80,113586.00,113688.70,206.766
2025-09-24T16:55:00+00:00,113688.70,113700.00,113632.90,113668.90,208.443
2025-09-24T17:00:00+00:00,113668.90,113678.00,113588.80,113642.90,236.972
2025-09-24T17:05:00+00:00,113643.00,113755.00,113550.60,113754.90,262.187
2025-09-24T17:10:00+00:00,113755.00,113878.30,113750.10,113802.80,694.845
2025-09-24T17:15:00+00:00,113802.80,113802.90,113714.60,113721.30,363.902
2025-09-24T17:20:00+00:00,113721.40,113760.00,113679.30,113695.50,228.002
2025-09-24T17:25:00+00:00,113695.50,113734.00,113634.00,113717.20,177.485
2025-09-24T17:30:00+00:00,113717.20,113850.00,113717.20,113849.90,347.957
2025-09-24T17:35:00+00:00,113849.90,113880.10,113839.00,113858.60,392.619
2025-09-24T17:40:00+00:00,113858.60,113895.80,113775.50,113788.50,618.491
2025-09-24T17:45:00+00:00,113788.60,113788.60,113602.50,113661.00,549.868
2025-09-24T17:50:00+00:00,113660.90,113762.50,113641.90,113762.40,273.698
2025-09-24T17:55:00+00:00,113762.50,113768.00,113700.00,113700.10,307.500
2025-09-24T18:00:00+00:00,113700.10,113777.50,113700.10,113717.70,404.854
2025-09-24T18:05:00+00:00,113717.60,113736.70,113622.00,113641.60,256.375
2025-09-24T18:10:00+00:00,113641.70,113641.70,113505.00,113567.10,529.524
2025-09-24T18:15:00+00:00,113566.90,113615.30,113500.00,113508.20,268.849
2025-09-24T18:20:00+00:00,113508.20,113601.30,113472.00,113574.40,266.313
2025-09-24T18:25:00+00:00,113574.40,113638.60,113530.00,113632.10,129.344
2025-09-24T18:30:00+00:00,113632.10,113677.10,113530.50,113530.50,150.709
2025-09-24T18:35:00+00:00,113530.50,113661.10,113530.50,113613.60,119.533
2025-09-24T18:40:00+00:00,113613.60,113646.30,113580.90,113604.10,64.708
2025-09-24T18:45:00+00:00,113604.00,113629.90,113423.90,113522.40,579.276
2025-09-24T18:50:00+00:00,113522.40,113592.80,113471.30,113577.00,118.033
2025-09-24T18:55:00+00:00,113577.00,113597.00,113556.90,113595.00,72.189
2025-09-24T19:00:00+00:00,113595.10,113602.40,113491.20,113597.20,192.191
2025-09-24T19:05:00+00:00,113597.20,113632.40,113576.20,113581.90,137.864
2025-09-24T19:10:00+00:00,113581.90,113630.80,113517.90,113547.90,125.973
2025-09-24T19:15:00+00:00,113547.80,113572.80,113530.00,113540.10,98.809
2025-09-24T19:20:00+00:00,113540.00,113550.00,113520.00,113545.50,145.702
2025-09-24T19:25:00+00:00,113545.50,113549.90,113423.50,113442.60,234.498
2025-09-24T19:30:00+00:00,113442.50,113456.30,113356.80,113380.70,367.656
2025-09-24T19:35:00+00:00,113380.70,113380.70,113252.30,113267.90,360.342
2025-09-24T19:40:00+00:00,113268.00,113308.60,113265.00,113278.10,288.516
2025-09-24T19:45:00+00:00,113278.10,113331.80,113230.70,113322.00,357.181
2025-09-24T19:50:00+00:00,113322.00,113438.90,113322.00,113405.00,266.000
2025-09-24T19:55:00+00:00,113405.00,113408.00,113329.80,113371.70,328.897
2025-09-24T20:00:00+00:00,113371.70,113448.00,113338.80,113398.90,286.857
2025-09-24T20:05:00+00:00,113398.90,113494.90,113398.80,113473.50,186.811
2025-09-24T20:10:00+00:00,113473.40,113485.50,113411.60,113470.20,158.775
2025-09-24T20:15:00+00:00,113470.20,113500.00,113450.00,113499.90,150.909
2025-09-24T20:20:00+00:00,113499.80,113537.60,113499.80,113529.00,161.628
2025-09-24T20:25:00+00:00,113529.10,113551.90,113471.80,113490.40,108.616
2025-09-24T20:30:00+00:00,113490.40,113496.10,113401.90,113424.00,148.024
2025-09-24T20:35:00+00:00,113423.90,113450.80,113385.90,113412.10,103.931
2025-09-24T20:40:00+00:00,113412.10,113481.00,113378.10,113481.00,167.706
2025-09-24T20:45:00+00:00,113480.90,113501.80,113476.70,113501.70,60.583
2025-09-24T20:50:00+00:00,113501.70,113550.00,113501.70,113538.30,113.091
2025-09-24T20:55:00+00:00,113538.40,113557.00,113439.10,113447.60,212.803
2025-09-24T21:00:00+00:00,113447.50,113451.90,113409.40,113446.20,147.517
2025-09-24T21:05:00+00:00,113446.20,113490.40,113446.20,113479.30,116.446
2025-09-24T21:10:00+00:00,113479.30,113529.60,113479.20,113520.80,158.513
2025-09-24T21:15:00+00:00,113520.30,113520.30,113449.40,113466.00,56.504
2025-09-24T21:20:00+00:00,113466.00,113510.00,113466.00,113509.90,46.883
2025-09-24T21:25:00+00:00,113510.00,113522.80,113509.90,113522.60,58.608
2025-09-24T21:30:00+00:00,113522.60,113522.70,113452.30,113452.30,42.151
2025-09-24T21:35:00+00:00,113452.30,113452.40,113424.40,113424.50,99.085
2025-09-24T21:40:00+00:00,113424.50,113430.00,113275.20,113279.90,450.516
2025-09-24T21:45:00+00:00,113279.90,113455.20,113279.90,113455.20,164.978
2025-09-24T21:50:00+00:00,113455.20,113480.00,113455.20,113479.90,41.400
2025-09-24T21:55:00+00:00,113480.00,113480.00,113220.20,113284.30,257.492
2025-09-24T22:00:00+00:00,113284.30,113586.00,113284.20,113487.20,455.448
2025-09-24T22:05:00+00:00,113487.30,113487.30,113325.40,113474.60,285.232
2025-09-24T22:10:00+00:00,113474.60,113590.00,113474.50,113577.00,297.473
2025-09-24T22:15:00+00:00,113577.00,113589.90,113457.50,113457.50,165.599
2025-09-24T22:20:00+00:00,113457.50,113472.80,113408.10,113450.00,114.054
2025-09-24T22:25:00+00:00,113450.00,113480.40,113408.20,113427.70,84.793
2025-09-24T22:30:00+00:00,113427.60,113450.80,113377.90,113381.80,79.458
2025-09-24T22:35:00+00:00,113381.80,113381.90,113311.30,113342.60,183.940
2025-09-24T22:40:00+00:00,113342.60,113387.10,113306.10,113306.10,114.341
2025-09-24T22:45:00+00:00,113306.10,113306.10,113242.10,113274.30,209.539
2025-09-24T22:50:00+00:00,113274.30,113274.40,113193.90,113213.20,299.376
2025-09-24T22:55:00+00:00,113213.20,113274.80,113213.10,113274.80,171.895
2025-09-24T23:00:00+00:00,113274.70,113344.00,113274.70,113343.90,162.743
2025-09-24T23:05:00+00:00,113344.00,113357.90,113289.90,113295.60,100.240
2025-09-24T23:10:00+00:00,113295.60,113307.10,113272.80,113295.70,108.430
2025-09-24T23:15:00+00:00,113295.70,113318.30,113204.00,113204.00,173.833
2025-09-24T23:20:00+00:00,113204.00,113258.50,113158.90,113241.50,517.922
2025-09-24T23:25:00+00:00,113241.50,113374.00,113238.40,113292.20,229.551
2025-09-24T23:30:00+00:00,113292.20,113292.30,113173.00,113197.90,211.110
2025-09-24T23:35:00+00:00,113197.90,113256.50,113182.10,113182.10,309.856
2025-09-24T23:40:00+00:00,113182.10,113185.50,113145.00,113170.00,200.462
2025-09-24T23:45:00+00:00,113169.90,113247.90,113143.30,113224.60,325.260
2025-09-24T23:50:00+00:00,113224.50,113233.40,113195.60,113233.30,92.353
2025-09-24T23:55:00+00:00,113233.30,113285.00,113213.10,113254.00,144.336
2025-09-25T00:00:00+00:00,113253.90,113352.00,113215.00,113351.90,241.805
2025-09-25T00:05:00+00:00,113351.90,113462.10,113344.20,113412.20,427.801
2025-09-25T00:10:00+00:00,113412.30,113436.50,113388.00,113418.70,198.146
2025-09-25T00:15:00+00:00,113418.70,113418.80,113232.00,113268.80,238.995
2025-09-25T00:20:00+00:00,113268.70,113310.50,113177.50,113185.40,316.836
2025-09-25T00:25:00+00:00,113185.40,113193.00,113075.00,113075.20,443.495
2025-09-25T00:30:00+00:00,113075.20,113180.70,113057.90,113139.60,289.072
2025-09-25T00:35:00+00:00,113139.60,113187.20,112996.00,113173.10,602.938
2025-09-25T00:40:00+00:00,113173.10,113250.00,113139.50,113146.00,285.871
2025-09-25T00:45:00+00:00,113146.00,113203.40,112959.70,113043.70,657.098
2025-09-25T00:50:00+00:00,113043.60,113078.00,113013.30,113055.60,195.139
2025-09-25T00:55:00+00:00,113055.70,113117.50,112886.10,113002.10,661.613
2025-09-25T01:00:00+00:00,113002.00,113114.60,112850.40,113069.50,599.325
2025-09-25T01:05:00+00:00,113069.50,113117.70,112969.40,113018.00,292.414
2025-09-25T01:10:00+00:00,113018.10,113322.00,113018.00,113208.10,468.629
2025-09-25T01:15:00+00:00,113207.70,113256.60,113094.90,113199.50,451.176
2025-09-25T01:20:00+00:00,113199.60,113223.40,113050.00,113056.90,323.627
2025-09-25T01:25:00+00:00,113056.80,113109.10,112974.50,113033.10,325.069
2025-09-25T01:30:00+00:00,113033.00,113033.00,112758.80,112812.00,810.241
2025-09-25T01:35:00+00:00,112812.10,112912.30,112602.70,112697.50,1009.529
2025-09-25T01:40:00+00:00,112697.40,112751.50,112586.60,112644.20,998.262
2025-09-25T01:45:00+00:00,112644.20,112768.00,112640.30,112684.90,538.088
2025-09-25T01:50:00+00:00,112685.00,112700.40,112380.10,112430.40,2628.465
2025-09-25T01:55:00+00:00,112430.30,112622.90,112415.30,112615.70,1399.219
2025-09-25T02:00:00+00:00,112615.70,112810.60,112600.70,112766.80,992.633
2025-09-25T02:05:00+00:00,112766.80,112863.40,112650.00,112650.10,430.268
2025-09-25T02:10:00+00:00,112650.10,112709.10,112615.30,112622.30,348.384
2025-09-25T02:15:00+00:00,112622.40,112622.40,112470.00,112485.40,872.064
2025-09-25T02:20:00+00:00,112485.40,112621.40,112453.30,112611.00,490.800
2025-09-25T02:25:00+00:00,112611.00,112753.90,112592.10,112691.90,357.799
2025-09-25T02:30:00+00:00,112691.80,113140.80,112691.80,113050.00,1148.696
2025-09-25T02:35:00+00:00,113049.90,113057.30,112840.00,112853.10,301.001
2025-09-25T02:40:00+00:00,112853.10,112923.30,112818.10,112858.10,197.354
2025-09-25T02:45:00+00:00,112858.10,112979.90,112818.60,112979.90,238.454
2025-09-25T02:50:00+00:00,112980.00,113000.00,112800.10,112800.10,296.766
2025-09-25T02:55:00+00:00,112800.20,112880.00,112800.10,112852.00,187.056
2025-09-25T03:00:00+00:00,112852.10,112852.10,112700.00,112701.10,184.734
2025-09-25T03:05:00+00:00,112701.10,112778.00,112681.60,112721.50,179.052
2025-09-25T03:10:00+00:00,112721.60,112770.40,112667.30,112690.60,138.956
2025-09-25T03:15:00+00:00,112690.60,112730.10,112502.70,112517.00,658.361
2025-09-25T03:20:00+00:00,112517.00,112566.30,112391.40,112425.20,1035.795
2025-09-25T03:25:00+00:00,112425.60,112438.50,112275.20,112311.90,1298.699
2025-09-25T03:30:00+00:00,112311.90,112476.80,112155.60,112453.50,1363.748
2025-09-25T03:35:00+00:00,112453.60,112490.00,112372.70,112477.00,312.105
2025-09-25T03:40:00+00:00,112477.00,112490.00,112370.00,112379.80,364.612
2025-09-25T03:45:00+00:00,112379.80,112436.90,112353.70,112360.50,361.005
2025-09-25T03:50:00+00:00,112360.60,112429.90,112320.00,112365.60,240.662
2025-09-25T03:55:00+00:00,112365.70,112572.00,112334.10,112485.80,767.137
2025-09-25T04:00:00+00:00,112485.70,112498.20,112380.00,112428.80,282.351
2025-09-25T04:05:00+00:00,112428.90,112574.60,112401.30,112527.80,365.093
2025-09-25T04:10:00+00:00,112527.90,112527.90,112160.70,112232.70,860.572
2025-09-25T04:15:00+00:00,112232.70,112249.10,111789.00,111854.50,2571.585
2025-09-25T04:20:00+00:00,111854.60,111935.80,111641.10,111914.00,2961.127
2025-09-25T04:25:00+00:00,111914.00,111914.00,111737.50,111880.10,876.039
2025-09-25T04:30:00+00:00,111880.20,111884.60,111671.60,111798.70,753.945
2025-09-25T04:35:00+00:00,111798.70,111798.70,111658.00,111691.10,1205.525
2025-09-25T04:40:00+00:00,111691.10,111869.80,111611.00,111838.60,987.092
2025-09-25T04:45:00+00:00,111838.60,111864.50,111698.20,111717.90,758.010
2025-09-25T04:50:00+00:00,111717.80,111717.90,111540.00,111680.40,1312.401
2025-09-25T04:55:00+00:00,111680.40,111749.80,111573.20,111684.30,601.804
2025-09-25T05:00:00+00:00,111684.30,111698.20,111540.00,111673.30,798.840
2025-09-25T05:05:00+00:00,111673.30,111841.80,111656.10,111787.40,693.610
2025-09-25T05:10:00+00:00,111787.50,111869.40,111787.40,111792.00,341.959
2025-09-25T05:15:00+00:00,111792.10,111905.50,111755.40,111893.50,619.345
2025-09-25T05:20:00+00:00,111893.50,111948.70,111806.80,111942.80,474.881
2025-09-25T05:25:00+00:00,111942.70,111994.00,111873.80,111935.30,474.385
2025-09-25T05:30:00+00:00,111935.30,111935.30,111778.80,111852.80,339.532
2025-09-25T05:35:00+00:00,111852.90,111852.90,111750.00,111757.90,289.841
2025-09-25T05:40:00+00:00,111757.90,111790.40,111711.50,111724.50,192.880
2025-09-25T05:45:00+00:00,111724.50,111726.30,111593.80,111674.20,387.451
2025-09-25T05:50:00+00:00,111674.20,111769.80,111674.10,111688.40,232.077
2025-09-25T05:55:00+00:00,111688.10,111706.40,111670.00,111690.40,184.406
2025-09-25T06:00:00+00:00,111690.40,111750.20,111629.70,111629.80,337.059
2025-09-25T06:05:00+00:00,111629.70,111671.60,111575.50,111610.30,309.005
2025-09-25T06:10:00+00:00,111610.40,111625.00,111540.40,111540.90,387.273
2025-09-25T06:15:00+00:00,111540.90,111732.80,111500.00,111732.80,597.727
2025-09-25T06:20:00+00:00,111732.80,111802.10,111642.30,111705.90,465.892
2025-09-25T06:25:00+00:00,111706.00,111706.00,111627.00,111650.50,234.998
2025-09-25T06:30:00+00:00,111650.50,111750.00,111650.40,111740.10,239.118
2025-09-25T06:35:00+00:00,111740.20,111751.10,111650.00,111729.60,175.353
2025-09-25T06:40:00+00:00,111729.60,111735.00,111563.00,111567.50,207.653
2025-09-25T06:45:00+00:00,111567.50,111620.00,111567.40,111588.10,118.682
2025-09-25T06:50:00+00:00,111588.10,111588.10,111503.10,111505.90,202.527
2025-09-25T06:55:00+00:00,111505.90,111514.40,111451.00,111474.40,630.522
2025-09-25T07:00:00+00:00,111474.50,111500.00,111435.60,111500.00,384.052
2025-09-25T07:05:00+00:00,111499.90,111686.50,111389.00,111606.30,831.317
2025-09-25T07:10:00+00:00,111606.30,111660.50,111502.90,111553.70,558.535
2025-09-25T07:15:00+00:00,111553.70,111764.00,111534.70,111763.70,528.930
2025-09-25T07:20:00+00:00,111763.60,111836.70,111700.00,111765.00,376.391
2025-09-25T07:25:00+00:00,111764.90,111832.00,111720.50,111800.00,287.378
2025-09-25T07:30:00+00:00,111800.00,111810.00,111750.00,111750.10,169.941
2025-09-25T07:35:00+00:00,111750.10,111822.20,111724.30,111773.90,188.641
2025-09-25T07:40:00+00:00,111773.90,111834.40,111773.20,111774.40,208.324
2025-09-25T07:45:00+00:00,111774.40,111795.60,111752.70,111774.50,122.857
2025-09-25T07:50:00+00:00,111774.50,111800.00,111725.50,111800.00,171.568
2025-09-25T07:55:00+00:00,111799.90,111800.00,111670.00,111708.50,176.696
2025-09-25T08:00:00+00:00,111708.50,111807.90,111708.40,111807.90,222.197
2025-09-25T08:05:00+00:00,111807.90,111862.50,111775.00,111824.40,302.660
2025-09-25T08:10:00+00:00,111824.50,111933.30,111809.60,111933.30,424.049
2025-09-25T08:15:00+00:00,111933.60,111964.90,111851.20,111851.20,529.689
2025-09-25T08:20:00+00:00,111851.20,111863.60,111825.30,111847.20,139.866
2025-09-25T08:25:00+00:00,111847.30,111980.40,111840.40,111980.30,175.283
2025-09-25T08:30:00+00:00,111980.40,111980.40,111874.60,111906.60,291.427
2025-09-25T08:35:00+00:00,111906.60,111906.60,111766.20,111797.50,206.354
2025-09-25T08:40:00+00:00,111797.50,111843.00,111692.30,111714.00,262.234
2025-09-25T08:45:00+00:00,111714.00,111735.90,111663.90,111714.20,227.405
2025-09-25T08:50:00+00:00,111714.20,111751.50,111648.50,111664.50,221.801
2025-09-25T08:55:00+00:00,111664.50,111699.00,111636.10,111678.70,247.578
2025-09-25T09:00:00+00:00,111678.70,111784.90,111662.00,111671.70,429.132
2025-09-25T09:05:00+00:00,111671.80,111804.90,111668.70,111803.60,267.937
2025-09-25T09:10:00+00:00,111803.60,111843.30,111803.60,111834.20,143.896
2025-09-25T09:15:00+00:00,111834.30,111936.40,111816.20,111890.00,316.371
2025-09-25T09:20:00+00:00,111890.00,111895.80,111841.00,111874.80,166.392
2025-09-25T09:25:00+00:00,111874.70,112220.30,111874.70,112032.30,2040.697
2025-09-25T09:30:00+00:00,112032.20,112079.50,111959.90,111960.00,413.243
2025-09-25T09:35:00+00:00,111959.90,111964.60,111808.00,111818.20,333.959
2025-09-25T09:40:00+00:00,111818.20,111882.40,111780.30,111780.40,221.988
2025-09-25T09:45:00+00:00,111780.30,111780.30,111662.30,111668.80,365.677
2025-09-25T09:50:00+00:00,111668.90,111677.60,111600.00,111617.60,247.192
2025-09-25T09:55:00+00:00,111617.50,111617.50,111510.40,111510.40,514.194
2025-09-25T10:00:00+00:00,111510.40,111596.50,111471.00,111569.70,415.238
2025-09-25T10:05:00+00:00,111569.70,111629.10,111562.20,111612.40,193.160
2025-09-25T10:10:00+00:00,111612.40,111652.60,111585.00,111634.70,192.103
2025-09-25T10:15:00+00:00,111634.70,111750.00,111634.70,111700.00,244.329
2025-09-25T10:20:00+00:00,111700.00,111821.60,111684.10,111817.10,238.656
2025-09-25T10:25:00+00:00,111817.10,111817.10,111718.00,111718.10,217.885
2025-09-25T10:30:00+00:00,111718.10,111763.60,111700.00,111760.70,222.755
2025-09-25T10:35:00+00:00,111760.70,111782.50,111691.50,111734.00,110.871
2025-09-25T10:40:00+00:00,111734.00,111734.00,111531.90,111572.90,341.651
2025-09-25T10:45:00+00:00,111572.90,111587.70,111550.20,111552.10,159.804
2025-09-25T10:50:00+00:00,111552.10,111570.60,111530.20,111567.40,179.211
2025-09-25T10:55:00+00:00,111567.50,111629.10,111567.40,111601.60,85.058
2025-09-25T11:00:00+00:00,111601.60,111676.90,111595.00,111671.80,163.400
2025-09-25T11:05:00+00:00,111671.80,111671.90,111442.00,111476.00,340.650
2025-09-25T11:10:00+00:00,111476.10,111530.00,111411.40,111504.00,669.819
2025-09-25T11:15:00+00:00,111503.90,111531.00,111415.80,111469.60,231.251
2025-09-25T11:20:00+00:00,111469.60,111492.80,111360.00,111442.20,527.135
2025-09-25T11:25:00+00:00,111442.30,111541.30,111430.00,111498.40,258.623
2025-09-25T11:30:00+00:00,111498.40,111544.60,111420.10,111443.00,232.720
2025-09-25T11:35:00+00:00,111443.00,111443.10,111351.70,111384.00,504.991
2025-09-25T11:40:00+00:00,111383.90,111405.20,111320.00,111378.40,414.211
2025-09-25T11:45:00+00:00,111378.50,111444.30,111300.00,111335.90,485.954
2025-09-25T11:50:00+00:00,111336.00,111414.50,111287.50,111396.20,373.221
2025-09-25T11:55:00+00:00,111396.20,111414.50,111234.80,111316.10,426.937
2025-09-25T12:00:00+00:00,111316.00,111475.80,111271.90,111429.30,429.971
2025-09-25T12:05:00+00:00,111429.30,111550.20,111398.50,111550.20,382.722
2025-09-25T12:10:00+00:00,111550.10,111600.20,111508.10,111514.80,337.814
2025-09-25T12:15:00+00:00,111514.70,111517.70,111441.90,111455.00,292.153
2025-09-25T12:20:00+00:00,111455.00,111504.80,111362.30,111424.20,301.297
2025-09-25T12:25:00+00:00,111424.20,111514.10,111089.20,111094.60,1277.379
2025-09-25T12:30:00+00:00,111094.50,111592.10,111000.00,111457.80,3481.608
2025-09-25T12:35:00+00:00,111457.80,111617.30,111236.10,111299.90,1017.830
2025-09-25T12:40:00+00:00,111300.00,111418.00,111282.00,111334.70,518.425
2025-09-25T12:45:00+00:00,111334.70,111334.70,111083.40,111273.70,979.949
2025-09-25T12:50:00+00:00,111273.70,111343.10,111188.70,111239.00,433.455
2025-09-25T12:55:00+00:00,111238.90,111239.00,111070.50,111080.00,650.010
2025-09-25T13:00:00+00:00,111079.90,111139.00,110805.90,110819.10,2658.572
2025-09-25T13:05:00+00:00,110819.10,111106.50,110802.80,110856.80,1320.746
2025-09-25T13:10:00+00:00,110856.80,111240.40,110839.40,111216.80,883.733
2025-09-25T13:15:00+00:00,111216.90,111558.10,111138.60,111461.50,2158.883
2025-09-25T13:20:00+00:00,111461.60,111538.80,111384.60,111487.40,616.040
2025-09-25T13:25:00+00:00,111487.40,111645.30,111454.90,111566.50,860.204
2025-09-25T13:30:00+00:00,111566.50,111682.60,111417.10,111510.10,753.851
2025-09-25T13:35:00+00:00,111510.00,111559.40,111170.30,111190.30,1130.139
2025-09-25T13:40:00+00:00,111190.40,111193.40,110555.00,110672.40,3091.476
2025-09-25T13:45:00+00:00,110672.40,111055.70,110615.30,110836.20,1713.607
2025-09-25T13:50:00+00:00,110836.20,110988.10,110784.40,110931.90,1120.241
2025-09-25T13:55:00+00:00,110931.80,110958.50,110815.10,110958.50,379.859
2025-09-25T14:00:00+00:00,110958.40,111099.70,110935.90,111036.80,689.573
2025-09-25T14:05:00+00:00,111036.70,111192.20,111027.30,111140.60,623.901
2025-09-25T14:10:00+00:00,111140.50,111258.90,111061.50,111250.00,535.100
2025-09-25T14:15:00+00:00,111250.10,111667.80,111250.10,111620.00,1838.658
2025-09-25T14:20:00+00:00,111619.90,111680.80,111569.20,111659.10,1383.617
2025-09-25T14:25:00+00:00,111659.10,111667.70,111437.70,111443.10,1200.397
2025-09-25T14:30:00+00:00,111443.00,111680.00,111443.00,111669.50,494.921
2025-09-25T14:35:00+00:00,111669.30,111669.30,111371.80,111415.50,683.428
2025-09-25T14:40:00+00:00,111415.50,111459.60,111304.10,111443.50,531.856
2025-09-25T14:45:00+00:00,111443.50,111550.20,111416.20,111493.70,341.703
2025-09-25T14:50:00+00:00,111493.80,111493.80,111332.40,111386.40,240.375
2025-09-25T14:55:00+00:00,111386.40,111560.00,111386.40,111483.00,246.324
2025-09-25T15:00:00+00:00,111483.00,111538.40,111326.90,111409.10,342.894
2025-09-25T15:05:00+00:00,111409.10,111477.20,111237.10,111237.10,492.407
2025-09-25T15:10:00+00:00,111237.20,111349.20,111144.50,111283.50,566.641
2025-09-25T15:15:00+00:00,111283.40,111300.00,111190.00,111190.00,467.455
2025-09-25T15:20:00+00:00,111190.10,111210.70,110901.60,110901.60,672.900
2025-09-25T15:25:00+00:00,110901.70,110931.60,110807.20,110905.70,793.289
2025-09-25T15:30:00+00:00,110905.70,111225.60,110871.20,111179.20,720.479
2025-09-25T15:35:00+00:00,111179.30,111244.10,111099.60,111172.80,432.504
2025-09-25T15:40:00+00:00,111172.70,111371.80,111172.70,111264.50,642.233
2025-09-25T15:45:00+00:00,111264.60,111396.50,111169.50,111391.40,443.845
2025-09-25T15:50:00+00:00,111391.50,111446.50,111254.40,111342.50,430.870
2025-09-25T15:55:00+00:00,111342.40,111538.40,111291.80,111538.40,494.166
2025-09-25T16:00:00+00:00,111538.40,111636.60,111415.70,111448.20,952.192
2025-09-25T16:05:00+00:00,111448.20,111594.70,111443.70,111564.90,558.076
2025-09-25T16:10:00+00:00,111564.90,111613.10,111471.40,111477.10,407.761
2025-09-25T16:15:00+00:00,111477.10,111488.00,111231.90,111296.70,414.055
2025-09-25T16:20:00+00:00,111296.80,111346.30,111213.90,111291.70,204.182
2025-09-25T16:25:00+00:00,111291.70,111291.70,111043.10,111074.60,521.403
2025-09-25T16:30:00+00:00,111074.70,111250.00,111054.60,111118.80,280.352
2025-09-25T16:35:00+00:00,111118.60,111146.30,111030.00,111062.30,223.725
2025-09-25T16:40:00+00:00,111062.20,111062.30,110926.50,111044.10,446.420
2025-09-25T16:45:00+00:00,111044.10,111116.30,110906.10,110937.40,607.817
2025-09-25T16:50:00+00:00,110937.40,111058.00,110908.80,110921.20,354.835
2025-09-25T16:55:00+00:00,110921.20,110935.00,110852.00,110907.90,460.675
2025-09-25T17:00:00+00:00,110908.00,110930.00,110724.40,110797.80,817.278
2025-09-25T17:05:00+00:00,110797.80,110797.80,110568.90,110628.50,969.555
2025-09-25T17:10:00+00:00,110628.50,110660.80,110087.60,110088.70,2728.304
2025-09-25T17:15:00+00:00,110087.60,110404.80,110059.00,110094.60,2592.042
2025-09-25T17:20:00+00:00,110094.60,110109.20,109800.00,109884.50,4645.963
2025-09-25T17:25:00+00:00,109884.50,110060.90,109856.10,109883.20,1216.726
2025-09-25T17:30:00+00:00,109883.20,109936.70,109544.90,109659.80,2659.729
2025-09-25T17:35:00+00:00,109659.70,109709.50,109372.30,109549.10,2224.469
2025-09-25T17:40:00+00:00,109549.00,109598.00,109329.00,109329.00,1141.405
2025-09-25T17:45:00+00:00,109329.00,109420.60,109088.80,109104.90,2232.650
2025-09-25T17:50:00+00:00,109104.90,109349.90,109055.40,109060.10,1500.974
2025-09-25T17:55:00+00:00,109060.00,109116.00,108578.20,108793.90,3841.141
2025-09-25T18:00:00+00:00,108793.90,108840.60,108574.10,108731.90,2462.091
2025-09-25T18:05:00+00:00,108732.00,109020.00,108673.30,108913.00,1830.178
2025-09-25T18:10:00+00:00,108913.00,109205.90,108753.80,109177.40,1460.285
2025-09-25T18:15:00+00:00,109177.40,109403.40,109068.50,109367.30,1757.973
2025-09-25T18:20:00+00:00,109367.40,109600.00,109331.00,109564.10,1121.617
2025-09-25T18:25:00+00:00,109564.10,109596.60,109374.60,109398.40,574.933
2025-09-25T18:30:00+00:00,109398.40,109449.40,109222.30,109231.60,513.821
2025-09-25T18:35:00+00:00,109231.70,109513.60,109212.30,109376.80,528.761
2025-09-25T18:40:00+00:00,109376.90,109586.00,109376.90,109432.30,585.190
2025-09-25T18:45:00+00:00,109432.30,109494.20,109270.00,109494.20,568.329
2025-09-25T18:50:00+00:00,109494.10,109621.10,109452.80,109621.10,410.633
2025-09-25T18:55:00+00:00,109621.10,109759.70,109621.00,109708.30,684.490
2025-09-25T19:00:00+00:00,109708.40,109820.00,109708.30,109790.40,549.387
2025-09-25T19:05:00+00:00,109790.50,109810.00,109691.50,109746.30,306.515
2025-09-25T19:10:00+00:00,109746.30,109746.40,109583.20,109620.00,435.899
2025-09-25T19:15:00+00:00,109619.90,109802.10,109619.90,109799.00,265.957
2025-09-25T19:20:00+00:00,109798.90,109926.70,109798.90,109820.00,418.713
2025-09-25T19:25:00+00:00,109820.10,109882.30,109700.00,109771.50,530.234
2025-09-25T19:30:00+00:00,109771.60,109850.00,109535.80,109554.90,655.852
2025-09-25T19:35:00+00:00,109555.00,109612.40,109503.30,109550.50,347.832
2025-09-25T19:40:00+00:00,109550.40,109550.50,109433.10,109496.20,409.598
2025-09-25T19:45:00+00:00,109496.30,109506.70,109364.50,109414.50,647.524
2025-09-25T19:50:00+00:00,109414.60,109438.30,109250.00,109385.40,764.737
2025-09-25T19:55:00+00:00,109385.50,109462.50,109254.40,109320.50,706.601
2025-09-25T20:00:00+00:00,109320.50,109447.90,109298.60,109391.60,494.156
2025-09-25T20:05:00+00:00,109391.70,109399.20,109228.80,109237.10,294.621
2025-09-25T20:10:00+00:00,109237.20,109262.30,109138.20,109194.20,418.413
2025-09-25T20:15:00+00:00,109194.30,109321.40,109153.00,109295.60,244.905
2025-09-25T20:20:00+00:00,109295.50,109384.60,109250.00,109269.80,392.677
2025-09-25T20:25:00+00:00,109269.80,109320.90,109239.80,109310.80,125.318
2025-09-25T20:30:00+00:00,109310.80,109331.00,109199.50,109228.00,295.163
2025-09-25T20:35:00+00:00,109228.00,109325.70,109020.50,109078.00,547.182
2025-09-25T20:40:00+00:00,109078.00,109195.80,109024.40,109156.00,333.627
2025-09-25T20:45:00+00:00,109155.90,109244.80,109076.90,109097.40,193.411
2025-09-25T20:50:00+00:00,109097.40,109129.60,109005.00,109093.60,210.564
2025-09-25T20:55:00+00:00,109093.60,109126.90,109039.20,109126.80,273.687
2025-09-25T21:00:00+00:00,109126.90,109234.30,109113.50,109157.20,215.816
2025-09-25T21:05:00+00:00,109157.20,109589.10,109151.80,109580.50,577.013
2025-09-25T21:10:00+00:00,109580.50,109619.50,109392.10,109415.00,377.464
2025-09-25T21:15:00+00:00,109415.00,109505.00,109344.40,109421.30,174.061
2025-09-25T21:20:00+00:00,109421.20,109547.20,109421.20,109440.10,198.964
2025-09-25T21:25:00+00:00,109440.10,109480.60,109257.10,109260.20,199.952
2025-09-25T21:30:00+00:00,109260.20,109269.20,109041.90,109125.00,358.202
2025-09-25T21:35:00+00:00,109125.00,109128.20,109027.60,109040.00,241.100
2025-09-25T21:40:00+00:00,109040.00,109126.00,109018.90,109126.00,128.437
2025-09-25T21:45:00+00:00,109126.00,109311.90,109125.90,109311.90,132.130
2025-09-25T21:50:00+00:00,109311.90,109350.00,109309.80,109349.90,155.608
2025-09-25T21:55:00+00:00,109349.90,109458.30,109320.20,109360.80,209.443
2025-09-25T22:00:00+00:00,109360.80,109485.40,109280.20,109322.40,352.440
2025-09-25T22:05:00+00:00,109322.30,109426.10,109252.70,109426.00,192.986
2025-09-25T22:10:00+00:00,109426.10,109479.20,109386.10,109476.50,261.305
2025-09-25T22:15:00+00:00,109476.40,109501.00,109406.20,109413.40,197.095
2025-09-25T22:20:00+00:00,109413.30,109506.00,109398.70,109505.90,248.345
2025-09-25T22:25:00+00:00,109505.90,109534.90,109381.80,109423.70,321.852
2025-09-25T22:30:00+00:00,109423.60,109437.70,109336.00,109346.70,147.820
2025-09-25T22:35:00+00:00,109346.70,109429.90,109272.70,109284.80,160.349
2025-09-25T22:40:00+00:00,109284.90,109387.80,109284.90,109380.70,107.773
2025-09-25T22:45:00+00:00,109380.70,109380.70,109200.10,109274.70,210.450
2025-09-25T22:50:00+00:00,109274.80,109290.00,109212.00,109232.90,263.242
2025-09-25T22:55:00+00:00,109232.90,109379.10,109232.80,109369.50,228.634
2025-09-25T23:00:00+00:00,109369.60,109628.70,109329.00,109610.50,553.360
2025-09-25T23:05:00+00:00,109610.50,109637.30,109548.80,109637.20,260.378
2025-09-25T23:10:00+00:00,109637.20,109637.20,109434.30,109434.30,207.854
2025-09-25T23:15:00+00:00,109434.40,109496.20,109370.70,109373.20,193.583
2025-09-25T23:20:00+00:00,109373.20,109420.80,109318.40,109381.50,272.221
2025-09-25T23:25:00+00:00,109381.10,109386.70,109230.70,109386.60,426.454
2025-09-25T23:30:00+00:00,109386.70,109386.70,109065.40,109082.30,554.461
2025-09-25T23:35:00+00:00,109082.30,109110.90,108694.80,108922.20,2800.312
2025-09-25T23:40:00+00:00,108922.30,109047.90,108912.40,109029.90,491.407
2025-09-25T23:45:00+00:00,109030.00,109034.60,108835.20,108905.00,424.293
2025-09-25T23:50:00+00:00,108905.10,108935.00,108856.40,108886.70,412.402
2025-09-25T23:55:00+00:00,108886.70,108976.60,108801.30,108934.50,359.394
2025-09-26T00:00:00+00:00,108934.60,109190.00,108898.80,109100.60,606.390
2025-09-26T00:05:00+00:00,109100.60,109262.10,109080.00,109173.80,527.607
2025-09-26T00:10:00+00:00,109173.80,109315.90,109122.70,109247.10,681.986
2025-09-26T00:15:00+00:00,109247.10,109295.70,109175.10,109206.60,532.170
2025-09-26T00:20:00+00:00,109206.60,109350.00,109180.00,109218.60,337.980
2025-09-26T00:25:00+00:00,109218.60,109342.10,109180.10,109254.30,281.730
2025-09-26T00:30:00+00:00,109254.20,109262.20,109035.50,109054.70,426.187
2025-09-26T00:35:00+00:00,109054.70,109221.20,109007.10,109096.90,612.958
2025-09-26T00:40:00+00:00,109096.90,109126.20,108750.00,108753.20,750.267
2025-09-26T00:45:00+00:00,108753.20,108965.30,108753.10,108927.60,649.682
2025-09-26T00:50:00+00:00,108927.50,109443.60,108924.90,109443.60,1482.307
2025-09-26T00:55:00+00:00,109443.50,109563.90,109389.00,109419.10,867.490
2025-09-26T01:00:00+00:00,109419.10,109565.50,109343.40,109413.80,535.236
2025-09-26T01:05:00+00:00,109413.80,109513.80,109269.00,109314.30,536.050
2025-09-26T01:10:00+00:00,109314.30,109605.40,109259.00,109584.70,538.789
2025-09-26T01:15:00+00:00,109584.70,109713.80,109584.70,109688.00,560.828
2025-09-26T01:20:00+00:00,109687.90,109688.00,109548.50,109591.10,264.143
2025-09-26T01:25:00+00:00,109591.00,109608.00,109509.30,109517.00,189.620
2025-09-26T01:30:00+00:00,109517.10,109649.90,109517.00,109561.90,157.713
2025-09-26T01:35:00+00:00,109561.80,109658.70,109501.50,109537.70,266.006
2025-09-26T01:40:00+00:00,109537.80,109609.10,109528.70,109609.10,171.698
2025-09-26T01:45:00+00:00,109609.00,109720.00,109572.50,109606.30,378.611
2025-09-26T01:50:00+00:00,109606.20,109665.80,109582.40,109613.00,258.389
2025-09-26T01:55:00+00:00,109612.90,109669.50,109546.10,109640.00,208.043
2025-09-26T02:00:00+00:00,109640.10,109761.00,109621.00,109761.00,227.715
2025-09-26T02:05:00+00:00,109761.00,109766.00,109590.70,109630.60,358.075
2025-09-26T02:10:00+00:00,109630.60,109649.90,109540.00,109618.40,263.257
2025-09-26T02:15:00+00:00,109618.50,109750.30,109575.30,109666.10,280.780
2025-09-26T02:20:00+00:00,109666.10,109733.80,109543.30,109543.40,182.999
2025-09-26T02:25:00+00:00,109543.30,109554.50,109515.40,109531.70,120.723
2025-09-26T02:30:00+00:00,109531.70,109610.50,109439.00,109568.80,237.242
2025-09-26T02:35:00+00:00,109568.80,109620.70,109551.40,109551.60,133.894
2025-09-26T02:40:00+00:00,109551.60,109586.40,109515.60,109579.10,97.664
2025-09-26T02:45:00+00:00,109579.10,109702.50,109566.50,109674.60,145.945
2025-09-26T02:50:00+00:00,109674.60,109712.70,109532.40,109568.30,160.538
2025-09-26T02:55:00+00:00,109568.40,109589.10,109535.30,109581.80,128.267
2025-09-26T03:00:00+00:00,109581.80,109596.30,109435.80,109515.00,222.610
2025-09-26T03:05:00+00:00,109515.00,109515.00,109323.50,109374.40,462.672
2025-09-26T03:10:00+00:00,109374.40,109511.20,109374.30,109487.10,199.435
2025-09-26T03:15:00+00:00,109487.20,109591.10,109384.60,109425.00,283.996
2025-09-26T03:20:00+00:00,109425.00,109484.60,109365.90,109366.00,362.414
2025-09-26T03:25:00+00:00,109365.90,109415.90,109301.90,109311.60,306.007
2025-09-26T03:30:00+00:00,109311.80,109326.00,109272.20,109305.50,155.653
2025-09-26T03:35:00+00:00,109305.50,109325.70,109241.10,109300.00,223.488
2025-09-26T03:40:00+00:00,109300.00,109377.10,109299.90,109374.10,124.373
2025-09-26T03:45:00+00:00,109374.20,109394.20,109269.00,109313.70,99.890
2025-09-26T03:50:00+00:00,109313.70,109610.40,109313.70,109551.50,618.825
2025-09-26T03:55:00+00:00,109551.40,109582.40,109533.60,109537.60,138.144
2025-09-26T04:00:00+00:00,109537.50,109582.20,109493.00,109499.80,311.640
2025-09-26T04:05:00+00:00,109499.80,109528.90,109407.40,109483.00,250.564
2025-09-26T04:10:00+00:00,109483.00,109513.70,109453.60,109453.70,59.737
2025-09-26T04:15:00+00:00,109453.60,109472.30,109384.60,109472.20,176.341
2025-09-26T04:20:00+00:00,109472.30,109588.80,109472.20,109508.50,198.595
2025-09-26T04:25:00+00:00,109508.40,109514.10,109360.50,109366.00,242.248
2025-09-26T04:30:00+00:00,109366.00,109366.10,109262.20,109267.90,176.792
2025-09-26T04:35:00+00:00,109268.00,109268.00,109200.00,109220.00,194.959
2025-09-26T04:40:00+00:00,109220.10,109237.70,109200.00,109219.30,130.239
2025-09-26T04:45:00+00:00,109219.40,109244.10,109201.20,109242.90,122.280
2025-09-26T04:50:00+00:00,109242.90,109339.40,109242.90,109294.90,127.651
2025-09-26T04:55:00+00:00,109295.00,109326.00,109274.00,109300.00,75.741
2025-09-26T05:00:00+00:00,109300.00,109384.60,109263.80,109380.30,137.154
2025-09-26T05:05:00+00:00,109380.30,109430.00,109353.10,109375.90,167.523
2025-09-26T05:10:00+00:00,109375.80,109375.90,109291.60,109341.30,196.569
2025-09-26T05:15:00+00:00,109341.40,109515.70,109341.30,109515.60,232.922
2025-09-26T05:20:00+00:00,109515.70,109535.40,109473.60,109535.20,179.775
2025-09-26T05:25:00+00:00,109535.30,109538.40,109461.20,109505.00,107.355
2025-09-26T05:30:00+00:00,109505.10,109513.90,109400.00,109400.00,102.223
2025-09-26T05:35:00+00:00,109400.10,109400.10,109257.80,109289.30,276.084
2025-09-26T05:40:00+00:00,109289.40,109319.60,109276.30,109304.90,113.822
2025-09-26T05:45:00+00:00,109304.90,109349.30,109053.00,109070.80,749.865
2025-09-26T05:50:00+00:00,109070.80,109143.40,109027.10,109143.30,680.157
2025-09-26T05:55:00+00:00,109143.30,109258.10,109143.30,109202.80,554.398
2025-09-26T06:00:00+00:00,109202.80,109275.60,109173.20,109185.50,395.650
2025-09-26T06:05:00+00:00,109185.40,109225.00,109109.00,109109.00,173.786
2025-09-26T06:10:00+00:00,109109.00,109242.50,108955.00,109219.90,889.897
2025-09-26T06:15:00+00:00,109219.90,109524.20,109203.70,109451.50,1004.318
2025-09-26T06:20:00+00:00,109451.60,109584.50,109422.20,109470.70,835.588
2025-09-26T06:25:00+00:00,109470.80,109537.90,109407.40,109434.90,252.329
2025-09-26T06:30:00+00:00,109434.90,109438.60,109363.80,109377.20,133.444
2025-09-26T06:35:00+00:00,109377.20,109532.00,109377.10,109466.20,185.274
2025-09-26T06:40:00+00:00,109466.20,109560.00,109411.40,109509.90,211.836
2025-09-26T06:45:00+00:00,109510.00,109510.00,109358.40,109405.50,357.282
2025-09-26T06:50:00+00:00,109405.60,109486.40,109284.80,109313.00,357.414
2025-09-26T06:55:00+00:00,109313.10,109345.50,109252.30,109298.80,246.061
2025-09-26T07:00:00+00:00,109298.80,109400.00,109298.80,109385.40,359.631
2025-09-26T07:05:00+00:00,109385.40,109479.90,109329.00,109400.60,566.262
2025-09-26T07:10:00+00:00,109400.70,109508.00,109380.60,109499.70,325.164
2025-09-26T07:15:00+00:00,109499.80,109538.30,109444.50,109472.20,296.679
2025-09-26T07:20:00+00:00,109472.20,109510.00,109447.50,109508.30,140.895
2025-09-26T07:25:00+00:00,109508.30,109533.60,109223.90,109223.90,791.032
2025-09-26T07:30:00+00:00,109223.90,109224.00,108872.00,108920.00,1586.215
2025-09-26T07:35:00+00:00,108920.10,109018.90,108900.00,108974.10,1159.454
2025-09-26T07:40:00+00:00,108974.10,109005.10,108841.00,108870.10,1030.937
2025-09-26T07:45:00+00:00,108870.10,108999.90,108870.00,108953.00,745.031
2025-09-26T07:50:00+00:00,108952.90,109035.40,108952.90,109012.50,666.767
2025-09-26T07:55:00+00:00,109012.50,109285.00,108953.40,109257.30,887.820
2025-09-26T08:00:00+00:00,109257.40,109350.00,109246.70,109311.60,567.389
2025-09-26T08:05:00+00:00,109311.60,109433.80,109311.60,109411.60,490.734
2025-09-26T08:10:00+00:00,109411.70,109446.40,109361.40,109388.30,379.937
2025-09-26T08:15:00+00:00,109388.30,109475.00,109368.20,109447.90,366.962
2025-09-26T08:20:00+00:00,109447.90,109475.00,109378.10,109387.50,201.538
2025-09-26T08:25:00+00:00,109387.50,109479.20,109314.40,109464.30,285.817
2025-09-26T08:30:00+00:00,109464.30,109527.00,109411.90,109432.60,375.619
2025-09-26T08:35:00+00:00,109432.50,109518.00,109432.50,109518.00,161.871
2025-09-26T08:40:00+00:00,109517.90,109559.50,109472.90,109555.00,246.264
2025-09-26T08:45:00+00:00,109554.90,109560.00,109510.00,109510.00,226.458
2025-09-26T08:50:00+00:00,109510.00,109568.00,109495.20,109568.00,179.371
2025-09-26T08:55:00+00:00,109567.90,109568.00,109478.40,109520.20,131.715
2025-09-26T09:00:00+00:00,109520.20,109524.70,109390.00,109430.70,277.828
2025-09-26T09:05:00+00:00,109430.70,109567.90,109430.60,109529.30,215.262
2025-09-26T09:10:00+00:00,109529.60,109627.20,109495.70,109627.10,307.651
2025-09-26T09:15:00+00:00,109627.10,109640.90,109565.10,109567.30,230.868
2025-09-26T09:20:00+00:00,109567.30,109653.60,109567.30,109603.90,266.518
2025-09-26T09:25:00+00:00,109603.80,109613.40,109603.80,109605.60,138.748
2025-09-26T09:30:00+00:00,109605.60,109639.50,109477.40,109498.90,361.423
2025-09-26T09:35:00+00:00,109498.90,109515.80,109408.70,109437.80,300.943
2025-09-26T09:40:00+00:00,109437.80,109457.70,109349.00,109373.90,286.230
2025-09-26T09:45:00+00:00,109373.90,109450.00,109363.10,109413.60,294.775
2025-09-26T09:50:00+00:00,109413.60,109543.40,109413.60,109509.80,175.629
2025-09-26T09:55:00+00:00,109509.70,109522.50,109481.60,109522.50,105.004
2025-09-26T10:00:00+00:00,109522.40,109532.00,109268.70,109291.00,216.608
2025-09-26T10:05:00+00:00,109290.90,109312.80,109110.10,109153.40,458.182
2025-09-26T10:10:00+00:00,109153.40,109219.70,109118.60,109140.00,351.565
2025-09-26T10:15:00+00:00,109140.00,109140.00,108899.90,108991.00,1509.644
2025-09-26T10:20:00+00:00,108991.10,109076.90,108988.30,109001.80,563.168
2025-09-26T10:25:00+00:00,109001.80,109082.70,109001.80,109035.00,267.856
2025-09-26T10:30:00+00:00,109035.10,109087.00,108700.00,108900.00,1372.618
2025-09-26T10:35:00+00:00,108900.00,108900.00,108750.00,108851.40,405.474
2025-09-26T10:40:00+00:00,108851.40,108851.40,108778.90,108778.90,199.517
2025-09-26T10:45:00+00:00,108778.80,108790.00,108645.90,108777.80,634.297
2025-09-26T10:50:00+00:00,108777.80,108900.00,108777.70,108870.00,348.900
2025-09-26T10:55:00+00:00,108870.10,108900.00,108827.40,108848.20,458.973
2025-09-26T11:00:00+00:00,108848.20,108906.40,108830.00,108857.40,297.057
2025-09-26T11:05:00+00:00,108857.40,108889.90,108690.80,108748.80,415.017
2025-09-26T11:10:00+00:00,108748.80,108827.20,108702.00,108725.80,361.088
2025-09-26T11:15:00+00:00,108725.90,108725.90,108566.00,108697.50,1082.659
2025-09-26T11:20:00+00:00,108697.60,108796.60,108654.40,108654.50,353.991
2025-09-26T11:25:00+00:00,108654.40,108748.80,108649.90,108697.80,254.244
2025-09-26T11:30:00+00:00,108697.90,108945.00,108697.70,108914.80,447.325
2025-09-26T11:35:00+00:00,108914.80,109006.00,108863.70,108991.40,330.731
2025-09-26T11:40:00+00:00,108991.40,109093.60,108991.30,108996.90,331.650
2025-09-26T11:45:00+00:00,108997.00,109098.40,108934.50,109085.40,274.445
2025-09-26T11:50:00+00:00,109085.40,109157.60,109075.30,109152.50,295.969
2025-09-26T11:55:00+00:00,109152.40,109152.50,109040.80,109082.90,232.536
2025-09-26T12:00:00+00:00,109082.90,109082.90,108979.30,109033.30,293.132
2025-09-26T12:05:00+00:00,109033.30,109037.60,108939.60,108948.40,190.629
2025-09-26T12:10:00+00:00,108948.30,108969.90,108824.40,108824.40,282.462
2025-09-26T12:15:00+00:00,108824.40,109035.50,108824.40,108967.10,227.711
2025-09-26T12:20:00+00:00,108967.10,108967.10,108757.50,108827.50,273.747
2025-09-26T12:25:00+00:00,108827.40,109109.20,108770.10,109068.60,301.555
2025-09-26T12:30:00+00:00,109068.60,109459.90,108877.80,109287.20,2821.582
2025-09-26T12:35:00+00:00,109287.20,109534.10,109238.50,109305.80,1172.505
2025-09-26T12:40:00+00:00,109305.90,109499.20,109241.70,109457.30,552.808
2025-09-26T12:45:00+00:00,109457.30,109506.10,109339.20,109363.60,724.465
2025-09-26T12:50:00+00:00,109363.70,109407.80,109138.40,109194.20,522.379
2025-09-26T12:55:00+00:00,109194.20,109390.00,109186.00,109330.10,242.573
2025-09-26T13:00:00+00:00,109330.10,109479.20,109258.90,109299.30,495.565
2025-09-26T13:05:00+00:00,109299.40,109349.70,109152.20,109217.10,449.735
2025-09-26T13:10:00+00:00,109217.70,109217.70,109106.00,109111.30,298.333
2025-09-26T13:15:00+00:00,109111.30,109192.30,109035.40,109187.00,310.285
2025-09-26T13:20:00+00:00,109187.00,109294.30,109134.80,109166.80,301.906
2025-09-26T13:25:00+00:00,109166.80,109197.90,109076.90,109133.90,247.225
2025-09-26T13:30:00+00:00,109133.80,109319.30,108950.00,109183.50,696.662
2025-09-26T13:35:00+00:00,109183.40,109566.00,109158.60,109522.00,767.051
2025-09-26T13:40:00+00:00,109522.00,109595.20,109321.90,109570.00,1146.411
2025-09-26T13:45:00+00:00,109570.00,109669.10,109442.80,109626.90,1619.815
2025-09-26T13:50:00+00:00,109626.90,109685.00,109464.20,109635.50,1161.965
2025-09-26T13:55:00+00:00,109635.50,109742.30,109581.70,109621.30,846.316
2025-09-26T14:00:00+00:00,109621.30,109731.50,109339.30,109380.60,771.896
2025-09-26T14:05:00+00:00,109380.70,109479.20,109285.70,109425.80,928.397
2025-09-26T14:10:00+00:00,109425.90,109505.50,109213.90,109266.60,528.021
2025-09-26T14:15:00+00:00,109266.60,109384.40,109129.00,109374.00,491.357
2025-09-26T14:20:00+00:00,109373.60,109395.30,109000.00,109107.10,754.780
2025-09-26T14:25:00+00:00,109107.20,109107.20,108863.00,109040.00,1017.816
2025-09-26T14:30:00+00:00,109040.00,109042.10,108800.00,108805.90,826.311
2025-09-26T14:35:00+00:00,108805.80,109096.20,108656.80,109012.30,1220.656
2025-09-26T14:40:00+00:00,109012.20,109012.30,108793.30,108863.90,436.567
2025-09-26T14:45:00+00:00,108863.80,108959.20,108800.00,108873.20,306.625
2025-09-26T14:50:00+00:00,108873.10,109066.40,108816.50,108840.00,320.477
2025-09-26T14:55:00+00:00,108839.90,108916.80,108723.00,108796.70,533.560
2025-09-26T15:00:00+00:00,108796.80,109066.40,108753.50,109049.60,765.720
2025-09-26T15:05:00+00:00,109049.50,109080.00,108887.50,108972.40,392.289
2025-09-26T15:10:00+00:00,108972.40,109014.30,108870.00,108889.20,360.833
2025-09-26T15:15:00+00:00,108889.10,109156.40,108830.90,109106.30,878.197
2025-09-26T15:20:00+00:00,109106.30,109124.90,109003.20,109057.50,276.306
2025-09-26T15:25:00+00:00,109057.50,109276.00,109057.40,109258.60,267.435
2025-09-26T15:30:00+00:00,109258.60,109283.90,109157.90,109254.80,200.304
2025-09-26T15:35:00+00:00,109254.70,109313.70,109080.00,109168.20,256.762
2025-09-26T15:40:00+00:00,109168.20,109282.20,109168.20,109229.40,117.589
2025-09-26T15:45:00+00:00,109229.40,109229.40,109150.00,109161.00,213.231
2025-09-26T15:50:00+00:00,109161.00,109161.10,108990.40,109024.50,305.098
2025-09-26T15:55:00+00:00,109024.60,109026.10,108953.40,108976.00,151.422
2025-09-26T16:00:00+00:00,108976.00,109150.00,108976.00,109150.00,316.982
2025-09-26T16:05:00+00:00,109150.00,109226.70,109149.90,109205.60,191.481
2025-09-26T16:10:00+00:00,109205.70,109280.00,109172.70,109228.00,171.621
2025-09-26T16:15:00+00:00,109228.00,109488.30,109212.80,109488.20,417.901
2025-09-26T16:20:00+00:00,109488.30,109576.50,109451.80,109478.10,581.335
2025-09-26T16:25:00+00:00,109478.20,109540.50,109430.30,109472.60,211.495
2025-09-26T16:30:00+00:00,109472.70,109500.00,109286.60,109301.40,244.662
2025-09-26T16:35:00+00:00,109301.40,109347.90,109246.90,109272.80,160.110
2025-09-26T16:40:00+00:00,109272.90,109328.00,109211.10,109289.30,149.331
2025-09-26T16:45:00+00:00,109289.00,109357.90,109252.00,109351.20,178.644
2025-09-26T16:50:00+00:00,109351.00,109406.00,109295.00,109340.10,142.762
2025-09-26T16:55:00+00:00,109340.00,109449.70,109304.80,109408.60,138.120
2025-09-26T17:00:00+00:00,109408.50,109510.30,109386.30,109456.80,255.328
2025-09-26T17:05:00+00:00,109456.80,109464.10,109337.40,109428.60,257.579
2025-09-26T17:10:00+00:00,109428.50,109546.50,109400.40,109521.70,362.048
2025-09-26T17:15:00+00:00,109521.60,109550.00,109483.90,109496.50,216.428
2025-09-26T17:20:00+00:00,109496.50,109630.60,109460.90,109605.50,347.526
2025-09-26T17:25:00+00:00,109605.50,109966.50,109605.40,109868.10,1697.770
2025-09-26T17:30:00+00:00,109868.20,109883.70,109645.30,109801.50,743.340
2025-09-26T17:35:00+00:00,109801.40,109901.20,109787.20,109861.00,430.955
2025-09-26T17:40:00+00:00,109861.00,109910.40,109786.70,109893.60,357.966
2025-09-26T17:45:00+00:00,109893.50,109919.00,109860.00,109913.00,415.407
2025-09-26T17:50:00+00:00,109913.10,109930.00,109750.30,109750.30,928.319
2025-09-26T17:55:00+00:00,109750.00,109852.60,109700.00,109847.30,418.693
2025-09-26T18:00:00+00:00,109847.40,109952.00,109847.30,109879.70,376.176
2025-09-26T18:05:00+00:00,109879.80,109942.40,109770.00,109770.00,630.972
2025-09-26T18:10:00+00:00,109770.00,109940.50,109767.10,109940.50,262.067
2025-09-26T18:15:00+00:00,109940.50,110167.90,109940.40,110120.00,910.047
2025-09-26T18:20:00+00:00,110120.00,110179.50,110026.40,110141.90,566.017
2025-09-26T18:25:00+00:00,110141.90,110250.00,110123.70,110136.80,524.770
2025-09-26T18:30:00+00:00,110136.80,110140.60,109966.20,110030.70,405.522
2025-09-26T18:35:00+00:00,110030.70,110087.30,109956.50,109956.60,311.408
2025-09-26T18:40:00+00:00,109956.50,109956.60,109767.80,109812.90,564.713
2025-09-26T18:45:00+00:00,109812.90,109910.50,109720.00,109883.30,305.326
2025-09-26T18:50:00+00:00,109883.30,109883.30,109692.30,109755.30,369.412
2025-09-26T18:55:00+00:00,109755.20,109773.80,109643.60,109669.90,223.404
2025-09-26T19:00:00+00:00,109669.90,109669.90,109420.30,109477.50,1061.583
2025-09-26T19:05:00+00:00,109477.60,109518.50,109350.20,109462.00,1055.393
2025-09-26T19:10:00+00:00,109462.00,109492.90,109390.60,109466.90,409.214
2025-09-26T19:15:00+00:00,109466.80,109636.60,109443.50,109576.10,460.768
2025-09-26T19:20:00+00:00,109576.10,109576.10,109420.20,109420.70,387.876
2025-09-26T19:25:00+00:00,109420.70,109425.60,109220.60,109225.30,570.692
2025-09-26T19:30:00+00:00,109225.40,109276.50,108953.70,108959.20,954.168
2025-09-26T19:35:00+00:00,108959.20,109141.40,108959.20,109057.90,901.829
2025-09-26T19:40:00+00:00,109057.90,109101.20,108966.80,109032.00,361.656
2025-09-26T19:45:00+00:00,109032.00,109134.80,108966.80,109134.10,391.070
2025-09-26T19:50:00+00:00,109134.10,109183.60,109031.20,109160.70,357.751
2025-09-26T19:55:00+00:00,109160.60,109184.60,109042.40,109115.90,509.790
2025-09-26T20:00:00+00:00,109115.80,109164.30,109045.10,109164.30,218.040
2025-09-26T20:05:00+00:00,109164.30,109243.10,109090.80,109164.70,387.438
2025-09-26T20:10:00+00:00,109164.70,109260.00,109100.00,109248.60,250.462
2025-09-26T20:15:00+00:00,109248.50,109252.50,109045.40,109062.70,399.641
2025-09-26T20:20:00+00:00,109062.80,109062.80,109028.70,109043.80,163.700
2025-09-26T20:25:00+00:00,109043.70,109117.90,109043.70,109095.20,106.640
2025-09-26T20:30:00+00:00,109095.20,109159.20,109069.70,109140.90,183.764
2025-09-26T20:35:00+00:00,109140.80,109183.40,109121.00,109126.70,83.441
2025-09-26T20:40:00+00:00,109126.70,109133.00,109109.20,109115.60,71.355
2025-09-26T20:45:00+00:00,109115.60,109182.60,109115.60,109182.60,76.200
2025-09-26T20:50:00+00:00,109182.50,109289.60,109174.90,109224.20,209.506
2025-09-26T20:55:00+00:00,109224.10,109267.90,109218.60,109233.80,244.085
2025-09-26T21:00:00+00:00,109233.80,109233.80,109144.80,109144.80,124.348
2025-09-26T21:05:00+00:00,109144.80,109168.80,109127.20,109129.00,81.561
2025-09-26T21:10:00+00:00,109129.10,109405.00,109129.00,109405.00,225.168
2025-09-26T21:15:00+00:00,109405.00,109405.00,109264.70,109292.70,170.269
2025-09-26T21:20:00+00:00,109292.70,109378.80,109264.70,109378.80,94.667
2025-09-26T21:25:00+00:00,109378.80,109427.60,109354.50,109410.40,139.808
2025-09-26T21:30:00+00:00,109410.30,109410.40,109347.10,109377.00,128.525
2025-09-26T21:35:00+00:00,109377.10,109378.80,109368.00,109378.80,53.243
2025-09-26T21:40:00+00:00,109378.70,109378.70,109281.20,109281.30,84.527
2025-09-26T21:45:00+00:00,109281.20,109313.00,109250.20,109312.90,131.355
2025-09-26T21:50:00+00:00,109312.90,109440.00,109312.90,109375.30,118.031
2025-09-26T21:55:00+00:00,109375.40,109479.20,109375.30,109412.40,112.434
2025-09-26T22:00:00+00:00,109412.40,109424.80,109335.30,109350.90,112.942
2025-09-26T22:05:00+00:00,109350.90,109415.10,109286.90,109415.10,185.686
2025-09-26T22:10:00+00:00,109415.00,109488.30,109410.00,109460.40,318.918
2025-09-26T22:15:00+00:00,109460.40,109522.90,109443.10,109475.10,239.683
2025-09-26T22:20:00+00:00,109475.00,109475.10,109391.60,109443.30,159.582
2025-09-26T22:25:00+00:00,109443.30,109445.70,109436.10,109445.60,76.442
2025-09-26T22:30:00+00:00,109445.60,109504.10,109431.30,109457.60,302.240
2025-09-26T22:35:00+00:00,109457.60,109498.80,109440.00,109498.70,100.292
2025-09-26T22:40:00+00:00,109498.70,109500.00,109474.50,109474.50,76.647
2025-09-26T22:45:00+00:00,109474.60,109552.60,109474.50,109552.60,95.303
2025-09-26T22:50:00+00:00,109552.60,109554.00,109522.20,109522.20,95.522
2025-09-26T22:55:00+00:00,109522.30,109522.30,109461.40,109505.20,115.404
2025-09-26T23:00:00+00:00,109505.20,109505.30,109421.60,109444.40,143.689
2025-09-26T23:05:00+00:00,109444.30,109444.40,109428.50,109435.00,64.251
2025-09-26T23:10:00+00:00,109434.90,109450.00,109428.40,109428.50,62.045
2025-09-26T23:15:00+00:00,109428.40,109428.50,109373.40,109426.40,123.255
2025-09-26T23:20:00+00:00,109426.40,109499.00,109426.30,109487.90,67.470
2025-09-26T23:25:00+00:00,109487.90,109505.30,109487.80,109505.30,48.029
2025-09-26T23:30:00+00:00,109505.20,109609.90,109505.20,109587.60,317.765
2025-09-26T23:35:00+00:00,109587.50,109604.50,109565.10,109604.40,142.208
2025-09-26T23:40:00+00:00,109604.40,109633.00,109575.00,109613.40,147.631
2025-09-26T23:45:00+00:00,109613.30,109613.40,109585.90,109604.70,53.746
2025-09-26T23:50:00+00:00,109604.80,109614.60,109578.10,109614.60,72.619
2025-09-26T23:55:00+00:00,109614.50,109641.60,109588.50,109588.50,264.235
2025-09-27T00:00:00+00:00,109588.50,109600.30,109519.70,109591.00,376.976
2025-09-27T00:05:00+00:00,109591.00,109600.00,109544.00,109550.80,85.821
2025-09-27T00:10:00+00:00,109550.70,109550.70,109541.00,109541.00,46.237
2025-09-27T00:15:00+00:00,109541.00,109606.60,109541.00,109606.60,76.422
2025-09-27T00:20:00+00:00,109606.60,109606.60,109470.00,109470.00,258.733
2025-09-27T00:25:00+00:00,109470.10,109550.00,109448.00,109535.50,109.376
2025-09-27T00:30:00+00:00,109535.60,109551.40,109457.60,109463.70,200.221
2025-09-27T00:35:00+00:00,109463.80,109471.60,109418.00,109466.50,194.862
2025-09-27T00:40:00+00:00,109466.50,109466.50,109422.30,109432.30,82.050
2025-09-27T00:45:00+00:00,109432.20,109457.70,109432.20,109440.10,61.410
2025-09-27T00:50:00+00:00,109440.00,109531.80,109440.00,109531.80,133.489
2025-09-27T00:55:00+00:00,109531.70,109596.10,109531.70,109596.00,64.990
2025-09-27T01:00:00+00:00,109596.10,109607.00,109562.60,109586.30,179.878
2025-09-27T01:05:00+00:00,109586.30,109586.40,109507.60,109536.00,178.852
2025-09-27T01:10:00+00:00,109536.10,109536.10,109444.50,109472.00,141.727
2025-09-27T01:15:00+00:00,109472.00,109491.30,109413.20,109429.60,125.115
2025-09-27T01:20:00+00:00,109429.70,109444.10,109395.50,109400.90,134.428
2025-09-27T01:25:00+00:00,109400.80,109430.30,109377.00,109430.20,106.307
2025-09-27T01:30:00+00:00,109430.30,109470.90,109352.50,109405.80,190.853
2025-09-27T01:35:00+00:00,109405.70,109457.40,109366.70,109378.50,279.536
2025-09-27T01:40:00+00:00,109378.60,109413.20,109267.30,109282.10,383.195
2025-09-27T01:45:00+00:00,109282.20,109331.50,109282.10,109323.50,92.573
2025-09-27T01:50:00+00:00,109323.50,109371.00,109323.50,109370.90,62.997
2025-09-27T01:55:00+00:00,109370.90,109389.90,109365.40,109384.30,92.590
2025-09-27T02:00:00+00:00,109384.30,109429.00,109384.30,109426.90,92.698
2025-09-27T02:05:00+00:00,109426.90,109432.30,109350.10,109368.60,116.814
2025-09-27T02:10:00+00:00,109368.60,109384.30,109334.90,109384.30,66.144
2025-09-27T02:15:00+00:00,109384.30,109399.50,109290.80,109290.80,150.251
2025-09-27T02:20:00+00:00,109290.70,109318.00,109277.40,109287.00,105.719
2025-09-27T02:25:00+00:00,109287.10,109294.20,109280.00,109294.10,56.393
2025-09-27T02:30:00+00:00,109294.20,109362.30,109294.20,109333.80,108.372
2025-09-27T02:35:00+00:00,109333.80,109400.00,109333.80,109399.90,49.865
2025-09-27T02:40:00+00:00,109399.90,109400.00,109390.00,109395.30,29.991
2025-09-27T02:45:00+00:00,109395.40,109398.70,109334.60,109345.40,117.522
2025-09-27T02:50:00+00:00,109345.40,109384.50,109329.80,109356.50,157.559
2025-09-27T02:55:00+00:00,109356.50,109364.50,109331.80,109348.50,120.321
2025-09-27T03:00:00+00:00,109348.50,109424.80,109323.60,109412.90,270.537
2025-09-27T03:05:00+00:00,109412.80,109412.90,109372.30,109384.00,100.955
2025-09-27T03:10:00+00:00,109384.00,109393.30,109378.40,109392.80,21.693
2025-09-27T03:15:00+00:00,109392.90,109433.20,109392.80,109433.10,60.832
2025-09-27T03:20:00+00:00,109433.20,109447.70,109433.10,109445.60,55.136
2025-09-27T03:25:00+00:00,109445.70,109515.00,109445.60,109488.00,156.701
2025-09-27T03:30:00+00:00,109488.10,109583.00,109488.00,109548.60,324.162
2025-09-27T03:35:00+00:00,109548.50,109700.00,109526.50,109642.50,886.469
2025-09-27T03:40:00+00:00,109642.40,109642.50,109547.80,109585.30,192.218
2025-09-27T03:45:00+00:00,109585.20,109610.10,109550.00,109550.10,181.019
2025-09-27T03:50:00+00:00,109550.00,109555.00,109500.00,109527.30,171.012
2025-09-27T03:55:00+00:00,109527.40,109533.30,109470.30,109503.80,184.536
2025-09-27T04:00:00+00:00,109503.80,109586.40,109472.00,109574.70,232.361
2025-09-27T04:05:00+00:00,109574.70,109574.70,109527.30,109538.10,119.744
2025-09-27T04:10:00+00:00,109538.10,109538.10,109492.10,109492.10,40.721
2025-09-27T04:15:00+00:00,109492.20,109543.50,109460.90,109526.30,146.603
2025-09-27T04:20:00+00:00,109526.20,109554.10,109524.50,109533.80,36.777
2025-09-27T04:25:00+00:00,109533.70,109645.40,109520.10,109645.40,353.725
2025-09-27T04:30:00+00:00,109645.40,109670.00,109627.20,109659.00,133.089
2025-09-27T04:35:00+00:00,109659.00,109694.20,109574.00,109574.10,288.818
2025-09-27T04:40:00+00:00,109574.00,109574.50,109554.70,109554.70,29.281
2025-09-27T04:45:00+00:00,109554.80,109566.60,109550.40,109559.50,34.222
2025-09-27T04:50:00+00:00,109559.50,109591.50,109559.50,109589.60,31.608
2025-09-27T04:55:00+00:00,109589.70,109611.60,109589.60,109598.10,27.599
2025-09-27T05:00:00+00:00,109598.20,109598.20,109580.00,109580.10,55.869
2025-09-27T05:05:00+00:00,109580.00,109580.10,109538.40,109560.90,56.731
2025-09-27T05:10:00+00:00,109561.00,109561.00,109551.60,109560.40,40.579
2025-09-27T05:15:00+00:00,109560.40,109604.70,109560.40,109591.80,58.037
2025-09-27T05:20:00+00:00,109591.90,109591.90,109557.70,109562.30,51.714
2025-09-27T05:25:00+00:00,109562.40,109562.40,109544.80,109561.40,26.346
2025-09-27T05:30:00+00:00,109561.40,109575.90,109561.30,109575.40,37.596
2025-09-27T05:35:00+00:00,109575.40,109631.20,109575.40,109623.80,168.370
2025-09-27T05:40:00+00:00,109623.80,109623.90,109597.90,109603.50,59.374
2025-09-27T05:45:00+00:00,109603.40,109620.50,109577.00,109577.00,74.358
2025-09-27T05:50:00+00:00,109577.10,109614.60,109576.80,109598.30,45.767
2025-09-27T05:55:00+00:00,109598.20,109598.30,109555.00,109587.00,54.108
2025-09-27T06:00:00+00:00,109587.00,109587.00,109549.90,109570.90,75.898
2025-09-27T06:05:00+00:00,109570.90,109570.90,109493.00,109513.70,239.662
2025-09-27T06:10:00+00:00,109513.70,109528.00,109513.60,109521.60,40.876
2025-09-27T06:15:00+00:00,109521.60,109521.70,109477.00,109491.80,78.309
2025-09-27T06:20:00+00:00,109491.70,109500.60,109478.00,109478.00,52.016
2025-09-27T06:25:00+00:00,109478.10,109497.20,109470.90,109494.40,104.394
2025-09-27T06:30:00+00:00,109494.40,109494.40,109475.40,109475.40,60.790
2025-09-27T06:35:00+00:00,109475.40,109484.00,109469.70,109469.80,108.794
2025-09-27T06:40:00+00:00,109469.70,109469.80,109437.40,109437.40,91.036
2025-09-27T06:45:00+00:00,109437.40,109458.00,109432.20,109457.90,41.992
2025-09-27T06:50:00+00:00,109458.00,109458.00,109457.80,109457.80,37.125
2025-09-27T06:55:00+00:00,109457.90,109488.60,109457.80,109488.60,44.557
2025-09-27T07:00:00+00:00,109488.60,109498.50,109488.50,109498.50,41.050
2025-09-27T07:05:00+00:00,109498.50,109509.60,109465.30,109483.30,112.640
2025-09-27T07:10:00+00:00,109483.40,109507.80,109483.30,109507.50,53.261
2025-09-27T07:15:00+00:00,109507.60,109516.20,109484.20,109516.10,39.410
2025-09-27T07:20:00+00:00,109516.20,109517.40,109477.60,109477.60,70.658
2025-09-27T07:25:00+00:00,109477.70,109477.70,109441.50,109441.50,81.786
2025-09-27T07:30:00+00:00,109441.60,109441.60,109388.00,109388.00,188.601
2025-09-27T07:35:00+00:00,109388.00,109395.30,109354.00,109354.00,114.374
2025-09-27T07:40:00+00:00,109354.10,109360.40,109326.10,109327.60,135.316
2025-09-27T07:45:00+00:00,109327.70,109334.40,109284.30,109332.00,208.892
2025-09-27T07:50:00+00:00,109332.10,109364.80,109332.00,109364.40,59.215
2025-09-27T07:55:00+00:00,109364.40,109364.40,109354.80,109354.80,50.942
2025-09-27T08:00:00+00:00,109354.90,109354.90,109333.00,109333.10,90.657
2025-09-27T08:05:00+00:00,109333.10,109333.10,109218.20,109226.40,500.397
2025-09-27T08:10:00+00:00,109226.40,109270.60,109216.70,109239.20,278.566
2025-09-27T08:15:00+00:00,109238.80,109285.60,109218.00,109251.20,279.832
2025-09-27T08:20:00+00:00,109251.30,109293.20,109222.40,109263.60,184.947
2025-09-27T08:25:00+00:00,109263.50,109313.20,109260.10,109313.20,197.450
2025-09-27T08:30:00+00:00,109313.20,109313.20,109256.70,109288.50,186.733
2025-09-27T08:35:00+00:00,109288.60,109309.60,109257.80,109257.80,148.103
2025-09-27T08:40:00+00:00,109257.80,109270.20,109257.80,109270.20,67.825
2025-09-27T08:45:00+00:00,109270.10,109288.40,109253.20,109253.20,63.312
2025-09-27T08:50:00+00:00,109253.30,109277.40,109229.80,109264.80,92.319
2025-09-27T08:55:00+00:00,109264.80,109264.90,109205.20,109205.20,74.475
2025-09-27T09:00:00+00:00,109205.30,109238.60,109177.70,109180.10,181.333
2025-09-27T09:05:00+00:00,109180.10,109180.20,109116.00,109116.00,314.069
2025-09-27T09:10:00+00:00,109116.00,109150.80,109116.00,109127.30,209.296
2025-09-27T09:15:00+00:00,109127.40,109127.40,109107.00,109107.10,142.726
2025-09-27T09:20:00+00:00,109107.10,109123.50,109107.00,109111.00,143.451
2025-09-27T09:25:00+00:00,109111.10,109111.10,109021.90,109038.80,512.729
2025-09-27T09:30:00+00:00,109038.80,109150.00,109038.70,109133.10,284.651
2025-09-27T09:35:00+00:00,109133.10,109222.20,109122.70,109222.10,182.436
2025-09-27T09:40:00+00:00,109222.20,109246.60,109222.10,109234.40,101.385
2025-09-27T09:45:00+00:00,109234.40,109309.70,109191.00,109191.00,259.762
2025-09-27T09:50:00+00:00,109191.00,109283.80,109191.00,109268.70,218.162
2025-09-27T09:55:00+00:00,109268.60,109287.30,109250.00,109250.00,54.310
2025-09-27T10:00:00+00:00,109250.00,109260.10,109218.00,109253.60,121.907
2025-09-27T10:05:00+00:00,109253.50,109269.90,109234.30,109236.70,79.465
2025-09-27T10:10:00+00:00,109236.70,109248.70,109232.10,109248.70,51.329
2025-09-27T10:15:00+00:00,109248.70,109254.30,109210.00,109229.90,157.604
2025-09-27T10:20:00+00:00,109230.00,109252.20,109205.30,109229.80,76.769
2025-09-27T10:25:00+00:00,109229.80,109243.30,109229.70,109239.80,33.474
2025-09-27T10:30:00+00:00,109239.80,109318.80,109239.70,109311.00,78.585
2025-09-27T10:35:00+00:00,109311.00,109449.20,109290.50,109308.60,876.479
2025-09-27T10:40:00+00:00,109308.60,109356.10,109272.10,109356.10,103.629
2025-09-27T10:45:00+00:00,109356.10,109399.60,109356.00,109370.60,101.835
2025-09-27T10:50:00+00:00,109370.50,109411.60,109366.00,109375.10,155.162
2025-09-27T10:55:00+00:00,109375.10,109433.60,109348.00,109385.40,276.209
2025-09-27T11:00:00+00:00,109385.40,109401.90,109365.50,109365.70,103.723
2025-09-27T11:05:00+00:00,109365.60,109374.80,109302.40,109313.50,107.370
2025-09-27T11:10:00+00:00,109313.50,109313.60,109287.90,109287.90,40.303
2025-09-27T11:15:00+00:00,109287.90,109288.00,109265.60,109265.60,47.650
2025-09-27T11:20:00+00:00,109265.60,109288.10,109256.30,109256.40,88.892
2025-09-27T11:25:00+00:00,109256.30,109306.30,109250.10,109286.00,89.989
2025-09-27T11:30:00+00:00,109286.00,109296.70,109272.60,109295.10,25.803
2025-09-27T11:35:00+00:00,109295.10,109295.10,109268.10,109268.50,32.013
2025-09-27T11:40:00+00:00,109268.50,109268.60,109244.70,109247.50,40.834
2025-09-27T11:45:00+00:00,109247.60,109247.60,109244.70,109244.80,29.185
2025-09-27T11:50:00+00:00,109244.80,109259.40,109237.00,109237.00,58.953
2025-09-27T11:55:00+00:00,109237.10,109265.90,109237.00,109265.80,57.764
2025-09-27T12:00:00+00:00,109265.80,109283.30,109193.60,109246.90,232.806
2025-09-27T12:05:00+00:00,109247.00,109247.00,109206.30,109206.30,80.087
2025-09-27T12:10:00+00:00,109206.30,109251.60,109206.30,109213.10,67.844
2025-09-27T12:15:00+00:00,109213.00,109255.00,109213.00,109223.00,41.912
2025-09-27T12:20:00+00:00,109223.00,109223.10,109201.00,109205.00,33.276
2025-09-27T12:25:00+00:00,109205.00,109225.50,109204.60,109212.80,49.350
2025-09-27T12:30:00+00:00,109212.70,109229.10,109190.80,109190.90,58.632
2025-09-27T12:35:00+00:00,109190.80,109303.10,109190.80,109303.10,176.802
2025-09-27T12:40:00+00:00,109303.00,109395.20,109303.00,109362.30,435.943
2025-09-27T12:45:00+00:00,109362.40,109444.20,109319.80,109347.00,371.925
2025-09-27T12:50:00+00:00,109347.10,109370.00,109311.00,109316.30,79.841
2025-09-27T12:55:00+00:00,109316.30,109417.20,109316.20,109355.20,273.527
2025-09-27T13:00:00+00:00,109355.20,109372.70,109289.00,109333.30,256.252
2025-09-27T13:05:00+00:00,109333.40,109340.30,109292.20,109310.70,154.984
2025-09-27T13:10:00+00:00,109310.60,109310.70,109265.00,109265.00,203.682
2025-09-27T13:15:00+00:00,109265.00,109343.40,109265.00,109322.80,97.866
2025-09-27T13:20:00+00:00,109322.90,109322.90,109294.20,109318.00,63.131
2025-09-27T13:25:00+00:00,109318.10,109338.60,109306.10,109320.20,109.731
2025-09-27T13:30:00+00:00,109320.10,109320.20,109267.20,109267.30,62.862
2025-09-27T13:35:00+00:00,109267.30,109319.30,109267.20,109307.40,69.427
2025-09-27T13:40:00+00:00,109307.40,109317.70,109286.80,109317.70,160.545
2025-09-27T13:45:00+00:00,109317.70,109322.10,109296.50,109310.00,44.909
2025-09-27T13:50:00+00:00,109310.00,109329.60,109281.50,109281.60,120.280
2025-09-27T13:55:00+00:00,109281.50,109281.60,109264.90,109264.90,29.719
2025-09-27T14:00:00+00:00,109264.90,109288.50,109264.90,109270.10,66.266
2025-09-27T14:05:00+00:00,109270.10,109307.00,109270.00,109307.00,67.309
2025-09-27T14:10:00+00:00,109307.00,109346.00,109306.90,109306.90,78.060
2025-09-27T14:15:00+00:00,109306.90,109307.00,109264.90,109271.70,61.178
2025-09-27T14:20:00+00:00,109271.80,109273.80,109271.70,109271.70,42.950
2025-09-27T14:25:00+00:00,109271.70,109279.50,109270.00,109278.50,74.134
2025-09-27T14:30:00+00:00,109278.60,109291.10,109270.30,109291.10,62.697
2025-09-27T14:35:00+00:00,109291.10,109312.50,109277.70,109293.10,108.185
2025-09-27T14:40:00+00:00,109293.10,109293.10,109248.40,109248.50,54.153
2025-09-27T14:45:00+00:00,109248.40,109248.50,109210.00,109210.10,127.300
2025-09-27T14:50:00+00:00,109210.00,109235.90,109201.30,109235.90,197.267
2025-09-27T14:55:00+00:00,109236.00,109261.60,109206.00,109244.00,126.866
2025-09-27T15:00:00+00:00,109243.90,109244.00,109166.00,109203.70,337.266
2025-09-27T15:05:00+00:00,109203.70,109233.10,109150.00,109165.00,293.026
2025-09-27T15:10:00+00:00,109164.90,109205.00,109145.00,109182.90,194.800
2025-09-27T15:15:00+00:00,109182.90,109228.60,109182.90,109218.80,156.207
2025-09-27T15:20:00+00:00,109218.80,109287.80,109177.70,109226.50,361.283
2025-09-27T15:25:00+00:00,109226.50,109236.50,109190.00,109215.90,200.005
2025-09-27T15:30:00+00:00,109215.90,109253.00,109165.10,109249.80,159.458
2025-09-27T15:35:00+00:00,109249.80,109310.00,109223.90,109249.90,229.035
2025-09-27T15:40:00+00:00,109250.00,109346.00,109249.90,109287.20,193.062
2025-09-27T15:45:00+00:00,109287.20,109350.00,109263.40,109350.00,208.601
2025-09-27T15:50:00+00:00,109350.00,109384.60,109318.50,109357.20,247.058
2025-09-27T15:55:00+00:00,109357.20,109362.60,109312.20,109340.70,126.590
2025-09-27T16:00:00+00:00,109340.80,109369.60,109293.60,109330.60,198.585
2025-09-27T16:05:00+00:00,109330.50,109344.50,109300.80,109300.80,128.584
2025-09-27T16:10:00+00:00,109300.80,109336.60,109277.70,109290.80,255.526
2025-09-27T16:15:00+00:00,109290.80,109337.90,109260.00,109329.40,174.807
2025-09-27T16:20:00+00:00,109329.50,109367.10,109325.70,109354.90,97.691
2025-09-27T16:25:00+00:00,109354.90,109354.90,109332.70,109332.80,30.778
2025-09-27T16:30:00+00:00,109332.70,109352.30,109289.60,109352.30,130.211
2025-09-27T16:35:00+00:00,109352.30,109380.00,109326.80,109333.80,130.204
2025-09-27T16:40:00+00:00,109333.80,109347.60,109313.60,109313.70,64.562
2025-09-27T16:45:00+00:00,109313.60,109333.30,109307.10,109307.10,35.929
2025-09-27T16:50:00+00:00,109307.10,109364.00,109255.60,109309.60,246.611
2025-09-27T16:55:00+00:00,109309.50,109355.20,109278.10,109338.20,268.991
2025-09-27T17:00:00+00:00,109338.30,109347.70,109236.50,109236.50,267.615
2025-09-27T17:05:00+00:00,109236.60,109345.70,109236.50,109320.20,184.860
2025-09-27T17:10:00+00:00,109320.10,109331.10,109275.00,109275.00,62.460
2025-09-27T17:15:00+00:00,109275.00,109275.10,109188.20,109188.20,128.910
2025-09-27T17:20:00+00:00,109188.30,109280.00,109188.10,109231.90,276.699
2025-09-27T17:25:00+00:00,109231.90,109256.70,109200.40,109254.30,75.745
2025-09-27T17:30:00+00:00,109254.30,109322.20,109233.30,109297.60,144.944
2025-09-27T17:35:00+00:00,109297.50,109321.40,109254.20,109260.30,137.056
2025-09-27T17:40:00+00:00,109260.40,109329.40,109260.40,109289.40,120.275
2025-09-27T17:45:00+00:00,109289.40,109319.10,109224.80,109258.70,111.125
2025-09-27T17:50:00+00:00,109258.70,109336.60,109258.60,109290.00,149.841
2025-09-27T17:55:00+00:00,109290.00,109371.70,109290.00,109331.40,196.391
2025-09-27T18:00:00+00:00,109330.90,109384.60,109291.40,109319.60,253.126
2025-09-27T18:05:00+00:00,109319.70,109368.30,109318.90,109321.30,150.848
2025-09-27T18:10:00+00:00,109321.30,109373.10,109321.30,109365.70,114.643
2025-09-27T18:15:00+00:00,109365.80,109373.60,109345.30,109373.50,70.384
2025-09-27T18:20:00+00:00,109373.60,109374.90,109368.00,109368.10,46.351
2025-09-27T18:25:00+00:00,109368.10,109368.10,109364.30,109366.90,32.842
2025-09-27T18:30:00+00:00,109367.00,109375.00,109346.10,109354.00,116.618
2025-09-27T18:35:00+00:00,109354.00,109358.70,109346.50,109346.50,37.019
2025-09-27T18:40:00+00:00,109346.60,109346.60,109324.50,109329.30,31.438
2025-09-27T18:45:00+00:00,109329.30,109374.00,109329.30,109373.90,51.012
2025-09-27T18:50:00+00:00,109374.00,109384.60,109373.90,109376.30,32.322
2025-09-27T18:55:00+00:00,109376.30,109397.60,109376.20,109383.20,43.518
2025-09-27T19:00:00+00:00,109383.30,109394.20,109376.40,109376.40,46.657
2025-09-27T19:05:00+00:00,109376.40,109376.50,109376.40,109376.50,9.048
2025-09-27T19:10:00+00:00,109376.40,109376.50,109371.90,109371.90,19.149
2025-09-27T19:15:00+00:00,109371.90,109381.60,109357.10,109375.80,98.928
2025-09-27T19:20:00+00:00,109375.90,109390.00,109375.80,109390.00,61.674
2025-09-27T19:25:00+00:00,109390.00,109390.00,109345.50,109370.60,68.381
2025-09-27T19:30:00+00:00,109370.70,109384.20,109355.40,109359.70,63.216
2025-09-27T19:35:00+00:00,109359.70,109359.80,109331.40,109333.70,112.824
2025-09-27T19:40:00+00:00,109333.70,109348.00,109333.70,109348.00,19.844
2025-09-27T19:45:00+00:00,109348.00,109366.40,109347.90,109366.40,30.930
2025-09-27T19:50:00+00:00,109366.40,109371.70,109366.30,109366.60,29.370
2025-09-27T19:55:00+00:00,109366.60,109369.40,109366.60,109369.30,12.443
2025-09-27T20:00:00+00:00,109369.40,109388.80,109366.40,109372.40,92.353
2025-09-27T20:05:00+00:00,109372.30,109372.40,109322.00,109339.80,59.976
2025-09-27T20:10:00+00:00,109339.80,109345.50,109339.70,109340.30,38.614
2025-09-27T20:15:00+00:00,109340.30,109340.40,109305.50,109305.50,42.007
2025-09-27T20:20:00+00:00,109305.50,109316.00,109305.50,109315.90,29.393
2025-09-27T20:25:00+00:00,109316.00,109316.00,109315.90,109315.90,30.287
2025-09-27T20:30:00+00:00,109316.00,109366.30,109315.90,109366.20,47.538
2025-09-27T20:35:00+00:00,109366.30,109371.50,109354.00,109354.10,57.930
2025-09-27T20:40:00+00:00,109354.10,109354.10,109342.70,109342.80,14.796
2025-09-27T20:45:00+00:00,109342.70,109342.80,109333.30,109333.40,22.711
2025-09-27T20:50:00+00:00,109333.30,109333.40,109333.30,109333.40,25.454
2025-09-27T20:55:00+00:00,109333.30,109333.40,109333.30,109333.30,20.425
2025-09-27T21:00:00+00:00,109333.40,109333.40,109333.30,109333.40,31.478
2025-09-27T21:05:00+00:00,109333.40,109333.40,109333.30,109333.40,14.101
2025-09-27T21:10:00+00:00,109333.40,109338.10,109333.40,109338.10,58.070
2025-09-27T21:15:00+00:00,109338.00,109369.70,109338.00,109363.90,110.307
2025-09-27T21:20:00+00:00,109364.00,109364.00,109363.90,109364.00,15.758
2025-09-27T21:25:00+00:00,109364.00,109383.30,109363.90,109383.30,61.204
2025-09-27T21:30:00+00:00,109383.30,109383.30,109383.20,109383.30,14.783
2025-09-27T21:35:00+00:00,109383.20,109415.60,109383.20,109415.40,195.816
2025-09-27T21:40:00+00:00,109415.50,109435.40,109396.30,109396.30,110.184
2025-09-27T21:45:00+00:00,109396.40,109405.60,109396.30,109405.60,20.569
2025-09-27T21:50:00+00:00,109405.60,109413.70,109397.20,109397.30,39.947
2025-09-27T21:55:00+00:00,109397.30,109420.30,109397.20,109420.30,38.715
2025-09-27T22:00:00+00:00,109420.20,109500.00,109420.20,109500.00,226.537
2025-09-27T22:05:00+00:00,109499.90,109510.10,109424.00,109470.60,348.199
2025-09-27T22:10:00+00:00,109470.60,109567.60,109470.50,109567.60,202.303
2025-09-27T22:15:00+00:00,109567.50,109593.90,109558.90,109593.90,145.219
2025-09-27T22:20:00+00:00,109593.90,109644.60,109593.80,109644.50,211.303
2025-09-27T22:25:00+00:00,109644.50,109653.20,109625.00,109653.20,178.508
2025-09-27T22:30:00+00:00,109653.20,109653.20,109596.20,109616.20,138.086
2025-09-27T22:35:00+00:00,109616.20,109623.20,109533.00,109597.20,148.382
2025-09-27T22:40:00+00:00,109597.30,109616.60,109531.40,109538.50,147.581
2025-09-27T22:45:00+00:00,109538.50,109538.60,109452.00,109473.20,132.933
2025-09-27T22:50:00+00:00,109473.30,109546.80,109473.20,109507.10,97.448
2025-09-27T22:55:00+00:00,109507.10,109550.60,109507.10,109550.60,32.984
2025-09-27T23:00:00+00:00,109550.60,109590.00,109519.40,109570.50,102.853
2025-09-27T23:05:00+00:00,109570.60,109570.60,109480.00,109555.20,79.707
2025-09-27T23:10:00+00:00,109555.30,109555.30,109494.00,109540.60,88.129
2025-09-27T23:15:00+00:00,109540.60,109540.70,109399.30,109446.90,306.857
2025-09-27T23:20:00+00:00,109446.90,109492.90,109437.80,109461.00,53.685
2025-09-27T23:25:00+00:00,109461.00,109508.20,109460.90,109486.30,40.617
2025-09-27T23:30:00+00:00,109486.30,109534.70,109486.20,109520.90,41.545
2025-09-27T23:35:00+00:00,109520.90,109555.90,109520.80,109545.90,88.254
2025-09-27T23:40:00+00:00,109545.90,109556.50,109500.00,109545.70,63.192
2025-09-27T23:45:00+00:00,109545.60,109565.10,109541.10,109565.00,35.444
2025-09-27T23:50:00+00:00,109565.00,109627.20,109553.60,109558.30,122.177
2025-09-27T23:55:00+00:00,109558.30,109596.30,109558.30,109577.30,54.091
2025-09-28T00:00:00+00:00,109577.20,109620.00,109577.20,109620.00,89.432
2025-09-28T00:05:00+00:00,109620.00,109620.00,109520.00,109539.50,138.381
2025-09-28T00:10:00+00:00,109539.50,109547.50,109489.60,109510.00,192.420
2025-09-28T00:15:00+00:00,109510.00,109605.30,109503.10,109605.30,119.671
2025-09-28T00:20:00+00:00,109605.20,109655.20,109591.80,109654.90,167.147
2025-09-28T00:25:00+00:00,109655.00,109749.90,109654.90,109728.10,324.529
2025-09-28T00:30:00+00:00,109728.10,109737.20,109584.60,109620.20,233.541
2025-09-28T00:35:00+00:00,109620.10,109635.10,109518.00,109558.00,138.498
2025-09-28T00:40:00+00:00,109558.00,109687.10,109557.90,109617.10,243.514
2025-09-28T00:45:00+00:00,109617.10,109655.90,109519.00,109519.20,316.377
2025-09-28T00:50:00+00:00,109519.10,109596.90,109501.90,109590.40,214.017
2025-09-28T00:55:00+00:00,109590.50,109612.80,109522.20,109556.30,280.046
2025-09-28T01:00:00+00:00,109556.30,109608.30,109496.10,109558.10,350.344
2025-09-28T01:05:00+00:00,109558.10,109558.10,109412.90,109446.60,573.882
2025-09-28T01:10:00+00:00,109446.60,109500.00,109435.50,109435.60,243.166
2025-09-28T01:15:00+00:00,109435.60,109506.30,109408.00,109473.60,344.255
2025-09-28T01:20:00+00:00,109473.60,109499.00,109424.80,109498.90,218.869
2025-09-28T01:25:00+00:00,109499.00,109499.00,109423.80,109441.20,278.937
2025-09-28T01:30:00+00:00,109441.20,109489.70,109412.70,109453.60,213.454
2025-09-28T01:35:00+00:00,109453.50,109463.50,109369.00,109374.20,183.484
2025-09-28T01:40:00+00:00,109374.20,109387.00,109310.00,109378.60,322.086
2025-09-28T01:45:00+00:00,109378.60,109387.10,109294.00,109324.40,581.400
2025-09-28T01:50:00+00:00,109324.40,109346.00,109284.10,109327.90,378.428
2025-09-28T01:55:00+00:00,109327.90,109345.50,109294.00,109305.60,90.356
2025-09-28T02:00:00+00:00,109305.50,109343.30,109296.00,109343.30,113.524
2025-09-28T02:05:00+00:00,109343.40,109405.00,109343.40,109355.60,125.423
2025-09-28T02:10:00+00:00,109355.60,109355.70,109309.20,109328.10,75.085
2025-09-28T02:15:00+00:00,109328.20,109350.80,109317.20,109350.80,57.607
2025-09-28T02:20:00+00:00,109350.80,109409.30,109350.70,109409.30,124.129
2025-09-28T02:25:00+00:00,109409.30,109445.00,109386.00,109445.00,258.665
2025-09-28T02:30:00+00:00,109445.00,109476.20,109421.90,109444.90,162.268
2025-09-28T02:35:00+00:00,109444.90,109496.40,109429.10,109463.50,232.238
2025-09-28T02:40:00+00:00,109463.50,109463.50,109380.10,109405.30,75.615
2025-09-28T02:45:00+00:00,109405.40,109405.40,109342.90,109362.10,142.527
2025-09-28T02:50:00+00:00,109362.20,109413.30,109362.10,109408.20,76.896
2025-09-28T02:55:00+00:00,109408.10,109409.30,109389.90,109398.80,47.724
2025-09-28T03:00:00+00:00,109398.90,109489.20,109398.90,109472.90,154.559
2025-09-28T03:05:00+00:00,109472.80,109472.90,109410.00,109413.70,137.850
2025-09-28T03:10:00+00:00,109413.70,109445.60,109413.70,109432.80,88.509
2025-09-28T03:15:00+00:00,109432.70,109443.40,109416.50,109422.40,88.270
2025-09-28T03:20:00+00:00,109422.40,109422.50,109405.00,109410.40,53.805
2025-09-28T03:25:00+00:00,109410.30,109410.40,109410.30,109410.30,21.359
2025-09-28T03:30:00+00:00,109410.30,109433.20,109383.90,109383.90,88.146
2025-09-28T03:35:00+00:00,109383.90,109383.90,109364.20,109369.50,81.884
2025-09-28T03:40:00+00:00,109369.50,109369.50,109365.40,109365.50,29.419
2025-09-28T03:45:00+00:00,109365.40,109387.50,109365.40,109387.30,45.629
2025-09-28T03:50:00+00:00,109387.30,109388.10,109375.30,109388.10,29.581
2025-09-28T03:55:00+00:00,109388.10,109397.30,109388.00,109397.30,18.264
2025-09-28T04:00:00+00:00,109397.30,109397.30,109381.10,109381.20,56.512
2025-09-28T04:05:00+00:00,109381.20,109419.70,109381.10,109419.70,44.485
2025-09-28T04:10:00+00:00,109419.60,109445.10,109417.50,109417.60,70.564
2025-09-28T04:15:00+00:00,109417.60,109439.00,109389.90,109389.90,41.755
2025-09-28T04:20:00+00:00,109389.90,109390.00,109356.50,109356.60,59.225
2025-09-28T04:25:00+00:00,109356.50,109356.60,109316.30,109316.40,125.991
2025-09-28T04:30:00+00:00,109316.30,109352.10,109316.30,109343.30,67.250
2025-09-28T04:35:00+00:00,109343.40,109343.40,109315.50,109315.60,81.564
2025-09-28T04:40:00+00:00,109315.60,109329.40,109315.60,109329.40,18.169
2025-09-28T04:45:00+00:00,109329.30,109329.40,109329.30,109329.40,9.295
2025-09-28T04:50:00+00:00,109329.40,109329.40,109329.30,109329.30,21.340
2025-09-28T04:55:00+00:00,109329.30,109329.40,109316.10,109329.40,73.463
2025-09-28T05:00:00+00:00,109329.40,109345.00,109322.60,109345.00,71.473
2025-09-28T05:05:00+00:00,109345.00,109345.00,109304.60,109304.60,112.734
2025-09-28T05:10:00+00:00,109304.60,109304.70,109302.00,109302.00,24.013
2025-09-28T05:15:00+00:00,109302.00,109328.60,109302.00,109328.60,78.501
2025-09-28T05:20:00+00:00,109328.50,109342.00,109328.40,109328.40,58.614
2025-09-28T05:25:00+00:00,109328.50,109351.60,109328.40,109346.90,41.837
2025-09-28T05:30:00+00:00,109347.00,109349.50,109320.70,109320.70,55.581
2025-09-28T05:35:00+00:00,109320.80,109320.80,109314.90,109319.50,35.416
2025-09-28T05:40:00+00:00,109319.60,109319.60,109300.00,109302.20,47.939
2025-09-28T05:45:00+00:00,109302.20,109303.40,109296.60,109303.30,26.078
2025-09-28T05:50:00+00:00,109303.30,109303.40,109300.40,109300.40,28.894
2025-09-28T05:55:00+00:00,109300.50,109303.40,109292.00,109303.20,95.516
2025-09-28T06:00:00+00:00,109303.20,109303.40,109302.40,109303.40,41.119
2025-09-28T06:05:00+00:00,109303.40,109338.50,109303.30,109338.40,50.908
2025-09-28T06:10:00+00:00,109338.50,109338.50,109332.80,109332.90,36.154
2025-09-28T06:15:00+00:00,109332.80,109332.90,109315.80,109315.80,55.195
2025-09-28T06:20:00+00:00,109315.80,109332.90,109311.10,109311.10,63.048
2025-09-28T06:25:00+00:00,109311.20,109311.20,109227.20,109227.20,179.685
2025-09-28T06:30:00+00:00,109227.20,109245.50,109203.90,109239.60,190.495
2025-09-28T06:35:00+00:00,109239.50,109333.60,109239.50,109333.60,109.172
2025-09-28T06:40:00+00:00,109333.60,109410.40,109333.50,109386.80,194.457
2025-09-28T06:45:00+00:00,109386.80,109386.90,109331.90,109331.90,103.145
2025-09-28T06:50:00+00:00,109332.00,109360.50,109329.60,109358.70,71.325
2025-09-28T06:55:00+00:00,109358.70,109358.80,109358.70,109358.70,24.628
2025-09-28T07:00:00+00:00,109358.80,109365.30,109332.80,109332.80,82.502
2025-09-28T07:05:00+00:00,109332.80,109332.90,109294.20,109296.70,71.423
2025-09-28T07:10:00+00:00,109296.70,109323.40,109296.70,109323.40,27.692
2025-09-28T07:15:00+00:00,109323.40,109389.50,109323.30,109389.50,42.294
2025-09-28T07:20:00+00:00,109389.50,109435.70,109387.30,109410.70,348.072
2025-09-28T07:25:00+00:00,109410.70,109450.00,109402.30,109402.30,207.684
2025-09-28T07:30:00+00:00,109402.30,109437.30,109402.20,109437.20,115.037
2025-09-28T07:35:00+00:00,109437.30,109456.60,109393.00,109393.10,137.989
2025-09-28T07:40:00+00:00,109393.00,109417.30,109393.00,109417.20,82.066
2025-09-28T07:45:00+00:00,109417.20,109441.60,109417.20,109441.50,121.260
2025-09-28T07:50:00+00:00,109441.50,109500.00,109441.50,109496.70,203.655
2025-09-28T07:55:00+00:00,109496.70,109496.80,109454.10,109468.50,123.120
2025-09-28T08:00:00+00:00,109468.40,109544.80,109468.40,109486.20,177.366
2025-09-28T08:05:00+00:00,109486.20,109486.30,109430.50,109457.70,99.413
2025-09-28T08:10:00+00:00,109457.60,109476.90,109452.70,109457.70,88.118
2025-09-28T08:15:00+00:00,109457.80,109463.70,109436.40,109436.40,94.250
2025-09-28T08:20:00+00:00,109436.40,109485.00,109372.80,109462.20,306.451
2025-09-28T08:25:00+00:00,109462.20,109489.30,109426.80,109484.30,217.360
2025-09-28T08:30:00+00:00,109484.30,109500.80,109439.90,109445.30,72.798
2025-09-28T08:35:00+00:00,109445.30,109499.70,109427.00,109493.30,165.780
2025-09-28T08:40:00+00:00,109493.40,109505.90,109466.10,109476.30,219.710
2025-09-28T08:45:00+00:00,109476.40,109531.70,109476.30,109510.50,147.568
2025-09-28T08:50:00+00:00,109510.50,109515.50,109467.30,109483.00,188.918
2025-09-28T08:55:00+00:00,109482.90,109511.10,109460.00,109462.70,120.265
2025-09-28T09:00:00+00:00,109462.70,109500.00,109410.10,109434.60,231.745
2025-09-28T09:05:00+00:00,109434.60,109452.50,109386.00,109411.10,176.204
2025-09-28T09:10:00+00:00,109411.10,109411.10,109309.20,109309.30,329.861
2025-09-28T09:15:00+00:00,109309.30,109384.00,109279.90,109369.90,268.411
2025-09-28T09:20:00+00:00,109370.00,109383.10,109338.50,109341.30,163.554
2025-09-28T09:25:00+00:00,109341.30,109410.70,109323.00,109405.40,140.766
2025-09-28T09:30:00+00:00,109405.40,109476.50,109394.40,109436.80,252.979
2025-09-28T09:35:00+00:00,109436.80,109510.70,109424.70,109510.60,217.008
2025-09-28T09:40:00+00:00,109510.70,109520.40,109461.30,109520.40,311.018
2025-09-28T09:45:00+00:00,109520.30,109520.40,109441.90,109464.00,251.513
2025-09-28T09:50:00+00:00,109464.00,109498.20,109448.60,109472.20,162.137
2025-09-28T09:55:00+00:00,109472.20,109483.50,109468.80,109477.50,49.438
2025-09-28T10:00:00+00:00,109477.40,109477.50,109388.30,109388.30,118.042
2025-09-28T10:05:00+00:00,109388.30,109403.50,109363.60,109397.20,207.717
2025-09-28T10:10:00+00:00,109397.30,109408.20,109382.00,109402.40,89.971
2025-09-28T10:15:00+00:00,109402.40,109413.20,109377.30,109413.20,104.634
2025-09-28T10:20:00+00:00,109413.20,109429.70,109401.40,109402.20,47.598
2025-09-28T10:25:00+00:00,109402.10,109402.20,109392.10,109392.20,33.959
2025-09-28T10:30:00+00:00,109392.20,109417.00,109360.40,109360.40,92.778
2025-09-28T10:35:00+00:00,109360.40,109379.00,109316.50,109378.40,166.273
2025-09-28T10:40:00+00:00,109378.40,109387.30,109332.90,109349.70,133.187
2025-09-28T10:45:00+00:00,109349.70,109355.40,109327.10,109327.10,75.462
2025-09-28T10:50:00+00:00,109327.10,109345.80,109321.30,109321.30,58.046
2025-09-28T10:55:00+00:00,109321.30,109323.40,109313.10,109323.40,34.887
2025-09-28T11:00:00+00:00,109323.40,109329.00,109320.00,109320.10,43.061
2025-09-28T11:05:00+00:00,109320.10,109328.70,109271.10,109300.00,192.344
2025-09-28T11:10:00+00:00,109300.00,109301.70,109280.00,109280.10,53.624
2025-09-28T11:15:00+00:00,109280.00,109282.70,109214.40,109259.70,311.242
2025-09-28T11:20:00+00:00,109259.60,109271.90,109200.00,109255.50,434.876
2025-09-28T11:25:00+00:00,109255.50,109255.50,109188.00,109225.60,315.349
2025-09-28T11:30:00+00:00,109225.60,109292.60,109225.50,109271.80,124.403
2025-09-28T11:35:00+00:00,109271.80,109294.30,109224.20,109229.40,111.969
2025-09-28T11:40:00+00:00,109229.70,109256.40,109229.70,109244.70,82.333
2025-09-28T11:45:00+00:00,109244.80,109244.80,109207.60,109207.70,73.183
2025-09-28T11:50:00+00:00,109207.70,109211.00,109200.00,109200.10,81.467
2025-09-28T11:55:00+00:00,109200.10,109399.00,109200.00,109319.90,397.534
2025-09-28T12:00:00+00:00,109319.90,109396.90,109319.90,109354.00,373.346
2025-09-28T12:05:00+00:00,109353.90,109354.00,109303.70,109314.70,186.682
2025-09-28T12:10:00+00:00,109314.70,109381.80,109307.00,109381.00,282.275
2025-09-28T12:15:00+00:00,109380.90,109381.00,109330.30,109337.30,221.961
2025-09-28T12:20:00+00:00,109337.30,109359.50,109314.70,109347.70,100.670
2025-09-28T12:25:00+00:00,109347.70,109390.00,109347.70,109383.60,152.515
2025-09-28T12:30:00+00:00,109383.50,109400.00,109337.70,109343.40,154.647
2025-09-28T12:35:00+00:00,109343.40,109361.80,109307.00,109317.60,205.745
2025-09-28T12:40:00+00:00,109317.50,109317.50,109156.00,109189.90,390.053
2025-09-28T12:45:00+00:00,109190.00,109213.10,109136.50,109154.50,691.857
2025-09-28T12:50:00+00:00,109154.40,109291.30,109151.90,109262.10,746.016
2025-09-28T12:55:00+00:00,109262.00,109288.10,109251.80,109266.90,140.002
2025-09-28T13:00:00+00:00,109266.80,109363.70,109266.80,109317.90,422.530
2025-09-28T13:05:00+00:00,109318.00,109362.00,109317.90,109361.90,49.254
2025-09-28T13:10:00+00:00,109361.90,109392.70,109361.90,109367.50,117.912
2025-09-28T13:15:00+00:00,109367.50,109431.60,109325.20,109422.70,334.719
2025-09-28T13:20:00+00:00,109422.80,109447.00,109397.50,109424.00,260.805
2025-09-28T13:25:00+00:00,109424.10,109439.00,109387.90,109429.90,119.792
2025-09-28T13:30:00+00:00,109429.80,109484.00,109411.30,109482.10,308.210
2025-09-28T13:35:00+00:00,109482.10,109548.10,109468.80,109530.40,408.422
2025-09-28T13:40:00+00:00,109530.40,109580.40,109520.50,109550.20,579.169
2025-09-28T13:45:00+00:00,109550.20,109567.10,109523.60,109536.80,276.714
2025-09-28T13:50:00+00:00,109536.80,109558.60,109533.10,109555.70,149.128
2025-09-28T13:55:00+00:00,109555.80,109625.10,109545.60,109580.90,405.557
2025-09-28T14:00:00+00:00,109580.80,109580.90,109465.90,109465.90,283.743
2025-09-28T14:05:00+00:00,109465.90,109511.00,109455.90,109473.90,259.536
2025-09-28T14:10:00+00:00,109473.90,109509.30,109473.80,109479.60,189.052
2025-09-28T14:15:00+00:00,109479.50,109559.40,109479.50,109559.30,143.196
2025-09-28T14:20:00+00:00,109559.30,109644.20,109559.30,109627.10,274.265
2025-09-28T14:25:00+00:00,109627.00,109673.90,109627.00,109665.90,254.937
2025-09-28T14:30:00+00:00,109665.90,109700.00,109595.30,109604.70,286.343
2025-09-28T14:35:00+00:00,109604.70,109621.40,109580.40,109592.40,198.563
2025-09-28T14:40:00+00:00,109592.50,109641.10,109584.80,109641.00,263.458
2025-09-28T14:45:00+00:00,109641.10,109720.00,109627.40,109719.90,467.357
2025-09-28T14:50:00+00:00,109720.00,109835.80,109714.10,109757.80,1102.182
2025-09-28T14:55:00+00:00,109757.70,109842.90,109739.80,109801.20,599.648
2025-09-28T15:00:00+00:00,109801.20,109871.00,109801.10,109852.50,509.757
2025-09-28T15:05:00+00:00,109852.50,109869.20,109760.00,109777.00,542.509
2025-09-28T15:10:00+00:00,109777.00,109786.50,109656.50,109718.30,830.848
2025-09-28T15:15:00+00:00,109718.30,109810.00,109718.20,109771.30,211.667
2025-09-28T15:20:00+00:00,109771.30,109793.70,109744.90,109747.00,154.550
2025-09-28T15:25:00+00:00,109747.00,109857.00,109746.90,109857.00,343.061
2025-09-28T15:30:00+00:00,109857.00,109858.40,109804.30,109804.30,191.027
2025-09-28T15:35:00+00:00,109804.30,109809.10,109747.20,109750.90,244.075
2025-09-28T15:40:00+00:00,109750.90,109883.00,109750.80,109883.00,532.518
2025-09-28T15:45:00+00:00,109883.00,109959.50,109853.60,109927.70,697.332
2025-09-28T15:50:00+00:00,109927.70,109965.00,109910.60,109965.00,268.591
2025-09-28T15:55:00+00:00,109965.00,109990.00,109941.30,109990.00,435.007
2025-09-28T16:00:00+00:00,109990.00,110134.70,109989.90,110114.40,817.509
2025-09-28T16:05:00+00:00,110114.40,110350.00,110114.30,110161.60,1427.092
2025-09-28T16:10:00+00:00,110161.60,110229.60,110114.40,110143.00,439.909
2025-09-28T16:15:00+00:00,110143.10,110143.10,109992.20,110060.20,855.396
2025-09-28T16:20:00+00:00,110060.20,110177.70,110048.90,110141.90,345.701
2025-09-28T16:25:00+00:00,110141.90,110142.00,110091.30,110094.00,290.446
2025-09-28T16:30:00+00:00,110094.00,110120.90,110037.70,110047.40,456.938
2025-09-28T16:35:00+00:00,110047.50,110047.50,109952.20,109990.00,246.522
2025-09-28T16:40:00+00:00,109990.00,110145.80,109989.90,110103.50,168.807
2025-09-28T16:45:00+00:00,110103.40,110150.00,110103.40,110128.00,118.700
2025-09-28T16:50:00+00:00,110128.00,110173.40,110091.50,110160.00,173.024
2025-09-28T16:55:00+00:00,110160.00,110187.90,110112.20,110172.50,223.211
2025-09-28T17:00:00+00:00,110172.50,110280.10,110144.60,110252.10,465.824
2025-09-28T17:05:00+00:00,110252.10,110324.50,110219.50,110247.00,428.647
2025-09-28T17:10:00+00:00,110247.00,110303.00,110234.90,110279.80,310.692
2025-09-28T17:15:00+00:00,110279.80,110297.60,110210.10,110233.20,384.288
2025-09-28T17:20:00+00:00,110233.10,110233.20,110100.40,110102.70,426.337
2025-09-28T17:25:00+00:00,110102.70,110178.60,110074.40,110146.70,325.419
2025-09-28T17:30:00+00:00,110146.60,110186.30,110121.00,110177.60,367.151
2025-09-28T17:35:00+00:00,110177.60,110290.00,110177.50,110290.00,345.948
2025-09-28T17:40:00+00:00,110290.00,110325.70,110255.50,110274.80,273.837
2025-09-28T17:45:00+00:00,110274.80,110314.60,110216.80,110216.90,301.982
2025-09-28T17:50:00+00:00,110216.90,110246.40,110153.80,110181.90,251.766
2025-09-28T17:55:00+00:00,110181.90,110182.20,110139.60,110153.50,162.062
2025-09-28T18:00:00+00:00,110153.40,110195.40,110138.70,110151.60,235.856
2025-09-28T18:05:00+00:00,110151.60,110162.30,110060.00,110060.10,339.559
2025-09-28T18:10:00+00:00,110060.10,110096.20,110003.00,110057.30,398.531
2025-09-28T18:15:00+00:00,110057.20,110127.40,110057.20,110127.30,194.271
2025-09-28T18:20:00+00:00,110127.40,110139.60,110061.20,110061.20,80.841
2025-09-28T18:25:00+00:00,110061.20,110087.70,110061.20,110082.30,53.276
2025-09-28T18:30:00+00:00,110082.30,110125.40,110074.70,110125.30,96.346
2025-09-28T18:35:00+00:00,110125.40,110143.40,110106.10,110115.40,90.398
2025-09-28T18:40:00+00:00,110115.40,110137.50,110115.40,110137.40,47.005
2025-09-28T18:45:00+00:00,110137.50,110187.40,110137.40,110174.10,59.601
2025-09-28T18:50:00+00:00,110174.10,110213.20,110156.90,110213.20,81.476
2025-09-28T18:55:00+00:00,110213.20,110237.50,110200.00,110237.50,101.939
2025-09-28T19:00:00+00:00,110237.50,110247.50,110237.50,110247.50,64.157
2025-09-28T19:05:00+00:00,110247.50,110284.30,110165.80,110165.80,121.474
2025-09-28T19:10:00+00:00,110165.90,110165.90,110063.70,110063.80,151.094
2025-09-28T19:15:00+00:00,110063.70,110190.00,110060.00,110174.90,109.563
2025-09-28T19:20:00+00:00,110174.80,110250.00,110174.80,110250.00,82.488
2025-09-28T19:25:00+00:00,110249.90,110293.80,110249.90,110290.00,92.860
2025-09-28T19:30:00+00:00,110290.20,110290.30,110232.90,110281.60,192.168
2025-09-28T19:35:00+00:00,110281.50,110281.60,110240.00,110257.10,126.840
2025-09-28T19:40:00+00:00,110257.10,110282.50,110250.00,110282.50,47.681
2025-09-28T19:45:00+00:00,110282.40,110333.00,110282.40,110332.90,78.709
2025-09-28T19:50:00+00:00,110333.00,110333.00,110274.30,110274.30,71.396
2025-09-28T19:55:00+00:00,110274.30,110281.70,110240.70,110281.60,52.021
2025-09-28T20:00:00+00:00,110281.70,110300.00,110254.90,110268.40,96.798
2025-09-28T20:05:00+00:00,110268.30,110325.90,110236.60,110325.90,134.746
2025-09-28T20:10:00+00:00,110325.90,110390.50,110294.50,110377.70,299.219
2025-09-28T20:15:00+00:00,110377.80,110449.40,110350.00,110439.70,346.296
2025-09-28T20:20:00+00:00,110439.60,110582.00,110427.70,110565.70,907.056
2025-09-28T20:25:00+00:00,110565.70,110598.00,110538.40,110590.30,252.524
2025-09-28T20:30:00+00:00,110590.30,110790.70,110590.30,110724.90,1321.411
2025-09-28T20:35:00+00:00,110725.00,110884.80,110724.90,110884.80,683.944
2025-09-28T20:40:00+00:00,110884.80,110888.00,110774.60,110877.80,549.932
2025-09-28T20:45:00+00:00,110877.70,110887.80,110832.70,110832.80,211.356
2025-09-28T20:50:00+00:00,110832.70,110832.80,110741.90,110758.60,409.197
2025-09-28T20:55:00+00:00,110758.70,110782.90,110676.80,110748.00,317.454
2025-09-28T21:00:00+00:00,110748.00,110782.90,110748.00,110782.80,151.315
2025-09-28T21:05:00+00:00,110782.80,110809.00,110770.40,110809.00,103.567
2025-09-28T21:10:00+00:00,110809.00,110835.80,110786.10,110800.00,287.980
2025-09-28T21:15:00+00:00,110799.90,110800.00,110654.00,110706.60,288.613
2025-09-28T21:20:00+00:00,110706.70,110741.20,110706.60,110714.20,90.681
2025-09-28T21:25:00+00:00,110714.20,110714.20,110661.70,110661.70,78.938
2025-09-28T21:30:00+00:00,110661.80,110661.80,110605.50,110605.50,94.294
2025-09-28T21:35:00+00:00,110605.60,110605.60,110581.30,110582.90,170.160
2025-09-28T21:40:00+00:00,110582.90,110626.00,110568.70,110626.00,138.183
2025-09-28T21:45:00+00:00,110625.90,110678.60,110625.90,110678.50,78.644
2025-09-28T21:50:00+00:00,110678.60,110678.60,110664.90,110676.70,92.394
2025-09-28T21:55:00+00:00,110676.80,110788.20,110676.70,110788.10,84.572
2025-09-28T22:00:00+00:00,110788.10,110888.00,110788.10,110851.00,557.288
2025-09-28T22:05:00+00:00,110850.90,111487.00,110850.90,111397.10,4269.845
2025-09-28T22:10:00+00:00,111397.00,111460.00,111300.20,111411.80,756.354
2025-09-28T22:15:00+00:00,111411.90,111777.00,111373.30,111550.10,2244.039
2025-09-28T22:20:00+00:00,111550.10,111740.00,111537.30,111611.40,777.778
2025-09-28T22:25:00+00:00,111611.40,111682.60,111591.80,111682.60,334.119
2025-09-28T22:30:00+00:00,111682.50,111929.80,111677.20,111746.80,1202.679
2025-09-28T22:35:00+00:00,111746.70,111767.70,111669.50,111737.10,382.434
2025-09-28T22:40:00+00:00,111737.00,111850.00,111706.00,111849.90,752.381
2025-09-28T22:45:00+00:00,111849.90,111959.50,111828.20,111867.60,772.518
2025-09-28T22:50:00+00:00,111867.50,111981.20,111867.50,111887.70,437.614
2025-09-28T22:55:00+00:00,111887.60,111888.00,111800.00,111881.50,419.569
2025-09-28T23:00:00+00:00,111881.40,112100.00,111881.40,112080.00,1567.279
2025-09-28T23:05:00+00:00,112079.90,112300.00,112049.90,112262.00,1427.863
2025-09-28T23:10:00+00:00,112262.00,112262.10,111922.40,112050.30,1522.087
2025-09-28T23:15:00+00:00,112050.40,112054.00,111914.00,112049.10,679.004
2025-09-28T23:20:00+00:00,112049.10,112197.20,111950.50,111950.60,592.913
2025-09-28T23:25:00+00:00,111950.60,112100.00,111950.50,112050.00,294.349
2025-09-28T23:30:00+00:00,112050.00,112114.40,111968.40,111987.60,302.653
2025-09-28T23:35:00+00:00,111987.60,112080.00,111987.60,112080.00,180.844
2025-09-28T23:40:00+00:00,112079.90,112213.20,112068.40,112194.80,362.079
2025-09-28T23:45:00+00:00,112194.80,112213.20,112100.00,112100.00,359.252
2025-09-28T23:50:00+00:00,112100.00,112145.10,112060.10,112065.90,193.884
2025-09-28T23:55:00+00:00,112065.90,112135.80,111987.80,112119.60,301.789
2025-09-29T00:00:00+00:00,112119.70,112138.20,112058.20,112088.70,458.802
2025-09-29T00:05:00+00:00,112088.70,112128.90,111989.40,112128.90,268.290
2025-09-29T00:10:00+00:00,112128.90,112220.00,112026.40,112053.70,517.460
2025-09-29T00:15:00+00:00,112053.60,112073.00,111916.00,111949.90,377.592
2025-09-29T00:20:00+00:00,111950.00,112207.10,111949.90,112207.00,437.676
2025-09-29T00:25:00+00:00,112207.00,112269.30,112137.70,112146.20,278.118
2025-09-29T00:30:00+00:00,112146.20,112227.10,112130.30,112136.70,225.820
2025-09-29T00:35:00+00:00,112136.80,112136.80,111953.30,111979.60,410.401
2025-09-29T00:40:00+00:00,111979.70,112007.50,111946.60,112007.50,181.433
2025-09-29T00:45:00+00:00,112007.40,112194.70,111989.80,112180.70,406.333
2025-09-29T00:50:00+00:00,112180.70,112238.90,112109.00,112215.30,281.447
2025-09-29T00:55:00+00:00,112215.30,112215.40,112178.10,112211.20,189.285
2025-09-29T01:00:00+00:00,112211.20,112215.30,112058.50,112120.40,279.666
2025-09-29T01:05:00+00:00,112120.50,112246.60,112120.40,112212.90,246.275
2025-09-29T01:10:00+00:00,112212.90,112259.80,112180.00,112198.60,220.889
2025-09-29T01:15:00+00:00,112198.70,112266.20,112060.00,112176.20,405.193
2025-09-29T01:20:00+00:00,112176.30,112223.60,112114.90,112119.20,306.771
2025-09-29T01:25:00+00:00,112119.30,112155.80,111967.30,111994.30,373.088
2025-09-29T01:30:00+00:00,111994.20,112050.00,111974.10,112027.70,220.300
2025-09-29T01:35:00+00:00,112027.60,112060.30,111954.50,112000.00,252.322
2025-09-29T01:40:00+00:00,112000.00,112020.50,111963.90,111995.00,131.591
2025-09-29T01:45:00+00:00,111995.00,111995.00,111759.30,111790.60,1340.912
2025-09-29T01:50:00+00:00,111790.50,111881.60,111730.00,111730.00,1287.761
2025-09-29T01:55:00+00:00,111730.00,111800.70,111652.70,111800.70,972.659
2025-09-29T02:00:00+00:00,111800.70,111839.90,111664.50,111786.50,815.020
2025-09-29T02:05:00+00:00,111786.60,111819.80,111706.80,111744.20,364.176
2025-09-29T02:10:00+00:00,111744.10,111815.10,111736.40,111765.10,337.853
2025-09-29T02:15:00+00:00,111765.10,111765.20,111717.80,111738.30,160.832
2025-09-29T02:20:00+00:00,111738.20,111928.60,111729.40,111906.10,509.414
2025-09-29T02:25:00+00:00,111906.10,111975.50,111815.00,111827.50,383.973
2025-09-29T02:30:00+00:00,111827.50,111878.80,111731.30,111732.50,365.566
2025-09-29T02:35:00+00:00,111732.50,111773.70,111628.10,111636.90,513.548
2025-09-29T02:40:00+00:00,111636.80,111686.90,111578.50,111605.80,572.444
2025-09-29T02:45:00+00:00,111605.90,111671.30,111562.00,111659.80,493.741
2025-09-29T02:50:00+00:00,111659.80,111696.00,111620.00,111625.60,376.238
2025-09-29T02:55:00+00:00,111625.50,111716.40,111620.00,111690.80,160.107
2025-09-29T03:00:00+00:00,111690.80,111690.80,111608.00,111614.90,186.241
2025-09-29T03:05:00+00:00,111614.90,111615.80,111535.00,111565.30,350.226
2025-09-29T03:10:00+00:00,111565.40,111620.50,111517.30,111535.50,508.776
2025-09-29T03:15:00+00:00,111535.40,111653.70,111535.40,111647.60,460.706
2025-09-29T03:20:00+00:00,111647.70,111700.80,111603.00,111699.90,472.884
2025-09-29T03:25:00+00:00,111700.00,111720.00,111645.40,111700.00,241.627
2025-09-29T03:30:00+00:00,111700.00,111710.00,111657.90,111687.60,178.568
2025-09-29T03:35:00+00:00,111687.60,111687.70,111650.00,111662.10,72.778
2025-09-29T03:40:00+00:00,111662.00,111700.00,111651.00,111651.00,132.574
2025-09-29T03:45:00+00:00,111651.00,111687.00,111621.10,111686.80,195.891
2025-09-29T03:50:00+00:00,111686.80,111784.90,111686.80,111722.80,455.222
2025-09-29T03:55:00+00:00,111722.80,111817.90,111712.00,111817.90,368.927
2025-09-29T04:00:00+00:00,111817.90,111846.10,111753.30,111779.80,764.409
2025-09-29T04:05:00+00:00,111779.70,111831.30,111773.40,111804.60,231.654
2025-09-29T04:10:00+00:00,111804.50,111804.80,111736.10,111747.70,456.249
2025-09-29T04:15:00+00:00,111747.70,111779.30,111692.30,111779.20,389.471
2025-09-29T04:20:00+00:00,111779.30,111800.00,111744.50,111773.10,239.668
2025-09-29T04:25:00+00:00,111773.10,111796.80,111759.10,111759.60,81.676
2025-09-29T04:30:00+00:00,111759.60,111778.20,111755.00,111778.20,58.948
2025-09-29T04:35:00+00:00,111778.20,111800.00,111750.00,111790.10,64.189
2025-09-29T04:40:00+00:00,111790.10,111854.60,111761.60,111814.00,201.450
2025-09-29T04:45:00+00:00,111814.00,111860.00,111770.00,111785.30,167.207
2025-09-29T04:50:00+00:00,111785.20,111810.50,111762.40,111793.70,95.060
2025-09-29T04:55:00+00:00,111793.80,111796.90,111752.60,111752.70,97.169
2025-09-29T05:00:00+00:00,111752.60,111769.00,111652.80,111656.60,154.592
2025-09-29T05:05:00+00:00,111656.60,111656.70,111562.60,111622.20,346.441
2025-09-29T05:10:00+00:00,111622.20,111684.70,111603.20,111632.30,420.847
2025-09-29T05:15:00+00:00,111632.30,111658.80,111550.20,111566.30,493.591
2025-09-29T05:20:00+00:00,111566.30,111578.30,111508.70,111519.20,272.681
2025-09-29T05:25:00+00:00,111519.20,111618.60,111519.20,111579.10,271.029
2025-09-29T05:30:00+00:00,111579.00,111618.00,111533.20,111606.10,202.722
2025-09-29T05:35:00+00:00,111606.20,111645.50,111584.40,111637.70,109.017
2025-09-29T05:40:00+00:00,111637.70,111661.50,111604.80,111650.40,106.827
2025-09-29T05:45:00+00:00,111650.40,111676.60,111642.30,111666.80,102.071
2025-09-29T05:50:00+00:00,111666.80,111731.50,111666.70,111669.30,157.788
2025-09-29T05:55:00+00:00,111669.30,111700.00,111658.40,111699.90,171.762
2025-09-29T06:00:00+00:00,111700.00,111735.00,111603.50,111603.60,239.237
2025-09-29T06:05:00+00:00,111603.60,111742.90,111603.60,111712.70,238.930
2025-09-29T06:10:00+00:00,111712.70,111722.00,111648.80,111665.10,155.147
2025-09-29T06:15:00+00:00,111665.00,111750.00,111655.40,111750.00,113.322
2025-09-29T06:20:00+00:00,111749.90,111787.00,111706.30,111720.40,354.764
2025-09-29T06:25:00+00:00,111720.40,111757.00,111662.10,111741.70,236.714
2025-09-29T06:30:00+00:00,111741.70,111811.10,111696.90,111696.90,265.168
2025-09-29T06:35:00+00:00,111696.90,111758.30,111683.70,111753.50,179.855
2025-09-29T06:40:00+00:00,111753.60,111753.60,111682.10,111682.20,136.455
2025-09-29T06:45:00+00:00,111682.20,111698.70,111561.30,111676.80,418.045
2025-09-29T06:50:00+00:00,111676.80,111696.40,111564.90,111652.30,284.839
2025-09-29T06:55:00+00:00,111652.20,111652.30,111580.00,111580.10,285.497
2025-09-29T07:00:00+00:00,111580.00,111626.10,111565.40,111568.60,346.606
2025-09-29T07:05:00+00:00,111568.60,111619.30,111563.70,111587.70,191.527
2025-09-29T07:10:00+00:00,111587.70,111685.10,111577.90,111578.00,356.234
2025-09-29T07:15:00+00:00,111577.90,111598.60,111501.10,111528.40,464.327
2025-09-29T07:20:00+00:00,111528.40,111542.60,111509.50,111509.60,167.268
2025-09-29T07:25:00+00:00,111509.50,111561.00,111501.00,111545.00,314.420
2025-09-29T07:30:00+00:00,111544.90,111640.20,111539.00,111588.00,534.003
2025-09-29T07:35:00+00:00,111587.90,111742.90,111587.90,111702.00,347.093
2025-09-29T07:40:00+00:00,111702.10,111733.70,111662.80,111677.00,282.573
2025-09-29T07:45:00+00:00,111677.10,111748.00,111642.80,111721.30,350.889
2025-09-29T07:50:00+00:00,111721.20,111788.90,111721.20,111756.80,206.073
2025-09-29T07:55:00+00:00,111756.70,111814.80,111756.70,111814.70,398.356
2025-09-29T08:00:00+00:00,111814.80,112088.40,111814.70,111952.10,1652.909
2025-09-29T08:05:00+00:00,111952.10,112007.80,111889.30,112007.80,698.955
2025-09-29T08:10:00+00:00,112007.70,112076.70,111893.90,111926.10,661.938
2025-09-29T08:15:00+00:00,111926.20,112050.00,111913.90,112038.90,216.568
2025-09-29T08:20:00+00:00,112039.00,112050.00,111979.10,112050.00,278.510
2025-09-29T08:25:00+00:00,112050.00,112163.30,112049.90,112147.00,694.525
2025-09-29T08:30:00+00:00,112147.00,112147.00,112044.60,112123.40,275.828
2025-09-29T08:35:00+00:00,112123.30,112158.00,112100.00,112149.50,245.813
2025-09-29T08:40:00+00:00,112149.60,112210.00,112149.50,112210.00,606.967
2025-09-29T08:45:00+00:00,112209.90,112381.30,112120.00,112139.90,1065.061
2025-09-29T08:50:00+00:00,112139.90,112185.40,112060.00,112069.40,570.886
2025-09-29T08:55:00+00:00,112069.40,112069.50,112028.40,112033.40,213.720
2025-09-29T09:00:00+00:00,112033.50,112068.20,112033.40,112065.70,209.707
2025-09-29T09:05:00+00:00,112065.60,112080.90,112048.50,112048.50,152.673
2025-09-29T09:10:00+00:00,112048.50,112110.00,111972.60,111972.60,451.689
2025-09-29T09:15:00+00:00,111972.60,111998.00,111927.40,111996.40,266.503
2025-09-29T09:20:00+00:00,111996.50,112062.50,111996.40,112062.50,127.098
2025-09-29T09:25:00+00:00,112062.50,112128.00,112013.50,112108.80,273.755
2025-09-29T09:30:00+00:00,112108.80,112128.00,112060.40,112099.20,147.256
2025-09-29T09:35:00+00:00,112099.20,112166.20,112047.60,112149.20,183.797
2025-09-29T09:40:00+00:00,112149.30,112149.30,111992.40,112002.30,226.596
2025-09-29T09:45:00+00:00,112002.40,112092.00,111987.00,112063.70,147.113
2025-09-29T09:50:00+00:00,112063.60,112063.60,112000.10,112015.20,92.670
2025-09-29T09:55:00+00:00,112015.20,112050.00,112013.50,112050.00,65.516
2025-09-29T10:00:00+00:00,112049.90,112094.80,112042.50,112078.10,94.770
2025-09-29T10:05:00+00:00,112078.20,112090.00,112040.00,112040.50,251.292
2025-09-29T10:10:00+00:00,112040.50,112106.50,112029.00,112099.90,389.199
2025-09-29T10:15:00+00:00,112099.90,112100.00,112060.00,112073.70,193.377
2025-09-29T10:20:00+00:00,112073.70,112151.60,112052.40,112137.40,218.966
2025-09-29T10:25:00+00:00,112137.40,112185.40,112105.50,112172.80,162.402
2025-09-29T10:30:00+00:00,112172.80,112180.10,112068.10,112072.10,176.074
2025-09-29T10:35:00+00:00,112072.20,112078.80,111980.20,112054.50,502.177
2025-09-29T10:40:00+00:00,112054.50,112054.60,111972.40,112001.90,409.872
2025-09-29T10:45:00+00:00,112001.80,112091.30,111999.10,112091.30,115.870
2025-09-29T10:50:00+00:00,112091.20,112117.90,112058.20,112117.90,180.837
2025-09-29T10:55:00+00:00,112117.80,112124.00,112032.40,112034.90,144.267
2025-09-29T11:00:00+00:00,112034.90,112059.40,111946.60,111952.30,423.862
2025-09-29T11:05:00+00:00,111952.20,111978.50,111894.40,111915.90,441.999
2025-09-29T11:10:00+00:00,111915.80,111932.50,111862.10,111862.10,367.934
2025-09-29T11:15:00+00:00,111862.10,111988.00,111862.10,111987.90,211.203
2025-09-29T11:20:00+00:00,111988.00,112031.20,111872.20,111934.30,353.760
2025-09-29T11:25:00+00:00,111934.30,111997.80,111894.70,111903.40,308.562
2025-09-29T11:30:00+00:00,111903.40,112039.40,111894.50,112006.30,270.217
2025-09-29T11:35:00+00:00,112006.30,112061.40,111973.20,111973.20,210.250
2025-09-29T11:40:00+00:00,111973.20,112050.00,111930.00,112050.00,246.498
2025-09-29T11:45:00+00:00,112050.00,112050.00,112005.20,112016.90,129.309
2025-09-29T11:50:00+00:00,112016.80,112069.70,112015.20,112030.10,126.235
2025-09-29T11:55:00+00:00,112030.10,112060.00,112002.80,112052.00,184.628
2025-09-29T12:00:00+00:00,112052.00,112052.00,112006.60,112006.60,194.754
2025-09-29T12:05:00+00:00,112006.70,112021.20,111990.80,112000.00,122.416
2025-09-29T12:10:00+00:00,111999.90,112104.20,111999.90,112104.20,139.199
2025-09-29T12:15:00+00:00,112104.20,112199.00,112070.50,112192.40,257.721
2025-09-29T12:20:00+00:00,112192.40,112238.00,112162.00,112229.60,436.609
2025-09-29T12:25:00+00:00,112229.60,112337.90,112215.30,112318.60,485.294
2025-09-29T12:30:00+00:00,112318.70,112492.20,112237.30,112286.80,1063.851
2025-09-29T12:35:00+00:00,112286.90,112286.90,112083.30,112103.50,570.045
2025-09-29T12:40:00+00:00,112103.50,112118.00,111950.00,112057.00,583.864
2025-09-29T12:45:00+00:00,112057.00,112181.00,112034.90,112056.50,313.625
2025-09-29T12:50:00+00:00,112056.60,112097.70,111881.30,111983.50,448.703
2025-09-29T12:55:00+00:00,111983.50,112029.00,111909.70,111972.60,281.161
2025-09-29T13:00:00+00:00,111972.30,112025.80,111892.80,111943.90,377.983
2025-09-29T13:05:00+00:00,111943.90,112005.90,111844.30,111931.20,763.306
2025-09-29T13:10:00+00:00,111931.20,112069.40,111920.50,112058.00,304.928
2025-09-29T13:15:00+00:00,112057.90,112118.30,112057.90,112117.60,192.104
2025-09-29T13:20:00+00:00,112117.60,112266.00,112117.50,112169.80,782.642
2025-09-29T13:25:00+00:00,112169.90,112169.90,112090.30,112122.30,486.063
2025-09-29T13:30:00+00:00,112122.30,112150.60,112025.20,112079.00,361.889
2025-09-29T13:35:00+00:00,112078.90,112530.00,112051.30,112350.50,1597.690
2025-09-29T13:40:00+00:00,112350.50,113283.70,112302.00,113240.40,7345.481
2025-09-29T13:45:00+00:00,113240.30,113443.60,113141.00,113278.90,3588.306
2025-09-29T13:50:00+00:00,113278.80,113343.30,113011.80,113153.60,1800.866
2025-09-29T13:55:00+00:00,113153.70,113288.00,113029.30,113168.20,1410.245
2025-09-29T14:00:00+00:00,113168.10,113384.80,113136.80,113362.70,1066.295
2025-09-29T14:05:00+00:00,113362.70,113472.20,113260.80,113464.40,997.552
2025-09-29T14:10:00+00:00,113464.40,113775.50,113430.70,113750.00,2959.166
2025-09-29T14:15:00+00:00,113750.00,113881.60,113498.90,113591.60,2217.085
2025-09-29T14:20:00+00:00,113591.60,113846.10,113578.50,113815.00,1431.153
2025-09-29T14:25:00+00:00,113814.90,113869.80,113655.50,113677.10,1135.952
2025-09-29T14:30:00+00:00,113677.10,113796.30,113628.90,113721.00,1508.110
2025-09-29T14:35:00+00:00,113720.90,113864.00,113632.50,113853.40,654.421
2025-09-29T14:40:00+00:00,113853.30,114149.00,113850.00,114012.50,2812.685
2025-09-29T14:45:00+00:00,114012.60,114145.00,113983.60,114100.00,903.866
2025-09-29T14:50:00+00:00,114100.00,114188.00,114025.10,114046.40,1079.306
2025-09-29T14:55:00+00:00,114046.30,114145.00,113948.80,113956.70,941.604
2025-09-29T15:00:00+00:00,113956.80,114060.00,113952.70,114025.00,930.082
2025-09-29T15:05:00+00:00,114025.00,114041.90,113881.10,113903.30,780.484
2025-09-29T15:10:00+00:00,113903.40,113951.70,113817.10,113878.00,1054.769
2025-09-29T15:15:00+00:00,113877.90,113950.00,113859.90,113936.20,642.423
2025-09-29T15:20:00+00:00,113936.30,113949.90,113772.00,113799.90,425.903
2025-09-29T15:25:00+00:00,113799.90,113839.00,113695.00,113735.20,710.658
2025-09-29T15:30:00+00:00,113735.70,113855.00,113735.70,113839.10,440.994
2025-09-29T15:35:00+00:00,113839.10,113948.50,113816.90,113873.70,604.595
2025-09-29T15:40:00+00:00,113873.70,113902.60,113807.60,113892.40,170.473
2025-09-29T15:45:00+00:00,113892.40,113898.00,113733.30,113733.40,268.479
2025-09-29T15:50:00+00:00,113733.40,113748.70,113624.90,113719.20,545.379
2025-09-29T15:55:00+00:00,113719.30,113787.30,113713.90,113752.00,359.432
2025-09-29T16:00:00+00:00,113752.00,113831.70,113752.00,113821.10,499.888
2025-09-29T16:05:00+00:00,113821.10,113871.20,113719.00,113847.70,385.741
2025-09-29T16:10:00+00:00,113847.70,113982.90,113847.70,113916.10,384.769
2025-09-29T16:15:00+00:00,113916.00,113968.00,113773.20,113822.40,343.140
2025-09-29T16:20:00+00:00,113822.50,113856.20,113746.50,113818.40,231.758
2025-09-29T16:25:00+00:00,113818.50,113861.60,113801.90,113804.90,189.000
2025-09-29T16:30:00+00:00,113804.90,113974.50,113804.80,113974.30,307.264
2025-09-29T16:35:00+00:00,113974.30,114011.40,113879.20,113920.10,388.816
2025-09-29T16:40:00+00:00,113920.10,113935.10,113716.00,113719.20,352.757
2025-09-29T16:45:00+00:00,113719.10,113839.90,113719.10,113786.90,232.928
2025-09-29T16:50:00+00:00,113787.00,113800.00,113681.10,113681.20,232.057
2025-09-29T16:55:00+00:00,113681.20,113688.30,113547.00,113580.20,601.791
2025-09-29T17:00:00+00:00,113580.20,113655.10,113404.50,113514.80,1136.854
2025-09-29T17:05:00+00:00,113514.80,113737.70,113514.80,113737.70,517.504
2025-09-29T17:10:00+00:00,113737.70,113846.20,113727.50,113736.30,430.764
2025-09-29T17:15:00+00:00,113736.30,113743.70,113548.60,113677.30,367.135
2025-09-29T17:20:00+00:00,113677.30,113847.40,113600.10,113822.30,358.200
2025-09-29T17:25:00+00:00,113822.30,113846.20,113770.10,113837.10,290.860
2025-09-29T17:30:00+00:00,113837.10,113847.40,113750.80,113756.50,181.710
2025-09-29T17:35:00+00:00,113756.40,113870.60,113732.50,113870.60,194.457
2025-09-29T17:40:00+00:00,113870.60,113921.40,113865.90,113882.20,257.677
2025-09-29T17:45:00+00:00,113882.20,113907.50,113873.40,113907.50,120.329
2025-09-29T17:50:00+00:00,113907.50,114137.80,113907.50,114076.40,1520.109
2025-09-29T17:55:00+00:00,114076.40,114076.50,113957.70,114000.00,618.334
2025-09-29T18:00:00+00:00,114000.10,114067.20,113984.10,114055.50,271.096
2025-09-29T18:05:00+00:00,114055.50,114094.20,113860.00,113898.20,333.741
2025-09-29T18:10:00+00:00,113898.30,114045.50,113898.20,113983.70,247.077
2025-09-29T18:15:00+00:00,113983.70,114004.60,113882.80,113904.00,256.067
2025-09-29T18:20:00+00:00,113904.00,113919.30,113812.30,113814.90,273.125
2025-09-29T18:25:00+00:00,113814.90,113924.10,113812.30,113921.70,223.075
2025-09-29T18:30:00+00:00,113921.80,113981.10,113877.50,113950.60,245.255
2025-09-29T18:35:00+00:00,113950.50,113950.60,113847.80,113910.20,120.194
2025-09-29T18:40:00+00:00,113910.20,113950.00,113897.00,113949.90,136.818
2025-09-29T18:45:00+00:00,113950.00,113995.90,113949.90,113995.80,169.285
2025-09-29T18:50:00+00:00,113995.80,113999.90,113964.40,113994.90,120.248
2025-09-29T18:55:00+00:00,113994.90,114016.90,113953.70,113959.90,149.946
2025-09-29T19:00:00+00:00,113959.90,114023.10,113928.70,114022.60,167.840
2025-09-29T19:05:00+00:00,114022.60,114041.30,113887.00,113942.30,270.810
2025-09-29T19:10:00+00:00,113942.40,114012.80,113887.00,113961.40,174.114
2025-09-29T19:15:00+00:00,113961.40,113980.90,113790.50,113950.50,306.023
2025-09-29T19:20:00+00:00,113950.50,113967.20,113895.00,113945.00,113.231
2025-09-29T19:25:00+00:00,113945.00,113958.30,113914.30,113934.10,69.003
2025-09-29T19:30:00+00:00,113934.10,113943.20,113847.90,113885.10,230.422
2025-09-29T19:35:00+00:00,113885.00,113937.30,113826.80,113928.50,306.226
2025-09-29T19:40:00+00:00,113928.50,114097.30,113928.40,114097.20,275.274
2025-09-29T19:45:00+00:00,114097.30,114300.00,114085.00,114259.90,1269.420
2025-09-29T19:50:00+00:00,114260.00,114349.70,114141.70,114228.10,1026.490
2025-09-29T19:55:00+00:00,114228.20,114291.70,114103.80,114204.80,621.033
2025-09-29T20:00:00+00:00,114204.90,114204.90,114057.50,114154.10,428.121
2025-09-29T20:05:00+00:00,114154.20,114340.40,114133.30,114281.30,605.754
2025-09-29T20:10:00+00:00,114281.40,114353.00,114261.70,114310.50,563.796
2025-09-29T20:15:00+00:00,114310.60,114316.10,114175.70,114181.20,574.877
2025-09-29T20:20:00+00:00,114181.20,114266.60,114159.00,114263.20,420.654
2025-09-29T20:25:00+00:00,114263.20,114282.70,114209.60,114233.40,279.548
2025-09-29T20:30:00+00:00,114233.40,114343.80,114204.50,114343.70,293.140
2025-09-29T20:35:00+00:00,114343.80,114377.20,114244.90,114244.90,375.136
2025-09-29T20:40:00+00:00,114245.00,114359.70,114234.50,114344.70,365.498
2025-09-29T20:45:00+00:00,114344.80,114344.80,114208.60,114280.80,304.595
2025-09-29T20:50:00+00:00,114280.80,114295.50,114236.10,114242.60,266.086
2025-09-29T20:55:00+00:00,114242.60,114257.00,114159.80,114190.30,401.321
2025-09-29T21:00:00+00:00,114190.30,114240.30,114174.40,114216.40,407.624
2025-09-29T21:05:00+00:00,114216.40,114279.20,114203.30,114253.40,228.249
2025-09-29T21:10:00+00:00,114253.40,114264.50,114133.20,114133.30,112.886
2025-09-29T21:15:00+00:00,114133.20,114163.70,114105.80,114126.10,146.546
2025-09-29T21:20:00+00:00,114126.10,114146.30,114121.30,114135.70,116.839
2025-09-29T21:25:00+00:00,114135.60,114135.70,114080.40,114100.00,96.705
2025-09-29T21:30:00+00:00,114099.90,114100.00,114057.70,114058.20,137.923
2025-09-29T21:35:00+00:00,114058.10,114100.50,114033.90,114100.40,200.014
2025-09-29T21:40:00+00:00,114100.40,114135.00,114069.10,114135.00,158.014
2025-09-29T21:45:00+00:00,114134.90,114213.20,114134.90,114213.20,96.867
2025-09-29T21:50:00+00:00,114213.20,114213.20,114111.40,114126.30,144.505
2025-09-29T21:55:00+00:00,114126.20,114169.00,114120.80,114120.90,86.835
2025-09-29T22:00:00+00:00,114120.80,114166.10,114087.70,114105.20,192.159
2025-09-29T22:05:00+00:00,114105.10,114105.20,114062.40,114078.50,175.592
2025-09-29T22:10:00+00:00,114078.60,114078.60,114057.00,114064.40,107.837
2025-09-29T22:15:00+00:00,114064.40,114064.50,114006.00,114021.90,234.147
2025-09-29T22:20:00+00:00,114022.00,114046.50,114011.20,114033.10,119.508
2025-09-29T22:25:00+00:00,114033.10,114040.50,113977.10,114017.90,336.441
2025-09-29T22:30:00+00:00,114018.00,114059.80,114017.90,114030.00,118.631
2025-09-29T22:35:00+00:00,114030.00,114030.10,113965.00,113965.00,108.566
2025-09-29T22:40:00+00:00,113965.00,113988.00,113960.60,113979.40,141.463
2025-09-29T22:45:00+00:00,113979.40,114081.40,113979.40,114068.20,302.153
2025-09-29T22:50:00+00:00,114068.30,114096.60,114046.40,114096.50,265.970
2025-09-29T22:55:00+00:00,114096.50,114149.40,114096.50,114125.90,93.946
2025-09-29T23:00:00+00:00,114125.90,114296.40,114125.90,114279.00,264.922
2025-09-29T23:05:00+00:00,114279.00,114279.00,114177.70,114249.90,455.239
2025-09-29T23:10:00+00:00,114249.90,114266.60,114150.40,114178.40,328.161
2025-09-29T23:15:00+00:00,114178.50,114266.50,114142.10,114266.40,261.995
2025-09-29T23:20:00+00:00,114266.40,114319.50,114185.20,114248.80,448.905
2025-09-29T23:25:00+00:00,114248.90,114286.70,114245.20,114245.30,229.152
2025-09-29T23:30:00+00:00,114245.30,114260.00,114215.50,114238.40,174.261
2025-09-29T23:35:00+00:00,114238.40,114238.50,114180.10,114185.60,79.527
2025-09-29T23:40:00+00:00,114185.70,114185.70,114164.30,114174.70,73.676
2025-09-29T23:45:00+00:00,114174.70,114258.60,114174.60,114258.60,76.320
2025-09-29T23:50:00+00:00,114258.60,114258.60,114202.70,114208.40,168.138
2025-09-29T23:55:00+00:00,114208.50,114359.10,114208.40,114257.10,857.312
2025-09-30T00:00:00+00:00,114257.10,114257.10,114148.60,114207.50,640.429
2025-09-30T00:05:00+00:00,114207.40,114319.60,114207.40,114319.60,265.957
2025-09-30T00:10:00+00:00,114319.50,114395.10,114243.40,114243.40,493.060
2025-09-30T00:15:00+00:00,114243.20,114243.20,114037.40,114054.40,406.932
2025-09-30T00:20:00+00:00,114054.50,114057.30,113990.20,114022.10,307.604
2025-09-30T00:25:00+00:00,114022.10,114140.40,113985.10,114117.70,277.921
2025-09-30T00:30:00+00:00,114117.70,114205.70,114076.00,114204.30,203.305
2025-09-30T00:35:00+00:00,114204.30,114317.90,114204.20,114310.90,216.675
2025-09-30T00:40:00+00:00,114310.80,114381.30,114295.40,114331.00,356.715
2025-09-30T00:45:00+00:00,114331.10,114463.30,114254.40,114458.30,473.361
2025-09-30T00:50:00+00:00,114458.20,114800.00,114296.60,114600.00,3072.595
2025-09-30T00:55:00+00:00,114600.00,114600.10,114436.50,114465.80,308.845
2025-09-30T01:00:00+00:00,114465.80,114465.90,114275.30,114362.50,404.974
2025-09-30T01:05:00+00:00,114362.50,114552.40,114291.00,114509.20,342.294
2025-09-30T01:10:00+00:00,114509.20,114720.40,114450.00,114714.70,665.211
2025-09-30T01:15:00+00:00,114714.70,114756.20,114394.00,114548.90,891.780
2025-09-30T01:20:00+00:00,114549.00,114723.50,114549.00,114680.70,587.102
2025-09-30T01:25:00+00:00,114680.60,114700.00,114571.30,114576.00,313.763
2025-09-30T01:30:00+00:00,114576.00,114576.10,114403.00,114438.20,377.332
2025-09-30T01:35:00+00:00,114438.30,114552.50,114400.00,114543.10,292.620
2025-09-30T01:40:00+00:00,114543.00,114543.20,114342.50,114401.10,323.268
2025-09-30T01:45:00+00:00,114401.20,114401.20,114298.70,114371.00,315.859
2025-09-30T01:50:00+00:00,114371.00,114400.00,114210.00,114254.70,377.249
2025-09-30T01:55:00+00:00,114254.70,114461.50,114238.40,114455.00,281.371
2025-09-30T02:00:00+00:00,114455.00,114542.40,114408.70,114525.20,254.915
2025-09-30T02:05:00+00:00,114525.20,114525.30,114420.10,114451.00,215.032
2025-09-30T02:10:00+00:00,114451.00,114451.10,114307.70,114359.20,360.862
2025-09-30T02:15:00+00:00,114359.10,114476.70,114307.60,114359.80,322.089
2025-09-30T02:20:00+00:00,114359.90,114463.00,114359.80,114413.20,385.200
2025-09-30T02:25:00+00:00,114413.30,114490.00,114379.50,114425.20,273.819
2025-09-30T02:30:00+00:00,114425.10,114450.00,114404.90,114415.30,128.284
2025-09-30T02:35:00+00:00,114415.30,114432.00,114402.80,114430.60,109.739
2025-09-30T02:40:00+00:00,114430.60,114530.00,114383.20,114421.60,315.614
2025-09-30T02:45:00+00:00,114421.60,114538.00,114421.60,114441.80,362.999
2025-09-30T02:50:00+00:00,114441.80,114491.30,114336.10,114360.30,479.119
2025-09-30T02:55:00+00:00,114360.40,114405.60,114319.20,114405.50,293.932
2025-09-30T03:00:00+00:00,114405.60,114473.70,114330.80,114427.40,253.996
2025-09-30T03:05:00+00:00,114427.40,114435.50,114367.90,114367.90,145.177
2025-09-30T03:10:00+00:00,114367.90,114367.90,114290.00,114336.00,368.535
2025-09-30T03:15:00+00:00,114336.00,114376.70,114290.00,114346.60,440.337
2025-09-30T03:20:00+00:00,114346.70,114346.70,114260.70,114263.60,150.917
2025-09-30T03:25:00+00:00,114263.70,114284.20,114252.50,114284.10,90.707
2025-09-30T03:30:00+00:00,114284.10,114284.20,114246.60,114278.70,121.421
2025-09-30T03:35:00+00:00,114278.80,114319.10,114274.40,114290.00,86.642
2025-09-30T03:40:00+00:00,114290.00,114380.70,114275.20,114380.60,275.437
2025-09-30T03:45:00+00:00,114380.70,114403.20,114283.40,114334.90,349.963
2025-09-30T03:50:00+00:00,114335.00,114355.80,114284.20,114284.20,137.409
2025-09-30T03:55:00+00:00,114284.30,114326.20,114284.20,114321.50,100.841
2025-09-30T04:00:00+00:00,114321.50,114321.50,114280.30,114301.10,105.848
2025-09-30T04:05:00+00:00,114301.20,114301.20,114254.70,114255.30,110.354
2025-09-30T04:10:00+00:00,114255.20,114270.90,114250.00,114270.80,127.403
2025-09-30T04:15:00+00:00,114270.80,114286.40,114228.50,114228.50,252.102
2025-09-30T04:20:00+00:00,114228.50,114286.70,114222.00,114222.00,230.500
2025-09-30T04:25:00+00:00,114222.10,114222.10,114140.00,114140.10,149.879
2025-09-30T04:30:00+00:00,114140.10,114231.40,114085.30,114185.80,387.194
2025-09-30T04:35:00+00:00,114185.80,114185.80,114128.80,114154.40,207.024
2025-09-30T04:40:00+00:00,114154.40,114171.60,114119.60,114161.70,187.799
2025-09-30T04:45:00+00:00,114161.60,114171.10,114102.00,114108.60,213.310
2025-09-30T04:50:00+00:00,114108.60,114126.90,114054.00,114081.30,259.746
2025-09-30T04:55:00+00:00,114081.20,114132.20,114037.10,114037.20,209.938
2025-09-30T05:00:00+00:00,114037.10,114137.20,114000.00,114060.10,588.198
2025-09-30T05:05:00+00:00,114060.00,114159.10,114060.00,114159.10,180.657
2025-09-30T05:10:00+00:00,114159.10,114159.10,114024.10,114075.10,217.477
2025-09-30T05:15:00+00:00,114075.00,114084.50,113980.60,114010.60,578.789
2025-09-30T05:20:00+00:00,114010.70,114024.90,113920.00,113947.80,1179.124
2025-09-30T05:25:00+00:00,113947.70,113947.70,113867.00,113898.20,1016.895
2025-09-30T05:30:00+00:00,113898.20,113920.00,113844.70,113896.80,487.875
2025-09-30T05:35:00+00:00,113896.70,113928.50,113891.10,113917.70,161.338
2025-09-30T05:40:00+00:00,113917.80,113968.10,113894.60,113935.10,364.542
2025-09-30T05:45:00+00:00,113935.00,113935.10,113828.00,113905.60,309.631
2025-09-30T05:50:00+00:00,113905.60,113944.70,113842.40,113845.50,273.531
2025-09-30T05:55:00+00:00,113845.40,113907.70,113777.80,113856.90,449.149
2025-09-30T06:00:00+00:00,113856.90,113908.50,113779.00,113781.50,216.449
2025-09-30T06:05:00+00:00,113781.50,113852.40,113781.50,113821.70,170.617
2025-09-30T06:10:00+00:00,113821.80,113960.00,113818.40,113907.70,342.991
2025-09-30T06:15:00+00:00,113907.80,113943.90,113859.00,113859.10,157.523
2025-09-30T06:20:00+00:00,113859.00,113862.50,113800.00,113820.30,200.849
2025-09-30T06:25:00+00:00,113820.40,113916.30,113820.30,113869.60,267.676
2025-09-30T06:30:00+00:00,113869.50,113962.30,113861.10,113960.30,175.502
2025-09-30T06:35:00+00:00,113960.40,114040.90,113960.00,113978.50,288.379
2025-09-30T06:40:00+00:00,113978.50,113983.80,113950.00,113957.80,108.380
2025-09-30T06:45:00+00:00,113957.90,113957.90,113902.20,113909.80,91.568
2025-09-30T06:50:00+00:00,113909.80,113929.90,113900.00,113913.70,113.328
2025-09-30T06:55:00+00:00,113913.60,113916.60,113800.00,113840.20,162.869
2025-09-30T07:00:00+00:00,113840.20,113840.30,113793.00,113810.40,252.231
2025-09-30T07:05:00+00:00,113810.40,113864.00,113810.30,113835.50,142.321
2025-09-30T07:10:00+00:00,113835.40,113909.40,113817.20,113870.10,305.579
2025-09-30T07:15:00+00:00,113870.00,113870.10,113845.40,113845.50,65.047
2025-09-30T07:20:00+00:00,113845.40,113886.60,113825.10,113865.70,201.452
2025-09-30T07:25:00+00:00,113865.70,113948.70,113865.60,113907.90,146.548
2025-09-30T07:30:00+00:00,113907.90,113908.00,113758.70,113767.00,284.751
2025-09-30T07:35:00+00:00,113766.90,113781.60,113599.80,113605.70,575.017
2025-09-30T07:40:00+00:00,113605.70,113663.70,113540.00,113580.40,674.405
2025-09-30T07:45:00+00:00,113580.50,113722.50,113531.70,113602.40,825.176
2025-09-30T07:50:00+00:00,113602.50,113755.00,113596.00,113676.50,724.892
2025-09-30T07:55:00+00:00,113676.60,113736.70,113617.70,113662.40,521.514
2025-09-30T08:00:00+00:00,113662.30,113695.50,113600.00,113625.00,298.066
2025-09-30T08:05:00+00:00,113625.00,113639.80,113573.70,113639.80,391.287
2025-09-30T08:10:00+00:00,113639.80,113700.00,113600.00,113650.10,213.123
2025-09-30T08:15:00+00:00,113650.10,113671.50,113576.20,113576.30,209.090
2025-09-30T08:20:00+00:00,113576.20,113581.50,113473.40,113484.70,727.529
2025-09-30T08:25:00+00:00,113484.80,113568.60,113484.70,113538.30,286.940
2025-09-30T08:30:00+00:00,113538.40,113538.40,113288.00,113446.30,1005.744
2025-09-30T08:35:00+00:00,113446.30,113569.90,113373.20,113406.70,644.458
2025-09-30T08:40:00+00:00,113406.70,113476.40,113389.20,113413.40,378.131
2025-09-30T08:45:00+00:00,113413.50,113487.10,113370.50,113466.00,319.636
2025-09-30T08:50:00+00:00,113466.00,113532.10,113400.80,113400.80,282.401
2025-09-30T08:55:00+00:00,113400.90,113494.80,113380.70,113409.20,407.621
2025-09-30T09:00:00+00:00,113409.10,113416.60,113250.00,113310.20,787.128
2025-09-30T09:05:00+00:00,113310.10,113330.10,113236.30,113254.40,404.925
2025-09-30T09:10:00+00:00,113254.50,113254.50,113177.50,113182.70,549.202
2025-09-30T09:15:00+00:00,113182.60,113256.30,113174.00,113229.50,439.640
2025-09-30T09:20:00+00:00,113229.60,113290.10,113219.90,113243.40,282.204
2025-09-30T09:25:00+00:00,113243.40,113243.40,113189.00,113216.50,186.114
2025-09-30T09:30:00+00:00,113216.50,113300.10,113174.00,113174.00,457.767
2025-09-30T09:35:00+00:00,113174.10,113174.10,112925.30,112980.00,1221.027
2025-09-30T09:40:00+00:00,112980.10,113049.00,112888.00,112945.10,923.646
2025-09-30T09:45:00+00:00,112945.00,112945.10,112769.20,112852.20,942.622
2025-09-30T09:50:00+00:00,112852.30,112876.40,112777.70,112783.30,407.672
2025-09-30T09:55:00+00:00,112783.40,112863.30,112701.80,112743.10,584.315
2025-09-30T10:00:00+00:00,112743.10,112840.20,112615.30,112800.10,1097.015
2025-09-30T10:05:00+00:00,112800.00,112998.00,112794.70,112940.00,788.767
2025-09-30T10:10:00+00:00,112940.10,112940.10,112815.10,112815.10,488.961
2025-09-30T10:15:00+00:00,112815.20,112905.40,112752.80,112896.20,634.461
2025-09-30T10:20:00+00:00,112896.20,112896.20,112685.10,112721.00,451.084
2025-09-30T10:25:00+00:00,112721.00,112849.30,112688.30,112794.40,461.682
2025-09-30T10:30:00+00:00,112794.40,112847.00,112738.40,112801.30,270.180
2025-09-30T10:35:00+00:00,112801.30,112831.30,112783.30,112817.90,259.157
2025-09-30T10:40:00+00:00,112817.80,112905.50,112785.90,112853.70,326.046
2025-09-30T10:45:00+00:00,112853.80,112966.40,112853.70,112934.90,415.902
2025-09-30T10:50:00+00:00,112934.90,113049.80,112880.00,113006.20,534.928
2025-09-30T10:55:00+00:00,113006.20,113006.30,112863.60,112876.50,318.868
2025-09-30T11:00:00+00:00,112876.50,112966.00,112873.00,112873.00,307.063
2025-09-30T11:05:00+00:00,112873.10,112921.00,112837.50,112837.60,233.442
2025-09-30T11:10:00+00:00,112837.50,112846.80,112811.00,112835.70,213.107
2025-09-30T11:15:00+00:00,112835.80,112842.90,112756.20,112779.80,341.831
2025-09-30T11:20:00+00:00,112779.80,112885.20,112750.10,112771.60,258.457
2025-09-30T11:25:00+00:00,112771.60,112881.00,112771.50,112871.70,172.114
2025-09-30T11:30:00+00:00,112871.60,112957.70,112835.00,112869.30,334.457
2025-09-30T11:35:00+00:00,112869.40,112952.30,112869.40,112952.30,222.736
2025-09-30T11:40:00+00:00,112952.20,113020.00,112952.20,112967.00,429.205
2025-09-30T11:45:00+00:00,112967.00,113075.10,112939.10,113048.80,442.301
2025-09-30T11:50:00+00:00,113048.90,113091.50,113000.00,113000.00,487.540
2025-09-30T11:55:00+00:00,113000.00,113069.50,113000.00,113003.70,226.387
2025-09-30T12:00:00+00:00,113003.70,113012.00,112930.20,112954.10,306.471
2025-09-30T12:05:00+00:00,112954.20,113066.50,112933.10,113020.10,227.989
2025-09-30T12:10:00+00:00,113020.10,113021.30,112960.20,112962.70,174.257
2025-09-30T12:15:00+00:00,112962.80,113030.60,112960.20,113005.00,181.828
2025-09-30T12:20:00+00:00,113005.00,113044.20,112970.00,112970.00,202.867
2025-09-30T12:25:00+00:00,112970.00,113043.60,112970.00,113024.20,268.693
2025-09-30T12:30:00+00:00,113024.20,113118.90,113009.20,113086.50,383.578
2025-09-30T12:35:00+00:00,113086.50,113195.00,113053.30,113195.00,338.477
2025-09-30T12:40:00+00:00,113194.90,113202.50,113139.10,113191.60,571.388
2025-09-30T12:45:00+00:00,113191.60,113191.60,113130.60,113130.70,315.471
2025-09-30T12:50:00+00:00,113130.60,113143.60,113055.80,113068.30,309.652
2025-09-30T12:55:00+00:00,113068.30,113077.90,112933.60,112950.00,845.653
2025-09-30T13:00:00+00:00,112950.00,112954.50,112845.30,112845.40,630.753
2025-09-30T13:05:00+00:00,112845.40,112946.70,112800.10,112944.30,412.316
2025-09-30T13:10:00+00:00,112944.30,113066.00,112941.70,112988.60,468.174
2025-09-30T13:15:00+00:00,112988.70,113100.00,112965.30,113100.00,277.536
2025-09-30T13:20:00+00:00,113100.00,113300.00,113099.90,113149.50,1028.935
2025-09-30T13:25:00+00:00,113149.50,113263.80,113141.80,113263.80,303.949
2025-09-30T13:30:00+00:00,113263.80,113268.20,113059.00,113258.50,745.855
2025-09-30T13:35:00+00:00,113258.50,113400.00,113090.20,113355.50,1584.896
2025-09-30T13:40:00+00:00,113355.60,113485.00,113231.70,113466.90,884.342
2025-09-30T13:45:00+00:00,113466.90,113623.80,113374.90,113392.80,1479.084
2025-09-30T13:50:00+00:00,113392.80,113392.80,113056.60,113175.30,959.694
2025-09-30T13:55:00+00:00,113175.20,113361.50,113126.90,113338.70,538.925
2025-09-30T14:00:00+00:00,113338.70,113447.50,113100.00,113100.90,796.934
2025-09-30T14:05:00+00:00,113100.90,113100.90,112828.50,113016.20,1320.035
2025-09-30T14:10:00+00:00,113016.20,113150.00,112881.60,113070.00,607.477
2025-09-30T14:15:00+00:00,113070.10,113249.10,113047.40,113135.00,342.637
2025-09-30T14:20:00+00:00,113134.90,113255.70,113032.30,113056.90,386.677
2025-09-30T14:25:00+00:00,113056.90,113056.90,112923.00,113044.80,467.164
2025-09-30T14:30:00+00:00,113044.80,113177.50,113000.80,113065.40,350.433
2025-09-30T14:35:00+00:00,113065.50,113225.50,112978.90,113055.40,406.621
2025-09-30T14:40:00+00:00,113055.50,113199.90,113007.60,113161.50,256.197
2025-09-30T14:45:00+00:00,113161.50,113444.30,113113.00,113444.30,540.006
2025-09-30T14:50:00+00:00,113444.40,113523.10,113318.60,113419.30,627.415
2025-09-30T14:55:00+00:00,113419.40,113582.80,113409.90,113539.50,931.643
2025-09-30T15:00:00+00:00,113539.60,113543.20,113319.00,113399.90,619.001
2025-09-30T15:05:00+00:00,113399.90,113438.30,113245.20,113316.40,357.194
2025-09-30T15:10:00+00:00,113316.50,113338.80,113024.70,113162.90,618.762
2025-09-30T15:15:00+00:00,113162.80,113213.00,113025.00,113061.40,419.109
2025-09-30T15:20:00+00:00,113061.40,113092.80,112959.00,113084.00,571.258
2025-09-30T15:25:00+00:00,113084.00,113107.10,112856.00,112996.10,646.557
2025-09-30T15:30:00+00:00,112996.00,113197.10,112978.30,113192.20,374.756
2025-09-30T15:35:00+00:00,113192.30,113209.80,112969.90,112977.90,387.571
2025-09-30T15:40:00+00:00,112978.00,113112.40,112936.70,113008.90,262.739
2025-09-30T15:45:00+00:00,113008.80,113060.00,112926.60,113059.90,264.328
2025-09-30T15:50:00+00:00,113060.00,113160.00,113050.00,113060.30,239.543
2025-09-30T15:55:00+00:00,113060.30,113124.40,113000.00,113055.40,232.096
2025-09-30T16:00:00+00:00,113055.40,113117.60,113000.00,113060.70,257.045
2025-09-30T16:05:00+00:00,113060.80,113136.00,113017.90,113081.90,341.337
2025-09-30T16:10:00+00:00,113081.90,113082.00,112941.00,113025.80,236.946
2025-09-30T16:15:00+00:00,113025.90,113090.00,112967.40,113074.90,246.535
2025-09-30T16:20:00+00:00,113074.90,113242.60,112981.90,113129.00,445.199
2025-09-30T16:25:00+00:00,113129.00,113148.10,112986.00,113015.10,438.364
2025-09-30T16:30:00+00:00,113015.10,113046.30,112900.00,112900.00,277.221
2025-09-30T16:35:00+00:00,112900.10,112953.90,112872.20,112902.90,349.968
2025-09-30T16:40:00+00:00,112902.90,112902.90,112745.90,112878.50,604.446
2025-09-30T16:45:00+00:00,112878.50,112911.20,112759.70,112825.70,405.839
2025-09-30T16:50:00+00:00,112825.70,112860.40,112750.00,112766.50,233.237
2025-09-30T16:55:00+00:00,112766.50,112832.30,112743.60,112798.60,321.997
2025-09-30T17:00:00+00:00,112798.60,112956.70,112763.20,112939.70,439.085
2025-09-30T17:05:00+00:00,112939.70,113125.00,112939.70,113033.10,483.891
2025-09-30T17:10:00+00:00,113033.10,113100.00,112984.00,113099.90,466.321
2025-09-30T17:15:00+00:00,113099.90,113185.70,113088.20,113184.60,427.128
2025-09-30T17:20:00+00:00,113184.60,113280.00,113103.40,113200.60,377.769
2025-09-30T17:25:00+00:00,113201.00,113254.50,113111.40,113203.40,290.967
2025-09-30T17:30:00+00:00,113203.50,113241.00,113111.00,113202.40,263.398
2025-09-30T17:35:00+00:00,113202.20,113399.30,113184.30,113354.60,551.795
2025-09-30T17:40:00+00:00,113354.50,113470.00,113222.30,113243.20,649.088
2025-09-30T17:45:00+00:00,113242.80,113256.10,113173.30,113226.40,383.124
2025-09-30T17:50:00+00:00,113226.50,113348.10,113226.50,113292.00,290.868
2025-09-30T17:55:00+00:00,113291.90,113313.00,113184.50,113198.80,213.480
2025-09-30T18:00:00+00:00,113198.80,113227.00,113126.70,113167.30,260.901
2025-09-30T18:05:00+00:00,113167.30,113300.00,113167.30,113300.00,247.977
2025-09-30T18:10:00+00:00,113300.00,113476.00,113299.90,113471.40,366.507
2025-09-30T18:15:00+00:00,113471.50,113496.20,113363.00,113400.10,271.322
2025-09-30T18:20:00+00:00,113400.10,113433.00,113301.00,113426.10,217.619
2025-09-30T18:25:00+00:00,113426.20,113444.00,113388.00,113419.30,122.906
2025-09-30T18:30:00+00:00,113419.30,113449.80,113287.70,113339.50,147.223
2025-09-30T18:35:00+00:00,113339.50,113402.90,113325.30,113391.40,109.707
2025-09-30T18:40:00+00:00,113391.40,113442.70,113335.70,113416.50,123.414
2025-09-30T18:45:00+00:00,113416.50,113485.50,113416.40,113485.40,103.437
2025-09-30T18:50:00+00:00,113485.40,113635.80,113469.90,113580.20,813.292
2025-09-30T18:55:00+00:00,113580.10,113658.00,113557.30,113658.00,268.139
2025-09-30T19:00:00+00:00,113658.00,113877.60,113650.00,113837.10,1220.637
2025-09-30T19:05:00+00:00,113837.10,113837.20,113658.00,113761.10,658.850
2025-09-30T19:10:00+00:00,113761.20,113822.50,113733.10,113822.50,277.034
2025-09-30T19:15:00+00:00,113822.50,113888.00,113740.10,113777.60,1070.368
2025-09-30T19:20:00+00:00,113777.70,113932.70,113777.60,113823.40,423.519
2025-09-30T19:25:00+00:00,113823.30,113890.30,113803.00,113890.30,200.705
2025-09-30T19:30:00+00:00,113890.30,114219.70,113885.90,114075.80,1768.498
2025-09-30T19:35:00+00:00,114075.70,114189.60,114021.00,114051.90,1161.924
2025-09-30T19:40:00+00:00,114052.00,114208.00,113972.90,114144.40,351.589
2025-09-30T19:45:00+00:00,114144.40,114277.90,114136.30,114273.10,364.507
2025-09-30T19:50:00+00:00,114273.00,114511.80,114223.30,114453.90,1532.451
2025-09-30T19:55:00+00:00,114453.90,114528.20,114288.10,114309.10,788.192
2025-09-30T20:00:00+00:00,114309.10,114461.40,114182.20,114269.50,1011.711
2025-09-30T20:05:00+00:00,114269.60,114272.60,114080.20,114133.90,567.012
2025-09-30T20:10:00+00:00,114134.00,114195.00,114065.00,114105.90,278.224
2025-09-30T20:15:00+00:00,114105.90,114190.30,114100.00,114152.30,165.038
2025-09-30T20:20:00+00:00,114152.30,114438.30,114152.30,114380.20,410.303
2025-09-30T20:25:00+00:00,114380.20,114432.00,114306.60,114338.60,245.028
2025-09-30T20:30:00+00:00,114338.50,114348.80,114286.80,114292.20,119.647
2025-09-30T20:35:00+00:00,114292.20,114310.00,114274.70,114308.50,229.623
2025-09-30T20:40:00+00:00,114308.50,114308.50,114242.80,114242.90,152.137
2025-09-30T20:45:00+00:00,114242.90,114429.80,114242.80,114353.90,393.443
2025-09-30T20:50:00+00:00,114353.80,114669.90,114289.00,114650.40,775.072
2025-09-30T20:55:00+00:00,114650.30,114684.70,114517.20,114569.80,656.105
2025-09-30T21:00:00+00:00,114569.80,114720.00,114569.80,114693.40,867.777
2025-09-30T21:05:00+00:00,114693.40,114695.40,114646.00,114691.80,344.059
2025-09-30T21:10:00+00:00,114689.60,114689.60,114321.00,114323.70,635.231
2025-09-30T21:15:00+00:00,114323.60,114490.60,114323.60,114332.30,448.915
2025-09-30T21:20:00+00:00,114332.20,114437.80,114279.90,114408.50,310.859
2025-09-30T21:25:00+00:00,114408.50,114408.60,114232.30,114235.20,195.854
2025-09-30T21:30:00+00:00,114235.10,114235.20,114141.60,114156.90,402.095
2025-09-30T21:35:00+00:00,114156.90,114469.40,114156.90,114386.90,760.490
2025-09-30T21:40:00+00:00,114387.00,114387.00,114269.90,114312.90,234.571
2025-09-30T21:45:00+00:00,114312.90,114313.00,114213.20,114292.30,152.077
2025-09-30T21:50:00+00:00,114292.30,114320.80,114215.70,114316.00,135.750
2025-09-30T21:55:00+00:00,114316.10,114316.20,114071.70,114108.00,345.775
2025-09-30T22:00:00+00:00,114108.00,114310.90,114101.70,114259.80,433.476
2025-09-30T22:05:00+00:00,114259.80,114272.00,114101.20,114129.40,324.215
2025-09-30T22:10:00+00:00,114129.50,114146.70,114070.00,114080.60,232.269
2025-09-30T22:15:00+00:00,114080.50,114129.60,114061.50,114070.80,228.020
2025-09-30T22:20:00+00:00,114070.70,114086.30,113950.00,113989.90,715.350
2025-09-30T22:25:00+00:00,113989.90,113989.90,113901.20,113942.00,396.422
2025-09-30T22:30:00+00:00,113942.00,113988.60,113860.80,113876.80,384.554
2025-09-30T22:35:00+00:00,113876.70,113902.00,113840.10,113842.20,328.414
2025-09-30T22:40:00+00:00,113842.10,113872.00,113825.00,113871.90,243.139
2025-09-30T22:45:00+00:00,113872.00,113952.80,113850.80,113952.70,191.847
2025-09-30T22:50:00+00:00,113952.80,113979.60,113916.10,113971.90,221.698
2025-09-30T22:55:00+00:00,113971.90,113971.90,113856.80,113883.40,119.716
2025-09-30T23:00:00+00:00,113883.30,113889.60,113710.20,113759.20,456.233
2025-09-30T23:05:00+00:00,113759.30,113836.50,113722.00,113828.50,431.375
2025-09-30T23:10:00+00:00,113828.50,113828.60,113734.90,113783.60,183.734
2025-09-30T23:15:00+00:00,113783.70,113789.50,113710.00,113710.00,226.123
2025-09-30T23:20:00+00:00,113710.00,113959.50,113710.00,113959.40,489.940
2025-09-30T23:25:00+00:00,113959.40,113965.80,113897.20,113897.20,195.036
2025-09-30T23:30:00+00:00,113897.20,113926.40,113786.50,113786.50,153.540
2025-09-30T23:35:00+00:00,113786.60,113898.00,113786.50,113880.40,112.670
2025-09-30T23:40:00+00:00,113880.50,113924.00,113880.40,113913.60,171.389
2025-09-30T23:45:00+00:00,113913.50,113924.10,113882.30,113905.00,120.404
2025-09-30T23:50:00+00:00,113905.00,113975.90,113890.20,113975.80,131.814
2025-09-30T23:55:00+00:00,113975.80,113988.80,113967.70,113988.80,110.585
2025-10-01T00:00:00+00:00,113988.70,114166.80,113988.70,114166.80,713.415
2025-10-01T00:05:00+00:00,114166.80,114246.00,114126.30,114187.90,677.590
2025-10-01T00:10:00+00:00,114187.90,114187.90,114077.40,114098.10,240.595
2025-10-01T00:15:00+00:00,114098.00,114123.10,114041.40,114097.00,244.706
2025-10-01T00:20:00+00:00,114097.10,114122.80,113899.70,113931.10,453.366
2025-10-01T00:25:00+00:00,113931.10,113989.20,113899.40,113960.60,281.261
2025-10-01T00:30:00+00:00,113960.70,114172.10,113923.70,114160.30,243.273
2025-10-01T00:35:00+00:00,114160.40,114178.10,114019.00,114043.60,201.597
2025-10-01T00:40:00+00:00,114043.60,114043.60,113906.40,113913.20,148.654
2025-10-01T00:45:00+00:00,113913.20,113995.00,113913.20,113975.50,162.617
2025-10-01T00:50:00+00:00,113975.40,114182.40,113975.40,114176.50,212.895
2025-10-01T00:55:00+00:00,114176.60,114198.00,114128.50,114181.10,193.163
2025-10-01T01:00:00+00:00,114181.00,114194.40,114083.30,114193.50,150.103
2025-10-01T01:05:00+00:00,114193.50,114283.70,114193.40,114242.90,326.586
2025-10-01T01:10:00+00:00,114242.90,114347.10,114242.80,114283.30,375.638
2025-10-01T01:15:00+00:00,114283.30,114373.00,114168.00,114203.30,642.952
2025-10-01T01:20:00+00:00,114203.30,114254.00,114138.50,114253.90,247.505
2025-10-01T01:25:00+00:00,114253.80,114331.50,114220.40,114315.70,243.801
2025-10-01T01:30:00+00:00,114315.70,114315.70,114159.10,114166.20,149.507
2025-10-01T01:35:00+00:00,114166.20,114333.20,114159.10,114333.20,219.404
2025-10-01T01:40:00+00:00,114333.20,114440.00,114333.20,114345.40,537.214
2025-10-01T01:45:00+00:00,114345.40,114379.90,114316.30,114358.10,244.934
2025-10-01T01:50:00+00:00,114358.10,114444.00,114293.70,114443.90,199.857
2025-10-01T01:55:00+00:00,114444.00,114498.00,114443.90,114491.60,426.518
2025-10-01T02:00:00+00:00,114491.60,114494.00,114356.20,114465.50,286.949
2025-10-01T02:05:00+00:00,114465.40,114493.90,114387.30,114416.10,204.962
2025-10-01T02:10:00+00:00,114416.10,114473.70,114379.20,114418.20,152.768
2025-10-01T02:15:00+00:00,114418.20,114439.40,114354.80,114393.80,151.607
2025-10-01T02:20:00+00:00,114393.80,114409.10,114379.70,114399.30,110.063
2025-10-01T02:25:00+00:00,114399.20,114405.20,114367.50,114368.20,103.424
2025-10-01T02:30:00+00:00,114368.20,114373.60,114237.80,114369.50,229.503
2025-10-01T02:35:00+00:00,114369.50,114387.10,114343.00,114379.80,188.763
2025-10-01T02:40:00+00:00,114379.80,114379.90,114275.30,114275.30,175.753
2025-10-01T02:45:00+00:00,114275.40,114330.00,114249.30,114312.40,561.288
2025-10-01T02:50:00+00:00,114312.50,114324.00,114235.80,114295.80,235.543
2025-10-01T02:55:00+00:00,114295.80,114312.60,114218.90,114219.00,217.661
2025-10-01T03:00:00+00:00,114219.00,114226.40,114139.40,114185.50,327.307
2025-10-01T03:05:00+00:00,114185.50,114310.10,114184.10,114303.30,526.655
2025-10-01T03:10:00+00:00,114303.30,114387.80,114281.60,114387.80,314.741
2025-10-01T03:15:00+00:00,114387.80,114423.90,114354.50,114407.70,370.645
2025-10-01T03:20:00+00:00,114407.70,114455.50,114283.50,114411.90,591.161
2025-10-01T03:25:00+00:00,114412.00,114481.20,114343.20,114416.70,591.684
2025-10-01T03:30:00+00:00,114416.70,114471.50,114409.00,114460.00,413.012
2025-10-01T03:35:00+00:00,114460.10,114480.00,114375.50,114375.50,325.678
2025-10-01T03:40:00+00:00,114375.50,114375.60,114272.30,114272.40,496.960
2025-10-01T03:45:00+00:00,114272.40,114272.40,114084.40,114084.40,713.526
2025-10-01T03:50:00+00:00,114084.50,114187.70,114038.70,114117.70,722.172
2025-10-01T03:55:00+00:00,114117.60,114202.90,114111.50,114135.90,348.115
2025-10-01T04:00:00+00:00,114135.80,114327.40,114095.20,114249.90,521.325
2025-10-01T04:05:00+00:00,114249.90,114398.40,114249.90,114302.60,400.924
2025-10-01T04:10:00+00:00,114302.60,114319.80,114271.20,114284.80,136.583
2025-10-01T04:15:00+00:00,114284.80,114471.20,114284.80,114459.50,388.964
2025-10-01T04:20:00+00:00,114459.50,114475.00,114340.00,114399.90,369.581
2025-10-01T04:25:00+00:00,114400.00,114553.50,114399.90,114549.90,454.496
2025-10-01T04:30:00+00:00,114550.00,114669.00,114462.80,114462.80,970.894
2025-10-01T04:35:00+00:00,114462.80,114660.10,114450.00,114491.90,634.371
2025-10-01T04:40:00+00:00,114491.90,114561.50,114486.00,114503.30,291.720
2025-10-01T04:45:00+00:00,114503.30,114545.90,114458.20,114528.90,218.797
2025-10-01T04:50:00+00:00,114528.80,114528.90,114271.70,114288.90,648.299
2025-10-01T04:55:00+00:00,114289.00,114310.40,114184.40,114227.80,710.103
2025-10-01T05:00:00+00:00,114227.80,114305.00,114200.80,114253.80,713.288
2025-10-01T05:05:00+00:00,114253.90,114558.50,114253.80,114529.60,575.268
2025-10-01T05:10:00+00:00,114529.60,114700.00,114490.60,114552.50,918.028
2025-10-01T05:15:00+00:00,114552.50,114661.30,114527.90,114661.10,347.533
2025-10-01T05:20:00+00:00,114661.20,114661.20,114496.10,114503.50,347.995
2025-10-01T05:25:00+00:00,114503.50,114563.90,114471.70,114553.70,325.794
2025-10-01T05:30:00+00:00,114553.70,114576.60,114479.20,114573.70,237.653
2025-10-01T05:35:00+00:00,114573.70,114580.00,114510.20,114547.50,164.810
2025-10-01T05:40:00+00:00,114547.60,114568.50,114500.00,114511.90,220.163
2025-10-01T05:45:00+00:00,114512.00,114595.50,114498.90,114584.10,112.398
2025-10-01T05:50:00+00:00,114584.00,114584.20,114529.60,114559.30,109.389
2025-10-01T05:55:00+00:00,114559.20,114562.70,114453.70,114511.40,261.635
2025-10-01T06:00:00+00:00,114511.50,114528.90,114413.80,114454.90,293.459
2025-10-01T06:05:00+00:00,114454.90,114529.90,114415.10,114459.90,268.207
2025-10-01T06:10:00+00:00,114460.00,114503.90,114433.70,114503.10,129.421
2025-10-01T06:15:00+00:00,114503.10,114570.10,114413.70,114418.80,346.148
2025-10-01T06:20:00+00:00,114418.80,114418.80,114250.00,114378.10,472.624
2025-10-01T06:25:00+00:00,114378.00,114391.30,114301.00,114330.70,285.100
2025-10-01T06:30:00+00:00,114330.70,114371.50,114257.10,114320.60,270.867
2025-10-01T06:35:00+00:00,114320.70,114389.50,114306.40,114389.50,292.322
2025-10-01T06:40:00+00:00,114389.40,114491.80,114380.00,114457.30,316.017
2025-10-01T06:45:00+00:00,114457.30,114457.40,114220.00,114296.20,437.975
2025-10-01T06:50:00+00:00,114296.10,114296.20,114191.40,114191.70,365.637
2025-10-01T06:55:00+00:00,114191.80,114249.70,114170.00,114212.80,312.385
2025-10-01T07:00:00+00:00,114212.70,114352.20,114184.90,114328.00,297.743
2025-10-01T07:05:00+00:00,114328.00,114380.40,114272.30,114288.90,115.858
2025-10-01T07:10:00+00:00,114288.90,114340.90,114271.60,114312.20,87.491
2025-10-01T07:15:00+00:00,114312.10,114468.40,114306.00,114423.10,352.922
2025-10-01T07:20:00+00:00,114423.10,114446.00,114376.80,114415.10,188.116
2025-10-01T07:25:00+00:00,114415.20,114538.60,114415.10,114504.60,242.987
2025-10-01T07:30:00+00:00,114504.60,114534.30,114456.70,114492.80,191.265
2025-10-01T07:35:00+00:00,114492.80,114505.60,114386.70,114390.00,196.871
2025-10-01T07:40:00+00:00,114390.00,114493.10,114389.90,114470.40,153.926
2025-10-01T07:45:00+00:00,114470.40,114493.10,114442.70,114457.80,109.363
2025-10-01T07:50:00+00:00,114457.90,114471.50,114432.40,114467.70,168.547
2025-10-01T07:55:00+00:00,114467.80,114539.10,114457.90,114480.80,302.409
2025-10-01T08:00:00+00:00,114480.80,114500.00,114425.60,114485.80,164.525
2025-10-01T08:05:00+00:00,114485.90,114550.00,114457.40,114465.00,310.568
2025-10-01T08:10:00+00:00,114465.00,114536.40,114440.00,114534.90,341.963
2025-10-01T08:15:00+00:00,114534.80,114682.50,114500.20,114682.50,565.107
2025-10-01T08:20:00+00:00,114682.40,115000.00,114590.00,114608.90,2878.824
2025-10-01T08:25:00+00:00,114608.80,115072.10,114608.80,115034.80,2886.982
2025-10-01T08:30:00+00:00,115034.80,115279.70,115034.80,115139.50,3034.323
2025-10-01T08:35:00+00:00,115139.60,115367.30,115128.90,115311.40,2073.527
2025-10-01T08:40:00+00:00,115311.30,115666.80,115246.30,115586.30,3993.796
2025-10-01T08:45:00+00:00,115586.30,116178.00,115426.00,116149.50,5333.651
2025-10-01T08:50:00+00:00,116149.40,116599.80,115916.20,116044.70,7543.690
2025-10-01T08:55:00+00:00,116044.70,116154.90,115950.00,116060.50,1662.036
2025-10-01T09:00:00+00:00,116060.40,116160.00,115890.70,115936.70,1146.715
2025-10-01T09:05:00+00:00,115936.70,116228.00,115912.30,116180.80,1298.662
2025-10-01T09:10:00+00:00,116180.90,116332.90,116164.80,116200.00,1719.527
2025-10-01T09:15:00+00:00,116199.90,116280.00,116143.30,116199.40,592.472
2025-10-01T09:20:00+00:00,116199.40,116199.60,116075.70,116131.20,519.457
2025-10-01T09:25:00+00:00,116131.30,116231.80,116130.90,116193.80,435.066
2025-10-01T09:30:00+00:00,116193.70,116300.00,116109.60,116300.00,551.934
2025-10-01T09:35:00+00:00,116300.00,116454.00,116250.00,116437.70,1595.966
2025-10-01T09:40:00+00:00,116437.60,116500.00,116314.00,116350.60,1363.912
2025-10-01T09:45:00+00:00,116350.60,116398.30,116288.20,116376.20,571.507
2025-10-01T09:50:00+00:00,116376.20,116387.10,116318.80,116386.30,247.427
2025-10-01T09:55:00+00:00,116386.20,116423.60,116354.30,116372.40,384.609
2025-10-01T10:00:00+00:00,116372.30,116520.00,116372.30,116499.90,743.897
2025-10-01T10:05:00+00:00,116499.90,116500.00,116319.00,116361.10,427.739
2025-10-01T10:10:00+00:00,116361.10,116361.20,116214.40,116217.80,628.096
2025-10-01T10:15:00+00:00,116217.40,116365.10,116216.20,116361.10,286.458
2025-10-01T10:20:00+00:00,116361.20,116361.20,116263.10,116263.10,188.274
2025-10-01T10:25:00+00:00,116263.10,116293.20,116190.80,116190.80,355.910
2025-10-01T10:30:00+00:00,116190.30,116258.30,116154.50,116245.70,387.638
2025-10-01T10:35:00+00:00,116245.80,116299.90,116186.50,116186.50,232.494
2025-10-01T10:40:00+00:00,116186.50,116238.90,116178.70,116234.20,175.583
2025-10-01T10:45:00+00:00,116234.30,116328.30,116230.10,116258.30,322.175
2025-10-01T10:50:00+00:00,116258.30,116276.90,116180.00,116182.50,311.412
2025-10-01T10:55:00+00:00,116182.60,116253.40,116182.60,116233.60,163.318
2025-10-01T11:00:00+00:00,116233.50,116334.00,116228.10,116331.50,349.610
2025-10-01T11:05:00+00:00,116331.50,116388.00,116292.90,116296.70,305.762
2025-10-01T11:10:00+00:00,116296.80,116365.60,116296.70,116342.60,154.183
2025-10-01T11:15:00+00:00,116342.70,116375.70,116317.50,116359.90,216.155
2025-10-01T11:20:00+00:00,116359.90,116372.60,116297.00,116335.20,221.316
2025-10-01T11:25:00+00:00,116335.20,116335.20,116284.60,116284.70,216.638
2025-10-01T11:30:00+00:00,116284.70,116428.80,116238.20,116402.00,370.084
2025-10-01T11:35:00+00:00,116402.00,116450.00,116393.30,116450.00,656.287
2025-10-01T11:40:00+00:00,116449.90,116570.80,116429.90,116533.50,1146.773
2025-10-01T11:45:00+00:00,116533.50,116544.00,116456.30,116544.00,422.878
2025-10-01T11:50:00+00:00,116544.00,116664.00,116543.90,116572.40,1062.181
2025-10-01T11:55:00+00:00,116572.30,116750.00,116561.90,116736.80,1328.245
2025-10-01T12:00:00+00:00,116736.80,116838.30,116655.00,116675.10,1414.610
2025-10-01T12:05:00+00:00,116675.10,116716.40,116562.50,116610.40,519.601
2025-10-01T12:10:00+00:00,116610.30,116695.20,116574.50,116615.20,350.248
2025-10-01T12:15:00+00:00,116615.30,116799.30,116575.00,116751.60,580.613
2025-10-01T12:20:00+00:00,116751.60,116850.00,116624.70,116668.90,623.003
2025-10-01T12:25:00+00:00,116668.80,116741.70,116587.30,116587.30,384.611
2025-10-01T12:30:00+00:00,116587.30,116604.00,116500.00,116522.20,952.261
2025-10-01T12:35:00+00:00,116522.20,116522.20,116420.30,116521.40,870.449
2025-10-01T12:40:00+00:00,116521.40,116595.60,116408.50,116415.70,403.524
2025-10-01T12:45:00+00:00,116415.60,116512.00,116403.00,116433.90,337.528
2025-10-01T12:50:00+00:00,116434.00,116476.10,116311.50,116329.40,478.776
2025-10-01T12:55:00+00:00,116329.40,116388.30,116318.90,116373.70,325.761
2025-10-01T13:00:00+00:00,116373.80,116520.00,116373.70,116515.30,362.134
2025-10-01T13:05:00+00:00,116515.30,116515.30,116433.30,116457.60,202.977
2025-10-01T13:10:00+00:00,116457.60,116522.60,116445.90,116494.90,285.476
2025-10-01T13:15:00+00:00,116494.90,116584.10,116491.10,116555.10,316.929
2025-10-01T13:20:00+00:00,116555.10,116617.20,116522.70,116539.30,300.792
2025-10-01T13:25:00+00:00,116539.30,116595.30,116526.20,116595.10,164.241
2025-10-01T13:30:00+00:00,116595.10,116619.80,116438.00,116455.90,676.136
2025-10-01T13:35:00+00:00,116455.90,116700.00,116441.10,116512.60,505.475
2025-10-01T13:40:00+00:00,116512.60,116517.60,116370.40,116479.60,629.491
2025-10-01T13:45:00+00:00,116479.70,116631.70,116380.30,116430.90,495.248
2025-10-01T13:50:00+00:00,116430.90,116640.00,116393.00,116639.90,398.192
2025-10-01T13:55:00+00:00,116639.90,116802.00,116639.90,116762.50,1067.235
2025-10-01T14:00:00+00:00,116761.90,117194.70,116655.20,117176.00,3650.198
2025-10-01T14:05:00+00:00,117176.00,117231.40,116829.80,117019.00,1874.288
2025-10-01T14:10:00+00:00,117019.00,117167.00,116983.00,117131.60,1003.295
2025-10-01T14:15:00+00:00,117131.60,117400.00,117100.50,117342.50,1973.619
2025-10-01T14:20:00+00:00,117342.50,117342.50,117000.00,117100.00,1123.207
2025-10-01T14:25:00+00:00,117100.10,117186.70,117040.20,117085.00,437.918
2025-10-01T14:30:00+00:00,117085.00,117185.60,117000.00,117168.30,484.768
2025-10-01T14:35:00+00:00,117168.40,117356.70,117147.60,117348.70,669.458
2025-10-01T14:40:00+00:00,117348.60,117371.20,117223.00,117261.90,394.014
2025-10-01T14:45:00+00:00,117261.80,117276.30,117000.00,117006.20,669.646
2025-10-01T14:50:00+00:00,117006.30,117214.90,117000.00,117214.90,501.250
2025-10-01T14:55:00+00:00,117214.80,117272.00,117183.00,117245.30,341.672
2025-10-01T15:00:00+00:00,117245.40,117294.60,117230.10,117230.10,367.492
2025-10-01T15:05:00+00:00,117230.10,117230.20,117031.00,117054.20,351.424
2025-10-01T15:10:00+00:00,117054.20,117197.60,117054.10,117192.90,311.984
2025-10-01T15:15:00+00:00,117192.90,117276.00,117132.00,117274.70,306.069
2025-10-01T15:20:00+00:00,117274.60,117358.00,117229.50,117319.90,402.158
2025-10-01T15:25:00+00:00,117319.90,117647.80,117300.00,117457.30,2047.515
2025-10-01T15:30:00+00:00,117457.20,117495.50,117236.50,117394.80,783.215
2025-10-01T15:35:00+00:00,117394.90,117429.50,117367.80,117417.60,384.077
2025-10-01T15:40:00+00:00,117417.70,117451.20,117379.80,117432.00,388.001
2025-10-01T15:45:00+00:00,117432.00,117500.00,117255.00,117255.60,397.199
2025-10-01T15:50:00+00:00,117255.20,117309.80,117249.20,117271.30,290.298
2025-10-01T15:55:00+00:00,117271.10,117373.60,117260.70,117366.40,317.481
2025-10-01T16:00:00+00:00,117366.50,117441.70,117259.30,117386.10,580.621
2025-10-01T16:05:00+00:00,117386.20,117700.00,117386.10,117699.90,1875.415
2025-10-01T16:10:00+00:00,117700.00,117750.00,117630.00,117749.90,1480.138
2025-10-01T16:15:00+00:00,117749.90,117787.90,117639.80,117661.70,1424.438
2025-10-01T16:20:00+00:00,117661.80,117724.10,117639.20,117686.70,1016.485
2025-10-01T16:25:00+00:00,117686.70,117850.00,117677.20,117821.50,1490.535
2025-10-01T16:30:00+00:00,117821.40,117842.90,117748.70,117785.80,817.242
2025-10-01T16:35:00+00:00,117785.80,118190.00,117776.90,117883.60,4204.793
2025-10-01T16:40:00+00:00,117883.70,118022.40,117802.50,117830.20,1391.813
2025-10-01T16:45:00+00:00,117830.10,117929.90,117720.00,117720.10,1158.123
2025-10-01T16:50:00+00:00,117720.00,117720.10,117598.60,117640.60,1081.775
2025-10-01T16:55:00+00:00,117640.60,117650.00,117475.00,117480.10,1092.353
2025-10-01T17:00:00+00:00,117480.00,117639.90,117450.00,117625.00,770.850
2025-10-01T17:05:00+00:00,117624.40,117649.20,117340.00,117360.00,611.514
2025-10-01T17:10:00+00:00,117360.00,117458.10,117213.90,117260.00,708.988
2025-10-01T17:15:00+00:00,117259.90,117404.90,117208.90,117323.10,941.565
2025-10-01T17:20:00+00:00,117323.10,117524.30,117308.40,117513.10,504.153
2025-10-01T17:25:00+00:00,117513.00,117518.70,117335.40,117352.50,434.553
2025-10-01T17:30:00+00:00,117352.50,117453.00,117318.80,117431.90,272.078
2025-10-01T17:35:00+00:00,117431.90,117456.10,117243.30,117243.30,381.437
2025-10-01T17:40:00+00:00,117243.30,117243.30,117106.60,117114.20,673.839
2025-10-01T17:45:00+00:00,117114.10,117137.50,116935.00,116967.70,1110.528
2025-10-01T17:50:00+00:00,116967.60,116995.00,116710.80,116800.30,2247.572
2025-10-01T17:55:00+00:00,116800.30,116848.10,116687.50,116734.20,667.779
2025-10-01T18:00:00+00:00,116734.30,116843.30,116731.40,116762.40,640.233
2025-10-01T18:05:00+00:00,116762.40,116968.60,116762.30,116928.20,674.337
2025-10-01T18:10:00+00:00,116928.20,117035.80,116884.20,117012.10,545.202
2025-10-01T18:15:00+00:00,117012.20,117012.20,116851.00,116880.90,306.364
2025-10-01T18:20:00+00:00,116880.90,116880.90,116827.20,116843.60,160.572
2025-10-01T18:25:00+00:00,116843.70,117010.10,116843.60,116984.90,338.883
2025-10-01T18:30:00+00:00,116984.90,117110.60,116984.90,117087.10,540.370
2025-10-01T18:35:00+00:00,117087.00,117150.10,117065.80,117065.80,354.234
2025-10-01T18:40:00+00:00,117065.80,117094.10,117023.10,117030.00,183.766
2025-10-01T18:45:00+00:00,117030.10,117164.00,117023.20,117164.00,197.564
2025-10-01T18:50:00+00:00,117164.00,117312.70,117163.90,117231.10,891.000
2025-10-01T18:55:00+00:00,117231.20,117231.20,117142.30,117192.30,285.756
2025-10-01T19:00:00+00:00,117192.30,117282.60,117167.60,117278.20,182.831
2025-10-01T19:05:00+00:00,117278.30,117360.70,117278.20,117348.90,210.539
2025-10-01T19:10:00+00:00,117348.90,117382.40,117319.50,117350.20,275.876
2025-10-01T19:15:00+00:00,117350.20,117451.10,117347.20,117450.00,411.723
2025-10-01T19:20:00+00:00,117450.00,117458.60,117365.30,117429.30,265.130
2025-10-01T19:25:00+00:00,117429.20,117442.80,117357.50,117419.80,170.585
2025-10-01T19:30:00+00:00,117419.80,117442.80,117384.50,117410.20,208.783
2025-10-01T19:35:00+00:00,117410.10,117415.80,117268.40,117415.70,299.019
2025-10-01T19:40:00+00:00,117415.80,117572.70,117408.00,117485.80,410.114
2025-10-01T19:45:00+00:00,117485.90,117550.00,117464.20,117469.60,252.703
2025-10-01T19:50:00+00:00,117469.60,117489.00,117367.10,117378.70,423.735
2025-10-01T19:55:00+00:00,117378.70,117400.00,117234.80,117374.10,388.186
2025-10-01T20:00:00+00:00,117374.00,117374.10,117260.80,117325.20,340.123
2025-10-01T20:05:00+00:00,117325.30,117388.20,117123.60,117156.10,928.645
2025-10-01T20:10:00+00:00,117156.20,117269.10,117104.10,117152.50,491.024
2025-10-01T20:15:00+00:00,117152.50,117316.00,117152.50,117220.60,225.857
2025-10-01T20:20:00+00:00,117220.50,117262.80,117170.50,117262.70,125.061
2025-10-01T20:25:00+00:00,117262.70,117344.20,117262.70,117344.20,78.697
2025-10-01T20:30:00+00:00,117344.20,117344.20,117321.60,117330.90,85.022
2025-10-01T20:35:00+00:00,117331.00,117339.70,117270.00,117286.80,312.188
2025-10-01T20:40:00+00:00,117286.70,117316.50,117252.80,117316.50,81.183
2025-10-01T20:45:00+00:00,117316.50,117364.20,117243.00,117252.10,141.134
2025-10-01T20:50:00+00:00,117252.00,117493.60,117252.00,117484.50,229.240
2025-10-01T20:55:00+00:00,117484.40,117484.50,117406.00,117474.60,137.711
2025-10-01T21:00:00+00:00,117474.70,117524.30,117454.30,117474.50,175.384
2025-10-01T21:05:00+00:00,117474.50,117483.60,117428.10,117428.10,83.075
2025-10-01T21:10:00+00:00,117428.10,117524.30,117400.00,117524.20,162.144
2025-10-01T21:15:00+00:00,117524.30,117524.90,117474.70,117491.40,120.889
2025-10-01T21:20:00+00:00,117491.40,117491.50,117410.50,117410.50,62.104
2025-10-01T21:25:00+00:00,117410.50,117434.80,117356.50,117434.70,97.173
2025-10-01T21:30:00+00:00,117434.70,117434.80,117350.00,117350.00,90.018
2025-10-01T21:35:00+00:00,117350.00,117350.10,117276.90,117313.60,119.005
2025-10-01T21:40:00+00:00,117313.50,117314.90,117276.30,117314.90,124.784
2025-10-01T21:45:00+00:00,117314.90,117444.50,117314.80,117407.00,176.789
2025-10-01T21:50:00+00:00,117406.90,117412.30,117327.90,117386.30,107.923
2025-10-01T21:55:00+00:00,117386.30,117503.30,117386.30,117503.20,145.958
2025-10-01T22:00:00+00:00,117503.20,117719.80,117503.20,117684.60,671.248
2025-10-01T22:05:00+00:00,117684.60,118041.90,117684.50,117800.10,1657.846
2025-10-01T22:10:00+00:00,117800.10,117841.30,117756.00,117778.80,486.136
2025-10-01T22:15:00+00:00,117778.80,117864.40,117719.60,117749.90,545.716
2025-10-01T22:20:00+00:00,117749.90,117788.10,117718.00,117752.40,183.219
2025-10-01T22:25:00+00:00,117752.40,117787.50,117740.00,117756.80,108.382
2025-10-01T22:30:00+00:00,117756.80,117756.90,117723.80,117747.00,98.991
2025-10-01T22:35:00+00:00,117747.00,117747.10,117594.50,117609.70,176.568
2025-10-01T22:40:00+00:00,117609.60,117642.00,117584.00,117603.00,138.194
2025-10-01T22:45:00+00:00,117603.00,117828.00,117602.90,117791.20,350.378
2025-10-01T22:50:00+00:00,117791.20,117802.30,117734.40,117790.90,474.172
2025-10-01T22:55:00+00:00,117790.80,117800.30,117639.90,117695.80,538.772
2025-10-01T23:00:00+00:00,117695.80,117715.20,117634.90,117697.60,238.327
2025-10-01T23:05:00+00:00,117697.70,117887.70,117697.70,117799.90,606.512
2025-10-01T23:10:00+00:00,117799.90,117928.10,117777.80,117905.10,234.116
2025-10-01T23:15:00+00:00,117905.00,118457.30,117905.00,118319.50,3701.615
2025-10-01T23:20:00+00:00,118319.40,118372.00,118129.20,118301.50,1443.041
2025-10-01T23:25:00+00:00,118301.50,118353.90,118161.30,118312.10,1081.077
2025-10-01T23:30:00+00:00,118312.20,118321.00,118063.70,118063.70,529.702
2025-10-01T23:35:00+00:00,118063.70,118166.00,118020.70,118159.60,362.509
2025-10-01T23:40:00+00:00,118159.50,118320.00,118159.40,118263.60,399.856
2025-10-01T23:45:00+00:00,118263.60,118360.00,118229.90,118342.80,327.519
2025-10-01T23:50:00+00:00,118342.80,118365.60,118300.00,118350.00,294.419
2025-10-01T23:55:00+00:00,118349.90,118631.80,118343.20,118552.40,1964.220
2025-10-02T00:00:00+00:00,118552.00,119184.00,118552.00,119024.00,5672.870
2025-10-02T00:05:00+00:00,119024.10,119457.00,118924.90,119358.00,2755.393
2025-10-02T00:10:00+00:00,119358.00,119358.10,119024.40,119119.50,1308.863
2025-10-02T00:15:00+00:00,119119.40,119160.00,118880.00,118940.80,807.831
2025-10-02T00:20:00+00:00,118940.70,119080.00,118837.20,118984.00,626.195
2025-10-02T00:25:00+00:00,118984.00,119000.00,118814.60,118898.40,390.629
2025-10-02T00:30:00+00:00,118898.50,118900.60,118714.10,118718.10,685.609
2025-10-02T00:35:00+00:00,118718.10,118848.80,118650.00,118799.90,843.483
2025-10-02T00:40:00+00:00,118800.00,118800.00,118447.90,118550.40,641.520
2025-10-02T00:45:00+00:00,118550.40,118651.50,118500.10,118611.10,472.188
2025-10-02T00:50:00+00:00,118611.20,118611.20,118454.80,118525.30,527.829
2025-10-02T00:55:00+00:00,118525.20,118525.30,118367.00,118397.00,307.468
2025-10-02T01:00:00+00:00,118397.00,118606.30,118335.00,118540.90,613.944
2025-10-02T01:05:00+00:00,118540.90,118640.00,118490.00,118578.10,304.925
2025-10-02T01:10:00+00:00,118578.20,118666.60,118539.50,118651.90,327.257
2025-10-02T01:15:00+00:00,118652.00,118660.80,118400.00,118427.50,294.022
2025-10-02T01:20:00+00:00,118427.50,118500.00,118396.10,118492.80,215.932
2025-10-02T01:25:00+00:00,118492.80,118600.20,118422.90,118454.10,237.382
2025-10-02T01:30:00+00:00,118454.10,118635.50,118454.10,118600.00,288.727
2025-10-02T01:35:00+00:00,118600.00,118660.70,118497.60,118660.70,228.588
2025-10-02T01:40:00+00:00,118660.70,118700.00,118616.30,118675.30,271.803
2025-10-02T01:45:00+00:00,118675.30,118862.00,118675.20,118757.70,675.574
2025-10-02T01:50:00+00:00,118757.60,118803.10,118616.20,118729.30,294.732
2025-10-02T01:55:00+00:00,118729.30,118737.50,118569.60,118577.40,512.358
2025-10-02T02:00:00+00:00,118577.50,118677.30,118519.50,118536.30,519.737
2025-10-02T02:05:00+00:00,118536.40,118611.60,118465.10,118555.30,379.063
2025-10-02T02:10:00+00:00,118555.20,118672.60,118470.10,118664.10,373.111
2025-10-02T02:15:00+00:00,118664.10,118748.80,118639.50,118712.90,395.118
2025-10-02T02:20:00+00:00,118713.00,118721.00,118537.00,118660.50,370.608
2025-10-02T02:25:00+00:00,118660.60,118673.70,118449.50,118491.20,412.803
2025-10-02T02:30:00+00:00,118491.20,118550.00,118433.40,118539.20,376.671
2025-10-02T02:35:00+00:00,118539.30,118710.00,118539.20,118632.60,503.666
2025-10-02T02:40:00+00:00,118632.50,118724.40,118558.70,118625.60,437.148
2025-10-02T02:45:00+00:00,118625.50,118730.00,118609.20,118680.30,394.582
2025-10-02T02:50:00+00:00,118680.30,118733.50,118680.20,118680.40,228.912
2025-10-02T02:55:00+00:00,118680.30,118736.20,118632.80,118697.40,205.276
2025-10-02T03:00:00+00:00,118697.30,118819.60,118676.90,118777.00,433.720
2025-10-02T03:05:00+00:00,118777.00,118899.90,118711.30,118899.90,1718.768
2025-10-02T03:10:00+00:00,118899.90,118966.00,118804.80,118825.00,475.746
2025-10-02T03:15:00+00:00,118825.00,118848.70,118744.10,118787.10,577.581
2025-10-02T03:20:00+00:00,118787.20,118966.00,118787.10,118966.00,521.375
2025-10-02T03:25:00+00:00,118966.00,119043.40,118878.80,118893.70,658.736
2025-10-02T03:30:00+00:00,118893.60,118988.20,118880.20,118890.80,228.910
2025-10-02T03:35:00+00:00,118890.80,118890.80,118770.10,118790.00,646.675
2025-10-02T03:40:00+00:00,118790.00,118959.40,118781.00,118929.50,393.007
2025-10-02T03:45:00+00:00,118929.40,118929.50,118730.00,118737.20,308.389
2025-10-02T03:50:00+00:00,118737.10,118766.80,118652.50,118688.80,306.672
2025-10-02T03:55:00+00:00,118688.80,118711.80,118680.10,118697.00,188.652
2025-10-02T04:00:00+00:00,118697.00,118822.90,118633.70,118786.00,481.353
2025-10-02T04:05:00+00:00,118786.10,118893.80,118786.00,118886.30,248.936
2025-10-02T04:10:00+00:00,118886.30,118886.30,118825.20,118860.00,280.620
2025-10-02T04:15:00+00:00,118859.90,118860.00,118711.30,118737.40,389.553
2025-10-02T04:20:00+00:00,118737.50,118737.50,118571.50,118571.50,289.867
2025-10-02T04:25:00+00:00,118571.50,118574.40,118508.40,118525.10,331.007
2025-10-02T04:30:00+00:00,118525.00,118548.90,118500.00,118510.00,272.104
2025-10-02T04:35:00+00:00,118510.00,118521.20,118450.00,118456.20,291.891
2025-10-02T04:40:00+00:00,118456.20,118574.10,118372.00,118552.00,461.833
2025-10-02T04:45:00+00:00,118552.00,118584.60,118448.10,118581.90,186.880
2025-10-02T04:50:00+00:00,118581.80,118621.90,118542.40,118555.00,202.265
2025-10-02T04:55:00+00:00,118555.00,118641.80,118501.40,118616.80,207.610
2025-10-02T05:00:00+00:00,118616.70,118641.80,118601.00,118607.80,146.325
2025-10-02T05:05:00+00:00,118607.80,118607.90,118485.60,118548.70,166.938
2025-10-02T05:10:00+00:00,118548.70,118550.00,118460.00,118476.60,165.873
2025-10-02T05:15:00+00:00,118476.60,118512.90,118395.40,118400.00,174.097
2025-10-02T05:20:00+00:00,118400.00,118487.50,118358.30,118487.20,374.997
2025-10-02T05:25:00+00:00,118487.20,118613.50,118474.00,118600.10,284.079
2025-10-02T05:30:00+00:00,118600.10,118600.10,118434.00,118458.60,350.600
2025-10-02T05:35:00+00:00,118458.70,118473.70,118345.10,118350.00,226.541
2025-10-02T05:40:00+00:00,118350.00,118496.20,118318.30,118418.80,320.356
2025-10-02T05:45:00+00:00,118418.70,118431.60,118330.80,118330.80,168.863
2025-10-02T05:50:00+00:00,118330.80,118330.90,118226.40,118303.90,610.510
2025-10-02T05:55:00+00:00,118304.00,118353.20,118275.90,118329.70,193.603
2025-10-02T06:00:00+00:00,118329.70,118329.90,118251.30,118327.60,235.683
2025-10-02T06:05:00+00:00,118327.60,118484.30,118327.50,118428.90,478.762
2025-10-02T06:10:00+00:00,118428.90,118437.10,118371.60,118382.30,136.748
2025-10-02T06:15:00+00:00,118382.30,118411.10,118380.00,118380.00,112.507
2025-10-02T06:20:00+00:00,118380.00,118415.70,118363.20,118365.10,186.847
2025-10-02T06:25:00+00:00,118365.20,118481.10,118362.40,118412.50,243.554
2025-10-02T06:30:00+00:00,118412.50,118535.60,118387.90,118516.90,502.023
2025-10-02T06:35:00+00:00,118516.80,118607.10,118485.60,118495.80,325.313
2025-10-02T06:40:00+00:00,118495.80,118644.80,118490.00,118600.00,316.350
2025-10-02T06:45:00+00:00,118599.90,118600.00,118469.80,118523.60,184.011
2025-10-02T06:50:00+00:00,118523.70,118548.20,118503.70,118523.70,144.272
2025-10-02T06:55:00+00:00,118523.60,118620.10,118521.90,118600.00,198.624
2025-10-02T07:00:00+00:00,118599.90,118616.40,118537.60,118616.40,213.923
2025-10-02T07:05:00+00:00,118616.30,118629.10,118500.00,118606.90,217.313
2025-10-02T07:10:00+00:00,118607.00,118629.80,118586.00,118611.10,173.818
2025-10-02T07:15:00+00:00,118611.00,118612.60,118570.10,118570.20,117.123
2025-10-02T07:20:00+00:00,118570.10,118570.20,118437.70,118453.80,159.655
2025-10-02T07:25:00+00:00,118453.80,118477.00,118453.70,118471.80,106.584
2025-10-02T07:30:00+00:00,118471.90,118471.90,118379.60,118379.70,155.880
2025-10-02T07:35:00+00:00,118379.70,118471.90,118377.10,118461.80,166.137
2025-10-02T07:40:00+00:00,118461.90,118461.90,118389.60,118422.00,147.872
2025-10-02T07:45:00+00:00,118422.00,118475.00,118411.70,118432.30,157.299
2025-10-02T07:50:00+00:00,118432.20,118442.20,118378.00,118412.90,189.448
2025-10-02T07:55:00+00:00,118412.90,118477.10,118403.50,118444.10,151.668
2025-10-02T08:00:00+00:00,118444.10,118524.40,118376.90,118377.00,210.059
2025-10-02T08:05:00+00:00,118377.00,118458.20,118336.30,118403.50,320.472
2025-10-02T08:10:00+00:00,118403.60,118443.30,118310.40,118310.40,188.689
2025-10-02T08:15:00+00:00,118310.40,118350.00,118307.30,118345.00,207.996
2025-10-02T08:20:00+00:00,118345.00,118529.80,118341.00,118514.40,197.144
2025-10-02T08:25:00+00:00,118514.30,118606.00,118473.60,118590.40,212.558
2025-10-02T08:30:00+00:00,118590.30,118625.40,118523.60,118600.40,233.895
2025-10-02T08:35:00+00:00,118600.40,118600.50,118557.40,118575.00,140.936
2025-10-02T08:40:00+00:00,118575.00,118585.20,118556.70,118579.60,94.378
2025-10-02T08:45:00+00:00,118579.60,118647.70,118579.60,118635.30,138.600
2025-10-02T08:50:00+00:00,118635.60,118635.70,118568.20,118594.70,114.978
2025-10-02T08:55:00+00:00,118594.80,118646.20,118594.70,118635.40,146.007
2025-10-02T09:00:00+00:00,118635.30,118635.40,118535.70,118557.10,158.892
2025-10-02T09:05:00+00:00,118557.10,118568.70,118521.70,118533.50,147.746
2025-10-02T09:10:00+00:00,118533.50,118578.60,118533.50,118563.10,113.181
2025-10-02T09:15:00+00:00,118563.20,118596.60,118553.90,118579.10,91.901
2025-10-02T09:20:00+00:00,118579.10,118614.10,118560.80,118610.50,123.868
2025-10-02T09:25:00+00:00,118610.50,118648.50,118604.60,118640.60,243.630
2025-10-02T09:30:00+00:00,118640.70,118641.00,118601.30,118641.00,104.771
2025-10-02T09:35:00+00:00,118640.90,118724.80,118555.90,118555.90,482.378
2025-10-02T09:40:00+00:00,118555.90,118700.60,118555.90,118690.80,271.782
2025-10-02T09:45:00+00:00,118690.90,118827.70,118690.80,118717.40,609.280
2025-10-02T09:50:00+00:00,118717.40,118757.50,118647.50,118757.40,141.875
2025-10-02T09:55:00+00:00,118757.40,118815.00,118740.00,118813.30,215.557
2025-10-02T10:00:00+00:00,118813.30,118885.80,118657.60,118657.80,574.695
2025-10-02T10:05:00+00:00,118657.80,118724.20,118640.10,118660.40,176.575
2025-10-02T10:10:00+00:00,118660.50,118700.00,118640.10,118699.90,90.156
2025-10-02T10:15:00+00:00,118700.00,118742.10,118694.40,118694.40,109.936
2025-10-02T10:20:00+00:00,118694.40,118705.10,118580.20,118612.80,161.955
2025-10-02T10:25:00+00:00,118612.70,118612.80,118563.00,118564.40,210.082
2025-10-02T10:30:00+00:00,118564.40,118677.10,118564.40,118644.40,369.401
2025-10-02T10:35:00+00:00,118644.40,118713.00,118644.30,118709.10,154.441
2025-10-02T10:40:00+00:00,118709.20,118724.60,118676.70,118711.20,86.052
2025-10-02T10:45:00+00:00,118711.30,118717.30,118700.00,118716.90,135.769
2025-10-02T10:50:00+00:00,118717.00,118717.00,118649.20,118663.20,102.283
2025-10-02T10:55:00+00:00,118663.30,118663.30,118530.80,118575.30,180.466
2025-10-02T11:00:00+00:00,118575.30,118597.60,118532.80,118597.60,170.437
2025-10-02T11:05:00+00:00,118597.70,118628.60,118517.40,118531.20,169.656
2025-10-02T11:10:00+00:00,118531.20,118533.50,118481.60,118530.40,249.358
2025-10-02T11:15:00+00:00,118530.40,118621.20,118503.20,118592.50,152.812
2025-10-02T11:20:00+00:00,118592.50,118660.30,118583.90,118629.30,164.445
2025-10-02T11:25:00+00:00,118629.40,118649.10,118613.60,118636.00,86.485
2025-10-02T11:30:00+00:00,118635.90,118684.80,118632.50,118651.60,106.394
2025-10-02T11:35:00+00:00,118651.50,118651.60,118609.10,118650.00,89.255
2025-10-02T11:40:00+00:00,118650.00,118707.60,118649.90,118707.60,137.573
2025-10-02T11:45:00+00:00,118707.60,118843.80,118707.50,118830.10,336.259
2025-10-02T11:50:00+00:00,118830.10,118835.50,118750.00,118776.00,236.087
2025-10-02T11:55:00+00:00,118776.10,118776.10,118655.40,118716.00,318.003
2025-10-02T12:00:00+00:00,118716.10,118844.90,118690.40,118822.80,306.490
2025-10-02T12:05:00+00:00,118822.80,118836.70,118757.10,118824.00,191.975
2025-10-02T12:10:00+00:00,118824.10,118832.20,118802.90,118805.80,123.196
2025-10-02T12:15:00+00:00,118805.70,118849.90,118805.70,118819.20,149.626
2025-10-02T12:20:00+00:00,118819.20,119059.40,118814.80,119020.50,967.767
2025-10-02T12:25:00+00:00,119020.50,119130.00,118936.00,119043.90,908.073
2025-10-02T12:30:00+00:00,119043.80,119126.90,118952.50,119117.80,674.608
2025-10-02T12:35:00+00:00,119117.80,119198.80,119050.90,119184.10,657.032
2025-10-02T12:40:00+00:00,119184.00,119309.20,119157.10,119157.20,825.203
2025-10-02T12:45:00+00:00,119157.20,119223.90,119106.00,119223.90,600.869
2025-10-02T12:50:00+00:00,119223.90,119350.00,119211.40,119321.30,620.481
2025-10-02T12:55:00+00:00,119321.30,119361.40,119276.70,119360.10,522.475
2025-10-02T13:00:00+00:00,119360.00,119360.10,119242.20,119242.20,618.295
2025-10-02T13:05:00+00:00,119242.20,119247.60,119162.00,119220.80,437.013
2025-10-02T13:10:00+00:00,119220.80,119234.90,119054.00,119060.50,471.705
2025-10-02T13:15:00+00:00,119060.50,119092.80,118868.20,118985.60,785.885
2025-10-02T13:20:00+00:00,118985.60,119250.00,118978.10,119172.90,539.696
2025-10-02T13:25:00+00:00,119173.00,119173.00,119071.30,119114.30,221.812
2025-10-02T13:30:00+00:00,119114.30,119338.40,119042.30,119223.30,888.589
2025-10-02T13:35:00+00:00,119223.20,119379.70,119166.60,119226.90,676.479
2025-10-02T13:40:00+00:00,119226.90,119523.50,119144.90,119503.70,1656.841
2025-10-02T13:45:00+00:00,119503.80,119733.00,119441.30,119539.00,3230.331
2025-10-02T13:50:00+00:00,119539.00,119710.30,119473.20,119710.20,1150.973
2025-10-02T13:55:00+00:00,119710.20,119711.00,119507.90,119559.60,654.516
2025-10-02T14:00:00+00:00,119559.60,119607.60,119381.70,119530.00,1067.327
2025-10-02T14:05:00+00:00,119530.10,119580.00,119315.40,119363.70,661.305
2025-10-02T14:10:00+00:00,119363.80,119452.20,119218.70,119381.60,740.296
2025-10-02T14:15:00+00:00,119381.70,119580.00,119381.60,119480.00,468.637
2025-10-02T14:20:00+00:00,119480.00,119600.00,119350.00,119567.20,423.802
2025-10-02T14:25:00+00:00,119567.30,119672.10,119510.00,119643.20,522.318
2025-10-02T14:30:00+00:00,119643.30,119747.20,119357.00,119475.40,1242.689
2025-10-02T14:35:00+00:00,119475.50,119475.50,119242.80,119373.90,596.109
2025-10-02T14:40:00+00:00,119373.90,119374.00,118910.00,118950.50,1478.121
2025-10-02T14:45:00+00:00,118950.50,119044.80,118759.10,118908.70,1350.721
2025-10-02T14:50:00+00:00,118908.70,118949.50,118606.20,118798.20,1944.580
2025-10-02T14:55:00+00:00,118798.30,118830.90,118691.10,118768.00,864.160
2025-10-02T15:00:00+00:00,118768.10,118776.10,118458.40,118515.60,1680.742
2025-10-02T15:05:00+00:00,118515.70,118998.90,118460.00,118998.80,1475.382
2025-10-02T15:10:00+00:00,118998.90,119205.30,118989.30,119128.20,1081.552
2025-10-02T15:15:00+00:00,119128.10,119159.60,119027.00,119072.50,588.749
2025-10-02T15:20:00+00:00,119072.60,119427.80,118966.00,119350.20,1174.596
2025-10-02T15:25:00+00:00,119350.20,119555.00,119350.10,119378.80,1255.779
2025-10-02T15:30:00+00:00,119379.10,119389.30,119266.40,119347.20,534.917
2025-10-02T15:35:00+00:00,119347.10,119372.50,119142.20,119300.00,858.931
2025-10-02T15:40:00+00:00,119300.00,119600.00,119300.00,119586.00,1078.086
2025-10-02T15:45:00+00:00,119585.90,119647.20,119500.00,119573.90,713.647
2025-10-02T15:50:00+00:00,119573.90,119889.00,119573.90,119807.10,2315.914
2025-10-02T15:55:00+00:00,119807.20,119884.80,119778.10,119875.10,759.915
2025-10-02T16:00:00+00:00,119875.10,119977.90,119661.60,119806.70,1755.796
2025-10-02T16:05:00+00:00,119806.60,119961.70,119650.10,119904.40,1054.578
2025-10-02T16:10:00+00:00,119904.50,120291.00,119890.40,120083.40,3890.387
2025-10-02T16:15:00+00:00,120083.40,120188.10,120028.90,120058.70,959.180
2025-10-02T16:20:00+00:00,120058.70,120075.50,119880.00,120036.00,770.620
2025-10-02T16:25:00+00:00,120036.10,120063.60,119896.70,119961.90,546.131
2025-10-02T16:30:00+00:00,119961.90,120066.70,119890.00,119992.80,489.954
2025-10-02T16:35:00+00:00,119992.90,119992.90,119744.00,119795.20,664.964
2025-10-02T16:40:00+00:00,119795.30,119795.30,119663.80,119732.50,744.788
2025-10-02T16:45:00+00:00,119732.50,119859.00,119720.30,119795.60,388.528
2025-10-02T16:50:00+00:00,119795.70,119870.90,119724.00,119738.50,263.271
2025-10-02T16:55:00+00:00,119738.50,119749.80,119564.90,119694.00,431.406
2025-10-02T17:00:00+00:00,119694.00,119694.10,119500.00,119517.60,469.282
2025-10-02T17:05:00+00:00,119517.70,119690.10,119517.60,119615.60,411.887
2025-10-02T17:10:00+00:00,119615.50,119775.30,119532.10,119766.90,353.099
2025-10-02T17:15:00+00:00,119766.90,119766.90,119526.40,119540.10,445.889
2025-10-02T17:20:00+00:00,119540.10,119546.90,119317.00,119379.10,862.794
2025-10-02T17:25:00+00:00,119379.10,119485.30,119374.80,119390.60,308.397
2025-10-02T17:30:00+00:00,119390.70,119496.10,119342.70,119496.10,303.020
2025-10-02T17:35:00+00:00,119496.10,119587.60,119376.20,119376.30,310.314
2025-10-02T17:40:00+00:00,119376.40,119619.40,119376.40,119542.60,310.509
2025-10-02T17:45:00+00:00,119542.50,119700.00,119507.90,119693.80,503.879
2025-10-02T17:50:00+00:00,119693.70,119784.00,119685.50,119707.80,520.844
2025-10-02T17:55:00+00:00,119707.80,119916.80,119706.50,119869.10,405.390
2025-10-02T18:00:00+00:00,119869.10,120135.50,119859.90,120078.40,760.110
2025-10-02T18:05:00+00:00,120078.40,120178.60,120000.00,120071.50,1090.144
2025-10-02T18:10:00+00:00,120071.60,120181.50,120042.10,120080.80,345.262
2025-10-02T18:15:00+00:00,120080.80,120113.70,119921.10,119965.70,458.462
2025-10-02T18:20:00+00:00,119965.60,120181.00,119920.80,120180.90,370.661
2025-10-02T18:25:00+00:00,120181.00,120195.80,120023.90,120103.20,436.135
2025-10-02T18:30:00+00:00,120103.20,120107.40,119930.50,120049.00,412.591
2025-10-02T18:35:00+00:00,120049.10,120148.80,120012.90,120110.60,376.881
2025-10-02T18:40:00+00:00,120110.90,120124.80,119963.80,120032.30,332.790
2025-10-02T18:45:00+00:00,120032.30,120159.90,120032.30,120135.50,226.372
2025-10-02T18:50:00+00:00,120135.60,120481.60,120084.90,120359.50,1743.090
2025-10-02T18:55:00+00:00,120359.50,120637.20,120351.90,120461.60,1690.161
2025-10-02T19:00:00+00:00,120461.60,120615.70,120398.20,120590.30,795.682
2025-10-02T19:05:00+00:00,120590.30,120941.70,120590.30,120829.20,3596.947
2025-10-02T19:10:00+00:00,120829.30,120999.00,120794.50,120988.00,1234.406
2025-10-02T19:15:00+00:00,120988.00,120990.00,120832.30,120913.00,879.115
2025-10-02T19:20:00+00:00,120913.00,120923.90,120636.20,120750.00,1268.943
2025-10-02T19:25:00+00:00,120749.90,120750.00,120632.20,120692.10,508.218
2025-10-02T19:30:00+00:00,120692.20,120864.80,120692.10,120849.70,406.298
2025-10-02T19:35:00+00:00,120849.60,120921.30,120799.90,120865.20,422.722
2025-10-02T19:40:00+00:00,120865.30,120887.10,120653.60,120665.50,491.965
2025-10-02T19:45:00+00:00,120665.50,120763.90,120582.00,120731.40,381.058
2025-10-02T19:50:00+00:00,120731.40,120741.80,120587.50,120587.50,335.833
2025-10-02T19:55:00+00:00,120587.50,120843.80,120516.40,120787.90,679.454
2025-10-02T20:00:00+00:00,120787.80,120839.90,120644.20,120817.00,584.144
2025-10-02T20:05:00+00:00,120816.90,120880.90,120809.10,120830.80,612.154
2025-10-02T20:10:00+00:00,120830.90,120836.60,120631.20,120631.20,339.146
2025-10-02T20:15:00+00:00,120631.20,120719.70,120520.00,120685.90,433.021
2025-10-02T20:20:00+00:00,120685.90,120693.30,120540.90,120540.90,251.663
2025-10-02T20:25:00+00:00,120540.90,120559.10,120403.70,120504.40,539.616
2025-10-02T20:30:00+00:00,120504.40,120524.40,120258.10,120335.40,617.894
2025-10-02T20:35:00+00:00,120335.40,120470.00,120332.50,120393.60,443.289
2025-10-02T20:40:00+00:00,120393.70,120524.30,120361.80,120441.90,280.189
2025-10-02T20:45:00+00:00,120442.00,120506.30,120365.80,120414.60,259.605
2025-10-02T20:50:00+00:00,120414.60,120444.00,120372.30,120402.40,180.913
2025-10-02T20:55:00+00:00,120402.50,120633.40,120402.40,120598.80,521.705
2025-10-02T21:00:00+00:00,120598.90,120598.90,120485.70,120489.40,179.084
2025-10-02T21:05:00+00:00,120489.50,120625.80,120489.40,120617.70,179.199
2025-10-02T21:10:00+00:00,120617.70,120700.00,120617.60,120700.00,223.500
2025-10-02T21:15:00+00:00,120700.00,120735.00,120529.20,120529.20,282.317
2025-10-02T21:20:00+00:00,120529.20,120550.00,120433.00,120433.10,140.330
2025-10-02T21:25:00+00:00,120433.00,120478.90,120386.30,120407.50,193.868
2025-10-02T21:30:00+00:00,120407.60,120407.60,120211.00,120211.10,279.160
2025-10-02T21:35:00+00:00,120211.00,120310.40,120160.00,120237.40,466.014
2025-10-02T21:40:00+00:00,120237.50,120260.00,120157.10,120211.20,283.663
2025-10-02T21:45:00+00:00,120211.10,120335.80,120211.10,120321.40,122.241
2025-10-02T21:50:00+00:00,120321.40,120322.50,120125.60,120125.60,128.514
2025-10-02T21:55:00+00:00,120125.50,120168.20,120105.10,120105.20,212.961
2025-10-02T22:00:00+00:00,120105.10,120317.50,120040.00,120315.70,454.134
2025-10-02T22:05:00+00:00,120315.70,120340.90,120226.90,120235.30,177.938
2025-10-02T22:10:00+00:00,120235.30,120372.10,120180.40,120372.00,144.276
2025-10-02T22:15:00+00:00,120372.00,120372.10,120219.60,120232.30,169.043
2025-10-02T22:20:00+00:00,120232.40,120308.80,120180.00,120180.10,202.033
2025-10-02T22:25:00+00:00,120180.10,120286.80,120177.00,120286.80,135.547
2025-10-02T22:30:00+00:00,120286.80,120348.50,120222.10,120241.70,160.728
2025-10-02T22:35:00+00:00,120241.70,120249.10,120163.30,120175.20,129.529
2025-10-02T22:40:00+00:00,120175.10,120217.50,120069.10,120121.80,456.019
2025-10-02T22:45:00+00:00,120121.90,120143.20,120104.80,120104.90,127.054
2025-10-02T22:50:00+00:00,120104.80,120104.90,120018.00,120038.80,205.471
2025-10-02T22:55:00+00:00,120038.70,120208.80,120038.70,120208.80,565.192
2025-10-02T23:00:00+00:00,120208.70,120409.50,120191.90,120292.60,418.883
2025-10-02T23:05:00+00:00,120292.50,120407.90,120286.20,120383.70,223.338
2025-10-02T23:10:00+00:00,120383.70,120432.00,120375.60,120431.90,206.691
2025-10-02T23:15:00+00:00,120432.00,120493.10,120372.60,120466.80,297.825
2025-10-02T23:20:00+00:00,120466.90,120633.00,120385.40,120385.50,537.317
2025-10-02T23:25:00+00:00,120385.50,120516.40,120306.00,120512.10,243.688
2025-10-02T23:30:00+00:00,120512.10,120569.60,120443.30,120569.60,198.531
2025-10-02T23:35:00+00:00,120569.50,120569.60,120372.10,120372.20,235.010
2025-10-02T23:40:00+00:00,120372.10,120372.20,120234.00,120296.00,495.431
2025-10-02T23:45:00+00:00,120296.00,120296.10,120215.60,120271.40,335.861
2025-10-02T23:50:00+00:00,120271.50,120490.00,120269.30,120490.00,274.285
2025-10-02T23:55:00+00:00,120490.00,120570.00,120443.10,120481.30,455.201
2025-10-03T00:00:00+00:00,120481.30,120505.50,120300.00,120300.10,574.294
2025-10-03T00:05:00+00:00,120300.10,120325.00,120258.10,120258.10,233.209
2025-10-03T00:10:00+00:00,120258.20,120258.20,120059.50,120112.00,354.497
2025-10-03T00:15:00+00:00,120112.10,120225.60,120033.00,120168.00,332.094
2025-10-03T00:20:00+00:00,120168.10,120250.00,120107.90,120249.90,209.329
2025-10-03T00:25:00+00:00,120249.90,120258.70,120209.90,120246.40,135.041
2025-10-03T00:30:00+00:00,120246.30,120246.30,120119.40,120134.40,169.247
2025-10-03T00:35:00+00:00,120134.40,120220.10,120120.80,120152.40,169.550
2025-10-03T00:40:00+00:00,120152.40,120222.90,120135.00,120159.30,180.363
2025-10-03T00:45:00+00:00,120159.20,120234.00,120135.50,120135.50,243.801
2025-10-03T00:50:00+00:00,120135.60,120188.70,120044.30,120101.00,340.364
2025-10-03T00:55:00+00:00,120100.90,120125.50,120065.60,120097.10,317.593
2025-10-03T01:00:00+00:00,120097.20,120159.20,120076.00,120113.10,409.982
2025-10-03T01:05:00+00:00,120113.00,120180.00,120031.20,120179.90,406.620
2025-10-03T01:10:00+00:00,120180.00,120255.10,120127.20,120185.10,423.102
2025-10-03T01:15:00+00:00,120185.00,120250.00,120008.10,120103.60,333.240
2025-10-03T01:20:00+00:00,120103.60,120141.80,119958.50,119988.50,484.222
2025-10-03T01:25:00+00:00,119988.50,120114.50,119983.70,120081.50,348.122
2025-10-03T01:30:00+00:00,120081.60,120129.60,120023.20,120110.60,136.417
2025-10-03T01:35:00+00:00,120110.70,120120.40,119977.20,120047.60,301.504
2025-10-03T01:40:00+00:00,120047.60,120086.40,120038.70,120050.10,111.981
2025-10-03T01:45:00+00:00,120050.10,120050.10,119960.00,119983.30,238.493
2025-10-03T01:50:00+00:00,119983.30,120000.00,119766.00,119854.40,632.327
2025-10-03T01:55:00+00:00,119854.30,119926.50,119780.00,119832.60,432.884
2025-10-03T02:00:00+00:00,119832.60,119963.90,119823.60,119963.90,315.401
2025-10-03T02:05:00+00:00,119964.00,119980.40,119923.50,119966.70,250.065
2025-10-03T02:10:00+00:00,119967.10,120093.70,119967.10,120093.70,326.682
2025-10-03T02:15:00+00:00,120093.70,120138.70,120056.80,120066.50,192.112
2025-10-03T02:20:00+00:00,120066.50,120066.50,119943.70,119997.10,157.079
2025-10-03T02:25:00+00:00,119997.10,119997.10,119923.40,119943.90,126.087
2025-10-03T02:30:00+00:00,119943.80,119963.80,119917.50,119949.30,90.264
2025-10-03T02:35:00+00:00,119949.30,120047.90,119888.00,120009.20,276.360
2025-10-03T02:40:00+00:00,120009.20,120062.00,119985.20,120028.20,185.425
2025-10-03T02:45:00+00:00,120028.20,120059.80,119990.50,120048.00,263.045
2025-10-03T02:50:00+00:00,120048.00,120075.00,120010.30,120055.50,201.834
2025-10-03T02:55:00+00:00,120055.50,120237.90,120055.50,120117.90,538.394
2025-10-03T03:00:00+00:00,120118.00,120340.00,120108.50,120309.30,563.106
2025-10-03T03:05:00+00:00,120309.20,120447.20,120300.00,120325.10,685.542
2025-10-03T03:10:00+00:00,120325.10,120336.00,120250.00,120250.00,272.383
2025-10-03T03:15:00+00:00,120250.00,120311.20,120216.10,120252.60,319.829
2025-10-03T03:20:00+00:00,120252.60,120362.10,120252.60,120272.30,243.702
2025-10-03T03:25:00+00:00,120272.40,120272.40,120146.00,120146.00,228.198
2025-10-03T03:30:00+00:00,120146.10,120192.40,120120.00,120192.30,121.248
2025-10-03T03:35:00+00:00,120192.40,120374.60,120192.30,120336.50,650.974
2025-10-03T03:40:00+00:00,120336.50,120360.50,120283.30,120300.80,278.075
2025-10-03T03:45:00+00:00,120300.80,120311.60,120282.10,120282.10,105.981
2025-10-03T03:50:00+00:00,120282.10,120282.20,120212.70,120247.60,162.917
2025-10-03T03:55:00+00:00,120247.50,120275.60,120163.10,120185.40,231.603
2025-10-03T04:00:00+00:00,120185.40,120205.60,120135.60,120188.90,131.456
2025-10-03T04:05:00+00:00,120188.80,120281.60,120157.30,120192.90,127.152
2025-10-03T04:10:00+00:00,120192.90,120221.90,120170.20,120209.70,108.978
2025-10-03T04:15:00+00:00,120209.80,120265.20,120193.90,120207.50,95.209
2025-10-03T04:20:00+00:00,120207.60,120242.50,120168.00,120172.70,164.037
2025-10-03T04:25:00+00:00,120172.80,120200.00,120122.10,120156.90,169.596
2025-10-03T04:30:00+00:00,120156.80,120156.90,120024.80,120065.80,202.827
2025-10-03T04:35:00+00:00,120065.80,120065.90,119967.80,119967.80,173.687
2025-10-03T04:40:00+00:00,119967.80,120000.00,119954.80,119990.10,226.310
2025-10-03T04:45:00+00:00,119990.20,120138.60,119990.10,120117.50,377.351
2025-10-03T04:50:00+00:00,120117.40,120117.40,120044.40,120044.50,95.751
2025-10-03T04:55:00+00:00,120044.50,120044.50,119990.30,120000.20,121.905
2025-10-03T05:00:00+00:00,120000.20,120033.00,119903.10,119903.20,203.812
2025-10-03T05:05:00+00:00,119903.20,119966.90,119903.10,119911.10,109.566
2025-10-03T05:10:00+00:00,119911.20,119994.70,119903.00,119994.70,143.218
2025-10-03T05:15:00+00:00,119994.60,120006.00,119931.40,119970.90,129.387
2025-10-03T05:20:00+00:00,119970.80,119999.90,119955.50,119983.30,109.646
2025-10-03T05:25:00+00:00,119983.30,120001.60,119948.60,119974.80,191.544
2025-10-03T05:30:00+00:00,119974.80,119974.90,119921.00,119945.30,196.974
2025-10-03T05:35:00+00:00,119945.20,119945.30,119854.00,119855.80,237.625
2025-10-03T05:40:00+00:00,119855.80,119855.80,119783.00,119798.20,288.506
2025-10-03T05:45:00+00:00,119798.30,119801.90,119770.50,119770.50,269.412
2025-10-03T05:50:00+00:00,119770.60,119862.00,119700.00,119862.00,1001.406
2025-10-03T05:55:00+00:00,119861.90,119901.60,119858.00,119894.50,166.747
2025-10-03T06:00:00+00:00,119894.50,119894.50,119744.60,119890.30,271.995
2025-10-03T06:05:00+00:00,119890.30,119950.40,119860.50,119884.20,261.921
2025-10-03T06:10:00+00:00,119884.20,120040.00,119882.60,120009.50,278.529
2025-10-03T06:15:00+00:00,120009.50,120020.00,119958.30,119966.30,139.140
2025-10-03T06:20:00+00:00,119966.30,119998.20,119935.30,119935.40,183.788
2025-10-03T06:25:00+00:00,119935.30,119957.30,119935.30,119945.50,53.047
2025-10-03T06:30:00+00:00,119945.60,119988.10,119926.50,119926.60,126.562
2025-10-03T06:35:00+00:00,119926.50,119952.00,119926.50,119947.20,105.817
2025-10-03T06:40:00+00:00,119947.30,119947.40,119884.80,119890.20,137.200
2025-10-03T06:45:00+00:00,119890.10,119890.20,119863.50,119879.50,139.784
2025-10-03T06:50:00+00:00,119879.50,119879.60,119725.20,119799.80,421.888
2025-10-03T06:55:00+00:00,119799.90,119882.60,119786.90,119882.60,120.873
2025-10-03T07:00:00+00:00,119882.50,119985.50,119876.00,119906.50,308.519
2025-10-03T07:05:00+00:00,119906.50,119906.50,119750.60,119754.30,285.668
2025-10-03T07:10:00+00:00,119754.30,119850.00,119754.30,119830.40,206.210
2025-10-03T07:15:00+00:00,119830.30,119859.80,119822.90,119822.90,140.262
2025-10-03T07:20:00+00:00,119822.90,119839.40,119770.60,119779.30,168.092
2025-10-03T07:25:00+00:00,119779.40,119818.50,119737.10,119737.10,311.429
2025-10-03T07:30:00+00:00,119737.20,119793.00,119733.00,119748.80,654.460
2025-10-03T07:35:00+00:00,119748.70,119748.80,119620.70,119640.20,684.466
2025-10-03T07:40:00+00:00,119640.20,119699.00,119579.60,119619.80,732.812
2025-10-03T07:45:00+00:00,119619.80,119724.40,119619.80,119711.90,566.116
2025-10-03T07:50:00+00:00,119711.90,119721.10,119608.20,119608.20,457.581
2025-10-03T07:55:00+00:00,119608.30,119670.40,119603.60,119620.10,512.449
2025-10-03T08:00:00+00:00,119620.10,119707.70,119612.70,119687.90,318.282
2025-10-03T08:05:00+00:00,119688.00,119697.90,119536.70,119574.20,533.326
2025-10-03T08:10:00+00:00,119574.20,119574.20,119404.60,119473.20,801.210
2025-10-03T08:15:00+00:00,119473.20,119473.30,119200.00,119313.20,1643.228
2025-10-03T08:20:00+00:00,119313.20,119509.20,119313.10,119486.00,582.956
2025-10-03T08:25:00+00:00,119486.00,119624.00,119486.00,119623.90,707.283
2025-10-03T08:30:00+00:00,119624.00,119757.50,119610.30,119755.10,524.732
2025-10-03T08:35:00+00:00,119755.10,119884.60,119750.40,119809.00,816.685
2025-10-03T08:40:00+00:00,119809.00,119879.40,119778.00,119828.80,615.593
2025-10-03T08:45:00+00:00,119828.70,119874.60,119816.00,119826.40,209.028
2025-10-03T08:50:00+00:00,119826.30,119912.00,119811.60,119907.60,350.049
2025-10-03T08:55:00+00:00,119907.60,120058.20,119895.80,120007.00,576.722
2025-10-03T09:00:00+00:00,120007.00,120128.10,120006.90,120039.90,618.328
2025-10-03T09:05:00+00:00,120040.00,120173.00,120023.90,120108.00,334.056
2025-10-03T09:10:00+00:00,120108.00,120108.10,120008.50,120038.40,313.886
2025-10-03T09:15:00+00:00,120038.30,120038.40,119968.60,119973.00,301.718
2025-10-03T09:20:00+00:00,119973.00,120296.30,119973.00,120257.50,666.006
2025-10-03T09:25:00+00:00,120257.50,120342.00,120245.70,120263.40,723.261
2025-10-03T09:30:00+00:00,120263.40,120304.90,120143.90,120167.00,628.302
2025-10-03T09:35:00+00:00,120167.00,120173.00,120120.80,120150.00,144.598
2025-10-03T09:40:00+00:00,120150.00,120188.10,120133.20,120163.70,227.200
2025-10-03T09:45:00+00:00,120163.80,120256.50,120163.70,120254.60,216.403
2025-10-03T09:50:00+00:00,120254.50,120288.00,120228.20,120288.00,209.739
2025-10-03T09:55:00+00:00,120287.90,120300.00,120250.20,120257.80,161.508
2025-10-03T10:00:00+00:00,120257.90,120280.00,120226.00,120255.00,136.289
2025-10-03T10:05:00+00:00,120254.90,120336.00,120254.90,120286.40,223.454
2025-10-03T10:10:00+00:00,120286.40,120305.00,120280.00,120304.90,111.057
2025-10-03T10:15:00+00:00,120305.00,120457.70,120304.90,120428.30,482.590
2025-10-03T10:20:00+00:00,120428.20,120428.30,120295.30,120358.80,320.903
2025-10-03T10:25:00+00:00,120358.80,120484.10,120335.00,120422.80,344.413
2025-10-03T10:30:00+00:00,120422.90,120444.80,120345.30,120345.40,202.970
2025-10-03T10:35:00+00:00,120345.40,120368.50,120317.30,120368.50,206.827
2025-10-03T10:40:00+00:00,120368.50,120481.10,120368.40,120452.50,310.339
2025-10-03T10:45:00+00:00,120452.50,120459.30,120365.20,120379.90,153.699
2025-10-03T10:50:00+00:00,120379.90,120449.10,120379.90,120449.10,87.788
2025-10-03T10:55:00+00:00,120449.10,120474.00,120392.80,120392.80,143.381
2025-10-03T11:00:00+00:00,120392.90,120435.00,120370.10,120414.40,163.084
2025-10-03T11:05:00+00:00,120414.40,120414.50,120300.00,120347.90,269.632
2025-10-03T11:10:00+00:00,120348.00,120348.00,120242.70,120262.30,397.068
2025-10-03T11:15:00+00:00,120262.40,120262.40,120100.00,120136.70,531.870
2025-10-03T11:20:00+00:00,120136.60,120321.30,120136.60,120298.20,309.474
2025-10-03T11:25:00+00:00,120298.20,120339.00,120242.30,120250.00,212.341
2025-10-03T11:30:00+00:00,120250.00,120288.20,120175.60,120176.20,213.805
2025-10-03T11:35:00+00:00,120176.10,120275.80,120160.00,120254.50,116.352
2025-10-03T11:40:00+00:00,120254.60,120319.00,120254.50,120319.00,162.877
2025-10-03T11:45:00+00:00,120319.00,120319.00,120288.00,120319.00,80.536
2025-10-03T11:50:00+00:00,120318.90,120444.20,120300.40,120362.30,322.526
2025-10-03T11:55:00+00:00,120362.40,120365.80,120300.00,120307.20,152.917
2025-10-03T12:00:00+00:00,120307.20,120374.40,120307.20,120321.00,181.314
2025-10-03T12:05:00+00:00,120321.00,120341.10,120220.70,120231.50,294.248
2025-10-03T12:10:00+00:00,120231.50,120348.70,120231.50,120329.00,192.779
2025-10-03T12:15:00+00:00,120328.90,120377.90,120250.60,120250.60,160.544
2025-10-03T12:20:00+00:00,120250.70,120276.80,120210.00,120276.80,150.298
2025-10-03T12:25:00+00:00,120276.80,120288.80,120172.80,120175.60,167.125
2025-10-03T12:30:00+00:00,120175.60,120300.00,120078.00,120078.10,453.238
2025-10-03T12:35:00+00:00,120078.00,120210.10,120061.30,120210.10,262.774
2025-10-03T12:40:00+00:00,120210.10,120255.00,120184.90,120253.20,147.395
2025-10-03T12:45:00+00:00,120253.30,120320.00,120205.90,120222.80,340.015
2025-10-03T12:50:00+00:00,120222.90,120333.00,120213.00,120321.50,160.186
2025-10-03T12:55:00+00:00,120321.50,120352.50,120297.60,120320.70,195.511
2025-10-03T13:00:00+00:00,120320.60,120320.70,120157.50,120162.60,281.070
2025-10-03T13:05:00+00:00,120162.60,120228.10,120104.10,120202.50,341.460
2025-10-03T13:10:00+00:00,120202.40,120258.40,120201.00,120227.90,152.479
2025-10-03T13:15:00+00:00,120227.90,120343.00,120185.50,120292.10,273.072
2025-10-03T13:20:00+00:00,120292.10,120437.10,120292.00,120400.80,462.692
2025-10-03T13:25:00+00:00,120400.80,120540.00,120400.80,120501.90,651.235
2025-10-03T13:30:00+00:00,120501.80,120687.30,120313.90,120424.90,1265.014
2025-10-03T13:35:00+00:00,120424.90,120437.40,120157.90,120398.10,695.544
2025-10-03T13:40:00+00:00,120398.20,120417.90,120058.00,120228.10,807.035
2025-10-03T13:45:00+00:00,120228.00,120450.00,120207.70,120428.00,410.526
2025-10-03T13:50:00+00:00,120428.00,120519.40,120326.60,120353.90,538.350
2025-10-03T13:55:00+00:00,120354.00,120478.80,120310.00,120325.00,393.732
2025-10-03T14:00:00+00:00,120325.10,120352.90,120080.00,120341.70,921.362
2025-10-03T14:05:00+00:00,120341.60,120354.80,120131.90,120178.30,354.078
2025-10-03T14:10:00+00:00,120178.30,120327.60,120050.00,120118.30,502.208
2025-10-03T14:15:00+00:00,120118.30,120121.60,119863.40,119931.20,963.853
2025-10-03T14:20:00+00:00,119931.10,120273.60,119820.40,120238.60,952.424
2025-10-03T14:25:00+00:00,120238.60,120435.70,120223.20,120399.70,538.806
2025-10-03T14:30:00+00:00,120399.70,120445.80,120253.50,120358.80,410.113
2025-10-03T14:35:00+00:00,120358.90,120675.20,120336.00,120633.90,921.524
2025-10-03T14:40:00+00:00,120633.80,120752.60,120538.00,120599.90,1428.448
2025-10-03T14:45:00+00:00,120599.90,120900.00,120595.00,120784.40,1547.355
2025-10-03T14:50:00+00:00,120784.30,120935.00,120740.90,120905.00,608.058
2025-10-03T14:55:00+00:00,120905.10,120915.90,120784.20,120861.40,577.195
2025-10-03T15:00:00+00:00,120861.40,120861.40,120621.10,120660.60,865.311
2025-10-03T15:05:00+00:00,120660.60,120819.50,120605.70,120712.70,590.050
2025-10-03T15:10:00+00:00,120712.80,120799.60,120579.10,120799.50,361.324
2025-10-03T15:15:00+00:00,120799.60,121339.80,120799.50,121228.90,3640.731
2025-10-03T15:20:00+00:00,121228.90,121470.00,121177.70,121349.40,2017.989
2025-10-03T15:25:00+00:00,121349.50,121349.50,121200.00,121247.40,924.531
2025-10-03T15:30:00+00:00,121247.50,121740.00,121235.30,121729.90,2540.613
2025-10-03T15:35:00+00:00,121729.90,121776.40,121604.00,121692.70,1121.764
2025-10-03T15:40:00+00:00,121692.30,121735.80,121571.70,121670.00,678.194
2025-10-03T15:45:00+00:00,121669.90,121920.70,121583.50,121749.90,1956.248
2025-10-03T15:50:00+00:00,121749.90,122141.50,121749.90,122016.60,2428.540
2025-10-03T15:55:00+00:00,122016.60,122399.90,121900.80,122238.50,2787.830
2025-10-03T16:00:00+00:00,122238.50,122870.90,122238.50,122717.50,5879.179
2025-10-03T16:05:00+00:00,122717.50,122950.00,122539.20,122784.90,2532.224
2025-10-03T16:10:00+00:00,122784.90,123289.00,122734.10,123100.00,4510.833
2025-10-03T16:15:00+00:00,123099.90,123289.00,122884.30,123031.00,2860.190
2025-10-03T16:20:00+00:00,123031.00,123456.00,122929.70,123403.90,3052.510
2025-10-03T16:25:00+00:00,123403.90,123809.10,123403.90,123630.60,3020.021
2025-10-03T16:30:00+00:00,123630.70,123847.50,123500.00,123723.70,1732.228
2025-10-03T16:35:00+00:00,123723.70,123900.00,123624.00,123744.20,1984.569
2025-10-03T16:40:00+00:00,123744.20,123797.40,123688.00,123764.50,892.384
2025-10-03T16:45:00+00:00,123764.50,123801.80,123033.40,123159.90,2972.091
2025-10-03T16:50:00+00:00,123160.00,123250.00,122827.00,122840.10,2705.879
2025-10-03T16:55:00+00:00,122840.00,122992.40,122500.00,122527.10,2078.329
2025-10-03T17:00:00+00:00,122527.00,122527.10,121611.00,122084.50,7775.033
2025-10-03T17:05:00+00:00,122084.30,122780.30,121728.40,122706.80,4824.229
2025-10-03T17:10:00+00:00,122706.70,123092.50,122706.70,122952.80,2568.286
2025-10-03T17:15:00+00:00,122952.80,122960.00,122275.80,122307.10,2209.604
2025-10-03T17:20:00+00:00,122307.60,122710.20,122207.80,122463.20,1159.993
2025-10-03T17:25:00+00:00,122463.30,122610.00,122368.90,122481.00,826.566
2025-10-03T17:30:00+00:00,122481.00,122752.10,122300.00,122639.00,785.543
2025-10-03T17:35:00+00:00,122639.00,122920.00,122639.00,122895.60,889.459
2025-10-03T17:40:00+00:00,122895.60,122950.00,122524.30,122557.40,745.375
2025-10-03T17:45:00+00:00,122557.40,122583.00,122092.50,122153.00,1286.999
2025-10-03T17:50:00+00:00,122153.00,122241.60,121528.10,121558.80,2918.442
2025-10-03T17:55:00+00:00,121558.90,122192.20,121558.80,122035.50,1859.652
2025-10-03T18:00:00+00:00,122035.60,122077.90,121707.20,121758.50,884.457
2025-10-03T18:05:00+00:00,121758.60,121863.50,121425.50,121850.10,1516.038
2025-10-03T18:10:00+00:00,121850.00,122124.20,121830.50,121994.00,756.164
2025-10-03T18:15:00+00:00,121994.00,122289.50,121970.70,122264.40,646.895
2025-10-03T18:20:00+00:00,122264.30,122500.00,122176.10,122467.30,824.921
2025-10-03T18:25:00+00:00,122467.30,122578.80,122400.80,122449.50,644.631
2025-10-03T18:30:00+00:00,122449.70,122574.90,122154.40,122471.30,1027.077
2025-10-03T18:35:00+00:00,122471.40,122714.20,122461.50,122662.70,512.879
2025-10-03T18:40:00+00:00,122662.70,122684.40,122537.20,122602.20,581.565
2025-10-03T18:45:00+00:00,122602.10,122699.70,122394.10,122434.60,378.731
2025-10-03T18:50:00+00:00,122434.70,122455.50,122286.80,122408.60,424.748
2025-10-03T18:55:00+00:00,122408.60,122526.40,122358.00,122505.60,221.113
2025-10-03T19:00:00+00:00,122505.70,122598.10,122316.30,122332.60,400.529
2025-10-03T19:05:00+00:00,122332.70,122500.00,122313.00,122461.80,266.062
2025-10-03T19:10:00+00:00,122461.90,122570.00,122375.30,122417.90,369.963
2025-10-03T19:15:00+00:00,122418.00,122680.00,122417.90,122633.60,506.181
2025-10-03T19:20:00+00:00,122633.70,122654.40,122503.20,122549.10,237.753
2025-10-03T19:25:00+00:00,122549.10,122796.00,122549.10,122746.60,344.169
2025-10-03T19:30:00+00:00,122746.50,122930.30,122746.50,122836.70,563.602
2025-10-03T19:35:00+00:00,122836.70,122880.00,122621.40,122621.40,481.464
2025-10-03T19:40:00+00:00,122621.50,122793.70,122621.40,122720.00,248.359
2025-10-03T19:45:00+00:00,122719.90,122747.60,122524.30,122632.10,266.104
2025-10-03T19:50:00+00:00,122632.10,122701.90,122546.40,122637.70,214.722
2025-10-03T19:55:00+00:00,122637.60,122648.40,122538.00,122609.30,314.083
2025-10-03T20:00:00+00:00,122609.30,122659.10,122215.50,122309.70,778.630
2025-10-03T20:05:00+00:00,122309.70,122428.80,122100.00,122115.70,441.326
2025-10-03T20:10:00+00:00,122115.00,122141.40,121986.30,122050.80,476.158
2025-10-03T20:15:00+00:00,122050.80,122248.50,122043.30,122141.20,445.314
2025-10-03T20:20:00+00:00,122141.20,122230.50,122113.80,122136.30,154.749
2025-10-03T20:25:00+00:00,122136.30,122149.10,122043.60,122097.90,133.300
2025-10-03T20:30:00+00:00,122098.00,122300.00,122098.00,122221.20,232.278
2025-10-03T20:35:00+00:00,122221.10,122395.00,122221.10,122376.50,137.452
2025-10-03T20:40:00+00:00,122376.40,122638.40,122323.70,122627.30,330.041
2025-10-03T20:45:00+00:00,122627.40,122694.10,122462.10,122562.20,284.918
2025-10-03T20:50:00+00:00,122562.20,122562.20,122468.00,122502.70,123.795
2025-10-03T20:55:00+00:00,122502.60,122518.90,122388.70,122402.20,265.711
2025-10-03T21:00:00+00:00,122402.30,122406.20,122327.20,122381.40,378.043
2025-10-03T21:05:00+00:00,122381.40,122381.40,122323.90,122323.90,148.904
2025-10-03T21:10:00+00:00,122323.90,122402.90,122323.90,122402.90,176.676
2025-10-03T21:15:00+00:00,122402.80,122402.90,122229.90,122230.00,171.963
2025-10-03T21:20:00+00:00,122230.10,122290.80,122230.00,122269.70,154.091
2025-10-03T21:25:00+00:00,122269.70,122292.30,122236.00,122236.10,115.548
2025-10-03T21:30:00+00:00,122236.10,122313.60,122145.80,122168.40,233.665
2025-10-03T21:35:00+00:00,122168.40,122168.40,122059.80,122135.20,231.428
2025-10-03T21:40:00+00:00,122135.10,122135.20,122011.30,122111.30,310.141
2025-10-03T21:45:00+00:00,122111.20,122135.20,122060.70,122060.70,141.765
2025-10-03T21:50:00+00:00,122060.80,122289.60,121944.70,122289.60,369.616
2025-10-03T21:55:00+00:00,122289.60,122341.60,122227.50,122245.20,277.866
2025-10-03T22:00:00+00:00,122245.20,122361.40,122245.20,122361.40,164.365
2025-10-03T22:05:00+00:00,122361.40,122414.70,122299.40,122409.00,133.302
2025-10-03T22:10:00+00:00,122409.10,122414.20,122344.90,122414.20,129.766
2025-10-03T22:15:00+00:00,122414.10,122496.00,122383.60,122452.30,199.586
2025-10-03T22:20:00+00:00,122452.30,122452.40,122409.10,122428.80,106.529
2025-10-03T22:25:00+00:00,122428.80,122440.50,122428.80,122434.80,94.507
2025-10-03T22:30:00+00:00,122434.80,122462.20,122434.80,122462.10,95.321
2025-10-03T22:35:00+00:00,122462.20,122570.30,122462.10,122570.30,135.815
2025-10-03T22:40:00+00:00,122570.20,122622.70,122528.40,122528.40,313.155
2025-10-03T22:45:00+00:00,122528.50,122554.50,122514.00,122554.40,79.648
2025-10-03T22:50:00+00:00,122554.50,122554.50,122415.00,122415.00,129.685
2025-10-03T22:55:00+00:00,122415.00,122437.00,122400.00,122427.70,123.828
2025-10-03T23:00:00+00:00,122427.70,122427.70,122355.60,122355.60,112.231
2025-10-03T23:05:00+00:00,122355.60,122360.20,122317.80,122318.80,102.845
2025-10-03T23:10:00+00:00,122318.80,122318.90,122228.40,122252.20,212.649
2025-10-03T23:15:00+00:00,122252.20,122292.90,122227.90,122276.40,107.548
2025-10-03T23:20:00+00:00,122276.40,122310.00,122276.30,122284.80,79.872
2025-10-03T23:25:00+00:00,122284.90,122284.90,122229.70,122229.70,98.200
2025-10-03T23:30:00+00:00,122229.70,122229.80,122140.20,122229.60,181.437
2025-10-03T23:35:00+00:00,122229.50,122280.40,122217.00,122280.40,96.253
2025-10-03T23:40:00+00:00,122280.40,122287.00,122248.50,122248.50,63.498
2025-10-03T23:45:00+00:00,122248.50,122270.80,122160.30,122184.50,287.013
2025-10-03T23:50:00+00:00,122184.60,122218.60,122130.00,122132.00,279.720
2025-10-03T23:55:00+00:00,122132.10,122182.70,122125.10,122182.70,226.515
2025-10-04T00:00:00+00:00,122182.60,122219.80,121999.30,122070.80,1123.996
2025-10-04T00:05:00+00:00,122070.70,122217.30,122070.70,122188.80,313.635
2025-10-04T00:10:00+00:00,122188.80,122199.00,122122.10,122122.80,154.721
2025-10-04T00:15:00+00:00,122122.80,122202.20,122122.80,122175.00,296.423
2025-10-04T00:20:00+00:00,122174.90,122256.40,122166.00,122253.20,208.605
2025-10-04T00:25:00+00:00,122253.20,122253.30,122115.10,122115.20,309.905
2025-10-04T00:30:00+00:00,122115.10,122138.60,122009.50,122009.50,221.425
2025-10-04T00:35:00+00:00,122009.60,122075.00,121936.20,121976.90,421.669
2025-10-04T00:40:00+00:00,121976.90,122054.70,121952.00,122016.90,217.619
2025-10-04T00:45:00+00:00,122016.90,122055.80,121946.70,121946.80,403.424
2025-10-04T00:50:00+00:00,121946.70,122051.80,121946.70,122019.00,445.777
2025-10-04T00:55:00+00:00,122019.10,122076.40,121978.00,122076.40,329.679
2025-10-04T01:00:00+00:00,122076.40,122076.40,121990.00,122019.60,213.091
2025-10-04T01:05:00+00:00,122019.50,122073.10,121973.80,122066.00,244.374
2025-10-04T01:10:00+00:00,122066.00,122067.10,121969.60,122062.30,348.232
2025-10-04T01:15:00+00:00,122062.20,122070.80,121970.10,122038.20,298.665
2025-10-04T01:20:00+00:00,122038.20,122038.20,121947.70,121959.50,308.104
2025-10-04T01:25:00+00:00,121959.50,121977.20,121900.00,121900.10,137.200
2025-10-04T01:30:00+00:00,121900.00,121990.80,121810.20,121990.70,564.393
2025-10-04T01:35:00+00:00,121990.70,121990.80,121836.80,121907.50,594.950
2025-10-04T01:40:00+00:00,121907.50,121907.60,121804.00,121834.90,328.681
2025-10-04T01:45:00+00:00,121834.90,121849.80,121721.10,121722.40,324.930
2025-10-04T01:50:00+00:00,121721.10,121757.70,121650.80,121650.80,463.910
2025-10-04T01:55:00+00:00,121650.90,121819.00,121650.80,121818.90,501.308
2025-10-04T02:00:00+00:00,121819.00,121988.00,121818.90,121924.00,355.268
2025-10-04T02:05:00+00:00,121924.00,122000.00,121912.10,121912.20,346.742
2025-10-04T02:10:00+00:00,121912.10,121974.50,121750.00,121833.50,422.551
2025-10-04T02:15:00+00:00,121833.50,121845.30,121637.20,121694.40,620.405
2025-10-04T02:20:00+00:00,121694.30,121857.10,121636.50,121688.30,577.748
2025-10-04T02:25:00+00:00,121688.40,121775.40,121688.30,121760.10,339.438
2025-10-04T02:30:00+00:00,121760.10,121801.00,121650.40,121709.20,377.671
2025-10-04T02:35:00+00:00,121709.20,121726.70,121636.40,121690.70,359.744
2025-10-04T02:40:00+00:00,121690.80,121747.70,121670.00,121718.40,360.310
2025-10-04T02:45:00+00:00,121718.30,121798.80,121687.10,121745.70,355.909
2025-10-04T02:50:00+00:00,121745.70,121916.00,121745.60,121912.90,715.201
2025-10-04T02:55:00+00:00,121912.90,121913.00,121779.70,121811.70,381.702
2025-10-04T03:00:00+00:00,121811.70,121861.00,121781.90,121808.30,236.445
2025-10-04T03:05:00+00:00,121808.40,121850.00,121804.80,121837.30,97.218
2025-10-04T03:10:00+00:00,121837.20,121855.00,121805.30,121854.90,120.894
2025-10-04T03:15:00+00:00,121854.90,121929.90,121854.90,121908.30,155.170
2025-10-04T03:20:00+00:00,121908.40,121969.80,121900.00,121969.80,194.020
2025-10-04T03:25:00+00:00,121969.80,122037.60,121969.70,122018.40,319.812
2025-10-04T03:30:00+00:00,122018.30,122053.00,122007.90,122029.20,201.041
2025-10-04T03:35:00+00:00,122029.20,122047.30,121987.00,122004.80,164.346
2025-10-04T03:40:00+00:00,122004.70,122053.00,122004.70,122053.00,113.682
2025-10-04T03:45:00+00:00,122052.90,122066.20,121989.50,122066.20,160.060
2025-10-04T03:50:00+00:00,122066.20,122214.80,122066.10,122208.80,325.061
2025-10-04T03:55:00+00:00,122208.70,122301.90,122153.80,122197.20,464.609
2025-10-04T04:00:00+00:00,122197.30,122262.80,122188.50,122246.40,231.409
2025-10-04T04:05:00+00:00,122246.50,122259.20,122211.90,122242.00,133.790
2025-10-04T04:10:00+00:00,122242.00,122251.20,122222.00,122234.90,111.144
2025-10-04T04:15:00+00:00,122235.00,122286.90,122168.40,122249.80,539.991
2025-10-04T04:20:00+00:00,122249.80,122335.30,122210.00,122335.30,553.907
2025-10-04T04:25:00+00:00,122335.20,122335.30,122281.20,122299.80,337.914
2025-10-04T04:30:00+00:00,122299.80,122340.00,122240.00,122309.30,321.448
2025-10-04T04:35:00+00:00,122309.40,122383.80,122309.30,122381.70,355.227
2025-10-04T04:40:00+00:00,122381.70,122474.20,122381.70,122441.80,533.202
2025-10-04T04:45:00+00:00,122441.80,122472.20,122404.00,122431.10,433.342
2025-10-04T04:50:00+00:00,122431.10,122486.80,122426.90,122468.70,148.990
2025-10-04T04:55:00+00:00,122468.60,122468.70,122446.20,122448.80,123.808
2025-10-04T05:00:00+00:00,122448.70,122452.40,122385.60,122395.00,251.136
2025-10-04T05:05:00+00:00,122395.10,122496.90,122388.30,122496.80,289.927
2025-10-04T05:10:00+00:00,122496.80,122641.10,122479.70,122601.90,741.084
2025-10-04T05:15:00+00:00,122602.00,122637.80,122569.10,122637.80,290.684
2025-10-04T05:20:00+00:00,122637.70,122741.30,122637.70,122687.90,443.738
2025-10-04T05:25:00+00:00,122687.90,122781.10,122611.80,122630.10,525.792
2025-10-04T05:30:00+00:00,122630.10,122674.50,122596.40,122652.70,348.774
2025-10-04T05:35:00+00:00,122652.70,122669.80,122592.30,122592.30,257.169
2025-10-04T05:40:00+00:00,122592.30,122592.40,122408.10,122430.40,349.842
2025-10-04T05:45:00+00:00,122430.40,122466.90,122353.80,122372.70,407.377
2025-10-04T05:50:00+00:00,122372.70,122524.10,122372.60,122524.10,293.728
2025-10-04T05:55:00+00:00,122524.10,122554.10,122423.70,122480.60,448.194
2025-10-04T06:00:00+00:00,122480.70,122510.60,122432.40,122453.00,479.214
2025-10-04T06:05:00+00:00,122453.00,122460.10,122337.20,122363.10,389.420
2025-10-04T06:10:00+00:00,122363.00,122382.70,122325.60,122359.10,208.559
2025-10-04T06:15:00+00:00,122359.10,122515.50,122359.00,122509.60,455.391
2025-10-04T06:20:00+00:00,122509.60,122551.30,122491.60,122510.00,334.906
2025-10-04T06:25:00+00:00,122510.00,122535.90,122448.40,122448.40,121.462
2025-10-04T06:30:00+00:00,122448.50,122491.60,122446.10,122491.10,143.811
2025-10-04T06:35:00+00:00,122491.10,122496.80,122452.40,122484.40,179.677
2025-10-04T06:40:00+00:00,122484.40,122511.00,122431.70,122464.30,152.463
2025-10-04T06:45:00+00:00,122464.30,122479.30,122442.60,122445.10,93.620
2025-10-04T06:50:00+00:00,122445.00,122445.10,122382.80,122382.90,94.468
2025-10-04T06:55:00+00:00,122382.90,122411.60,122382.80,122388.90,78.407
2025-10-04T07:00:00+00:00,122388.90,122389.00,122361.00,122378.00,87.289
2025-10-04T07:05:00+00:00,122378.00,122378.00,122336.90,122337.00,87.084
2025-10-04T07:10:00+00:00,122337.00,122414.80,122289.90,122378.40,291.583
2025-10-04T07:15:00+00:00,122378.40,122378.40,122283.70,122323.90,136.095
2025-10-04T07:20:00+00:00,122323.90,122323.90,122260.70,122276.20,101.355
2025-10-04T07:25:00+00:00,122276.20,122329.80,122261.00,122324.80,111.010
2025-10-04T07:30:00+00:00,122324.90,122350.00,122283.00,122345.50,235.855
2025-10-04T07:35:00+00:00,122345.40,122345.50,122268.80,122268.90,190.541
2025-10-04T07:40:00+00:00,122268.80,122271.90,122226.10,122270.90,247.597
2025-10-04T07:45:00+00:00,122270.90,122270.90,122209.70,122217.50,168.796
2025-10-04T07:50:00+00:00,122217.50,122237.90,122213.00,122225.30,105.789
2025-10-04T07:55:00+00:00,122225.30,122305.60,122210.00,122271.30,200.173
2025-10-04T08:00:00+00:00,122271.40,122399.50,122243.80,122396.30,234.866
2025-10-04T08:05:00+00:00,122396.40,122432.20,122366.40,122432.10,245.933
2025-10-04T08:10:00+00:00,122432.10,122497.40,122415.00,122425.50,479.310
2025-10-04T08:15:00+00:00,122425.50,122425.50,122319.50,122387.80,347.083
2025-10-04T08:20:00+00:00,122387.90,122457.70,122345.80,122349.20,348.479
2025-10-04T08:25:00+00:00,122349.10,122444.30,122349.10,122382.70,246.727
2025-10-04T08:30:00+00:00,122382.80,122382.80,122253.40,122290.30,167.541
2025-10-04T08:35:00+00:00,122290.20,122290.30,122224.70,122224.80,78.936
2025-10-04T08:40:00+00:00,122224.80,122244.50,122168.80,122190.10,182.035
2025-10-04T08:45:00+00:00,122190.10,122273.90,122141.50,122255.10,336.856
2025-10-04T08:50:00+00:00,122255.10,122267.50,122207.20,122231.90,227.185
2025-10-04T08:55:00+00:00,122231.90,122253.40,122226.10,122226.20,88.427
2025-10-04T09:00:00+00:00,122226.20,122300.00,122217.00,122300.00,144.806
2025-10-04T09:05:00+00:00,122299.90,122372.10,122299.90,122353.40,191.714
2025-10-04T09:10:00+00:00,122353.40,122379.00,122330.00,122372.20,126.422
2025-10-04T09:15:00+00:00,122372.20,122414.10,122327.00,122338.60,175.674
2025-10-04T09:20:00+00:00,122338.70,122351.00,122311.70,122351.00,73.740
2025-10-04T09:25:00+00:00,122350.90,122359.20,122327.80,122327.80,79.678
2025-10-04T09:30:00+00:00,122327.80,122327.90,122300.00,122300.10,52.038
2025-10-04T09:35:00+00:00,122300.00,122304.00,122262.20,122280.00,121.845
2025-10-04T09:40:00+00:00,122280.00,122291.50,122279.70,122279.70,51.474
2025-10-04T09:45:00+00:00,122279.80,122279.80,122188.00,122194.40,96.927
2025-10-04T09:50:00+00:00,122194.30,122194.40,122152.40,122163.00,209.408
2025-10-04T09:55:00+00:00,122163.10,122173.80,122133.00,122168.00,137.334
2025-10-04T10:00:00+00:00,122168.00,122215.90,122139.90,122214.20,176.938
2025-10-04T10:05:00+00:00,122214.20,122224.80,122214.10,122224.80,68.281
2025-10-04T10:10:00+00:00,122224.80,122224.80,122180.00,122180.10,70.786
2025-10-04T10:15:00+00:00,122180.10,122225.20,122165.70,122201.40,133.670
2025-10-04T10:20:00+00:00,122201.40,122262.00,122201.30,122262.00,108.404
2025-10-04T10:25:00+00:00,122261.90,122278.90,122247.00,122257.40,83.727
2025-10-04T10:30:00+00:00,122257.30,122293.20,122257.30,122257.30,53.654
2025-10-04T10:35:00+00:00,122257.30,122257.40,122150.00,122206.20,111.756
2025-10-04T10:40:00+00:00,122206.20,122206.30,122166.00,122184.90,107.992
2025-10-04T10:45:00+00:00,122184.90,122194.00,122132.00,122132.00,123.725
2025-10-04T10:50:00+00:00,122132.00,122137.60,122069.80,122069.90,217.337
2025-10-04T10:55:00+00:00,122069.90,122090.70,122062.10,122075.00,179.093
2025-10-04T11:00:00+00:00,122075.10,122130.00,122050.00,122130.00,174.956
2025-10-04T11:05:00+00:00,122129.90,122177.30,122088.30,122088.30,185.576
2025-10-04T11:10:00+00:00,122088.30,122088.40,121938.10,121980.90,339.538
2025-10-04T11:15:00+00:00,121980.80,122042.80,121908.30,121948.80,460.752
2025-10-04T11:20:00+00:00,121948.70,121963.60,121928.80,121951.80,189.879
2025-10-04T11:25:00+00:00,121951.80,122086.30,121951.80,122045.50,185.447
2025-10-04T11:30:00+00:00,122045.40,122090.10,122045.40,122065.10,195.673
2025-10-04T11:35:00+00:00,122065.00,122070.10,122000.00,122000.00,124.775
2025-10-04T11:40:00+00:00,122000.00,122067.90,121978.30,122019.70,99.221
2025-10-04T11:45:00+00:00,122019.60,122019.70,121980.40,121985.20,57.993
2025-10-04T11:50:00+00:00,121985.20,122030.80,121985.20,121985.30,138.057
2025-10-04T11:55:00+00:00,121985.20,121985.30,121924.60,121924.60,115.744
2025-10-04T12:00:00+00:00,121924.60,122003.90,121918.80,121974.00,221.441
2025-10-04T12:05:00+00:00,121974.00,121974.00,121952.40,121972.70,113.005
2025-10-04T12:10:00+00:00,121972.70,122060.40,121972.70,122060.40,123.983
2025-10-04T12:15:00+00:00,122060.40,122060.40,122024.30,122024.30,137.472
2025-10-04T12:20:00+00:00,122024.30,122039.10,122011.00,122039.00,67.840
2025-10-04T12:25:00+00:00,122039.00,122039.10,121982.30,122029.60,96.319
2025-10-04T12:30:00+00:00,122029.60,122039.90,121962.00,121985.40,88.631
2025-10-04T12:35:00+00:00,121985.40,122008.50,121970.00,122001.40,146.505
2025-10-04T12:40:00+00:00,122001.40,122013.40,121986.30,121986.30,97.507
2025-10-04T12:45:00+00:00,121986.30,121986.40,121913.30,121913.30,149.465
2025-10-04T12:50:00+00:00,121913.30,121947.60,121891.20,121915.00,226.973
2025-10-04T12:55:00+00:00,121914.90,121968.00,121914.90,121955.00,133.787
2025-10-04T13:00:00+00:00,121954.90,122222.80,121954.90,122206.70,445.166
2025-10-04T13:05:00+00:00,122206.70,122480.90,122182.30,122411.50,1002.977
2025-10-04T13:10:00+00:00,122411.50,122435.40,122325.60,122341.30,472.222
2025-10-04T13:15:00+00:00,122341.30,122411.00,122320.50,122348.10,271.655
2025-10-04T13:20:00+00:00,122348.00,122348.10,122237.90,122284.00,322.026
2025-10-04T13:25:00+00:00,122284.00,122302.70,122254.70,122260.10,172.896
2025-10-04T13:30:00+00:00,122260.00,122326.70,122260.00,122326.70,167.162
2025-10-04T13:35:00+00:00,122326.60,122412.20,122326.60,122405.90,154.610
2025-10-04T13:40:00+00:00,122405.80,122405.90,122351.40,122351.40,181.328
2025-10-04T13:45:00+00:00,122351.40,122399.80,122350.70,122369.40,192.970
2025-10-04T13:50:00+00:00,122369.40,122369.40,122316.80,122330.20,96.563
2025-10-04T13:55:00+00:00,122330.20,122345.60,122301.60,122335.50,118.905
2025-10-04T14:00:00+00:00,122335.50,122348.70,122280.00,122286.20,134.722
2025-10-04T14:05:00+00:00,122286.20,122299.40,122237.60,122282.70,160.055
2025-10-04T14:10:00+00:00,122282.70,122380.30,122264.20,122380.30,138.235
2025-10-04T14:15:00+00:00,122380.20,122411.50,122279.60,122335.20,186.999
2025-10-04T14:20:00+00:00,122335.10,122335.20,122284.70,122289.70,112.729
2025-10-04T14:25:00+00:00,122289.60,122289.70,122245.70,122270.10,73.323
2025-10-04T14:30:00+00:00,122270.10,122270.20,122212.60,122240.00,191.407
2025-10-04T14:35:00+00:00,122239.90,122240.00,122187.50,122213.70,111.494
2025-10-04T14:40:00+00:00,122213.70,122238.90,122190.00,122190.00,98.368
2025-10-04T14:45:00+00:00,122190.00,122190.00,122100.60,122129.90,151.135
2025-10-04T14:50:00+00:00,122129.90,122130.00,121973.30,122039.00,508.253
2025-10-04T14:55:00+00:00,122039.00,122040.30,121944.30,121944.40,315.857
2025-10-04T15:00:00+00:00,121944.40,122085.10,121817.00,121980.10,1004.085
2025-10-04T15:05:00+00:00,121980.10,122066.00,121947.00,121981.70,280.127
2025-10-04T15:10:00+00:00,121981.70,122000.00,121843.00,121843.10,262.310
2025-10-04T15:15:00+00:00,121843.00,121932.70,121750.00,121870.10,538.125
2025-10-04T15:20:00+00:00,121870.00,121870.10,121715.50,121764.70,1009.469
2025-10-04T15:25:00+00:00,121764.60,121806.80,121638.50,121689.80,799.398
2025-10-04T15:30:00+00:00,121689.90,121814.00,121662.10,121684.90,583.329
2025-10-04T15:35:00+00:00,121684.90,121798.80,121678.80,121765.60,419.585
2025-10-04T15:40:00+00:00,121765.70,121865.70,121765.70,121854.00,354.133
2025-10-04T15:45:00+00:00,121853.90,121949.90,121849.20,121939.90,353.218
2025-10-04T15:50:00+00:00,121940.00,121968.00,121838.70,121838.70,224.304
2025-10-04T15:55:00+00:00,121838.80,121838.80,121700.00,121744.80,259.800
2025-10-04T16:00:00+00:00,121744.80,121901.10,121744.80,121869.40,241.505
2025-10-04T16:05:00+00:00,121869.50,121920.00,121819.20,121819.30,179.839
2025-10-04T16:10:00+00:00,121819.20,121870.60,121551.80,121647.10,1405.700
2025-10-04T16:15:00+00:00,121647.10,121697.70,121564.80,121633.90,458.985
2025-10-04T16:20:00+00:00,121633.90,121648.50,121533.30,121560.20,402.288
2025-10-04T16:25:00+00:00,121560.20,121699.70,121560.10,121664.50,344.921
2025-10-04T16:30:00+00:00,121664.40,121816.60,121653.10,121816.60,326.252
2025-10-04T16:35:00+00:00,121816.50,121850.00,121720.00,121791.70,187.631
2025-10-04T16:40:00+00:00,121791.70,121799.00,121671.20,121780.80,441.002
2025-10-04T16:45:00+00:00,121780.90,121788.50,121578.80,121578.90,1299.467
2025-10-04T16:50:00+00:00,121578.90,121650.00,121570.00,121645.00,249.060
2025-10-04T16:55:00+00:00,121644.90,121679.50,121542.00,121668.50,433.424
2025-10-04T17:00:00+00:00,121668.40,121760.20,121610.00,121728.40,324.154
2025-10-04T17:05:00+00:00,121728.30,121799.00,121728.30,121779.30,175.552
2025-10-04T17:10:00+00:00,121779.20,121779.20,121728.50,121728.50,83.003
2025-10-04T17:15:00+00:00,121728.50,121756.70,121682.40,121702.70,113.310
2025-10-04T17:20:00+00:00,121702.70,121737.50,121694.00,121709.30,93.606
2025-10-04T17:25:00+00:00,121709.40,121812.10,121709.30,121789.50,132.855
2025-10-04T17:30:00+00:00,121789.40,121869.60,121755.50,121767.60,295.886
2025-10-04T17:35:00+00:00,121767.70,121767.70,121693.10,121705.30,221.268
2025-10-04T17:40:00+00:00,121705.30,121732.50,121633.00,121666.40,273.319
2025-10-04T17:45:00+00:00,121666.40,121689.40,121630.30,121636.30,213.804
2025-10-04T17:50:00+00:00,121636.30,121654.40,121622.50,121649.40,163.460
2025-10-04T17:55:00+00:00,121649.40,121698.10,121649.30,121698.00,81.981
2025-10-04T18:00:00+00:00,121698.00,121784.30,121692.00,121746.80,194.261
2025-10-04T18:05:00+00:00,121746.70,121784.10,121746.70,121753.20,79.605
2025-10-04T18:10:00+00:00,121753.20,121774.40,121649.40,121649.40,367.913
2025-10-04T18:15:00+00:00,121649.40,121713.30,121649.40,121659.70,215.091
2025-10-04T18:20:00+00:00,121659.60,121698.30,121649.40,121691.40,211.106
2025-10-04T18:25:00+00:00,121691.30,121691.40,121681.60,121681.70,41.814
2025-10-04T18:30:00+00:00,121681.60,121681.70,121627.30,121649.90,156.115
2025-10-04T18:35:00+00:00,121649.90,121649.90,121550.00,121591.40,492.770
2025-10-04T18:40:00+00:00,121591.40,121631.80,121579.80,121621.60,106.259
2025-10-04T18:45:00+00:00,121621.70,121621.70,121550.00,121550.10,194.119
2025-10-04T18:50:00+00:00,121550.00,121578.30,121542.50,121542.60,116.333
2025-10-04T18:55:00+00:00,121542.60,121542.60,121432.00,121533.40,531.081
2025-10-04T19:00:00+00:00,121533.30,121620.00,121533.30,121620.00,222.558
2025-10-04T19:05:00+00:00,121620.00,121634.70,121598.00,121634.40,121.790
2025-10-04T19:10:00+00:00,121634.30,121765.60,121634.30,121756.40,217.474
2025-10-04T19:15:00+00:00,121756.50,121756.50,121700.90,121700.90,76.706
2025-10-04T19:20:00+00:00,121701.00,121828.80,121700.90,121814.30,246.576
2025-10-04T19:25:00+00:00,121814.20,121826.10,121781.70,121781.70,81.006
2025-10-04T19:30:00+00:00,121781.80,121828.80,121781.70,121828.70,61.044
2025-10-04T19:35:00+00:00,121828.80,121858.80,121811.20,121858.80,141.664
2025-10-04T19:40:00+00:00,121858.80,121906.20,121829.40,121829.50,154.074
2025-10-04T19:45:00+00:00,121829.50,121833.00,121819.60,121831.50,85.330
2025-10-04T19:50:00+00:00,121831.60,121889.90,121831.50,121889.80,56.055
2025-10-04T19:55:00+00:00,121889.90,121919.00,121880.70,121919.00,96.983
2025-10-04T20:00:00+00:00,121918.90,122055.40,121848.00,121848.00,548.967
2025-10-04T20:05:00+00:00,121848.00,121939.30,121843.80,121879.20,118.338
2025-10-04T20:10:00+00:00,121879.20,121906.30,121879.20,121906.20,96.615
2025-10-04T20:15:00+00:00,121906.20,121985.80,121906.20,121926.00,140.343
2025-10-04T20:20:00+00:00,121926.00,121990.80,121926.00,121984.00,88.873
2025-10-04T20:25:00+00:00,121984.00,122021.70,121974.10,122021.70,87.836
2025-10-04T20:30:00+00:00,122021.60,122021.60,121944.70,121944.80,80.879
2025-10-04T20:35:00+00:00,121944.70,121999.20,121938.70,121999.20,60.346
2025-10-04T20:40:00+00:00,121999.10,121999.20,121980.00,121980.00,39.759
2025-10-04T20:45:00+00:00,121980.10,122013.50,121934.40,121940.90,99.699
2025-10-04T20:50:00+00:00,121940.90,121941.00,121852.40,121894.80,100.408
2025-10-04T20:55:00+00:00,121894.70,121932.90,121832.80,121832.80,141.965
2025-10-04T21:00:00+00:00,121832.90,121917.60,121813.40,121917.50,139.608
2025-10-04T21:05:00+00:00,121917.50,121924.30,121903.20,121924.20,56.073
2025-10-04T21:10:00+00:00,121924.30,122092.50,121919.40,122092.50,214.068
2025-10-04T21:15:00+00:00,122092.50,122154.20,122040.00,122154.20,385.791
2025-10-04T21:20:00+00:00,122154.20,122189.80,122154.10,122189.80,171.479
2025-10-04T21:25:00+00:00,122189.70,122287.90,122189.70,122287.90,435.902
2025-10-04T21:30:00+00:00,122287.90,122287.90,122259.60,122282.10,222.331
2025-10-04T21:35:00+00:00,122282.10,122282.10,122175.40,122211.50,240.719
2025-10-04T21:40:00+00:00,122211.60,122310.70,122195.20,122277.70,309.319
2025-10-04T21:45:00+00:00,122277.60,122277.70,122128.40,122128.40,101.614
2025-10-04T21:50:00+00:00,122128.40,122139.10,122128.40,122138.60,70.846
2025-10-04T21:55:00+00:00,122138.50,122139.90,122138.50,122139.90,68.195
2025-10-04T22:00:00+00:00,122139.90,122178.90,122089.20,122089.30,174.560
2025-10-04T22:05:00+00:00,122089.20,122154.00,122089.20,122119.10,108.484
2025-10-04T22:10:00+00:00,122119.10,122145.20,122102.30,122145.20,58.810
2025-10-04T22:15:00+00:00,122145.20,122148.90,122131.80,122131.80,50.478
2025-10-04T22:20:00+00:00,122131.80,122149.90,122131.80,122149.60,57.525
2025-10-04T22:25:00+00:00,122149.70,122230.60,122149.60,122192.90,115.623
2025-10-04T22:30:00+00:00,122192.90,122322.20,122192.90,122306.40,228.815
2025-10-04T22:35:00+00:00,122306.50,122306.50,122222.30,122231.80,85.395
2025-10-04T22:40:00+00:00,122231.70,122245.40,122220.30,122245.30,50.921
2025-10-04T22:45:00+00:00,122245.30,122293.20,122245.30,122285.40,108.206
2025-10-04T22:50:00+00:00,122285.40,122285.50,122156.60,122190.10,322.556
2025-10-04T22:55:00+00:00,122190.20,122257.50,122190.10,122230.90,102.075
2025-10-04T23:00:00+00:00,122231.00,122231.00,122191.50,122200.90,76.761
2025-10-04T23:05:00+00:00,122200.80,122234.80,122200.80,122234.70,60.896
2025-10-04T23:10:00+00:00,122234.70,122250.00,122200.80,122200.90,67.973
2025-10-04T23:15:00+00:00,122200.80,122200.90,122175.30,122180.50,108.740
2025-10-04T23:20:00+00:00,122180.60,122183.70,122159.90,122160.00,96.742
2025-10-04T23:25:00+00:00,122159.90,122160.00,122159.90,122160.00,41.071
2025-10-04T23:30:00+00:00,122160.00,122248.80,122159.90,122248.80,174.737
2025-10-04T23:35:00+00:00,122248.70,122250.00,122220.00,122249.90,118.563
2025-10-04T23:40:00+00:00,122250.00,122298.50,122249.90,122298.40,90.148
2025-10-04T23:45:00+00:00,122298.40,122374.80,122297.50,122331.10,293.445
2025-10-04T23:50:00+00:00,122331.00,122331.10,122300.00,122300.00,58.097
2025-10-04T23:55:00+00:00,122300.10,122343.30,122300.00,122343.20,73.392
2025-10-05T00:00:00+00:00,122343.20,122369.30,122279.50,122279.50,153.160
2025-10-05T00:05:00+00:00,122279.60,122279.60,122233.80,122233.80,116.191
2025-10-05T00:10:00+00:00,122233.80,122233.90,122204.70,122204.70,74.514
2025-10-05T00:15:00+00:00,122204.80,122275.00,122197.20,122254.30,175.880
2025-10-05T00:20:00+00:00,122254.30,122334.10,122254.30,122334.00,75.008
2025-10-05T00:25:00+00:00,122334.00,122365.40,122305.20,122359.20,101.287
2025-10-05T00:30:00+00:00,122359.20,122359.30,122273.80,122310.00,101.870
2025-10-05T00:35:00+00:00,122309.90,122310.00,122280.60,122280.60,42.489
2025-10-05T00:40:00+00:00,122280.60,122301.70,122220.10,122220.20,121.891
2025-10-05T00:45:00+00:00,122220.10,122226.10,122203.80,122203.90,107.236
2025-10-05T00:50:00+00:00,122203.80,122203.90,122101.20,122147.60,456.635
2025-10-05T00:55:00+00:00,122147.60,122147.60,122110.00,122112.50,108.909
2025-10-05T01:00:00+00:00,122112.50,122180.00,122112.50,122180.00,200.504
2025-10-05T01:05:00+00:00,122180.00,122235.00,122179.90,122235.00,111.439
2025-10-05T01:10:00+00:00,122235.00,122274.80,122226.00,122274.80,127.124
2025-10-05T01:15:00+00:00,122274.70,122274.80,122192.00,122192.00,154.667
2025-10-05T01:20:00+00:00,122192.00,122196.70,122088.10,122190.40,205.049
2025-10-05T01:25:00+00:00,122190.30,122254.20,122146.70,122201.00,179.062
2025-10-05T01:30:00+00:00,122201.00,122245.70,122201.00,122235.30,155.649
2025-10-05T01:35:00+00:00,122235.30,122312.40,122235.30,122312.40,131.391
2025-10-05T01:40:00+00:00,122312.30,122377.70,122312.30,122349.70,169.469
2025-10-05T01:45:00+00:00,122349.80,122349.80,122271.40,122311.00,163.104
2025-10-05T01:50:00+00:00,122311.00,122350.00,122311.00,122314.90,135.358
2025-10-05T01:55:00+00:00,122314.80,122335.50,122314.80,122326.90,60.188
2025-10-05T02:00:00+00:00,122326.80,122332.10,122290.50,122306.10,130.154
2025-10-05T02:05:00+00:00,122306.00,122331.10,122306.00,122331.00,61.497
2025-10-05T02:10:00+00:00,122331.00,122355.50,122331.00,122355.50,113.339
2025-10-05T02:15:00+00:00,122355.40,122359.70,122329.30,122339.70,100.311
2025-10-05T02:20:00+00:00,122339.90,122380.00,122339.90,122365.50,95.253
2025-10-05T02:25:00+00:00,122365.50,122847.00,122365.50,122821.70,3783.529
2025-10-05T02:30:00+00:00,122821.80,124233.20,122787.00,124116.20,9205.114
2025-10-05T02:35:00+00:00,124116.30,124374.00,123786.50,123801.90,4097.067
2025-10-05T02:40:00+00:00,123801.90,123801.90,123425.40,123643.10,1772.756
2025-10-05T02:45:00+00:00,123643.00,123988.00,123643.00,123775.60,1668.624
2025-10-05T02:50:00+00:00,123775.60,123789.00,123500.40,123699.90,620.273
2025-10-05T02:55:00+00:00,123699.90,124120.50,123699.90,124012.20,1204.813
2025-10-05T03:00:00+00:00,124012.20,124110.00,123803.10,124003.10,1055.963
2025-10-05T03:05:00+00:00,124003.20,124042.10,123851.10,123900.40,627.694
2025-10-05T03:10:00+00:00,123900.30,123950.00,123584.20,123633.40,796.948
2025-10-05T03:15:00+00:00,123633.40,123655.20,123303.60,123457.10,929.891
2025-10-05T03:20:00+00:00,123457.00,123655.70,123439.70,123565.50,472.868
2025-10-05T03:25:00+00:00,123565.40,123824.00,123565.40,123818.40,845.480
2025-10-05T03:30:00+00:00,123818.40,124084.30,123812.20,124078.70,1044.923
2025-10-05T03:35:00+00:00,124078.80,124153.30,123910.30,124013.10,686.610
2025-10-05T03:40:00+00:00,124013.00,124023.60,123868.20,123990.00,440.518
2025-10-05T03:45:00+00:00,123990.00,124100.00,123918.10,123950.40,365.141
2025-10-05T03:50:00+00:00,123950.40,123981.00,123790.30,123790.30,487.050
2025-10-05T03:55:00+00:00,123790.30,123824.10,123695.10,123735.70,697.288
2025-10-05T04:00:00+00:00,123735.70,124046.20,123735.60,124012.60,660.480
2025-10-05T04:05:00+00:00,124012.60,124030.50,123815.80,123815.90,665.839
2025-10-05T04:10:00+00:00,123815.90,123872.90,123678.00,123872.90,428.731
2025-10-05T04:15:00+00:00,123872.90,123929.70,123810.00,123925.90,289.194
2025-10-05T04:20:00+00:00,123925.80,124016.60,123925.80,123955.10,332.303
2025-10-05T04:25:00+00:00,123955.20,124037.60,123943.50,123977.90,464.634
2025-10-05T04:30:00+00:00,123977.90,124025.90,123956.60,124007.60,278.089
2025-10-05T04:35:00+00:00,124007.70,124286.40,124007.60,124206.90,1015.712
2025-10-05T04:40:00+00:00,124206.80,124453.30,124138.80,124269.50,1163.762
2025-10-05T04:45:00+00:00,124269.40,125877.30,124269.40,125284.60,12189.591
2025-10-05T04:50:00+00:00,125284.70,125638.30,125284.60,125350.00,2581.758
2025-10-05T04:55:00+00:00,125350.00,125416.30,125130.70,125167.50,1489.762
2025-10-05T05:00:00+00:00,125167.40,125420.10,125167.40,125403.80,1021.599
2025-10-05T05:05:00+00:00,125403.70,125403.80,124856.20,124977.30,1574.644
2025-10-05T05:10:00+00:00,124977.20,125233.60,124863.80,125177.20,869.656
2025-10-05T05:15:00+00:00,125177.20,125237.60,124888.00,125072.70,827.446
2025-10-05T05:20:00+00:00,125072.70,125176.50,124965.00,125176.50,904.263
2025-10-05T05:25:00+00:00,125176.40,125388.40,125148.20,125367.40,1012.636
2025-10-05T05:30:00+00:00,125367.40,125380.00,125176.20,125213.20,804.523
2025-10-05T05:35:00+00:00,125213.10,125303.80,125180.00,125256.20,620.560
2025-10-05T05:40:00+00:00,125256.30,125321.00,125073.80,125210.30,715.075
2025-10-05T05:45:00+00:00,125210.20,125210.30,124982.90,125101.00,495.439
2025-10-05T05:50:00+00:00,125100.90,125111.70,124930.60,124989.70,554.782
2025-10-05T05:55:00+00:00,124989.60,125107.80,124930.00,125103.00,509.721
2025-10-05T06:00:00+00:00,125103.00,125215.60,125100.00,125117.60,659.427
2025-10-05T06:05:00+00:00,125117.70,125171.30,125090.00,125162.20,404.042
2025-10-05T06:10:00+00:00,125162.30,125162.30,124950.00,125050.40,397.812
2025-10-05T06:15:00+00:00,125050.40,125050.50,124892.30,124946.30,366.220
2025-10-05T06:20:00+00:00,124946.30,124946.40,124784.40,124828.80,622.333
2025-10-05T06:25:00+00:00,124828.90,125032.50,124828.80,124981.50,487.572
2025-10-05T06:30:00+00:00,124981.60,125021.80,124908.10,124935.10,295.883
2025-10-05T06:35:00+00:00,124935.00,124935.10,124812.50,124835.40,263.064
2025-10-05T06:40:00+00:00,124835.50,125058.40,124835.40,125055.00,379.982
2025-10-05T06:45:00+00:00,125055.00,125195.40,124972.10,125179.90,509.393
2025-10-05T06:50:00+00:00,125179.90,125179.90,124946.80,125066.30,373.699
2025-10-05T06:55:00+00:00,125066.40,125066.40,124977.60,124977.70,142.554
2025-10-05T07:00:00+00:00,124977.70,125007.50,124817.80,124945.70,492.935
2025-10-05T07:05:00+00:00,124945.80,125065.30,124908.20,125010.30,263.553
2025-10-05T07:10:00+00:00,125010.30,125056.30,124881.60,124985.30,362.034
2025-10-05T07:15:00+00:00,124985.40,125147.00,124943.90,125000.00,695.914
2025-10-05T07:20:00+00:00,125000.10,125038.80,124873.10,124877.70,425.013
2025-10-05T07:25:00+00:00,124877.70,124925.50,124741.50,124741.50,507.772
2025-10-05T07:30:00+00:00,124741.60,124848.40,124558.80,124596.70,1833.052
2025-10-05T07:35:00+00:00,124596.70,124733.00,124569.30,124733.00,432.270
2025-10-05T07:40:00+00:00,124732.90,124750.10,124650.00,124683.10,273.607
2025-10-05T07:45:00+00:00,124683.20,124780.80,124683.10,124779.10,224.003
2025-10-05T07:50:00+00:00,124779.20,124911.80,124740.20,124885.00,397.280
2025-10-05T07:55:00+00:00,124885.00,124919.90,124657.90,124692.40,516.850
2025-10-05T08:00:00+00:00,124692.50,124770.70,124524.90,124581.40,883.771
2025-10-05T08:05:00+00:00,124581.40,124796.90,124581.30,124788.40,484.064
2025-10-05T08:10:00+00:00,124788.30,124793.50,124616.30,124616.30,295.529
2025-10-05T08:15:00+00:00,124616.40,124677.40,124616.30,124625.00,205.546
2025-10-05T08:20:00+00:00,124625.10,124797.00,124625.00,124764.50,333.613
2025-10-05T08:25:00+00:00,124764.50,124843.00,124679.00,124720.50,375.179
2025-10-05T08:30:00+00:00,124720.50,124720.60,124588.00,124588.00,210.872
2025-10-05T08:35:00+00:00,124588.10,124756.60,124587.20,124733.70,325.071
2025-10-05T08:40:00+00:00,124733.70,124733.80,124655.70,124670.80,199.810
2025-10-05T08:45:00+00:00,124670.80,124670.80,124566.20,124651.50,306.024
2025-10-05T08:50:00+00:00,124651.50,124682.70,124578.50,124681.60,161.601
2025-10-05T08:55:00+00:00,124681.50,124681.50,124561.50,124580.90,170.320
2025-10-05T09:00:00+00:00,124581.00,124644.90,124532.70,124618.20,209.672
2025-10-05T09:05:00+00:00,124618.30,124618.30,124532.50,124554.90,190.826
2025-10-05T09:10:00+00:00,124554.90,124555.00,124331.50,124371.30,843.796
2025-10-05T09:15:00+00:00,124371.30,124428.90,124291.20,124327.40,702.969
2025-10-05T09:20:00+00:00,124327.50,124405.10,124150.00,124388.00,769.226
2025-10-05T09:25:00+00:00,124387.90,124403.70,123900.00,123979.80,1473.809
2025-10-05T09:30:00+00:00,123979.80,123996.20,123100.00,123539.40,6099.330
2025-10-05T09:35:00+00:00,123539.40,123649.80,123105.20,123274.50,1931.578
2025-10-05T09:40:00+00:00,123281.10,123281.10,122828.10,122954.90,4040.498
2025-10-05T09:45:00+00:00,122955.00,123250.10,122720.40,123189.80,2790.285
2025-10-05T09:50:00+00:00,123189.90,123222.30,122961.90,123127.50,1153.755
2025-10-05T09:55:00+00:00,123127.50,123188.90,122955.00,122998.00,870.582
2025-10-05T10:00:00+00:00,122998.00,123049.90,122551.50,122626.30,2217.654
2025-10-05T10:05:00+00:00,122626.40,122829.80,122581.30,122649.00,1103.234
2025-10-05T10:10:00+00:00,122649.00,122888.00,122472.00,122816.90,1597.971
2025-10-05T10:15:00+00:00,122816.90,123000.00,122765.50,122927.70,876.345
2025-10-05T10:20:00+00:00,122927.60,123102.60,122924.00,123000.10,852.729
2025-10-05T10:25:00+00:00,123000.00,123008.40,122913.70,122970.60,375.565
2025-10-05T10:30:00+00:00,122970.60,122970.70,122632.90,122668.30,920.656
2025-10-05T10:35:00+00:00,122668.40,122846.40,122622.00,122769.70,402.366
2025-10-05T10:40:00+00:00,122769.60,122839.80,122752.70,122775.20,303.214
2025-10-05T10:45:00+00:00,122775.20,123049.90,122775.10,123013.40,471.915
2025-10-05T10:50:00+00:00,123013.30,123044.50,122900.00,122956.00,550.849
2025-10-05T10:55:00+00:00,122955.90,123074.20,122955.90,122980.90,421.499
2025-10-05T11:00:00+00:00,122981.00,123222.10,122958.60,123145.40,1008.486
2025-10-05T11:05:00+00:00,123145.30,123145.40,122882.70,122941.10,563.665
2025-10-05T11:10:00+00:00,122941.20,123020.80,122788.00,122823.20,866.155
2025-10-05T11:15:00+00:00,122823.70,123021.10,122823.70,122996.30,365.258
2025-10-05T11:20:00+00:00,122996.30,123273.60,122966.60,123268.40,676.398
2025-10-05T11:25:00+00:00,123268.40,123414.60,123268.30,123301.30,888.113
2025-10-05T11:30:00+00:00,123301.20,123301.20,123149.90,123200.00,347.043
2025-10-05T11:35:00+00:00,123199.90,123255.50,123111.00,123186.60,195.176
2025-10-05T11:40:00+00:00,123186.60,123307.00,123186.50,123295.30,190.858
2025-10-05T11:45:00+00:00,123295.20,123368.60,123288.00,123331.40,274.751
2025-10-05T11:50:00+00:00,123331.40,123450.00,123313.00,123434.80,564.804
2025-10-05T11:55:00+00:00,123434.80,123500.00,123413.20,123413.20,492.001
2025-10-05T12:00:00+00:00,123413.30,123413.30,123065.00,123065.40,889.937
2025-10-05T12:05:00+00:00,123065.40,123110.20,122875.40,122963.20,604.170
2025-10-05T12:10:00+00:00,122963.20,123105.70,122929.30,123105.60,366.629
2025-10-05T12:15:00+00:00,123105.60,123206.10,123012.00,123175.10,310.738
2025-10-05T12:20:00+00:00,123175.10,123210.50,123139.80,123185.00,238.455
2025-10-05T12:25:00+00:00,123185.00,123190.00,123066.40,123081.40,138.323
2025-10-05T12:30:00+00:00,123081.50,123152.80,123073.20,123100.80,139.161
2025-10-05T12:35:00+00:00,123100.80,123143.70,122914.30,122942.00,237.712
2025-10-05T12:40:00+00:00,122942.00,123057.50,122925.80,123002.10,193.961
2025-10-05T12:45:00+00:00,123002.20,123124.30,123002.10,123113.90,232.994
2025-10-05T12:50:00+00:00,123113.90,123188.00,123107.70,123124.30,135.406
2025-10-05T12:55:00+00:00,123124.30,123165.50,123026.40,123035.80,189.262
2025-10-05T13:00:00+00:00,123035.90,123168.90,123012.30,123152.30,211.668
2025-10-05T13:05:00+00:00,123152.40,123198.90,123112.00,123186.30,160.433
2025-10-05T13:10:00+00:00,123186.30,123281.10,123175.40,123199.70,286.134
2025-10-05T13:15:00+00:00,123199.70,123227.50,123167.80,123196.00,145.136
2025-10-05T13:20:00+00:00,123195.90,123227.40,123117.00,123227.40,218.940
2025-10-05T13:25:00+00:00,123227.50,123275.50,123220.00,123242.50,190.171
2025-10-05T13:30:00+00:00,123242.50,123253.80,123160.70,123243.60,292.920
2025-10-05T13:35:00+00:00,123243.50,123295.00,123210.80,123282.40,143.482
2025-10-05T13:40:00+00:00,123282.30,123282.40,123178.70,123217.40,171.153
2025-10-05T13:45:00+00:00,123217.40,123230.00,123177.50,123195.70,149.463
2025-10-05T13:50:00+00:00,123195.60,123195.70,123050.60,123073.90,173.653
2025-10-05T13:55:00+00:00,123074.00,123120.00,123058.10,123120.00,123.616
2025-10-05T14:00:00+00:00,123119.90,123257.60,123119.90,123213.00,231.100
2025-10-05T14:05:00+00:00,123213.00,123242.80,123190.30,123241.70,131.645
2025-10-05T14:10:00+00:00,123241.80,123288.60,123212.90,123213.00,184.138
2025-10-05T14:15:00+00:00,123212.90,123239.30,123119.50,123149.70,126.759
2025-10-05T14:20:00+00:00,123149.60,123149.60,123086.70,123148.70,127.551
2025-10-05T14:25:00+00:00,123148.80,123188.70,123113.20,123152.90,102.537
2025-10-05T14:30:00+00:00,123152.80,123182.40,123066.10,123066.10,84.674
2025-10-05T14:35:00+00:00,123066.10,123066.10,122953.70,122993.30,309.486
2025-10-05T14:40:00+00:00,122993.30,123022.00,122684.90,122864.90,1630.198
2025-10-05T14:45:00+00:00,122864.90,122970.40,122766.80,122837.00,449.626
2025-10-05T14:50:00+00:00,122836.90,122931.00,122830.40,122899.90,197.755
2025-10-05T14:55:00+00:00,122900.00,123020.90,122899.90,122983.40,220.488
2025-10-05T15:00:00+00:00,122983.20,122983.20,122840.40,122890.60,168.048
2025-10-05T15:05:00+00:00,122890.70,122915.20,122773.80,122798.70,237.086
2025-10-05T15:10:00+00:00,122798.70,122907.70,122798.60,122899.90,127.798
2025-10-05T15:15:00+00:00,122899.90,122968.70,122893.80,122964.70,165.629
2025-10-05T15:20:00+00:00,122964.60,122964.70,122866.20,122896.60,118.173
2025-10-05T15:25:00+00:00,122896.60,122917.50,122812.40,122842.50,154.637
2025-10-05T15:30:00+00:00,122842.50,122864.60,122727.60,122731.80,233.338
2025-10-05T15:35:00+00:00,122731.80,122783.30,122600.00,122725.60,667.076
2025-10-05T15:40:00+00:00,122725.60,122762.60,122710.10,122726.00,140.830
2025-10-05T15:45:00+00:00,122725.90,122767.10,122675.00,122746.70,178.666
2025-10-05T15:50:00+00:00,122746.60,122810.10,122740.00,122757.10,221.168
2025-10-05T15:55:00+00:00,122757.10,122818.00,122722.20,122753.00,256.816
2025-10-05T16:00:00+00:00,122752.90,122829.70,122722.20,122806.70,234.888
2025-10-05T16:05:00+00:00,122806.70,123067.60,122806.70,123067.50,740.536
2025-10-05T16:10:00+00:00,123067.50,123067.60,122985.00,123029.20,313.337
2025-10-05T16:15:00+00:00,123029.20,123048.00,122943.60,122998.50,302.375
2025-10-05T16:20:00+00:00,122998.50,123004.00,122935.20,122935.30,114.798
2025-10-05T16:25:00+00:00,122935.20,122950.80,122910.30,122912.30,105.818
2025-10-05T16:30:00+00:00,122912.30,122939.60,122867.00,122913.30,271.131
2025-10-05T16:35:00+00:00,122913.30,123043.90,122908.80,123002.30,294.164
2025-10-05T16:40:00+00:00,123002.30,123036.50,122961.00,122970.80,161.706
2025-10-05T16:45:00+00:00,122970.70,122970.80,122616.30,122663.10,699.289
2025-10-05T16:50:00+00:00,122663.10,122960.50,122160.00,122866.70,4712.658
2025-10-05T16:55:00+00:00,122866.60,123295.00,122866.60,123210.10,1093.485
2025-10-05T17:00:00+00:00,123210.00,123422.00,123210.00,123330.10,1373.744
2025-10-05T17:05:00+00:00,123330.00,123387.30,123195.70,123230.00,889.350
2025-10-05T17:10:00+00:00,123230.00,123230.10,123125.10,123152.10,484.976
2025-10-05T17:15:00+00:00,123152.00,123342.20,123152.00,123156.00,260.890
2025-10-05T17:20:00+00:00,123155.90,123190.00,123120.00,123136.80,217.200
2025-10-05T17:25:00+00:00,123136.80,123161.10,123111.00,123138.70,128.546
2025-10-05T17:30:00+00:00,123138.60,123138.70,122947.30,122994.60,425.957
2025-10-05T17:35:00+00:00,122994.60,123037.40,122840.90,123013.60,468.246
2025-10-05T17:40:00+00:00,123013.50,123092.80,122907.80,123072.10,186.496
2025-10-05T17:45:00+00:00,123072.10,123092.60,123000.00,123049.90,97.163
2025-10-05T17:50:00+00:00,123050.00,123050.00,122940.70,122985.80,163.364
2025-10-05T17:55:00+00:00,122985.70,123030.00,122947.20,123013.90,99.211
2025-10-05T18:00:00+00:00,123013.80,123088.40,123000.20,123031.10,178.489
2025-10-05T18:05:00+00:00,123031.10,123123.40,122858.80,122902.90,370.070
2025-10-05T18:10:00+00:00,122902.80,122999.60,122814.70,122929.90,526.283
2025-10-05T18:15:00+00:00,122929.90,122990.00,122929.90,122984.90,107.564
2025-10-05T18:20:00+00:00,122984.90,123000.00,122896.90,122925.60,155.063
2025-10-05T18:25:00+00:00,122925.50,123029.20,122925.50,122997.90,135.579
2025-10-05T18:30:00+00:00,122997.90,123150.00,122937.00,123150.00,701.425
2025-10-05T18:35:00+00:00,123149.90,123166.70,122960.00,122969.60,330.252
2025-10-05T18:40:00+00:00,122969.60,122969.70,122909.40,122952.00,97.510
2025-10-05T18:45:00+00:00,122951.90,122969.50,122937.40,122968.30,51.593
2025-10-05T18:50:00+00:00,122968.20,123053.00,122968.20,122988.00,104.088
2025-10-05T18:55:00+00:00,122988.00,122988.10,122914.00,122963.50,88.984
2025-10-05T19:00:00+00:00,122963.50,122982.90,122914.30,122914.30,88.158
2025-10-05T19:05:00+00:00,122914.30,122914.40,122728.30,122784.10,400.410
2025-10-05T19:10:00+00:00,122784.00,122784.10,122568.00,122741.50,598.895
2025-10-05T19:15:00+00:00,122741.40,122741.50,122634.20,122658.50,203.419
2025-10-05T19:20:00+00:00,122658.50,122917.50,122646.10,122900.50,372.794
2025-10-05T19:25:00+00:00,122900.40,122900.50,122762.50,122795.90,132.722
2025-10-05T19:30:00+00:00,122796.00,122842.20,122732.10,122814.80,126.960
2025-10-05T19:35:00+00:00,122814.90,122834.50,122650.40,122719.30,142.640
2025-10-05T19:40:00+00:00,122719.30,122755.00,122683.80,122686.70,80.201
2025-10-05T19:45:00+00:00,122686.70,122686.70,122442.60,122593.50,576.636
2025-10-05T19:50:00+00:00,122593.50,122593.60,122470.30,122568.50,279.080
2025-10-05T19:55:00+00:00,122568.50,122588.60,122464.60,122550.40,317.068
2025-10-05T20:00:00+00:00,122550.50,122663.80,122425.70,122654.40,379.815
2025-10-05T20:05:00+00:00,122654.30,122663.80,122490.00,122628.80,190.702
2025-10-05T20:10:00+00:00,122628.80,122716.20,122628.70,122648.20,194.036
2025-10-05T20:15:00+00:00,122648.20,122754.00,122578.40,122688.40,194.831
2025-10-05T20:20:00+00:00,122688.40,122700.00,122613.50,122619.80,72.118
2025-10-05T20:25:00+00:00,122619.70,122696.70,122619.70,122696.60,75.096
2025-10-05T20:30:00+00:00,122696.70,122872.00,122696.70,122872.00,365.886
2025-10-05T20:35:00+00:00,122872.00,122991.40,122824.00,122974.10,338.523
2025-10-05T20:40:00+00:00,122974.10,123023.90,122836.20,122895.30,266.742
2025-10-05T20:45:00+00:00,122895.40,122956.20,122802.20,122802.30,125.863
2025-10-05T20:50:00+00:00,122802.20,122848.80,122800.00,122837.60,89.958
2025-10-05T20:55:00+00:00,122837.60,122837.60,122648.50,122648.50,152.812
2025-10-05T21:00:00+00:00,122648.10,122678.30,122596.70,122596.70,169.276
2025-10-05T21:05:00+00:00,122596.70,122596.80,122474.30,122517.50,283.531
2025-10-05T21:10:00+00:00,122517.50,122573.50,122498.70,122573.50,142.260
2025-10-05T21:15:00+00:00,122573.50,122653.30,122536.80,122653.30,88.646
2025-10-05T21:20:00+00:00,122653.30,122751.60,122649.00,122726.80,121.876
2025-10-05T21:25:00+00:00,122726.80,122726.90,122629.50,122629.50,90.543
2025-10-05T21:30:00+00:00,122629.50,122629.60,122542.70,122542.80,75.007
2025-10-05T21:35:00+00:00,122542.80,122542.80,122440.10,122542.80,148.340
2025-10-05T21:40:00+00:00,122542.80,122625.60,122542.80,122625.30,87.978
2025-10-05T21:45:00+00:00,122625.30,122690.60,122594.40,122690.60,66.681
2025-10-05T21:50:00+00:00,122690.50,122732.00,122681.00,122681.10,68.994
2025-10-05T21:55:00+00:00,122681.10,122685.40,122641.50,122682.30,96.532
2025-10-05T22:00:00+00:00,122682.30,123044.00,122682.20,123004.90,573.571
2025-10-05T22:05:00+00:00,123005.00,123060.00,122900.00,122900.10,256.420
2025-10-05T22:10:00+00:00,122900.00,122906.40,122793.60,122868.40,186.667
2025-10-05T22:15:00+00:00,122868.40,122955.80,122859.60,122949.80,133.497
2025-10-05T22:20:00+00:00,122949.80,123203.30,122949.70,123192.90,664.896
2025-10-05T22:25:00+00:00,123193.00,123228.00,123073.20,123073.20,303.091
2025-10-05T22:30:00+00:00,123073.30,123130.10,122987.20,123075.90,233.592
2025-10-05T22:35:00+00:00,123075.90,123100.90,123021.20,123089.00,79.872
2025-10-05T22:40:00+00:00,123089.00,123089.00,123061.00,123079.80,70.958
2025-10-05T22:45:00+00:00,123079.70,123085.40,123015.70,123052.40,85.627
2025-10-05T22:50:00+00:00,123052.40,123104.70,123023.90,123104.70,87.825
2025-10-05T22:55:00+00:00,123104.70,123222.00,123104.60,123188.50,189.637
2025-10-05T23:00:00+00:00,123188.50,123300.00,123166.00,123277.60,559.708
2025-10-05T23:05:00+00:00,123277.60,123436.80,123277.50,123406.80,657.051
2025-10-05T23:10:00+00:00,123406.70,123420.00,123340.40,123420.00,385.667
2025-10-05T23:15:00+00:00,123419.90,123450.00,123348.00,123388.70,265.456
2025-10-05T23:20:00+00:00,123388.80,123428.50,123346.20,123360.20,218.625
2025-10-05T23:25:00+00:00,123360.30,123420.00,123272.80,123420.00,209.588
2025-10-05T23:30:00+00:00,123420.00,123453.50,123419.90,123449.20,931.502
2025-10-05T23:35:00+00:00,123449.20,123453.50,123440.50,123453.40,275.238
2025-10-05T23:40:00+00:00,123453.50,123453.50,123400.10,123453.40,332.831
2025-10-05T23:45:00+00:00,123453.50,123453.50,123439.80,123453.50,194.471
2025-10-05T23:50:00+00:00,123453.50,123453.50,123385.20,123413.80,180.196
2025-10-05T23:55:00+00:00,123413.80,123453.50,123387.00,123426.70,112.946
2025-10-06T00:00:00+00:00,123426.70,123453.50,123264.30,123330.00,547.951
2025-10-06T00:05:00+00:00,123329.90,123330.00,123225.90,123277.50,392.777
2025-10-06T00:10:00+00:00,123277.60,123453.50,123206.10,123453.50,749.841
2025-10-06T00:15:00+00:00,123453.40,124300.00,123453.40,124296.90,3638.340
2025-10-06T00:20:00+00:00,124296.80,124336.30,123637.90,123882.60,1907.260
2025-10-06T00:25:00+00:00,123882.60,123882.60,123446.70,123625.40,1172.612
2025-10-06T00:30:00+00:00,123625.40,123837.90,123585.50,123736.50,603.722
2025-10-06T00:35:00+00:00,123736.40,123736.50,123401.70,123477.10,550.225
2025-10-06T00:40:00+00:00,123477.10,123660.70,123415.00,123646.20,329.288
2025-10-06T00:45:00+00:00,123646.30,123696.70,123430.40,123502.40,282.403
2025-10-06T00:50:00+00:00,123503.00,123512.30,123058.00,123115.50,1170.433
2025-10-06T00:55:00+00:00,123115.50,123388.00,123018.50,123295.80,829.289
2025-10-06T01:00:00+00:00,123295.90,123360.00,123140.30,123330.30,498.142
2025-10-06T01:05:00+00:00,123330.30,123594.80,123323.40,123429.60,417.599
2025-10-06T01:10:00+00:00,123429.60,123555.90,123429.60,123435.70,245.347
2025-10-06T01:15:00+00:00,123435.70,123536.40,123262.60,123514.80,211.775
2025-10-06T01:20:00+00:00,123514.70,123870.00,123514.70,123843.30,528.271
2025-10-06T01:25:00+00:00,123843.30,123959.70,123748.90,123799.90,673.870
2025-10-06T01:30:00+00:00,123800.00,124099.70,123800.00,123975.70,889.376
2025-10-06T01:35:00+00:00,123975.60,124218.00,123857.50,123942.10,876.171
2025-10-06T01:40:00+00:00,123942.00,124018.50,123663.90,123817.40,625.506
2025-10-06T01:45:00+00:00,123817.40,123986.40,123730.80,123927.90,245.831
2025-10-06T01:50:00+00:00,123928.00,124000.00,123910.20,123979.20,225.392
2025-10-06T01:55:00+00:00,123979.10,124010.50,123919.80,123980.80,176.229
2025-10-06T02:00:00+00:00,123980.80,124085.60,123801.50,123817.40,328.367
2025-10-06T02:05:00+00:00,123817.50,123923.20,123811.80,123829.40,154.566
2025-10-06T02:10:00+00:00,123829.30,123916.30,123752.10,123815.30,185.039
2025-10-06T02:15:00+00:00,123815.30,123884.60,123787.00,123800.00,153.055
2025-10-06T02:20:00+00:00,123800.10,124045.00,123758.20,123895.90,378.095
2025-10-06T02:25:00+00:00,123896.00,123930.50,123750.00,123824.60,346.351
2025-10-06T02:30:00+00:00,123824.60,123892.60,123385.20,123486.70,1058.109
2025-10-06T02:35:00+00:00,123486.70,123586.70,123429.00,123586.60,575.861
2025-10-06T02:40:00+00:00,123586.60,123815.90,123573.30,123776.60,353.894
2025-10-06T02:45:00+00:00,123776.70,124200.00,123776.60,124016.00,773.812
2025-10-06T02:50:00+00:00,124016.10,124155.10,123916.90,123959.10,424.071
2025-10-06T02:55:00+00:00,123959.10,124107.20,123947.40,124066.90,371.811
2025-10-06T03:00:00+00:00,124066.80,124086.60,123946.80,123989.40,306.840
2025-10-06T03:05:00+00:00,123989.50,124050.00,123930.00,123938.30,151.731
2025-10-06T03:10:00+00:00,123938.40,124000.20,123897.30,123965.30,219.262
2025-10-06T03:15:00+00:00,123965.30,124017.90,123842.80,123905.20,192.468
2025-10-06T03:20:00+00:00,123905.30,123936.50,123819.30,123819.30,124.441
2025-10-06T03:25:00+00:00,123819.40,123940.80,123819.30,123865.50,158.087
2025-10-06T03:30:00+00:00,123865.50,123950.00,123852.10,123894.60,121.512
2025-10-06T03:35:00+00:00,123894.60,123937.00,123806.90,123924.30,108.677
2025-10-06T03:40:00+00:00,123924.30,123924.30,123805.30,123845.10,121.212
2025-10-06T03:45:00+00:00,123845.10,123845.20,123689.30,123736.30,235.810
2025-10-06T03:50:00+00:00,123736.30,123885.60,123736.20,123860.00,198.548
2025-10-06T03:55:00+00:00,123860.10,123882.50,123792.50,123792.90,106.542
2025-10-06T04:00:00+00:00,123792.80,123840.00,123722.20,123774.40,170.280
2025-10-06T04:05:00+00:00,123774.40,123813.50,123722.70,123759.90,154.668
2025-10-06T04:10:00+00:00,123759.90,123875.00,123697.40,123875.00,266.137
2025-10-06T04:15:00+00:00,123875.00,123905.20,123835.30,123844.70,147.662
2025-10-06T04:20:00+00:00,123844.80,123944.10,123844.80,123891.30,106.461
2025-10-06T04:25:00+00:00,123891.20,123946.90,123891.20,123924.10,88.728
2025-10-06T04:30:00+00:00,123924.20,123955.00,123680.30,123739.10,254.897
2025-10-06T04:35:00+00:00,123739.10,123739.20,123638.60,123680.00,259.041
2025-10-06T04:40:00+00:00,123680.10,123710.00,123584.10,123673.80,172.027
2025-10-06T04:45:00+00:00,123673.70,123720.10,123610.00,123720.10,222.428
2025-10-06T04:50:00+00:00,123720.10,123740.20,123614.20,123630.60,142.515
2025-10-06T04:55:00+00:00,123630.60,123630.60,123525.10,123538.20,375.125
2025-10-06T05:00:00+00:00,123538.20,123538.30,123333.00,123510.00,809.159
2025-10-06T05:05:00+00:00,123510.00,123520.20,123316.30,123322.80,596.285
2025-10-06T05:10:00+00:00,123322.80,123384.00,123223.90,123267.20,926.458
2025-10-06T05:15:00+00:00,123267.30,123442.30,123246.90,123361.20,354.275
2025-10-06T05:20:00+00:00,123361.30,123435.90,123350.00,123422.10,134.015
2025-10-06T05:25:00+00:00,123422.10,123598.70,123422.10,123552.10,214.520
2025-10-06T05:30:00+00:00,123552.10,123568.20,123423.60,123423.70,139.088
2025-10-06T05:35:00+00:00,123423.60,123467.70,123400.10,123444.10,95.341
2025-10-06T05:40:00+00:00,123444.10,123475.70,123416.10,123469.20,103.276
2025-10-06T05:45:00+00:00,123469.10,123710.80,123469.10,123667.20,314.614
2025-10-06T05:50:00+00:00,123667.20,123667.20,123444.00,123509.60,273.741
2025-10-06T05:55:00+00:00,123509.60,123613.40,123509.60,123522.30,136.916
2025-10-06T06:00:00+00:00,123522.30,123755.10,123522.30,123701.70,356.556
2025-10-06T06:05:00+00:00,123701.70,123782.00,123621.70,123700.10,311.689
2025-10-06T06:10:00+00:00,123700.10,123794.90,123700.00,123776.80,247.090
2025-10-06T06:15:00+00:00,123776.80,123800.00,123624.30,123671.80,200.302
2025-10-06T06:20:00+00:00,123671.70,123705.30,123611.40,123660.80,197.561
2025-10-06T06:25:00+00:00,123660.80,123865.30,123660.80,123815.50,263.248
2025-10-06T06:30:00+00:00,123815.50,123926.90,123815.50,123900.10,288.973
2025-10-06T06:35:00+00:00,123900.10,124137.70,123897.40,124000.00,813.881
2025-10-06T06:40:00+00:00,124000.10,124057.80,123940.90,123940.90,275.664
2025-10-06T06:45:00+00:00,123941.00,123992.30,123906.20,123992.20,278.719
2025-10-06T06:50:00+00:00,123992.30,124028.90,123750.50,123839.60,278.216
2025-10-06T06:55:00+00:00,123839.70,123950.10,123839.60,123900.00,261.335
2025-10-06T07:00:00+00:00,123900.10,123974.00,123825.00,123827.80,297.576
2025-10-06T07:05:00+00:00,123827.90,123895.70,123751.80,123869.90,182.122
2025-10-06T07:10:00+00:00,123870.00,123970.00,123762.40,123950.40,198.484
2025-10-06T07:15:00+00:00,123950.30,123988.10,123847.00,123847.10,274.846
2025-10-06T07:20:00+00:00,123847.00,123925.90,123819.00,123845.50,267.962
2025-10-06T07:25:00+00:00,123845.50,123845.80,123770.20,123788.40,125.966
2025-10-06T07:30:00+00:00,123788.40,123790.10,123551.10,123585.30,513.657
2025-10-06T07:35:00+00:00,123585.40,123669.50,123541.70,123553.00,475.769
2025-10-06T07:40:00+00:00,123552.90,123553.00,123302.20,123363.20,689.166
2025-10-06T07:45:00+00:00,123363.90,123412.80,123217.90,123290.40,740.976
2025-10-06T07:50:00+00:00,123290.40,123343.90,123254.50,123274.80,334.438
2025-10-06T07:55:00+00:00,123274.80,123365.50,123274.70,123332.30,206.795
2025-10-06T08:00:00+00:00,123332.40,123441.90,123332.30,123404.00,283.265
2025-10-06T08:05:00+00:00,123404.10,123559.20,123404.10,123554.00,505.679
2025-10-06T08:10:00+00:00,123554.10,123649.50,123474.00,123594.10,215.149
2025-10-06T08:15:00+00:00,123594.00,123619.80,123523.30,123544.90,171.168
2025-10-06T08:20:00+00:00,123544.90,123665.90,123544.80,123665.00,169.697
2025-10-06T08:25:00+00:00,123665.00,123741.80,123643.10,123716.80,218.297
2025-10-06T08:30:00+00:00,123716.90,123830.70,123714.80,123802.80,346.095
2025-10-06T08:35:00+00:00,123802.80,123802.80,123671.20,123738.10,248.950
2025-10-06T08:40:00+00:00,123738.20,123750.00,123561.30,123621.80,442.807
2025-10-06T08:45:00+00:00,123621.80,123745.70,123588.40,123721.70,188.195
2025-10-06T08:50:00+00:00,123721.60,123786.90,123708.40,123750.40,149.935
2025-10-06T08:55:00+00:00,123750.30,123837.70,123750.30,123800.00,160.637
2025-10-06T09:00:00+00:00,123800.00,123937.50,123766.30,123932.20,245.813
2025-10-06T09:05:00+00:00,123932.20,123999.00,123780.80,123931.90,415.221
2025-10-06T09:10:00+00:00,123931.90,124020.80,123865.20,123894.90,285.244
2025-10-06T09:15:00+00:00,123894.80,123900.00,123840.00,123870.80,154.783
2025-10-06T09:20:00+00:00,123870.80,123900.00,123777.10,123850.10,226.693
2025-10-06T09:25:00+00:00,123850.00,123882.50,123803.80,123850.80,145.294
2025-10-06T09:30:00+00:00,123850.70,123872.20,123815.30,123815.90,128.362
2025-10-06T09:35:00+00:00,123816.00,123860.80,123749.00,123799.70,222.133
2025-10-06T09:40:00+00:00,123799.60,123836.00,123754.50,123754.60,114.120
2025-10-06T09:45:00+00:00,123754.50,123818.30,123725.50,123769.10,174.657
2025-10-06T09:50:00+00:00,123769.20,123871.40,123750.80,123871.40,142.114
2025-10-06T09:55:00+00:00,123871.40,123975.60,123851.00,123915.20,428.265
2025-10-06T10:00:00+00:00,123915.10,124067.10,123897.90,123945.90,565.523
2025-10-06T10:05:00+00:00,123945.90,123994.90,123867.60,123901.30,258.471
2025-10-06T10:10:00+00:00,123901.40,123958.70,123850.00,123910.60,206.820
2025-10-06T10:15:00+00:00,123910.50,123910.60,123865.30,123906.40,112.050
2025-10-06T10:20:00+00:00,123906.50,124034.20,123906.40,124034.20,184.303
2025-10-06T10:25:00+00:00,124034.10,124063.00,124007.30,124042.20,196.883
2025-10-06T10:30:00+00:00,124042.20,124068.00,123967.80,124043.90,180.667
2025-10-06T10:35:00+00:00,124044.00,124050.00,124000.00,124013.90,110.604
2025-10-06T10:40:00+00:00,124013.90,124050.00,124000.00,124030.00,99.435
2025-10-06T10:45:00+00:00,124029.90,124050.00,124014.90,124015.00,133.622
2025-10-06T10:50:00+00:00,124015.00,124104.00,124015.00,124035.20,333.722
2025-10-06T10:55:00+00:00,124035.10,124035.20,123920.00,123920.00,390.902
2025-10-06T11:00:00+00:00,123920.00,123920.00,123762.50,123884.60,320.582
2025-10-06T11:05:00+00:00,123884.60,123953.40,123791.00,123791.10,223.635
2025-10-06T11:10:00+00:00,123791.10,123827.90,123696.20,123696.20,271.936
2025-10-06T11:15:00+00:00,123696.30,123875.70,123682.10,123859.30,196.616
2025-10-06T11:20:00+00:00,123859.40,123902.40,123811.60,123900.20,214.688
2025-10-06T11:25:00+00:00,123900.20,124404.90,123877.30,124329.40,1220.338
2025-10-06T11:30:00+00:00,124329.40,124500.00,124050.00,124115.30,1423.641
2025-10-06T11:35:00+00:00,124115.30,124233.60,124042.00,124220.90,606.650
2025-10-06T11:40:00+00:00,124220.90,124292.40,124174.40,124242.00,415.584
2025-10-06T11:45:00+00:00,124242.00,124364.80,124147.70,124180.40,620.467
2025-10-06T11:50:00+00:00,124180.50,124251.00,124127.00,124147.40,238.412
2025-10-06T11:55:00+00:00,124147.30,124200.20,124147.30,124161.20,133.257
2025-10-06T12:00:00+00:00,124161.30,124371.90,124123.30,124330.90,354.500
2025-10-06T12:05:00+00:00,124331.00,124450.00,124250.00,124436.00,466.053
2025-10-06T12:10:00+00:00,124436.10,124485.70,124361.30,124361.30,891.571
2025-10-06T12:15:00+00:00,124361.30,124647.60,124361.30,124617.20,1422.983
2025-10-06T12:20:00+00:00,124617.30,124645.40,124489.70,124526.40,395.342
2025-10-06T12:25:00+00:00,124526.50,124526.50,124300.00,124327.60,410.672
2025-10-06T12:30:00+00:00,124327.70,124421.00,124319.80,124365.80,303.491
2025-10-06T12:35:00+00:00,124365.90,124410.00,124237.70,124257.20,356.361
2025-10-06T12:40:00+00:00,124257.20,124297.40,124203.60,124276.90,247.083
2025-10-06T12:45:00+00:00,124276.80,124461.80,124261.80,124457.80,217.779
2025-10-06T12:50:00+00:00,124457.80,124550.00,124448.60,124474.60,350.531
2025-10-06T12:55:00+00:00,124474.50,124525.20,124445.50,124495.30,243.506
2025-10-06T13:00:00+00:00,124495.20,124570.90,124495.20,124498.90,223.190
2025-10-06T13:05:00+00:00,124498.90,124710.00,124498.90,124671.90,636.031
2025-10-06T13:10:00+00:00,124671.90,124773.80,124541.10,124635.50,637.128
2025-10-06T13:15:00+00:00,124635.60,124684.90,124481.10,124684.90,329.901
2025-10-06T13:20:00+00:00,124684.80,124824.10,124684.80,124734.70,798.006
2025-10-06T13:25:00+00:00,124734.70,124898.80,124719.40,124801.80,1011.466
2025-10-06T13:30:00+00:00,124801.80,124826.70,124429.50,124595.70,1109.155
2025-10-06T13:35:00+00:00,124595.70,124786.80,124468.50,124762.50,1360.068
2025-10-06T13:40:00+00:00,124762.60,124943.30,124350.00,124504.10,1742.809
2025-10-06T13:45:00+00:00,124504.40,124640.70,124320.00,124495.60,863.606
2025-10-06T13:50:00+00:00,124495.50,124698.00,124350.00,124624.00,760.607
2025-10-06T13:55:00+00:00,124624.00,125062.90,124609.10,124967.80,1933.182
2025-10-06T14:00:00+00:00,124967.70,125100.00,124820.10,124952.80,1847.324
2025-10-06T14:05:00+00:00,124952.80,125247.30,124877.40,125225.30,2007.202
2025-10-06T14:10:00+00:00,125225.30,125281.00,124817.50,124916.80,1493.657
2025-10-06T14:15:00+00:00,124916.80,125087.30,124805.00,124921.80,744.244
2025-10-06T14:20:00+00:00,124921.80,124929.00,124558.70,124594.40,1183.694
2025-10-06T14:25:00+00:00,124594.30,124884.00,124468.00,124801.70,1064.473
2025-10-06T14:30:00+00:00,124801.80,125000.00,124790.90,124900.00,837.002
2025-10-06T14:35:00+00:00,124900.00,125000.40,124823.00,124835.30,557.308
2025-10-06T14:40:00+00:00,124835.30,124835.30,124543.10,124675.00,648.179
2025-10-06T14:45:00+00:00,124675.00,124843.70,124665.00,124792.20,321.470
2025-10-06T14:50:00+00:00,124792.20,124792.20,124569.50,124573.30,406.297
2025-10-06T14:55:00+00:00,124573.30,124573.40,124245.00,124475.90,1720.313
2025-10-06T15:00:00+00:00,124475.90,124654.20,124452.10,124613.70,542.516
2025-10-06T15:05:00+00:00,124613.70,124678.70,124541.50,124570.30,422.344
2025-10-06T15:10:00+00:00,124570.30,124697.20,124542.00,124662.20,258.284
2025-10-06T15:15:00+00:00,124662.10,125018.70,124662.10,124981.10,823.556
2025-10-06T15:20:00+00:00,124981.00,125375.00,124981.00,125191.30,1693.140
2025-10-06T15:25:00+00:00,125191.30,125269.00,125072.00,125115.80,648.142
2025-10-06T15:30:00+00:00,125115.90,125149.80,124913.70,125019.70,1029.212
2025-10-06T15:35:00+00:00,125019.60,125233.20,124963.30,125086.30,507.886
2025-10-06T15:40:00+00:00,125086.30,125131.20,124985.90,125023.40,367.045
2025-10-06T15:45:00+00:00,125023.50,125075.60,124938.60,125060.00,385.962
2025-10-06T15:50:00+00:00,125060.10,125200.00,125060.10,125090.20,347.223
2025-10-06T15:55:00+00:00,125090.30,125166.80,124937.50,124946.20,534.101
2025-10-06T16:00:00+00:00,124946.20,125046.20,124865.00,124898.20,803.118
2025-10-06T16:05:00+00:00,124898.30,125025.90,124762.80,124889.20,903.607
2025-10-06T16:10:00+00:00,124889.30,124889.30,124742.50,124808.10,328.507
2025-10-06T16:15:00+00:00,124808.00,124947.60,124803.00,124931.30,326.098
2025-10-06T16:20:00+00:00,124931.30,124963.30,124795.80,124834.40,273.779
2025-10-06T16:25:00+00:00,124834.40,124959.40,124800.00,124828.20,269.575
2025-10-06T16:30:00+00:00,124828.20,125000.00,124818.80,124955.20,214.369
2025-10-06T16:35:00+00:00,124955.10,125171.60,124938.70,125138.60,476.555
2025-10-06T16:40:00+00:00,125138.50,125193.40,125057.60,125174.40,435.138
2025-10-06T16:45:00+00:00,125174.30,125200.00,125142.20,125157.90,323.018
2025-10-06T16:50:00+00:00,125157.80,125205.90,125051.30,125196.50,332.846
2025-10-06T16:55:00+00:00,125196.60,125480.00,125196.50,125417.80,1330.726
2025-10-06T17:00:00+00:00,125417.70,125441.50,125299.70,125367.80,652.630
2025-10-06T17:05:00+00:00,125367.90,125579.30,125337.00,125535.20,801.759
2025-10-06T17:10:00+00:00,125535.10,125613.40,125247.00,125384.50,2160.339
2025-10-06T17:15:00+00:00,125384.50,125470.00,125347.10,125423.60,414.693
2025-10-06T17:20:00+00:00,125423.50,125789.70,125423.50,125749.30,1563.367
2025-10-06T17:25:00+00:00,125749.20,125773.20,125468.70,125590.20,654.264
2025-10-06T17:30:00+00:00,125590.20,125660.10,125258.20,125283.30,672.622
2025-10-06T17:35:00+00:00,125283.30,125294.20,125068.70,125173.90,662.415
2025-10-06T17:40:00+00:00,125174.00,125229.60,125079.50,125113.40,413.147
2025-10-06T17:45:00+00:00,125113.30,125216.60,125085.00,125216.60,347.174
2025-10-06T17:50:00+00:00,125216.60,125448.40,125191.70,125368.00,617.604
2025-10-06T17:55:00+00:00,125368.10,125380.70,125230.90,125235.20,387.623
2025-10-06T18:00:00+00:00,125235.30,125235.30,124979.00,125089.90,826.724
2025-10-06T18:05:00+00:00,125090.00,125250.00,125089.90,125151.30,274.536
2025-10-06T18:10:00+00:00,125151.20,125229.40,125111.60,125196.50,180.539
2025-10-06T18:15:00+00:00,125196.50,125330.00,125196.50,125301.30,523.800
2025-10-06T18:20:00+00:00,125301.30,125327.60,125192.50,125205.60,257.912
2025-10-06T18:25:00+00:00,125205.50,125205.50,125086.60,125170.70,261.956
2025-10-06T18:30:00+00:00,125170.80,125365.00,125160.20,125291.40,321.283
2025-10-06T18:35:00+00:00,125291.40,125377.40,125284.90,125314.10,284.007
2025-10-06T18:40:00+00:00,125314.10,125429.30,125258.80,125400.10,190.123
2025-10-06T18:45:00+00:00,125400.00,125720.00,125382.30,125691.10,833.735
2025-10-06T18:50:00+00:00,125691.10,125973.90,125691.00,125889.90,2827.324
2025-10-06T18:55:00+00:00,125889.90,126208.50,125829.90,125986.00,3316.784
2025-10-06T19:00:00+00:00,125986.10,126093.70,125631.00,125776.40,1645.117
2025-10-06T19:05:00+00:00,125776.40,125897.20,125650.00,125732.20,774.863
2025-10-06T19:10:00+00:00,125732.20,125732.20,125583.00,125599.90,458.408
2025-10-06T19:15:00+00:00,125599.90,125649.00,125372.70,125537.10,640.294
2025-10-06T19:20:00+00:00,125537.20,125650.00,125396.80,125650.00,505.495
2025-10-06T19:25:00+00:00,125650.00,125827.00,125608.50,125617.60,671.873
2025-10-06T19:30:00+00:00,125617.70,125733.90,125562.50,125624.10,379.036
2025-10-06T19:35:00+00:00,125624.00,125624.10,125391.90,125417.10,329.579
2025-10-06T19:40:00+00:00,125417.10,125417.20,125185.10,125330.40,830.175
2025-10-06T19:45:00+00:00,125330.40,125448.80,125221.80,125340.90,705.388
2025-10-06T19:50:00+00:00,125340.90,125379.80,125232.40,125262.30,317.898
2025-10-06T19:55:00+00:00,125262.40,125387.70,125245.00,125357.30,526.455
2025-10-06T20:00:00+00:00,125357.30,125357.30,125254.80,125296.10,360.933
2025-10-06T20:05:00+00:00,125296.20,125500.00,125296.10,125392.80,313.693
2025-10-06T20:10:00+00:00,125392.80,125445.80,125313.30,125313.30,188.598
2025-10-06T20:15:00+00:00,125313.30,125313.40,125058.20,125147.60,607.223
2025-10-06T20:20:00+00:00,125147.70,125164.20,125032.80,125114.80,395.608
2025-10-06T20:25:00+00:00,125114.80,125136.90,124986.00,125087.60,462.295
2025-10-06T20:30:00+00:00,125087.70,125278.10,125048.00,125261.10,448.647
2025-10-06T20:35:00+00:00,125261.10,125291.20,125200.00,125217.00,167.143
2025-10-06T20:40:00+00:00,125217.00,125217.10,125154.60,125160.90,105.007
2025-10-06T20:45:00+00:00,125160.90,125248.00,125135.10,125228.90,164.463
2025-10-06T20:50:00+00:00,125229.00,125276.00,125170.20,125170.40,140.199
2025-10-06T20:55:00+00:00,125170.40,125202.00,125170.00,125170.00,111.674
2025-10-06T21:00:00+00:00,125170.10,125248.10,125135.50,125135.50,266.026
2025-10-06T21:05:00+00:00,125135.50,125135.60,125083.00,125089.10,129.382
2025-10-06T21:10:00+00:00,125089.00,125114.30,125001.60,125012.10,408.932
2025-10-06T21:15:00+00:00,125012.10,125012.10,124800.00,124844.30,1225.941
2025-10-06T21:20:00+00:00,124844.30,124887.60,124463.00,124725.50,2174.579
2025-10-06T21:25:00+00:00,124725.40,124990.20,124700.20,124750.20,702.987
2025-10-06T21:30:00+00:00,124750.20,124894.70,124567.70,124583.60,806.327
2025-10-06T21:35:00+00:00,124583.60,124968.30,124564.30,124877.60,922.564
2025-10-06T21:40:00+00:00,124877.60,124969.30,124855.20,124969.30,112.877
2025-10-06T21:45:00+00:00,124969.30,124969.30,124895.30,124895.30,77.064
2025-10-06T21:50:00+00:00,124895.40,124895.40,124850.00,124850.00,57.614
2025-10-06T21:55:00+00:00,124850.00,125062.10,124850.00,125062.00,245.572
2025-10-06T22:00:00+00:00,125062.10,125245.40,125047.80,125188.30,461.922
2025-10-06T22:05:00+00:00,125188.40,125188.40,124933.20,125026.70,523.695
2025-10-06T22:10:00+00:00,125026.60,125136.90,125021.20,125111.70,179.838
2025-10-06T22:15:00+00:00,125111.80,125214.30,125111.70,125210.20,110.736
2025-10-06T22:20:00+00:00,125210.20,125236.90,125112.70,125130.60,215.848
2025-10-06T22:25:00+00:00,125130.50,125144.60,125090.00,125131.10,161.836
2025-10-06T22:30:00+00:00,125131.10,125136.90,124974.80,124974.90,274.705
2025-10-06T22:35:00+00:00,124974.80,125011.90,124828.00,124828.10,232.103
2025-10-06T22:40:00+00:00,124828.10,124876.10,124733.00,124856.30,385.635
2025-10-06T22:45:00+00:00,124856.30,124970.20,124856.30,124899.20,136.506
2025-10-06T22:50:00+00:00,124899.30,125084.60,124875.10,125028.10,266.522
2025-10-06T22:55:00+00:00,125028.20,125071.30,124949.70,124999.80,197.404
2025-10-06T23:00:00+00:00,124999.90,125060.00,124952.30,124952.40,114.825
2025-10-06T23:05:00+00:00,124952.30,124952.30,124824.10,124897.80,179.433
2025-10-06T23:10:00+00:00,124897.80,124915.00,124820.10,124820.10,223.460
2025-10-06T23:15:00+00:00,124820.10,124829.00,124733.90,124792.70,164.251
2025-10-06T23:20:00+00:00,124792.80,124792.80,124640.00,124696.30,207.581
2025-10-06T23:25:00+00:00,124696.30,124826.20,124691.70,124793.80,82.411
2025-10-06T23:30:00+00:00,124793.80,124831.60,124752.70,124757.00,121.595
2025-10-06T23:35:00+00:00,124756.90,124767.40,124704.10,124730.80,108.192
2025-10-06T23:40:00+00:00,124730.80,124798.80,124723.30,124728.90,134.048
2025-10-06T23:45:00+00:00,124728.90,124738.20,124625.00,124732.70,185.774
2025-10-06T23:50:00+00:00,124732.80,124742.90,124668.40,124705.80,73.396
2025-10-06T23:55:00+00:00,124705.80,124705.80,124592.00,124628.50,244.553
2025-10-07T00:00:00+00:00,124628.60,124752.50,124569.90,124634.50,419.382
2025-10-07T00:05:00+00:00,124634.40,124775.30,124622.40,124688.70,271.848
2025-10-07T00:10:00+00:00,124688.70,124803.60,124634.70,124712.20,208.374
2025-10-07T00:15:00+00:00,124712.30,124787.20,124655.90,124787.20,164.591
2025-10-07T00:20:00+00:00,124787.20,124798.20,124600.70,124607.40,182.981
2025-10-07T00:25:00+00:00,124607.40,124689.80,124601.10,124641.50,92.151
2025-10-07T00:30:00+00:00,124641.50,124707.10,124541.80,124648.90,310.333
2025-10-07T00:35:00+00:00,124648.90,124699.60,124595.00,124595.10,136.776
2025-10-07T00:40:00+00:00,124595.10,124830.00,124595.00,124830.00,178.014
2025-10-07T00:45:00+00:00,124829.90,124875.10,124721.50,124824.00,264.542
2025-10-07T00:50:00+00:00,124824.00,124886.60,124785.50,124859.90,279.977
2025-10-07T00:55:00+00:00,124859.90,124860.00,124830.50,124850.30,74.357
2025-10-07T01:00:00+00:00,124850.40,124931.00,124825.70,124901.80,166.835
2025-10-07T01:05:00+00:00,124901.90,124949.20,124871.30,124949.20,173.835
2025-10-07T01:10:00+00:00,124949.20,125047.00,124850.00,124850.00,333.750
2025-10-07T01:15:00+00:00,124850.10,124850.10,124556.30,124556.30,477.183
2025-10-07T01:20:00+00:00,124556.30,124556.40,124387.60,124511.60,953.783
2025-10-07T01:25:00+00:00,124511.50,124669.10,124435.80,124662.10,278.205
2025-10-07T01:30:00+00:00,124662.00,124674.50,124488.00,124528.90,263.943
2025-10-07T01:35:00+00:00,124529.00,124634.00,124514.70,124616.50,162.463
2025-10-07T01:40:00+00:00,124616.40,124751.60,124616.40,124746.90,155.737
2025-10-07T01:45:00+00:00,124746.90,124746.90,124520.00,124564.90,167.050
2025-10-07T01:50:00+00:00,124564.90,124587.00,124526.30,124565.50,126.744
2025-10-07T01:55:00+00:00,124565.60,124658.00,124550.00,124658.00,167.421
2025-10-07T02:00:00+00:00,124657.90,124658.00,124532.90,124603.10,281.311
2025-10-07T02:05:00+00:00,124603.10,124627.00,124528.20,124550.60,120.009
2025-10-07T02:10:00+00:00,124550.60,124621.60,124533.20,124533.20,80.995
2025-10-07T02:15:00+00:00,124533.20,124564.20,124455.00,124467.60,162.238
2025-10-07T02:20:00+00:00,124467.60,124467.70,124100.80,124437.80,1735.634
2025-10-07T02:25:00+00:00,124437.80,124545.70,124437.70,124515.70,250.283
2025-10-07T02:30:00+00:00,124515.70,124580.10,124500.00,124500.10,185.562
2025-10-07T02:35:00+00:00,124500.00,124500.00,124350.00,124410.10,184.658
2025-10-07T02:40:00+00:00,124410.00,124437.80,124334.50,124411.90,152.309
2025-10-07T02:45:00+00:00,124411.90,124500.00,124379.60,124379.60,111.373
2025-10-07T02:50:00+00:00,124379.60,124471.20,124350.00,124350.00,205.280
2025-10-07T02:55:00+00:00,124350.10,124360.00,124205.50,124205.50,482.312
2025-10-07T03:00:00+00:00,124205.60,124365.10,124205.50,124365.00,295.609
2025-10-07T03:05:00+00:00,124365.00,124365.10,124259.10,124325.60,182.291
2025-10-07T03:10:00+00:00,124325.60,124527.70,124325.50,124433.20,225.415
2025-10-07T03:15:00+00:00,124433.10,124433.20,124236.20,124315.60,296.957
2025-10-07T03:20:00+00:00,124315.60,124358.30,124136.10,124160.40,300.788
2025-10-07T03:25:00+00:00,124160.30,124214.40,124074.40,124112.00,772.787
2025-10-07T03:30:00+00:00,124111.90,124181.50,124055.00,124133.50,395.898
2025-10-07T03:35:00+00:00,124133.40,124260.30,124133.40,124192.10,171.532
2025-10-07T03:40:00+00:00,124192.10,124242.10,124183.30,124229.40,156.771
2025-10-07T03:45:00+00:00,124229.80,124270.00,124201.00,124201.10,80.115
2025-10-07T03:50:00+00:00,124201.10,124279.30,124193.60,124253.70,103.179
2025-10-07T03:55:00+00:00,124253.70,124289.50,124250.00,124277.70,107.312
2025-10-07T04:00:00+00:00,124277.80,124277.80,124144.10,124217.00,238.613
2025-10-07T04:05:00+00:00,124216.90,124234.30,124123.00,124148.90,250.855
2025-10-07T04:10:00+00:00,124148.90,124197.50,124085.30,124126.50,366.229
2025-10-07T04:15:00+00:00,124126.60,124135.10,124056.10,124083.80,285.356
2025-10-07T04:20:00+00:00,124083.90,124218.90,124057.80,124206.00,222.182
2025-10-07T04:25:00+00:00,124206.00,124380.10,124206.00,124379.90,392.901
2025-10-07T04:30:00+00:00,124380.00,124462.00,124345.10,124452.70,420.202
2025-10-07T04:35:00+00:00,124452.70,124631.90,124452.60,124575.50,1120.015
2025-10-07T04:40:00+00:00,124575.60,124594.00,124476.10,124550.00,370.171
2025-10-07T04:45:00+00:00,124550.00,124550.00,124446.50,124489.30,368.170
2025-10-07T04:50:00+00:00,124489.20,124535.60,124460.90,124500.00,231.910
2025-10-07T04:55:00+00:00,124500.00,124529.20,124444.20,124449.80,190.704
2025-10-07T05:00:00+00:00,124449.80,124475.30,124301.90,124302.00,462.317
2025-10-07T05:05:00+00:00,124302.00,124430.00,124176.10,124391.90,539.730
2025-10-07T05:10:00+00:00,124391.90,124477.60,124391.90,124415.40,252.852
2025-10-07T05:15:00+00:00,124415.50,124415.50,124315.90,124315.90,119.073
2025-10-07T05:20:00+00:00,124315.90,124434.30,124315.90,124412.50,147.984
2025-10-07T05:25:00+00:00,124412.50,124523.30,124398.00,124430.00,301.106
2025-10-07T05:30:00+00:00,124430.00,124457.20,124383.40,124436.40,114.156
2025-10-07T05:35:00+00:00,124436.40,124529.40,124423.10,124529.40,176.006
2025-10-07T05:40:00+00:00,124529.40,124588.00,124471.60,124477.00,207.743
2025-10-07T05:45:00+00:00,124477.00,124503.40,124310.00,124326.30,339.627
2025-10-07T05:50:00+00:00,124326.30,124376.70,124229.00,124292.50,365.516
2025-10-07T05:55:00+00:00,124292.50,124350.00,124259.90,124349.00,163.602
2025-10-07T06:00:00+00:00,124349.00,124400.00,124328.30,124357.40,157.922
2025-10-07T06:05:00+00:00,124357.40,124410.20,124292.60,124407.00,188.353
2025-10-07T06:10:00+00:00,124407.00,124407.00,124240.00,124240.00,142.700
2025-10-07T06:15:00+00:00,124240.10,124261.10,124173.30,124175.00,235.983
2025-10-07T06:20:00+00:00,124175.00,124205.50,124015.00,124033.80,496.755
2025-10-07T06:25:00+00:00,124033.80,124033.80,123797.50,123837.90,1440.321
2025-10-07T06:30:00+00:00,123837.90,123951.00,123820.10,123940.50,617.668
2025-10-07T06:35:00+00:00,123940.60,123955.20,123720.30,123900.00,763.046
2025-10-07T06:40:00+00:00,123900.00,123900.00,123734.10,123809.50,323.727
2025-10-07T06:45:00+00:00,123809.50,123920.40,123755.00,123920.40,384.594
2025-10-07T06:50:00+00:00,123920.40,123950.40,123831.80,123902.00,431.655
2025-10-07T06:55:00+00:00,123902.00,123920.10,123840.00,123852.60,269.003
2025-10-07T07:00:00+00:00,123852.60,123919.90,123832.30,123919.90,201.482
2025-10-07T07:05:00+00:00,123919.80,124009.90,123846.10,123846.10,284.594
2025-10-07T07:10:00+00:00,123846.20,123907.30,123760.00,123773.20,358.671
2025-10-07T07:15:00+00:00,123773.10,123782.40,123562.90,123727.80,1016.971
2025-10-07T07:20:00+00:00,123727.80,123816.60,123661.00,123742.80,348.224
2025-10-07T07:25:00+00:00,123742.80,123820.00,123695.30,123820.00,226.027
2025-10-07T07:30:00+00:00,123819.90,123819.90,123703.90,123736.60,196.394
2025-10-07T07:35:00+00:00,123736.50,123736.50,123578.00,123628.20,543.099
2025-10-07T07:40:00+00:00,123628.30,123679.90,123503.90,123642.70,644.077
2025-10-07T07:45:00+00:00,123642.60,123650.00,123569.00,123623.60,385.102
2025-10-07T07:50:00+00:00,123623.60,123656.20,123590.00,123653.00,231.849
2025-10-07T07:55:00+00:00,123652.90,123652.90,123525.60,123627.10,621.103
2025-10-07T08:00:00+00:00,123627.10,123627.10,123500.00,123535.60,455.195
2025-10-07T08:05:00+00:00,123535.70,123639.20,123459.00,123633.00,839.525
2025-10-07T08:10:00+00:00,123633.00,123668.30,123466.00,123508.00,691.566
2025-10-07T08:15:00+00:00,123507.90,123590.40,123360.00,123400.00,753.827
2025-10-07T08:20:00+00:00,123399.90,123461.20,123261.60,123456.40,1132.758
2025-10-07T08:25:00+00:00,123456.50,123685.40,123456.50,123600.00,756.626
2025-10-07T08:30:00+00:00,123599.90,123631.40,123372.70,123372.70,540.209
2025-10-07T08:35:00+00:00,123372.70,123690.40,123372.70,123690.40,419.423
2025-10-07T08:40:00+00:00,123690.40,123772.40,123655.60,123771.80,784.469
2025-10-07T08:45:00+00:00,123771.90,123843.00,123707.70,123812.70,728.646
2025-10-07T08:50:00+00:00,123812.70,123948.70,123767.80,123900.40,780.740
2025-10-07T08:55:00+00:00,123900.40,123915.50,123783.20,123813.10,485.877
2025-10-07T09:00:00+00:00,123813.10,123962.40,123799.50,123918.70,383.888
2025-10-07T09:05:00+00:00,123918.60,123966.80,123910.10,123957.50,285.247
2025-10-07T09:10:00+00:00,123957.60,124153.50,123938.20,124064.20,679.516
2025-10-07T09:15:00+00:00,124064.10,124117.20,123964.90,123964.90,489.653
2025-10-07T09:20:00+00:00,123964.90,124052.40,123946.30,124002.40,251.154
2025-10-07T09:25:00+00:00,124002.30,124063.90,123972.40,124044.60,117.450
2025-10-07T09:30:00+00:00,124044.60,124161.00,124037.80,124087.10,274.155
2025-10-07T09:35:00+00:00,124087.00,124199.20,124051.70,124075.50,248.691
2025-10-07T09:40:00+00:00,124075.40,124076.60,124026.50,124026.50,117.462
2025-10-07T09:45:00+00:00,124026.50,124077.60,124018.40,124075.20,138.631
2025-10-07T09:50:00+00:00,124075.20,124141.30,124054.60,124130.00,196.582
2025-10-07T09:55:00+00:00,124130.00,124150.00,124049.20,124049.20,163.704
2025-10-07T10:00:00+00:00,124049.20,124053.60,123951.60,124008.60,264.518
2025-10-07T10:05:00+00:00,124008.60,124135.40,123981.00,124135.40,151.540
2025-10-07T10:10:00+00:00,124135.40,124317.60,124122.90,124282.60,535.013
2025-10-07T10:15:00+00:00,124282.50,124286.00,124183.20,124286.00,285.909
2025-10-07T10:20:00+00:00,124286.00,124372.00,124225.00,124225.00,493.850
2025-10-07T10:25:00+00:00,124225.00,124275.90,124200.00,124224.10,176.292
2025-10-07T10:30:00+00:00,124224.10,124324.10,124171.50,124324.10,427.054
2025-10-07T10:35:00+00:00,124324.10,124330.00,124243.60,124243.70,182.112
2025-10-07T10:40:00+00:00,124243.60,124263.20,124180.60,124241.10,159.873
2025-10-07T10:45:00+00:00,124241.10,124260.00,124185.00,124259.90,135.788
2025-10-07T10:50:00+00:00,124260.00,124300.00,124197.80,124214.00,157.391
2025-10-07T10:55:00+00:00,124213.90,124234.80,124203.80,124229.90,108.611
2025-10-07T11:00:00+00:00,124229.90,124232.40,124139.10,124199.90,278.993
2025-10-07T11:05:00+00:00,124200.00,124263.10,124199.90,124226.30,226.177
2025-10-07T11:10:00+00:00,124226.30,124232.40,124110.70,124132.30,235.925
2025-10-07T11:15:00+00:00,124132.20,124259.90,124132.20,124223.90,150.311
2025-10-07T11:20:00+00:00,124223.80,124331.20,124223.80,124244.80,241.264
2025-10-07T11:25:00+00:00,124244.80,124338.40,124244.80,124318.90,161.097
2025-10-07T11:30:00+00:00,124318.80,124436.40,124318.80,124395.00,453.889
2025-10-07T11:35:00+00:00,124395.00,124395.00,124204.40,124261.10,210.172
2025-10-07T11:40:00+00:00,124261.10,124349.90,124261.00,124315.20,148.608
2025-10-07T11:45:00+00:00,124315.20,124471.40,124300.00,124396.80,927.261
2025-10-07T11:50:00+00:00,124396.80,124450.10,124363.20,124439.90,165.923
2025-10-07T11:55:00+00:00,124439.90,124455.80,124366.90,124397.20,450.920
2025-10-07T12:00:00+00:00,124397.10,124397.20,124349.90,124384.30,250.242
2025-10-07T12:05:00+00:00,124384.30,124467.20,124351.40,124429.10,290.817
2025-10-07T12:10:00+00:00,124429.20,124459.90,124361.70,124374.10,263.736
2025-10-07T12:15:00+00:00,124374.00,124399.10,124300.00,124399.00,261.708
2025-10-07T12:20:00+00:00,124399.00,124422.40,124360.80,124360.90,148.220
2025-10-07T12:25:00+00:00,124360.90,124382.90,124315.50,124380.00,140.821
2025-10-07T12:30:00+00:00,124380.00,124421.80,124271.80,124403.60,231.681
2025-10-07T12:35:00+00:00,124403.50,124538.00,124377.60,124510.50,382.075
2025-10-07T12:40:00+00:00,124510.50,124538.40,124457.40,124538.30,322.600
2025-10-07T12:45:00+00:00,124538.20,124888.30,124538.20,124864.70,1793.740
2025-10-07T12:50:00+00:00,124864.70,124874.60,124766.00,124868.80,517.086
2025-10-07T12:55:00+00:00,124868.80,125098.00,124840.20,124869.50,1658.661
2025-10-07T13:00:00+00:00,124869.40,125012.90,124718.40,124764.80,708.875
2025-10-07T13:05:00+00:00,124764.80,124806.80,124672.10,124772.60,433.466
2025-10-07T13:10:00+00:00,124772.60,124810.00,124681.00,124681.10,284.858
2025-10-07T13:15:00+00:00,124681.00,124681.10,124562.70,124599.90,378.699
2025-10-07T13:20:00+00:00,124599.90,124722.70,124579.90,124622.40,362.866
2025-10-07T13:25:00+00:00,124622.40,124769.30,124608.60,124753.60,423.095
2025-10-07T13:30:00+00:00,124753.60,124756.30,124438.50,124603.40,703.568
2025-10-07T13:35:00+00:00,124603.40,124686.60,124148.60,124258.80,1707.016
2025-10-07T13:40:00+00:00,124258.80,124303.80,123500.10,123734.10,3608.116
2025-10-07T13:45:00+00:00,123734.20,123734.20,123300.10,123606.00,3752.382
2025-10-07T13:50:00+00:00,123606.20,123739.90,123445.00,123521.70,1680.855
2025-10-07T13:55:00+00:00,123521.70,123898.90,123516.10,123825.40,1028.848
2025-10-07T14:00:00+00:00,123825.40,123943.10,123325.00,123348.50,1231.430
2025-10-07T14:05:00+00:00,123348.40,123465.30,122900.00,123033.80,3768.475
2025-10-07T14:10:00+00:00,123033.90,123050.00,122705.50,122795.50,3787.697
2025-10-07T14:15:00+00:00,122795.60,123014.10,122728.30,122962.00,1170.961
2025-10-07T14:20:00+00:00,122962.00,123289.20,122905.60,123078.10,1552.966
2025-10-07T14:25:00+00:00,123078.10,123097.20,122800.00,122845.10,1045.363
2025-10-07T14:30:00+00:00,122845.10,122985.30,122660.00,122963.50,1764.503
2025-10-07T14:35:00+00:00,122963.60,122973.60,122608.00,122674.10,1208.574
2025-10-07T14:40:00+00:00,122674.10,122766.60,122526.00,122766.60,1140.942
2025-10-07T14:45:00+00:00,122766.60,122959.20,122724.00,122780.90,1124.624
2025-10-07T14:50:00+00:00,122781.00,122781.00,122500.10,122623.80,1530.460
2025-10-07T14:55:00+00:00,122623.90,122739.80,122529.20,122684.00,799.058
2025-10-07T15:00:00+00:00,122684.10,122819.40,122507.00,122577.80,853.442
2025-10-07T15:05:00+00:00,122577.90,122577.90,121678.90,121745.30,6828.037
2025-10-07T15:10:00+00:00,121745.40,122207.30,121656.70,121906.90,3187.236
2025-10-07T15:15:00+00:00,121906.80,122300.00,121803.80,122124.80,1994.461
2025-10-07T15:20:00+00:00,122124.80,122340.00,122113.80,122270.40,1082.674
2025-10-07T15:25:00+00:00,122270.40,122291.90,122015.50,122029.10,939.135
2025-10-07T15:30:00+00:00,122029.10,122090.00,121776.90,121836.70,1482.361
2025-10-07T15:35:00+00:00,121836.80,121914.80,121308.50,121481.10,3381.750
2025-10-07T15:40:00+00:00,121481.20,121875.40,121102.00,121652.60,3834.070
2025-10-07T15:45:00+00:00,121652.50,121713.40,121286.10,121464.00,2360.814
2025-10-07T15:50:00+00:00,121464.00,121580.00,121281.00,121422.30,1624.560
2025-10-07T15:55:00+00:00,121422.40,121853.60,121410.60,121788.30,1944.163
2025-10-07T16:00:00+00:00,121788.20,121827.70,121643.50,121679.00,1587.844
2025-10-07T16:05:00+00:00,121678.90,121679.00,121294.90,121609.30,1291.391
2025-10-07T16:10:00+00:00,121609.20,121681.70,121463.80,121498.00,712.683
2025-10-07T16:15:00+00:00,121498.00,121605.40,121467.20,121548.70,437.131
2025-10-07T16:20:00+00:00,121548.70,121548.70,120860.00,120958.50,4625.726
2025-10-07T16:25:00+00:00,120958.40,121243.30,120720.20,121090.10,3053.683
2025-10-07T16:30:00+00:00,121090.20,121497.90,121081.40,121435.00,1410.581
2025-10-07T16:35:00+00:00,121435.10,121757.20,121435.10,121717.20,1382.523
2025-10-07T16:40:00+00:00,121717.20,121775.00,121635.10,121703.60,962.939
2025-10-07T16:45:00+00:00,121703.60,121990.00,121657.20,121989.90,1649.975
2025-10-07T16:50:00+00:00,121990.00,122049.70,121801.30,121828.40,1125.976
2025-10-07T16:55:00+00:00,121828.40,121828.40,121557.70,121621.50,849.204
2025-10-07T17:00:00+00:00,121621.60,121763.60,121560.70,121674.90,884.402
2025-10-07T17:05:00+00:00,121674.80,121700.00,121462.10,121509.90,643.992
2025-10-07T17:10:00+00:00,121510.00,121555.80,121249.90,121414.90,1588.129
2025-10-07T17:15:00+00:00,121414.90,121506.70,121222.80,121233.40,678.902
2025-10-07T17:20:00+00:00,121233.40,121360.90,121202.90,121291.10,648.072
2025-10-07T17:25:00+00:00,121291.20,121370.80,121162.50,121246.40,462.630
2025-10-07T17:30:00+00:00,121246.30,121387.90,121234.10,121359.60,459.511
2025-10-07T17:35:00+00:00,121359.60,121359.60,121100.00,121260.10,443.515
2025-10-07T17:40:00+00:00,121260.10,121365.90,121227.10,121353.10,271.392
2025-10-07T17:45:00+00:00,121353.20,121537.20,121353.10,121430.00,573.652
2025-10-07T17:50:00+00:00,121430.10,121430.10,121080.00,121107.10,749.756
2025-10-07T17:55:00+00:00,121107.20,121212.00,121016.60,121073.10,723.796
2025-10-07T18:00:00+00:00,121073.20,121095.80,120819.60,120904.70,1478.438
2025-10-07T18:05:00+00:00,120904.70,121112.30,120810.00,121046.20,1110.261
2025-10-07T18:10:00+00:00,121046.20,121270.10,121030.50,121129.00,561.334
2025-10-07T18:15:00+00:00,121129.00,121174.30,120904.90,120988.90,551.167
2025-10-07T18:20:00+00:00,120988.00,120988.00,120763.20,120817.60,1433.279
2025-10-07T18:25:00+00:00,120817.60,120831.90,120516.00,120687.20,3699.247
2025-10-07T18:30:00+00:00,120687.20,120873.20,120641.10,120754.20,678.311
2025-10-07T18:35:00+00:00,120754.10,120794.00,120619.50,120639.20,410.137
2025-10-07T18:40:00+00:00,120639.10,120772.60,120545.50,120738.40,693.112
2025-10-07T18:45:00+00:00,120738.50,120857.00,120712.70,120829.90,480.863
2025-10-07T18:50:00+00:00,120829.90,120945.10,120734.60,120780.10,836.732
2025-10-07T18:55:00+00:00,120780.00,120896.00,120750.20,120838.00,343.905
2025-10-07T19:00:00+00:00,120838.00,121295.00,120801.60,121182.00,1416.369
2025-10-07T19:05:00+00:00,121181.90,121512.00,121165.80,121466.90,1314.069
2025-10-07T19:10:00+00:00,121467.00,121467.00,121316.10,121374.00,722.314
2025-10-07T19:15:00+00:00,121374.00,121533.00,121335.20,121356.40,464.895
2025-10-07T19:20:00+00:00,121356.50,121370.60,121263.00,121328.70,296.123
2025-10-07T19:25:00+00:00,121328.80,121330.50,121150.50,121206.50,406.451
2025-10-07T19:30:00+00:00,121206.50,121427.90,121199.40,121427.80,318.106
2025-10-07T19:35:00+00:00,121427.90,121488.20,121370.40,121397.80,265.962
2025-10-07T19:40:00+00:00,121397.80,121482.00,121304.90,121322.80,247.528
2025-10-07T19:45:00+00:00,121322.80,121528.60,121280.00,121528.60,358.545
2025-10-07T19:50:00+00:00,121528.60,122000.00,121528.50,121692.70,2377.103
2025-10-07T19:55:00+00:00,121692.70,121722.00,121511.90,121593.60,513.325
2025-10-07T20:00:00+00:00,121593.50,121993.90,121593.50,121993.80,641.096
2025-10-07T20:05:00+00:00,121993.80,122052.60,121912.90,122032.00,634.586
2025-10-07T20:10:00+00:00,122031.90,122100.00,121928.00,121981.40,437.652
2025-10-07T20:15:00+00:00,121981.40,122024.00,121885.90,121970.30,203.715
2025-10-07T20:20:00+00:00,121970.30,122071.00,121922.30,121981.50,166.785
2025-10-07T20:25:00+00:00,121981.50,122134.70,121981.40,122131.90,443.222
2025-10-07T20:30:00+00:00,122132.00,122132.00,122089.50,122115.30,178.041
2025-10-07T20:35:00+00:00,122115.30,122120.40,122014.90,122014.90,133.643
2025-10-07T20:40:00+00:00,122014.80,122068.50,121960.50,122008.20,164.258
2025-10-07T20:45:00+00:00,122008.30,122141.40,122007.60,122141.30,228.681
2025-10-07T20:50:00+00:00,122141.40,122142.60,122082.40,122096.70,99.830
2025-10-07T20:55:00+00:00,122096.80,122096.80,121854.00,121885.40,292.947
2025-10-07T21:00:00+00:00,121885.40,121956.00,121710.90,121928.00,453.735
2025-10-07T21:05:00+00:00,121928.00,122095.60,121897.00,122095.50,225.761
2025-10-07T21:10:00+00:00,122095.50,122136.90,121934.90,121934.90,324.637
2025-10-07T21:15:00+00:00,121934.90,122109.10,121903.50,122103.70,180.068
2025-10-07T21:20:00+00:00,122103.60,122103.70,122010.00,122090.80,112.822
2025-10-07T21:25:00+00:00,122090.70,122255.40,122090.70,122184.00,442.411
2025-10-07T21:30:00+00:00,122183.90,122184.00,121944.50,122063.80,264.148
2025-10-07T21:35:00+00:00,122063.80,122063.80,121883.10,121996.80,197.376
2025-10-07T21:40:00+00:00,121996.80,122005.50,121751.00,121973.20,303.561
2025-10-07T21:45:00+00:00,121973.30,121973.30,121730.30,121762.60,216.574
2025-10-07T21:50:00+00:00,121762.50,121800.00,121762.50,121800.00,126.898
2025-10-07T21:55:00+00:00,121800.00,121966.00,121781.40,121954.10,210.201
2025-10-07T22:00:00+00:00,121954.00,121981.70,121851.30,121860.50,170.021
2025-10-07T22:05:00+00:00,121860.60,121905.50,121766.80,121776.60,147.320
2025-10-07T22:10:00+00:00,121776.80,122000.00,121735.20,121965.00,220.209
2025-10-07T22:15:00+00:00,121965.00,122134.80,121934.30,122030.40,201.311
2025-10-07T22:20:00+00:00,122030.30,122067.40,121912.30,121912.40,149.413
2025-10-07T22:25:00+00:00,121912.30,121970.50,121817.60,121859.40,271.826
2025-10-07T22:30:00+00:00,121859.30,122000.00,121859.30,121972.10,168.707
2025-10-07T22:35:00+00:00,121972.10,121976.30,121791.70,121791.70,176.539
2025-10-07T22:40:00+00:00,121791.70,121886.40,121762.90,121877.50,161.261
2025-10-07T22:45:00+00:00,121877.60,121896.80,121861.00,121887.60,61.866
2025-10-07T22:50:00+00:00,121887.60,121928.60,121855.80,121888.40,166.655
2025-10-07T22:55:00+00:00,121888.50,121960.00,121888.40,121956.80,91.933
2025-10-07T23:00:00+00:00,121956.80,121961.10,121800.00,121804.80,176.239
2025-10-07T23:05:00+00:00,121804.70,121911.60,121770.10,121770.20,170.539
2025-10-07T23:10:00+00:00,121770.10,121777.10,121711.20,121737.40,190.535
2025-10-07T23:15:00+00:00,121737.50,121800.00,121615.90,121653.60,347.451
2025-10-07T23:20:00+00:00,121653.60,121712.00,121552.40,121562.60,600.159
2025-10-07T23:25:00+00:00,121562.60,121623.30,121520.90,121614.30,480.637
2025-10-07T23:30:00+00:00,121614.30,121614.40,121476.00,121495.60,731.497
2025-10-07T23:35:00+00:00,121495.70,121600.00,121405.50,121495.60,354.745
2025-10-07T23:40:00+00:00,121495.60,121543.50,121306.00,121424.00,376.132
2025-10-07T23:45:00+00:00,121423.90,121483.80,121283.50,121292.90,291.190
2025-10-07T23:50:00+00:00,121292.80,121469.90,121218.00,121428.30,453.222
2025-10-07T23:55:00+00:00,121428.40,121460.00,121286.50,121286.50,239.806
2025-10-08T00:00:00+00:00,121286.60,121564.30,121286.60,121529.30,407.636
2025-10-08T00:05:00+00:00,121529.30,121536.20,121391.10,121429.70,224.105
2025-10-08T00:10:00+00:00,121429.60,121512.30,121420.00,121500.00,300.125
2025-10-08T00:15:00+00:00,121500.00,121738.80,121499.90,121730.10,441.349
2025-10-08T00:20:00+00:00,121730.20,121750.00,121643.00,121684.70,252.540
2025-10-08T00:25:00+00:00,121684.80,121706.60,121524.00,121538.00,182.663
2025-10-08T00:30:00+00:00,121538.00,121554.70,121230.20,121289.80,328.816
2025-10-08T00:35:00+00:00,121289.80,121623.40,121219.00,121619.50,685.852
2025-10-08T00:40:00+00:00,121619.40,121912.00,121619.40,121844.50,695.027
2025-10-08T00:45:00+00:00,121844.40,121950.00,121741.50,121937.90,1152.949
2025-10-08T00:50:00+00:00,121937.90,122042.00,121920.40,121930.50,1150.510
2025-10-08T00:55:00+00:00,121930.50,121952.30,121845.90,121868.90,570.664
2025-10-08T01:00:00+00:00,121868.90,121956.70,121738.60,121904.60,971.633
2025-10-08T01:05:00+00:00,121904.50,121994.10,121793.50,121928.00,935.594
2025-10-08T01:10:00+00:00,121928.00,121928.00,121622.60,121661.60,417.996
2025-10-08T01:15:00+00:00,121661.60,122000.00,121550.10,121999.80,644.600
2025-10-08T01:20:00+00:00,121999.80,122011.80,121866.60,121938.30,248.589
2025-10-08T01:25:00+00:00,121938.30,121958.40,121752.80,121779.80,144.470
2025-10-08T01:30:00+00:00,121779.80,121923.40,121726.70,121870.80,183.884
2025-10-08T01:35:00+00:00,121872.00,121901.60,121739.40,121776.90,236.548
2025-10-08T01:40:00+00:00,121777.00,121799.10,121696.70,121746.50,175.763
2025-10-08T01:45:00+00:00,121746.50,121875.10,121726.00,121854.60,137.233
2025-10-08T01:50:00+00:00,121854.80,121909.80,121841.90,121893.00,103.218
2025-10-08T01:55:00+00:00,121893.10,121915.80,121880.70,121911.30,92.911
2025-10-08T02:00:00+00:00,121911.30,121913.20,121770.00,121892.70,287.976
2025-10-08T02:05:00+00:00,121892.60,121907.40,121761.30,121829.60,139.161
2025-10-08T02:10:00+00:00,121829.60,121939.80,121801.40,121894.30,138.581
2025-10-08T02:15:00+00:00,121894.30,122123.30,121894.30,121972.90,393.337
2025-10-08T02:20:00+00:00,121972.90,122176.50,121972.80,122148.00,283.705
2025-10-08T02:25:00+00:00,122148.00,122196.90,122131.70,122132.00,327.095
2025-10-08T02:30:00+00:00,122132.10,122141.80,122032.90,122032.90,338.181
2025-10-08T02:35:00+00:00,122032.90,122049.50,121820.00,121820.10,562.458
2025-10-08T02:40:00+00:00,121820.00,121914.80,121811.20,121854.50,297.230
2025-10-08T02:45:00+00:00,121854.50,121958.00,121806.40,121918.90,255.798
2025-10-08T02:50:00+00:00,121918.90,122029.60,121918.80,122029.60,224.300
2025-10-08T02:55:00+00:00,122029.50,122050.00,121972.90,121995.00,237.452
2025-10-08T03:00:00+00:00,121995.10,121995.10,121780.30,121792.40,368.141
2025-10-08T03:05:00+00:00,121792.40,121800.00,121714.30,121750.70,365.723
2025-10-08T03:10:00+00:00,121750.80,121760.60,121662.50,121670.90,347.465
2025-10-08T03:15:00+00:00,121671.00,121777.10,121665.50,121739.50,294.164
2025-10-08T03:20:00+00:00,121739.60,121748.80,121423.00,121509.20,883.113
2025-10-08T03:25:00+00:00,121509.20,121550.00,121323.90,121402.10,725.724
2025-10-08T03:30:00+00:00,121402.00,121473.10,121260.70,121346.20,769.719
2025-10-08T03:35:00+00:00,121346.20,121423.20,121285.60,121299.90,302.089
2025-10-08T03:40:00+00:00,121299.90,121394.30,121258.00,121275.60,281.500
2025-10-08T03:45:00+00:00,121275.70,121358.20,121137.00,121334.40,497.290
2025-10-08T03:50:00+00:00,121334.40,121399.50,121180.80,121264.40,377.919
2025-10-08T03:55:00+00:00,121264.40,121360.90,121264.30,121333.10,306.163
2025-10-08T04:00:00+00:00,121333.10,121420.00,121282.20,121420.00,384.825
2025-10-08T04:05:00+00:00,121420.00,121443.30,121194.00,121211.00,393.231
2025-10-08T04:10:00+00:00,121210.90,121360.20,121005.30,121339.10,662.442
2025-10-08T04:15:00+00:00,121339.20,121550.30,121323.00,121522.40,513.914
2025-10-08T04:20:00+00:00,121522.50,121564.40,121400.00,121417.20,315.572
2025-10-08T04:25:00+00:00,121417.10,121443.20,121298.60,121433.00,279.100
2025-10-08T04:30:00+00:00,121433.10,121658.80,121433.00,121658.70,471.850
2025-10-08T04:35:00+00:00,121658.80,121749.10,121600.00,121609.90,393.508
2025-10-08T04:40:00+00:00,121609.90,121636.40,121507.20,121551.20,268.702
2025-10-08T04:45:00+00:00,121551.30,121721.40,121551.30,121721.40,242.303
2025-10-08T04:50:00+00:00,121721.40,121744.70,121666.00,121738.70,206.649
2025-10-08T04:55:00+00:00,121738.60,121880.00,121737.40,121865.40,277.999
2025-10-08T05:00:00+00:00,121865.40,121868.30,121646.00,121669.30,423.556
2025-10-08T05:05:00+00:00,121669.40,121750.00,121607.50,121750.00,301.801
2025-10-08T05:10:00+00:00,121749.90,121762.10,121663.20,121727.90,224.447
2025-10-08T05:15:00+00:00,121727.90,121744.30,121474.90,121512.40,885.334
2025-10-08T05:20:00+00:00,121512.40,121512.50,121299.80,121363.70,990.566
2025-10-08T05:25:00+00:00,121363.70,121363.70,121207.20,121337.70,353.438
2025-10-08T05:30:00+00:00,121337.70,121489.40,121337.60,121370.10,464.401
2025-10-08T05:35:00+00:00,121370.00,121400.00,121312.80,121395.80,264.421
2025-10-08T05:40:00+00:00,121395.90,121455.60,121233.60,121233.60,279.446
2025-10-08T05:45:00+00:00,121233.60,121261.80,121160.70,121184.20,316.705
2025-10-08T05:50:00+00:00,121184.20,121240.10,121124.20,121150.00,233.215
2025-10-08T05:55:00+00:00,121150.00,121338.10,121150.00,121338.00,404.722
2025-10-08T06:00:00+00:00,121338.10,121378.80,121200.70,121226.90,323.539
2025-10-08T06:05:00+00:00,121226.90,121227.00,121020.00,121126.80,704.165
2025-10-08T06:10:00+00:00,121126.70,121339.70,121126.70,121261.40,168.849
2025-10-08T06:15:00+00:00,121261.50,121313.00,121111.00,121313.00,199.306
2025-10-08T06:20:00+00:00,121313.00,121426.70,121310.80,121372.60,436.943
2025-10-08T06:25:00+00:00,121372.60,121460.20,121334.90,121360.80,315.349
2025-10-08T06:30:00+00:00,121360.90,121456.00,121350.80,121359.00,209.371
2025-10-08T06:35:00+00:00,121359.00,121515.50,121359.00,121513.80,186.992
2025-10-08T06:40:00+00:00,121513.90,121545.20,121450.00,121537.20,195.413
2025-10-08T06:45:00+00:00,121537.10,121636.20,121537.10,121604.10,218.423
2025-10-08T06:50:00+00:00,121604.10,121650.00,121554.20,121649.90,177.193
2025-10-08T06:55:00+00:00,121650.00,121814.00,121649.90,121749.00,378.931
2025-10-08T07:00:00+00:00,121749.10,121800.00,121626.20,121800.00,304.180
2025-10-08T07:05:00+00:00,121799.90,121836.60,121573.90,121611.20,443.523
2025-10-08T07:10:00+00:00,121611.50,121680.00,121581.10,121623.50,249.916
2025-10-08T07:15:00+00:00,121623.60,121633.20,121550.00,121587.00,210.692
2025-10-08T07:20:00+00:00,121587.10,121657.60,121517.40,121571.60,260.883
2025-10-08T07:25:00+00:00,121571.60,121571.60,121447.40,121513.60,278.097
2025-10-08T07:30:00+00:00,121513.60,121536.30,121392.80,121471.90,224.937
2025-10-08T07:35:00+00:00,121472.00,121500.00,121360.90,121360.90,148.818
2025-10-08T07:40:00+00:00,121360.90,121475.70,121272.70,121444.40,251.131
2025-10-08T07:45:00+00:00,121444.50,121444.50,121285.90,121360.00,167.952
2025-10-08T07:50:00+00:00,121360.00,121511.30,121283.10,121468.20,333.352
2025-10-08T07:55:00+00:00,121468.10,121559.70,121387.80,121550.40,201.729
2025-10-08T08:00:00+00:00,121550.50,121793.50,121550.50,121780.70,454.951
2025-10-08T08:05:00+00:00,121780.60,121780.70,121556.50,121617.60,209.280
2025-10-08T08:10:00+00:00,121617.50,121635.50,121493.80,121510.70,226.878
2025-10-08T08:15:00+00:00,121510.60,121764.20,121468.50,121761.50,382.333
2025-10-08T08:20:00+00:00,121761.50,121926.80,121761.50,121919.50,505.650
2025-10-08T08:25:00+00:00,121919.50,121965.80,121744.00,121873.20,312.388
2025-10-08T08:30:00+00:00,121873.20,122336.60,121873.10,122336.50,1503.366
2025-10-08T08:35:00+00:00,122336.50,122475.00,122278.30,122452.60,1581.982
2025-10-08T08:40:00+00:00,122452.70,122800.00,122452.70,122795.70,2738.490
2025-10-08T08:45:00+00:00,122795.80,122820.00,122511.70,122555.00,1012.773
2025-10-08T08:50:00+00:00,122554.90,122659.00,122355.00,122414.50,646.588
2025-10-08T08:55:00+00:00,122414.50,122438.60,122292.10,122332.60,359.392
2025-10-08T09:00:00+00:00,122332.70,122597.30,122332.50,122430.00,718.663
2025-10-08T09:05:00+00:00,122429.90,122600.00,122429.90,122513.70,520.267
2025-10-08T09:10:00+00:00,122513.70,122536.80,122449.10,122514.00,309.882
2025-10-08T09:15:00+00:00,122514.10,122514.10,122400.60,122456.00,270.434
2025-10-08T09:20:00+00:00,122456.00,122588.00,122455.90,122544.60,394.176
2025-10-08T09:25:00+00:00,122544.60,122579.80,122450.20,122484.80,182.925
2025-10-08T09:30:00+00:00,122484.80,122538.70,122343.70,122393.10,329.466
2025-10-08T09:35:00+00:00,122393.10,122516.40,122359.00,122499.60,163.808
2025-10-08T09:40:00+00:00,122499.60,122514.10,122354.10,122412.40,192.862
2025-10-08T09:45:00+00:00,122412.50,122431.70,122352.20,122375.60,192.802
2025-10-08T09:50:00+00:00,122375.20,122444.40,122324.50,122417.20,257.578
2025-10-08T09:55:00+00:00,122417.10,122485.00,122404.80,122485.00,250.396
2025-10-08T10:00:00+00:00,122485.00,122692.00,122449.90,122692.00,281.343
2025-10-08T10:05:00+00:00,122692.00,122779.70,122581.90,122691.30,374.998
2025-10-08T10:10:00+00:00,122691.30,122700.00,122467.20,122513.80,264.191
2025-10-08T10:15:00+00:00,122513.80,122600.00,122469.20,122599.90,148.326
2025-10-08T10:20:00+00:00,122600.00,122662.70,122548.30,122577.00,287.561
2025-10-08T10:25:00+00:00,122577.00,122661.60,122550.00,122550.10,190.355
2025-10-08T10:30:00+00:00,122550.20,122720.00,122516.30,122700.00,421.183
2025-10-08T10:35:00+00:00,122700.10,122974.20,122676.00,122857.90,1390.778
2025-10-08T10:40:00+00:00,122857.90,123074.80,122857.90,122926.10,812.421
2025-10-08T10:45:00+00:00,122926.10,122967.80,122865.00,122893.20,341.473
2025-10-08T10:50:00+00:00,122893.20,122900.00,122825.30,122848.90,229.575
2025-10-08T10:55:00+00:00,122848.90,122912.60,122848.80,122885.70,271.610
2025-10-08T11:00:00+00:00,122885.70,122968.40,122834.30,122850.10,387.359
2025-10-08T11:05:00+00:00,122850.20,123000.00,122754.40,122999.90,462.071
2025-10-08T11:10:00+00:00,122999.90,123150.00,122999.90,123065.30,921.920
2025-10-08T11:15:00+00:00,123065.30,123065.40,122900.10,122910.00,388.254
2025-10-08T11:20:00+00:00,122910.00,123000.00,122779.90,122824.70,393.872
2025-10-08T11:25:00+00:00,122824.80,123034.40,122819.10,122959.10,284.244
2025-10-08T11:30:00+00:00,122959.20,122987.20,122873.40,122896.80,177.287
2025-10-08T11:35:00+00:00,122896.80,122941.80,122835.10,122871.50,134.758
2025-10-08T11:40:00+00:00,122871.50,122871.60,122734.10,122743.40,233.490
2025-10-08T11:45:00+00:00,122743.40,122796.70,122672.80,122780.00,263.345
2025-10-08T11:50:00+00:00,122779.90,122834.20,122779.90,122831.60,112.070
2025-10-08T11:55:00+00:00,122831.60,122851.00,122783.10,122825.70,199.402
2025-10-08T12:00:00+00:00,122825.80,122924.10,122688.90,122749.00,581.158
2025-10-08T12:05:00+00:00,122749.00,122790.10,122655.80,122690.00,421.961
2025-10-08T12:10:00+00:00,122690.00,123009.60,122690.00,122918.80,364.193
2025-10-08T12:15:00+00:00,122918.90,122976.40,122844.40,122854.80,268.842
2025-10-08T12:20:00+00:00,122854.80,122854.80,122630.30,122630.30,373.554
2025-10-08T12:25:00+00:00,122630.30,122737.60,122571.10,122701.80,377.114
2025-10-08T12:30:00+00:00,122701.90,122701.90,122550.00,122623.80,310.947
2025-10-08T12:35:00+00:00,122623.80,122654.80,122555.30,122587.00,309.343
2025-10-08T12:40:00+00:00,122587.10,122674.30,122555.30,122609.10,243.831
2025-10-08T12:45:00+00:00,122609.10,122680.00,122565.70,122626.10,208.118
2025-10-08T12:50:00+00:00,122626.10,122652.70,122511.50,122511.90,198.566
2025-10-08T12:55:00+00:00,122511.90,122580.30,122478.90,122580.30,281.288
2025-10-08T13:00:00+00:00,122580.20,122729.80,122537.00,122614.30,318.867
2025-10-08T13:05:00+00:00,122614.30,122676.30,122340.00,122468.80,546.175
2025-10-08T13:10:00+00:00,122468.80,122640.00,122434.10,122597.80,285.185
2025-10-08T13:15:00+00:00,122597.70,122664.50,122588.40,122621.40,179.907
2025-10-08T13:20:00+00:00,122621.40,122664.50,122481.30,122525.50,141.454
2025-10-08T13:25:00+00:00,122525.50,122545.50,122431.90,122431.90,134.998
2025-10-08T13:30:00+00:00,122431.90,122637.50,122344.70,122488.80,684.176
2025-10-08T13:35:00+00:00,122488.70,122550.00,122212.10,122333.60,939.937
2025-10-08T13:40:00+00:00,122333.50,122336.90,121626.40,121845.00,3147.095
2025-10-08T13:45:00+00:00,121845.00,122177.80,121607.80,122110.00,1279.808
2025-10-08T13:50:00+00:00,122110.00,122244.00,122000.00,122190.00,593.983
2025-10-08T13:55:00+00:00,122190.00,122616.20,122134.60,122540.40,1155.367
2025-10-08T14:00:00+00:00,122540.40,123312.90,122540.30,123020.00,4227.023
2025-10-08T14:05:00+00:00,123020.00,123115.20,122800.00,122816.00,1142.464
2025-10-08T14:10:00+00:00,122816.00,122933.80,122613.90,122761.40,902.421
2025-10-08T14:15:00+00:00,122761.30,123021.20,122638.50,123017.60,750.492
2025-10-08T14:20:00+00:00,123017.70,123035.50,122591.20,122602.60,1014.182
2025-10-08T14:25:00+00:00,122602.50,122634.40,122366.30,122543.50,848.719
2025-10-08T14:30:00+00:00,122543.50,122807.50,122321.50,122321.50,810.530
2025-10-08T14:35:00+00:00,122321.50,122506.30,122188.10,122454.90,1023.916
2025-10-08T14:40:00+00:00,122455.00,122513.00,122254.90,122416.00,488.329
2025-10-08T14:45:00+00:00,122416.00,122566.00,122259.80,122530.10,473.291
2025-10-08T14:50:00+00:00,122530.10,122545.60,122255.00,122298.70,335.245
2025-10-08T14:55:00+00:00,122298.70,122298.70,122043.10,122268.40,855.314
2025-10-08T15:00:00+00:00,122268.30,122347.70,122171.10,122252.40,389.801
2025-10-08T15:05:00+00:00,122252.30,122352.90,122230.20,122290.10,243.931
2025-10-08T15:10:00+00:00,122290.10,122577.90,122290.10,122438.30,461.629
2025-10-08T15:15:00+00:00,122438.30,122458.80,122300.00,122314.50,211.456
2025-10-08T15:20:00+00:00,122314.50,122426.00,122136.70,122413.90,492.438
2025-10-08T15:25:00+00:00,122413.90,122494.00,122300.00,122399.90,281.017
2025-10-08T15:30:00+00:00,122400.00,122403.10,122178.00,122231.90,267.053
2025-10-08T15:35:00+00:00,122231.90,122358.20,122231.90,122297.70,199.435
2025-10-08T15:40:00+00:00,122297.70,122383.70,122273.30,122305.50,126.971
2025-10-08T15:45:00+00:00,122305.50,122305.60,121888.00,122011.10,851.056
2025-10-08T15:50:00+00:00,122011.10,122112.60,121909.90,122064.90,314.619
2025-10-08T15:55:00+00:00,122064.90,122175.90,121993.70,122140.10,362.927
2025-10-08T16:00:00+00:00,122140.10,122275.00,122055.80,122188.00,523.440
2025-10-08T16:05:00+00:00,122188.00,122437.60,122117.70,122385.00,721.499
2025-10-08T16:10:00+00:00,122385.10,122682.00,122360.70,122681.90,838.305
2025-10-08T16:15:00+00:00,122682.00,122877.20,122614.30,122614.30,797.482
2025-10-08T16:20:00+00:00,122614.30,122721.60,122555.10,122645.40,377.895
2025-10-08T16:25:00+00:00,122645.30,122710.00,122590.00,122624.30,339.725
2025-10-08T16:30:00+00:00,122624.20,122692.80,122500.50,122614.20,171.980
2025-10-08T16:35:00+00:00,122614.10,122671.90,122550.00,122628.30,158.982
2025-10-08T16:40:00+00:00,122628.40,122680.10,122508.20,122659.40,175.129
2025-10-08T16:45:00+00:00,122659.30,122841.50,122655.30,122803.20,271.454
2025-10-08T16:50:00+00:00,122803.20,122989.40,122803.20,122934.60,618.177
2025-10-08T16:55:00+00:00,122934.60,123088.00,122934.60,122999.90,584.452
2025-10-08T17:00:00+00:00,122999.90,123039.00,122903.80,123017.30,500.165
2025-10-08T17:05:00+00:00,123017.30,123283.90,122937.60,123283.80,895.444
2025-10-08T17:10:00+00:00,123283.80,123645.00,123283.80,123614.60,2552.354
2025-10-08T17:15:00+00:00,123614.60,123832.10,123435.40,123705.60,1873.459
2025-10-08T17:20:00+00:00,123705.50,123884.40,123546.00,123823.80,1213.729
2025-10-08T17:25:00+00:00,123823.80,123923.00,123684.00,123747.50,1438.262
2025-10-08T17:30:00+00:00,123747.40,123996.00,123747.40,123807.40,906.672
2025-10-08T17:35:00+00:00,123807.50,123854.90,123579.90,123678.10,632.329
2025-10-08T17:40:00+00:00,123678.20,123767.00,123625.60,123718.00,359.407
2025-10-08T17:45:00+00:00,123718.00,123883.00,123628.00,123818.20,472.597
2025-10-08T17:50:00+00:00,123818.10,123982.30,123809.60,123947.00,502.443
2025-10-08T17:55:00+00:00,123946.70,124170.60,123930.00,123985.50,1240.575
2025-10-08T18:00:00+00:00,123985.50,124169.20,123774.30,123824.40,1038.329
2025-10-08T18:05:00+00:00,123824.50,123907.90,123753.80,123863.90,421.310
2025-10-08T18:10:00+00:00,123863.90,124050.00,123809.50,123809.50,475.307
2025-10-08T18:15:00+00:00,123809.60,123827.70,123650.00,123723.60,772.913
2025-10-08T18:20:00+00:00,123723.70,123750.00,123520.00,123637.20,703.920
2025-10-08T18:25:00+00:00,123636.80,123664.20,123559.30,123561.30,244.821
2025-10-08T18:30:00+00:00,123561.40,123605.50,123443.80,123460.50,355.397
2025-10-08T18:35:00+00:00,123460.40,123747.70,123359.70,123690.10,636.168
2025-10-08T18:40:00+00:00,123690.00,123690.10,123436.80,123505.70,498.296
2025-10-08T18:45:00+00:00,123505.90,123618.30,123464.30,123602.50,248.280
2025-10-08T18:50:00+00:00,123602.40,123771.30,123559.50,123733.60,460.645
2025-10-08T18:55:00+00:00,123733.70,123756.70,123381.90,123389.80,636.112
2025-10-08T19:00:00+00:00,123389.80,123469.00,123291.10,123444.50,425.541
2025-10-08T19:05:00+00:00,123444.40,123465.40,123150.00,123292.60,436.481
2025-10-08T19:10:00+00:00,123292.70,123342.30,123192.60,123192.60,241.859
2025-10-08T19:15:00+00:00,123192.60,123238.10,123095.00,123216.30,589.309
2025-10-08T19:20:00+00:00,123216.30,123487.60,123188.50,123487.60,488.688
2025-10-08T19:25:00+00:00,123487.60,123604.40,123487.50,123577.90,382.346
2025-10-08T19:30:00+00:00,123577.80,123689.90,123537.20,123560.10,422.461
2025-10-08T19:35:00+00:00,123560.00,123690.00,123551.00,123551.00,288.187
2025-10-08T19:40:00+00:00,123551.10,123551.10,123321.00,123372.60,419.861
2025-10-08T19:45:00+00:00,123372.70,123478.90,123350.70,123448.70,245.994
2025-10-08T19:50:00+00:00,123448.70,123524.00,123383.60,123435.50,248.287
2025-10-08T19:55:00+00:00,123435.60,123459.20,123340.50,123381.80,802.045
2025-10-08T20:00:00+00:00,123381.80,123462.00,123235.60,123252.40,322.492
2025-10-08T20:05:00+00:00,123252.30,123386.30,123252.30,123343.30,247.163
2025-10-08T20:10:00+00:00,123343.30,123471.60,123343.30,123434.30,303.212
2025-10-08T20:15:00+00:00,123434.40,123599.90,123423.00,123527.80,265.519
2025-10-08T20:20:00+00:00,123527.90,123671.50,123488.30,123591.80,256.059
2025-10-08T20:25:00+00:00,123591.90,123610.20,123485.60,123491.20,164.345
2025-10-08T20:30:00+00:00,123491.20,123515.00,123350.00,123361.00,149.116
2025-10-08T20:35:00+00:00,123360.90,123451.80,123337.10,123409.20,123.542
2025-10-08T20:40:00+00:00,123409.30,123421.20,123284.90,123299.10,199.667
2025-10-08T20:45:00+00:00,123299.00,123329.00,123171.80,123204.60,218.579
2025-10-08T20:50:00+00:00,123204.60,123204.70,123150.00,123164.80,171.508
2025-10-08T20:55:00+00:00,123164.70,123169.80,122757.50,122784.60,1133.138
2025-10-08T21:00:00+00:00,122784.60,123044.60,122739.70,123038.40,479.013
2025-10-08T21:05:00+00:00,123038.40,123112.60,123014.90,123014.90,426.682
2025-10-08T21:10:00+00:00,123015.00,123034.00,122930.70,123033.90,286.647
2025-10-08T21:15:00+00:00,123034.00,123154.30,123033.90,123079.20,167.812
2025-10-08T21:20:00+00:00,123079.20,123189.50,123066.90,123184.70,173.880
2025-10-08T21:25:00+00:00,123184.70,123257.40,123155.00,123215.90,161.303
2025-10-08T21:30:00+00:00,123216.00,123264.20,123209.40,123229.80,54.774
2025-10-08T21:35:00+00:00,123229.70,123250.00,123207.80,123216.10,61.054
2025-10-08T21:40:00+00:00,123216.10,123272.20,123206.80,123272.10,86.344
2025-10-08T21:45:00+00:00,123272.10,123272.20,123104.00,123129.00,166.287
2025-10-08T21:50:00+00:00,123129.00,123163.20,123124.90,123142.70,41.533
2025-10-08T21:55:00+00:00,123142.70,123231.50,123142.70,123231.40,87.908
2025-10-08T22:00:00+00:00,123231.50,123317.60,123230.10,123255.80,288.023
2025-10-08T22:05:00+00:00,123255.90,123362.90,123233.10,123362.80,77.826
2025-10-08T22:10:00+00:00,123362.80,123362.80,123232.80,123295.30,146.382
2025-10-08T22:15:00+00:00,123295.30,123347.20,123213.50,123293.50,88.480
2025-10-08T22:20:00+00:00,123293.60,123317.30,123265.00,123265.10,59.306
2025-10-08T22:25:00+00:00,123265.10,123265.10,123209.30,123228.80,60.542
2025-10-08T22:30:00+00:00,123228.80,123281.50,123228.70,123270.10,72.057
2025-10-08T22:35:00+00:00,123270.00,123300.00,123270.00,123299.90,36.434
2025-10-08T22:40:00+00:00,123300.00,123300.00,123252.70,123255.30,61.709
2025-10-08T22:45:00+00:00,123255.30,123272.90,123191.70,123217.30,58.013
2025-10-08T22:50:00+00:00,123217.30,123217.40,123195.30,123207.70,46.372
2025-10-08T22:55:00+00:00,123207.70,123207.80,123126.10,123126.10,90.604
2025-10-08T23:00:00+00:00,123126.00,123136.60,123098.20,123101.70,108.083
2025-10-08T23:05:00+00:00,123101.70,123131.00,122981.20,123013.50,183.084
2025-10-08T23:10:00+00:00,123013.50,123094.00,123013.50,123070.80,112.074
2025-10-08T23:15:00+00:00,123070.80,123249.90,123070.70,123225.30,162.683
2025-10-08T23:20:00+00:00,123225.30,123373.10,123164.50,123373.10,178.370
2025-10-08T23:25:00+00:00,123373.10,123420.90,123352.20,123420.90,181.436
2025-10-08T23:30:00+00:00,123421.00,123475.30,123359.70,123470.10,183.245
2025-10-08T23:35:00+00:00,123470.10,123470.10,123325.50,123359.60,168.705
2025-10-08T23:40:00+00:00,123359.60,123371.00,123270.60,123290.80,89.164
2025-10-08T23:45:00+00:00,123290.80,123294.00,123264.40,123285.50,64.872
2025-10-08T23:50:00+00:00,123285.50,123285.50,123235.20,123259.90,116.179
2025-10-08T23:55:00+00:00,123259.80,123300.00,123237.40,123237.50,129.921
2025-10-09T00:00:00+00:00,123237.40,123279.70,123156.60,123156.60,306.495
2025-10-09T00:05:00+00:00,123156.60,123156.70,122959.70,122977.80,282.479
2025-10-09T00:10:00+00:00,122977.80,123051.80,122975.70,123051.70,165.611
2025-10-09T00:15:00+00:00,123051.80,123195.20,123020.20,123190.10,169.165
2025-10-09T00:20:00+00:00,123190.10,123206.10,123100.00,123113.60,97.768
2025-10-09T00:25:00+00:00,123113.70,123113.70,122989.60,123000.00,133.457
2025-10-09T00:30:00+00:00,122999.90,123048.70,122801.10,122884.80,331.137
2025-10-09T00:35:00+00:00,122884.70,122971.90,122850.00,122947.70,156.753
2025-10-09T00:40:00+00:00,122947.80,123031.10,122900.10,122906.30,154.116
2025-10-09T00:45:00+00:00,122906.30,123062.30,122878.70,123049.80,123.715
2025-10-09T00:50:00+00:00,123049.90,123049.90,122879.80,122899.10,196.572
2025-10-09T00:55:00+00:00,122899.00,122926.80,122782.00,122782.00,142.280
2025-10-09T01:00:00+00:00,122782.00,122806.00,122558.00,122622.70,877.352
2025-10-09T01:05:00+00:00,122622.70,122684.50,122535.00,122567.80,339.081
2025-10-09T01:10:00+00:00,122567.80,122667.90,122539.90,122576.30,169.916
2025-10-09T01:15:00+00:00,122576.30,122710.90,122424.20,122532.90,695.678
2025-10-09T01:20:00+00:00,122533.50,122645.30,122527.90,122583.20,162.798
2025-10-09T01:25:00+00:00,122583.20,122628.40,122462.90,122471.90,214.124
2025-10-09T01:30:00+00:00,122471.90,122472.00,122334.00,122391.00,491.999
2025-10-09T01:35:00+00:00,122390.90,122426.40,122300.00,122330.00,293.257
2025-10-09T01:40:00+00:00,122330.00,122411.10,122272.70,122284.30,339.917
2025-10-09T01:45:00+00:00,122284.40,122405.50,122284.40,122343.50,262.337
2025-10-09T01:50:00+00:00,122343.50,122439.00,122325.90,122390.40,199.844
2025-10-09T01:55:00+00:00,122390.40,122520.20,122382.20,122496.60,216.769
2025-10-09T02:00:00+00:00,122496.50,122496.60,122219.60,122250.10,422.808
2025-10-09T02:05:00+00:00,122250.00,122250.10,122004.00,122172.40,1068.993
2025-10-09T02:10:00+00:00,122172.40,122256.70,122126.80,122214.20,257.782
2025-10-09T02:15:00+00:00,122214.20,122276.70,121950.10,121970.50,610.047
2025-10-09T02:20:00+00:00,121970.40,122059.90,121960.90,121998.10,314.418
2025-10-09T02:25:00+00:00,121998.10,122043.00,121907.00,121956.30,316.488
2025-10-09T02:30:00+00:00,121956.30,122070.00,121951.10,121955.30,296.053
2025-10-09T02:35:00+00:00,121955.20,121955.20,121803.50,121848.80,515.953
2025-10-09T02:40:00+00:00,121848.80,121848.80,121535.10,121636.50,1306.800
2025-10-09T02:45:00+00:00,121636.50,121768.90,121505.00,121596.50,802.732
2025-10-09T02:50:00+00:00,121596.50,121713.80,121500.00,121537.40,497.175
2025-10-09T02:55:00+00:00,121537.30,121610.30,121411.80,121573.20,690.819
2025-10-09T03:00:00+00:00,121573.20,121840.70,121558.80,121790.40,672.422
2025-10-09T03:05:00+00:00,121790.40,121920.00,121700.00,121792.70,836.997
2025-10-09T03:10:00+00:00,121792.80,121868.70,121755.00,121766.70,239.449
2025-10-09T03:15:00+00:00,121766.80,121924.00,121766.70,121892.90,301.267
2025-10-09T03:20:00+00:00,121893.00,122080.70,121883.20,121960.30,570.260
2025-10-09T03:25:00+00:00,121960.20,121971.10,121881.30,121927.30,186.835
2025-10-09T03:30:00+00:00,121927.40,122033.30,121923.10,122008.30,216.188
2025-10-09T03:35:00+00:00,122008.20,122008.30,121947.10,121966.20,134.471
2025-10-09T03:40:00+00:00,121966.30,122003.00,121841.90,121852.40,198.674
2025-10-09T03:45:00+00:00,121852.30,121966.30,121843.40,121961.20,268.950
2025-10-09T03:50:00+00:00,121961.20,122000.00,121929.20,121985.70,125.169
2025-10-09T03:55:00+00:00,121985.60,122000.00,121971.50,121988.40,99.657
2025-10-09T04:00:00+00:00,121988.40,122050.00,121845.20,121956.80,355.093
2025-10-09T04:05:00+00:00,121956.70,121986.30,121883.50,121890.00,177.061
2025-10-09T04:10:00+00:00,121890.00,121996.00,121850.00,121850.10,429.094
2025-10-09T04:15:00+00:00,121850.10,122038.00,121850.10,122031.10,180.849
2025-10-09T04:20:00+00:00,122031.10,122220.80,122026.30,122219.80,455.971
2025-10-09T04:25:00+00:00,122219.80,122221.00,122164.20,122193.10,279.443
2025-10-09T04:30:00+00:00,122193.10,122193.10,122026.70,122048.40,179.294
2025-10-09T04:35:00+00:00,122048.30,122100.00,121957.10,122034.00,204.293
2025-10-09T04:40:00+00:00,122034.00,122034.00,121947.00,121974.30,239.893
2025-10-09T04:45:00+00:00,121974.30,122071.90,121964.30,122071.90,150.147
2025-10-09T04:50:00+00:00,122071.80,122109.40,122056.80,122065.80,157.007
2025-10-09T04:55:00+00:00,122065.80,122126.00,122036.20,122087.60,175.160
2025-10-09T05:00:00+00:00,122087.60,122143.90,122023.50,122103.20,165.815
2025-10-09T05:05:00+00:00,122103.20,122150.40,122029.90,122030.00,99.648
2025-10-09T05:10:00+00:00,122029.90,122053.00,121863.30,121863.40,363.866
2025-10-09T05:15:00+00:00,121863.30,121907.10,121842.50,121842.50,270.339
2025-10-09T05:20:00+00:00,121842.50,121887.80,121816.30,121864.70,373.539
2025-10-09T05:25:00+00:00,121864.70,121980.70,121835.10,121951.20,223.848
2025-10-09T05:30:00+00:00,121951.20,122078.10,121908.80,121929.90,238.343
2025-10-09T05:35:00+00:00,121929.80,121981.20,121762.20,121900.50,611.386
2025-10-09T05:40:00+00:00,121900.40,121965.90,121894.70,121908.40,178.117
2025-10-09T05:45:00+00:00,121908.40,121994.00,121850.00,121994.00,145.250
2025-10-09T05:50:00+00:00,121993.90,122000.00,121924.30,121966.60,140.576
2025-10-09T05:55:00+00:00,121966.60,122088.60,121950.00,122052.60,215.122
2025-10-09T06:00:00+00:00,122052.60,122066.40,121941.80,121969.00,155.829
2025-10-09T06:05:00+00:00,121968.90,122046.80,121875.70,121875.70,204.583
2025-10-09T06:10:00+00:00,121875.70,121945.40,121850.00,121895.00,226.218
2025-10-09T06:15:00+00:00,121894.90,121974.20,121873.80,121888.00,212.262
2025-10-09T06:20:00+00:00,121888.00,121984.00,121824.70,121984.00,223.416
2025-10-09T06:25:00+00:00,121983.90,122093.10,121983.90,122041.30,262.908
2025-10-09T06:30:00+00:00,122041.30,122139.10,121988.00,122040.20,164.401
2025-10-09T06:35:00+00:00,122040.40,122073.20,122025.70,122025.80,105.090
2025-10-09T06:40:00+00:00,122025.80,122061.50,122025.70,122060.20,57.240
2025-10-09T06:45:00+00:00,122060.20,122110.90,121960.00,121987.90,143.647
2025-10-09T06:50:00+00:00,121987.80,122001.80,121871.60,121871.70,318.718
2025-10-09T06:55:00+00:00,121871.70,121911.60,121810.40,121900.40,226.287
2025-10-09T07:00:00+00:00,121900.30,121987.90,121879.10,121987.30,134.627
2025-10-09T07:05:00+00:00,121987.20,122006.00,121895.70,121972.40,116.095
2025-10-09T07:10:00+00:00,121972.40,121972.50,121915.00,121915.20,141.623
2025-10-09T07:15:00+00:00,121915.10,122006.70,121878.00,121923.30,138.437
2025-10-09T07:20:00+00:00,121923.20,121944.70,121817.50,121837.70,216.368
2025-10-09T07:25:00+00:00,121837.80,121865.00,121741.10,121812.90,227.538
2025-10-09T07:30:00+00:00,121812.80,121829.10,121751.20,121805.70,228.101
2025-10-09T07:35:00+00:00,121805.60,121805.70,121702.60,121708.00,247.725
2025-10-09T07:40:00+00:00,121708.30,121755.60,121657.30,121677.00,289.219
2025-10-09T07:45:00+00:00,121676.90,121888.00,121664.20,121887.90,319.985
2025-10-09T07:50:00+00:00,121888.00,121946.20,121888.00,121910.00,173.003
2025-10-09T07:55:00+00:00,121910.00,121919.50,121831.50,121847.90,148.966
2025-10-09T08:00:00+00:00,121847.80,121909.70,121820.00,121865.80,176.134
2025-10-09T08:05:00+00:00,121866.00,121866.00,121622.50,121664.20,504.874
2025-10-09T08:10:00+00:00,121664.10,121807.20,121659.60,121675.00,292.900
2025-10-09T08:15:00+00:00,121675.00,121675.10,121518.00,121589.30,840.487
2025-10-09T08:20:00+00:00,121589.30,121627.60,121415.20,121471.70,1003.731
2025-10-09T08:25:00+00:00,121471.70,121476.90,121136.00,121136.00,1549.042
2025-10-09T08:30:00+00:00,121136.10,121479.00,121102.00,121423.10,1179.446
2025-10-09T08:35:00+00:00,121423.20,121570.90,121394.10,121394.20,645.474
2025-10-09T08:40:00+00:00,121394.10,121416.20,121181.00,121275.60,528.661
2025-10-09T08:45:00+00:00,121275.60,121463.30,121275.60,121324.10,421.569
2025-10-09T08:50:00+00:00,121324.20,121324.20,121081.50,121132.90,680.488
2025-10-09T08:55:00+00:00,121132.90,121315.20,121100.00,121202.40,405.611
2025-10-09T09:00:00+00:00,121202.40,121470.00,121202.40,121449.90,611.481
2025-10-09T09:05:00+00:00,121449.90,121638.00,121436.80,121515.40,781.566
2025-10-09T09:10:00+00:00,121515.30,121573.80,121470.20,121552.40,225.230
2025-10-09T09:15:00+00:00,121552.40,121615.30,121463.50,121463.60,267.928
2025-10-09T09:20:00+00:00,121463.50,121719.50,121463.50,121558.70,402.752
2025-10-09T09:25:00+00:00,121558.70,121699.20,121488.00,121643.60,242.841
2025-10-09T09:30:00+00:00,121643.70,121723.50,121609.60,121693.80,254.587
2025-10-09T09:35:00+00:00,121693.70,121768.10,121652.10,121688.80,288.637
2025-10-09T09:40:00+00:00,121688.80,121715.90,121619.60,121619.60,188.023
2025-10-09T09:45:00+00:00,121619.70,121677.60,121555.00,121643.80,231.832
2025-10-09T09:50:00+00:00,121643.90,121770.60,121643.90,121740.40,265.591
2025-10-09T09:55:00+00:00,121740.40,121790.00,121695.10,121753.30,208.113
2025-10-09T10:00:00+00:00,121753.40,121850.00,121695.00,121816.10,251.920
2025-10-09T10:05:00+00:00,121816.20,121845.00,121746.10,121810.60,179.556
2025-10-09T10:10:00+00:00,121810.60,121812.60,121765.00,121812.60,139.101
2025-10-09T10:15:00+00:00,121812.60,121829.40,121605.50,121662.30,288.382
2025-10-09T10:20:00+00:00,121662.30,121733.10,121660.90,121719.80,144.697
2025-10-09T10:25:00+00:00,121719.90,121719.90,121591.40,121671.30,176.208
2025-10-09T10:30:00+00:00,121671.30,121975.60,121671.20,121966.00,499.608
2025-10-09T10:35:00+00:00,121966.00,122090.00,121959.70,122069.70,546.104
2025-10-09T10:40:00+00:00,122069.70,122286.70,122069.60,122168.50,1084.491
2025-10-09T10:45:00+00:00,122168.40,122287.20,122101.40,122148.90,300.632
2025-10-09T10:50:00+00:00,122148.90,122148.90,122034.00,122114.00,251.450
2025-10-09T10:55:00+00:00,122114.00,122136.10,122075.20,122106.20,244.729
2025-10-09T11:00:00+00:00,122106.10,122297.00,122106.10,122227.10,492.940
2025-10-09T11:05:00+00:00,122227.00,122235.50,122139.00,122155.30,166.695
2025-10-09T11:10:00+00:00,122155.20,122194.70,122120.00,122173.20,136.544
2025-10-09T11:15:00+00:00,122173.10,122465.50,122173.10,122455.00,622.652
2025-10-09T11:20:00+00:00,122455.10,122658.00,122436.00,122646.10,1050.270
2025-10-09T11:25:00+00:00,122646.00,122721.50,122572.00,122610.00,514.413
2025-10-09T11:30:00+00:00,122610.10,122729.10,122521.40,122650.20,519.575
2025-10-09T11:35:00+00:00,122650.10,122777.00,122601.50,122777.00,268.638
2025-10-09T11:40:00+00:00,122777.00,122777.00,122726.10,122768.50,375.717
2025-10-09T11:45:00+00:00,122768.40,122768.50,122660.00,122710.70,286.445
2025-10-09T11:50:00+00:00,122710.70,122741.80,122627.20,122710.50,283.849
2025-10-09T11:55:00+00:00,122710.60,122760.00,122672.90,122672.90,236.441
2025-10-09T12:00:00+00:00,122673.00,122934.00,122640.30,122930.00,1002.630
2025-10-09T12:05:00+00:00,122929.90,122990.00,122855.30,122967.50,875.726
2025-10-09T12:10:00+00:00,122967.40,123091.60,122938.80,122967.50,754.165
2025-10-09T12:15:00+00:00,122967.50,123065.00,122920.30,123051.70,516.466
2025-10-09T12:20:00+00:00,123051.60,123088.00,122951.10,123013.20,844.602
2025-10-09T12:25:00+00:00,123013.20,123036.20,122950.00,122961.00,505.758
2025-10-09T12:30:00+00:00,122961.00,123052.40,122885.20,123037.70,600.887
2025-10-09T12:35:00+00:00,123037.70,123452.60,123006.00,123350.10,1448.287
2025-10-09T12:40:00+00:00,123350.10,123740.10,123261.60,123481.20,2010.745
2025-10-09T12:45:00+00:00,123481.20,123484.00,123266.30,123286.60,975.639
2025-10-09T12:50:00+00:00,123286.60,123480.00,123268.20,123385.20,876.850
2025-10-09T12:55:00+00:00,123385.20,123603.70,123351.30,123500.00,648.311
2025-10-09T13:00:00+00:00,123500.00,123598.80,123401.20,123401.30,866.677
2025-10-09T13:05:00+00:00,123401.30,123410.00,123229.90,123270.10,706.975
2025-10-09T13:10:00+00:00,123270.10,123337.20,123098.70,123190.60,1270.525
2025-10-09T13:15:00+00:00,123190.60,123396.70,123156.10,123307.40,667.738
2025-10-09T13:20:00+00:00,123307.40,123441.00,123307.40,123441.00,287.562
2025-10-09T13:25:00+00:00,123441.00,123450.10,123381.50,123408.80,419.462
2025-10-09T13:30:00+00:00,123408.80,123408.80,123026.30,123194.20,782.312
2025-10-09T13:35:00+00:00,123194.30,123298.60,122908.60,123119.40,1213.451
2025-10-09T13:40:00+00:00,123119.40,123119.50,122520.00,122707.10,1700.850
2025-10-09T13:45:00+00:00,122707.10,122978.90,122557.90,122958.40,1504.229
2025-10-09T13:50:00+00:00,122958.40,123039.50,122604.90,122659.90,802.423
2025-10-09T13:55:00+00:00,122659.40,122659.40,122227.70,122357.00,2632.381
2025-10-09T14:00:00+00:00,122357.00,122357.00,121950.80,122104.10,4126.299
2025-10-09T14:05:00+00:00,122104.20,122255.00,121700.10,121977.90,2924.812
2025-10-09T14:10:00+00:00,121978.00,122533.40,121915.00,122377.60,1632.248
2025-10-09T14:15:00+00:00,122377.60,122457.50,122089.60,122131.30,1246.778
2025-10-09T14:20:00+00:00,122131.30,122253.50,121450.00,121686.10,2990.729
2025-10-09T14:25:00+00:00,121686.10,121732.10,121542.30,121621.60,1026.262
2025-10-09T14:30:00+00:00,121621.60,121621.60,121332.00,121419.60,1457.514
2025-10-09T14:35:00+00:00,121419.60,121698.70,121222.00,121448.80,1902.557
2025-10-09T14:40:00+00:00,121448.70,121769.70,121177.30,121206.70,2409.482
2025-10-09T14:45:00+00:00,121206.80,121253.20,120666.90,120980.40,5595.118
2025-10-09T14:50:00+00:00,120980.40,121299.60,120925.00,121225.70,1512.625
2025-10-09T14:55:00+00:00,121225.60,121412.30,121182.20,121235.10,1588.852
2025-10-09T15:00:00+00:00,121235.10,121663.00,121235.10,121531.20,1566.032
2025-10-09T15:05:00+00:00,121531.30,121542.20,121313.60,121432.80,794.797
2025-10-09T15:10:00+00:00,121432.80,121447.30,121231.20,121278.30,811.657
2025-10-09T15:15:00+00:00,121278.20,121345.60,121158.20,121230.60,790.154
2025-10-09T15:20:00+00:00,121230.50,121312.40,120958.30,121100.00,880.818
2025-10-09T15:25:00+00:00,121100.00,121167.60,120955.00,120981.50,483.800
2025-10-09T15:30:00+00:00,120981.40,120981.50,120813.00,120838.20,1046.598
2025-10-09T15:35:00+00:00,120838.20,121000.00,120769.80,120820.10,614.983
2025-10-09T15:40:00+00:00,120820.00,120884.40,120699.90,120739.20,685.956
2025-10-09T15:45:00+00:00,120739.40,121022.20,120595.50,121004.10,1192.395
2025-10-09T15:50:00+00:00,121004.10,121145.80,120909.30,121145.80,637.990
2025-10-09T15:55:00+00:00,121145.70,121218.00,120973.20,121079.40,684.161
2025-10-09T16:00:00+00:00,121079.40,121337.20,121067.20,121334.30,701.006
2025-10-09T16:05:00+00:00,121334.40,121339.80,121110.00,121159.20,449.085
2025-10-09T16:10:00+00:00,121159.30,121290.00,121159.30,121177.30,290.782
2025-10-09T16:15:00+00:00,121177.20,121426.70,121129.60,121279.00,576.263
2025-10-09T16:20:00+00:00,121278.90,121279.00,120987.80,121020.60,1015.011
2025-10-09T16:25:00+00:00,121020.50,121320.00,120987.90,121189.90,547.385
2025-10-09T16:30:00+00:00,121189.80,121198.20,121039.60,121115.00,432.855
2025-10-09T16:35:00+00:00,121114.90,121242.60,121114.90,121128.70,225.225
2025-10-09T16:40:00+00:00,121128.70,121158.10,120528.00,120743.50,3060.125
2025-10-09T16:45:00+00:00,120743.50,120816.00,120558.30,120650.50,846.118
2025-10-09T16:50:00+00:00,120650.40,120673.10,120243.10,120253.20,3352.434
2025-10-09T16:55:00+00:00,120253.30,120282.10,119619.00,119752.10,6769.976
2025-10-09T17:00:00+00:00,119752.10,120124.30,119572.80,119889.40,3419.070
2025-10-09T17:05:00+00:00,119889.40,120233.00,119761.50,120102.30,1736.195
2025-10-09T17:10:00+00:00,120102.30,120317.50,120095.80,120201.70,1544.888
2025-10-09T17:15:00+00:00,120201.70,120320.00,120071.40,120228.50,694.245
2025-10-09T17:20:00+00:00,120228.50,120472.70,120222.40,120300.00,879.230
2025-10-09T17:25:00+00:00,120300.00,120315.50,120135.40,120205.60,561.939
2025-10-09T17:30:00+00:00,120205.70,120389.90,120192.00,120346.00,535.766
2025-10-09T17:35:00+00:00,120346.10,120531.60,120262.90,120443.30,643.703
2025-10-09T17:40:00+00:00,120443.40,120562.30,120385.90,120400.00,972.597
2025-10-09T17:45:00+00:00,120399.90,120565.00,120350.00,120565.00,425.539
2025-10-09T17:50:00+00:00,120565.00,120733.90,120550.00,120620.10,990.189
2025-10-09T17:55:00+00:00,120620.00,121000.30,120607.70,120915.60,1430.632
2025-10-09T18:00:00+00:00,120915.50,121051.20,120653.10,120760.20,1395.631
2025-10-09T18:05:00+00:00,120760.10,120815.70,120608.20,120750.00,602.240
2025-10-09T18:10:00+00:00,120750.00,120805.20,120702.20,120702.30,261.080
2025-10-09T18:15:00+00:00,120702.20,120879.40,120702.20,120769.50,326.131
2025-10-09T18:20:00+00:00,120769.60,120771.50,120482.30,120599.90,1671.648
2025-10-09T18:25:00+00:00,120600.00,120750.00,120580.80,120635.80,416.542
2025-10-09T18:30:00+00:00,120635.80,120644.10,120366.00,120367.10,664.973
2025-10-09T18:35:00+00:00,120367.20,120527.90,120319.00,120440.30,380.748
2025-10-09T18:40:00+00:00,120440.30,120548.10,120401.20,120548.00,234.186
2025-10-09T18:45:00+00:00,120548.10,120641.40,120458.90,120586.80,335.002
2025-10-09T18:50:00+00:00,120586.70,120602.80,120435.50,120481.90,225.818
2025-10-09T18:55:00+00:00,120481.90,120671.40,120453.20,120600.00,241.103
2025-10-09T19:00:00+00:00,120600.00,120798.40,120600.00,120789.90,311.353
2025-10-09T19:05:00+00:00,120790.00,120846.00,120704.70,120760.80,433.741
2025-10-09T19:10:00+00:00,120760.80,120911.40,120746.30,120887.30,238.208
2025-10-09T19:15:00+00:00,120887.30,120913.10,120770.40,120867.20,315.822
2025-10-09T19:20:00+00:00,120867.20,120988.70,120862.90,120954.50,244.693
2025-10-09T19:25:00+00:00,120954.50,121060.10,120954.40,121041.40,322.468
2025-10-09T19:30:00+00:00,121041.30,121057.80,120862.90,120862.90,217.070
2025-10-09T19:35:00+00:00,120862.90,120882.50,120759.80,120848.10,275.865
2025-10-09T19:40:00+00:00,120848.10,120848.10,120751.20,120785.80,124.066
2025-10-09T19:45:00+00:00,120785.90,120854.10,120782.10,120854.00,154.229
2025-10-09T19:50:00+00:00,120854.10,120978.80,120789.00,120960.50,228.276
2025-10-09T19:55:00+00:00,120960.40,121000.00,120802.20,120897.60,285.036
2025-10-09T20:00:00+00:00,120897.60,121104.90,120897.50,120967.10,404.691
2025-10-09T20:05:00+00:00,120967.00,120980.20,120873.40,120956.60,220.737
2025-10-09T20:10:00+00:00,120956.60,120959.10,120787.90,120794.60,179.024
2025-10-09T20:15:00+00:00,120794.60,120862.70,120788.70,120848.60,177.558
2025-10-09T20:20:00+00:00,120848.70,120914.50,120828.20,120899.80,69.417
2025-10-09T20:25:00+00:00,120899.70,120925.10,120830.50,120830.50,82.899
2025-10-09T20:30:00+00:00,120830.50,120912.00,120830.50,120912.00,83.614
2025-10-09T20:35:00+00:00,120912.00,120912.00,120873.40,120909.70,46.908
2025-10-09T20:40:00+00:00,120909.80,120952.10,120887.50,120952.10,81.664
2025-10-09T20:45:00+00:00,120952.10,121060.00,120862.70,120976.20,637.850
2025-10-09T20:50:00+00:00,120976.10,121090.80,120958.70,121088.80,160.343
2025-10-09T20:55:00+00:00,121088.90,121147.20,121017.10,121045.40,258.416
2025-10-09T21:00:00+00:00,121045.30,121124.20,120998.30,121124.20,127.514
2025-10-09T21:05:00+00:00,121124.20,121142.10,121025.90,121026.00,114.083
2025-10-09T21:10:00+00:00,121026.00,121345.00,121011.80,121312.40,518.668
2025-10-09T21:15:00+00:00,121312.30,121339.40,121271.10,121312.00,391.335
2025-10-09T21:20:00+00:00,121311.90,121442.60,121282.60,121324.00,303.019
2025-10-09T21:25:00+00:00,121324.00,121324.10,121241.80,121268.70,138.685
2025-10-09T21:30:00+00:00,121268.80,121280.00,121178.70,121280.00,180.702
2025-10-09T21:35:00+00:00,121279.90,121457.20,121279.90,121438.00,229.813
2025-10-09T21:40:00+00:00,121437.90,121438.00,121347.50,121385.30,156.976
2025-10-09T21:45:00+00:00,121385.30,121407.00,121259.20,121259.40,163.879
2025-10-09T21:50:00+00:00,121259.30,121425.00,121259.30,121395.30,173.292
2025-10-09T21:55:00+00:00,121395.30,121435.80,121370.50,121407.80,109.299
2025-10-09T22:00:00+00:00,121407.90,121435.10,121342.00,121435.10,141.351
2025-10-09T22:05:00+00:00,121435.10,121473.00,121409.90,121467.90,208.722
2025-10-09T22:10:00+00:00,121468.00,121468.00,121380.10,121411.10,156.736
2025-10-09T22:15:00+00:00,121411.20,121536.60,121388.80,121500.60,349.523
2025-10-09T22:20:00+00:00,121500.60,121544.50,121472.10,121483.80,213.146
2025-10-09T22:25:00+00:00,121483.80,121513.30,121464.40,121486.00,112.096
2025-10-09T22:30:00+00:00,121486.10,121524.20,121413.10,121514.40,122.280
2025-10-09T22:35:00+00:00,121514.40,121636.50,121471.20,121607.70,199.032
2025-10-09T22:40:00+00:00,121607.70,121628.40,121569.80,121602.40,118.716
2025-10-09T22:45:00+00:00,121602.50,121712.40,121588.20,121642.80,299.535
2025-10-09T22:50:00+00:00,121642.80,121683.80,121600.00,121600.00,166.283
2025-10-09T22:55:00+00:00,121600.00,121661.10,121596.20,121619.50,159.325
2025-10-09T23:00:00+00:00,121619.60,121619.60,121500.80,121543.80,296.235
2025-10-09T23:05:00+00:00,121543.80,121543.80,121400.00,121443.40,269.731
2025-10-09T23:10:00+00:00,121443.30,121453.70,121370.10,121409.10,218.000
2025-10-09T23:15:00+00:00,121409.00,121410.00,121271.30,121377.50,294.010
2025-10-09T23:20:00+00:00,121377.50,121488.20,121377.50,121475.70,202.415
2025-10-09T23:25:00+00:00,121475.60,121482.40,121437.00,121455.10,86.497
2025-10-09T23:30:00+00:00,121455.10,121455.20,121366.00,121380.50,106.610
2025-10-09T23:35:00+00:00,121380.40,121455.50,121380.40,121438.10,100.205
2025-10-09T23:40:00+00:00,121438.10,121475.50,121397.50,121475.50,62.793
2025-10-09T23:45:00+00:00,121475.50,121492.10,121448.40,121492.10,138.070
2025-10-09T23:50:00+00:00,121492.10,121671.10,121450.00,121611.60,427.194
2025-10-09T23:55:00+00:00,121611.60,121611.60,121544.00,121579.30,191.512
2025-10-10T00:00:00+00:00,121579.40,121690.00,121579.40,121630.10,286.181
2025-10-10T00:05:00+00:00,121630.10,121634.50,121523.70,121634.50,191.246
2025-10-10T00:10:00+00:00,121634.50,121653.40,121547.80,121583.80,171.835
2025-10-10T00:15:00+00:00,121583.70,121707.90,121583.70,121683.60,207.027
2025-10-10T00:20:00+00:00,121683.50,121704.30,121636.90,121704.30,126.882
2025-10-10T00:25:00+00:00,121704.30,121808.00,121667.70,121808.00,330.477
2025-10-10T00:30:00+00:00,121807.90,121807.90,121729.70,121738.20,188.429
2025-10-10T00:35:00+00:00,121738.10,121742.60,121676.60,121727.50,141.445
2025-10-10T00:40:00+00:00,121727.50,121727.60,121634.60,121646.50,131.327
2025-10-10T00:45:00+00:00,121646.50,121646.60,121548.20,121578.70,238.661
2025-10-10T00:50:00+00:00,121578.60,121738.00,121578.60,121717.20,112.926
2025-10-10T00:55:00+00:00,121717.20,121738.00,121682.10,121682.20,66.020
2025-10-10T01:00:00+00:00,121682.20,121789.00,121671.90,121789.00,199.286
2025-10-10T01:05:00+00:00,121788.90,121835.50,121672.70,121677.50,212.072
2025-10-10T01:10:00+00:00,121677.60,121759.00,121677.50,121758.90,62.115
2025-10-10T01:15:00+00:00,121758.90,121759.00,121651.60,121685.00,147.841
2025-10-10T01:20:00+00:00,121685.00,121722.10,121589.40,121644.10,173.031
2025-10-10T01:25:00+00:00,121644.10,121755.90,121644.10,121755.90,127.060
2025-10-10T01:30:00+00:00,121755.90,121769.70,121733.50,121769.70,121.913
2025-10-10T01:35:00+00:00,121769.60,121769.60,121579.00,121579.10,141.051
2025-10-10T01:40:00+00:00,121579.00,121579.10,121425.30,121515.00,294.678
2025-10-10T01:45:00+00:00,121514.90,121549.80,121484.60,121528.80,214.915
2025-10-10T01:50:00+00:00,121528.80,121657.90,121485.70,121586.70,161.932
2025-10-10T01:55:00+00:00,121586.60,121628.40,121574.70,121575.30,187.556
2025-10-10T02:00:00+00:00,121575.20,121595.40,121325.60,121376.40,965.705
2025-10-10T02:05:00+00:00,121376.40,121413.00,121155.70,121260.10,1650.095
2025-10-10T02:10:00+00:00,121260.20,121296.00,121171.90,121215.20,715.713
2025-10-10T02:15:00+00:00,121215.10,121318.20,121201.00,121318.20,251.792
2025-10-10T02:20:00+00:00,121318.20,121348.10,121252.10,121258.30,256.424
2025-10-10T02:25:00+00:00,121258.40,121292.30,121184.50,121292.30,303.381
2025-10-10T02:30:00+00:00,121292.30,121303.00,121054.60,121064.50,667.124
2025-10-10T02:35:00+00:00,121064.60,121150.70,121010.80,121150.60,512.273
2025-10-10T02:40:00+00:00,121150.70,121250.00,121150.60,121171.00,345.143
2025-10-10T02:45:00+00:00,121171.10,121229.00,121091.40,121202.50,190.027
2025-10-10T02:50:00+00:00,121202.50,121220.30,120850.00,120908.40,1140.073
2025-10-10T02:55:00+00:00,120908.30,121038.60,120908.30,121007.20,286.530
2025-10-10T03:00:00+00:00,121007.10,121061.30,120880.70,120880.80,221.667
2025-10-10T03:05:00+00:00,120880.70,120969.10,120852.40,120910.40,318.627
2025-10-10T03:10:00+00:00,120910.30,121042.40,120900.00,121042.30,333.180
2025-10-10T03:15:00+00:00,121042.30,121176.80,121042.30,121173.20,427.028
2025-10-10T03:20:00+00:00,121173.20,121328.50,121173.20,121313.10,334.046
2025-10-10T03:25:00+00:00,121313.10,121412.70,121270.30,121389.00,366.541
2025-10-10T03:30:00+00:00,121389.00,121477.70,121366.30,121379.10,467.500
2025-10-10T03:35:00+00:00,121379.10,121473.00,121379.10,121443.60,346.103
2025-10-10T03:40:00+00:00,121443.60,121485.40,121420.00,121454.90,345.911
2025-10-10T03:45:00+00:00,121455.00,121535.30,121448.20,121449.20,335.226
2025-10-10T03:50:00+00:00,121449.20,121449.30,121174.60,121174.60,452.344
2025-10-10T03:55:00+00:00,121174.70,121174.70,120960.40,120960.80,645.755
2025-10-10T04:00:00+00:00,120960.80,121092.30,120956.80,121048.80,413.982
2025-10-10T04:05:00+00:00,121048.70,121290.70,121048.70,121219.10,319.937
2025-10-10T04:10:00+00:00,121219.10,121342.50,121175.10,121310.10,571.728
2025-10-10T04:15:00+00:00,121310.10,121311.30,121122.10,121179.50,317.909
2025-10-10T04:20:00+00:00,121179.50,121310.00,121179.00,121191.10,227.197
2025-10-10T04:25:00+00:00,121191.10,121240.50,121180.00,121240.50,79.771
2025-10-10T04:30:00+00:00,121240.50,121308.50,121127.60,121161.40,203.392
2025-10-10T04:35:00+00:00,121161.40,121191.20,120989.60,121040.20,458.614
2025-10-10T04:40:00+00:00,121040.10,121102.10,121040.10,121097.60,157.321
2025-10-10T04:45:00+00:00,121097.60,121156.90,121080.00,121155.90,201.698
2025-10-10T04:50:00+00:00,121155.90,121224.60,121143.00,121217.20,108.349
2025-10-10T04:55:00+00:00,121217.10,121235.10,121166.10,121192.70,144.650
2025-10-10T05:00:00+00:00,121192.60,121200.00,120967.90,120989.30,302.518
2025-10-10T05:05:00+00:00,120989.20,121069.00,120933.70,121000.00,275.047
2025-10-10T05:10:00+00:00,121000.10,121078.90,120981.50,121050.10,162.718
2025-10-10T05:15:00+00:00,121050.10,121121.50,121038.10,121110.10,121.702
2025-10-10T05:20:00+00:00,121110.00,121381.60,121110.00,121381.60,242.650
2025-10-10T05:25:00+00:00,121381.50,121452.50,121293.60,121314.00,423.512
2025-10-10T05:30:00+00:00,121314.10,121314.10,121164.90,121165.00,311.616
2025-10-10T05:35:00+00:00,121165.00,121260.80,121155.20,121257.40,141.237
2025-10-10T05:40:00+00:00,121257.40,121388.00,121257.40,121388.00,187.183
2025-10-10T05:45:00+00:00,121388.00,121505.30,121387.90,121450.00,363.194
2025-10-10T05:50:00+00:00,121450.10,121559.10,121450.00,121559.10,335.676
2025-10-10T05:55:00+00:00,121559.10,121559.10,121500.00,121529.60,350.848
2025-10-10T06:00:00+00:00,121529.60,121628.20,121523.00,121613.00,464.061
2025-10-10T06:05:00+00:00,121613.00,121712.20,121611.70,121611.70,502.858
2025-10-10T06:10:00+00:00,121611.70,121625.30,121490.20,121524.90,353.024
2025-10-10T06:15:00+00:00,121524.90,121628.00,121524.90,121562.20,217.595
2025-10-10T06:20:00+00:00,121562.20,121600.00,121521.10,121549.40,169.598
2025-10-10T06:25:00+00:00,121549.30,121561.20,121446.10,121466.90,164.600
2025-10-10T06:30:00+00:00,121466.90,121569.40,121441.90,121569.40,176.512
2025-10-10T06:35:00+00:00,121569.40,121569.40,121417.40,121525.90,191.440
2025-10-10T06:40:00+00:00,121525.90,121671.20,121525.80,121604.80,270.331
2025-10-10T06:45:00+00:00,121604.80,121678.00,121429.80,121429.80,374.811
2025-10-10T06:50:00+00:00,121429.80,121440.80,121194.30,121337.30,555.059
2025-10-10T06:55:00+00:00,121337.40,121392.00,121315.00,121315.00,163.805
2025-10-10T07:00:00+00:00,121315.10,121315.10,121173.20,121193.00,305.522
2025-10-10T07:05:00+00:00,121193.00,121232.40,121135.40,121203.50,203.292
2025-10-10T07:10:00+00:00,121203.60,121254.50,121203.50,121214.20,159.217
2025-10-10T07:15:00+00:00,121214.10,121253.50,121145.40,121253.50,259.802
2025-10-10T07:20:00+00:00,121253.50,121322.60,121160.00,121195.60,238.187
2025-10-10T07:25:00+00:00,121195.50,121336.50,121168.20,121261.20,183.002
2025-10-10T07:30:00+00:00,121261.20,121291.10,121093.70,121093.80,318.301
2025-10-10T07:35:00+00:00,121093.80,121153.40,121051.40,121077.40,256.800
2025-10-10T07:40:00+00:00,121077.30,121119.60,121050.00,121076.70,227.692
2025-10-10T07:45:00+00:00,121076.60,121077.50,120972.00,120984.10,432.254
2025-10-10T07:50:00+00:00,120984.10,121085.30,120937.50,121067.80,442.058
2025-10-10T07:55:00+00:00,121067.90,121080.00,120814.00,120886.10,584.070
2025-10-10T08:00:00+00:00,120886.10,121149.60,120869.20,121083.60,475.649
2025-10-10T08:05:00+00:00,121083.60,121114.30,120967.00,121095.50,394.166
2025-10-10T08:10:00+00:00,121095.40,121140.00,121048.00,121108.50,228.000
2025-10-10T08:15:00+00:00,121108.50,121211.00,121108.50,121188.10,255.043
2025-10-10T08:20:00+00:00,121188.00,121240.10,121174.40,121228.90,127.358
2025-10-10T08:25:00+00:00,121228.80,121275.20,121210.50,121229.40,183.934
2025-10-10T08:30:00+00:00,121229.40,121308.40,121216.50,121216.50,145.194
2025-10-10T08:35:00+00:00,121216.50,121231.40,121168.80,121210.00,227.547
2025-10-10T08:40:00+00:00,121209.90,121236.60,121160.30,121220.00,147.098
2025-10-10T08:45:00+00:00,121220.10,121333.00,121220.10,121309.00,153.327
2025-10-10T08:50:00+00:00,121309.00,121440.00,121309.00,121413.00,210.822
2025-10-10T08:55:00+00:00,121413.00,121624.40,121413.00,121570.50,420.987
2025-10-10T09:00:00+00:00,121570.50,121602.60,121451.50,121474.00,461.680
2025-10-10T09:05:00+00:00,121474.10,121524.60,121446.00,121476.80,228.889
2025-10-10T09:10:00+00:00,121476.90,121524.50,121448.70,121452.40,181.300
2025-10-10T09:15:00+00:00,121452.50,121510.00,121414.10,121421.10,208.241
2025-10-10T09:20:00+00:00,121421.20,121578.00,121408.10,121578.00,200.181
2025-10-10T09:25:00+00:00,121578.00,121728.30,121567.80,121679.60,315.718
2025-10-10T09:30:00+00:00,121679.60,121698.60,121624.80,121661.30,253.135
2025-10-10T09:35:00+00:00,121661.40,121679.60,121615.60,121625.60,142.844
2025-10-10T09:40:00+00:00,121625.60,121650.00,121591.30,121623.40,157.897
2025-10-10T09:45:00+00:00,121623.50,121682.30,121313.10,121328.10,709.388
2025-10-10T09:50:00+00:00,121328.10,121347.50,121226.20,121315.60,409.810
2025-10-10T09:55:00+00:00,121315.70,121350.00,121209.30,121249.90,215.003
2025-10-10T10:00:00+00:00,121250.00,121328.80,121237.50,121292.30,151.890
2025-10-10T10:05:00+00:00,121292.30,121350.00,121292.30,121350.00,111.412
2025-10-10T10:10:00+00:00,121350.00,121350.00,121250.10,121279.50,119.410
2025-10-10T10:15:00+00:00,121279.40,121428.90,121266.80,121382.70,161.230
2025-10-10T10:20:00+00:00,121382.80,121390.10,121254.20,121305.70,130.563
2025-10-10T10:25:00+00:00,121305.70,121305.70,121270.00,121270.00,90.222
2025-10-10T10:30:00+00:00,121270.00,121337.10,121213.30,121219.10,252.255
2025-10-10T10:35:00+00:00,121219.20,121283.30,121163.20,121203.90,281.149
2025-10-10T10:40:00+00:00,121204.00,121263.70,121181.60,121263.20,107.244
2025-10-10T10:45:00+00:00,121263.10,121340.10,121231.20,121318.30,172.119
2025-10-10T10:50:00+00:00,121318.40,121464.50,121298.80,121398.00,224.987
2025-10-10T10:55:00+00:00,121398.10,121489.20,121398.00,121443.40,128.107
2025-10-10T11:00:00+00:00,121443.40,121577.40,121443.30,121544.80,161.828
2025-10-10T11:05:00+00:00,121544.70,121608.00,121489.00,121599.90,224.448
2025-10-10T11:10:00+00:00,121599.80,121607.40,121470.80,121470.80,137.105
2025-10-10T11:15:00+00:00,121470.70,121514.40,121431.60,121509.20,147.620
2025-10-10T11:20:00+00:00,121509.20,121509.20,121361.80,121384.40,160.331
2025-10-10T11:25:00+00:00,121384.30,121411.20,121380.70,121394.00,70.127
2025-10-10T11:30:00+00:00,121394.00,121518.40,121383.80,121419.60,164.392
2025-10-10T11:35:00+00:00,121419.70,121500.10,121419.60,121486.00,95.319
2025-10-10T11:40:00+00:00,121486.00,121512.90,121415.20,121463.00,75.857
2025-10-10T11:45:00+00:00,121463.00,121463.10,121399.70,121434.60,96.115
2025-10-10T11:50:00+00:00,121434.70,121581.10,121434.60,121552.80,190.494
2025-10-10T11:55:00+00:00,121552.70,121586.30,121489.20,121493.20,141.118
2025-10-10T12:00:00+00:00,121493.20,121638.70,121486.20,121609.80,286.349
2025-10-10T12:05:00+00:00,121609.90,121623.60,121500.60,121500.70,207.298
2025-10-10T12:10:00+00:00,121500.60,121514.50,121400.80,121422.20,232.436
2025-10-10T12:15:00+00:00,121422.20,121450.00,121396.00,121449.90,150.548
2025-10-10T12:20:00+00:00,121449.90,121474.50,121432.10,121464.00,115.278
2025-10-10T12:25:00+00:00,121464.10,121519.20,121464.10,121480.90,99.944
2025-10-10T12:30:00+00:00,121480.90,121518.70,121423.10,121518.70,87.162
2025-10-10T12:35:00+00:00,121518.70,121533.00,121375.00,121400.00,154.873
2025-10-10T12:40:00+00:00,121400.00,121481.90,121353.70,121403.70,260.986
2025-10-10T12:45:00+00:00,121403.60,121436.90,121403.60,121414.10,88.482
2025-10-10T12:50:00+00:00,121414.10,121520.60,121414.00,121489.50,170.132
2025-10-10T12:55:00+00:00,121489.50,121562.30,121489.40,121534.80,143.919
2025-10-10T13:00:00+00:00,121534.80,121870.10,121534.70,121838.00,739.990
2025-10-10T13:05:00+00:00,121838.10,121852.50,121619.00,121718.00,545.047
2025-10-10T13:10:00+00:00,121718.10,121765.50,121640.30,121765.50,298.140
2025-10-10T13:15:00+00:00,121765.50,121861.20,121630.80,121861.10,460.262
2025-10-10T13:20:00+00:00,121861.20,121956.80,121805.10,121833.60,532.880
2025-10-10T13:25:00+00:00,121833.70,121999.00,121833.70,121909.90,638.611
2025-10-10T13:30:00+00:00,121909.90,121930.00,121718.70,121930.00,484.222
2025-10-10T13:35:00+00:00,121929.90,122497.00,121833.00,122360.00,2283.863
2025-10-10T13:40:00+00:00,122360.10,122448.90,122120.00,122187.10,1414.401
2025-10-10T13:45:00+00:00,122187.20,122253.40,121670.00,121715.50,1598.112
2025-10-10T13:50:00+00:00,121715.50,121715.50,121313.60,121366.30,1692.718
2025-10-10T13:55:00+00:00,121366.30,121650.00,121366.20,121609.10,946.005
2025-10-10T14:00:00+00:00,121609.10,121928.90,121404.00,121893.00,1184.629
2025-10-10T14:05:00+00:00,121893.00,122000.00,121765.20,121792.30,651.700
2025-10-10T14:10:00+00:00,121792.30,121881.30,121491.80,121601.50,669.270
2025-10-10T14:15:00+00:00,121601.40,121630.00,121074.00,121184.60,1556.903
2025-10-10T14:20:00+00:00,121184.50,121365.00,121088.80,121169.90,724.773
2025-10-10T14:25:00+00:00,121169.90,121288.60,121103.40,121165.10,433.263
2025-10-10T14:30:00+00:00,121165.10,121386.00,121124.80,121377.80,513.103
2025-10-10T14:35:00+00:00,121377.60,121400.00,121200.00,121285.10,216.775
2025-10-10T14:40:00+00:00,121285.10,121331.40,121139.20,121294.80,380.661
2025-10-10T14:45:00+00:00,121294.80,121324.50,121184.70,121322.40,263.063
2025-10-10T14:50:00+00:00,121322.50,121360.80,121200.00,121226.30,214.527
2025-10-10T14:55:00+00:00,121226.20,121273.70,120408.10,120436.40,4342.230
2025-10-10T15:00:00+00:00,120436.30,120517.30,119837.10,119972.90,5290.874
2025-10-10T15:05:00+00:00,119972.60,120516.10,119897.30,120166.70,3155.591
2025-10-10T15:10:00+00:00,120166.80,120583.70,120155.50,120375.10,2016.791
2025-10-10T15:15:00+00:00,120375.00,120454.10,119799.30,119863.30,2215.707
2025-10-10T15:20:00+00:00,119862.70,119924.60,119262.20,119323.40,6318.328
2025-10-10T15:25:00+00:00,119323.30,119700.00,119188.00,119188.00,3935.596
2025-10-10T15:30:00+00:00,119188.00,119188.10,118424.40,118615.90,7264.893
2025-10-10T15:35:00+00:00,118615.90,119436.60,118602.00,119176.90,4633.875
2025-10-10T15:40:00+00:00,119176.80,119544.00,118760.40,119520.10,2486.910
2025-10-10T15:45:00+00:00,119520.00,119560.90,119066.30,119238.90,2033.390
2025-10-10T15:50:00+00:00,119238.90,119367.60,119022.10,119118.50,1511.811
2025-10-10T15:55:00+00:00,119118.80,119118.80,118800.00,118965.30,1456.033
2025-10-10T16:00:00+00:00,118965.20,118965.30,118611.50,118769.30,1698.706
2025-10-10T16:05:00+00:00,118769.30,119185.10,118756.60,119103.40,1545.125
2025-10-10T16:10:00+00:00,119103.40,119103.40,118870.40,118885.60,764.121
2025-10-10T16:15:00+00:00,118885.50,118925.20,118520.70,118699.90,1425.802
2025-10-10T16:20:00+00:00,118699.90,119166.30,118600.00,119108.70,1008.622
2025-10-10T16:25:00+00:00,119108.70,119199.00,118950.80,119015.00,1206.297
2025-10-10T16:30:00+00:00,119015.00,119403.40,118955.30,119243.80,1239.135
2025-10-10T16:35:00+00:00,119244.00,119345.10,119152.60,119243.80,544.192
2025-10-10T16:40:00+00:00,119243.70,119248.80,118769.60,118833.60,1111.752
2025-10-10T16:45:00+00:00,118833.50,118842.80,118512.00,118515.80,1254.784
2025-10-10T16:50:00+00:00,118515.70,118750.00,118300.10,118447.40,3677.280
2025-10-10T16:55:00+00:00,118447.50,118497.60,118150.00,118150.00,2648.989
2025-10-10T17:00:00+00:00,118150.00,118379.70,118038.00,118055.30,1486.347
2025-10-10T17:05:00+00:00,118055.20,118068.00,117680.10,117708.40,4599.679
2025-10-10T17:10:00+00:00,117708.30,117974.50,117600.00,117857.10,1926.403
2025-10-10T17:15:00+00:00,117857.00,118144.30,117857.00,118009.10,1385.366
2025-10-10T17:20:00+00:00,118009.10,118197.30,117681.20,118056.90,1232.451
2025-10-10T17:25:00+00:00,118056.90,118201.10,117980.00,118108.60,742.344
2025-10-10T17:30:00+00:00,118108.60,118142.00,117939.30,118011.50,595.408
2025-10-10T17:35:00+00:00,118011.60,118030.30,117753.00,117832.70,658.639
2025-10-10T17:40:00+00:00,117832.70,117930.00,117732.90,117791.20,427.062
2025-10-10T17:45:00+00:00,117791.10,117883.70,117549.00,117745.50,1141.613
2025-10-10T17:50:00+00:00,117745.50,117772.50,117517.60,117544.80,1245.546
2025-10-10T17:55:00+00:00,117544.80,117800.00,117544.70,117590.80,1053.472
2025-10-10T18:00:00+00:00,117590.80,117649.50,117480.00,117618.00,1817.254
2025-10-10T18:05:00+00:00,117618.00,117771.10,117460.00,117549.90,635.794
2025-10-10T18:10:00+00:00,117549.90,117620.90,117500.00,117609.80,428.899
2025-10-10T18:15:00+00:00,117609.80,117727.80,117480.40,117484.20,578.701
2025-10-10T18:20:00+00:00,117484.20,117731.00,117484.10,117714.50,475.884
2025-10-10T18:25:00+00:00,117714.40,117825.20,117552.00,117560.10,546.356
2025-10-10T18:30:00+00:00,117560.00,117658.80,117501.00,117505.20,377.662
2025-10-10T18:35:00+00:00,117505.20,117505.20,117375.10,117395.90,729.527
2025-10-10T18:40:00+00:00,117395.80,117519.10,117360.40,117411.20,455.774
2025-10-10T18:45:00+00:00,117411.20,117599.00,117200.10,117380.30,992.957
2025-10-10T18:50:00+00:00,117380.20,117406.60,117200.10,117236.70,772.714
2025-10-10T18:55:00+00:00,117236.60,117283.40,117161.80,117178.50,646.814
2025-10-10T19:00:00+00:00,117178.50,117300.00,117175.40,117249.90,641.648
2025-10-10T19:05:00+00:00,117249.80,117249.90,116888.00,117010.10,2176.592
2025-10-10T19:10:00+00:00,117010.00,117048.60,116635.70,116784.70,2835.669
2025-10-10T19:15:00+00:00,116784.60,116839.10,116500.20,116533.90,2316.629
2025-10-10T19:20:00+00:00,116533.90,116533.90,115845.00,116464.40,5813.615
2025-10-10T19:25:00+00:00,116464.30,116887.20,116000.00,116001.30,2942.247
2025-10-10T19:30:00+00:00,116007.80,116429.00,115935.80,116184.50,2131.587
2025-10-10T19:35:00+00:00,116184.50,116441.60,116043.30,116399.50,953.646
2025-10-10T19:40:00+00:00,116399.60,116944.00,116358.00,116877.70,1778.611
2025-10-10T19:45:00+00:00,116877.70,117043.30,116764.40,117041.00,1139.109
2025-10-10T19:50:00+00:00,117041.20,117051.70,116730.20,116786.20,1075.114
2025-10-10T19:55:00+00:00,116787.90,116881.00,116511.00,116605.30,960.590
2025-10-10T20:00:00+00:00,116605.20,116843.90,116581.80,116842.50,690.503
2025-10-10T20:05:00+00:00,116842.40,116850.00,116562.50,116562.60,510.093
2025-10-10T20:10:00+00:00,116562.50,116794.60,116514.00,116720.30,387.091
2025-10-10T20:15:00+00:00,116720.30,116880.10,116626.90,116712.20,520.348
2025-10-10T20:20:00+00:00,116712.20,116956.10,116658.30,116930.80,464.787
2025-10-10T20:25:00+00:00,116930.70,117122.20,116914.80,117014.00,944.730
2025-10-10T20:30:00+00:00,117014.00,117037.00,116790.00,116863.40,427.126
2025-10-10T20:35:00+00:00,116863.40,116863.40,116712.90,116820.20,302.478
2025-10-10T20:40:00+00:00,116820.30,117145.30,116798.10,116970.00,684.099
2025-10-10T20:45:00+00:00,116970.10,117040.30,116800.10,116830.30,362.814
2025-10-10T20:50:00+00:00,116830.30,116830.30,115005.10,115328.10,10443.499
2025-10-10T20:55:00+00:00,115328.10,115465.30,112786.60,114198.00,15756.281
2025-10-10T21:00:00+00:00,114200.40,115060.00,114200.40,115006.90,4624.926
2025-10-10T21:05:00+00:00,115006.90,115075.60,114313.30,114382.40,3476.763
2025-10-10T21:10:00+00:00,114382.30,114567.50,109069.00,112137.60,19781.509
2025-10-10T21:15:00+00:00,112137.60,112539.50,102193.60,103441.30,39820.621
2025-10-10T21:20:00+00:00,103441.30,109550.00,101516.50,108473.00,18875.923
2025-10-10T21:25:00+00:00,108548.10,109847.80,105000.00,109183.00,10917.216
2025-10-10T21:30:00+00:00,109183.00,111589.30,108668.30,111342.50,6055.964
2025-10-10T21:35:00+00:00,111374.60,112000.00,110710.00,111505.30,4228.667
2025-10-10T21:40:00+00:00,111479.00,112387.30,109937.40,111243.10,7920.868
2025-10-10T21:45:00+00:00,111243.00,113500.00,111233.60,112971.40,5101.101
2025-10-10T21:50:00+00:00,112974.60,113296.80,111646.80,112989.60,6694.146
2025-10-10T21:55:00+00:00,112989.60,113757.00,112497.20,113253.60,4352.515
2025-10-10T22:00:00+00:00,113253.60,113535.50,112845.80,113118.80,4000.065
2025-10-10T22:05:00+00:00,113128.90,113213.40,111020.40,112882.00,6176.462
2025-10-10T22:10:00+00:00,112882.10,113700.00,112633.00,113639.50,2925.734
2025-10-10T22:15:00+00:00,113639.60,113750.00,112900.00,113180.70,3188.391
2025-10-10T22:20:00+00:00,113180.80,113482.70,112380.00,112636.70,2681.802
2025-10-10T22:25:00+00:00,112636.70,112890.10,112037.90,112329.30,2546.293
2025-10-10T22:30:00+00:00,112329.30,113048.60,112044.00,113037.20,1960.912
2025-10-10T22:35:00+00:00,113037.20,113174.20,112531.60,112970.90,2650.498
2025-10-10T22:40:00+00:00,112970.90,113215.20,112777.70,113143.80,1900.936
2025-10-10T22:45:00+00:00,113143.80,114071.00,113143.70,113798.20,3056.682
2025-10-10T22:50:00+00:00,113798.20,113884.20,113388.50,113580.50,2134.728
2025-10-10T22:55:00+00:00,113580.50,113800.00,113332.40,113606.30,1684.760
2025-10-10T23:00:00+00:00,113606.20,113778.90,113444.70,113450.20,953.434
2025-10-10T23:05:00+00:00,113450.20,113567.40,112900.00,113076.60,1442.925
2025-10-10T23:10:00+00:00,113076.50,113217.90,112700.00,112995.30,1172.214
2025-10-10T23:15:00+00:00,112995.30,113296.30,112752.10,113117.20,1634.043
2025-10-10T23:20:00+00:00,113116.90,113378.30,112904.00,113162.00,1167.338
2025-10-10T23:25:00+00:00,113162.10,113798.00,113162.10,113704.20,1188.814
2025-10-10T23:30:00+00:00,113704.20,113969.10,113517.20,113778.40,1365.927
2025-10-10T23:35:00+00:00,113778.30,114329.10,113656.20,114257.30,1616.410
2025-10-10T23:40:00+00:00,114257.40,114829.70,114205.40,114552.20,2205.085
2025-10-10T23:45:00+00:00,114552.20,114567.00,113460.20,113508.80,1994.712
2025-10-10T23:50:00+00:00,113510.00,113560.00,112824.60,112908.60,2505.928
2025-10-10T23:55:00+00:00,112908.70,113087.00,112688.00,112714.90,1721.582
2025-10-11T00:00:00+00:00,112715.00,112772.90,112200.00,112740.10,2429.537
2025-10-11T00:05:00+00:00,112740.00,112986.80,112492.80,112723.50,1248.678
2025-10-11T00:10:00+00:00,112723.50,112737.00,112276.20,112314.10,1057.868
2025-10-11T00:15:00+00:00,112314.10,112399.90,111580.00,111736.20,2590.576
2025-10-11T00:20:00+00:00,111735.40,112214.30,111713.00,112050.90,1346.549
2025-10-11T00:25:00+00:00,112050.90,112435.10,112011.80,112416.00,783.534
2025-10-11T00:30:00+00:00,112416.00,112435.00,112021.00,112076.80,892.806
2025-10-11T00:35:00+00:00,112076.70,112532.50,112027.00,112333.60,1422.335
2025-10-11T00:40:00+00:00,112333.50,112640.00,112322.80,112582.10,589.803
2025-10-11T00:45:00+00:00,112582.00,113142.70,112582.00,112926.50,946.865
2025-10-11T00:50:00+00:00,112926.50,113097.70,112651.10,112714.10,637.950
2025-10-11T00:55:00+00:00,112714.00,112766.00,112462.00,112463.30,634.238
2025-10-11T01:00:00+00:00,112463.30,112489.90,112086.20,112182.50,602.456
2025-10-11T01:05:00+00:00,112182.50,112301.00,112051.00,112107.30,510.374
2025-10-11T01:10:00+00:00,112107.40,112148.60,111897.80,111903.30,553.467
2025-10-11T01:15:00+00:00,111903.30,111986.40,111451.00,111586.30,1101.423
2025-10-11T01:20:00+00:00,111586.40,111790.50,111220.00,111274.90,1178.617
2025-10-11T01:25:00+00:00,111275.00,111573.80,111147.70,111233.20,1015.510
2025-10-11T01:30:00+00:00,111233.20,111790.00,111233.20,111635.80,893.549
2025-10-11T01:35:00+00:00,111635.80,111940.00,111635.70,111810.00,684.595
2025-10-11T01:40:00+00:00,111810.60,111842.80,111129.00,111207.80,1098.089
2025-10-11T01:45:00+00:00,111207.90,111591.40,111156.30,111251.80,968.704
2025-10-11T01:50:00+00:00,111251.90,111346.40,110988.20,111133.60,903.605
2025-10-11T01:55:00+00:00,111133.60,111327.70,110987.00,111060.00,725.358
2025-10-11T02:00:00+00:00,111060.00,111777.00,111045.50,111528.70,1191.676
2025-10-11T02:05:00+00:00,111528.70,111995.80,111479.30,111694.60,1098.770
2025-10-11T02:10:00+00:00,111694.60,111935.70,111506.90,111910.30,629.045
2025-10-11T02:15:00+00:00,111910.20,112178.40,111834.50,111959.30,1015.914
2025-10-11T02:20:00+00:00,111959.30,112370.00,111930.00,112339.20,873.520
2025-10-11T02:25:00+00:00,112339.20,112409.00,112056.90,112154.90,804.240
2025-10-11T02:30:00+00:00,112154.90,112384.30,112128.70,112323.10,609.801
2025-10-11T02:35:00+00:00,112323.20,112571.30,112129.70,112562.50,629.833
2025-10-11T02:40:00+00:00,112562.50,113206.00,112472.80,113152.30,1547.581
2025-10-11T02:45:00+00:00,113152.30,113273.30,112950.00,113206.90,1720.929
2025-10-11T02:50:00+00:00,113206.90,113233.00,113100.00,113130.00,718.709
2025-10-11T02:55:00+00:00,113130.00,113187.20,113080.00,113175.40,704.601
2025-10-11T03:00:00+00:00,113175.30,113300.10,112756.90,112785.70,1287.904
2025-10-11T03:05:00+00:00,112785.70,112785.80,112237.60,112285.20,1214.114
2025-10-11T03:10:00+00:00,112285.20,112390.20,112071.10,112333.20,686.645
2025-10-11T03:15:00+00:00,112333.30,112387.70,112131.00,112163.60,679.412
2025-10-11T03:20:00+00:00,112163.60,112214.70,111973.20,112039.90,870.411
2025-10-11T03:25:00+00:00,112040.00,112079.00,111808.30,111826.10,642.874
2025-10-11T03:30:00+00:00,111826.00,112088.00,111800.00,111987.80,1041.123
2025-10-11T03:35:00+00:00,111987.80,112151.60,111783.00,111850.00,538.110
2025-10-11T03:40:00+00:00,111850.10,112025.10,111750.00,111843.90,444.201
2025-10-11T03:45:00+00:00,111843.90,112160.20,111790.70,112117.80,398.270
2025-10-11T03:50:00+00:00,112117.70,112124.60,111926.90,112041.40,372.961
2025-10-11T03:55:00+00:00,112041.40,112375.20,112014.10,112261.90,485.048
2025-10-11T04:00:00+00:00,112261.60,112300.00,112024.40,112257.40,362.048
2025-10-11T04:05:00+00:00,112257.40,112321.10,112084.10,112181.30,314.771
2025-10-11T04:10:00+00:00,112181.40,112483.40,112181.40,112388.10,388.067
2025-10-11T04:15:00+00:00,112388.20,112549.00,112388.10,112507.90,413.272
2025-10-11T04:20:00+00:00,112507.90,112560.50,112402.70,112424.00,300.045
2025-10-11T04:25:00+00:00,112424.10,112449.60,112023.10,112233.60,679.726
2025-10-11T04:30:00+00:00,112233.60,112261.60,111888.00,111888.10,616.501
2025-10-11T04:35:00+00:00,111888.10,111900.00,111633.20,111774.40,573.491
2025-10-11T04:40:00+00:00,111774.80,112076.60,111751.60,112076.50,314.154
2025-10-11T04:45:00+00:00,112076.60,112106.50,111890.40,111972.00,227.093
2025-10-11T04:50:00+00:00,111972.00,112778.90,111971.90,112723.30,1056.461
2025-10-11T04:55:00+00:00,112723.40,112931.90,112683.30,112905.30,778.442
2025-10-11T05:00:00+00:00,112905.30,112908.80,112527.80,112582.60,774.357
2025-10-11T05:05:00+00:00,112582.60,112670.00,112546.30,112625.80,511.879
2025-10-11T05:10:00+00:00,112625.80,112659.50,112511.60,112612.90,209.044
2025-10-11T05:15:00+00:00,112613.00,112630.00,112277.30,112300.00,622.159
2025-10-11T05:20:00+00:00,112300.00,112330.00,111982.50,112019.20,933.961
2025-10-11T05:25:00+00:00,112019.30,112075.20,111982.50,111982.60,1141.486
2025-10-11T05:30:00+00:00,111982.50,112206.60,111982.50,112128.90,485.644
2025-10-11T05:35:00+00:00,112128.90,112228.40,112000.00,112135.10,349.711
2025-10-11T05:40:00+00:00,112135.10,112158.90,111982.50,111993.70,413.730
2025-10-11T05:45:00+00:00,111993.60,112498.70,111986.80,112389.10,389.881
2025-10-11T05:50:00+00:00,112389.10,112462.30,112302.80,112455.20,263.887
2025-10-11T05:55:00+00:00,112455.10,112485.90,112313.90,112338.30,336.948
2025-10-11T06:00:00+00:00,112338.20,112579.50,112059.80,112063.30,423.446
2025-10-11T06:05:00+00:00,112063.30,112331.20,112056.00,112143.20,313.699
2025-10-11T06:10:00+00:00,112143.20,112342.70,112071.30,112327.60,250.079
2025-10-11T06:15:00+00:00,112327.50,112466.70,112260.20,112349.80,228.457
2025-10-11T06:20:00+00:00,112349.70,112704.10,112349.70,112569.10,393.712
2025-10-11T06:25:00+00:00,112569.00,112718.90,112506.40,112638.30,252.905
2025-10-11T06:30:00+00:00,112638.30,112641.10,112267.80,112281.50,284.256
2025-10-11T06:35:00+00:00,112281.50,112373.50,112066.80,112096.90,362.976
2025-10-11T06:40:00+00:00,112096.80,112160.00,112029.50,112093.30,419.754
2025-10-11T06:45:00+00:00,112094.10,112265.70,111982.50,111985.60,734.328
2025-10-11T06:50:00+00:00,111985.50,112064.80,111982.50,111982.60,291.453
2025-10-11T06:55:00+00:00,111982.60,112028.50,111982.50,112000.00,285.093
2025-10-11T07:00:00+00:00,112000.10,112050.00,111350.90,111356.30,3284.577
2025-10-11T07:05:00+00:00,111356.30,111527.80,110894.20,111229.70,3726.659
2025-10-11T07:10:00+00:00,111229.80,111424.10,111152.00,111344.60,854.450
2025-10-11T07:15:00+00:00,111344.70,111344.70,110950.40,110992.00,1622.619
2025-10-11T07:20:00+00:00,110992.00,111293.40,110604.00,111208.00,2084.975
2025-10-11T07:25:00+00:00,111208.00,111243.60,110671.60,110693.20,1863.055
2025-10-11T07:30:00+00:00,110693.20,110949.20,110650.00,110925.20,1084.422
2025-10-11T07:35:00+00:00,110925.10,110925.20,110530.80,110569.10,1027.942
2025-10-11T07:40:00+00:00,110569.10,110708.10,110450.00,110573.60,1355.155
2025-10-11T07:45:00+00:00,110573.60,110635.40,110332.70,110334.80,972.437
2025-10-11T07:50:00+00:00,110334.80,110440.00,110130.30,110318.50,1940.931
2025-10-11T07:55:00+00:00,110318.60,110400.00,110022.00,110338.70,1506.126
2025-10-11T08:00:00+00:00,110338.70,110440.00,110140.70,110267.50,703.869
2025-10-11T08:05:00+00:00,110267.60,110471.80,110238.10,110283.60,850.750
2025-10-11T08:10:00+00:00,110283.50,110377.30,110100.50,110220.00,495.015
2025-10-11T08:15:00+00:00,110219.90,110697.60,110207.80,110624.90,978.603
2025-10-11T08:20:00+00:00,110624.90,111048.70,110624.80,110778.20,1262.424
2025-10-11T08:25:00+00:00,110778.20,111080.00,110772.40,110909.90,801.425
2025-10-11T08:30:00+00:00,110909.90,110942.90,110666.80,110781.00,372.121
2025-10-11T08:35:00+00:00,110781.00,110974.30,110744.80,110865.60,410.880
2025-10-11T08:40:00+00:00,110865.70,111276.00,110865.70,111201.20,663.218
2025-10-11T08:45:00+00:00,111201.20,111446.90,111201.10,111427.80,609.405
2025-10-11T08:50:00+00:00,111427.70,111497.20,111214.00,111344.80,560.603
2025-10-11T08:55:00+00:00,111344.80,111469.50,111266.00,111273.70,386.599
2025-10-11T09:00:00+00:00,111273.70,111587.50,111212.60,111453.90,621.742
2025-10-11T09:05:00+00:00,111453.80,111633.30,111398.90,111549.70,598.220
2025-10-11T09:10:00+00:00,111549.80,111600.00,111305.90,111495.00,615.927
2025-10-11T09:15:00+00:00,111495.00,111679.00,111389.70,111667.40,386.833
2025-10-11T09:20:00+00:00,111667.50,111748.40,111530.20,111650.00,610.674
2025-10-11T09:25:00+00:00,111649.90,111720.00,111544.90,111713.20,327.385
2025-10-11T09:30:00+00:00,111713.30,111742.00,111417.90,111563.40,365.433
2025-10-11T09:35:00+00:00,111563.50,111716.00,111477.70,111614.00,461.063
2025-10-11T09:40:00+00:00,111614.00,111855.50,111552.00,111776.50,533.592
2025-10-11T09:45:00+00:00,111776.60,111789.70,111573.00,111706.40,559.961
2025-10-11T09:50:00+00:00,111706.40,111725.80,111528.60,111580.70,298.271
2025-10-11T09:55:00+00:00,111580.80,111729.10,111552.60,111576.80,249.380
2025-10-11T10:00:00+00:00,111576.90,111766.20,111571.30,111743.50,347.543
2025-10-11T10:05:00+00:00,111743.50,111815.90,111572.50,111669.20,341.624
2025-10-11T10:10:00+00:00,111669.20,111930.20,111669.10,111840.50,423.326
2025-10-11T10:15:00+00:00,111840.40,111883.30,111683.30,111720.80,332.578
2025-10-11T10:20:00+00:00,111720.90,111980.00,111720.50,111924.90,642.843
2025-10-11T10:25:00+00:00,111925.00,112142.00,111877.90,112141.90,1186.477
2025-10-11T10:30:00+00:00,112141.90,112214.80,112020.70,112020.70,518.640
2025-10-11T10:35:00+00:00,112020.70,112142.00,111945.30,111952.50,410.390
2025-10-11T10:40:00+00:00,111952.50,111993.10,111893.40,111962.60,336.865
2025-10-11T10:45:00+00:00,111962.60,112082.50,111934.90,111984.90,245.471
2025-10-11T10:50:00+00:00,111984.80,112133.60,111984.80,112088.50,189.080
2025-10-11T10:55:00+00:00,112088.30,112107.20,112017.70,112063.20,233.267
2025-10-11T11:00:00+00:00,112063.10,112095.30,111837.30,111851.20,370.436
2025-10-11T11:05:00+00:00,111851.20,111970.40,111846.10,111949.60,277.967
2025-10-11T11:10:00+00:00,111949.70,112017.60,111871.40,111974.50,212.779
2025-10-11T11:15:00+00:00,111974.40,111974.50,111632.00,111722.70,774.357
2025-10-11T11:20:00+00:00,111722.70,111930.20,111714.60,111925.40,351.023
2025-10-11T11:25:00+00:00,111925.50,112307.60,111925.50,112290.10,876.261
2025-10-11T11:30:00+00:00,112290.10,112290.10,112103.90,112145.60,418.556
2025-10-11T11:35:00+00:00,112145.60,112300.00,112136.80,112218.60,320.081
2025-10-11T11:40:00+00:00,112218.70,112283.80,112218.60,112269.00,165.444
2025-10-11T11:45:00+00:00,112269.00,112300.00,112066.60,112082.90,385.888
2025-10-11T11:50:00+00:00,112082.80,112178.10,112043.80,112178.00,228.170
2025-10-11T11:55:00+00:00,112178.10,112224.80,112138.00,112224.60,180.531
2025-10-11T12:00:00+00:00,112224.60,112224.80,112121.00,112183.50,415.090
2025-10-11T12:05:00+00:00,112183.50,112266.20,111976.30,111992.20,369.495
2025-10-11T12:10:00+00:00,111992.30,112079.40,111992.20,112039.20,172.855
2025-10-11T12:15:00+00:00,112039.30,112178.70,112039.20,112064.90,277.600
2025-10-11T12:20:00+00:00,112064.80,112345.00,112017.70,112303.30,419.566
2025-10-11T12:25:00+00:00,112303.30,112423.00,112266.20,112423.00,266.771
2025-10-11T12:30:00+00:00,112422.90,112423.00,112268.90,112288.90,396.101
2025-10-11T12:35:00+00:00,112288.80,112307.60,112142.00,112206.10,275.390
2025-10-11T12:40:00+00:00,112206.00,112280.90,112180.30,112242.90,238.245
2025-10-11T12:45:00+00:00,112243.50,112293.30,112100.50,112155.60,244.548
2025-10-11T12:50:00+00:00,112155.60,112266.20,112100.50,112212.80,283.525
2025-10-11T12:55:00+00:00,112212.80,112339.80,112212.80,112319.60,222.391
2025-10-11T13:00:00+00:00,112319.60,112377.00,112246.00,112246.00,221.499
2025-10-11T13:05:00+00:00,112245.90,112246.00,112109.50,112179.30,224.699
2025-10-11T13:10:00+00:00,112179.20,112464.50,112179.20,112450.10,342.031
2025-10-11T13:15:00+00:00,112450.10,112466.20,112303.20,112377.10,340.808
2025-10-11T13:20:00+00:00,112377.10,112390.00,112230.80,112245.30,243.306
2025-10-11T13:25:00+00:00,112245.30,112375.10,112226.00,112282.50,264.695
2025-10-11T13:30:00+00:00,112282.60,112326.10,111810.60,111958.90,1478.185
2025-10-11T13:35:00+00:00,111958.90,112059.20,111897.60,111965.90,541.680
2025-10-11T13:40:00+00:00,111965.70,112167.00,111944.10,112111.60,399.666
2025-10-11T13:45:00+00:00,112111.50,112261.10,112017.70,112240.50,341.424
2025-10-11T13:50:00+00:00,112240.40,112299.90,112177.30,112227.40,359.688
2025-10-11T13:55:00+00:00,112227.30,112260.80,112144.40,112208.60,218.108
2025-10-11T14:00:00+00:00,112208.70,112292.10,112090.10,112275.10,371.381
2025-10-11T14:05:00+00:00,112275.10,112297.10,112160.40,112188.10,246.962
2025-10-11T14:10:00+00:00,112188.00,112188.10,112111.70,112153.80,231.852
2025-10-11T14:15:00+00:00,112153.70,112200.00,112100.50,112199.90,291.101
2025-10-11T14:20:00+00:00,112200.00,112253.60,111914.80,111992.70,570.674
2025-10-11T14:25:00+00:00,111992.70,111996.20,111911.00,111989.80,328.074
2025-10-11T14:30:00+00:00,111989.80,112058.40,111879.90,111952.10,442.144
2025-10-11T14:35:00+00:00,111952.10,112100.50,111952.10,112085.70,250.215
2025-10-11T14:40:00+00:00,112085.80,112142.00,111976.30,112013.40,389.663
2025-10-11T14:45:00+00:00,112013.40,112036.60,111934.90,111985.10,226.217
2025-10-11T14:50:00+00:00,111985.20,112013.10,111823.80,111834.60,432.449
2025-10-11T14:55:00+00:00,111834.50,111957.00,111834.50,111934.50,270.626
2025-10-11T15:00:00+00:00,111934.50,112009.60,111911.00,112007.40,335.548
2025-10-11T15:05:00+00:00,112007.30,112101.00,111977.40,112032.50,288.577
2025-10-11T15:10:00+00:00,112032.50,112342.20,112013.00,112230.90,620.666
2025-10-11T15:15:00+00:00,112230.90,112250.10,112159.90,112173.30,347.726
2025-10-11T15:20:00+00:00,112173.30,112315.80,112173.20,112270.60,306.089
2025-10-11T15:25:00+00:00,112270.50,112304.70,112142.00,112150.00,262.267
2025-10-11T15:30:00+00:00,112150.00,112181.10,112058.00,112058.00,239.967
2025-10-11T15:35:00+00:00,112058.00,112058.00,111910.40,112017.70,389.528
2025-10-11T15:40:00+00:00,112017.70,112049.20,111884.80,111885.40,260.177
2025-10-11T15:45:00+00:00,111885.30,112013.00,111881.30,111962.20,236.262
2025-10-11T15:50:00+00:00,111962.10,112017.70,111769.20,111893.00,475.406
2025-10-11T15:55:00+00:00,111893.20,111927.00,111740.80,111744.40,327.961
2025-10-11T16:00:00+00:00,111744.40,111893.40,111744.40,111893.40,302.846
2025-10-11T16:05:00+00:00,111893.30,111976.20,111765.50,111905.10,300.309
2025-10-11T16:10:00+00:00,111905.00,112046.40,111884.20,112000.10,223.796
2025-10-11T16:15:00+00:00,112000.00,112013.10,111906.00,111915.30,245.958
2025-10-11T16:20:00+00:00,111915.20,111956.00,111800.00,111877.40,366.328
2025-10-11T16:25:00+00:00,111877.40,111897.00,111729.00,111757.70,232.143
2025-10-11T16:30:00+00:00,111757.60,111792.40,111629.00,111655.40,460.372
2025-10-11T16:35:00+00:00,111655.30,111694.30,111353.10,111481.20,1141.790
2025-10-11T16:40:00+00:00,111481.10,111550.00,111424.60,111471.80,427.374
2025-10-11T16:45:00+00:00,111471.60,111562.10,111400.60,111562.10,324.893
2025-10-11T16:50:00+00:00,111562.10,111708.90,111556.30,111699.90,303.730
2025-10-11T16:55:00+00:00,111699.40,111852.00,111656.60,111803.80,444.520
2025-10-11T17:00:00+00:00,111803.80,111860.00,111666.00,111666.00,291.613
2025-10-11T17:05:00+00:00,111666.00,111890.90,111666.00,111881.10,210.020
2025-10-11T17:10:00+00:00,111881.10,112015.40,111881.10,112004.10,295.438
2025-10-11T17:15:00+00:00,112004.20,112056.80,111983.70,112012.90,204.501
2025-10-11T17:20:00+00:00,112012.90,112142.00,111976.30,112009.60,500.912
2025-10-11T17:25:00+00:00,112009.50,112119.80,112009.50,112071.50,182.099
2025-10-11T17:30:00+00:00,112071.40,112126.90,112004.20,112098.90,249.886
2025-10-11T17:35:00+00:00,112098.80,112129.50,111949.80,111986.90,362.450
2025-10-11T17:40:00+00:00,111986.90,111997.20,111908.30,111997.20,269.136
2025-10-11T17:45:00+00:00,111997.20,112042.00,111799.60,111880.80,344.331
2025-10-11T17:50:00+00:00,111880.90,111905.70,111818.40,111872.40,195.130
2025-10-11T17:55:00+00:00,111872.30,111972.60,111847.80,111944.50,164.825
2025-10-11T18:00:00+00:00,111944.50,111976.00,111893.40,111917.90,168.810
2025-10-11T18:05:00+00:00,111917.90,111939.10,111818.00,111842.80,221.833
2025-10-11T18:10:00+00:00,111842.90,111864.20,111776.70,111844.00,167.397
2025-10-11T18:15:00+00:00,111843.90,111923.40,111787.30,111901.90,141.549
2025-10-11T18:20:00+00:00,111901.80,111901.90,111813.00,111813.00,149.038
2025-10-11T18:25:00+00:00,111813.00,111870.40,111800.00,111835.10,121.905
2025-10-11T18:30:00+00:00,111835.10,111839.40,111800.00,111839.30,103.810
2025-10-11T18:35:00+00:00,111839.30,111916.40,111805.30,111865.40,124.691
2025-10-11T18:40:00+00:00,111865.40,111919.20,111857.30,111876.90,87.739
2025-10-11T18:45:00+00:00,111876.80,111913.80,111811.40,111862.50,104.340
2025-10-11T18:50:00+00:00,111862.50,111913.90,111862.50,111912.60,107.713
2025-10-11T18:55:00+00:00,111912.70,111915.60,111865.80,111907.20,70.240
2025-10-11T19:00:00+00:00,111907.20,111917.40,111668.80,111800.00,238.213
2025-10-11T19:05:00+00:00,111800.00,111980.00,111789.70,111817.80,234.147
2025-10-11T19:10:00+00:00,111817.80,111817.80,111205.90,111518.20,1306.515
2025-10-11T19:15:00+00:00,111518.30,111577.10,111185.10,111190.40,833.840
2025-10-11T19:20:00+00:00,111190.40,111190.40,110934.90,111091.20,1476.570
2025-10-11T19:25:00+00:00,111091.20,111461.00,111000.00,111334.30,668.240
2025-10-11T19:30:00+00:00,111334.30,111370.50,111000.00,111052.30,560.016
2025-10-11T19:35:00+00:00,111052.30,111250.00,111000.00,111029.80,289.017
2025-10-11T19:40:00+00:00,111029.90,111100.00,110978.10,111004.10,338.932
2025-10-11T19:45:00+00:00,111004.10,111160.30,110975.80,111063.00,330.792
2025-10-11T19:50:00+00:00,111063.00,111141.00,110819.60,110864.00,685.631
2025-10-11T19:55:00+00:00,110863.90,111139.00,110800.10,111126.70,535.259
2025-10-11T20:00:00+00:00,111126.60,111333.50,110838.70,110838.70,697.230
2025-10-11T20:05:00+00:00,110838.80,110990.00,110693.10,110772.00,726.505
2025-10-11T20:10:00+00:00,110772.00,110940.50,110750.00,110824.40,441.379
2025-10-11T20:15:00+00:00,110824.50,110900.00,110644.30,110644.30,528.257
2025-10-11T20:20:00+00:00,110644.20,110778.20,110536.80,110543.80,638.340
2025-10-11T20:25:00+00:00,110543.80,110628.00,110430.00,110569.20,610.664
2025-10-11T20:30:00+00:00,110569.20,110580.80,110255.90,110450.10,1004.310
2025-10-11T20:35:00+00:00,110450.00,110500.00,110249.40,110333.00,532.387
2025-10-11T20:40:00+00:00,110332.90,110520.00,110253.10,110290.00,480.454
2025-10-11T20:45:00+00:00,110289.60,110800.00,110175.00,110270.50,965.355
2025-10-11T20:50:00+00:00,110270.60,110445.00,110080.00,110137.40,761.766
2025-10-11T20:55:00+00:00,110137.40,110328.80,109600.00,110184.80,2565.939
2025-10-11T21:00:00+00:00,110184.80,110307.30,109824.60,109874.70,710.338
2025-10-11T21:05:00+00:00,109874.60,109938.50,109501.00,109589.30,1272.013
2025-10-11T21:10:00+00:00,109589.20,109999.00,109573.20,109994.90,620.778
2025-10-11T21:15:00+00:00,109995.00,110478.90,109876.70,110220.00,932.963
2025-10-11T21:20:00+00:00,110220.00,110763.10,110180.50,110718.20,872.028
2025-10-11T21:25:00+00:00,110718.20,110823.40,110610.60,110731.10,636.037
2025-10-11T21:30:00+00:00,110731.20,110733.10,110513.60,110544.60,325.039
2025-10-11T21:35:00+00:00,110544.60,110920.00,110544.50,110782.80,381.554
2025-10-11T21:40:00+00:00,110782.90,110785.80,110535.00,110634.90,223.377
2025-10-11T21:45:00+00:00,110634.90,110953.80,110634.90,110913.10,265.360
2025-10-11T21:50:00+00:00,110913.00,110913.10,110875.80,110875.90,99.166
2025-10-11T21:55:00+00:00,110875.80,110881.30,110832.60,110832.70,106.982
2025-10-11T22:00:00+00:00,110832.60,110990.00,110784.60,110805.20,377.267
2025-10-11T22:05:00+00:00,110805.30,110983.70,110687.40,110962.80,389.140
2025-10-11T22:10:00+00:00,110962.80,110962.90,110807.00,110883.70,305.418
2025-10-11T22:15:00+00:00,110883.70,110905.40,110600.00,110676.10,328.784
2025-10-11T22:20:00+00:00,110676.00,110759.10,110584.30,110730.60,309.171
2025-10-11T22:25:00+00:00,110730.60,110925.00,110721.00,110871.70,205.358
2025-10-11T22:30:00+00:00,110871.80,110932.50,110839.00,110932.40,165.024
2025-10-11T22:35:00+00:00,110932.50,111247.60,110932.50,111186.10,696.251
2025-10-11T22:40:00+00:00,111186.00,111186.10,111017.10,111033.20,368.004
2025-10-11T22:45:00+00:00,111033.10,111133.80,110987.90,110988.00,244.533
2025-10-11T22:50:00+00:00,110987.90,111140.70,110963.50,111061.30,258.840
2025-10-11T22:55:00+00:00,111061.30,111061.40,110937.50,110978.80,165.247
2025-10-11T23:00:00+00:00,110978.80,111060.80,110880.70,110894.10,315.232
2025-10-11T23:05:00+00:00,110894.00,110973.60,110750.10,110916.40,283.366
2025-10-11T23:10:00+00:00,110916.40,110984.50,110779.30,110836.90,269.916
2025-10-11T23:15:00+00:00,110836.90,110918.00,110761.30,110912.60,242.618
2025-10-11T23:20:00+00:00,110912.50,110956.30,110862.50,110925.70,209.528
2025-10-11T23:25:00+00:00,110925.90,110937.60,110792.80,110894.80,215.708
2025-10-11T23:30:00+00:00,110894.80,110938.50,110774.30,110856.10,320.026
2025-10-11T23:35:00+00:00,110856.10,110885.80,110723.30,110777.70,275.201
2025-10-11T23:40:00+00:00,110777.80,110821.10,110740.30,110788.50,151.476
2025-10-11T23:45:00+00:00,110788.50,110802.20,110600.00,110769.80,340.050
2025-10-11T23:50:00+00:00,110769.80,110833.70,110666.60,110685.80,292.524
2025-10-11T23:55:00+00:00,110685.90,110687.10,110576.80,110579.10,199.720
2025-10-12T00:00:00+00:00,110579.10,110613.70,110386.50,110417.00,707.064
2025-10-12T00:05:00+00:00,110417.00,110424.00,110235.00,110243.60,646.998
2025-10-12T00:10:00+00:00,110243.60,110320.10,110226.90,110259.90,290.447
2025-10-12T00:15:00+00:00,110259.90,110443.20,110193.70,110200.10,472.681
2025-10-12T00:20:00+00:00,110200.00,110203.30,109951.00,110001.70,685.617
2025-10-12T00:25:00+00:00,110001.80,110044.00,109844.60,109870.90,650.729
2025-10-12T00:30:00+00:00,109870.90,110422.80,109870.90,110306.30,779.542
2025-10-12T00:35:00+00:00,110306.20,110379.70,109913.70,109913.70,521.064
2025-10-12T00:40:00+00:00,109913.80,109945.40,109625.00,109682.00,849.370
2025-10-12T00:45:00+00:00,109682.00,109862.90,109682.00,109694.40,523.604
2025-10-12T00:50:00+00:00,109694.30,109820.20,109593.50,109728.60,554.784
2025-10-12T00:55:00+00:00,109728.30,109766.10,109509.30,109600.70,468.899
2025-10-12T01:00:00+00:00,109600.70,109797.00,109589.50,109708.10,618.704
2025-10-12T01:05:00+00:00,109708.10,109980.70,109708.10,109951.90,498.178
2025-10-12T01:10:00+00:00,109951.90,109983.60,109776.20,109972.40,410.210
2025-10-12T01:15:00+00:00,109972.30,110084.00,109724.40,109732.50,480.289
2025-10-12T01:20:00+00:00,109732.00,109908.50,109630.00,109908.10,493.424
2025-10-12T01:25:00+00:00,109908.00,110062.40,109726.30,109911.90,511.204
2025-10-12T01:30:00+00:00,109912.00,109949.90,109768.30,109873.40,326.820
2025-10-12T01:35:00+00:00,109873.40,110190.40,109802.10,109933.20,763.724
2025-10-12T01:40:00+00:00,109933.20,109973.80,109758.90,109950.00,759.627
2025-10-12T01:45:00+00:00,109950.00,110275.00,109922.70,110200.00,822.506
2025-10-12T01:50:00+00:00,110200.00,110200.10,110050.00,110054.90,391.925
2025-10-12T01:55:00+00:00,110054.90,110087.20,109800.00,109928.60,553.819
2025-10-12T02:00:00+00:00,109928.60,110244.10,109803.00,110231.70,1071.719
2025-10-12T02:05:00+00:00,110231.70,110235.80,110031.90,110062.80,516.843
2025-10-12T02:10:00+00:00,110062.70,110220.00,109891.20,110089.80,716.757
2025-10-12T02:15:00+00:00,110089.80,110341.00,110086.20,110211.60,873.777
2025-10-12T02:20:00+00:00,110211.60,110307.70,110150.00,110182.50,332.039
2025-10-12T02:25:00+00:00,110182.50,110493.30,110162.90,110402.50,586.876
2025-10-12T02:30:00+00:00,110402.60,110670.50,110402.50,110448.30,625.293
2025-10-12T02:35:00+00:00,110448.30,110448.50,110102.60,110124.70,641.750
2025-10-12T02:40:00+00:00,110124.70,110206.30,109900.00,110206.00,1172.193
2025-10-12T02:45:00+00:00,110206.00,110210.70,109900.00,109900.10,722.182
2025-10-12T02:50:00+00:00,109900.00,109975.10,109544.20,109950.10,1325.294
2025-10-12T02:55:00+00:00,109950.00,110110.50,109800.00,110072.20,663.996
2025-10-12T03:00:00+00:00,110072.20,110223.40,109950.00,110210.20,597.409
2025-10-12T03:05:00+00:00,110210.20,111424.00,110133.30,111078.80,2012.486
2025-10-12T03:10:00+00:00,111078.80,111094.70,110615.20,110670.00,1783.289
2025-10-12T03:15:00+00:00,110669.90,110669.90,110472.20,110588.80,562.936
2025-10-12T03:20:00+00:00,110588.70,111038.60,110566.50,110936.40,773.811
2025-10-12T03:25:00+00:00,110936.50,111050.80,110758.40,110924.70,785.391
2025-10-12T03:30:00+00:00,110924.70,110969.10,110800.00,110969.10,520.529
2025-10-12T03:35:00+00:00,110969.70,111141.30,110850.00,111040.70,453.720
2025-10-12T03:40:00+00:00,111040.70,111186.60,110835.40,110903.90,527.384
2025-10-12T03:45:00+00:00,110903.80,110903.80,110677.80,110741.70,453.253
2025-10-12T03:50:00+00:00,110741.70,110741.70,110608.60,110636.80,309.767
2025-10-12T03:55:00+00:00,110636.70,110676.80,110556.70,110643.30,214.587
2025-10-12T04:00:00+00:00,110643.30,110817.20,110561.80,110805.30,294.496
2025-10-12T04:05:00+00:00,110805.30,110907.50,110729.30,110778.10,265.020
2025-10-12T04:10:00+00:00,110778.10,111030.00,110750.00,111028.50,272.463
2025-10-12T04:15:00+00:00,111028.60,111090.90,110968.00,111000.10,302.399
2025-10-12T04:20:00+00:00,111000.00,111180.60,111000.00,111117.40,326.451
2025-10-12T04:25:00+00:00,111117.40,111169.20,111002.80,111075.60,244.605
2025-10-12T04:30:00+00:00,111075.60,111275.10,111075.60,111232.90,414.037
2025-10-12T04:35:00+00:00,111232.80,111232.80,111093.10,111158.50,238.878
2025-10-12T04:40:00+00:00,111158.50,111494.50,111107.10,111450.20,833.065
2025-10-12T04:45:00+00:00,111450.20,111909.50,111417.00,111682.60,1867.091
2025-10-12T04:50:00+00:00,111682.60,111682.60,111326.40,111500.10,605.881
2025-10-12T04:55:00+00:00,111500.10,111536.90,111327.60,111486.10,418.062
2025-10-12T05:00:00+00:00,111486.10,111486.20,111193.90,111266.30,510.831
2025-10-12T05:05:00+00:00,111266.30,111297.60,111142.80,111226.20,515.464
2025-10-12T05:10:00+00:00,111226.30,111300.00,111196.80,111250.00,228.401
2025-10-12T05:15:00+00:00,111250.00,111454.50,111250.00,111370.00,305.472
2025-10-12T05:20:00+00:00,111370.00,111451.00,111330.00,111451.00,223.377
2025-10-12T05:25:00+00:00,111450.90,111537.50,111390.20,111533.90,241.949
2025-10-12T05:30:00+00:00,111533.90,111546.70,111372.10,111412.40,205.922
2025-10-12T05:35:00+00:00,111412.40,111512.10,111400.10,111512.00,169.267
2025-10-12T05:40:00+00:00,111512.00,111577.80,111388.30,111477.70,349.325
2025-10-12T05:45:00+00:00,111477.60,111720.00,111475.80,111675.70,188.051
2025-10-12T05:50:00+00:00,111675.60,111745.90,111600.50,111745.90,336.799
2025-10-12T05:55:00+00:00,111745.90,111755.70,111633.50,111642.40,461.195
2025-10-12T06:00:00+00:00,111642.40,111664.90,111555.50,111648.80,307.636
2025-10-12T06:05:00+00:00,111648.80,111692.70,111546.00,111654.30,253.030
2025-10-12T06:10:00+00:00,111654.20,111800.10,111654.20,111766.10,294.372
2025-10-12T06:15:00+00:00,111766.20,111770.80,111644.90,111717.60,256.172
2025-10-12T06:20:00+00:00,111717.60,111730.10,111647.20,111716.50,210.436
2025-10-12T06:25:00+00:00,111716.50,112110.00,111716.40,111866.80,1159.418
2025-10-12T06:30:00+00:00,111866.80,111866.80,111734.30,111734.40,305.970
2025-10-12T06:35:00+00:00,111734.40,111755.30,111604.60,111621.60,414.359
2025-10-12T06:40:00+00:00,111621.70,111699.50,111568.10,111668.40,298.022
2025-10-12T06:45:00+00:00,111668.40,111850.00,111641.30,111776.60,435.946
2025-10-12T06:50:00+00:00,111776.60,111776.60,111674.50,111704.70,235.255
2025-10-12T06:55:00+00:00,111704.70,111732.40,111604.90,111634.80,338.464
2025-10-12T07:00:00+00:00,111634.90,111653.70,111583.60,111621.80,236.148
2025-10-12T07:05:00+00:00,111621.80,111739.40,111595.00,111649.70,314.869
2025-10-12T07:10:00+00:00,111649.70,111649.80,111525.40,111525.40,437.467
2025-10-12T07:15:00+00:00,111525.50,111585.40,111490.70,111557.90,369.366
2025-10-12T07:20:00+00:00,111557.90,111884.80,111557.90,111803.60,621.636
2025-10-12T07:25:00+00:00,111803.60,111803.60,111502.90,111555.70,484.034
2025-10-12T07:30:00+00:00,111555.70,111555.70,111445.00,111468.00,522.382
2025-10-12T07:35:00+00:00,111468.00,111563.80,111450.00,111504.70,271.794
2025-10-12T07:40:00+00:00,111504.70,111683.20,111504.70,111521.50,425.442
2025-10-12T07:45:00+00:00,111521.50,111596.90,111500.00,111589.50,218.901
2025-10-12T07:50:00+00:00,111589.60,111626.60,111443.70,111455.60,258.855
2025-10-12T07:55:00+00:00,111455.50,111466.50,111433.70,111464.00,259.136
2025-10-12T08:00:00+00:00,111463.90,111616.70,111463.90,111557.90,274.729
2025-10-12T08:05:00+00:00,111557.80,111650.00,111418.80,111418.80,376.294
2025-10-12T08:10:00+00:00,111418.90,111600.10,111418.80,111465.30,559.305
2025-10-12T08:15:00+00:00,111465.40,111572.70,111465.30,111522.80,285.391
2025-10-12T08:20:00+00:00,111522.70,111619.00,111515.80,111618.90,293.574
2025-10-12T08:25:00+00:00,111619.00,111746.20,111575.10,111712.20,447.782
2025-10-12T08:30:00+00:00,111712.20,111712.20,111533.40,111606.40,475.775
2025-10-12T08:35:00+00:00,111606.00,111667.40,111534.10,111626.20,433.414
2025-10-12T08:40:00+00:00,111626.20,111668.00,111539.60,111546.00,381.688
2025-10-12T08:45:00+00:00,111546.00,111564.40,111411.70,111411.70,502.319
2025-10-12T08:50:00+00:00,111411.70,111454.30,111252.30,111394.00,1350.767
2025-10-12T08:55:00+00:00,111394.10,111394.10,111233.00,111244.10,404.501
2025-10-12T09:00:00+00:00,111244.00,111244.10,111152.10,111155.10,532.328
2025-10-12T09:05:00+00:00,111155.20,111227.80,111070.40,111119.20,614.833
2025-10-12T09:10:00+00:00,111119.10,111227.80,111119.10,111136.30,304.695
2025-10-12T09:15:00+00:00,111136.40,111286.40,111136.30,111286.30,301.203
2025-10-12T09:20:00+00:00,111286.40,111370.90,111286.30,111317.10,250.414
2025-10-12T09:25:00+00:00,111317.10,111362.30,111200.00,111331.90,233.922
2025-10-12T09:30:00+00:00,111331.80,111388.00,111280.30,111280.30,129.153
2025-10-12T09:35:00+00:00,111280.40,111477.40,111280.30,111445.50,187.523
2025-10-12T09:40:00+00:00,111445.50,111553.60,111438.90,111553.60,250.396
2025-10-12T09:45:00+00:00,111553.60,111697.20,111500.80,111511.90,437.884
2025-10-12T09:50:00+00:00,111511.90,111659.90,111455.20,111659.80,412.410
2025-10-12T09:55:00+00:00,111659.90,111854.00,111659.80,111772.10,592.499
2025-10-12T10:00:00+00:00,111772.20,111963.90,111750.00,111935.20,640.477
2025-10-12T10:05:00+00:00,111935.20,111962.80,111739.20,111745.10,772.760
2025-10-12T10:10:00+00:00,111745.10,111800.40,111664.10,111778.30,378.912
2025-10-12T10:15:00+00:00,111778.20,111793.00,111562.00,111575.20,333.520
2025-10-12T10:20:00+00:00,111575.30,111575.30,111479.50,111549.00,316.643
2025-10-12T10:25:00+00:00,111549.10,111609.60,111528.00,111541.30,217.329
2025-10-12T10:30:00+00:00,111541.30,111548.90,111480.00,111480.10,188.431
2025-10-12T10:35:00+00:00,111480.10,111483.30,111377.50,111462.30,262.619
2025-10-12T10:40:00+00:00,111462.40,111576.30,111462.30,111517.30,259.702
2025-10-12T10:45:00+00:00,111517.30,111615.20,111445.10,111612.20,319.868
2025-10-12T10:50:00+00:00,111612.30,111648.10,111569.70,111648.10,197.277
2025-10-12T10:55:00+00:00,111648.10,111658.60,111560.00,111589.70,169.438
2025-10-12T11:00:00+00:00,111589.70,111635.90,111407.10,111488.80,307.782
2025-10-12T11:05:00+00:00,111488.80,111774.90,111480.20,111749.30,413.691
2025-10-12T11:10:00+00:00,111749.30,111850.10,111654.10,111797.90,360.766
2025-10-12T11:15:00+00:00,111797.90,111800.80,111519.60,111562.90,337.866
2025-10-12T11:20:00+00:00,111562.90,111582.60,111492.90,111514.40,166.317
2025-10-12T11:25:00+00:00,111514.40,111669.40,111507.30,111669.40,308.641
2025-10-12T11:30:00+00:00,111669.40,111789.30,111602.20,111786.20,469.695
2025-10-12T11:35:00+00:00,111786.20,112084.30,111786.10,111942.40,1293.397
2025-10-12T11:40:00+00:00,111942.50,112000.00,111901.90,111901.90,398.489
2025-10-12T11:45:00+00:00,111902.00,111950.00,111865.00,111890.80,417.462
2025-10-12T11:50:00+00:00,111890.90,111928.80,111786.90,111812.10,314.721
2025-10-12T11:55:00+00:00,111812.10,111839.90,111699.00,111783.80,301.809
2025-10-12T12:00:00+00:00,111783.80,111962.40,111767.60,111958.70,612.535
2025-10-12T12:05:00+00:00,111958.80,112191.50,111906.20,112040.90,1055.756
2025-10-12T12:10:00+00:00,112040.90,112078.50,111990.60,112050.50,406.365
2025-10-12T12:15:00+00:00,112050.60,112050.60,111894.60,111939.70,504.473
2025-10-12T12:20:00+00:00,111939.60,112030.30,111914.10,112009.70,408.584
2025-10-12T12:25:00+00:00,112009.60,112066.80,111853.80,111930.60,589.588
2025-10-12T12:30:00+00:00,111930.60,111955.20,111743.10,111743.20,449.845
2025-10-12T12:35:00+00:00,111743.20,111743.20,111620.30,111684.00,592.615
2025-10-12T12:40:00+00:00,111683.90,111777.50,111655.70,111764.00,254.485
2025-10-12T12:45:00+00:00,111764.10,111764.10,111470.90,111700.70,750.944
2025-10-12T12:50:00+00:00,111700.80,111763.60,111664.90,111746.90,289.605
2025-10-12T12:55:00+00:00,111747.00,111752.00,111674.00,111711.30,252.985
2025-10-12T13:00:00+00:00,111711.30,111711.40,111566.00,111637.10,401.064
2025-10-12T13:05:00+00:00,111637.20,111753.30,111543.20,111704.70,361.624
2025-10-12T13:10:00+00:00,111704.60,111877.70,111704.60,111856.00,382.297
2025-10-12T13:15:00+00:00,111856.00,111875.00,111697.50,111709.70,305.982
2025-10-12T13:20:00+00:00,111709.60,111709.70,111493.70,111600.60,456.120
2025-10-12T13:25:00+00:00,111600.60,111636.50,111502.10,111611.60,440.185
2025-10-12T13:30:00+00:00,111611.50,111627.60,111342.70,111579.00,974.101
2025-10-12T13:35:00+00:00,111579.10,111650.00,111479.10,111649.90,823.992
2025-10-12T13:40:00+00:00,111649.90,111747.80,111577.50,111743.60,749.625
2025-10-12T13:45:00+00:00,111743.60,111767.70,111303.30,111345.60,1062.777
2025-10-12T13:50:00+00:00,111345.70,111451.20,111309.80,111363.00,706.023
2025-10-12T13:55:00+00:00,111363.10,111376.10,111191.10,111238.10,719.892
2025-10-12T14:00:00+00:00,111238.10,111410.10,111150.70,111368.50,708.242
2025-10-12T14:05:00+00:00,111368.40,111443.50,111287.70,111298.80,439.457
2025-10-12T14:10:00+00:00,111298.90,111398.40,111293.80,111357.60,467.032
2025-10-12T14:15:00+00:00,111357.70,111485.80,111260.10,111400.00,608.614
2025-10-12T14:20:00+00:00,111400.00,111430.70,111262.40,111409.00,340.955
2025-10-12T14:25:00+00:00,111409.00,111425.00,111350.00,111405.40,332.568
2025-10-12T14:30:00+00:00,111405.50,111430.00,111255.00,111289.00,503.546
2025-10-12T14:35:00+00:00,111288.80,111408.40,111170.40,111187.80,545.226
2025-10-12T14:40:00+00:00,111187.80,111341.10,111111.00,111339.20,462.114
2025-10-12T14:45:00+00:00,111339.20,112351.00,111300.40,112031.10,6673.214
2025-10-12T14:50:00+00:00,112031.20,112929.00,111851.90,112860.40,5476.096
2025-10-12T14:55:00+00:00,112860.00,112883.60,111800.00,112260.00,4704.010
2025-10-12T15:00:00+00:00,112260.10,112755.00,111996.90,112753.00,2693.849
2025-10-12T15:05:00+00:00,112753.00,113371.60,112660.00,112800.00,5521.257
2025-10-12T15:10:00+00:00,112800.10,113156.60,112609.20,113140.60,2158.096
2025-10-12T15:15:00+00:00,113140.60,113687.60,112867.00,113600.10,2824.433
2025-10-12T15:20:00+00:00,113600.10,113646.20,113100.00,113473.10,1957.449
2025-10-12T15:25:00+00:00,113473.20,113473.20,112803.80,113100.00,1796.922
2025-10-12T15:30:00+00:00,113100.00,113107.60,112524.30,112613.20,2547.555
2025-10-12T15:35:00+00:00,112613.20,112737.40,112331.20,112567.40,2110.042
2025-10-12T15:40:00+00:00,112567.60,112719.80,112420.60,112600.10,1226.730
2025-10-12T15:45:00+00:00,112600.00,112980.00,112600.00,112915.30,1025.488
2025-10-12T15:50:00+00:00,112925.00,113172.70,112925.00,113168.20,1022.275
2025-10-12T15:55:00+00:00,113168.20,113225.00,113015.90,113119.00,867.819
2025-10-12T16:00:00+00:00,113119.00,113888.00,113119.00,113810.20,2137.557
2025-10-12T16:05:00+00:00,113810.20,114243.80,113653.50,113721.50,3181.654
2025-10-12T16:10:00+00:00,113721.60,113975.30,113511.00,113822.60,1669.088
2025-10-12T16:15:00+00:00,113823.00,113857.30,113477.10,113574.80,1269.228
2025-10-12T16:20:00+00:00,113574.90,113738.40,113525.80,113616.40,1138.248
2025-10-12T16:25:00+00:00,113616.30,113709.90,113400.00,113568.10,900.076
2025-10-12T16:30:00+00:00,113568.10,113666.90,113450.00,113603.10,704.952
2025-10-12T16:35:00+00:00,113603.20,113620.00,113290.00,113403.80,1091.388
2025-10-12T16:40:00+00:00,113403.90,114222.50,113403.80,114171.50,2111.410
2025-10-12T16:45:00+00:00,114171.50,114654.50,113785.20,114085.60,4775.273
2025-10-12T16:50:00+00:00,114086.00,114200.00,113800.00,114075.20,1259.342
2025-10-12T16:55:00+00:00,114075.10,114075.20,113859.40,113993.40,1087.630
2025-10-12T17:00:00+00:00,113993.40,114110.10,113789.50,114110.00,1439.306
2025-10-12T17:05:00+00:00,114110.00,114350.00,113895.40,114319.20,1301.493
2025-10-12T17:10:00+00:00,114319.30,114396.50,114164.10,114223.70,957.119
2025-10-12T17:15:00+00:00,114223.70,114373.40,114200.00,114286.60,779.227
2025-10-12T17:20:00+00:00,114286.60,114380.00,114167.50,114269.10,761.410
2025-10-12T17:25:00+00:00,114269.10,114375.20,114213.00,114262.70,517.796
2025-10-12T17:30:00+00:00,114262.70,114322.30,113925.50,114125.40,1167.778
2025-10-12T17:35:00+00:00,114125.50,114206.10,114003.90,114206.10,628.214
2025-10-12T17:40:00+00:00,114206.10,114332.90,114138.30,114264.40,639.200
2025-10-12T17:45:00+00:00,114264.40,114300.00,114018.20,114018.20,652.542
2025-10-12T17:50:00+00:00,114018.20,114018.30,113400.00,113783.00,2453.208
2025-10-12T17:55:00+00:00,113783.00,113820.00,113667.80,113729.40,598.365
2025-10-12T18:00:00+00:00,113729.40,113984.00,113700.10,113976.30,522.961
2025-10-12T18:05:00+00:00,113976.40,114100.00,113900.00,114069.50,719.279
2025-10-12T18:10:00+00:00,114069.50,114183.10,113865.00,113964.20,562.797
2025-10-12T18:15:00+00:00,113964.10,114110.00,113934.10,114000.10,484.066
2025-10-12T18:20:00+00:00,114000.00,114001.50,113800.00,113949.90,585.730
2025-10-12T18:25:00+00:00,113949.80,113949.90,113764.10,113823.80,484.396
2025-10-12T18:30:00+00:00,113823.70,113944.10,113785.40,113852.40,395.679
2025-10-12T18:35:00+00:00,113852.50,113880.00,113463.20,113667.70,899.237
2025-10-12T18:40:00+00:00,113667.70,113737.00,113550.00,113554.50,419.511
2025-10-12T18:45:00+00:00,113554.40,113625.00,113484.50,113607.90,369.670
2025-10-12T18:50:00+00:00,113607.80,113700.00,113506.00,113679.90,427.372
2025-10-12T18:55:00+00:00,113680.00,113846.20,113679.90,113815.90,352.228
2025-10-12T19:00:00+00:00,113816.00,113849.10,113754.80,113824.90,334.909
2025-10-12T19:05:00+00:00,113824.90,114046.90,113824.60,114034.60,383.148
2025-10-12T19:10:00+00:00,114034.70,114320.00,113958.10,114300.10,840.429
2025-10-12T19:15:00+00:00,114300.10,114346.20,114141.50,114170.20,659.024
2025-10-12T19:20:00+00:00,114170.10,114234.50,114135.60,114190.60,351.091
2025-10-12T19:25:00+00:00,114190.50,114243.50,114149.30,114236.40,233.138
2025-10-12T19:30:00+00:00,114236.40,114300.00,114175.50,114270.30,288.523
2025-10-12T19:35:00+00:00,114270.20,114338.50,114099.40,114099.40,328.264
2025-10-12T19:40:00+00:00,114099.40,114167.00,114028.80,114125.30,284.236
2025-10-12T19:45:00+00:00,114125.30,114256.90,114059.00,114163.50,292.376
2025-10-12T19:50:00+00:00,114163.50,114255.00,114150.50,114253.60,228.037
2025-10-12T19:55:00+00:00,114253.70,114300.00,114224.60,114288.70,378.144
2025-10-12T20:00:00+00:00,114288.80,114762.90,114288.70,114582.60,1341.280
2025-10-12T20:05:00+00:00,114582.70,114630.40,114417.10,114467.40,449.779
2025-10-12T20:10:00+00:00,114467.40,114568.40,114400.70,114547.40,471.593
2025-10-12T20:15:00+00:00,114547.40,114711.80,114496.00,114656.70,462.045
2025-10-12T20:20:00+00:00,114656.60,114839.60,114656.60,114766.40,840.051
2025-10-12T20:25:00+00:00,114766.40,115305.80,114760.30,115175.00,2076.273
2025-10-12T20:30:00+00:00,115175.00,115400.00,114999.90,115212.90,1683.022
2025-10-12T20:35:00+00:00,115212.90,115242.80,114889.50,114972.50,1071.679
2025-10-12T20:40:00+00:00,114972.50,115137.30,114926.20,115043.80,791.649
2025-10-12T20:45:00+00:00,115043.80,115060.70,114940.10,114995.00,619.892
2025-10-12T20:50:00+00:00,114995.10,115222.20,114930.00,114970.00,846.540
2025-10-12T20:55:00+00:00,114970.10,115014.90,114839.40,114864.50,736.076
2025-10-12T21:00:00+00:00,114864.40,115036.20,114708.00,115007.40,825.072
2025-10-12T21:05:00+00:00,115007.40,115007.40,114578.00,114803.90,808.046
2025-10-12T21:10:00+00:00,114803.90,115594.60,114803.80,115326.50,2000.645
2025-10-12T21:15:00+00:00,115326.50,115350.00,115104.10,115195.50,1109.509
2025-10-12T21:20:00+00:00,115195.50,115224.40,114950.00,114950.10,681.937
2025-10-12T21:25:00+00:00,114950.00,115013.30,114632.70,114904.70,998.669
2025-10-12T21:30:00+00:00,114904.70,114916.50,114200.00,114433.20,1801.035
2025-10-12T21:35:00+00:00,114433.30,114735.20,114300.20,114557.40,1137.990
2025-10-12T21:40:00+00:00,114557.40,114624.00,114479.40,114570.90,337.114
2025-10-12T21:45:00+00:00,114570.90,114700.00,114570.80,114633.20,225.322
2025-10-12T21:50:00+00:00,114633.10,114661.40,114450.00,114600.10,226.302
2025-10-12T21:55:00+00:00,114600.00,114910.70,114600.00,114822.00,459.400
2025-10-12T22:00:00+00:00,114822.00,115730.30,114822.00,115164.90,4321.789
2025-10-12T22:05:00+00:00,115164.80,115462.20,115008.80,115096.00,2054.437
2025-10-12T22:10:00+00:00,115096.10,115364.30,114987.60,115311.60,1288.980
2025-10-12T22:15:00+00:00,115311.60,115550.00,115245.00,115262.00,1130.860
2025-10-12T22:20:00+00:00,115262.00,115547.70,115235.30,115246.10,819.687
2025-10-12T22:25:00+00:00,115246.10,115334.90,115100.40,115169.60,871.216
2025-10-12T22:30:00+00:00,115169.50,115328.40,115081.50,115109.70,686.794
2025-10-12T22:35:00+00:00,115109.60,115312.00,115037.90,115310.70,735.225
2025-10-12T22:40:00+00:00,115310.70,115349.80,115186.30,115327.20,513.314
2025-10-12T22:45:00+00:00,115327.30,115486.00,115226.40,115355.70,885.161
2025-10-12T22:50:00+00:00,115355.60,115469.70,115268.00,115300.00,429.714
2025-10-12T22:55:00+00:00,115300.00,115357.30,115133.80,115160.70,293.451
2025-10-12T23:00:00+00:00,115160.70,115200.00,114800.00,114922.00,1138.542
2025-10-12T23:05:00+00:00,114922.00,114947.50,114707.70,114947.40,1134.352
2025-10-12T23:10:00+00:00,114947.50,114955.00,114679.00,114833.00,617.222
2025-10-12T23:15:00+00:00,114833.10,114860.80,114676.10,114678.80,618.130
2025-10-12T23:20:00+00:00,114678.70,115184.70,114678.70,115184.50,362.812
2025-10-12T23:25:00+00:00,115184.60,115273.70,115079.60,115177.00,640.724
2025-10-12T23:30:00+00:00,115177.00,115298.30,115154.40,115180.10,408.924
2025-10-12T23:35:00+00:00,115180.00,115180.00,114882.20,114882.20,535.569
2025-10-12T23:40:00+00:00,114882.20,114974.70,114777.00,114908.70,508.392
2025-10-12T23:45:00+00:00,114908.70,115088.00,114881.90,115000.00,466.204
2025-10-12T23:50:00+00:00,115000.10,115047.20,114830.30,115021.90,349.806
2025-10-12T23:55:00+00:00,115022.00,115092.80,114882.70,114894.40,553.080
2025-10-13T00:00:00+00:00,114894.50,115022.20,114703.90,115022.10,922.777
2025-10-13T00:05:00+00:00,115022.10,115060.30,114882.70,114964.00,679.470
2025-10-13T00:10:00+00:00,114964.00,115155.00,114894.70,115155.00,589.146
2025-10-13T00:15:00+00:00,115155.00,115650.00,115155.00,115600.00,1613.426
2025-10-13T00:20:00+00:00,115600.00,115844.80,115227.20,115288.90,1971.954
2025-10-13T00:25:00+00:00,115288.90,115422.70,115131.10,115131.10,660.823
2025-10-13T00:30:00+00:00,115131.10,115160.00,114970.00,115024.70,953.924
2025-10-13T00:35:00+00:00,115024.70,115139.90,114897.90,114929.90,996.544
2025-10-13T00:40:00+00:00,114929.90,115112.80,114888.00,115063.00,552.387
2025-10-13T00:45:00+00:00,115063.00,115167.80,114903.50,115044.20,785.020
2025-10-13T00:50:00+00:00,115044.30,115424.40,115044.30,115236.20,944.889
2025-10-13T00:55:00+00:00,115236.10,115375.00,115128.50,115220.00,678.942
2025-10-13T01:00:00+00:00,115220.00,115286.70,115048.40,115111.50,824.018
2025-10-13T01:05:00+00:00,115111.40,115329.50,115084.10,115122.40,918.419
2025-10-13T01:10:00+00:00,115122.40,115271.20,115021.60,115111.40,904.352
2025-10-13T01:15:00+00:00,115111.50,115322.40,115010.20,115322.40,745.730
2025-10-13T01:20:00+00:00,115322.40,115600.00,115322.40,115476.60,916.343
2025-10-13T01:25:00+00:00,115476.70,115585.40,115359.90,115538.80,634.007
2025-10-13T01:30:00+00:00,115538.80,115700.00,115515.00,115681.40,921.283
2025-10-13T01:35:00+00:00,115681.50,115696.60,115432.00,115496.40,635.516
2025-10-13T01:40:00+00:00,115496.30,115616.90,115496.30,115603.70,332.981
2025-10-13T01:45:00+00:00,115603.80,115666.00,115542.80,115591.60,360.092
2025-10-13T01:50:00+00:00,115591.50,115623.50,115490.00,115530.70,372.899
2025-10-13T01:55:00+00:00,115530.70,115680.00,115527.50,115638.00,459.175
2025-10-13T02:00:00+00:00,115638.00,115912.00,115186.00,115281.50,1806.888
2025-10-13T02:05:00+00:00,115281.60,115444.00,115234.20,115272.30,678.071
2025-10-13T02:10:00+00:00,115272.20,115346.00,115250.00,115264.10,391.480
2025-10-13T02:15:00+00:00,115264.00,115302.90,115004.00,115004.80,1120.714
2025-10-13T02:20:00+00:00,115004.70,115251.60,114941.00,115203.40,706.471
2025-10-13T02:25:00+00:00,115203.50,115217.20,115100.00,115155.50,622.188
2025-10-13T02:30:00+00:00,115155.60,115335.60,115144.10,115282.90,487.871
2025-10-13T02:35:00+00:00,115282.90,115377.20,115123.00,115215.70,439.422
2025-10-13T02:40:00+00:00,115215.80,115370.90,115209.60,115263.20,332.946
2025-10-13T02:45:00+00:00,115263.10,115427.60,115240.30,115412.60,456.547
2025-10-13T02:50:00+00:00,115412.50,115428.40,115300.00,115352.80,410.050
2025-10-13T02:55:00+00:00,115352.70,115364.50,115214.40,115275.00,300.456
2025-10-13T03:00:00+00:00,115275.00,115454.80,115219.40,115417.60,477.765
2025-10-13T03:05:00+00:00,115417.60,115471.00,115332.50,115450.30,451.907
2025-10-13T03:10:00+00:00,115450.30,115573.70,115357.60,115413.60,373.461
2025-10-13T03:15:00+00:00,115413.60,115413.60,115153.50,115153.60,426.366
2025-10-13T03:20:00+00:00,115153.50,115310.00,115128.70,115142.20,495.521
2025-10-13T03:25:00+00:00,115142.20,115166.40,115053.40,115101.80,394.118
2025-10-13T03:30:00+00:00,115101.90,115158.90,114746.90,114851.50,915.715
2025-10-13T03:35:00+00:00,114851.40,115021.10,114830.00,114834.30,576.431
2025-10-13T03:40:00+00:00,114834.30,114900.00,114722.20,114811.30,582.394
2025-10-13T03:45:00+00:00,114811.40,114845.50,114650.00,114671.70,763.963
2025-10-13T03:50:00+00:00,114671.70,114731.90,114566.10,114670.70,784.409
2025-10-13T03:55:00+00:00,114670.80,114830.60,114661.20,114773.60,496.808
2025-10-13T04:00:00+00:00,114773.50,114957.50,114748.40,114947.10,663.967
2025-10-13T04:05:00+00:00,114947.10,114958.00,114783.00,114819.70,366.273
2025-10-13T04:10:00+00:00,114819.60,114912.00,114610.20,114682.40,432.256
2025-10-13T04:15:00+00:00,114682.50,114800.00,114682.50,114726.70,365.998
2025-10-13T04:20:00+00:00,114726.70,114739.60,114560.00,114646.60,645.157
2025-10-13T04:25:00+00:00,114646.50,114759.10,114596.20,114605.70,535.064
2025-10-13T04:30:00+00:00,114605.70,114953.40,114605.70,114739.50,1159.501
2025-10-13T04:35:00+00:00,114739.50,114800.00,114542.80,114781.80,802.523
2025-10-13T04:40:00+00:00,114781.80,114875.70,114571.40,114571.40,580.398
2025-10-13T04:45:00+00:00,114571.50,114626.20,114407.70,114475.70,1477.874
2025-10-13T04:50:00+00:00,114475.80,114570.70,114357.20,114481.40,1243.379
2025-10-13T04:55:00+00:00,114481.50,114681.20,114458.70,114656.60,459.011
2025-10-13T05:00:00+00:00,114656.50,114665.70,114458.10,114521.80,430.260
2025-10-13T05:05:00+00:00,114521.80,114680.70,114481.30,114646.30,444.486
2025-10-13T05:10:00+00:00,114646.20,114719.80,114561.80,114690.10,368.421
2025-10-13T05:15:00+00:00,114690.00,114785.80,114500.00,114558.70,579.107
2025-10-13T05:20:00+00:00,114558.60,114654.90,114520.10,114570.50,354.316
2025-10-13T05:25:00+00:00,114570.40,114679.30,114555.10,114661.30,146.414
2025-10-13T05:30:00+00:00,114661.30,114679.00,114501.30,114534.30,379.328
2025-10-13T05:35:00+00:00,114534.30,114644.20,114482.90,114633.30,599.676
2025-10-13T05:40:00+00:00,114633.20,114693.20,114523.30,114527.50,278.714
2025-10-13T05:45:00+00:00,114527.50,114604.00,114492.40,114596.60,428.389
2025-10-13T05:50:00+00:00,114596.60,114633.80,114514.80,114592.20,262.294
2025-10-13T05:55:00+00:00,114592.30,114619.00,114539.60,114570.20,105.624
2025-10-13T06:00:00+00:00,114570.10,114604.80,114369.20,114468.50,433.865
2025-10-13T06:05:00+00:00,114468.40,114740.00,114460.90,114739.40,425.092
2025-10-13T06:10:00+00:00,114739.40,114796.90,114650.00,114734.30,382.324
2025-10-13T06:15:00+00:00,114734.40,115077.30,114712.90,114982.50,1336.873
2025-10-13T06:20:00+00:00,114982.60,115048.50,114876.90,114885.80,524.612
2025-10-13T06:25:00+00:00,114885.70,115057.30,114850.10,115048.60,375.888
2025-10-13T06:30:00+00:00,115048.00,115333.20,114953.20,115073.00,883.091
2025-10-13T06:35:00+00:00,115073.00,115125.20,115037.80,115088.10,488.502
2025-10-13T06:40:00+00:00,115088.10,115140.00,114931.10,114958.80,338.637
2025-10-13T06:45:00+00:00,114958.80,114983.20,114852.80,114944.80,425.654
2025-10-13T06:50:00+00:00,114944.70,115209.40,114919.00,115174.60,725.631
2025-10-13T06:55:00+00:00,115174.70,115251.60,115165.60,115168.40,459.477
2025-10-13T07:00:00+00:00,115168.40,115297.00,114970.80,115079.40,483.351
2025-10-13T07:05:00+00:00,115079.40,115240.00,114994.00,115161.00,697.988
2025-10-13T07:10:00+00:00,115161.00,115450.40,115161.00,115349.50,1102.454
2025-10-13T07:15:00+00:00,115349.50,115392.40,115300.00,115367.10,403.048
2025-10-13T07:20:00+00:00,115367.00,115399.30,115268.50,115376.20,444.189
2025-10-13T07:25:00+00:00,115376.10,115500.00,115321.20,115440.90,758.340
2025-10-13T07:30:00+00:00,115440.90,115469.90,115300.30,115375.00,594.443
2025-10-13T07:35:00+00:00,115374.90,115494.70,115287.00,115406.70,401.649
2025-10-13T07:40:00+00:00,115406.80,115478.00,115369.10,115376.10,524.033
2025-10-13T07:45:00+00:00,115376.00,115376.00,115025.00,115115.00,820.318
2025-10-13T07:50:00+00:00,115115.00,115188.00,115058.30,115180.00,423.242
2025-10-13T07:55:00+00:00,115180.00,115345.50,115164.50,115341.70,455.418
2025-10-13T08:00:00+00:00,115341.70,115350.00,115130.40,115241.60,585.200
2025-10-13T08:05:00+00:00,115241.60,115263.40,115141.40,115232.40,485.557
2025-10-13T08:10:00+00:00,115232.30,115288.30,115112.00,115250.90,446.072
2025-10-13T08:15:00+00:00,115251.00,115339.80,115070.10,115229.80,682.962
2025-10-13T08:20:00+00:00,115229.80,115305.20,115128.70,115184.90,459.821
2025-10-13T08:25:00+00:00,115184.80,115233.80,115080.90,115217.60,297.044
2025-10-13T08:30:00+00:00,115217.60,115312.80,115201.20,115298.40,261.329
2025-10-13T08:35:00+00:00,115298.50,115305.20,115240.00,115278.50,259.001
2025-10-13T08:40:00+00:00,115278.50,115366.60,115109.30,115144.80,430.425
2025-10-13T08:45:00+00:00,115144.80,115195.70,115100.00,115192.10,278.516
2025-10-13T08:50:00+00:00,115192.10,115342.40,115192.00,115313.70,274.514
2025-10-13T08:55:00+00:00,115313.80,115376.30,115189.90,115193.80,260.451
2025-10-13T09:00:00+00:00,115193.70,115193.80,115061.00,115133.00,543.328
2025-10-13T09:05:00+00:00,115133.00,115189.10,115056.10,115098.40,395.947
2025-10-13T09:10:00+00:00,115098.30,115131.80,114682.80,114749.30,1418.338
2025-10-13T09:15:00+00:00,114749.30,114934.50,114731.00,114836.30,578.928
2025-10-13T09:20:00+00:00,114836.20,114944.90,114801.00,114882.20,376.326
2025-10-13T09:25:00+00:00,114882.20,114904.50,114815.30,114888.00,239.403
2025-10-13T09:30:00+00:00,114887.90,115024.30,114858.80,115016.30,542.014
2025-10-13T09:35:00+00:00,115016.30,115107.20,114951.70,115002.60,434.854
2025-10-13T09:40:00+00:00,115002.70,115075.90,115002.70,115051.40,165.725
2025-10-13T09:45:00+00:00,115051.30,115119.00,115021.60,115073.70,235.577
2025-10-13T09:50:00+00:00,115073.70,115120.10,115042.30,115112.90,245.275
2025-10-13T09:55:00+00:00,115112.80,115130.40,115026.00,115057.20,293.527
2025-10-13T10:00:00+00:00,115057.20,115098.90,114896.50,114981.60,431.907
2025-10-13T10:05:00+00:00,114981.70,115060.90,114915.80,115012.30,271.028
2025-10-13T10:10:00+00:00,115012.40,115012.40,114876.40,114926.40,361.780
2025-10-13T10:15:00+00:00,114926.50,114954.70,114760.00,114906.20,464.729
2025-10-13T10:20:00+00:00,114906.10,115000.00,114831.40,114979.40,341.737
2025-10-13T10:25:00+00:00,114979.40,114989.00,114834.40,114834.40,270.716
2025-10-13T10:30:00+00:00,114834.40,114882.30,114746.10,114792.30,423.861
2025-10-13T10:35:00+00:00,114792.30,114866.80,114709.70,114709.70,594.964
2025-10-13T10:40:00+00:00,114709.70,114775.00,114670.10,114724.00,372.917
2025-10-13T10:45:00+00:00,114723.90,114905.90,114700.00,114905.80,310.645
2025-10-13T10:50:00+00:00,114905.80,114919.50,114729.80,114806.60,379.667
2025-10-13T10:55:00+00:00,114806.50,114860.00,114754.70,114754.80,212.336
2025-10-13T11:00:00+00:00,114754.70,114754.70,114385.50,114396.60,1849.394
2025-10-13T11:05:00+00:00,114396.60,114464.80,114105.00,114425.20,2486.126
2025-10-13T11:10:00+00:00,114425.30,114515.80,114286.40,114498.00,824.383
2025-10-13T11:15:00+00:00,114498.00,114561.60,114355.00,114360.50,679.488
2025-10-13T11:20:00+00:00,114360.50,114456.00,114054.00,114077.20,779.496
2025-10-13T11:25:00+00:00,114077.30,114158.80,113600.50,113618.30,3619.267
2025-10-13T11:30:00+00:00,113612.30,114139.90,113612.30,114062.80,2036.600
2025-10-13T11:35:00+00:00,114062.70,114167.70,113863.20,113968.30,888.749
2025-10-13T11:40:00+00:00,113968.30,114153.80,113968.30,114040.70,517.620
2025-10-13T11:45:00+00:00,114040.70,114124.90,113928.30,114000.00,584.563
2025-10-13T11:50:00+00:00,114000.10,114338.00,114000.00,114310.10,613.348
2025-10-13T11:55:00+00:00,114310.00,114333.00,114114.40,114129.30,425.951
2025-10-13T12:00:00+00:00,114129.20,114129.20,113871.80,113948.50,981.451
2025-10-13T12:05:00+00:00,113948.50,114228.90,113900.00,114200.00,511.728
2025-10-13T12:10:00+00:00,114199.90,114440.20,114177.90,114320.60,922.076
2025-10-13T12:15:00+00:00,114320.60,114331.40,114141.90,114193.70,640.030
2025-10-13T12:20:00+00:00,114193.80,114270.90,114154.60,114270.80,495.243
2025-10-13T12:25:00+00:00,114270.90,114320.00,114134.90,114293.20,355.599
2025-10-13T12:30:00+00:00,114293.30,114615.70,114202.50,114555.50,955.651
2025-10-13T12:35:00+00:00,114555.40,114555.50,114360.70,114369.70,567.730
2025-10-13T12:40:00+00:00,114369.70,114477.90,114344.40,114472.60,527.993
2025-10-13T12:45:00+00:00,114472.60,114707.00,114345.30,114564.00,980.203
2025-10-13T12:50:00+00:00,114564.10,114564.10,114336.00,114426.20,622.468
2025-10-13T12:55:00+00:00,114426.20,114469.90,114270.00,114360.00,504.962
2025-10-13T13:00:00+00:00,114359.90,114580.00,114345.40,114461.00,834.852
2025-10-13T13:05:00+00:00,114460.90,114653.00,114266.60,114280.00,1113.413
2025-10-13T13:10:00+00:00,114280.10,114530.90,114185.70,114316.50,1078.686
2025-10-13T13:15:00+00:00,114316.50,114516.60,114261.60,114360.00,517.586
2025-10-13T13:20:00+00:00,114359.90,114376.20,114160.50,114209.00,623.075
2025-10-13T13:25:00+00:00,114209.10,114409.30,114209.10,114285.50,630.710
2025-10-13T13:30:00+00:00,114285.60,115488.90,114261.40,115078.40,4796.698
2025-10-13T13:35:00+00:00,115078.40,115083.60,114438.60,114719.90,2783.999
2025-10-13T13:40:00+00:00,114719.80,115096.40,114522.90,114902.30,2083.421
2025-10-13T13:45:00+00:00,114902.20,114960.00,114639.00,114734.60,1455.215
2025-10-13T13:50:00+00:00,114734.70,115137.60,114376.50,114988.80,2008.767
2025-10-13T13:55:00+00:00,114988.90,115348.00,114903.00,115291.50,1139.376
2025-10-13T14:00:00+00:00,115291.40,115420.10,115092.70,115311.60,1589.451
2025-10-13T14:05:00+00:00,115311.60,115322.10,115025.00,115070.10,1113.600
2025-10-13T14:10:00+00:00,115070.00,115105.60,114806.10,114898.20,1019.998
2025-10-13T14:15:00+00:00,114898.10,115012.00,114783.80,114822.40,833.703
2025-10-13T14:20:00+00:00,114822.50,114875.10,114252.20,114618.40,2057.386
2025-10-13T14:25:00+00:00,114618.50,114662.20,114100.00,114254.90,1742.284
2025-10-13T14:30:00+00:00,114254.80,114443.60,113899.00,114414.80,2088.115
2025-10-13T14:35:00+00:00,114414.80,114744.20,114389.00,114574.50,1367.056
2025-10-13T14:40:00+00:00,114576.10,114668.70,114288.00,114484.40,867.261
2025-10-13T14:45:00+00:00,114484.40,114552.80,114088.00,114117.10,931.069
2025-10-13T14:50:00+00:00,114117.20,114132.20,113833.30,113913.00,1425.468
2025-10-13T14:55:00+00:00,113912.90,113987.00,113721.20,113973.60,1044.646
2025-10-13T15:00:00+00:00,113973.50,114150.80,113917.40,114125.90,970.683
2025-10-13T15:05:00+00:00,114125.90,114274.00,113956.80,114255.10,775.344
2025-10-13T15:10:00+00:00,114255.10,114545.00,114250.00,114356.80,867.166
2025-10-13T15:15:00+00:00,114356.70,114526.80,114212.00,114313.00,1064.453
2025-10-13T15:20:00+00:00,114313.00,114376.00,114134.10,114172.80,681.651
2025-10-13T15:25:00+00:00,114172.90,114346.70,114142.50,114192.30,573.162
2025-10-13T15:30:00+00:00,114192.40,114497.80,114188.30,114299.90,774.930
2025-10-13T15:35:00+00:00,114299.90,114379.50,114142.10,114159.30,539.853
2025-10-13T15:40:00+00:00,114159.40,114260.90,114057.40,114127.00,553.283
2025-10-13T15:45:00+00:00,114127.10,114491.40,114127.00,114476.40,747.572
2025-10-13T15:50:00+00:00,114476.30,114683.50,114266.60,114292.50,1009.548
2025-10-13T15:55:00+00:00,114292.40,114394.60,114233.70,114260.70,481.600
2025-10-13T16:00:00+00:00,114260.80,114589.40,114200.10,114538.70,868.302
2025-10-13T16:05:00+00:00,114538.70,114980.00,114475.70,114901.00,2126.405
2025-10-13T16:10:00+00:00,114901.10,115139.00,114800.00,114842.20,1673.313
2025-10-13T16:15:00+00:00,114842.20,114903.10,114736.60,114768.30,998.749
2025-10-13T16:20:00+00:00,114768.40,114768.40,114323.70,114585.40,1350.882
2025-10-13T16:25:00+00:00,114585.30,114700.00,114378.60,114378.60,760.510
2025-10-13T16:30:00+00:00,114378.60,114511.70,114305.00,114359.40,688.641
2025-10-13T16:35:00+00:00,114359.50,114530.80,114280.40,114436.80,622.722
2025-10-13T16:40:00+00:00,114436.70,114465.50,114300.00,114329.10,533.888
2025-10-13T16:45:00+00:00,114329.10,114519.40,114300.00,114490.00,656.257
2025-10-13T16:50:00+00:00,114490.10,114616.60,114431.60,114485.60,569.467
2025-10-13T16:55:00+00:00,114485.60,114745.10,114485.50,114596.60,543.579
2025-10-13T17:00:00+00:00,114596.60,114738.10,114519.70,114725.90,648.870
2025-10-13T17:05:00+00:00,114725.80,114941.50,114490.20,114527.00,1164.965
2025-10-13T17:10:00+00:00,114526.90,114565.50,114392.70,114519.70,641.374
2025-10-13T17:15:00+00:00,114519.70,114629.30,114390.00,114430.50,495.565
2025-10-13T17:20:00+00:00,114430.40,114611.10,114402.60,114480.80,392.681
2025-10-13T17:25:00+00:00,114480.80,114504.20,114400.00,114499.80,434.890
2025-10-13T17:30:00+00:00,114499.90,114510.00,114367.60,114436.00,644.428
2025-10-13T17:35:00+00:00,114435.90,114661.90,114435.90,114537.50,582.271
2025-10-13T17:40:00+00:00,114537.50,114552.30,114386.90,114401.70,469.349
2025-10-13T17:45:00+00:00,114401.70,114424.30,114151.00,114203.50,700.730
2025-10-13T17:50:00+00:00,114203.50,114366.50,114184.10,114315.10,527.684
2025-10-13T17:55:00+00:00,114315.10,115025.00,114219.40,114990.10,1412.876
2025-10-13T18:00:00+00:00,114990.10,115050.70,114763.30,114803.60,2125.405
2025-10-13T18:05:00+00:00,114803.60,114921.80,114740.40,114823.50,925.803
2025-10-13T18:10:00+00:00,114823.50,114823.50,114653.20,114699.90,606.907
2025-10-13T18:15:00+00:00,114699.90,114808.50,114695.30,114778.50,597.144
2025-10-13T18:20:00+00:00,114778.50,115266.60,114778.50,115220.00,1246.842
2025-10-13T18:25:00+00:00,115220.10,115268.00,115156.50,115208.60,740.525
2025-10-13T18:30:00+00:00,115208.70,115332.70,115000.00,115031.80,804.802
2025-10-13T18:35:00+00:00,115031.90,115067.40,114908.80,114969.30,538.176
2025-10-13T18:40:00+00:00,114969.40,115156.10,114928.80,115146.10,483.852
2025-10-13T18:45:00+00:00,115146.10,115227.20,115028.90,115106.80,969.273
2025-10-13T18:50:00+00:00,115106.70,115188.00,114952.80,115050.10,520.431
2025-10-13T18:55:00+00:00,115050.10,115124.60,115000.00,115107.70,426.624
2025-10-13T19:00:00+00:00,115107.70,115153.30,115011.60,115062.90,614.442
2025-10-13T19:05:00+00:00,115062.90,115196.20,115050.00,115170.80,404.543
2025-10-13T19:10:00+00:00,115170.80,115230.00,115015.40,115230.00,415.392
2025-10-13T19:15:00+00:00,115230.00,115488.60,115159.90,115400.00,1023.599
2025-10-13T19:20:00+00:00,115400.00,115694.90,115359.90,115544.80,1883.927
2025-10-13T19:25:00+00:00,115544.80,115583.80,115424.70,115544.50,655.931
2025-10-13T19:30:00+00:00,115544.50,115548.90,115421.20,115480.00,536.984
2025-10-13T19:35:00+00:00,115480.00,115526.00,115430.10,115438.20,436.678
2025-10-13T19:40:00+00:00,115438.10,115660.00,115432.40,115644.70,592.683
2025-10-13T19:45:00+00:00,115644.70,115789.00,115541.60,115687.00,1193.557
2025-10-13T19:50:00+00:00,115687.00,115827.60,115655.00,115738.10,729.507
2025-10-13T19:55:00+00:00,115738.00,115820.00,115661.70,115678.80,393.072
