timestamp,open,high,low,close,volume
2025-09-13T20:00:00+00:00,115751.40,115946.40,115745.60,115881.20,1060.786
2025-09-13T20:15:00+00:00,115881.30,115890.60,115826.70,115848.40,323.980
2025-09-13T20:30:00+00:00,115848.40,115898.90,115790.90,115799.60,260.515
2025-09-13T20:45:00+00:00,115799.50,115871.70,115796.50,115837.20,190.203
2025-09-13T21:00:00+00:00,115837.20,115928.90,115822.00,115822.10,284.801
2025-09-13T21:15:00+00:00,115822.00,115921.10,115799.60,115908.40,194.222
2025-09-13T21:30:00+00:00,115908.50,115908.50,115800.00,115800.00,228.945
2025-09-13T21:45:00+00:00,115800.10,115877.70,115791.20,115849.70,161.136
2025-09-13T22:00:00+00:00,115849.80,115888.60,115835.90,115872.40,187.103
2025-09-13T22:15:00+00:00,115872.40,115872.40,115787.00,115787.50,137.522
2025-09-13T22:30:00+00:00,115787.60,115847.30,115776.00,115835.70,174.886
2025-09-13T22:45:00+00:00,115835.60,115835.70,115758.40,115828.20,141.231
2025-09-13T23:00:00+00:00,115828.30,115857.00,115828.20,115844.40,148.592
2025-09-13T23:15:00+00:00,115844.40,115944.00,115820.00,115845.00,300.126
2025-09-13T23:30:00+00:00,115844.90,115886.20,115813.00,115838.30,165.315
2025-09-13T23:45:00+00:00,115838.20,115872.20,115838.20,115862.70,118.550
2025-09-14T00:00:00+00:00,115862.70,115953.40,115858.90,115926.00,431.268
2025-09-14T00:15:00+00:00,115926.10,115960.30,115850.50,115936.80,447.098
2025-09-14T00:30:00+00:00,115936.90,115949.80,115873.60,115873.60,201.846
2025-09-14T00:45:00+00:00,115873.60,115892.20,115765.00,115884.40,453.449
2025-09-14T01:00:00+00:00,115884.40,115884.50,115702.00,115702.00,777.135
2025-09-14T01:15:00+00:00,115702.00,115780.70,115683.10,115776.90,317.727
2025-09-14T01:30:00+00:00,115777.00,115900.00,115737.60,115899.90,389.517
2025-09-14T01:45:00+00:00,115899.90,115950.00,115847.20,115907.40,501.997
2025-09-14T02:00:00+00:00,115907.30,116075.80,115888.00,116069.10,919.548
2025-09-14T02:15:00+00:00,116069.00,116069.10,115936.50,115952.50,327.411
2025-09-14T02:30:00+00:00,115952.50,115952.50,115692.30,115766.00,571.737
2025-09-14T02:45:00+00:00,115766.00,115853.70,115755.50,115809.80,271.601
2025-09-14T03:00:00+00:00,115809.70,115819.40,115580.00,115659.80,1248.402
2025-09-14T03:15:00+00:00,115659.70,115721.80,115642.00,115682.70,337.425
2025-09-14T03:30:00+00:00,115682.60,115719.20,115610.90,115676.30,209.536
2025-09-14T03:45:00+00:00,115676.80,115704.30,115583.80,115626.00,271.437
2025-09-14T04:00:00+00:00,115626.00,115626.00,115540.00,115597.10,515.777
2025-09-14T04:15:00+00:00,115597.10,115677.20,115406.10,115677.20,1014.008
2025-09-14T04:30:00+00:00,115677.10,115723.90,115659.40,115723.90,233.806
2025-09-14T04:45:00+00:00,115723.90,115723.90,115680.00,115693.20,140.820
2025-09-14T05:00:00+00:00,115693.20,115731.90,115680.00,115730.30,245.363
2025-09-14T05:15:00+00:00,115730.30,115745.30,115718.10,115740.30,132.164
2025-09-14T05:30:00+00:00,115740.30,115867.50,115740.20,115802.00,572.181
2025-09-14T05:45:00+00:00,115802.00,115848.90,115802.00,115810.10,168.794
2025-09-14T06:00:00+00:00,115810.00,115884.10,115755.00,115775.50,238.487
2025-09-14T06:15:00+00:00,115775.50,115791.60,115685.60,115709.40,258.244
2025-09-14T06:30:00+00:00,115709.50,115750.00,115648.70,115671.00,275.054
2025-09-14T06:45:00+00:00,115671.00,115706.40,115634.80,115684.10,122.781
2025-09-14T07:00:00+00:00,115684.00,115706.50,115671.50,115689.20,126.207
2025-09-14T07:15:00+00:00,115689.20,115728.60,115683.50,115728.60,150.603
2025-09-14T07:30:00+00:00,115728.50,115768.80,115715.70,115755.80,218.364
2025-09-14T07:45:00+00:00,115755.70,115778.40,115693.10,115746.00,328.799
2025-09-14T08:00:00+00:00,115746.10,115749.70,115700.30,115740.90,215.118
2025-09-14T08:15:00+00:00,115740.90,115826.80,115716.80,115826.00,265.672
2025-09-14T08:30:00+00:00,115826.10,115925.30,115826.00,115925.30,319.498
2025-09-14T08:45:00+00:00,115925.30,115938.70,115844.50,115887.40,383.218
2025-09-14T09:00:00+00:00,115887.30,115916.40,115838.90,115908.40,345.576
2025-09-14T09:15:00+00:00,115908.40,115995.00,115899.40,115961.50,462.436
2025-09-14T09:30:00+00:00,115961.50,116118.60,115961.50,116055.70,1282.309
2025-09-14T09:45:00+00:00,116055.70,116097.00,115983.30,115996.20,402.326
2025-09-14T10:00:00+00:00,115996.20,116091.40,115996.20,115996.30,562.370
2025-09-14T10:15:00+00:00,115996.20,116067.80,115906.50,115906.50,471.426
2025-09-14T10:30:00+00:00,115906.50,115950.00,115904.60,115934.50,194.558
2025-09-14T10:45:00+00:00,115934.40,115994.00,115934.40,115979.50,189.475
2025-09-14T11:00:00+00:00,115979.50,116057.70,115979.40,116000.50,265.392
2025-09-14T11:15:00+00:00,116000.50,116019.90,115805.30,115805.30,475.315
2025-09-14T11:30:00+00:00,115805.40,115831.50,115701.10,115701.20,929.738
2025-09-14T11:45:00+00:00,115701.20,115822.70,115701.10,115750.00,744.842
2025-09-14T12:00:00+00:00,115750.00,115828.10,115733.10,115735.00,559.580
2025-09-14T12:15:00+00:00,115735.00,115782.60,115720.00,115761.10,256.961
2025-09-14T12:30:00+00:00,115761.20,115770.20,115655.00,115660.80,377.608
2025-09-14T12:45:00+00:00,115660.80,115749.80,115607.90,115727.20,673.050
2025-09-14T13:00:00+00:00,115727.20,115736.80,115670.10,115699.90,327.817
2025-09-14T13:15:00+00:00,115700.00,115700.00,115357.40,115481.10,1718.957
2025-09-14T13:30:00+00:00,115481.10,115481.10,115185.60,115257.10,2541.135
2025-09-14T13:45:00+00:00,115257.20,115378.60,115151.30,115279.50,2266.746
2025-09-14T14:00:00+00:00,115279.60,115651.00,115262.80,115521.50,1338.213
2025-09-14T14:15:00+00:00,115521.50,115521.60,115261.60,115411.20,1286.041
2025-09-14T14:30:00+00:00,115411.20,115462.30,115100.50,115257.90,1520.808
2025-09-14T14:45:00+00:00,115258.00,115378.00,115120.00,115350.80,801.357
2025-09-14T15:00:00+00:00,115350.80,115374.40,115170.10,115281.50,561.421
2025-09-14T15:15:00+00:00,115281.40,115366.20,115132.40,115239.00,784.287
2025-09-14T15:30:00+00:00,115239.00,115312.70,115160.90,115226.50,471.334
2025-09-14T15:45:00+00:00,115226.50,115263.40,115140.10,115162.20,512.195
2025-09-14T16:00:00+00:00,115162.20,115358.00,115132.40,115244.30,761.221
2025-09-14T16:15:00+00:00,115244.30,115454.20,115182.00,115454.10,586.128
2025-09-14T16:30:00+00:00,115454.10,115499.00,115384.80,115422.20,447.765
2025-09-14T16:45:00+00:00,115422.20,115429.80,115364.00,115422.70,240.074
2025-09-14T17:00:00+00:00,115422.70,115447.40,115352.70,115428.80,338.827
2025-09-14T17:15:00+00:00,115428.80,115600.00,115418.00,115585.40,516.328
2025-09-14T17:30:00+00:00,115585.40,115605.50,115517.30,115576.10,535.612
2025-09-14T17:45:00+00:00,115576.10,115595.40,115500.00,115502.90,408.506
2025-09-14T18:00:00+00:00,115502.90,115503.00,115447.10,115477.90,240.698
2025-09-14T18:15:00+00:00,115478.00,115478.00,115394.60,115412.20,166.112
2025-09-14T18:30:00+00:00,115412.10,115434.70,115384.70,115419.70,184.524
2025-09-14T18:45:00+00:00,115419.60,115421.50,115313.20,115333.10,285.026
2025-09-14T19:00:00+00:00,115333.20,115418.40,115275.50,115392.70,490.656
2025-09-14T19:15:00+00:00,115392.70,115445.20,115379.30,115445.20,179.916
2025-09-14T19:30:00+00:00,115445.20,115594.10,115445.10,115559.70,352.644
2025-09-14T19:45:00+00:00,115559.80,115597.40,115520.20,115597.40,212.505
2025-09-14T20:00:00+00:00,115597.30,115727.80,115588.60,115710.00,388.520
2025-09-14T20:15:00+00:00,115710.00,115710.10,115623.90,115629.40,267.489
2025-09-14T20:30:00+00:00,115629.40,115792.70,115623.50,115792.70,450.984
2025-09-14T20:45:00+00:00,115792.70,115816.90,115739.80,115745.00,371.490
2025-09-14T21:00:00+00:00,115745.10,115799.60,115556.10,115743.20,558.429
2025-09-14T21:15:00+00:00,115743.20,115861.00,115743.10,115846.00,367.009
2025-09-14T21:30:00+00:00,115846.00,116026.80,115812.70,116021.20,1512.865
2025-09-14T21:45:00+00:00,116021.10,116050.00,115850.00,116023.30,615.622
2025-09-14T22:00:00+00:00,116023.30,116038.00,115850.00,115871.80,759.570
2025-09-14T22:15:00+00:00,115871.80,115871.80,115753.10,115848.90,244.573
2025-09-14T22:30:00+00:00,115848.90,116041.10,115774.40,115994.00,650.951
2025-09-14T22:45:00+00:00,115993.90,116020.00,115895.60,115957.00,1024.958
2025-09-14T23:00:00+00:00,115956.90,115957.00,115471.20,115542.40,1497.592
2025-09-14T23:15:00+00:00,115542.40,115559.40,115316.20,115324.60,1517.624
2025-09-14T23:30:00+00:00,115324.60,115347.10,115170.10,115194.90,1633.900
2025-09-14T23:45:00+00:00,115195.00,115333.20,115057.00,115210.00,1354.507
2025-09-15T00:00:00+00:00,115210.00,115214.80,114888.10,115061.30,2488.001
2025-09-15T00:15:00+00:00,115061.30,115163.30,114912.00,115162.60,1170.270
2025-09-15T00:30:00+00:00,115162.60,115166.00,114956.10,114968.00,743.269
2025-09-15T00:45:00+00:00,114968.00,115105.20,114955.20,115023.40,441.273
2025-09-15T01:00:00+00:00,115023.40,115023.50,114780.70,114780.80,2069.879
2025-09-15T01:15:00+00:00,114780.70,115158.40,114777.00,115113.10,981.533
2025-09-15T01:30:00+00:00,115113.10,115232.80,115082.00,115150.00,872.218
2025-09-15T01:45:00+00:00,115150.00,115205.40,115050.00,115178.30,631.806
2025-09-15T02:00:00+00:00,115178.40,115392.50,115157.30,115326.40,1482.325
2025-09-15T02:15:00+00:00,115326.50,115389.80,115297.30,115329.10,453.467
2025-09-15T02:30:00+00:00,115329.00,115373.10,115228.40,115373.10,358.026
2025-09-15T02:45:00+00:00,115373.00,115390.00,115274.90,115318.60,269.048
2025-09-15T03:00:00+00:00,115318.50,115456.20,115300.00,115445.80,479.347
2025-09-15T03:15:00+00:00,115445.70,115536.00,115374.40,115386.00,536.505
2025-09-15T03:30:00+00:00,115386.10,115411.00,115323.90,115386.10,323.920
2025-09-15T03:45:00+00:00,115386.10,115487.70,115386.00,115387.60,275.582
2025-09-15T04:00:00+00:00,115387.70,115461.70,115341.80,115450.00,531.967
2025-09-15T04:15:00+00:00,115450.00,116150.10,115449.90,115914.40,5367.315
2025-09-15T04:30:00+00:00,115914.40,116026.80,115851.50,116026.70,944.357
2025-09-15T04:45:00+00:00,116026.70,116116.20,115938.90,116006.50,1085.660
2025-09-15T05:00:00+00:00,116006.50,116183.30,115960.00,116120.30,1176.088
2025-09-15T05:15:00+00:00,116120.40,116369.90,116064.30,116265.70,2148.140
2025-09-15T05:30:00+00:00,116265.70,116355.00,116202.10,116324.50,847.262
2025-09-15T05:45:00+00:00,116324.60,116547.90,116293.30,116474.20,1968.553
2025-09-15T06:00:00+00:00,116474.20,116759.90,116407.00,116557.20,2370.418
2025-09-15T06:15:00+00:00,116557.20,116646.00,116360.00,116360.10,1752.678
2025-09-15T06:30:00+00:00,116360.10,116397.60,116106.00,116244.30,1886.232
2025-09-15T06:45:00+00:00,116244.40,116244.40,116000.10,116077.80,1133.769
2025-09-15T07:00:00+00:00,116077.70,116207.00,116044.90,116206.70,967.186
2025-09-15T07:15:00+00:00,116206.80,116362.90,116000.20,116013.70,982.325
2025-09-15T07:30:00+00:00,116013.70,116013.70,115554.00,115761.80,2831.453
2025-09-15T07:45:00+00:00,115761.80,115840.20,115630.00,115769.50,1470.288
2025-09-15T08:00:00+00:00,115769.60,115769.60,115364.40,115453.10,3527.820
2025-09-15T08:15:00+00:00,115453.20,115766.80,115388.00,115616.80,1447.580
2025-09-15T08:30:00+00:00,115616.80,115625.40,115204.40,115218.50,1873.177
2025-09-15T08:45:00+00:00,115218.60,115269.30,114650.00,114697.00,5810.312
2025-09-15T09:00:00+00:00,114697.00,115000.30,114588.00,114809.20,4755.511
2025-09-15T09:15:00+00:00,114809.10,115141.90,114728.70,115038.50,2156.111
2025-09-15T09:30:00+00:00,115038.60,115055.00,114862.00,114883.60,1166.818
2025-09-15T09:45:00+00:00,114883.70,114919.30,114789.80,114820.10,1380.681
2025-09-15T10:00:00+00:00,114820.10,114908.90,114767.00,114795.20,838.691
2025-09-15T10:15:00+00:00,114795.20,114896.20,114700.00,114737.50,1375.359
2025-09-15T10:30:00+00:00,114737.50,114830.40,114702.10,114728.20,769.947
2025-09-15T10:45:00+00:00,114728.20,114856.20,114700.00,114729.10,724.054
2025-09-15T11:00:00+00:00,114729.10,115023.60,114691.60,115016.00,1103.999
2025-09-15T11:15:00+00:00,115016.10,115035.30,114813.30,114863.30,1099.672
2025-09-15T11:30:00+00:00,114863.40,115167.70,114826.50,115027.30,1563.131
2025-09-15T11:45:00+00:00,115027.30,115077.70,114905.20,115009.00,646.680
2025-09-15T12:00:00+00:00,115009.00,115034.50,114810.10,114846.30,858.535
2025-09-15T12:15:00+00:00,114846.30,114977.00,114740.70,114752.20,623.101
2025-09-15T12:30:00+00:00,114752.30,114852.30,114740.50,114832.40,579.625
2025-09-15T12:45:00+00:00,114832.30,114832.30,114621.30,114686.70,1143.857
2025-09-15T13:00:00+00:00,114686.70,114769.20,114560.20,114725.50,1322.617
2025-09-15T13:15:00+00:00,114725.60,115017.90,114679.20,114984.90,1291.078
2025-09-15T13:30:00+00:00,114985.00,115045.50,114338.50,114425.90,6191.601
2025-09-15T13:45:00+00:00,114425.90,114861.00,114421.10,114610.70,3040.360
2025-09-15T14:00:00+00:00,114610.70,114646.70,114400.00,114595.60,1775.044
2025-09-15T14:15:00+00:00,114595.60,114984.90,114544.70,114960.70,1350.741
2025-09-15T14:30:00+00:00,114960.80,114968.30,114680.00,114871.90,1098.620
2025-09-15T14:45:00+00:00,114871.80,114930.00,114618.30,114618.30,597.700
2025-09-15T15:00:00+00:00,114618.30,114641.30,114404.20,114461.80,1615.464
2025-09-15T15:15:00+00:00,114461.90,114697.00,114340.00,114626.60,1623.699
2025-09-15T15:30:00+00:00,114626.70,114813.60,114402.60,114639.10,1476.670
2025-09-15T15:45:00+00:00,114639.10,114869.30,114513.80,114788.40,1293.197
2025-09-15T16:00:00+00:00,114788.10,114822.90,114600.00,114805.60,899.486
2025-09-15T16:15:00+00:00,114805.60,114878.20,114615.30,114628.80,529.857
2025-09-15T16:30:00+00:00,114628.90,114886.50,114555.00,114883.90,543.781
2025-09-15T16:45:00+00:00,114884.00,114884.00,114542.60,114618.90,696.561
2025-09-15T17:00:00+00:00,114618.90,114874.40,114553.30,114776.90,628.012
2025-09-15T17:15:00+00:00,114776.90,114845.30,114550.20,114679.50,659.853
2025-09-15T17:30:00+00:00,114679.50,114874.00,114651.00,114850.10,525.041
2025-09-15T17:45:00+00:00,114850.00,115086.60,114751.30,115075.90,898.407
2025-09-15T18:00:00+00:00,115075.90,115179.00,114848.40,114900.10,1104.557
2025-09-15T18:15:00+00:00,114900.00,115000.00,114855.90,114878.50,377.169
2025-09-15T18:30:00+00:00,114878.50,114980.30,114843.00,114889.50,516.771
2025-09-15T18:45:00+00:00,114889.60,115306.80,114880.00,115252.70,1094.255
2025-09-15T19:00:00+00:00,115252.70,115475.90,115057.20,115133.70,1883.191
2025-09-15T19:15:00+00:00,115133.70,115179.60,114996.60,115044.50,1584.062
2025-09-15T19:30:00+00:00,115044.40,115528.80,114901.70,115387.00,1805.446
2025-09-15T19:45:00+00:00,115387.10,115423.90,115191.30,115246.70,541.936
2025-09-15T20:00:00+00:00,115246.70,115444.10,115209.80,115410.00,518.965
2025-09-15T20:15:00+00:00,115410.00,115436.40,115214.10,115223.90,702.745
2025-09-15T20:30:00+00:00,115223.80,115295.80,115143.00,115199.30,518.000
2025-09-15T20:45:00+00:00,115199.40,115331.00,115141.40,115331.00,360.892
2025-09-15T21:00:00+00:00,115331.10,115360.80,115224.10,115248.20,306.466
2025-09-15T21:15:00+00:00,115248.30,115416.10,115234.60,115382.30,350.910
2025-09-15T21:30:00+00:00,115382.30,115464.40,115335.60,115464.30,234.994
2025-09-15T21:45:00+00:00,115464.40,115478.90,115425.10,115456.60,264.297
2025-09-15T22:00:00+00:00,115456.60,115550.00,115204.20,115354.20,764.067
2025-09-15T22:15:00+00:00,115354.20,115413.90,115308.30,115382.40,320.703
2025-09-15T22:30:00+00:00,115382.40,115390.00,115160.00,115193.10,325.609
2025-09-15T22:45:00+00:00,115193.00,115255.80,115161.30,115224.10,284.727
2025-09-15T23:00:00+00:00,115224.00,115290.00,115171.00,115290.00,308.729
2025-09-15T23:15:00+00:00,115290.00,115425.00,115274.50,115416.90,362.768
2025-09-15T23:30:00+00:00,115416.90,115422.00,115276.10,115293.40,446.162
2025-09-15T23:45:00+00:00,115293.40,115372.70,115251.20,115300.60,391.248
2025-09-16T00:00:00+00:00,115300.50,115300.60,115156.50,115164.80,364.193
2025-09-16T00:15:00+00:00,115164.70,115210.40,114958.90,114975.90,1066.076
2025-09-16T00:30:00+00:00,114975.90,115150.00,114973.20,115084.90,555.468
2025-09-16T00:45:00+00:00,115084.80,115084.90,114890.00,115033.50,542.961
2025-09-16T01:00:00+00:00,115033.60,115244.90,115033.60,115201.20,536.255
2025-09-16T01:15:00+00:00,115201.20,115490.80,115162.10,115365.00,722.589
2025-09-16T01:30:00+00:00,115365.10,115446.70,115072.20,115120.00,691.750
2025-09-16T01:45:00+00:00,115119.90,115224.80,114950.00,114964.40,672.350
2025-09-16T02:00:00+00:00,114964.40,115114.70,114964.40,115099.60,362.872
2025-09-16T02:15:00+00:00,115099.70,115187.60,115023.60,115107.60,391.844
2025-09-16T02:30:00+00:00,115107.50,115170.40,115001.00,115046.40,277.240
2025-09-16T02:45:00+00:00,115046.30,115086.60,114969.90,114969.90,316.492
2025-09-16T03:00:00+00:00,114969.90,115129.60,114969.90,115062.00,280.448
2025-09-16T03:15:00+00:00,115062.00,115138.10,115038.40,115136.00,335.940
2025-09-16T03:30:00+00:00,115136.00,115380.10,115135.90,115362.30,815.989
2025-09-16T03:45:00+00:00,115362.40,115375.90,115250.00,115250.90,342.139
2025-09-16T04:00:00+00:00,115250.80,115370.80,115030.40,115052.70,1564.091
2025-09-16T04:15:00+00:00,115052.60,115270.00,114867.00,115252.00,972.815
2025-09-16T04:30:00+00:00,115252.00,115324.00,115172.10,115323.90,440.020
2025-09-16T04:45:00+00:00,115324.00,115512.00,115252.50,115458.30,1544.264
2025-09-16T05:00:00+00:00,115458.40,115854.90,115397.60,115774.40,2351.429
2025-09-16T05:15:00+00:00,115774.40,115830.00,115487.60,115681.80,1918.335
2025-09-16T05:30:00+00:00,115681.90,115800.00,115637.70,115790.50,1380.550
2025-09-16T05:45:00+00:00,115790.60,115912.20,115750.00,115893.30,1540.664
2025-09-16T06:00:00+00:00,115893.20,115968.00,115767.70,115952.40,1519.306
2025-09-16T06:15:00+00:00,115952.50,115965.00,115609.00,115677.10,1322.969
2025-09-16T06:30:00+00:00,115677.10,115750.00,115547.10,115750.00,1596.735
2025-09-16T06:45:00+00:00,115749.90,115798.20,115640.00,115724.00,444.468
2025-09-16T07:00:00+00:00,115724.10,115854.50,115692.30,115784.90,843.254
2025-09-16T07:15:00+00:00,115784.90,115835.70,115744.30,115788.40,347.669
2025-09-16T07:30:00+00:00,115788.40,115823.00,115666.00,115750.00,370.408
2025-09-16T07:45:00+00:00,115750.00,115799.50,115715.70,115799.40,375.296
2025-09-16T08:00:00+00:00,115799.40,115923.00,115750.00,115905.10,822.227
2025-09-16T08:15:00+00:00,115905.00,115945.00,115700.00,115701.20,667.662
2025-09-16T08:30:00+00:00,115701.20,115712.20,115465.80,115551.70,1646.320
2025-09-16T08:45:00+00:00,115551.60,115696.10,115540.00,115616.40,443.808
2025-09-16T09:00:00+00:00,115616.40,115666.50,115552.50,115563.00,356.993
2025-09-16T09:15:00+00:00,115563.10,115668.50,115538.40,115538.40,306.893
2025-09-16T09:30:00+00:00,115538.50,115571.90,115470.70,115470.70,345.612
2025-09-16T09:45:00+00:00,115470.80,115496.70,115374.00,115420.50,561.162
2025-09-16T10:00:00+00:00,115420.60,115489.50,115333.30,115393.00,755.759
2025-09-16T10:15:00+00:00,115393.10,115552.60,115384.00,115465.60,457.770
2025-09-16T10:30:00+00:00,115465.70,115508.10,115378.40,115378.40,399.282
2025-09-16T10:45:00+00:00,115378.40,115443.80,115311.40,115318.50,372.517
2025-09-16T11:00:00+00:00,115318.40,115340.00,115157.00,115203.10,1091.066
2025-09-16T11:15:00+00:00,115203.00,115327.30,115151.00,115285.70,755.019
2025-09-16T11:30:00+00:00,115285.60,115384.60,115278.80,115285.80,486.750
2025-09-16T11:45:00+00:00,115285.80,115349.50,115222.00,115222.20,435.089
2025-09-16T12:00:00+00:00,115222.10,115346.90,115222.10,115317.60,390.205
2025-09-16T12:15:00+00:00,115317.50,115395.90,115228.60,115284.10,684.828
2025-09-16T12:30:00+00:00,115284.00,115421.40,115258.80,115384.00,552.239
2025-09-16T12:45:00+00:00,115384.00,115414.50,115319.00,115393.10,547.889
2025-09-16T13:00:00+00:00,115393.20,115473.60,115326.40,115338.30,636.641
2025-09-16T13:15:00+00:00,115338.30,115511.00,115199.90,115407.20,1064.997
2025-09-16T13:30:00+00:00,115407.10,115463.50,115000.00,115037.70,2304.235
2025-09-16T13:45:00+00:00,115037.70,115154.60,114600.00,115154.60,5486.794
2025-09-16T14:00:00+00:00,115154.50,115246.60,114769.20,114939.20,3220.369
2025-09-16T14:15:00+00:00,114939.10,115221.90,114864.70,114957.80,2359.619
2025-09-16T14:30:00+00:00,114957.90,115115.80,114865.00,114994.80,876.083
2025-09-16T14:45:00+00:00,114994.80,115268.60,114986.60,115231.10,955.988
2025-09-16T15:00:00+00:00,115231.10,115231.10,114985.40,114995.00,697.578
2025-09-16T15:15:00+00:00,114995.00,115176.40,114975.40,115068.50,504.554
2025-09-16T15:30:00+00:00,115068.50,115316.20,115068.50,115315.00,730.499
2025-09-16T15:45:00+00:00,115315.00,115878.20,115315.00,115877.90,3546.478
2025-09-16T16:00:00+00:00,115877.90,115990.00,115701.80,115717.10,2930.103
2025-09-16T16:15:00+00:00,115717.10,115867.60,115549.90,115819.90,1324.574
2025-09-16T16:30:00+00:00,115819.90,115864.70,115742.10,115800.40,676.294
2025-09-16T16:45:00+00:00,115800.40,116050.00,115780.20,116021.00,914.182
2025-09-16T17:00:00+00:00,116021.00,116561.00,116010.00,116492.10,4809.527
2025-09-16T17:15:00+00:00,116492.10,116750.00,116492.10,116704.00,3825.529
2025-09-16T17:30:00+00:00,116704.00,116830.00,116288.00,116446.40,4358.199
2025-09-16T17:45:00+00:00,116446.40,116600.00,116350.00,116414.80,1216.472
2025-09-16T18:00:00+00:00,116414.70,116733.70,116414.70,116501.20,1851.696
2025-09-16T18:15:00+00:00,116501.30,116660.80,116378.80,116426.00,1069.545
2025-09-16T18:30:00+00:00,116426.00,116433.60,116166.30,116228.40,1036.345
2025-09-16T18:45:00+00:00,116228.30,116454.70,116211.30,116372.60,760.876
2025-09-16T19:00:00+00:00,116372.50,116531.90,116340.30,116531.90,866.745
2025-09-16T19:15:00+00:00,116531.80,116542.80,116386.90,116430.00,505.366
2025-09-16T19:30:00+00:00,116430.00,116530.00,116360.00,116529.90,488.988
2025-09-16T19:45:00+00:00,116530.00,116779.90,116530.00,116758.00,1793.052
2025-09-16T20:00:00+00:00,116757.10,116829.30,116706.60,116821.00,851.145
2025-09-16T20:15:00+00:00,116821.10,116879.70,116655.40,116674.80,1012.461
2025-09-16T20:30:00+00:00,116674.90,116829.20,116674.80,116825.30,454.931
2025-09-16T20:45:00+00:00,116825.40,116838.30,116783.70,116783.70,408.614
2025-09-16T21:00:00+00:00,116783.80,116888.00,116579.80,116579.80,1012.310
2025-09-16T21:15:00+00:00,116579.80,116710.30,116543.70,116559.90,606.753
2025-09-16T21:30:00+00:00,116559.90,116663.50,116559.90,116612.30,456.334
2025-09-16T21:45:00+00:00,116612.30,116806.00,116591.90,116757.10,286.788
2025-09-16T22:00:00+00:00,116757.10,116910.80,116757.10,116837.10,998.421
2025-09-16T22:15:00+00:00,116837.10,116880.90,116786.40,116802.90,526.380
2025-09-16T22:30:00+00:00,116803.00,116816.90,116643.30,116732.50,621.767
2025-09-16T22:45:00+00:00,116732.40,116835.20,116708.30,116802.80,427.564
2025-09-16T23:00:00+00:00,116802.80,116854.20,116766.40,116842.30,506.604
2025-09-16T23:15:00+00:00,116842.30,116866.60,116660.20,116684.50,569.892
2025-09-16T23:30:00+00:00,116684.50,116800.00,116638.00,116645.80,498.502
2025-09-16T23:45:00+00:00,116645.90,116758.40,116565.80,116747.30,510.421
2025-09-17T00:00:00+00:00,116747.30,116786.60,116561.60,116561.70,582.265
2025-09-17T00:15:00+00:00,116561.60,116685.00,116561.60,116628.30,565.430
2025-09-17T00:30:00+00:00,116628.40,116651.70,116550.00,116632.30,372.889
2025-09-17T00:45:00+00:00,116632.30,116639.70,116501.00,116512.90,698.825
2025-09-17T01:00:00+00:00,116512.90,116580.00,116511.80,116580.00,388.783
2025-09-17T01:15:00+00:00,116579.90,116720.00,116450.00,116674.30,1004.635
2025-09-17T01:30:00+00:00,116674.30,116674.40,116480.00,116596.30,409.523
2025-09-17T01:45:00+00:00,116596.40,116635.20,116556.30,116621.90,251.502
2025-09-17T02:00:00+00:00,116622.00,116622.00,116504.20,116612.10,466.448
2025-09-17T02:15:00+00:00,116612.10,116715.80,116612.00,116709.90,493.119
2025-09-17T02:30:00+00:00,116710.00,116874.00,116709.90,116834.70,758.138
2025-09-17T02:45:00+00:00,116834.70,117081.90,116633.10,116633.20,2067.202
2025-09-17T03:00:00+00:00,116633.10,116714.00,116551.00,116653.50,1012.992
2025-09-17T03:15:00+00:00,116653.50,116713.20,116408.70,116475.50,1091.304
2025-09-17T03:30:00+00:00,116475.50,116523.80,116379.30,116423.70,663.256
2025-09-17T03:45:00+00:00,116423.80,116443.80,116317.00,116320.10,895.526
2025-09-17T04:00:00+00:00,116320.20,116433.30,116310.00,116382.90,539.420
2025-09-17T04:15:00+00:00,116382.90,116383.00,116245.80,116269.20,675.241
2025-09-17T04:30:00+00:00,116269.20,116269.20,116168.00,116196.10,550.316
2025-09-17T04:45:00+00:00,116196.10,116344.80,116107.20,116264.80,1525.454
2025-09-17T05:00:00+00:00,116264.80,116559.70,116264.70,116510.00,1479.901
2025-09-17T05:15:00+00:00,116510.00,116630.00,116466.20,116504.30,774.672
2025-09-17T05:30:00+00:00,116504.20,116654.60,116504.20,116626.00,537.618
2025-09-17T05:45:00+00:00,116625.90,117200.00,116533.50,117070.50,6176.431
2025-09-17T06:00:00+00:00,117070.40,117184.80,116952.00,117018.00,1942.325
2025-09-17T06:15:00+00:00,117018.00,117096.00,116943.50,117000.10,831.000
2025-09-17T06:30:00+00:00,117000.00,117140.40,116930.00,117107.00,860.288
2025-09-17T06:45:00+00:00,117106.90,117266.40,116989.00,117180.40,1118.164
2025-09-17T07:00:00+00:00,117180.30,117204.10,117072.90,117133.70,711.200
2025-09-17T07:15:00+00:00,117133.70,117233.50,117108.10,117183.10,932.339
2025-09-17T07:30:00+00:00,117183.10,117217.50,117116.30,117145.70,658.191
2025-09-17T07:45:00+00:00,117145.70,117184.90,117108.10,117120.50,591.165
2025-09-17T08:00:00+00:00,117120.50,117156.60,116950.10,116950.10,901.623
2025-09-17T08:15:00+00:00,116950.20,116986.50,116858.80,116858.80,876.231
2025-09-17T08:30:00+00:00,116858.80,116858.90,116639.40,116704.40,2614.543
2025-09-17T08:45:00+00:00,116704.50,116835.90,116680.10,116801.00,949.790
2025-09-17T09:00:00+00:00,116801.00,116801.00,116636.40,116666.50,669.735
2025-09-17T09:15:00+00:00,116666.50,116724.40,116573.50,116704.80,678.493
2025-09-17T09:30:00+00:00,116704.80,116749.40,116644.20,116644.20,555.898
2025-09-17T09:45:00+00:00,116644.30,116666.00,116502.30,116503.90,712.349
2025-09-17T10:00:00+00:00,116503.90,116563.30,116419.20,116431.40,901.855
2025-09-17T10:15:00+00:00,116431.40,116453.70,116346.60,116346.60,718.214
2025-09-17T10:30:00+00:00,116346.70,116417.70,116324.20,116353.70,873.261
2025-09-17T10:45:00+00:00,116353.80,116353.80,116212.10,116317.50,834.112
2025-09-17T11:00:00+00:00,116317.50,116332.90,116214.20,116292.90,1019.931
2025-09-17T11:15:00+00:00,116292.90,116314.60,116202.60,116265.90,742.725
2025-09-17T11:30:00+00:00,116265.90,116265.90,116220.00,116240.90,601.996
2025-09-17T11:45:00+00:00,116240.90,116310.00,116197.00,116200.10,1097.142
2025-09-17T12:00:00+00:00,116200.10,116319.60,116150.00,116298.10,1128.780
2025-09-17T12:15:00+00:00,116298.10,116345.40,116190.70,116312.80,961.466
2025-09-17T12:30:00+00:00,116312.70,116493.00,116034.00,116159.90,2570.857
2025-09-17T12:45:00+00:00,116159.80,116229.90,116052.00,116150.00,890.199
2025-09-17T13:00:00+00:00,116150.10,116153.80,116030.00,116072.60,1398.707
2025-09-17T13:15:00+00:00,116072.60,116287.80,116057.80,116200.00,894.546
2025-09-17T13:30:00+00:00,116199.90,116255.40,115901.40,115946.90,2674.686
2025-09-17T13:45:00+00:00,115946.90,116186.40,115847.70,116066.90,1935.159
2025-09-17T14:00:00+00:00,116067.10,116207.30,115967.00,116125.00,1396.096
2025-09-17T14:15:00+00:00,116125.00,116136.00,115555.00,115610.30,3466.625
2025-09-17T14:30:00+00:00,115610.30,115699.10,115340.00,115542.40,4638.802
2025-09-17T14:45:00+00:00,115542.40,115680.10,115433.20,115557.60,1566.679
2025-09-17T15:00:00+00:00,115557.50,115743.60,115483.40,115722.00,1245.194
2025-09-17T15:15:00+00:00,115722.00,115744.50,115587.30,115590.10,917.527
2025-09-17T15:30:00+00:00,115590.10,115786.00,115590.00,115778.50,1369.531
2025-09-17T15:45:00+00:00,115778.40,115837.60,115693.10,115825.10,879.219
2025-09-17T16:00:00+00:00,115825.10,115825.10,115524.00,115524.10,1179.639
2025-09-17T16:15:00+00:00,115524.10,115647.10,115480.00,115647.00,802.429
2025-09-17T16:30:00+00:00,115647.10,115647.10,115386.00,115421.20,1417.400
2025-09-17T16:45:00+00:00,115421.20,115658.00,115325.50,115594.50,2091.785
2025-09-17T17:00:00+00:00,115594.40,115762.90,115589.00,115626.70,1515.948
2025-09-17T17:15:00+00:00,115626.70,115682.20,115525.10,115631.70,544.013
2025-09-17T17:30:00+00:00,115631.70,116251.00,115602.00,115979.30,2835.127
2025-09-17T17:45:00+00:00,115979.20,116109.10,115400.00,115464.00,3970.692
2025-09-17T18:00:00+00:00,115476.90,116316.00,115359.00,115416.00,13490.079
2025-09-17T18:15:00+00:00,115416.00,115954.70,114820.00,115920.00,9206.388
2025-09-17T18:30:00+00:00,115920.00,115920.10,114811.20,114848.40,5227.875
2025-09-17T18:45:00+00:00,114848.40,115405.40,114623.30,115184.10,7793.113
2025-09-17T19:00:00+00:00,115184.10,115833.00,115026.70,115456.00,5819.802
2025-09-17T19:15:00+00:00,115456.10,115950.00,115374.60,115692.70,3466.899
2025-09-17T19:30:00+00:00,115692.70,115780.80,115525.20,115687.80,1341.250
2025-09-17T19:45:00+00:00,115687.80,115736.70,115526.60,115587.60,883.003
2025-09-17T20:00:00+00:00,115587.50,116084.10,115551.00,115986.30,1744.245
2025-09-17T20:15:00+00:00,115986.30,115986.30,115651.10,115754.30,1158.886
2025-09-17T20:30:00+00:00,115754.30,115847.60,115615.40,115645.90,556.851
2025-09-17T20:45:00+00:00,115645.90,115720.20,115430.90,115561.50,933.553
2025-09-17T21:00:00+00:00,115561.50,115752.00,115257.10,115730.40,1327.123
2025-09-17T21:15:00+00:00,115730.40,115852.30,115628.20,115740.20,678.799
2025-09-17T21:30:00+00:00,115740.20,115919.90,115700.00,115901.20,448.121
2025-09-17T21:45:00+00:00,115901.20,116077.70,115840.20,115986.80,658.811
2025-09-17T22:00:00+00:00,115986.80,116229.80,115974.60,116204.40,1342.699
2025-09-17T22:15:00+00:00,116204.30,116310.70,116074.50,116162.50,1322.356
2025-09-17T22:30:00+00:00,116162.40,116338.00,116132.00,116285.10,834.475
2025-09-17T22:45:00+00:00,116285.00,116772.00,116224.10,116507.90,4223.670
2025-09-17T23:00:00+00:00,116508.00,116940.00,116507.90,116761.00,3466.340
2025-09-17T23:15:00+00:00,116761.10,116832.60,116450.00,116504.00,1454.776
2025-09-17T23:30:00+00:00,116504.00,116615.20,116253.50,116338.80,1248.966
2025-09-17T23:45:00+00:00,116338.70,116491.70,116337.70,116402.50,832.424
2025-09-18T00:00:00+00:00,116402.60,116431.60,116156.20,116232.50,1405.900
2025-09-18T00:15:00+00:00,116232.50,116325.40,116033.50,116133.30,1374.233
2025-09-18T00:30:00+00:00,116133.30,116410.70,116133.10,116332.10,672.009
2025-09-18T00:45:00+00:00,116332.00,116388.10,116202.80,116291.80,767.773
2025-09-18T01:00:00+00:00,116291.90,116580.00,116281.70,116554.10,781.268
2025-09-18T01:15:00+00:00,116554.00,116622.00,116422.60,116509.10,867.555
2025-09-18T01:30:00+00:00,116509.10,116830.60,116390.30,116783.60,1250.140
2025-09-18T01:45:00+00:00,116783.60,116828.50,116579.80,116587.20,1267.109
2025-09-18T02:00:00+00:00,116587.20,116634.20,116480.90,116591.10,915.748
2025-09-18T02:15:00+00:00,116591.10,116664.10,116376.00,116442.10,807.189
2025-09-18T02:30:00+00:00,116442.10,116587.00,116440.60,116575.30,320.717
2025-09-18T02:45:00+00:00,116575.20,116907.10,116575.20,116888.40,1367.677
2025-09-18T03:00:00+00:00,116888.40,117549.80,116838.40,117397.90,8578.415
2025-09-18T03:15:00+00:00,117397.80,117773.90,117397.80,117712.90,4379.432
2025-09-18T03:30:00+00:00,117712.80,117865.90,117556.80,117637.80,3025.023
2025-09-18T03:45:00+00:00,117637.80,117734.90,117468.00,117531.20,2564.407
2025-09-18T04:00:00+00:00,117531.30,117713.50,117531.20,117612.40,1300.892
2025-09-18T04:15:00+00:00,117612.40,117707.60,117297.00,117330.10,2308.766
2025-09-18T04:30:00+00:00,117330.20,117410.00,117169.20,117374.90,1932.782
2025-09-18T04:45:00+00:00,117374.90,117567.40,117370.00,117567.30,1120.404
2025-09-18T05:00:00+00:00,117567.30,117567.40,117370.00,117406.60,655.144
2025-09-18T05:15:00+00:00,117406.60,117458.80,117180.00,117204.00,842.336
2025-09-18T05:30:00+00:00,117204.10,117280.30,117151.40,117183.90,622.981
2025-09-18T05:45:00+00:00,117184.00,117260.10,117136.00,117228.00,695.609
2025-09-18T06:00:00+00:00,117228.10,117289.10,116915.40,117024.20,2247.934
2025-09-18T06:15:00+00:00,117024.20,117116.90,116858.00,116907.00,1288.306
2025-09-18T06:30:00+00:00,116906.90,117018.00,116834.50,117013.50,801.145
2025-09-18T06:45:00+00:00,117013.50,117069.90,116888.80,117044.80,957.906
2025-09-18T07:00:00+00:00,117044.80,117165.50,117005.00,117103.40,970.229
2025-09-18T07:15:00+00:00,117103.40,117150.00,117013.90,117037.70,452.451
2025-09-18T07:30:00+00:00,117037.80,117150.00,117037.70,117150.00,593.474
2025-09-18T07:45:00+00:00,117149.90,117153.80,117000.00,117033.60,560.564
2025-09-18T08:00:00+00:00,117033.70,117200.00,116960.30,117181.30,956.310
2025-09-18T08:15:00+00:00,117181.20,117381.90,117141.20,117266.20,1403.810
2025-09-18T08:30:00+00:00,117266.20,117314.10,117126.10,117141.20,596.817
2025-09-18T08:45:00+00:00,117141.10,117211.90,117023.60,117187.10,475.292
2025-09-18T09:00:00+00:00,117187.10,117277.90,117084.80,117200.00,696.749
2025-09-18T09:15:00+00:00,117200.10,117309.90,117200.00,117202.50,358.689
2025-09-18T09:30:00+00:00,117202.40,117218.20,117065.00,117130.20,696.799
2025-09-18T09:45:00+00:00,117130.10,117280.00,117130.10,117251.40,432.280
2025-09-18T10:00:00+00:00,117251.40,117260.40,117160.00,117209.30,447.708
2025-09-18T10:15:00+00:00,117209.30,117244.80,117078.00,117078.00,532.662
2025-09-18T10:30:00+00:00,117078.10,117127.50,117039.00,117049.90,492.393
2025-09-18T10:45:00+00:00,117049.90,117143.60,117025.80,117143.40,479.996
2025-09-18T11:00:00+00:00,117143.50,117248.10,117073.00,117126.80,473.779
2025-09-18T11:15:00+00:00,117126.90,117263.90,117126.80,117191.50,971.122
2025-09-18T11:30:00+00:00,117191.50,117219.10,117055.00,117088.00,311.821
2025-09-18T11:45:00+00:00,117088.00,117088.00,116955.00,117015.00,731.577
2025-09-18T12:00:00+00:00,117015.00,117215.90,116920.10,117192.90,1350.344
2025-09-18T12:15:00+00:00,117192.90,117239.80,117110.70,117191.40,659.525
2025-09-18T12:30:00+00:00,117191.40,117221.70,117007.00,117151.40,814.147
2025-09-18T12:45:00+00:00,117151.40,117160.20,117002.20,117074.00,412.608
2025-09-18T13:00:00+00:00,117074.00,117329.50,117002.10,117328.50,710.507
2025-09-18T13:15:00+00:00,117328.60,117417.00,117282.90,117378.90,1139.171
2025-09-18T13:30:00+00:00,117378.80,117600.00,117108.10,117122.80,2637.904
2025-09-18T13:45:00+00:00,117122.80,117408.40,116913.90,117381.50,2350.246
2025-09-18T14:00:00+00:00,117381.50,117600.00,117340.20,117481.20,2210.077
2025-09-18T14:15:00+00:00,117481.20,117789.90,117433.20,117638.90,2405.570
2025-09-18T14:30:00+00:00,117638.90,117766.80,117549.90,117713.40,1721.901
2025-09-18T14:45:00+00:00,117713.30,117721.20,117575.00,117575.10,853.269
2025-09-18T15:00:00+00:00,117575.10,117625.00,117351.20,117361.60,1488.044
2025-09-18T15:15:00+00:00,117361.60,117536.80,117261.00,117279.90,997.821
2025-09-18T15:30:00+00:00,117280.00,117431.50,117280.00,117386.60,623.849
2025-09-18T15:45:00+00:00,117386.70,117656.00,117379.60,117530.30,1722.586
2025-09-18T16:00:00+00:00,117530.20,117650.00,117444.00,117644.00,869.452
2025-09-18T16:15:00+00:00,117644.00,117750.00,117618.30,117653.40,913.649
2025-09-18T16:30:00+00:00,117653.50,117728.00,117502.50,117700.10,696.207
2025-09-18T16:45:00+00:00,117700.00,117735.30,117482.40,117510.60,670.535
2025-09-18T17:00:00+00:00,117510.60,117729.60,117441.90,117617.00,1137.072
2025-09-18T17:15:00+00:00,117617.10,117694.70,117455.60,117497.40,497.421
2025-09-18T17:30:00+00:00,117497.40,117590.20,117365.00,117433.50,518.544
2025-09-18T17:45:00+00:00,117433.60,117532.70,117414.70,117530.20,354.311
2025-09-18T18:00:00+00:00,117530.20,117777.00,117450.00,117777.00,979.267
2025-09-18T18:15:00+00:00,117776.90,117875.20,117679.10,117745.20,1267.451
2025-09-18T18:30:00+00:00,117745.30,117752.00,117635.00,117749.10,575.406
2025-09-18T18:45:00+00:00,117749.00,117830.00,117749.00,117760.00,536.500
2025-09-18T19:00:00+00:00,117760.00,117760.10,117652.90,117664.30,458.270
2025-09-18T19:15:00+00:00,117664.30,117664.30,117400.00,117401.80,799.431
2025-09-18T19:30:00+00:00,117401.80,117432.90,117133.00,117237.40,1431.197
2025-09-18T19:45:00+00:00,117237.40,117448.00,117141.80,117403.00,752.307
2025-09-18T20:00:00+00:00,117402.90,117467.40,117279.80,117392.30,586.907
2025-09-18T20:15:00+00:00,117392.20,117461.00,117301.20,117440.90,325.274
2025-09-18T20:30:00+00:00,117441.00,117605.80,117441.00,117599.70,443.082
2025-09-18T20:45:00+00:00,117599.70,117605.70,117454.80,117454.80,443.310
2025-09-18T21:00:00+00:00,117454.80,117454.80,117277.70,117277.70,407.212
2025-09-18T21:15:00+00:00,117277.70,117384.80,117259.90,117384.70,264.248
2025-09-18T21:30:00+00:00,117384.70,117417.00,117309.60,117309.70,191.635
2025-09-18T21:45:00+00:00,117309.60,117378.50,117233.00,117233.00,198.368
2025-09-18T22:00:00+00:00,117233.10,117243.50,117152.90,117152.90,523.138
2025-09-18T22:15:00+00:00,117153.00,117251.40,117140.00,117203.20,470.444
2025-09-18T22:30:00+00:00,117203.10,117275.70,117188.50,117241.00,358.879
2025-09-18T22:45:00+00:00,117240.90,117241.00,116961.10,116995.00,2466.862
2025-09-18T23:00:00+00:00,116995.00,116995.00,116489.70,116715.40,5189.176
2025-09-18T23:15:00+00:00,116715.50,116778.00,116582.60,116766.00,1193.960
2025-09-18T23:30:00+00:00,116766.00,116978.00,116765.90,116927.50,972.333
2025-09-18T23:45:00+00:00,116927.50,117125.00,116914.40,117017.10,872.978
2025-09-19T00:00:00+00:00,117017.10,117100.00,116960.80,117013.20,724.139
2025-09-19T00:15:00+00:00,117013.20,117280.20,117009.40,117173.50,1240.302
2025-09-19T00:30:00+00:00,117173.50,117333.00,117158.20,117333.00,476.676
2025-09-19T00:45:00+00:00,117332.90,117375.10,117270.70,117359.90,757.635
2025-09-19T01:00:00+00:00,117360.00,117406.80,117190.00,117220.50,752.123
2025-09-19T01:15:00+00:00,117220.40,117328.90,117157.70,117290.30,422.530
2025-09-19T01:30:00+00:00,117290.30,117337.20,117058.00,117058.00,724.440
2025-09-19T01:45:00+00:00,117058.00,117214.90,117054.10,117184.00,451.403
2025-09-19T02:00:00+00:00,117184.00,117234.50,116990.80,116999.10,469.221
2025-09-19T02:15:00+00:00,116999.00,117078.70,116990.90,117057.00,398.937
2025-09-19T02:30:00+00:00,117057.00,117174.90,117000.00,117043.20,463.808
2025-09-19T02:45:00+00:00,117043.10,117150.00,117035.70,117054.80,379.466
2025-09-19T03:00:00+00:00,117054.90,117177.00,117054.80,117156.00,304.617
2025-09-19T03:15:00+00:00,117156.00,117237.00,117010.70,117030.10,454.277
2025-09-19T03:30:00+00:00,117030.10,117038.20,116831.00,116912.10,1345.544
2025-09-19T03:45:00+00:00,116912.20,116936.10,116800.00,116914.20,904.092
2025-09-19T04:00:00+00:00,116914.10,116927.20,116631.60,116709.50,2022.709
2025-09-19T04:15:00+00:00,116709.50,116978.10,116709.40,116932.70,1011.237
2025-09-19T04:30:00+00:00,116932.70,117049.90,116861.60,116938.10,871.506
2025-09-19T04:45:00+00:00,116938.10,116988.20,116881.20,116929.40,352.713
2025-09-19T05:00:00+00:00,116929.40,116947.30,116823.40,116919.70,506.918
2025-09-19T05:15:00+00:00,116919.60,116966.70,116762.00,116798.60,502.068
2025-09-19T05:30:00+00:00,116798.60,116866.60,116725.00,116818.10,407.270
2025-09-19T05:45:00+00:00,116818.10,116870.20,116817.70,116837.50,237.567
2025-09-19T06:00:00+00:00,116837.60,116837.60,116705.40,116730.10,652.667
2025-09-19T06:15:00+00:00,116730.00,116814.70,116700.10,116734.90,518.690
2025-09-19T06:30:00+00:00,116734.90,116751.40,116567.30,116688.60,1113.986
2025-09-19T06:45:00+00:00,116688.60,116764.40,116611.30,116633.20,1344.063
2025-09-19T07:00:00+00:00,116633.20,116795.80,116625.10,116750.10,1552.845
2025-09-19T07:15:00+00:00,116750.10,116837.00,116743.20,116806.60,517.350
2025-09-19T07:30:00+00:00,116806.70,116943.90,116780.00,116916.40,815.108
2025-09-19T07:45:00+00:00,116916.40,116916.50,116850.00,116850.10,435.808
2025-09-19T08:00:00+00:00,116850.00,116959.80,116818.90,116941.10,650.273
2025-09-19T08:15:00+00:00,116941.20,117050.60,116937.50,117033.30,946.911
2025-09-19T08:30:00+00:00,117033.20,117037.80,116841.40,116882.60,492.073
2025-09-19T08:45:00+00:00,116882.60,116921.90,116860.00,116862.60,256.254
2025-09-19T09:00:00+00:00,116862.60,116936.10,116812.70,116927.00,445.560
2025-09-19T09:15:00+00:00,116927.10,116927.10,116729.90,116765.30,635.785
2025-09-19T09:30:00+00:00,116765.40,116843.90,116661.70,116661.70,440.407
2025-09-19T09:45:00+00:00,116661.70,116685.70,116425.00,116437.70,3103.816
2025-09-19T10:00:00+00:00,116437.70,116500.00,116368.00,116486.20,1489.688
2025-09-19T10:15:00+00:00,116486.20,116486.20,116377.20,116433.80,985.689
2025-09-19T10:30:00+00:00,116433.90,116490.90,116386.60,116473.00,661.124
2025-09-19T10:45:00+00:00,116473.10,116491.90,116426.40,116476.70,567.566
2025-09-19T11:00:00+00:00,116476.70,116501.50,116370.00,116408.50,674.525
2025-09-19T11:15:00+00:00,116408.60,116477.50,116311.00,116313.00,854.566
2025-09-19T11:30:00+00:00,116312.90,116360.10,116272.00,116302.30,964.081
2025-09-19T11:45:00+00:00,116302.30,116350.00,116250.70,116343.10,829.277
2025-09-19T12:00:00+00:00,116343.30,116426.00,116325.70,116424.70,714.734
2025-09-19T12:15:00+00:00,116424.70,116488.00,116131.20,116175.10,1810.450
2025-09-19T12:30:00+00:00,116175.00,116234.00,116125.80,116169.60,1064.768
2025-09-19T12:45:00+00:00,116169.60,116188.00,116072.00,116124.10,1392.492
2025-09-19T13:00:00+00:00,116124.10,116160.30,116065.90,116087.60,803.529
2025-09-19T13:15:00+00:00,116087.70,116318.90,116017.10,116164.30,1840.388
2025-09-19T13:30:00+00:00,116164.20,116309.50,116050.00,116226.20,1515.160
2025-09-19T13:45:00+00:00,116226.30,116416.40,116180.00,116238.70,1360.729
2025-09-19T14:00:00+00:00,116238.60,116339.00,116171.10,116257.40,885.238
2025-09-19T14:15:00+00:00,116257.30,116447.30,116157.10,116209.10,942.685
2025-09-19T14:30:00+00:00,116209.10,116303.80,116056.10,116056.20,849.037
2025-09-19T14:45:00+00:00,116056.20,116107.90,115730.00,115849.70,4560.602
2025-09-19T15:00:00+00:00,115849.70,115849.80,115408.40,115475.90,4566.630
2025-09-19T15:15:00+00:00,115475.90,115752.00,115445.30,115744.50,2381.192
2025-09-19T15:30:00+00:00,115744.40,115900.00,115584.00,115860.70,1421.264
2025-09-19T15:45:00+00:00,115860.70,115882.20,115750.00,115826.90,1187.231
2025-09-19T16:00:00+00:00,115826.90,115946.90,115735.70,115918.60,2053.568
2025-09-19T16:15:00+00:00,115918.60,115998.60,115868.80,115916.00,771.247
2025-09-19T16:30:00+00:00,115916.00,115932.20,115791.60,115932.20,522.907
2025-09-19T16:45:00+00:00,115932.10,116093.00,115932.10,116029.90,1003.983
2025-09-19T17:00:00+00:00,116030.00,116035.80,115737.20,115753.50,802.574
2025-09-19T17:15:00+00:00,115753.50,115780.00,115662.40,115739.20,620.574
2025-09-19T17:30:00+00:00,115739.20,115739.20,115500.00,115578.00,973.737
2025-09-19T17:45:00+00:00,115578.10,115654.80,115490.90,115490.90,682.592
2025-09-19T18:00:00+00:00,115490.90,115553.60,115349.30,115431.90,1363.869
2025-09-19T18:15:00+00:00,115431.90,115453.20,115333.00,115380.00,797.920
2025-09-19T18:30:00+00:00,115380.00,115575.30,115353.70,115539.20,1289.920
2025-09-19T18:45:00+00:00,115539.10,115596.00,115322.00,115365.70,794.448
2025-09-19T19:00:00+00:00,115365.70,115433.10,115231.50,115242.10,1644.550
2025-09-19T19:15:00+00:00,115242.10,115352.00,115230.00,115305.10,724.880
2025-09-19T19:30:00+00:00,115305.10,115354.90,115140.00,115140.10,1333.380
2025-09-19T19:45:00+00:00,115140.00,115159.80,115057.00,115082.40,1138.122
2025-09-19T20:00:00+00:00,115082.40,115291.50,115049.90,115262.90,1197.689
2025-09-19T20:15:00+00:00,115262.90,115380.00,115239.40,115346.90,590.717
2025-09-19T20:30:00+00:00,115346.80,115382.00,115254.20,115364.30,635.373
2025-09-19T20:45:00+00:00,115364.30,115393.60,115230.70,115306.60,513.976
2025-09-19T21:00:00+00:00,115306.50,115392.40,115255.30,115343.20,686.348
2025-09-19T21:15:00+00:00,115343.20,115410.90,115342.50,115369.60,286.541
2025-09-19T21:30:00+00:00,115369.60,115433.70,115369.60,115415.90,349.872
2025-09-19T21:45:00+00:00,115415.90,115493.70,115376.00,115411.50,309.402
2025-09-19T22:00:00+00:00,115411.40,115567.80,115411.40,115555.00,519.695
2025-09-19T22:15:00+00:00,115555.00,115564.20,115488.80,115530.10,317.280
2025-09-19T22:30:00+00:00,115530.10,115569.00,115520.70,115520.70,307.451
2025-09-19T22:45:00+00:00,115520.80,115596.50,115520.70,115550.50,284.142
2025-09-19T23:00:00+00:00,115550.50,115550.50,115431.60,115444.10,269.158
2025-09-19T23:15:00+00:00,115444.00,115485.40,115394.50,115406.30,337.508
2025-09-19T23:30:00+00:00,115406.40,115493.70,115394.50,115464.80,248.764
2025-09-19T23:45:00+00:00,115464.80,115600.00,115464.80,115569.50,354.023
2025-09-20T00:00:00+00:00,115569.60,115603.40,115532.00,115557.90,541.243
2025-09-20T00:15:00+00:00,115558.00,115558.00,115484.90,115499.30,446.587
2025-09-20T00:30:00+00:00,115499.30,115638.10,115499.20,115638.10,303.324
2025-09-20T00:45:00+00:00,115638.10,115670.00,115612.00,115656.40,289.589
2025-09-20T01:00:00+00:00,115656.30,115660.40,115556.40,115556.40,523.858
2025-09-20T01:15:00+00:00,115556.40,115657.20,115550.20,115637.40,175.502
2025-09-20T01:30:00+00:00,115637.40,115650.00,115567.40,115613.20,291.950
2025-09-20T01:45:00+00:00,115613.20,115636.30,115562.60,115562.60,252.190
2025-09-20T02:00:00+00:00,115562.60,115562.70,115427.00,115442.10,483.184
2025-09-20T02:15:00+00:00,115442.10,115479.00,115371.00,115474.60,417.989
2025-09-20T02:30:00+00:00,115474.60,115507.20,115437.60,115507.10,181.248
2025-09-20T02:45:00+00:00,115507.10,115555.30,115495.80,115544.40,147.585
2025-09-20T03:00:00+00:00,115544.40,115545.50,115406.10,115437.50,200.788
2025-09-20T03:15:00+00:00,115437.50,115491.60,115437.50,115454.20,159.849
2025-09-20T03:30:00+00:00,115454.10,115454.80,115407.00,115451.50,143.134
2025-09-20T03:45:00+00:00,115451.50,115451.60,115355.00,115394.20,227.606
2025-09-20T04:00:00+00:00,115394.30,115437.40,115371.60,115426.30,220.777
2025-09-20T04:15:00+00:00,115426.30,115448.20,115401.10,115401.10,146.240
2025-09-20T04:30:00+00:00,115401.10,115496.00,115343.00,115492.70,415.532
2025-09-20T04:45:00+00:00,115492.70,115526.60,115484.10,115511.90,200.878
2025-09-20T05:00:00+00:00,115511.90,115529.50,115459.60,115524.20,305.552
2025-09-20T05:15:00+00:00,115524.10,115556.10,115524.10,115556.10,230.099
2025-09-20T05:30:00+00:00,115556.00,115610.00,115556.00,115583.80,339.257
2025-09-20T05:45:00+00:00,115583.70,115655.30,115583.70,115655.30,267.331
2025-09-20T06:00:00+00:00,115655.30,115655.30,115571.10,115571.20,344.029
2025-09-20T06:15:00+00:00,115571.10,115624.00,115571.10,115623.30,205.196
2025-09-20T06:30:00+00:00,115623.40,115629.70,115616.50,115616.60,128.069
2025-09-20T06:45:00+00:00,115616.50,115666.10,115616.50,115643.40,243.198
2025-09-20T07:00:00+00:00,115643.40,115665.00,115624.20,115624.30,433.139
2025-09-20T07:15:00+00:00,115624.20,115685.50,115624.20,115685.40,385.295
2025-09-20T07:30:00+00:00,115685.40,115875.20,115672.90,115869.30,1298.392
2025-09-20T07:45:00+00:00,115869.30,115933.40,115818.00,115909.80,1095.561
2025-09-20T08:00:00+00:00,115909.90,115914.40,115774.30,115797.30,621.894
2025-09-20T08:15:00+00:00,115797.30,115797.40,115761.30,115761.30,218.364
2025-09-20T08:30:00+00:00,115761.40,115830.90,115761.30,115830.80,302.466
2025-09-20T08:45:00+00:00,115830.80,115830.90,115637.50,115645.00,683.481
2025-09-20T09:00:00+00:00,115645.10,115733.70,115638.80,115733.70,359.733
2025-09-20T09:15:00+00:00,115733.60,115743.10,115689.90,115695.60,333.103
2025-09-20T09:30:00+00:00,115695.60,115695.60,115607.40,115610.10,458.376
2025-09-20T09:45:00+00:00,115610.00,115634.40,115605.60,115605.70,290.197
2025-09-20T10:00:00+00:00,115605.70,115708.80,115605.60,115693.90,326.701
2025-09-20T10:15:00+00:00,115693.80,115733.80,115640.30,115675.10,451.379
2025-09-20T10:30:00+00:00,115675.10,115727.10,115660.40,115722.80,132.038
2025-09-20T10:45:00+00:00,115722.80,115739.30,115683.90,115688.40,162.625
2025-09-20T11:00:00+00:00,115688.40,115784.30,115688.40,115784.20,364.324
2025-09-20T11:15:00+00:00,115784.30,115800.00,115715.60,115715.70,555.657
2025-09-20T11:30:00+00:00,115715.60,115773.80,115715.60,115756.30,405.169
2025-09-20T11:45:00+00:00,115756.20,115857.90,115756.20,115834.90,463.521
2025-09-20T12:00:00+00:00,115834.90,115900.00,115834.80,115855.50,539.559
2025-09-20T12:15:00+00:00,115855.50,115883.80,115763.30,115763.80,433.609
2025-09-20T12:30:00+00:00,115763.80,115789.90,115750.60,115786.80,185.007
2025-09-20T12:45:00+00:00,115786.80,115820.30,115786.70,115820.20,178.661
2025-09-20T13:00:00+00:00,115820.20,115841.10,115793.50,115841.00,151.790
2025-09-20T13:15:00+00:00,115841.00,115861.40,115841.00,115852.10,163.846
2025-09-20T13:30:00+00:00,115852.20,115869.00,115833.20,115866.00,240.824
2025-09-20T13:45:00+00:00,115866.00,115897.00,115825.20,115859.00,357.743
2025-09-20T14:00:00+00:00,115859.00,115888.00,115820.10,115820.10,354.087
2025-09-20T14:15:00+00:00,115820.20,115848.00,115820.10,115837.90,263.253
2025-09-20T14:30:00+00:00,115837.90,115888.10,115837.90,115888.10,268.779
2025-09-20T14:45:00+00:00,115888.10,115975.00,115888.00,115899.10,882.703
2025-09-20T15:00:00+00:00,115899.20,116026.40,115899.10,115999.90,884.145
2025-09-20T15:15:00+00:00,116000.00,116055.10,115958.40,116046.60,710.211
2025-09-20T15:30:00+00:00,116046.60,116059.20,115934.00,115950.10,506.599
2025-09-20T15:45:00+00:00,115950.10,115950.10,115881.30,115928.50,407.014
2025-09-20T16:00:00+00:00,115928.40,115987.00,115900.00,115900.10,401.943
2025-09-20T16:15:00+00:00,115900.00,115900.10,115807.00,115889.70,571.015
2025-09-20T16:30:00+00:00,115889.80,116000.00,115889.70,115971.70,280.859
2025-09-20T16:45:00+00:00,115971.70,115977.60,115956.40,115965.80,208.332
2025-09-20T17:00:00+00:00,115965.80,116017.90,115839.80,115839.80,412.159
2025-09-20T17:15:00+00:00,115839.80,115851.40,115760.00,115791.40,525.117
2025-09-20T17:30:00+00:00,115791.50,115828.10,115791.40,115815.80,207.657
2025-09-20T17:45:00+00:00,115815.80,115815.80,115756.60,115760.00,312.024
2025-09-20T18:00:00+00:00,115760.00,115760.00,115666.60,115666.70,443.794
2025-09-20T18:15:00+00:00,115666.60,115735.00,115637.30,115734.90,295.197
2025-09-20T18:30:00+00:00,115734.90,115734.90,115646.50,115678.20,216.937
2025-09-20T18:45:00+00:00,115678.20,115680.00,115640.90,115654.20,242.958
2025-09-20T19:00:00+00:00,115654.30,115672.60,115642.90,115670.20,265.255
2025-09-20T19:15:00+00:00,115670.10,115743.20,115658.00,115713.30,269.036
2025-09-20T19:30:00+00:00,115713.30,115724.50,115642.50,115642.50,186.935
2025-09-20T19:45:00+00:00,115642.50,115647.10,115636.60,115636.60,162.238
2025-09-20T20:00:00+00:00,115636.60,115693.70,115631.10,115656.80,237.324
2025-09-20T20:15:00+00:00,115656.90,115695.10,115625.70,115695.00,221.988
2025-09-20T20:30:00+00:00,115695.00,115710.70,115683.80,115705.30,141.004
2025-09-20T20:45:00+00:00,115705.30,115724.20,115653.50,115653.60,178.759
2025-09-20T21:00:00+00:00,115653.50,115758.70,115653.50,115758.50,177.212
2025-09-20T21:15:00+00:00,115758.60,115806.90,115736.60,115806.90,170.823
2025-09-20T21:30:00+00:00,115806.90,115887.60,115800.10,115817.00,331.534
2025-09-20T21:45:00+00:00,115817.00,115817.00,115696.40,115724.20,209.497
2025-09-20T22:00:00+00:00,115724.20,115740.50,115696.00,115721.40,212.930
2025-09-20T22:15:00+00:00,115721.30,115731.30,115697.00,115697.90,252.362
2025-09-20T22:30:00+00:00,115697.90,115701.60,115679.90,115680.70,157.827
2025-09-20T22:45:00+00:00,115680.70,115717.60,115680.70,115703.20,170.916
2025-09-20T23:00:00+00:00,115703.10,115703.20,115663.00,115664.10,141.355
2025-09-20T23:15:00+00:00,115664.10,115669.60,115657.10,115662.20,194.074
2025-09-20T23:30:00+00:00,115662.10,115662.20,115549.90,115578.40,749.520
2025-09-20T23:45:00+00:00,115578.30,115625.00,115578.30,115624.90,106.068
2025-09-21T00:00:00+00:00,115625.00,115664.60,115613.10,115664.50,243.967
2025-09-21T00:15:00+00:00,115664.50,115671.20,115532.60,115535.70,449.722
2025-09-21T00:30:00+00:00,115535.70,115541.40,115483.10,115541.40,476.082
2025-09-21T00:45:00+00:00,115541.40,115622.40,115534.60,115587.30,292.395
2025-09-21T01:00:00+00:00,115587.30,115587.40,115520.30,115520.40,168.763
2025-09-21T01:15:00+00:00,115520.30,115545.40,115500.00,115500.10,199.826
2025-09-21T01:30:00+00:00,115500.10,115512.60,115500.00,115500.00,179.201
2025-09-21T01:45:00+00:00,115500.10,115500.10,115435.00,115435.10,362.538
2025-09-21T02:00:00+00:00,115435.10,115524.10,115435.00,115524.00,335.596
2025-09-21T02:15:00+00:00,115524.10,115527.50,115388.00,115459.40,599.068
2025-09-21T02:30:00+00:00,115459.40,115578.80,115459.30,115566.90,359.557
2025-09-21T02:45:00+00:00,115567.00,115650.00,115566.90,115635.60,237.581
2025-09-21T03:00:00+00:00,115635.70,115661.90,115617.60,115661.90,241.804
2025-09-21T03:15:00+00:00,115662.10,115662.10,115560.70,115600.70,357.041
2025-09-21T03:30:00+00:00,115600.70,115600.70,115567.20,115570.80,153.111
2025-09-21T03:45:00+00:00,115570.70,115616.60,115570.70,115613.80,174.394
2025-09-21T04:00:00+00:00,115613.80,115614.90,115525.60,115525.60,216.877
2025-09-21T04:15:00+00:00,115525.70,115525.70,115520.00,115520.00,117.384
2025-09-21T04:30:00+00:00,115520.00,115522.00,115480.00,115480.00,197.095
2025-09-21T04:45:00+00:00,115480.00,115480.10,115440.00,115440.10,265.056
2025-09-21T05:00:00+00:00,115440.00,115483.40,115430.20,115477.30,401.296
2025-09-21T05:15:00+00:00,115477.30,115510.50,115477.30,115481.80,230.942
2025-09-21T05:30:00+00:00,115481.90,115481.90,115470.10,115479.00,222.677
2025-09-21T05:45:00+00:00,115479.00,115623.90,115478.90,115623.90,318.723
2025-09-21T06:00:00+00:00,115623.90,115743.40,115623.80,115740.10,469.029
2025-09-21T06:15:00+00:00,115740.00,115744.00,115714.50,115733.20,328.220
2025-09-21T06:30:00+00:00,115733.10,115733.20,115674.90,115697.60,312.340
2025-09-21T06:45:00+00:00,115697.50,115697.60,115633.30,115633.30,125.073
2025-09-21T07:00:00+00:00,115633.30,115649.70,115581.80,115586.20,348.551
2025-09-21T07:15:00+00:00,115586.20,115586.30,115556.70,115556.80,148.092
2025-09-21T07:30:00+00:00,115556.70,115665.50,115556.70,115632.40,533.046
2025-09-21T07:45:00+00:00,115632.40,115772.90,115632.40,115772.90,622.318
2025-09-21T08:00:00+00:00,115772.80,115778.00,115601.00,115601.00,260.107
2025-09-21T08:15:00+00:00,115601.00,115617.40,115544.30,115544.30,321.393
2025-09-21T08:30:00+00:00,115544.30,115555.00,115509.50,115543.50,396.146
2025-09-21T08:45:00+00:00,115543.40,115596.80,115525.00,115583.20,372.811
2025-09-21T09:00:00+00:00,115583.10,115588.30,115524.20,115524.20,169.323
2025-09-21T09:15:00+00:00,115524.20,115524.30,115390.00,115419.90,812.663
2025-09-21T09:30:00+00:00,115419.80,115467.00,115277.00,115455.70,1421.045
2025-09-21T09:45:00+00:00,115455.70,115660.10,115422.90,115626.20,759.594
2025-09-21T10:00:00+00:00,115626.10,115666.00,115597.80,115609.90,385.548
2025-09-21T10:15:00+00:00,115609.90,115610.00,115546.00,115576.70,235.397
2025-09-21T10:30:00+00:00,115576.70,115576.80,115503.60,115503.70,208.946
2025-09-21T10:45:00+00:00,115503.60,115509.40,115445.00,115465.10,284.415
2025-09-21T11:00:00+00:00,115465.10,115634.50,115459.00,115620.20,348.919
2025-09-21T11:15:00+00:00,115620.20,115620.30,115559.70,115616.30,226.983
2025-09-21T11:30:00+00:00,115616.30,115654.10,115616.20,115638.00,176.912
2025-09-21T11:45:00+00:00,115637.90,115637.90,115555.00,115559.30,214.515
2025-09-21T12:00:00+00:00,115559.30,115654.00,115559.30,115644.30,202.540
2025-09-21T12:15:00+00:00,115644.20,115702.20,115644.20,115666.00,347.954
2025-09-21T12:30:00+00:00,115666.10,115703.90,115666.00,115678.30,236.639
2025-09-21T12:45:00+00:00,115678.30,115678.40,115623.80,115623.80,208.441
2025-09-21T13:00:00+00:00,115623.90,115680.00,115618.20,115650.10,290.328
2025-09-21T13:15:00+00:00,115650.10,115667.00,115641.10,115667.00,103.354
2025-09-21T13:30:00+00:00,115666.90,115696.30,115583.30,115587.60,329.330
2025-09-21T13:45:00+00:00,115587.50,115612.90,115587.50,115611.00,129.084
2025-09-21T14:00:00+00:00,115611.00,115636.10,115581.00,115621.90,213.270
2025-09-21T14:15:00+00:00,115621.80,115621.90,115505.00,115526.20,243.743
2025-09-21T14:30:00+00:00,115526.30,115619.50,115436.10,115607.90,610.739
2025-09-21T14:45:00+00:00,115607.90,115638.70,115446.30,115446.40,478.785
2025-09-21T15:00:00+00:00,115446.30,115524.00,115445.00,115496.80,260.893
2025-09-21T15:15:00+00:00,115496.70,115503.90,115435.90,115435.90,164.194
2025-09-21T15:30:00+00:00,115435.90,115526.90,115413.00,115526.80,330.534
2025-09-21T15:45:00+00:00,115526.80,115557.00,115468.70,115471.10,286.530
2025-09-21T16:00:00+00:00,115471.00,115500.60,115420.60,115420.90,302.642
2025-09-21T16:15:00+00:00,115420.90,115421.00,115318.70,115358.40,547.753
2025-09-21T16:30:00+00:00,115358.30,115358.40,115250.00,115277.50,881.329
2025-09-21T16:45:00+00:00,115277.40,115277.50,115158.00,115270.80,1082.004
2025-09-21T17:00:00+00:00,115270.80,115335.30,115206.00,115330.90,519.228
2025-09-21T17:15:00+00:00,115330.90,115449.80,115241.40,115356.10,549.398
2025-09-21T17:30:00+00:00,115356.10,115367.30,115311.50,115359.30,203.074
2025-09-21T17:45:00+00:00,115359.30,115596.00,115359.20,115581.30,600.556
2025-09-21T18:00:00+00:00,115581.30,115620.00,115529.80,115567.70,406.382
2025-09-21T18:15:00+00:00,115567.70,115583.00,115482.50,115482.60,219.079
2025-09-21T18:30:00+00:00,115482.50,115542.20,115482.50,115488.90,181.134
2025-09-21T18:45:00+00:00,115488.90,115508.40,115469.60,115481.60,227.908
2025-09-21T19:00:00+00:00,115481.60,115481.60,115267.50,115296.60,554.291
2025-09-21T19:15:00+00:00,115296.60,115471.40,115296.60,115471.40,258.071
2025-09-21T19:30:00+00:00,115471.30,115471.40,115400.00,115400.00,106.782
2025-09-21T19:45:00+00:00,115400.00,115441.00,115395.90,115441.00,100.977
2025-09-21T20:00:00+00:00,115441.00,115457.70,115309.30,115345.10,202.627
2025-09-21T20:15:00+00:00,115345.10,115458.20,115345.10,115458.10,151.590
2025-09-21T20:30:00+00:00,115458.10,115458.20,115329.70,115339.90,177.212
2025-09-21T20:45:00+00:00,115339.90,115373.00,115256.20,115256.30,219.023
2025-09-21T21:00:00+00:00,115256.20,115281.60,115181.70,115257.00,367.976
2025-09-21T21:15:00+00:00,115257.00,115275.60,115197.70,115197.80,156.863
2025-09-21T21:30:00+00:00,115197.80,115362.50,115197.70,115362.50,266.146
2025-09-21T21:45:00+00:00,115362.50,115383.90,115304.00,115364.00,175.024
2025-09-21T22:00:00+00:00,115363.90,115437.50,115163.50,115178.50,737.606
2025-09-21T22:15:00+00:00,115178.40,115285.30,115137.60,115268.30,454.587
2025-09-21T22:30:00+00:00,115268.40,115452.20,115220.60,115452.10,338.831
2025-09-21T22:45:00+00:00,115452.20,115510.70,115452.10,115485.60,392.230
2025-09-21T23:00:00+00:00,115485.60,115485.70,115158.40,115240.50,732.001
2025-09-21T23:15:00+00:00,115240.40,115287.90,115150.80,115261.30,360.223
2025-09-21T23:30:00+00:00,115261.30,115293.00,115171.00,115215.90,278.178
2025-09-21T23:45:00+00:00,115215.80,115232.70,115172.00,115183.90,324.266
2025-09-22T00:00:00+00:00,115183.90,115344.60,115136.50,115229.70,577.739
2025-09-22T00:15:00+00:00,115229.70,115277.10,115083.70,115129.50,955.516
2025-09-22T00:30:00+00:00,115129.40,115129.40,114641.80,114794.90,7800.104
2025-09-22T00:45:00+00:00,114795.00,114856.00,114122.00,114335.90,6567.368
2025-09-22T01:00:00+00:00,114335.80,114578.60,114226.70,114559.50,2360.718
2025-09-22T01:15:00+00:00,114559.50,114629.40,114393.80,114593.70,2199.557
2025-09-22T01:30:00+00:00,114593.70,114700.00,114490.00,114547.80,1447.102
2025-09-22T01:45:00+00:00,114547.80,114617.50,114178.00,114211.80,2039.180
2025-09-22T02:00:00+00:00,114211.90,114520.70,114205.50,114305.10,2480.745
2025-09-22T02:15:00+00:00,114305.10,114563.40,114300.10,114460.30,1440.048
2025-09-22T02:30:00+00:00,114460.40,114460.40,114050.00,114234.70,2419.278
2025-09-22T02:45:00+00:00,114234.70,114368.00,114126.00,114126.00,675.659
2025-09-22T03:00:00+00:00,114126.10,114329.30,114126.00,114249.50,805.854
2025-09-22T03:15:00+00:00,114249.60,114403.80,114249.50,114403.80,709.372
2025-09-22T03:30:00+00:00,114403.80,114481.90,114270.00,114478.80,846.632
2025-09-22T03:45:00+00:00,114478.70,114602.90,114478.70,114602.90,892.398
2025-09-22T04:00:00+00:00,114602.90,114604.90,114382.40,114382.50,717.986
2025-09-22T04:15:00+00:00,114382.50,114500.00,114342.50,114445.50,567.750
2025-09-22T04:30:00+00:00,114445.50,114518.30,114352.90,114358.40,545.012
2025-09-22T04:45:00+00:00,114358.40,114423.00,114342.80,114380.10,796.272
2025-09-22T05:00:00+00:00,114380.10,114382.20,114300.00,114351.40,483.843
2025-09-22T05:15:00+00:00,114351.50,114499.40,114300.60,114478.50,576.367
2025-09-22T05:30:00+00:00,114478.60,114478.60,114276.20,114276.20,482.541
2025-09-22T05:45:00+00:00,114276.30,114337.30,113588.00,113635.60,2770.936
2025-09-22T06:00:00+00:00,113615.00,113636.50,111469.20,112937.00,27033.299
2025-09-22T06:15:00+00:00,112937.10,113094.30,112600.00,112752.00,5144.448
2025-09-22T06:30:00+00:00,112752.00,113000.00,112619.10,112894.60,2743.369
2025-09-22T06:45:00+00:00,112894.50,112980.20,112666.30,112748.80,1580.545
2025-09-22T07:00:00+00:00,112748.80,112837.30,112584.00,112652.20,2291.575
2025-09-22T07:15:00+00:00,112652.20,112769.20,112523.60,112730.00,1202.887
2025-09-22T07:30:00+00:00,112730.00,112937.80,112681.40,112932.90,1539.825
2025-09-22T07:45:00+00:00,112933.00,112948.80,112391.50,112454.40,5494.031
2025-09-22T08:00:00+00:00,112454.50,112698.10,112377.00,112578.90,1821.409
2025-09-22T08:15:00+00:00,112578.90,112660.00,112429.10,112566.20,1025.269
2025-09-22T08:30:00+00:00,112566.20,112698.90,112486.40,112658.90,678.866
2025-09-22T08:45:00+00:00,112659.00,112724.50,112560.00,112568.30,654.826
2025-09-22T09:00:00+00:00,112568.20,112616.50,112354.00,112359.90,701.496
2025-09-22T09:15:00+00:00,112359.90,112491.70,112267.80,112340.00,1312.339
2025-09-22T09:30:00+00:00,112340.10,112430.00,112167.70,112276.40,1964.558
2025-09-22T09:45:00+00:00,112276.30,112348.80,112119.00,112288.60,1274.203
2025-09-22T10:00:00+00:00,112288.70,112474.90,112203.20,112470.00,1229.485
2025-09-22T10:15:00+00:00,112470.00,112627.50,112455.30,112500.00,978.275
2025-09-22T10:30:00+00:00,112500.10,112500.10,112319.40,112414.70,515.982
2025-09-22T10:45:00+00:00,112414.80,112800.00,112414.70,112732.60,1185.412
2025-09-22T11:00:00+00:00,112732.50,112865.20,112721.80,112857.30,803.857
2025-09-22T11:15:00+00:00,112857.30,112927.00,112725.30,112725.40,879.813
2025-09-22T11:30:00+00:00,112725.30,112795.20,112617.00,112648.80,695.447
2025-09-22T11:45:00+00:00,112648.90,112841.80,112640.00,112814.10,548.369
2025-09-22T12:00:00+00:00,112814.00,112814.10,112488.60,112619.60,1370.439
2025-09-22T12:15:00+00:00,112619.70,112647.90,112506.60,112522.60,540.097
2025-09-22T12:30:00+00:00,112522.60,112587.60,112458.40,112520.00,507.261
2025-09-22T12:45:00+00:00,112520.10,112778.80,112500.00,112682.10,882.848
2025-09-22T13:00:00+00:00,112682.20,112891.90,112615.30,112891.90,735.184
2025-09-22T13:15:00+00:00,112891.90,112915.00,112770.00,112884.20,1042.968
2025-09-22T13:30:00+00:00,112884.20,112884.20,112426.10,112537.30,1311.577
2025-09-22T13:45:00+00:00,112537.30,113100.00,112333.00,113087.10,2526.521
2025-09-22T14:00:00+00:00,113087.10,113221.80,113000.00,113111.90,4172.772
2025-09-22T14:15:00+00:00,113111.90,113399.60,113071.60,113337.30,4310.173
2025-09-22T14:30:00+00:00,113337.20,113413.50,112831.50,112951.60,2626.883
2025-09-22T14:45:00+00:00,112951.60,112953.40,112707.80,112892.00,1392.152
2025-09-22T15:00:00+00:00,112892.10,112986.00,112746.20,112827.40,1164.108
2025-09-22T15:15:00+00:00,112827.30,112845.60,112536.20,112622.30,1511.993
2025-09-22T15:30:00+00:00,112622.40,112672.40,112524.30,112637.50,894.005
2025-09-22T15:45:00+00:00,112637.50,112865.20,112555.00,112768.70,1158.911
2025-09-22T16:00:00+00:00,112768.70,112839.00,112649.20,112763.20,878.950
2025-09-22T16:15:00+00:00,112763.20,112820.00,112605.50,112695.10,696.268
2025-09-22T16:30:00+00:00,112695.00,112785.20,112638.70,112780.90,414.974
2025-09-22T16:45:00+00:00,112781.00,112781.00,112533.30,112558.30,587.247
2025-09-22T17:00:00+00:00,112558.30,112576.80,112200.00,112264.90,1758.578
2025-09-22T17:15:00+00:00,112265.00,112452.30,112227.50,112350.10,1012.625
2025-09-22T17:30:00+00:00,112350.00,112450.30,112311.30,112430.10,568.697
2025-09-22T17:45:00+00:00,112430.00,112514.80,112279.60,112350.00,887.051
2025-09-22T18:00:00+00:00,112350.00,112557.80,112300.00,112550.00,624.277
2025-09-22T18:15:00+00:00,112550.10,112688.60,112471.90,112618.40,1127.629
2025-09-22T18:30:00+00:00,112618.40,112776.10,112594.80,112684.00,804.786
2025-09-22T18:45:00+00:00,112684.10,112700.00,112354.50,112385.60,621.238
2025-09-22T19:00:00+00:00,112385.60,112529.30,112385.50,112522.50,526.972
2025-09-22T19:15:00+00:00,112522.50,112549.60,112370.20,112408.20,519.863
2025-09-22T19:30:00+00:00,112408.30,112421.70,111897.00,111938.40,4087.503
2025-09-22T19:45:00+00:00,111938.40,112285.50,111866.30,112072.90,2013.826
2025-09-22T20:00:00+00:00,112072.80,112093.70,111924.60,112081.80,1025.385
2025-09-22T20:15:00+00:00,112081.80,112251.50,111994.90,112237.00,703.545
2025-09-22T20:30:00+00:00,112236.90,112599.30,112236.90,112573.10,1857.700
2025-09-22T20:45:00+00:00,112573.10,112942.40,112503.50,112732.10,1867.191
2025-09-22T21:00:00+00:00,112731.90,112739.60,112543.20,112699.90,723.398
2025-09-22T21:15:00+00:00,112700.00,112819.20,112615.30,112645.50,567.050
2025-09-22T21:30:00+00:00,112645.50,112846.50,112640.10,112843.10,730.247
2025-09-22T21:45:00+00:00,112843.20,112923.00,112840.40,112922.90,390.717
2025-09-22T22:00:00+00:00,112922.90,112923.00,112628.00,112706.30,1065.313
2025-09-22T22:15:00+00:00,112706.30,112763.90,112595.00,112595.10,354.703
2025-09-22T22:30:00+00:00,112595.00,112644.50,112567.00,112599.40,466.693
2025-09-22T22:45:00+00:00,112599.40,112619.90,112533.30,112584.10,358.914
2025-09-22T23:00:00+00:00,112584.20,112668.90,112584.10,112644.00,348.063
2025-09-22T23:15:00+00:00,112644.00,112666.40,112533.60,112573.80,377.891
2025-09-22T23:30:00+00:00,112573.80,112653.70,112540.00,112591.30,454.609
2025-09-22T23:45:00+00:00,112591.30,112699.90,112540.50,112604.70,434.211
2025-09-23T00:00:00+00:00,112604.70,112659.80,112442.10,112497.00,976.495
2025-09-23T00:15:00+00:00,112496.90,112808.40,112485.40,112698.80,915.117
2025-09-23T00:30:00+00:00,112698.80,112719.80,112512.20,112532.90,551.055
2025-09-23T00:45:00+00:00,112532.80,112563.30,112330.00,112347.20,736.482
2025-09-23T01:00:00+00:00,112347.10,112387.30,112260.20,112302.10,787.313
2025-09-23T01:15:00+00:00,112302.00,112474.00,112260.00,112454.90,500.308
2025-09-23T01:30:00+00:00,112454.90,112462.10,112162.40,112212.10,633.883
2025-09-23T01:45:00+00:00,112212.10,112283.20,112090.60,112115.20,687.809
2025-09-23T02:00:00+00:00,112115.30,112450.00,112115.20,112350.90,1172.329
2025-09-23T02:15:00+00:00,112350.90,112366.90,111965.50,111967.30,1259.933
2025-09-23T02:30:00+00:00,111967.30,112083.20,111963.00,111985.00,962.774
2025-09-23T02:45:00+00:00,111985.00,112000.00,111591.60,111760.40,3246.524
2025-09-23T03:00:00+00:00,111760.50,111776.80,111405.10,111771.20,3150.133
2025-09-23T03:15:00+00:00,111771.30,112369.90,111750.10,112263.60,2829.947
2025-09-23T03:30:00+00:00,112263.60,112378.10,112156.80,112184.00,1739.421
2025-09-23T03:45:00+00:00,112184.00,112417.40,112150.00,112294.00,1149.564
2025-09-23T04:00:00+00:00,112294.00,112426.60,112086.30,112091.00,1034.842
2025-09-23T04:15:00+00:00,112091.10,112144.70,111969.00,111969.00,679.447
2025-09-23T04:30:00+00:00,111968.80,112293.50,111804.90,112210.10,2119.486
2025-09-23T04:45:00+00:00,112210.20,112387.20,112159.10,112377.60,669.033
2025-09-23T05:00:00+00:00,112377.70,112623.90,112361.10,112587.10,1694.680
2025-09-23T05:15:00+00:00,112587.10,112740.00,112514.30,112739.90,1099.517
2025-09-23T05:30:00+00:00,112740.00,112850.00,112723.30,112794.40,1133.742
2025-09-23T05:45:00+00:00,112794.40,112812.40,112582.40,112616.60,1739.275
2025-09-23T06:00:00+00:00,112616.60,112799.00,112557.10,112683.70,860.648
2025-09-23T06:15:00+00:00,112683.70,112863.20,112655.50,112823.90,692.845
2025-09-23T06:30:00+00:00,112823.90,113058.00,112823.80,112863.80,1800.847
2025-09-23T06:45:00+00:00,112863.80,113070.00,112806.00,112924.10,1301.514
2025-09-23T07:00:00+00:00,112924.10,112964.40,112818.10,112911.70,917.904
2025-09-23T07:15:00+00:00,112911.70,113039.90,112832.70,112902.00,918.181
2025-09-23T07:30:00+00:00,112902.00,113016.80,112850.00,112902.80,783.961
2025-09-23T07:45:00+00:00,112902.90,113080.00,112872.90,113048.10,1562.350
2025-09-23T08:00:00+00:00,113048.10,113128.20,112891.30,113022.10,1951.242
2025-09-23T08:15:00+00:00,113022.20,113144.20,113014.00,113053.00,1080.139
2025-09-23T08:30:00+00:00,113053.10,113079.50,112981.80,113031.10,516.888
2025-09-23T08:45:00+00:00,113031.10,113094.30,112980.60,113087.90,614.268
2025-09-23T09:00:00+00:00,113087.90,113236.00,113039.30,113227.00,1003.600
2025-09-23T09:15:00+00:00,113226.90,113227.00,112950.00,112950.00,936.346
2025-09-23T09:30:00+00:00,112950.10,113070.00,112914.10,112991.10,581.731
2025-09-23T09:45:00+00:00,112991.00,112991.10,112823.80,112892.50,679.404
2025-09-23T10:00:00+00:00,112892.50,112962.50,112779.50,112911.30,626.949
2025-09-23T10:15:00+00:00,112911.20,112913.40,112769.20,112861.70,502.409
2025-09-23T10:30:00+00:00,112861.70,112916.30,112786.60,112786.60,382.918
2025-09-23T10:45:00+00:00,112786.60,112971.10,112786.60,112929.00,601.567
2025-09-23T11:00:00+00:00,112929.00,112935.80,112634.00,112666.30,1006.594
2025-09-23T11:15:00+00:00,112666.20,112849.90,112666.20,112803.90,1077.683
2025-09-23T11:30:00+00:00,112803.90,113014.70,112765.40,113014.60,763.452
2025-09-23T11:45:00+00:00,113014.70,113039.10,112858.60,112938.60,508.992
2025-09-23T12:00:00+00:00,112938.60,112976.80,112820.30,112966.10,697.653
2025-09-23T12:15:00+00:00,112966.10,113003.30,112777.70,112802.80,650.944
2025-09-23T12:30:00+00:00,112802.80,112970.00,112758.70,112954.60,708.531
2025-09-23T12:45:00+00:00,112954.50,113010.00,112816.10,112885.80,542.550
2025-09-23T13:00:00+00:00,112885.80,112885.80,112778.60,112868.20,584.382
2025-09-23T13:15:00+00:00,112868.20,112900.00,112809.80,112853.00,361.133
2025-09-23T13:30:00+00:00,112853.10,112969.80,112667.70,112749.50,1154.181
2025-09-23T13:45:00+00:00,112749.60,112923.00,112670.90,112894.10,1047.401
2025-09-23T14:00:00+00:00,112894.10,113254.80,112840.30,113007.60,2036.338
2025-09-23T14:15:00+00:00,113007.50,113030.70,112735.80,112755.50,1325.429
2025-09-23T14:30:00+00:00,112755.60,112841.10,112549.90,112769.20,1670.515
2025-09-23T14:45:00+00:00,112769.10,112778.90,112512.00,112602.30,979.522
2025-09-23T15:00:00+00:00,112602.20,112944.80,112390.60,112891.70,2153.111
2025-09-23T15:15:00+00:00,112891.70,113025.20,112797.20,112907.70,1252.059
2025-09-23T15:30:00+00:00,112907.70,112951.90,112782.60,112801.90,781.436
2025-09-23T15:45:00+00:00,112801.90,112950.00,112745.00,112828.60,629.302
2025-09-23T16:00:00+00:00,112828.60,112874.20,112433.90,112530.00,1278.411
2025-09-23T16:15:00+00:00,112529.90,112810.60,112490.80,112767.80,1009.863
2025-09-23T16:30:00+00:00,112767.80,112767.90,112452.00,112546.60,927.909
2025-09-23T16:45:00+00:00,112546.70,112927.80,112535.50,112763.80,928.859
2025-09-23T17:00:00+00:00,112763.80,112779.40,112501.00,112526.40,604.386
2025-09-23T17:15:00+00:00,112526.30,112615.30,112320.00,112345.00,1102.788
2025-09-23T17:30:00+00:00,112344.90,112373.60,111955.00,111982.60,2931.475
2025-09-23T17:45:00+00:00,111982.50,112200.00,111827.20,111919.20,2376.608
2025-09-23T18:00:00+00:00,111919.20,112168.60,111850.00,112072.90,2514.903
2025-09-23T18:15:00+00:00,112072.90,112089.00,111711.00,111972.00,1905.314
2025-09-23T18:30:00+00:00,111972.00,111972.00,111670.00,111686.30,1217.623
2025-09-23T18:45:00+00:00,111686.30,111782.50,111625.50,111728.30,1064.029
2025-09-23T19:00:00+00:00,111728.30,111925.80,111728.20,111822.70,974.757
2025-09-23T19:15:00+00:00,111822.70,111941.60,111688.80,111722.70,887.956
2025-09-23T19:30:00+00:00,111722.60,111772.70,111564.10,111575.70,1081.144
2025-09-23T19:45:00+00:00,111575.60,111630.60,111482.00,111611.80,1661.066
2025-09-23T20:00:00+00:00,111611.70,111936.70,111584.50,111789.10,1380.296
2025-09-23T20:15:00+00:00,111789.00,111830.00,111590.30,111590.40,579.413
2025-09-23T20:30:00+00:00,111590.30,111846.10,111413.50,111838.60,1114.461
2025-09-23T20:45:00+00:00,111838.50,111949.10,111628.40,111936.40,742.457
2025-09-23T21:00:00+00:00,111936.20,111956.20,111835.50,111956.20,560.770
2025-09-23T21:15:00+00:00,111956.20,112027.30,111900.00,112027.30,574.228
2025-09-23T21:30:00+00:00,112027.30,112151.60,111991.60,112151.50,701.108
2025-09-23T21:45:00+00:00,112151.50,112151.60,112047.80,112108.60,478.126
2025-09-23T22:00:00+00:00,112108.50,112171.20,111999.90,112102.10,562.222
2025-09-23T22:15:00+00:00,112102.10,112114.50,111940.60,111950.80,386.589
2025-09-23T22:30:00+00:00,111950.80,112165.10,111940.80,112130.00,513.567
2025-09-23T22:45:00+00:00,112130.10,112151.20,112052.50,112107.00,437.062
2025-09-23T23:00:00+00:00,112107.00,112178.00,112038.80,112077.80,373.258
2025-09-23T23:15:00+00:00,112077.90,112136.20,111812.00,111842.60,797.471
2025-09-23T23:30:00+00:00,111842.60,112056.00,111842.50,112027.60,520.210
2025-09-23T23:45:00+00:00,112027.50,112054.80,111923.90,111947.00,353.907
2025-09-24T00:00:00+00:00,111947.00,111991.50,111770.90,111989.20,823.695
2025-09-24T00:15:00+00:00,111989.10,112338.30,111970.40,112248.20,1602.691
2025-09-24T00:30:00+00:00,112248.20,112249.40,112108.40,112172.00,468.059
2025-09-24T00:45:00+00:00,112172.00,112301.00,112160.00,112175.10,599.121
2025-09-24T01:00:00+00:00,112175.10,112289.90,112085.70,112274.90,433.621
2025-09-24T01:15:00+00:00,112274.80,112368.10,112274.80,112348.30,507.854
2025-09-24T01:30:00+00:00,112348.30,112466.60,112300.90,112314.50,694.903
2025-09-24T01:45:00+00:00,112314.60,112426.30,112305.50,112394.60,696.256
2025-09-24T02:00:00+00:00,112394.60,112450.00,112087.90,112123.20,697.783
2025-09-24T02:15:00+00:00,112123.20,112233.70,111967.90,112233.70,1218.067
2025-09-24T02:30:00+00:00,112233.70,112277.10,112082.50,112185.40,697.853
2025-09-24T02:45:00+00:00,112185.30,112222.30,111850.00,112070.20,3250.591
2025-09-24T03:00:00+00:00,112070.10,112172.30,112044.60,112143.00,516.005
2025-09-24T03:15:00+00:00,112143.00,112167.70,111698.20,111727.40,1491.459
2025-09-24T03:30:00+00:00,111727.40,111997.20,111711.00,111792.30,1461.572
2025-09-24T03:45:00+00:00,111792.20,111838.90,111622.40,111639.70,1023.060
2025-09-24T04:00:00+00:00,111639.80,111693.60,110935.00,111418.00,5849.449
2025-09-24T04:15:00+00:00,111417.90,111998.50,111324.40,111987.40,3057.589
2025-09-24T04:30:00+00:00,111987.50,112336.70,111980.00,112186.30,3349.106
2025-09-24T04:45:00+00:00,112186.30,112210.20,112007.00,112122.50,1348.140
2025-09-24T05:00:00+00:00,112122.50,112207.10,112083.20,112190.20,626.886
2025-09-24T05:15:00+00:00,112190.20,112381.00,112190.10,112291.50,665.072
2025-09-24T05:30:00+00:00,112291.50,112444.30,112208.90,112430.20,855.770
2025-09-24T05:45:00+00:00,112430.20,112630.00,112430.20,112595.90,1591.942
2025-09-24T06:00:00+00:00,112596.00,112732.80,112581.70,112671.50,1110.024
2025-09-24T06:15:00+00:00,112671.40,112700.00,112479.90,112580.90,986.961
2025-09-24T06:30:00+00:00,112581.00,112650.00,112485.00,112522.30,685.388
2025-09-24T06:45:00+00:00,112522.30,112600.00,112522.20,112551.10,426.987
2025-09-24T07:00:00+00:00,112551.20,112637.10,112535.00,112615.70,567.591
2025-09-24T07:15:00+00:00,112615.80,112695.40,112403.00,112465.20,654.250
2025-09-24T07:30:00+00:00,112465.20,112549.60,112400.40,112526.50,740.939
2025-09-24T07:45:00+00:00,112526.60,112578.30,112452.10,112544.70,485.178
2025-09-24T08:00:00+00:00,112544.70,112557.40,112362.40,112474.90,705.049
2025-09-24T08:15:00+00:00,112474.90,112500.00,112356.40,112393.50,706.332
2025-09-24T08:30:00+00:00,112393.40,112540.60,112393.40,112532.70,732.698
2025-09-24T08:45:00+00:00,112532.80,112596.60,112446.10,112574.30,578.168
2025-09-24T09:00:00+00:00,112574.40,112574.40,112447.60,112493.70,430.378
2025-09-24T09:15:00+00:00,112493.80,112583.10,112493.70,112559.10,424.464
2025-09-24T09:30:00+00:00,112559.20,112796.50,112559.10,112686.10,829.076
2025-09-24T09:45:00+00:00,112686.00,112697.70,112616.10,112691.00,295.213
2025-09-24T10:00:00+00:00,112691.00,112825.90,112684.30,112763.80,1175.303
2025-09-24T10:15:00+00:00,112763.80,112815.10,112613.00,112613.10,812.819
2025-09-24T10:30:00+00:00,112613.10,112778.90,112609.40,112756.50,408.671
2025-09-24T10:45:00+00:00,112756.50,112911.00,112748.80,112883.20,1451.286
2025-09-24T11:00:00+00:00,112883.10,113121.80,112874.10,113038.40,2730.782
2025-09-24T11:15:00+00:00,113038.50,113080.00,112953.90,112984.40,1024.938
2025-09-24T11:30:00+00:00,112984.40,113040.10,112819.40,112997.80,1045.703
2025-09-24T11:45:00+00:00,112997.70,113011.80,112838.80,112982.00,1479.446
2025-09-24T12:00:00+00:00,112982.00,112993.30,112889.70,112986.70,737.005
2025-09-24T12:15:00+00:00,112986.60,113008.10,112882.70,112960.50,507.140
2025-09-24T12:30:00+00:00,112960.50,113037.80,112960.50,113015.20,477.159
2025-09-24T12:45:00+00:00,113015.20,113050.00,112948.50,113010.80,579.423
2025-09-24T13:00:00+00:00,113010.80,113050.00,112926.20,112955.00,527.564
2025-09-24T13:15:00+00:00,112955.10,113104.00,112954.50,112995.10,1232.647
2025-09-24T13:30:00+00:00,112995.00,113177.60,112862.60,113045.20,2249.771
2025-09-24T13:45:00+00:00,113045.20,113080.70,112760.00,112780.20,2667.196
2025-09-24T14:00:00+00:00,112780.20,113134.00,112780.10,113094.10,1650.396
2025-09-24T14:15:00+00:00,113094.10,113125.00,112960.20,113101.30,776.650
2025-09-24T14:30:00+00:00,113101.30,113342.10,113047.00,113322.80,2392.544
2025-09-24T14:45:00+00:00,113322.80,113850.00,113255.60,113662.70,6700.159
2025-09-24T15:00:00+00:00,113662.60,113843.00,113404.50,113430.10,3304.118
2025-09-24T15:15:00+00:00,113430.20,113671.90,113420.50,113599.40,1173.706
2025-09-24T15:30:00+00:00,113599.40,113661.90,113501.30,113661.90,774.056
2025-09-24T15:45:00+00:00,113661.90,113661.90,113191.50,113299.90,2210.653
2025-09-24T16:00:00+00:00,113300.00,113384.60,113107.40,113231.00,1895.388
2025-09-24T16:15:00+00:00,113231.10,113540.40,113217.10,113521.40,988.689
2025-09-24T16:30:00+00:00,113521.40,113676.20,113457.50,113618.50,990.201
2025-09-24T16:45:00+00:00,113618.50,113700.00,113569.00,113668.90,611.510
2025-09-24T17:00:00+00:00,113668.90,113878.30,113550.60,113802.80,1194.004
2025-09-24T17:15:00+00:00,113802.80,113802.90,113634.00,113717.20,769.389
2025-09-24T17:30:00+00:00,113717.20,113895.80,113717.20,113788.50,1359.067
2025-09-24T17:45:00+00:00,113788.60,113788.60,113602.50,113700.10,1131.066
2025-09-24T18:00:00+00:00,113700.10,113777.50,113505.00,113567.10,1190.753
2025-09-24T18:15:00+00:00,113566.90,113638.60,113472.00,113632.10,664.506
2025-09-24T18:30:00+00:00,113632.10,113677.10,113530.50,113604.10,334.950
2025-09-24T18:45:00+00:00,113604.00,113629.90,113423.90,113595.00,769.498
2025-09-24T19:00:00+00:00,113595.10,113632.40,113491.20,113547.90,456.028
2025-09-24T19:15:00+00:00,113547.80,113572.80,113423.50,113442.60,479.009
2025-09-24T19:30:00+00:00,113442.50,113456.30,113252.30,113278.10,1016.514
2025-09-24T19:45:00+00:00,113278.10,113438.90,113230.70,113371.70,952.078
2025-09-24T20:00:00+00:00,113371.70,113494.90,113338.80,113470.20,632.443
2025-09-24T20:15:00+00:00,113470.20,113551.90,113450.00,113490.40,421.153
2025-09-24T20:30:00+00:00,113490.40,113496.10,113378.10,113481.00,419.661
2025-09-24T20:45:00+00:00,113480.90,113557.00,113439.10,113447.60,386.477
2025-09-24T21:00:00+00:00,113447.50,113529.60,113409.40,113520.80,422.476
2025-09-24T21:15:00+00:00,113520.30,113522.80,113449.40,113522.60,161.995
2025-09-24T21:30:00+00:00,113522.60,113522.70,113275.20,113279.90,591.752
2025-09-24T21:45:00+00:00,113279.90,113480.00,113220.20,113284.30,463.870
2025-09-24T22:00:00+00:00,113284.30,113590.00,113284.20,113577.00,1038.153
2025-09-24T22:15:00+00:00,113577.00,113589.90,113408.10,113427.70,364.446
2025-09-24T22:30:00+00:00,113427.60,113450.80,113306.10,113306.10,377.739
2025-09-24T22:45:00+00:00,113306.10,113306.10,113193.90,113274.80,680.810
2025-09-24T23:00:00+00:00,113274.70,113357.90,113272.80,113295.70,371.413
2025-09-24T23:15:00+00:00,113295.70,113374.00,113158.90,113292.20,921.306
2025-09-24T23:30:00+00:00,113292.20,113292.30,113145.00,113170.00,721.428
2025-09-24T23:45:00+00:00,113169.90,113285.00,113143.30,113254.00,561.949
2025-09-25T00:00:00+00:00,113253.90,113462.10,113215.00,113418.70,867.752
2025-09-25T00:15:00+00:00,113418.70,113418.80,113075.00,113075.20,999.326
2025-09-25T00:30:00+00:00,113075.20,113250.00,112996.00,113146.00,1177.881
2025-09-25T00:45:00+00:00,113146.00,113203.40,112886.10,113002.10,1513.850
2025-09-25T01:00:00+00:00,113002.00,113322.00,112850.40,113208.10,1360.368
2025-09-25T01:15:00+00:00,113207.70,113256.60,112974.50,113033.10,1099.872
2025-09-25T01:30:00+00:00,113033.00,113033.00,112586.60,112644.20,2818.032
2025-09-25T01:45:00+00:00,112644.20,112768.00,112380.10,112615.70,4565.772
2025-09-25T02:00:00+00:00,112615.70,112863.40,112600.70,112622.30,1771.285
2025-09-25T02:15:00+00:00,112622.40,112753.90,112453.30,112691.90,1720.663
2025-09-25T02:30:00+00:00,112691.80,113140.80,112691.80,112858.10,1647.051
2025-09-25T02:45:00+00:00,112858.10,113000.00,112800.10,112852.00,722.276
2025-09-25T03:00:00+00:00,112852.10,112852.10,112667.30,112690.60,502.742
2025-09-25T03:15:00+00:00,112690.60,112730.10,112275.20,112311.90,2992.855
2025-09-25T03:30:00+00:00,112311.90,112490.00,112155.60,112379.80,2040.465
2025-09-25T03:45:00+00:00,112379.80,112572.00,112320.00,112485.80,1368.804
2025-09-25T04:00:00+00:00,112485.70,112574.60,112160.70,112232.70,1508.016
2025-09-25T04:15:00+00:00,112232.70,112249.10,111641.10,111880.10,6408.751
2025-09-25T04:30:00+00:00,111880.20,111884.60,111611.00,111838.60,2946.562
2025-09-25T04:45:00+00:00,111838.60,111864.50,111540.00,111684.30,2672.215
2025-09-25T05:00:00+00:00,111684.30,111869.40,111540.00,111792.00,1834.409
2025-09-25T05:15:00+00:00,111792.10,111994.00,111755.40,111935.30,1568.611
2025-09-25T05:30:00+00:00,111935.30,111935.30,111711.50,111724.50,822.253
2025-09-25T05:45:00+00:00,111724.50,111769.80,111593.80,111690.40,803.934
2025-09-25T06:00:00+00:00,111690.40,111750.20,111540.40,111540.90,1033.337
2025-09-25T06:15:00+00:00,111540.90,111802.10,111500.00,111650.50,1298.617
2025-09-25T06:30:00+00:00,111650.50,111751.10,111563.00,111567.50,622.124
2025-09-25T06:45:00+00:00,111567.50,111620.00,111451.00,111474.40,951.731
2025-09-25T07:00:00+00:00,111474.50,111686.50,111389.00,111553.70,1773.904
2025-09-25T07:15:00+00:00,111553.70,111836.70,111534.70,111800.00,1192.699
2025-09-25T07:30:00+00:00,111800.00,111834.40,111724.30,111774.40,566.906
2025-09-25T07:45:00+00:00,111774.40,111800.00,111670.00,111708.50,471.121
2025-09-25T08:00:00+00:00,111708.50,111933.30,111708.40,111933.30,948.906
2025-09-25T08:15:00+00:00,111933.60,111980.40,111825.30,111980.30,844.838
2025-09-25T08:30:00+00:00,111980.40,111980.40,111692.30,111714.00,760.015
2025-09-25T08:45:00+00:00,111714.00,111751.50,111636.10,111678.70,696.784
2025-09-25T09:00:00+00:00,111678.70,111843.30,111662.00,111834.20,840.965
2025-09-25T09:15:00+00:00,111834.30,112220.30,111816.20,112032.30,2523.460
2025-09-25T09:30:00+00:00,112032.20,112079.50,111780.30,111780.40,969.190
2025-09-25T09:45:00+00:00,111780.30,111780.30,111510.40,111510.40,1127.063
2025-09-25T10:00:00+00:00,111510.40,111652.60,111471.00,111634.70,800.501
2025-09-25T10:15:00+00:00,111634.70,111821.60,111634.70,111718.10,700.870
2025-09-25T10:30:00+00:00,111718.10,111782.50,111531.90,111572.90,675.277
2025-09-25T10:45:00+00:00,111572.90,111629.10,111530.20,111601.60,424.073
2025-09-25T11:00:00+00:00,111601.60,111676.90,111411.40,111504.00,1173.869
2025-09-25T11:15:00+00:00,111503.90,111541.30,111360.00,111498.40,1017.009
2025-09-25T11:30:00+00:00,111498.40,111544.60,111320.00,111378.40,1151.922
2025-09-25T11:45:00+00:00,111378.50,111444.30,111234.80,111316.10,1286.112
2025-09-25T12:00:00+00:00,111316.00,111600.20,111271.90,111514.80,1150.507
2025-09-25T12:15:00+00:00,111514.70,111517.70,111089.20,111094.60,1870.829
2025-09-25T12:30:00+00:00,111094.50,111617.30,111000.00,111334.70,5017.863
2025-09-25T12:45:00+00:00,111334.70,111343.10,111070.50,111080.00,2063.414
2025-09-25T13:00:00+00:00,111079.90,111240.40,110802.80,111216.80,4863.051
2025-09-25T13:15:00+00:00,111216.90,111645.30,111138.60,111566.50,3635.127
2025-09-25T13:30:00+00:00,111566.50,111682.60,110555.00,110672.40,4975.466
2025-09-25T13:45:00+00:00,110672.40,111055.70,110615.30,110958.50,3213.707
2025-09-25T14:00:00+00:00,110958.40,111258.90,110935.90,111250.00,1848.574
2025-09-25T14:15:00+00:00,111250.10,111680.80,111250.10,111443.10,4422.672
2025-09-25T14:30:00+00:00,111443.00,111680.00,111304.10,111443.50,1710.205
2025-09-25T14:45:00+00:00,111443.50,111560.00,111332.40,111483.00,828.402
2025-09-25T15:00:00+00:00,111483.00,111538.40,111144.50,111283.50,1401.942
2025-09-25T15:15:00+00:00,111283.40,111300.00,110807.20,110905.70,1933.644
2025-09-25T15:30:00+00:00,110905.70,111371.80,110871.20,111264.50,1795.216
2025-09-25T15:45:00+00:00,111264.60,111538.40,111169.50,111538.40,1368.881
2025-09-25T16:00:00+00:00,111538.40,111636.60,111415.70,111477.10,1918.029
2025-09-25T16:15:00+00:00,111477.10,111488.00,111043.10,111074.60,1139.640
2025-09-25T16:30:00+00:00,111074.70,111250.00,110926.50,111044.10,950.497
2025-09-25T16:45:00+00:00,111044.10,111116.30,110852.00,110907.90,1423.327
2025-09-25T17:00:00+00:00,110908.00,110930.00,110087.60,110088.70,4515.137
2025-09-25T17:15:00+00:00,110087.60,110404.80,109800.00,109883.20,8454.731
2025-09-25T17:30:00+00:00,109883.20,109936.70,109329.00,109329.00,6025.603
2025-09-25T17:45:00+00:00,109329.00,109420.60,108578.20,108793.90,7574.765
2025-09-25T18:00:00+00:00,108793.90,109205.90,108574.10,109177.40,5752.554
2025-09-25T18:15:00+00:00,109177.40,109600.00,109068.50,109398.40,3454.523
2025-09-25T18:30:00+00:00,109398.40,109586.00,109212.30,109432.30,1627.772
2025-09-25T18:45:00+00:00,109432.30,109759.70,109270.00,109708.30,1663.452
2025-09-25T19:00:00+00:00,109708.40,109820.00,109583.20,109620.00,1291.801
2025-09-25T19:15:00+00:00,109619.90,109926.70,109619.90,109771.50,1214.904
2025-09-25T19:30:00+00:00,109771.60,109850.00,109433.10,109496.20,1413.282
2025-09-25T19:45:00+00:00,109496.30,109506.70,109250.00,109320.50,2118.862
2025-09-25T20:00:00+00:00,109320.50,109447.90,109138.20,109194.20,1207.190
2025-09-25T20:15:00+00:00,109194.30,109384.60,109153.00,109310.80,762.900
2025-09-25T20:30:00+00:00,109310.80,109331.00,109020.50,109156.00,1175.972
2025-09-25T20:45:00+00:00,109155.90,109244.80,109005.00,109126.80,677.662
2025-09-25T21:00:00+00:00,109126.90,109619.50,109113.50,109415.00,1170.293
2025-09-25T21:15:00+00:00,109415.00,109547.20,109257.10,109260.20,572.977
2025-09-25T21:30:00+00:00,109260.20,109269.20,109018.90,109126.00,727.739
2025-09-25T21:45:00+00:00,109126.00,109458.30,109125.90,109360.80,497.181
2025-09-25T22:00:00+00:00,109360.80,109485.40,109252.70,109476.50,806.731
2025-09-25T22:15:00+00:00,109476.40,109534.90,109381.80,109423.70,767.292
2025-09-25T22:30:00+00:00,109423.60,109437.70,109272.70,109380.70,415.942
2025-09-25T22:45:00+00:00,109380.70,109380.70,109200.10,109369.50,702.326
2025-09-25T23:00:00+00:00,109369.60,109637.30,109329.00,109434.30,1021.592
2025-09-25T23:15:00+00:00,109434.40,109496.20,109230.70,109386.60,892.258
2025-09-25T23:30:00+00:00,109386.70,109386.70,108694.80,109029.90,3846.180
2025-09-25T23:45:00+00:00,109030.00,109034.60,108801.30,108934.50,1196.089
2025-09-26T00:00:00+00:00,108934.60,109315.90,108898.80,109247.10,1815.983
2025-09-26T00:15:00+00:00,109247.10,109350.00,109175.10,109254.30,1151.880
2025-09-26T00:30:00+00:00,109254.20,109262.20,108750.00,108753.20,1789.412
2025-09-26T00:45:00+00:00,108753.20,109563.90,108753.10,109419.10,2999.479
2025-09-26T01:00:00+00:00,109419.10,109605.40,109259.00,109584.70,1610.075
2025-09-26T01:15:00+00:00,109584.70,109713.80,109509.30,109517.00,1014.591
2025-09-26T01:30:00+00:00,109517.10,109658.70,109501.50,109609.10,595.417
2025-09-26T01:45:00+00:00,109609.00,109720.00,109546.10,109640.00,845.043
2025-09-26T02:00:00+00:00,109640.10,109766.00,109540.00,109618.40,849.047
2025-09-26T02:15:00+00:00,109618.50,109750.30,109515.40,109531.70,584.502
2025-09-26T02:30:00+00:00,109531.70,109620.70,109439.00,109579.10,468.800
2025-09-26T02:45:00+00:00,109579.10,109712.70,109532.40,109581.80,434.750
2025-09-26T03:00:00+00:00,109581.80,109596.30,109323.50,109487.10,884.717
2025-09-26T03:15:00+00:00,109487.20,109591.10,109301.90,109311.60,952.417
2025-09-26T03:30:00+00:00,109311.80,109377.10,109241.10,109374.10,503.514
2025-09-26T03:45:00+00:00,109374.20,109610.40,109269.00,109537.60,856.859
2025-09-26T04:00:00+00:00,109537.50,109582.20,109407.40,109453.70,621.941
2025-09-26T04:15:00+00:00,109453.60,109588.80,109360.50,109366.00,617.184
2025-09-26T04:30:00+00:00,109366.00,109366.10,109200.00,109219.30,501.990
2025-09-26T04:45:00+00:00,109219.40,109339.40,109201.20,109300.00,325.672
2025-09-26T05:00:00+00:00,109300.00,109430.00,109263.80,109341.30,501.246
2025-09-26T05:15:00+00:00,109341.40,109538.40,109341.30,109505.00,520.052
2025-09-26T05:30:00+00:00,109505.10,109513.90,109257.80,109304.90,492.129
2025-09-26T05:45:00+00:00,109304.90,109349.30,109027.10,109202.80,1984.420
2025-09-26T06:00:00+00:00,109202.80,109275.60,108955.00,109219.90,1459.333
2025-09-26T06:15:00+00:00,109219.90,109584.50,109203.70,109434.90,2092.235
2025-09-26T06:30:00+00:00,109434.90,109560.00,109363.80,109509.90,530.554
2025-09-26T06:45:00+00:00,109510.00,109510.00,109252.30,109298.80,960.757
2025-09-26T07:00:00+00:00,109298.80,109508.00,109298.80,109499.70,1251.057
2025-09-26T07:15:00+00:00,109499.80,109538.30,109223.90,109223.90,1228.606
2025-09-26T07:30:00+00:00,109223.90,109224.00,108841.00,108870.10,3776.606
2025-09-26T07:45:00+00:00,108870.10,109285.00,108870.00,109257.30,2299.618
2025-09-26T08:00:00+00:00,109257.40,109446.40,109246.70,109388.30,1438.060
2025-09-26T08:15:00+00:00,109388.30,109479.20,109314.40,109464.30,854.317
2025-09-26T08:30:00+00:00,109464.30,109559.50,109411.90,109555.00,783.754
2025-09-26T08:45:00+00:00,109554.90,109568.00,109478.40,109520.20,537.544
2025-09-26T09:00:00+00:00,109520.20,109627.20,109390.00,109627.10,800.741
2025-09-26T09:15:00+00:00,109627.10,109653.60,109565.10,109605.60,636.134
2025-09-26T09:30:00+00:00,109605.60,109639.50,109349.00,109373.90,948.596
2025-09-26T09:45:00+00:00,109373.90,109543.40,109363.10,109522.50,575.408
2025-09-26T10:00:00+00:00,109522.40,109532.00,109110.10,109140.00,1026.355
2025-09-26T10:15:00+00:00,109140.00,109140.00,108899.90,109035.00,2340.668
2025-09-26T10:30:00+00:00,109035.10,109087.00,108700.00,108778.90,1977.609
2025-09-26T10:45:00+00:00,108778.80,108900.00,108645.90,108848.20,1442.170
2025-09-26T11:00:00+00:00,108848.20,108906.40,108690.80,108725.80,1073.162
2025-09-26T11:15:00+00:00,108725.90,108796.60,108566.00,108697.80,1690.894
2025-09-26T11:30:00+00:00,108697.90,109093.60,108697.70,108996.90,1109.706
2025-09-26T11:45:00+00:00,108997.00,109157.60,108934.50,109082.90,802.950
2025-09-26T12:00:00+00:00,109082.90,109082.90,108824.40,108824.40,766.223
2025-09-26T12:15:00+00:00,108824.40,109109.20,108757.50,109068.60,803.013
2025-09-26T12:30:00+00:00,109068.60,109534.10,108877.80,109457.30,4546.895
2025-09-26T12:45:00+00:00,109457.30,109506.10,109138.40,109330.10,1489.417
2025-09-26T13:00:00+00:00,109330.10,109479.20,109106.00,109111.30,1243.633
2025-09-26T13:15:00+00:00,109111.30,109294.30,109035.40,109133.90,859.416
2025-09-26T13:30:00+00:00,109133.80,109595.20,108950.00,109570.00,2610.124
2025-09-26T13:45:00+00:00,109570.00,109742.30,109442.80,109621.30,3628.096
2025-09-26T14:00:00+00:00,109621.30,109731.50,109213.90,109266.60,2228.314
2025-09-26T14:15:00+00:00,109266.60,109395.30,108863.00,109040.00,2263.953
2025-09-26T14:30:00+00:00,109040.00,109096.20,108656.80,108863.90,2483.534
2025-09-26T14:45:00+00:00,108863.80,109066.40,108723.00,108796.70,1160.662
2025-09-26T15:00:00+00:00,108796.80,109080.00,108753.50,108889.20,1518.842
2025-09-26T15:15:00+00:00,108889.10,109276.00,108830.90,109258.60,1421.938
2025-09-26T15:30:00+00:00,109258.60,109313.70,109080.00,109229.40,574.655
2025-09-26T15:45:00+00:00,109229.40,109229.40,108953.40,108976.00,669.751
2025-09-26T16:00:00+00:00,108976.00,109280.00,108976.00,109228.00,680.084
2025-09-26T16:15:00+00:00,109228.00,109576.50,109212.80,109472.60,1210.731
2025-09-26T16:30:00+00:00,109472.70,109500.00,109211.10,109289.30,554.103
2025-09-26T16:45:00+00:00,109289.00,109449.70,109252.00,109408.60,459.526
2025-09-26T17:00:00+00:00,109408.50,109546.50,109337.40,109521.70,874.955
2025-09-26T17:15:00+00:00,109521.60,109966.50,109460.90,109868.10,2261.724
2025-09-26T17:30:00+00:00,109868.20,109910.40,109645.30,109893.60,1532.261
2025-09-26T17:45:00+00:00,109893.50,109930.00,109700.00,109847.30,1762.419
2025-09-26T18:00:00+00:00,109847.40,109952.00,109767.10,109940.50,1269.215
2025-09-26T18:15:00+00:00,109940.50,110250.00,109940.40,110136.80,2000.834
2025-09-26T18:30:00+00:00,110136.80,110140.60,109767.80,109812.90,1281.643
2025-09-26T18:45:00+00:00,109812.90,109910.50,109643.60,109669.90,898.142
2025-09-26T19:00:00+00:00,109669.90,109669.90,109350.20,109466.90,2526.190
2025-09-26T19:15:00+00:00,109466.80,109636.60,109220.60,109225.30,1419.336
2025-09-26T19:30:00+00:00,109225.40,109276.50,108953.70,109032.00,2217.653
2025-09-26T19:45:00+00:00,109032.00,109184.60,108966.80,109115.90,1258.611
2025-09-26T20:00:00+00:00,109115.80,109260.00,109045.10,109248.60,855.940
2025-09-26T20:15:00+00:00,109248.50,109252.50,109028.70,109095.20,669.981
2025-09-26T20:30:00+00:00,109095.20,109183.40,109069.70,109115.60,338.560
2025-09-26T20:45:00+00:00,109115.60,109289.60,109115.60,109233.80,529.791
2025-09-26T21:00:00+00:00,109233.80,109405.00,109127.20,109405.00,431.077
2025-09-26T21:15:00+00:00,109405.00,109427.60,109264.70,109410.40,404.744
2025-09-26T21:30:00+00:00,109410.30,109410.40,109281.20,109281.30,266.295
2025-09-26T21:45:00+00:00,109281.20,109479.20,109250.20,109412.40,361.820
2025-09-26T22:00:00+00:00,109412.40,109488.30,109286.90,109460.40,617.546
2025-09-26T22:15:00+00:00,109460.40,109522.90,109391.60,109445.60,475.707
2025-09-26T22:30:00+00:00,109445.60,109504.10,109431.30,109474.50,479.179
2025-09-26T22:45:00+00:00,109474.60,109554.00,109461.40,109505.20,306.229
2025-09-26T23:00:00+00:00,109505.20,109505.30,109421.60,109428.50,269.985
2025-09-26T23:15:00+00:00,109428.40,109505.30,109373.40,109505.30,238.754
2025-09-26T23:30:00+00:00,109505.20,109633.00,109505.20,109613.40,607.604
2025-09-26T23:45:00+00:00,109613.30,109641.60,109578.10,109588.50,390.600
2025-09-27T00:00:00+00:00,109588.50,109600.30,109519.70,109541.00,509.034
2025-09-27T00:15:00+00:00,109541.00,109606.60,109448.00,109535.50,444.531
2025-09-27T00:30:00+00:00,109535.60,109551.40,109418.00,109432.30,477.133
2025-09-27T00:45:00+00:00,109432.20,109596.10,109432.20,109596.00,259.889
2025-09-27T01:00:00+00:00,109596.10,109607.00,109444.50,109472.00,500.457
2025-09-27T01:15:00+00:00,109472.00,109491.30,109377.00,109430.20,365.850
2025-09-27T01:30:00+00:00,109430.30,109470.90,109267.30,109282.10,853.584
2025-09-27T01:45:00+00:00,109282.20,109389.90,109282.10,109384.30,248.160
2025-09-27T02:00:00+00:00,109384.30,109432.30,109334.90,109384.30,275.656
2025-09-27T02:15:00+00:00,109384.30,109399.50,109277.40,109294.10,312.363
2025-09-27T02:30:00+00:00,109294.20,109400.00,109294.20,109395.30,188.228
2025-09-27T02:45:00+00:00,109395.40,109398.70,109329.80,109348.50,395.402
2025-09-27T03:00:00+00:00,109348.50,109424.80,109323.60,109392.80,393.185
2025-09-27T03:15:00+00:00,109392.90,109515.00,109392.80,109488.00,272.669
2025-09-27T03:30:00+00:00,109488.10,109700.00,109488.00,109585.30,1402.849
2025-09-27T03:45:00+00:00,109585.20,109610.10,109470.30,109503.80,536.567
2025-09-27T04:00:00+00:00,109503.80,109586.40,109472.00,109492.10,392.826
2025-09-27T04:15:00+00:00,109492.20,109645.40,109460.90,109645.40,537.105
2025-09-27T04:30:00+00:00,109645.40,109694.20,109554.70,109554.70,451.188
2025-09-27T04:45:00+00:00,109554.80,109611.60,109550.40,109598.10,93.429
2025-09-27T05:00:00+00:00,109598.20,109598.20,109538.40,109560.40,153.179
2025-09-27T05:15:00+00:00,109560.40,109604.70,109544.80,109561.40,136.097
2025-09-27T05:30:00+00:00,109561.40,109631.20,109561.30,109603.50,265.340
2025-09-27T05:45:00+00:00,109603.40,109620.50,109555.00,109587.00,174.233
2025-09-27T06:00:00+00:00,109587.00,109587.00,109493.00,109521.60,356.436
2025-09-27T06:15:00+00:00,109521.60,109521.70,109470.90,109494.40,234.719
2025-09-27T06:30:00+00:00,109494.40,109494.40,109437.40,109437.40,260.620
2025-09-27T06:45:00+00:00,109437.40,109488.60,109432.20,109488.60,123.674
2025-09-27T07:00:00+00:00,109488.60,109509.60,109465.30,109507.50,206.951
2025-09-27T07:15:00+00:00,109507.60,109517.40,109441.50,109441.50,191.854
2025-09-27T07:30:00+00:00,109441.60,109441.60,109326.10,109327.60,438.291
2025-09-27T07:45:00+00:00,109327.70,109364.80,109284.30,109354.80,319.049
2025-09-27T08:00:00+00:00,109354.90,109354.90,109216.70,109239.20,869.620
2025-09-27T08:15:00+00:00,109238.80,109313.20,109218.00,109313.20,662.229
2025-09-27T08:30:00+00:00,109313.20,109313.20,109256.70,109270.20,402.661
2025-09-27T08:45:00+00:00,109270.10,109288.40,109205.20,109205.20,230.106
2025-09-27T09:00:00+00:00,109205.30,109238.60,109116.00,109127.30,704.698
2025-09-27T09:15:00+00:00,109127.40,109127.40,109021.90,109038.80,798.906
2025-09-27T09:30:00+00:00,109038.80,109246.60,109038.70,109234.40,568.472
2025-09-27T09:45:00+00:00,109234.40,109309.70,109191.00,109250.00,532.234
2025-09-27T10:00:00+00:00,109250.00,109269.90,109218.00,109248.70,252.701
2025-09-27T10:15:00+00:00,109248.70,109254.30,109205.30,109239.80,267.847
2025-09-27T10:30:00+00:00,109239.80,109449.20,109239.70,109356.10,1058.693
2025-09-27T10:45:00+00:00,109356.10,109433.60,109348.00,109385.40,533.206
2025-09-27T11:00:00+00:00,109385.40,109401.90,109287.90,109287.90,251.396
2025-09-27T11:15:00+00:00,109287.90,109306.30,109250.10,109286.00,226.531
2025-09-27T11:30:00+00:00,109286.00,109296.70,109244.70,109247.50,98.650
2025-09-27T11:45:00+00:00,109247.60,109265.90,109237.00,109265.80,145.902
2025-09-27T12:00:00+00:00,109265.80,109283.30,109193.60,109213.10,380.737
2025-09-27T12:15:00+00:00,109213.00,109255.00,109201.00,109212.80,124.538
2025-09-27T12:30:00+00:00,109212.70,109395.20,109190.80,109362.30,671.377
2025-09-27T12:45:00+00:00,109362.40,109444.20,109311.00,109355.20,725.293
2025-09-27T13:00:00+00:00,109355.20,109372.70,109265.00,109265.00,614.918
2025-09-27T13:15:00+00:00,109265.00,109343.40,109265.00,109320.20,270.728
2025-09-27T13:30:00+00:00,109320.10,109320.20,109267.20,109317.70,292.834
2025-09-27T13:45:00+00:00,109317.70,109329.60,109264.90,109264.90,194.908
2025-09-27T14:00:00+00:00,109264.90,109346.00,109264.90,109306.90,211.635
2025-09-27T14:15:00+00:00,109306.90,109307.00,109264.90,109278.50,178.262
2025-09-27T14:30:00+00:00,109278.60,109312.50,109248.40,109248.50,225.035
2025-09-27T14:45:00+00:00,109248.40,109261.60,109201.30,109244.00,451.433
2025-09-27T15:00:00+00:00,109243.90,109244.00,109145.00,109182.90,825.092
2025-09-27T15:15:00+00:00,109182.90,109287.80,109177.70,109215.90,717.495
2025-09-27T15:30:00+00:00,109215.90,109346.00,109165.10,109287.20,581.555
2025-09-27T15:45:00+00:00,109287.20,109384.60,109263.40,109340.70,582.249
2025-09-27T16:00:00+00:00,109340.80,109369.60,109277.70,109290.80,582.695
2025-09-27T16:15:00+00:00,109290.80,109367.10,109260.00,109332.80,303.276
2025-09-27T16:30:00+00:00,109332.70,109380.00,109289.60,109313.70,324.977
2025-09-27T16:45:00+00:00,109313.60,109364.00,109255.60,109338.20,551.531
2025-09-27T17:00:00+00:00,109338.30,109347.70,109236.50,109275.00,514.935
2025-09-27T17:15:00+00:00,109275.00,109280.00,109188.10,109254.30,481.354
2025-09-27T17:30:00+00:00,109254.30,109329.40,109233.30,109289.40,402.275
2025-09-27T17:45:00+00:00,109289.40,109371.70,109224.80,109331.40,457.357
2025-09-27T18:00:00+00:00,109330.90,109384.60,109291.40,109365.70,518.617
2025-09-27T18:15:00+00:00,109365.80,109374.90,109345.30,109366.90,149.577
2025-09-27T18:30:00+00:00,109367.00,109375.00,109324.50,109329.30,185.075
2025-09-27T18:45:00+00:00,109329.30,109397.60,109329.30,109383.20,126.852
2025-09-27T19:00:00+00:00,109383.30,109394.20,109371.90,109371.90,74.854
2025-09-27T19:15:00+00:00,109371.90,109390.00,109345.50,109370.60,228.983
2025-09-27T19:30:00+00:00,109370.70,109384.20,109331.40,109348.00,195.884
2025-09-27T19:45:00+00:00,109348.00,109371.70,109347.90,109369.30,72.743
2025-09-27T20:00:00+00:00,109369.40,109388.80,109322.00,109340.30,190.943
2025-09-27T20:15:00+00:00,109340.30,109340.40,109305.50,109315.90,101.687
2025-09-27T20:30:00+00:00,109316.00,109371.50,109315.90,109342.80,120.264
2025-09-27T20:45:00+00:00,109342.70,109342.80,109333.30,109333.30,68.590
2025-09-27T21:00:00+00:00,109333.40,109338.10,109333.30,109338.10,103.649
2025-09-27T21:15:00+00:00,109338.00,109383.30,109338.00,109383.30,187.269
2025-09-27T21:30:00+00:00,109383.30,109435.40,109383.20,109396.30,320.783
2025-09-27T21:45:00+00:00,109396.40,109420.30,109396.30,109420.30,99.231
2025-09-27T22:00:00+00:00,109420.20,109567.60,109420.20,109567.60,777.039
2025-09-27T22:15:00+00:00,109567.50,109653.20,109558.90,109653.20,535.030
2025-09-27T22:30:00+00:00,109653.20,109653.20,109531.40,109538.50,434.049
2025-09-27T22:45:00+00:00,109538.50,109550.60,109452.00,109550.60,263.365
2025-09-27T23:00:00+00:00,109550.60,109590.00,109480.00,109540.60,270.689
2025-09-27T23:15:00+00:00,109540.60,109540.70,109399.30,109486.30,401.159
2025-09-27T23:30:00+00:00,109486.30,109556.50,109486.20,109545.70,192.991
2025-09-27T23:45:00+00:00,109545.60,109627.20,109541.10,109577.30,211.712
2025-09-28T00:00:00+00:00,109577.20,109620.00,109489.60,109510.00,420.233
2025-09-28T00:15:00+00:00,109510.00,109749.90,109503.10,109728.10,611.347
2025-09-28T00:30:00+00:00,109728.10,109737.20,109518.00,109617.10,615.553
2025-09-28T00:45:00+00:00,109617.10,109655.90,109501.90,109556.30,810.440
2025-09-28T01:00:00+00:00,109556.30,109608.30,109412.90,109435.60,1167.392
2025-09-28T01:15:00+00:00,109435.60,109506.30,109408.00,109441.20,842.061
2025-09-28T01:30:00+00:00,109441.20,109489.70,109310.00,109378.60,719.024
2025-09-28T01:45:00+00:00,109378.60,109387.10,109284.10,109305.60,1050.184
2025-09-28T02:00:00+00:00,109305.50,109405.00,109296.00,109328.10,314.032
2025-09-28T02:15:00+00:00,109328.20,109445.00,109317.20,109445.00,440.401
2025-09-28T02:30:00+00:00,109445.00,109496.40,109380.10,109405.30,470.121
2025-09-28T02:45:00+00:00,109405.40,109413.30,109342.90,109398.80,267.147
2025-09-28T03:00:00+00:00,109398.90,109489.20,109398.90,109432.80,380.918
2025-09-28T03:15:00+00:00,109432.70,109443.40,109405.00,109410.30,163.434
2025-09-28T03:30:00+00:00,109410.30,109433.20,109364.20,109365.50,199.449
2025-09-28T03:45:00+00:00,109365.40,109397.30,109365.40,109397.30,93.474
2025-09-28T04:00:00+00:00,109397.30,109445.10,109381.10,109417.60,171.561
2025-09-28T04:15:00+00:00,109417.60,109439.00,109316.30,109316.40,226.971
2025-09-28T04:30:00+00:00,109316.30,109352.10,109315.50,109329.40,166.983
2025-09-28T04:45:00+00:00,109329.30,109329.40,109316.10,109329.40,104.098
2025-09-28T05:00:00+00:00,109329.40,109345.00,109302.00,109302.00,208.220
2025-09-28T05:15:00+00:00,109302.00,109351.60,109302.00,109346.90,178.952
2025-09-28T05:30:00+00:00,109347.00,109349.50,109300.00,109302.20,138.936
2025-09-28T05:45:00+00:00,109302.20,109303.40,109292.00,109303.20,150.488
2025-09-28T06:00:00+00:00,109303.20,109338.50,109302.40,109332.90,128.181
2025-09-28T06:15:00+00:00,109332.80,109332.90,109227.20,109227.20,297.928
2025-09-28T06:30:00+00:00,109227.20,109410.40,109203.90,109386.80,494.124
2025-09-28T06:45:00+00:00,109386.80,109386.90,109329.60,109358.70,199.098
2025-09-28T07:00:00+00:00,109358.80,109365.30,109294.20,109323.40,181.617
2025-09-28T07:15:00+00:00,109323.40,109450.00,109323.30,109402.30,598.050
2025-09-28T07:30:00+00:00,109402.30,109456.60,109393.00,109417.20,335.092
2025-09-28T07:45:00+00:00,109417.20,109500.00,109417.20,109468.50,448.035
2025-09-28T08:00:00+00:00,109468.40,109544.80,109430.50,109457.70,364.897
2025-09-28T08:15:00+00:00,109457.80,109489.30,109372.80,109484.30,618.061
2025-09-28T08:30:00+00:00,109484.30,109505.90,109427.00,109476.30,458.288
2025-09-28T08:45:00+00:00,109476.40,109531.70,109460.00,109462.70,456.751
2025-09-28T09:00:00+00:00,109462.70,109500.00,109309.20,109309.30,737.810
2025-09-28T09:15:00+00:00,109309.30,109410.70,109279.90,109405.40,572.731
2025-09-28T09:30:00+00:00,109405.40,109520.40,109394.40,109520.40,781.005
2025-09-28T09:45:00+00:00,109520.30,109520.40,109441.90,109477.50,463.088
2025-09-28T10:00:00+00:00,109477.40,109477.50,109363.60,109402.40,415.730
2025-09-28T10:15:00+00:00,109402.40,109429.70,109377.30,109392.20,186.191
2025-09-28T10:30:00+00:00,109392.20,109417.00,109316.50,109349.70,392.238
2025-09-28T10:45:00+00:00,109349.70,109355.40,109313.10,109323.40,168.395
2025-09-28T11:00:00+00:00,109323.40,109329.00,109271.10,109280.10,289.029
2025-09-28T11:15:00+00:00,109280.00,109282.70,109188.00,109225.60,1061.467
2025-09-28T11:30:00+00:00,109225.60,109294.30,109224.20,109244.70,318.705
2025-09-28T11:45:00+00:00,109244.80,109399.00,109200.00,109319.90,552.184
2025-09-28T12:00:00+00:00,109319.90,109396.90,109303.70,109381.00,842.303
2025-09-28T12:15:00+00:00,109380.90,109390.00,109314.70,109383.60,475.146
2025-09-28T12:30:00+00:00,109383.50,109400.00,109156.00,109189.90,750.445
2025-09-28T12:45:00+00:00,109190.00,109291.30,109136.50,109266.90,1577.875
2025-09-28T13:00:00+00:00,109266.80,109392.70,109266.80,109367.50,589.696
2025-09-28T13:15:00+00:00,109367.50,109447.00,109325.20,109429.90,715.316
2025-09-28T13:30:00+00:00,109429.80,109580.40,109411.30,109550.20,1295.801
2025-09-28T13:45:00+00:00,109550.20,109625.10,109523.60,109580.90,831.399
2025-09-28T14:00:00+00:00,109580.80,109580.90,109455.90,109479.60,732.331
2025-09-28T14:15:00+00:00,109479.50,109673.90,109479.50,109665.90,672.398
2025-09-28T14:30:00+00:00,109665.90,109700.00,109580.40,109641.00,748.364
2025-09-28T14:45:00+00:00,109641.10,109842.90,109627.40,109801.20,2169.187
2025-09-28T15:00:00+00:00,109801.20,109871.00,109656.50,109718.30,1883.114
2025-09-28T15:15:00+00:00,109718.30,109857.00,109718.20,109857.00,709.278
2025-09-28T15:30:00+00:00,109857.00,109883.00,109747.20,109883.00,967.620
2025-09-28T15:45:00+00:00,109883.00,109990.00,109853.60,109990.00,1400.930
2025-09-28T16:00:00+00:00,109990.00,110350.00,109989.90,110143.00,2684.510
2025-09-28T16:15:00+00:00,110143.10,110177.70,109992.20,110094.00,1491.543
2025-09-28T16:30:00+00:00,110094.00,110145.80,109952.20,110103.50,872.267
2025-09-28T16:45:00+00:00,110103.40,110187.90,110091.50,110172.50,514.935
2025-09-28T17:00:00+00:00,110172.50,110324.50,110144.60,110279.80,1205.163
2025-09-28T17:15:00+00:00,110279.80,110297.60,110074.40,110146.70,1136.044
2025-09-28T17:30:00+00:00,110146.60,110325.70,110121.00,110274.80,986.936
2025-09-28T17:45:00+00:00,110274.80,110314.60,110139.60,110153.50,715.810
2025-09-28T18:00:00+00:00,110153.40,110195.40,110003.00,110057.30,973.946
2025-09-28T18:15:00+00:00,110057.20,110139.60,110057.20,110082.30,328.388
2025-09-28T18:30:00+00:00,110082.30,110143.40,110074.70,110137.40,233.749
2025-09-28T18:45:00+00:00,110137.50,110237.50,110137.40,110237.50,243.016
2025-09-28T19:00:00+00:00,110237.50,110284.30,110063.70,110063.80,336.725
2025-09-28T19:15:00+00:00,110063.70,110293.80,110060.00,110290.00,284.911
2025-09-28T19:30:00+00:00,110290.20,110290.30,110232.90,110282.50,366.689
2025-09-28T19:45:00+00:00,110282.40,110333.00,110240.70,110281.60,202.126
2025-09-28T20:00:00+00:00,110281.70,110390.50,110236.60,110377.70,530.763
2025-09-28T20:15:00+00:00,110377.80,110598.00,110350.00,110590.30,1505.876
2025-09-28T20:30:00+00:00,110590.30,110888.00,110590.30,110877.80,2555.287
2025-09-28T20:45:00+00:00,110877.70,110887.80,110676.80,110748.00,938.007
2025-09-28T21:00:00+00:00,110748.00,110835.80,110748.00,110800.00,542.862
2025-09-28T21:15:00+00:00,110799.90,110800.00,110654.00,110661.70,458.232
2025-09-28T21:30:00+00:00,110661.80,110661.80,110568.70,110626.00,402.637
2025-09-28T21:45:00+00:00,110625.90,110788.20,110625.90,110788.10,255.610
2025-09-28T22:00:00+00:00,110788.10,111487.00,110788.10,111411.80,5583.487
2025-09-28T22:15:00+00:00,111411.90,111777.00,111373.30,111682.60,3355.936
2025-09-28T22:30:00+00:00,111682.50,111929.80,111669.50,111849.90,2337.494
2025-09-28T22:45:00+00:00,111849.90,111981.20,111800.00,111881.50,1629.701
2025-09-28T23:00:00+00:00,111881.40,112300.00,111881.40,112050.30,4517.229
2025-09-28T23:15:00+00:00,112050.40,112197.20,111914.00,112050.00,1566.266
2025-09-28T23:30:00+00:00,112050.00,112213.20,111968.40,112194.80,845.576
2025-09-28T23:45:00+00:00,112194.80,112213.20,111987.80,112119.60,854.925
2025-09-29T00:00:00+00:00,112119.70,112220.00,111989.40,112053.70,1244.552
2025-09-29T00:15:00+00:00,112053.60,112269.30,111916.00,112146.20,1093.386
2025-09-29T00:30:00+00:00,112146.20,112227.10,111946.60,112007.50,817.654
2025-09-29T00:45:00+00:00,112007.40,112238.90,111989.80,112211.20,877.065
2025-09-29T01:00:00+00:00,112211.20,112259.80,112058.50,112198.60,746.830
2025-09-29T01:15:00+00:00,112198.70,112266.20,111967.30,111994.30,1085.052
2025-09-29T01:30:00+00:00,111994.20,112060.30,111954.50,111995.00,604.213
2025-09-29T01:45:00+00:00,111995.00,111995.00,111652.70,111800.70,3601.332
2025-09-29T02:00:00+00:00,111800.70,111839.90,111664.50,111765.10,1517.049
2025-09-29T02:15:00+00:00,111765.10,111975.50,111717.80,111827.50,1054.219
2025-09-29T02:30:00+00:00,111827.50,111878.80,111578.50,111605.80,1451.558
2025-09-29T02:45:00+00:00,111605.90,111716.40,111562.00,111690.80,1030.086
2025-09-29T03:00:00+00:00,111690.80,111690.80,111517.30,111535.50,1045.243
2025-09-29T03:15:00+00:00,111535.40,111720.00,111535.40,111700.00,1175.217
2025-09-29T03:30:00+00:00,111700.00,111710.00,111650.00,111651.00,383.920
2025-09-29T03:45:00+00:00,111651.00,111817.90,111621.10,111817.90,1020.040
2025-09-29T04:00:00+00:00,111817.90,111846.10,111736.10,111747.70,1452.312
2025-09-29T04:15:00+00:00,111747.70,111800.00,111692.30,111759.60,710.815
2025-09-29T04:30:00+00:00,111759.60,111854.60,111750.00,111814.00,324.587
2025-09-29T04:45:00+00:00,111814.00,111860.00,111752.60,111752.70,359.436
2025-09-29T05:00:00+00:00,111752.60,111769.00,111562.60,111632.30,921.880
2025-09-29T05:15:00+00:00,111632.30,111658.80,111508.70,111579.10,1037.301
2025-09-29T05:30:00+00:00,111579.00,111661.50,111533.20,111650.40,418.566
2025-09-29T05:45:00+00:00,111650.40,111731.50,111642.30,111699.90,431.621
2025-09-29T06:00:00+00:00,111700.00,111742.90,111603.50,111665.10,633.314
2025-09-29T06:15:00+00:00,111665.00,111787.00,111655.40,111741.70,704.800
2025-09-29T06:30:00+00:00,111741.70,111811.10,111682.10,111682.20,581.478
2025-09-29T06:45:00+00:00,111682.20,111698.70,111561.30,111580.10,988.381
2025-09-29T07:00:00+00:00,111580.00,111685.10,111563.70,111578.00,894.367
2025-09-29T07:15:00+00:00,111577.90,111598.60,111501.00,111545.00,946.015
2025-09-29T07:30:00+00:00,111544.90,111742.90,111539.00,111677.00,1163.669
2025-09-29T07:45:00+00:00,111677.10,111814.80,111642.80,111814.70,955.318
2025-09-29T08:00:00+00:00,111814.80,112088.40,111814.70,111926.10,3013.802
2025-09-29T08:15:00+00:00,111926.20,112163.30,111913.90,112147.00,1189.603
2025-09-29T08:30:00+00:00,112147.00,112210.00,112044.60,112210.00,1128.608
2025-09-29T08:45:00+00:00,112209.90,112381.30,112028.40,112033.40,1849.667
2025-09-29T09:00:00+00:00,112033.50,112110.00,111972.60,111972.60,814.069
2025-09-29T09:15:00+00:00,111972.60,112128.00,111927.40,112108.80,667.356
2025-09-29T09:30:00+00:00,112108.80,112166.20,111992.40,112002.30,557.649
2025-09-29T09:45:00+00:00,112002.40,112092.00,111987.00,112050.00,305.299
2025-09-29T10:00:00+00:00,112049.90,112106.50,112029.00,112099.90,735.261
2025-09-29T10:15:00+00:00,112099.90,112185.40,112052.40,112172.80,574.745
2025-09-29T10:30:00+00:00,112172.80,112180.10,111972.40,112001.90,1088.123
2025-09-29T10:45:00+00:00,112001.80,112124.00,111999.10,112034.90,440.974
2025-09-29T11:00:00+00:00,112034.90,112059.40,111862.10,111862.10,1233.795
2025-09-29T11:15:00+00:00,111862.10,112031.20,111862.10,111903.40,873.525
2025-09-29T11:30:00+00:00,111903.40,112061.40,111894.50,112050.00,726.965
2025-09-29T11:45:00+00:00,112050.00,112069.70,112002.80,112052.00,440.172
2025-09-29T12:00:00+00:00,112052.00,112104.20,111990.80,112104.20,456.369
2025-09-29T12:15:00+00:00,112104.20,112337.90,112070.50,112318.60,1179.624
2025-09-29T12:30:00+00:00,112318.70,112492.20,111950.00,112057.00,2217.760
2025-09-29T12:45:00+00:00,112057.00,112181.00,111881.30,111972.60,1043.489
2025-09-29T13:00:00+00:00,111972.30,112069.40,111844.30,112058.00,1446.217
2025-09-29T13:15:00+00:00,112057.90,112266.00,112057.90,112122.30,1460.809
2025-09-29T13:30:00+00:00,112122.30,113283.70,112025.20,113240.40,9305.060
2025-09-29T13:45:00+00:00,113240.30,113443.60,113011.80,113168.20,6799.417
2025-09-29T14:00:00+00:00,113168.10,113775.50,113136.80,113750.00,5023.013
2025-09-29T14:15:00+00:00,113750.00,113881.60,113498.90,113677.10,4784.190
2025-09-29T14:30:00+00:00,113677.10,114149.00,113628.90,114012.50,4975.216
2025-09-29T14:45:00+00:00,114012.60,114188.00,113948.80,113956.70,2924.776
2025-09-29T15:00:00+00:00,113956.80,114060.00,113817.10,113878.00,2765.335
2025-09-29T15:15:00+00:00,113877.90,113950.00,113695.00,113735.20,1778.984
2025-09-29T15:30:00+00:00,113735.70,113948.50,113735.70,113892.40,1216.062
2025-09-29T15:45:00+00:00,113892.40,113898.00,113624.90,113752.00,1173.290
2025-09-29T16:00:00+00:00,113752.00,113982.90,113719.00,113916.10,1270.398
2025-09-29T16:15:00+00:00,113916.00,113968.00,113746.50,113804.90,763.898
2025-09-29T16:30:00+00:00,113804.90,114011.40,113716.00,113719.20,1048.837
2025-09-29T16:45:00+00:00,113719.10,113839.90,113547.00,113580.20,1066.776
2025-09-29T17:00:00+00:00,113580.20,113846.20,113404.50,113736.30,2085.122
2025-09-29T17:15:00+00:00,113736.30,113847.40,113548.60,113837.10,1016.195
2025-09-29T17:30:00+00:00,113837.10,113921.40,113732.50,113882.20,633.844
2025-09-29T17:45:00+00:00,113882.20,114137.80,113873.40,114000.00,2258.772
2025-09-29T18:00:00+00:00,114000.10,114094.20,113860.00,113983.70,851.914
2025-09-29T18:15:00+00:00,113983.70,114004.60,113812.30,113921.70,752.267
2025-09-29T18:30:00+00:00,113921.80,113981.10,113847.80,113949.90,502.267
2025-09-29T18:45:00+00:00,113950.00,114016.90,113949.90,113959.90,439.479
2025-09-29T19:00:00+00:00,113959.90,114041.30,113887.00,113961.40,612.764
2025-09-29T19:15:00+00:00,113961.40,113980.90,113790.50,113934.10,488.257
2025-09-29T19:30:00+00:00,113934.10,114097.30,113826.80,114097.20,811.922
2025-09-29T19:45:00+00:00,114097.30,114349.70,114085.00,114204.80,2916.943
2025-09-29T20:00:00+00:00,114204.90,114353.00,114057.50,114310.50,1597.671
2025-09-29T20:15:00+00:00,114310.60,114316.10,114159.00,114233.40,1275.079
2025-09-29T20:30:00+00:00,114233.40,114377.20,114204.50,114344.70,1033.774
2025-09-29T20:45:00+00:00,114344.80,114344.80,114159.80,114190.30,972.002
2025-09-29T21:00:00+00:00,114190.30,114279.20,114133.20,114133.30,748.759
2025-09-29T21:15:00+00:00,114133.20,114163.70,114080.40,114100.00,360.090
2025-09-29T21:30:00+00:00,114099.90,114135.00,114033.90,114135.00,495.951
2025-09-29T21:45:00+00:00,114134.90,114213.20,114111.40,114120.90,328.207
2025-09-29T22:00:00+00:00,114120.80,114166.10,114057.00,114064.40,475.588
2025-09-29T22:15:00+00:00,114064.40,114064.50,113977.10,114017.90,690.096
2025-09-29T22:30:00+00:00,114018.00,114059.80,113960.60,113979.40,368.660
2025-09-29T22:45:00+00:00,113979.40,114149.40,113979.40,114125.90,662.069
2025-09-29T23:00:00+00:00,114125.90,114296.40,114125.90,114178.40,1048.322
2025-09-29T23:15:00+00:00,114178.50,114319.50,114142.10,114245.30,940.052
2025-09-29T23:30:00+00:00,114245.30,114260.00,114164.30,114174.70,327.464
2025-09-29T23:45:00+00:00,114174.70,114359.10,114174.60,114257.10,1101.770
2025-09-30T00:00:00+00:00,114257.10,114395.10,114148.60,114243.40,1399.446
2025-09-30T00:15:00+00:00,114243.20,114243.20,113985.10,114117.70,992.457
2025-09-30T00:30:00+00:00,114117.70,114381.30,114076.00,114331.00,776.695
2025-09-30T00:45:00+00:00,114331.10,114800.00,114254.40,114465.80,3854.801
2025-09-30T01:00:00+00:00,114465.80,114720.40,114275.30,114714.70,1412.479
2025-09-30T01:15:00+00:00,114714.70,114756.20,114394.00,114576.00,1792.645
2025-09-30T01:30:00+00:00,114576.00,114576.10,114342.50,114401.10,993.220
2025-09-30T01:45:00+00:00,114401.20,114461.50,114210.00,114455.00,974.479
2025-09-30T02:00:00+00:00,114455.00,114542.40,114307.70,114359.20,830.809
2025-09-30T02:15:00+00:00,114359.10,114490.00,114307.60,114425.20,981.108
2025-09-30T02:30:00+00:00,114425.10,114530.00,114383.20,114421.60,553.637
2025-09-30T02:45:00+00:00,114421.60,114538.00,114319.20,114405.50,1136.050
2025-09-30T03:00:00+00:00,114405.60,114473.70,114290.00,114336.00,767.708
2025-09-30T03:15:00+00:00,114336.00,114376.70,114252.50,114284.10,681.961
2025-09-30T03:30:00+00:00,114284.10,114380.70,114246.60,114380.60,483.500
2025-09-30T03:45:00+00:00,114380.70,114403.20,114283.40,114321.50,588.213
2025-09-30T04:00:00+00:00,114321.50,114321.50,114250.00,114270.80,343.605
2025-09-30T04:15:00+00:00,114270.80,114286.70,114140.00,114140.10,632.481
2025-09-30T04:30:00+00:00,114140.10,114231.40,114085.30,114161.70,782.017
2025-09-30T04:45:00+00:00,114161.60,114171.10,114037.10,114037.20,682.994
2025-09-30T05:00:00+00:00,114037.10,114159.10,114000.00,114075.10,986.332
2025-09-30T05:15:00+00:00,114075.00,114084.50,113867.00,113898.20,2774.808
2025-09-30T05:30:00+00:00,113898.20,113968.10,113844.70,113935.10,1013.755
2025-09-30T05:45:00+00:00,113935.00,113944.70,113777.80,113856.90,1032.311
2025-09-30T06:00:00+00:00,113856.90,113960.00,113779.00,113907.70,730.057
2025-09-30T06:15:00+00:00,113907.80,113943.90,113800.00,113869.60,626.048
2025-09-30T06:30:00+00:00,113869.50,114040.90,113861.10,113957.80,572.261
2025-09-30T06:45:00+00:00,113957.90,113957.90,113800.00,113840.20,367.765
2025-09-30T07:00:00+00:00,113840.20,113909.40,113793.00,113870.10,700.131
2025-09-30T07:15:00+00:00,113870.00,113948.70,113825.10,113907.90,413.047
2025-09-30T07:30:00+00:00,113907.90,113908.00,113540.00,113580.40,1534.173
2025-09-30T07:45:00+00:00,113580.50,113755.00,113531.70,113662.40,2071.582
2025-09-30T08:00:00+00:00,113662.30,113700.00,113573.70,113650.10,902.476
2025-09-30T08:15:00+00:00,113650.10,113671.50,113473.40,113538.30,1223.559
2025-09-30T08:30:00+00:00,113538.40,113569.90,113288.00,113413.40,2028.333
2025-09-30T08:45:00+00:00,113413.50,113532.10,113370.50,113409.20,1009.658
2025-09-30T09:00:00+00:00,113409.10,113416.60,113177.50,113182.70,1741.255
2025-09-30T09:15:00+00:00,113182.60,113290.10,113174.00,113216.50,907.958
2025-09-30T09:30:00+00:00,113216.50,113300.10,112888.00,112945.10,2602.440
2025-09-30T09:45:00+00:00,112945.00,112945.10,112701.80,112743.10,1934.609
2025-09-30T10:00:00+00:00,112743.10,112998.00,112615.30,112815.10,2374.743
2025-09-30T10:15:00+00:00,112815.20,112905.40,112685.10,112794.40,1547.227
2025-09-30T10:30:00+00:00,112794.40,112905.50,112738.40,112853.70,855.383
2025-09-30T10:45:00+00:00,112853.80,113049.80,112853.70,112876.50,1269.698
2025-09-30T11:00:00+00:00,112876.50,112966.00,112811.00,112835.70,753.612
2025-09-30T11:15:00+00:00,112835.80,112885.20,112750.10,112871.70,772.402
2025-09-30T11:30:00+00:00,112871.60,113020.00,112835.00,112967.00,986.398
2025-09-30T11:45:00+00:00,112967.00,113091.50,112939.10,113003.70,1156.228
2025-09-30T12:00:00+00:00,113003.70,113066.50,112930.20,112962.70,708.717
2025-09-30T12:15:00+00:00,112962.80,113044.20,112960.20,113024.20,653.388
2025-09-30T12:30:00+00:00,113024.20,113202.50,113009.20,113191.60,1293.443
2025-09-30T12:45:00+00:00,113191.60,113191.60,112933.60,112950.00,1470.776
2025-09-30T13:00:00+00:00,112950.00,113066.00,112800.10,112988.60,1511.243
2025-09-30T13:15:00+00:00,112988.70,113300.00,112965.30,113263.80,1610.420
2025-09-30T13:30:00+00:00,113263.80,113485.00,113059.00,113466.90,3215.093
2025-09-30T13:45:00+00:00,113466.90,113623.80,113056.60,113338.70,2977.703
2025-09-30T14:00:00+00:00,113338.70,113447.50,112828.50,113070.00,2724.446
2025-09-30T14:15:00+00:00,113070.10,113255.70,112923.00,113044.80,1196.478
2025-09-30T14:30:00+00:00,113044.80,113225.50,112978.90,113161.50,1013.251
2025-09-30T14:45:00+00:00,113161.50,113582.80,113113.00,113539.50,2099.064
2025-09-30T15:00:00+00:00,113539.60,113543.20,113024.70,113162.90,1594.957
2025-09-30T15:15:00+00:00,113162.80,113213.00,112856.00,112996.10,1636.924
2025-09-30T15:30:00+00:00,112996.00,113209.80,112936.70,113008.90,1025.066
2025-09-30T15:45:00+00:00,113008.80,113160.00,112926.60,113055.40,735.967
2025-09-30T16:00:00+00:00,113055.40,113136.00,112941.00,113025.80,835.328
2025-09-30T16:15:00+00:00,113025.90,113242.60,112967.40,113015.10,1130.098
2025-09-30T16:30:00+00:00,113015.10,113046.30,112745.90,112878.50,1231.635
2025-09-30T16:45:00+00:00,112878.50,112911.20,112743.60,112798.60,961.073
2025-09-30T17:00:00+00:00,112798.60,113125.00,112763.20,113099.90,1389.297
2025-09-30T17:15:00+00:00,113099.90,113280.00,113088.20,113203.40,1095.864
2025-09-30T17:30:00+00:00,113203.50,113470.00,113111.00,113243.20,1464.281
2025-09-30T17:45:00+00:00,113242.80,113348.10,113173.30,113198.80,887.472
2025-09-30T18:00:00+00:00,113198.80,113476.00,113126.70,113471.40,875.385
2025-09-30T18:15:00+00:00,113471.50,113496.20,113301.00,113419.30,611.847
2025-09-30T18:30:00+00:00,113419.30,113449.80,113287.70,113416.50,380.344
2025-09-30T18:45:00+00:00,113416.50,113658.00,113416.40,113658.00,1184.868
2025-09-30T19:00:00+00:00,113658.00,113877.60,113650.00,113822.50,2156.521
2025-09-30T19:15:00+00:00,113822.50,113932.70,113740.10,113890.30,1694.592
2025-09-30T19:30:00+00:00,113890.30,114219.70,113885.90,114144.40,3282.011
2025-09-30T19:45:00+00:00,114144.40,114528.20,114136.30,114309.10,2685.150
2025-09-30T20:00:00+00:00,114309.10,114461.40,114065.00,114105.90,1856.947
2025-09-30T20:15:00+00:00,114105.90,114438.30,114100.00,114338.60,820.369
2025-09-30T20:30:00+00:00,114338.50,114348.80,114242.80,114242.90,501.407
2025-09-30T20:45:00+00:00,114242.90,114684.70,114242.80,114569.80,1824.620
2025-09-30T21:00:00+00:00,114569.80,114720.00,114321.00,114323.70,1847.067
2025-09-30T21:15:00+00:00,114323.60,114490.60,114232.30,114235.20,955.628
2025-09-30T21:30:00+00:00,114235.10,114469.40,114141.60,114312.90,1397.156
2025-09-30T21:45:00+00:00,114312.90,114320.80,114071.70,114108.00,633.602
2025-09-30T22:00:00+00:00,114108.00,114310.90,114070.00,114080.60,989.960
2025-09-30T22:15:00+00:00,114080.50,114129.60,113901.20,113942.00,1339.792
2025-09-30T22:30:00+00:00,113942.00,113988.60,113825.00,113871.90,956.107
2025-09-30T22:45:00+00:00,113872.00,113979.60,113850.80,113883.40,533.261
2025-09-30T23:00:00+00:00,113883.30,113889.60,113710.20,113783.60,1071.342
2025-09-30T23:15:00+00:00,113783.70,113965.80,113710.00,113897.20,911.099
2025-09-30T23:30:00+00:00,113897.20,113926.40,113786.50,113913.60,437.599
2025-09-30T23:45:00+00:00,113913.50,113988.80,113882.30,113988.80,362.803
2025-10-01T00:00:00+00:00,113988.70,114246.00,113988.70,114098.10,1631.600
2025-10-01T00:15:00+00:00,114098.00,114123.10,113899.40,113960.60,979.333
2025-10-01T00:30:00+00:00,113960.70,114178.10,113906.40,113913.20,593.524
2025-10-01T00:45:00+00:00,113913.20,114198.00,113913.20,114181.10,568.675
2025-10-01T01:00:00+00:00,114181.00,114347.10,114083.30,114283.30,852.327
2025-10-01T01:15:00+00:00,114283.30,114373.00,114138.50,114315.70,1134.258
2025-10-01T01:30:00+00:00,114315.70,114440.00,114159.10,114345.40,906.125
2025-10-01T01:45:00+00:00,114345.40,114498.00,114293.70,114491.60,871.309
2025-10-01T02:00:00+00:00,114491.60,114494.00,114356.20,114418.20,644.679
2025-10-01T02:15:00+00:00,114418.20,114439.40,114354.80,114368.20,365.094
2025-10-01T02:30:00+00:00,114368.20,114387.10,114237.80,114275.30,594.019
2025-10-01T02:45:00+00:00,114275.40,114330.00,114218.90,114219.00,1014.492
2025-10-01T03:00:00+00:00,114219.00,114387.80,114139.40,114387.80,1168.703
2025-10-01T03:15:00+00:00,114387.80,114481.20,114283.50,114416.70,1553.490
2025-10-01T03:30:00+00:00,114416.70,114480.00,114272.30,114272.40,1235.650
2025-10-01T03:45:00+00:00,114272.40,114272.40,114038.70,114135.90,1783.813
2025-10-01T04:00:00+00:00,114135.80,114398.40,114095.20,114284.80,1058.832
2025-10-01T04:15:00+00:00,114284.80,114553.50,114284.80,114549.90,1213.041
2025-10-01T04:30:00+00:00,114550.00,114669.00,114450.00,114503.30,1896.985
2025-10-01T04:45:00+00:00,114503.30,114545.90,114184.40,114227.80,1577.199
2025-10-01T05:00:00+00:00,114227.80,114700.00,114200.80,114552.50,2206.584
2025-10-01T05:15:00+00:00,114552.50,114661.30,114471.70,114553.70,1021.322
2025-10-01T05:30:00+00:00,114553.70,114580.00,114479.20,114511.90,622.626
2025-10-01T05:45:00+00:00,114512.00,114595.50,114453.70,114511.40,483.422
2025-10-01T06:00:00+00:00,114511.50,114529.90,114413.80,114503.10,691.087
2025-10-01T06:15:00+00:00,114503.10,114570.10,114250.00,114330.70,1103.872
2025-10-01T06:30:00+00:00,114330.70,114491.80,114257.10,114457.30,879.206
2025-10-01T06:45:00+00:00,114457.30,114457.40,114170.00,114212.80,1115.997
2025-10-01T07:00:00+00:00,114212.70,114380.40,114184.90,114312.20,501.092
2025-10-01T07:15:00+00:00,114312.10,114538.60,114306.00,114504.60,784.025
2025-10-01T07:30:00+00:00,114504.60,114534.30,114386.70,114470.40,542.062
2025-10-01T07:45:00+00:00,114470.40,114539.10,114432.40,114480.80,580.319
2025-10-01T08:00:00+00:00,114480.80,114550.00,114425.60,114534.90,817.056
2025-10-01T08:15:00+00:00,114534.80,115072.10,114500.20,115034.80,6330.913
2025-10-01T08:30:00+00:00,115034.80,115666.80,115034.80,115586.30,9101.646
2025-10-01T08:45:00+00:00,115586.30,116599.80,115426.00,116060.50,14539.377
2025-10-01T09:00:00+00:00,116060.40,116332.90,115890.70,116200.00,4164.904
2025-10-01T09:15:00+00:00,116199.90,116280.00,116075.70,116193.80,1546.995
2025-10-01T09:30:00+00:00,116193.70,116500.00,116109.60,116350.60,3511.812
2025-10-01T09:45:00+00:00,116350.60,116423.60,116288.20,116372.40,1203.543
2025-10-01T10:00:00+00:00,116372.30,116520.00,116214.40,116217.80,1799.732
2025-10-01T10:15:00+00:00,116217.40,116365.10,116190.80,116190.80,830.642
2025-10-01T10:30:00+00:00,116190.30,116299.90,116154.50,116234.20,795.715
2025-10-01T10:45:00+00:00,116234.30,116328.30,116180.00,116233.60,796.905
2025-10-01T11:00:00+00:00,116233.50,116388.00,116228.10,116342.60,809.555
2025-10-01T11:15:00+00:00,116342.70,116375.70,116284.60,116284.70,654.109
2025-10-01T11:30:00+00:00,116284.70,116570.80,116238.20,116533.50,2173.144
2025-10-01T11:45:00+00:00,116533.50,116750.00,116456.30,116736.80,2813.304
2025-10-01T12:00:00+00:00,116736.80,116838.30,116562.50,116615.20,2284.459
2025-10-01T12:15:00+00:00,116615.30,116850.00,116575.00,116587.30,1588.227
2025-10-01T12:30:00+00:00,116587.30,116604.00,116408.50,116415.70,2226.234
2025-10-01T12:45:00+00:00,116415.60,116512.00,116311.50,116373.70,1142.065
2025-10-01T13:00:00+00:00,116373.80,116522.60,116373.70,116494.90,850.587
2025-10-01T13:15:00+00:00,116494.90,116617.20,116491.10,116595.10,781.962
2025-10-01T13:30:00+00:00,116595.10,116700.00,116370.40,116479.60,1811.102
2025-10-01T13:45:00+00:00,116479.70,116802.00,116380.30,116762.50,1960.675
2025-10-01T14:00:00+00:00,116761.90,117231.40,116655.20,117131.60,6527.781
2025-10-01T14:15:00+00:00,117131.60,117400.00,117000.00,117085.00,3534.744
2025-10-01T14:30:00+00:00,117085.00,117371.20,117000.00,117261.90,1548.240
2025-10-01T14:45:00+00:00,117261.80,117276.30,117000.00,117245.30,1512.568
2025-10-01T15:00:00+00:00,117245.40,117294.60,117031.00,117192.90,1030.900
2025-10-01T15:15:00+00:00,117192.90,117647.80,117132.00,117457.30,2755.742
2025-10-01T15:30:00+00:00,117457.20,117495.50,117236.50,117432.00,1555.293
2025-10-01T15:45:00+00:00,117432.00,117500.00,117249.20,117366.40,1004.978
2025-10-01T16:00:00+00:00,117366.50,117750.00,117259.30,117749.90,3936.174
2025-10-01T16:15:00+00:00,117749.90,117850.00,117639.20,117821.50,3931.458
2025-10-01T16:30:00+00:00,117821.40,118190.00,117748.70,117830.20,6413.848
2025-10-01T16:45:00+00:00,117830.10,117929.90,117475.00,117480.10,3332.251
2025-10-01T17:00:00+00:00,117480.00,117649.20,117213.90,117260.00,2091.352
2025-10-01T17:15:00+00:00,117259.90,117524.30,117208.90,117352.50,1880.271
2025-10-01T17:30:00+00:00,117352.50,117456.10,117106.60,117114.20,1327.354
2025-10-01T17:45:00+00:00,117114.10,117137.50,116687.50,116734.20,4025.879
2025-10-01T18:00:00+00:00,116734.30,117035.80,116731.40,117012.10,1859.772
2025-10-01T18:15:00+00:00,117012.20,117012.20,116827.20,116984.90,805.819
2025-10-01T18:30:00+00:00,116984.90,117150.10,116984.90,117030.00,1078.370
2025-10-01T18:45:00+00:00,117030.10,117312.70,117023.20,117192.30,1374.320
2025-10-01T19:00:00+00:00,117192.30,117382.40,117167.60,117350.20,669.246
2025-10-01T19:15:00+00:00,117350.20,117458.60,117347.20,117419.80,847.438
2025-10-01T19:30:00+00:00,117419.80,117572.70,117268.40,117485.80,917.916
2025-10-01T19:45:00+00:00,117485.90,117550.00,117234.80,117374.10,1064.624
2025-10-01T20:00:00+00:00,117374.00,117388.20,117104.10,117152.50,1759.792
2025-10-01T20:15:00+00:00,117152.50,117344.20,117152.50,117344.20,429.615
2025-10-01T20:30:00+00:00,117344.20,117344.20,117252.80,117316.50,478.393
2025-10-01T20:45:00+00:00,117316.50,117493.60,117243.00,117474.60,508.085
2025-10-01T21:00:00+00:00,117474.70,117524.30,117400.00,117524.20,420.603
2025-10-01T21:15:00+00:00,117524.30,117524.90,117356.50,117434.70,280.166
2025-10-01T21:30:00+00:00,117434.70,117434.80,117276.30,117314.90,333.807
2025-10-01T21:45:00+00:00,117314.90,117503.30,117314.80,117503.20,430.670
2025-10-01T22:00:00+00:00,117503.20,118041.90,117503.20,117778.80,2815.230
2025-10-01T22:15:00+00:00,117778.80,117864.40,117718.00,117756.80,837.317
2025-10-01T22:30:00+00:00,117756.80,117756.90,117584.00,117603.00,413.753
2025-10-01T22:45:00+00:00,117603.00,117828.00,117602.90,117695.80,1363.322
2025-10-01T23:00:00+00:00,117695.80,117928.10,117634.90,117905.10,1078.955
2025-10-01T23:15:00+00:00,117905.00,118457.30,117905.00,118312.10,6225.733
2025-10-01T23:30:00+00:00,118312.20,118321.00,118020.70,118263.60,1292.067
2025-10-01T23:45:00+00:00,118263.60,118631.80,118229.90,118552.40,2586.158
2025-10-02T00:00:00+00:00,118552.00,119457.00,118552.00,119119.50,9737.126
2025-10-02T00:15:00+00:00,119119.40,119160.00,118814.60,118898.40,1824.655
2025-10-02T00:30:00+00:00,118898.50,118900.60,118447.90,118550.40,2170.612
2025-10-02T00:45:00+00:00,118550.40,118651.50,118367.00,118397.00,1307.485
2025-10-02T01:00:00+00:00,118397.00,118666.60,118335.00,118651.90,1246.126
2025-10-02T01:15:00+00:00,118652.00,118660.80,118396.10,118454.10,747.336
2025-10-02T01:30:00+00:00,118454.10,118700.00,118454.10,118675.30,789.118
2025-10-02T01:45:00+00:00,118675.30,118862.00,118569.60,118577.40,1482.664
2025-10-02T02:00:00+00:00,118577.50,118677.30,118465.10,118664.10,1271.911
2025-10-02T02:15:00+00:00,118664.10,118748.80,118449.50,118491.20,1178.529
2025-10-02T02:30:00+00:00,118491.20,118724.40,118433.40,118625.60,1317.485
2025-10-02T02:45:00+00:00,118625.50,118736.20,118609.20,118697.40,828.770
2025-10-02T03:00:00+00:00,118697.30,118966.00,118676.90,118825.00,2628.234
2025-10-02T03:15:00+00:00,118825.00,119043.40,118744.10,118893.70,1757.692
2025-10-02T03:30:00+00:00,118893.60,118988.20,118770.10,118929.50,1268.592
2025-10-02T03:45:00+00:00,118929.40,118929.50,118652.50,118697.00,803.713
2025-10-02T04:00:00+00:00,118697.00,118893.80,118633.70,118860.00,1010.909
2025-10-02T04:15:00+00:00,118859.90,118860.00,118508.40,118525.10,1010.427
2025-10-02T04:30:00+00:00,118525.00,118574.10,118372.00,118552.00,1025.828
2025-10-02T04:45:00+00:00,118552.00,118641.80,118448.10,118616.80,596.755
2025-10-02T05:00:00+00:00,118616.70,118641.80,118460.00,118476.60,479.136
2025-10-02T05:15:00+00:00,118476.60,118613.50,118358.30,118600.10,833.173
2025-10-02T05:30:00+00:00,118600.10,118600.10,118318.30,118418.80,897.497
2025-10-02T05:45:00+00:00,118418.70,118431.60,118226.40,118329.70,972.976
2025-10-02T06:00:00+00:00,118329.70,118484.30,118251.30,118382.30,851.193
2025-10-02T06:15:00+00:00,118382.30,118481.10,118362.40,118412.50,542.908
2025-10-02T06:30:00+00:00,118412.50,118644.80,118387.90,118600.00,1143.686
2025-10-02T06:45:00+00:00,118599.90,118620.10,118469.80,118600.00,526.907
2025-10-02T07:00:00+00:00,118599.90,118629.80,118500.00,118611.10,605.054
2025-10-02T07:15:00+00:00,118611.00,118612.60,118437.70,118471.80,383.362
2025-10-02T07:30:00+00:00,118471.90,118471.90,118377.10,118422.00,469.889
2025-10-02T07:45:00+00:00,118422.00,118477.10,118378.00,118444.10,498.415
2025-10-02T08:00:00+00:00,118444.10,118524.40,118310.40,118310.40,719.220
2025-10-02T08:15:00+00:00,118310.40,118606.00,118307.30,118590.40,617.698
2025-10-02T08:30:00+00:00,118590.30,118625.40,118523.60,118579.60,469.209
2025-10-02T08:45:00+00:00,118579.60,118647.70,118568.20,118635.40,399.585
2025-10-02T09:00:00+00:00,118635.30,118635.40,118521.70,118563.10,419.819
2025-10-02T09:15:00+00:00,118563.20,118648.50,118553.90,118640.60,459.399
2025-10-02T09:30:00+00:00,118640.70,118724.80,118555.90,118690.80,858.931
2025-10-02T09:45:00+00:00,118690.90,118827.70,118647.50,118813.30,966.712
2025-10-02T10:00:00+00:00,118813.30,118885.80,118640.10,118699.90,841.426
2025-10-02T10:15:00+00:00,118700.00,118742.10,118563.00,118564.40,481.973
2025-10-02T10:30:00+00:00,118564.40,118724.60,118564.40,118711.20,609.894
2025-10-02T10:45:00+00:00,118711.30,118717.30,118530.80,118575.30,418.518
2025-10-02T11:00:00+00:00,118575.30,118628.60,118481.60,118530.40,589.451
2025-10-02T11:15:00+00:00,118530.40,118660.30,118503.20,118636.00,403.742
2025-10-02T11:30:00+00:00,118635.90,118707.60,118609.10,118707.60,333.222
2025-10-02T11:45:00+00:00,118707.60,118843.80,118655.40,118716.00,890.349
2025-10-02T12:00:00+00:00,118716.10,118844.90,118690.40,118805.80,621.661
2025-10-02T12:15:00+00:00,118805.70,119130.00,118805.70,119043.90,2025.466
2025-10-02T12:30:00+00:00,119043.80,119309.20,118952.50,119157.20,2156.843
2025-10-02T12:45:00+00:00,119157.20,119361.40,119106.00,119360.10,1743.825
2025-10-02T13:00:00+00:00,119360.00,119360.10,119054.00,119060.50,1527.013
2025-10-02T13:15:00+00:00,119060.50,119250.00,118868.20,119114.30,1547.393
2025-10-02T13:30:00+00:00,119114.30,119523.50,119042.30,119503.70,3221.909
2025-10-02T13:45:00+00:00,119503.80,119733.00,119441.30,119559.60,5035.820
2025-10-02T14:00:00+00:00,119559.60,119607.60,119218.70,119381.60,2468.928
2025-10-02T14:15:00+00:00,119381.70,119672.10,119350.00,119643.20,1414.757
2025-10-02T14:30:00+00:00,119643.30,119747.20,118910.00,118950.50,3316.919
2025-10-02T14:45:00+00:00,118950.50,119044.80,118606.20,118768.00,4159.461
2025-10-02T15:00:00+00:00,118768.10,119205.30,118458.40,119128.20,4237.676
2025-10-02T15:15:00+00:00,119128.10,119555.00,118966.00,119378.80,3019.124
2025-10-02T15:30:00+00:00,119379.10,119600.00,119142.20,119586.00,2471.934
2025-10-02T15:45:00+00:00,119585.90,119889.00,119500.00,119875.10,3789.476
2025-10-02T16:00:00+00:00,119875.10,120291.00,119650.10,120083.40,6700.761
2025-10-02T16:15:00+00:00,120083.40,120188.10,119880.00,119961.90,2275.931
2025-10-02T16:30:00+00:00,119961.90,120066.70,119663.80,119732.50,1899.706
2025-10-02T16:45:00+00:00,119732.50,119870.90,119564.90,119694.00,1083.205
2025-10-02T17:00:00+00:00,119694.00,119775.30,119500.00,119766.90,1234.268
2025-10-02T17:15:00+00:00,119766.90,119766.90,119317.00,119390.60,1617.080
2025-10-02T17:30:00+00:00,119390.70,119619.40,119342.70,119542.60,923.843
2025-10-02T17:45:00+00:00,119542.50,119916.80,119507.90,119869.10,1430.113
2025-10-02T18:00:00+00:00,119869.10,120181.50,119859.90,120080.80,2195.516
2025-10-02T18:15:00+00:00,120080.80,120195.80,119920.80,120103.20,1265.258
2025-10-02T18:30:00+00:00,120103.20,120148.80,119930.50,120032.30,1122.262
2025-10-02T18:45:00+00:00,120032.30,120637.20,120032.30,120461.60,3659.623
2025-10-02T19:00:00+00:00,120461.60,120999.00,120398.20,120988.00,5627.035
2025-10-02T19:15:00+00:00,120988.00,120990.00,120632.20,120692.10,2656.276
2025-10-02T19:30:00+00:00,120692.20,120921.30,120653.60,120665.50,1320.985
2025-10-02T19:45:00+00:00,120665.50,120843.80,120516.40,120787.90,1396.345
2025-10-02T20:00:00+00:00,120787.80,120880.90,120631.20,120631.20,1535.444
2025-10-02T20:15:00+00:00,120631.20,120719.70,120403.70,120504.40,1224.300
2025-10-02T20:30:00+00:00,120504.40,120524.40,120258.10,120441.90,1341.372
2025-10-02T20:45:00+00:00,120442.00,120633.40,120365.80,120598.80,962.223
2025-10-02T21:00:00+00:00,120598.90,120700.00,120485.70,120700.00,581.783
2025-10-02T21:15:00+00:00,120700.00,120735.00,120386.30,120407.50,616.515
2025-10-02T21:30:00+00:00,120407.60,120407.60,120157.10,120211.20,1028.837
2025-10-02T21:45:00+00:00,120211.10,120335.80,120105.10,120105.20,463.716
2025-10-02T22:00:00+00:00,120105.10,120372.10,120040.00,120372.00,776.348
2025-10-02T22:15:00+00:00,120372.00,120372.10,120177.00,120286.80,506.623
2025-10-02T22:30:00+00:00,120286.80,120348.50,120069.10,120121.80,746.276
2025-10-02T22:45:00+00:00,120121.90,120208.80,120018.00,120208.80,897.717
2025-10-02T23:00:00+00:00,120208.70,120432.00,120191.90,120431.90,848.912
2025-10-02T23:15:00+00:00,120432.00,120633.00,120306.00,120512.10,1078.830
2025-10-02T23:30:00+00:00,120512.10,120569.60,120234.00,120296.00,928.972
2025-10-02T23:45:00+00:00,120296.00,120570.00,120215.60,120481.30,1065.347
2025-10-03T00:00:00+00:00,120481.30,120505.50,120059.50,120112.00,1162.000
2025-10-03T00:15:00+00:00,120112.10,120258.70,120033.00,120246.40,676.464
2025-10-03T00:30:00+00:00,120246.30,120246.30,120119.40,120159.30,519.160
2025-10-03T00:45:00+00:00,120159.20,120234.00,120044.30,120097.10,901.758
2025-10-03T01:00:00+00:00,120097.20,120255.10,120031.20,120185.10,1239.704
2025-10-03T01:15:00+00:00,120185.00,120250.00,119958.50,120081.50,1165.584
2025-10-03T01:30:00+00:00,120081.60,120129.60,119977.20,120050.10,549.902
2025-10-03T01:45:00+00:00,120050.10,120050.10,119766.00,119832.60,1303.704
2025-10-03T02:00:00+00:00,119832.60,120093.70,119823.60,120093.70,892.148
2025-10-03T02:15:00+00:00,120093.70,120138.70,119923.40,119943.90,475.278
2025-10-03T02:30:00+00:00,119943.80,120062.00,119888.00,120028.20,552.049
2025-10-03T02:45:00+00:00,120028.20,120237.90,119990.50,120117.90,1003.273
2025-10-03T03:00:00+00:00,120118.00,120447.20,120108.50,120250.00,1521.031
2025-10-03T03:15:00+00:00,120250.00,120362.10,120146.00,120146.00,791.729
2025-10-03T03:30:00+00:00,120146.10,120374.60,120120.00,120300.80,1050.297
2025-10-03T03:45:00+00:00,120300.80,120311.60,120163.10,120185.40,500.501
2025-10-03T04:00:00+00:00,120185.40,120281.60,120135.60,120209.70,367.586
2025-10-03T04:15:00+00:00,120209.80,120265.20,120122.10,120156.90,428.842
2025-10-03T04:30:00+00:00,120156.80,120156.90,119954.80,119990.10,602.824
2025-10-03T04:45:00+00:00,119990.20,120138.60,119990.10,120000.20,595.007
2025-10-03T05:00:00+00:00,120000.20,120033.00,119903.00,119994.70,456.596
2025-10-03T05:15:00+00:00,119994.60,120006.00,119931.40,119974.80,430.577
2025-10-03T05:30:00+00:00,119974.80,119974.90,119783.00,119798.20,723.105
2025-10-03T05:45:00+00:00,119798.30,119901.60,119700.00,119894.50,1437.565
2025-10-03T06:00:00+00:00,119894.50,120040.00,119744.60,120009.50,812.445
2025-10-03T06:15:00+00:00,120009.50,120020.00,119935.30,119945.50,375.975
2025-10-03T06:30:00+00:00,119945.60,119988.10,119884.80,119890.20,369.579
2025-10-03T06:45:00+00:00,119890.10,119890.20,119725.20,119882.60,682.545
2025-10-03T07:00:00+00:00,119882.50,119985.50,119750.60,119830.40,800.397
2025-10-03T07:15:00+00:00,119830.30,119859.80,119737.10,119737.10,619.783
2025-10-03T07:30:00+00:00,119737.20,119793.00,119579.60,119619.80,2071.738
2025-10-03T07:45:00+00:00,119619.80,119724.40,119603.60,119620.10,1536.146
2025-10-03T08:00:00+00:00,119620.10,119707.70,119404.60,119473.20,1652.818
2025-10-03T08:15:00+00:00,119473.20,119624.00,119200.00,119623.90,2933.467
2025-10-03T08:30:00+00:00,119624.00,119884.60,119610.30,119828.80,1957.010
2025-10-03T08:45:00+00:00,119828.70,120058.20,119811.60,120007.00,1135.799
2025-10-03T09:00:00+00:00,120007.00,120173.00,120006.90,120038.40,1266.270
2025-10-03T09:15:00+00:00,120038.30,120342.00,119968.60,120263.40,1690.985
2025-10-03T09:30:00+00:00,120263.40,120304.90,120120.80,120163.70,1000.100
2025-10-03T09:45:00+00:00,120163.80,120300.00,120163.70,120257.80,587.650
2025-10-03T10:00:00+00:00,120257.90,120336.00,120226.00,120304.90,470.800
2025-10-03T10:15:00+00:00,120305.00,120484.10,120295.30,120422.80,1147.906
2025-10-03T10:30:00+00:00,120422.90,120481.10,120317.30,120452.50,720.136
2025-10-03T10:45:00+00:00,120452.50,120474.00,120365.20,120392.80,384.868
2025-10-03T11:00:00+00:00,120392.90,120435.00,120242.70,120262.30,829.784
2025-10-03T11:15:00+00:00,120262.40,120339.00,120100.00,120250.00,1053.685
2025-10-03T11:30:00+00:00,120250.00,120319.00,120160.00,120319.00,493.034
2025-10-03T11:45:00+00:00,120319.00,120444.20,120288.00,120307.20,555.979
2025-10-03T12:00:00+00:00,120307.20,120374.40,120220.70,120329.00,668.341
2025-10-03T12:15:00+00:00,120328.90,120377.90,120172.80,120175.60,477.967
2025-10-03T12:30:00+00:00,120175.60,120300.00,120061.30,120253.20,863.407
2025-10-03T12:45:00+00:00,120253.30,120352.50,120205.90,120320.70,695.712
2025-10-03T13:00:00+00:00,120320.60,120320.70,120104.10,120227.90,775.009
2025-10-03T13:15:00+00:00,120227.90,120540.00,120185.50,120501.90,1386.999
2025-10-03T13:30:00+00:00,120501.80,120687.30,120058.00,120228.10,2767.593
2025-10-03T13:45:00+00:00,120228.00,120519.40,120207.70,120325.00,1342.608
2025-10-03T14:00:00+00:00,120325.10,120354.80,120050.00,120118.30,1777.648
2025-10-03T14:15:00+00:00,120118.30,120435.70,119820.40,120399.70,2455.083
2025-10-03T14:30:00+00:00,120399.70,120752.60,120253.50,120599.90,2760.085
2025-10-03T14:45:00+00:00,120599.90,120935.00,120595.00,120861.40,2732.608
2025-10-03T15:00:00+00:00,120861.40,120861.40,120579.10,120799.50,1816.685
2025-10-03T15:15:00+00:00,120799.60,121470.00,120799.50,121247.40,6583.251
2025-10-03T15:30:00+00:00,121247.50,121776.40,121235.30,121670.00,4340.571
2025-10-03T15:45:00+00:00,121669.90,122399.90,121583.50,122238.50,7172.618
2025-10-03T16:00:00+00:00,122238.50,123289.00,122238.50,123100.00,12922.236
2025-10-03T16:15:00+00:00,123099.90,123809.10,122884.30,123630.60,8932.721
2025-10-03T16:30:00+00:00,123630.70,123900.00,123500.00,123764.50,4609.181
2025-10-03T16:45:00+00:00,123764.50,123801.80,122500.00,122527.10,7756.299
2025-10-03T17:00:00+00:00,122527.00,123092.50,121611.00,122952.80,15167.548
2025-10-03T17:15:00+00:00,122952.80,122960.00,122207.80,122481.00,4196.163
2025-10-03T17:30:00+00:00,122481.00,122950.00,122300.00,122557.40,2420.377
2025-10-03T17:45:00+00:00,122557.40,122583.00,121528.10,122035.50,6065.093
2025-10-03T18:00:00+00:00,122035.60,122124.20,121425.50,121994.00,3156.659
2025-10-03T18:15:00+00:00,121994.00,122578.80,121970.70,122449.50,2116.447
2025-10-03T18:30:00+00:00,122449.70,122714.20,122154.40,122602.20,2121.521
2025-10-03T18:45:00+00:00,122602.10,122699.70,122286.80,122505.60,1024.592
2025-10-03T19:00:00+00:00,122505.70,122598.10,122313.00,122417.90,1036.554
2025-10-03T19:15:00+00:00,122418.00,122796.00,122417.90,122746.60,1088.103
2025-10-03T19:30:00+00:00,122746.50,122930.30,122621.40,122720.00,1293.425
2025-10-03T19:45:00+00:00,122719.90,122747.60,122524.30,122609.30,794.909
2025-10-03T20:00:00+00:00,122609.30,122659.10,121986.30,122050.80,1696.114
2025-10-03T20:15:00+00:00,122050.80,122248.50,122043.30,122097.90,733.363
2025-10-03T20:30:00+00:00,122098.00,122638.40,122098.00,122627.30,699.771
2025-10-03T20:45:00+00:00,122627.40,122694.10,122388.70,122402.20,674.424
2025-10-03T21:00:00+00:00,122402.30,122406.20,122323.90,122402.90,703.623
2025-10-03T21:15:00+00:00,122402.80,122402.90,122229.90,122236.10,441.602
2025-10-03T21:30:00+00:00,122236.10,122313.60,122011.30,122111.30,775.234
2025-10-03T21:45:00+00:00,122111.20,122341.60,121944.70,122245.20,789.247
2025-10-03T22:00:00+00:00,122245.20,122414.70,122245.20,122414.20,427.433
2025-10-03T22:15:00+00:00,122414.10,122496.00,122383.60,122434.80,400.622
2025-10-03T22:30:00+00:00,122434.80,122622.70,122434.80,122528.40,544.291
2025-10-03T22:45:00+00:00,122528.50,122554.50,122400.00,122427.70,333.161
2025-10-03T23:00:00+00:00,122427.70,122427.70,122228.40,122252.20,427.725
2025-10-03T23:15:00+00:00,122252.20,122310.00,122227.90,122229.70,285.620
2025-10-03T23:30:00+00:00,122229.70,122287.00,122140.20,122248.50,341.188
2025-10-03T23:45:00+00:00,122248.50,122270.80,122125.10,122182.70,793.248
2025-10-04T00:00:00+00:00,122182.60,122219.80,121999.30,122122.80,1592.352
2025-10-04T00:15:00+00:00,122122.80,122256.40,122115.10,122115.20,814.933
2025-10-04T00:30:00+00:00,122115.10,122138.60,121936.20,122016.90,860.713
2025-10-04T00:45:00+00:00,122016.90,122076.40,121946.70,122076.40,1178.880
2025-10-04T01:00:00+00:00,122076.40,122076.40,121969.60,122062.30,805.697
2025-10-04T01:15:00+00:00,122062.20,122070.80,121900.00,121900.10,743.969
2025-10-04T01:30:00+00:00,121900.00,121990.80,121804.00,121834.90,1488.024
2025-10-04T01:45:00+00:00,121834.90,121849.80,121650.80,121818.90,1290.148
2025-10-04T02:00:00+00:00,121819.00,122000.00,121750.00,121833.50,1124.561
2025-10-04T02:15:00+00:00,121833.50,121857.10,121636.50,121760.10,1537.591
2025-10-04T02:30:00+00:00,121760.10,121801.00,121636.40,121718.40,1097.725
2025-10-04T02:45:00+00:00,121718.30,121916.00,121687.10,121811.70,1452.812
2025-10-04T03:00:00+00:00,121811.70,121861.00,121781.90,121854.90,454.557
2025-10-04T03:15:00+00:00,121854.90,122037.60,121854.90,122018.40,669.002
2025-10-04T03:30:00+00:00,122018.30,122053.00,121987.00,122053.00,479.069
2025-10-04T03:45:00+00:00,122052.90,122301.90,121989.50,122197.20,949.730
2025-10-04T04:00:00+00:00,122197.30,122262.80,122188.50,122234.90,476.343
2025-10-04T04:15:00+00:00,122235.00,122335.30,122168.40,122299.80,1431.812
2025-10-04T04:30:00+00:00,122299.80,122474.20,122240.00,122441.80,1209.877
2025-10-04T04:45:00+00:00,122441.80,122486.80,122404.00,122448.80,706.140
2025-10-04T05:00:00+00:00,122448.70,122641.10,122385.60,122601.90,1282.147
2025-10-04T05:15:00+00:00,122602.00,122781.10,122569.10,122630.10,1260.214
2025-10-04T05:30:00+00:00,122630.10,122674.50,122408.10,122430.40,955.785
2025-10-04T05:45:00+00:00,122430.40,122554.10,122353.80,122480.60,1149.299
2025-10-04T06:00:00+00:00,122480.70,122510.60,122325.60,122359.10,1077.193
2025-10-04T06:15:00+00:00,122359.10,122551.30,122359.00,122448.40,911.759
2025-10-04T06:30:00+00:00,122448.50,122511.00,122431.70,122464.30,475.951
2025-10-04T06:45:00+00:00,122464.30,122479.30,122382.80,122388.90,266.495
2025-10-04T07:00:00+00:00,122388.90,122414.80,122289.90,122378.40,465.956
2025-10-04T07:15:00+00:00,122378.40,122378.40,122260.70,122324.80,348.460
2025-10-04T07:30:00+00:00,122324.90,122350.00,122226.10,122270.90,673.993
2025-10-04T07:45:00+00:00,122270.90,122305.60,122209.70,122271.30,474.758
2025-10-04T08:00:00+00:00,122271.40,122497.40,122243.80,122425.50,960.109
2025-10-04T08:15:00+00:00,122425.50,122457.70,122319.50,122382.70,942.289
2025-10-04T08:30:00+00:00,122382.80,122382.80,122168.80,122190.10,428.512
2025-10-04T08:45:00+00:00,122190.10,122273.90,122141.50,122226.20,652.468
2025-10-04T09:00:00+00:00,122226.20,122379.00,122217.00,122372.20,462.942
2025-10-04T09:15:00+00:00,122372.20,122414.10,122311.70,122327.80,329.092
2025-10-04T09:30:00+00:00,122327.80,122327.90,122262.20,122279.70,225.357
2025-10-04T09:45:00+00:00,122279.80,122279.80,122133.00,122168.00,443.669
2025-10-04T10:00:00+00:00,122168.00,122224.80,122139.90,122180.10,316.005
2025-10-04T10:15:00+00:00,122180.10,122278.90,122165.70,122257.40,325.801
2025-10-04T10:30:00+00:00,122257.30,122293.20,122150.00,122184.90,273.402
2025-10-04T10:45:00+00:00,122184.90,122194.00,122062.10,122075.00,520.155
2025-10-04T11:00:00+00:00,122075.10,122177.30,121938.10,121980.90,700.070
2025-10-04T11:15:00+00:00,121980.80,122086.30,121908.30,122045.50,836.078
2025-10-04T11:30:00+00:00,122045.40,122090.10,121978.30,122019.70,419.669
2025-10-04T11:45:00+00:00,122019.60,122030.80,121924.60,121924.60,311.794
2025-10-04T12:00:00+00:00,121924.60,122060.40,121918.80,122060.40,458.429
2025-10-04T12:15:00+00:00,122060.40,122060.40,121982.30,122029.60,301.631
2025-10-04T12:30:00+00:00,122029.60,122039.90,121962.00,121986.30,332.643
2025-10-04T12:45:00+00:00,121986.30,121986.40,121891.20,121955.00,510.225
2025-10-04T13:00:00+00:00,121954.90,122480.90,121954.90,122341.30,1920.365
2025-10-04T13:15:00+00:00,122341.30,122411.00,122237.90,122260.10,766.577
2025-10-04T13:30:00+00:00,122260.00,122412.20,122260.00,122351.40,503.100
2025-10-04T13:45:00+00:00,122351.40,122399.80,122301.60,122335.50,408.438
2025-10-04T14:00:00+00:00,122335.50,122380.30,122237.60,122380.30,433.012
2025-10-04T14:15:00+00:00,122380.20,122411.50,122245.70,122270.10,373.051
2025-10-04T14:30:00+00:00,122270.10,122270.20,122187.50,122190.00,401.269
2025-10-04T14:45:00+00:00,122190.00,122190.00,121944.30,121944.40,975.245
2025-10-04T15:00:00+00:00,121944.40,122085.10,121817.00,121843.10,1546.522
2025-10-04T15:15:00+00:00,121843.00,121932.70,121638.50,121689.80,2346.992
2025-10-04T15:30:00+00:00,121689.90,121865.70,121662.10,121854.00,1357.047
2025-10-04T15:45:00+00:00,121853.90,121968.00,121700.00,121744.80,837.322
2025-10-04T16:00:00+00:00,121744.80,121920.00,121551.80,121647.10,1827.044
2025-10-04T16:15:00+00:00,121647.10,121699.70,121533.30,121664.50,1206.194
2025-10-04T16:30:00+00:00,121664.40,121850.00,121653.10,121780.80,954.885
2025-10-04T16:45:00+00:00,121780.90,121788.50,121542.00,121668.50,1981.951
2025-10-04T17:00:00+00:00,121668.40,121799.00,121610.00,121728.50,582.709
2025-10-04T17:15:00+00:00,121728.50,121812.10,121682.40,121789.50,339.771
2025-10-04T17:30:00+00:00,121789.40,121869.60,121633.00,121666.40,790.473
2025-10-04T17:45:00+00:00,121666.40,121698.10,121622.50,121698.00,459.245
2025-10-04T18:00:00+00:00,121698.00,121784.30,121649.40,121649.40,641.779
2025-10-04T18:15:00+00:00,121649.40,121713.30,121649.40,121681.70,468.011
2025-10-04T18:30:00+00:00,121681.60,121681.70,121550.00,121621.60,755.144
2025-10-04T18:45:00+00:00,121621.70,121621.70,121432.00,121533.40,841.533
2025-10-04T19:00:00+00:00,121533.30,121765.60,121533.30,121756.40,561.822
2025-10-04T19:15:00+00:00,121756.50,121828.80,121700.90,121781.70,404.288
2025-10-04T19:30:00+00:00,121781.80,121906.20,121781.70,121829.50,356.782
2025-10-04T19:45:00+00:00,121829.50,121919.00,121819.60,121919.00,238.368
2025-10-04T20:00:00+00:00,121918.90,122055.40,121843.80,121906.20,763.920
2025-10-04T20:15:00+00:00,121906.20,122021.70,121906.20,122021.70,317.052
2025-10-04T20:30:00+00:00,122021.60,122021.60,121938.70,121980.00,180.984
2025-10-04T20:45:00+00:00,121980.10,122013.50,121832.80,121832.80,342.072
2025-10-04T21:00:00+00:00,121832.90,122092.50,121813.40,122092.50,409.749
2025-10-04T21:15:00+00:00,122092.50,122287.90,122040.00,122287.90,993.172
2025-10-04T21:30:00+00:00,122287.90,122310.70,122175.40,122277.70,772.369
2025-10-04T21:45:00+00:00,122277.60,122277.70,122128.40,122139.90,240.655
2025-10-04T22:00:00+00:00,122139.90,122178.90,122089.20,122145.20,341.854
2025-10-04T22:15:00+00:00,122145.20,122230.60,122131.80,122192.90,223.626
2025-10-04T22:30:00+00:00,122192.90,122322.20,122192.90,122245.30,365.131
2025-10-04T22:45:00+00:00,122245.30,122293.20,122156.60,122230.90,532.837
2025-10-04T23:00:00+00:00,122231.00,122250.00,122191.50,122200.90,205.630
2025-10-04T23:15:00+00:00,122200.80,122200.90,122159.90,122160.00,246.553
2025-10-04T23:30:00+00:00,122160.00,122298.50,122159.90,122298.40,383.448
2025-10-04T23:45:00+00:00,122298.40,122374.80,122297.50,122343.20,424.934
2025-10-05T00:00:00+00:00,122343.20,122369.30,122204.70,122204.70,343.865
2025-10-05T00:15:00+00:00,122204.80,122365.40,122197.20,122359.20,352.175
2025-10-05T00:30:00+00:00,122359.20,122359.30,122220.10,122220.20,266.250
2025-10-05T00:45:00+00:00,122220.10,122226.10,122101.20,122112.50,672.780
2025-10-05T01:00:00+00:00,122112.50,122274.80,122112.50,122274.80,439.067
2025-10-05T01:15:00+00:00,122274.70,122274.80,122088.10,122201.00,538.778
2025-10-05T01:30:00+00:00,122201.00,122377.70,122201.00,122349.70,456.509
2025-10-05T01:45:00+00:00,122349.80,122350.00,122271.40,122326.90,358.650
2025-10-05T02:00:00+00:00,122326.80,122355.50,122290.50,122355.50,304.990
2025-10-05T02:15:00+00:00,122355.40,122847.00,122329.30,122821.70,3979.093
2025-10-05T02:30:00+00:00,122821.80,124374.00,122787.00,123643.10,15074.937
2025-10-05T02:45:00+00:00,123643.00,124120.50,123500.40,124012.20,3493.710
2025-10-05T03:00:00+00:00,124012.20,124110.00,123584.20,123633.40,2480.605
2025-10-05T03:15:00+00:00,123633.40,123824.00,123303.60,123818.40,2248.239
2025-10-05T03:30:00+00:00,123818.40,124153.30,123812.20,123990.00,2172.051
2025-10-05T03:45:00+00:00,123990.00,124100.00,123695.10,123735.70,1549.479
2025-10-05T04:00:00+00:00,123735.70,124046.20,123678.00,123872.90,1755.050
2025-10-05T04:15:00+00:00,123872.90,124037.60,123810.00,123977.90,1086.131
2025-10-05T04:30:00+00:00,123977.90,124453.30,123956.60,124269.50,2457.563
2025-10-05T04:45:00+00:00,124269.40,125877.30,124269.40,125167.50,16261.111
2025-10-05T05:00:00+00:00,125167.40,125420.10,124856.20,125177.20,3465.899
2025-10-05T05:15:00+00:00,125177.20,125388.40,124888.00,125367.40,2744.345
2025-10-05T05:30:00+00:00,125367.40,125380.00,125073.80,125210.30,2140.158
2025-10-05T05:45:00+00:00,125210.20,125210.30,124930.00,125103.00,1559.942
2025-10-05T06:00:00+00:00,125103.00,125215.60,124950.00,125050.40,1461.281
2025-10-05T06:15:00+00:00,125050.40,125050.50,124784.40,124981.50,1476.125
2025-10-05T06:30:00+00:00,124981.60,125058.40,124812.50,125055.00,938.929
2025-10-05T06:45:00+00:00,125055.00,125195.40,124946.80,124977.70,1025.646
2025-10-05T07:00:00+00:00,124977.70,125065.30,124817.80,124985.30,1118.522
2025-10-05T07:15:00+00:00,124985.40,125147.00,124741.50,124741.50,1628.699
2025-10-05T07:30:00+00:00,124741.60,124848.40,124558.80,124683.10,2538.929
2025-10-05T07:45:00+00:00,124683.20,124919.90,124657.90,124692.40,1138.133
2025-10-05T08:00:00+00:00,124692.50,124796.90,124524.90,124616.30,1663.364
2025-10-05T08:15:00+00:00,124616.40,124843.00,124616.30,124720.50,914.338
2025-10-05T08:30:00+00:00,124720.50,124756.60,124587.20,124670.80,735.753
2025-10-05T08:45:00+00:00,124670.80,124682.70,124561.50,124580.90,637.945
2025-10-05T09:00:00+00:00,124581.00,124644.90,124331.50,124371.30,1244.294
2025-10-05T09:15:00+00:00,124371.30,124428.90,123900.00,123979.80,2946.004
2025-10-05T09:30:00+00:00,123979.80,123996.20,122828.10,122954.90,12071.406
2025-10-05T09:45:00+00:00,122955.00,123250.10,122720.40,122998.00,4814.622
2025-10-05T10:00:00+00:00,122998.00,123049.90,122472.00,122816.90,4918.859
2025-10-05T10:15:00+00:00,122816.90,123102.60,122765.50,122970.60,2104.639
2025-10-05T10:30:00+00:00,122970.60,122970.70,122622.00,122775.20,1626.236
2025-10-05T10:45:00+00:00,122775.20,123074.20,122775.10,122980.90,1444.263
2025-10-05T11:00:00+00:00,122981.00,123222.10,122788.00,122823.20,2438.306
2025-10-05T11:15:00+00:00,122823.70,123414.60,122823.70,123301.30,1929.769
2025-10-05T11:30:00+00:00,123301.20,123307.00,123111.00,123295.30,733.077
2025-10-05T11:45:00+00:00,123295.20,123500.00,123288.00,123413.20,1331.556
2025-10-05T12:00:00+00:00,123413.30,123413.30,122875.40,123105.60,1860.736
2025-10-05T12:15:00+00:00,123105.60,123210.50,123012.00,123081.40,687.516
2025-10-05T12:30:00+00:00,123081.50,123152.80,122914.30,123002.10,570.834
2025-10-05T12:45:00+00:00,123002.20,123188.00,123002.10,123035.80,557.662
2025-10-05T13:00:00+00:00,123035.90,123281.10,123012.30,123199.70,658.235
2025-10-05T13:15:00+00:00,123199.70,123275.50,123117.00,123242.50,554.247
2025-10-05T13:30:00+00:00,123242.50,123295.00,123160.70,123217.40,607.555
2025-10-05T13:45:00+00:00,123217.40,123230.00,123050.60,123120.00,446.732
2025-10-05T14:00:00+00:00,123119.90,123288.60,123119.90,123213.00,546.883
2025-10-05T14:15:00+00:00,123212.90,123239.30,123086.70,123152.90,356.847
2025-10-05T14:30:00+00:00,123152.80,123182.40,122684.90,122864.90,2024.358
2025-10-05T14:45:00+00:00,122864.90,123020.90,122766.80,122983.40,867.869
2025-10-05T15:00:00+00:00,122983.20,122983.20,122773.80,122899.90,532.932
2025-10-05T15:15:00+00:00,122899.90,122968.70,122812.40,122842.50,438.439
2025-10-05T15:30:00+00:00,122842.50,122864.60,122600.00,122726.00,1041.244
2025-10-05T15:45:00+00:00,122725.90,122818.00,122675.00,122753.00,656.650
2025-10-05T16:00:00+00:00,122752.90,123067.60,122722.20,123029.20,1288.761
2025-10-05T16:15:00+00:00,123029.20,123048.00,122910.30,122912.30,522.991
2025-10-05T16:30:00+00:00,122912.30,123043.90,122867.00,122970.80,727.001
2025-10-05T16:45:00+00:00,122970.70,123295.00,122160.00,123210.10,6505.432
2025-10-05T17:00:00+00:00,123210.00,123422.00,123125.10,123152.10,2748.070
2025-10-05T17:15:00+00:00,123152.00,123342.20,123111.00,123138.70,606.636
2025-10-05T17:30:00+00:00,123138.60,123138.70,122840.90,123072.10,1080.699
2025-10-05T17:45:00+00:00,123072.10,123092.60,122940.70,123013.90,359.738
2025-10-05T18:00:00+00:00,123013.80,123123.40,122814.70,122929.90,1074.842
2025-10-05T18:15:00+00:00,122929.90,123029.20,122896.90,122997.90,398.206
2025-10-05T18:30:00+00:00,122997.90,123166.70,122909.40,122952.00,1129.187
2025-10-05T18:45:00+00:00,122951.90,123053.00,122914.00,122963.50,244.665
2025-10-05T19:00:00+00:00,122963.50,122982.90,122568.00,122741.50,1087.463
2025-10-05T19:15:00+00:00,122741.40,122917.50,122634.20,122795.90,708.935
2025-10-05T19:30:00+00:00,122796.00,122842.20,122650.40,122686.70,349.801
2025-10-05T19:45:00+00:00,122686.70,122686.70,122442.60,122550.40,1172.784
2025-10-05T20:00:00+00:00,122550.50,122716.20,122425.70,122648.20,764.553
2025-10-05T20:15:00+00:00,122648.20,122754.00,122578.40,122696.60,342.045
2025-10-05T20:30:00+00:00,122696.70,123023.90,122696.70,122895.30,971.151
2025-10-05T20:45:00+00:00,122895.40,122956.20,122648.50,122648.50,368.633
2025-10-05T21:00:00+00:00,122648.10,122678.30,122474.30,122573.50,595.067
2025-10-05T21:15:00+00:00,122573.50,122751.60,122536.80,122629.50,301.065
2025-10-05T21:30:00+00:00,122629.50,122629.60,122440.10,122625.30,311.325
2025-10-05T21:45:00+00:00,122625.30,122732.00,122594.40,122682.30,232.207
2025-10-05T22:00:00+00:00,122682.30,123060.00,122682.20,122868.40,1016.658
2025-10-05T22:15:00+00:00,122868.40,123228.00,122859.60,123073.20,1101.484
2025-10-05T22:30:00+00:00,123073.30,123130.10,122987.20,123079.80,384.422
2025-10-05T22:45:00+00:00,123079.70,123222.00,123015.70,123188.50,363.089
2025-10-05T23:00:00+00:00,123188.50,123436.80,123166.00,123420.00,1602.426
2025-10-05T23:15:00+00:00,123419.90,123450.00,123272.80,123420.00,693.669
2025-10-05T23:30:00+00:00,123420.00,123453.50,123400.10,123453.40,1539.571
2025-10-05T23:45:00+00:00,123453.50,123453.50,123385.20,123426.70,487.613
2025-10-06T00:00:00+00:00,123426.70,123453.50,123206.10,123453.50,1690.569
2025-10-06T00:15:00+00:00,123453.40,124336.30,123446.70,123625.40,6718.212
2025-10-06T00:30:00+00:00,123625.40,123837.90,123401.70,123646.20,1483.235
2025-10-06T00:45:00+00:00,123646.30,123696.70,123018.50,123295.80,2282.125
2025-10-06T01:00:00+00:00,123295.90,123594.80,123140.30,123435.70,1161.088
2025-10-06T01:15:00+00:00,123435.70,123959.70,123262.60,123799.90,1413.916
2025-10-06T01:30:00+00:00,123800.00,124218.00,123663.90,123817.40,2391.053
2025-10-06T01:45:00+00:00,123817.40,124010.50,123730.80,123980.80,647.452
2025-10-06T02:00:00+00:00,123980.80,124085.60,123752.10,123815.30,667.972
2025-10-06T02:15:00+00:00,123815.30,124045.00,123750.00,123824.60,877.501
2025-10-06T02:30:00+00:00,123824.60,123892.60,123385.20,123776.60,1987.864
2025-10-06T02:45:00+00:00,123776.70,124200.00,123776.60,124066.90,1569.694
2025-10-06T03:00:00+00:00,124066.80,124086.60,123897.30,123965.30,677.833
2025-10-06T03:15:00+00:00,123965.30,124017.90,123819.30,123865.50,474.996
2025-10-06T03:30:00+00:00,123865.50,123950.00,123805.30,123845.10,351.401
2025-10-06T03:45:00+00:00,123845.10,123885.60,123689.30,123792.90,540.900
2025-10-06T04:00:00+00:00,123792.80,123875.00,123697.40,123875.00,591.085
2025-10-06T04:15:00+00:00,123875.00,123946.90,123835.30,123924.10,342.851
2025-10-06T04:30:00+00:00,123924.20,123955.00,123584.10,123673.80,685.965
2025-10-06T04:45:00+00:00,123673.70,123740.20,123525.10,123538.20,740.068
2025-10-06T05:00:00+00:00,123538.20,123538.30,123223.90,123267.20,2331.902
2025-10-06T05:15:00+00:00,123267.30,123598.70,123246.90,123552.10,702.810
2025-10-06T05:30:00+00:00,123552.10,123568.20,123400.10,123469.20,337.705
2025-10-06T05:45:00+00:00,123469.10,123710.80,123444.00,123522.30,725.271
2025-10-06T06:00:00+00:00,123522.30,123794.90,123522.30,123776.80,915.335
2025-10-06T06:15:00+00:00,123776.80,123865.30,123611.40,123815.50,661.111
2025-10-06T06:30:00+00:00,123815.50,124137.70,123815.50,123940.90,1378.518
2025-10-06T06:45:00+00:00,123941.00,124028.90,123750.50,123900.00,818.270
2025-10-06T07:00:00+00:00,123900.10,123974.00,123751.80,123950.40,678.182
2025-10-06T07:15:00+00:00,123950.30,123988.10,123770.20,123788.40,668.774
2025-10-06T07:30:00+00:00,123788.40,123790.10,123302.20,123363.20,1678.592
2025-10-06T07:45:00+00:00,123363.90,123412.80,123217.90,123332.30,1282.209
2025-10-06T08:00:00+00:00,123332.40,123649.50,123332.30,123594.10,1004.093
2025-10-06T08:15:00+00:00,123594.00,123741.80,123523.30,123716.80,559.162
2025-10-06T08:30:00+00:00,123716.90,123830.70,123561.30,123621.80,1037.852
2025-10-06T08:45:00+00:00,123621.80,123837.70,123588.40,123800.00,498.767
2025-10-06T09:00:00+00:00,123800.00,124020.80,123766.30,123894.90,946.278
2025-10-06T09:15:00+00:00,123894.80,123900.00,123777.10,123850.80,526.770
2025-10-06T09:30:00+00:00,123850.70,123872.20,123749.00,123754.60,464.615
2025-10-06T09:45:00+00:00,123754.50,123975.60,123725.50,123915.20,745.036
2025-10-06T10:00:00+00:00,123915.10,124067.10,123850.00,123910.60,1030.814
2025-10-06T10:15:00+00:00,123910.50,124063.00,123865.30,124042.20,493.236
2025-10-06T10:30:00+00:00,124042.20,124068.00,123967.80,124030.00,390.706
2025-10-06T10:45:00+00:00,124029.90,124104.00,123920.00,123920.00,858.246
2025-10-06T11:00:00+00:00,123920.00,123953.40,123696.20,123696.20,816.153
2025-10-06T11:15:00+00:00,123696.30,124404.90,123682.10,124329.40,1631.642
2025-10-06T11:30:00+00:00,124329.40,124500.00,124042.00,124242.00,2445.875
2025-10-06T11:45:00+00:00,124242.00,124364.80,124127.00,124161.20,992.136
2025-10-06T12:00:00+00:00,124161.30,124485.70,124123.30,124361.30,1712.124
2025-10-06T12:15:00+00:00,124361.30,124647.60,124300.00,124327.60,2228.997
2025-10-06T12:30:00+00:00,124327.70,124421.00,124203.60,124276.90,906.935
2025-10-06T12:45:00+00:00,124276.80,124550.00,124261.80,124495.30,811.816
2025-10-06T13:00:00+00:00,124495.20,124773.80,124495.20,124635.50,1496.349
2025-10-06T13:15:00+00:00,124635.60,124898.80,124481.10,124801.80,2139.373
2025-10-06T13:30:00+00:00,124801.80,124943.30,124350.00,124504.10,4212.032
2025-10-06T13:45:00+00:00,124504.40,125062.90,124320.00,124967.80,3557.395
2025-10-06T14:00:00+00:00,124967.70,125281.00,124817.50,124916.80,5348.183
2025-10-06T14:15:00+00:00,124916.80,125087.30,124468.00,124801.70,2992.411
2025-10-06T14:30:00+00:00,124801.80,125000.40,124543.10,124675.00,2042.489
2025-10-06T14:45:00+00:00,124675.00,124843.70,124245.00,124475.90,2448.080
2025-10-06T15:00:00+00:00,124475.90,124697.20,124452.10,124662.20,1223.144
2025-10-06T15:15:00+00:00,124662.10,125375.00,124662.10,125115.80,3164.838
2025-10-06T15:30:00+00:00,125115.90,125233.20,124913.70,125023.40,1904.143
2025-10-06T15:45:00+00:00,125023.50,125200.00,124937.50,124946.20,1267.286
2025-10-06T16:00:00+00:00,124946.20,125046.20,124742.50,124808.10,2035.232
2025-10-06T16:15:00+00:00,124808.00,124963.30,124795.80,124828.20,869.452
2025-10-06T16:30:00+00:00,124828.20,125193.40,124818.80,125174.40,1126.062
2025-10-06T16:45:00+00:00,125174.30,125480.00,125051.30,125417.80,1986.590
2025-10-06T17:00:00+00:00,125417.70,125613.40,125247.00,125384.50,3614.728
2025-10-06T17:15:00+00:00,125384.50,125789.70,125347.10,125590.20,2632.324
2025-10-06T17:30:00+00:00,125590.20,125660.10,125068.70,125113.40,1748.184
2025-10-06T17:45:00+00:00,125113.30,125448.40,125085.00,125235.20,1352.401
2025-10-06T18:00:00+00:00,125235.30,125250.00,124979.00,125196.50,1281.799
2025-10-06T18:15:00+00:00,125196.50,125330.00,125086.60,125170.70,1043.668
2025-10-06T18:30:00+00:00,125170.80,125429.30,125160.20,125400.10,795.413
2025-10-06T18:45:00+00:00,125400.00,126208.50,125382.30,125986.00,6977.843
2025-10-06T19:00:00+00:00,125986.10,126093.70,125583.00,125599.90,2878.388
2025-10-06T19:15:00+00:00,125599.90,125827.00,125372.70,125617.60,1817.662
2025-10-06T19:30:00+00:00,125617.70,125733.90,125185.10,125330.40,1538.790
2025-10-06T19:45:00+00:00,125330.40,125448.80,125221.80,125357.30,1549.741
2025-10-06T20:00:00+00:00,125357.30,125500.00,125254.80,125313.30,863.224
2025-10-06T20:15:00+00:00,125313.30,125313.40,124986.00,125087.60,1465.126
2025-10-06T20:30:00+00:00,125087.70,125291.20,125048.00,125160.90,720.797
2025-10-06T20:45:00+00:00,125160.90,125276.00,125135.10,125170.00,416.336
2025-10-06T21:00:00+00:00,125170.10,125248.10,125001.60,125012.10,804.340
2025-10-06T21:15:00+00:00,125012.10,125012.10,124463.00,124750.20,4103.507
2025-10-06T21:30:00+00:00,124750.20,124969.30,124564.30,124969.30,1841.768
2025-10-06T21:45:00+00:00,124969.30,125062.10,124850.00,125062.00,380.250
2025-10-06T22:00:00+00:00,125062.10,125245.40,124933.20,125111.70,1165.455
2025-10-06T22:15:00+00:00,125111.80,125236.90,125090.00,125131.10,488.420
2025-10-06T22:30:00+00:00,125131.10,125136.90,124733.00,124856.30,892.443
2025-10-06T22:45:00+00:00,124856.30,125084.60,124856.30,124999.80,600.432
2025-10-06T23:00:00+00:00,124999.90,125060.00,124820.10,124820.10,517.718
2025-10-06T23:15:00+00:00,124820.10,124829.00,124640.00,124793.80,454.243
2025-10-06T23:30:00+00:00,124793.80,124831.60,124704.10,124728.90,363.835
2025-10-06T23:45:00+00:00,124728.90,124742.90,124592.00,124628.50,503.723
2025-10-07T00:00:00+00:00,124628.60,124803.60,124569.90,124712.20,899.604
2025-10-07T00:15:00+00:00,124712.30,124798.20,124600.70,124641.50,439.723
2025-10-07T00:30:00+00:00,124641.50,124830.00,124541.80,124830.00,625.123
2025-10-07T00:45:00+00:00,124829.90,124886.60,124721.50,124850.30,618.876
2025-10-07T01:00:00+00:00,124850.40,125047.00,124825.70,124850.00,674.420
2025-10-07T01:15:00+00:00,124850.10,124850.10,124387.60,124662.10,1709.171
2025-10-07T01:30:00+00:00,124662.00,124751.60,124488.00,124746.90,582.143
2025-10-07T01:45:00+00:00,124746.90,124746.90,124520.00,124658.00,461.215
2025-10-07T02:00:00+00:00,124657.90,124658.00,124528.20,124533.20,482.315
2025-10-07T02:15:00+00:00,124533.20,124564.20,124100.80,124515.70,2148.155
2025-10-07T02:30:00+00:00,124515.70,124580.10,124334.50,124411.90,522.529
2025-10-07T02:45:00+00:00,124411.90,124500.00,124205.50,124205.50,798.965
2025-10-07T03:00:00+00:00,124205.60,124527.70,124205.50,124433.20,703.315
2025-10-07T03:15:00+00:00,124433.10,124433.20,124074.40,124112.00,1370.532
2025-10-07T03:30:00+00:00,124111.90,124260.30,124055.00,124229.40,724.201
2025-10-07T03:45:00+00:00,124229.80,124289.50,124193.60,124277.70,290.606
2025-10-07T04:00:00+00:00,124277.80,124277.80,124085.30,124126.50,855.697
2025-10-07T04:15:00+00:00,124126.60,124380.10,124056.10,124379.90,900.439
2025-10-07T04:30:00+00:00,124380.00,124631.90,124345.10,124550.00,1910.388
2025-10-07T04:45:00+00:00,124550.00,124550.00,124444.20,124449.80,790.784
2025-10-07T05:00:00+00:00,124449.80,124477.60,124176.10,124415.40,1254.899
2025-10-07T05:15:00+00:00,124415.50,124523.30,124315.90,124430.00,568.163
2025-10-07T05:30:00+00:00,124430.00,124588.00,124383.40,124477.00,497.905
2025-10-07T05:45:00+00:00,124477.00,124503.40,124229.00,124349.00,868.745
2025-10-07T06:00:00+00:00,124349.00,124410.20,124240.00,124240.00,488.975
2025-10-07T06:15:00+00:00,124240.10,124261.10,123797.50,123837.90,2173.059
2025-10-07T06:30:00+00:00,123837.90,123955.20,123720.30,123809.50,1704.441
2025-10-07T06:45:00+00:00,123809.50,123950.40,123755.00,123852.60,1085.252
2025-10-07T07:00:00+00:00,123852.60,124009.90,123760.00,123773.20,844.747
2025-10-07T07:15:00+00:00,123773.10,123820.00,123562.90,123820.00,1591.222
2025-10-07T07:30:00+00:00,123819.90,123819.90,123503.90,123642.70,1383.570
2025-10-07T07:45:00+00:00,123642.60,123656.20,123525.60,123627.10,1238.054
2025-10-07T08:00:00+00:00,123627.10,123668.30,123459.00,123508.00,1986.286
2025-10-07T08:15:00+00:00,123507.90,123685.40,123261.60,123600.00,2643.211
2025-10-07T08:30:00+00:00,123599.90,123772.40,123372.70,123771.80,1744.101
2025-10-07T08:45:00+00:00,123771.90,123948.70,123707.70,123813.10,1995.263
2025-10-07T09:00:00+00:00,123813.10,124153.50,123799.50,124064.20,1348.651
2025-10-07T09:15:00+00:00,124064.10,124117.20,123946.30,124044.60,858.257
2025-10-07T09:30:00+00:00,124044.60,124199.20,124026.50,124026.50,640.308
2025-10-07T09:45:00+00:00,124026.50,124150.00,124018.40,124049.20,498.917
2025-10-07T10:00:00+00:00,124049.20,124317.60,123951.60,124282.60,951.071
2025-10-07T10:15:00+00:00,124282.50,124372.00,124183.20,124224.10,956.051
2025-10-07T10:30:00+00:00,124224.10,124330.00,124171.50,124241.10,769.039
2025-10-07T10:45:00+00:00,124241.10,124300.00,124185.00,124229.90,401.790
2025-10-07T11:00:00+00:00,124229.90,124263.10,124110.70,124132.30,741.095
2025-10-07T11:15:00+00:00,124132.20,124338.40,124132.20,124318.90,552.672
2025-10-07T11:30:00+00:00,124318.80,124436.40,124204.40,124315.20,812.669
2025-10-07T11:45:00+00:00,124315.20,124471.40,124300.00,124397.20,1544.104
2025-10-07T12:00:00+00:00,124397.10,124467.20,124349.90,124374.10,804.795
2025-10-07T12:15:00+00:00,124374.00,124422.40,124300.00,124380.00,550.749
2025-10-07T12:30:00+00:00,124380.00,124538.40,124271.80,124538.30,936.356
2025-10-07T12:45:00+00:00,124538.20,125098.00,124538.20,124869.50,3969.487
2025-10-07T13:00:00+00:00,124869.40,125012.90,124672.10,124681.10,1427.199
2025-10-07T13:15:00+00:00,124681.00,124769.30,124562.70,124753.60,1164.660
2025-10-07T13:30:00+00:00,124753.60,124756.30,123500.10,123734.10,6018.700
2025-10-07T13:45:00+00:00,123734.20,123898.90,123300.10,123825.40,6462.085
2025-10-07T14:00:00+00:00,123825.40,123943.10,122705.50,122795.50,8787.602
2025-10-07T14:15:00+00:00,122795.60,123289.20,122728.30,122845.10,3769.290
2025-10-07T14:30:00+00:00,122845.10,122985.30,122526.00,122766.60,4114.019
2025-10-07T14:45:00+00:00,122766.60,122959.20,122500.10,122684.00,3454.142
2025-10-07T15:00:00+00:00,122684.10,122819.40,121656.70,121906.90,10868.715
2025-10-07T15:15:00+00:00,121906.80,122340.00,121803.80,122029.10,4016.270
2025-10-07T15:30:00+00:00,122029.10,122090.00,121102.00,121652.60,8698.181
2025-10-07T15:45:00+00:00,121652.50,121853.60,121281.00,121788.30,5929.537
2025-10-07T16:00:00+00:00,121788.20,121827.70,121294.90,121498.00,3591.918
2025-10-07T16:15:00+00:00,121498.00,121605.40,120720.20,121090.10,8116.540
2025-10-07T16:30:00+00:00,121090.20,121775.00,121081.40,121703.60,3756.043
2025-10-07T16:45:00+00:00,121703.60,122049.70,121557.70,121621.50,3625.155
2025-10-07T17:00:00+00:00,121621.60,121763.60,121249.90,121414.90,3116.523
2025-10-07T17:15:00+00:00,121414.90,121506.70,121162.50,121246.40,1789.604
2025-10-07T17:30:00+00:00,121246.30,121387.90,121100.00,121353.10,1174.418
2025-10-07T17:45:00+00:00,121353.20,121537.20,121016.60,121073.10,2047.204
2025-10-07T18:00:00+00:00,121073.20,121270.10,120810.00,121129.00,3150.033
2025-10-07T18:15:00+00:00,121129.00,121174.30,120516.00,120687.20,5683.693
2025-10-07T18:30:00+00:00,120687.20,120873.20,120545.50,120738.40,1781.560
2025-10-07T18:45:00+00:00,120738.50,120945.10,120712.70,120838.00,1661.500
2025-10-07T19:00:00+00:00,120838.00,121512.00,120801.60,121374.00,3452.752
2025-10-07T19:15:00+00:00,121374.00,121533.00,121150.50,121206.50,1167.469
2025-10-07T19:30:00+00:00,121206.50,121488.20,121199.40,121322.80,831.596
2025-10-07T19:45:00+00:00,121322.80,122000.00,121280.00,121593.60,3248.973
2025-10-07T20:00:00+00:00,121593.50,122100.00,121593.50,121981.40,1713.334
2025-10-07T20:15:00+00:00,121981.40,122134.70,121885.90,122131.90,813.722
2025-10-07T20:30:00+00:00,122132.00,122132.00,121960.50,122008.20,475.942
2025-10-07T20:45:00+00:00,122008.30,122142.60,121854.00,121885.40,621.458
2025-10-07T21:00:00+00:00,121885.40,122136.90,121710.90,121934.90,1004.133
2025-10-07T21:15:00+00:00,121934.90,122255.40,121903.50,122184.00,735.301
2025-10-07T21:30:00+00:00,122183.90,122184.00,121751.00,121973.20,765.085
2025-10-07T21:45:00+00:00,121973.30,121973.30,121730.30,121954.10,553.673
2025-10-07T22:00:00+00:00,121954.00,122000.00,121735.20,121965.00,537.550
2025-10-07T22:15:00+00:00,121965.00,122134.80,121817.60,121859.40,622.550
2025-10-07T22:30:00+00:00,121859.30,122000.00,121762.90,121877.50,506.507
2025-10-07T22:45:00+00:00,121877.60,121960.00,121855.80,121956.80,320.454
2025-10-07T23:00:00+00:00,121956.80,121961.10,121711.20,121737.40,537.313
2025-10-07T23:15:00+00:00,121737.50,121800.00,121520.90,121614.30,1428.247
2025-10-07T23:30:00+00:00,121614.30,121614.40,121306.00,121424.00,1462.374
2025-10-07T23:45:00+00:00,121423.90,121483.80,121218.00,121286.50,984.218
2025-10-08T00:00:00+00:00,121286.60,121564.30,121286.60,121500.00,931.866
2025-10-08T00:15:00+00:00,121500.00,121750.00,121499.90,121538.00,876.552
2025-10-08T00:30:00+00:00,121538.00,121912.00,121219.00,121844.50,1709.695
2025-10-08T00:45:00+00:00,121844.40,122042.00,121741.50,121868.90,2874.123
2025-10-08T01:00:00+00:00,121868.90,121994.10,121622.60,121661.60,2325.223
2025-10-08T01:15:00+00:00,121661.60,122011.80,121550.10,121779.80,1037.659
2025-10-08T01:30:00+00:00,121779.80,121923.40,121696.70,121746.50,596.195
2025-10-08T01:45:00+00:00,121746.50,121915.80,121726.00,121911.30,333.362
2025-10-08T02:00:00+00:00,121911.30,121939.80,121761.30,121894.30,565.718
2025-10-08T02:15:00+00:00,121894.30,122196.90,121894.30,122132.00,1004.137
2025-10-08T02:30:00+00:00,122132.10,122141.80,121811.20,121854.50,1197.869
2025-10-08T02:45:00+00:00,121854.50,122050.00,121806.40,121995.00,717.550
2025-10-08T03:00:00+00:00,121995.10,121995.10,121662.50,121670.90,1081.329
2025-10-08T03:15:00+00:00,121671.00,121777.10,121323.90,121402.10,1903.001
2025-10-08T03:30:00+00:00,121402.00,121473.10,121258.00,121275.60,1353.308
2025-10-08T03:45:00+00:00,121275.70,121399.50,121137.00,121333.10,1181.372
2025-10-08T04:00:00+00:00,121333.10,121443.30,121005.30,121339.10,1440.498
2025-10-08T04:15:00+00:00,121339.20,121564.40,121298.60,121433.00,1108.586
2025-10-08T04:30:00+00:00,121433.10,121749.10,121433.00,121551.20,1134.060
2025-10-08T04:45:00+00:00,121551.30,121880.00,121551.30,121865.40,726.951
2025-10-08T05:00:00+00:00,121865.40,121868.30,121607.50,121727.90,949.804
2025-10-08T05:15:00+00:00,121727.90,121744.30,121207.20,121337.70,2229.338
2025-10-08T05:30:00+00:00,121337.70,121489.40,121233.60,121233.60,1008.268
2025-10-08T05:45:00+00:00,121233.60,121338.10,121124.20,121338.00,954.642
2025-10-08T06:00:00+00:00,121338.10,121378.80,121020.00,121261.40,1196.553
2025-10-08T06:15:00+00:00,121261.50,121460.20,121111.00,121360.80,951.598
2025-10-08T06:30:00+00:00,121360.90,121545.20,121350.80,121537.20,591.776
2025-10-08T06:45:00+00:00,121537.10,121814.00,121537.10,121749.00,774.547
2025-10-08T07:00:00+00:00,121749.10,121836.60,121573.90,121623.50,997.619
2025-10-08T07:15:00+00:00,121623.60,121657.60,121447.40,121513.60,749.672
2025-10-08T07:30:00+00:00,121513.60,121536.30,121272.70,121444.40,624.886
2025-10-08T07:45:00+00:00,121444.50,121559.70,121283.10,121550.40,703.033
2025-10-08T08:00:00+00:00,121550.50,121793.50,121493.80,121510.70,891.109
2025-10-08T08:15:00+00:00,121510.60,121965.80,121468.50,121873.20,1200.371
2025-10-08T08:30:00+00:00,121873.20,122800.00,121873.10,122795.70,5823.838
2025-10-08T08:45:00+00:00,122795.80,122820.00,122292.10,122332.60,2018.753
2025-10-08T09:00:00+00:00,122332.70,122600.00,122332.50,122514.00,1548.812
2025-10-08T09:15:00+00:00,122514.10,122588.00,122400.60,122484.80,847.535
2025-10-08T09:30:00+00:00,122484.80,122538.70,122343.70,122412.40,686.136
2025-10-08T09:45:00+00:00,122412.50,122485.00,122324.50,122485.00,700.776
2025-10-08T10:00:00+00:00,122485.00,122779.70,122449.90,122513.80,920.532
2025-10-08T10:15:00+00:00,122513.80,122662.70,122469.20,122550.10,626.242
2025-10-08T10:30:00+00:00,122550.20,123074.80,122516.30,122926.10,2624.382
2025-10-08T10:45:00+00:00,122926.10,122967.80,122825.30,122885.70,842.658
2025-10-08T11:00:00+00:00,122885.70,123150.00,122754.40,123065.30,1771.350
2025-10-08T11:15:00+00:00,123065.30,123065.40,122779.90,122959.10,1066.370
2025-10-08T11:30:00+00:00,122959.20,122987.20,122734.10,122743.40,545.535
2025-10-08T11:45:00+00:00,122743.40,122851.00,122672.80,122825.70,574.817
2025-10-08T12:00:00+00:00,122825.80,123009.60,122655.80,122918.80,1367.312
2025-10-08T12:15:00+00:00,122918.90,122976.40,122571.10,122701.80,1019.510
2025-10-08T12:30:00+00:00,122701.90,122701.90,122550.00,122609.10,864.121
2025-10-08T12:45:00+00:00,122609.10,122680.00,122478.90,122580.30,687.972
2025-10-08T13:00:00+00:00,122580.20,122729.80,122340.00,122597.80,1150.227
2025-10-08T13:15:00+00:00,122597.70,122664.50,122431.90,122431.90,456.359
2025-10-08T13:30:00+00:00,122431.90,122637.50,121626.40,121845.00,4771.208
2025-10-08T13:45:00+00:00,121845.00,122616.20,121607.80,122540.40,3029.158
2025-10-08T14:00:00+00:00,122540.40,123312.90,122540.30,122761.40,6271.908
2025-10-08T14:15:00+00:00,122761.30,123035.50,122366.30,122543.50,2613.393
2025-10-08T14:30:00+00:00,122543.50,122807.50,122188.10,122416.00,2322.775
2025-10-08T14:45:00+00:00,122416.00,122566.00,122043.10,122268.40,1663.850
2025-10-08T15:00:00+00:00,122268.30,122577.90,122171.10,122438.30,1095.361
2025-10-08T15:15:00+00:00,122438.30,122494.00,122136.70,122399.90,984.911
2025-10-08T15:30:00+00:00,122400.00,122403.10,122178.00,122305.50,593.459
2025-10-08T15:45:00+00:00,122305.50,122305.60,121888.00,122140.10,1528.602
2025-10-08T16:00:00+00:00,122140.10,122682.00,122055.80,122681.90,2083.244
2025-10-08T16:15:00+00:00,122682.00,122877.20,122555.10,122624.30,1515.102
2025-10-08T16:30:00+00:00,122624.20,122692.80,122500.50,122659.40,506.091
2025-10-08T16:45:00+00:00,122659.30,123088.00,122655.30,122999.90,1474.083
2025-10-08T17:00:00+00:00,122999.90,123645.00,122903.80,123614.60,3947.963
2025-10-08T17:15:00+00:00,123614.60,123923.00,123435.40,123747.50,4525.450
2025-10-08T17:30:00+00:00,123747.40,123996.00,123579.90,123718.00,1898.408
2025-10-08T17:45:00+00:00,123718.00,124170.60,123628.00,123985.50,2215.615
2025-10-08T18:00:00+00:00,123985.50,124169.20,123753.80,123809.50,1934.946
2025-10-08T18:15:00+00:00,123809.60,123827.70,123520.00,123561.30,1721.654
2025-10-08T18:30:00+00:00,123561.40,123747.70,123359.70,123505.70,1489.861
2025-10-08T18:45:00+00:00,123505.90,123771.30,123381.90,123389.80,1345.037
2025-10-08T19:00:00+00:00,123389.80,123469.00,123150.00,123192.60,1103.881
2025-10-08T19:15:00+00:00,123192.60,123604.40,123095.00,123577.90,1460.343
2025-10-08T19:30:00+00:00,123577.80,123690.00,123321.00,123372.60,1130.509
2025-10-08T19:45:00+00:00,123372.70,123524.00,123340.50,123381.80,1296.326
2025-10-08T20:00:00+00:00,123381.80,123471.60,123235.60,123434.30,872.867
2025-10-08T20:15:00+00:00,123434.40,123671.50,123423.00,123491.20,685.923
2025-10-08T20:30:00+00:00,123491.20,123515.00,123284.90,123299.10,472.325
2025-10-08T20:45:00+00:00,123299.00,123329.00,122757.50,122784.60,1523.225
2025-10-08T21:00:00+00:00,122784.60,123112.60,122739.70,123033.90,1192.342
2025-10-08T21:15:00+00:00,123034.00,123257.40,123033.90,123215.90,502.995
2025-10-08T21:30:00+00:00,123216.00,123272.20,123206.80,123272.10,202.172
2025-10-08T21:45:00+00:00,123272.10,123272.20,123104.00,123231.40,295.728
2025-10-08T22:00:00+00:00,123231.50,123362.90,123230.10,123295.30,512.231
2025-10-08T22:15:00+00:00,123295.30,123347.20,123209.30,123228.80,208.328
2025-10-08T22:30:00+00:00,123228.80,123300.00,123228.70,123255.30,170.200
2025-10-08T22:45:00+00:00,123255.30,123272.90,123126.10,123126.10,194.989
2025-10-08T23:00:00+00:00,123126.00,123136.60,122981.20,123070.80,403.241
2025-10-08T23:15:00+00:00,123070.80,123420.90,123070.70,123420.90,522.489
2025-10-08T23:30:00+00:00,123421.00,123475.30,123270.60,123290.80,441.114
2025-10-08T23:45:00+00:00,123290.80,123300.00,123235.20,123237.50,310.972
2025-10-09T00:00:00+00:00,123237.40,123279.70,122959.70,123051.70,754.585
2025-10-09T00:15:00+00:00,123051.80,123206.10,122989.60,123000.00,400.390
2025-10-09T00:30:00+00:00,122999.90,123048.70,122801.10,122906.30,642.006
2025-10-09T00:45:00+00:00,122906.30,123062.30,122782.00,122782.00,462.567
2025-10-09T01:00:00+00:00,122782.00,122806.00,122535.00,122576.30,1386.349
2025-10-09T01:15:00+00:00,122576.30,122710.90,122424.20,122471.90,1072.600
2025-10-09T01:30:00+00:00,122471.90,122472.00,122272.70,122284.30,1125.173
2025-10-09T01:45:00+00:00,122284.40,122520.20,122284.40,122496.60,678.950
2025-10-09T02:00:00+00:00,122496.50,122496.60,122004.00,122214.20,1749.583
2025-10-09T02:15:00+00:00,122214.20,122276.70,121907.00,121956.30,1240.953
2025-10-09T02:30:00+00:00,121956.30,122070.00,121535.10,121636.50,2118.806
2025-10-09T02:45:00+00:00,121636.50,121768.90,121411.80,121573.20,1990.726
2025-10-09T03:00:00+00:00,121573.20,121920.00,121558.80,121766.70,1748.868
2025-10-09T03:15:00+00:00,121766.80,122080.70,121766.70,121927.30,1058.362
2025-10-09T03:30:00+00:00,121927.40,122033.30,121841.90,121852.40,549.333
2025-10-09T03:45:00+00:00,121852.30,122000.00,121843.40,121988.40,493.776
2025-10-09T04:00:00+00:00,121988.40,122050.00,121845.20,121850.10,961.248
2025-10-09T04:15:00+00:00,121850.10,122221.00,121850.10,122193.10,916.263
2025-10-09T04:30:00+00:00,122193.10,122193.10,121947.00,121974.30,623.480
2025-10-09T04:45:00+00:00,121974.30,122126.00,121964.30,122087.60,482.314
2025-10-09T05:00:00+00:00,122087.60,122150.40,121863.30,121863.40,629.329
2025-10-09T05:15:00+00:00,121863.30,121980.70,121816.30,121951.20,867.726
2025-10-09T05:30:00+00:00,121951.20,122078.10,121762.20,121908.40,1027.846
2025-10-09T05:45:00+00:00,121908.40,122088.60,121850.00,122052.60,500.948
2025-10-09T06:00:00+00:00,122052.60,122066.40,121850.00,121895.00,586.630
2025-10-09T06:15:00+00:00,121894.90,122093.10,121824.70,122041.30,698.586
2025-10-09T06:30:00+00:00,122041.30,122139.10,121988.00,122060.20,326.731
2025-10-09T06:45:00+00:00,122060.20,122110.90,121810.40,121900.40,688.652
2025-10-09T07:00:00+00:00,121900.30,122006.00,121879.10,121915.20,392.345
2025-10-09T07:15:00+00:00,121915.10,122006.70,121741.10,121812.90,582.343
2025-10-09T07:30:00+00:00,121812.80,121829.10,121657.30,121677.00,765.045
2025-10-09T07:45:00+00:00,121676.90,121946.20,121664.20,121847.90,641.954
2025-10-09T08:00:00+00:00,121847.80,121909.70,121622.50,121675.00,973.908
2025-10-09T08:15:00+00:00,121675.00,121675.10,121136.00,121136.00,3393.260
2025-10-09T08:30:00+00:00,121136.10,121570.90,121102.00,121275.60,2353.581
2025-10-09T08:45:00+00:00,121275.60,121463.30,121081.50,121202.40,1507.668
2025-10-09T09:00:00+00:00,121202.40,121638.00,121202.40,121552.40,1618.277
2025-10-09T09:15:00+00:00,121552.40,121719.50,121463.50,121643.60,913.521
2025-10-09T09:30:00+00:00,121643.70,121768.10,121609.60,121619.60,731.247
2025-10-09T09:45:00+00:00,121619.70,121790.00,121555.00,121753.30,705.536
2025-10-09T10:00:00+00:00,121753.40,121850.00,121695.00,121812.60,570.577
2025-10-09T10:15:00+00:00,121812.60,121829.40,121591.40,121671.30,609.287
2025-10-09T10:30:00+00:00,121671.30,122286.70,121671.20,122168.50,2130.203
2025-10-09T10:45:00+00:00,122168.40,122287.20,122034.00,122106.20,796.811
2025-10-09T11:00:00+00:00,122106.10,122297.00,122106.10,122173.20,796.179
2025-10-09T11:15:00+00:00,122173.10,122721.50,122173.10,122610.00,2187.335
2025-10-09T11:30:00+00:00,122610.10,122777.00,122521.40,122768.50,1163.930
2025-10-09T11:45:00+00:00,122768.40,122768.50,122627.20,122672.90,806.735
2025-10-09T12:00:00+00:00,122673.00,123091.60,122640.30,122967.50,2632.521
2025-10-09T12:15:00+00:00,122967.50,123088.00,122920.30,122961.00,1866.826
2025-10-09T12:30:00+00:00,122961.00,123740.10,122885.20,123481.20,4059.919
2025-10-09T12:45:00+00:00,123481.20,123603.70,123266.30,123500.00,2500.800
2025-10-09T13:00:00+00:00,123500.00,123598.80,123098.70,123190.60,2844.177
2025-10-09T13:15:00+00:00,123190.60,123450.10,123156.10,123408.80,1374.762
2025-10-09T13:30:00+00:00,123408.80,123408.80,122520.00,122707.10,3696.613
2025-10-09T13:45:00+00:00,122707.10,123039.50,122227.70,122357.00,4939.033
2025-10-09T14:00:00+00:00,122357.00,122533.40,121700.10,122377.60,8683.359
2025-10-09T14:15:00+00:00,122377.60,122457.50,121450.00,121621.60,5263.769
2025-10-09T14:30:00+00:00,121621.60,121769.70,121177.30,121206.70,5769.553
2025-10-09T14:45:00+00:00,121206.80,121412.30,120666.90,121235.10,8696.595
2025-10-09T15:00:00+00:00,121235.10,121663.00,121231.20,121278.30,3172.486
2025-10-09T15:15:00+00:00,121278.20,121345.60,120955.00,120981.50,2154.772
2025-10-09T15:30:00+00:00,120981.40,121000.00,120699.90,120739.20,2347.537
2025-10-09T15:45:00+00:00,120739.40,121218.00,120595.50,121079.40,2514.546
2025-10-09T16:00:00+00:00,121079.40,121339.80,121067.20,121177.30,1440.873
2025-10-09T16:15:00+00:00,121177.20,121426.70,120987.80,121189.90,2138.659
2025-10-09T16:30:00+00:00,121189.80,121242.60,120528.00,120743.50,3718.205
2025-10-09T16:45:00+00:00,120743.50,120816.00,119619.00,119752.10,10968.528
2025-10-09T17:00:00+00:00,119752.10,120317.50,119572.80,120201.70,6700.153
2025-10-09T17:15:00+00:00,120201.70,120472.70,120071.40,120205.60,2135.414
2025-10-09T17:30:00+00:00,120205.70,120562.30,120192.00,120400.00,2152.066
2025-10-09T17:45:00+00:00,120399.90,121000.30,120350.00,120915.60,2846.360
2025-10-09T18:00:00+00:00,120915.50,121051.20,120608.20,120702.30,2258.951
2025-10-09T18:15:00+00:00,120702.20,120879.40,120482.30,120635.80,2414.321
2025-10-09T18:30:00+00:00,120635.80,120644.10,120319.00,120548.00,1279.907
2025-10-09T18:45:00+00:00,120548.10,120671.40,120435.50,120600.00,801.923
2025-10-09T19:00:00+00:00,120600.00,120911.40,120600.00,120887.30,983.302
2025-10-09T19:15:00+00:00,120887.30,121060.10,120770.40,121041.40,882.983
2025-10-09T19:30:00+00:00,121041.30,121057.80,120751.20,120785.80,617.001
2025-10-09T19:45:00+00:00,120785.90,121000.00,120782.10,120897.60,667.541
2025-10-09T20:00:00+00:00,120897.60,121104.90,120787.90,120794.60,804.452
2025-10-09T20:15:00+00:00,120794.60,120925.10,120788.70,120830.50,329.874
2025-10-09T20:30:00+00:00,120830.50,120952.10,120830.50,120952.10,212.186
2025-10-09T20:45:00+00:00,120952.10,121147.20,120862.70,121045.40,1056.609
2025-10-09T21:00:00+00:00,121045.30,121345.00,120998.30,121312.40,760.265
2025-10-09T21:15:00+00:00,121312.30,121442.60,121241.80,121268.70,833.039
2025-10-09T21:30:00+00:00,121268.80,121457.20,121178.70,121385.30,567.491
2025-10-09T21:45:00+00:00,121385.30,121435.80,121259.20,121407.80,446.470
2025-10-09T22:00:00+00:00,121407.90,121473.00,121342.00,121411.10,506.809
2025-10-09T22:15:00+00:00,121411.20,121544.50,121388.80,121486.00,674.765
2025-10-09T22:30:00+00:00,121486.10,121636.50,121413.10,121602.40,440.028
2025-10-09T22:45:00+00:00,121602.50,121712.40,121588.20,121619.50,625.143
2025-10-09T23:00:00+00:00,121619.60,121619.60,121370.10,121409.10,783.966
2025-10-09T23:15:00+00:00,121409.00,121488.20,121271.30,121455.10,582.922
2025-10-09T23:30:00+00:00,121455.10,121475.50,121366.00,121475.50,269.608
2025-10-09T23:45:00+00:00,121475.50,121671.10,121448.40,121579.30,756.776
2025-10-10T00:00:00+00:00,121579.40,121690.00,121523.70,121583.80,649.262
2025-10-10T00:15:00+00:00,121583.70,121808.00,121583.70,121808.00,664.386
2025-10-10T00:30:00+00:00,121807.90,121807.90,121634.60,121646.50,461.201
2025-10-10T00:45:00+00:00,121646.50,121738.00,121548.20,121682.20,417.607
2025-10-10T01:00:00+00:00,121682.20,121835.50,121671.90,121758.90,473.473
2025-10-10T01:15:00+00:00,121758.90,121759.00,121589.40,121755.90,447.932
2025-10-10T01:30:00+00:00,121755.90,121769.70,121425.30,121515.00,557.642
2025-10-10T01:45:00+00:00,121514.90,121657.90,121484.60,121575.30,564.403
2025-10-10T02:00:00+00:00,121575.20,121595.40,121155.70,121215.20,3331.513
2025-10-10T02:15:00+00:00,121215.10,121348.10,121184.50,121292.30,811.597
2025-10-10T02:30:00+00:00,121292.30,121303.00,121010.80,121171.00,1524.540
2025-10-10T02:45:00+00:00,121171.10,121229.00,120850.00,121007.20,1616.630
2025-10-10T03:00:00+00:00,121007.10,121061.30,120852.40,121042.30,873.474
2025-10-10T03:15:00+00:00,121042.30,121412.70,121042.30,121389.00,1127.615
2025-10-10T03:30:00+00:00,121389.00,121485.40,121366.30,121454.90,1159.514
2025-10-10T03:45:00+00:00,121455.00,121535.30,120960.40,120960.80,1433.325
2025-10-10T04:00:00+00:00,120960.80,121342.50,120956.80,121310.10,1305.647
2025-10-10T04:15:00+00:00,121310.10,121311.30,121122.10,121240.50,624.877
2025-10-10T04:30:00+00:00,121240.50,121308.50,120989.60,121097.60,819.327
2025-10-10T04:45:00+00:00,121097.60,121235.10,121080.00,121192.70,454.697
2025-10-10T05:00:00+00:00,121192.60,121200.00,120933.70,121050.10,740.283
2025-10-10T05:15:00+00:00,121050.10,121452.50,121038.10,121314.00,787.864
2025-10-10T05:30:00+00:00,121314.10,121388.00,121155.20,121388.00,640.036
2025-10-10T05:45:00+00:00,121388.00,121559.10,121387.90,121529.60,1049.718
2025-10-10T06:00:00+00:00,121529.60,121712.20,121490.20,121524.90,1319.943
2025-10-10T06:15:00+00:00,121524.90,121628.00,121446.10,121466.90,551.793
2025-10-10T06:30:00+00:00,121466.90,121671.20,121417.40,121604.80,638.283
2025-10-10T06:45:00+00:00,121604.80,121678.00,121194.30,121315.00,1093.675
2025-10-10T07:00:00+00:00,121315.10,121315.10,121135.40,121214.20,668.031
2025-10-10T07:15:00+00:00,121214.10,121336.50,121145.40,121261.20,680.991
2025-10-10T07:30:00+00:00,121261.20,121291.10,121050.00,121076.70,802.793
2025-10-10T07:45:00+00:00,121076.60,121085.30,120814.00,120886.10,1458.382
2025-10-10T08:00:00+00:00,120886.10,121149.60,120869.20,121108.50,1097.815
2025-10-10T08:15:00+00:00,121108.50,121275.20,121108.50,121229.40,566.335
2025-10-10T08:30:00+00:00,121229.40,121308.40,121160.30,121220.00,519.839
2025-10-10T08:45:00+00:00,121220.10,121624.40,121220.10,121570.50,785.136
2025-10-10T09:00:00+00:00,121570.50,121602.60,121446.00,121452.40,871.869
2025-10-10T09:15:00+00:00,121452.50,121728.30,121408.10,121679.60,724.140
2025-10-10T09:30:00+00:00,121679.60,121698.60,121591.30,121623.40,553.876
2025-10-10T09:45:00+00:00,121623.50,121682.30,121209.30,121249.90,1334.201
2025-10-10T10:00:00+00:00,121250.00,121350.00,121237.50,121279.50,382.712
2025-10-10T10:15:00+00:00,121279.40,121428.90,121254.20,121270.00,382.015
2025-10-10T10:30:00+00:00,121270.00,121337.10,121163.20,121263.20,640.648
2025-10-10T10:45:00+00:00,121263.10,121489.20,121231.20,121443.40,525.213
2025-10-10T11:00:00+00:00,121443.40,121608.00,121443.30,121470.80,523.381
2025-10-10T11:15:00+00:00,121470.70,121514.40,121361.80,121394.00,378.078
2025-10-10T11:30:00+00:00,121394.00,121518.40,121383.80,121463.00,335.568
2025-10-10T11:45:00+00:00,121463.00,121586.30,121399.70,121493.20,427.727
2025-10-10T12:00:00+00:00,121493.20,121638.70,121400.80,121422.20,726.083
2025-10-10T12:15:00+00:00,121422.20,121519.20,121396.00,121480.90,365.770
2025-10-10T12:30:00+00:00,121480.90,121533.00,121353.70,121403.70,503.021
2025-10-10T12:45:00+00:00,121403.60,121562.30,121403.60,121534.80,402.533
2025-10-10T13:00:00+00:00,121534.80,121870.10,121534.70,121765.50,1583.177
2025-10-10T13:15:00+00:00,121765.50,121999.00,121630.80,121909.90,1631.753
2025-10-10T13:30:00+00:00,121909.90,122497.00,121718.70,122187.10,4182.486
2025-10-10T13:45:00+00:00,122187.20,122253.40,121313.60,121609.10,4236.835
2025-10-10T14:00:00+00:00,121609.10,122000.00,121404.00,121601.50,2505.599
2025-10-10T14:15:00+00:00,121601.40,121630.00,121074.00,121165.10,2714.939
2025-10-10T14:30:00+00:00,121165.10,121400.00,121124.80,121294.80,1110.539
2025-10-10T14:45:00+00:00,121294.80,121360.80,120408.10,120436.40,4819.820
2025-10-10T15:00:00+00:00,120436.30,120583.70,119837.10,120375.10,10463.256
2025-10-10T15:15:00+00:00,120375.00,120454.10,119188.00,119188.00,12469.631
2025-10-10T15:30:00+00:00,119188.00,119544.00,118424.40,119520.10,14385.678
2025-10-10T15:45:00+00:00,119520.00,119560.90,118800.00,118965.30,5001.234
2025-10-10T16:00:00+00:00,118965.20,119185.10,118611.50,118885.60,4007.952
2025-10-10T16:15:00+00:00,118885.50,119199.00,118520.70,119015.00,3640.721
2025-10-10T16:30:00+00:00,119015.00,119403.40,118769.60,118833.60,2895.079
2025-10-10T16:45:00+00:00,118833.50,118842.80,118150.00,118150.00,7581.053
2025-10-10T17:00:00+00:00,118150.00,118379.70,117600.00,117857.10,8012.429
2025-10-10T17:15:00+00:00,117857.00,118201.10,117681.20,118108.60,3360.161
2025-10-10T17:30:00+00:00,118108.60,118142.00,117732.90,117791.20,1681.109
2025-10-10T17:45:00+00:00,117791.10,117883.70,117517.60,117590.80,3440.631
2025-10-10T18:00:00+00:00,117590.80,117771.10,117460.00,117609.80,2881.947
2025-10-10T18:15:00+00:00,117609.80,117825.20,117480.40,117560.10,1600.941
2025-10-10T18:30:00+00:00,117560.00,117658.80,117360.40,117411.20,1562.963
2025-10-10T18:45:00+00:00,117411.20,117599.00,117161.80,117178.50,2412.485
2025-10-10T19:00:00+00:00,117178.50,117300.00,116635.70,116784.70,5653.909
2025-10-10T19:15:00+00:00,116784.60,116887.20,115845.00,116001.30,11072.491
2025-10-10T19:30:00+00:00,116007.80,116944.00,115935.80,116877.70,4863.844
2025-10-10T19:45:00+00:00,116877.70,117051.70,116511.00,116605.30,3174.813
2025-10-10T20:00:00+00:00,116605.20,116850.00,116514.00,116720.30,1587.687
2025-10-10T20:15:00+00:00,116720.30,117122.20,116626.90,117014.00,1929.865
2025-10-10T20:30:00+00:00,117014.00,117145.30,116712.90,116970.00,1413.703
2025-10-10T20:45:00+00:00,116970.10,117040.30,112786.60,114198.00,26562.594
2025-10-10T21:00:00+00:00,114200.40,115075.60,109069.00,112137.60,27883.198
2025-10-10T21:15:00+00:00,112137.60,112539.50,101516.50,109183.00,69613.760
2025-10-10T21:30:00+00:00,109183.00,112387.30,108668.30,111243.10,18205.499
2025-10-10T21:45:00+00:00,111243.00,113757.00,111233.60,113253.60,16147.762
2025-10-10T22:00:00+00:00,113253.60,113700.00,111020.40,113639.50,13102.261
2025-10-10T22:15:00+00:00,113639.60,113750.00,112037.90,112329.30,8416.486
2025-10-10T22:30:00+00:00,112329.30,113215.20,112044.00,113143.80,6512.346
2025-10-10T22:45:00+00:00,113143.80,114071.00,113143.70,113606.30,6876.170
2025-10-10T23:00:00+00:00,113606.20,113778.90,112700.00,112995.30,3568.573
2025-10-10T23:15:00+00:00,112995.30,113798.00,112752.10,113704.20,3990.195
2025-10-10T23:30:00+00:00,113704.20,114829.70,113517.20,114552.20,5187.422
2025-10-10T23:45:00+00:00,114552.20,114567.00,112688.00,112714.90,6222.222
2025-10-11T00:00:00+00:00,112715.00,112986.80,112200.00,112314.10,4736.083
2025-10-11T00:15:00+00:00,112314.10,112435.10,111580.00,112416.00,4720.659
2025-10-11T00:30:00+00:00,112416.00,112640.00,112021.00,112582.10,2904.944
2025-10-11T00:45:00+00:00,112582.00,113142.70,112462.00,112463.30,2219.053
2025-10-11T01:00:00+00:00,112463.30,112489.90,111897.80,111903.30,1666.297
2025-10-11T01:15:00+00:00,111903.30,111986.40,111147.70,111233.20,3295.550
2025-10-11T01:30:00+00:00,111233.20,111940.00,111129.00,111207.80,2676.233
2025-10-11T01:45:00+00:00,111207.90,111591.40,110987.00,111060.00,2597.667
2025-10-11T02:00:00+00:00,111060.00,111995.80,111045.50,111910.30,2919.491
2025-10-11T02:15:00+00:00,111910.20,112409.00,111834.50,112154.90,2693.674
2025-10-11T02:30:00+00:00,112154.90,113206.00,112128.70,113152.30,2787.215
2025-10-11T02:45:00+00:00,113152.30,113273.30,112950.00,113175.40,3144.239
2025-10-11T03:00:00+00:00,113175.30,113300.10,112071.10,112333.20,3188.663
2025-10-11T03:15:00+00:00,112333.30,112387.70,111808.30,111826.10,2192.697
2025-10-11T03:30:00+00:00,111826.00,112151.60,111750.00,111843.90,2023.434
2025-10-11T03:45:00+00:00,111843.90,112375.20,111790.70,112261.90,1256.279
2025-10-11T04:00:00+00:00,112261.60,112483.40,112024.40,112388.10,1064.886
2025-10-11T04:15:00+00:00,112388.20,112560.50,112023.10,112233.60,1393.043
2025-10-11T04:30:00+00:00,112233.60,112261.60,111633.20,112076.50,1504.146
2025-10-11T04:45:00+00:00,112076.60,112931.90,111890.40,112905.30,2061.996
2025-10-11T05:00:00+00:00,112905.30,112908.80,112511.60,112612.90,1495.280
2025-10-11T05:15:00+00:00,112613.00,112630.00,111982.50,111982.60,2697.606
2025-10-11T05:30:00+00:00,111982.50,112228.40,111982.50,111993.70,1249.085
2025-10-11T05:45:00+00:00,111993.60,112498.70,111986.80,112338.30,990.716
2025-10-11T06:00:00+00:00,112338.20,112579.50,112056.00,112327.60,987.224
2025-10-11T06:15:00+00:00,112327.50,112718.90,112260.20,112638.30,875.074
2025-10-11T06:30:00+00:00,112638.30,112641.10,112029.50,112093.30,1066.986
2025-10-11T06:45:00+00:00,112094.10,112265.70,111982.50,112000.00,1310.874
2025-10-11T07:00:00+00:00,112000.10,112050.00,110894.20,111344.60,7865.686
2025-10-11T07:15:00+00:00,111344.70,111344.70,110604.00,110693.20,5570.649
2025-10-11T07:30:00+00:00,110693.20,110949.20,110450.00,110573.60,3467.519
2025-10-11T07:45:00+00:00,110573.60,110635.40,110022.00,110338.70,4419.494
2025-10-11T08:00:00+00:00,110338.70,110471.80,110100.50,110220.00,2049.634
2025-10-11T08:15:00+00:00,110219.90,111080.00,110207.80,110909.90,3042.452
2025-10-11T08:30:00+00:00,110909.90,111276.00,110666.80,111201.20,1446.219
2025-10-11T08:45:00+00:00,111201.20,111497.20,111201.10,111273.70,1556.607
2025-10-11T09:00:00+00:00,111273.70,111633.30,111212.60,111495.00,1835.889
2025-10-11T09:15:00+00:00,111495.00,111748.40,111389.70,111713.20,1324.892
2025-10-11T09:30:00+00:00,111713.30,111855.50,111417.90,111776.50,1360.088
2025-10-11T09:45:00+00:00,111776.60,111789.70,111528.60,111576.80,1107.612
2025-10-11T10:00:00+00:00,111576.90,111930.20,111571.30,111840.50,1112.493
2025-10-11T10:15:00+00:00,111840.40,112142.00,111683.30,112141.90,2161.898
2025-10-11T10:30:00+00:00,112141.90,112214.80,111893.40,111962.60,1265.895
2025-10-11T10:45:00+00:00,111962.60,112133.60,111934.90,112063.20,667.818
2025-10-11T11:00:00+00:00,112063.10,112095.30,111837.30,111974.50,861.182
2025-10-11T11:15:00+00:00,111974.40,112307.60,111632.00,112290.10,2001.641
2025-10-11T11:30:00+00:00,112290.10,112300.00,112103.90,112269.00,904.081
2025-10-11T11:45:00+00:00,112269.00,112300.00,112043.80,112224.60,794.589
2025-10-11T12:00:00+00:00,112224.60,112266.20,111976.30,112039.20,957.440
2025-10-11T12:15:00+00:00,112039.30,112423.00,112017.70,112423.00,963.937
2025-10-11T12:30:00+00:00,112422.90,112423.00,112142.00,112242.90,909.736
2025-10-11T12:45:00+00:00,112243.50,112339.80,112100.50,112319.60,750.464
2025-10-11T13:00:00+00:00,112319.60,112464.50,112109.50,112450.10,788.229
2025-10-11T13:15:00+00:00,112450.10,112466.20,112226.00,112282.50,848.809
2025-10-11T13:30:00+00:00,112282.60,112326.10,111810.60,112111.60,2419.531
2025-10-11T13:45:00+00:00,112111.50,112299.90,112017.70,112208.60,919.220
2025-10-11T14:00:00+00:00,112208.70,112297.10,112090.10,112153.80,850.195
2025-10-11T14:15:00+00:00,112153.70,112253.60,111911.00,111989.80,1189.849
2025-10-11T14:30:00+00:00,111989.80,112142.00,111879.90,112013.40,1082.022
2025-10-11T14:45:00+00:00,112013.40,112036.60,111823.80,111934.50,929.292
2025-10-11T15:00:00+00:00,111934.50,112342.20,111911.00,112230.90,1244.791
2025-10-11T15:15:00+00:00,112230.90,112315.80,112142.00,112150.00,916.082
2025-10-11T15:30:00+00:00,112150.00,112181.10,111884.80,111885.40,889.672
2025-10-11T15:45:00+00:00,111885.30,112017.70,111740.80,111744.40,1039.629
2025-10-11T16:00:00+00:00,111744.40,112046.40,111744.40,112000.10,826.951
2025-10-11T16:15:00+00:00,112000.00,112013.10,111729.00,111757.70,844.429
2025-10-11T16:30:00+00:00,111757.60,111792.40,111353.10,111471.80,2029.536
2025-10-11T16:45:00+00:00,111471.60,111852.00,111400.60,111803.80,1073.143
2025-10-11T17:00:00+00:00,111803.80,112015.40,111666.00,112004.10,797.071
2025-10-11T17:15:00+00:00,112004.20,112142.00,111976.30,112071.50,887.512
2025-10-11T17:30:00+00:00,112071.40,112129.50,111908.30,111997.20,881.472
2025-10-11T17:45:00+00:00,111997.20,112042.00,111799.60,111944.50,704.286
2025-10-11T18:00:00+00:00,111944.50,111976.00,111776.70,111844.00,558.040
2025-10-11T18:15:00+00:00,111843.90,111923.40,111787.30,111835.10,412.492
2025-10-11T18:30:00+00:00,111835.10,111919.20,111800.00,111876.90,316.240
2025-10-11T18:45:00+00:00,111876.80,111915.60,111811.40,111907.20,282.293
2025-10-11T19:00:00+00:00,111907.20,111980.00,111205.90,111518.20,1778.875
2025-10-11T19:15:00+00:00,111518.30,111577.10,110934.90,111334.30,2978.650
2025-10-11T19:30:00+00:00,111334.30,111370.50,110978.10,111004.10,1187.965
2025-10-11T19:45:00+00:00,111004.10,111160.30,110800.10,111126.70,1551.682
2025-10-11T20:00:00+00:00,111126.60,111333.50,110693.10,110824.40,1865.114
2025-10-11T20:15:00+00:00,110824.50,110900.00,110430.00,110569.20,1777.261
2025-10-11T20:30:00+00:00,110569.20,110580.80,110249.40,110290.00,2017.151
2025-10-11T20:45:00+00:00,110289.60,110800.00,109600.00,110184.80,4293.060
2025-10-11T21:00:00+00:00,110184.80,110307.30,109501.00,109994.90,2603.129
2025-10-11T21:15:00+00:00,109995.00,110823.40,109876.70,110731.10,2441.028
2025-10-11T21:30:00+00:00,110731.20,110920.00,110513.60,110634.90,929.970
2025-10-11T21:45:00+00:00,110634.90,110953.80,110634.90,110832.70,471.508
2025-10-11T22:00:00+00:00,110832.60,110990.00,110687.40,110883.70,1071.825
2025-10-11T22:15:00+00:00,110883.70,110925.00,110584.30,110871.70,843.313
2025-10-11T22:30:00+00:00,110871.80,111247.60,110839.00,111033.20,1229.279
2025-10-11T22:45:00+00:00,111033.10,111140.70,110937.50,110978.80,668.620
2025-10-11T23:00:00+00:00,110978.80,111060.80,110750.10,110836.90,868.514
2025-10-11T23:15:00+00:00,110836.90,110956.30,110761.30,110894.80,667.854
2025-10-11T23:30:00+00:00,110894.80,110938.50,110723.30,110788.50,746.703
2025-10-11T23:45:00+00:00,110788.50,110833.70,110576.80,110579.10,832.294
2025-10-12T00:00:00+00:00,110579.10,110613.70,110226.90,110259.90,1644.509
2025-10-12T00:15:00+00:00,110259.90,110443.20,109844.60,109870.90,1809.027
2025-10-12T00:30:00+00:00,109870.90,110422.80,109625.00,109682.00,2149.976
2025-10-12T00:45:00+00:00,109682.00,109862.90,109509.30,109600.70,1547.287
2025-10-12T01:00:00+00:00,109600.70,109983.60,109589.50,109972.40,1527.092
2025-10-12T01:15:00+00:00,109972.30,110084.00,109630.00,109911.90,1484.917
2025-10-12T01:30:00+00:00,109912.00,110190.40,109758.90,109950.00,1850.171
2025-10-12T01:45:00+00:00,109950.00,110275.00,109800.00,109928.60,1768.250
2025-10-12T02:00:00+00:00,109928.60,110244.10,109803.00,110089.80,2305.319
2025-10-12T02:15:00+00:00,110089.80,110493.30,110086.20,110402.50,1792.692
2025-10-12T02:30:00+00:00,110402.60,110670.50,109900.00,110206.00,2439.236
2025-10-12T02:45:00+00:00,110206.00,110210.70,109544.20,110072.20,2711.472
2025-10-12T03:00:00+00:00,110072.20,111424.00,109950.00,110670.00,4393.184
2025-10-12T03:15:00+00:00,110669.90,111050.80,110472.20,110924.70,2122.138
2025-10-12T03:30:00+00:00,110924.70,111186.60,110800.00,110903.90,1501.633
2025-10-12T03:45:00+00:00,110903.80,110903.80,110556.70,110643.30,977.607
2025-10-12T04:00:00+00:00,110643.30,111030.00,110561.80,111028.50,831.979
2025-10-12T04:15:00+00:00,111028.60,111180.60,110968.00,111075.60,873.455
2025-10-12T04:30:00+00:00,111075.60,111494.50,111075.60,111450.20,1485.980
2025-10-12T04:45:00+00:00,111450.20,111909.50,111326.40,111486.10,2891.034
2025-10-12T05:00:00+00:00,111486.10,111486.20,111142.80,111250.00,1254.696
2025-10-12T05:15:00+00:00,111250.00,111537.50,111250.00,111533.90,770.798
2025-10-12T05:30:00+00:00,111533.90,111577.80,111372.10,111477.70,724.514
2025-10-12T05:45:00+00:00,111477.60,111755.70,111475.80,111642.40,986.045
2025-10-12T06:00:00+00:00,111642.40,111800.10,111546.00,111766.10,855.038
2025-10-12T06:15:00+00:00,111766.20,112110.00,111644.90,111866.80,1626.026
2025-10-12T06:30:00+00:00,111866.80,111866.80,111568.10,111668.40,1018.351
2025-10-12T06:45:00+00:00,111668.40,111850.00,111604.90,111634.80,1009.665
2025-10-12T07:00:00+00:00,111634.90,111739.40,111525.40,111525.40,988.484
2025-10-12T07:15:00+00:00,111525.50,111884.80,111490.70,111555.70,1475.036
2025-10-12T07:30:00+00:00,111555.70,111683.20,111445.00,111521.50,1219.618
2025-10-12T07:45:00+00:00,111521.50,111626.60,111433.70,111464.00,736.892
2025-10-12T08:00:00+00:00,111463.90,111650.00,111418.80,111465.30,1210.328
2025-10-12T08:15:00+00:00,111465.40,111746.20,111465.30,111712.20,1026.747
2025-10-12T08:30:00+00:00,111712.20,111712.20,111533.40,111546.00,1290.877
2025-10-12T08:45:00+00:00,111546.00,111564.40,111233.00,111244.10,2257.587
2025-10-12T09:00:00+00:00,111244.00,111244.10,111070.40,111136.30,1451.856
2025-10-12T09:15:00+00:00,111136.40,111370.90,111136.30,111331.90,785.539
2025-10-12T09:30:00+00:00,111331.80,111553.60,111280.30,111553.60,567.072
2025-10-12T09:45:00+00:00,111553.60,111854.00,111455.20,111772.10,1442.793
2025-10-12T10:00:00+00:00,111772.20,111963.90,111664.10,111778.30,1792.149
2025-10-12T10:15:00+00:00,111778.20,111793.00,111479.50,111541.30,867.492
2025-10-12T10:30:00+00:00,111541.30,111576.30,111377.50,111517.30,710.752
2025-10-12T10:45:00+00:00,111517.30,111658.60,111445.10,111589.70,686.583
2025-10-12T11:00:00+00:00,111589.70,111850.10,111407.10,111797.90,1082.239
2025-10-12T11:15:00+00:00,111797.90,111800.80,111492.90,111669.40,812.824
2025-10-12T11:30:00+00:00,111669.40,112084.30,111602.20,111901.90,2161.581
2025-10-12T11:45:00+00:00,111902.00,111950.00,111699.00,111783.80,1033.992
2025-10-12T12:00:00+00:00,111783.80,112191.50,111767.60,112050.50,2074.656
2025-10-12T12:15:00+00:00,112050.60,112066.80,111853.80,111930.60,1502.645
2025-10-12T12:30:00+00:00,111930.60,111955.20,111620.30,111764.00,1296.945
2025-10-12T12:45:00+00:00,111764.10,111764.10,111470.90,111711.30,1293.534
2025-10-12T13:00:00+00:00,111711.30,111877.70,111543.20,111856.00,1144.985
2025-10-12T13:15:00+00:00,111856.00,111875.00,111493.70,111611.60,1202.287
2025-10-12T13:30:00+00:00,111611.50,111747.80,111342.70,111743.60,2547.718
2025-10-12T13:45:00+00:00,111743.60,111767.70,111191.10,111238.10,2488.692
2025-10-12T14:00:00+00:00,111238.10,111443.50,111150.70,111357.60,1614.731
2025-10-12T14:15:00+00:00,111357.70,111485.80,111260.10,111405.40,1282.137
2025-10-12T14:30:00+00:00,111405.50,111430.00,111111.00,111339.20,1510.886
2025-10-12T14:45:00+00:00,111339.20,112929.00,111300.40,112260.00,16853.320
2025-10-12T15:00:00+00:00,112260.10,113371.60,111996.90,113140.60,10373.202
2025-10-12T15:15:00+00:00,113140.60,113687.60,112803.80,113100.00,6578.804
2025-10-12T15:30:00+00:00,113100.00,113107.60,112331.20,112600.10,5884.327
2025-10-12T15:45:00+00:00,112600.00,113225.00,112600.00,113119.00,2915.582
2025-10-12T16:00:00+00:00,113119.00,114243.80,113119.00,113822.60,6988.299
2025-10-12T16:15:00+00:00,113823.00,113857.30,113400.00,113568.10,3307.552
2025-10-12T16:30:00+00:00,113568.10,114222.50,113290.00,114171.50,3907.750
2025-10-12T16:45:00+00:00,114171.50,114654.50,113785.20,113993.40,7122.245
2025-10-12T17:00:00+00:00,113993.40,114396.50,113789.50,114223.70,3697.918
2025-10-12T17:15:00+00:00,114223.70,114380.00,114167.50,114262.70,2058.433
2025-10-12T17:30:00+00:00,114262.70,114332.90,113925.50,114264.40,2435.192
2025-10-12T17:45:00+00:00,114264.40,114300.00,113400.00,113729.40,3704.115
2025-10-12T18:00:00+00:00,113729.40,114183.10,113700.10,113964.20,1805.037
2025-10-12T18:15:00+00:00,113964.10,114110.00,113764.10,113823.80,1554.192
2025-10-12T18:30:00+00:00,113823.70,113944.10,113463.20,113554.50,1714.427
2025-10-12T18:45:00+00:00,113554.40,113846.20,113484.50,113815.90,1149.270
2025-10-12T19:00:00+00:00,113816.00,114320.00,113754.80,114300.10,1558.486
2025-10-12T19:15:00+00:00,114300.10,114346.20,114135.60,114236.40,1243.253
2025-10-12T19:30:00+00:00,114236.40,114338.50,114028.80,114125.30,901.023
2025-10-12T19:45:00+00:00,114125.30,114300.00,114059.00,114288.70,898.557
2025-10-12T20:00:00+00:00,114288.80,114762.90,114288.70,114547.40,2262.652
2025-10-12T20:15:00+00:00,114547.40,115305.80,114496.00,115175.00,3378.369
2025-10-12T20:30:00+00:00,115175.00,115400.00,114889.50,115043.80,3546.350
2025-10-12T20:45:00+00:00,115043.80,115222.20,114839.40,114864.50,2202.508
2025-10-12T21:00:00+00:00,114864.40,115594.60,114578.00,115326.50,3633.763
2025-10-12T21:15:00+00:00,115326.50,115350.00,114632.70,114904.70,2790.115
2025-10-12T21:30:00+00:00,114904.70,114916.50,114200.00,114570.90,3276.139
2025-10-12T21:45:00+00:00,114570.90,114910.70,114450.00,114822.00,911.024
2025-10-12T22:00:00+00:00,114822.00,115730.30,114822.00,115311.60,7665.206
2025-10-12T22:15:00+00:00,115311.60,115550.00,115100.40,115169.60,2821.763
2025-10-12T22:30:00+00:00,115169.50,115349.80,115037.90,115327.20,1935.333
2025-10-12T22:45:00+00:00,115327.30,115486.00,115133.80,115160.70,1608.326
2025-10-12T23:00:00+00:00,115160.70,115200.00,114679.00,114833.00,2890.116
2025-10-12T23:15:00+00:00,114833.10,115273.70,114676.10,115177.00,1621.666
2025-10-12T23:30:00+00:00,115177.00,115298.30,114777.00,114908.70,1452.885
2025-10-12T23:45:00+00:00,114908.70,115092.80,114830.30,114894.40,1369.090
2025-10-13T00:00:00+00:00,114894.50,115155.00,114703.90,115155.00,2191.393
2025-10-13T00:15:00+00:00,115155.00,115844.80,115131.10,115131.10,4246.203
2025-10-13T00:30:00+00:00,115131.10,115160.00,114888.00,115063.00,2502.855
2025-10-13T00:45:00+00:00,115063.00,115424.40,114903.50,115220.00,2408.851
2025-10-13T01:00:00+00:00,115220.00,115329.50,115021.60,115111.40,2646.789
2025-10-13T01:15:00+00:00,115111.50,115600.00,115010.20,115538.80,2296.080
2025-10-13T01:30:00+00:00,115538.80,115700.00,115432.00,115603.70,1889.780
2025-10-13T01:45:00+00:00,115603.80,115680.00,115490.00,115638.00,1192.166
2025-10-13T02:00:00+00:00,115638.00,115912.00,115186.00,115264.10,2876.439
2025-10-13T02:15:00+00:00,115264.00,115302.90,114941.00,115155.50,2449.373
2025-10-13T02:30:00+00:00,115155.60,115377.20,115123.00,115263.20,1260.239
2025-10-13T02:45:00+00:00,115263.10,115428.40,115214.40,115275.00,1167.053
2025-10-13T03:00:00+00:00,115275.00,115573.70,115219.40,115413.60,1303.133
2025-10-13T03:15:00+00:00,115413.60,115413.60,115053.40,115101.80,1316.005
2025-10-13T03:30:00+00:00,115101.90,115158.90,114722.20,114811.30,2074.540
2025-10-13T03:45:00+00:00,114811.40,114845.50,114566.10,114773.60,2045.180
2025-10-13T04:00:00+00:00,114773.50,114958.00,114610.20,114682.40,1462.496
2025-10-13T04:15:00+00:00,114682.50,114800.00,114560.00,114605.70,1546.219
2025-10-13T04:30:00+00:00,114605.70,114953.40,114542.80,114571.40,2542.422
2025-10-13T04:45:00+00:00,114571.50,114681.20,114357.20,114656.60,3180.264
2025-10-13T05:00:00+00:00,114656.50,114719.80,114458.10,114690.10,1243.167
2025-10-13T05:15:00+00:00,114690.00,114785.80,114500.00,114661.30,1079.837
2025-10-13T05:30:00+00:00,114661.30,114693.20,114482.90,114527.50,1257.718
2025-10-13T05:45:00+00:00,114527.50,114633.80,114492.40,114570.20,796.307
2025-10-13T06:00:00+00:00,114570.10,114796.90,114369.20,114734.30,1241.281
2025-10-13T06:15:00+00:00,114734.40,115077.30,114712.90,115048.60,2237.373
2025-10-13T06:30:00+00:00,115048.00,115333.20,114931.10,114958.80,1710.230
2025-10-13T06:45:00+00:00,114958.80,115251.60,114852.80,115168.40,1610.762
2025-10-13T07:00:00+00:00,115168.40,115450.40,114970.80,115349.50,2283.793
2025-10-13T07:15:00+00:00,115349.50,115500.00,115268.50,115440.90,1605.577
2025-10-13T07:30:00+00:00,115440.90,115494.70,115287.00,115376.10,1520.125
2025-10-13T07:45:00+00:00,115376.00,115376.00,115025.00,115341.70,1698.978
2025-10-13T08:00:00+00:00,115341.70,115350.00,115112.00,115250.90,1516.829
2025-10-13T08:15:00+00:00,115251.00,115339.80,115070.10,115217.60,1439.827
2025-10-13T08:30:00+00:00,115217.60,115366.60,115109.30,115144.80,950.755
2025-10-13T08:45:00+00:00,115144.80,115376.30,115100.00,115193.80,813.481
2025-10-13T09:00:00+00:00,115193.70,115193.80,114682.80,114749.30,2357.613
2025-10-13T09:15:00+00:00,114749.30,114944.90,114731.00,114888.00,1194.657
2025-10-13T09:30:00+00:00,114887.90,115107.20,114858.80,115051.40,1142.593
2025-10-13T09:45:00+00:00,115051.30,115130.40,115021.60,115057.20,774.379
2025-10-13T10:00:00+00:00,115057.20,115098.90,114876.40,114926.40,1064.715
2025-10-13T10:15:00+00:00,114926.50,115000.00,114760.00,114834.40,1077.182
2025-10-13T10:30:00+00:00,114834.40,114882.30,114670.10,114724.00,1391.742
2025-10-13T10:45:00+00:00,114723.90,114919.50,114700.00,114754.80,902.648
2025-10-13T11:00:00+00:00,114754.70,114754.70,114105.00,114498.00,5159.903
2025-10-13T11:15:00+00:00,114498.00,114561.60,113600.50,113618.30,5078.251
2025-10-13T11:30:00+00:00,113612.30,114167.70,113612.30,114040.70,3442.969
2025-10-13T11:45:00+00:00,114040.70,114338.00,113928.30,114129.30,1623.862
2025-10-13T12:00:00+00:00,114129.20,114440.20,113871.80,114320.60,2415.255
2025-10-13T12:15:00+00:00,114320.60,114331.40,114134.90,114293.20,1490.872
2025-10-13T12:30:00+00:00,114293.30,114615.70,114202.50,114472.60,2051.374
2025-10-13T12:45:00+00:00,114472.60,114707.00,114270.00,114360.00,2107.633
2025-10-13T13:00:00+00:00,114359.90,114653.00,114185.70,114316.50,3026.951
2025-10-13T13:15:00+00:00,114316.50,114516.60,114160.50,114285.50,1771.371
2025-10-13T13:30:00+00:00,114285.60,115488.90,114261.40,114902.30,9664.118
2025-10-13T13:45:00+00:00,114902.20,115348.00,114376.50,115291.50,4603.358
2025-10-13T14:00:00+00:00,115291.40,115420.10,114806.10,114898.20,3723.049
2025-10-13T14:15:00+00:00,114898.10,115012.00,114100.00,114254.90,4633.373
2025-10-13T14:30:00+00:00,114254.80,114744.20,113899.00,114484.40,4322.432
2025-10-13T14:45:00+00:00,114484.40,114552.80,113721.20,113973.60,3401.183
2025-10-13T15:00:00+00:00,113973.50,114545.00,113917.40,114356.80,2613.193
2025-10-13T15:15:00+00:00,114356.70,114526.80,114134.10,114192.30,2319.266
2025-10-13T15:30:00+00:00,114192.40,114497.80,114057.40,114127.00,1868.066
2025-10-13T15:45:00+00:00,114127.10,114683.50,114127.00,114260.70,2238.720
2025-10-13T16:00:00+00:00,114260.80,115139.00,114200.10,114842.20,4668.020
2025-10-13T16:15:00+00:00,114842.20,114903.10,114323.70,114378.60,3110.141
2025-10-13T16:30:00+00:00,114378.60,114530.80,114280.40,114329.10,1845.251
2025-10-13T16:45:00+00:00,114329.10,114745.10,114300.00,114596.60,1769.303
2025-10-13T17:00:00+00:00,114596.60,114941.50,114392.70,114519.70,2455.209
2025-10-13T17:15:00+00:00,114519.70,114629.30,114390.00,114499.80,1323.136
2025-10-13T17:30:00+00:00,114499.90,114661.90,114367.60,114401.70,1696.048
2025-10-13T17:45:00+00:00,114401.70,115025.00,114151.00,114990.10,2641.290
2025-10-13T18:00:00+00:00,114990.10,115050.70,114653.20,114699.90,3658.115
2025-10-13T18:15:00+00:00,114699.90,115268.00,114695.30,115208.60,2584.511
2025-10-13T18:30:00+00:00,115208.70,115332.70,114908.80,115146.10,1826.830
2025-10-13T18:45:00+00:00,115146.10,115227.20,114952.80,115107.70,1916.328
2025-10-13T19:00:00+00:00,115107.70,115230.00,115011.60,115230.00,1434.377
2025-10-13T19:15:00+00:00,115230.00,115694.90,115159.90,115544.50,3563.457
2025-10-13T19:30:00+00:00,115544.50,115660.00,115421.20,115644.70,1566.345
2025-10-13T19:45:00+00:00,115644.70,115689.50,115644.60,115657.90,111.211
