timestamp,open,high,low,close,volume
2025-09-13T20:00:00+00:00,119.27,119.65,119.23,119.56,16781.028
2025-09-13T20:15:00+00:00,119.57,119.73,119.40,119.61,10452.858
2025-09-13T20:30:00+00:00,119.61,119.78,119.39,119.44,6089.348
2025-09-13T20:45:00+00:00,119.45,119.79,119.45,119.61,7380.861
2025-09-13T21:00:00+00:00,119.61,120.07,119.56,119.84,13869.071
2025-09-13T21:15:00+00:00,119.84,120.14,119.79,119.98,13541.431
2025-09-13T21:30:00+00:00,119.98,119.99,119.74,119.85,6939.737
2025-09-13T21:45:00+00:00,119.85,119.95,119.77,119.90,3866.262
2025-09-13T22:00:00+00:00,119.91,120.14,119.89,120.05,9668.959
2025-09-13T22:15:00+00:00,120.05,120.14,119.85,119.99,11509.484
2025-09-13T22:30:00+00:00,119.99,120.14,119.70,119.89,11742.143
2025-09-13T22:45:00+00:00,119.90,119.95,119.00,119.27,105008.037
2025-09-13T23:00:00+00:00,119.27,119.55,119.02,119.29,50281.169
2025-09-13T23:15:00+00:00,119.29,119.65,119.08,119.18,18618.115
2025-09-13T23:30:00+00:00,119.19,119.32,119.14,119.31,10038.638
2025-09-13T23:45:00+00:00,119.32,119.45,119.06,119.17,25383.430
2025-09-14T00:00:00+00:00,119.17,119.30,119.02,119.22,17109.378
2025-09-14T00:15:00+00:00,119.22,119.29,118.87,118.97,12703.588
2025-09-14T00:30:00+00:00,118.98,119.06,118.66,118.75,19524.378
2025-09-14T00:45:00+00:00,118.75,118.89,118.50,118.71,28605.399
2025-09-14T01:00:00+00:00,118.71,118.71,117.19,117.46,125238.929
2025-09-14T01:15:00+00:00,117.45,117.87,117.40,117.82,31652.757
2025-09-14T01:30:00+00:00,117.82,118.14,117.77,118.08,18126.966
2025-09-14T01:45:00+00:00,118.08,118.39,117.90,118.31,24512.489
2025-09-14T02:00:00+00:00,118.32,118.81,118.28,118.78,19380.507
2025-09-14T02:15:00+00:00,118.79,118.80,118.35,118.43,28248.796
2025-09-14T02:30:00+00:00,118.43,118.43,117.76,117.93,28667.146
2025-09-14T02:45:00+00:00,117.93,118.08,117.15,117.68,78750.860
2025-09-14T03:00:00+00:00,117.68,117.94,117.37,117.49,32428.383
2025-09-14T03:15:00+00:00,117.49,117.52,117.24,117.40,17270.792
2025-09-14T03:30:00+00:00,117.40,117.53,116.05,116.65,121059.815
2025-09-14T03:45:00+00:00,116.65,116.84,116.08,116.34,43480.521
2025-09-14T04:00:00+00:00,116.34,116.62,116.19,116.36,42873.545
2025-09-14T04:15:00+00:00,116.36,116.70,115.99,116.65,40405.987
2025-09-14T04:30:00+00:00,116.66,116.96,116.64,116.96,26984.389
2025-09-14T04:45:00+00:00,116.96,116.97,116.66,116.82,11527.075
2025-09-14T05:00:00+00:00,116.81,117.24,116.81,117.16,16901.468
2025-09-14T05:15:00+00:00,117.17,117.38,117.16,117.28,9921.419
2025-09-14T05:30:00+00:00,117.29,117.36,117.20,117.22,12260.429
2025-09-14T05:45:00+00:00,117.23,117.43,117.22,117.39,9828.395
2025-09-14T06:00:00+00:00,117.39,117.47,117.06,117.16,14401.232
2025-09-14T06:15:00+00:00,117.17,117.33,116.91,117.07,12530.523
2025-09-14T06:30:00+00:00,117.07,117.10,116.85,116.87,8214.919
2025-09-14T06:45:00+00:00,116.87,117.13,116.71,117.12,12985.595
2025-09-14T07:00:00+00:00,117.12,117.21,116.84,116.99,9491.164
2025-09-14T07:15:00+00:00,117.00,117.13,116.89,117.07,7415.199
2025-09-14T07:30:00+00:00,117.07,117.15,116.89,116.89,8648.122
2025-09-14T07:45:00+00:00,116.89,116.94,116.42,116.72,19990.266
2025-09-14T08:00:00+00:00,116.73,116.73,116.20,116.40,34270.518
2025-09-14T08:15:00+00:00,116.40,116.62,116.28,116.58,15246.044
2025-09-14T08:30:00+00:00,116.59,116.97,116.57,116.94,14044.328
2025-09-14T08:45:00+00:00,116.93,117.04,116.70,116.71,16323.392
2025-09-14T09:00:00+00:00,116.71,116.71,116.52,116.60,11138.263
2025-09-14T09:15:00+00:00,116.61,116.99,116.49,116.91,9591.931
2025-09-14T09:30:00+00:00,116.92,117.17,116.90,116.95,13537.301
2025-09-14T09:45:00+00:00,116.96,117.00,116.76,116.90,9423.089
2025-09-14T10:00:00+00:00,116.90,116.96,116.54,116.54,17900.474
2025-09-14T10:15:00+00:00,116.54,116.87,116.51,116.61,17000.843
2025-09-14T10:30:00+00:00,116.60,116.71,116.46,116.48,10698.310
2025-09-14T10:45:00+00:00,116.48,116.65,116.39,116.51,14784.061
2025-09-14T11:00:00+00:00,116.52,116.66,116.38,116.39,11344.254
2025-09-14T11:15:00+00:00,116.40,116.40,115.72,115.85,54349.722
2025-09-14T11:30:00+00:00,115.85,115.97,115.57,115.61,39146.006
2025-09-14T11:45:00+00:00,115.60,115.92,115.34,115.45,30027.915
2025-09-14T12:00:00+00:00,115.45,115.86,115.42,115.75,30201.572
2025-09-14T12:15:00+00:00,115.76,115.90,115.66,115.84,19614.250
2025-09-14T12:30:00+00:00,115.85,115.91,115.07,115.10,48450.776
2025-09-14T12:45:00+00:00,115.10,115.41,114.82,115.27,51577.764
2025-09-14T13:00:00+00:00,115.28,115.37,114.99,115.37,20464.988
2025-09-14T13:15:00+00:00,115.38,115.38,114.78,114.95,23369.564
2025-09-14T13:30:00+00:00,114.95,115.29,114.81,115.16,18000.000
2025-09-14T13:45:00+00:00,115.16,115.17,114.47,114.83,39961.467
2025-09-14T14:00:00+00:00,114.84,115.33,114.78,115.02,31330.205
2025-09-14T14:15:00+00:00,115.03,115.04,114.33,114.64,30491.844
2025-09-14T14:30:00+00:00,114.65,114.84,114.02,114.10,58111.193
2025-09-14T14:45:00+00:00,114.11,114.66,113.84,114.58,64657.389
2025-09-14T15:00:00+00:00,114.58,114.70,114.10,114.30,46748.636
2025-09-14T15:15:00+00:00,114.31,114.67,114.31,114.50,23242.141
2025-09-14T15:30:00+00:00,114.50,114.80,114.32,114.73,18754.186
2025-09-14T15:45:00+00:00,114.73,114.94,114.50,114.67,23539.854
2025-09-14T16:00:00+00:00,114.68,115.03,114.51,114.75,20391.563
2025-09-14T16:15:00+00:00,114.76,115.09,114.70,115.07,13356.203
2025-09-14T16:30:00+00:00,115.06,115.21,114.96,115.08,16329.371
2025-09-14T16:45:00+00:00,115.09,115.09,114.76,114.84,15742.553
2025-09-14T17:00:00+00:00,114.85,115.00,114.68,114.98,11832.897
2025-09-14T17:15:00+00:00,114.98,115.38,114.93,115.30,27696.354
2025-09-14T17:30:00+00:00,115.30,115.36,115.22,115.32,14111.102
2025-09-14T17:45:00+00:00,115.33,115.48,115.29,115.31,13132.463
2025-09-14T18:00:00+00:00,115.32,115.41,115.15,115.35,17070.836
2025-09-14T18:15:00+00:00,115.35,115.36,114.79,114.95,15279.094
2025-09-14T18:30:00+00:00,114.95,115.15,114.87,115.09,7811.132
2025-09-14T18:45:00+00:00,115.08,115.10,114.89,114.96,5696.937
2025-09-14T19:00:00+00:00,114.97,115.10,114.71,115.02,9226.952
2025-09-14T19:15:00+00:00,115.03,115.20,114.99,115.20,3980.222
2025-09-14T19:30:00+00:00,115.20,115.30,115.07,115.15,5038.054
2025-09-14T19:45:00+00:00,115.16,115.26,114.91,115.07,7772.844
2025-09-14T20:00:00+00:00,115.07,115.36,115.02,115.30,8800.632
2025-09-14T20:15:00+00:00,115.31,115.40,115.19,115.20,5858.180
2025-09-14T20:30:00+00:00,115.20,115.35,115.09,115.34,6108.109
2025-09-14T20:45:00+00:00,115.34,115.37,115.22,115.22,5207.117
2025-09-14T21:00:00+00:00,115.22,115.31,114.91,115.13,30837.530
2025-09-14T21:15:00+00:00,115.14,115.34,115.11,115.30,9772.290
2025-09-14T21:30:00+00:00,115.30,115.64,115.23,115.62,10626.702
2025-09-14T21:45:00+00:00,115.63,115.70,115.38,115.53,7273.582
2025-09-14T22:00:00+00:00,115.54,115.63,115.21,115.31,13116.130
2025-09-14T22:15:00+00:00,115.31,115.38,115.14,115.35,7799.227
2025-09-14T22:30:00+00:00,115.35,115.77,115.29,115.76,9221.764
2025-09-14T22:45:00+00:00,115.76,116.06,115.68,115.80,16563.187
2025-09-14T23:00:00+00:00,115.81,115.81,115.10,115.18,19278.638
2025-09-14T23:15:00+00:00,115.18,115.35,115.00,115.17,12862.272
2025-09-14T23:30:00+00:00,115.17,115.19,114.80,115.09,13460.019
2025-09-14T23:45:00+00:00,115.10,115.18,114.91,115.02,8676.495
2025-09-15T00:00:00+00:00,115.02,115.47,114.99,115.46,15759.649
2025-09-15T00:15:00+00:00,115.47,115.85,115.25,115.83,14877.695
2025-09-15T00:30:00+00:00,115.82,115.85,115.25,115.26,15593.559
2025-09-15T00:45:00+00:00,115.26,115.55,115.24,115.34,8510.570
2025-09-15T01:00:00+00:00,115.34,115.37,114.64,114.66,22005.568
2025-09-15T01:15:00+00:00,114.65,115.29,114.52,115.24,15392.693
2025-09-15T01:30:00+00:00,115.25,115.85,115.23,115.61,16878.265
2025-09-15T01:45:00+00:00,115.61,115.76,115.40,115.49,8285.128
2025-09-15T02:00:00+00:00,115.49,115.98,115.48,115.87,20544.464
2025-09-15T02:15:00+00:00,115.88,116.03,115.65,115.68,9733.838
2025-09-15T02:30:00+00:00,115.68,115.69,115.45,115.66,8036.198
2025-09-15T02:45:00+00:00,115.67,115.79,115.48,115.67,7589.413
2025-09-15T03:00:00+00:00,115.68,116.15,115.61,115.98,9630.750
2025-09-15T03:15:00+00:00,115.99,116.10,115.68,115.76,9133.409
2025-09-15T03:30:00+00:00,115.77,115.79,115.55,115.69,9992.369
2025-09-15T03:45:00+00:00,115.68,115.78,115.61,115.62,7169.387
2025-09-15T04:00:00+00:00,115.62,115.74,115.55,115.55,9671.460
2025-09-15T04:15:00+00:00,115.56,116.15,115.50,115.99,24464.259
2025-09-15T04:30:00+00:00,116.00,116.10,115.74,115.91,8535.596
2025-09-15T04:45:00+00:00,115.91,116.04,115.81,115.86,6867.407
2025-09-15T05:00:00+00:00,115.86,116.20,115.79,116.13,10793.910
2025-09-15T05:15:00+00:00,116.14,116.58,116.08,116.44,49393.363
2025-09-15T05:30:00+00:00,116.44,116.69,116.41,116.65,25408.906
2025-09-15T05:45:00+00:00,116.65,116.71,116.53,116.59,13552.160
2025-09-15T06:00:00+00:00,116.60,116.63,116.35,116.57,34862.013
2025-09-15T06:15:00+00:00,116.58,116.65,116.08,116.10,26857.512
2025-09-15T06:30:00+00:00,116.10,116.17,115.50,115.58,36033.709
2025-09-15T06:45:00+00:00,115.58,115.70,115.21,115.64,31079.633
2025-09-15T07:00:00+00:00,115.65,116.08,115.60,116.02,17178.616
2025-09-15T07:15:00+00:00,116.02,116.27,115.50,115.54,13800.886
2025-09-15T07:30:00+00:00,115.53,115.53,114.59,114.80,65279.489
2025-09-15T07:45:00+00:00,114.82,115.02,114.55,114.84,30438.849
2025-09-15T08:00:00+00:00,114.83,114.84,113.33,114.02,157799.821
2025-09-15T08:15:00+00:00,114.00,114.23,113.56,114.00,57944.553
2025-09-15T08:30:00+00:00,114.00,114.22,113.55,113.69,67131.756
2025-09-15T08:45:00+00:00,113.70,113.71,112.34,112.78,153107.947
2025-09-15T09:00:00+00:00,112.78,113.68,112.60,113.20,83823.199
2025-09-15T09:15:00+00:00,113.20,113.67,112.95,113.52,32013.958
2025-09-15T09:30:00+00:00,113.51,113.75,113.47,113.54,15268.194
2025-09-15T09:45:00+00:00,113.53,113.69,113.30,113.63,15186.936
2025-09-15T10:00:00+00:00,113.63,113.65,112.77,112.93,26956.265
2025-09-15T10:15:00+00:00,112.93,113.33,112.90,113.20,15481.481
2025-09-15T10:30:00+00:00,113.20,113.47,113.03,113.43,9946.816
2025-09-15T10:45:00+00:00,113.43,113.60,113.30,113.40,8768.853
2025-09-15T11:00:00+00:00,113.41,113.54,113.06,113.47,13037.445
2025-09-15T11:15:00+00:00,113.47,113.64,113.20,113.31,13369.895
2025-09-15T11:30:00+00:00,113.31,114.06,113.20,113.81,272724.654
2025-09-15T11:45:00+00:00,113.81,113.87,113.51,113.83,16161.466
2025-09-15T12:00:00+00:00,113.83,113.83,113.41,113.68,17370.071
2025-09-15T12:15:00+00:00,113.69,113.99,113.34,113.34,13487.450
2025-09-15T12:30:00+00:00,113.35,113.57,113.28,113.55,16252.587
2025-09-15T12:45:00+00:00,113.55,113.56,113.11,113.19,12290.381
2025-09-15T13:00:00+00:00,113.19,113.36,113.02,113.27,15687.565
2025-09-15T13:15:00+00:00,113.27,113.35,112.97,113.16,16658.500
2025-09-15T13:30:00+00:00,113.16,113.70,112.90,112.97,41506.863
2025-09-15T13:45:00+00:00,112.98,114.03,112.96,113.79,27657.112
2025-09-15T14:00:00+00:00,113.79,113.82,112.97,113.40,29160.972
2025-09-15T14:15:00+00:00,113.41,113.69,113.07,113.40,33622.289
2025-09-15T14:30:00+00:00,113.40,113.55,113.04,113.45,17782.769
2025-09-15T14:45:00+00:00,113.45,113.55,112.71,112.77,19827.800
2025-09-15T15:00:00+00:00,112.78,113.18,112.71,112.79,34328.323
2025-09-15T15:15:00+00:00,112.79,113.22,112.57,112.84,39307.623
2025-09-15T15:30:00+00:00,112.85,112.87,112.42,112.54,31439.877
2025-09-15T15:45:00+00:00,112.54,113.21,112.31,113.06,27784.830
2025-09-15T16:00:00+00:00,113.05,113.05,111.84,112.70,69729.287
2025-09-15T16:15:00+00:00,112.71,112.86,112.14,112.36,48387.236
2025-09-15T16:30:00+00:00,112.34,112.96,112.18,112.95,21124.179
2025-09-15T16:45:00+00:00,112.96,112.97,111.95,112.13,13966.979
2025-09-15T17:00:00+00:00,112.13,112.65,112.08,112.48,11991.785
2025-09-15T17:15:00+00:00,112.48,112.59,112.22,112.36,14598.608
2025-09-15T17:30:00+00:00,112.36,112.82,112.28,112.75,13931.071
2025-09-15T17:45:00+00:00,112.74,113.11,112.50,113.05,26526.696
2025-09-15T18:00:00+00:00,113.04,113.08,112.61,112.71,8572.653
2025-09-15T18:15:00+00:00,112.72,113.06,112.65,112.90,12175.082
2025-09-15T18:30:00+00:00,112.90,113.24,112.84,113.08,10676.942
2025-09-15T18:45:00+00:00,113.09,113.46,113.05,113.34,9707.345
2025-09-15T19:00:00+00:00,113.34,113.67,113.25,113.33,12919.234
2025-09-15T19:15:00+00:00,113.34,113.35,112.99,113.01,8279.231
2025-09-15T19:30:00+00:00,113.01,113.43,112.82,113.26,10849.231
2025-09-15T19:45:00+00:00,113.26,113.45,113.12,113.20,4875.936
2025-09-15T20:00:00+00:00,113.20,113.43,113.09,113.38,8840.075
2025-09-15T20:15:00+00:00,113.38,113.51,113.26,113.31,5578.458
2025-09-15T20:30:00+00:00,113.32,113.44,113.29,113.38,5403.161
2025-09-15T20:45:00+00:00,113.37,113.44,113.30,113.40,5222.267
2025-09-15T21:00:00+00:00,113.41,113.43,113.19,113.37,11743.962
2025-09-15T21:15:00+00:00,113.37,113.64,113.34,113.55,11128.653
2025-09-15T21:30:00+00:00,113.56,113.67,113.41,113.64,7840.842
2025-09-15T21:45:00+00:00,113.64,113.66,113.52,113.57,5430.965
2025-09-15T22:00:00+00:00,113.58,113.67,113.27,113.39,10645.258
2025-09-15T22:15:00+00:00,113.40,113.56,113.37,113.53,4426.291
2025-09-15T22:30:00+00:00,113.54,113.58,113.24,113.40,5832.406
2025-09-15T22:45:00+00:00,113.41,113.60,113.34,113.50,8280.359
2025-09-15T23:00:00+00:00,113.51,113.58,113.38,113.48,6601.080
2025-09-15T23:15:00+00:00,113.49,113.74,113.46,113.71,8192.772
2025-09-15T23:30:00+00:00,113.70,113.74,113.58,113.65,9380.615
2025-09-15T23:45:00+00:00,113.66,113.72,113.57,113.66,3480.824
2025-09-16T00:00:00+00:00,113.66,113.70,113.38,113.42,16765.703
2025-09-16T00:15:00+00:00,113.41,113.52,113.23,113.23,10058.215
2025-09-16T00:30:00+00:00,113.23,113.44,113.22,113.33,8924.001
2025-09-16T00:45:00+00:00,113.33,113.37,113.09,113.35,6605.853
2025-09-16T01:00:00+00:00,113.35,113.81,113.31,113.65,19549.330
2025-09-16T01:15:00+00:00,113.65,113.90,113.61,113.82,13368.547
2025-09-16T01:30:00+00:00,113.83,113.96,113.62,113.63,17554.379
2025-09-16T01:45:00+00:00,113.63,113.69,113.06,113.10,17904.566
2025-09-16T02:00:00+00:00,113.11,113.40,113.08,113.34,11661.204
2025-09-16T02:15:00+00:00,113.35,113.51,113.16,113.18,8889.086
2025-09-16T02:30:00+00:00,113.18,113.35,113.04,113.12,6013.471
2025-09-16T02:45:00+00:00,113.12,113.16,112.78,112.86,16052.865
2025-09-16T03:00:00+00:00,112.86,113.04,112.64,112.67,33001.120
2025-09-16T03:15:00+00:00,112.67,112.88,112.61,112.68,11242.242
2025-09-16T03:30:00+00:00,112.68,112.94,112.68,112.72,17402.653
2025-09-16T03:45:00+00:00,112.73,112.75,112.48,112.48,10652.564
2025-09-16T04:00:00+00:00,112.48,112.61,112.05,112.13,31998.869
2025-09-16T04:15:00+00:00,112.13,113.01,111.89,112.95,74857.166
2025-09-16T04:30:00+00:00,112.96,113.03,112.72,112.93,12678.305
2025-09-16T04:45:00+00:00,112.94,113.09,112.85,113.04,10372.206
2025-09-16T05:00:00+00:00,113.04,113.59,113.00,113.47,24776.366
2025-09-16T05:15:00+00:00,113.47,113.64,113.26,113.64,26560.178
2025-09-16T05:30:00+00:00,113.64,114.08,113.62,114.07,37545.916
2025-09-16T05:45:00+00:00,114.08,114.46,113.97,114.20,59888.644
2025-09-16T06:00:00+00:00,114.21,114.40,114.11,114.28,35602.026
2025-09-16T06:15:00+00:00,114.27,114.32,113.88,113.93,16271.767
2025-09-16T06:30:00+00:00,113.94,113.96,113.57,113.72,21947.116
2025-09-16T06:45:00+00:00,113.71,113.85,113.58,113.80,21870.119
2025-09-16T07:00:00+00:00,113.80,114.50,113.80,114.45,39816.882
2025-09-16T07:15:00+00:00,114.45,114.85,114.44,114.77,32608.382
2025-09-16T07:30:00+00:00,114.77,114.82,114.50,114.80,15793.945
2025-09-16T07:45:00+00:00,114.81,115.13,114.64,114.74,30254.280
2025-09-16T08:00:00+00:00,114.75,114.96,114.64,114.95,20385.876
2025-09-16T08:15:00+00:00,114.96,115.20,114.57,114.63,20911.340
2025-09-16T08:30:00+00:00,114.62,114.71,114.35,114.50,20042.520
2025-09-16T08:45:00+00:00,114.50,114.85,114.18,114.55,29699.506
2025-09-16T09:00:00+00:00,114.56,114.64,114.35,114.55,20912.337
2025-09-16T09:15:00+00:00,114.55,114.92,114.50,114.69,17327.146
2025-09-16T09:30:00+00:00,114.68,115.01,114.45,114.74,16783.247
2025-09-16T09:45:00+00:00,114.74,115.00,114.71,114.94,15055.880
2025-09-16T10:00:00+00:00,114.94,115.01,114.75,114.91,14861.395
2025-09-16T10:15:00+00:00,114.92,115.01,114.74,114.89,9579.014
2025-09-16T10:30:00+00:00,114.90,114.96,114.49,114.49,9003.039
2025-09-16T10:45:00+00:00,114.50,114.73,114.18,114.21,18413.964
2025-09-16T11:00:00+00:00,114.22,114.33,114.05,114.07,15499.712
2025-09-16T11:15:00+00:00,114.08,114.36,113.93,114.30,15103.099
2025-09-16T11:30:00+00:00,114.29,114.52,114.29,114.43,17517.797
2025-09-16T11:45:00+00:00,114.44,114.55,114.23,114.30,12215.122
2025-09-16T12:00:00+00:00,114.31,114.44,114.24,114.35,8695.753
2025-09-16T12:15:00+00:00,114.35,114.53,114.24,114.30,9710.955
2025-09-16T12:30:00+00:00,114.31,114.47,114.17,114.22,11147.494
2025-09-16T12:45:00+00:00,114.22,114.35,114.12,114.25,5000.103
2025-09-16T13:00:00+00:00,114.26,114.48,114.13,114.28,9838.803
2025-09-16T13:15:00+00:00,114.29,114.65,114.21,114.57,10448.346
2025-09-16T13:30:00+00:00,114.57,114.66,114.24,114.36,22516.566
2025-09-16T13:45:00+00:00,114.35,114.49,113.55,114.46,90297.536
2025-09-16T14:00:00+00:00,114.45,114.45,113.23,113.56,47828.559
2025-09-16T14:15:00+00:00,113.56,113.95,113.19,113.87,39950.690
2025-09-16T14:30:00+00:00,113.87,114.15,113.62,113.74,24226.078
2025-09-16T14:45:00+00:00,113.75,114.58,113.70,114.49,49436.907
2025-09-16T15:00:00+00:00,114.48,114.62,114.09,114.36,41404.813
2025-09-16T15:15:00+00:00,114.37,114.86,114.34,114.77,23046.292
2025-09-16T15:30:00+00:00,114.78,114.86,114.43,114.76,24951.818
2025-09-16T15:45:00+00:00,114.77,115.07,114.65,115.00,26420.287
2025-09-16T16:00:00+00:00,115.00,115.02,114.60,114.66,47768.503
2025-09-16T16:15:00+00:00,114.67,114.84,114.44,114.83,27045.036
2025-09-16T16:30:00+00:00,114.83,115.01,114.62,114.81,24426.159
2025-09-16T16:45:00+00:00,114.82,115.28,114.79,115.10,36362.931
2025-09-16T17:00:00+00:00,115.09,115.56,114.98,115.54,49323.440
2025-09-16T17:15:00+00:00,115.54,115.77,115.38,115.52,38179.650
2025-09-16T17:30:00+00:00,115.53,115.58,115.02,115.24,29158.516
2025-09-16T17:45:00+00:00,115.24,115.39,115.06,115.12,8566.750
2025-09-16T18:00:00+00:00,115.12,115.53,115.12,115.29,19821.863
2025-09-16T18:15:00+00:00,115.30,115.40,115.04,115.10,14656.233
2025-09-16T18:30:00+00:00,115.10,115.10,114.74,114.81,25834.127
2025-09-16T18:45:00+00:00,114.82,114.97,114.74,114.89,8881.880
2025-09-16T19:00:00+00:00,114.89,114.99,114.74,114.92,10401.032
2025-09-16T19:15:00+00:00,114.93,115.00,114.84,114.86,8261.649
2025-09-16T19:30:00+00:00,114.87,114.98,114.80,114.94,15971.797
2025-09-16T19:45:00+00:00,114.95,115.22,114.95,115.15,6984.061
2025-09-16T20:00:00+00:00,115.14,115.22,114.94,114.96,7369.998
2025-09-16T20:15:00+00:00,114.96,115.08,114.84,114.98,10524.779
2025-09-16T20:30:00+00:00,114.98,114.99,114.77,114.79,5554.901
2025-09-16T20:45:00+00:00,114.80,114.85,114.68,114.83,13872.014
2025-09-16T21:00:00+00:00,114.83,115.14,114.80,114.93,14081.043
2025-09-16T21:15:00+00:00,114.93,115.22,114.91,115.13,21488.788
2025-09-16T21:30:00+00:00,115.14,115.29,115.04,115.06,13805.232
2025-09-16T21:45:00+00:00,115.06,115.43,115.05,115.41,6865.731
2025-09-16T22:00:00+00:00,115.41,115.52,115.25,115.43,13523.140
2025-09-16T22:15:00+00:00,115.43,115.43,115.19,115.23,7845.602
2025-09-16T22:30:00+00:00,115.23,115.24,115.04,115.22,6896.770
2025-09-16T22:45:00+00:00,115.22,115.29,115.15,115.21,9651.293
2025-09-16T23:00:00+00:00,115.21,115.24,115.07,115.12,5692.525
2025-09-16T23:15:00+00:00,115.12,115.20,114.96,114.99,5737.500
2025-09-16T23:30:00+00:00,114.99,115.24,114.97,115.00,6399.179
2025-09-16T23:45:00+00:00,114.99,115.00,114.79,114.96,15027.562
2025-09-17T00:00:00+00:00,114.97,115.16,114.90,115.06,7535.759
2025-09-17T00:15:00+00:00,115.07,115.28,115.06,115.14,7025.083
2025-09-17T00:30:00+00:00,115.13,115.28,115.08,115.14,4603.247
2025-09-17T00:45:00+00:00,115.15,115.15,114.98,114.99,3745.703
2025-09-17T01:00:00+00:00,114.98,115.08,114.82,114.98,6442.005
2025-09-17T01:15:00+00:00,114.98,115.23,114.87,115.06,9809.996
2025-09-17T01:30:00+00:00,115.06,115.08,114.85,114.92,5474.560
2025-09-17T01:45:00+00:00,114.92,115.15,114.88,115.14,4299.271
2025-09-17T02:00:00+00:00,115.15,115.29,115.00,115.28,6853.220
2025-09-17T02:15:00+00:00,115.29,115.37,115.04,115.16,9140.028
2025-09-17T02:30:00+00:00,115.16,115.57,115.13,115.53,13367.076
2025-09-17T02:45:00+00:00,115.54,115.83,115.41,115.52,26938.800
2025-09-17T03:00:00+00:00,115.52,115.67,115.46,115.58,14435.043
2025-09-17T03:15:00+00:00,115.59,115.67,115.25,115.27,13310.353
2025-09-17T03:30:00+00:00,115.28,115.31,114.83,114.87,16999.345
2025-09-17T03:45:00+00:00,114.87,114.90,114.54,114.64,32314.493
2025-09-17T04:00:00+00:00,114.64,114.81,114.59,114.62,11611.556
2025-09-17T04:15:00+00:00,114.61,114.64,114.30,114.30,19982.838
2025-09-17T04:30:00+00:00,114.30,114.43,114.24,114.27,10885.251
2025-09-17T04:45:00+00:00,114.27,114.27,113.70,113.99,66226.843
2025-09-17T05:00:00+00:00,113.99,114.15,113.97,114.09,18672.696
2025-09-17T05:15:00+00:00,114.09,114.26,113.89,113.95,22402.788
2025-09-17T05:30:00+00:00,113.95,114.31,113.94,114.27,11803.264
2025-09-17T05:45:00+00:00,114.28,114.73,114.01,114.69,32573.937
2025-09-17T06:00:00+00:00,114.69,114.75,114.47,114.59,30956.431
2025-09-17T06:15:00+00:00,114.60,114.88,114.56,114.79,6729.065
2025-09-17T06:30:00+00:00,114.79,115.13,114.75,115.11,16160.994
2025-09-17T06:45:00+00:00,115.12,115.30,114.98,115.26,22187.530
2025-09-17T07:00:00+00:00,115.26,115.26,114.94,115.03,8121.756
2025-09-17T07:15:00+00:00,115.02,115.41,115.01,115.24,13272.036
2025-09-17T07:30:00+00:00,115.25,115.35,115.14,115.15,15848.571
2025-09-17T07:45:00+00:00,115.15,115.26,115.14,115.19,11244.901
2025-09-17T08:00:00+00:00,115.19,115.30,115.01,115.01,31605.734
2025-09-17T08:15:00+00:00,115.01,115.30,114.97,115.27,10922.659
2025-09-17T08:30:00+00:00,115.27,115.28,114.67,114.73,22599.413
2025-09-17T08:45:00+00:00,114.73,115.16,114.71,115.08,8244.719
2025-09-17T09:00:00+00:00,115.07,115.12,114.86,114.91,4684.990
2025-09-17T09:15:00+00:00,114.91,114.91,114.70,114.78,9365.801
2025-09-17T09:30:00+00:00,114.79,114.89,114.69,114.69,7679.837
2025-09-17T09:45:00+00:00,114.70,114.71,114.46,114.49,14340.116
2025-09-17T10:00:00+00:00,114.50,114.67,114.34,114.34,15933.440
2025-09-17T10:15:00+00:00,114.34,114.40,113.99,114.04,18938.164
2025-09-17T10:30:00+00:00,114.04,114.14,113.99,114.03,14886.569
2025-09-17T10:45:00+00:00,114.04,114.15,113.89,114.04,12621.131
2025-09-17T11:00:00+00:00,114.04,114.36,114.00,114.30,12757.654
2025-09-17T11:15:00+00:00,114.30,114.48,114.23,114.30,7358.519
2025-09-17T11:30:00+00:00,114.30,114.33,114.19,114.19,4574.337
2025-09-17T11:45:00+00:00,114.18,114.32,114.10,114.13,6122.279
2025-09-17T12:00:00+00:00,114.13,114.22,113.71,113.95,22436.359
2025-09-17T12:15:00+00:00,113.94,114.13,113.74,114.10,12613.899
2025-09-17T12:30:00+00:00,114.10,114.44,114.08,114.17,19344.427
2025-09-17T12:45:00+00:00,114.17,114.39,114.11,114.27,11186.868
2025-09-17T13:00:00+00:00,114.26,114.43,114.21,114.41,10244.941
2025-09-17T13:15:00+00:00,114.41,114.61,114.34,114.41,16452.526
2025-09-17T13:30:00+00:00,114.40,114.49,113.99,114.05,17218.038
2025-09-17T13:45:00+00:00,114.05,114.42,113.97,114.22,8650.680
2025-09-17T14:00:00+00:00,114.23,114.24,113.93,114.15,17038.700
2025-09-17T14:15:00+00:00,114.15,114.18,113.46,113.67,31301.174
2025-09-17T14:30:00+00:00,113.68,114.60,113.47,114.00,74943.580
2025-09-17T14:45:00+00:00,114.01,114.18,113.78,113.84,23440.958
2025-09-17T15:00:00+00:00,113.85,114.06,113.80,113.99,14840.804
2025-09-17T15:15:00+00:00,113.99,114.23,113.74,113.75,14915.605
2025-09-17T15:30:00+00:00,113.76,114.09,113.76,113.88,14384.903
2025-09-17T15:45:00+00:00,113.88,113.91,113.74,113.82,10744.265
2025-09-17T16:00:00+00:00,113.81,113.87,113.51,113.57,17189.423
2025-09-17T16:15:00+00:00,113.57,113.94,113.32,113.91,31319.839
2025-09-17T16:30:00+00:00,113.91,114.01,113.77,113.99,13840.475
2025-09-17T16:45:00+00:00,113.99,114.33,113.92,114.21,12367.301
2025-09-17T17:00:00+00:00,114.21,114.28,114.03,114.09,9444.497
2025-09-17T17:15:00+00:00,114.08,114.30,114.04,114.14,8416.764
2025-09-17T17:30:00+00:00,114.14,115.20,114.06,114.78,40363.386
2025-09-17T17:45:00+00:00,114.79,115.28,113.51,113.70,49297.399
2025-09-17T18:00:00+00:00,113.70,115.13,113.53,113.87,176090.356
2025-09-17T18:15:00+00:00,113.86,114.64,113.38,114.48,76179.461
2025-09-17T18:30:00+00:00,114.48,114.51,113.39,113.41,51397.531
2025-09-17T18:45:00+00:00,113.42,113.91,113.05,113.68,41706.246
2025-09-17T19:00:00+00:00,113.67,114.49,113.63,114.27,42088.472
2025-09-17T19:15:00+00:00,114.28,114.94,114.28,114.81,20282.341
2025-09-17T19:30:00+00:00,114.79,115.04,114.54,114.98,32194.338
2025-09-17T19:45:00+00:00,114.99,115.05,114.74,114.91,19105.166
2025-09-17T20:00:00+00:00,114.91,115.50,114.91,115.40,24893.489
2025-09-17T20:15:00+00:00,115.40,115.45,115.02,115.06,30617.808
2025-09-17T20:30:00+00:00,115.07,115.17,114.60,114.68,17096.870
2025-09-17T20:45:00+00:00,114.67,114.77,114.31,114.42,17353.896
2025-09-17T21:00:00+00:00,114.42,114.56,113.95,114.56,26257.021
2025-09-17T21:15:00+00:00,114.56,115.18,114.56,115.14,21219.182
2025-09-17T21:30:00+00:00,115.15,115.42,115.03,115.33,16060.682
2025-09-17T21:45:00+00:00,115.33,115.62,115.32,115.51,15188.255
2025-09-17T22:00:00+00:00,115.52,116.55,115.52,116.50,82902.660
2025-09-17T22:15:00+00:00,116.51,117.14,116.51,117.10,69901.770
2025-09-17T22:30:00+00:00,117.10,117.18,116.91,117.05,41701.323
2025-09-17T22:45:00+00:00,117.05,117.27,116.87,117.08,34227.297
2025-09-17T23:00:00+00:00,117.09,117.56,117.09,117.30,61229.887
2025-09-17T23:15:00+00:00,117.31,117.38,116.66,116.82,39139.564
2025-09-17T23:30:00+00:00,116.83,117.29,116.76,116.81,22794.049
2025-09-17T23:45:00+00:00,116.81,117.11,116.81,116.97,14631.794
2025-09-18T00:00:00+00:00,116.97,117.58,116.97,117.57,32183.892
2025-09-18T00:15:00+00:00,117.56,117.74,117.18,117.27,44109.363
2025-09-18T00:30:00+00:00,117.27,117.39,116.74,117.01,34961.668
2025-09-18T00:45:00+00:00,117.01,117.17,116.75,116.89,14193.874
2025-09-18T01:00:00+00:00,116.89,117.46,116.75,117.46,18567.845
2025-09-18T01:15:00+00:00,117.46,117.61,117.27,117.27,11248.378
2025-09-18T01:30:00+00:00,117.27,117.55,117.12,117.51,15600.262
2025-09-18T01:45:00+00:00,117.51,117.59,117.27,117.33,15494.540
2025-09-18T02:00:00+00:00,117.33,117.38,117.09,117.22,8907.251
2025-09-18T02:15:00+00:00,117.23,117.31,116.95,117.01,11842.102
2025-09-18T02:30:00+00:00,117.01,117.21,117.00,117.16,8121.390
2025-09-18T02:45:00+00:00,117.16,117.56,117.14,117.53,11190.937
2025-09-18T03:00:00+00:00,117.53,117.78,117.42,117.74,22063.734
2025-09-18T03:15:00+00:00,117.74,118.01,117.68,117.95,40607.645
2025-09-18T03:30:00+00:00,117.96,118.07,117.80,117.81,16224.104
2025-09-18T03:45:00+00:00,117.82,117.97,117.69,117.76,29978.805
2025-09-18T04:00:00+00:00,117.77,117.97,117.77,117.90,18623.520
2025-09-18T04:15:00+00:00,117.90,117.95,117.44,117.50,23839.802
2025-09-18T04:30:00+00:00,117.51,117.57,117.29,117.55,22581.583
2025-09-18T04:45:00+00:00,117.55,117.63,117.40,117.44,10859.515
2025-09-18T05:00:00+00:00,117.45,117.45,117.17,117.23,10198.227
2025-09-18T05:15:00+00:00,117.23,117.25,116.96,117.00,18558.690
2025-09-18T05:30:00+00:00,117.00,117.01,116.64,116.76,23247.964
2025-09-18T05:45:00+00:00,116.75,116.86,116.64,116.86,10075.689
2025-09-18T06:00:00+00:00,116.86,116.94,116.02,116.14,43138.414
2025-09-18T06:15:00+00:00,116.14,116.33,115.82,115.89,27453.924
2025-09-18T06:30:00+00:00,115.90,116.28,115.77,116.17,22510.375
2025-09-18T06:45:00+00:00,116.17,116.35,114.84,114.98,296268.075
2025-09-18T07:00:00+00:00,114.98,115.38,114.95,115.23,59190.569
2025-09-18T07:15:00+00:00,115.22,115.38,115.06,115.19,28870.612
2025-09-18T07:30:00+00:00,115.20,115.70,115.20,115.68,20229.410
2025-09-18T07:45:00+00:00,115.68,115.81,115.37,115.43,25824.308
2025-09-18T08:00:00+00:00,115.43,115.86,115.37,115.83,15588.556
2025-09-18T08:15:00+00:00,115.82,116.03,115.68,115.95,28465.095
2025-09-18T08:30:00+00:00,115.96,116.12,115.88,115.90,31415.631
2025-09-18T08:45:00+00:00,115.91,116.12,115.81,116.08,16695.419
2025-09-18T09:00:00+00:00,116.07,116.11,115.79,115.90,18358.676
2025-09-18T09:15:00+00:00,115.91,116.18,115.91,116.01,14445.943
2025-09-18T09:30:00+00:00,116.01,116.20,115.83,115.91,20129.933
2025-09-18T09:45:00+00:00,115.92,116.07,115.76,115.84,18872.251
2025-09-18T10:00:00+00:00,115.84,116.00,115.28,115.34,49817.373
2025-09-18T10:15:00+00:00,115.33,115.45,115.08,115.13,41946.938
2025-09-18T10:30:00+00:00,115.12,115.30,115.08,115.21,30705.564
2025-09-18T10:45:00+00:00,115.21,115.33,115.08,115.27,15398.365
2025-09-18T11:00:00+00:00,115.28,115.43,115.23,115.33,18567.552
2025-09-18T11:15:00+00:00,115.33,115.60,115.33,115.52,32970.557
2025-09-18T11:30:00+00:00,115.53,115.72,115.49,115.60,12186.939
2025-09-18T11:45:00+00:00,115.60,115.70,115.42,115.70,9885.532
2025-09-18T12:00:00+00:00,115.70,115.73,115.31,115.62,17620.169
2025-09-18T12:15:00+00:00,115.62,115.88,115.48,115.84,29036.604
2025-09-18T12:30:00+00:00,115.84,115.87,115.43,115.70,13112.405
2025-09-18T12:45:00+00:00,115.71,115.79,115.61,115.67,12057.167
2025-09-18T13:00:00+00:00,115.67,116.00,115.55,115.99,17107.031
2025-09-18T13:15:00+00:00,115.98,116.29,115.98,116.02,42608.181
2025-09-18T13:30:00+00:00,116.02,116.40,115.56,115.62,48025.399
2025-09-18T13:45:00+00:00,115.62,116.12,115.40,115.96,28118.379
2025-09-18T14:00:00+00:00,115.95,116.27,115.92,116.03,18313.435
2025-09-18T14:15:00+00:00,116.04,116.46,115.98,116.25,25435.715
2025-09-18T14:30:00+00:00,116.25,116.36,115.89,116.01,19746.159
2025-09-18T14:45:00+00:00,116.02,116.30,115.91,116.21,28530.143
2025-09-18T15:00:00+00:00,116.22,116.40,116.03,116.07,22550.092
2025-09-18T15:15:00+00:00,116.08,116.58,116.04,116.37,27919.238
2025-09-18T15:30:00+00:00,116.37,116.86,116.37,116.86,55455.567
2025-09-18T15:45:00+00:00,116.86,117.45,116.85,116.97,78244.541
2025-09-18T16:00:00+00:00,116.97,117.77,116.92,117.27,59521.381
2025-09-18T16:15:00+00:00,117.26,117.48,117.09,117.37,31990.239
2025-09-18T16:30:00+00:00,117.38,117.51,117.17,117.42,15585.089
2025-09-18T16:45:00+00:00,117.43,117.55,117.12,117.17,20141.248
2025-09-18T17:00:00+00:00,117.17,117.88,117.00,117.60,50800.575
2025-09-18T17:15:00+00:00,117.60,118.32,117.59,117.70,79214.870
2025-09-18T17:30:00+00:00,117.70,117.99,117.66,117.84,18977.028
2025-09-18T17:45:00+00:00,117.85,118.25,117.82,118.14,25967.598
2025-09-18T18:00:00+00:00,118.14,118.34,117.97,118.25,25982.043
2025-09-18T18:15:00+00:00,118.25,118.45,118.09,118.30,21129.570
2025-09-18T18:30:00+00:00,118.30,118.35,118.08,118.25,15909.788
2025-09-18T18:45:00+00:00,118.26,118.76,118.26,118.67,43484.686
2025-09-18T19:00:00+00:00,118.67,118.73,118.44,118.60,18527.051
2025-09-18T19:15:00+00:00,118.60,118.61,118.11,118.12,23094.453
2025-09-18T19:30:00+00:00,118.12,118.37,117.80,118.23,44451.272
2025-09-18T19:45:00+00:00,118.23,118.50,118.05,118.44,15147.178
2025-09-18T20:00:00+00:00,118.45,118.80,118.37,118.77,21357.747
2025-09-18T20:15:00+00:00,118.78,119.06,118.65,118.90,38962.695
2025-09-18T20:30:00+00:00,118.91,119.07,118.80,118.82,12865.729
2025-09-18T20:45:00+00:00,118.83,119.00,118.67,118.74,13971.058
2025-09-18T21:00:00+00:00,118.75,118.82,118.30,118.42,17849.546
2025-09-18T21:15:00+00:00,118.41,118.55,118.33,118.43,9765.964
2025-09-18T21:30:00+00:00,118.43,118.46,118.08,118.18,20374.783
2025-09-18T21:45:00+00:00,118.18,118.43,118.07,118.11,5658.941
2025-09-18T22:00:00+00:00,118.12,118.25,117.87,117.89,15766.672
2025-09-18T22:15:00+00:00,117.90,118.32,117.86,118.26,9324.290
2025-09-18T22:30:00+00:00,118.27,118.60,118.26,118.42,13207.285
2025-09-18T22:45:00+00:00,118.42,118.44,117.95,118.03,17051.553
2025-09-18T23:00:00+00:00,118.03,118.15,117.56,118.06,36318.461
2025-09-18T23:15:00+00:00,118.07,118.12,117.77,117.99,11550.695
2025-09-18T23:30:00+00:00,118.00,118.25,117.98,118.18,12197.030
2025-09-18T23:45:00+00:00,118.18,118.32,118.12,118.14,5175.931
2025-09-19T00:00:00+00:00,118.15,118.57,118.15,118.25,13370.925
2025-09-19T00:15:00+00:00,118.26,118.68,118.25,118.63,16001.680
2025-09-19T00:30:00+00:00,118.64,118.94,118.53,118.82,17638.820
2025-09-19T00:45:00+00:00,118.83,119.14,118.75,119.13,20990.930
2025-09-19T01:00:00+00:00,119.14,119.39,118.96,119.16,28269.391
2025-09-19T01:15:00+00:00,119.17,119.43,118.88,119.15,32540.116
2025-09-19T01:30:00+00:00,119.15,119.23,118.48,118.61,24512.474
2025-09-19T01:45:00+00:00,118.61,118.73,118.39,118.62,16076.898
2025-09-19T02:00:00+00:00,118.61,119.00,118.44,118.45,32550.313
2025-09-19T02:15:00+00:00,118.45,118.50,118.00,118.15,31252.649
2025-09-19T02:30:00+00:00,118.15,118.22,117.87,117.98,21699.404
2025-09-19T02:45:00+00:00,117.98,118.27,117.76,117.84,23285.177
2025-09-19T03:00:00+00:00,117.84,118.29,117.74,117.98,14955.262
2025-09-19T03:15:00+00:00,117.98,118.14,117.46,117.58,19474.487
2025-09-19T03:30:00+00:00,117.58,117.62,117.08,117.33,39835.756
2025-09-19T03:45:00+00:00,117.33,117.35,117.07,117.14,17002.984
2025-09-19T04:00:00+00:00,117.13,117.13,116.22,116.29,71952.757
2025-09-19T04:15:00+00:00,116.29,116.98,116.29,116.84,44257.427
2025-09-19T04:30:00+00:00,116.84,117.20,116.70,116.98,21850.088
2025-09-19T04:45:00+00:00,116.98,117.33,116.84,117.32,38825.068
2025-09-19T05:00:00+00:00,117.32,117.34,117.09,117.26,23004.346
2025-09-19T05:15:00+00:00,117.26,117.28,116.57,116.58,19876.611
2025-09-19T05:30:00+00:00,116.57,116.93,116.39,116.79,33444.752
2025-09-19T05:45:00+00:00,116.78,117.30,116.78,117.28,8156.236
2025-09-19T06:00:00+00:00,117.29,117.34,117.10,117.16,14847.024
2025-09-19T06:15:00+00:00,117.16,117.69,117.16,117.26,27045.426
2025-09-19T06:30:00+00:00,117.26,117.26,116.75,116.99,29916.094
2025-09-19T06:45:00+00:00,116.99,117.15,116.62,116.64,16113.242
2025-09-19T07:00:00+00:00,116.63,117.22,116.55,117.21,32287.014
2025-09-19T07:15:00+00:00,117.21,117.41,117.21,117.27,12265.420
2025-09-19T07:30:00+00:00,117.27,117.52,117.12,117.48,15472.688
2025-09-19T07:45:00+00:00,117.49,117.66,117.47,117.49,16231.248
2025-09-19T08:00:00+00:00,117.49,117.66,117.44,117.55,11395.701
2025-09-19T08:15:00+00:00,117.55,117.74,117.45,117.50,13606.492
2025-09-19T08:30:00+00:00,117.50,117.54,117.07,117.22,13169.750
2025-09-19T08:45:00+00:00,117.21,117.22,116.80,117.05,30339.727
2025-09-19T09:00:00+00:00,117.04,117.49,116.96,117.48,15371.368
2025-09-19T09:15:00+00:00,117.48,117.51,116.75,116.89,18669.058
2025-09-19T09:30:00+00:00,116.90,117.03,116.39,116.41,24110.920
2025-09-19T09:45:00+00:00,116.42,116.46,116.06,116.39,41804.453
2025-09-19T10:00:00+00:00,116.39,116.67,116.16,116.63,17831.213
2025-09-19T10:15:00+00:00,116.64,116.79,116.46,116.46,16940.364
2025-09-19T10:30:00+00:00,116.45,116.66,116.33,116.50,15004.948
2025-09-19T10:45:00+00:00,116.51,116.61,116.45,116.55,9581.595
2025-09-19T11:00:00+00:00,116.55,116.56,115.91,116.07,30690.042
2025-09-19T11:15:00+00:00,116.07,116.22,115.79,115.82,21484.324
2025-09-19T11:30:00+00:00,115.81,115.90,115.42,115.50,36754.852
2025-09-19T11:45:00+00:00,115.49,115.92,115.47,115.71,24431.404
2025-09-19T12:00:00+00:00,115.72,116.11,115.68,116.03,13874.551
2025-09-19T12:15:00+00:00,116.03,116.24,115.54,115.58,25569.227
2025-09-19T12:30:00+00:00,115.57,116.01,115.52,115.96,17783.255
2025-09-19T12:45:00+00:00,115.97,115.98,115.75,115.76,8232.238
2025-09-19T13:00:00+00:00,115.75,116.07,115.73,115.92,11695.386
2025-09-19T13:15:00+00:00,115.91,116.33,115.82,116.04,17711.090
2025-09-19T13:30:00+00:00,116.05,116.37,115.74,116.12,20579.429
2025-09-19T13:45:00+00:00,116.13,116.48,116.08,116.16,17988.434
2025-09-19T14:00:00+00:00,116.15,116.28,116.01,116.26,17390.804
2025-09-19T14:15:00+00:00,116.26,116.43,115.96,116.12,13291.382
2025-09-19T14:30:00+00:00,116.12,116.36,115.83,115.88,13251.119
2025-09-19T14:45:00+00:00,115.89,116.08,115.20,115.55,92384.429
2025-09-19T15:00:00+00:00,115.55,115.56,114.54,114.69,87668.655
2025-09-19T15:15:00+00:00,114.70,115.26,114.65,115.22,32738.059
2025-09-19T15:30:00+00:00,115.21,115.53,114.87,115.40,20299.382
2025-09-19T15:45:00+00:00,115.40,115.60,115.25,115.43,17287.706
2025-09-19T16:00:00+00:00,115.43,115.79,115.30,115.66,22713.642
2025-09-19T16:15:00+00:00,115.67,115.72,115.34,115.61,13535.749
2025-09-19T16:30:00+00:00,115.61,115.68,115.35,115.45,10641.878
2025-09-19T16:45:00+00:00,115.45,115.56,115.36,115.40,7134.284
2025-09-19T17:00:00+00:00,115.40,115.42,114.97,115.03,14779.439
2025-09-19T17:15:00+00:00,115.04,115.13,114.90,115.02,11332.765
2025-09-19T17:30:00+00:00,115.02,115.02,114.70,114.78,14386.742
2025-09-19T17:45:00+00:00,114.79,114.86,114.40,114.48,28457.442
2025-09-19T18:00:00+00:00,114.47,114.61,114.07,114.33,37206.244
2025-09-19T18:15:00+00:00,114.33,114.45,114.13,114.25,17763.098
2025-09-19T18:30:00+00:00,114.25,114.47,114.18,114.42,13309.501
2025-09-19T18:45:00+00:00,114.42,114.49,113.83,113.96,23170.154
2025-09-19T19:00:00+00:00,113.96,114.36,113.93,114.30,15775.997
2025-09-19T19:15:00+00:00,114.31,114.56,114.20,114.43,9540.424
2025-09-19T19:30:00+00:00,114.43,114.44,114.11,114.12,16502.338
2025-09-19T19:45:00+00:00,114.12,114.24,113.76,113.77,21523.332
2025-09-19T20:00:00+00:00,113.77,114.06,113.77,113.95,16613.563
2025-09-19T20:15:00+00:00,113.96,114.17,113.86,114.13,8390.535
2025-09-19T20:30:00+00:00,114.14,114.18,114.02,114.15,9053.079
2025-09-19T20:45:00+00:00,114.15,114.19,113.75,113.76,17464.325
2025-09-19T21:00:00+00:00,113.75,113.92,113.54,113.91,21966.436
2025-09-19T21:15:00+00:00,113.92,114.03,113.83,113.95,7484.200
2025-09-19T21:30:00+00:00,113.95,114.22,113.95,114.18,10325.879
2025-09-19T21:45:00+00:00,114.19,114.23,114.10,114.19,3985.222
2025-09-19T22:00:00+00:00,114.19,114.37,114.16,114.36,7569.201
2025-09-19T22:15:00+00:00,114.37,114.42,114.22,114.31,5895.894
2025-09-19T22:30:00+00:00,114.32,114.42,114.22,114.22,13886.223
2025-09-19T22:45:00+00:00,114.22,114.43,114.18,114.18,13648.034
2025-09-19T23:00:00+00:00,114.19,114.24,113.63,113.69,15597.608
2025-09-19T23:15:00+00:00,113.69,113.81,113.31,113.35,26164.202
2025-09-19T23:30:00+00:00,113.36,113.69,113.30,113.67,16840.481
2025-09-19T23:45:00+00:00,113.67,114.05,113.67,113.95,9319.257
2025-09-20T00:00:00+00:00,113.95,114.17,113.81,114.08,17777.883
2025-09-20T00:15:00+00:00,114.08,114.21,113.84,113.88,7680.006
2025-09-20T00:30:00+00:00,113.89,114.28,113.85,114.23,8249.629
2025-09-20T00:45:00+00:00,114.23,114.48,114.18,114.47,11241.806
2025-09-20T01:00:00+00:00,114.47,114.52,114.03,114.03,26195.705
2025-09-20T01:15:00+00:00,114.02,114.37,114.00,114.27,9531.460
2025-09-20T01:30:00+00:00,114.27,114.29,113.85,114.16,9798.456
2025-09-20T01:45:00+00:00,114.17,114.25,114.01,114.01,3521.419
2025-09-20T02:00:00+00:00,114.02,114.02,113.54,113.58,7897.112
2025-09-20T02:15:00+00:00,113.58,113.89,113.42,113.77,12273.104
2025-09-20T02:30:00+00:00,113.77,114.12,113.56,114.07,10091.124
2025-09-20T02:45:00+00:00,114.07,114.23,113.96,114.17,8728.232
2025-09-20T03:00:00+00:00,114.17,114.18,113.90,114.02,5796.369
2025-09-20T03:15:00+00:00,114.01,114.33,113.98,114.07,11298.267
2025-09-20T03:30:00+00:00,114.06,114.46,114.04,114.42,10028.686
2025-09-20T03:45:00+00:00,114.42,114.45,114.17,114.22,8371.379
2025-09-20T04:00:00+00:00,114.22,114.43,114.14,114.36,10219.748
2025-09-20T04:15:00+00:00,114.36,114.39,114.22,114.27,8565.429
2025-09-20T04:30:00+00:00,114.27,114.47,114.23,114.46,8084.272
2025-09-20T04:45:00+00:00,114.47,114.53,114.17,114.25,15227.877
2025-09-20T05:00:00+00:00,114.25,114.34,114.13,114.33,8702.767
2025-09-20T05:15:00+00:00,114.33,114.45,114.27,114.37,6328.681
2025-09-20T05:30:00+00:00,114.38,114.48,114.30,114.44,10203.867
2025-09-20T05:45:00+00:00,114.45,114.60,114.42,114.58,7891.377
2025-09-20T06:00:00+00:00,114.59,114.59,114.30,114.35,7860.568
2025-09-20T06:15:00+00:00,114.36,114.47,114.29,114.36,3441.469
2025-09-20T06:30:00+00:00,114.36,114.48,114.35,114.45,5755.772
2025-09-20T06:45:00+00:00,114.45,114.52,114.41,114.50,7307.321
2025-09-20T07:00:00+00:00,114.50,115.09,114.47,114.87,56505.831
2025-09-20T07:15:00+00:00,114.87,115.25,114.79,114.79,38074.359
2025-09-20T07:30:00+00:00,114.79,115.04,114.71,115.00,14097.283
2025-09-20T07:45:00+00:00,115.01,115.12,114.97,115.10,16868.592
2025-09-20T08:00:00+00:00,115.10,115.10,114.90,114.98,14360.812
2025-09-20T08:15:00+00:00,114.98,115.02,114.66,114.72,10426.557
2025-09-20T08:30:00+00:00,114.73,114.90,114.66,114.81,8564.785
2025-09-20T08:45:00+00:00,114.81,114.81,114.21,114.24,31355.825
2025-09-20T09:00:00+00:00,114.24,114.50,114.10,114.46,10881.747
2025-09-20T09:15:00+00:00,114.47,114.50,114.17,114.18,10421.085
2025-09-20T09:30:00+00:00,114.18,114.18,113.72,113.84,19688.144
2025-09-20T09:45:00+00:00,113.84,114.00,113.81,113.86,7612.862
2025-09-20T10:00:00+00:00,113.86,114.14,113.86,114.12,9264.090
2025-09-20T10:15:00+00:00,114.13,114.18,113.86,113.86,6670.504
2025-09-20T10:30:00+00:00,113.87,113.88,113.57,113.66,23907.378
2025-09-20T10:45:00+00:00,113.66,113.75,113.52,113.54,11637.395
2025-09-20T11:00:00+00:00,113.54,113.89,113.53,113.71,7581.084
2025-09-20T11:15:00+00:00,113.71,113.72,113.35,113.47,14155.846
2025-09-20T11:30:00+00:00,113.47,113.69,113.46,113.62,9907.371
2025-09-20T11:45:00+00:00,113.61,113.93,113.61,113.89,6934.557
2025-09-20T12:00:00+00:00,113.89,113.95,113.76,113.95,9566.290
2025-09-20T12:15:00+00:00,113.94,114.01,113.78,113.78,6558.855
2025-09-20T12:30:00+00:00,113.79,113.98,113.73,113.79,5569.506
2025-09-20T12:45:00+00:00,113.79,113.92,113.73,113.87,6028.373
2025-09-20T13:00:00+00:00,113.87,113.87,113.48,113.53,24154.576
2025-09-20T13:15:00+00:00,113.53,113.77,113.46,113.71,5854.985
2025-09-20T13:30:00+00:00,113.72,113.88,113.65,113.82,4438.556
2025-09-20T13:45:00+00:00,113.83,113.94,113.69,113.69,7712.399
2025-09-20T14:00:00+00:00,113.69,113.70,113.36,113.48,13800.851
2025-09-20T14:15:00+00:00,113.47,113.80,113.43,113.76,5447.180
2025-09-20T14:30:00+00:00,113.76,113.99,113.64,113.93,7965.341
2025-09-20T14:45:00+00:00,113.93,114.34,113.91,114.26,17732.216
2025-09-20T15:00:00+00:00,114.26,114.68,114.25,114.56,21476.499
2025-09-20T15:15:00+00:00,114.57,114.79,114.48,114.73,22792.322
2025-09-20T15:30:00+00:00,114.74,114.78,114.45,114.61,20615.269
2025-09-20T15:45:00+00:00,114.62,114.64,114.45,114.63,12929.592
2025-09-20T16:00:00+00:00,114.64,114.83,114.40,114.41,17693.763
2025-09-20T16:15:00+00:00,114.41,114.43,114.15,114.30,10783.528
2025-09-20T16:30:00+00:00,114.30,114.63,114.19,114.52,6793.761
2025-09-20T16:45:00+00:00,114.53,114.58,114.42,114.51,4300.120
2025-09-20T17:00:00+00:00,114.51,114.55,114.17,114.20,7545.325
2025-09-20T17:15:00+00:00,114.21,114.31,114.01,114.16,9134.048
2025-09-20T17:30:00+00:00,114.17,114.28,114.06,114.22,6865.217
2025-09-20T17:45:00+00:00,114.22,114.23,114.07,114.11,3133.317
2025-09-20T18:00:00+00:00,114.10,114.10,113.72,113.83,12841.296
2025-09-20T18:15:00+00:00,113.84,114.01,113.74,113.96,5301.199
2025-09-20T18:30:00+00:00,113.97,113.98,113.58,113.72,11773.343
2025-09-20T18:45:00+00:00,113.73,113.74,113.58,113.70,4329.667
2025-09-20T19:00:00+00:00,113.69,113.78,113.56,113.77,7513.886
2025-09-20T19:15:00+00:00,113.78,114.03,113.78,113.97,6281.473
2025-09-20T19:30:00+00:00,113.98,114.01,113.67,113.69,3696.302
2025-09-20T19:45:00+00:00,113.69,113.77,113.55,113.73,5129.531
2025-09-20T20:00:00+00:00,113.74,113.92,113.63,113.83,7681.555
2025-09-20T20:15:00+00:00,113.84,113.95,113.77,113.95,3338.945
2025-09-20T20:30:00+00:00,113.94,114.09,113.89,114.02,6138.165
2025-09-20T20:45:00+00:00,114.02,114.08,113.97,114.00,4299.537
2025-09-20T21:00:00+00:00,114.01,114.25,113.91,114.25,9022.532
2025-09-20T21:15:00+00:00,114.25,114.25,114.06,114.25,4345.136
2025-09-20T21:30:00+00:00,114.25,114.38,114.14,114.30,6819.910
2025-09-20T21:45:00+00:00,114.30,114.30,113.96,114.04,4638.902
2025-09-20T22:00:00+00:00,114.03,114.10,113.95,114.07,5673.256
2025-09-20T22:15:00+00:00,114.07,114.09,113.98,114.03,4137.760
2025-09-20T22:30:00+00:00,114.04,114.05,113.87,113.94,4309.876
2025-09-20T22:45:00+00:00,113.94,114.17,113.94,114.10,5027.842
2025-09-20T23:00:00+00:00,114.11,114.12,113.84,113.85,5281.107
2025-09-20T23:15:00+00:00,113.85,113.85,113.71,113.75,5499.518
2025-09-20T23:30:00+00:00,113.74,113.75,113.63,113.66,5950.444
2025-09-20T23:45:00+00:00,113.65,113.89,113.62,113.85,3232.633
2025-09-21T00:00:00+00:00,113.85,114.05,113.80,113.99,11012.888
2025-09-21T00:15:00+00:00,113.99,114.03,113.81,113.88,5724.759
2025-09-21T00:30:00+00:00,113.88,114.22,113.67,114.15,11174.437
2025-09-21T00:45:00+00:00,114.15,114.36,114.14,114.24,7065.044
2025-09-21T01:00:00+00:00,114.24,114.33,114.08,114.21,7206.211
2025-09-21T01:15:00+00:00,114.21,114.21,114.02,114.05,5381.685
2025-09-21T01:30:00+00:00,114.04,114.06,113.82,113.86,5057.016
2025-09-21T01:45:00+00:00,113.86,114.00,113.78,113.91,5023.525
2025-09-21T02:00:00+00:00,113.91,114.35,113.89,114.28,5826.374
2025-09-21T02:15:00+00:00,114.29,114.35,113.77,114.11,12682.865
2025-09-21T02:30:00+00:00,114.10,114.32,114.04,114.20,7205.492
2025-09-21T02:45:00+00:00,114.19,114.32,114.19,114.27,4106.642
2025-09-21T03:00:00+00:00,114.28,114.34,114.18,114.34,9182.941
2025-09-21T03:15:00+00:00,114.33,114.34,114.16,114.30,4885.555
2025-09-21T03:30:00+00:00,114.30,114.33,114.18,114.28,3343.922
2025-09-21T03:45:00+00:00,114.27,114.39,114.26,114.38,2933.438
2025-09-21T04:00:00+00:00,114.39,114.40,114.00,114.06,8346.859
2025-09-21T04:15:00+00:00,114.06,114.21,114.04,114.09,2995.912
2025-09-21T04:30:00+00:00,114.09,114.26,114.09,114.19,4602.476
2025-09-21T04:45:00+00:00,114.19,114.27,114.06,114.26,3806.246
2025-09-21T05:00:00+00:00,114.27,114.36,114.12,114.18,4648.103
2025-09-21T05:15:00+00:00,114.18,114.30,114.15,114.22,2426.808
2025-09-21T05:30:00+00:00,114.22,114.28,114.15,114.28,3905.827
2025-09-21T05:45:00+00:00,114.28,114.75,114.26,114.73,11065.463
2025-09-21T06:00:00+00:00,114.74,114.90,114.69,114.82,16812.350
2025-09-21T06:15:00+00:00,114.82,114.85,114.63,114.82,11737.208
2025-09-21T06:30:00+00:00,114.83,114.95,114.72,114.92,11642.910
2025-09-21T06:45:00+00:00,114.92,114.96,114.80,114.82,8704.597
2025-09-21T07:00:00+00:00,114.83,115.01,114.69,115.00,12101.569
2025-09-21T07:15:00+00:00,115.01,115.31,114.91,115.23,20506.812
2025-09-21T07:30:00+00:00,115.24,115.32,115.17,115.30,7626.830
2025-09-21T07:45:00+00:00,115.31,115.36,115.12,115.32,19634.395
2025-09-21T08:00:00+00:00,115.33,115.45,115.15,115.34,18349.105
2025-09-21T08:15:00+00:00,115.35,115.35,114.84,114.89,23222.268
2025-09-21T08:30:00+00:00,114.90,115.13,114.86,115.12,12759.108
2025-09-21T08:45:00+00:00,115.13,115.30,115.06,115.13,12599.951
2025-09-21T09:00:00+00:00,115.14,115.29,114.81,114.84,14988.418
2025-09-21T09:15:00+00:00,114.84,114.97,114.67,114.75,29962.134
2025-09-21T09:30:00+00:00,114.75,115.14,114.40,115.12,24874.560
2025-09-21T09:45:00+00:00,115.13,115.40,114.97,115.26,19336.280
2025-09-21T10:00:00+00:00,115.27,116.20,115.22,116.10,61049.837
2025-09-21T10:15:00+00:00,116.11,116.12,115.43,115.61,35102.075
2025-09-21T10:30:00+00:00,115.62,115.79,115.47,115.59,16960.651
2025-09-21T10:45:00+00:00,115.58,115.59,114.82,114.89,35866.356
2025-09-21T11:00:00+00:00,114.88,115.12,114.74,115.04,23517.388
2025-09-21T11:15:00+00:00,115.04,115.04,114.73,114.85,10330.357
2025-09-21T11:30:00+00:00,114.85,115.02,114.79,114.84,6456.308
2025-09-21T11:45:00+00:00,114.83,114.88,114.60,114.67,12195.256
2025-09-21T12:00:00+00:00,114.68,115.31,114.67,115.15,13891.284
2025-09-21T12:15:00+00:00,115.14,115.35,115.06,115.09,9820.301
2025-09-21T12:30:00+00:00,115.10,115.17,114.71,114.76,11829.445
2025-09-21T12:45:00+00:00,114.76,114.76,114.52,114.64,10070.098
2025-09-21T13:00:00+00:00,114.64,115.07,114.61,114.90,9753.713
2025-09-21T13:15:00+00:00,114.89,114.94,114.71,114.91,4799.422
2025-09-21T13:30:00+00:00,114.91,115.02,114.83,114.86,8260.597
2025-09-21T13:45:00+00:00,114.88,115.04,114.77,115.03,5969.492
2025-09-21T14:00:00+00:00,115.02,115.23,114.90,115.05,7718.120
2025-09-21T14:15:00+00:00,115.05,115.05,114.70,114.72,5709.115
2025-09-21T14:30:00+00:00,114.72,115.02,114.65,115.02,7835.709
2025-09-21T14:45:00+00:00,115.02,115.15,114.66,114.70,5964.076
2025-09-21T15:00:00+00:00,114.69,114.99,114.68,114.96,4938.560
2025-09-21T15:15:00+00:00,114.97,115.13,114.88,114.98,11221.895
2025-09-21T15:30:00+00:00,114.97,115.34,114.79,115.34,20713.139
2025-09-21T15:45:00+00:00,115.33,115.52,115.09,115.37,24691.070
2025-09-21T16:00:00+00:00,115.38,115.53,115.18,115.23,18007.230
2025-09-21T16:15:00+00:00,115.22,115.36,114.90,115.31,16682.300
2025-09-21T16:30:00+00:00,115.31,115.35,114.80,114.91,21030.798
2025-09-21T16:45:00+00:00,114.90,115.07,114.68,115.03,20766.720
2025-09-21T17:00:00+00:00,115.02,115.10,114.67,114.79,19307.100
2025-09-21T17:15:00+00:00,114.79,115.07,114.53,115.01,13117.622
2025-09-21T17:30:00+00:00,115.00,115.45,114.93,115.44,14358.142
2025-09-21T17:45:00+00:00,115.43,115.83,115.39,115.78,22570.155
2025-09-21T18:00:00+00:00,115.78,115.89,115.59,115.62,21070.673
2025-09-21T18:15:00+00:00,115.62,115.71,115.52,115.61,11202.549
2025-09-21T18:30:00+00:00,115.62,115.70,115.31,115.32,8576.030
2025-09-21T18:45:00+00:00,115.32,115.39,115.18,115.30,8164.038
2025-09-21T19:00:00+00:00,115.30,115.36,114.90,114.96,15224.910
2025-09-21T19:15:00+00:00,114.97,115.13,114.80,115.10,12089.902
2025-09-21T19:30:00+00:00,115.11,115.14,114.90,114.95,6752.741
2025-09-21T19:45:00+00:00,114.96,115.19,114.91,115.18,3896.553
2025-09-21T20:00:00+00:00,115.17,115.23,114.87,114.98,9377.050
2025-09-21T20:15:00+00:00,114.99,115.31,114.97,115.28,7790.659
2025-09-21T20:30:00+00:00,115.28,115.28,114.85,114.85,7272.727
2025-09-21T20:45:00+00:00,114.86,115.16,114.82,115.02,9263.575
2025-09-21T21:00:00+00:00,115.03,115.08,114.74,114.97,10539.396
2025-09-21T21:15:00+00:00,114.97,114.97,114.68,114.68,9188.973
2025-09-21T21:30:00+00:00,114.69,115.15,114.66,115.12,7759.453
2025-09-21T21:45:00+00:00,115.13,115.13,114.83,114.86,5833.085
2025-09-21T22:00:00+00:00,114.87,115.08,114.31,114.43,20925.227
2025-09-21T22:15:00+00:00,114.42,114.54,114.20,114.53,12924.886
2025-09-21T22:30:00+00:00,114.54,114.66,114.36,114.65,5777.919
2025-09-21T22:45:00+00:00,114.66,114.89,114.62,114.84,5574.447
2025-09-21T23:00:00+00:00,114.85,114.85,114.15,114.26,12597.406
2025-09-21T23:15:00+00:00,114.25,114.34,114.08,114.21,9621.260
2025-09-21T23:30:00+00:00,114.21,114.25,113.94,114.15,12083.105
2025-09-21T23:45:00+00:00,114.15,114.16,113.86,113.92,10387.485
2025-09-22T00:00:00+00:00,113.92,114.46,113.85,113.92,18341.487
2025-09-22T00:15:00+00:00,113.91,114.06,113.41,113.49,39404.421
2025-09-22T00:30:00+00:00,113.49,113.52,112.07,112.28,202300.731
2025-09-22T00:45:00+00:00,112.29,112.49,111.24,111.55,116079.272
2025-09-22T01:00:00+00:00,111.55,112.17,111.43,111.75,61017.915
2025-09-22T01:15:00+00:00,111.75,112.25,111.47,112.03,57774.433
2025-09-22T01:30:00+00:00,112.03,112.56,111.95,112.30,34591.306
2025-09-22T01:45:00+00:00,112.31,112.41,111.77,111.85,15164.665
2025-09-22T02:00:00+00:00,111.86,112.14,111.53,111.55,32626.338
2025-09-22T02:15:00+00:00,111.55,111.77,111.16,111.43,41453.929
2025-09-22T02:30:00+00:00,111.43,111.44,109.94,110.52,152239.921
2025-09-22T02:45:00+00:00,110.52,110.79,110.45,110.64,28389.650
2025-09-22T03:00:00+00:00,110.64,111.10,110.64,110.89,27035.392
2025-09-22T03:15:00+00:00,110.89,111.32,110.86,111.31,12863.925
2025-09-22T03:30:00+00:00,111.31,111.31,110.92,111.06,15409.167
2025-09-22T03:45:00+00:00,111.06,111.43,111.05,111.33,9182.053
2025-09-22T04:00:00+00:00,111.32,111.32,110.80,110.88,31175.040
2025-09-22T04:15:00+00:00,110.87,111.34,110.81,111.30,15641.170
2025-09-22T04:30:00+00:00,111.30,111.49,111.15,111.21,20942.019
2025-09-22T04:45:00+00:00,111.22,111.38,111.10,111.12,10034.215
2025-09-22T05:00:00+00:00,111.12,111.14,110.64,110.77,18493.692
2025-09-22T05:15:00+00:00,110.78,111.03,110.63,110.87,25035.639
2025-09-22T05:30:00+00:00,110.87,110.87,110.42,110.48,18853.174
2025-09-22T05:45:00+00:00,110.48,110.77,109.27,109.28,46283.413
2025-09-22T06:00:00+00:00,109.28,109.51,100.55,106.48,732562.483
2025-09-22T06:15:00+00:00,106.48,107.31,106.40,106.77,148647.996
2025-09-22T06:30:00+00:00,106.76,107.08,106.58,106.88,70260.203
2025-09-22T06:45:00+00:00,106.88,106.98,106.56,106.85,39291.910
2025-09-22T07:00:00+00:00,106.85,106.85,106.33,106.36,41327.744
2025-09-22T07:15:00+00:00,106.36,106.41,105.95,106.36,49502.897
2025-09-22T07:30:00+00:00,106.36,106.42,105.63,105.91,49895.961
2025-09-22T07:45:00+00:00,105.92,106.07,105.29,105.44,46917.522
2025-09-22T08:00:00+00:00,105.45,105.79,104.82,105.53,86366.112
2025-09-22T08:15:00+00:00,105.54,105.76,105.08,105.48,26504.249
2025-09-22T08:30:00+00:00,105.48,105.82,105.30,105.78,33536.639
2025-09-22T08:45:00+00:00,105.78,105.95,105.56,105.58,18801.244
2025-09-22T09:00:00+00:00,105.58,105.58,105.14,105.31,20608.027
2025-09-22T09:15:00+00:00,105.32,105.61,105.13,105.24,23823.745
2025-09-22T09:30:00+00:00,105.25,105.40,105.00,105.11,49509.456
2025-09-22T09:45:00+00:00,105.11,105.35,104.74,104.97,56818.980
2025-09-22T10:00:00+00:00,104.97,105.86,104.72,105.58,34494.649
2025-09-22T10:15:00+00:00,105.57,105.70,105.40,105.62,15378.016
2025-09-22T10:30:00+00:00,105.62,105.62,104.85,105.01,25955.252
2025-09-22T10:45:00+00:00,105.01,105.86,104.98,105.68,40525.823
2025-09-22T11:00:00+00:00,105.68,105.79,105.44,105.45,30238.894
2025-09-22T11:15:00+00:00,105.45,105.59,105.25,105.30,16064.427
2025-09-22T11:30:00+00:00,105.30,105.46,105.22,105.43,14022.481
2025-09-22T11:45:00+00:00,105.44,105.67,105.41,105.57,18189.746
2025-09-22T12:00:00+00:00,105.57,105.60,105.25,105.46,15107.332
2025-09-22T12:15:00+00:00,105.46,105.99,105.45,105.86,17353.190
2025-09-22T12:30:00+00:00,105.87,105.99,105.68,105.68,15694.564
2025-09-22T12:45:00+00:00,105.69,106.20,105.64,106.00,35559.769
2025-09-22T13:00:00+00:00,106.00,106.35,105.93,106.34,23845.743
2025-09-22T13:15:00+00:00,106.35,106.38,106.02,106.12,18475.486
2025-09-22T13:30:00+00:00,106.12,106.18,105.71,105.76,18961.251
2025-09-22T13:45:00+00:00,105.77,106.41,105.55,106.37,26821.458
2025-09-22T14:00:00+00:00,106.37,106.45,105.94,105.97,24875.972
2025-09-22T14:15:00+00:00,105.98,106.45,105.97,106.43,27750.286
2025-09-22T14:30:00+00:00,106.43,106.64,105.90,105.92,22682.980
2025-09-22T14:45:00+00:00,105.92,105.96,105.61,105.80,23200.288
2025-09-22T15:00:00+00:00,105.81,105.95,105.60,105.62,29706.316
2025-09-22T15:15:00+00:00,105.62,105.68,105.19,105.44,25521.420
2025-09-22T15:30:00+00:00,105.44,105.46,104.78,104.86,27975.213
2025-09-22T15:45:00+00:00,104.86,105.38,104.77,105.21,18922.617
2025-09-22T16:00:00+00:00,105.21,105.66,105.06,105.47,27258.331
2025-09-22T16:15:00+00:00,105.47,105.70,105.28,105.38,17059.466
2025-09-22T16:30:00+00:00,105.39,105.40,104.95,105.05,20710.856
2025-09-22T16:45:00+00:00,105.05,105.25,104.92,105.04,10717.423
2025-09-22T17:00:00+00:00,105.04,105.13,104.66,104.75,27145.389
2025-09-22T17:15:00+00:00,104.75,105.23,104.52,104.92,25067.620
2025-09-22T17:30:00+00:00,104.92,105.11,104.73,105.01,15235.493
2025-09-22T17:45:00+00:00,105.01,105.42,105.01,105.32,12054.533
2025-09-22T18:00:00+00:00,105.31,105.46,105.19,105.36,10405.057
2025-09-22T18:15:00+00:00,105.36,105.44,105.16,105.28,9460.594
2025-09-22T18:30:00+00:00,105.27,105.56,105.12,105.17,30560.475
2025-09-22T18:45:00+00:00,105.17,105.26,104.85,104.85,14842.967
2025-09-22T19:00:00+00:00,104.85,104.98,104.72,104.84,13999.377
2025-09-22T19:15:00+00:00,104.83,105.08,104.67,104.83,10285.497
2025-09-22T19:30:00+00:00,104.82,104.89,104.54,104.68,28776.685
2025-09-22T19:45:00+00:00,104.69,104.77,104.52,104.70,13772.222
2025-09-22T20:00:00+00:00,104.69,105.16,104.55,105.15,14376.285
2025-09-22T20:15:00+00:00,105.14,105.22,104.94,105.20,7916.386
2025-09-22T20:30:00+00:00,105.21,105.89,105.18,105.78,22718.419
2025-09-22T20:45:00+00:00,105.78,105.99,105.68,105.82,14427.733
2025-09-22T21:00:00+00:00,105.83,105.87,105.40,105.53,14912.082
2025-09-22T21:15:00+00:00,105.53,105.83,105.52,105.69,7606.171
2025-09-22T21:30:00+00:00,105.69,106.02,105.63,105.90,13745.668
2025-09-22T21:45:00+00:00,105.90,106.11,105.85,106.08,6620.851
2025-09-22T22:00:00+00:00,106.08,106.08,105.70,105.85,10602.807
2025-09-22T22:15:00+00:00,105.84,105.89,105.67,105.67,4255.096
2025-09-22T22:30:00+00:00,105.68,105.78,105.61,105.72,5599.351
2025-09-22T22:45:00+00:00,105.72,105.75,105.61,105.67,4941.676
2025-09-22T23:00:00+00:00,105.66,105.75,105.60,105.67,7065.758
2025-09-22T23:15:00+00:00,105.67,105.86,105.66,105.77,8454.858
2025-09-22T23:30:00+00:00,105.77,105.84,105.71,105.79,7097.424
2025-09-22T23:45:00+00:00,105.80,105.88,105.57,105.61,14201.943
2025-09-23T00:00:00+00:00,105.61,105.79,105.46,105.59,18753.931
2025-09-23T00:15:00+00:00,105.59,105.96,105.19,105.74,92811.151
2025-09-23T00:30:00+00:00,105.74,105.88,105.37,105.39,25506.890
2025-09-23T00:45:00+00:00,105.39,105.56,105.29,105.43,27367.721
2025-09-23T01:00:00+00:00,105.43,105.50,105.12,105.25,23176.042
2025-09-23T01:15:00+00:00,105.25,105.95,105.18,105.95,19366.369
2025-09-23T01:30:00+00:00,105.94,106.08,105.54,105.66,23211.179
2025-09-23T01:45:00+00:00,105.66,105.76,105.27,105.34,17525.202
2025-09-23T02:00:00+00:00,105.34,106.13,105.34,105.88,32892.704
2025-09-23T02:15:00+00:00,105.89,106.02,105.36,105.40,19655.984
2025-09-23T02:30:00+00:00,105.40,105.49,105.00,105.06,26270.255
2025-09-23T02:45:00+00:00,105.07,105.19,104.68,104.76,28231.267
2025-09-23T03:00:00+00:00,104.76,104.89,104.34,104.88,48234.490
2025-09-23T03:15:00+00:00,104.88,106.17,104.82,106.05,58652.784
2025-09-23T03:30:00+00:00,106.06,106.59,106.06,106.21,36366.096
2025-09-23T03:45:00+00:00,106.22,106.59,106.08,106.09,25889.082
2025-09-23T04:00:00+00:00,106.09,106.40,105.86,105.89,22128.558
2025-09-23T04:15:00+00:00,105.89,106.09,105.76,105.83,27510.307
2025-09-23T04:30:00+00:00,105.82,105.94,105.45,105.91,26419.314
2025-09-23T04:45:00+00:00,105.90,106.02,105.70,105.89,8109.833
2025-09-23T05:00:00+00:00,105.88,106.20,105.67,106.07,12751.528
2025-09-23T05:15:00+00:00,106.07,106.18,105.57,105.86,30877.633
2025-09-23T05:30:00+00:00,105.86,106.09,105.83,105.88,14469.206
2025-09-23T05:45:00+00:00,105.88,105.99,105.64,105.66,13133.732
2025-09-23T06:00:00+00:00,105.66,106.08,105.57,106.02,19775.826
2025-09-23T06:15:00+00:00,106.02,106.21,105.88,106.13,29303.919
2025-09-23T06:30:00+00:00,106.12,106.52,105.99,106.14,28810.303
2025-09-23T06:45:00+00:00,106.13,106.43,106.00,106.38,14048.552
2025-09-23T07:00:00+00:00,106.38,106.39,106.00,106.13,15037.223
2025-09-23T07:15:00+00:00,106.12,106.53,106.01,106.23,19220.427
2025-09-23T07:30:00+00:00,106.22,106.39,106.10,106.31,20025.003
2025-09-23T07:45:00+00:00,106.31,106.44,106.13,106.19,12374.009
2025-09-23T08:00:00+00:00,106.19,106.44,106.02,106.21,15447.972
2025-09-23T08:15:00+00:00,106.22,106.41,106.17,106.27,13153.216
2025-09-23T08:30:00+00:00,106.27,106.46,106.05,106.38,7812.898
2025-09-23T08:45:00+00:00,106.38,106.39,106.20,106.37,6530.505
2025-09-23T09:00:00+00:00,106.37,106.63,106.21,106.54,17870.199
2025-09-23T09:15:00+00:00,106.54,106.56,105.75,105.91,52230.788
2025-09-23T09:30:00+00:00,105.91,106.14,105.85,106.01,25865.142
2025-09-23T09:45:00+00:00,106.01,106.04,105.70,105.90,12022.277
2025-09-23T10:00:00+00:00,105.90,106.10,105.75,106.03,8781.725
2025-09-23T10:15:00+00:00,106.04,106.21,105.85,106.01,7824.414
2025-09-23T10:30:00+00:00,106.01,106.15,105.93,106.07,7232.693
2025-09-23T10:45:00+00:00,106.07,106.38,106.04,106.30,7702.463
2025-09-23T11:00:00+00:00,106.31,106.31,105.86,105.97,8705.775
2025-09-23T11:15:00+00:00,105.97,106.29,105.96,106.24,9114.643
2025-09-23T11:30:00+00:00,106.23,106.54,106.18,106.54,8013.357
2025-09-23T11:45:00+00:00,106.54,106.58,106.32,106.44,9616.426
2025-09-23T12:00:00+00:00,106.43,106.78,106.32,106.74,36986.175
2025-09-23T12:15:00+00:00,106.73,106.78,106.44,106.57,15169.630
2025-09-23T12:30:00+00:00,106.56,107.12,106.50,107.10,26419.471
2025-09-23T12:45:00+00:00,107.10,107.16,106.83,106.92,15542.465
2025-09-23T13:00:00+00:00,106.91,106.99,106.58,106.65,30766.639
2025-09-23T13:15:00+00:00,106.65,106.66,106.38,106.57,13201.974
2025-09-23T13:30:00+00:00,106.57,106.83,106.22,106.25,38887.087
2025-09-23T13:45:00+00:00,106.26,106.55,106.08,106.36,15723.360
2025-09-23T14:00:00+00:00,106.36,106.88,106.27,106.69,22334.937
2025-09-23T14:15:00+00:00,106.69,106.77,106.35,106.53,12589.498
2025-09-23T14:30:00+00:00,106.54,106.59,106.04,106.45,19039.509
2025-09-23T14:45:00+00:00,106.45,106.53,106.07,106.35,11853.810
2025-09-23T15:00:00+00:00,106.34,106.79,106.13,106.63,19726.098
2025-09-23T15:15:00+00:00,106.63,106.80,106.41,106.73,17638.507
2025-09-23T15:30:00+00:00,106.73,106.93,106.66,106.71,11201.381
2025-09-23T15:45:00+00:00,106.71,106.82,106.59,106.72,8256.433
2025-09-23T16:00:00+00:00,106.72,106.78,106.09,106.33,15359.803
2025-09-23T16:15:00+00:00,106.32,106.50,106.11,106.36,15057.978
2025-09-23T16:30:00+00:00,106.36,106.38,105.85,106.01,26261.572
2025-09-23T16:45:00+00:00,106.02,106.77,106.01,106.54,26038.343
2025-09-23T17:00:00+00:00,106.53,106.60,106.10,106.15,20050.944
2025-09-23T17:15:00+00:00,106.14,106.29,106.00,106.00,9895.820
2025-09-23T17:30:00+00:00,105.99,106.05,105.44,105.57,35161.563
2025-09-23T17:45:00+00:00,105.56,105.82,105.31,105.51,29607.396
2025-09-23T18:00:00+00:00,105.51,106.03,105.49,105.98,42764.712
2025-09-23T18:15:00+00:00,105.97,106.08,105.69,105.89,20828.421
2025-09-23T18:30:00+00:00,105.88,106.18,105.81,105.97,29642.607
2025-09-23T18:45:00+00:00,105.97,106.16,105.72,105.95,34921.775
2025-09-23T19:00:00+00:00,105.94,106.49,105.92,106.37,17416.807
2025-09-23T19:15:00+00:00,106.36,106.63,106.20,106.30,17372.898
2025-09-23T19:30:00+00:00,106.29,106.31,105.99,106.00,7857.177
2025-09-23T19:45:00+00:00,106.00,106.02,105.60,105.96,16466.980
2025-09-23T20:00:00+00:00,105.96,106.38,105.91,106.08,13918.148
2025-09-23T20:15:00+00:00,106.09,106.11,105.77,105.78,8501.549
2025-09-23T20:30:00+00:00,105.77,106.32,105.61,106.31,15625.645
2025-09-23T20:45:00+00:00,106.32,106.51,106.02,106.48,15013.912
2025-09-23T21:00:00+00:00,106.48,106.48,105.70,105.93,24524.389
2025-09-23T21:15:00+00:00,105.93,106.28,105.88,106.27,7907.095
2025-09-23T21:30:00+00:00,106.27,106.67,106.24,106.66,12010.275
2025-09-23T21:45:00+00:00,106.67,106.69,106.35,106.36,7297.723
2025-09-23T22:00:00+00:00,106.36,106.42,106.17,106.25,8273.574
2025-09-23T22:15:00+00:00,106.25,106.29,106.00,106.05,6056.084
2025-09-23T22:30:00+00:00,106.05,106.41,106.03,106.33,6732.005
2025-09-23T22:45:00+00:00,106.34,106.37,106.16,106.26,5627.734
2025-09-23T23:00:00+00:00,106.26,106.53,106.18,106.43,11535.006
2025-09-23T23:15:00+00:00,106.43,106.48,106.01,106.10,9214.229
2025-09-23T23:30:00+00:00,106.10,106.33,106.07,106.19,7652.698
2025-09-23T23:45:00+00:00,106.19,106.20,106.00,106.01,5488.911
2025-09-24T00:00:00+00:00,106.02,106.32,105.99,106.31,8521.054
2025-09-24T00:15:00+00:00,106.31,106.81,106.28,106.76,11873.411
2025-09-24T00:30:00+00:00,106.77,106.78,106.51,106.53,13401.670
2025-09-24T00:45:00+00:00,106.54,106.74,106.52,106.57,14813.679
2025-09-24T01:00:00+00:00,106.57,106.91,106.44,106.91,10502.916
2025-09-24T01:15:00+00:00,106.92,107.04,106.84,107.02,9074.660
2025-09-24T01:30:00+00:00,107.03,107.21,106.98,107.14,10591.747
2025-09-24T01:45:00+00:00,107.14,107.55,107.10,107.48,19773.746
2025-09-24T02:00:00+00:00,107.49,107.54,107.08,107.13,17778.565
2025-09-24T02:15:00+00:00,107.12,107.46,106.95,107.43,23256.934
2025-09-24T02:30:00+00:00,107.44,107.49,106.98,107.06,11655.891
2025-09-24T02:45:00+00:00,107.06,107.16,106.75,107.04,24955.966
2025-09-24T03:00:00+00:00,107.05,107.18,106.73,106.91,11002.498
2025-09-24T03:15:00+00:00,106.91,106.98,105.80,106.05,47454.667
2025-09-24T03:30:00+00:00,106.05,106.58,106.05,106.41,40955.609
2025-09-24T03:45:00+00:00,106.41,106.48,105.65,105.76,49412.347
2025-09-24T04:00:00+00:00,105.75,105.76,104.50,105.31,121802.618
2025-09-24T04:15:00+00:00,105.30,106.08,104.94,106.06,53941.762
2025-09-24T04:30:00+00:00,106.06,106.88,106.06,106.65,46591.564
2025-09-24T04:45:00+00:00,106.65,106.73,106.36,106.53,26408.153
2025-09-24T05:00:00+00:00,106.52,106.70,106.37,106.45,11240.336
2025-09-24T05:15:00+00:00,106.45,106.98,106.35,106.82,16029.567
2025-09-24T05:30:00+00:00,106.82,107.15,106.60,106.98,15986.979
2025-09-24T05:45:00+00:00,106.99,107.31,106.97,107.22,16329.020
2025-09-24T06:00:00+00:00,107.21,107.31,107.02,107.09,15896.554
2025-09-24T06:15:00+00:00,107.09,107.40,106.18,106.69,430139.294
2025-09-24T06:30:00+00:00,106.68,107.12,106.64,107.07,21297.582
2025-09-24T06:45:00+00:00,107.07,107.27,106.58,106.89,125598.578
2025-09-24T07:00:00+00:00,106.89,106.96,106.62,106.79,21846.421
2025-09-24T07:15:00+00:00,106.80,107.01,106.50,106.54,13042.690
2025-09-24T07:30:00+00:00,106.55,106.88,106.50,106.80,8513.511
2025-09-24T07:45:00+00:00,106.80,106.86,106.69,106.83,8582.389
2025-09-24T08:00:00+00:00,106.83,107.02,106.81,106.97,9851.520
2025-09-24T08:15:00+00:00,106.97,107.00,106.72,106.77,10032.539
2025-09-24T08:30:00+00:00,106.77,106.98,106.71,106.79,5846.385
2025-09-24T08:45:00+00:00,106.79,106.92,106.65,106.73,5262.875
2025-09-24T09:00:00+00:00,106.73,106.73,106.54,106.64,7178.943
2025-09-24T09:15:00+00:00,106.63,106.72,106.55,106.70,8352.594
2025-09-24T09:30:00+00:00,106.70,106.99,106.67,106.90,8202.604
2025-09-24T09:45:00+00:00,106.90,106.96,106.74,106.86,14023.593
2025-09-24T10:00:00+00:00,106.85,106.93,106.69,106.73,25922.094
2025-09-24T10:15:00+00:00,106.73,106.90,106.70,106.73,9422.110
2025-09-24T10:30:00+00:00,106.73,107.02,106.65,106.86,24583.129
2025-09-24T10:45:00+00:00,106.86,107.08,106.79,107.06,5058.251
2025-09-24T11:00:00+00:00,107.05,107.29,106.93,107.24,10784.690
2025-09-24T11:15:00+00:00,107.23,107.31,107.10,107.13,8436.548
2025-09-24T11:30:00+00:00,107.14,107.34,107.07,107.34,11831.921
2025-09-24T11:45:00+00:00,107.34,107.37,107.06,107.14,19244.439
2025-09-24T12:00:00+00:00,107.14,107.25,106.70,106.78,62143.718
2025-09-24T12:15:00+00:00,106.79,106.84,105.91,106.00,87427.761
2025-09-24T12:30:00+00:00,106.00,106.35,105.87,106.27,41591.384
2025-09-24T12:45:00+00:00,106.27,106.47,106.20,106.36,12844.067
2025-09-24T13:00:00+00:00,106.36,106.55,106.34,106.46,10298.070
2025-09-24T13:15:00+00:00,106.46,106.57,106.39,106.47,5723.207
2025-09-24T13:30:00+00:00,106.46,106.76,106.10,106.57,20791.125
2025-09-24T13:45:00+00:00,106.57,106.65,106.22,106.24,17702.097
2025-09-24T14:00:00+00:00,106.25,106.87,106.23,106.86,13132.521
2025-09-24T14:15:00+00:00,106.87,106.99,106.74,106.93,13344.071
2025-09-24T14:30:00+00:00,106.93,107.13,106.87,107.13,13082.012
2025-09-24T14:45:00+00:00,107.12,107.63,107.05,107.26,52215.291
2025-09-24T15:00:00+00:00,107.27,107.40,106.88,106.92,23911.710
2025-09-24T15:15:00+00:00,106.92,107.36,106.92,107.20,8625.765
2025-09-24T15:30:00+00:00,107.20,107.32,107.07,107.21,15284.857
2025-09-24T15:45:00+00:00,107.21,107.23,106.70,106.78,13209.862
2025-09-24T16:00:00+00:00,106.78,106.83,106.44,106.57,20738.293
2025-09-24T16:15:00+00:00,106.56,106.74,106.50,106.57,10630.241
2025-09-24T16:30:00+00:00,106.57,106.66,106.44,106.59,10240.027
2025-09-24T16:45:00+00:00,106.59,106.62,106.47,106.56,7079.540
2025-09-24T17:00:00+00:00,106.57,106.90,106.44,106.81,11420.543
2025-09-24T17:15:00+00:00,106.80,106.82,106.62,106.70,5592.811
2025-09-24T17:30:00+00:00,106.71,107.04,106.69,106.87,9377.082
2025-09-24T17:45:00+00:00,106.86,106.89,106.62,106.64,7203.583
2025-09-24T18:00:00+00:00,106.63,106.66,106.36,106.41,10044.555
2025-09-24T18:15:00+00:00,106.40,106.47,106.22,106.45,13527.843
2025-09-24T18:30:00+00:00,106.45,106.47,106.30,106.32,6557.888
2025-09-24T18:45:00+00:00,106.31,106.39,106.20,106.24,5752.618
2025-09-24T19:00:00+00:00,106.23,106.25,105.77,105.88,23010.479
2025-09-24T19:15:00+00:00,105.87,106.06,105.86,105.90,6364.154
2025-09-24T19:30:00+00:00,105.89,105.93,105.77,105.79,9105.456
2025-09-24T19:45:00+00:00,105.78,106.14,105.77,106.05,7209.695
2025-09-24T20:00:00+00:00,106.05,106.17,106.00,106.09,5657.383
2025-09-24T20:15:00+00:00,106.08,106.20,106.03,106.07,8561.515
2025-09-24T20:30:00+00:00,106.07,106.07,105.72,106.02,13079.652
2025-09-24T20:45:00+00:00,106.02,106.29,106.02,106.23,9740.216
2025-09-24T21:00:00+00:00,106.23,106.41,106.16,106.34,9320.407
2025-09-24T21:15:00+00:00,106.34,106.46,106.27,106.39,9661.513
2025-09-24T21:30:00+00:00,106.39,106.39,106.25,106.26,4606.223
2025-09-24T21:45:00+00:00,106.26,106.27,105.74,105.85,13514.991
2025-09-24T22:00:00+00:00,105.86,106.23,105.75,106.17,18385.812
2025-09-24T22:15:00+00:00,106.18,106.20,105.87,105.94,5837.123
2025-09-24T22:30:00+00:00,105.95,106.09,105.87,105.96,4399.384
2025-09-24T22:45:00+00:00,105.97,106.05,105.75,105.83,7692.241
2025-09-24T23:00:00+00:00,105.84,106.06,105.81,105.97,8070.761
2025-09-24T23:15:00+00:00,105.96,106.03,105.77,105.78,9245.415
2025-09-24T23:30:00+00:00,105.77,105.83,105.46,105.52,15351.687
2025-09-24T23:45:00+00:00,105.53,105.66,105.40,105.49,13505.098
2025-09-25T00:00:00+00:00,105.49,105.79,105.37,105.68,11462.129
2025-09-25T00:15:00+00:00,105.68,105.72,105.15,105.22,15542.860
2025-09-25T00:30:00+00:00,105.22,105.71,105.22,105.52,12020.536
2025-09-25T00:45:00+00:00,105.53,105.58,105.09,105.19,19204.656
2025-09-25T01:00:00+00:00,105.18,105.51,104.92,105.35,28120.958
2025-09-25T01:15:00+00:00,105.34,105.45,105.08,105.22,15946.081
2025-09-25T01:30:00+00:00,105.22,105.24,104.76,104.85,33517.481
2025-09-25T01:45:00+00:00,104.84,105.01,104.57,104.92,33034.851
2025-09-25T02:00:00+00:00,104.93,105.46,104.90,104.99,15738.377
2025-09-25T02:15:00+00:00,104.99,104.99,104.46,104.87,20449.905
2025-09-25T02:30:00+00:00,104.86,105.77,104.84,105.33,33372.116
2025-09-25T02:45:00+00:00,105.33,105.52,105.27,105.38,8198.470
2025-09-25T03:00:00+00:00,105.39,105.39,105.00,105.09,10175.992
2025-09-25T03:15:00+00:00,105.09,105.17,104.20,104.28,36754.891
2025-09-25T03:30:00+00:00,104.28,104.59,104.12,104.36,30091.926
2025-09-25T03:45:00+00:00,104.35,104.81,104.27,104.78,14689.240
2025-09-25T04:00:00+00:00,104.77,105.07,104.37,104.47,35586.246
2025-09-25T04:15:00+00:00,104.46,104.49,103.51,104.24,98965.826
2025-09-25T04:30:00+00:00,104.24,104.27,103.65,104.09,30907.741
2025-09-25T04:45:00+00:00,104.09,104.18,103.24,103.75,43695.412
2025-09-25T05:00:00+00:00,103.74,104.28,103.34,104.21,28135.575
2025-09-25T05:15:00+00:00,104.21,104.69,104.16,104.59,18209.040
2025-09-25T05:30:00+00:00,104.59,104.61,104.32,104.56,13296.459
2025-09-25T05:45:00+00:00,104.56,104.76,104.42,104.54,8613.317
2025-09-25T06:00:00+00:00,104.54,104.56,103.94,103.96,15152.019
2025-09-25T06:15:00+00:00,103.96,104.19,103.75,103.93,17985.009
2025-09-25T06:30:00+00:00,103.93,104.29,103.83,103.86,13443.934
2025-09-25T06:45:00+00:00,103.86,104.04,103.72,103.77,8189.712
2025-09-25T07:00:00+00:00,103.78,104.04,103.58,103.75,17865.087
2025-09-25T07:15:00+00:00,103.74,104.30,103.69,104.18,14814.580
2025-09-25T07:30:00+00:00,104.18,104.23,103.95,104.11,9333.482
2025-09-25T07:45:00+00:00,104.12,104.20,103.80,103.91,8299.183
2025-09-25T08:00:00+00:00,103.91,104.40,103.86,104.32,15915.821
2025-09-25T08:15:00+00:00,104.33,104.53,104.20,104.51,12102.711
2025-09-25T08:30:00+00:00,104.51,104.51,103.78,103.86,11342.883
2025-09-25T08:45:00+00:00,103.87,103.95,103.68,103.93,14337.199
2025-09-25T09:00:00+00:00,103.93,104.42,103.83,104.42,11413.820
2025-09-25T09:15:00+00:00,104.41,104.62,104.30,104.37,27138.816
2025-09-25T09:30:00+00:00,104.37,104.58,104.24,104.25,15083.042
2025-09-25T09:45:00+00:00,104.25,104.29,103.75,103.78,13225.480
2025-09-25T10:00:00+00:00,103.79,103.94,103.73,103.84,18613.701
2025-09-25T10:15:00+00:00,103.85,104.23,103.85,103.87,20255.918
2025-09-25T10:30:00+00:00,103.86,103.89,103.58,103.63,12793.670
2025-09-25T10:45:00+00:00,103.63,103.67,103.30,103.31,16718.121
2025-09-25T11:00:00+00:00,103.31,103.55,103.08,103.21,32081.242
2025-09-25T11:15:00+00:00,103.21,103.32,102.86,103.26,43344.770
2025-09-25T11:30:00+00:00,103.26,103.53,103.20,103.45,23340.531
2025-09-25T11:45:00+00:00,103.45,103.54,103.13,103.41,14008.408
2025-09-25T12:00:00+00:00,103.40,103.89,103.35,103.79,19838.008
2025-09-25T12:15:00+00:00,103.79,103.79,102.04,102.11,64196.029
2025-09-25T12:30:00+00:00,102.11,103.95,101.78,103.81,121125.785
2025-09-25T12:45:00+00:00,103.80,104.14,103.57,103.84,39033.677
2025-09-25T13:00:00+00:00,103.84,104.02,103.38,103.98,49772.877
2025-09-25T13:15:00+00:00,103.98,104.76,103.92,104.63,58856.499
2025-09-25T13:30:00+00:00,104.62,104.62,103.48,103.74,47725.381
2025-09-25T13:45:00+00:00,103.74,104.19,103.68,103.82,31216.853
2025-09-25T14:00:00+00:00,103.82,104.62,103.82,104.59,24065.651
2025-09-25T14:15:00+00:00,104.60,105.18,104.57,104.97,35014.782
2025-09-25T14:30:00+00:00,104.98,105.23,104.60,104.78,22757.111
2025-09-25T14:45:00+00:00,104.79,104.86,104.58,104.70,10553.941
2025-09-25T15:00:00+00:00,104.70,104.79,104.35,104.41,15982.388
2025-09-25T15:15:00+00:00,104.41,104.43,104.09,104.24,23270.651
2025-09-25T15:30:00+00:00,104.24,104.58,104.18,104.39,13163.435
2025-09-25T15:45:00+00:00,104.39,104.49,104.17,104.49,12685.438
2025-09-25T16:00:00+00:00,104.48,104.67,104.36,104.46,19717.380
2025-09-25T16:15:00+00:00,104.47,104.48,103.58,103.62,20935.637
2025-09-25T16:30:00+00:00,103.63,103.88,103.50,103.58,20217.014
2025-09-25T16:45:00+00:00,103.58,103.67,102.98,103.11,32834.384
2025-09-25T17:00:00+00:00,103.10,103.12,102.01,102.01,63848.526
2025-09-25T17:15:00+00:00,102.01,102.47,101.40,101.98,147498.351
2025-09-25T17:30:00+00:00,101.97,102.28,100.80,101.59,104296.753
2025-09-25T17:45:00+00:00,101.60,101.91,100.19,100.85,141951.826
2025-09-25T18:00:00+00:00,100.85,101.52,100.41,101.50,93715.221
2025-09-25T18:15:00+00:00,101.50,102.46,101.28,102.34,62398.673
2025-09-25T18:30:00+00:00,102.35,102.71,102.06,102.57,31503.840
2025-09-25T18:45:00+00:00,102.56,103.17,102.42,103.13,47240.554
2025-09-25T19:00:00+00:00,103.14,103.51,103.06,103.30,36909.586
2025-09-25T19:15:00+00:00,103.29,103.72,103.14,103.46,21954.488
2025-09-25T19:30:00+00:00,103.47,103.62,102.97,103.08,17521.867
2025-09-25T19:45:00+00:00,103.08,103.10,102.54,102.74,19100.055
2025-09-25T20:00:00+00:00,102.75,102.88,102.44,102.61,20791.269
2025-09-25T20:15:00+00:00,102.61,102.90,102.51,102.58,11152.808
2025-09-25T20:30:00+00:00,102.58,102.58,102.13,102.38,19254.022
2025-09-25T20:45:00+00:00,102.38,102.57,102.12,102.24,13280.266
2025-09-25T21:00:00+00:00,102.25,103.10,102.24,102.77,26367.152
2025-09-25T21:15:00+00:00,102.78,102.90,102.29,102.38,10812.191
2025-09-25T21:30:00+00:00,102.37,102.37,101.89,102.21,17261.645
2025-09-25T21:45:00+00:00,102.22,102.86,102.22,102.83,12548.330
2025-09-25T22:00:00+00:00,102.82,103.13,102.56,103.05,17558.082
2025-09-25T22:15:00+00:00,103.04,103.14,102.61,102.67,17173.915
2025-09-25T22:30:00+00:00,102.67,102.76,102.46,102.59,13898.613
2025-09-25T22:45:00+00:00,102.59,102.61,102.12,102.35,12418.319
2025-09-25T23:00:00+00:00,102.36,102.93,102.32,102.46,16477.058
2025-09-25T23:15:00+00:00,102.46,102.58,102.15,102.35,12699.848
2025-09-25T23:30:00+00:00,102.35,102.35,101.47,101.98,44315.885
2025-09-25T23:45:00+00:00,101.99,102.23,101.83,102.23,14679.825
2025-09-26T00:00:00+00:00,102.22,103.01,102.21,102.96,23377.250
2025-09-26T00:15:00+00:00,102.96,103.28,102.91,103.08,17299.800
2025-09-26T00:30:00+00:00,103.07,103.07,102.38,102.40,13917.980
2025-09-26T00:45:00+00:00,102.41,103.64,102.37,103.49,24477.585
2025-09-26T01:00:00+00:00,103.50,103.76,103.27,103.65,20759.792
2025-09-26T01:15:00+00:00,103.64,103.87,103.44,103.47,11688.677
2025-09-26T01:30:00+00:00,103.47,103.59,103.28,103.48,15255.107
2025-09-26T01:45:00+00:00,103.49,103.76,103.27,103.47,13519.233
2025-09-26T02:00:00+00:00,103.48,103.83,103.14,103.32,14619.113
2025-09-26T02:15:00+00:00,103.31,103.52,103.05,103.12,13661.072
2025-09-26T02:30:00+00:00,103.11,103.36,102.97,103.26,8338.097
2025-09-26T02:45:00+00:00,103.25,103.48,103.14,103.26,6552.265
2025-09-26T03:00:00+00:00,103.25,103.26,102.82,103.22,9886.279
2025-09-26T03:15:00+00:00,103.22,103.36,102.95,102.96,8733.142
2025-09-26T03:30:00+00:00,102.95,103.04,102.77,103.02,8842.182
2025-09-26T03:45:00+00:00,103.02,103.16,102.63,103.15,11801.260
2025-09-26T04:00:00+00:00,103.15,103.28,102.93,103.10,11250.589
2025-09-26T04:15:00+00:00,103.11,103.45,103.04,103.18,9567.192
2025-09-26T04:30:00+00:00,103.17,103.17,102.79,102.86,9094.389
2025-09-26T04:45:00+00:00,102.86,103.08,102.77,103.06,5799.244
2025-09-26T05:00:00+00:00,103.06,103.40,102.97,103.34,7837.816
2025-09-26T05:15:00+00:00,103.34,103.57,103.34,103.42,7987.742
2025-09-26T05:30:00+00:00,103.43,103.43,103.12,103.19,5425.204
2025-09-26T05:45:00+00:00,103.19,103.25,102.56,102.88,26895.273
2025-09-26T06:00:00+00:00,102.89,103.06,102.59,102.95,17200.910
2025-09-26T06:15:00+00:00,102.94,103.54,102.93,103.32,12874.508
2025-09-26T06:30:00+00:00,103.31,103.46,103.14,103.42,42835.515
2025-09-26T06:45:00+00:00,103.42,103.42,102.85,102.93,13854.967
2025-09-26T07:00:00+00:00,102.93,103.30,102.93,103.30,11141.063
2025-09-26T07:15:00+00:00,103.31,103.31,102.97,102.97,11421.040
2025-09-26T07:30:00+00:00,102.97,102.98,102.38,102.47,23897.436
2025-09-26T07:45:00+00:00,102.47,103.06,102.36,103.02,14155.406
2025-09-26T08:00:00+00:00,103.03,103.18,102.96,103.06,14851.146
2025-09-26T08:15:00+00:00,103.05,103.26,102.66,102.88,11557.577
2025-09-26T08:30:00+00:00,102.88,103.05,102.76,102.96,11724.023
2025-09-26T08:45:00+00:00,102.96,103.00,102.73,102.77,14384.098
2025-09-26T09:00:00+00:00,102.77,102.87,102.52,102.79,20900.703
2025-09-26T09:15:00+00:00,102.79,102.79,102.26,102.35,19051.119
2025-09-26T09:30:00+00:00,102.34,102.43,101.63,101.77,32001.197
2025-09-26T09:45:00+00:00,101.77,102.00,101.69,101.99,19697.434
2025-09-26T10:00:00+00:00,101.99,102.04,101.31,101.39,30230.209
2025-09-26T10:15:00+00:00,101.39,101.50,101.21,101.38,24522.827
2025-09-26T10:30:00+00:00,101.38,101.63,101.15,101.32,14761.521
2025-09-26T10:45:00+00:00,101.31,101.61,101.26,101.44,8914.552
2025-09-26T11:00:00+00:00,101.44,101.59,100.93,101.03,25639.319
2025-09-26T11:15:00+00:00,101.04,101.50,101.00,101.40,12014.324
2025-09-26T11:30:00+00:00,101.40,102.02,101.40,101.85,20336.523
2025-09-26T11:45:00+00:00,101.84,102.05,101.80,101.86,17055.650
2025-09-26T12:00:00+00:00,101.86,101.86,101.36,101.37,13256.446
2025-09-26T12:15:00+00:00,101.37,102.14,101.25,101.99,20007.730
2025-09-26T12:30:00+00:00,101.99,103.13,101.59,102.90,124919.619
2025-09-26T12:45:00+00:00,102.89,102.93,102.48,102.73,16750.492
2025-09-26T13:00:00+00:00,102.73,102.82,102.46,102.58,20734.345
2025-09-26T13:15:00+00:00,102.59,102.78,102.33,102.45,14101.456
2025-09-26T13:30:00+00:00,102.45,102.93,102.23,102.81,22203.219
2025-09-26T13:45:00+00:00,102.80,103.44,102.66,103.26,49739.833
2025-09-26T14:00:00+00:00,103.25,103.36,102.74,102.86,23102.892
2025-09-26T14:15:00+00:00,102.85,103.14,102.50,102.77,25640.433
2025-09-26T14:30:00+00:00,102.78,103.01,102.30,102.85,29741.841
2025-09-26T14:45:00+00:00,102.85,103.00,102.60,102.82,16779.269
2025-09-26T15:00:00+00:00,102.82,103.31,102.75,102.94,17120.333
2025-09-26T15:15:00+00:00,102.94,103.58,102.86,103.58,30291.669
2025-09-26T15:30:00+00:00,103.58,103.67,103.30,103.52,11420.105
2025-09-26T15:45:00+00:00,103.52,103.59,103.27,103.34,8734.879
2025-09-26T16:00:00+00:00,103.33,103.80,103.31,103.62,16037.674
2025-09-26T16:15:00+00:00,103.61,104.06,103.57,103.79,31185.324
2025-09-26T16:30:00+00:00,103.78,103.90,103.63,103.72,12857.202
2025-09-26T16:45:00+00:00,103.73,104.03,103.70,103.93,9525.405
2025-09-26T17:00:00+00:00,103.92,104.29,103.91,104.22,16365.444
2025-09-26T17:15:00+00:00,104.21,104.72,104.14,104.63,23051.737
2025-09-26T17:30:00+00:00,104.63,104.72,104.39,104.50,24379.159
2025-09-26T17:45:00+00:00,104.49,104.70,104.44,104.67,14023.838
2025-09-26T18:00:00+00:00,104.66,104.84,104.44,104.63,20124.029
2025-09-26T18:15:00+00:00,104.63,104.85,104.61,104.74,13470.436
2025-09-26T18:30:00+00:00,104.75,104.78,104.43,104.48,10108.855
2025-09-26T18:45:00+00:00,104.48,104.60,104.38,104.49,11614.885
2025-09-26T19:00:00+00:00,104.49,104.53,104.08,104.27,15266.718
2025-09-26T19:15:00+00:00,104.27,104.47,104.04,104.06,8527.404
2025-09-26T19:30:00+00:00,104.06,104.17,103.73,103.79,22668.844
2025-09-26T19:45:00+00:00,103.80,104.16,103.77,104.06,10419.703
2025-09-26T20:00:00+00:00,104.06,104.21,103.90,104.20,9838.964
2025-09-26T20:15:00+00:00,104.20,104.25,103.97,103.99,6797.028
2025-09-26T20:30:00+00:00,103.98,104.03,103.85,103.86,7523.603
2025-09-26T20:45:00+00:00,103.86,104.00,103.84,103.86,6221.923
2025-09-26T21:00:00+00:00,103.86,104.03,103.75,104.02,10007.278
2025-09-26T21:15:00+00:00,104.03,104.29,103.86,104.23,10813.975
2025-09-26T21:30:00+00:00,104.24,104.31,104.09,104.09,8141.878
2025-09-26T21:45:00+00:00,104.10,104.34,104.08,104.29,2783.340
2025-09-26T22:00:00+00:00,104.30,104.46,104.19,104.40,9136.621
2025-09-26T22:15:00+00:00,104.41,104.76,104.37,104.46,43237.499
2025-09-26T22:30:00+00:00,104.46,104.54,104.39,104.51,9063.117
2025-09-26T22:45:00+00:00,104.50,104.57,104.37,104.39,4806.662
2025-09-26T23:00:00+00:00,104.39,104.41,104.27,104.34,8102.682
2025-09-26T23:15:00+00:00,104.33,104.50,104.28,104.43,3637.302
2025-09-26T23:30:00+00:00,104.44,104.53,104.41,104.45,6689.058
2025-09-26T23:45:00+00:00,104.45,104.63,104.44,104.50,6192.805
2025-09-27T00:00:00+00:00,104.51,104.51,104.17,104.23,15331.141
2025-09-27T00:15:00+00:00,104.23,104.30,104.09,104.23,10355.569
2025-09-27T00:30:00+00:00,104.23,104.32,104.10,104.14,6132.991
2025-09-27T00:45:00+00:00,104.14,104.27,104.03,104.27,6584.725
2025-09-27T01:00:00+00:00,104.26,104.28,103.97,104.06,7572.943
2025-09-27T01:15:00+00:00,104.06,104.06,103.75,103.86,7407.305
2025-09-27T01:30:00+00:00,103.86,103.87,103.74,103.81,9641.889
2025-09-27T01:45:00+00:00,103.81,103.87,103.78,103.85,4019.134
2025-09-27T02:00:00+00:00,103.84,103.93,103.76,103.89,6449.664
2025-09-27T02:15:00+00:00,103.89,103.92,103.68,103.73,4591.365
2025-09-27T02:30:00+00:00,103.73,103.96,103.68,103.96,8399.515
2025-09-27T02:45:00+00:00,103.95,103.99,103.39,103.57,32879.216
2025-09-27T03:00:00+00:00,103.57,103.70,103.55,103.63,12636.166
2025-09-27T03:15:00+00:00,103.63,103.99,103.63,103.95,7242.438
2025-09-27T03:30:00+00:00,103.95,104.05,103.92,103.98,9175.520
2025-09-27T03:45:00+00:00,103.98,104.00,103.79,103.81,5651.664
2025-09-27T04:00:00+00:00,103.81,103.93,103.78,103.81,6681.471
2025-09-27T04:15:00+00:00,103.80,103.93,103.70,103.93,8232.581
2025-09-27T04:30:00+00:00,103.93,103.96,103.77,103.78,6059.250
2025-09-27T04:45:00+00:00,103.79,103.85,103.72,103.83,4461.111
2025-09-27T05:00:00+00:00,103.84,103.84,103.60,103.65,5123.669
2025-09-27T05:15:00+00:00,103.64,103.74,103.61,103.70,3942.910
2025-09-27T05:30:00+00:00,103.69,103.82,103.65,103.81,4708.274
2025-09-27T05:45:00+00:00,103.81,103.89,103.77,103.78,3898.344
2025-09-27T06:00:00+00:00,103.78,103.79,103.64,103.68,6598.095
2025-09-27T06:15:00+00:00,103.68,103.73,103.60,103.65,3423.283
2025-09-27T06:30:00+00:00,103.65,103.77,103.61,103.73,3889.256
2025-09-27T06:45:00+00:00,103.73,103.85,103.68,103.84,3279.762
2025-09-27T07:00:00+00:00,103.84,103.97,103.84,103.88,8547.123
2025-09-27T07:15:00+00:00,103.87,103.89,103.66,103.69,4252.573
2025-09-27T07:30:00+00:00,103.69,103.71,103.50,103.62,13427.638
2025-09-27T07:45:00+00:00,103.61,103.75,103.54,103.69,12401.779
2025-09-27T08:00:00+00:00,103.69,103.71,103.42,103.60,17052.934
2025-09-27T08:15:00+00:00,103.59,103.84,103.54,103.84,6974.833
2025-09-27T08:30:00+00:00,103.83,103.85,103.71,103.72,6675.754
2025-09-27T08:45:00+00:00,103.71,103.81,103.52,103.58,9262.451
2025-09-27T09:00:00+00:00,103.58,103.67,103.28,103.46,14860.787
2025-09-27T09:15:00+00:00,103.46,103.70,103.44,103.65,13946.243
2025-09-27T09:30:00+00:00,103.65,103.88,103.64,103.85,26066.356
2025-09-27T09:45:00+00:00,103.85,104.12,103.84,104.03,18918.536
2025-09-27T10:00:00+00:00,104.04,104.23,103.99,104.05,18204.822
2025-09-27T10:15:00+00:00,104.04,104.09,103.90,104.05,28920.710
2025-09-27T10:30:00+00:00,104.06,104.47,104.05,104.33,19825.098
2025-09-27T10:45:00+00:00,104.33,104.37,104.15,104.21,10142.180
2025-09-27T11:00:00+00:00,104.21,104.21,104.02,104.08,6643.988
2025-09-27T11:15:00+00:00,104.07,104.16,104.02,104.12,4067.300
2025-09-27T11:30:00+00:00,104.12,104.12,104.01,104.05,4011.990
2025-09-27T11:45:00+00:00,104.04,104.07,103.89,103.92,6122.511
2025-09-27T12:00:00+00:00,103.92,104.07,103.89,104.06,8490.374
2025-09-27T12:15:00+00:00,104.06,104.15,104.04,104.08,3747.812
2025-09-27T12:30:00+00:00,104.08,104.27,104.04,104.25,5287.732
2025-09-27T12:45:00+00:00,104.25,104.42,104.19,104.35,13494.874
2025-09-27T13:00:00+00:00,104.35,104.42,104.25,104.25,6535.856
2025-09-27T13:15:00+00:00,104.25,104.37,104.25,104.34,4690.804
2025-09-27T13:30:00+00:00,104.34,104.35,104.21,104.33,2525.891
2025-09-27T13:45:00+00:00,104.33,104.37,104.22,104.28,3560.370
2025-09-27T14:00:00+00:00,104.28,104.53,104.25,104.52,8808.476
2025-09-27T14:15:00+00:00,104.53,104.78,104.47,104.76,14951.991
2025-09-27T14:30:00+00:00,104.76,104.82,104.63,104.63,19246.031
2025-09-27T14:45:00+00:00,104.63,104.65,104.52,104.55,8676.221
2025-09-27T15:00:00+00:00,104.55,104.56,104.32,104.47,14819.496
2025-09-27T15:15:00+00:00,104.47,104.64,104.47,104.61,7671.218
2025-09-27T15:30:00+00:00,104.61,104.71,104.52,104.59,5577.571
2025-09-27T15:45:00+00:00,104.59,104.88,104.57,104.86,14550.699
2025-09-27T16:00:00+00:00,104.86,104.91,104.74,104.79,10467.893
2025-09-27T16:15:00+00:00,104.78,104.86,104.73,104.78,6189.508
2025-09-27T16:30:00+00:00,104.79,104.88,104.67,104.82,5111.309
2025-09-27T16:45:00+00:00,104.82,104.85,104.65,104.70,14733.022
2025-09-27T17:00:00+00:00,104.70,104.71,104.28,104.30,13346.305
2025-09-27T17:15:00+00:00,104.30,104.31,104.02,104.14,17014.949
2025-09-27T17:30:00+00:00,104.14,104.42,104.08,104.35,7410.291
2025-09-27T17:45:00+00:00,104.34,104.57,104.24,104.53,6046.096
2025-09-27T18:00:00+00:00,104.53,104.60,104.42,104.43,4592.150
2025-09-27T18:15:00+00:00,104.43,104.48,104.32,104.44,6073.692
2025-09-27T18:30:00+00:00,104.45,104.53,104.32,104.49,9239.686
2025-09-27T18:45:00+00:00,104.48,104.57,104.40,104.42,5664.104
2025-09-27T19:00:00+00:00,104.42,104.46,104.21,104.28,7838.415
2025-09-27T19:15:00+00:00,104.28,104.46,104.24,104.46,4563.998
2025-09-27T19:30:00+00:00,104.46,104.55,104.38,104.43,4543.549
2025-09-27T19:45:00+00:00,104.43,104.55,104.40,104.53,3403.548
2025-09-27T20:00:00+00:00,104.53,104.66,104.53,104.58,4855.381
2025-09-27T20:15:00+00:00,104.58,104.59,104.42,104.54,5008.653
2025-09-27T20:30:00+00:00,104.53,104.67,104.45,104.57,2953.513
2025-09-27T20:45:00+00:00,104.57,104.57,104.42,104.55,3828.597
2025-09-27T21:00:00+00:00,104.56,104.58,104.47,104.50,5972.223
2025-09-27T21:15:00+00:00,104.49,104.59,104.49,104.59,2234.336
2025-09-27T21:30:00+00:00,104.59,104.64,104.53,104.58,8483.235
2025-09-27T21:45:00+00:00,104.58,104.70,104.57,104.61,3352.088
2025-09-27T22:00:00+00:00,104.61,104.77,104.58,104.75,9224.336
2025-09-27T22:15:00+00:00,104.75,104.89,104.75,104.86,8795.187
2025-09-27T22:30:00+00:00,104.86,104.88,104.73,104.74,5135.124
2025-09-27T22:45:00+00:00,104.74,104.76,104.57,104.65,3840.945
2025-09-27T23:00:00+00:00,104.64,104.76,104.48,104.60,5360.185
2025-09-27T23:15:00+00:00,104.59,104.64,104.42,104.47,5108.565
2025-09-27T23:30:00+00:00,104.47,104.55,104.42,104.48,4392.593
2025-09-27T23:45:00+00:00,104.48,104.53,104.36,104.42,3428.526
2025-09-28T00:00:00+00:00,104.42,104.48,104.13,104.25,13805.256
2025-09-28T00:15:00+00:00,104.24,104.59,104.20,104.52,8295.141
2025-09-28T00:30:00+00:00,104.51,104.56,104.15,104.30,7273.768
2025-09-28T00:45:00+00:00,104.30,104.32,104.09,104.16,6110.815
2025-09-28T01:00:00+00:00,104.16,104.19,103.87,103.89,9097.510
2025-09-28T01:15:00+00:00,103.89,104.05,103.88,103.92,6294.498
2025-09-28T01:30:00+00:00,103.92,103.95,103.63,103.69,8259.378
2025-09-28T01:45:00+00:00,103.69,103.85,103.66,103.82,6289.119
2025-09-28T02:00:00+00:00,103.82,103.94,103.77,103.80,5766.587
2025-09-28T02:15:00+00:00,103.79,103.96,103.78,103.94,6054.117
2025-09-28T02:30:00+00:00,103.94,104.02,103.77,103.78,5803.427
2025-09-28T02:45:00+00:00,103.77,103.77,103.62,103.75,7925.004
2025-09-28T03:00:00+00:00,103.74,103.83,103.73,103.82,5032.445
2025-09-28T03:15:00+00:00,103.81,103.87,103.67,103.70,2509.986
2025-09-28T03:30:00+00:00,103.70,103.76,103.52,103.62,4607.549
2025-09-28T03:45:00+00:00,103.62,103.89,103.56,103.81,6227.633
2025-09-28T04:00:00+00:00,103.81,103.84,103.68,103.69,4218.577
2025-09-28T04:15:00+00:00,103.69,103.79,103.65,103.66,4618.886
2025-09-28T04:30:00+00:00,103.65,103.98,103.65,103.95,5131.143
2025-09-28T04:45:00+00:00,103.95,103.96,103.84,103.96,3529.094
2025-09-28T05:00:00+00:00,103.96,104.13,103.61,103.72,16234.031
2025-09-28T05:15:00+00:00,103.72,104.14,103.72,104.14,6134.431
2025-09-28T05:30:00+00:00,104.14,104.18,103.91,103.98,6393.970
2025-09-28T05:45:00+00:00,103.98,104.01,103.88,103.94,2393.859
2025-09-28T06:00:00+00:00,103.94,104.06,103.90,103.96,4537.943
2025-09-28T06:15:00+00:00,103.96,104.01,103.77,103.78,5212.657
2025-09-28T06:30:00+00:00,103.77,104.04,103.66,103.92,8265.425
2025-09-28T06:45:00+00:00,103.92,103.93,103.69,103.84,6455.605
2025-09-28T07:00:00+00:00,103.84,103.97,103.68,103.75,5338.861
2025-09-28T07:15:00+00:00,103.74,104.10,103.73,104.03,7315.039
2025-09-28T07:30:00+00:00,104.02,104.20,103.98,104.19,11890.451
2025-09-28T07:45:00+00:00,104.19,104.20,104.02,104.06,6809.794
2025-09-28T08:00:00+00:00,104.05,104.13,103.87,103.88,5780.410
2025-09-28T08:15:00+00:00,103.88,103.89,103.57,103.67,17510.605
2025-09-28T08:30:00+00:00,103.67,103.71,103.50,103.58,9612.256
2025-09-28T08:45:00+00:00,103.58,103.88,103.56,103.61,8105.957
2025-09-28T09:00:00+00:00,103.60,103.69,103.45,103.49,14378.962
2025-09-28T09:15:00+00:00,103.49,103.50,103.30,103.40,10489.913
2025-09-28T09:30:00+00:00,103.40,103.67,103.40,103.66,6507.695
2025-09-28T09:45:00+00:00,103.66,103.66,103.45,103.45,5992.620
2025-09-28T10:00:00+00:00,103.44,103.45,103.12,103.28,16697.877
2025-09-28T10:15:00+00:00,103.27,103.48,103.26,103.30,8330.667
2025-09-28T10:30:00+00:00,103.30,103.57,103.29,103.53,5449.449
2025-09-28T10:45:00+00:00,103.53,103.59,103.46,103.57,3489.103
2025-09-28T11:00:00+00:00,103.57,103.62,103.33,103.37,7409.411
2025-09-28T11:15:00+00:00,103.37,103.48,103.09,103.17,9104.375
2025-09-28T11:30:00+00:00,103.17,103.32,103.08,103.17,18302.613
2025-09-28T11:45:00+00:00,103.17,103.34,103.08,103.30,6968.353
2025-09-28T12:00:00+00:00,103.30,103.33,103.01,103.17,8311.281
2025-09-28T12:15:00+00:00,103.18,103.26,103.04,103.11,11168.924
2025-09-28T12:30:00+00:00,103.12,103.13,102.71,102.80,23501.640
2025-09-28T12:45:00+00:00,102.81,103.24,102.78,103.13,11558.963
2025-09-28T13:00:00+00:00,103.14,103.48,103.05,103.38,9647.925
2025-09-28T13:15:00+00:00,103.39,103.75,103.35,103.67,13253.676
2025-09-28T13:30:00+00:00,103.68,104.01,103.63,103.93,12448.434
2025-09-28T13:45:00+00:00,103.93,104.14,103.74,103.98,12731.221
2025-09-28T14:00:00+00:00,103.98,104.05,103.88,103.99,9353.865
2025-09-28T14:15:00+00:00,103.99,104.42,103.95,104.38,12324.261
2025-09-28T14:30:00+00:00,104.38,104.39,104.18,104.25,13774.005
2025-09-28T14:45:00+00:00,104.25,104.30,104.10,104.16,7371.262
2025-09-28T15:00:00+00:00,104.16,104.35,104.14,104.28,12170.343
2025-09-28T15:15:00+00:00,104.28,104.46,104.24,104.43,7246.820
2025-09-28T15:30:00+00:00,104.43,104.49,104.30,104.37,7202.556
2025-09-28T15:45:00+00:00,104.37,104.51,104.29,104.51,6028.101
2025-09-28T16:00:00+00:00,104.51,104.89,104.49,104.60,27572.744
2025-09-28T16:15:00+00:00,104.60,104.61,104.39,104.47,10344.599
2025-09-28T16:30:00+00:00,104.46,104.60,104.32,104.60,11487.175
2025-09-28T16:45:00+00:00,104.59,104.81,104.59,104.81,12200.175
2025-09-28T17:00:00+00:00,104.80,105.20,104.77,105.13,24931.555
2025-09-28T17:15:00+00:00,105.14,105.18,104.84,104.96,15628.094
2025-09-28T17:30:00+00:00,104.96,105.20,104.92,105.08,8741.026
2025-09-28T17:45:00+00:00,105.08,105.21,104.95,105.06,10336.626
2025-09-28T18:00:00+00:00,105.06,105.10,104.92,104.98,10374.057
2025-09-28T18:15:00+00:00,104.98,105.03,104.88,104.89,9444.309
2025-09-28T18:30:00+00:00,104.89,105.12,104.88,105.12,6455.188
2025-09-28T18:45:00+00:00,105.12,105.35,105.06,105.35,12058.619
2025-09-28T19:00:00+00:00,105.36,105.41,105.13,105.19,16914.487
2025-09-28T19:15:00+00:00,105.19,105.42,105.12,105.36,11900.327
2025-09-28T19:30:00+00:00,105.36,105.46,105.33,105.46,8017.712
2025-09-28T19:45:00+00:00,105.46,105.58,105.37,105.58,8136.999
2025-09-28T20:00:00+00:00,105.58,105.90,105.57,105.86,22778.416
2025-09-28T20:15:00+00:00,105.85,105.96,105.79,105.88,14750.218
2025-09-28T20:30:00+00:00,105.88,106.03,105.86,105.93,25802.522
2025-09-28T20:45:00+00:00,105.93,105.96,105.74,105.81,16686.451
2025-09-28T21:00:00+00:00,105.81,106.33,105.79,106.19,24508.415
2025-09-28T21:15:00+00:00,106.20,106.30,106.05,106.17,12956.731
2025-09-28T21:30:00+00:00,106.17,106.17,105.93,106.01,11779.741
2025-09-28T21:45:00+00:00,106.00,106.04,105.88,106.04,8871.143
2025-09-28T22:00:00+00:00,106.04,106.78,106.04,106.62,41800.188
2025-09-28T22:15:00+00:00,106.63,106.97,106.63,106.89,21926.297
2025-09-28T22:30:00+00:00,106.90,107.00,106.71,106.85,17113.225
2025-09-28T22:45:00+00:00,106.85,106.99,106.70,106.90,18407.415
2025-09-28T23:00:00+00:00,106.90,107.08,106.81,106.91,21222.135
2025-09-28T23:15:00+00:00,106.91,106.92,106.70,106.87,11893.652
2025-09-28T23:30:00+00:00,106.87,106.93,106.67,106.81,8503.061
2025-09-28T23:45:00+00:00,106.80,106.87,106.71,106.82,13970.546
2025-09-29T00:00:00+00:00,106.82,106.84,106.45,106.52,28208.201
2025-09-29T00:15:00+00:00,106.51,106.81,106.42,106.72,16745.322
2025-09-29T00:30:00+00:00,106.72,106.96,106.69,106.82,24977.499
2025-09-29T00:45:00+00:00,106.82,106.97,106.78,106.84,13024.592
2025-09-29T01:00:00+00:00,106.84,106.86,106.65,106.78,10865.949
2025-09-29T01:15:00+00:00,106.78,106.86,106.53,106.58,6706.807
2025-09-29T01:30:00+00:00,106.58,106.82,106.57,106.74,19087.657
2025-09-29T01:45:00+00:00,106.73,106.73,106.57,106.60,10757.619
2025-09-29T02:00:00+00:00,106.60,106.91,106.48,106.83,14814.991
2025-09-29T02:15:00+00:00,106.82,107.21,106.72,107.09,13555.099
2025-09-29T02:30:00+00:00,107.09,107.13,106.70,106.74,13532.642
2025-09-29T02:45:00+00:00,106.74,106.76,106.65,106.74,7171.721
2025-09-29T03:00:00+00:00,106.74,106.74,106.41,106.43,10408.297
2025-09-29T03:15:00+00:00,106.42,106.70,106.42,106.67,8949.978
2025-09-29T03:30:00+00:00,106.68,106.72,106.50,106.51,5403.241
2025-09-29T03:45:00+00:00,106.50,106.55,106.44,106.53,4591.027
2025-09-29T04:00:00+00:00,106.53,106.55,106.35,106.40,10506.447
2025-09-29T04:15:00+00:00,106.40,106.40,106.20,106.24,9155.327
2025-09-29T04:30:00+00:00,106.24,106.41,106.20,106.36,8230.162
2025-09-29T04:45:00+00:00,106.36,106.38,106.20,106.21,3888.584
2025-09-29T05:00:00+00:00,106.21,106.24,105.81,105.97,24590.974
2025-09-29T05:15:00+00:00,105.96,105.97,105.76,105.92,11455.389
2025-09-29T05:30:00+00:00,105.92,106.07,105.85,106.04,7773.866
2025-09-29T05:45:00+00:00,106.04,106.16,106.03,106.13,5561.339
2025-09-29T06:00:00+00:00,106.13,106.14,105.78,105.83,10141.707
2025-09-29T06:15:00+00:00,105.83,106.05,105.77,105.93,8808.630
2025-09-29T06:30:00+00:00,105.92,105.99,105.86,105.94,6363.424
2025-09-29T06:45:00+00:00,105.94,106.00,105.65,105.66,9169.134
2025-09-29T07:00:00+00:00,105.66,105.80,105.65,105.67,6984.638
2025-09-29T07:15:00+00:00,105.67,105.80,105.52,105.78,7428.456
2025-09-29T07:30:00+00:00,105.78,106.18,105.78,106.04,8718.438
2025-09-29T07:45:00+00:00,106.03,106.11,105.93,105.99,5911.955
2025-09-29T08:00:00+00:00,105.99,106.13,105.81,105.82,14886.772
2025-09-29T08:15:00+00:00,105.82,106.18,105.75,106.18,8720.143
2025-09-29T08:30:00+00:00,106.18,106.30,106.11,106.27,11737.522
2025-09-29T08:45:00+00:00,106.27,106.42,106.22,106.24,14496.003
2025-09-29T09:00:00+00:00,106.25,106.40,106.22,106.22,7970.015
2025-09-29T09:15:00+00:00,106.22,106.45,106.14,106.40,10424.074
2025-09-29T09:30:00+00:00,106.39,106.39,105.82,105.82,10694.662
2025-09-29T09:45:00+00:00,105.81,105.93,105.64,105.92,16317.562
2025-09-29T10:00:00+00:00,105.92,106.01,105.78,105.99,6396.207
2025-09-29T10:15:00+00:00,105.99,106.09,105.92,106.02,5621.007
2025-09-29T10:30:00+00:00,106.02,106.07,105.68,105.78,12962.815
2025-09-29T10:45:00+00:00,105.77,105.88,105.65,105.69,8741.048
2025-09-29T11:00:00+00:00,105.69,105.69,105.37,105.48,21716.693
2025-09-29T11:15:00+00:00,105.47,105.92,105.44,105.91,10113.251
2025-09-29T11:30:00+00:00,105.92,106.06,105.75,105.84,21632.875
2025-09-29T11:45:00+00:00,105.84,105.88,105.66,105.67,14418.316
2025-09-29T12:00:00+00:00,105.67,105.69,105.53,105.58,8426.145
2025-09-29T12:15:00+00:00,105.58,105.90,105.54,105.86,19889.802
2025-09-29T12:30:00+00:00,105.87,106.02,105.22,105.52,32627.782
2025-09-29T12:45:00+00:00,105.52,105.73,105.39,105.48,12867.449
2025-09-29T13:00:00+00:00,105.48,105.67,105.23,105.65,11682.997
2025-09-29T13:15:00+00:00,105.65,105.89,105.63,105.80,13420.947
2025-09-29T13:30:00+00:00,105.79,106.51,105.71,106.48,23830.029
2025-09-29T13:45:00+00:00,106.48,106.64,106.28,106.47,49431.831
2025-09-29T14:00:00+00:00,106.48,106.98,106.38,106.93,45597.987
2025-09-29T14:15:00+00:00,106.93,107.65,106.70,106.85,124235.334
2025-09-29T14:30:00+00:00,106.84,107.42,106.81,106.91,75252.266
2025-09-29T14:45:00+00:00,106.92,107.21,106.49,106.53,67488.516
2025-09-29T15:00:00+00:00,106.53,106.69,106.18,106.33,42910.090
2025-09-29T15:15:00+00:00,106.32,106.51,106.21,106.29,18828.050
2025-09-29T15:30:00+00:00,106.29,106.52,106.15,106.47,19486.312
2025-09-29T15:45:00+00:00,106.47,106.47,106.19,106.32,14195.748
2025-09-29T16:00:00+00:00,106.32,106.70,106.32,106.61,17463.038
2025-09-29T16:15:00+00:00,106.61,106.73,106.31,106.32,9836.734
2025-09-29T16:30:00+00:00,106.33,106.56,106.12,106.16,11213.409
2025-09-29T16:45:00+00:00,106.16,106.16,105.74,105.82,16332.755
2025-09-29T17:00:00+00:00,105.82,105.94,105.46,105.74,43545.969
2025-09-29T17:15:00+00:00,105.74,105.80,105.40,105.74,18676.944
2025-09-29T17:30:00+00:00,105.74,106.03,105.60,106.00,14467.775
2025-09-29T17:45:00+00:00,105.99,106.18,105.98,106.07,16480.446
2025-09-29T18:00:00+00:00,106.07,106.08,105.73,105.80,8313.316
2025-09-29T18:15:00+00:00,105.80,105.87,105.63,105.78,8421.757
2025-09-29T18:30:00+00:00,105.79,105.87,105.69,105.78,6118.247
2025-09-29T18:45:00+00:00,105.78,105.92,105.72,105.79,5305.242
2025-09-29T19:00:00+00:00,105.80,106.09,105.74,106.05,9870.841
2025-09-29T19:15:00+00:00,106.06,106.09,105.82,106.00,8239.434
2025-09-29T19:30:00+00:00,106.00,106.20,105.85,106.20,7589.710
2025-09-29T19:45:00+00:00,106.20,106.41,106.13,106.31,14084.183
2025-09-29T20:00:00+00:00,106.30,106.57,106.21,106.51,10165.185
2025-09-29T20:15:00+00:00,106.51,106.68,106.49,106.64,12852.857
2025-09-29T20:30:00+00:00,106.65,106.98,106.52,106.98,22225.813
2025-09-29T20:45:00+00:00,106.99,107.13,106.90,107.10,17088.854
2025-09-29T21:00:00+00:00,107.10,107.14,106.84,106.89,12435.188
2025-09-29T21:15:00+00:00,106.89,107.10,106.87,107.05,6369.697
2025-09-29T21:30:00+00:00,107.05,107.06,106.82,106.96,7857.448
2025-09-29T21:45:00+00:00,106.96,107.01,106.85,106.90,3775.295
2025-09-29T22:00:00+00:00,106.91,106.95,106.72,106.86,11528.297
2025-09-29T22:15:00+00:00,106.86,106.93,106.71,106.82,5978.057
2025-09-29T22:30:00+00:00,106.82,106.92,106.74,106.86,8800.110
2025-09-29T22:45:00+00:00,106.87,107.04,106.86,106.94,8800.931
2025-09-29T23:00:00+00:00,106.93,106.98,106.75,106.78,8397.451
2025-09-29T23:15:00+00:00,106.78,106.82,106.60,106.64,9415.161
2025-09-29T23:30:00+00:00,106.63,106.75,106.60,106.69,6382.086
2025-09-29T23:45:00+00:00,106.69,106.81,106.64,106.72,5854.310
2025-09-30T00:00:00+00:00,106.72,106.99,106.62,106.84,20761.314
2025-09-30T00:15:00+00:00,106.84,106.84,106.43,106.57,16107.699
2025-09-30T00:30:00+00:00,106.57,107.05,106.51,106.97,14503.958
2025-09-30T00:45:00+00:00,106.98,107.28,106.49,106.57,26323.541
2025-09-30T01:00:00+00:00,106.58,106.96,106.48,106.93,13533.978
2025-09-30T01:15:00+00:00,106.93,107.07,106.71,106.79,10171.713
2025-09-30T01:30:00+00:00,106.78,106.78,106.37,106.43,12883.355
2025-09-30T01:45:00+00:00,106.42,106.94,106.32,106.89,12543.457
2025-09-30T02:00:00+00:00,106.89,106.92,106.57,106.63,7966.816
2025-09-30T02:15:00+00:00,106.63,106.70,106.52,106.55,5364.085
2025-09-30T02:30:00+00:00,106.56,106.67,106.49,106.52,5320.484
2025-09-30T02:45:00+00:00,106.53,106.66,106.24,106.28,8666.707
2025-09-30T03:00:00+00:00,106.29,106.42,106.15,106.26,10916.891
2025-09-30T03:15:00+00:00,106.26,106.58,106.23,106.49,10244.195
2025-09-30T03:30:00+00:00,106.50,106.63,106.42,106.63,6436.975
2025-09-30T03:45:00+00:00,106.64,106.67,106.28,106.34,7684.267
2025-09-30T04:00:00+00:00,106.35,106.44,106.18,106.20,16207.477
2025-09-30T04:15:00+00:00,106.20,106.34,106.15,106.27,7394.733
2025-09-30T04:30:00+00:00,106.27,106.35,106.20,106.31,6153.054
2025-09-30T04:45:00+00:00,106.32,106.37,106.24,106.31,5415.154
2025-09-30T05:00:00+00:00,106.30,106.40,106.15,106.32,9384.296
2025-09-30T05:15:00+00:00,106.31,106.31,106.09,106.22,7926.300
2025-09-30T05:30:00+00:00,106.23,106.25,106.10,106.12,9635.749
2025-09-30T05:45:00+00:00,106.12,106.41,105.99,106.32,11733.701
2025-09-30T06:00:00+00:00,106.33,106.59,106.23,106.54,7315.390
2025-09-30T06:15:00+00:00,106.54,106.64,106.27,106.40,15233.933
2025-09-30T06:30:00+00:00,106.41,106.63,106.30,106.51,9278.411
2025-09-30T06:45:00+00:00,106.52,106.52,106.11,106.14,5315.361
2025-09-30T07:00:00+00:00,106.15,106.26,105.92,105.96,11304.756
2025-09-30T07:15:00+00:00,105.97,105.97,105.76,105.82,13207.237
2025-09-30T07:30:00+00:00,105.82,105.83,105.49,105.56,25140.640
2025-09-30T07:45:00+00:00,105.55,105.86,105.46,105.79,18237.683
2025-09-30T08:00:00+00:00,105.79,105.82,105.63,105.78,13892.431
2025-09-30T08:15:00+00:00,105.79,105.89,105.75,105.82,8708.685
2025-09-30T08:30:00+00:00,105.82,105.94,105.67,105.85,9259.421
2025-09-30T08:45:00+00:00,105.86,105.86,105.49,105.49,22338.835
2025-09-30T09:00:00+00:00,105.49,105.57,105.10,105.10,38859.282
2025-09-30T09:15:00+00:00,105.10,105.56,105.08,105.53,31509.886
2025-09-30T09:30:00+00:00,105.53,105.67,105.27,105.40,23524.218
2025-09-30T09:45:00+00:00,105.40,105.54,105.32,105.41,15062.133
2025-09-30T10:00:00+00:00,105.41,105.44,105.21,105.33,17630.631
2025-09-30T10:15:00+00:00,105.32,105.48,105.21,105.25,7763.604
2025-09-30T10:30:00+00:00,105.25,105.38,105.19,105.32,9443.878
2025-09-30T10:45:00+00:00,105.32,105.51,105.30,105.35,6823.298
2025-09-30T11:00:00+00:00,105.35,105.44,105.09,105.15,9994.011
2025-09-30T11:15:00+00:00,105.15,105.29,105.05,105.24,6887.302
2025-09-30T11:30:00+00:00,105.24,105.55,105.21,105.51,14065.332
2025-09-30T11:45:00+00:00,105.52,105.56,105.37,105.37,9523.820
2025-09-30T12:00:00+00:00,105.38,105.45,105.24,105.24,8383.947
2025-09-30T12:15:00+00:00,105.24,105.38,105.20,105.28,7798.847
2025-09-30T12:30:00+00:00,105.28,105.39,105.16,105.21,6952.253
2025-09-30T12:45:00+00:00,105.21,105.27,105.08,105.11,8764.376
2025-09-30T13:00:00+00:00,105.12,105.30,105.05,105.27,13626.946
2025-09-30T13:15:00+00:00,105.28,105.60,105.24,105.56,9655.038
2025-09-30T13:30:00+00:00,105.56,105.69,105.24,105.66,21527.896
2025-09-30T13:45:00+00:00,105.65,105.82,104.94,105.09,29947.591
2025-09-30T14:00:00+00:00,105.09,105.18,104.66,105.08,25404.276
2025-09-30T14:15:00+00:00,105.08,105.27,104.71,104.84,15676.154
2025-09-30T14:30:00+00:00,104.84,104.95,104.66,104.79,17618.274
2025-09-30T14:45:00+00:00,104.79,105.15,104.71,105.10,16298.479
2025-09-30T15:00:00+00:00,105.10,105.12,104.19,104.36,50203.327
2025-09-30T15:15:00+00:00,104.36,104.42,103.78,104.00,42745.585
2025-09-30T15:30:00+00:00,103.99,104.33,103.97,104.21,17206.867
2025-09-30T15:45:00+00:00,104.22,104.47,104.07,104.46,10461.879
2025-09-30T16:00:00+00:00,104.45,104.47,104.19,104.24,15345.379
2025-09-30T16:15:00+00:00,104.25,104.66,104.15,104.58,10832.918
2025-09-30T16:30:00+00:00,104.59,104.62,104.17,104.27,11503.491
2025-09-30T16:45:00+00:00,104.28,104.58,104.24,104.45,7308.228
2025-09-30T17:00:00+00:00,104.45,104.63,104.39,104.49,13093.121
2025-09-30T17:15:00+00:00,104.49,104.63,104.44,104.55,8761.054
2025-09-30T17:30:00+00:00,104.55,104.76,104.42,104.45,21718.295
2025-09-30T17:45:00+00:00,104.45,104.49,104.26,104.41,15146.854
2025-09-30T18:00:00+00:00,104.42,104.76,104.25,104.72,15283.343
2025-09-30T18:15:00+00:00,104.72,104.89,104.67,104.83,12871.638
2025-09-30T18:30:00+00:00,104.83,105.03,104.75,104.97,10758.582
2025-09-30T18:45:00+00:00,104.98,105.25,104.96,105.20,15881.457
2025-09-30T19:00:00+00:00,105.20,105.43,105.14,105.26,11629.987
2025-09-30T19:15:00+00:00,105.27,105.69,105.17,105.67,11803.087
2025-09-30T19:30:00+00:00,105.68,106.21,105.67,106.10,35673.456
2025-09-30T19:45:00+00:00,106.09,106.81,106.06,106.79,32939.506
2025-09-30T20:00:00+00:00,106.79,106.97,106.52,106.60,29344.843
2025-09-30T20:15:00+00:00,106.61,107.16,106.60,107.10,32772.209
2025-09-30T20:30:00+00:00,107.10,107.55,107.03,107.34,40939.195
2025-09-30T20:45:00+00:00,107.34,107.56,107.33,107.37,22727.542
2025-09-30T21:00:00+00:00,107.38,107.50,107.13,107.17,20095.973
2025-09-30T21:15:00+00:00,107.17,107.48,107.14,107.14,16867.993
2025-09-30T21:30:00+00:00,107.14,107.14,106.83,107.01,19089.711
2025-09-30T21:45:00+00:00,107.01,107.03,106.57,106.57,11837.534
2025-09-30T22:00:00+00:00,106.57,107.06,106.57,106.93,16348.936
2025-09-30T22:15:00+00:00,106.94,107.18,106.84,106.87,12307.145
2025-09-30T22:30:00+00:00,106.87,106.92,106.60,106.68,11194.912
2025-09-30T22:45:00+00:00,106.68,106.70,106.26,106.36,14707.484
2025-09-30T23:00:00+00:00,106.37,106.48,106.16,106.47,17774.730
2025-09-30T23:15:00+00:00,106.48,106.76,106.40,106.73,7498.571
2025-09-30T23:30:00+00:00,106.74,107.06,106.71,106.92,14221.126
2025-09-30T23:45:00+00:00,106.93,106.93,106.79,106.83,6090.510
2025-10-01T00:00:00+00:00,106.83,107.01,106.76,106.81,16657.728
2025-10-01T00:15:00+00:00,106.81,106.81,106.41,106.42,6821.259
2025-10-01T00:30:00+00:00,106.42,106.53,106.20,106.22,8046.087
2025-10-01T00:45:00+00:00,106.22,106.46,106.07,106.45,13079.569
2025-10-01T01:00:00+00:00,106.46,106.67,106.36,106.52,8490.572
2025-10-01T01:15:00+00:00,106.52,106.63,106.22,106.59,9331.806
2025-10-01T01:30:00+00:00,106.60,106.78,106.41,106.69,9008.394
2025-10-01T01:45:00+00:00,106.69,107.02,106.69,107.00,7991.342
2025-10-01T02:00:00+00:00,107.00,107.07,106.53,106.57,12567.738
2025-10-01T02:15:00+00:00,106.58,106.70,106.54,106.62,3982.324
2025-10-01T02:30:00+00:00,106.63,106.63,106.26,106.26,10325.004
2025-10-01T02:45:00+00:00,106.26,106.27,105.93,106.12,16426.335
2025-10-01T03:00:00+00:00,106.12,106.35,106.01,106.24,9986.773
2025-10-01T03:15:00+00:00,106.25,106.28,106.04,106.12,7383.751
2025-10-01T03:30:00+00:00,106.13,106.19,105.89,105.92,8657.233
2025-10-01T03:45:00+00:00,105.92,105.92,105.71,105.75,15299.823
2025-10-01T04:00:00+00:00,105.75,106.31,105.65,106.09,12067.442
2025-10-01T04:15:00+00:00,106.09,106.34,106.09,106.31,7200.189
2025-10-01T04:30:00+00:00,106.32,106.44,106.14,106.33,10613.677
2025-10-01T04:45:00+00:00,106.33,106.37,106.08,106.14,6637.730
2025-10-01T05:00:00+00:00,106.14,106.56,106.14,106.38,9025.401
2025-10-01T05:15:00+00:00,106.37,106.54,106.32,106.42,4219.821
2025-10-01T05:30:00+00:00,106.41,106.64,106.33,106.56,6831.813
2025-10-01T05:45:00+00:00,106.57,106.60,106.34,106.37,7779.681
2025-10-01T06:00:00+00:00,106.39,106.48,106.24,106.29,8839.310
2025-10-01T06:15:00+00:00,106.30,106.40,106.01,106.26,16502.340
2025-10-01T06:30:00+00:00,106.26,106.27,105.89,105.97,29935.875
2025-10-01T06:45:00+00:00,105.98,105.98,105.29,105.46,41955.472
2025-10-01T07:00:00+00:00,105.45,105.59,105.39,105.54,15850.841
2025-10-01T07:15:00+00:00,105.53,105.72,105.47,105.69,10555.805
2025-10-01T07:30:00+00:00,105.69,105.94,105.63,105.84,8680.845
2025-10-01T07:45:00+00:00,105.83,105.98,105.70,105.90,18747.541
2025-10-01T08:00:00+00:00,105.90,106.15,105.81,105.87,24192.071
2025-10-01T08:15:00+00:00,105.88,106.45,105.77,106.45,19641.279
2025-10-01T08:30:00+00:00,106.46,108.19,106.45,108.15,174095.028
2025-10-01T08:45:00+00:00,108.14,109.06,108.10,109.05,198091.272
2025-10-01T09:00:00+00:00,109.05,109.35,108.74,109.30,80331.447
2025-10-01T09:15:00+00:00,109.30,109.53,108.79,109.50,85837.581
2025-10-01T09:30:00+00:00,109.50,110.55,109.35,110.05,107190.617
2025-10-01T09:45:00+00:00,110.05,110.73,109.90,110.47,66754.911
2025-10-01T10:00:00+00:00,110.47,110.56,109.69,109.70,42113.064
2025-10-01T10:15:00+00:00,109.70,110.06,109.52,109.63,40636.994
2025-10-01T10:30:00+00:00,109.63,109.79,109.45,109.58,32626.809
2025-10-01T10:45:00+00:00,109.59,109.64,109.27,109.41,18033.404
2025-10-01T11:00:00+00:00,109.42,110.38,109.39,110.29,59094.604
2025-10-01T11:15:00+00:00,110.30,110.77,110.21,110.50,31480.016
2025-10-01T11:30:00+00:00,110.51,110.59,110.11,110.29,63673.146
2025-10-01T11:45:00+00:00,110.28,110.40,110.01,110.32,31043.041
2025-10-01T12:00:00+00:00,110.32,110.46,109.92,110.10,22799.953
2025-10-01T12:15:00+00:00,110.11,110.74,110.03,110.56,28897.692
2025-10-01T12:30:00+00:00,110.57,110.84,110.42,110.66,23991.448
2025-10-01T12:45:00+00:00,110.65,110.81,110.27,110.76,26771.985
2025-10-01T13:00:00+00:00,110.77,111.05,110.46,110.85,44816.189
2025-10-01T13:15:00+00:00,110.84,111.13,110.66,111.01,27713.170
2025-10-01T13:30:00+00:00,111.02,111.22,110.68,110.83,31728.298
2025-10-01T13:45:00+00:00,110.83,110.98,110.42,110.83,38497.331
2025-10-01T14:00:00+00:00,110.83,111.32,110.64,111.26,58198.384
2025-10-01T14:15:00+00:00,111.26,111.55,110.84,111.52,39753.389
2025-10-01T14:30:00+00:00,111.53,111.55,111.06,111.26,31497.967
2025-10-01T14:45:00+00:00,111.27,111.38,110.82,111.07,33679.770
2025-10-01T15:00:00+00:00,111.07,111.34,110.83,111.22,24270.812
2025-10-01T15:15:00+00:00,111.22,111.70,111.19,111.38,24170.775
2025-10-01T15:30:00+00:00,111.37,111.68,111.11,111.54,54545.731
2025-10-01T15:45:00+00:00,111.54,111.58,111.13,111.27,21879.938
2025-10-01T16:00:00+00:00,111.28,111.69,111.07,111.56,19926.826
2025-10-01T16:15:00+00:00,111.55,111.69,111.40,111.62,19276.864
2025-10-01T16:30:00+00:00,111.62,111.85,111.42,111.68,26450.927
2025-10-01T16:45:00+00:00,111.68,111.82,111.31,111.62,55135.174
2025-10-01T17:00:00+00:00,111.62,111.69,110.97,111.01,28015.157
2025-10-01T17:15:00+00:00,111.00,111.09,110.71,110.84,51859.558
2025-10-01T17:30:00+00:00,110.84,110.93,110.70,110.81,16912.739
2025-10-01T17:45:00+00:00,110.80,110.87,110.44,110.58,24743.533
2025-10-01T18:00:00+00:00,110.58,111.27,110.58,111.09,21913.901
2025-10-01T18:15:00+00:00,111.09,111.27,110.89,111.22,17262.891
2025-10-01T18:30:00+00:00,111.22,111.37,111.14,111.22,11256.056
2025-10-01T18:45:00+00:00,111.22,111.40,111.22,111.26,6615.088
2025-10-01T19:00:00+00:00,111.26,111.63,111.12,111.62,19747.467
2025-10-01T19:15:00+00:00,111.62,112.00,111.62,111.90,37674.684
2025-10-01T19:30:00+00:00,111.90,112.20,111.74,112.10,21000.739
2025-10-01T19:45:00+00:00,112.09,112.61,111.88,112.09,42166.635
2025-10-01T20:00:00+00:00,112.09,112.13,111.79,111.83,14702.054
2025-10-01T20:15:00+00:00,111.84,112.01,111.64,111.81,14143.029
2025-10-01T20:30:00+00:00,111.82,112.00,111.76,111.96,6898.690
2025-10-01T20:45:00+00:00,111.95,112.01,111.78,112.00,6189.015
2025-10-01T21:00:00+00:00,111.99,112.01,111.62,111.74,10728.533
2025-10-01T21:15:00+00:00,111.73,112.15,111.56,111.94,32588.645
2025-10-01T21:30:00+00:00,111.94,112.13,111.72,111.97,24378.063
2025-10-01T21:45:00+00:00,111.97,112.36,111.91,112.34,8156.391
2025-10-01T22:00:00+00:00,112.35,112.55,112.27,112.28,19074.242
2025-10-01T22:15:00+00:00,112.29,112.70,112.23,112.66,13315.175
2025-10-01T22:30:00+00:00,112.67,112.88,112.43,112.85,27428.489
2025-10-01T22:45:00+00:00,112.85,115.00,112.85,114.80,198754.166
2025-10-01T23:00:00+00:00,114.80,114.90,113.93,114.89,79825.699
2025-10-01T23:15:00+00:00,114.89,115.03,114.43,114.67,44554.578
2025-10-01T23:30:00+00:00,114.67,115.01,114.46,114.99,36454.706
2025-10-01T23:45:00+00:00,115.00,115.31,114.77,115.06,42970.576
2025-10-02T00:00:00+00:00,115.06,116.69,115.06,116.63,102895.299
2025-10-02T00:15:00+00:00,116.63,117.98,116.17,117.59,148823.307
2025-10-02T00:30:00+00:00,117.58,118.12,117.26,117.81,112727.200
2025-10-02T00:45:00+00:00,117.80,118.37,117.51,117.97,110188.808
2025-10-02T01:00:00+00:00,117.97,118.60,117.70,118.28,111257.240
2025-10-02T01:15:00+00:00,118.28,119.81,118.22,119.50,111467.952
2025-10-02T01:30:00+00:00,119.51,120.03,119.31,119.64,110598.019
2025-10-02T01:45:00+00:00,119.64,121.45,119.62,121.29,137569.692
2025-10-02T02:00:00+00:00,121.29,121.48,119.60,119.80,111876.399
2025-10-02T02:15:00+00:00,119.79,121.21,119.72,120.85,103352.856
2025-10-02T02:30:00+00:00,120.86,121.14,120.39,120.78,56202.395
2025-10-02T02:45:00+00:00,120.77,121.23,117.78,118.32,315678.882
2025-10-02T03:00:00+00:00,118.32,118.70,117.90,118.47,96311.221
2025-10-02T03:15:00+00:00,118.47,119.10,118.27,118.96,49291.963
2025-10-02T03:30:00+00:00,118.96,118.97,117.66,117.91,75244.646
2025-10-02T03:45:00+00:00,117.91,118.64,117.81,118.40,50702.339
2025-10-02T04:00:00+00:00,118.41,118.57,118.01,118.13,29464.257
2025-10-02T04:15:00+00:00,118.12,118.25,117.54,117.87,45230.076
2025-10-02T04:30:00+00:00,117.87,117.93,117.38,117.79,41968.957
2025-10-02T04:45:00+00:00,117.79,118.13,117.56,117.84,30835.324
2025-10-02T05:00:00+00:00,117.84,118.15,117.66,117.89,27166.690
2025-10-02T05:15:00+00:00,117.90,118.63,117.87,118.40,23628.349
2025-10-02T05:30:00+00:00,118.41,118.45,117.90,118.01,19594.090
2025-10-02T05:45:00+00:00,118.01,118.08,117.70,117.84,21750.034
2025-10-02T06:00:00+00:00,117.83,118.29,117.83,118.22,14536.422
2025-10-02T06:15:00+00:00,118.23,118.43,118.22,118.33,17253.626
2025-10-02T06:30:00+00:00,118.32,118.44,117.92,118.04,29347.715
2025-10-02T06:45:00+00:00,118.03,118.11,117.90,117.91,9841.654
2025-10-02T07:00:00+00:00,117.92,119.49,117.88,119.43,102645.746
2025-10-02T07:15:00+00:00,119.43,120.11,118.82,118.86,115630.627
2025-10-02T07:30:00+00:00,118.85,118.99,118.55,118.98,26214.763
2025-10-02T07:45:00+00:00,118.97,119.40,118.94,119.33,32773.454
2025-10-02T08:00:00+00:00,119.34,119.93,118.73,118.74,56133.527
2025-10-02T08:15:00+00:00,118.75,119.32,118.72,118.98,34037.867
2025-10-02T08:30:00+00:00,118.98,119.39,118.77,118.86,38874.282
2025-10-02T08:45:00+00:00,118.87,119.26,118.74,119.10,22831.069
2025-10-02T09:00:00+00:00,119.10,119.40,118.93,119.28,22766.389
2025-10-02T09:15:00+00:00,119.29,119.39,119.06,119.36,10926.647
2025-10-02T09:30:00+00:00,119.37,119.39,118.79,118.94,16974.537
2025-10-02T09:45:00+00:00,118.94,120.12,118.94,120.11,75961.863
2025-10-02T10:00:00+00:00,120.11,120.89,119.93,120.69,56864.155
2025-10-02T10:15:00+00:00,120.69,120.99,120.13,120.40,40711.445
2025-10-02T10:30:00+00:00,120.41,122.49,120.36,122.42,146732.679
2025-10-02T10:45:00+00:00,122.41,122.52,121.40,122.07,91004.869
2025-10-02T11:00:00+00:00,122.08,122.58,121.77,121.85,72301.482
2025-10-02T11:15:00+00:00,121.85,122.28,121.71,122.09,40968.241
2025-10-02T11:30:00+00:00,122.09,122.65,121.27,121.40,67360.654
2025-10-02T11:45:00+00:00,121.40,121.71,119.63,119.82,177455.208
2025-10-02T12:00:00+00:00,119.82,120.20,119.28,120.12,81315.546
2025-10-02T12:15:00+00:00,120.13,120.19,119.84,120.06,28423.635
2025-10-02T12:30:00+00:00,120.05,120.15,119.69,119.81,25795.137
2025-10-02T12:45:00+00:00,119.81,120.03,119.71,119.77,24561.992
2025-10-02T13:00:00+00:00,119.78,119.83,119.06,119.29,60055.257
2025-10-02T13:15:00+00:00,119.29,119.66,118.70,119.43,53170.523
2025-10-02T13:30:00+00:00,119.43,119.45,117.94,118.50,139941.121
2025-10-02T13:45:00+00:00,118.49,118.86,118.19,118.61,50933.072
2025-10-02T14:00:00+00:00,118.61,119.10,118.56,118.83,57727.279
2025-10-02T14:15:00+00:00,118.85,118.99,118.51,118.70,26736.518
2025-10-02T14:30:00+00:00,118.69,118.86,117.62,118.19,85124.195
2025-10-02T14:45:00+00:00,118.20,118.47,117.03,117.66,124135.169
2025-10-02T15:00:00+00:00,117.65,118.54,117.38,118.44,81546.924
2025-10-02T15:15:00+00:00,118.44,118.50,117.82,117.95,48416.534
2025-10-02T15:30:00+00:00,117.95,118.25,117.52,117.96,28714.276
2025-10-02T15:45:00+00:00,117.97,119.16,117.96,118.75,92821.438
2025-10-02T16:00:00+00:00,118.75,119.61,118.64,119.03,80155.075
2025-10-02T16:15:00+00:00,119.03,119.43,118.88,119.30,33373.484
2025-10-02T16:30:00+00:00,119.31,119.65,117.73,118.49,97929.401
2025-10-02T16:45:00+00:00,118.50,119.29,118.48,119.13,43961.016
2025-10-02T17:00:00+00:00,119.12,119.24,118.58,118.87,20604.180
2025-10-02T17:15:00+00:00,118.87,118.88,118.45,118.67,19390.925
2025-10-02T17:30:00+00:00,118.67,119.22,118.55,119.02,30825.503
2025-10-02T17:45:00+00:00,119.03,119.32,118.92,119.13,20073.348
2025-10-02T18:00:00+00:00,119.13,119.40,119.07,119.29,23152.061
2025-10-02T18:15:00+00:00,119.29,119.44,119.04,119.39,27356.093
2025-10-02T18:30:00+00:00,119.39,119.60,119.22,119.32,30568.648
2025-10-02T18:45:00+00:00,119.32,119.82,119.14,119.18,78434.714
2025-10-02T19:00:00+00:00,119.19,119.64,118.94,119.51,31306.287
2025-10-02T19:15:00+00:00,119.51,119.54,119.05,119.14,27367.415
2025-10-02T19:30:00+00:00,119.14,119.57,119.09,119.51,13670.406
2025-10-02T19:45:00+00:00,119.52,119.82,119.36,119.39,30749.522
2025-10-02T20:00:00+00:00,119.40,119.66,119.24,119.47,15600.374
2025-10-02T20:15:00+00:00,119.48,119.84,119.35,119.71,14458.901
2025-10-02T20:30:00+00:00,119.71,119.71,119.41,119.65,17159.581
2025-10-02T20:45:00+00:00,119.65,119.96,119.50,119.84,18579.277
2025-10-02T21:00:00+00:00,119.84,120.13,119.57,120.00,22653.793
2025-10-02T21:15:00+00:00,120.00,120.08,119.76,119.95,16965.713
2025-10-02T21:30:00+00:00,119.96,119.99,119.40,119.45,18687.673
2025-10-02T21:45:00+00:00,119.46,119.99,119.41,119.84,26961.885
2025-10-02T22:00:00+00:00,119.84,119.92,119.02,119.17,23334.119
2025-10-02T22:15:00+00:00,119.18,119.28,118.96,119.24,26857.038
2025-10-02T22:30:00+00:00,119.25,119.42,119.07,119.28,12517.769
2025-10-02T22:45:00+00:00,119.29,119.33,118.91,118.99,15946.045
2025-10-02T23:00:00+00:00,119.00,119.35,118.96,119.25,13580.601
2025-10-02T23:15:00+00:00,119.26,119.41,119.16,119.30,12015.276
2025-10-02T23:30:00+00:00,119.30,119.40,119.11,119.16,13486.982
2025-10-02T23:45:00+00:00,119.16,119.64,119.08,119.50,11911.038
2025-10-03T00:00:00+00:00,119.50,119.50,118.58,118.84,32417.833
2025-10-03T00:15:00+00:00,118.85,119.16,118.49,118.80,32723.681
2025-10-03T00:30:00+00:00,118.80,118.81,118.32,118.42,23577.309
2025-10-03T00:45:00+00:00,118.42,118.50,117.81,118.17,71141.395
2025-10-03T01:00:00+00:00,118.17,118.29,118.00,118.04,27034.482
2025-10-03T01:15:00+00:00,118.05,118.32,117.78,117.93,22266.513
2025-10-03T01:30:00+00:00,117.94,118.43,117.87,118.07,19107.692
2025-10-03T01:45:00+00:00,118.07,118.13,117.62,117.76,28792.160
2025-10-03T02:00:00+00:00,117.76,117.88,117.46,117.86,28139.245
2025-10-03T02:15:00+00:00,117.86,117.99,117.44,117.46,15804.372
2025-10-03T02:30:00+00:00,117.46,117.95,117.18,117.77,30708.726
2025-10-03T02:45:00+00:00,117.77,117.77,117.42,117.51,17086.880
2025-10-03T03:00:00+00:00,117.51,118.16,117.42,118.01,27003.781
2025-10-03T03:15:00+00:00,118.00,118.25,117.41,117.55,24104.281
2025-10-03T03:30:00+00:00,117.55,117.86,117.49,117.70,20176.380
2025-10-03T03:45:00+00:00,117.70,117.89,117.13,117.36,33275.033
2025-10-03T04:00:00+00:00,117.35,117.84,117.21,117.71,15733.849
2025-10-03T04:15:00+00:00,117.71,118.50,117.60,117.98,31268.903
2025-10-03T04:30:00+00:00,117.99,118.01,117.78,117.90,20050.811
2025-10-03T04:45:00+00:00,117.90,117.93,117.61,117.78,14982.133
2025-10-03T05:00:00+00:00,117.77,117.85,117.56,117.75,9509.593
2025-10-03T05:15:00+00:00,117.75,117.82,117.58,117.61,11285.821
2025-10-03T05:30:00+00:00,117.61,117.68,117.27,117.33,9850.219
2025-10-03T05:45:00+00:00,117.33,117.67,117.00,117.23,51917.945
2025-10-03T06:00:00+00:00,117.23,117.37,116.53,117.07,105877.718
2025-10-03T06:15:00+00:00,117.07,117.12,116.75,117.03,25315.006
2025-10-03T06:30:00+00:00,117.03,117.22,116.95,117.10,15685.500
2025-10-03T06:45:00+00:00,117.09,117.09,116.31,116.77,32547.839
2025-10-03T07:00:00+00:00,116.78,116.94,116.08,116.23,66324.574
2025-10-03T07:15:00+00:00,116.22,116.60,116.19,116.21,27676.206
2025-10-03T07:30:00+00:00,116.21,116.48,116.03,116.05,22807.857
2025-10-03T07:45:00+00:00,116.04,116.48,115.90,116.40,43399.231
2025-10-03T08:00:00+00:00,116.40,116.41,116.06,116.13,18101.480
2025-10-03T08:15:00+00:00,116.12,116.30,115.73,116.27,35504.960
2025-10-03T08:30:00+00:00,116.28,116.67,116.14,116.67,20887.351
2025-10-03T08:45:00+00:00,116.67,116.93,116.66,116.77,24980.811
2025-10-03T09:00:00+00:00,116.78,117.05,116.65,116.72,25889.400
2025-10-03T09:15:00+00:00,116.73,117.16,116.68,117.08,24068.775
2025-10-03T09:30:00+00:00,117.07,117.12,116.71,117.02,25426.020
2025-10-03T09:45:00+00:00,117.03,117.27,117.02,117.11,13476.168
2025-10-03T10:00:00+00:00,117.12,117.23,117.03,117.11,21051.179
2025-10-03T10:15:00+00:00,117.12,117.54,117.10,117.40,22257.094
2025-10-03T10:30:00+00:00,117.41,117.49,117.07,117.33,23573.474
2025-10-03T10:45:00+00:00,117.34,117.37,117.17,117.31,7393.596
2025-10-03T11:00:00+00:00,117.32,117.44,117.01,117.17,20124.071
2025-10-03T11:15:00+00:00,117.18,117.49,117.02,117.39,26077.529
2025-10-03T11:30:00+00:00,117.40,117.66,117.26,117.28,21586.085
2025-10-03T11:45:00+00:00,117.29,117.38,117.15,117.38,12165.037
2025-10-03T12:00:00+00:00,117.37,117.51,117.26,117.50,8689.299
2025-10-03T12:15:00+00:00,117.50,118.07,117.47,117.98,56236.357
2025-10-03T12:30:00+00:00,117.98,118.30,117.62,118.23,24811.073
2025-10-03T12:45:00+00:00,118.22,118.22,117.83,117.99,15378.713
2025-10-03T13:00:00+00:00,117.99,118.14,117.72,118.06,26754.372
2025-10-03T13:15:00+00:00,118.06,118.42,117.92,118.14,32158.902
2025-10-03T13:30:00+00:00,118.14,118.34,117.77,118.00,24870.667
2025-10-03T13:45:00+00:00,117.99,118.34,117.92,117.98,34333.918
2025-10-03T14:00:00+00:00,117.97,118.01,117.56,117.76,36616.525
2025-10-03T14:15:00+00:00,117.75,118.20,117.35,118.07,48288.684
2025-10-03T14:30:00+00:00,118.07,118.71,117.88,118.52,36004.213
2025-10-03T14:45:00+00:00,118.51,119.99,118.42,118.98,120408.039
2025-10-03T15:00:00+00:00,118.97,119.11,118.69,118.99,31876.927
2025-10-03T15:15:00+00:00,118.99,119.50,118.99,119.08,43190.544
2025-10-03T15:30:00+00:00,119.07,119.72,119.07,119.71,38642.834
2025-10-03T15:45:00+00:00,119.71,120.15,119.49,119.98,35543.025
2025-10-03T16:00:00+00:00,119.98,120.28,119.84,120.06,45834.285
2025-10-03T16:15:00+00:00,120.06,120.99,120.03,120.92,67795.822
2025-10-03T16:30:00+00:00,120.93,121.05,120.43,120.72,63156.484
2025-10-03T16:45:00+00:00,120.73,120.86,119.94,120.40,68064.645
2025-10-03T17:00:00+00:00,120.39,121.91,118.26,121.14,262462.549
2025-10-03T17:15:00+00:00,121.12,122.06,120.58,121.90,129408.583
2025-10-03T17:30:00+00:00,121.90,123.06,121.13,122.92,139340.745
2025-10-03T17:45:00+00:00,122.93,123.07,121.34,121.41,121350.162
2025-10-03T18:00:00+00:00,121.42,122.00,120.92,121.81,53251.747
2025-10-03T18:15:00+00:00,121.81,123.03,121.52,122.64,59337.895
2025-10-03T18:30:00+00:00,122.64,122.99,122.10,122.99,39241.283
2025-10-03T18:45:00+00:00,122.99,124.87,122.77,123.31,197847.569
2025-10-03T19:00:00+00:00,123.32,123.85,122.79,123.05,72836.221
2025-10-03T19:15:00+00:00,123.05,123.42,122.38,122.56,55615.099
2025-10-03T19:30:00+00:00,122.56,123.24,122.56,122.68,31459.517
2025-10-03T19:45:00+00:00,122.68,122.73,122.13,122.38,38803.984
2025-10-03T20:00:00+00:00,122.39,122.43,121.41,121.68,88151.435
2025-10-03T20:15:00+00:00,121.69,121.92,121.51,121.54,13014.957
2025-10-03T20:30:00+00:00,121.55,122.14,121.55,122.13,14369.678
2025-10-03T20:45:00+00:00,122.14,122.49,121.85,122.46,13303.413
2025-10-03T21:00:00+00:00,122.45,122.52,121.63,121.67,17450.804
2025-10-03T21:15:00+00:00,121.68,121.78,121.46,121.73,11754.663
2025-10-03T21:30:00+00:00,121.73,121.87,121.42,121.43,8138.931
2025-10-03T21:45:00+00:00,121.43,121.68,120.99,121.45,27561.451
2025-10-03T22:00:00+00:00,121.46,121.65,121.24,121.37,12562.568
2025-10-03T22:15:00+00:00,121.37,121.41,120.85,120.97,17688.472
2025-10-03T22:30:00+00:00,120.97,121.10,120.74,120.86,22062.725
2025-10-03T22:45:00+00:00,120.86,120.93,120.56,120.86,19191.604
2025-10-03T23:00:00+00:00,120.86,120.92,120.59,120.60,15001.976
2025-10-03T23:15:00+00:00,120.60,120.68,120.40,120.48,27504.506
2025-10-03T23:30:00+00:00,120.47,120.60,120.33,120.44,14950.173
2025-10-03T23:45:00+00:00,120.44,120.53,120.22,120.52,12652.344
2025-10-04T00:00:00+00:00,120.53,120.97,120.52,120.61,29449.350
2025-10-04T00:15:00+00:00,120.61,120.81,120.32,120.32,16042.542
2025-10-04T00:30:00+00:00,120.33,120.47,120.11,120.25,21937.471
2025-10-04T00:45:00+00:00,120.24,120.44,120.20,120.39,11503.442
2025-10-04T01:00:00+00:00,120.40,120.48,119.90,120.04,26963.349
2025-10-04T01:15:00+00:00,120.05,120.09,119.69,119.87,35126.680
2025-10-04T01:30:00+00:00,119.88,119.95,118.97,119.71,112396.633
2025-10-04T01:45:00+00:00,119.71,119.77,119.53,119.65,16822.733
2025-10-04T02:00:00+00:00,119.65,119.90,119.13,119.27,20701.225
2025-10-04T02:15:00+00:00,119.26,119.49,119.04,119.45,19857.527
2025-10-04T02:30:00+00:00,119.46,119.93,119.39,119.82,19218.460
2025-10-04T02:45:00+00:00,119.82,120.18,119.71,119.75,20265.225
2025-10-04T03:00:00+00:00,119.75,119.92,119.50,119.54,12461.082
2025-10-04T03:15:00+00:00,119.54,119.70,119.38,119.67,11064.851
2025-10-04T03:30:00+00:00,119.67,119.88,119.59,119.64,14472.231
2025-10-04T03:45:00+00:00,119.65,119.65,119.30,119.44,11923.634
2025-10-04T04:00:00+00:00,119.44,119.46,119.20,119.24,16238.379
2025-10-04T04:15:00+00:00,119.24,119.25,118.95,119.08,13734.403
2025-10-04T04:30:00+00:00,119.08,119.29,118.98,119.23,11499.534
2025-10-04T04:45:00+00:00,119.23,119.31,119.02,119.07,6771.797
2025-10-04T05:00:00+00:00,119.07,119.48,118.98,119.37,16591.719
2025-10-04T05:15:00+00:00,119.37,119.43,119.14,119.22,15533.170
2025-10-04T05:30:00+00:00,119.22,119.22,118.83,118.91,13814.699
2025-10-04T05:45:00+00:00,118.91,119.05,118.80,118.88,6718.607
2025-10-04T06:00:00+00:00,118.88,119.19,118.87,119.16,13782.869
2025-10-04T06:15:00+00:00,119.17,119.55,119.15,119.29,21365.645
2025-10-04T06:30:00+00:00,119.30,119.60,119.23,119.26,19272.852
2025-10-04T06:45:00+00:00,119.26,119.31,119.01,119.06,11099.564
2025-10-04T07:00:00+00:00,119.07,119.18,118.81,118.81,9753.516
2025-10-04T07:15:00+00:00,118.81,118.92,118.54,118.60,18469.710
2025-10-04T07:30:00+00:00,118.60,118.74,118.54,118.58,11351.286
2025-10-04T07:45:00+00:00,118.58,118.59,118.20,118.46,32179.731
2025-10-04T08:00:00+00:00,118.47,118.70,118.46,118.52,21129.516
2025-10-04T08:15:00+00:00,118.51,118.60,118.30,118.53,10605.725
2025-10-04T08:30:00+00:00,118.54,118.54,118.10,118.27,24631.963
2025-10-04T08:45:00+00:00,118.26,118.45,118.19,118.35,12380.428
2025-10-04T09:00:00+00:00,118.34,118.57,118.19,118.52,13295.641
2025-10-04T09:15:00+00:00,118.52,118.65,118.38,118.56,10309.181
2025-10-04T09:30:00+00:00,118.55,118.60,118.43,118.46,9789.792
2025-10-04T09:45:00+00:00,118.46,118.48,118.25,118.27,10084.543
2025-10-04T10:00:00+00:00,118.28,118.76,118.19,118.60,22529.735
2025-10-04T10:15:00+00:00,118.59,118.83,118.36,118.74,15207.474
2025-10-04T10:30:00+00:00,118.75,118.89,118.32,118.42,20284.346
2025-10-04T10:45:00+00:00,118.42,118.49,118.01,118.20,36571.539
2025-10-04T11:00:00+00:00,118.20,118.32,117.92,117.99,17637.644
2025-10-04T11:15:00+00:00,117.99,118.08,117.71,117.91,26057.527
2025-10-04T11:30:00+00:00,117.91,118.00,117.63,117.78,14009.858
2025-10-04T11:45:00+00:00,117.78,118.13,117.77,117.77,12644.765
2025-10-04T12:00:00+00:00,117.77,118.10,117.74,117.95,10929.514
2025-10-04T12:15:00+00:00,117.96,118.22,117.90,118.00,13919.298
2025-10-04T12:30:00+00:00,117.99,118.05,117.81,117.91,14381.127
2025-10-04T12:45:00+00:00,117.90,118.11,117.84,117.98,10217.251
2025-10-04T13:00:00+00:00,117.98,118.68,117.98,118.41,49411.746
2025-10-04T13:15:00+00:00,118.40,118.67,118.28,118.45,22181.481
2025-10-04T13:30:00+00:00,118.44,118.54,118.27,118.35,15517.234
2025-10-04T13:45:00+00:00,118.36,118.46,118.24,118.33,9560.465
2025-10-04T14:00:00+00:00,118.33,118.80,118.30,118.79,18386.780
2025-10-04T14:15:00+00:00,118.79,118.85,118.42,118.56,15665.237
2025-10-04T14:30:00+00:00,118.56,118.71,118.47,118.50,9379.802
2025-10-04T14:45:00+00:00,118.50,118.50,117.81,117.83,21165.065
2025-10-04T15:00:00+00:00,117.82,118.13,117.68,117.83,21453.780
2025-10-04T15:15:00+00:00,117.83,118.13,117.55,117.69,33803.421
2025-10-04T15:30:00+00:00,117.68,117.91,117.39,117.76,38219.377
2025-10-04T15:45:00+00:00,117.77,118.05,117.53,117.76,14290.093
2025-10-04T16:00:00+00:00,117.77,118.09,117.70,118.03,15754.382
2025-10-04T16:15:00+00:00,118.04,118.36,118.00,118.22,20684.102
2025-10-04T16:30:00+00:00,118.22,118.67,118.21,118.40,18583.506
2025-10-04T16:45:00+00:00,118.39,118.66,118.31,118.63,14161.992
2025-10-04T17:00:00+00:00,118.62,118.64,118.20,118.24,15999.994
2025-10-04T17:15:00+00:00,118.24,118.43,118.21,118.28,8358.434
2025-10-04T17:30:00+00:00,118.28,118.40,118.00,118.07,11197.338
2025-10-04T17:45:00+00:00,118.06,118.33,118.04,118.30,6480.793
2025-10-04T18:00:00+00:00,118.30,118.54,118.21,118.45,10313.212
2025-10-04T18:15:00+00:00,118.45,118.49,118.27,118.49,5594.651
2025-10-04T18:30:00+00:00,118.48,118.61,118.39,118.59,7248.958
2025-10-04T18:45:00+00:00,118.58,118.59,118.37,118.49,7056.317
2025-10-04T19:00:00+00:00,118.49,119.19,118.48,119.18,27751.019
2025-10-04T19:15:00+00:00,119.18,119.23,118.92,119.02,12590.885
2025-10-04T19:30:00+00:00,119.02,119.04,118.73,118.90,24338.121
2025-10-04T19:45:00+00:00,118.91,118.93,118.74,118.74,7087.040
2025-10-04T20:00:00+00:00,118.74,119.12,118.74,119.10,10778.070
2025-10-04T20:15:00+00:00,119.11,119.18,118.96,119.07,10414.978
2025-10-04T20:30:00+00:00,119.07,119.20,118.92,119.07,21626.133
2025-10-04T20:45:00+00:00,119.07,119.18,118.94,119.00,5596.793
2025-10-04T21:00:00+00:00,119.01,119.40,119.00,119.40,8951.451
2025-10-04T21:15:00+00:00,119.40,119.53,119.20,119.23,18099.395
2025-10-04T21:30:00+00:00,119.24,119.25,119.05,119.14,6447.485
2025-10-04T21:45:00+00:00,119.14,119.44,119.14,119.38,11770.774
2025-10-04T22:00:00+00:00,119.39,119.72,119.38,119.69,15901.798
2025-10-04T22:15:00+00:00,119.69,119.93,119.57,119.86,12596.207
2025-10-04T22:30:00+00:00,119.86,120.08,119.77,119.98,19409.985
2025-10-04T22:45:00+00:00,119.97,120.08,119.86,119.93,14907.367
2025-10-04T23:00:00+00:00,119.94,120.23,119.83,120.12,21721.246
2025-10-04T23:15:00+00:00,120.13,120.32,120.02,120.13,12123.476
2025-10-04T23:30:00+00:00,120.12,120.41,119.92,120.35,17628.234
2025-10-04T23:45:00+00:00,120.36,120.50,120.22,120.43,15620.770
2025-10-05T00:00:00+00:00,120.43,120.78,120.12,120.43,28268.409
2025-10-05T00:15:00+00:00,120.43,121.55,120.36,121.37,40432.767
2025-10-05T00:30:00+00:00,121.37,121.90,120.99,121.04,51442.290
2025-10-05T00:45:00+00:00,121.03,121.16,120.27,120.71,36234.863
2025-10-05T01:00:00+00:00,120.70,121.84,120.47,121.55,39885.033
2025-10-05T01:15:00+00:00,121.55,121.80,121.14,121.41,29305.321
2025-10-05T01:30:00+00:00,121.42,121.66,121.07,121.34,20044.690
2025-10-05T01:45:00+00:00,121.34,122.11,121.33,121.96,31866.114
2025-10-05T02:00:00+00:00,121.95,122.09,121.67,121.92,19233.842
2025-10-05T02:15:00+00:00,121.91,122.63,121.77,122.62,41726.785
2025-10-05T02:30:00+00:00,122.63,123.75,122.61,123.45,97317.834
2025-10-05T02:45:00+00:00,123.44,124.13,123.42,123.83,61891.233
2025-10-05T03:00:00+00:00,123.84,124.14,123.42,123.83,49200.932
2025-10-05T03:15:00+00:00,123.84,124.11,123.00,123.34,52968.781
2025-10-05T03:30:00+00:00,123.34,124.03,123.34,123.77,34979.512
2025-10-05T03:45:00+00:00,123.77,123.91,122.31,122.67,81576.204
2025-10-05T04:00:00+00:00,122.66,122.83,121.53,121.69,85385.891
2025-10-05T04:15:00+00:00,121.68,121.88,121.30,121.38,58581.475
2025-10-05T04:30:00+00:00,121.37,121.37,120.82,121.15,58531.045
2025-10-05T04:45:00+00:00,121.15,122.04,121.08,121.19,83603.899
2025-10-05T05:00:00+00:00,121.19,121.57,120.47,120.87,67594.315
2025-10-05T05:15:00+00:00,120.87,121.18,120.63,121.09,24404.834
2025-10-05T05:30:00+00:00,121.10,121.44,120.90,121.30,31617.470
2025-10-05T05:45:00+00:00,121.30,121.68,121.03,121.57,33632.015
2025-10-05T06:00:00+00:00,121.57,121.80,121.45,121.59,37397.955
2025-10-05T06:15:00+00:00,121.59,121.63,121.30,121.34,22300.648
2025-10-05T06:30:00+00:00,121.35,121.44,120.84,121.10,14340.113
2025-10-05T06:45:00+00:00,121.10,121.22,120.83,120.99,14546.753
2025-10-05T07:00:00+00:00,120.98,121.54,120.98,121.37,20129.981
2025-10-05T07:15:00+00:00,121.37,122.41,121.37,121.94,53342.151
2025-10-05T07:30:00+00:00,121.93,122.14,121.87,121.99,14820.030
2025-10-05T07:45:00+00:00,121.99,122.22,121.90,122.05,21743.097
2025-10-05T08:00:00+00:00,122.04,122.52,121.96,122.09,29515.703
2025-10-05T08:15:00+00:00,122.09,122.13,121.57,121.98,40253.677
2025-10-05T08:30:00+00:00,121.98,122.07,121.70,122.04,14580.608
2025-10-05T08:45:00+00:00,122.03,122.13,121.68,122.01,23163.241
2025-10-05T09:00:00+00:00,122.01,122.02,121.66,121.71,16870.297
2025-10-05T09:15:00+00:00,121.70,121.85,121.43,121.54,23698.023
2025-10-05T09:30:00+00:00,121.54,121.63,120.66,120.80,81039.471
2025-10-05T09:45:00+00:00,120.80,121.08,120.51,120.76,28074.012
2025-10-05T10:00:00+00:00,120.76,120.93,120.05,120.67,55396.401
2025-10-05T10:15:00+00:00,120.67,120.94,120.39,120.47,23464.535
2025-10-05T10:30:00+00:00,120.47,120.47,119.88,120.08,34307.916
2025-10-05T10:45:00+00:00,120.08,120.18,119.88,120.01,21693.167
2025-10-05T11:00:00+00:00,120.01,120.10,119.55,119.71,41969.796
2025-10-05T11:15:00+00:00,119.71,120.37,119.65,120.19,20277.040
2025-10-05T11:30:00+00:00,120.18,120.22,119.97,120.09,13023.546
2025-10-05T11:45:00+00:00,120.09,120.32,119.99,120.03,11466.584
2025-10-05T12:00:00+00:00,120.02,120.04,119.50,119.83,22753.085
2025-10-05T12:15:00+00:00,119.83,120.02,119.68,119.74,13779.575
2025-10-05T12:30:00+00:00,119.73,119.89,119.33,119.68,25114.808
2025-10-05T12:45:00+00:00,119.68,119.95,119.61,119.70,11338.894
2025-10-05T13:00:00+00:00,119.71,120.03,119.66,120.00,15928.699
2025-10-05T13:15:00+00:00,120.00,120.03,119.72,120.01,12142.569
2025-10-05T13:30:00+00:00,120.01,120.35,119.91,120.24,19526.220
2025-10-05T13:45:00+00:00,120.25,120.42,120.18,120.29,16675.313
2025-10-05T14:00:00+00:00,120.28,120.54,120.15,120.50,13757.121
2025-10-05T14:15:00+00:00,120.49,120.53,119.99,120.15,15716.495
2025-10-05T14:30:00+00:00,120.14,120.19,119.68,119.84,23046.980
2025-10-05T14:45:00+00:00,119.83,120.00,119.60,119.95,14886.281
2025-10-05T15:00:00+00:00,119.94,120.03,119.64,119.85,12090.884
2025-10-05T15:15:00+00:00,119.85,119.88,119.60,119.68,11966.371
2025-10-05T15:30:00+00:00,119.67,119.76,119.48,119.67,28218.603
2025-10-05T15:45:00+00:00,119.66,119.79,119.58,119.76,8395.595
2025-10-05T16:00:00+00:00,119.76,120.28,119.72,120.07,15458.572
2025-10-05T16:15:00+00:00,120.07,120.08,119.82,119.90,9637.867
2025-10-05T16:30:00+00:00,119.90,119.90,119.48,119.53,20807.664
2025-10-05T16:45:00+00:00,119.52,119.98,119.13,119.90,47929.760
2025-10-05T17:00:00+00:00,119.90,120.08,119.60,119.65,16244.333
2025-10-05T17:15:00+00:00,119.65,119.90,119.65,119.90,5146.326
2025-10-05T17:30:00+00:00,119.90,119.90,119.51,119.57,10302.407
2025-10-05T17:45:00+00:00,119.56,119.57,119.14,119.23,15473.496
2025-10-05T18:00:00+00:00,119.22,119.37,118.74,118.91,34500.027
2025-10-05T18:15:00+00:00,118.91,119.19,118.86,119.14,20433.012
2025-10-05T18:30:00+00:00,119.14,119.37,119.13,119.19,9472.745
2025-10-05T18:45:00+00:00,119.20,119.43,119.09,119.38,8091.816
2025-10-05T19:00:00+00:00,119.38,119.42,118.46,118.75,30702.126
2025-10-05T19:15:00+00:00,118.74,119.10,118.60,118.80,18855.514
2025-10-05T19:30:00+00:00,118.80,118.83,118.48,118.51,15581.701
2025-10-05T19:45:00+00:00,118.51,118.75,118.25,118.54,26638.365
2025-10-05T20:00:00+00:00,118.54,118.98,118.42,118.80,20303.095
2025-10-05T20:15:00+00:00,118.80,118.97,118.45,118.68,15601.896
2025-10-05T20:30:00+00:00,118.68,119.02,118.67,118.83,19928.923
2025-10-05T20:45:00+00:00,118.83,119.04,118.81,118.82,6609.805
2025-10-05T21:00:00+00:00,118.81,118.95,118.54,118.54,9985.204
2025-10-05T21:15:00+00:00,118.54,118.71,118.48,118.54,9154.466
2025-10-05T21:30:00+00:00,118.53,118.68,118.44,118.61,5452.960
2025-10-05T21:45:00+00:00,118.61,118.63,118.49,118.55,3921.171
2025-10-05T22:00:00+00:00,118.55,118.92,118.52,118.55,13244.086
2025-10-05T22:15:00+00:00,118.55,118.70,118.50,118.61,8465.004
2025-10-05T22:30:00+00:00,118.60,118.66,118.47,118.55,5825.721
2025-10-05T22:45:00+00:00,118.55,118.66,118.46,118.55,6785.732
2025-10-05T23:00:00+00:00,118.54,118.94,118.52,118.66,26823.885
2025-10-05T23:15:00+00:00,118.65,118.91,118.65,118.85,8258.355
2025-10-05T23:30:00+00:00,118.84,118.93,118.68,118.71,9157.170
2025-10-05T23:45:00+00:00,118.70,118.90,118.61,118.78,5955.906
2025-10-06T00:00:00+00:00,118.78,119.14,118.58,119.05,22108.749
2025-10-06T00:15:00+00:00,119.06,119.92,118.50,118.81,58299.530
2025-10-06T00:30:00+00:00,118.80,118.88,118.45,118.82,21312.992
2025-10-06T00:45:00+00:00,118.82,118.96,118.03,118.32,33218.796
2025-10-06T01:00:00+00:00,118.33,118.75,118.03,118.59,20252.686
2025-10-06T01:15:00+00:00,118.58,119.36,118.40,119.17,19258.648
2025-10-06T01:30:00+00:00,119.18,119.51,118.94,119.05,29310.630
2025-10-06T01:45:00+00:00,119.05,119.30,118.91,119.17,11904.183
2025-10-06T02:00:00+00:00,119.16,119.75,119.15,119.65,45985.555
2025-10-06T02:15:00+00:00,119.65,120.35,119.62,120.01,53285.299
2025-10-06T02:30:00+00:00,120.00,120.19,119.29,119.67,47202.799
2025-10-06T02:45:00+00:00,119.66,120.43,119.66,120.20,29954.861
2025-10-06T03:00:00+00:00,120.21,120.35,120.06,120.25,14297.056
2025-10-06T03:15:00+00:00,120.24,121.08,120.11,121.01,34730.241
2025-10-06T03:30:00+00:00,121.01,121.21,120.62,121.14,33703.967
2025-10-06T03:45:00+00:00,121.15,121.15,120.60,120.60,14914.908
2025-10-06T04:00:00+00:00,120.60,120.76,120.14,120.37,20937.528
2025-10-06T04:15:00+00:00,120.38,120.65,120.32,120.51,10779.403
2025-10-06T04:30:00+00:00,120.52,120.59,120.00,120.04,14853.223
2025-10-06T04:45:00+00:00,120.04,120.11,119.64,119.69,26866.329
2025-10-06T05:00:00+00:00,119.69,119.93,119.37,119.40,23405.895
2025-10-06T05:15:00+00:00,119.40,120.74,119.39,120.62,18432.186
2025-10-06T05:30:00+00:00,120.63,120.79,120.36,120.41,18121.444
2025-10-06T05:45:00+00:00,120.41,120.87,120.40,120.85,14318.423
2025-10-06T06:00:00+00:00,120.85,121.43,120.82,120.86,38143.136
2025-10-06T06:15:00+00:00,120.85,120.90,120.35,120.61,18804.413
2025-10-06T06:30:00+00:00,120.62,121.02,120.42,120.63,27579.891
2025-10-06T06:45:00+00:00,120.64,120.67,120.09,120.49,19020.709
2025-10-06T07:00:00+00:00,120.48,120.62,120.24,120.59,12960.008
2025-10-06T07:15:00+00:00,120.58,120.60,120.15,120.26,11260.712
2025-10-06T07:30:00+00:00,120.27,120.28,119.75,119.94,31459.281
2025-10-06T07:45:00+00:00,119.94,120.04,119.73,119.82,15096.352
2025-10-06T08:00:00+00:00,119.83,120.05,119.67,119.77,16644.817
2025-10-06T08:15:00+00:00,119.77,120.17,119.65,120.11,12532.270
2025-10-06T08:30:00+00:00,120.12,120.44,120.11,120.19,18215.772
2025-10-06T08:45:00+00:00,120.18,120.22,119.97,120.16,8747.415
2025-10-06T09:00:00+00:00,120.17,120.55,120.14,120.31,14882.228
2025-10-06T09:15:00+00:00,120.31,120.66,120.21,120.57,13924.501
2025-10-06T09:30:00+00:00,120.57,120.57,120.27,120.35,13932.158
2025-10-06T09:45:00+00:00,120.35,120.68,120.29,120.64,13274.575
2025-10-06T10:00:00+00:00,120.64,120.87,120.44,120.64,11558.938
2025-10-06T10:15:00+00:00,120.65,120.68,120.26,120.32,11881.204
2025-10-06T10:30:00+00:00,120.33,120.41,120.03,120.07,10248.668
2025-10-06T10:45:00+00:00,120.08,120.34,120.03,120.08,10852.829
2025-10-06T11:00:00+00:00,120.07,120.12,119.74,119.91,24671.958
2025-10-06T11:15:00+00:00,119.90,120.32,119.88,120.27,14491.052
2025-10-06T11:30:00+00:00,120.28,120.33,119.83,120.00,23488.593
2025-10-06T11:45:00+00:00,120.01,120.11,119.87,119.88,11642.472
2025-10-06T12:00:00+00:00,119.88,120.14,119.73,120.05,32047.310
2025-10-06T12:15:00+00:00,120.05,120.44,119.98,119.99,17414.060
2025-10-06T12:30:00+00:00,119.99,120.04,119.77,119.81,31289.928
2025-10-06T12:45:00+00:00,119.80,119.92,119.63,119.75,16559.069
2025-10-06T13:00:00+00:00,119.74,120.09,119.62,119.94,29516.820
2025-10-06T13:15:00+00:00,119.93,120.14,119.64,120.01,46720.848
2025-10-06T13:30:00+00:00,120.02,120.56,119.73,119.93,51321.375
2025-10-06T13:45:00+00:00,119.92,120.48,119.71,120.39,21523.643
2025-10-06T14:00:00+00:00,120.40,120.74,120.18,120.37,35918.627
2025-10-06T14:15:00+00:00,120.37,120.48,119.68,120.22,31294.063
2025-10-06T14:30:00+00:00,120.23,120.53,119.88,120.04,27240.820
2025-10-06T14:45:00+00:00,120.05,120.27,119.80,120.03,30445.933
2025-10-06T15:00:00+00:00,120.02,120.36,119.88,120.27,30474.650
2025-10-06T15:15:00+00:00,120.28,121.14,120.25,121.10,43527.871
2025-10-06T15:30:00+00:00,121.09,121.33,120.54,120.69,49517.656
2025-10-06T15:45:00+00:00,120.69,120.70,120.40,120.49,21777.114
2025-10-06T16:00:00+00:00,120.49,120.65,119.08,119.38,69354.276
2025-10-06T16:15:00+00:00,119.38,119.55,118.72,118.90,69576.805
2025-10-06T16:30:00+00:00,118.89,119.48,118.87,119.47,39048.473
2025-10-06T16:45:00+00:00,119.47,119.58,119.24,119.53,35341.821
2025-10-06T17:00:00+00:00,119.53,119.79,119.29,119.67,42306.530
2025-10-06T17:15:00+00:00,119.68,120.18,119.46,120.05,36831.653
2025-10-06T17:30:00+00:00,120.05,120.10,119.36,119.67,36594.169
2025-10-06T17:45:00+00:00,119.67,120.10,119.42,119.66,25054.792
2025-10-06T18:00:00+00:00,119.66,119.73,119.22,119.36,54240.721
2025-10-06T18:15:00+00:00,119.37,119.73,119.37,119.61,9976.041
2025-10-06T18:30:00+00:00,119.60,119.86,119.47,119.83,13154.640
2025-10-06T18:45:00+00:00,119.82,120.52,119.79,120.17,39042.747
2025-10-06T19:00:00+00:00,120.16,120.16,119.68,119.78,24327.911
2025-10-06T19:15:00+00:00,119.79,120.25,119.67,120.06,18794.453
2025-10-06T19:30:00+00:00,120.06,120.20,119.74,119.82,17412.762
2025-10-06T19:45:00+00:00,119.81,119.98,119.76,119.82,9064.614
2025-10-06T20:00:00+00:00,119.81,120.14,119.79,119.83,14474.939
2025-10-06T20:15:00+00:00,119.82,119.83,119.31,119.38,35051.526
2025-10-06T20:30:00+00:00,119.37,119.74,119.33,119.48,24308.995
2025-10-06T20:45:00+00:00,119.48,119.70,119.43,119.61,21662.504
2025-10-06T21:00:00+00:00,119.60,119.60,119.09,119.13,18175.613
2025-10-06T21:15:00+00:00,119.12,119.30,118.78,119.06,42559.358
2025-10-06T21:30:00+00:00,119.06,119.23,118.73,119.16,24915.884
2025-10-06T21:45:00+00:00,119.16,119.23,118.54,118.99,18147.199
2025-10-06T22:00:00+00:00,119.00,119.11,118.72,118.99,17986.901
2025-10-06T22:15:00+00:00,118.98,118.98,118.61,118.74,17054.167
2025-10-06T22:30:00+00:00,118.73,118.84,118.26,118.35,35541.367
2025-10-06T22:45:00+00:00,118.34,118.49,118.00,118.41,31375.637
2025-10-06T23:00:00+00:00,118.40,118.48,118.18,118.20,14604.611
2025-10-06T23:15:00+00:00,118.20,118.41,118.04,118.33,18759.775
2025-10-06T23:30:00+00:00,118.32,118.71,118.23,118.59,16686.882
2025-10-06T23:45:00+00:00,118.59,118.63,118.18,118.25,21352.419
2025-10-07T00:00:00+00:00,118.25,118.31,117.58,117.92,53260.883
2025-10-07T00:15:00+00:00,117.92,118.07,117.82,117.99,18007.656
2025-10-07T00:30:00+00:00,117.98,118.35,117.89,118.22,28672.411
2025-10-07T00:45:00+00:00,118.21,118.60,117.86,118.59,15899.359
2025-10-07T01:00:00+00:00,118.60,118.99,118.51,118.82,23853.739
2025-10-07T01:15:00+00:00,118.81,118.94,118.43,118.76,34507.433
2025-10-07T01:30:00+00:00,118.76,118.84,118.40,118.47,16761.555
2025-10-07T01:45:00+00:00,118.47,118.50,117.94,118.05,16928.874
2025-10-07T02:00:00+00:00,118.05,118.26,118.01,118.12,17381.508
2025-10-07T02:15:00+00:00,118.12,118.40,117.88,118.31,10683.189
2025-10-07T02:30:00+00:00,118.30,118.46,118.01,118.07,15369.136
2025-10-07T02:45:00+00:00,118.07,118.18,117.71,117.89,15107.371
2025-10-07T03:00:00+00:00,117.90,118.20,117.87,118.05,18707.425
2025-10-07T03:15:00+00:00,118.05,118.30,117.97,118.03,14145.218
2025-10-07T03:30:00+00:00,118.03,118.11,117.92,118.03,9007.589
2025-10-07T03:45:00+00:00,118.04,118.46,118.04,118.14,13034.144
2025-10-07T04:00:00+00:00,118.14,118.15,117.88,117.97,13136.631
2025-10-07T04:15:00+00:00,117.97,118.28,117.87,118.15,10629.606
2025-10-07T04:30:00+00:00,118.14,118.68,118.13,118.45,31744.832
2025-10-07T04:45:00+00:00,118.45,118.69,118.45,118.47,23144.067
2025-10-07T05:00:00+00:00,118.46,118.57,118.13,118.54,24361.401
2025-10-07T05:15:00+00:00,118.53,119.05,118.53,118.85,21875.942
2025-10-07T05:30:00+00:00,118.85,119.18,118.85,119.07,27216.023
2025-10-07T05:45:00+00:00,119.08,119.20,118.59,118.64,21134.578
2025-10-07T06:00:00+00:00,118.64,118.91,118.60,118.64,14825.280
2025-10-07T06:15:00+00:00,118.65,118.70,117.95,118.25,35135.704
2025-10-07T06:30:00+00:00,118.25,118.51,117.30,117.70,102629.098
2025-10-07T06:45:00+00:00,117.70,118.08,117.56,117.94,30484.903
2025-10-07T07:00:00+00:00,117.95,118.43,117.74,117.74,45926.600
2025-10-07T07:15:00+00:00,117.75,117.85,117.56,117.72,29002.262
2025-10-07T07:30:00+00:00,117.73,117.89,117.52,117.86,14770.370
2025-10-07T07:45:00+00:00,117.85,117.85,117.54,117.73,14337.459
2025-10-07T08:00:00+00:00,117.74,117.92,117.41,117.78,25502.693
2025-10-07T08:15:00+00:00,117.79,118.01,117.61,117.83,26253.622
2025-10-07T08:30:00+00:00,117.84,118.21,117.49,118.17,31206.334
2025-10-07T08:45:00+00:00,118.17,118.19,117.91,118.03,15780.921
2025-10-07T09:00:00+00:00,118.04,118.55,117.80,118.49,31387.519
2025-10-07T09:15:00+00:00,118.49,118.65,118.22,118.23,18042.961
2025-10-07T09:30:00+00:00,118.24,118.41,118.04,118.05,11312.921
2025-10-07T09:45:00+00:00,118.05,118.19,118.00,118.10,10813.692
2025-10-07T10:00:00+00:00,118.09,118.38,117.88,118.30,15508.408
2025-10-07T10:15:00+00:00,118.31,118.31,117.77,117.97,13303.626
2025-10-07T10:30:00+00:00,117.97,118.24,117.71,117.82,14648.878
2025-10-07T10:45:00+00:00,117.82,117.98,117.80,117.93,6622.366
2025-10-07T11:00:00+00:00,117.93,118.17,117.88,118.01,11150.911
2025-10-07T11:15:00+00:00,118.01,118.11,117.94,118.07,7236.454
2025-10-07T11:30:00+00:00,118.07,118.24,117.91,117.91,13653.825
2025-10-07T11:45:00+00:00,117.91,118.36,117.85,118.16,15598.942
2025-10-07T12:00:00+00:00,118.16,118.30,117.96,118.10,12086.138
2025-10-07T12:15:00+00:00,118.11,118.29,117.92,118.02,11119.621
2025-10-07T12:30:00+00:00,118.02,118.33,117.88,118.22,10400.831
2025-10-07T12:45:00+00:00,118.21,118.95,118.19,118.89,32516.296
2025-10-07T13:00:00+00:00,118.90,119.14,118.75,118.91,46328.261
2025-10-07T13:15:00+00:00,118.91,119.14,118.79,118.97,20422.077
2025-10-07T13:30:00+00:00,118.96,119.08,117.50,117.98,91214.312
2025-10-07T13:45:00+00:00,117.97,118.44,117.44,118.21,51303.696
2025-10-07T14:00:00+00:00,118.20,118.29,116.47,117.02,124984.822
2025-10-07T14:15:00+00:00,117.01,117.44,116.75,116.87,53142.713
2025-10-07T14:30:00+00:00,116.88,117.25,116.52,117.00,62775.610
2025-10-07T14:45:00+00:00,117.00,117.14,116.24,116.57,63720.738
2025-10-07T15:00:00+00:00,116.58,116.84,115.08,115.88,187316.906
2025-10-07T15:15:00+00:00,115.89,116.58,115.76,116.24,44669.413
2025-10-07T15:30:00+00:00,116.24,116.30,115.27,115.53,63854.104
2025-10-07T15:45:00+00:00,115.53,116.20,115.37,116.08,35540.659
2025-10-07T16:00:00+00:00,116.08,116.09,115.39,115.48,41417.183
2025-10-07T16:15:00+00:00,115.48,115.97,115.36,115.63,34057.079
2025-10-07T16:30:00+00:00,115.62,116.38,115.53,116.17,36048.025
2025-10-07T16:45:00+00:00,116.17,116.76,116.11,116.29,33368.249
2025-10-07T17:00:00+00:00,116.28,116.51,115.82,115.95,34948.925
2025-10-07T17:15:00+00:00,115.95,116.24,115.83,115.97,14641.127
2025-10-07T17:30:00+00:00,115.96,116.03,115.70,115.86,13815.060
2025-10-07T17:45:00+00:00,115.85,116.20,115.68,115.77,18205.022
2025-10-07T18:00:00+00:00,115.77,116.18,115.68,116.01,15899.886
2025-10-07T18:15:00+00:00,116.00,116.06,115.48,115.60,29756.882
2025-10-07T18:30:00+00:00,115.60,115.74,115.39,115.63,15675.067
2025-10-07T18:45:00+00:00,115.63,115.70,115.38,115.42,8979.288
2025-10-07T19:00:00+00:00,115.42,115.90,115.36,115.63,17328.335
2025-10-07T19:15:00+00:00,115.63,115.91,115.55,115.59,13233.321
2025-10-07T19:30:00+00:00,115.59,116.14,115.55,115.84,13420.164
2025-10-07T19:45:00+00:00,115.83,116.24,115.67,115.91,18839.988
2025-10-07T20:00:00+00:00,115.92,116.74,115.92,116.53,22908.101
2025-10-07T20:15:00+00:00,116.55,116.60,116.35,116.39,20798.809
2025-10-07T20:30:00+00:00,116.38,116.72,116.32,116.61,16384.656
2025-10-07T20:45:00+00:00,116.60,117.00,116.59,116.81,21361.491
2025-10-07T21:00:00+00:00,116.80,117.12,116.64,116.97,17313.476
2025-10-07T21:15:00+00:00,116.96,117.22,116.91,117.21,15308.536
2025-10-07T21:30:00+00:00,117.21,117.36,116.92,116.97,18708.313
2025-10-07T21:45:00+00:00,116.96,117.15,116.83,117.14,11074.498
2025-10-07T22:00:00+00:00,117.14,117.20,116.88,117.06,11121.585
2025-10-07T22:15:00+00:00,117.05,117.42,117.03,117.25,10952.545
2025-10-07T22:30:00+00:00,117.25,117.32,116.91,117.11,11826.572
2025-10-07T22:45:00+00:00,117.10,117.40,117.06,117.34,8772.361
2025-10-07T23:00:00+00:00,117.33,117.42,117.07,117.10,12057.525
2025-10-07T23:15:00+00:00,117.10,117.39,116.93,117.12,20758.942
2025-10-07T23:30:00+00:00,117.11,117.11,116.58,116.81,23391.390
2025-10-07T23:45:00+00:00,116.81,117.09,116.50,116.85,17210.787
2025-10-08T00:00:00+00:00,116.85,117.69,116.83,117.34,29872.173
2025-10-08T00:15:00+00:00,117.34,117.73,117.28,117.54,16894.595
2025-10-08T00:30:00+00:00,117.53,117.92,117.01,117.77,37767.313
2025-10-08T00:45:00+00:00,117.77,117.95,117.43,117.71,21268.942
2025-10-08T01:00:00+00:00,117.71,117.96,117.33,117.35,20411.679
2025-10-08T01:15:00+00:00,117.35,118.00,117.33,117.72,15253.935
2025-10-08T01:30:00+00:00,117.72,118.00,117.43,117.51,12830.698
2025-10-08T01:45:00+00:00,117.51,117.85,117.49,117.70,10518.678
2025-10-08T02:00:00+00:00,117.71,117.85,117.53,117.77,12984.202
2025-10-08T02:15:00+00:00,117.77,118.28,117.74,118.27,20527.131
2025-10-08T02:30:00+00:00,118.26,118.28,117.84,117.91,26041.789
2025-10-08T02:45:00+00:00,117.90,117.98,117.60,117.70,13643.154
2025-10-08T03:00:00+00:00,117.70,117.79,117.04,117.07,20630.975
2025-10-08T03:15:00+00:00,117.07,117.33,116.50,116.83,40505.685
2025-10-08T03:30:00+00:00,116.83,117.14,116.72,116.93,23491.438
2025-10-08T03:45:00+00:00,116.93,117.32,116.83,116.94,15156.581
2025-10-08T04:00:00+00:00,116.94,117.27,116.27,117.24,31629.236
2025-10-08T04:15:00+00:00,117.24,117.50,116.94,117.04,29363.612
2025-10-08T04:30:00+00:00,117.04,117.26,116.58,116.68,45212.277
2025-10-08T04:45:00+00:00,116.68,116.86,116.49,116.79,31306.692
2025-10-08T05:00:00+00:00,116.79,116.79,116.40,116.61,14206.596
2025-10-08T05:15:00+00:00,116.61,116.70,115.71,115.92,41173.677
2025-10-08T05:30:00+00:00,115.92,116.09,115.68,115.69,12977.388
2025-10-08T05:45:00+00:00,115.69,115.80,115.28,115.74,36987.874
2025-10-08T06:00:00+00:00,115.74,115.97,115.37,115.81,21106.812
2025-10-08T06:15:00+00:00,115.81,115.90,115.55,115.70,9763.653
2025-10-08T06:30:00+00:00,115.71,116.05,115.60,115.69,23732.113
2025-10-08T06:45:00+00:00,115.69,116.13,115.60,115.81,38126.858
2025-10-08T07:00:00+00:00,115.80,116.00,115.69,115.76,16024.789
2025-10-08T07:15:00+00:00,115.75,115.83,115.50,115.72,24608.682
2025-10-08T07:30:00+00:00,115.72,115.89,115.51,115.85,14380.982
2025-10-08T07:45:00+00:00,115.84,116.28,115.61,116.27,26286.107
2025-10-08T08:00:00+00:00,116.27,116.40,116.12,116.14,17387.325
2025-10-08T08:15:00+00:00,116.13,116.33,115.84,115.89,11136.918
2025-10-08T08:30:00+00:00,115.89,116.50,115.71,116.45,25237.635
2025-10-08T08:45:00+00:00,116.45,116.57,116.28,116.46,23683.262
2025-10-08T09:00:00+00:00,116.46,116.53,116.21,116.44,13641.079
2025-10-08T09:15:00+00:00,116.44,116.46,116.25,116.42,11132.963
2025-10-08T09:30:00+00:00,116.42,117.32,116.25,117.16,60425.165
2025-10-08T09:45:00+00:00,117.16,117.34,116.82,116.89,14014.931
2025-10-08T10:00:00+00:00,116.90,117.01,116.37,116.41,18068.181
2025-10-08T10:15:00+00:00,116.41,116.79,116.32,116.70,13697.985
2025-10-08T10:30:00+00:00,116.70,116.99,116.66,116.84,12876.416
2025-10-08T10:45:00+00:00,116.84,116.95,116.56,116.66,7086.799
2025-10-08T11:00:00+00:00,116.67,116.79,116.33,116.51,12928.054
2025-10-08T11:15:00+00:00,116.52,116.55,116.15,116.16,15783.464
2025-10-08T11:30:00+00:00,116.17,116.20,115.99,116.08,17461.962
2025-10-08T11:45:00+00:00,116.08,116.28,116.02,116.18,9302.133
2025-10-08T12:00:00+00:00,116.19,116.37,116.05,116.12,14166.899
2025-10-08T12:15:00+00:00,116.12,116.15,115.74,115.85,20437.557
2025-10-08T12:30:00+00:00,115.85,116.30,115.77,116.28,18427.313
2025-10-08T12:45:00+00:00,116.28,116.68,116.17,116.67,16396.899
2025-10-08T13:00:00+00:00,116.67,117.17,116.52,116.74,43758.411
2025-10-08T13:15:00+00:00,116.74,116.85,116.46,116.47,12662.104
2025-10-08T13:30:00+00:00,116.47,116.60,115.90,116.28,24550.530
2025-10-08T13:45:00+00:00,116.28,116.96,115.88,116.93,27622.489
2025-10-08T14:00:00+00:00,116.92,117.64,116.90,117.05,50852.872
2025-10-08T14:15:00+00:00,117.04,117.52,116.92,117.12,22361.844
2025-10-08T14:30:00+00:00,117.12,117.39,116.69,116.80,22559.310
2025-10-08T14:45:00+00:00,116.80,116.88,116.26,116.47,14424.131
2025-10-08T15:00:00+00:00,116.47,116.84,116.29,116.62,16978.126
2025-10-08T15:15:00+00:00,116.62,116.85,116.29,116.58,16949.846
2025-10-08T15:30:00+00:00,116.57,116.85,116.49,116.76,11387.340
2025-10-08T15:45:00+00:00,116.75,116.83,116.23,116.31,27295.165
2025-10-08T16:00:00+00:00,116.31,116.81,116.13,116.78,20710.211
2025-10-08T16:15:00+00:00,116.78,117.05,116.71,117.01,14912.540
2025-10-08T16:30:00+00:00,117.00,117.20,116.76,117.13,9967.406
2025-10-08T16:45:00+00:00,117.12,117.75,116.87,117.62,56775.223
2025-10-08T17:00:00+00:00,117.61,118.16,117.55,117.98,35779.699
2025-10-08T17:15:00+00:00,117.97,118.67,117.89,118.55,60164.574
2025-10-08T17:30:00+00:00,118.55,119.10,118.55,119.07,54132.558
2025-10-08T17:45:00+00:00,119.08,119.58,119.01,119.19,79032.692
2025-10-08T18:00:00+00:00,119.19,119.36,118.80,119.22,57666.684
2025-10-08T18:15:00+00:00,119.21,119.48,118.55,118.69,41478.965
2025-10-08T18:30:00+00:00,118.70,119.00,118.34,118.54,36963.568
2025-10-08T18:45:00+00:00,118.55,118.95,118.54,118.59,29215.941
2025-10-08T19:00:00+00:00,118.60,118.68,118.33,118.54,15454.684
2025-10-08T19:15:00+00:00,118.54,118.85,118.26,118.67,25108.744
2025-10-08T19:30:00+00:00,118.68,118.86,118.48,118.55,13297.354
2025-10-08T19:45:00+00:00,118.55,118.72,118.38,118.59,13494.064
2025-10-08T20:00:00+00:00,118.60,118.68,118.37,118.47,8901.804
2025-10-08T20:15:00+00:00,118.48,118.52,118.06,118.22,15628.564
2025-10-08T20:30:00+00:00,118.23,118.40,118.13,118.22,8952.853
2025-10-08T20:45:00+00:00,118.23,118.23,117.94,118.01,10851.778
2025-10-08T21:00:00+00:00,118.00,118.28,117.98,118.02,13022.546
2025-10-08T21:15:00+00:00,118.03,118.14,117.72,117.93,19221.113
2025-10-08T21:30:00+00:00,117.93,118.62,117.92,118.31,17690.126
2025-10-08T21:45:00+00:00,118.31,118.37,118.11,118.30,4475.490
2025-10-08T22:00:00+00:00,118.29,118.46,118.13,118.39,9720.041
2025-10-08T22:15:00+00:00,118.39,118.53,118.27,118.34,4973.735
2025-10-08T22:30:00+00:00,118.34,118.67,118.34,118.66,5658.553
2025-10-08T22:45:00+00:00,118.66,118.68,118.26,118.33,11762.833
2025-10-08T23:00:00+00:00,118.33,118.37,117.80,117.93,15437.989
2025-10-08T23:15:00+00:00,117.93,118.44,117.90,118.40,16046.150
2025-10-08T23:30:00+00:00,118.41,118.68,118.38,118.50,10460.001
2025-10-08T23:45:00+00:00,118.50,118.77,118.29,118.55,15193.426
2025-10-09T00:00:00+00:00,118.54,118.75,118.40,118.57,14942.943
2025-10-09T00:15:00+00:00,118.56,119.06,118.45,118.48,19685.418
2025-10-09T00:30:00+00:00,118.47,118.75,118.26,118.55,16825.322
2025-10-09T00:45:00+00:00,118.54,119.36,118.53,118.90,55524.966
2025-10-09T01:00:00+00:00,118.90,118.97,118.29,118.41,63830.779
2025-10-09T01:15:00+00:00,118.41,118.74,118.19,118.23,14678.490
2025-10-09T01:30:00+00:00,118.22,118.34,118.06,118.23,14700.450
2025-10-09T01:45:00+00:00,118.23,118.80,118.21,118.75,13128.745
2025-10-09T02:00:00+00:00,118.74,118.81,117.79,118.27,21994.210
2025-10-09T02:15:00+00:00,118.26,118.37,117.87,118.02,23926.879
2025-10-09T02:30:00+00:00,118.03,118.29,117.17,117.35,46357.756
2025-10-09T02:45:00+00:00,117.36,117.67,116.81,117.04,43495.701
2025-10-09T03:00:00+00:00,117.05,118.03,117.05,117.99,36564.896
2025-10-09T03:15:00+00:00,117.99,118.96,117.96,118.61,48682.166
2025-10-09T03:30:00+00:00,118.61,119.73,118.61,119.11,49314.315
2025-10-09T03:45:00+00:00,119.10,119.75,118.28,118.38,62144.402
2025-10-09T04:00:00+00:00,118.38,119.33,118.34,118.81,41784.997
2025-10-09T04:15:00+00:00,118.82,119.52,118.75,119.43,19769.359
2025-10-09T04:30:00+00:00,119.44,119.46,118.79,118.86,19603.322
2025-10-09T04:45:00+00:00,118.87,119.33,118.87,119.27,14405.862
2025-10-09T05:00:00+00:00,119.27,119.65,119.08,119.29,27746.396
2025-10-09T05:15:00+00:00,119.28,119.45,118.93,119.07,17317.645
2025-10-09T05:30:00+00:00,119.07,119.37,118.62,118.90,16435.599
2025-10-09T05:45:00+00:00,118.91,118.92,118.61,118.73,16283.806
2025-10-09T06:00:00+00:00,118.74,118.76,118.08,118.30,28074.772
2025-10-09T06:15:00+00:00,118.30,118.37,118.02,118.25,12997.779
2025-10-09T06:30:00+00:00,118.25,118.59,118.17,118.28,15762.603
2025-10-09T06:45:00+00:00,118.29,118.29,117.63,117.67,18175.945
2025-10-09T07:00:00+00:00,117.68,117.85,117.50,117.70,18546.248
2025-10-09T07:15:00+00:00,117.70,117.87,117.39,117.65,16324.200
2025-10-09T07:30:00+00:00,117.66,117.68,117.16,117.31,19723.405
2025-10-09T07:45:00+00:00,117.31,117.99,117.26,117.28,17857.549
2025-10-09T08:00:00+00:00,117.28,117.31,116.39,116.43,65451.741
2025-10-09T08:15:00+00:00,116.43,116.54,115.76,115.80,85987.141
2025-10-09T08:30:00+00:00,115.81,116.37,115.52,115.73,51768.238
2025-10-09T08:45:00+00:00,115.74,116.06,115.36,115.63,53525.260
2025-10-09T09:00:00+00:00,115.64,116.23,115.64,116.18,32322.184
2025-10-09T09:15:00+00:00,116.19,116.23,115.60,115.93,22724.906
2025-10-09T09:30:00+00:00,115.93,116.29,115.86,115.94,21581.118
2025-10-09T09:45:00+00:00,115.93,116.28,115.87,116.21,15344.301
2025-10-09T10:00:00+00:00,116.21,116.54,116.14,116.42,21922.392
2025-10-09T10:15:00+00:00,116.41,116.45,116.00,116.16,14059.567
2025-10-09T10:30:00+00:00,116.16,116.79,116.16,116.72,28745.682
2025-10-09T10:45:00+00:00,116.71,116.85,116.54,116.57,24358.380
2025-10-09T11:00:00+00:00,116.57,116.80,116.45,116.48,17557.787
2025-10-09T11:15:00+00:00,116.48,116.94,116.45,116.87,24621.546
2025-10-09T11:30:00+00:00,116.87,116.89,116.28,116.49,23392.781
2025-10-09T11:45:00+00:00,116.49,116.79,116.36,116.60,13825.357
2025-10-09T12:00:00+00:00,116.59,117.24,116.54,117.18,18201.725
2025-10-09T12:15:00+00:00,117.17,117.68,117.13,117.62,28298.981
2025-10-09T12:30:00+00:00,117.62,118.52,117.47,118.29,55514.092
2025-10-09T12:45:00+00:00,118.28,118.46,118.14,118.15,27947.804
2025-10-09T13:00:00+00:00,118.15,118.30,117.69,117.71,30108.960
2025-10-09T13:15:00+00:00,117.71,118.99,117.69,118.75,45831.177
2025-10-09T13:30:00+00:00,118.74,118.85,117.44,117.80,65681.224
2025-10-09T13:45:00+00:00,117.79,118.72,117.58,117.82,89905.396
2025-10-09T14:00:00+00:00,117.82,118.54,117.36,118.35,65055.372
2025-10-09T14:15:00+00:00,118.35,118.45,117.19,117.30,39801.708
2025-10-09T14:30:00+00:00,117.32,118.10,116.52,116.96,133136.109
2025-10-09T14:45:00+00:00,116.95,117.99,116.66,117.97,47045.970
2025-10-09T15:00:00+00:00,117.97,119.11,117.97,118.83,92338.829
2025-10-09T15:15:00+00:00,118.82,118.97,117.97,118.23,70354.662
2025-10-09T15:30:00+00:00,118.24,118.80,117.73,118.01,69109.814
2025-10-09T15:45:00+00:00,118.01,118.57,117.96,118.25,41736.361
2025-10-09T16:00:00+00:00,118.25,118.89,118.12,118.16,28279.786
2025-10-09T16:15:00+00:00,118.17,118.45,117.13,117.41,59100.407
2025-10-09T16:30:00+00:00,117.40,117.67,117.04,117.56,27246.278
2025-10-09T16:45:00+00:00,117.56,117.64,115.52,115.79,90006.470
2025-10-09T17:00:00+00:00,115.79,117.03,115.52,116.72,56334.658
2025-10-09T17:15:00+00:00,116.72,117.10,116.63,116.91,27139.057
2025-10-09T17:30:00+00:00,116.90,117.34,116.82,117.00,28929.362
2025-10-09T17:45:00+00:00,117.00,118.00,116.96,117.97,26550.669
2025-10-09T18:00:00+00:00,117.97,118.12,117.47,117.88,29812.186
2025-10-09T18:15:00+00:00,117.89,118.10,117.52,117.54,23473.786
2025-10-09T18:30:00+00:00,117.54,117.83,117.30,117.50,20853.410
2025-10-09T18:45:00+00:00,117.50,117.50,117.11,117.26,23381.022
2025-10-09T19:00:00+00:00,117.25,117.54,117.23,117.41,8926.280
2025-10-09T19:15:00+00:00,117.41,118.27,117.22,118.15,19666.101
2025-10-09T19:30:00+00:00,118.15,118.56,118.15,118.37,20112.348
2025-10-09T19:45:00+00:00,118.38,118.99,118.34,118.95,31504.582
2025-10-09T20:00:00+00:00,118.95,119.43,118.54,118.54,48208.237
2025-10-09T20:15:00+00:00,118.55,119.19,118.35,118.90,25204.166
2025-10-09T20:30:00+00:00,118.90,119.06,118.56,118.67,17000.640
2025-10-09T20:45:00+00:00,118.66,119.03,118.58,119.03,13820.368
2025-10-09T21:00:00+00:00,119.03,119.46,119.00,119.09,29171.757
2025-10-09T21:15:00+00:00,119.10,119.26,118.70,118.72,18365.611
2025-10-09T21:30:00+00:00,118.72,119.40,118.59,119.30,14776.996
2025-10-09T21:45:00+00:00,119.30,119.43,119.04,119.31,13801.183
2025-10-09T22:00:00+00:00,119.31,120.05,119.20,120.02,28561.689
2025-10-09T22:15:00+00:00,120.02,123.00,119.95,122.94,251620.841
2025-10-09T22:30:00+00:00,122.95,126.60,122.92,126.41,317404.832
2025-10-09T22:45:00+00:00,126.41,128.15,125.72,126.61,283576.054
2025-10-09T23:00:00+00:00,126.61,126.91,124.83,125.67,159263.057
2025-10-09T23:15:00+00:00,125.67,126.26,125.35,126.00,96923.067
2025-10-09T23:30:00+00:00,126.01,126.18,125.38,125.61,69492.393
2025-10-09T23:45:00+00:00,125.61,126.15,125.19,125.84,63235.710
2025-10-10T00:00:00+00:00,125.83,127.08,125.57,126.15,132210.928
2025-10-10T00:15:00+00:00,126.15,127.14,125.87,127.11,88900.790
2025-10-10T00:30:00+00:00,127.10,129.03,126.79,128.92,220014.810
2025-10-10T00:45:00+00:00,128.92,129.46,128.04,128.38,110813.652
2025-10-10T01:00:00+00:00,128.38,128.69,127.20,128.25,96219.037
2025-10-10T01:15:00+00:00,128.26,128.67,127.63,128.49,64677.423
2025-10-10T01:30:00+00:00,128.50,128.50,127.25,127.37,55198.334
2025-10-10T01:45:00+00:00,127.37,128.55,127.02,128.36,57990.539
2025-10-10T02:00:00+00:00,128.36,128.60,127.47,127.74,64943.440
2025-10-10T02:15:00+00:00,127.74,129.13,127.71,128.84,59230.337
2025-10-10T02:30:00+00:00,128.84,128.96,127.80,128.78,70384.035
2025-10-10T02:45:00+00:00,128.78,128.98,127.80,128.04,48168.149
2025-10-10T03:00:00+00:00,128.04,128.32,127.55,128.32,40325.216
2025-10-10T03:15:00+00:00,128.32,132.07,128.09,131.73,277733.253
2025-10-10T03:30:00+00:00,131.75,132.14,130.91,131.21,127289.974
2025-10-10T03:45:00+00:00,131.21,132.79,131.09,131.22,141878.851
2025-10-10T04:00:00+00:00,131.22,132.17,130.17,130.78,134572.195
2025-10-10T04:15:00+00:00,130.78,131.00,129.85,129.99,75995.632
2025-10-10T04:30:00+00:00,129.98,130.32,129.01,129.40,73956.666
2025-10-10T04:45:00+00:00,129.40,129.98,129.11,129.64,43771.157
2025-10-10T05:00:00+00:00,129.64,129.72,127.81,127.88,214081.424
2025-10-10T05:15:00+00:00,127.87,128.79,127.80,128.76,90479.188
2025-10-10T05:30:00+00:00,128.75,129.47,128.37,129.33,72107.813
2025-10-10T05:45:00+00:00,129.33,130.08,128.95,130.04,59074.103
2025-10-10T06:00:00+00:00,130.03,131.37,130.03,131.26,126741.535
2025-10-10T06:15:00+00:00,131.25,131.72,129.84,130.09,136636.125
2025-10-10T06:30:00+00:00,130.09,130.90,125.76,126.93,589695.954
2025-10-10T06:45:00+00:00,126.92,127.82,126.80,127.67,108140.128
2025-10-10T07:00:00+00:00,127.66,127.97,126.97,127.64,59847.263
2025-10-10T07:15:00+00:00,127.65,127.98,127.07,127.95,49887.086
2025-10-10T07:30:00+00:00,127.95,128.85,127.68,128.77,58631.803
2025-10-10T07:45:00+00:00,128.77,128.97,128.17,128.24,47660.679
2025-10-10T08:00:00+00:00,128.24,129.45,128.08,129.26,69727.764
2025-10-10T08:15:00+00:00,129.26,130.29,129.06,129.84,125981.011
2025-10-10T08:30:00+00:00,129.82,129.86,129.09,129.09,47562.267
2025-10-10T08:45:00+00:00,129.10,129.38,128.66,128.99,57674.825
2025-10-10T09:00:00+00:00,129.00,129.63,128.50,129.31,55304.012
2025-10-10T09:15:00+00:00,129.31,130.17,128.94,130.10,43860.410
2025-10-10T09:30:00+00:00,130.10,130.21,129.54,129.78,34876.694
2025-10-10T09:45:00+00:00,129.78,129.87,128.89,129.78,36984.088
2025-10-10T10:00:00+00:00,129.78,130.45,129.57,130.34,34171.729
2025-10-10T10:15:00+00:00,130.34,130.88,129.91,129.92,46825.270
2025-10-10T10:30:00+00:00,129.92,130.00,128.70,129.02,53770.990
2025-10-10T10:45:00+00:00,129.02,129.98,129.02,129.72,25424.110
2025-10-10T11:00:00+00:00,129.72,130.76,129.72,130.35,69531.630
2025-10-10T11:15:00+00:00,130.36,131.45,130.27,131.12,86666.674
2025-10-10T11:30:00+00:00,131.12,132.16,131.06,132.01,110733.023
2025-10-10T11:45:00+00:00,132.02,133.33,131.18,132.13,183664.525
2025-10-10T12:00:00+00:00,132.13,133.26,131.64,131.86,104050.751
2025-10-10T12:15:00+00:00,131.86,132.50,131.29,131.51,55095.728
2025-10-10T12:30:00+00:00,131.51,132.31,131.46,131.98,50663.490
2025-10-10T12:45:00+00:00,131.98,133.21,131.90,133.17,74731.535
2025-10-10T13:00:00+00:00,133.16,133.68,132.43,132.57,115921.088
2025-10-10T13:15:00+00:00,132.56,136.03,132.48,135.15,255214.652
2025-10-10T13:30:00+00:00,135.15,135.36,134.04,134.48,137058.491
2025-10-10T13:45:00+00:00,134.48,135.25,133.64,133.80,113962.355
2025-10-10T14:00:00+00:00,133.79,135.32,133.52,133.98,105774.756
2025-10-10T14:15:00+00:00,133.98,134.16,132.75,132.88,133960.535
2025-10-10T14:30:00+00:00,132.87,133.69,132.82,133.36,62161.739
2025-10-10T14:45:00+00:00,133.35,133.36,131.50,131.82,170933.954
2025-10-10T15:00:00+00:00,131.83,132.12,129.15,129.61,459119.687
2025-10-10T15:15:00+00:00,129.61,129.89,126.28,126.98,466120.789
2025-10-10T15:30:00+00:00,126.97,129.52,125.85,129.19,552051.568
2025-10-10T15:45:00+00:00,129.19,129.19,126.88,127.04,207600.156
2025-10-10T16:00:00+00:00,127.04,129.23,126.53,129.07,386773.295
2025-10-10T16:15:00+00:00,129.07,129.07,127.64,127.94,107353.458
2025-10-10T16:30:00+00:00,127.93,128.34,126.80,127.01,74501.440
2025-10-10T16:45:00+00:00,127.01,127.53,125.07,125.32,158639.567
2025-10-10T17:00:00+00:00,125.31,126.67,124.94,126.54,206737.281
2025-10-10T17:15:00+00:00,126.53,128.40,126.29,128.20,292378.915
2025-10-10T17:30:00+00:00,128.21,128.51,127.25,127.51,100880.505
2025-10-10T17:45:00+00:00,127.51,128.06,126.82,127.43,73976.461
2025-10-10T18:00:00+00:00,127.44,127.48,126.30,126.60,54028.362
2025-10-10T18:15:00+00:00,126.60,127.62,126.25,126.78,55908.739
2025-10-10T18:30:00+00:00,126.78,127.12,126.27,126.53,51007.649
2025-10-10T18:45:00+00:00,126.53,126.95,126.34,126.39,33392.273
2025-10-10T19:00:00+00:00,126.39,127.05,126.31,126.60,69627.943
2025-10-10T19:15:00+00:00,126.59,128.26,125.42,125.50,158191.319
2025-10-10T19:30:00+00:00,125.50,127.82,125.41,127.66,156365.040
2025-10-10T19:45:00+00:00,127.66,127.94,126.42,126.73,73454.190
2025-10-10T20:00:00+00:00,126.73,126.87,125.91,126.48,68174.250
2025-10-10T20:15:00+00:00,126.49,127.60,125.78,127.26,50287.251
2025-10-10T20:30:00+00:00,127.27,127.28,125.95,126.27,38888.648
2025-10-10T20:45:00+00:00,126.28,126.94,119.18,121.54,638741.850
2025-10-10T21:00:00+00:00,121.53,123.54,110.18,114.12,787603.912
2025-10-10T21:15:00+00:00,114.11,115.67,51.60,84.66,2094108.550
2025-10-10T21:30:00+00:00,84.66,99.11,81.25,97.74,660932.193
2025-10-10T21:45:00+00:00,97.77,102.40,95.50,99.22,555101.660
2025-10-10T22:00:00+00:00,99.25,99.36,84.30,96.25,776757.186
2025-10-10T22:15:00+00:00,96.25,97.75,90.39,91.47,466224.615
2025-10-10T22:30:00+00:00,91.48,95.56,91.39,94.97,325814.294
2025-10-10T22:45:00+00:00,94.95,98.60,94.78,98.02,346453.677
2025-10-10T23:00:00+00:00,98.03,98.11,95.30,96.02,338047.512
2025-10-10T23:15:00+00:00,96.01,98.84,95.97,98.41,220791.479
2025-10-10T23:30:00+00:00,98.43,100.93,98.00,100.84,240260.448
2025-10-10T23:45:00+00:00,100.83,101.00,95.29,96.77,360865.125
2025-10-11T00:00:00+00:00,96.79,98.13,95.84,97.80,220216.814
2025-10-11T00:15:00+00:00,97.80,97.83,94.20,97.33,190897.128
2025-10-11T00:30:00+00:00,97.32,97.87,96.36,96.86,132180.768
2025-10-11T00:45:00+00:00,96.86,97.65,96.31,96.43,131832.941
2025-10-11T01:00:00+00:00,96.43,96.57,95.11,95.65,154661.971
2025-10-11T01:15:00+00:00,95.64,95.65,94.61,95.07,108970.301
2025-10-11T01:30:00+00:00,95.08,96.41,94.81,95.24,101626.411
2025-10-11T01:45:00+00:00,95.23,96.39,95.05,96.08,76192.554
2025-10-11T02:00:00+00:00,96.09,97.98,96.04,97.83,136534.411
2025-10-11T02:15:00+00:00,97.84,100.07,97.69,99.64,130345.934
2025-10-11T02:30:00+00:00,99.64,101.52,99.52,101.33,127917.883
2025-10-11T02:45:00+00:00,101.34,102.70,100.61,101.22,139041.121
2025-10-11T03:00:00+00:00,101.21,101.42,98.40,98.98,160678.878
2025-10-11T03:15:00+00:00,98.97,99.02,97.90,98.30,79296.597
2025-10-11T03:30:00+00:00,98.30,99.91,98.04,99.57,98732.251
2025-10-11T03:45:00+00:00,99.58,100.77,99.09,100.59,92945.551
2025-10-11T04:00:00+00:00,100.58,100.65,99.66,100.08,88605.286
2025-10-11T04:15:00+00:00,100.07,100.39,99.46,99.85,64418.418
2025-10-11T04:30:00+00:00,99.84,99.97,99.32,99.93,55079.122
2025-10-11T04:45:00+00:00,99.94,101.05,99.48,100.52,57543.840
2025-10-11T05:00:00+00:00,100.51,100.75,99.53,99.73,56588.158
2025-10-11T05:15:00+00:00,99.73,99.81,98.01,98.09,84912.830
2025-10-11T05:30:00+00:00,98.09,98.60,97.64,98.10,80136.115
2025-10-11T05:45:00+00:00,98.09,98.94,98.04,98.38,71988.415
2025-10-11T06:00:00+00:00,98.39,99.07,98.09,98.99,46007.631
2025-10-11T06:15:00+00:00,98.99,99.70,98.75,99.63,43572.990
2025-10-11T06:30:00+00:00,99.63,100.23,99.12,99.48,60507.375
2025-10-11T06:45:00+00:00,99.47,99.67,98.31,98.79,53368.827
2025-10-11T07:00:00+00:00,98.79,99.30,98.50,99.11,45590.262
2025-10-11T07:15:00+00:00,99.12,99.63,98.45,98.91,46523.604
2025-10-11T07:30:00+00:00,98.90,99.13,98.43,98.90,45185.102
2025-10-11T07:45:00+00:00,98.92,98.99,98.13,98.38,35654.352
2025-10-11T08:00:00+00:00,98.38,98.47,97.53,98.06,52354.524
2025-10-11T08:15:00+00:00,98.07,99.69,97.99,98.98,66318.841
2025-10-11T08:30:00+00:00,98.98,99.83,98.70,99.44,58487.962
2025-10-11T08:45:00+00:00,99.44,99.80,99.30,99.33,54561.456
2025-10-11T09:00:00+00:00,99.34,100.62,98.65,99.09,110763.841
2025-10-11T09:15:00+00:00,99.08,99.31,98.57,98.85,96880.962
2025-10-11T09:30:00+00:00,98.86,99.32,98.73,99.12,52937.473
2025-10-11T09:45:00+00:00,99.13,99.20,98.10,98.19,60347.322
2025-10-11T10:00:00+00:00,98.19,98.68,98.06,98.50,49941.570
2025-10-11T10:15:00+00:00,98.51,98.88,97.93,98.86,51016.799
2025-10-11T10:30:00+00:00,98.86,98.95,97.94,98.17,60772.469
2025-10-11T10:45:00+00:00,98.18,98.49,97.91,98.42,34248.796
2025-10-11T11:00:00+00:00,98.44,98.58,97.78,98.00,49557.528
2025-10-11T11:15:00+00:00,98.00,98.30,97.17,98.20,59517.275
2025-10-11T11:30:00+00:00,98.19,98.25,97.74,98.17,27501.722
2025-10-11T11:45:00+00:00,98.18,98.59,97.80,98.02,37925.892
2025-10-11T12:00:00+00:00,98.02,98.04,97.37,97.67,40896.723
2025-10-11T12:15:00+00:00,97.68,98.11,97.50,98.08,34024.460
2025-10-11T12:30:00+00:00,98.08,98.08,97.38,97.62,30626.325
2025-10-11T12:45:00+00:00,97.62,97.64,96.38,97.32,67925.743
2025-10-11T13:00:00+00:00,97.32,97.63,96.82,97.59,40569.245
2025-10-11T13:15:00+00:00,97.59,97.65,96.90,97.05,48267.409
2025-10-11T13:30:00+00:00,97.05,97.08,95.09,96.33,124359.908
2025-10-11T13:45:00+00:00,96.32,97.10,96.21,96.39,65474.487
2025-10-11T14:00:00+00:00,96.39,96.43,95.93,96.05,85199.451
2025-10-11T14:15:00+00:00,96.04,96.19,95.31,95.49,87962.860
2025-10-11T14:30:00+00:00,95.50,96.48,95.37,95.65,75521.474
2025-10-11T14:45:00+00:00,95.65,96.09,95.63,95.98,40688.096
2025-10-11T15:00:00+00:00,95.98,97.46,95.98,97.01,66147.653
2025-10-11T15:15:00+00:00,97.01,97.26,96.34,97.12,58578.954
2025-10-11T15:30:00+00:00,97.12,97.23,95.91,95.95,47187.161
2025-10-11T15:45:00+00:00,95.95,96.28,95.86,95.96,33099.205
2025-10-11T16:00:00+00:00,95.96,96.77,95.88,96.70,41154.327
2025-10-11T16:15:00+00:00,96.70,96.79,95.86,95.98,36453.236
2025-10-11T16:30:00+00:00,95.98,96.17,95.44,95.48,38065.640
2025-10-11T16:45:00+00:00,95.48,96.07,95.36,96.07,22563.463
2025-10-11T17:00:00+00:00,96.07,96.68,96.01,96.59,30694.268
2025-10-11T17:15:00+00:00,96.60,97.35,96.25,97.15,42517.277
2025-10-11T17:30:00+00:00,97.15,97.19,96.50,96.93,36235.579
2025-10-11T17:45:00+00:00,96.93,97.41,96.63,97.40,31227.402
2025-10-11T18:00:00+00:00,97.40,97.59,97.24,97.48,31042.453
2025-10-11T18:15:00+00:00,97.48,97.81,97.25,97.77,29184.213
2025-10-11T18:30:00+00:00,97.77,97.91,97.19,97.36,28054.559
2025-10-11T18:45:00+00:00,97.37,97.58,97.08,97.08,17559.554
2025-10-11T19:00:00+00:00,97.09,97.10,95.57,95.84,62052.244
2025-10-11T19:15:00+00:00,95.85,95.88,94.75,95.11,90200.082
2025-10-11T19:30:00+00:00,95.11,95.11,93.95,94.43,67538.106
2025-10-11T19:45:00+00:00,94.44,94.78,93.08,93.68,103597.491
2025-10-11T20:00:00+00:00,93.68,93.99,92.69,93.03,66657.383
2025-10-11T20:15:00+00:00,93.02,93.56,92.28,92.52,55585.933
2025-10-11T20:30:00+00:00,92.52,92.57,91.56,91.71,86224.834
2025-10-11T20:45:00+00:00,91.71,92.60,91.11,91.61,79746.860
2025-10-11T21:00:00+00:00,91.62,91.77,90.04,90.85,139982.502
2025-10-11T21:15:00+00:00,90.86,93.30,90.69,92.11,115519.356
2025-10-11T21:30:00+00:00,92.10,93.05,91.71,92.38,64301.142
2025-10-11T21:45:00+00:00,92.38,93.58,92.38,93.49,26362.590
2025-10-11T22:00:00+00:00,93.49,93.65,93.00,93.31,46181.468
2025-10-11T22:15:00+00:00,93.31,93.91,93.05,93.75,28085.321
2025-10-11T22:30:00+00:00,93.75,94.22,93.73,93.78,38227.688
2025-10-11T22:45:00+00:00,93.78,93.93,93.40,93.86,19466.351
2025-10-11T23:00:00+00:00,93.86,93.98,93.33,93.93,23336.230
2025-10-11T23:15:00+00:00,93.93,94.24,93.70,94.07,16947.895
2025-10-11T23:30:00+00:00,94.07,94.09,93.23,93.45,31152.421
2025-10-11T23:45:00+00:00,93.46,93.56,93.07,93.28,21640.050
2025-10-12T00:00:00+00:00,93.28,93.52,92.97,93.02,29542.938
2025-10-12T00:15:00+00:00,93.02,93.23,92.33,92.44,42581.261
2025-10-12T00:30:00+00:00,92.44,93.25,92.32,92.65,35321.070
2025-10-12T00:45:00+00:00,92.66,92.68,91.55,91.65,35458.925
2025-10-12T01:00:00+00:00,91.65,92.50,91.62,92.44,33672.131
2025-10-12T01:15:00+00:00,92.44,92.71,92.11,92.38,21997.532
2025-10-12T01:30:00+00:00,92.38,93.19,92.18,93.16,59075.876
2025-10-12T01:45:00+00:00,93.15,93.59,92.20,92.28,41144.624
2025-10-12T02:00:00+00:00,92.28,92.31,91.77,92.13,37658.039
2025-10-12T02:15:00+00:00,92.14,93.25,92.07,93.19,27794.303
2025-10-12T02:30:00+00:00,93.20,93.60,92.55,92.86,27366.780
2025-10-12T02:45:00+00:00,92.85,92.92,91.95,92.52,25786.760
2025-10-12T03:00:00+00:00,92.52,93.70,92.41,93.30,43256.053
2025-10-12T03:15:00+00:00,93.30,93.91,92.96,93.56,30816.204
2025-10-12T03:30:00+00:00,93.57,94.27,93.56,93.85,30191.138
2025-10-12T03:45:00+00:00,93.86,93.95,93.43,93.69,17221.934
2025-10-12T04:00:00+00:00,93.69,94.18,93.45,94.10,21545.705
2025-10-12T04:15:00+00:00,94.10,94.74,94.07,94.40,38127.794
2025-10-12T04:30:00+00:00,94.40,94.74,94.15,94.27,24842.833
2025-10-12T04:45:00+00:00,94.27,94.41,94.03,94.40,29133.095
2025-10-12T05:00:00+00:00,94.41,94.42,93.90,93.94,18430.393
2025-10-12T05:15:00+00:00,93.95,94.29,93.81,94.20,20041.532
2025-10-12T05:30:00+00:00,94.20,94.46,94.14,94.36,16165.677
2025-10-12T05:45:00+00:00,94.37,94.64,94.27,94.29,14035.232
2025-10-12T06:00:00+00:00,94.30,95.03,94.23,94.96,31290.861
2025-10-12T06:15:00+00:00,94.95,95.61,94.87,95.58,28620.066
2025-10-12T06:30:00+00:00,95.57,95.66,95.36,95.55,33739.672
2025-10-12T06:45:00+00:00,95.54,96.00,95.39,95.87,23084.378
2025-10-12T07:00:00+00:00,95.86,96.45,95.67,96.18,34761.756
2025-10-12T07:15:00+00:00,96.19,96.55,95.68,95.71,35393.275
2025-10-12T07:30:00+00:00,95.71,95.74,94.97,95.24,57986.816
2025-10-12T07:45:00+00:00,95.24,95.71,95.08,95.26,41072.626
2025-10-12T08:00:00+00:00,95.25,95.72,95.11,95.57,31451.717
2025-10-12T08:15:00+00:00,95.57,95.75,95.28,95.61,23386.396
2025-10-12T08:30:00+00:00,95.61,95.62,95.17,95.42,32163.806
2025-10-12T08:45:00+00:00,95.42,95.82,95.39,95.50,28805.138
2025-10-12T09:00:00+00:00,95.51,95.51,94.41,94.71,47724.341
2025-10-12T09:15:00+00:00,94.71,95.01,94.19,94.36,44765.602
2025-10-12T09:30:00+00:00,94.36,94.61,93.91,94.43,53159.848
2025-10-12T09:45:00+00:00,94.43,95.00,94.17,94.85,37248.352
2025-10-12T10:00:00+00:00,94.85,95.47,94.78,95.10,35320.275
2025-10-12T10:15:00+00:00,95.09,95.44,94.87,95.20,26163.849
2025-10-12T10:30:00+00:00,95.19,95.60,95.06,95.34,32571.478
2025-10-12T10:45:00+00:00,95.32,95.81,95.30,95.45,18385.592
2025-10-12T11:00:00+00:00,95.46,95.90,95.29,95.67,22441.412
2025-10-12T11:15:00+00:00,95.67,95.73,95.06,95.63,15790.067
2025-10-12T11:30:00+00:00,95.63,95.93,95.39,95.53,18411.329
2025-10-12T11:45:00+00:00,95.53,95.82,95.36,95.52,18829.610
2025-10-12T12:00:00+00:00,95.51,95.98,95.34,95.86,26201.314
2025-10-12T12:15:00+00:00,95.85,95.86,95.43,95.47,26042.212
2025-10-12T12:30:00+00:00,95.46,96.14,95.46,96.08,25299.546
2025-10-12T12:45:00+00:00,96.09,96.10,95.45,95.90,22622.651
2025-10-12T13:00:00+00:00,95.90,96.51,95.60,96.19,31337.918
2025-10-12T13:15:00+00:00,96.19,96.48,95.56,95.66,34725.110
2025-10-12T13:30:00+00:00,95.66,95.66,94.73,95.24,56890.734
2025-10-12T13:45:00+00:00,95.25,95.28,94.44,94.84,30936.720
2025-10-12T14:00:00+00:00,94.85,95.54,94.79,95.18,25310.257
2025-10-12T14:15:00+00:00,95.18,95.46,94.43,94.77,35448.194
2025-10-12T14:30:00+00:00,94.77,94.87,94.05,94.56,43729.735
2025-10-12T14:45:00+00:00,94.56,97.88,94.49,96.36,344541.226
2025-10-12T15:00:00+00:00,96.37,98.41,96.15,98.13,197582.326
2025-10-12T15:15:00+00:00,98.13,98.59,97.51,98.31,138767.921
2025-10-12T15:30:00+00:00,98.31,98.34,96.77,97.37,116840.639
2025-10-12T15:45:00+00:00,97.36,98.25,97.36,98.12,60901.389
2025-10-12T16:00:00+00:00,98.12,99.32,98.11,98.75,121728.879
2025-10-12T16:15:00+00:00,98.75,98.75,97.64,98.19,105154.349
2025-10-12T16:30:00+00:00,98.19,99.42,98.02,99.37,97789.240
2025-10-12T16:45:00+00:00,99.38,99.88,98.25,99.02,147991.901
2025-10-12T17:00:00+00:00,99.03,99.73,98.86,99.47,73783.204
2025-10-12T17:15:00+00:00,99.47,99.61,98.93,99.31,52120.889
2025-10-12T17:30:00+00:00,99.31,99.57,98.85,99.39,41930.012
2025-10-12T17:45:00+00:00,99.39,99.52,98.32,99.36,85264.787
2025-10-12T18:00:00+00:00,99.36,99.46,98.95,99.15,45003.585
2025-10-12T18:15:00+00:00,99.14,99.80,98.90,99.05,73225.526
2025-10-12T18:30:00+00:00,99.04,99.54,98.64,98.70,44769.693
2025-10-12T18:45:00+00:00,98.71,99.07,98.47,98.97,39101.969
2025-10-12T19:00:00+00:00,98.97,99.82,98.85,99.77,25010.630
2025-10-12T19:15:00+00:00,99.77,99.96,99.48,99.93,29187.476
2025-10-12T19:30:00+00:00,99.93,100.86,99.82,100.34,83644.370
2025-10-12T19:45:00+00:00,100.33,100.98,100.33,100.75,33913.557
2025-10-12T20:00:00+00:00,100.75,101.14,100.48,100.87,61796.067
2025-10-12T20:15:00+00:00,100.87,101.32,100.52,101.28,38989.373
2025-10-12T20:30:00+00:00,101.28,101.73,100.67,101.49,53480.784
2025-10-12T20:45:00+00:00,101.49,102.10,100.58,100.62,86884.742
2025-10-12T21:00:00+00:00,100.61,101.21,100.23,100.88,62859.449
2025-10-12T21:15:00+00:00,100.88,100.97,99.26,99.81,53411.524
2025-10-12T21:30:00+00:00,99.80,99.92,98.58,99.08,60534.896
2025-10-12T21:45:00+00:00,99.08,99.51,98.82,99.39,21640.630
2025-10-12T22:00:00+00:00,99.40,100.22,99.05,99.52,45133.469
2025-10-12T22:15:00+00:00,99.53,99.86,98.34,98.66,65915.333
2025-10-12T22:30:00+00:00,98.66,99.25,98.56,98.84,27424.639
2025-10-12T22:45:00+00:00,98.85,99.29,98.58,98.79,24467.341
2025-10-12T23:00:00+00:00,98.79,98.96,97.98,98.37,42914.029
2025-10-12T23:15:00+00:00,98.37,98.74,97.93,98.57,21745.698
2025-10-12T23:30:00+00:00,98.58,98.86,98.13,98.24,19867.531
2025-10-12T23:45:00+00:00,98.24,98.95,98.03,98.89,29942.703
2025-10-13T00:00:00+00:00,98.88,98.93,98.01,98.57,39018.138
2025-10-13T00:15:00+00:00,98.57,99.39,98.38,98.65,43793.902
2025-10-13T00:30:00+00:00,98.65,98.76,97.77,98.22,46389.174
2025-10-13T00:45:00+00:00,98.22,98.74,97.89,98.19,25330.354
2025-10-13T01:00:00+00:00,98.19,98.41,97.57,97.87,40859.395
2025-10-13T01:15:00+00:00,97.88,98.83,97.62,98.64,35455.662
2025-10-13T01:30:00+00:00,98.64,99.64,98.59,99.16,46458.479
2025-10-13T01:45:00+00:00,99.16,99.43,98.74,99.34,27036.781
2025-10-13T02:00:00+00:00,99.33,99.61,98.45,99.23,61334.900
2025-10-13T02:15:00+00:00,99.22,99.34,98.53,98.62,34095.765
2025-10-13T02:30:00+00:00,98.62,98.82,98.28,98.56,19544.821
2025-10-13T02:45:00+00:00,98.56,99.01,98.54,98.78,20410.553
2025-10-13T03:00:00+00:00,98.78,99.52,98.72,99.16,28626.041
2025-10-13T03:15:00+00:00,99.16,100.01,99.15,99.92,42109.099
2025-10-13T03:30:00+00:00,99.92,99.98,99.09,99.11,37252.262
2025-10-13T03:45:00+00:00,99.11,99.18,98.62,98.94,32493.677
2025-10-13T04:00:00+00:00,98.96,99.09,98.40,98.57,17200.607
2025-10-13T04:15:00+00:00,98.58,98.72,97.73,97.91,62004.234
2025-10-13T04:30:00+00:00,97.91,98.47,97.83,97.85,25745.871
2025-10-13T04:45:00+00:00,97.84,98.59,97.70,98.42,27612.343
2025-10-13T05:00:00+00:00,98.41,98.53,97.24,97.44,51296.806
2025-10-13T05:15:00+00:00,97.44,97.71,96.23,96.59,118040.618
2025-10-13T05:30:00+00:00,96.58,96.71,95.88,95.93,74984.474
2025-10-13T05:45:00+00:00,95.93,96.62,95.75,96.62,61538.539
2025-10-13T06:00:00+00:00,96.61,96.98,96.05,96.87,47160.969
2025-10-13T06:15:00+00:00,96.87,97.08,96.77,97.01,48007.479
2025-10-13T06:30:00+00:00,97.02,97.75,96.48,96.68,94230.192
2025-10-13T06:45:00+00:00,96.67,97.42,96.60,97.25,30262.244
2025-10-13T07:00:00+00:00,97.26,97.74,96.91,97.54,71340.163
2025-10-13T07:15:00+00:00,97.53,98.05,97.26,97.83,44454.928
2025-10-13T07:30:00+00:00,97.84,97.98,97.31,97.59,47302.482
2025-10-13T07:45:00+00:00,97.59,97.59,96.60,97.32,66042.403
2025-10-13T08:00:00+00:00,97.31,97.50,96.96,97.33,44454.644
2025-10-13T08:15:00+00:00,97.32,97.72,97.19,97.67,33664.079
2025-10-13T08:30:00+00:00,97.67,98.50,97.54,98.04,58189.710
2025-10-13T08:45:00+00:00,98.04,98.42,97.57,98.11,52122.784
2025-10-13T09:00:00+00:00,98.11,98.47,97.35,97.56,76606.402
2025-10-13T09:15:00+00:00,97.57,97.88,97.24,97.76,33351.484
2025-10-13T09:30:00+00:00,97.75,98.38,97.74,98.05,24998.976
2025-10-13T09:45:00+00:00,98.05,98.40,98.04,98.38,26330.376
2025-10-13T10:00:00+00:00,98.38,98.50,97.98,98.09,42460.302
2025-10-13T10:15:00+00:00,98.09,98.56,97.65,98.05,64205.823
2025-10-13T10:30:00+00:00,98.04,98.21,97.61,98.02,29874.009
2025-10-13T10:45:00+00:00,98.01,98.23,97.77,97.87,16691.218
2025-10-13T11:00:00+00:00,97.86,98.00,96.69,97.40,116413.140
2025-10-13T11:15:00+00:00,97.39,97.39,94.69,94.89,136262.746
2025-10-13T11:30:00+00:00,94.88,96.43,94.51,96.34,128461.679
2025-10-13T11:45:00+00:00,96.33,96.66,95.93,96.21,39536.948
2025-10-13T12:00:00+00:00,96.21,97.34,95.55,97.07,66986.431
2025-10-13T12:15:00+00:00,97.08,97.10,96.45,96.93,36703.149
2025-10-13T12:30:00+00:00,96.91,97.65,96.73,96.95,56325.374
2025-10-13T12:45:00+00:00,96.96,97.28,96.49,96.68,32548.933
2025-10-13T13:00:00+00:00,96.67,97.14,96.54,96.76,38730.069
2025-10-13T13:15:00+00:00,96.76,97.38,96.56,96.76,34644.399
2025-10-13T13:30:00+00:00,96.77,98.74,96.69,97.75,213900.746
2025-10-13T13:45:00+00:00,97.74,98.38,96.98,98.16,70507.468
2025-10-13T14:00:00+00:00,98.15,98.36,97.01,97.31,58776.287
2025-10-13T14:15:00+00:00,97.31,97.55,95.80,96.36,62993.041
2025-10-13T14:30:00+00:00,96.35,96.96,95.59,96.42,63890.204
2025-10-13T14:45:00+00:00,96.43,96.58,95.64,96.02,59010.704
2025-10-13T15:00:00+00:00,96.02,96.93,96.00,96.64,47182.073
2025-10-13T15:15:00+00:00,96.63,97.33,96.58,96.99,72446.532
2025-10-13T15:30:00+00:00,97.00,97.59,96.99,97.19,34844.657
2025-10-13T15:45:00+00:00,97.19,97.99,97.18,97.79,48069.139
2025-10-13T16:00:00+00:00,97.80,98.48,97.69,98.06,88381.799
2025-10-13T16:15:00+00:00,98.07,98.43,97.17,97.74,83417.435
2025-10-13T16:30:00+00:00,97.75,97.84,97.34,97.53,34233.044
2025-10-13T16:45:00+00:00,97.53,98.52,97.48,98.23,37392.949
2025-10-13T17:00:00+00:00,98.23,98.99,98.15,98.48,59288.348
2025-10-13T17:15:00+00:00,98.48,99.02,98.48,98.74,29495.897
2025-10-13T17:30:00+00:00,98.74,99.30,98.64,98.98,43696.149
2025-10-13T17:45:00+00:00,98.99,99.74,98.50,99.70,53614.379
2025-10-13T18:00:00+00:00,99.69,99.77,99.05,99.24,68485.669
2025-10-13T18:15:00+00:00,99.25,99.99,99.10,99.87,38810.101
2025-10-13T18:30:00+00:00,99.86,99.94,99.47,99.68,49937.095
2025-10-13T18:45:00+00:00,99.69,99.77,99.06,99.15,28766.340
2025-10-13T19:00:00+00:00,99.15,99.70,98.74,99.68,35111.493
2025-10-13T19:15:00+00:00,99.68,100.14,99.51,99.78,46671.618
2025-10-13T19:30:00+00:00,99.78,100.15,99.74,100.11,31254.141
2025-10-13T19:45:00+00:00,100.11,100.14,100.06,100.12,723.456
