timestamp,open,high,low,close,volume
2025-07-15T17:15:00+00:00,94.35,94.95,94.25,94.88,40672.819
2025-07-15T17:30:00+00:00,94.88,95.30,94.75,95.28,28696.082
2025-07-15T17:45:00+00:00,95.28,95.55,95.22,95.54,36953.630
2025-07-15T18:00:00+00:00,95.53,95.84,95.39,95.76,50729.668
2025-07-15T18:15:00+00:00,95.75,96.34,95.54,95.56,59650.327
2025-07-15T18:30:00+00:00,95.56,95.58,94.02,94.40,147517.049
2025-07-15T18:45:00+00:00,94.41,95.80,94.39,95.30,86676.390
2025-07-15T19:00:00+00:00,95.29,95.67,95.18,95.60,35913.863
2025-07-15T19:15:00+00:00,95.59,96.04,95.52,95.53,30035.032
2025-07-15T19:30:00+00:00,95.54,95.67,95.02,95.07,28271.344
2025-07-15T19:45:00+00:00,95.06,95.26,94.60,95.16,48297.650
2025-07-15T20:00:00+00:00,95.14,95.35,94.72,95.32,28678.011
2025-07-15T20:15:00+00:00,95.32,95.51,94.83,95.15,30061.751
2025-07-15T20:30:00+00:00,95.15,95.70,94.99,95.52,22822.222
2025-07-15T20:45:00+00:00,95.53,95.62,95.17,95.18,14165.024
2025-07-15T21:00:00+00:00,95.17,95.92,95.12,95.87,22681.405
2025-07-15T21:15:00+00:00,95.87,95.96,95.64,95.88,13778.418
2025-07-15T21:30:00+00:00,95.89,96.62,95.83,96.52,27019.553
2025-07-15T21:45:00+00:00,96.53,96.59,96.10,96.25,11415.185
2025-07-15T22:00:00+00:00,96.24,96.30,95.96,95.99,14584.491
2025-07-15T22:15:00+00:00,95.98,96.10,95.88,95.90,12190.429
2025-07-15T22:30:00+00:00,95.90,95.97,95.59,95.92,21501.133
2025-07-15T22:45:00+00:00,95.93,96.02,95.74,96.01,12763.272
2025-07-15T23:00:00+00:00,96.01,96.74,95.99,96.44,45639.167
2025-07-15T23:15:00+00:00,96.45,96.57,96.25,96.32,16901.384
2025-07-15T23:30:00+00:00,96.33,96.46,96.17,96.31,16670.014
2025-07-15T23:45:00+00:00,96.31,96.42,96.18,96.36,10605.567
2025-07-16T00:00:00+00:00,96.36,96.37,95.79,95.79,25728.506
2025-07-16T00:15:00+00:00,95.79,96.20,95.78,96.17,19966.305
2025-07-16T00:30:00+00:00,96.18,97.14,96.18,97.00,58982.240
2025-07-16T00:45:00+00:00,97.00,97.26,96.74,96.98,31912.065
2025-07-16T01:00:00+00:00,96.99,97.06,96.42,96.54,42228.317
2025-07-16T01:15:00+00:00,96.53,96.85,96.52,96.60,14119.994
2025-07-16T01:30:00+00:00,96.59,96.67,96.44,96.53,13311.052
2025-07-16T01:45:00+00:00,96.53,96.63,96.26,96.46,11546.932
2025-07-16T02:00:00+00:00,96.46,96.46,95.90,96.03,34803.922
2025-07-16T02:15:00+00:00,96.02,96.02,95.30,95.45,47366.181
2025-07-16T02:30:00+00:00,95.45,95.57,95.17,95.31,36726.725
2025-07-16T02:45:00+00:00,95.31,95.70,95.29,95.52,11409.160
2025-07-16T03:00:00+00:00,95.52,95.80,95.40,95.51,12185.420
2025-07-16T03:15:00+00:00,95.51,95.88,95.51,95.60,10306.096
2025-07-16T03:30:00+00:00,95.59,95.84,95.57,95.78,8902.046
2025-07-16T03:45:00+00:00,95.78,95.81,95.37,95.47,9497.174
2025-07-16T04:00:00+00:00,95.47,95.62,95.09,95.14,18658.599
2025-07-16T04:15:00+00:00,95.15,95.64,95.14,95.63,9591.467
2025-07-16T04:30:00+00:00,95.62,95.85,95.52,95.72,9856.612
2025-07-16T04:45:00+00:00,95.73,95.82,95.55,95.76,8369.277
2025-07-16T05:00:00+00:00,95.77,96.06,95.71,95.98,15722.429
2025-07-16T05:15:00+00:00,95.99,96.04,95.71,95.81,7130.385
2025-07-16T05:30:00+00:00,95.82,96.09,95.81,96.02,7967.052
2025-07-16T05:45:00+00:00,96.02,96.10,95.81,95.85,6980.937
2025-07-16T06:00:00+00:00,95.84,95.88,95.60,95.60,9984.286
2025-07-16T06:15:00+00:00,95.61,96.12,95.61,95.97,10578.404
2025-07-16T06:30:00+00:00,95.97,96.17,95.84,96.16,10924.113
2025-07-16T06:45:00+00:00,96.15,96.30,95.99,96.21,13083.762
2025-07-16T07:00:00+00:00,96.20,96.26,96.02,96.03,11247.761
2025-07-16T07:15:00+00:00,96.03,96.44,96.01,96.44,16068.637
2025-07-16T07:30:00+00:00,96.43,96.46,96.31,96.40,13742.632
2025-07-16T07:45:00+00:00,96.40,96.62,96.36,96.36,12596.966
2025-07-16T08:00:00+00:00,96.37,96.43,96.09,96.11,35685.621
2025-07-16T08:15:00+00:00,96.11,96.31,96.09,96.12,12727.858
2025-07-16T08:30:00+00:00,96.12,96.45,96.10,96.45,14604.763
2025-07-16T08:45:00+00:00,96.44,96.57,96.34,96.50,15514.716
2025-07-16T09:00:00+00:00,96.50,96.99,96.49,96.98,39860.509
2025-07-16T09:15:00+00:00,96.98,97.29,96.85,97.28,33328.946
2025-07-16T09:30:00+00:00,97.28,97.49,96.96,97.18,45800.486
2025-07-16T09:45:00+00:00,97.17,97.72,97.10,97.60,44804.923
2025-07-16T10:00:00+00:00,97.60,97.66,97.09,97.13,18926.631
2025-07-16T10:15:00+00:00,97.13,97.20,96.97,96.98,14636.982
2025-07-16T10:30:00+00:00,96.99,97.22,96.95,97.02,15981.278
2025-07-16T10:45:00+00:00,97.03,97.14,96.83,96.89,13298.826
2025-07-16T11:00:00+00:00,96.90,97.44,96.90,97.33,18629.747
2025-07-16T11:15:00+00:00,97.33,97.39,97.01,97.30,16794.525
2025-07-16T11:30:00+00:00,97.30,97.30,96.93,97.11,11302.088
2025-07-16T11:45:00+00:00,97.11,97.30,96.89,96.96,14423.178
2025-07-16T12:00:00+00:00,96.97,97.39,96.88,97.04,23498.411
2025-07-16T12:15:00+00:00,97.03,97.22,96.99,97.20,19948.464
2025-07-16T12:30:00+00:00,97.20,97.83,97.03,97.71,52576.798
2025-07-16T12:45:00+00:00,97.71,97.75,97.27,97.33,23747.560
2025-07-16T13:00:00+00:00,97.33,97.51,97.05,97.22,27447.832
2025-07-16T13:15:00+00:00,97.22,97.42,97.14,97.31,16358.232
2025-07-16T13:30:00+00:00,97.31,97.31,96.64,96.79,40884.774
2025-07-16T13:45:00+00:00,96.78,97.21,96.71,97.04,50047.505
2025-07-16T14:00:00+00:00,97.03,97.15,96.45,96.45,33276.845
2025-07-16T14:15:00+00:00,96.46,96.85,96.36,96.85,32115.384
2025-07-16T14:30:00+00:00,96.84,97.53,96.79,97.31,49115.268
2025-07-16T14:45:00+00:00,97.32,98.05,97.25,97.68,85515.571
2025-07-16T15:00:00+00:00,97.69,97.90,96.94,97.14,71799.659
2025-07-16T15:15:00+00:00,97.13,97.18,96.60,97.11,71006.281
2025-07-16T15:30:00+00:00,97.09,97.09,95.82,96.47,62969.277
2025-07-16T15:45:00+00:00,96.47,96.91,96.42,96.85,30632.522
2025-07-16T16:00:00+00:00,96.84,97.14,96.52,97.08,51616.209
2025-07-16T16:15:00+00:00,97.08,97.93,97.03,97.80,43824.379
2025-07-16T16:30:00+00:00,97.80,98.01,97.45,97.60,41703.961
2025-07-16T16:45:00+00:00,97.60,98.02,97.53,97.95,22432.746
2025-07-16T17:00:00+00:00,97.95,98.50,97.87,98.50,68364.455
2025-07-16T17:15:00+00:00,98.49,99.05,98.30,98.70,63001.673
2025-07-16T17:30:00+00:00,98.70,98.79,98.31,98.39,57989.180
2025-07-16T17:45:00+00:00,98.40,99.33,98.35,99.28,72141.961
2025-07-16T18:00:00+00:00,99.29,99.63,98.99,99.40,39895.711
2025-07-16T18:15:00+00:00,99.40,99.81,99.22,99.52,29443.336
2025-07-16T18:30:00+00:00,99.52,99.78,99.41,99.41,32310.757
2025-07-16T18:45:00+00:00,99.41,99.45,98.72,98.80,53019.057
2025-07-16T19:00:00+00:00,98.81,98.91,98.36,98.48,53507.089
2025-07-16T19:15:00+00:00,98.48,98.89,98.47,98.71,19713.562
2025-07-16T19:30:00+00:00,98.70,98.70,98.11,98.62,70650.647
2025-07-16T19:45:00+00:00,98.61,98.70,98.21,98.55,23854.358
2025-07-16T20:00:00+00:00,98.55,99.05,98.52,99.00,32713.157
2025-07-16T20:15:00+00:00,98.99,99.45,98.91,99.35,57226.567
2025-07-16T20:30:00+00:00,99.34,99.46,99.02,99.23,27297.991
2025-07-16T20:45:00+00:00,99.23,99.24,98.54,98.70,29196.285
2025-07-16T21:00:00+00:00,98.69,99.04,98.56,98.84,38216.042
2025-07-16T21:15:00+00:00,98.84,99.99,98.80,99.88,49801.649
2025-07-16T21:30:00+00:00,99.89,99.89,98.89,99.21,34815.355
2025-07-16T21:45:00+00:00,99.21,99.37,98.93,99.07,9760.053
2025-07-16T22:00:00+00:00,99.07,99.37,99.05,99.17,22522.736
2025-07-16T22:15:00+00:00,99.16,99.29,98.86,98.91,16931.923
2025-07-16T22:30:00+00:00,98.90,98.96,98.47,98.65,30209.934
2025-07-16T22:45:00+00:00,98.64,98.66,97.53,97.89,106224.332
2025-07-16T23:00:00+00:00,97.89,97.98,97.19,97.39,61188.502
2025-07-16T23:15:00+00:00,97.39,97.69,97.06,97.56,35140.551
2025-07-16T23:30:00+00:00,97.56,97.78,97.18,97.77,26897.268
2025-07-16T23:45:00+00:00,97.77,97.77,97.28,97.46,11619.581
2025-07-17T00:00:00+00:00,97.46,97.78,97.35,97.53,27787.089
2025-07-17T00:15:00+00:00,97.53,98.59,97.53,98.37,45436.277
2025-07-17T00:30:00+00:00,98.37,98.84,98.28,98.64,20796.508
2025-07-17T00:45:00+00:00,98.64,98.64,97.73,97.80,47317.367
2025-07-17T01:00:00+00:00,97.79,98.23,97.69,97.97,48309.137
2025-07-17T01:15:00+00:00,97.97,97.98,96.84,97.23,84291.256
2025-07-17T01:30:00+00:00,97.22,97.23,96.41,96.77,57077.384
2025-07-17T01:45:00+00:00,96.78,96.78,95.56,96.48,81159.969
2025-07-17T02:00:00+00:00,96.48,96.87,96.29,96.68,27693.355
2025-07-17T02:15:00+00:00,96.67,96.94,96.58,96.74,15641.489
2025-07-17T02:30:00+00:00,96.73,96.81,96.52,96.66,9370.706
2025-07-17T02:45:00+00:00,96.65,96.90,96.24,96.75,14294.899
2025-07-17T03:00:00+00:00,96.75,96.76,96.16,96.20,19610.191
2025-07-17T03:15:00+00:00,96.20,96.38,95.44,95.62,43815.298
2025-07-17T03:30:00+00:00,95.61,95.93,95.33,95.77,48092.709
2025-07-17T03:45:00+00:00,95.76,96.18,95.69,96.11,21436.441
2025-07-17T04:00:00+00:00,96.10,96.45,95.88,96.36,17114.411
2025-07-17T04:15:00+00:00,96.35,96.54,96.18,96.42,15340.809
2025-07-17T04:30:00+00:00,96.41,96.67,96.37,96.51,17692.482
2025-07-17T04:45:00+00:00,96.50,96.60,96.38,96.59,12224.472
2025-07-17T05:00:00+00:00,96.58,96.76,96.21,96.67,13408.094
2025-07-17T05:15:00+00:00,96.67,97.17,96.67,97.16,19589.630
2025-07-17T05:30:00+00:00,97.16,97.67,97.09,97.56,52002.966
2025-07-17T05:45:00+00:00,97.55,97.79,97.37,97.78,25414.161
2025-07-17T06:00:00+00:00,97.78,98.37,97.61,97.87,55180.781
2025-07-17T06:15:00+00:00,97.87,98.48,97.46,98.33,66822.540
2025-07-17T06:30:00+00:00,98.33,98.57,98.05,98.54,47589.856
2025-07-17T06:45:00+00:00,98.53,98.64,98.21,98.36,38810.381
2025-07-17T07:00:00+00:00,98.35,98.45,97.65,97.66,53329.420
2025-07-17T07:15:00+00:00,97.67,97.84,97.44,97.63,21589.775
2025-07-17T07:30:00+00:00,97.64,98.39,97.60,98.38,30235.294
2025-07-17T07:45:00+00:00,98.38,98.45,98.10,98.20,23159.191
2025-07-17T08:00:00+00:00,98.20,98.37,98.00,98.33,23124.818
2025-07-17T08:15:00+00:00,98.32,98.86,98.26,98.64,44464.096
2025-07-17T08:30:00+00:00,98.64,98.74,98.34,98.50,26145.217
2025-07-17T08:45:00+00:00,98.50,98.91,98.30,98.87,30615.679
2025-07-17T09:00:00+00:00,98.87,99.63,98.68,99.50,82820.215
2025-07-17T09:15:00+00:00,99.50,100.60,99.25,100.48,101140.609
2025-07-17T09:30:00+00:00,100.49,100.95,100.18,100.86,103554.440
2025-07-17T09:45:00+00:00,100.87,101.42,100.71,100.74,114088.205
2025-07-17T10:00:00+00:00,100.74,100.90,99.74,100.33,110233.116
2025-07-17T10:15:00+00:00,100.33,100.63,99.84,99.97,49430.804
2025-07-17T10:30:00+00:00,99.98,100.20,99.49,99.55,73563.991
2025-07-17T10:45:00+00:00,99.55,100.33,99.55,100.09,53254.786
2025-07-17T11:00:00+00:00,100.10,100.13,99.56,99.97,36664.884
2025-07-17T11:15:00+00:00,99.98,100.17,99.43,99.73,54069.107
2025-07-17T11:30:00+00:00,99.72,99.73,99.21,99.54,33043.462
2025-07-17T11:45:00+00:00,99.53,99.94,99.44,99.66,26992.773
2025-07-17T12:00:00+00:00,99.66,100.06,98.88,99.35,79876.876
2025-07-17T12:15:00+00:00,99.34,99.73,99.33,99.37,36611.677
2025-07-17T12:30:00+00:00,99.37,100.38,99.32,100.34,92962.172
2025-07-17T12:45:00+00:00,100.34,100.97,100.13,100.70,75927.767
2025-07-17T13:00:00+00:00,100.70,100.95,100.27,100.27,93490.139
2025-07-17T13:15:00+00:00,100.27,100.47,99.64,100.12,75515.219
2025-07-17T13:30:00+00:00,100.12,100.16,98.72,98.74,112983.629
2025-07-17T13:45:00+00:00,98.74,100.09,98.17,99.78,127576.702
2025-07-17T14:00:00+00:00,99.77,100.58,99.76,100.24,62728.285
2025-07-17T14:15:00+00:00,100.24,100.70,99.95,100.69,33596.423
2025-07-17T14:30:00+00:00,100.70,101.50,100.69,100.99,110517.910
2025-07-17T14:45:00+00:00,100.98,101.27,100.59,100.79,47191.027
2025-07-17T15:00:00+00:00,100.79,100.91,100.04,100.06,75182.798
2025-07-17T15:15:00+00:00,100.08,101.06,99.91,100.73,48205.857
2025-07-17T15:30:00+00:00,100.73,101.76,100.73,101.59,94904.076
2025-07-17T15:45:00+00:00,101.59,101.72,101.25,101.28,66378.111
2025-07-17T16:00:00+00:00,101.29,101.59,100.79,101.46,77697.726
2025-07-17T16:15:00+00:00,101.46,101.62,100.61,100.82,121801.672
2025-07-17T16:30:00+00:00,100.84,101.44,100.20,101.16,145955.051
2025-07-17T16:45:00+00:00,101.16,101.58,100.70,101.58,67171.779
2025-07-17T17:00:00+00:00,101.58,101.99,101.22,101.35,110321.147
2025-07-17T17:15:00+00:00,101.36,101.44,100.53,100.71,81728.914
2025-07-17T17:30:00+00:00,100.71,100.81,99.98,100.44,63247.845
2025-07-17T17:45:00+00:00,100.44,101.60,100.26,101.46,68734.661
2025-07-17T18:00:00+00:00,101.46,101.72,100.71,101.29,120182.775
2025-07-17T18:15:00+00:00,101.28,101.70,101.10,101.58,29138.339
2025-07-17T18:30:00+00:00,101.57,101.68,101.21,101.25,40590.150
2025-07-17T18:45:00+00:00,101.26,101.67,101.03,101.60,25018.683
2025-07-17T19:00:00+00:00,101.60,102.40,101.60,102.04,73044.117
2025-07-17T19:15:00+00:00,102.03,102.18,101.75,102.00,48271.002
2025-07-17T19:30:00+00:00,102.01,102.09,101.54,101.84,36039.592
2025-07-17T19:45:00+00:00,101.83,101.83,100.86,100.97,67398.572
2025-07-17T20:00:00+00:00,100.96,101.07,99.83,100.35,96022.785
2025-07-17T20:15:00+00:00,100.36,100.87,99.79,100.66,54503.068
2025-07-17T20:30:00+00:00,100.65,101.59,100.63,101.17,39871.353
2025-07-17T20:45:00+00:00,101.17,101.55,100.70,101.13,38582.146
2025-07-17T21:00:00+00:00,101.13,102.50,101.07,102.10,85448.972
2025-07-17T21:15:00+00:00,102.10,102.70,101.66,102.02,75017.653
2025-07-17T21:30:00+00:00,102.02,102.06,100.05,101.21,62861.470
2025-07-17T21:45:00+00:00,101.21,102.00,101.21,101.64,43548.204
2025-07-17T22:00:00+00:00,101.64,102.28,101.27,102.17,36616.957
2025-07-17T22:15:00+00:00,102.19,102.75,101.75,102.71,45523.377
2025-07-17T22:30:00+00:00,102.72,103.53,102.65,102.99,62808.438
2025-07-17T22:45:00+00:00,103.00,103.63,102.09,102.22,65028.619
2025-07-17T23:00:00+00:00,102.22,102.92,102.02,102.40,36750.414
2025-07-17T23:15:00+00:00,102.39,103.12,102.39,102.64,36088.448
2025-07-17T23:30:00+00:00,102.64,102.64,101.79,101.99,37469.261
2025-07-17T23:45:00+00:00,101.99,102.20,101.38,101.60,35308.370
2025-07-18T00:00:00+00:00,101.60,102.09,101.07,101.35,51098.051
2025-07-18T00:15:00+00:00,101.34,102.64,101.32,102.53,73864.098
2025-07-18T00:30:00+00:00,102.53,103.15,102.48,103.10,63285.966
2025-07-18T00:45:00+00:00,103.11,103.52,102.97,103.31,64885.285
2025-07-18T01:00:00+00:00,103.32,103.78,103.01,103.47,64479.564
2025-07-18T01:15:00+00:00,103.47,104.08,103.10,103.97,101564.274
2025-07-18T01:30:00+00:00,103.97,104.72,103.61,104.00,87454.533
2025-07-18T01:45:00+00:00,104.00,104.42,103.76,104.27,48221.388
2025-07-18T02:00:00+00:00,104.28,104.43,103.33,104.33,73099.894
2025-07-18T02:15:00+00:00,104.32,104.90,103.75,104.72,68448.882
2025-07-18T02:30:00+00:00,104.72,104.79,104.32,104.39,47942.654
2025-07-18T02:45:00+00:00,104.39,104.70,104.08,104.47,29641.144
2025-07-18T03:00:00+00:00,104.48,104.66,103.90,104.34,33286.046
2025-07-18T03:15:00+00:00,104.34,106.76,104.32,105.53,335756.353
2025-07-18T03:30:00+00:00,105.54,106.90,105.04,106.71,114557.412
2025-07-18T03:45:00+00:00,106.71,107.87,106.61,107.82,184827.800
2025-07-18T04:00:00+00:00,107.82,107.88,106.19,106.50,112855.757
2025-07-18T04:15:00+00:00,106.51,107.72,106.43,107.36,79443.350
2025-07-18T04:30:00+00:00,107.36,107.74,106.91,107.23,63873.889
2025-07-18T04:45:00+00:00,107.22,107.60,106.96,107.33,37818.563
2025-07-18T05:00:00+00:00,107.33,109.41,106.98,108.32,143113.924
2025-07-18T05:15:00+00:00,108.31,108.90,107.82,108.87,73572.803
2025-07-18T05:30:00+00:00,108.87,109.31,108.51,109.22,102458.921
2025-07-18T05:45:00+00:00,109.20,109.53,108.92,108.97,69698.848
2025-07-18T06:00:00+00:00,108.96,109.18,108.04,108.90,106395.809
2025-07-18T06:15:00+00:00,108.90,108.99,107.90,108.01,59178.704
2025-07-18T06:30:00+00:00,108.00,109.10,107.86,109.02,118816.094
2025-07-18T06:45:00+00:00,109.04,110.27,108.78,108.86,132994.697
2025-07-18T07:00:00+00:00,108.87,109.46,108.59,108.61,67331.591
2025-07-18T07:15:00+00:00,108.62,109.44,108.20,109.40,77228.070
2025-07-18T07:30:00+00:00,109.40,109.79,108.26,108.92,99043.288
2025-07-18T07:45:00+00:00,108.91,109.23,107.55,107.74,123674.629
2025-07-18T08:00:00+00:00,107.74,109.38,107.72,108.64,102382.359
2025-07-18T08:15:00+00:00,108.63,109.87,108.54,109.80,69011.745
2025-07-18T08:30:00+00:00,109.79,109.79,107.98,108.19,139173.984
2025-07-18T08:45:00+00:00,108.18,109.20,107.98,108.75,69643.242
2025-07-18T09:00:00+00:00,108.75,109.31,107.91,109.24,87679.638
2025-07-18T09:15:00+00:00,109.26,109.50,108.46,109.00,77563.379
2025-07-18T09:30:00+00:00,109.00,109.80,108.71,109.33,58210.717
2025-07-18T09:45:00+00:00,109.33,112.34,109.33,111.43,257108.183
2025-07-18T10:00:00+00:00,111.43,111.46,109.64,109.97,149597.200
2025-07-18T10:15:00+00:00,109.98,110.23,108.75,108.89,89395.492
2025-07-18T10:30:00+00:00,108.88,109.82,108.88,109.79,46343.694
2025-07-18T10:45:00+00:00,109.78,110.18,109.31,109.97,48167.227
2025-07-18T11:00:00+00:00,109.98,110.16,109.17,109.32,33925.709
2025-07-18T11:15:00+00:00,109.33,109.67,108.10,108.72,104023.121
2025-07-18T11:30:00+00:00,108.71,109.27,108.55,109.12,52636.575
2025-07-18T11:45:00+00:00,109.12,109.31,108.51,108.56,33460.541
2025-07-18T12:00:00+00:00,108.56,108.88,108.22,108.32,33258.606
2025-07-18T12:15:00+00:00,108.31,108.50,108.06,108.23,31645.676
2025-07-18T12:30:00+00:00,108.24,110.22,108.22,109.25,211730.910
2025-07-18T12:45:00+00:00,109.24,110.48,109.02,110.44,70439.609
2025-07-18T13:00:00+00:00,110.43,110.44,106.64,106.89,309979.934
2025-07-18T13:15:00+00:00,106.88,107.01,105.42,106.32,262438.417
2025-07-18T13:30:00+00:00,106.32,106.76,105.60,106.41,158739.094
2025-07-18T13:45:00+00:00,106.40,107.11,106.34,106.49,84599.731
2025-07-18T14:00:00+00:00,106.50,106.81,105.84,106.22,100811.545
2025-07-18T14:15:00+00:00,106.22,106.38,104.44,104.97,227338.749
2025-07-18T14:30:00+00:00,104.98,105.33,104.13,104.92,136575.661
2025-07-18T14:45:00+00:00,104.91,105.50,104.79,105.07,68727.251
2025-07-18T15:00:00+00:00,105.06,105.20,104.05,104.14,73994.982
2025-07-18T15:15:00+00:00,104.14,104.49,103.41,103.87,138101.432
2025-07-18T15:30:00+00:00,103.88,104.21,103.12,103.45,101377.690
2025-07-18T15:45:00+00:00,103.46,104.49,103.23,103.91,57577.819
2025-07-18T16:00:00+00:00,103.90,104.74,103.90,104.65,89087.465
2025-07-18T16:15:00+00:00,104.64,104.94,104.30,104.58,61210.132
2025-07-18T16:30:00+00:00,104.58,105.64,104.48,105.50,82458.892
2025-07-18T16:45:00+00:00,105.49,105.79,105.13,105.31,45208.451
2025-07-18T17:00:00+00:00,105.31,105.37,104.23,104.27,55663.783
2025-07-18T17:15:00+00:00,104.27,105.07,104.27,104.90,32239.550
2025-07-18T17:30:00+00:00,104.89,105.24,104.35,104.57,31074.027
2025-07-18T17:45:00+00:00,104.57,104.68,104.19,104.48,31328.392
2025-07-18T18:00:00+00:00,104.48,104.57,103.49,103.59,49608.294
2025-07-18T18:15:00+00:00,103.58,104.02,103.42,104.02,36050.509
2025-07-18T18:30:00+00:00,104.01,104.16,103.35,103.45,53687.923
2025-07-18T18:45:00+00:00,103.45,103.58,102.87,102.98,55643.834
2025-07-18T19:00:00+00:00,102.98,103.13,101.95,102.40,110361.401
2025-07-18T19:15:00+00:00,102.40,103.38,102.40,103.19,54598.926
2025-07-18T19:30:00+00:00,103.18,103.18,102.58,102.65,35336.822
2025-07-18T19:45:00+00:00,102.64,102.72,102.07,102.30,54952.212
2025-07-18T20:00:00+00:00,102.29,102.51,101.18,101.69,129500.973
2025-07-18T20:15:00+00:00,101.69,101.88,100.11,100.56,104738.594
2025-07-18T20:30:00+00:00,100.58,101.11,100.11,101.00,84234.855
2025-07-18T20:45:00+00:00,100.99,101.94,100.92,101.54,46120.395
2025-07-18T21:00:00+00:00,101.54,102.23,101.42,102.22,39092.811
2025-07-18T21:15:00+00:00,102.21,102.59,101.94,102.00,38894.461
2025-07-18T21:30:00+00:00,101.99,102.22,101.88,101.94,20467.075
2025-07-18T21:45:00+00:00,101.95,102.07,101.43,101.59,16203.088
2025-07-18T22:00:00+00:00,101.58,101.68,100.96,101.46,50293.216
2025-07-18T22:15:00+00:00,101.45,102.28,101.26,101.90,63692.852
2025-07-18T22:30:00+00:00,101.90,102.05,101.21,101.21,21976.509
2025-07-18T22:45:00+00:00,101.21,101.33,100.59,100.86,37859.948
2025-07-18T23:00:00+00:00,100.87,100.91,100.02,100.59,60863.285
2025-07-18T23:15:00+00:00,100.59,101.28,100.54,101.05,40726.221
2025-07-18T23:30:00+00:00,101.05,101.45,101.04,101.37,19223.671
2025-07-18T23:45:00+00:00,101.36,101.73,101.25,101.72,31188.608
2025-07-19T00:00:00+00:00,101.72,102.18,101.68,102.15,34078.210
2025-07-19T00:15:00+00:00,102.16,102.28,101.90,102.05,21495.691
2025-07-19T00:30:00+00:00,102.05,102.31,101.29,101.51,52099.719
2025-07-19T00:45:00+00:00,101.52,101.57,100.64,100.68,38867.465
2025-07-19T01:00:00+00:00,100.69,100.75,100.06,100.29,53674.444
2025-07-19T01:15:00+00:00,100.29,101.29,100.29,101.21,35672.433
2025-07-19T01:30:00+00:00,101.21,101.34,100.97,101.20,22110.593
2025-07-19T01:45:00+00:00,101.20,101.44,100.91,101.19,17643.480
2025-07-19T02:00:00+00:00,101.19,101.28,100.40,100.89,30853.548
2025-07-19T02:15:00+00:00,100.88,101.37,100.55,101.02,29308.219
2025-07-19T02:30:00+00:00,101.03,101.70,101.02,101.47,16530.733
2025-07-19T02:45:00+00:00,101.47,101.97,101.43,101.76,22986.361
2025-07-19T03:00:00+00:00,101.77,101.94,101.62,101.93,16845.094
2025-07-19T03:15:00+00:00,101.94,102.23,101.87,102.19,28334.535
2025-07-19T03:30:00+00:00,102.19,102.86,101.90,102.54,164179.049
2025-07-19T03:45:00+00:00,102.54,102.72,102.20,102.52,68359.495
2025-07-19T04:00:00+00:00,102.53,103.20,102.53,103.13,93016.853
2025-07-19T04:15:00+00:00,103.12,103.17,102.42,103.11,74906.931
2025-07-19T04:30:00+00:00,103.11,104.41,102.98,103.10,193284.267
2025-07-19T04:45:00+00:00,103.11,103.25,102.92,103.03,35642.795
2025-07-19T05:00:00+00:00,103.03,103.23,102.39,102.56,40797.287
2025-07-19T05:15:00+00:00,102.56,102.95,102.32,102.76,32475.096
2025-07-19T05:30:00+00:00,102.76,103.26,102.56,103.09,52678.925
2025-07-19T05:45:00+00:00,103.10,103.12,102.59,102.81,26390.187
2025-07-19T06:00:00+00:00,102.80,102.86,102.51,102.65,15952.894
2025-07-19T06:15:00+00:00,102.65,102.85,101.90,101.90,44429.928
2025-07-19T06:30:00+00:00,101.90,102.26,101.73,101.89,42280.623
2025-07-19T06:45:00+00:00,101.89,102.52,101.89,102.47,21078.045
2025-07-19T07:00:00+00:00,102.47,102.78,102.35,102.69,20697.644
2025-07-19T07:15:00+00:00,102.68,103.23,102.62,103.04,44958.999
2025-07-19T07:30:00+00:00,103.03,103.03,102.59,102.62,26552.359
2025-07-19T07:45:00+00:00,102.63,102.79,102.41,102.73,16039.877
2025-07-19T08:00:00+00:00,102.73,103.00,101.94,102.07,49303.525
2025-07-19T08:15:00+00:00,102.06,102.19,101.80,102.06,22631.101
2025-07-19T08:30:00+00:00,102.06,102.13,101.66,101.86,20673.016
2025-07-19T08:45:00+00:00,101.86,102.15,101.61,102.03,18971.191
2025-07-19T09:00:00+00:00,102.03,102.15,101.50,101.53,19137.604
2025-07-19T09:15:00+00:00,101.53,102.10,101.50,101.93,19430.407
2025-07-19T09:30:00+00:00,101.94,102.30,101.79,102.10,29775.225
2025-07-19T09:45:00+00:00,102.09,102.31,101.72,101.99,22343.815
2025-07-19T10:00:00+00:00,102.00,102.01,101.52,101.52,21792.617
2025-07-19T10:15:00+00:00,101.53,101.80,101.40,101.76,25056.712
2025-07-19T10:30:00+00:00,101.77,102.27,101.69,102.02,16737.553
2025-07-19T10:45:00+00:00,102.02,102.11,101.41,101.60,18873.483
2025-07-19T11:00:00+00:00,101.60,101.86,101.09,101.10,29512.352
2025-07-19T11:15:00+00:00,101.10,102.00,100.90,101.99,42051.355
2025-07-19T11:30:00+00:00,102.00,102.01,101.57,101.77,14682.194
2025-07-19T11:45:00+00:00,101.77,101.84,101.19,101.28,19773.245
2025-07-19T12:00:00+00:00,101.29,101.39,100.62,100.81,43567.328
2025-07-19T12:15:00+00:00,100.80,101.56,100.78,101.30,22929.938
2025-07-19T12:30:00+00:00,101.29,101.52,101.01,101.32,16396.614
2025-07-19T12:45:00+00:00,101.32,101.52,101.10,101.44,28041.751
2025-07-19T13:00:00+00:00,101.44,101.44,100.73,101.00,31026.086
2025-07-19T13:15:00+00:00,101.00,101.12,100.72,100.91,18826.606
2025-07-19T13:30:00+00:00,100.91,101.14,100.73,100.93,42448.923
2025-07-19T13:45:00+00:00,100.92,101.02,100.44,100.87,36686.428
2025-07-19T14:00:00+00:00,100.87,100.96,100.28,100.33,34091.772
2025-07-19T14:15:00+00:00,100.34,100.63,100.01,100.18,59005.821
2025-07-19T14:30:00+00:00,100.19,100.34,99.60,100.09,87320.359
2025-07-19T14:45:00+00:00,100.09,100.29,99.65,99.86,36250.909
2025-07-19T15:00:00+00:00,99.86,100.69,99.76,100.50,39424.625
2025-07-19T15:15:00+00:00,100.51,101.16,100.50,101.13,51263.819
2025-07-19T15:30:00+00:00,101.12,101.45,100.84,101.42,24751.799
2025-07-19T15:45:00+00:00,101.41,101.43,101.04,101.18,29252.341
2025-07-19T16:00:00+00:00,101.18,101.30,101.05,101.15,24790.584
2025-07-19T16:15:00+00:00,101.14,102.00,101.07,101.97,30385.368
2025-07-19T16:30:00+00:00,101.96,102.08,101.63,101.78,35887.442
2025-07-19T16:45:00+00:00,101.79,101.99,101.62,101.88,22313.342
2025-07-19T17:00:00+00:00,101.89,101.92,101.58,101.72,14867.178
2025-07-19T17:15:00+00:00,101.72,101.87,101.45,101.67,11859.803
2025-07-19T17:30:00+00:00,101.67,101.71,101.20,101.31,13212.106
2025-07-19T17:45:00+00:00,101.31,101.81,101.30,101.81,13749.270
2025-07-19T18:00:00+00:00,101.80,102.81,101.67,102.76,46663.241
2025-07-19T18:15:00+00:00,102.76,104.15,102.76,104.04,109661.154
2025-07-19T18:30:00+00:00,104.04,104.10,103.38,103.89,49371.241
2025-07-19T18:45:00+00:00,103.89,104.04,103.56,103.72,34662.010
2025-07-19T19:00:00+00:00,103.72,105.69,103.51,105.44,275664.484
2025-07-19T19:15:00+00:00,105.44,111.29,105.19,110.48,737081.384
2025-07-19T19:30:00+00:00,110.46,113.65,110.08,112.83,633761.944
2025-07-19T19:45:00+00:00,112.85,113.05,111.62,112.70,220658.237
2025-07-19T20:00:00+00:00,112.69,113.91,111.81,112.86,218116.357
2025-07-19T20:15:00+00:00,112.86,113.16,112.08,113.11,112713.063
2025-07-19T20:30:00+00:00,113.11,113.24,112.22,112.77,79704.116
2025-07-19T20:45:00+00:00,112.77,112.96,111.28,111.41,121768.999
2025-07-19T21:00:00+00:00,111.40,111.90,109.56,109.72,217065.451
2025-07-19T21:15:00+00:00,109.72,110.55,109.02,110.49,137307.877
2025-07-19T21:30:00+00:00,110.47,111.56,110.03,111.03,92019.732
2025-07-19T21:45:00+00:00,111.02,112.65,110.86,112.57,88351.105
2025-07-19T22:00:00+00:00,112.57,112.70,111.49,111.97,99106.913
2025-07-19T22:15:00+00:00,111.96,112.89,111.96,112.01,60158.142
2025-07-19T22:30:00+00:00,112.01,114.30,111.76,113.64,230005.430
2025-07-19T22:45:00+00:00,113.65,113.83,112.83,113.56,81770.224
2025-07-19T23:00:00+00:00,113.56,113.88,112.92,113.53,102533.775
2025-07-19T23:15:00+00:00,113.53,113.54,112.58,113.03,58833.328
2025-07-19T23:30:00+00:00,113.02,113.47,112.68,113.03,43371.276
2025-07-19T23:45:00+00:00,113.02,113.66,112.69,113.19,46501.948
2025-07-20T00:00:00+00:00,113.19,113.48,112.29,112.32,69963.512
2025-07-20T00:15:00+00:00,112.31,112.80,111.85,112.09,81089.727
2025-07-20T00:30:00+00:00,112.09,113.09,112.06,112.64,61667.100
2025-07-20T00:45:00+00:00,112.64,113.00,112.54,112.67,38725.806
2025-07-20T01:00:00+00:00,112.68,112.98,112.56,112.59,55132.620
2025-07-20T01:15:00+00:00,112.59,113.28,111.88,111.88,88032.048
2025-07-20T01:30:00+00:00,111.87,112.37,111.37,111.71,66169.583
2025-07-20T01:45:00+00:00,111.71,111.92,111.22,111.27,42938.805
2025-07-20T02:00:00+00:00,111.27,111.29,110.60,110.86,75175.660
2025-07-20T02:15:00+00:00,110.86,111.36,110.76,111.22,44348.924
2025-07-20T02:30:00+00:00,111.23,111.66,110.98,111.48,38853.329
2025-07-20T02:45:00+00:00,111.48,112.00,111.47,111.83,42541.575
2025-07-20T03:00:00+00:00,111.82,112.26,111.59,111.79,60436.766
2025-07-20T03:15:00+00:00,111.79,112.24,111.55,111.99,46233.894
2025-07-20T03:30:00+00:00,111.99,112.47,111.96,112.36,45732.154
2025-07-20T03:45:00+00:00,112.35,112.96,112.19,112.54,51527.076
2025-07-20T04:00:00+00:00,112.54,113.17,112.36,112.98,69488.014
2025-07-20T04:15:00+00:00,112.99,113.56,112.81,113.05,62113.164
2025-07-20T04:30:00+00:00,113.06,113.77,112.95,113.49,51281.335
2025-07-20T04:45:00+00:00,113.50,115.40,113.30,113.83,237252.986
2025-07-20T05:00:00+00:00,113.83,113.90,112.76,113.18,110527.614
2025-07-20T05:15:00+00:00,113.18,114.00,113.18,113.85,68055.500
2025-07-20T05:30:00+00:00,113.85,116.35,113.71,115.87,188708.245
2025-07-20T05:45:00+00:00,115.88,117.57,115.47,116.51,277611.641
2025-07-20T06:00:00+00:00,116.51,117.02,116.08,116.77,140489.098
2025-07-20T06:15:00+00:00,116.77,116.81,115.14,116.12,136237.564
2025-07-20T06:30:00+00:00,116.11,116.14,115.15,115.36,63094.716
2025-07-20T06:45:00+00:00,115.36,116.37,115.18,116.36,79660.104
2025-07-20T07:00:00+00:00,116.35,116.89,115.73,116.23,96410.395
2025-07-20T07:15:00+00:00,116.23,117.43,116.22,116.99,148717.244
2025-07-20T07:30:00+00:00,116.98,117.85,116.81,117.29,126142.774
2025-07-20T07:45:00+00:00,117.28,118.73,117.05,117.58,158364.207
2025-07-20T08:00:00+00:00,117.58,119.10,117.07,119.06,171953.849
2025-07-20T08:15:00+00:00,119.06,119.77,118.02,118.35,182933.707
2025-07-20T08:30:00+00:00,118.35,118.87,117.82,118.82,84510.414
2025-07-20T08:45:00+00:00,118.81,119.94,118.56,119.15,153613.884
2025-07-20T09:00:00+00:00,119.15,120.20,118.00,118.14,247939.586
2025-07-20T09:15:00+00:00,118.14,119.10,117.97,118.87,110190.642
2025-07-20T09:30:00+00:00,118.88,119.27,118.53,118.70,65421.384
2025-07-20T09:45:00+00:00,118.70,119.14,117.85,117.97,96104.983
2025-07-20T10:00:00+00:00,117.96,118.27,117.63,117.76,72005.698
2025-07-20T10:15:00+00:00,117.76,118.30,117.61,118.22,57920.400
2025-07-20T10:30:00+00:00,118.22,118.23,117.34,118.00,60218.665
2025-07-20T10:45:00+00:00,117.99,118.16,117.67,118.10,39926.617
2025-07-20T11:00:00+00:00,118.11,118.29,117.53,117.67,48729.557
2025-07-20T11:15:00+00:00,117.66,117.74,117.15,117.30,116715.700
2025-07-20T11:30:00+00:00,117.30,117.46,116.31,117.04,170567.272
2025-07-20T11:45:00+00:00,117.03,117.42,115.71,116.23,141026.937
2025-07-20T12:00:00+00:00,116.23,116.68,116.06,116.54,86677.539
2025-07-20T12:15:00+00:00,116.54,116.57,116.21,116.33,32466.743
2025-07-20T12:30:00+00:00,116.32,116.45,115.79,116.37,58389.778
2025-07-20T12:45:00+00:00,116.37,116.96,116.18,116.81,61864.035
2025-07-20T13:00:00+00:00,116.80,117.39,116.55,117.07,127793.017
2025-07-20T13:15:00+00:00,117.06,117.13,116.15,116.35,47267.277
2025-07-20T13:30:00+00:00,116.35,116.76,116.28,116.65,34015.710
2025-07-20T13:45:00+00:00,116.65,117.72,116.54,117.49,115871.723
2025-07-20T14:00:00+00:00,117.49,117.61,116.51,117.04,69559.769
2025-07-20T14:15:00+00:00,117.03,117.91,116.81,117.88,80898.486
2025-07-20T14:30:00+00:00,117.88,118.48,117.55,117.64,129626.208
2025-07-20T14:45:00+00:00,117.64,118.02,116.90,118.00,113141.455
2025-07-20T15:00:00+00:00,118.00,118.48,117.64,117.80,108029.752
2025-07-20T15:15:00+00:00,117.80,117.81,117.05,117.27,39866.849
2025-07-20T15:30:00+00:00,117.27,117.37,116.61,116.71,44600.756
2025-07-20T15:45:00+00:00,116.70,117.66,116.65,117.18,54056.212
2025-07-20T16:00:00+00:00,117.20,117.73,117.00,117.30,72812.209
2025-07-20T16:15:00+00:00,117.29,117.69,116.86,117.43,56201.493
2025-07-20T16:30:00+00:00,117.44,118.12,117.20,118.01,46936.170
2025-07-20T16:45:00+00:00,118.01,118.05,117.38,117.60,43327.462
2025-07-20T17:00:00+00:00,117.60,119.61,116.70,119.52,169833.239
2025-07-20T17:15:00+00:00,119.52,121.49,119.26,121.47,233435.306
2025-07-20T17:30:00+00:00,121.47,121.53,117.18,118.02,236356.346
2025-07-20T17:45:00+00:00,118.02,118.40,117.10,118.34,175227.254
2025-07-20T18:00:00+00:00,118.34,118.86,117.55,117.75,68883.084
2025-07-20T18:15:00+00:00,117.74,118.15,117.49,117.94,44115.500
2025-07-20T18:30:00+00:00,117.93,118.06,116.56,116.99,90690.411
2025-07-20T18:45:00+00:00,116.99,118.36,116.96,118.06,54981.408
2025-07-20T19:00:00+00:00,118.05,118.06,117.51,117.78,27104.919
2025-07-20T19:15:00+00:00,117.78,118.12,117.38,118.10,23878.332
2025-07-20T19:30:00+00:00,118.10,118.11,117.16,117.21,20271.868
2025-07-20T19:45:00+00:00,117.22,117.85,117.22,117.48,27609.506
2025-07-20T20:00:00+00:00,117.48,117.66,116.73,117.42,70962.038
2025-07-20T20:15:00+00:00,117.41,117.67,116.76,116.86,29526.113
2025-07-20T20:30:00+00:00,116.86,117.38,116.82,117.37,18350.533
2025-07-20T20:45:00+00:00,117.36,117.64,116.96,117.10,20885.686
2025-07-20T21:00:00+00:00,117.11,117.13,115.68,116.38,88303.115
2025-07-20T21:15:00+00:00,116.37,117.05,116.05,117.02,41526.915
2025-07-20T21:30:00+00:00,117.03,117.36,116.66,116.80,27121.451
2025-07-20T21:45:00+00:00,116.80,117.11,116.51,117.00,18500.935
2025-07-20T22:00:00+00:00,117.00,117.06,115.27,115.65,74497.434
2025-07-20T22:15:00+00:00,115.65,116.21,113.91,116.21,222660.549
2025-07-20T22:30:00+00:00,116.21,116.88,115.61,116.88,54634.830
2025-07-20T22:45:00+00:00,116.87,117.37,116.48,117.02,48814.466
2025-07-20T23:00:00+00:00,117.02,117.08,116.55,116.62,32360.303
2025-07-20T23:15:00+00:00,116.62,117.46,116.52,117.26,31332.461
2025-07-20T23:30:00+00:00,117.27,117.49,116.85,116.97,34707.066
2025-07-20T23:45:00+00:00,116.97,117.19,116.59,116.63,20020.004
2025-07-21T00:00:00+00:00,116.63,117.44,116.09,116.14,84059.114
2025-07-21T00:15:00+00:00,116.13,117.31,115.52,117.16,86630.251
2025-07-21T00:30:00+00:00,117.16,117.39,116.51,116.72,72579.786
2025-07-21T00:45:00+00:00,116.72,118.29,116.37,118.28,67220.558
2025-07-21T01:00:00+00:00,118.27,118.31,116.79,117.12,76930.349
2025-07-21T01:15:00+00:00,117.13,117.59,115.91,116.60,63450.047
2025-07-21T01:30:00+00:00,116.60,116.95,115.87,116.89,44493.111
2025-07-21T01:45:00+00:00,116.89,117.74,116.54,117.31,58645.489
2025-07-21T02:00:00+00:00,117.32,117.99,117.21,117.31,51533.242
2025-07-21T02:15:00+00:00,117.32,117.38,116.39,117.23,46427.263
2025-07-21T02:30:00+00:00,117.23,117.25,116.66,116.95,42514.428
2025-07-21T02:45:00+00:00,116.95,117.31,116.53,117.26,34160.090
2025-07-21T03:00:00+00:00,117.25,117.32,116.79,117.18,33061.904
2025-07-21T03:15:00+00:00,117.17,117.66,117.15,117.20,41293.062
2025-07-21T03:30:00+00:00,117.21,117.74,117.18,117.32,35885.543
2025-07-21T03:45:00+00:00,117.31,117.79,117.02,117.36,31472.885
2025-07-21T04:00:00+00:00,117.36,117.78,117.18,117.63,30989.708
2025-07-21T04:15:00+00:00,117.64,118.84,117.56,118.51,110834.798
2025-07-21T04:30:00+00:00,118.52,118.86,117.82,118.10,51072.114
2025-07-21T04:45:00+00:00,118.11,118.11,117.61,117.69,28742.750
2025-07-21T05:00:00+00:00,117.68,118.21,117.52,117.99,29900.548
2025-07-21T05:15:00+00:00,117.99,118.78,117.87,118.78,30869.800
2025-07-21T05:30:00+00:00,118.78,119.45,118.70,119.05,71874.109
2025-07-21T05:45:00+00:00,119.06,119.24,118.57,119.11,41476.227
2025-07-21T06:00:00+00:00,119.11,119.83,119.02,119.61,62772.797
2025-07-21T06:15:00+00:00,119.62,120.40,119.43,120.14,73231.918
2025-07-21T06:30:00+00:00,120.15,120.41,119.35,119.57,54273.957
2025-07-21T06:45:00+00:00,119.57,121.25,119.31,120.71,103383.023
2025-07-21T07:00:00+00:00,120.70,122.00,120.46,120.58,132950.372
2025-07-21T07:15:00+00:00,120.58,121.20,120.50,121.04,45868.395
2025-07-21T07:30:00+00:00,121.04,121.27,119.92,120.16,70198.357
2025-07-21T07:45:00+00:00,120.16,120.75,119.85,120.71,293364.245
2025-07-21T08:00:00+00:00,120.71,121.24,120.12,120.21,89967.159
2025-07-21T08:15:00+00:00,120.20,120.53,119.80,120.46,46893.361
2025-07-21T08:30:00+00:00,120.45,120.74,120.35,120.48,33311.075
2025-07-21T08:45:00+00:00,120.50,120.61,120.09,120.34,56343.281
2025-07-21T09:00:00+00:00,120.34,120.68,119.90,119.95,32838.185
2025-07-21T09:15:00+00:00,119.95,120.14,119.25,119.25,47021.769
2025-07-21T09:30:00+00:00,119.25,119.50,118.82,119.06,48047.101
2025-07-21T09:45:00+00:00,119.07,119.49,118.68,119.22,33402.680
2025-07-21T10:00:00+00:00,119.22,119.30,118.57,119.00,26306.300
2025-07-21T10:15:00+00:00,118.99,119.35,118.39,118.50,33023.346
2025-07-21T10:30:00+00:00,118.50,118.63,117.81,118.26,49613.147
2025-07-21T10:45:00+00:00,118.26,118.74,117.91,118.46,66066.937
2025-07-21T11:00:00+00:00,118.45,118.55,118.00,118.36,28019.658
2025-07-21T11:15:00+00:00,118.36,119.17,118.20,118.90,43475.992
2025-07-21T11:30:00+00:00,118.89,119.00,118.18,118.23,37333.865
2025-07-21T11:45:00+00:00,118.23,118.40,117.86,117.91,26334.329
2025-07-21T12:00:00+00:00,117.90,118.00,116.99,117.22,86640.588
2025-07-21T12:15:00+00:00,117.21,117.71,117.15,117.61,44325.040
2025-07-21T12:30:00+00:00,117.62,117.65,117.04,117.47,28409.802
2025-07-21T12:45:00+00:00,117.46,117.47,116.64,116.76,75147.370
2025-07-21T13:00:00+00:00,116.77,116.97,116.37,116.41,52372.385
2025-07-21T13:15:00+00:00,116.41,117.13,116.40,117.01,35058.272
2025-07-21T13:30:00+00:00,117.00,117.95,116.91,117.80,81016.969
2025-07-21T13:45:00+00:00,117.81,118.18,117.74,118.00,58907.991
2025-07-21T14:00:00+00:00,118.00,118.49,117.15,117.81,75905.864
2025-07-21T14:15:00+00:00,117.82,118.94,117.80,118.70,83209.279
2025-07-21T14:30:00+00:00,118.70,119.08,118.35,118.87,60282.152
2025-07-21T14:45:00+00:00,118.86,119.41,118.14,118.33,99859.921
2025-07-21T15:00:00+00:00,118.32,118.83,118.20,118.47,69378.166
2025-07-21T15:15:00+00:00,118.47,119.38,118.42,118.52,66939.550
2025-07-21T15:30:00+00:00,118.52,118.75,117.91,118.36,75632.947
2025-07-21T15:45:00+00:00,118.37,119.07,118.05,118.34,85167.225
2025-07-21T16:00:00+00:00,118.34,118.46,116.51,117.26,168533.742
2025-07-21T16:15:00+00:00,117.26,117.41,115.47,116.82,202235.772
2025-07-21T16:30:00+00:00,116.82,117.22,116.16,116.60,63320.495
2025-07-21T16:45:00+00:00,116.61,117.03,115.97,116.69,46872.933
2025-07-21T17:00:00+00:00,116.69,117.14,116.39,116.97,41456.075
2025-07-21T17:15:00+00:00,116.96,117.13,116.44,116.44,33358.802
2025-07-21T17:30:00+00:00,116.43,117.12,116.34,116.98,34351.555
2025-07-21T17:45:00+00:00,116.98,117.25,116.41,116.94,50771.812
2025-07-21T18:00:00+00:00,116.93,117.53,116.86,117.49,25055.945
2025-07-21T18:15:00+00:00,117.49,117.78,117.14,117.23,29464.470
2025-07-21T18:30:00+00:00,117.22,117.22,116.43,116.55,30887.844
2025-07-21T18:45:00+00:00,116.54,116.59,115.25,115.40,103781.862
2025-07-21T19:00:00+00:00,115.39,116.21,115.27,115.89,54375.352
2025-07-21T19:15:00+00:00,115.89,116.08,114.83,114.99,50366.672
2025-07-21T19:30:00+00:00,115.00,115.59,114.62,115.13,57324.805
2025-07-21T19:45:00+00:00,115.12,115.36,114.85,115.26,41445.178
2025-07-21T20:00:00+00:00,115.26,116.49,115.17,116.34,42732.175
2025-07-21T20:15:00+00:00,116.34,116.49,116.05,116.22,27267.680
2025-07-21T20:30:00+00:00,116.23,116.49,115.78,116.36,32581.816
2025-07-21T20:45:00+00:00,116.36,116.49,115.33,115.34,32988.758
2025-07-21T21:00:00+00:00,115.33,115.55,114.82,115.02,36702.672
2025-07-21T21:15:00+00:00,115.02,115.91,114.99,115.39,33581.791
2025-07-21T21:30:00+00:00,115.38,115.38,114.89,115.32,32672.445
2025-07-21T21:45:00+00:00,115.31,115.48,115.03,115.24,15669.395
2025-07-21T22:00:00+00:00,115.23,115.86,115.09,115.81,16661.122
2025-07-21T22:15:00+00:00,115.81,115.88,115.59,115.71,16918.207
2025-07-21T22:30:00+00:00,115.71,116.20,115.71,116.13,26974.233
2025-07-21T22:45:00+00:00,116.12,116.15,115.74,116.07,17347.434
2025-07-21T23:00:00+00:00,116.07,116.14,115.67,115.84,14601.852
2025-07-21T23:15:00+00:00,115.85,116.19,115.56,116.05,14076.869
2025-07-21T23:30:00+00:00,116.05,116.17,115.76,115.85,20191.999
2025-07-21T23:45:00+00:00,115.84,116.17,115.42,115.51,19076.812
2025-07-22T00:00:00+00:00,115.51,115.99,115.46,115.96,24196.896
2025-07-22T00:15:00+00:00,115.96,116.58,115.96,116.54,24179.464
2025-07-22T00:30:00+00:00,116.55,116.59,115.21,115.32,50517.883
2025-07-22T00:45:00+00:00,115.32,115.79,114.46,114.68,55184.133
2025-07-22T01:00:00+00:00,114.67,114.84,113.43,113.49,148445.908
2025-07-22T01:15:00+00:00,113.50,114.90,112.80,114.80,163147.087
2025-07-22T01:30:00+00:00,114.79,116.31,114.69,116.05,101309.112
2025-07-22T01:45:00+00:00,116.04,117.12,116.00,116.93,105823.987
2025-07-22T02:00:00+00:00,116.94,117.16,116.32,116.74,73672.328
2025-07-22T02:15:00+00:00,116.74,117.20,116.40,116.98,40651.561
2025-07-22T02:30:00+00:00,116.98,117.18,116.20,116.30,44696.618
2025-07-22T02:45:00+00:00,116.31,116.46,115.33,115.69,61806.656
2025-07-22T03:00:00+00:00,115.69,115.81,115.20,115.59,32925.102
2025-07-22T03:15:00+00:00,115.59,115.82,114.63,115.49,82648.425
2025-07-22T03:30:00+00:00,115.50,115.92,114.98,115.50,63938.160
2025-07-22T03:45:00+00:00,115.49,116.21,114.33,115.78,75652.115
2025-07-22T04:00:00+00:00,115.78,116.42,115.41,116.05,37873.670
2025-07-22T04:15:00+00:00,116.04,116.24,114.70,115.30,65814.246
2025-07-22T04:30:00+00:00,115.31,116.54,115.26,116.11,90636.832
2025-07-22T04:45:00+00:00,116.11,116.46,114.10,114.24,125674.345
2025-07-22T05:00:00+00:00,114.24,115.96,114.13,115.81,87236.805
2025-07-22T05:15:00+00:00,115.81,116.73,115.69,116.20,88004.139
2025-07-22T05:30:00+00:00,116.20,116.51,115.43,115.47,69837.377
2025-07-22T05:45:00+00:00,115.47,115.88,114.89,115.41,68858.926
2025-07-22T06:00:00+00:00,115.42,116.44,115.23,116.23,44333.727
2025-07-22T06:15:00+00:00,116.23,116.29,115.25,115.37,50623.487
2025-07-22T06:30:00+00:00,115.37,115.70,114.95,115.00,37729.429
2025-07-22T06:45:00+00:00,115.01,115.47,114.84,115.43,56240.498
2025-07-22T07:00:00+00:00,115.44,116.35,115.33,116.17,48175.078
2025-07-22T07:15:00+00:00,116.16,116.52,115.87,116.43,42734.009
2025-07-22T07:30:00+00:00,116.42,116.50,115.84,115.99,27014.414
2025-07-22T07:45:00+00:00,115.99,116.05,114.99,115.30,42586.057
2025-07-22T08:00:00+00:00,115.30,115.30,113.66,113.86,115398.021
2025-07-22T08:15:00+00:00,113.86,114.27,112.62,113.25,166128.322
2025-07-22T08:30:00+00:00,113.26,114.20,112.94,113.69,91066.386
2025-07-22T08:45:00+00:00,113.69,114.18,113.43,114.08,60563.923
2025-07-22T09:00:00+00:00,114.08,114.10,113.45,113.49,36384.924
2025-07-22T09:15:00+00:00,113.48,114.06,112.92,113.91,51251.108
2025-07-22T09:30:00+00:00,113.92,114.36,113.80,114.22,43943.258
2025-07-22T09:45:00+00:00,114.22,114.40,113.75,113.86,35131.736
2025-07-22T10:00:00+00:00,113.86,114.30,113.77,114.29,26753.186
2025-07-22T10:15:00+00:00,114.29,114.38,113.73,114.00,20632.665
2025-07-22T10:30:00+00:00,114.01,114.47,113.98,114.19,88904.280
2025-07-22T10:45:00+00:00,114.18,114.61,113.95,114.59,41961.796
2025-07-22T11:00:00+00:00,114.59,114.94,114.31,114.59,36679.719
2025-07-22T11:15:00+00:00,114.59,114.94,114.45,114.85,25906.621
2025-07-22T11:30:00+00:00,114.85,115.00,114.41,114.99,28645.705
2025-07-22T11:45:00+00:00,114.99,115.73,114.84,115.64,81816.121
2025-07-22T12:00:00+00:00,115.65,115.68,115.19,115.58,25194.738
2025-07-22T12:15:00+00:00,115.58,115.63,115.13,115.50,19396.750
2025-07-22T12:30:00+00:00,115.51,116.20,115.29,116.19,46438.965
2025-07-22T12:45:00+00:00,116.18,116.23,115.49,115.77,49031.061
2025-07-22T13:00:00+00:00,115.77,116.13,115.46,115.78,34149.130
2025-07-22T13:15:00+00:00,115.78,115.83,114.96,115.26,48086.334
2025-07-22T13:30:00+00:00,115.26,115.28,114.17,114.83,81477.605
2025-07-22T13:45:00+00:00,114.82,114.82,113.10,113.23,119757.748
2025-07-22T14:00:00+00:00,113.23,114.37,112.77,113.95,138290.747
2025-07-22T14:15:00+00:00,113.94,114.14,113.40,114.00,51760.094
2025-07-22T14:30:00+00:00,114.00,115.27,113.93,115.04,54478.313
2025-07-22T14:45:00+00:00,115.04,115.79,114.76,115.72,58021.697
2025-07-22T15:00:00+00:00,115.72,116.19,115.26,115.71,57299.670
2025-07-22T15:15:00+00:00,115.71,116.43,115.52,115.99,71529.921
2025-07-22T15:30:00+00:00,115.98,116.37,115.34,115.40,41729.349
2025-07-22T15:45:00+00:00,115.39,116.10,115.39,115.87,37668.319
2025-07-22T16:00:00+00:00,115.86,117.18,115.79,117.10,70064.608
2025-07-22T16:15:00+00:00,117.11,117.19,115.68,116.00,58774.414
2025-07-22T16:30:00+00:00,115.99,116.38,115.94,116.06,29026.544
2025-07-22T16:45:00+00:00,116.05,116.29,115.87,116.10,21283.707
2025-07-22T17:00:00+00:00,116.09,116.64,116.03,116.30,35790.140
2025-07-22T17:15:00+00:00,116.29,117.43,116.20,117.33,58697.756
2025-07-22T17:30:00+00:00,117.32,118.88,117.26,118.86,167048.634
2025-07-22T17:45:00+00:00,118.87,118.97,117.63,118.92,107439.088
2025-07-22T18:00:00+00:00,118.92,119.86,118.83,119.16,164718.746
2025-07-22T18:15:00+00:00,119.17,119.90,118.44,119.21,78257.319
2025-07-22T18:30:00+00:00,119.20,119.52,119.03,119.12,51107.739
2025-07-22T18:45:00+00:00,119.11,119.29,118.40,118.55,61501.969
2025-07-22T19:00:00+00:00,118.55,119.04,118.22,118.48,43046.261
2025-07-22T19:15:00+00:00,118.47,119.34,118.21,118.40,48726.241
2025-07-22T19:30:00+00:00,118.39,118.39,117.72,117.72,43478.542
2025-07-22T19:45:00+00:00,117.73,117.73,116.76,116.94,88603.003
2025-07-22T20:00:00+00:00,116.94,117.19,116.62,117.07,63338.944
2025-07-22T20:15:00+00:00,117.07,117.14,116.09,116.28,54465.067
2025-07-22T20:30:00+00:00,116.27,116.61,116.19,116.45,26942.386
2025-07-22T20:45:00+00:00,116.45,117.04,116.43,117.01,28542.210
2025-07-22T21:00:00+00:00,117.01,117.45,116.73,117.03,60983.205
2025-07-22T21:15:00+00:00,117.02,118.49,117.00,118.36,101345.324
2025-07-22T21:30:00+00:00,118.37,118.47,117.42,117.50,33318.539
2025-07-22T21:45:00+00:00,117.49,118.59,117.49,118.57,13536.708
2025-07-22T22:00:00+00:00,118.58,118.59,118.09,118.32,18060.441
2025-07-22T22:15:00+00:00,118.32,118.40,117.93,118.19,14250.607
2025-07-22T22:30:00+00:00,118.18,118.57,118.00,118.44,27354.935
2025-07-22T22:45:00+00:00,118.43,118.59,118.03,118.10,26100.726
2025-07-22T23:00:00+00:00,118.10,119.06,117.93,119.05,45323.381
2025-07-22T23:15:00+00:00,119.05,119.44,118.81,118.90,34354.980
2025-07-22T23:30:00+00:00,118.90,119.26,118.55,119.05,22887.570
2025-07-22T23:45:00+00:00,119.06,119.87,119.02,119.69,36323.843
2025-07-23T00:00:00+00:00,119.68,119.87,119.23,119.60,57051.054
2025-07-23T00:15:00+00:00,119.60,120.36,118.48,118.76,93910.323
2025-07-23T00:30:00+00:00,118.76,119.38,118.76,118.88,33386.049
2025-07-23T00:45:00+00:00,118.88,119.04,118.06,118.08,42326.821
2025-07-23T01:00:00+00:00,118.08,118.14,117.54,118.11,60737.012
2025-07-23T01:15:00+00:00,118.10,120.44,118.08,120.00,97606.824
2025-07-23T01:30:00+00:00,120.01,121.67,119.86,121.54,146826.981
2025-07-23T01:45:00+00:00,121.54,121.96,120.73,121.15,90615.613
2025-07-23T02:00:00+00:00,121.15,121.39,119.99,120.30,100421.410
2025-07-23T02:15:00+00:00,120.29,121.03,119.62,120.84,57278.475
2025-07-23T02:30:00+00:00,120.85,122.37,120.55,121.55,100087.240
2025-07-23T02:45:00+00:00,121.55,122.29,120.56,120.82,81466.072
2025-07-23T03:00:00+00:00,120.82,120.93,119.90,120.22,66714.043
2025-07-23T03:15:00+00:00,120.22,121.28,119.79,121.28,66109.238
2025-07-23T03:30:00+00:00,121.27,121.58,120.21,120.53,49607.612
2025-07-23T03:45:00+00:00,120.54,120.54,119.79,120.03,42346.577
2025-07-23T04:00:00+00:00,120.02,120.05,119.51,119.67,61143.534
2025-07-23T04:15:00+00:00,119.66,119.86,119.38,119.51,34367.848
2025-07-23T04:30:00+00:00,119.51,120.25,119.42,119.99,35058.597
2025-07-23T04:45:00+00:00,120.00,120.34,119.56,120.08,30122.349
2025-07-23T05:00:00+00:00,120.09,120.18,119.60,119.81,26262.139
2025-07-23T05:15:00+00:00,119.81,119.84,119.03,119.15,37793.292
2025-07-23T05:30:00+00:00,119.15,119.30,118.80,118.99,35055.412
2025-07-23T05:45:00+00:00,118.99,119.48,118.86,119.01,19707.539
2025-07-23T06:00:00+00:00,119.02,119.19,118.74,118.77,31889.501
2025-07-23T06:15:00+00:00,118.78,118.88,118.03,118.23,61812.354
2025-07-23T06:30:00+00:00,118.23,118.29,117.51,117.62,95879.721
2025-07-23T06:45:00+00:00,117.62,118.07,117.61,118.06,38127.093
2025-07-23T07:00:00+00:00,118.06,119.12,117.95,118.74,70732.882
2025-07-23T07:15:00+00:00,118.74,119.17,118.63,118.95,26408.748
2025-07-23T07:30:00+00:00,118.94,119.12,117.15,117.23,127942.630
2025-07-23T07:45:00+00:00,117.22,117.82,116.86,117.64,94273.954
2025-07-23T08:00:00+00:00,117.64,117.97,117.18,117.93,42505.053
2025-07-23T08:15:00+00:00,117.93,117.96,117.22,117.33,32711.687
2025-07-23T08:30:00+00:00,117.33,117.63,117.10,117.45,43535.131
2025-07-23T08:45:00+00:00,117.45,118.08,117.37,117.93,53337.345
2025-07-23T09:00:00+00:00,117.93,118.19,117.45,117.72,41144.666
2025-07-23T09:15:00+00:00,117.72,117.72,116.82,116.94,61175.056
2025-07-23T09:30:00+00:00,116.94,117.59,116.72,117.11,61424.556
2025-07-23T09:45:00+00:00,117.10,117.70,117.02,117.08,29522.917
2025-07-23T10:00:00+00:00,117.08,117.17,116.25,116.41,78006.451
2025-07-23T10:15:00+00:00,116.42,117.73,116.40,117.43,65535.462
2025-07-23T10:30:00+00:00,117.42,117.95,117.27,117.83,39426.296
2025-07-23T10:45:00+00:00,117.84,117.98,117.67,117.68,32151.555
2025-07-23T11:00:00+00:00,117.68,117.75,116.83,116.90,46136.248
2025-07-23T11:15:00+00:00,116.91,117.48,116.91,117.03,28536.378
2025-07-23T11:30:00+00:00,117.03,117.08,116.74,116.96,27276.340
2025-07-23T11:45:00+00:00,116.96,117.04,116.61,116.95,30108.277
2025-07-23T12:00:00+00:00,116.95,117.30,116.24,117.26,45109.812
2025-07-23T12:15:00+00:00,117.27,117.30,116.45,116.61,26122.281
2025-07-23T12:30:00+00:00,116.60,116.88,115.51,115.76,98755.297
2025-07-23T12:45:00+00:00,115.75,116.21,114.73,115.28,110797.208
2025-07-23T13:00:00+00:00,115.28,115.76,114.66,114.84,119755.449
2025-07-23T13:15:00+00:00,114.84,115.21,113.81,115.14,115864.231
2025-07-23T13:30:00+00:00,115.13,115.15,110.00,112.38,286086.070
2025-07-23T13:45:00+00:00,112.36,112.93,110.64,112.25,371704.928
2025-07-23T14:00:00+00:00,112.27,113.54,111.67,112.47,216678.023
2025-07-23T14:15:00+00:00,112.46,113.77,112.43,113.68,72166.118
2025-07-23T14:30:00+00:00,113.68,114.02,113.29,113.65,69793.732
2025-07-23T14:45:00+00:00,113.65,114.19,113.17,114.19,88148.601
2025-07-23T15:00:00+00:00,114.19,114.19,112.70,112.89,80880.781
2025-07-23T15:15:00+00:00,112.89,113.86,112.86,113.58,34262.482
2025-07-23T15:30:00+00:00,113.57,114.18,113.46,114.15,32223.658
2025-07-23T15:45:00+00:00,114.14,114.77,113.91,114.61,88292.091
2025-07-23T16:00:00+00:00,114.61,114.91,114.17,114.18,93183.359
2025-07-23T16:15:00+00:00,114.17,114.62,113.53,114.55,82467.719
2025-07-23T16:30:00+00:00,114.54,114.55,113.12,113.80,52881.454
2025-07-23T16:45:00+00:00,113.79,113.79,112.29,112.33,120913.142
2025-07-23T17:00:00+00:00,112.33,113.08,111.67,111.91,106264.142
2025-07-23T17:15:00+00:00,111.90,112.68,110.81,111.52,123875.629
2025-07-23T17:30:00+00:00,111.53,112.84,110.97,112.67,74090.304
2025-07-23T17:45:00+00:00,112.68,113.46,112.40,112.93,76391.725
2025-07-23T18:00:00+00:00,112.94,113.41,112.64,112.78,39969.146
2025-07-23T18:15:00+00:00,112.76,113.32,112.42,112.82,34991.510
2025-07-23T18:30:00+00:00,112.82,113.58,112.64,112.99,33901.692
2025-07-23T18:45:00+00:00,113.00,113.68,112.99,113.63,33598.065
2025-07-23T19:00:00+00:00,113.63,113.71,112.86,112.97,26645.666
2025-07-23T19:15:00+00:00,112.96,113.39,112.52,112.84,29582.900
2025-07-23T19:30:00+00:00,112.83,112.87,112.40,112.54,25428.917
2025-07-23T19:45:00+00:00,112.55,113.00,112.02,112.12,35867.917
2025-07-23T20:00:00+00:00,112.12,112.67,111.60,111.99,78764.998
2025-07-23T20:15:00+00:00,111.99,112.42,110.93,111.14,86886.666
2025-07-23T20:30:00+00:00,111.15,111.16,109.00,110.66,284346.941
2025-07-23T20:45:00+00:00,110.65,111.08,109.82,110.84,64603.564
2025-07-23T21:00:00+00:00,110.86,111.48,110.59,111.11,48464.920
2025-07-23T21:15:00+00:00,111.11,111.18,108.80,109.84,93014.417
2025-07-23T21:30:00+00:00,109.85,111.30,109.08,111.15,68022.039
2025-07-23T21:45:00+00:00,111.14,111.73,111.09,111.49,35529.405
2025-07-23T22:00:00+00:00,111.49,112.20,110.90,112.03,42055.145
2025-07-23T22:15:00+00:00,112.03,112.27,111.65,112.24,24110.882
2025-07-23T22:30:00+00:00,112.24,112.29,111.93,112.17,26390.404
2025-07-23T22:45:00+00:00,112.18,112.75,111.88,112.04,40366.358
2025-07-23T23:00:00+00:00,112.03,112.63,111.90,112.54,16316.830
2025-07-23T23:15:00+00:00,112.55,112.70,112.32,112.55,16073.171
2025-07-23T23:30:00+00:00,112.56,112.64,112.31,112.40,13264.719
2025-07-23T23:45:00+00:00,112.41,112.42,111.90,112.06,22814.243
2025-07-24T00:00:00+00:00,112.05,112.17,111.42,112.00,29902.647
2025-07-24T00:15:00+00:00,112.00,113.21,111.84,112.90,49027.931
2025-07-24T00:30:00+00:00,112.90,113.43,112.61,113.36,34013.414
2025-07-24T00:45:00+00:00,113.36,114.03,113.11,114.01,56857.635
2025-07-24T01:00:00+00:00,114.00,114.05,113.50,113.85,71973.867
2025-07-24T01:15:00+00:00,113.86,114.29,113.59,113.63,41306.502
2025-07-24T01:30:00+00:00,113.64,113.78,113.09,113.57,38579.729
2025-07-24T01:45:00+00:00,113.58,114.33,113.47,114.30,19188.860
2025-07-24T02:00:00+00:00,114.29,114.34,113.73,113.84,33339.734
2025-07-24T02:15:00+00:00,113.83,113.86,113.14,113.19,33489.730
2025-07-24T02:30:00+00:00,113.20,113.68,113.14,113.53,23544.904
2025-07-24T02:45:00+00:00,113.53,114.00,113.49,113.70,18141.265
2025-07-24T03:00:00+00:00,113.70,113.71,113.27,113.54,11193.272
2025-07-24T03:15:00+00:00,113.54,114.24,113.43,113.95,16349.731
2025-07-24T03:30:00+00:00,113.94,114.06,113.46,113.80,26895.602
2025-07-24T03:45:00+00:00,113.80,113.86,112.88,112.98,34199.709
2025-07-24T04:00:00+00:00,112.97,113.22,112.47,113.15,41765.507
2025-07-24T04:15:00+00:00,113.14,113.14,112.22,112.28,32632.679
2025-07-24T04:30:00+00:00,112.27,112.36,111.20,111.22,86785.664
2025-07-24T04:45:00+00:00,111.22,111.72,110.95,111.28,58240.354
2025-07-24T05:00:00+00:00,111.28,111.43,110.13,110.15,80353.789
2025-07-24T05:15:00+00:00,110.14,111.08,110.01,110.32,69881.350
2025-07-24T05:30:00+00:00,110.31,111.21,110.06,111.08,56739.064
2025-07-24T05:45:00+00:00,111.07,111.08,108.31,108.61,193252.402
2025-07-24T06:00:00+00:00,108.61,109.88,108.43,109.71,93059.826
2025-07-24T06:15:00+00:00,109.71,110.14,108.66,109.80,69563.517
2025-07-24T06:30:00+00:00,109.81,109.95,107.24,107.43,161577.120
2025-07-24T06:45:00+00:00,107.43,108.17,106.61,107.88,150059.383
2025-07-24T07:00:00+00:00,107.88,108.75,106.52,108.73,155877.778
2025-07-24T07:15:00+00:00,108.73,109.75,108.63,109.60,138678.076
2025-07-24T07:30:00+00:00,109.59,110.02,108.91,109.92,49555.092
2025-07-24T07:45:00+00:00,109.93,111.01,109.65,110.96,74004.594
2025-07-24T08:00:00+00:00,110.95,113.09,110.45,112.95,138283.995
2025-07-24T08:15:00+00:00,112.94,113.78,112.55,112.93,129121.379
2025-07-24T08:30:00+00:00,112.94,113.98,112.94,113.61,83038.655
2025-07-24T08:45:00+00:00,113.61,114.08,113.24,113.47,42708.260
2025-07-24T09:00:00+00:00,113.48,113.94,113.15,113.26,46408.581
2025-07-24T09:15:00+00:00,113.27,113.76,113.06,113.47,40401.549
2025-07-24T09:30:00+00:00,113.48,113.52,113.08,113.51,37839.632
2025-07-24T09:45:00+00:00,113.52,113.96,112.78,113.82,72005.648
2025-07-24T10:00:00+00:00,113.83,114.34,113.22,113.44,58291.935
2025-07-24T10:15:00+00:00,113.43,113.63,112.18,112.24,61409.058
2025-07-24T10:30:00+00:00,112.24,112.84,111.91,112.62,48278.885
2025-07-24T10:45:00+00:00,112.63,113.22,112.23,113.12,45752.463
2025-07-24T11:00:00+00:00,113.12,113.47,112.84,113.45,45953.463
2025-07-24T11:15:00+00:00,113.46,114.04,113.22,113.32,57324.484
2025-07-24T11:30:00+00:00,113.31,113.97,113.16,113.90,27349.621
2025-07-24T11:45:00+00:00,113.89,114.09,113.68,113.68,32535.676
2025-07-24T12:00:00+00:00,113.68,113.86,112.89,113.51,36201.455
2025-07-24T12:15:00+00:00,113.52,113.52,112.60,113.05,40655.909
2025-07-24T12:30:00+00:00,113.03,113.03,112.05,112.27,41970.929
2025-07-24T12:45:00+00:00,112.27,112.63,112.17,112.36,24412.296
2025-07-24T13:00:00+00:00,112.36,112.80,112.09,112.61,27963.651
2025-07-24T13:15:00+00:00,112.61,112.97,112.38,112.86,32060.669
2025-07-24T13:30:00+00:00,112.86,113.42,112.33,112.76,51647.115
2025-07-24T13:45:00+00:00,112.76,113.12,111.52,111.66,45962.322
2025-07-24T14:00:00+00:00,111.66,112.29,110.88,111.17,63995.488
2025-07-24T14:15:00+00:00,111.16,112.29,110.97,112.29,53354.073
2025-07-24T14:30:00+00:00,112.29,114.09,112.29,113.76,79336.722
2025-07-24T14:45:00+00:00,113.76,114.90,113.73,114.81,91763.343
2025-07-24T15:00:00+00:00,114.82,115.41,114.52,115.14,112802.823
2025-07-24T15:15:00+00:00,115.14,115.14,114.05,114.33,65121.353
2025-07-24T15:30:00+00:00,114.33,114.38,113.21,113.82,76410.369
2025-07-24T15:45:00+00:00,113.82,114.18,113.14,113.48,62244.506
2025-07-24T16:00:00+00:00,113.49,113.58,112.65,112.68,41203.446
2025-07-24T16:15:00+00:00,112.68,112.99,111.57,111.68,76009.828
2025-07-24T16:30:00+00:00,111.68,112.09,111.30,111.38,62961.424
2025-07-24T16:45:00+00:00,111.37,112.35,111.12,112.12,41753.778
2025-07-24T17:00:00+00:00,112.12,113.26,111.83,113.14,44330.505
2025-07-24T17:15:00+00:00,113.14,113.57,112.79,113.29,37858.149
2025-07-24T17:30:00+00:00,113.29,113.67,113.29,113.57,35858.128
2025-07-24T17:45:00+00:00,113.57,113.86,113.44,113.51,23535.925
2025-07-24T18:00:00+00:00,113.51,113.81,112.86,113.63,30624.501
2025-07-24T18:15:00+00:00,113.64,113.79,113.33,113.64,14141.646
2025-07-24T18:30:00+00:00,113.64,113.73,113.02,113.27,27894.244
2025-07-24T18:45:00+00:00,113.28,113.58,113.17,113.41,14411.039
2025-07-24T19:00:00+00:00,113.41,113.92,113.33,113.53,19492.660
2025-07-24T19:15:00+00:00,113.53,114.07,113.40,113.61,18460.600
2025-07-24T19:30:00+00:00,113.61,113.64,112.98,113.38,15130.915
2025-07-24T19:45:00+00:00,113.38,113.72,113.13,113.16,14302.548
2025-07-24T20:00:00+00:00,113.16,113.56,113.00,113.43,17924.486
2025-07-24T20:15:00+00:00,113.43,113.78,113.11,113.77,13065.316
2025-07-24T20:30:00+00:00,113.77,114.33,113.51,114.22,18633.708
2025-07-24T20:45:00+00:00,114.21,114.82,114.13,114.49,33939.545
2025-07-24T21:00:00+00:00,114.49,114.57,113.59,113.66,20905.352
2025-07-24T21:15:00+00:00,113.66,113.80,113.16,113.34,20558.174
2025-07-24T21:30:00+00:00,113.34,113.38,112.56,113.35,34194.145
2025-07-24T21:45:00+00:00,113.35,113.40,112.96,112.98,9853.851
2025-07-24T22:00:00+00:00,112.98,113.15,112.29,112.37,23026.515
2025-07-24T22:15:00+00:00,112.37,113.39,112.37,113.38,22891.430
2025-07-24T22:30:00+00:00,113.37,113.62,112.97,113.59,21497.983
2025-07-24T22:45:00+00:00,113.59,113.59,113.04,113.08,14356.405
2025-07-24T23:00:00+00:00,113.06,113.06,112.20,112.26,28942.638
2025-07-24T23:15:00+00:00,112.26,112.77,111.83,112.14,33415.316
2025-07-24T23:30:00+00:00,112.15,112.57,111.88,112.12,18962.877
2025-07-24T23:45:00+00:00,112.13,112.45,111.97,112.24,13528.591
2025-07-25T00:00:00+00:00,112.25,112.30,111.07,111.56,41079.096
2025-07-25T00:15:00+00:00,111.56,111.60,110.67,111.49,102921.267
2025-07-25T00:30:00+00:00,111.47,111.52,110.19,111.46,73454.966
2025-07-25T00:45:00+00:00,111.46,111.81,110.81,110.88,38955.369
2025-07-25T01:00:00+00:00,110.87,111.13,110.16,110.31,37051.946
2025-07-25T01:15:00+00:00,110.31,110.60,109.73,110.46,47407.377
2025-07-25T01:30:00+00:00,110.45,111.28,109.97,111.06,54806.348
2025-07-25T01:45:00+00:00,111.05,111.78,110.62,111.45,31892.321
2025-07-25T02:00:00+00:00,111.44,111.81,111.13,111.26,24942.458
2025-07-25T02:15:00+00:00,111.27,111.30,110.63,111.05,31710.953
2025-07-25T02:30:00+00:00,111.05,111.35,108.96,109.71,76269.048
2025-07-25T02:45:00+00:00,109.72,110.06,109.00,109.46,51425.678
2025-07-25T03:00:00+00:00,109.46,110.23,109.04,109.93,57226.659
2025-07-25T03:15:00+00:00,109.92,110.26,109.48,109.87,36737.202
2025-07-25T03:30:00+00:00,109.86,109.86,108.15,108.94,100425.051
2025-07-25T03:45:00+00:00,108.94,109.53,108.61,109.31,39758.389
2025-07-25T04:00:00+00:00,109.31,109.69,108.58,108.65,42391.307
2025-07-25T04:15:00+00:00,108.64,109.26,108.34,109.18,36849.346
2025-07-25T04:30:00+00:00,109.19,110.37,109.12,109.99,74260.074
2025-07-25T04:45:00+00:00,110.00,110.98,110.00,110.86,105706.248
2025-07-25T05:00:00+00:00,110.86,110.93,109.91,110.07,107556.835
2025-07-25T05:15:00+00:00,110.06,110.83,110.01,110.41,35436.824
2025-07-25T05:30:00+00:00,110.41,110.41,109.98,110.23,16198.610
2025-07-25T05:45:00+00:00,110.24,110.41,109.92,110.14,26144.411
2025-07-25T06:00:00+00:00,110.14,110.24,109.43,110.13,31920.045
2025-07-25T06:15:00+00:00,110.14,110.63,109.76,110.50,24241.313
2025-07-25T06:30:00+00:00,110.50,111.60,110.21,111.57,38130.217
2025-07-25T06:45:00+00:00,111.57,112.44,111.52,111.55,66311.173
2025-07-25T07:00:00+00:00,111.54,112.20,111.20,111.94,58688.321
2025-07-25T07:15:00+00:00,111.94,112.74,111.53,111.54,64322.599
2025-07-25T07:30:00+00:00,111.53,111.95,111.11,111.23,27667.940
2025-07-25T07:45:00+00:00,111.23,111.41,110.13,111.14,52192.099
2025-07-25T08:00:00+00:00,111.15,111.88,110.99,111.36,43012.574
2025-07-25T08:15:00+00:00,111.36,112.08,111.19,111.72,33757.423
2025-07-25T08:30:00+00:00,111.71,111.83,110.97,111.06,38204.384
2025-07-25T08:45:00+00:00,111.05,112.35,110.84,112.20,66971.544
2025-07-25T09:00:00+00:00,112.20,113.38,111.96,113.36,65332.066
2025-07-25T09:15:00+00:00,113.35,114.32,112.68,114.25,95535.211
2025-07-25T09:30:00+00:00,114.25,114.82,114.00,114.12,74523.057
2025-07-25T09:45:00+00:00,114.11,114.86,113.83,114.52,79419.556
2025-07-25T10:00:00+00:00,114.53,115.10,114.42,114.93,91557.881
2025-07-25T10:15:00+00:00,114.92,115.41,114.45,115.21,71369.810
2025-07-25T10:30:00+00:00,115.20,115.50,114.98,115.49,48080.286
2025-07-25T10:45:00+00:00,115.50,115.58,114.72,114.86,46849.314
2025-07-25T11:00:00+00:00,114.86,115.29,114.83,115.27,41653.746
2025-07-25T11:15:00+00:00,115.27,116.05,115.10,115.74,62949.381
2025-07-25T11:30:00+00:00,115.75,116.13,115.20,115.22,41227.487
2025-07-25T11:45:00+00:00,115.21,115.81,115.13,115.66,28469.894
2025-07-25T12:00:00+00:00,115.67,116.38,115.60,116.28,66582.092
2025-07-25T12:15:00+00:00,116.29,116.30,115.15,115.21,44721.353
2025-07-25T12:30:00+00:00,115.22,115.52,114.81,115.19,50192.077
2025-07-25T12:45:00+00:00,115.19,115.37,114.59,114.85,43471.680
2025-07-25T13:00:00+00:00,114.86,115.04,114.47,114.80,34087.187
2025-07-25T13:15:00+00:00,114.79,115.20,114.63,115.09,26328.920
2025-07-25T13:30:00+00:00,115.09,115.66,113.87,114.11,104412.186
2025-07-25T13:45:00+00:00,114.12,115.29,114.12,115.25,42580.279
2025-07-25T14:00:00+00:00,115.26,115.31,114.12,114.12,30428.987
2025-07-25T14:15:00+00:00,114.13,114.29,113.46,113.65,50837.966
2025-07-25T14:30:00+00:00,113.65,113.85,111.77,112.22,149425.576
2025-07-25T14:45:00+00:00,112.21,112.85,111.34,111.38,143464.803
2025-07-25T15:00:00+00:00,111.38,112.14,110.94,111.39,102424.769
2025-07-25T15:15:00+00:00,111.39,111.75,110.99,111.17,51796.958
2025-07-25T15:30:00+00:00,111.16,111.38,109.39,109.79,107305.302
2025-07-25T15:45:00+00:00,109.81,110.76,109.63,110.54,55381.097
2025-07-25T16:00:00+00:00,110.52,111.05,110.08,110.15,53984.860
2025-07-25T16:15:00+00:00,110.15,110.39,109.31,110.09,46257.479
2025-07-25T16:30:00+00:00,110.08,110.70,109.71,110.66,40863.738
2025-07-25T16:45:00+00:00,110.65,111.72,110.62,111.50,44844.878
2025-07-25T17:00:00+00:00,111.49,112.16,111.17,111.92,36054.574
2025-07-25T17:15:00+00:00,111.91,112.08,111.07,111.46,30274.762
2025-07-25T17:30:00+00:00,111.45,111.64,110.88,111.57,28151.161
2025-07-25T17:45:00+00:00,111.56,111.72,111.24,111.28,20350.476
2025-07-25T18:00:00+00:00,111.27,111.39,110.92,111.27,23477.192
2025-07-25T18:15:00+00:00,111.26,111.38,110.93,111.27,16206.804
2025-07-25T18:30:00+00:00,111.27,111.59,111.02,111.59,14832.761
2025-07-25T18:45:00+00:00,111.58,111.59,111.16,111.26,9597.326
2025-07-25T19:00:00+00:00,111.25,111.51,111.00,111.46,12245.959
2025-07-25T19:15:00+00:00,111.45,111.53,110.93,110.94,10151.810
2025-07-25T19:30:00+00:00,110.93,111.81,110.91,111.69,17129.469
2025-07-25T19:45:00+00:00,111.70,111.96,111.12,111.13,17050.066
2025-07-25T20:00:00+00:00,111.13,111.26,110.88,111.15,18192.870
2025-07-25T20:15:00+00:00,111.14,112.30,111.13,112.24,31156.811
2025-07-25T20:30:00+00:00,112.24,113.04,112.15,112.91,43745.532
2025-07-25T20:45:00+00:00,112.91,113.21,112.67,112.80,37228.364
2025-07-25T21:00:00+00:00,112.79,113.32,112.79,113.08,33416.651
2025-07-25T21:15:00+00:00,113.08,113.89,113.03,113.20,44862.139
2025-07-25T21:30:00+00:00,113.20,113.23,112.81,113.02,17540.399
2025-07-25T21:45:00+00:00,113.01,113.49,112.95,113.49,18344.674
2025-07-25T22:00:00+00:00,113.49,113.81,113.44,113.61,28070.186
2025-07-25T22:15:00+00:00,113.61,113.86,113.36,113.76,16710.220
2025-07-25T22:30:00+00:00,113.76,113.86,113.62,113.72,9155.485
2025-07-25T22:45:00+00:00,113.71,113.72,113.42,113.64,17550.041
2025-07-25T23:00:00+00:00,113.64,113.65,113.26,113.36,15154.766
2025-07-25T23:15:00+00:00,113.38,113.65,113.37,113.49,11662.777
2025-07-25T23:30:00+00:00,113.48,113.80,113.40,113.43,14355.707
2025-07-25T23:45:00+00:00,113.43,113.85,113.38,113.76,14862.644
2025-07-26T00:00:00+00:00,113.75,113.80,113.30,113.45,15219.052
2025-07-26T00:15:00+00:00,113.45,113.57,113.25,113.53,14245.330
2025-07-26T00:30:00+00:00,113.53,113.54,113.15,113.16,10355.994
2025-07-26T00:45:00+00:00,113.15,113.28,112.81,113.22,21920.147
2025-07-26T01:00:00+00:00,113.22,113.27,112.97,113.11,13146.185
2025-07-26T01:15:00+00:00,113.11,113.14,112.71,112.91,13611.798
2025-07-26T01:30:00+00:00,112.92,113.18,112.66,112.67,17907.555
2025-07-26T01:45:00+00:00,112.67,112.83,112.10,112.15,41157.454
2025-07-26T02:00:00+00:00,112.15,112.60,112.12,112.60,28486.809
2025-07-26T02:15:00+00:00,112.60,113.58,112.57,113.42,39357.400
2025-07-26T02:30:00+00:00,113.41,113.76,112.58,112.78,39523.147
2025-07-26T02:45:00+00:00,112.78,113.30,112.72,113.13,18677.312
2025-07-26T03:00:00+00:00,113.13,113.27,112.75,112.79,15214.386
2025-07-26T03:15:00+00:00,112.79,112.99,112.50,112.55,22920.116
2025-07-26T03:30:00+00:00,112.55,113.04,112.52,112.95,10911.697
2025-07-26T03:45:00+00:00,112.95,113.34,112.90,113.21,14373.269
2025-07-26T04:00:00+00:00,113.20,113.57,113.13,113.53,16715.614
2025-07-26T04:15:00+00:00,113.53,113.59,113.29,113.34,14945.275
2025-07-26T04:30:00+00:00,113.34,113.59,113.25,113.58,10059.964
2025-07-26T04:45:00+00:00,113.59,113.70,113.34,113.45,14998.455
2025-07-26T05:00:00+00:00,113.46,113.49,112.83,112.98,20724.344
2025-07-26T05:15:00+00:00,112.98,113.25,112.97,113.25,12320.119
2025-07-26T05:30:00+00:00,113.24,113.86,113.09,113.53,20499.542
2025-07-26T05:45:00+00:00,113.52,113.60,113.30,113.44,10162.506
2025-07-26T06:00:00+00:00,113.43,113.51,113.10,113.17,11749.923
2025-07-26T06:15:00+00:00,113.18,113.30,112.97,113.09,11472.540
2025-07-26T06:30:00+00:00,113.09,113.28,112.98,113.12,12849.957
2025-07-26T06:45:00+00:00,113.12,113.29,112.99,113.11,8591.314
2025-07-26T07:00:00+00:00,113.11,113.39,113.04,113.37,12028.564
2025-07-26T07:15:00+00:00,113.37,113.49,113.20,113.28,12297.732
2025-07-26T07:30:00+00:00,113.27,113.33,112.95,113.18,8969.183
2025-07-26T07:45:00+00:00,113.19,113.36,113.08,113.16,6507.968
2025-07-26T08:00:00+00:00,113.15,113.39,113.15,113.37,11505.700
2025-07-26T08:15:00+00:00,113.36,113.79,113.31,113.73,14419.084
2025-07-26T08:30:00+00:00,113.72,113.81,113.45,113.67,12510.279
2025-07-26T08:45:00+00:00,113.67,114.02,113.60,113.87,17253.283
2025-07-26T09:00:00+00:00,113.87,114.12,113.72,113.93,19855.773
2025-07-26T09:15:00+00:00,113.93,114.22,113.78,113.78,39835.358
2025-07-26T09:30:00+00:00,113.78,113.87,113.66,113.78,18113.284
2025-07-26T09:45:00+00:00,113.78,114.03,113.60,113.98,16166.552
2025-07-26T10:00:00+00:00,113.99,114.13,113.83,113.99,17590.169
2025-07-26T10:15:00+00:00,113.99,114.09,113.79,113.85,11696.397
2025-07-26T10:30:00+00:00,113.85,114.36,113.85,114.31,44828.104
2025-07-26T10:45:00+00:00,114.32,114.32,113.75,113.79,36313.022
2025-07-26T11:00:00+00:00,113.80,114.19,113.65,114.19,24882.826
2025-07-26T11:15:00+00:00,114.19,114.26,113.83,113.94,21255.950
2025-07-26T11:30:00+00:00,113.95,113.95,113.46,113.52,25691.409
2025-07-26T11:45:00+00:00,113.52,113.75,113.42,113.61,17200.925
2025-07-26T12:00:00+00:00,113.60,113.65,113.25,113.53,22040.276
2025-07-26T12:15:00+00:00,113.52,114.02,113.52,113.91,16959.164
2025-07-26T12:30:00+00:00,113.91,114.03,113.75,114.01,8672.708
2025-07-26T12:45:00+00:00,114.00,114.23,113.79,113.82,15914.430
2025-07-26T13:00:00+00:00,113.83,114.10,113.61,114.09,14358.282
2025-07-26T13:15:00+00:00,114.09,114.10,113.81,113.89,10949.201
2025-07-26T13:30:00+00:00,113.89,114.52,113.84,114.43,17702.966
2025-07-26T13:45:00+00:00,114.42,114.58,114.12,114.23,28710.869
2025-07-26T14:00:00+00:00,114.24,114.36,114.02,114.13,23880.829
2025-07-26T14:15:00+00:00,114.12,114.30,113.87,113.95,19223.298
2025-07-26T14:30:00+00:00,113.95,114.08,113.59,113.83,19146.484
2025-07-26T14:45:00+00:00,113.83,114.10,113.47,113.49,24185.544
2025-07-26T15:00:00+00:00,113.49,114.05,113.34,113.40,34024.721
2025-07-26T15:15:00+00:00,113.40,113.51,113.15,113.18,19153.509
2025-07-26T15:30:00+00:00,113.19,113.48,113.02,113.24,21668.470
2025-07-26T15:45:00+00:00,113.24,113.84,113.20,113.80,24001.377
2025-07-26T16:00:00+00:00,113.80,114.16,113.45,113.55,32947.120
2025-07-26T16:15:00+00:00,113.55,114.07,113.53,113.74,25129.021
2025-07-26T16:30:00+00:00,113.75,113.87,113.45,113.57,19406.247
2025-07-26T16:45:00+00:00,113.58,113.81,113.36,113.81,9206.338
2025-07-26T17:00:00+00:00,113.81,113.85,113.25,113.42,15537.084
2025-07-26T17:15:00+00:00,113.42,113.87,113.31,113.77,6105.069
2025-07-26T17:30:00+00:00,113.77,113.77,113.50,113.53,8733.139
2025-07-26T17:45:00+00:00,113.53,114.32,113.49,114.20,22558.897
2025-07-26T18:00:00+00:00,114.21,114.62,114.10,114.46,34754.502
2025-07-26T18:15:00+00:00,114.46,114.47,113.92,114.42,22384.177
2025-07-26T18:30:00+00:00,114.42,115.18,114.42,115.05,53499.615
2025-07-26T18:45:00+00:00,115.05,115.46,114.75,115.08,35880.611
2025-07-26T19:00:00+00:00,115.08,115.18,114.73,114.78,27287.394
2025-07-26T19:15:00+00:00,114.77,114.88,114.57,114.85,14427.260
2025-07-26T19:30:00+00:00,114.86,114.95,114.65,114.92,8230.627
2025-07-26T19:45:00+00:00,114.93,115.02,114.85,114.86,9710.505
2025-07-26T20:00:00+00:00,114.86,114.90,114.40,114.41,15101.352
2025-07-26T20:15:00+00:00,114.40,114.56,114.31,114.35,10820.610
2025-07-26T20:30:00+00:00,114.35,114.55,114.33,114.51,5846.868
2025-07-26T20:45:00+00:00,114.51,114.64,114.33,114.52,9307.758
2025-07-26T21:00:00+00:00,114.51,114.51,113.98,113.98,18276.112
2025-07-26T21:15:00+00:00,113.98,114.35,113.98,114.31,14746.552
2025-07-26T21:30:00+00:00,114.30,114.51,114.30,114.42,6873.656
2025-07-26T21:45:00+00:00,114.41,114.68,114.41,114.64,5091.124
2025-07-26T22:00:00+00:00,114.63,115.10,114.57,114.98,12646.156
2025-07-26T22:15:00+00:00,114.98,115.29,114.53,114.54,18019.993
2025-07-26T22:30:00+00:00,114.54,114.79,114.22,114.44,14208.380
2025-07-26T22:45:00+00:00,114.44,114.64,114.39,114.54,6093.314
2025-07-26T23:00:00+00:00,114.54,114.63,114.30,114.40,6477.456
2025-07-26T23:15:00+00:00,114.40,114.40,114.13,114.23,10108.501
2025-07-26T23:30:00+00:00,114.22,114.27,114.00,114.10,9308.200
2025-07-26T23:45:00+00:00,114.09,114.09,113.81,113.91,8493.840
2025-07-27T00:00:00+00:00,113.91,113.98,113.61,113.91,12423.627
2025-07-27T00:15:00+00:00,113.90,114.09,113.76,113.91,7492.893
2025-07-27T00:30:00+00:00,113.91,114.19,113.81,113.92,6065.532
2025-07-27T00:45:00+00:00,113.93,114.00,113.69,113.95,8277.717
2025-07-27T01:00:00+00:00,113.94,114.44,113.71,114.37,10630.719
2025-07-27T01:15:00+00:00,114.38,114.60,114.31,114.48,10941.450
2025-07-27T01:30:00+00:00,114.48,114.76,114.36,114.66,9710.410
2025-07-27T01:45:00+00:00,114.66,114.98,114.45,114.64,16446.440
2025-07-27T02:00:00+00:00,114.65,114.78,114.36,114.74,12010.358
2025-07-27T02:15:00+00:00,114.74,114.96,114.60,114.71,11171.645
2025-07-27T02:30:00+00:00,114.72,114.81,114.61,114.61,9284.136
2025-07-27T02:45:00+00:00,114.61,115.24,114.44,115.19,21793.402
2025-07-27T03:00:00+00:00,115.19,115.24,114.56,114.66,22731.013
2025-07-27T03:15:00+00:00,114.66,114.90,114.45,114.60,12901.036
2025-07-27T03:30:00+00:00,114.60,114.72,114.48,114.61,7093.218
2025-07-27T03:45:00+00:00,114.61,114.71,114.45,114.57,5542.956
2025-07-27T04:00:00+00:00,114.57,114.66,114.42,114.64,8708.415
2025-07-27T04:15:00+00:00,114.63,114.89,114.61,114.65,4479.919
2025-07-27T04:30:00+00:00,114.65,114.95,114.58,114.79,8534.055
2025-07-27T04:45:00+00:00,114.79,114.85,114.68,114.83,4786.476
2025-07-27T05:00:00+00:00,114.82,114.96,114.74,114.87,7886.306
2025-07-27T05:15:00+00:00,114.87,115.45,114.80,115.31,26244.976
2025-07-27T05:30:00+00:00,115.30,115.34,115.04,115.05,18441.725
2025-07-27T05:45:00+00:00,115.04,115.10,114.71,114.90,15350.111
2025-07-27T06:00:00+00:00,114.90,114.91,114.56,114.68,15347.392
2025-07-27T06:15:00+00:00,114.69,115.16,114.69,114.83,14230.367
2025-07-27T06:30:00+00:00,114.83,115.53,114.73,115.53,23837.501
2025-07-27T06:45:00+00:00,115.53,115.59,114.94,115.42,46771.480
2025-07-27T07:00:00+00:00,115.41,115.41,114.81,115.11,33341.536
2025-07-27T07:15:00+00:00,115.13,115.23,114.76,114.77,12753.395
2025-07-27T07:30:00+00:00,114.76,114.78,114.23,114.28,25285.061
2025-07-27T07:45:00+00:00,114.28,114.41,114.03,114.23,22928.125
2025-07-27T08:00:00+00:00,114.23,114.40,114.14,114.29,16356.872
2025-07-27T08:15:00+00:00,114.29,114.33,113.47,113.66,44311.214
2025-07-27T08:30:00+00:00,113.66,113.68,113.30,113.52,49233.950
2025-07-27T08:45:00+00:00,113.52,113.64,112.87,112.98,44049.809
2025-07-27T09:00:00+00:00,112.99,113.14,112.40,112.90,57821.654
2025-07-27T09:15:00+00:00,112.90,113.03,112.82,112.93,22419.602
2025-07-27T09:30:00+00:00,112.93,113.08,112.65,112.77,38749.292
2025-07-27T09:45:00+00:00,112.77,112.77,112.47,112.65,18865.643
2025-07-27T10:00:00+00:00,112.64,113.40,112.61,113.34,33426.440
2025-07-27T10:15:00+00:00,113.34,113.57,113.24,113.25,26164.595
2025-07-27T10:30:00+00:00,113.24,113.73,112.97,113.66,21978.582
2025-07-27T10:45:00+00:00,113.65,113.98,113.35,113.42,48027.753
2025-07-27T11:00:00+00:00,113.42,113.60,113.17,113.45,31896.688
2025-07-27T11:15:00+00:00,113.45,113.89,113.38,113.57,23571.366
2025-07-27T11:30:00+00:00,113.57,113.70,113.04,113.21,18614.931
2025-07-27T11:45:00+00:00,113.20,113.20,112.84,113.15,20918.060
2025-07-27T12:00:00+00:00,113.14,113.35,112.85,113.32,18034.189
2025-07-27T12:15:00+00:00,113.33,113.51,112.99,113.04,22216.748
2025-07-27T12:30:00+00:00,113.05,113.26,112.75,113.03,26586.715
2025-07-27T12:45:00+00:00,113.02,113.79,112.99,113.71,19222.726
2025-07-27T13:00:00+00:00,113.70,114.10,113.54,113.71,33865.463
2025-07-27T13:15:00+00:00,113.72,113.89,113.40,113.84,11197.959
2025-07-27T13:30:00+00:00,113.84,113.87,113.31,113.47,11750.630
2025-07-27T13:45:00+00:00,113.45,113.54,113.29,113.35,11331.014
2025-07-27T14:00:00+00:00,113.34,113.84,113.23,113.68,17066.841
2025-07-27T14:15:00+00:00,113.69,113.87,113.46,113.73,12346.563
2025-07-27T14:30:00+00:00,113.73,113.82,113.08,113.09,28547.502
2025-07-27T14:45:00+00:00,113.09,113.28,112.70,113.09,20020.006
2025-07-27T15:00:00+00:00,113.08,113.23,112.64,112.77,23919.836
2025-07-27T15:15:00+00:00,112.76,113.29,112.61,113.06,17785.530
2025-07-27T15:30:00+00:00,113.06,113.28,112.86,113.16,10346.015
2025-07-27T15:45:00+00:00,113.16,113.52,113.02,113.49,27773.635
2025-07-27T16:00:00+00:00,113.48,114.28,113.47,114.20,33489.639
2025-07-27T16:15:00+00:00,114.20,114.95,114.12,114.88,61219.377
2025-07-27T16:30:00+00:00,114.90,115.27,114.56,114.58,43167.644
2025-07-27T16:45:00+00:00,114.57,114.97,113.87,114.17,46757.498
2025-07-27T17:00:00+00:00,114.17,114.20,113.44,113.80,47724.422
2025-07-27T17:15:00+00:00,113.80,114.17,113.30,114.03,27545.045
2025-07-27T17:30:00+00:00,114.04,114.18,113.60,113.93,30834.664
2025-07-27T17:45:00+00:00,113.93,114.50,113.88,114.45,21264.424
2025-07-27T18:00:00+00:00,114.44,114.88,114.25,114.66,22109.558
2025-07-27T18:15:00+00:00,114.66,114.79,114.36,114.52,14754.844
2025-07-27T18:30:00+00:00,114.52,114.67,114.20,114.58,11367.402
2025-07-27T18:45:00+00:00,114.57,114.60,114.13,114.32,13301.549
2025-07-27T19:00:00+00:00,114.31,114.51,114.11,114.33,13178.988
2025-07-27T19:15:00+00:00,114.33,114.33,113.78,114.09,18849.074
2025-07-27T19:30:00+00:00,114.09,114.40,113.84,113.94,10744.678
2025-07-27T19:45:00+00:00,113.93,114.03,113.77,113.84,10165.363
2025-07-27T20:00:00+00:00,113.83,114.30,113.82,114.08,12934.808
2025-07-27T20:15:00+00:00,114.07,114.26,113.79,114.02,7776.452
2025-07-27T20:30:00+00:00,114.01,114.01,113.73,113.82,8082.477
2025-07-27T20:45:00+00:00,113.82,113.95,113.42,113.60,18005.500
2025-07-27T21:00:00+00:00,113.60,113.73,113.16,113.24,17413.005
2025-07-27T21:15:00+00:00,113.23,113.66,113.18,113.66,12509.475
2025-07-27T21:30:00+00:00,113.65,113.93,113.40,113.57,13815.165
2025-07-27T21:45:00+00:00,113.57,114.02,113.56,114.02,9056.661
2025-07-27T22:00:00+00:00,114.02,114.98,114.00,114.97,33841.539
2025-07-27T22:15:00+00:00,114.97,115.11,114.59,114.79,26877.932
2025-07-27T22:30:00+00:00,114.78,115.18,114.60,115.18,15669.714
2025-07-27T22:45:00+00:00,115.17,115.39,114.80,114.91,31495.249
2025-07-27T23:00:00+00:00,114.90,114.92,113.98,114.26,42788.588
2025-07-27T23:15:00+00:00,114.25,114.69,114.23,114.55,21221.464
2025-07-27T23:30:00+00:00,114.54,114.55,114.16,114.35,18745.518
2025-07-27T23:45:00+00:00,114.34,114.92,114.30,114.77,16592.137
2025-07-28T00:00:00+00:00,114.77,114.86,114.31,114.86,17063.413
2025-07-28T00:15:00+00:00,114.86,115.52,114.73,115.50,56958.420
2025-07-28T00:30:00+00:00,115.50,116.14,115.16,115.51,73626.223
2025-07-28T00:45:00+00:00,115.51,115.77,115.03,115.05,42946.657
2025-07-28T01:00:00+00:00,115.05,115.18,114.57,114.67,39700.682
2025-07-28T01:15:00+00:00,114.67,115.29,114.38,114.63,30499.103
2025-07-28T01:30:00+00:00,114.62,114.66,113.58,114.03,67202.293
2025-07-28T01:45:00+00:00,114.03,114.20,113.80,114.08,27534.304
2025-07-28T02:00:00+00:00,114.07,114.39,113.85,114.35,19410.040
2025-07-28T02:15:00+00:00,114.35,115.09,114.34,115.02,22981.013
2025-07-28T02:30:00+00:00,115.03,116.28,114.90,115.68,79859.525
2025-07-28T02:45:00+00:00,115.67,115.77,115.07,115.30,26794.553
2025-07-28T03:00:00+00:00,115.30,115.54,115.05,115.16,23081.694
2025-07-28T03:15:00+00:00,115.16,115.31,114.76,114.89,21047.398
2025-07-28T03:30:00+00:00,114.90,115.32,114.83,115.08,15303.111
2025-07-28T03:45:00+00:00,115.08,115.37,115.06,115.26,18864.077
2025-07-28T04:00:00+00:00,115.26,115.43,114.84,114.85,20918.830
2025-07-28T04:15:00+00:00,114.85,115.22,114.52,115.13,39419.832
2025-07-28T04:30:00+00:00,115.12,115.48,114.93,115.42,18565.933
2025-07-28T04:45:00+00:00,115.43,115.46,115.09,115.25,12695.653
2025-07-28T05:00:00+00:00,115.25,115.47,115.22,115.43,13261.162
2025-07-28T05:15:00+00:00,115.44,116.40,115.43,116.29,49633.258
2025-07-28T05:30:00+00:00,116.29,116.32,115.72,116.03,34064.269
2025-07-28T05:45:00+00:00,116.02,116.37,115.83,116.10,32785.327
2025-07-28T06:00:00+00:00,116.10,116.29,115.85,116.02,15822.339
2025-07-28T06:15:00+00:00,116.02,116.06,115.55,115.62,26699.391
2025-07-28T06:30:00+00:00,115.61,115.71,115.44,115.47,17844.243
2025-07-28T06:45:00+00:00,115.47,115.92,115.44,115.81,15158.642
2025-07-28T07:00:00+00:00,115.81,115.82,114.54,114.69,56627.783
2025-07-28T07:15:00+00:00,114.70,115.27,114.41,115.14,35282.407
2025-07-28T07:30:00+00:00,115.14,115.19,114.80,114.83,25886.432
2025-07-28T07:45:00+00:00,114.83,114.95,114.73,114.83,11706.018
2025-07-28T08:00:00+00:00,114.83,114.83,114.28,114.48,35703.938
2025-07-28T08:15:00+00:00,114.48,114.82,114.23,114.66,19650.616
2025-07-28T08:30:00+00:00,114.66,114.70,114.13,114.35,21657.059
2025-07-28T08:45:00+00:00,114.36,114.51,114.02,114.40,19447.886
2025-07-28T09:00:00+00:00,114.39,114.39,114.05,114.22,22483.604
2025-07-28T09:15:00+00:00,114.21,114.49,114.06,114.17,22789.055
2025-07-28T09:30:00+00:00,114.18,114.34,113.81,114.19,26282.803
2025-07-28T09:45:00+00:00,114.18,115.15,114.15,114.70,33598.673
2025-07-28T10:00:00+00:00,114.69,114.75,114.27,114.34,18885.627
2025-07-28T10:15:00+00:00,114.33,114.75,114.29,114.57,10247.650
2025-07-28T10:30:00+00:00,114.57,114.57,113.69,113.93,42019.681
2025-07-28T10:45:00+00:00,113.94,113.97,113.63,113.75,25812.559
2025-07-28T11:00:00+00:00,113.76,113.82,113.30,113.36,25452.773
2025-07-28T11:15:00+00:00,113.35,113.44,112.93,112.99,43519.239
2025-07-28T11:30:00+00:00,112.99,113.46,112.91,113.36,30931.213
2025-07-28T11:45:00+00:00,113.36,113.47,113.31,113.44,18088.164
2025-07-28T12:00:00+00:00,113.44,113.68,113.20,113.51,22907.696
2025-07-28T12:15:00+00:00,113.50,113.78,113.24,113.36,23861.964
2025-07-28T12:30:00+00:00,113.35,113.57,113.29,113.47,16961.161
2025-07-28T12:45:00+00:00,113.46,113.55,113.11,113.17,20162.440
2025-07-28T13:00:00+00:00,113.18,113.20,112.30,112.45,63068.455
2025-07-28T13:15:00+00:00,112.45,112.78,111.69,112.14,96445.833
2025-07-28T13:30:00+00:00,112.14,112.66,111.65,112.13,61472.965
2025-07-28T13:45:00+00:00,112.14,112.36,111.29,111.44,69055.474
2025-07-28T14:00:00+00:00,111.43,111.64,111.06,111.09,52455.595
2025-07-28T14:15:00+00:00,111.09,111.21,109.72,110.06,153118.544
2025-07-28T14:30:00+00:00,110.06,110.74,109.79,110.64,73233.306
2025-07-28T14:45:00+00:00,110.65,110.69,109.94,110.14,32252.377
2025-07-28T15:00:00+00:00,110.14,110.48,110.03,110.48,25495.485
2025-07-28T15:15:00+00:00,110.48,110.79,110.41,110.73,48272.896
2025-07-28T15:30:00+00:00,110.72,111.06,110.43,110.53,34709.429
2025-07-28T15:45:00+00:00,110.53,110.81,109.89,110.31,43660.089
2025-07-28T16:00:00+00:00,110.30,110.30,109.75,109.99,49966.168
2025-07-28T16:15:00+00:00,109.98,110.58,109.85,110.52,28392.860
2025-07-28T16:30:00+00:00,110.51,110.91,110.25,110.89,39077.294
2025-07-28T16:45:00+00:00,110.90,110.96,110.42,110.46,20529.244
2025-07-28T17:00:00+00:00,110.45,110.71,110.33,110.33,25254.301
2025-07-28T17:15:00+00:00,110.32,110.60,109.78,110.60,50079.470
2025-07-28T17:30:00+00:00,110.59,110.73,109.96,110.10,34367.689
2025-07-28T17:45:00+00:00,110.10,110.16,109.81,109.92,14404.958
2025-07-28T18:00:00+00:00,109.93,110.04,108.79,109.63,90802.105
2025-07-28T18:15:00+00:00,109.63,109.67,108.43,109.11,57546.239
2025-07-28T18:30:00+00:00,109.12,109.39,108.58,109.34,36665.869
2025-07-28T18:45:00+00:00,109.34,109.39,108.80,109.10,15712.524
2025-07-28T19:00:00+00:00,109.09,109.87,109.01,109.70,40415.790
2025-07-28T19:15:00+00:00,109.70,109.87,109.50,109.66,15982.019
2025-07-28T19:30:00+00:00,109.66,109.66,108.76,108.88,28973.508
2025-07-28T19:45:00+00:00,108.88,109.45,108.64,109.45,17554.459
2025-07-28T20:00:00+00:00,109.45,109.79,109.09,109.18,58046.409
2025-07-28T20:15:00+00:00,109.18,109.36,108.46,108.62,32547.915
2025-07-28T20:30:00+00:00,108.61,109.49,108.60,109.16,47708.123
2025-07-28T20:45:00+00:00,109.16,109.59,108.96,109.35,18549.624
2025-07-28T21:00:00+00:00,109.34,109.66,109.22,109.42,14552.548
2025-07-28T21:15:00+00:00,109.41,109.54,108.89,109.32,13621.975
2025-07-28T21:30:00+00:00,109.31,110.08,109.23,109.94,22888.378
2025-07-28T21:45:00+00:00,109.95,109.95,109.14,109.55,14424.615
2025-07-28T22:00:00+00:00,109.54,109.69,109.16,109.40,18007.192
2025-07-28T22:15:00+00:00,109.41,109.56,109.04,109.14,13369.027
2025-07-28T22:30:00+00:00,109.14,109.24,108.36,108.82,33329.959
2025-07-28T22:45:00+00:00,108.81,109.13,108.59,108.93,39702.688
2025-07-28T23:00:00+00:00,108.93,109.22,108.61,108.80,18949.020
2025-07-28T23:15:00+00:00,108.81,109.24,108.63,108.66,16879.273
2025-07-28T23:30:00+00:00,108.65,109.02,108.53,108.67,12291.491
2025-07-28T23:45:00+00:00,108.66,108.96,108.22,108.96,18178.797
2025-07-29T00:00:00+00:00,108.97,109.62,108.74,109.53,28871.072
2025-07-29T00:15:00+00:00,109.54,110.06,109.45,109.46,46703.629
2025-07-29T00:30:00+00:00,109.46,109.57,107.40,108.04,92393.437
2025-07-29T00:45:00+00:00,108.04,109.12,107.89,108.95,30912.133
2025-07-29T01:00:00+00:00,108.96,109.00,108.51,108.89,24413.234
2025-07-29T01:15:00+00:00,108.89,109.41,108.87,109.32,17910.181
2025-07-29T01:30:00+00:00,109.32,109.45,109.12,109.16,15579.730
2025-07-29T01:45:00+00:00,109.16,109.16,108.31,108.34,22493.099
2025-07-29T02:00:00+00:00,108.35,108.76,108.22,108.68,21571.465
2025-07-29T02:15:00+00:00,108.67,108.67,107.57,108.51,41176.451
2025-07-29T02:30:00+00:00,108.52,108.59,107.76,108.05,20220.474
2025-07-29T02:45:00+00:00,108.06,108.31,107.60,107.96,21215.681
2025-07-29T03:00:00+00:00,107.96,108.92,107.95,108.91,24983.140
2025-07-29T03:15:00+00:00,108.89,108.90,108.58,108.66,17447.549
2025-07-29T03:30:00+00:00,108.66,108.91,108.29,108.90,14954.827
2025-07-29T03:45:00+00:00,108.91,109.43,108.86,109.22,28755.651
2025-07-29T04:00:00+00:00,109.22,109.74,109.18,109.66,25881.425
2025-07-29T04:15:00+00:00,109.67,109.75,109.36,109.65,20439.733
2025-07-29T04:30:00+00:00,109.64,109.70,108.96,109.04,19656.415
2025-07-29T04:45:00+00:00,109.05,109.16,108.76,108.85,11781.352
2025-07-29T05:00:00+00:00,108.86,109.32,108.84,108.94,12310.339
2025-07-29T05:15:00+00:00,108.94,109.22,108.66,109.14,10923.059
2025-07-29T05:30:00+00:00,109.13,109.61,109.04,109.52,14743.556
2025-07-29T05:45:00+00:00,109.52,109.68,109.46,109.66,12218.347
2025-07-29T06:00:00+00:00,109.67,109.79,109.51,109.75,15675.703
2025-07-29T06:15:00+00:00,109.75,110.19,109.71,109.89,29773.443
2025-07-29T06:30:00+00:00,109.89,110.18,109.84,110.09,17202.916
2025-07-29T06:45:00+00:00,110.09,110.35,109.90,110.10,31795.760
2025-07-29T07:00:00+00:00,110.10,110.39,110.02,110.16,23805.688
2025-07-29T07:15:00+00:00,110.16,110.37,109.83,109.88,22690.643
2025-07-29T07:30:00+00:00,109.89,110.36,109.80,110.35,23789.671
2025-07-29T07:45:00+00:00,110.35,110.73,110.35,110.56,41706.497
2025-07-29T08:00:00+00:00,110.56,110.59,109.88,109.98,58433.930
2025-07-29T08:15:00+00:00,109.97,110.32,109.67,109.82,22224.575
2025-07-29T08:30:00+00:00,109.82,110.25,109.82,110.17,11699.192
2025-07-29T08:45:00+00:00,110.16,110.37,109.84,109.92,22829.137
2025-07-29T09:00:00+00:00,109.92,110.18,109.66,109.84,19817.307
2025-07-29T09:15:00+00:00,109.85,110.50,109.70,110.31,23960.136
2025-07-29T09:30:00+00:00,110.31,110.36,109.96,110.23,17033.829
2025-07-29T09:45:00+00:00,110.23,110.25,109.89,110.13,12094.987
2025-07-29T10:00:00+00:00,110.12,110.19,109.12,109.21,29871.743
2025-07-29T10:15:00+00:00,109.21,109.49,108.98,109.19,32302.773
2025-07-29T10:30:00+00:00,109.19,109.45,108.74,108.82,22210.384
2025-07-29T10:45:00+00:00,108.82,108.86,108.21,108.40,39931.130
2025-07-29T11:00:00+00:00,108.39,108.85,108.29,108.85,22811.930
2025-07-29T11:15:00+00:00,108.84,109.05,108.66,108.95,19302.232
2025-07-29T11:30:00+00:00,108.94,109.12,108.59,108.83,22329.489
2025-07-29T11:45:00+00:00,108.82,109.14,108.73,109.13,11393.956
2025-07-29T12:00:00+00:00,109.13,109.60,108.99,109.24,30543.287
2025-07-29T12:15:00+00:00,109.24,110.00,109.24,109.82,37287.148
2025-07-29T12:30:00+00:00,109.81,110.17,109.53,110.13,18380.356
2025-07-29T12:45:00+00:00,110.13,110.15,109.88,109.94,13583.080
2025-07-29T13:00:00+00:00,109.94,110.18,109.73,109.96,16429.957
2025-07-29T13:15:00+00:00,109.96,110.25,109.81,110.17,13746.245
2025-07-29T13:30:00+00:00,110.17,110.48,109.83,109.95,30618.828
2025-07-29T13:45:00+00:00,109.96,110.12,108.91,109.22,39075.169
2025-07-29T14:00:00+00:00,109.23,109.25,107.89,108.40,81723.796
2025-07-29T14:15:00+00:00,108.41,109.31,108.37,109.15,44290.135
2025-07-29T14:30:00+00:00,109.15,109.15,108.56,108.99,26758.978
2025-07-29T14:45:00+00:00,108.99,109.20,106.87,108.01,139523.362
2025-07-29T15:00:00+00:00,108.00,108.32,107.38,107.90,71324.233
2025-07-29T15:15:00+00:00,107.91,108.09,107.42,107.45,31713.821
2025-07-29T15:30:00+00:00,107.45,107.81,107.15,107.73,38245.793
2025-07-29T15:45:00+00:00,107.72,108.44,107.63,108.02,33845.243
2025-07-29T16:00:00+00:00,108.02,108.20,107.51,107.92,29716.601
2025-07-29T16:15:00+00:00,107.91,107.95,107.04,107.57,41107.157
2025-07-29T16:30:00+00:00,107.58,107.95,106.68,107.93,60710.896
2025-07-29T16:45:00+00:00,107.94,108.94,107.64,108.73,77045.697
2025-07-29T17:00:00+00:00,108.73,109.38,108.56,109.37,32752.804
2025-07-29T17:15:00+00:00,109.37,109.74,109.14,109.71,27719.301
2025-07-29T17:30:00+00:00,109.70,109.88,109.37,109.37,31002.473
2025-07-29T17:45:00+00:00,109.37,109.54,109.09,109.17,16837.854
2025-07-29T18:00:00+00:00,109.18,109.47,108.69,109.40,21286.018
2025-07-29T18:15:00+00:00,109.41,109.61,108.98,109.25,12530.956
2025-07-29T18:30:00+00:00,109.26,109.44,108.78,108.95,14460.943
2025-07-29T18:45:00+00:00,108.96,109.36,108.71,108.88,15836.867
2025-07-29T19:00:00+00:00,108.89,108.98,108.54,108.87,12979.556
2025-07-29T19:15:00+00:00,108.87,109.51,107.93,108.13,64201.775
2025-07-29T19:30:00+00:00,108.15,108.42,107.90,108.18,25624.756
2025-07-29T19:45:00+00:00,108.20,108.50,107.92,108.05,32460.589
2025-07-29T20:00:00+00:00,108.05,108.07,107.21,107.63,46614.021
2025-07-29T20:15:00+00:00,107.63,108.82,107.38,107.96,45344.396
2025-07-29T20:30:00+00:00,107.96,108.05,107.31,107.71,34889.729
2025-07-29T20:45:00+00:00,107.71,108.20,107.52,108.20,18907.714
2025-07-29T21:00:00+00:00,108.21,108.29,107.64,107.72,20733.541
2025-07-29T21:15:00+00:00,107.73,107.88,107.35,107.75,12122.946
2025-07-29T21:30:00+00:00,107.74,108.02,107.67,107.70,11070.439
2025-07-29T21:45:00+00:00,107.70,108.78,107.69,108.47,11547.385
2025-07-29T22:00:00+00:00,108.47,108.81,107.78,107.90,36975.735
2025-07-29T22:15:00+00:00,107.90,108.26,107.90,108.26,9308.288
2025-07-29T22:30:00+00:00,108.25,108.41,108.06,108.28,12197.284
2025-07-29T22:45:00+00:00,108.28,108.73,108.21,108.65,9300.221
2025-07-29T23:00:00+00:00,108.66,108.82,108.47,108.64,11723.544
2025-07-29T23:15:00+00:00,108.65,108.85,108.48,108.55,10952.601
2025-07-29T23:30:00+00:00,108.56,108.82,108.32,108.32,8638.930
2025-07-29T23:45:00+00:00,108.32,108.60,108.11,108.46,16473.934
2025-07-30T00:00:00+00:00,108.46,108.47,108.04,108.27,17455.454
2025-07-30T00:15:00+00:00,108.28,108.45,107.78,107.87,10281.245
2025-07-30T00:30:00+00:00,107.86,108.04,107.48,107.63,16509.386
2025-07-30T00:45:00+00:00,107.64,107.90,107.16,107.88,18709.809
2025-07-30T01:00:00+00:00,107.87,108.25,107.81,108.04,15598.237
2025-07-30T01:15:00+00:00,108.05,108.07,107.18,107.81,16628.259
2025-07-30T01:30:00+00:00,107.81,109.05,107.71,108.91,31976.327
2025-07-30T01:45:00+00:00,108.92,109.23,108.78,108.92,28390.852
2025-07-30T02:00:00+00:00,108.92,109.47,108.68,109.46,20278.635
2025-07-30T02:15:00+00:00,109.46,109.59,109.00,109.14,21483.783
2025-07-30T02:30:00+00:00,109.14,109.35,108.86,109.16,16541.019
2025-07-30T02:45:00+00:00,109.17,109.38,109.01,109.08,10095.803
2025-07-30T03:00:00+00:00,109.08,109.09,108.77,109.09,10588.193
2025-07-30T03:15:00+00:00,109.09,109.26,108.85,109.18,11335.021
2025-07-30T03:30:00+00:00,109.19,109.22,108.90,109.04,12697.392
2025-07-30T03:45:00+00:00,109.04,109.15,108.81,108.86,11272.506
2025-07-30T04:00:00+00:00,108.87,109.11,108.74,108.85,8683.856
2025-07-30T04:15:00+00:00,108.86,108.90,108.36,108.36,9527.090
2025-07-30T04:30:00+00:00,108.37,108.37,107.72,108.02,37686.847
2025-07-30T04:45:00+00:00,108.01,108.05,107.73,108.01,14312.232
2025-07-30T05:00:00+00:00,108.01,108.12,107.50,107.53,18350.686
2025-07-30T05:15:00+00:00,107.53,108.26,107.40,108.25,25020.139
2025-07-30T05:30:00+00:00,108.26,108.37,107.98,108.27,15398.247
2025-07-30T05:45:00+00:00,108.28,108.82,108.12,108.72,19709.698
2025-07-30T06:00:00+00:00,108.71,109.06,108.66,108.79,14148.782
2025-07-30T06:15:00+00:00,108.79,109.21,108.73,109.21,14914.053
2025-07-30T06:30:00+00:00,109.20,109.33,108.88,109.28,16543.871
2025-07-30T06:45:00+00:00,109.27,109.28,108.85,109.13,22695.144
2025-07-30T07:00:00+00:00,109.13,109.36,108.71,109.01,26461.365
2025-07-30T07:15:00+00:00,109.01,109.40,108.80,109.39,13956.680
2025-07-30T07:30:00+00:00,109.39,109.53,109.11,109.33,21421.181
2025-07-30T07:45:00+00:00,109.32,109.32,108.85,109.23,17332.256
2025-07-30T08:00:00+00:00,109.23,109.78,109.02,109.07,29668.615
2025-07-30T08:15:00+00:00,109.07,109.34,108.89,109.30,18451.502
2025-07-30T08:30:00+00:00,109.30,109.90,109.20,109.86,27157.575
2025-07-30T08:45:00+00:00,109.87,110.36,109.79,109.80,39680.837
2025-07-30T09:00:00+00:00,109.80,110.02,109.24,109.41,30454.851
2025-07-30T09:15:00+00:00,109.40,109.70,108.26,108.65,45709.555
2025-07-30T09:30:00+00:00,108.66,108.76,108.27,108.37,41046.902
2025-07-30T09:45:00+00:00,108.38,108.65,108.34,108.41,13338.616
2025-07-30T10:00:00+00:00,108.42,109.01,108.31,108.65,24183.777
2025-07-30T10:15:00+00:00,108.65,109.08,108.36,108.66,20291.599
2025-07-30T10:30:00+00:00,108.65,108.82,108.10,108.17,61791.030
2025-07-30T10:45:00+00:00,108.17,108.45,107.81,108.06,46593.388
2025-07-30T11:00:00+00:00,108.06,108.52,107.95,108.28,23894.661
2025-07-30T11:15:00+00:00,108.29,108.33,107.21,107.28,54425.061
2025-07-30T11:30:00+00:00,107.29,107.63,106.97,107.17,37123.255
2025-07-30T11:45:00+00:00,107.17,107.66,106.76,107.38,73476.431
2025-07-30T12:00:00+00:00,107.39,107.49,106.80,107.10,42679.349
2025-07-30T12:15:00+00:00,107.10,108.53,106.75,108.47,62935.874
2025-07-30T12:30:00+00:00,108.48,108.66,107.69,108.01,51199.160
2025-07-30T12:45:00+00:00,108.01,108.72,107.95,108.26,21268.353
2025-07-30T13:00:00+00:00,108.26,108.60,107.55,107.73,28133.075
2025-07-30T13:15:00+00:00,107.75,108.17,107.07,107.45,31601.347
2025-07-30T13:30:00+00:00,107.46,108.18,107.39,108.05,31878.877
2025-07-30T13:45:00+00:00,108.05,108.43,107.58,108.06,30520.666
2025-07-30T14:00:00+00:00,108.07,108.11,107.52,107.82,17491.398
2025-07-30T14:15:00+00:00,107.81,108.57,107.75,108.06,17885.296
2025-07-30T14:30:00+00:00,108.07,108.72,108.07,108.63,26690.943
2025-07-30T14:45:00+00:00,108.63,109.44,108.50,109.38,43762.440
2025-07-30T15:00:00+00:00,109.38,109.49,108.95,109.23,42186.901
2025-07-30T15:15:00+00:00,109.22,109.82,109.19,109.40,32619.520
2025-07-30T15:30:00+00:00,109.39,109.62,108.99,109.00,22654.554
2025-07-30T15:45:00+00:00,108.99,109.35,108.75,109.33,16369.824
2025-07-30T16:00:00+00:00,109.34,109.51,108.90,109.38,19988.787
2025-07-30T16:15:00+00:00,109.39,109.93,109.31,109.33,39707.202
2025-07-30T16:30:00+00:00,109.32,109.41,108.82,109.21,30667.466
2025-07-30T16:45:00+00:00,109.22,109.62,108.98,109.59,12746.685
2025-07-30T17:00:00+00:00,109.60,109.85,109.44,109.52,17579.983
2025-07-30T17:15:00+00:00,109.51,109.79,109.18,109.68,14032.524
2025-07-30T17:30:00+00:00,109.68,110.00,109.67,109.99,14683.612
2025-07-30T17:45:00+00:00,109.98,110.15,109.66,110.13,17394.330
2025-07-30T18:00:00+00:00,110.13,110.50,109.28,109.87,55665.513
2025-07-30T18:15:00+00:00,109.87,110.25,109.59,109.94,31228.677
2025-07-30T18:30:00+00:00,109.94,110.16,109.33,109.73,31101.412
2025-07-30T18:45:00+00:00,109.74,109.82,107.76,107.96,112507.140
2025-07-30T19:00:00+00:00,107.96,107.97,105.03,106.80,359078.752
2025-07-30T19:15:00+00:00,106.79,108.29,106.75,107.66,115054.227
2025-07-30T19:30:00+00:00,107.66,108.52,107.11,108.44,48605.387
2025-07-30T19:45:00+00:00,108.46,109.05,108.26,108.87,47839.780
2025-07-30T20:00:00+00:00,108.86,109.91,108.83,109.82,49654.076
2025-07-30T20:15:00+00:00,109.82,109.85,109.14,109.26,31552.528
2025-07-30T20:30:00+00:00,109.26,109.84,109.24,109.67,25480.724
2025-07-30T20:45:00+00:00,109.67,109.87,109.48,109.81,16318.251
2025-07-30T21:00:00+00:00,109.81,110.40,109.57,109.58,33410.999
2025-07-30T21:15:00+00:00,109.59,109.82,109.01,109.02,24286.791
2025-07-30T21:30:00+00:00,109.02,109.26,108.34,108.47,31781.523
2025-07-30T21:45:00+00:00,108.47,109.49,108.47,109.45,14007.468
2025-07-30T22:00:00+00:00,109.45,109.87,109.10,109.64,25695.507
2025-07-30T22:15:00+00:00,109.64,109.93,109.30,109.58,16949.385
2025-07-30T22:30:00+00:00,109.57,109.84,109.36,109.75,13498.475
2025-07-30T22:45:00+00:00,109.75,110.09,109.65,110.00,16241.773
2025-07-30T23:00:00+00:00,109.99,110.50,109.92,110.36,30886.230
2025-07-30T23:15:00+00:00,110.36,110.89,110.34,110.87,30608.374
2025-07-30T23:30:00+00:00,110.87,111.32,110.42,110.48,45548.080
2025-07-30T23:45:00+00:00,110.49,110.75,110.34,110.45,16514.761
2025-07-31T00:00:00+00:00,110.46,110.83,110.16,110.80,26126.040
2025-07-31T00:15:00+00:00,110.79,111.74,110.78,111.66,50468.175
2025-07-31T00:30:00+00:00,111.65,111.79,111.43,111.51,27102.499
2025-07-31T00:45:00+00:00,111.51,111.73,111.04,111.10,37510.215
2025-07-31T01:00:00+00:00,111.11,111.24,110.71,110.97,24426.171
2025-07-31T01:15:00+00:00,110.98,111.05,110.44,110.96,20403.773
2025-07-31T01:30:00+00:00,110.96,111.27,110.62,110.66,21849.555
2025-07-31T01:45:00+00:00,110.65,110.71,110.23,110.38,34567.231
2025-07-31T02:00:00+00:00,110.38,110.51,110.16,110.35,25420.352
2025-07-31T02:15:00+00:00,110.34,110.90,110.28,110.85,11493.474
2025-07-31T02:30:00+00:00,110.84,111.02,110.51,110.70,21599.502
2025-07-31T02:45:00+00:00,110.69,110.70,110.28,110.42,16771.934
2025-07-31T03:00:00+00:00,110.42,110.85,110.37,110.74,14789.578
2025-07-31T03:15:00+00:00,110.73,110.93,110.69,110.79,13980.651
2025-07-31T03:30:00+00:00,110.80,110.83,110.44,110.53,9973.201
2025-07-31T03:45:00+00:00,110.52,110.76,110.44,110.58,15393.908
2025-07-31T04:00:00+00:00,110.58,110.65,110.37,110.40,10335.530
2025-07-31T04:15:00+00:00,110.39,110.48,110.25,110.35,12202.763
2025-07-31T04:30:00+00:00,110.34,110.78,110.31,110.55,20061.292
2025-07-31T04:45:00+00:00,110.55,110.72,110.38,110.56,15674.008
2025-07-31T05:00:00+00:00,110.56,110.64,110.40,110.51,9403.929
2025-07-31T05:15:00+00:00,110.52,110.67,110.31,110.40,12861.949
2025-07-31T05:30:00+00:00,110.39,110.72,110.37,110.71,10109.803
2025-07-31T05:45:00+00:00,110.71,110.91,110.54,110.64,18318.037
2025-07-31T06:00:00+00:00,110.63,110.69,110.39,110.43,12515.228
2025-07-31T06:15:00+00:00,110.44,110.94,110.44,110.80,15549.897
2025-07-31T06:30:00+00:00,110.79,111.04,110.72,110.90,14076.620
2025-07-31T06:45:00+00:00,110.90,111.35,110.89,110.97,27324.009
2025-07-31T07:00:00+00:00,110.97,111.04,110.50,110.64,23623.085
2025-07-31T07:15:00+00:00,110.64,110.91,110.53,110.64,19264.869
2025-07-31T07:30:00+00:00,110.64,110.69,110.46,110.51,13369.670
2025-07-31T07:45:00+00:00,110.51,110.75,110.47,110.62,9630.218
2025-07-31T08:00:00+00:00,110.62,110.80,110.56,110.62,11062.717
2025-07-31T08:15:00+00:00,110.61,110.77,110.57,110.73,11668.207
2025-07-31T08:30:00+00:00,110.73,110.98,110.55,110.95,9005.075
2025-07-31T08:45:00+00:00,110.95,111.17,110.86,111.07,21032.615
2025-07-31T09:00:00+00:00,111.09,111.09,110.72,110.97,25477.614
2025-07-31T09:15:00+00:00,110.96,111.10,110.85,110.95,10145.938
2025-07-31T09:30:00+00:00,110.95,111.20,110.91,111.13,9791.013
2025-07-31T09:45:00+00:00,111.13,111.37,110.95,110.97,17896.158
2025-07-31T10:00:00+00:00,110.98,111.10,110.70,110.92,10818.721
2025-07-31T10:15:00+00:00,110.91,110.97,110.59,110.63,13573.619
2025-07-31T10:30:00+00:00,110.63,110.88,110.52,110.88,17617.474
2025-07-31T10:45:00+00:00,110.89,110.98,110.53,110.58,10360.377
2025-07-31T11:00:00+00:00,110.57,110.75,110.42,110.58,14546.675
2025-07-31T11:15:00+00:00,110.58,110.58,110.12,110.21,23974.322
2025-07-31T11:30:00+00:00,110.23,110.34,109.75,109.79,42084.034
2025-07-31T11:45:00+00:00,109.80,109.96,109.47,109.95,36506.488
2025-07-31T12:00:00+00:00,109.94,110.06,109.57,109.71,21957.073
2025-07-31T12:15:00+00:00,109.71,109.98,109.39,109.87,29499.522
2025-07-31T12:30:00+00:00,109.88,109.94,109.62,109.70,20702.301
2025-07-31T12:45:00+00:00,109.70,110.00,109.54,109.90,19034.181
2025-07-31T13:00:00+00:00,109.89,109.94,109.28,109.35,33025.139
2025-07-31T13:15:00+00:00,109.34,109.76,108.74,109.39,64130.861
2025-07-31T13:30:00+00:00,109.39,109.93,108.93,109.45,44567.132
2025-07-31T13:45:00+00:00,109.44,109.88,109.43,109.55,36672.071
2025-07-31T14:00:00+00:00,109.55,109.71,108.98,109.18,32834.326
2025-07-31T14:15:00+00:00,109.17,109.32,108.58,108.83,58941.824
2025-07-31T14:30:00+00:00,108.82,109.41,108.72,108.94,45897.922
2025-07-31T14:45:00+00:00,108.94,109.34,108.68,108.70,22714.072
2025-07-31T15:00:00+00:00,108.69,109.09,108.43,108.75,29426.726
2025-07-31T15:15:00+00:00,108.76,109.35,108.73,109.20,18141.071
2025-07-31T15:30:00+00:00,109.20,109.46,108.97,109.16,23760.616
2025-07-31T15:45:00+00:00,109.15,109.41,108.88,109.19,23284.288
2025-07-31T16:00:00+00:00,109.19,109.41,108.97,109.34,26537.082
2025-07-31T16:15:00+00:00,109.33,109.85,109.33,109.77,18540.205
2025-07-31T16:30:00+00:00,109.77,110.41,109.75,110.08,47495.506
2025-07-31T16:45:00+00:00,110.09,110.18,109.51,110.08,22916.688
2025-07-31T17:00:00+00:00,110.09,110.11,109.49,109.70,20646.552
2025-07-31T17:15:00+00:00,109.70,109.94,108.84,109.03,32954.330
2025-07-31T17:30:00+00:00,109.04,109.34,108.85,108.94,31811.586
2025-07-31T17:45:00+00:00,108.95,109.12,108.16,108.70,69518.735
2025-07-31T18:00:00+00:00,108.69,108.81,108.07,108.40,38652.196
2025-07-31T18:15:00+00:00,108.40,108.99,108.16,108.95,21127.197
2025-07-31T18:30:00+00:00,108.94,109.34,108.92,109.33,15191.301
2025-07-31T18:45:00+00:00,109.32,109.50,108.83,109.04,17491.121
2025-07-31T19:00:00+00:00,109.05,109.18,108.26,108.33,24725.500
2025-07-31T19:15:00+00:00,108.33,108.66,108.26,108.47,19967.905
2025-07-31T19:30:00+00:00,108.48,108.59,108.03,108.35,23424.074
2025-07-31T19:45:00+00:00,108.35,108.51,107.86,108.18,37106.804
2025-07-31T20:00:00+00:00,108.16,108.42,107.66,108.10,48256.101
2025-07-31T20:15:00+00:00,108.10,108.63,107.95,108.18,26814.086
2025-07-31T20:30:00+00:00,108.18,108.43,107.64,107.88,28863.311
2025-07-31T20:45:00+00:00,107.87,108.09,107.62,108.05,20820.179
2025-07-31T21:00:00+00:00,108.05,108.48,107.95,108.11,21996.411
2025-07-31T21:15:00+00:00,108.11,108.48,108.04,108.41,24575.867
2025-07-31T21:30:00+00:00,108.41,108.56,108.17,108.20,16195.246
2025-07-31T21:45:00+00:00,108.20,108.25,107.17,107.82,36810.750
2025-07-31T22:00:00+00:00,107.83,107.83,106.96,107.53,50625.345
2025-07-31T22:15:00+00:00,107.52,107.96,107.18,107.41,28119.078
2025-07-31T22:30:00+00:00,107.42,107.43,106.68,106.95,29407.030
2025-07-31T22:45:00+00:00,106.96,107.03,106.69,106.76,19112.086
2025-07-31T23:00:00+00:00,106.76,107.44,106.69,107.33,23328.192
2025-07-31T23:15:00+00:00,107.33,107.33,106.64,106.66,18733.959
2025-07-31T23:30:00+00:00,106.66,106.66,105.66,106.04,89303.602
2025-07-31T23:45:00+00:00,106.04,106.29,105.70,106.01,30100.028
2025-08-01T00:00:00+00:00,106.01,106.32,105.06,105.35,68239.019
2025-08-01T00:15:00+00:00,105.36,106.57,105.30,105.91,44341.746
2025-08-01T00:30:00+00:00,105.90,106.08,105.28,105.38,31973.794
2025-08-01T00:45:00+00:00,105.37,106.06,103.69,105.89,214238.073
2025-08-01T01:00:00+00:00,105.89,106.46,104.80,104.95,74195.279
2025-08-01T01:15:00+00:00,104.95,105.83,104.74,105.49,101538.448
2025-08-01T01:30:00+00:00,105.49,106.17,105.09,105.78,38233.798
2025-08-01T01:45:00+00:00,105.77,106.28,105.61,105.97,37612.308
2025-08-01T02:00:00+00:00,105.96,106.68,105.81,106.53,32490.540
2025-08-01T02:15:00+00:00,106.52,106.77,106.19,106.24,24512.717
2025-08-01T02:30:00+00:00,106.24,106.90,106.11,106.58,22416.706
2025-08-01T02:45:00+00:00,106.58,106.91,106.51,106.78,14004.258
2025-08-01T03:00:00+00:00,106.77,106.82,106.21,106.24,29444.764
2025-08-01T03:15:00+00:00,106.24,106.98,106.18,106.89,17935.242
2025-08-01T03:30:00+00:00,106.88,106.93,106.53,106.59,9385.116
2025-08-01T03:45:00+00:00,106.59,106.74,106.23,106.42,10766.738
2025-08-01T04:00:00+00:00,106.41,106.41,105.67,106.00,23837.212
2025-08-01T04:15:00+00:00,106.00,106.10,105.58,106.01,25513.823
2025-08-01T04:30:00+00:00,106.01,106.26,105.76,106.03,18949.574
2025-08-01T04:45:00+00:00,106.04,106.15,105.78,105.92,11878.554
2025-08-01T05:00:00+00:00,105.92,106.38,105.80,106.36,17263.742
2025-08-01T05:15:00+00:00,106.37,106.38,105.57,105.65,28401.286
2025-08-01T05:30:00+00:00,105.66,106.04,105.13,105.30,29810.292
2025-08-01T05:45:00+00:00,105.30,105.56,104.93,105.22,23763.686
2025-08-01T06:00:00+00:00,105.22,105.53,104.62,105.13,51595.928
2025-08-01T06:15:00+00:00,105.14,105.26,104.44,104.51,34046.054
2025-08-01T06:30:00+00:00,104.52,104.91,104.31,104.48,25199.823
2025-08-01T06:45:00+00:00,104.47,105.28,104.40,105.22,20912.049
2025-08-01T07:00:00+00:00,105.22,105.58,104.77,105.08,28511.296
2025-08-01T07:15:00+00:00,105.07,105.49,104.81,104.84,35960.185
2025-08-01T07:30:00+00:00,104.85,105.02,104.52,104.99,30821.435
2025-08-01T07:45:00+00:00,104.99,105.09,104.60,105.00,25484.251
2025-08-01T08:00:00+00:00,105.00,105.00,103.08,103.86,106448.532
2025-08-01T08:15:00+00:00,103.86,104.27,103.45,103.62,69318.730
2025-08-01T08:30:00+00:00,103.62,104.58,103.45,104.43,69131.078
2025-08-01T08:45:00+00:00,104.41,104.60,103.79,103.82,31960.472
2025-08-01T09:00:00+00:00,103.81,104.86,103.72,104.32,60356.790
2025-08-01T09:15:00+00:00,104.33,104.74,104.13,104.53,35144.122
2025-08-01T09:30:00+00:00,104.54,104.67,104.11,104.40,25486.469
2025-08-01T09:45:00+00:00,104.39,104.41,103.80,103.90,26645.323
2025-08-01T10:00:00+00:00,103.90,104.52,103.79,104.50,19263.317
2025-08-01T10:15:00+00:00,104.49,104.82,104.48,104.70,13123.181
2025-08-01T10:30:00+00:00,104.71,104.92,104.50,104.85,13127.797
2025-08-01T10:45:00+00:00,104.85,104.94,104.50,104.81,15052.302
2025-08-01T11:00:00+00:00,104.82,104.88,104.39,104.80,20990.224
2025-08-01T11:15:00+00:00,104.81,105.04,104.50,104.67,24280.864
2025-08-01T11:30:00+00:00,104.66,105.19,104.57,105.07,22745.983
2025-08-01T11:45:00+00:00,105.07,105.55,105.05,105.45,32731.363
2025-08-01T12:00:00+00:00,105.43,105.82,105.30,105.57,31795.791
2025-08-01T12:15:00+00:00,105.58,105.61,105.02,105.26,30057.873
2025-08-01T12:30:00+00:00,105.25,106.04,104.88,105.83,50311.982
2025-08-01T12:45:00+00:00,105.83,105.97,105.22,105.58,34741.023
2025-08-01T13:00:00+00:00,105.59,105.95,105.49,105.74,21313.864
2025-08-01T13:15:00+00:00,105.75,106.09,105.29,105.43,30070.068
2025-08-01T13:30:00+00:00,105.43,105.57,104.50,104.51,35321.844
2025-08-01T13:45:00+00:00,104.51,104.74,103.83,104.61,102024.853
2025-08-01T14:00:00+00:00,104.60,105.88,103.95,105.71,110045.479
2025-08-01T14:15:00+00:00,105.70,106.92,105.60,106.81,87746.691
2025-08-01T14:30:00+00:00,106.81,106.88,105.95,106.05,58693.067
2025-08-01T14:45:00+00:00,106.06,106.62,106.06,106.35,26662.614
2025-08-01T15:00:00+00:00,106.36,106.42,105.80,106.03,27813.369
2025-08-01T15:15:00+00:00,106.02,106.10,105.06,105.69,97608.678
2025-08-01T15:30:00+00:00,105.70,106.34,105.20,106.23,37994.387
2025-08-01T15:45:00+00:00,106.23,106.40,105.90,106.30,21505.786
2025-08-01T16:00:00+00:00,106.31,106.79,106.05,106.69,26235.601
2025-08-01T16:15:00+00:00,106.70,106.89,106.48,106.59,23749.414
2025-08-01T16:30:00+00:00,106.60,106.60,105.60,106.08,87111.703
2025-08-01T16:45:00+00:00,106.08,106.23,105.07,105.45,28594.362
2025-08-01T17:00:00+00:00,105.44,105.46,104.61,104.84,44163.928
2025-08-01T17:15:00+00:00,104.85,105.42,104.82,105.35,19245.495
2025-08-01T17:30:00+00:00,105.34,105.92,104.73,105.07,34258.202
2025-08-01T17:45:00+00:00,105.07,105.19,104.81,105.03,14180.586
2025-08-01T18:00:00+00:00,105.02,105.18,104.40,104.70,39461.857
2025-08-01T18:15:00+00:00,104.70,105.47,103.92,105.15,57500.928
2025-08-01T18:30:00+00:00,105.14,105.68,105.06,105.33,25121.613
2025-08-01T18:45:00+00:00,105.32,105.58,104.66,105.05,34380.879
2025-08-01T19:00:00+00:00,105.04,105.45,104.83,105.19,26925.344
2025-08-01T19:15:00+00:00,105.18,105.54,104.85,105.34,38605.025
2025-08-01T19:30:00+00:00,105.35,106.21,105.15,105.89,57505.370
2025-08-01T19:45:00+00:00,105.89,106.38,105.81,106.24,30614.940
2025-08-01T20:00:00+00:00,106.24,106.44,105.35,105.83,100126.457
2025-08-01T20:15:00+00:00,105.84,106.11,105.27,105.75,34840.559
2025-08-01T20:30:00+00:00,105.74,105.82,104.53,105.44,50001.736
2025-08-01T20:45:00+00:00,105.44,106.68,105.11,106.45,38990.931
2025-08-01T21:00:00+00:00,106.45,106.88,106.21,106.85,43280.556
2025-08-01T21:15:00+00:00,106.86,107.88,106.60,107.83,108566.660
2025-08-01T21:30:00+00:00,107.83,108.35,107.46,107.77,70244.073
2025-08-01T21:45:00+00:00,107.78,108.00,107.39,107.55,24346.785
2025-08-01T22:00:00+00:00,107.56,107.62,106.28,106.75,72763.256
2025-08-01T22:15:00+00:00,106.74,107.02,105.00,105.64,96776.236
2025-08-01T22:30:00+00:00,105.65,105.86,103.93,105.01,116738.067
2025-08-01T22:45:00+00:00,105.02,105.56,104.36,105.13,47713.906
2025-08-01T23:00:00+00:00,105.13,105.73,104.73,105.56,39333.601
2025-08-01T23:15:00+00:00,105.55,106.41,105.47,106.18,29234.223
2025-08-01T23:30:00+00:00,106.16,106.71,105.89,106.71,22041.934
2025-08-01T23:45:00+00:00,106.71,106.78,106.40,106.55,27067.268
2025-08-02T00:00:00+00:00,106.56,106.98,106.40,106.55,40111.317
2025-08-02T00:15:00+00:00,106.55,106.73,106.35,106.40,16178.294
2025-08-02T00:30:00+00:00,106.40,106.43,105.80,105.86,31324.573
2025-08-02T00:45:00+00:00,105.87,107.54,105.86,107.39,64373.027
2025-08-02T01:00:00+00:00,107.39,107.74,106.96,107.25,37586.207
2025-08-02T01:15:00+00:00,107.25,107.27,106.66,107.07,17974.551
2025-08-02T01:30:00+00:00,107.08,107.59,106.85,107.42,22401.201
2025-08-02T01:45:00+00:00,107.43,107.51,107.25,107.50,8815.289
2025-08-02T02:00:00+00:00,107.51,107.95,107.47,107.82,22313.766
2025-08-02T02:15:00+00:00,107.83,108.10,107.75,107.94,22383.046
2025-08-02T02:30:00+00:00,107.95,108.41,107.83,107.89,16627.290
2025-08-02T02:45:00+00:00,107.89,107.90,107.44,107.54,17746.515
2025-08-02T03:00:00+00:00,107.54,107.64,107.34,107.56,12434.124
2025-08-02T03:15:00+00:00,107.56,107.86,107.40,107.56,14255.336
2025-08-02T03:30:00+00:00,107.56,107.88,107.38,107.70,9646.072
2025-08-02T03:45:00+00:00,107.71,107.72,107.43,107.58,7547.376
2025-08-02T04:00:00+00:00,107.58,107.95,107.52,107.81,13275.346
2025-08-02T04:15:00+00:00,107.81,107.95,107.66,107.89,11118.404
2025-08-02T04:30:00+00:00,107.89,108.22,107.88,108.06,13586.359
2025-08-02T04:45:00+00:00,108.06,108.23,107.71,107.73,11210.576
2025-08-02T05:00:00+00:00,107.73,107.93,107.53,107.61,15287.377
2025-08-02T05:15:00+00:00,107.60,107.96,107.51,107.85,7975.446
2025-08-02T05:30:00+00:00,107.86,107.86,107.70,107.74,10885.763
2025-08-02T05:45:00+00:00,107.75,107.97,107.62,107.84,11048.531
2025-08-02T06:00:00+00:00,107.84,108.12,107.74,107.99,37931.909
2025-08-02T06:15:00+00:00,107.99,107.99,106.77,106.78,41281.454
2025-08-02T06:30:00+00:00,106.78,106.90,106.16,106.60,48080.686
2025-08-02T06:45:00+00:00,106.60,107.46,106.58,107.26,45981.221
2025-08-02T07:00:00+00:00,107.24,107.39,106.45,106.81,35299.799
2025-08-02T07:15:00+00:00,106.84,107.83,106.72,107.79,21740.742
2025-08-02T07:30:00+00:00,107.78,108.09,107.44,108.05,20690.610
2025-08-02T07:45:00+00:00,108.06,108.47,107.93,108.30,61129.115
2025-08-02T08:00:00+00:00,108.30,108.44,107.86,107.90,28005.705
2025-08-02T08:15:00+00:00,107.91,108.12,107.25,107.44,37120.080
2025-08-02T08:30:00+00:00,107.44,107.55,107.04,107.16,34565.541
2025-08-02T08:45:00+00:00,107.17,107.32,106.78,106.80,31925.129
2025-08-02T09:00:00+00:00,106.80,107.07,106.62,106.86,26952.757
2025-08-02T09:15:00+00:00,106.85,107.11,106.63,106.85,22075.541
2025-08-02T09:30:00+00:00,106.84,107.11,106.57,106.88,22870.020
2025-08-02T09:45:00+00:00,106.88,107.65,106.86,107.53,33205.725
2025-08-02T10:00:00+00:00,107.54,107.67,107.18,107.36,23758.500
2025-08-02T10:15:00+00:00,107.35,107.37,106.66,107.05,33592.260
2025-08-02T10:30:00+00:00,107.05,107.07,106.06,106.08,37866.569
2025-08-02T10:45:00+00:00,106.09,106.91,106.05,106.67,63281.347
2025-08-02T11:00:00+00:00,106.67,106.87,106.28,106.33,17027.310
2025-08-02T11:15:00+00:00,106.33,107.51,106.28,107.44,19731.567
2025-08-02T11:30:00+00:00,107.44,107.54,106.62,106.86,32270.470
2025-08-02T11:45:00+00:00,106.86,107.08,106.84,106.98,11265.117
2025-08-02T12:00:00+00:00,106.97,107.08,106.72,106.85,13582.738
2025-08-02T12:15:00+00:00,106.84,106.97,106.63,106.89,8839.673
2025-08-02T12:30:00+00:00,106.88,106.89,106.52,106.53,11249.847
2025-08-02T12:45:00+00:00,106.54,107.65,106.41,107.54,27403.609
2025-08-02T13:00:00+00:00,107.54,107.93,107.44,107.87,26960.595
2025-08-02T13:15:00+00:00,107.87,108.22,107.81,108.01,31892.074
2025-08-02T13:30:00+00:00,108.01,108.63,107.72,108.48,54660.194
2025-08-02T13:45:00+00:00,108.47,109.16,108.32,108.84,67904.399
2025-08-02T14:00:00+00:00,108.84,109.33,108.67,108.70,46901.524
2025-08-02T14:15:00+00:00,108.70,108.93,108.24,108.81,64758.829
2025-08-02T14:30:00+00:00,108.80,108.81,107.82,108.20,93571.725
2025-08-02T14:45:00+00:00,108.21,108.65,107.92,108.33,36620.734
2025-08-02T15:00:00+00:00,108.32,109.04,108.24,108.56,46493.879
2025-08-02T15:15:00+00:00,108.55,110.10,108.51,109.33,147109.879
2025-08-02T15:30:00+00:00,109.33,109.38,108.39,108.95,86999.304
2025-08-02T15:45:00+00:00,108.94,109.05,107.90,108.05,50602.595
2025-08-02T16:00:00+00:00,108.06,108.08,107.18,107.25,71003.910
2025-08-02T16:15:00+00:00,107.26,107.92,107.10,107.26,38337.975
2025-08-02T16:30:00+00:00,107.26,107.71,106.09,107.42,149004.233
2025-08-02T16:45:00+00:00,107.41,107.77,106.33,106.71,88614.396
2025-08-02T17:00:00+00:00,106.70,107.20,106.34,106.80,45599.702
2025-08-02T17:15:00+00:00,106.81,107.17,106.38,106.50,41432.313
2025-08-02T17:30:00+00:00,106.51,106.66,105.03,105.18,72160.487
2025-08-02T17:45:00+00:00,105.18,105.26,104.00,104.64,157072.617
2025-08-02T18:00:00+00:00,104.63,105.52,104.52,104.55,103605.457
2025-08-02T18:15:00+00:00,104.54,105.25,104.18,104.55,61137.805
2025-08-02T18:30:00+00:00,104.54,105.77,104.36,105.23,93273.988
2025-08-02T18:45:00+00:00,105.22,105.61,104.65,105.06,56907.991
2025-08-02T19:00:00+00:00,105.06,105.38,104.84,105.23,39015.240
2025-08-02T19:15:00+00:00,105.24,106.39,105.07,106.39,54311.063
2025-08-02T19:30:00+00:00,106.39,106.46,105.53,105.77,38876.545
2025-08-02T19:45:00+00:00,105.78,105.79,104.68,104.74,56636.857
2025-08-02T20:00:00+00:00,104.75,105.48,104.51,105.48,58837.880
2025-08-02T20:15:00+00:00,105.47,105.85,105.11,105.69,37924.135
2025-08-02T20:30:00+00:00,105.68,105.70,105.19,105.66,26587.433
2025-08-02T20:45:00+00:00,105.67,106.79,105.49,106.73,55229.676
2025-08-02T21:00:00+00:00,106.73,107.10,105.88,106.25,62457.392
2025-08-02T21:15:00+00:00,106.25,106.72,106.07,106.48,28261.038
2025-08-02T21:30:00+00:00,106.49,107.13,106.49,106.61,34198.669
2025-08-02T21:45:00+00:00,106.60,107.05,105.44,105.58,58063.864
2025-08-02T22:00:00+00:00,105.58,106.18,105.57,105.84,27232.660
2025-08-02T22:15:00+00:00,105.83,105.88,105.12,105.39,28169.710
2025-08-02T22:30:00+00:00,105.39,106.76,105.23,106.74,56042.620
2025-08-02T22:45:00+00:00,106.74,107.04,106.61,106.76,20664.552
2025-08-02T23:00:00+00:00,106.76,106.81,106.24,106.37,28583.262
2025-08-02T23:15:00+00:00,106.37,106.57,105.70,105.85,41661.443
2025-08-02T23:30:00+00:00,105.86,107.04,105.82,106.42,34832.694
2025-08-02T23:45:00+00:00,106.43,106.73,105.83,106.05,38464.786
2025-08-03T00:00:00+00:00,106.06,106.53,105.50,105.74,87168.911
2025-08-03T00:15:00+00:00,105.75,106.00,104.70,104.84,40592.908
2025-08-03T00:30:00+00:00,104.84,105.88,104.09,105.64,87095.564
2025-08-03T00:45:00+00:00,105.64,106.17,105.16,105.96,55057.090
2025-08-03T01:00:00+00:00,105.95,106.68,105.71,106.56,28718.171
2025-08-03T01:15:00+00:00,106.55,107.82,106.33,107.63,80624.486
2025-08-03T01:30:00+00:00,107.62,108.30,107.50,108.16,56788.183
2025-08-03T01:45:00+00:00,108.15,108.15,107.21,107.47,26388.429
2025-08-03T02:00:00+00:00,107.46,108.40,107.37,108.30,41532.362
2025-08-03T02:15:00+00:00,108.30,108.70,108.25,108.63,34306.056
2025-08-03T02:30:00+00:00,108.62,109.05,108.52,108.62,45831.659
2025-08-03T02:45:00+00:00,108.63,108.87,108.52,108.70,20707.364
2025-08-03T03:00:00+00:00,108.70,108.72,108.03,108.35,45781.917
2025-08-03T03:15:00+00:00,108.35,108.44,107.91,107.97,29103.311
2025-08-03T03:30:00+00:00,107.96,107.97,107.06,107.64,88467.406
2025-08-03T03:45:00+00:00,107.66,108.01,107.38,107.54,33873.881
2025-08-03T04:00:00+00:00,107.54,107.61,107.00,107.22,24485.344
2025-08-03T04:15:00+00:00,107.23,107.73,107.22,107.70,12820.709
2025-08-03T04:30:00+00:00,107.70,107.71,106.63,107.19,55882.138
2025-08-03T04:45:00+00:00,107.20,107.42,107.17,107.29,12776.438
2025-08-03T05:00:00+00:00,107.29,107.62,107.01,107.42,19333.690
2025-08-03T05:15:00+00:00,107.42,107.63,107.38,107.49,11466.797
2025-08-03T05:30:00+00:00,107.49,107.62,107.18,107.20,13248.990
2025-08-03T05:45:00+00:00,107.20,107.45,107.09,107.42,8587.280
2025-08-03T06:00:00+00:00,107.41,107.60,107.21,107.29,13572.564
2025-08-03T06:15:00+00:00,107.28,108.04,107.24,107.78,40617.679
2025-08-03T06:30:00+00:00,107.78,107.99,107.53,107.74,14155.669
2025-08-03T06:45:00+00:00,107.74,108.06,107.74,107.87,7598.338
2025-08-03T07:00:00+00:00,107.87,108.02,107.65,107.84,17427.802
2025-08-03T07:15:00+00:00,107.84,108.15,107.61,108.12,16651.561
2025-08-03T07:30:00+00:00,108.12,108.43,108.08,108.35,21569.198
2025-08-03T07:45:00+00:00,108.36,108.49,108.04,108.10,22653.110
2025-08-03T08:00:00+00:00,108.10,108.47,107.91,108.43,19583.298
2025-08-03T08:15:00+00:00,108.41,108.44,108.05,108.13,17159.310
2025-08-03T08:30:00+00:00,108.13,108.14,107.73,108.09,23501.620
2025-08-03T08:45:00+00:00,108.09,108.58,107.88,108.46,22384.738
2025-08-03T09:00:00+00:00,108.46,108.61,108.30,108.48,19241.955
2025-08-03T09:15:00+00:00,108.48,109.06,108.37,108.98,30584.777
2025-08-03T09:30:00+00:00,108.98,109.70,108.90,109.69,43921.856
2025-08-03T09:45:00+00:00,109.68,109.89,109.56,109.58,40435.532
2025-08-03T10:00:00+00:00,109.59,109.92,109.33,109.85,29722.447
2025-08-03T10:15:00+00:00,109.84,110.10,109.20,109.45,63814.885
2025-08-03T10:30:00+00:00,109.45,109.49,109.12,109.15,24962.729
2025-08-03T10:45:00+00:00,109.15,109.37,108.90,109.16,40177.482
2025-08-03T11:00:00+00:00,109.17,109.44,108.93,109.31,33799.343
2025-08-03T11:15:00+00:00,109.30,109.77,109.02,109.09,45883.550
2025-08-03T11:30:00+00:00,109.09,109.11,108.75,108.93,25336.431
2025-08-03T11:45:00+00:00,108.93,109.26,108.90,109.11,17175.147
2025-08-03T12:00:00+00:00,109.11,109.46,109.10,109.27,23794.513
2025-08-03T12:15:00+00:00,109.27,109.61,108.98,109.46,21339.751
2025-08-03T12:30:00+00:00,109.46,109.99,109.40,109.94,30561.214
2025-08-03T12:45:00+00:00,109.94,110.23,109.75,109.76,31697.334
2025-08-03T13:00:00+00:00,109.75,110.14,109.68,109.86,24631.723
2025-08-03T13:15:00+00:00,109.87,109.88,109.29,109.39,21303.290
2025-08-03T13:30:00+00:00,109.39,109.64,109.26,109.33,16264.303
2025-08-03T13:45:00+00:00,109.33,109.56,109.07,109.18,22641.366
2025-08-03T14:00:00+00:00,109.19,109.29,108.52,108.72,29428.398
2025-08-03T14:15:00+00:00,108.74,108.95,108.36,108.90,33435.986
2025-08-03T14:30:00+00:00,108.90,109.17,108.54,109.11,18252.163
2025-08-03T14:45:00+00:00,109.10,109.20,108.87,109.14,16340.313
2025-08-03T15:00:00+00:00,109.14,109.17,108.80,108.94,17656.824
2025-08-03T15:15:00+00:00,108.95,109.50,108.95,109.44,19943.688
2025-08-03T15:30:00+00:00,109.45,109.61,109.07,109.44,24243.651
2025-08-03T15:45:00+00:00,109.44,109.93,109.34,109.85,14215.651
2025-08-03T16:00:00+00:00,109.84,109.88,109.33,109.53,21363.962
2025-08-03T16:15:00+00:00,109.53,109.67,109.36,109.54,14300.499
2025-08-03T16:30:00+00:00,109.55,109.87,109.55,109.73,12671.620
2025-08-03T16:45:00+00:00,109.74,110.04,109.62,109.76,20274.292
2025-08-03T17:00:00+00:00,109.75,109.89,109.52,109.62,21554.878
2025-08-03T17:15:00+00:00,109.62,109.64,109.22,109.30,17801.272
2025-08-03T17:30:00+00:00,109.30,109.57,109.24,109.25,14407.600
2025-08-03T17:45:00+00:00,109.25,109.28,108.98,109.01,20774.798
2025-08-03T18:00:00+00:00,109.01,109.03,108.68,108.79,20538.597
2025-08-03T18:15:00+00:00,108.79,108.91,108.60,108.80,18301.096
2025-08-03T18:30:00+00:00,108.79,109.01,108.49,108.90,26469.208
2025-08-03T18:45:00+00:00,108.89,109.11,108.71,108.91,17691.406
2025-08-03T19:00:00+00:00,108.92,109.10,108.75,109.04,11660.673
2025-08-03T19:15:00+00:00,109.04,109.19,108.91,108.99,14604.474
2025-08-03T19:30:00+00:00,108.99,109.17,108.79,108.83,13525.934
2025-08-03T19:45:00+00:00,108.82,109.00,108.65,108.90,11404.678
2025-08-03T20:00:00+00:00,108.89,109.18,108.76,109.12,17740.789
2025-08-03T20:15:00+00:00,109.12,109.18,108.76,109.17,15185.052
2025-08-03T20:30:00+00:00,109.16,109.18,108.91,109.18,8448.853
2025-08-03T20:45:00+00:00,109.18,109.50,109.00,109.34,12432.088
2025-08-03T21:00:00+00:00,109.34,109.42,109.14,109.41,12816.698
2025-08-03T21:15:00+00:00,109.41,109.54,109.27,109.37,10304.867
2025-08-03T21:30:00+00:00,109.37,109.57,109.13,109.25,14057.112
2025-08-03T21:45:00+00:00,109.25,109.25,109.07,109.21,6268.533
2025-08-03T22:00:00+00:00,109.21,109.55,109.02,109.08,13654.620
2025-08-03T22:15:00+00:00,109.07,109.14,108.83,109.09,8806.088
2025-08-03T22:30:00+00:00,109.09,109.59,109.04,109.56,12223.833
2025-08-03T22:45:00+00:00,109.56,109.99,109.44,109.70,14487.411
2025-08-03T23:00:00+00:00,109.71,111.40,109.64,110.81,117505.530
2025-08-03T23:15:00+00:00,110.81,110.86,110.22,110.32,35134.631
2025-08-03T23:30:00+00:00,110.33,110.70,110.30,110.62,19979.425
2025-08-03T23:45:00+00:00,110.62,110.62,110.27,110.34,13665.516
2025-08-04T00:00:00+00:00,110.34,110.46,110.08,110.38,24187.569
2025-08-04T00:15:00+00:00,110.38,111.42,110.33,111.20,52640.417
2025-08-04T00:30:00+00:00,111.20,111.59,110.89,111.52,43425.575
2025-08-04T00:45:00+00:00,111.53,111.87,111.38,111.47,37981.899
2025-08-04T01:00:00+00:00,111.49,111.64,110.72,110.88,47288.530
2025-08-04T01:15:00+00:00,110.87,111.16,110.83,110.97,19615.732
2025-08-04T01:30:00+00:00,110.97,111.36,110.60,110.72,23231.918
2025-08-04T01:45:00+00:00,110.71,110.89,110.59,110.84,13984.492
2025-08-04T02:00:00+00:00,110.84,110.94,110.65,110.85,22979.480
2025-08-04T02:15:00+00:00,110.84,111.35,110.72,111.32,25196.272
2025-08-04T02:30:00+00:00,111.30,111.51,110.87,110.95,20018.730
2025-08-04T02:45:00+00:00,110.94,111.46,110.91,111.38,14585.077
2025-08-04T03:00:00+00:00,111.38,111.54,111.05,111.11,12569.666
2025-08-04T03:15:00+00:00,111.12,111.35,110.81,110.89,15156.125
2025-08-04T03:30:00+00:00,110.88,111.01,110.78,111.01,13006.151
2025-08-04T03:45:00+00:00,111.01,111.52,111.01,111.46,19327.286
2025-08-04T04:00:00+00:00,111.46,111.79,111.12,111.26,38057.805
2025-08-04T04:15:00+00:00,111.26,111.31,110.95,111.09,22860.848
2025-08-04T04:30:00+00:00,111.08,111.08,110.44,110.57,30842.278
2025-08-04T04:45:00+00:00,110.56,110.99,110.54,110.67,20942.748
2025-08-04T05:00:00+00:00,110.67,111.00,110.65,110.87,18195.903
2025-08-04T05:15:00+00:00,110.86,110.94,110.62,110.71,23207.385
2025-08-04T05:30:00+00:00,110.71,110.71,110.38,110.58,23580.669
2025-08-04T05:45:00+00:00,110.58,111.16,110.35,111.11,23043.488
2025-08-04T06:00:00+00:00,111.11,111.13,110.74,110.75,14468.860
2025-08-04T06:15:00+00:00,110.75,111.42,110.66,111.22,26678.626
2025-08-04T06:30:00+00:00,111.22,111.80,111.02,111.64,33461.843
2025-08-04T06:45:00+00:00,111.63,111.94,111.45,111.89,31619.753
2025-08-04T07:00:00+00:00,111.89,112.13,111.45,111.83,41154.676
2025-08-04T07:15:00+00:00,111.84,112.01,111.50,111.83,25906.061
2025-08-04T07:30:00+00:00,111.83,112.09,111.60,112.07,24751.993
2025-08-04T07:45:00+00:00,112.06,112.47,111.37,111.44,51591.659
2025-08-04T08:00:00+00:00,111.43,111.71,111.40,111.52,26542.247
2025-08-04T08:15:00+00:00,111.51,111.87,111.49,111.51,19961.703
2025-08-04T08:30:00+00:00,111.51,111.61,111.09,111.15,27186.961
2025-08-04T08:45:00+00:00,111.14,111.36,111.05,111.29,11714.996
2025-08-04T09:00:00+00:00,111.29,111.37,111.09,111.14,15617.997
2025-08-04T09:15:00+00:00,111.15,113.39,111.02,112.70,164534.806
2025-08-04T09:30:00+00:00,112.70,113.05,112.15,112.52,53345.917
2025-08-04T09:45:00+00:00,112.52,113.33,112.48,112.90,56076.964
2025-08-04T10:00:00+00:00,112.89,113.04,112.36,112.38,30898.648
2025-08-04T10:15:00+00:00,112.38,112.57,112.03,112.19,23025.888
2025-08-04T10:30:00+00:00,112.19,112.38,111.89,111.95,29287.833
2025-08-04T10:45:00+00:00,111.96,112.23,111.95,112.03,11930.786
2025-08-04T11:00:00+00:00,112.03,112.03,111.71,111.85,20768.052
2025-08-04T11:15:00+00:00,111.84,112.44,111.68,112.41,31670.603
2025-08-04T11:30:00+00:00,112.41,113.89,112.10,113.45,97567.837
2025-08-04T11:45:00+00:00,113.46,114.26,113.37,114.13,94389.695
2025-08-04T12:00:00+00:00,114.13,115.42,113.73,115.12,116518.399
2025-08-04T12:15:00+00:00,115.12,116.49,115.00,115.86,179016.941
2025-08-04T12:30:00+00:00,115.86,117.47,115.65,116.64,180740.112
2025-08-04T12:45:00+00:00,116.64,117.15,116.52,116.88,65076.369
2025-08-04T13:00:00+00:00,116.88,117.20,115.98,116.53,91999.929
2025-08-04T13:15:00+00:00,116.53,117.11,116.44,116.58,57504.074
2025-08-04T13:30:00+00:00,116.57,118.46,116.47,118.36,182124.247
2025-08-04T13:45:00+00:00,118.36,118.69,117.58,118.44,107808.665
2025-08-04T14:00:00+00:00,118.44,119.30,117.95,119.11,124891.820
2025-08-04T14:15:00+00:00,119.11,119.67,118.85,119.39,116152.697
2025-08-04T14:30:00+00:00,119.39,119.59,118.97,118.99,137706.620
2025-08-04T14:45:00+00:00,118.99,119.39,118.32,118.42,113143.209
2025-08-04T15:00:00+00:00,118.43,119.18,118.43,119.08,81611.508
2025-08-04T15:15:00+00:00,119.08,119.51,119.08,119.23,53131.614
2025-08-04T15:30:00+00:00,119.22,119.30,118.21,118.48,57381.386
2025-08-04T15:45:00+00:00,118.48,118.63,117.67,117.80,85640.240
2025-08-04T16:00:00+00:00,117.80,119.08,117.56,118.70,121706.974
2025-08-04T16:15:00+00:00,118.71,119.11,118.40,118.76,45201.956
2025-08-04T16:30:00+00:00,118.76,119.22,118.74,119.01,40399.308
2025-08-04T16:45:00+00:00,119.01,119.36,118.96,119.12,30720.164
2025-08-04T17:00:00+00:00,119.13,119.39,118.88,119.09,59390.841
2025-08-04T17:15:00+00:00,119.10,119.48,118.65,119.23,63596.533
2025-08-04T17:30:00+00:00,119.24,119.26,118.73,119.00,38031.124
2025-08-04T17:45:00+00:00,119.00,119.63,119.00,119.15,39026.856
2025-08-04T18:00:00+00:00,119.14,119.88,119.04,119.23,60268.048
2025-08-04T18:15:00+00:00,119.23,119.42,119.00,119.06,32209.541
2025-08-04T18:30:00+00:00,119.06,119.34,118.86,119.13,34638.942
2025-08-04T18:45:00+00:00,119.13,119.38,118.98,119.31,29915.624
2025-08-04T19:00:00+00:00,119.30,119.54,118.99,119.09,34742.662
2025-08-04T19:15:00+00:00,119.09,119.64,119.05,119.32,26766.763
2025-08-04T19:30:00+00:00,119.32,119.60,119.06,119.44,38776.537
2025-08-04T19:45:00+00:00,119.43,119.89,119.37,119.79,43699.810
2025-08-04T20:00:00+00:00,119.79,119.92,119.40,119.54,48123.274
2025-08-04T20:15:00+00:00,119.53,120.08,119.25,119.37,67844.481
2025-08-04T20:30:00+00:00,119.37,119.53,119.04,119.20,47402.565
2025-08-04T20:45:00+00:00,119.20,119.35,118.89,119.31,33736.837
2025-08-04T21:00:00+00:00,119.31,120.79,119.29,120.50,120734.474
2025-08-04T21:15:00+00:00,120.49,120.72,119.69,120.68,63017.579
2025-08-04T21:30:00+00:00,120.68,121.00,120.05,120.10,45996.129
2025-08-04T21:45:00+00:00,120.10,120.49,119.73,119.78,20687.391
2025-08-04T22:00:00+00:00,119.79,120.52,119.79,120.20,34523.138
2025-08-04T22:15:00+00:00,120.20,120.76,120.05,120.63,29459.428
2025-08-04T22:30:00+00:00,120.63,120.72,120.12,120.52,28220.389
2025-08-04T22:45:00+00:00,120.52,120.74,120.26,120.71,29001.671
2025-08-04T23:00:00+00:00,120.71,120.91,120.48,120.62,32349.959
2025-08-04T23:15:00+00:00,120.62,121.17,120.61,120.90,34762.424
2025-08-04T23:30:00+00:00,120.90,121.24,120.47,121.18,47405.431
2025-08-04T23:45:00+00:00,121.16,121.45,120.92,121.20,54899.113
2025-08-05T00:00:00+00:00,121.20,121.28,120.15,120.22,56480.964
2025-08-05T00:15:00+00:00,120.21,121.06,120.21,120.88,43497.544
2025-08-05T00:30:00+00:00,120.88,121.43,120.60,120.83,61880.460
2025-08-05T00:45:00+00:00,120.83,120.91,120.10,120.36,94052.580
2025-08-05T01:00:00+00:00,120.36,121.10,120.04,120.82,71191.155
2025-08-05T01:15:00+00:00,120.82,121.57,120.77,121.33,42617.538
2025-08-05T01:30:00+00:00,121.32,121.48,121.02,121.37,38037.124
2025-08-05T01:45:00+00:00,121.36,121.72,121.13,121.36,73079.158
2025-08-05T02:00:00+00:00,121.35,123.68,121.32,122.36,304036.379
2025-08-05T02:15:00+00:00,122.36,122.37,120.84,120.95,106927.707
2025-08-05T02:30:00+00:00,120.95,121.68,120.84,121.62,66904.339
2025-08-05T02:45:00+00:00,121.61,122.43,121.53,122.02,74604.815
2025-08-05T03:00:00+00:00,122.02,122.19,121.23,121.82,63582.004
2025-08-05T03:15:00+00:00,121.81,122.16,121.56,121.91,72628.252
2025-08-05T03:30:00+00:00,121.92,122.39,121.66,122.21,54071.130
2025-08-05T03:45:00+00:00,122.21,122.32,121.69,121.75,44670.787
2025-08-05T04:00:00+00:00,121.76,122.27,121.03,122.20,64004.059
2025-08-05T04:15:00+00:00,122.20,122.35,121.41,121.75,34298.912
2025-08-05T04:30:00+00:00,121.75,121.76,121.17,121.26,37399.115
2025-08-05T04:45:00+00:00,121.26,121.74,121.21,121.62,22510.340
2025-08-05T05:00:00+00:00,121.61,122.88,121.55,122.69,82957.225
2025-08-05T05:15:00+00:00,122.70,122.98,122.50,122.57,59975.178
2025-08-05T05:30:00+00:00,122.57,123.50,122.23,123.41,117413.570
2025-08-05T05:45:00+00:00,123.41,124.11,123.06,124.02,107778.322
2025-08-05T06:00:00+00:00,124.02,125.06,123.81,124.25,176753.143
2025-08-05T06:15:00+00:00,124.26,124.59,123.72,123.87,65350.863
2025-08-05T06:30:00+00:00,123.87,123.93,122.79,123.19,80541.446
2025-08-05T06:45:00+00:00,123.19,123.19,122.40,122.71,87428.673
2025-08-05T07:00:00+00:00,122.70,123.40,122.33,122.40,85766.116
2025-08-05T07:15:00+00:00,122.41,123.28,122.29,122.46,63474.179
2025-08-05T07:30:00+00:00,122.46,122.46,120.60,120.98,331435.254
2025-08-05T07:45:00+00:00,120.98,121.62,120.76,120.87,171786.292
2025-08-05T08:00:00+00:00,120.86,121.84,120.72,121.10,99921.636
2025-08-05T08:15:00+00:00,121.10,122.60,121.02,121.98,153261.730
2025-08-05T08:30:00+00:00,121.98,122.28,121.45,121.96,54488.281
2025-08-05T08:45:00+00:00,121.96,122.84,121.89,122.84,56156.891
2025-08-05T09:00:00+00:00,122.85,124.86,122.77,124.83,153774.463
2025-08-05T09:15:00+00:00,124.83,126.50,124.62,125.98,295512.607
2025-08-05T09:30:00+00:00,125.98,127.54,125.93,127.46,209046.146
2025-08-05T09:45:00+00:00,127.46,127.65,126.49,127.27,162958.472
2025-08-05T10:00:00+00:00,127.26,127.31,126.83,127.08,80218.749
2025-08-05T10:15:00+00:00,127.08,127.57,126.86,127.11,77783.289
2025-08-05T10:30:00+00:00,127.11,128.94,127.11,127.97,225786.255
2025-08-05T10:45:00+00:00,127.97,128.49,127.82,128.26,72012.298
2025-08-05T11:00:00+00:00,128.26,128.30,127.69,128.15,52179.467
2025-08-05T11:15:00+00:00,128.15,129.21,127.49,127.63,120356.748
2025-08-05T11:30:00+00:00,127.63,127.91,127.26,127.78,83425.306
2025-08-05T11:45:00+00:00,127.78,128.32,127.44,127.60,51416.778
2025-08-05T12:00:00+00:00,127.61,128.41,124.10,124.52,721194.834
2025-08-05T12:15:00+00:00,124.52,124.99,123.49,123.67,329780.557
2025-08-05T12:30:00+00:00,123.67,124.38,123.06,124.07,233898.387
2025-08-05T12:45:00+00:00,124.08,124.26,123.63,123.82,118187.609
2025-08-05T13:00:00+00:00,123.82,124.15,123.16,123.55,79591.874
2025-08-05T13:15:00+00:00,123.55,124.03,123.40,123.49,60591.110
2025-08-05T13:30:00+00:00,123.48,123.72,122.84,123.33,102532.823
2025-08-05T13:45:00+00:00,123.34,123.77,123.21,123.50,52074.423
2025-08-05T14:00:00+00:00,123.49,123.79,122.34,122.92,139179.445
2025-08-05T14:15:00+00:00,122.92,122.96,121.00,122.17,339224.653
2025-08-05T14:30:00+00:00,122.17,122.81,121.76,122.43,134702.947
2025-08-05T14:45:00+00:00,122.42,123.28,121.82,123.10,106794.486
2025-08-05T15:00:00+00:00,123.09,123.09,122.17,122.74,104099.399
2025-08-05T15:15:00+00:00,122.74,122.98,121.71,122.36,66607.718
2025-08-05T15:30:00+00:00,122.37,122.44,121.58,122.15,67579.329
2025-08-05T15:45:00+00:00,122.14,122.29,121.41,122.04,53828.731
2025-08-05T16:00:00+00:00,122.02,123.39,121.96,123.39,104240.100
2025-08-05T16:15:00+00:00,123.39,123.91,122.77,122.90,147929.554
2025-08-05T16:30:00+00:00,122.90,123.25,121.83,121.98,106817.373
2025-08-05T16:45:00+00:00,121.97,122.12,121.31,121.36,74531.743
2025-08-05T17:00:00+00:00,121.37,121.74,121.12,121.26,51575.072
2025-08-05T17:15:00+00:00,121.26,121.61,121.13,121.34,42262.967
2025-08-05T17:30:00+00:00,121.33,121.71,121.23,121.30,41052.937
2025-08-05T17:45:00+00:00,121.30,121.33,120.44,120.87,83276.662
2025-08-05T18:00:00+00:00,120.86,121.29,120.48,120.50,60991.884
2025-08-05T18:15:00+00:00,120.50,120.84,120.15,120.38,38358.502
2025-08-05T18:30:00+00:00,120.37,120.59,119.50,119.68,104069.462
2025-08-05T18:45:00+00:00,119.68,120.21,119.62,119.99,54631.305
2025-08-05T19:00:00+00:00,119.98,120.43,119.93,120.21,48552.903
2025-08-05T19:15:00+00:00,120.21,120.32,119.76,120.05,27352.853
2025-08-05T19:30:00+00:00,120.04,120.27,119.77,120.09,25616.867
2025-08-05T19:45:00+00:00,120.08,120.22,119.57,120.06,28786.017
2025-08-05T20:00:00+00:00,120.06,120.88,119.93,120.20,79721.058
2025-08-05T20:15:00+00:00,120.20,120.53,120.14,120.43,29177.285
2025-08-05T20:30:00+00:00,120.43,120.50,119.80,119.80,27893.980
2025-08-05T20:45:00+00:00,119.80,120.03,119.60,119.75,37460.268
2025-08-05T21:00:00+00:00,119.76,120.42,119.63,119.89,25636.724
2025-08-05T21:15:00+00:00,119.89,120.67,119.89,120.59,24553.289
2025-08-05T21:30:00+00:00,120.59,121.28,120.49,120.81,66236.568
2025-08-05T21:45:00+00:00,120.80,120.85,120.21,120.46,24315.603
2025-08-05T22:00:00+00:00,120.46,120.57,119.76,120.33,52564.914
2025-08-05T22:15:00+00:00,120.34,120.63,119.86,120.00,30034.995
2025-08-05T22:30:00+00:00,120.01,120.58,119.88,120.53,17562.996
2025-08-05T22:45:00+00:00,120.54,121.35,120.48,121.05,43910.754
2025-08-05T23:00:00+00:00,121.05,121.34,120.68,120.94,44968.103
2025-08-05T23:15:00+00:00,120.94,121.34,120.66,120.75,46897.769
2025-08-05T23:30:00+00:00,120.75,121.17,120.61,120.94,30760.117
2025-08-05T23:45:00+00:00,120.93,121.04,120.03,120.22,24512.140
2025-08-06T00:00:00+00:00,120.22,120.48,118.71,118.92,107684.315
2025-08-06T00:15:00+00:00,118.93,119.14,118.08,118.37,76146.793
2025-08-06T00:30:00+00:00,118.37,119.15,118.31,118.92,49541.571
2025-08-06T00:45:00+00:00,118.93,119.20,118.57,118.91,39632.334
2025-08-06T01:00:00+00:00,118.90,119.24,118.51,118.92,35197.868
2025-08-06T01:15:00+00:00,118.92,118.98,118.18,118.28,44596.969
2025-08-06T01:30:00+00:00,118.28,118.52,118.12,118.22,37351.973
2025-08-06T01:45:00+00:00,118.23,118.55,117.87,118.32,72017.995
2025-08-06T02:00:00+00:00,118.32,118.60,118.15,118.53,26834.398
2025-08-06T02:15:00+00:00,118.53,119.15,118.45,118.70,29914.729
2025-08-06T02:30:00+00:00,118.71,119.01,118.50,118.54,18492.513
2025-08-06T02:45:00+00:00,118.54,118.61,118.24,118.40,17804.099
2025-08-06T03:00:00+00:00,118.41,118.44,118.06,118.07,25384.005
2025-08-06T03:15:00+00:00,118.08,118.20,117.75,117.82,41830.685
2025-08-06T03:30:00+00:00,117.83,118.18,117.79,118.00,22868.478
2025-08-06T03:45:00+00:00,117.99,118.36,117.98,118.18,21473.917
2025-08-06T04:00:00+00:00,118.18,118.31,117.69,118.07,51092.897
2025-08-06T04:15:00+00:00,118.07,118.49,117.95,118.44,33074.435
2025-08-06T04:30:00+00:00,118.44,118.67,117.54,117.78,56516.345
2025-08-06T04:45:00+00:00,117.78,118.32,117.62,117.89,28878.678
2025-08-06T05:00:00+00:00,117.90,118.95,117.71,118.69,86588.604
2025-08-06T05:15:00+00:00,118.70,118.83,117.89,117.95,77121.545
2025-08-06T05:30:00+00:00,117.95,118.72,117.82,118.45,76375.233
2025-08-06T05:45:00+00:00,118.44,118.92,118.10,118.54,69778.908
2025-08-06T06:00:00+00:00,118.54,118.57,117.84,117.84,35249.842
2025-08-06T06:15:00+00:00,117.85,117.95,117.24,117.80,74582.951
2025-08-06T06:30:00+00:00,117.80,118.18,117.62,117.65,33515.625
2025-08-06T06:45:00+00:00,117.65,118.07,117.44,117.64,29245.360
2025-08-06T07:00:00+00:00,117.64,118.19,117.41,118.04,35105.491
2025-08-06T07:15:00+00:00,118.03,118.09,117.69,117.92,35834.687
2025-08-06T07:30:00+00:00,117.92,118.08,117.77,118.07,21159.236
2025-08-06T07:45:00+00:00,118.07,118.39,118.03,118.34,26970.348
2025-08-06T08:00:00+00:00,118.34,118.64,117.81,117.94,48711.089
2025-08-06T08:15:00+00:00,117.93,118.18,117.68,117.79,24795.458
2025-08-06T08:30:00+00:00,117.79,117.84,116.97,117.03,72005.342
2025-08-06T08:45:00+00:00,117.03,117.26,116.40,117.18,119210.090
2025-08-06T09:00:00+00:00,117.18,117.57,117.01,117.57,42994.683
2025-08-06T09:15:00+00:00,117.56,117.90,117.05,117.34,40640.125
2025-08-06T09:30:00+00:00,117.34,117.37,117.04,117.12,28543.961
2025-08-06T09:45:00+00:00,117.12,117.32,117.01,117.31,14209.782
2025-08-06T10:00:00+00:00,117.31,117.40,116.52,116.74,49809.850
2025-08-06T10:15:00+00:00,116.73,116.88,116.22,116.48,53414.861
2025-08-06T10:30:00+00:00,116.48,116.85,116.36,116.56,26139.163
2025-08-06T10:45:00+00:00,116.56,116.67,116.35,116.49,23939.469
2025-08-06T11:00:00+00:00,116.50,116.85,116.49,116.78,34223.892
2025-08-06T11:15:00+00:00,116.78,116.86,116.66,116.70,22979.431
2025-08-06T11:30:00+00:00,116.70,116.83,116.40,116.50,31047.156
2025-08-06T11:45:00+00:00,116.50,116.69,116.26,116.39,27212.338
2025-08-06T12:00:00+00:00,116.39,116.49,115.72,115.79,75484.970
2025-08-06T12:15:00+00:00,115.80,116.26,115.69,116.09,43813.450
2025-08-06T12:30:00+00:00,116.09,116.31,115.59,115.62,32172.511
2025-08-06T12:45:00+00:00,115.62,115.86,115.41,115.47,44121.704
2025-08-06T13:00:00+00:00,115.46,115.65,115.15,115.37,60133.808
2025-08-06T13:15:00+00:00,115.36,115.77,115.19,115.62,31738.313
2025-08-06T13:30:00+00:00,115.63,115.85,115.18,115.69,54826.751
2025-08-06T13:45:00+00:00,115.69,115.82,115.22,115.52,37219.929
2025-08-06T14:00:00+00:00,115.52,116.61,115.51,115.98,102939.715
2025-08-06T14:15:00+00:00,115.98,116.24,115.57,116.16,52635.829
2025-08-06T14:30:00+00:00,116.16,116.45,115.92,116.36,57514.144
2025-08-06T14:45:00+00:00,116.37,117.33,116.07,117.27,96108.698
2025-08-06T15:00:00+00:00,117.26,117.35,116.72,116.94,77142.192
2025-08-06T15:15:00+00:00,116.94,117.63,116.78,117.63,59249.088
2025-08-06T15:30:00+00:00,117.63,117.96,117.40,117.71,60631.292
2025-08-06T15:45:00+00:00,117.72,118.47,117.56,118.21,92869.617
2025-08-06T16:00:00+00:00,118.21,118.51,117.51,117.54,91269.138
2025-08-06T16:15:00+00:00,117.54,117.67,116.90,117.60,62309.233
2025-08-06T16:30:00+00:00,117.60,118.02,117.39,117.54,77476.627
2025-08-06T16:45:00+00:00,117.54,117.63,117.24,117.59,27536.312
2025-08-06T17:00:00+00:00,117.59,118.00,117.53,117.94,55404.032
2025-08-06T17:15:00+00:00,117.94,118.06,117.34,117.47,37193.472
2025-08-06T17:30:00+00:00,117.46,118.50,117.29,118.42,85861.709
2025-08-06T17:45:00+00:00,118.41,118.82,118.18,118.47,46499.655
2025-08-06T18:00:00+00:00,118.48,118.99,118.45,118.83,40755.579
2025-08-06T18:15:00+00:00,118.83,118.89,118.43,118.65,29985.916
2025-08-06T18:30:00+00:00,118.65,119.12,118.55,118.63,41973.170
2025-08-06T18:45:00+00:00,118.63,119.32,118.58,119.30,30014.497
2025-08-06T19:00:00+00:00,119.30,119.88,119.16,119.71,38527.457
2025-08-06T19:15:00+00:00,119.70,121.08,119.70,120.06,143512.169
2025-08-06T19:30:00+00:00,120.06,120.69,119.63,120.62,75367.604
2025-08-06T19:45:00+00:00,120.60,120.65,119.51,120.01,46295.877
2025-08-06T20:00:00+00:00,120.00,120.26,119.65,119.81,33119.116
2025-08-06T20:15:00+00:00,119.80,119.80,119.15,119.20,29761.182
2025-08-06T20:30:00+00:00,119.21,119.47,118.80,118.97,52485.031
2025-08-06T20:45:00+00:00,118.98,119.48,118.96,119.24,22780.130
2025-08-06T21:00:00+00:00,119.25,119.47,118.61,118.79,25846.047
2025-08-06T21:15:00+00:00,118.79,118.86,118.52,118.59,22047.951
2025-08-06T21:30:00+00:00,118.59,119.03,118.41,119.02,24633.537
2025-08-06T21:45:00+00:00,119.02,119.32,118.74,119.09,17562.997
2025-08-06T22:00:00+00:00,119.09,119.22,118.82,119.08,17920.909
2025-08-06T22:15:00+00:00,119.09,119.34,118.68,118.84,17466.516
2025-08-06T22:30:00+00:00,118.83,119.08,118.63,118.75,11611.596
2025-08-06T22:45:00+00:00,118.75,119.19,118.64,119.18,18488.232
2025-08-06T23:00:00+00:00,119.18,120.11,119.16,119.96,37895.522
2025-08-06T23:15:00+00:00,119.96,120.07,119.70,119.96,25275.365
2025-08-06T23:30:00+00:00,119.96,119.97,119.60,119.77,22372.699
2025-08-06T23:45:00+00:00,119.76,119.79,119.06,119.15,16888.499
2025-08-07T00:00:00+00:00,119.15,119.23,117.93,118.04,56003.771
2025-08-07T00:15:00+00:00,118.03,118.35,117.78,118.16,45341.899
2025-08-07T00:30:00+00:00,118.15,118.43,118.10,118.34,27058.741
2025-08-07T00:45:00+00:00,118.33,118.45,118.03,118.09,17960.596
2025-08-07T01:00:00+00:00,118.08,118.87,118.03,118.65,23420.026
2025-08-07T01:15:00+00:00,118.66,120.59,118.60,119.52,76195.065
2025-08-07T01:30:00+00:00,119.51,119.53,118.93,119.19,31697.202
2025-08-07T01:45:00+00:00,119.19,119.21,118.81,118.91,27505.360
2025-08-07T02:00:00+00:00,118.91,120.03,118.78,119.99,76756.947
2025-08-07T02:15:00+00:00,119.98,121.08,119.96,120.46,87594.950
2025-08-07T02:30:00+00:00,120.46,120.93,120.31,120.66,42854.865
2025-08-07T02:45:00+00:00,120.66,120.90,120.05,120.25,38822.695
2025-08-07T03:00:00+00:00,120.24,120.80,119.38,119.44,51404.565
2025-08-07T03:15:00+00:00,119.44,119.73,119.31,119.46,26410.265
2025-08-07T03:30:00+00:00,119.46,119.60,119.23,119.60,15398.202
2025-08-07T03:45:00+00:00,119.60,119.84,119.34,119.39,27365.753
2025-08-07T04:00:00+00:00,119.39,120.33,119.31,120.15,32428.047
2025-08-07T04:15:00+00:00,120.15,121.88,120.14,121.82,90265.014
2025-08-07T04:30:00+00:00,121.82,121.87,120.78,121.22,77485.435
2025-08-07T04:45:00+00:00,121.22,121.22,120.56,121.14,50828.722
2025-08-07T05:00:00+00:00,121.15,121.21,120.42,120.75,45593.611
2025-08-07T05:15:00+00:00,120.76,121.04,120.55,120.59,39962.558
2025-08-07T05:30:00+00:00,120.59,120.67,120.16,120.30,27930.850
2025-08-07T05:45:00+00:00,120.30,121.85,120.28,121.63,57978.560
2025-08-07T06:00:00+00:00,121.62,122.27,121.28,121.33,75072.399
2025-08-07T06:15:00+00:00,121.34,121.35,120.48,120.60,50510.521
2025-08-07T06:30:00+00:00,120.60,120.99,120.39,120.91,23671.420
2025-08-07T06:45:00+00:00,120.90,121.05,120.31,120.52,27380.171
2025-08-07T07:00:00+00:00,120.52,120.54,119.98,120.16,38725.331
2025-08-07T07:15:00+00:00,120.15,120.38,119.61,119.72,48281.661
2025-08-07T07:30:00+00:00,119.71,119.92,119.62,119.80,24709.270
2025-08-07T07:45:00+00:00,119.80,119.85,119.27,119.45,44986.316
2025-08-07T08:00:00+00:00,119.45,119.69,119.12,119.13,44056.361
2025-08-07T08:15:00+00:00,119.12,119.20,118.92,119.01,56730.627
2025-08-07T08:30:00+00:00,119.01,119.01,118.02,118.21,112108.927
2025-08-07T08:45:00+00:00,118.20,118.38,117.34,117.40,84248.292
2025-08-07T09:00:00+00:00,117.40,118.17,117.32,117.69,59516.304
2025-08-07T09:15:00+00:00,117.69,118.11,117.62,118.07,31175.843
2025-08-07T09:30:00+00:00,118.07,118.28,117.85,117.98,34099.101
2025-08-07T09:45:00+00:00,117.99,118.01,117.67,117.99,33995.349
2025-08-07T10:00:00+00:00,117.99,118.92,117.84,118.90,83243.355
2025-08-07T10:15:00+00:00,118.90,119.17,118.56,119.12,94838.011
2025-08-07T10:30:00+00:00,119.12,119.82,119.06,119.50,84018.114
2025-08-07T10:45:00+00:00,119.50,119.91,119.25,119.70,45524.339
2025-08-07T11:00:00+00:00,119.71,120.92,119.63,120.86,105197.279
2025-08-07T11:15:00+00:00,120.85,121.09,120.27,120.53,70278.499
2025-08-07T11:30:00+00:00,120.53,120.87,120.29,120.41,42193.374
2025-08-07T11:45:00+00:00,120.41,121.19,120.33,121.05,38585.627
2025-08-07T12:00:00+00:00,121.06,121.21,120.41,120.66,57507.926
2025-08-07T12:15:00+00:00,120.65,120.71,119.45,119.81,114781.597
2025-08-07T12:30:00+00:00,119.80,120.45,119.40,120.37,58368.827
2025-08-07T12:45:00+00:00,120.37,120.62,120.14,120.29,40221.646
2025-08-07T13:00:00+00:00,120.29,120.43,119.91,120.02,37247.235
2025-08-07T13:15:00+00:00,120.01,120.15,119.66,119.95,37587.350
2025-08-07T13:30:00+00:00,119.95,120.55,119.86,120.28,59988.008
2025-08-07T13:45:00+00:00,120.27,120.48,119.85,120.19,50897.947
2025-08-07T14:00:00+00:00,120.19,120.82,120.01,120.44,47489.884
2025-08-07T14:15:00+00:00,120.45,120.96,120.22,120.59,46551.200
2025-08-07T14:30:00+00:00,120.60,120.94,120.22,120.82,43509.091
2025-08-07T14:45:00+00:00,120.82,120.86,120.30,120.47,22300.695
2025-08-07T15:00:00+00:00,120.47,120.55,119.98,120.40,38122.592
2025-08-07T15:15:00+00:00,120.40,121.13,120.32,120.98,55127.554
2025-08-07T15:30:00+00:00,120.98,121.35,120.53,121.35,45470.951
2025-08-07T15:45:00+00:00,121.34,121.56,120.98,121.09,42025.855
2025-08-07T16:00:00+00:00,121.08,121.32,120.68,121.23,61478.811
2025-08-07T16:15:00+00:00,121.23,122.38,121.17,122.06,82733.685
2025-08-07T16:30:00+00:00,122.06,122.25,120.36,120.51,77333.922
2025-08-07T16:45:00+00:00,120.51,121.57,119.78,121.31,136555.067
2025-08-07T17:00:00+00:00,121.32,121.80,121.23,121.55,45419.956
2025-08-07T17:15:00+00:00,121.55,121.55,120.93,121.22,34071.762
2025-08-07T17:30:00+00:00,121.22,121.38,120.65,121.38,38112.556
2025-08-07T17:45:00+00:00,121.37,121.62,121.14,121.31,31853.542
2025-08-07T18:00:00+00:00,121.30,121.41,121.04,121.09,30623.090
2025-08-07T18:15:00+00:00,121.09,121.12,120.77,120.82,19550.239
2025-08-07T18:30:00+00:00,120.81,120.85,120.29,120.38,35972.860
2025-08-07T18:45:00+00:00,120.38,121.17,120.38,120.99,13823.187
2025-08-07T19:00:00+00:00,120.99,121.26,120.78,120.96,14553.110
2025-08-07T19:15:00+00:00,120.95,121.19,120.88,120.92,15950.204
2025-08-07T19:30:00+00:00,120.92,121.33,120.61,121.22,33456.645
2025-08-07T19:45:00+00:00,121.22,122.20,121.21,122.14,70411.295
2025-08-07T20:00:00+00:00,122.14,122.33,121.82,122.10,48959.238
2025-08-07T20:15:00+00:00,122.10,122.27,121.78,121.83,22138.417
2025-08-07T20:30:00+00:00,121.83,121.97,121.55,121.77,32533.062
2025-08-07T20:45:00+00:00,121.77,122.05,121.60,121.92,30475.567
2025-08-07T21:00:00+00:00,121.92,122.59,121.88,122.41,27883.005
2025-08-07T21:15:00+00:00,122.41,122.98,121.89,122.18,64893.962
2025-08-07T21:30:00+00:00,122.17,122.22,121.39,121.56,50302.556
2025-08-07T21:45:00+00:00,121.56,121.89,121.12,121.83,60448.800
2025-08-07T22:00:00+00:00,121.83,122.45,121.83,122.15,42264.328
2025-08-07T22:15:00+00:00,122.15,122.50,122.01,122.26,26945.403
2025-08-07T22:30:00+00:00,122.26,122.26,121.44,121.53,34324.571
2025-08-07T22:45:00+00:00,121.52,122.23,121.47,122.06,31912.754
2025-08-07T23:00:00+00:00,122.06,122.36,121.61,121.62,38760.467
2025-08-07T23:15:00+00:00,121.62,122.14,121.47,121.52,38576.880
2025-08-07T23:30:00+00:00,121.52,122.35,121.50,122.20,40782.809
2025-08-07T23:45:00+00:00,122.21,123.05,122.02,122.84,54134.144
2025-08-08T00:00:00+00:00,122.84,122.92,121.96,122.51,53929.644
2025-08-08T00:15:00+00:00,122.50,123.08,121.18,121.84,141493.392
2025-08-08T00:30:00+00:00,121.84,124.34,121.78,123.17,150021.386
2025-08-08T00:45:00+00:00,123.14,123.65,122.33,122.35,86968.727
2025-08-08T01:00:00+00:00,122.36,123.11,121.05,122.80,175063.366
2025-08-08T01:15:00+00:00,122.79,122.81,121.46,121.89,120624.657
2025-08-08T01:30:00+00:00,121.89,122.00,121.26,121.81,57267.888
2025-08-08T01:45:00+00:00,121.81,122.33,121.56,122.23,28454.641
2025-08-08T02:00:00+00:00,122.22,122.37,121.53,121.67,28495.577
2025-08-08T02:15:00+00:00,121.67,121.72,121.25,121.59,23851.311
2025-08-08T02:30:00+00:00,121.58,121.92,121.10,121.13,32194.647
2025-08-08T02:45:00+00:00,121.12,122.14,121.07,121.59,53766.900
2025-08-08T03:00:00+00:00,121.58,122.34,121.58,122.10,31852.768
2025-08-08T03:15:00+00:00,122.10,122.57,121.90,122.33,46955.452
2025-08-08T03:30:00+00:00,122.32,122.43,121.72,121.76,37656.823
2025-08-08T03:45:00+00:00,121.75,121.75,121.22,121.40,40970.008
2025-08-08T04:00:00+00:00,121.41,121.72,120.82,121.15,60196.184
2025-08-08T04:15:00+00:00,121.14,121.43,120.96,121.34,19790.618
2025-08-08T04:30:00+00:00,121.34,121.36,121.00,121.04,13740.412
2025-08-08T04:45:00+00:00,121.03,121.05,120.64,120.84,26358.226
2025-08-08T05:00:00+00:00,120.84,120.93,120.35,120.59,55185.983
2025-08-08T05:15:00+00:00,120.58,120.69,120.07,120.08,41128.712
2025-08-08T05:30:00+00:00,120.08,120.28,119.89,120.27,46763.802
2025-08-08T05:45:00+00:00,120.28,120.32,119.58,119.64,42080.570
2025-08-08T06:00:00+00:00,119.65,119.94,119.22,119.94,56107.521
2025-08-08T06:15:00+00:00,119.94,120.11,119.77,120.05,26131.659
2025-08-08T06:30:00+00:00,120.05,120.34,119.95,120.21,27459.774
2025-08-08T06:45:00+00:00,120.21,120.61,120.00,120.57,23602.913
2025-08-08T07:00:00+00:00,120.58,120.70,120.06,120.66,26034.343
2025-08-08T07:15:00+00:00,120.67,121.96,120.66,121.71,95965.736
2025-08-08T07:30:00+00:00,121.71,122.53,121.62,122.50,51472.044
2025-08-08T07:45:00+00:00,122.50,122.58,122.19,122.28,44587.121
2025-08-08T08:00:00+00:00,122.27,123.61,122.23,123.52,75648.275
2025-08-08T08:15:00+00:00,123.52,123.95,123.27,123.70,97163.221
2025-08-08T08:30:00+00:00,123.70,123.77,123.17,123.27,61853.523
2025-08-08T08:45:00+00:00,123.27,123.42,122.05,122.30,89538.754
2025-08-08T09:00:00+00:00,122.29,122.65,122.01,122.11,35141.910
2025-08-08T09:15:00+00:00,122.11,122.29,121.57,121.71,33947.274
2025-08-08T09:30:00+00:00,121.71,122.04,121.59,122.03,25385.952
2025-08-08T09:45:00+00:00,122.03,122.56,121.98,122.17,24247.480
2025-08-08T10:00:00+00:00,122.17,122.17,121.16,121.19,60505.170
2025-08-08T10:15:00+00:00,121.20,121.42,121.09,121.15,26580.981
2025-08-08T10:30:00+00:00,121.14,121.41,120.56,120.62,56100.205
2025-08-08T10:45:00+00:00,120.62,120.72,120.44,120.59,43523.914
2025-08-08T11:00:00+00:00,120.59,121.60,120.57,121.47,39196.126
2025-08-08T11:15:00+00:00,121.47,121.75,121.43,121.52,26056.487
2025-08-08T11:30:00+00:00,121.52,121.90,121.50,121.75,29325.796
2025-08-08T11:45:00+00:00,121.74,121.85,121.55,121.81,10687.320
2025-08-08T12:00:00+00:00,121.80,122.10,121.38,122.09,28886.951
2025-08-08T12:15:00+00:00,122.09,122.55,121.72,121.98,44680.306
2025-08-08T12:30:00+00:00,121.99,122.04,121.50,121.55,17566.254
2025-08-08T12:45:00+00:00,121.54,121.82,121.44,121.70,20597.779
2025-08-08T13:00:00+00:00,121.70,122.50,121.70,122.40,24847.726
2025-08-08T13:15:00+00:00,122.40,122.81,122.28,122.67,37623.022
2025-08-08T13:30:00+00:00,122.67,122.96,122.42,122.64,31414.437
2025-08-08T13:45:00+00:00,122.64,123.57,122.55,123.56,94872.415
2025-08-08T14:00:00+00:00,123.55,124.15,122.48,122.97,115030.090
2025-08-08T14:15:00+00:00,122.97,123.11,122.38,122.71,66284.607
2025-08-08T14:30:00+00:00,122.71,122.72,121.77,122.31,67123.793
2025-08-08T14:45:00+00:00,122.30,122.76,122.02,122.28,30825.066
2025-08-08T15:00:00+00:00,122.27,122.32,120.92,121.37,77361.918
2025-08-08T15:15:00+00:00,121.37,121.78,121.08,121.49,53336.997
2025-08-08T15:30:00+00:00,121.50,121.61,120.59,120.62,71170.679
2025-08-08T15:45:00+00:00,120.62,121.46,120.61,121.31,37146.994
2025-08-08T16:00:00+00:00,121.31,121.95,121.22,121.51,47600.228
2025-08-08T16:15:00+00:00,121.52,121.78,121.37,121.53,21876.370
2025-08-08T16:30:00+00:00,121.53,122.18,121.40,122.18,41294.017
2025-08-08T16:45:00+00:00,122.18,122.58,122.06,122.57,27760.253
2025-08-08T17:00:00+00:00,122.58,123.29,122.27,123.17,46408.090
2025-08-08T17:15:00+00:00,123.18,123.41,122.70,122.99,40867.987
2025-08-08T17:30:00+00:00,122.98,123.54,122.96,123.25,41395.158
2025-08-08T17:45:00+00:00,123.25,123.32,122.74,123.19,38015.238
2025-08-08T18:00:00+00:00,123.19,123.88,123.19,123.81,52941.461
2025-08-08T18:15:00+00:00,123.80,124.08,123.54,123.87,52410.424
2025-08-08T18:30:00+00:00,123.86,124.84,123.82,124.54,111653.697
2025-08-08T18:45:00+00:00,124.53,124.87,124.18,124.77,37668.364
2025-08-08T19:00:00+00:00,124.76,124.85,124.20,124.38,47298.394
2025-08-08T19:15:00+00:00,124.37,126.39,124.32,125.89,123907.276
2025-08-08T19:30:00+00:00,125.89,126.35,125.36,125.79,87422.393
2025-08-08T19:45:00+00:00,125.79,125.96,125.34,125.54,34170.199
2025-08-08T20:00:00+00:00,125.55,125.76,125.00,125.03,38648.969
2025-08-08T20:15:00+00:00,125.02,125.04,124.42,124.45,37316.599
2025-08-08T20:30:00+00:00,124.45,124.87,124.35,124.87,20951.232
2025-08-08T20:45:00+00:00,124.86,124.88,124.50,124.77,17690.539
2025-08-08T21:00:00+00:00,124.77,125.39,124.76,125.18,36036.478
2025-08-08T21:15:00+00:00,125.17,125.33,124.98,125.06,20342.863
2025-08-08T21:30:00+00:00,125.05,125.30,124.96,125.04,9286.345
2025-08-08T21:45:00+00:00,125.03,125.08,124.42,124.68,25992.398
2025-08-08T22:00:00+00:00,124.68,124.93,124.44,124.79,24148.679
2025-08-08T22:15:00+00:00,124.79,124.89,124.42,124.58,13155.142
2025-08-08T22:30:00+00:00,124.57,124.59,123.84,124.05,32060.364
2025-08-08T22:45:00+00:00,124.05,124.22,123.99,124.08,17775.262
2025-08-08T23:00:00+00:00,124.07,124.39,124.07,124.35,14177.368
2025-08-08T23:15:00+00:00,124.34,124.58,124.05,124.19,14181.049
2025-08-08T23:30:00+00:00,124.19,124.30,123.92,124.01,15246.296
2025-08-08T23:45:00+00:00,124.01,124.06,123.59,123.72,14674.034
2025-08-09T00:00:00+00:00,123.73,123.96,123.67,123.92,20877.563
2025-08-09T00:15:00+00:00,123.92,123.92,123.63,123.75,12210.810
2025-08-09T00:30:00+00:00,123.74,123.87,123.51,123.82,14618.168
2025-08-09T00:45:00+00:00,123.82,123.94,123.70,123.85,9388.685
2025-08-09T01:00:00+00:00,123.84,124.06,123.59,124.00,18649.280
2025-08-09T01:15:00+00:00,123.99,124.22,123.34,123.40,29299.582
2025-08-09T01:30:00+00:00,123.40,123.54,123.34,123.51,16700.798
2025-08-09T01:45:00+00:00,123.50,123.59,123.16,123.44,22999.402
2025-08-09T02:00:00+00:00,123.43,123.49,123.32,123.41,13860.003
2025-08-09T02:15:00+00:00,123.40,123.55,123.29,123.29,16827.553
2025-08-09T02:30:00+00:00,123.29,123.29,122.85,123.22,25528.196
2025-08-09T02:45:00+00:00,123.21,123.36,123.05,123.10,13750.656
2025-08-09T03:00:00+00:00,123.09,123.25,123.03,123.04,15444.728
2025-08-09T03:15:00+00:00,123.03,123.07,122.79,122.95,13557.765
2025-08-09T03:30:00+00:00,122.95,123.62,122.94,123.61,36190.361
2025-08-09T03:45:00+00:00,123.61,123.92,123.01,123.03,37132.251
2025-08-09T04:00:00+00:00,123.02,123.15,122.75,123.05,21424.506
2025-08-09T04:15:00+00:00,123.04,123.34,122.86,123.23,17913.319
2025-08-09T04:30:00+00:00,123.22,124.18,123.14,123.89,58563.946
2025-08-09T04:45:00+00:00,123.89,124.74,123.80,124.55,55477.150
2025-08-09T05:00:00+00:00,124.54,125.18,124.27,124.85,108814.340
2025-08-09T05:15:00+00:00,124.84,125.44,124.74,125.38,89373.944
2025-08-09T05:30:00+00:00,125.38,125.46,124.81,125.06,44109.652
2025-08-09T05:45:00+00:00,125.06,125.55,124.68,124.83,53686.536
2025-08-09T06:00:00+00:00,124.83,125.48,124.70,125.27,44378.135
2025-08-09T06:15:00+00:00,125.27,125.84,124.98,125.66,35566.057
2025-08-09T06:30:00+00:00,125.65,125.68,124.66,124.67,39557.399
2025-08-09T06:45:00+00:00,124.67,124.69,124.18,124.33,57975.503
2025-08-09T07:00:00+00:00,124.33,125.14,124.24,125.08,44115.566
2025-08-09T07:15:00+00:00,125.09,125.36,124.91,125.13,22159.014
2025-08-09T07:30:00+00:00,125.12,125.50,124.99,125.30,17609.312
2025-08-09T07:45:00+00:00,125.29,125.32,125.05,125.15,18568.086
2025-08-09T08:00:00+00:00,125.16,125.29,124.92,125.00,21809.473
2025-08-09T08:15:00+00:00,124.99,124.99,124.38,124.68,34647.027
2025-08-09T08:30:00+00:00,124.68,125.11,124.47,125.10,38965.685
2025-08-09T08:45:00+00:00,125.11,125.11,124.36,124.78,30633.742
2025-08-09T09:00:00+00:00,124.77,125.20,124.46,125.18,20893.233
2025-08-09T09:15:00+00:00,125.17,125.20,124.72,124.85,14234.073
2025-08-09T09:30:00+00:00,124.85,125.24,124.79,124.99,34410.200
2025-08-09T09:45:00+00:00,124.98,125.29,124.83,125.11,25081.797
2025-08-09T10:00:00+00:00,125.12,125.60,125.02,125.45,35727.910
2025-08-09T10:15:00+00:00,125.45,125.47,124.83,124.90,31151.943
2025-08-09T10:30:00+00:00,124.90,125.20,124.81,124.94,20565.553
2025-08-09T10:45:00+00:00,124.93,125.32,124.84,124.93,24799.558
2025-08-09T11:00:00+00:00,124.93,124.99,124.44,124.47,37627.318
2025-08-09T11:15:00+00:00,124.46,124.91,124.41,124.90,15297.095
2025-08-09T11:30:00+00:00,124.90,124.90,124.54,124.71,15598.208
2025-08-09T11:45:00+00:00,124.72,125.20,124.61,125.08,20960.564
2025-08-09T12:00:00+00:00,125.08,125.13,124.78,125.00,23579.852
2025-08-09T12:15:00+00:00,125.00,125.95,125.00,125.92,39472.221
2025-08-09T12:30:00+00:00,125.92,126.30,125.06,125.11,73261.504
2025-08-09T12:45:00+00:00,125.11,125.60,124.83,124.86,45125.599
2025-08-09T13:00:00+00:00,124.86,125.05,122.73,123.09,224560.337
2025-08-09T13:15:00+00:00,123.09,123.45,122.44,123.32,167950.790
2025-08-09T13:30:00+00:00,123.31,123.32,122.83,123.04,63926.495
2025-08-09T13:45:00+00:00,123.04,123.06,122.08,122.29,78426.379
2025-08-09T14:00:00+00:00,122.29,122.42,121.00,122.36,146378.527
2025-08-09T14:15:00+00:00,122.36,122.58,122.00,122.39,40490.589
2025-08-09T14:30:00+00:00,122.39,122.40,121.85,121.94,24220.711
2025-08-09T14:45:00+00:00,121.95,122.24,121.80,122.18,34304.291
2025-08-09T15:00:00+00:00,122.18,122.23,121.41,121.68,56441.620
2025-08-09T15:15:00+00:00,121.68,122.15,120.81,121.10,98600.535
2025-08-09T15:30:00+00:00,121.09,121.51,121.01,121.46,45705.954
2025-08-09T15:45:00+00:00,121.45,121.45,120.97,121.10,31834.555
2025-08-09T16:00:00+00:00,121.10,121.99,121.09,121.95,43546.594
2025-08-09T16:15:00+00:00,121.94,122.22,121.68,121.68,35473.214
2025-08-09T16:30:00+00:00,121.68,122.27,121.30,122.11,33210.599
2025-08-09T16:45:00+00:00,122.10,122.21,121.26,121.39,31101.438
2025-08-09T17:00:00+00:00,121.39,121.67,121.08,121.60,32516.901
2025-08-09T17:15:00+00:00,121.61,122.08,121.55,121.93,27691.532
2025-08-09T17:30:00+00:00,121.92,122.39,121.85,122.25,23057.260
2025-08-09T17:45:00+00:00,122.25,122.25,121.77,122.09,23252.462
2025-08-09T18:00:00+00:00,122.09,122.23,121.71,122.01,24951.857
2025-08-09T18:15:00+00:00,122.00,122.18,121.87,122.02,19360.629
2025-08-09T18:30:00+00:00,122.02,122.12,121.85,121.91,12165.814
2025-08-09T18:45:00+00:00,121.90,122.21,121.73,122.04,30278.633
2025-08-09T19:00:00+00:00,122.03,122.69,121.95,122.46,40425.563
2025-08-09T19:15:00+00:00,122.46,122.50,122.10,122.44,23823.280
2025-08-09T19:30:00+00:00,122.43,122.43,121.48,121.57,73249.718
2025-08-09T19:45:00+00:00,121.58,121.87,121.49,121.69,20744.456
2025-08-09T20:00:00+00:00,121.69,122.03,121.52,121.67,22869.824
2025-08-09T20:15:00+00:00,121.66,122.04,121.33,121.96,36971.108
2025-08-09T20:30:00+00:00,121.95,122.53,121.75,122.30,56908.014
2025-08-09T20:45:00+00:00,122.29,122.42,121.74,122.26,33002.018
2025-08-09T21:00:00+00:00,122.25,122.63,121.85,122.14,30795.692
2025-08-09T21:15:00+00:00,122.13,122.17,121.45,121.77,23023.056
2025-08-09T21:30:00+00:00,121.76,121.96,121.47,121.59,17958.578
2025-08-09T21:45:00+00:00,121.58,122.17,121.58,121.75,10106.714
2025-08-09T22:00:00+00:00,121.74,121.75,120.82,121.03,63134.644
2025-08-09T22:15:00+00:00,121.03,121.52,120.45,121.32,67132.234
2025-08-09T22:30:00+00:00,121.31,121.36,120.67,120.79,26618.554
2025-08-09T22:45:00+00:00,120.79,120.98,120.29,120.76,50507.849
2025-08-09T23:00:00+00:00,120.76,120.91,120.55,120.72,18713.455
2025-08-09T23:15:00+00:00,120.72,120.83,120.14,120.26,49031.770
2025-08-09T23:30:00+00:00,120.27,120.72,120.10,120.71,16116.652
2025-08-09T23:45:00+00:00,120.72,120.75,120.13,120.13,22611.484
2025-08-10T00:00:00+00:00,120.13,120.72,120.09,120.72,27667.305
2025-08-10T00:15:00+00:00,120.71,120.93,120.65,120.72,17154.747
2025-08-10T00:30:00+00:00,120.72,120.89,120.58,120.72,20010.524
2025-08-10T00:45:00+00:00,120.72,121.43,120.58,121.24,31226.405
2025-08-10T01:00:00+00:00,121.24,121.49,120.82,120.89,33534.064
2025-08-10T01:15:00+00:00,120.89,121.28,120.67,120.93,34497.190
2025-08-10T01:30:00+00:00,120.94,121.47,120.93,121.21,31015.205
2025-08-10T01:45:00+00:00,121.21,121.45,120.98,121.45,19141.516
2025-08-10T02:00:00+00:00,121.46,121.50,121.08,121.35,18579.411
2025-08-10T02:15:00+00:00,121.36,121.77,121.30,121.70,35325.576
2025-08-10T02:30:00+00:00,121.69,121.69,121.12,121.19,28626.268
2025-08-10T02:45:00+00:00,121.20,121.61,121.19,121.54,24203.974
2025-08-10T03:00:00+00:00,121.53,122.41,121.34,122.11,78181.755
2025-08-10T03:15:00+00:00,122.11,122.86,121.67,122.44,62148.084
2025-08-10T03:30:00+00:00,122.43,123.46,122.31,123.09,63999.409
2025-08-10T03:45:00+00:00,123.09,123.17,122.33,122.73,43002.894
2025-08-10T04:00:00+00:00,122.73,122.84,122.24,122.39,53536.132
2025-08-10T04:15:00+00:00,122.39,123.09,122.28,123.03,49742.380
2025-08-10T04:30:00+00:00,123.03,123.62,122.79,123.56,35837.961
2025-08-10T04:45:00+00:00,123.55,123.82,123.36,123.63,37001.176
2025-08-10T05:00:00+00:00,123.62,123.69,123.04,123.04,27505.053
2025-08-10T05:15:00+00:00,123.04,123.13,121.93,121.94,101945.017
2025-08-10T05:30:00+00:00,121.95,122.54,121.86,122.46,40035.840
2025-08-10T05:45:00+00:00,122.45,122.51,121.68,121.81,44353.948
2025-08-10T06:00:00+00:00,121.80,121.93,121.54,121.54,35576.808
2025-08-10T06:15:00+00:00,121.54,121.57,120.44,120.70,122500.717
2025-08-10T06:30:00+00:00,120.70,121.21,120.59,121.13,28446.699
2025-08-10T06:45:00+00:00,121.12,121.26,120.92,120.92,27804.788
2025-08-10T07:00:00+00:00,120.92,121.19,120.78,120.84,23907.231
2025-08-10T07:15:00+00:00,120.83,120.87,120.43,120.49,29408.986
2025-08-10T07:30:00+00:00,120.50,120.65,118.44,118.50,202726.818
2025-08-10T07:45:00+00:00,118.50,119.43,118.22,119.17,95798.242
2025-08-10T08:00:00+00:00,119.16,119.28,118.23,119.20,86640.061
2025-08-10T08:15:00+00:00,119.20,119.71,119.08,119.68,44747.055
2025-08-10T08:30:00+00:00,119.69,120.01,119.61,119.89,32789.386
2025-08-10T08:45:00+00:00,119.89,120.53,119.82,120.52,39432.486
2025-08-10T09:00:00+00:00,120.53,120.63,120.08,120.14,35438.612
2025-08-10T09:15:00+00:00,120.13,120.70,120.09,120.58,25469.127
2025-08-10T09:30:00+00:00,120.58,120.83,120.49,120.61,30097.369
2025-08-10T09:45:00+00:00,120.60,121.01,120.50,120.62,32690.190
2025-08-10T10:00:00+00:00,120.61,120.91,120.41,120.42,28659.039
2025-08-10T10:15:00+00:00,120.41,120.42,120.00,120.03,26262.739
2025-08-10T10:30:00+00:00,120.04,120.71,119.67,120.68,39258.173
2025-08-10T10:45:00+00:00,120.67,121.09,120.46,121.06,32816.803
2025-08-10T11:00:00+00:00,121.05,121.88,120.92,121.87,54685.446
2025-08-10T11:15:00+00:00,121.86,122.18,121.62,122.06,72823.175
2025-08-10T11:30:00+00:00,122.07,122.48,121.58,122.37,49172.979
2025-08-10T11:45:00+00:00,122.37,122.39,121.89,122.01,25614.592
2025-08-10T12:00:00+00:00,122.01,122.09,121.19,121.41,61571.064
2025-08-10T12:15:00+00:00,121.40,121.69,121.15,121.29,29617.814
2025-08-10T12:30:00+00:00,121.29,121.96,121.29,121.64,19037.905
2025-08-10T12:45:00+00:00,121.63,121.86,121.46,121.83,15562.401
2025-08-10T13:00:00+00:00,121.82,122.38,121.79,122.05,30943.611
2025-08-10T13:15:00+00:00,122.05,122.11,121.74,121.91,19612.775
2025-08-10T13:30:00+00:00,121.90,122.15,120.89,121.14,65616.123
2025-08-10T13:45:00+00:00,121.14,121.22,120.45,120.58,34239.743
2025-08-10T14:00:00+00:00,120.58,121.17,120.37,121.08,35373.805
2025-08-10T14:15:00+00:00,121.08,122.11,120.99,122.07,80690.617
2025-08-10T14:30:00+00:00,122.07,124.65,121.85,124.28,346411.051
2025-08-10T14:45:00+00:00,124.28,124.95,123.80,124.36,96478.509
2025-08-10T15:00:00+00:00,124.36,124.77,123.93,124.77,90119.431
2025-08-10T15:15:00+00:00,124.77,125.93,124.57,125.83,119137.055
2025-08-10T15:30:00+00:00,125.83,125.94,125.02,125.04,79589.344
2025-08-10T15:45:00+00:00,125.04,125.78,124.00,124.18,116100.564
2025-08-10T16:00:00+00:00,124.21,125.20,124.02,124.59,55492.579
2025-08-10T16:15:00+00:00,124.58,124.92,124.24,124.73,38164.947
2025-08-10T16:30:00+00:00,124.72,124.96,123.66,123.79,69863.867
2025-08-10T16:45:00+00:00,123.80,123.99,123.13,123.55,52718.472
2025-08-10T17:00:00+00:00,123.55,123.83,123.15,123.17,28645.240
2025-08-10T17:15:00+00:00,123.16,123.27,122.84,123.03,31048.774
2025-08-10T17:30:00+00:00,123.03,123.64,123.02,123.45,29401.604
2025-08-10T17:45:00+00:00,123.46,123.65,123.30,123.52,23725.341
2025-08-10T18:00:00+00:00,123.53,123.92,123.34,123.68,16587.752
2025-08-10T18:15:00+00:00,123.68,123.85,123.49,123.55,16589.424
2025-08-10T18:30:00+00:00,123.55,123.56,123.24,123.42,12365.156
2025-08-10T18:45:00+00:00,123.41,123.99,123.29,123.90,13817.107
2025-08-10T19:00:00+00:00,123.91,124.58,123.71,124.54,31983.745
2025-08-10T19:15:00+00:00,124.54,124.70,124.36,124.61,31698.779
2025-08-10T19:30:00+00:00,124.62,124.82,124.45,124.68,18912.931
2025-08-10T19:45:00+00:00,124.68,124.83,124.37,124.51,16269.700
2025-08-10T20:00:00+00:00,124.50,124.99,124.47,124.82,30315.345
2025-08-10T20:15:00+00:00,124.82,125.03,124.43,124.72,40442.826
2025-08-10T20:30:00+00:00,124.72,124.77,124.13,124.44,21617.350
2025-08-10T20:45:00+00:00,124.44,124.68,124.06,124.17,16339.251
2025-08-10T21:00:00+00:00,124.17,124.97,123.74,124.58,45794.752
2025-08-10T21:15:00+00:00,124.58,124.63,123.89,123.94,29848.485
2025-08-10T21:30:00+00:00,123.94,124.46,123.56,124.41,20888.487
2025-08-10T21:45:00+00:00,124.42,124.42,123.85,124.13,20206.814
2025-08-10T22:00:00+00:00,124.14,124.24,123.47,123.84,28257.488
2025-08-10T22:15:00+00:00,123.84,124.04,123.51,123.51,22977.274
2025-08-10T22:30:00+00:00,123.51,123.78,123.50,123.65,13906.766
2025-08-10T22:45:00+00:00,123.65,124.04,123.30,124.04,20750.121
2025-08-10T23:00:00+00:00,124.05,124.39,123.96,124.00,16462.109
2025-08-10T23:15:00+00:00,124.00,124.08,123.40,123.57,13171.138
2025-08-10T23:30:00+00:00,123.56,123.78,123.44,123.62,15476.575
2025-08-10T23:45:00+00:00,123.63,123.86,123.61,123.69,10225.666
2025-08-11T00:00:00+00:00,123.69,123.73,122.74,122.94,59524.856
2025-08-11T00:15:00+00:00,122.94,123.41,122.92,123.04,32478.182
2025-08-11T00:30:00+00:00,123.03,123.18,122.46,122.49,38146.940
2025-08-11T00:45:00+00:00,122.49,122.60,122.26,122.26,27576.171
2025-08-11T01:00:00+00:00,122.25,122.72,122.00,122.55,32510.853
2025-08-11T01:15:00+00:00,122.54,123.13,122.21,123.06,26097.403
2025-08-11T01:30:00+00:00,123.05,123.64,123.05,123.40,49652.258
2025-08-11T01:45:00+00:00,123.40,123.66,122.94,123.61,25079.469
2025-08-11T02:00:00+00:00,123.62,124.57,123.52,124.24,69395.950
2025-08-11T02:15:00+00:00,124.25,125.18,124.12,124.98,89160.714
2025-08-11T02:30:00+00:00,124.98,125.80,124.66,125.50,73616.379
2025-08-11T02:45:00+00:00,125.49,125.58,124.53,124.75,69725.219
2025-08-11T03:00:00+00:00,124.74,126.74,124.34,126.63,115653.646
2025-08-11T03:15:00+00:00,126.63,127.35,125.88,125.98,120003.493
2025-08-11T03:30:00+00:00,125.98,126.00,125.06,125.68,72156.964
2025-08-11T03:45:00+00:00,125.67,126.41,125.60,125.83,30163.117
2025-08-11T04:00:00+00:00,125.84,126.35,125.73,126.20,27110.156
2025-08-11T04:15:00+00:00,126.19,126.43,125.11,125.16,45120.258
2025-08-11T04:30:00+00:00,125.16,126.06,125.13,125.86,34057.325
2025-08-11T04:45:00+00:00,125.85,125.89,124.86,124.89,40873.444
2025-08-11T05:00:00+00:00,124.90,125.80,124.77,125.31,55261.368
2025-08-11T05:15:00+00:00,125.30,125.31,124.26,124.34,46307.208
2025-08-11T05:30:00+00:00,124.34,124.55,123.38,123.67,79950.160
2025-08-11T05:45:00+00:00,123.67,124.10,123.36,124.07,46396.883
2025-08-11T06:00:00+00:00,124.07,124.35,123.56,123.78,31934.197
2025-08-11T06:15:00+00:00,123.77,124.23,123.50,123.99,33477.794
2025-08-11T06:30:00+00:00,123.99,124.35,123.90,124.10,27028.078
2025-08-11T06:45:00+00:00,124.10,125.01,123.97,124.57,35921.864
2025-08-11T07:00:00+00:00,124.57,125.14,124.31,124.35,35510.673
2025-08-11T07:15:00+00:00,124.36,124.36,123.77,123.89,38836.383
2025-08-11T07:30:00+00:00,123.89,124.31,123.57,124.30,43047.758
2025-08-11T07:45:00+00:00,124.31,124.31,123.04,123.31,67863.169
2025-08-11T08:00:00+00:00,123.32,124.04,122.80,124.00,80475.602
2025-08-11T08:15:00+00:00,123.99,124.73,123.93,124.53,54319.164
2025-08-11T08:30:00+00:00,124.54,125.33,124.39,125.00,57547.002
2025-08-11T08:45:00+00:00,125.00,125.23,124.78,125.07,28175.468
2025-08-11T09:00:00+00:00,125.07,125.37,124.90,124.91,34746.848
2025-08-11T09:15:00+00:00,124.91,125.75,124.79,125.61,36369.177
2025-08-11T09:30:00+00:00,125.60,125.78,125.04,125.55,41870.031
2025-08-11T09:45:00+00:00,125.55,125.65,125.00,125.55,36088.244
2025-08-11T10:00:00+00:00,125.55,125.75,124.84,125.15,54874.905
2025-08-11T10:15:00+00:00,125.14,125.84,124.45,125.50,55865.902
2025-08-11T10:30:00+00:00,125.49,125.58,124.89,125.08,34403.070
2025-08-11T10:45:00+00:00,125.08,125.73,124.95,125.50,79039.672
2025-08-11T11:00:00+00:00,125.50,126.61,125.46,126.51,137378.680
2025-08-11T11:15:00+00:00,126.50,126.70,125.52,125.84,139437.309
2025-08-11T11:30:00+00:00,125.83,128.19,125.77,127.74,278598.200
2025-08-11T11:45:00+00:00,127.73,127.80,126.17,126.55,181093.229
2025-08-11T12:00:00+00:00,126.55,127.20,125.93,126.54,90855.608
2025-08-11T12:15:00+00:00,126.54,127.70,125.57,125.79,101646.614
2025-08-11T12:30:00+00:00,125.78,125.92,124.41,125.01,172943.289
2025-08-11T12:45:00+00:00,125.00,126.43,124.75,126.37,93955.594
2025-08-11T13:00:00+00:00,126.38,126.44,124.88,125.23,71348.092
2025-08-11T13:15:00+00:00,125.24,125.97,125.00,125.25,52804.648
2025-08-11T13:30:00+00:00,125.25,126.81,125.16,126.38,125295.794
2025-08-11T13:45:00+00:00,126.37,127.09,125.94,126.15,96273.445
2025-08-11T14:00:00+00:00,126.16,126.67,125.47,125.70,91056.815
2025-08-11T14:15:00+00:00,125.71,125.81,124.73,125.39,73129.194
2025-08-11T14:30:00+00:00,125.40,125.72,124.06,124.37,94557.830
2025-08-11T14:45:00+00:00,124.38,124.39,123.48,123.57,79824.276
2025-08-11T15:00:00+00:00,123.58,124.01,123.46,123.92,49805.514
2025-08-11T15:15:00+00:00,123.92,124.62,123.68,123.75,49953.210
2025-08-11T15:30:00+00:00,123.74,124.50,123.19,124.24,66348.296
2025-08-11T15:45:00+00:00,124.24,125.23,124.19,125.19,58435.259
2025-08-11T16:00:00+00:00,125.20,125.76,124.73,125.43,95378.581
2025-08-11T16:15:00+00:00,125.44,125.83,124.81,125.32,39131.832
2025-08-11T16:30:00+00:00,125.34,125.47,123.97,124.26,54126.803
2025-08-11T16:45:00+00:00,124.27,125.83,124.24,125.53,40671.051
2025-08-11T17:00:00+00:00,125.52,127.10,125.43,126.77,98802.173
2025-08-11T17:15:00+00:00,126.76,126.84,125.83,126.21,72044.889
2025-08-11T17:30:00+00:00,126.20,126.83,125.73,126.34,33495.534
2025-08-11T17:45:00+00:00,126.34,126.50,125.90,126.23,26429.318
2025-08-11T18:00:00+00:00,126.23,126.26,125.00,125.84,95167.757
2025-08-11T18:15:00+00:00,125.84,126.08,125.18,125.21,24661.224
2025-08-11T18:30:00+00:00,125.22,125.43,124.57,124.58,39455.358
2025-08-11T18:45:00+00:00,124.58,124.65,124.13,124.40,58998.475
2025-08-11T19:00:00+00:00,124.40,124.76,123.43,123.64,49345.122
2025-08-11T19:15:00+00:00,123.64,123.97,123.22,123.72,37775.577
2025-08-11T19:30:00+00:00,123.71,123.83,121.33,121.77,164024.948
2025-08-11T19:45:00+00:00,121.77,121.92,120.74,121.45,128345.762
2025-08-11T20:00:00+00:00,121.45,121.59,120.85,120.91,68971.877
2025-08-11T20:15:00+00:00,120.91,121.48,120.64,121.32,37844.718
2025-08-11T20:30:00+00:00,121.31,121.68,120.97,121.01,32413.468
2025-08-11T20:45:00+00:00,121.01,121.60,120.92,121.01,31221.870
2025-08-11T21:00:00+00:00,121.00,121.60,120.88,121.41,26705.416
2025-08-11T21:15:00+00:00,121.42,121.42,120.42,120.59,45829.566
2025-08-11T21:30:00+00:00,120.58,120.63,119.64,120.35,95069.173
2025-08-11T21:45:00+00:00,120.34,120.72,119.82,120.52,42897.223
2025-08-11T22:00:00+00:00,120.52,120.56,119.60,119.74,59110.923
2025-08-11T22:15:00+00:00,119.74,120.03,119.50,119.87,49995.419
2025-08-11T22:30:00+00:00,119.86,120.47,119.71,120.40,27815.928
2025-08-11T22:45:00+00:00,120.40,120.79,120.07,120.54,31727.918
2025-08-11T23:00:00+00:00,120.53,120.88,120.40,120.49,35171.293
2025-08-11T23:15:00+00:00,120.49,120.53,119.88,120.18,24840.739
2025-08-11T23:30:00+00:00,120.18,120.76,120.12,120.68,18590.598
2025-08-11T23:45:00+00:00,120.68,120.76,119.94,119.99,31119.697
2025-08-12T00:00:00+00:00,119.99,120.27,119.67,120.07,36262.526
2025-08-12T00:15:00+00:00,120.07,120.57,119.95,120.33,28094.729
2025-08-12T00:30:00+00:00,120.34,120.43,119.75,119.78,32556.314
2025-08-12T00:45:00+00:00,119.77,120.55,119.75,120.23,45892.904
2025-08-12T01:00:00+00:00,120.23,120.41,119.93,120.24,44833.886
2025-08-12T01:15:00+00:00,120.24,121.10,120.02,121.09,63340.320
2025-08-12T01:30:00+00:00,121.09,121.19,120.58,121.02,41610.205
2025-08-12T01:45:00+00:00,121.01,121.20,120.62,121.13,34004.421
2025-08-12T02:00:00+00:00,121.13,121.13,120.63,120.75,21679.213
2025-08-12T02:15:00+00:00,120.75,121.01,120.60,120.73,19074.633
2025-08-12T02:30:00+00:00,120.72,121.48,120.70,121.04,42722.955
2025-08-12T02:45:00+00:00,121.04,121.04,120.16,120.20,38322.008
2025-08-12T03:00:00+00:00,120.20,120.38,119.81,119.96,37940.831
2025-08-12T03:15:00+00:00,119.96,120.17,119.55,119.75,56971.730
2025-08-12T03:30:00+00:00,119.75,120.16,119.62,119.68,30447.278
2025-08-12T03:45:00+00:00,119.68,119.69,119.19,119.38,54457.755
2025-08-12T04:00:00+00:00,119.37,119.98,119.28,119.80,24119.014
2025-08-12T04:15:00+00:00,119.79,120.10,119.76,120.00,28665.201
2025-08-12T04:30:00+00:00,119.99,120.26,119.80,119.94,41892.008
2025-08-12T04:45:00+00:00,119.93,120.22,119.75,119.80,29067.009
2025-08-12T05:00:00+00:00,119.79,120.08,119.45,119.91,40409.617
2025-08-12T05:15:00+00:00,119.91,120.04,119.58,119.70,28294.496
2025-08-12T05:30:00+00:00,119.69,119.72,118.53,118.78,115354.980
2025-08-12T05:45:00+00:00,118.79,119.22,118.70,119.10,36463.107
2025-08-12T06:00:00+00:00,119.10,119.43,118.80,118.83,24872.781
2025-08-12T06:15:00+00:00,118.82,120.05,118.60,120.03,53127.752
2025-08-12T06:30:00+00:00,120.02,120.05,119.27,119.42,28495.632
2025-08-12T06:45:00+00:00,119.43,119.49,118.80,118.92,25154.809
2025-08-12T07:00:00+00:00,118.92,119.35,118.90,119.18,17167.490
2025-08-12T07:15:00+00:00,119.18,119.44,119.06,119.34,28220.151
2025-08-12T07:30:00+00:00,119.33,119.68,119.03,119.10,23626.700
2025-08-12T07:45:00+00:00,119.11,119.35,118.86,119.29,24446.266
2025-08-12T08:00:00+00:00,119.29,119.31,118.90,119.18,19697.622
2025-08-12T08:15:00+00:00,119.18,119.37,118.81,118.86,14767.331
2025-08-12T08:30:00+00:00,118.86,119.89,118.66,119.89,35698.291
2025-08-12T08:45:00+00:00,119.88,120.13,119.52,119.59,38466.966
2025-08-12T09:00:00+00:00,119.59,119.87,119.00,119.29,38299.189
2025-08-12T09:15:00+00:00,119.29,119.70,119.17,119.54,20163.076
2025-08-12T09:30:00+00:00,119.54,119.56,119.17,119.18,12249.318
2025-08-12T09:45:00+00:00,119.18,119.48,118.97,119.03,19186.705
2025-08-12T10:00:00+00:00,119.02,119.26,118.76,118.90,27656.530
2025-08-12T10:15:00+00:00,118.90,119.59,118.82,119.43,24642.358
2025-08-12T10:30:00+00:00,119.43,119.52,118.88,118.95,25442.364
2025-08-12T10:45:00+00:00,118.95,119.10,118.72,118.88,18195.546
2025-08-12T11:00:00+00:00,118.88,119.08,118.28,118.46,47484.950
2025-08-12T11:15:00+00:00,118.47,119.60,118.46,119.36,38796.682
2025-08-12T11:30:00+00:00,119.36,119.67,119.29,119.41,26087.302
2025-08-12T11:45:00+00:00,119.41,119.74,119.40,119.51,20192.231
2025-08-12T12:00:00+00:00,119.52,119.89,119.29,119.38,34765.414
2025-08-12T12:15:00+00:00,119.39,120.17,119.00,120.05,39206.132
2025-08-12T12:30:00+00:00,120.06,121.49,120.06,121.24,205086.114
2025-08-12T12:45:00+00:00,121.24,121.29,120.58,121.24,93762.309
2025-08-12T13:00:00+00:00,121.25,121.29,120.28,121.03,69535.466
2025-08-12T13:15:00+00:00,121.02,122.45,120.78,122.25,86168.852
2025-08-12T13:30:00+00:00,122.24,122.45,121.33,121.48,75137.891
2025-08-12T13:45:00+00:00,121.47,121.56,120.70,120.95,84673.655
2025-08-12T14:00:00+00:00,120.96,121.37,120.67,121.23,37144.786
2025-08-12T14:15:00+00:00,121.23,121.38,120.87,121.26,33446.837
2025-08-12T14:30:00+00:00,121.26,121.91,121.14,121.89,35896.653
2025-08-12T14:45:00+00:00,121.88,122.68,121.56,122.43,81924.305
2025-08-12T15:00:00+00:00,122.42,122.74,122.21,122.41,50422.846
2025-08-12T15:15:00+00:00,122.41,123.46,122.39,123.40,89225.895
2025-08-12T15:30:00+00:00,123.40,123.95,123.20,123.85,89194.957
2025-08-12T15:45:00+00:00,123.84,124.85,123.73,124.38,107696.324
2025-08-12T16:00:00+00:00,124.39,124.49,123.73,124.34,79599.625
2025-08-12T16:15:00+00:00,124.34,124.97,124.18,124.50,65405.587
2025-08-12T16:30:00+00:00,124.51,124.76,124.31,124.69,34488.806
2025-08-12T16:45:00+00:00,124.69,125.08,124.36,125.04,43933.348
2025-08-12T17:00:00+00:00,125.03,125.25,124.80,124.81,40895.890
2025-08-12T17:15:00+00:00,124.81,125.46,124.81,125.08,44465.808
2025-08-12T17:30:00+00:00,125.08,125.25,124.59,124.96,43855.499
2025-08-12T17:45:00+00:00,124.97,125.42,124.82,125.15,58904.062
2025-08-12T18:00:00+00:00,125.15,125.30,124.75,125.23,45565.874
2025-08-12T18:15:00+00:00,125.23,125.84,125.18,125.78,75063.923
2025-08-12T18:30:00+00:00,125.78,126.37,125.47,126.35,77704.115
2025-08-12T18:45:00+00:00,126.35,126.77,126.10,126.57,85434.897
2025-08-12T19:00:00+00:00,126.57,127.23,126.36,127.22,104283.449
2025-08-12T19:15:00+00:00,127.22,128.17,127.21,128.06,138684.556
2025-08-12T19:30:00+00:00,128.06,128.61,127.80,128.13,115998.303
2025-08-12T19:45:00+00:00,128.12,128.91,127.98,128.85,73155.784
2025-08-12T20:00:00+00:00,128.86,129.98,128.66,129.88,149654.064
2025-08-12T20:15:00+00:00,129.88,131.06,129.28,129.52,202297.577
2025-08-12T20:30:00+00:00,129.51,129.96,128.93,129.02,96409.744
2025-08-12T20:45:00+00:00,129.02,130.05,128.38,129.80,77455.398
2025-08-12T21:00:00+00:00,129.80,130.16,129.08,130.06,226766.031
2025-08-12T21:15:00+00:00,130.06,131.72,129.97,130.91,137162.291
2025-08-12T21:30:00+00:00,130.91,130.97,130.00,130.22,60159.641
2025-08-12T21:45:00+00:00,130.22,130.59,129.80,129.96,36925.049
2025-08-12T22:00:00+00:00,129.95,131.08,129.77,131.03,79852.196
2025-08-12T22:15:00+00:00,131.03,131.21,130.29,130.89,73661.040
2025-08-12T22:30:00+00:00,130.88,131.83,130.59,131.83,55493.192
2025-08-12T22:45:00+00:00,131.81,131.98,130.84,130.88,100277.938
2025-08-12T23:00:00+00:00,130.88,131.35,130.47,130.59,68659.898
2025-08-12T23:15:00+00:00,130.59,130.84,130.13,130.70,56421.337
2025-08-12T23:30:00+00:00,130.70,131.29,130.47,130.98,34952.999
2025-08-12T23:45:00+00:00,130.98,131.10,130.33,130.46,49420.879
2025-08-13T00:00:00+00:00,130.46,131.25,130.43,131.24,40944.969
2025-08-13T00:15:00+00:00,131.24,131.54,130.28,130.31,50482.431
2025-08-13T00:30:00+00:00,130.31,131.44,130.28,131.09,47501.932
2025-08-13T00:45:00+00:00,131.09,131.38,130.65,130.90,44779.289
2025-08-13T01:00:00+00:00,130.91,130.99,130.40,130.54,50849.484
2025-08-13T01:15:00+00:00,130.55,130.94,129.55,129.84,101896.271
2025-08-13T01:30:00+00:00,129.84,130.07,128.74,128.85,93611.511
2025-08-13T01:45:00+00:00,128.86,129.17,128.77,128.79,47151.868
2025-08-13T02:00:00+00:00,128.80,129.16,128.60,129.10,29595.453
2025-08-13T02:15:00+00:00,129.10,129.96,129.10,129.71,35747.546
2025-08-13T02:30:00+00:00,129.71,130.11,129.09,129.82,34852.509
2025-08-13T02:45:00+00:00,129.82,131.38,129.82,131.08,113039.570
2025-08-13T03:00:00+00:00,131.09,131.48,130.36,130.65,54888.626
2025-08-13T03:15:00+00:00,130.66,131.34,130.64,130.68,33814.665
2025-08-13T03:30:00+00:00,130.69,131.14,130.40,131.05,37752.057
2025-08-13T03:45:00+00:00,131.05,131.36,130.77,131.28,29231.206
2025-08-13T04:00:00+00:00,131.29,132.60,131.17,132.43,86488.211
2025-08-13T04:15:00+00:00,132.44,132.78,132.16,132.51,52965.221
2025-08-13T04:30:00+00:00,132.52,133.55,132.44,132.81,100124.857
2025-08-13T04:45:00+00:00,132.81,133.68,132.66,133.61,52887.065
2025-08-13T05:00:00+00:00,133.61,133.64,132.82,132.99,58918.062
2025-08-13T05:15:00+00:00,133.00,134.19,132.97,133.76,70692.087
2025-08-13T05:30:00+00:00,133.75,133.79,131.88,132.07,113148.208
2025-08-13T05:45:00+00:00,132.07,132.14,131.19,131.38,96512.020
2025-08-13T06:00:00+00:00,131.39,131.61,130.65,130.98,74952.830
2025-08-13T06:15:00+00:00,130.98,131.26,130.53,130.63,66680.465
2025-08-13T06:30:00+00:00,130.62,131.06,130.52,130.70,42954.745
2025-08-13T06:45:00+00:00,130.70,131.33,130.63,130.72,33933.063
2025-08-13T07:00:00+00:00,130.72,131.04,130.60,130.68,40890.219
2025-08-13T07:15:00+00:00,130.69,131.00,130.65,131.00,20416.108
2025-08-13T07:30:00+00:00,131.00,131.38,130.76,131.16,22964.700
2025-08-13T07:45:00+00:00,131.15,131.70,130.81,131.68,42142.701
2025-08-13T08:00:00+00:00,131.66,132.21,131.47,132.06,62989.122
2025-08-13T08:15:00+00:00,132.05,132.51,131.97,132.43,51565.878
2025-08-13T08:30:00+00:00,132.43,132.95,132.33,132.80,42692.655
2025-08-13T08:45:00+00:00,132.79,132.85,131.06,131.34,81431.293
2025-08-13T09:00:00+00:00,131.34,131.66,131.25,131.54,35060.158
2025-08-13T09:15:00+00:00,131.54,132.56,131.28,132.55,82644.999
2025-08-13T09:30:00+00:00,132.55,132.58,131.69,131.70,43822.740
2025-08-13T09:45:00+00:00,131.71,132.58,131.52,132.55,54092.798
2025-08-13T10:00:00+00:00,132.54,133.87,132.48,133.78,131773.890
2025-08-13T10:15:00+00:00,133.79,134.15,132.90,132.97,78686.031
2025-08-13T10:30:00+00:00,132.97,133.33,132.63,133.20,40073.671
2025-08-13T10:45:00+00:00,133.20,133.28,132.55,132.66,46319.594
2025-08-13T11:00:00+00:00,132.65,133.21,132.55,132.71,28666.536
2025-08-13T11:15:00+00:00,132.71,132.76,132.08,132.65,39529.901
2025-08-13T11:30:00+00:00,132.65,132.78,132.08,132.30,33869.699
2025-08-13T11:45:00+00:00,132.29,132.29,131.67,131.99,35865.191
2025-08-13T12:00:00+00:00,131.99,132.04,131.13,131.37,55700.397
2025-08-13T12:15:00+00:00,131.36,131.53,131.16,131.30,30874.052
2025-08-13T12:30:00+00:00,131.29,131.90,131.01,131.79,39899.227
2025-08-13T12:45:00+00:00,131.80,131.86,130.69,131.10,74323.681
2025-08-13T13:00:00+00:00,131.10,131.64,131.06,131.50,28379.145
2025-08-13T13:15:00+00:00,131.51,132.24,131.42,132.15,51343.740
2025-08-13T13:30:00+00:00,132.14,132.41,130.74,131.54,87480.749
2025-08-13T13:45:00+00:00,131.54,132.45,131.17,131.99,68885.717
2025-08-13T14:00:00+00:00,131.98,132.29,131.45,131.66,46988.517
2025-08-13T14:15:00+00:00,131.65,132.09,130.22,131.80,109270.024
2025-08-13T14:30:00+00:00,131.79,131.94,131.05,131.55,36246.592
2025-08-13T14:45:00+00:00,131.54,131.68,130.28,130.42,74377.466
2025-08-13T15:00:00+00:00,130.42,130.77,129.60,130.23,129365.167
2025-08-13T15:15:00+00:00,130.22,130.83,129.36,130.35,64670.880
2025-08-13T15:30:00+00:00,130.35,130.77,129.94,130.68,37363.428
2025-08-13T15:45:00+00:00,130.68,130.74,129.83,130.07,26420.404
2025-08-13T16:00:00+00:00,130.07,130.52,129.86,130.47,29382.099
2025-08-13T16:15:00+00:00,130.47,131.20,130.38,130.86,41841.640
2025-08-13T16:30:00+00:00,130.85,130.86,129.75,129.92,53133.513
2025-08-13T16:45:00+00:00,129.92,130.40,129.70,130.22,29688.574
2025-08-13T17:00:00+00:00,130.22,130.30,129.33,129.81,47717.177
2025-08-13T17:15:00+00:00,129.80,130.35,129.73,130.27,20758.450
2025-08-13T17:30:00+00:00,130.26,130.35,129.80,129.86,19003.032
2025-08-13T17:45:00+00:00,129.86,129.97,129.64,129.73,18179.645
2025-08-13T18:00:00+00:00,129.73,130.29,129.69,130.28,22582.936
2025-08-13T18:15:00+00:00,130.28,130.28,129.55,129.66,23771.250
2025-08-13T18:30:00+00:00,129.65,129.91,128.88,129.32,46684.980
2025-08-13T18:45:00+00:00,129.32,129.47,128.89,129.10,33606.584
2025-08-13T19:00:00+00:00,129.10,129.55,128.99,129.10,19555.373
2025-08-13T19:15:00+00:00,129.09,129.97,129.09,129.91,21461.863
2025-08-13T19:30:00+00:00,129.91,130.14,129.76,129.99,28687.081
2025-08-13T19:45:00+00:00,129.98,130.34,129.92,130.25,24518.357
2025-08-13T20:00:00+00:00,130.25,130.28,129.70,129.94,32748.047
2025-08-13T20:15:00+00:00,129.93,130.10,129.49,129.75,24664.265
2025-08-13T20:30:00+00:00,129.74,130.25,129.72,129.97,13384.786
2025-08-13T20:45:00+00:00,129.97,130.02,129.37,129.49,18814.048
2025-08-13T21:00:00+00:00,129.48,130.15,129.36,130.14,23202.029
2025-08-13T21:15:00+00:00,130.14,130.23,129.79,130.00,12052.800
2025-08-13T21:30:00+00:00,130.00,130.20,129.41,129.41,15271.890
2025-08-13T21:45:00+00:00,129.41,129.55,128.97,129.38,28750.558
2025-08-13T22:00:00+00:00,129.38,130.00,129.18,129.96,22915.201
2025-08-13T22:15:00+00:00,129.96,130.12,129.70,130.05,15616.377
2025-08-13T22:30:00+00:00,130.05,131.03,129.99,130.71,60947.594
2025-08-13T22:45:00+00:00,130.71,131.27,130.47,130.66,59292.039
2025-08-13T23:00:00+00:00,130.66,131.08,130.52,130.98,32818.585
2025-08-13T23:15:00+00:00,130.99,131.02,130.63,130.78,22207.712
2025-08-13T23:30:00+00:00,130.78,131.02,130.69,130.71,19136.114
2025-08-13T23:45:00+00:00,130.71,131.05,130.58,130.89,19493.835
2025-08-14T00:00:00+00:00,130.89,131.58,130.77,131.58,39921.404
2025-08-14T00:15:00+00:00,131.57,131.68,131.17,131.52,45541.531
2025-08-14T00:30:00+00:00,131.52,132.38,131.33,131.66,86048.587
2025-08-14T00:45:00+00:00,131.67,132.22,131.40,131.63,48699.032
2025-08-14T01:00:00+00:00,131.63,131.80,130.55,131.12,55206.903
2025-08-14T01:15:00+00:00,131.13,131.93,130.91,131.73,24869.779
2025-08-14T01:30:00+00:00,131.74,132.57,131.60,132.38,51572.598
2025-08-14T01:45:00+00:00,132.38,132.60,131.92,132.13,41071.679
2025-08-14T02:00:00+00:00,132.13,132.58,131.93,132.42,24983.577
2025-08-14T02:15:00+00:00,132.41,133.19,132.29,133.01,49506.491
2025-08-14T02:30:00+00:00,133.01,133.30,132.02,132.47,69594.378
2025-08-14T02:45:00+00:00,132.46,133.20,132.22,133.09,43516.164
2025-08-14T03:00:00+00:00,133.09,133.36,132.34,132.67,42003.327
2025-08-14T03:15:00+00:00,132.67,133.08,132.64,132.75,47563.826
2025-08-14T03:30:00+00:00,132.75,133.04,132.53,132.85,24994.724
2025-08-14T03:45:00+00:00,132.85,133.29,132.70,133.10,30285.694
2025-08-14T04:00:00+00:00,133.10,133.57,132.56,132.63,54472.228
2025-08-14T04:15:00+00:00,132.63,133.90,132.61,133.47,44527.978
2025-08-14T04:30:00+00:00,133.48,133.78,133.05,133.37,26108.871
2025-08-14T04:45:00+00:00,133.37,133.47,132.55,132.67,31569.767
2025-08-14T05:00:00+00:00,132.66,133.43,132.57,132.93,36879.270
2025-08-14T05:15:00+00:00,132.92,133.23,132.72,133.08,25267.982
2025-08-14T05:30:00+00:00,133.07,133.38,132.27,132.63,61221.020
2025-08-14T05:45:00+00:00,132.62,132.83,131.18,131.26,178221.747
2025-08-14T06:00:00+00:00,131.25,131.30,129.99,130.04,158680.220
2025-08-14T06:15:00+00:00,130.04,130.25,129.43,130.23,89933.995
2025-08-14T06:30:00+00:00,130.23,131.10,130.16,130.97,71510.242
2025-08-14T06:45:00+00:00,130.98,131.98,130.90,131.31,42523.516
2025-08-14T07:00:00+00:00,131.30,131.48,129.76,130.13,55514.699
2025-08-14T07:15:00+00:00,130.13,130.55,129.94,130.34,29989.729
2025-08-14T07:30:00+00:00,130.33,130.56,129.88,130.10,27219.187
2025-08-14T07:45:00+00:00,130.11,130.11,129.30,129.58,41712.410
2025-08-14T08:00:00+00:00,129.58,129.60,128.36,128.61,108478.792
2025-08-14T08:15:00+00:00,128.62,128.94,128.41,128.58,59889.614
2025-08-14T08:30:00+00:00,128.58,128.95,127.82,127.93,67498.931
2025-08-14T08:45:00+00:00,127.93,128.31,127.91,128.06,38992.300
2025-08-14T09:00:00+00:00,128.06,128.66,127.78,128.64,55938.642
2025-08-14T09:15:00+00:00,128.63,128.87,128.17,128.37,57860.867
2025-08-14T09:30:00+00:00,128.36,128.41,127.60,127.97,60006.988
2025-08-14T09:45:00+00:00,127.97,129.16,127.97,128.98,47456.456
2025-08-14T10:00:00+00:00,128.99,129.11,128.38,128.63,47064.791
2025-08-14T10:15:00+00:00,128.63,128.92,128.10,128.32,25171.135
2025-08-14T10:30:00+00:00,128.32,128.61,126.85,127.54,104906.466
2025-08-14T10:45:00+00:00,127.53,128.26,127.52,127.81,69539.845
2025-08-14T11:00:00+00:00,127.80,128.07,127.32,128.03,33316.288
2025-08-14T11:15:00+00:00,128.02,128.24,127.54,127.79,29458.104
2025-08-14T11:30:00+00:00,127.80,128.12,127.52,127.93,22403.073
2025-08-14T11:45:00+00:00,127.92,128.12,127.40,127.69,22015.100
2025-08-14T12:00:00+00:00,127.69,128.10,127.62,127.90,26086.811
2025-08-14T12:15:00+00:00,127.91,128.23,127.33,127.92,53172.783
2025-08-14T12:30:00+00:00,127.93,127.93,120.46,124.74,651873.949
2025-08-14T12:45:00+00:00,124.75,124.78,122.19,122.67,219988.349
2025-08-14T13:00:00+00:00,122.66,123.71,120.22,123.69,236463.744
2025-08-14T13:15:00+00:00,123.69,123.71,122.09,122.65,88507.411
2025-08-14T13:30:00+00:00,122.65,123.24,122.06,122.83,79070.406
2025-08-14T13:45:00+00:00,122.80,123.81,122.64,123.00,98092.411
2025-08-14T14:00:00+00:00,123.01,123.15,122.24,122.44,44284.452
2025-08-14T14:15:00+00:00,122.43,123.75,122.43,123.66,67853.610
2025-08-14T14:30:00+00:00,123.66,124.24,123.33,123.38,118512.266
2025-08-14T14:45:00+00:00,123.39,123.97,123.36,123.91,40953.205
2025-08-14T15:00:00+00:00,123.91,124.03,123.45,123.55,36228.793
2025-08-14T15:15:00+00:00,123.54,123.63,122.56,122.86,49957.981
2025-08-14T15:30:00+00:00,122.88,123.05,122.36,122.74,30985.577
2025-08-14T15:45:00+00:00,122.73,123.15,122.46,122.71,27271.301
2025-08-14T16:00:00+00:00,122.71,122.74,121.27,121.28,68987.731
2025-08-14T16:15:00+00:00,121.27,121.99,120.67,120.92,91263.180
2025-08-14T16:30:00+00:00,120.89,121.44,120.54,121.18,51896.127
2025-08-14T16:45:00+00:00,121.17,121.23,120.53,120.94,47650.038
2025-08-14T17:00:00+00:00,120.94,121.23,120.12,120.79,53879.562
2025-08-14T17:15:00+00:00,120.80,121.46,120.20,121.32,53102.620
2025-08-14T17:30:00+00:00,121.31,121.45,120.50,120.57,26652.649
2025-08-14T17:45:00+00:00,120.58,121.05,120.46,120.94,30567.252
2025-08-14T18:00:00+00:00,120.94,121.08,120.48,120.61,25656.423
2025-08-14T18:15:00+00:00,120.61,121.05,119.40,120.75,109283.013
2025-08-14T18:30:00+00:00,120.75,121.41,120.69,121.33,33500.917
2025-08-14T18:45:00+00:00,121.32,121.57,121.16,121.29,23138.401
2025-08-14T19:00:00+00:00,121.29,121.77,121.29,121.53,17903.958
2025-08-14T19:15:00+00:00,121.54,121.68,121.39,121.60,13633.757
2025-08-14T19:30:00+00:00,121.60,121.91,121.30,121.43,37935.687
2025-08-14T19:45:00+00:00,121.44,121.88,121.43,121.65,41434.383
2025-08-14T20:00:00+00:00,121.65,121.65,120.83,121.15,29820.601
2025-08-14T20:15:00+00:00,121.15,121.83,121.11,121.60,14065.603
2025-08-14T20:30:00+00:00,121.60,121.98,121.51,121.58,31106.112
2025-08-14T20:45:00+00:00,121.58,121.67,121.19,121.58,19590.660
2025-08-14T21:00:00+00:00,121.57,121.98,121.04,121.66,19447.344
2025-08-14T21:15:00+00:00,121.65,121.67,120.17,120.25,39833.364
2025-08-14T21:30:00+00:00,120.26,120.67,119.42,120.04,65460.395
2025-08-14T21:45:00+00:00,120.04,121.04,119.77,120.76,30147.154
2025-08-14T22:00:00+00:00,120.75,120.75,120.09,120.41,21399.165
2025-08-14T22:15:00+00:00,120.40,121.09,120.39,121.02,18481.220
2025-08-14T22:30:00+00:00,121.01,121.47,120.96,121.22,15886.091
2025-08-14T22:45:00+00:00,121.22,121.54,121.11,121.37,15841.040
2025-08-14T23:00:00+00:00,121.37,121.82,121.35,121.77,25040.834
2025-08-14T23:15:00+00:00,121.77,121.80,121.53,121.66,15297.115
2025-08-14T23:30:00+00:00,121.66,121.68,121.06,121.16,25579.795
2025-08-14T23:45:00+00:00,121.15,121.42,120.95,121.22,17854.787
2025-08-15T00:00:00+00:00,121.22,121.86,121.04,121.86,23173.585
2025-08-15T00:15:00+00:00,121.86,121.94,121.02,121.08,19056.647
2025-08-15T00:30:00+00:00,121.08,121.64,120.65,121.62,38821.596
2025-08-15T00:45:00+00:00,121.61,121.97,121.31,121.38,22850.651
2025-08-15T01:00:00+00:00,121.38,121.44,121.06,121.13,14439.419
2025-08-15T01:15:00+00:00,121.13,121.99,120.89,121.75,19414.921
2025-08-15T01:30:00+00:00,121.74,122.10,121.57,121.80,26695.882
2025-08-15T01:45:00+00:00,121.80,122.07,121.70,121.95,26322.973
2025-08-15T02:00:00+00:00,121.94,122.30,121.75,121.96,37428.944
2025-08-15T02:15:00+00:00,121.96,122.13,121.86,122.13,29138.108
2025-08-15T02:30:00+00:00,122.12,122.16,121.73,121.76,16493.352
2025-08-15T02:45:00+00:00,121.76,122.04,121.73,121.89,20995.774
2025-08-15T03:00:00+00:00,121.90,122.24,121.52,122.09,19523.784
2025-08-15T03:15:00+00:00,122.09,122.31,121.91,122.31,15853.124
2025-08-15T03:30:00+00:00,122.30,122.90,122.21,122.47,45839.782
2025-08-15T03:45:00+00:00,122.47,122.71,122.39,122.67,18536.291
2025-08-15T04:00:00+00:00,122.67,122.87,122.27,122.72,28031.687
2025-08-15T04:15:00+00:00,122.72,122.81,122.37,122.45,21649.961
2025-08-15T04:30:00+00:00,122.44,122.59,122.21,122.21,20414.541
2025-08-15T04:45:00+00:00,122.21,122.21,121.69,121.73,33530.662
2025-08-15T05:00:00+00:00,121.74,122.00,121.45,121.50,23837.705
2025-08-15T05:15:00+00:00,121.49,121.83,121.49,121.79,13761.542
2025-08-15T05:30:00+00:00,121.78,121.81,121.42,121.51,10999.520
2025-08-15T05:45:00+00:00,121.51,122.23,121.51,122.20,16883.967
2025-08-15T06:00:00+00:00,122.19,122.80,122.12,122.21,45636.222
2025-08-15T06:15:00+00:00,122.22,122.90,122.02,122.90,35039.902
2025-08-15T06:30:00+00:00,122.90,123.21,122.71,122.89,38040.330
2025-08-15T06:45:00+00:00,122.89,122.91,122.30,122.31,19283.990
2025-08-15T07:00:00+00:00,122.30,122.30,121.60,121.67,31046.608
2025-08-15T07:15:00+00:00,121.67,121.87,121.44,121.70,24211.532
2025-08-15T07:30:00+00:00,121.69,121.75,121.24,121.27,21648.115
2025-08-15T07:45:00+00:00,121.26,121.50,120.87,121.40,36468.821
2025-08-15T08:00:00+00:00,121.40,121.69,121.02,121.03,26449.408
2025-08-15T08:15:00+00:00,121.02,121.55,120.91,121.40,22765.728
2025-08-15T08:30:00+00:00,121.39,121.78,121.27,121.69,27340.139
2025-08-15T08:45:00+00:00,121.68,121.68,121.04,121.13,14976.426
2025-08-15T09:00:00+00:00,121.12,121.44,121.11,121.29,14294.038
2025-08-15T09:15:00+00:00,121.29,121.31,120.50,120.61,39300.850
2025-08-15T09:30:00+00:00,120.61,121.24,120.61,120.91,33303.811
2025-08-15T09:45:00+00:00,120.90,121.02,120.47,120.96,23797.535
2025-08-15T10:00:00+00:00,120.96,121.29,120.74,120.89,29125.975
2025-08-15T10:15:00+00:00,120.89,121.39,120.88,121.02,29113.123
2025-08-15T10:30:00+00:00,121.02,121.15,120.71,121.10,16412.907
2025-08-15T10:45:00+00:00,121.10,121.16,120.63,120.78,10696.966
2025-08-15T11:00:00+00:00,120.77,120.96,120.47,120.65,18057.140
2025-08-15T11:15:00+00:00,120.64,120.67,120.19,120.32,23061.247
2025-08-15T11:30:00+00:00,120.31,121.12,120.23,120.83,28491.673
2025-08-15T11:45:00+00:00,120.83,121.46,120.83,121.00,62129.851
2025-08-15T12:00:00+00:00,121.01,121.36,120.76,121.22,31211.777
2025-08-15T12:15:00+00:00,121.22,121.37,120.26,120.40,64870.962
2025-08-15T12:30:00+00:00,120.41,121.75,120.00,121.07,120465.216
2025-08-15T12:45:00+00:00,121.08,121.71,120.80,120.88,40949.463
2025-08-15T13:00:00+00:00,120.87,121.03,120.16,120.32,36965.021
2025-08-15T13:15:00+00:00,120.32,120.91,120.20,120.69,23166.115
2025-08-15T13:30:00+00:00,120.68,120.96,119.62,119.65,98705.799
2025-08-15T13:45:00+00:00,119.65,119.89,119.06,119.25,85599.180
2025-08-15T14:00:00+00:00,119.26,120.04,118.70,119.55,78909.381
2025-08-15T14:15:00+00:00,119.55,120.05,119.01,119.22,41986.723
2025-08-15T14:30:00+00:00,119.21,119.46,118.84,119.02,47117.540
2025-08-15T14:45:00+00:00,119.02,119.25,118.40,118.67,87902.457
2025-08-15T15:00:00+00:00,118.67,118.81,118.04,118.46,77847.805
2025-08-15T15:15:00+00:00,118.45,118.91,117.16,117.45,143622.773
2025-08-15T15:30:00+00:00,117.46,117.97,116.68,116.84,106433.001
2025-08-15T15:45:00+00:00,116.84,117.71,116.46,117.55,105312.806
2025-08-15T16:00:00+00:00,117.54,117.58,116.70,117.16,85505.265
2025-08-15T16:15:00+00:00,117.14,117.47,116.51,117.21,73857.892
2025-08-15T16:30:00+00:00,117.21,118.04,117.12,117.75,53088.815
2025-08-15T16:45:00+00:00,117.74,118.23,117.72,117.96,42207.062
2025-08-15T17:00:00+00:00,117.95,118.08,117.48,117.56,23571.245
2025-08-15T17:15:00+00:00,117.56,118.90,117.13,118.63,67963.967
2025-08-15T17:30:00+00:00,118.64,119.07,118.17,119.02,63604.490
2025-08-15T17:45:00+00:00,119.01,119.03,118.45,118.59,23451.858
2025-08-15T18:00:00+00:00,118.58,118.77,118.25,118.45,19622.552
2025-08-15T18:15:00+00:00,118.46,118.63,118.05,118.15,22312.442
2025-08-15T18:30:00+00:00,118.14,118.46,117.86,117.92,14973.188
2025-08-15T18:45:00+00:00,117.92,117.97,117.03,117.45,57709.488
2025-08-15T19:00:00+00:00,117.45,118.06,117.27,118.00,22064.505
2025-08-15T19:15:00+00:00,117.99,118.27,117.51,117.61,13224.429
2025-08-15T19:30:00+00:00,117.61,117.76,117.37,117.52,10203.475
2025-08-15T19:45:00+00:00,117.53,117.70,117.36,117.47,20430.155
2025-08-15T20:00:00+00:00,117.46,117.99,117.16,117.91,23222.092
2025-08-15T20:15:00+00:00,117.90,118.36,117.74,118.26,26310.804
2025-08-15T20:30:00+00:00,118.26,118.52,118.13,118.16,14792.890
2025-08-15T20:45:00+00:00,118.15,118.51,118.02,118.47,25707.783
2025-08-15T21:00:00+00:00,118.47,118.74,118.08,118.08,24131.241
2025-08-15T21:15:00+00:00,118.08,118.64,117.82,118.33,14175.308
2025-08-15T21:30:00+00:00,118.33,118.41,118.08,118.33,8661.582
2025-08-15T21:45:00+00:00,118.34,118.51,118.18,118.48,14882.394
2025-08-15T22:00:00+00:00,118.49,118.62,118.26,118.46,13458.693
2025-08-15T22:15:00+00:00,118.46,119.00,118.40,118.84,12466.226
2025-08-15T22:30:00+00:00,118.84,119.11,118.76,119.01,17724.851
2025-08-15T22:45:00+00:00,119.00,119.71,119.00,119.68,26207.676
2025-08-15T23:00:00+00:00,119.68,119.80,118.96,119.00,26694.914
2025-08-15T23:15:00+00:00,119.00,119.06,118.54,118.92,17136.424
2025-08-15T23:30:00+00:00,118.93,118.94,118.50,118.53,10796.454
2025-08-15T23:45:00+00:00,118.53,119.13,118.47,119.06,14617.621
2025-08-16T00:00:00+00:00,119.06,120.47,118.90,120.37,85555.549
2025-08-16T00:15:00+00:00,120.36,120.36,119.71,119.99,38552.485
2025-08-16T00:30:00+00:00,119.99,120.64,119.95,120.45,24407.750
2025-08-16T00:45:00+00:00,120.45,120.77,120.40,120.62,24257.328
2025-08-16T01:00:00+00:00,120.63,120.65,119.98,120.29,22453.816
2025-08-16T01:15:00+00:00,120.29,120.30,119.71,119.93,23089.414
2025-08-16T01:30:00+00:00,119.92,120.21,119.87,120.09,11765.961
2025-08-16T01:45:00+00:00,120.09,120.23,120.00,120.06,8849.932
2025-08-16T02:00:00+00:00,120.05,120.20,119.83,120.17,8221.564
2025-08-16T02:15:00+00:00,120.17,120.17,119.83,119.97,7359.860
2025-08-16T02:30:00+00:00,119.97,120.09,119.74,119.78,12682.524
2025-08-16T02:45:00+00:00,119.78,119.96,119.64,119.80,11519.912
2025-08-16T03:00:00+00:00,119.79,120.27,119.67,120.19,10461.953
2025-08-16T03:15:00+00:00,120.18,120.23,119.95,119.96,5839.995
2025-08-16T03:30:00+00:00,119.96,120.08,119.80,119.82,7034.554
2025-08-16T03:45:00+00:00,119.82,120.05,119.67,119.79,7404.832
2025-08-16T04:00:00+00:00,119.79,120.03,119.58,119.69,9920.295
2025-08-16T04:15:00+00:00,119.68,120.14,119.63,120.08,6247.440
2025-08-16T04:30:00+00:00,120.08,120.21,119.94,120.16,9086.000
2025-08-16T04:45:00+00:00,120.16,120.32,120.14,120.22,9955.133
2025-08-16T05:00:00+00:00,120.21,120.22,119.89,119.90,12449.875
2025-08-16T05:15:00+00:00,119.89,119.92,119.31,119.37,17873.773
2025-08-16T05:30:00+00:00,119.36,119.41,118.79,118.88,30198.796
2025-08-16T05:45:00+00:00,118.88,119.03,118.70,118.83,24077.518
2025-08-16T06:00:00+00:00,118.82,118.94,118.72,118.82,19722.371
2025-08-16T06:15:00+00:00,118.82,119.13,118.80,118.81,18494.919
2025-08-16T06:30:00+00:00,118.80,118.87,118.32,118.59,31868.053
2025-08-16T06:45:00+00:00,118.58,118.77,118.06,118.08,47673.715
2025-08-16T07:00:00+00:00,118.08,118.22,117.94,118.14,34053.074
2025-08-16T07:15:00+00:00,118.13,118.56,118.08,118.56,13220.537
2025-08-16T07:30:00+00:00,118.56,118.87,118.40,118.68,34322.333
2025-08-16T07:45:00+00:00,118.67,118.91,118.59,118.72,15506.087
2025-08-16T08:00:00+00:00,118.72,118.83,118.33,118.51,26279.255
2025-08-16T08:15:00+00:00,118.51,118.74,118.36,118.53,8887.891
2025-08-16T08:30:00+00:00,118.54,118.82,118.50,118.77,7140.162
2025-08-16T08:45:00+00:00,118.77,118.85,118.29,118.33,12514.776
2025-08-16T09:00:00+00:00,118.33,118.59,118.23,118.44,13310.039
2025-08-16T09:15:00+00:00,118.43,118.67,118.22,118.53,8586.841
2025-08-16T09:30:00+00:00,118.52,118.88,118.52,118.85,10918.457
2025-08-16T09:45:00+00:00,118.84,119.03,118.19,118.23,31574.303
2025-08-16T10:00:00+00:00,118.23,118.82,118.06,118.47,34325.091
2025-08-16T10:15:00+00:00,118.46,118.69,118.28,118.46,19261.923
2025-08-16T10:30:00+00:00,118.45,118.45,117.92,118.03,17930.798
2025-08-16T10:45:00+00:00,118.03,118.19,117.84,118.07,10641.864
2025-08-16T11:00:00+00:00,118.07,118.54,118.04,118.54,16130.043
2025-08-16T11:15:00+00:00,118.53,118.67,117.63,117.70,71938.254
2025-08-16T11:30:00+00:00,117.71,117.93,117.33,117.38,54678.201
2025-08-16T11:45:00+00:00,117.38,117.58,117.09,117.23,40755.023
2025-08-16T12:00:00+00:00,117.24,117.53,117.13,117.42,22119.364
2025-08-16T12:15:00+00:00,117.42,117.69,117.24,117.65,17328.127
2025-08-16T12:30:00+00:00,117.65,118.24,117.65,118.09,27553.048
2025-08-16T12:45:00+00:00,118.09,118.39,118.03,118.36,12930.921
2025-08-16T13:00:00+00:00,118.35,118.54,118.30,118.53,27033.262
2025-08-16T13:15:00+00:00,118.54,118.83,118.41,118.75,33558.689
2025-08-16T13:30:00+00:00,118.74,118.83,118.00,118.01,19297.125
2025-08-16T13:45:00+00:00,118.00,118.01,117.62,117.90,25471.723
2025-08-16T14:00:00+00:00,117.91,118.39,117.80,118.21,19796.547
2025-08-16T14:15:00+00:00,118.20,118.82,118.14,118.70,31311.493
2025-08-16T14:30:00+00:00,118.69,118.77,118.47,118.73,14762.293
2025-08-16T14:45:00+00:00,118.73,118.98,118.73,118.77,18838.240
2025-08-16T15:00:00+00:00,118.75,118.95,118.25,118.60,17399.441
2025-08-16T15:15:00+00:00,118.61,119.23,118.52,119.04,25752.695
2025-08-16T15:30:00+00:00,119.04,119.31,118.82,119.04,19482.396
2025-08-16T15:45:00+00:00,119.04,119.09,118.73,118.82,15305.072
2025-08-16T16:00:00+00:00,118.82,119.05,118.68,118.98,16776.332
2025-08-16T16:15:00+00:00,118.99,119.25,118.78,119.18,48244.750
2025-08-16T16:30:00+00:00,119.18,119.22,118.75,118.96,13015.016
2025-08-16T16:45:00+00:00,118.95,119.04,118.78,118.92,8421.305
2025-08-16T17:00:00+00:00,118.91,119.17,118.76,118.95,15151.722
2025-08-16T17:15:00+00:00,118.95,119.12,118.84,119.07,11918.797
2025-08-16T17:30:00+00:00,119.07,119.24,118.96,119.12,10685.403
2025-08-16T17:45:00+00:00,119.12,119.42,119.02,119.29,8986.968
2025-08-16T18:00:00+00:00,119.28,119.54,119.12,119.53,10884.744
2025-08-16T18:15:00+00:00,119.52,119.77,119.42,119.59,14856.599
2025-08-16T18:30:00+00:00,119.59,120.00,119.50,119.94,22266.644
2025-08-16T18:45:00+00:00,119.93,120.49,119.79,120.38,46508.185
2025-08-16T19:00:00+00:00,120.38,120.50,119.99,120.06,39859.803
2025-08-16T19:15:00+00:00,120.07,120.09,119.68,119.92,19523.186
2025-08-16T19:30:00+00:00,119.92,120.14,119.86,120.01,13151.549
2025-08-16T19:45:00+00:00,120.01,120.21,119.87,119.87,17823.660
2025-08-16T20:00:00+00:00,119.87,120.09,119.76,119.90,17047.862
2025-08-16T20:15:00+00:00,119.90,120.24,119.85,119.93,11121.841
2025-08-16T20:30:00+00:00,119.94,120.09,119.84,120.04,7468.639
2025-08-16T20:45:00+00:00,120.04,120.15,119.88,120.10,6232.973
2025-08-16T21:00:00+00:00,120.10,120.10,119.51,119.55,17593.978
2025-08-16T21:15:00+00:00,119.55,119.67,119.55,119.60,6840.778
2025-08-16T21:30:00+00:00,119.61,119.62,119.39,119.55,8865.775
2025-08-16T21:45:00+00:00,119.55,119.97,119.53,119.75,16675.054
2025-08-16T22:00:00+00:00,119.75,120.14,119.57,120.02,24232.259
2025-08-16T22:15:00+00:00,120.02,120.27,119.95,120.22,7431.800
2025-08-16T22:30:00+00:00,120.21,120.50,120.20,120.45,8918.140
2025-08-16T22:45:00+00:00,120.44,120.67,120.42,120.55,10336.735
2025-08-16T23:00:00+00:00,120.55,120.75,120.50,120.61,9339.273
2025-08-16T23:15:00+00:00,120.62,120.64,120.27,120.33,19192.900
2025-08-16T23:30:00+00:00,120.32,120.59,120.21,120.55,8513.048
2025-08-16T23:45:00+00:00,120.55,121.01,120.54,120.97,17864.486
2025-08-17T00:00:00+00:00,120.98,120.98,120.22,120.26,17827.188
2025-08-17T00:15:00+00:00,120.26,120.28,120.00,120.01,16889.347
2025-08-17T00:30:00+00:00,120.01,120.26,119.85,120.06,13897.429
2025-08-17T00:45:00+00:00,120.06,120.26,119.92,120.16,9970.499
2025-08-17T01:00:00+00:00,120.16,120.17,119.68,119.96,18461.963
2025-08-17T01:15:00+00:00,119.96,120.07,119.77,119.87,7506.494
2025-08-17T01:30:00+00:00,119.86,120.38,119.79,119.94,16947.693
2025-08-17T01:45:00+00:00,119.94,120.09,119.77,120.01,7620.162
2025-08-17T02:00:00+00:00,120.01,120.30,119.84,119.86,11293.842
2025-08-17T02:15:00+00:00,119.86,120.50,119.71,120.49,13780.148
2025-08-17T02:30:00+00:00,120.49,120.72,120.24,120.69,12958.141
2025-08-17T02:45:00+00:00,120.68,120.69,120.43,120.58,14519.824
2025-08-17T03:00:00+00:00,120.57,120.61,120.35,120.42,11655.536
2025-08-17T03:15:00+00:00,120.42,120.52,120.17,120.29,12244.762
2025-08-17T03:30:00+00:00,120.29,120.81,120.22,120.74,9592.259
2025-08-17T03:45:00+00:00,120.74,120.75,120.55,120.56,12114.767
2025-08-17T04:00:00+00:00,120.56,121.22,120.56,120.86,18855.784
2025-08-17T04:15:00+00:00,120.86,121.31,120.77,121.15,19590.061
2025-08-17T04:30:00+00:00,121.15,121.40,121.15,121.36,16777.331
2025-08-17T04:45:00+00:00,121.35,121.75,121.26,121.69,26477.107
2025-08-17T05:00:00+00:00,121.68,121.88,121.48,121.68,17485.788
2025-08-17T05:15:00+00:00,121.68,121.71,121.21,121.33,18650.829
2025-08-17T05:30:00+00:00,121.34,121.56,121.11,121.50,17472.393
2025-08-17T05:45:00+00:00,121.49,121.66,121.41,121.59,14182.441
2025-08-17T06:00:00+00:00,121.58,121.81,121.54,121.81,16637.045
2025-08-17T06:15:00+00:00,121.81,121.97,121.76,121.86,17803.677
2025-08-17T06:30:00+00:00,121.87,121.87,121.34,121.47,17040.575
2025-08-17T06:45:00+00:00,121.46,121.46,121.25,121.28,10842.085
2025-08-17T07:00:00+00:00,121.28,122.09,121.16,122.02,17618.809
2025-08-17T07:15:00+00:00,122.02,122.28,121.90,121.98,18949.079
2025-08-17T07:30:00+00:00,121.98,123.11,121.86,123.08,41195.422
2025-08-17T07:45:00+00:00,123.09,123.14,122.77,122.90,29016.677
2025-08-17T08:00:00+00:00,122.90,122.96,122.14,122.23,26583.541
2025-08-17T08:15:00+00:00,122.22,122.33,121.82,121.89,31851.490
2025-08-17T08:30:00+00:00,121.89,122.13,121.83,121.88,19866.802
2025-08-17T08:45:00+00:00,121.88,122.40,121.86,122.21,49056.137
2025-08-17T09:00:00+00:00,122.21,122.29,121.92,122.09,27852.309
2025-08-17T09:15:00+00:00,122.09,122.09,121.80,122.02,16656.739
2025-08-17T09:30:00+00:00,122.02,122.10,121.60,121.89,20694.325
2025-08-17T09:45:00+00:00,121.89,122.24,121.78,122.16,15884.645
2025-08-17T10:00:00+00:00,122.16,122.39,121.64,121.73,34746.724
2025-08-17T10:15:00+00:00,121.74,121.97,121.66,121.66,13582.538
2025-08-17T10:30:00+00:00,121.65,121.89,121.55,121.82,14847.457
2025-08-17T10:45:00+00:00,121.82,121.98,121.69,121.94,11628.730
2025-08-17T11:00:00+00:00,121.94,122.00,121.70,121.82,9566.226
2025-08-17T11:15:00+00:00,121.82,122.08,121.65,121.92,19011.331
2025-08-17T11:30:00+00:00,121.92,122.10,121.82,122.06,11598.005
2025-08-17T11:45:00+00:00,122.06,122.46,121.94,122.36,27510.650
2025-08-17T12:00:00+00:00,122.35,122.36,122.02,122.03,12901.122
2025-08-17T12:15:00+00:00,122.04,122.45,121.94,122.27,13128.673
2025-08-17T12:30:00+00:00,122.26,122.39,122.02,122.08,12048.734
2025-08-17T12:45:00+00:00,122.07,122.09,121.71,121.81,19860.700
2025-08-17T13:00:00+00:00,121.81,121.93,121.59,121.72,20990.228
2025-08-17T13:15:00+00:00,121.72,121.98,121.69,121.86,25902.872
2025-08-17T13:30:00+00:00,121.86,122.08,121.65,121.92,23842.117
2025-08-17T13:45:00+00:00,121.92,122.06,121.79,121.82,19734.402
2025-08-17T14:00:00+00:00,121.82,121.85,121.22,121.39,44913.601
2025-08-17T14:15:00+00:00,121.38,121.40,120.67,121.08,57795.626
2025-08-17T14:30:00+00:00,121.07,121.49,120.97,121.46,26953.245
2025-08-17T14:45:00+00:00,121.46,121.70,121.37,121.61,29458.005
2025-08-17T15:00:00+00:00,121.61,121.99,121.49,121.85,23063.174
2025-08-17T15:15:00+00:00,121.85,121.94,121.47,121.93,16761.076
2025-08-17T15:30:00+00:00,121.93,122.31,121.70,122.15,27557.232
2025-08-17T15:45:00+00:00,122.14,122.29,121.82,122.29,29484.874
2025-08-17T16:00:00+00:00,122.29,122.97,122.00,122.36,68652.887
2025-08-17T16:15:00+00:00,122.35,122.40,121.61,121.70,69597.806
2025-08-17T16:30:00+00:00,121.69,121.69,120.87,121.32,71610.488
2025-08-17T16:45:00+00:00,121.31,121.38,120.87,121.03,25106.532
2025-08-17T17:00:00+00:00,121.02,121.37,120.93,121.12,16944.467
2025-08-17T17:15:00+00:00,121.12,121.65,120.91,121.60,23667.563
2025-08-17T17:30:00+00:00,121.60,121.77,121.42,121.60,17380.900
2025-08-17T17:45:00+00:00,121.60,121.95,121.47,121.79,12875.522
2025-08-17T18:00:00+00:00,121.79,122.05,121.76,121.92,14829.948
2025-08-17T18:15:00+00:00,121.93,122.20,121.47,121.63,24221.022
2025-08-17T18:30:00+00:00,121.63,121.73,121.50,121.58,8338.248
2025-08-17T18:45:00+00:00,121.58,121.61,120.38,121.39,87376.590
2025-08-17T19:00:00+00:00,121.40,121.68,121.18,121.27,23081.944
2025-08-17T19:15:00+00:00,121.27,121.42,121.10,121.19,14351.431
2025-08-17T19:30:00+00:00,121.19,121.30,120.54,120.66,39827.920
2025-08-17T19:45:00+00:00,120.66,120.88,120.45,120.64,17395.770
2025-08-17T20:00:00+00:00,120.64,121.14,120.58,121.09,20192.264
2025-08-17T20:15:00+00:00,121.09,121.19,120.96,121.07,8630.674
2025-08-17T20:30:00+00:00,121.07,121.29,121.04,121.26,8302.987
2025-08-17T20:45:00+00:00,121.26,121.26,120.79,120.82,8614.583
2025-08-17T21:00:00+00:00,120.82,120.93,120.72,120.85,13477.996
2025-08-17T21:15:00+00:00,120.85,120.93,120.61,120.71,8924.712
2025-08-17T21:30:00+00:00,120.71,120.81,120.52,120.81,6335.582
2025-08-17T21:45:00+00:00,120.81,120.95,120.51,120.56,5286.119
2025-08-17T22:00:00+00:00,120.55,121.17,120.50,120.88,19185.871
2025-08-17T22:15:00+00:00,120.88,121.25,120.78,121.22,11441.474
2025-08-17T22:30:00+00:00,121.22,121.58,121.16,121.56,14298.882
2025-08-17T22:45:00+00:00,121.55,121.67,121.44,121.57,14154.991
2025-08-17T23:00:00+00:00,121.57,121.65,121.18,121.30,13923.082
2025-08-17T23:15:00+00:00,121.29,121.31,121.02,121.07,10510.059
2025-08-17T23:30:00+00:00,121.07,121.11,120.79,121.05,11657.687
2025-08-17T23:45:00+00:00,121.04,121.04,120.58,120.67,11047.028
2025-08-18T00:00:00+00:00,120.67,120.89,120.47,120.55,25562.387
2025-08-18T00:15:00+00:00,120.54,120.54,120.03,120.09,41870.546
2025-08-18T00:30:00+00:00,120.09,120.46,119.55,120.30,51236.938
2025-08-18T00:45:00+00:00,120.30,120.61,120.23,120.35,17676.274
2025-08-18T01:00:00+00:00,120.35,120.52,119.91,119.98,16229.357
2025-08-18T01:15:00+00:00,119.99,120.31,119.22,119.24,48737.758
2025-08-18T01:30:00+00:00,119.23,119.76,118.78,119.02,97201.544
2025-08-18T01:45:00+00:00,119.01,119.20,118.67,118.89,46100.199
2025-08-18T02:00:00+00:00,118.89,119.03,117.72,118.16,124609.527
2025-08-18T02:15:00+00:00,118.16,118.29,117.01,117.06,96256.705
2025-08-18T02:30:00+00:00,117.06,117.50,116.36,117.17,99161.127
2025-08-18T02:45:00+00:00,117.16,117.24,115.81,115.90,99120.308
2025-08-18T03:00:00+00:00,115.89,116.42,115.67,115.98,50444.981
2025-08-18T03:15:00+00:00,115.97,116.28,115.57,115.61,45067.816
2025-08-18T03:30:00+00:00,115.60,116.00,115.25,115.99,48471.220
2025-08-18T03:45:00+00:00,116.00,116.70,115.76,116.48,56096.768
2025-08-18T04:00:00+00:00,116.47,116.47,115.86,116.10,38752.269
2025-08-18T04:15:00+00:00,116.09,116.24,115.45,116.03,29621.432
2025-08-18T04:30:00+00:00,116.03,116.67,115.90,116.40,29295.098
2025-08-18T04:45:00+00:00,116.40,116.94,116.40,116.85,30417.955
2025-08-18T05:00:00+00:00,116.85,117.26,116.83,117.18,28695.789
2025-08-18T05:15:00+00:00,117.18,117.21,116.63,116.73,18999.707
2025-08-18T05:30:00+00:00,116.73,116.80,116.18,116.52,32070.399
2025-08-18T05:45:00+00:00,116.51,117.19,115.96,117.13,42361.313
2025-08-18T06:00:00+00:00,117.14,117.19,116.49,116.52,35315.056
2025-08-18T06:15:00+00:00,116.52,116.71,115.86,116.02,53115.687
2025-08-18T06:30:00+00:00,116.01,116.34,115.44,115.66,42197.878
2025-08-18T06:45:00+00:00,115.65,116.04,115.30,115.97,33720.512
2025-08-18T07:00:00+00:00,115.96,116.38,115.73,115.82,26878.709
2025-08-18T07:15:00+00:00,115.81,116.03,115.42,115.80,27378.267
2025-08-18T07:30:00+00:00,115.81,116.28,115.48,115.98,25562.772
2025-08-18T07:45:00+00:00,115.99,116.31,115.89,116.03,13683.702
2025-08-18T08:00:00+00:00,116.03,116.36,115.85,115.85,22062.199
2025-08-18T08:15:00+00:00,115.84,116.18,115.78,116.08,13892.081
2025-08-18T08:30:00+00:00,116.08,116.21,115.78,115.84,15573.572
2025-08-18T08:45:00+00:00,115.82,115.88,115.57,115.59,13735.935
2025-08-18T09:00:00+00:00,115.58,115.60,115.33,115.48,33597.975
2025-08-18T09:15:00+00:00,115.47,115.68,115.21,115.52,35040.499
2025-08-18T09:30:00+00:00,115.51,116.65,115.22,116.43,49827.965
2025-08-18T09:45:00+00:00,116.42,116.87,116.33,116.71,36570.838
2025-08-18T10:00:00+00:00,116.71,116.86,116.27,116.44,21952.117
2025-08-18T10:15:00+00:00,116.44,116.70,116.30,116.31,26386.848
2025-08-18T10:30:00+00:00,116.30,116.96,116.29,116.96,30279.564
2025-08-18T10:45:00+00:00,116.96,116.99,116.34,116.46,21677.884
2025-08-18T11:00:00+00:00,116.46,116.65,116.35,116.46,8435.940
2025-08-18T11:15:00+00:00,116.45,116.60,116.35,116.52,7940.060
2025-08-18T11:30:00+00:00,116.52,116.71,116.36,116.58,19115.775
2025-08-18T11:45:00+00:00,116.58,116.61,116.14,116.32,15917.788
2025-08-18T12:00:00+00:00,116.31,116.93,116.18,116.74,24960.677
2025-08-18T12:15:00+00:00,116.74,117.07,116.72,116.79,18310.550
2025-08-18T12:30:00+00:00,116.79,117.25,116.68,117.16,30148.452
2025-08-18T12:45:00+00:00,117.16,117.56,116.93,117.51,37553.866
2025-08-18T13:00:00+00:00,117.51,117.68,117.41,117.53,38172.157
2025-08-18T13:15:00+00:00,117.53,117.98,117.41,117.83,37962.726
2025-08-18T13:30:00+00:00,117.83,118.43,117.46,117.70,72541.565
2025-08-18T13:45:00+00:00,117.71,117.96,117.03,117.06,57317.983
2025-08-18T14:00:00+00:00,117.06,118.00,117.06,117.96,42850.258
2025-08-18T14:15:00+00:00,117.95,118.36,117.56,118.12,30516.429
2025-08-18T14:30:00+00:00,118.13,118.26,117.35,117.44,23009.971
2025-08-18T14:45:00+00:00,117.44,118.07,116.86,118.04,25410.556
2025-08-18T15:00:00+00:00,118.05,118.28,117.51,117.52,24411.953
2025-08-18T15:15:00+00:00,117.52,117.84,117.32,117.65,32825.109
2025-08-18T15:30:00+00:00,117.64,118.33,117.24,117.70,25594.846
2025-08-18T15:45:00+00:00,117.69,118.04,117.62,118.01,20473.012
2025-08-18T16:00:00+00:00,118.00,118.38,117.75,117.77,40283.749
2025-08-18T16:15:00+00:00,117.77,117.87,117.02,117.13,25546.849
2025-08-18T16:30:00+00:00,117.13,117.27,116.58,116.88,51398.658
2025-08-18T16:45:00+00:00,116.87,117.26,116.66,117.04,32033.163
2025-08-18T17:00:00+00:00,117.04,117.56,117.03,117.54,16190.905
2025-08-18T17:15:00+00:00,117.54,118.19,117.54,117.98,37989.359
2025-08-18T17:30:00+00:00,117.98,118.41,117.98,118.12,39708.479
2025-08-18T17:45:00+00:00,118.11,118.38,117.72,117.81,48189.627
2025-08-18T18:00:00+00:00,117.81,117.87,117.45,117.48,26138.402
2025-08-18T18:15:00+00:00,117.48,117.99,117.34,117.91,13679.193
2025-08-18T18:30:00+00:00,117.91,118.26,117.91,118.10,16865.395
2025-08-18T18:45:00+00:00,118.11,118.30,118.04,118.29,11285.294
2025-08-18T19:00:00+00:00,118.29,118.49,118.06,118.32,25904.128
2025-08-18T19:15:00+00:00,118.31,118.76,118.21,118.56,18970.028
2025-08-18T19:30:00+00:00,118.55,118.61,118.13,118.17,15481.536
2025-08-18T19:45:00+00:00,118.16,118.18,117.73,117.81,33613.071
2025-08-18T20:00:00+00:00,117.81,118.05,117.59,117.93,24678.557
2025-08-18T20:15:00+00:00,117.93,118.05,117.70,117.83,6665.658
2025-08-18T20:30:00+00:00,117.82,117.87,117.07,117.30,27899.228
2025-08-18T20:45:00+00:00,117.30,117.77,117.29,117.57,8545.890
2025-08-18T21:00:00+00:00,117.56,118.03,117.45,118.02,13856.464
2025-08-18T21:15:00+00:00,118.01,118.17,117.79,118.08,11262.727
2025-08-18T21:30:00+00:00,118.07,118.13,117.68,117.70,7317.339
2025-08-18T21:45:00+00:00,117.69,118.29,117.66,118.15,10773.990
2025-08-18T22:00:00+00:00,118.16,118.86,118.12,118.84,31320.339
2025-08-18T22:15:00+00:00,118.84,119.06,118.66,119.00,21026.158
2025-08-18T22:30:00+00:00,119.00,119.00,118.62,118.65,15141.455
2025-08-18T22:45:00+00:00,118.65,118.70,118.19,118.22,12907.563
2025-08-18T23:00:00+00:00,118.22,118.33,118.08,118.10,10988.366
2025-08-18T23:15:00+00:00,118.09,118.13,117.79,117.89,13327.264
2025-08-18T23:30:00+00:00,117.88,117.92,117.28,117.39,18960.345
2025-08-18T23:45:00+00:00,117.39,117.69,117.26,117.69,12386.849
2025-08-19T00:00:00+00:00,117.69,117.97,117.65,117.92,12836.629
2025-08-19T00:15:00+00:00,117.91,118.05,117.25,117.37,27348.265
2025-08-19T00:30:00+00:00,117.37,117.82,116.73,117.67,45495.352
2025-08-19T00:45:00+00:00,117.67,118.82,117.65,118.77,37846.948
2025-08-19T01:00:00+00:00,118.76,119.00,118.40,118.42,23003.240
2025-08-19T01:15:00+00:00,118.41,118.66,117.83,117.83,13790.040
2025-08-19T01:30:00+00:00,117.83,117.83,117.20,117.32,26242.249
2025-08-19T01:45:00+00:00,117.31,117.37,116.74,116.90,23409.988
2025-08-19T02:00:00+00:00,116.89,116.94,116.44,116.84,36260.890
2025-08-19T02:15:00+00:00,116.83,117.03,116.40,116.80,16263.213
2025-08-19T02:30:00+00:00,116.79,117.04,116.50,116.58,15930.496
2025-08-19T02:45:00+00:00,116.58,116.95,116.21,116.25,22035.123
2025-08-19T03:00:00+00:00,116.25,116.44,115.78,116.44,50043.251
2025-08-19T03:15:00+00:00,116.43,116.63,116.10,116.48,31915.665
2025-08-19T03:30:00+00:00,116.48,116.51,115.25,115.65,66536.524
2025-08-19T03:45:00+00:00,115.66,115.72,115.02,115.43,56057.756
2025-08-19T04:00:00+00:00,115.42,115.51,114.61,115.07,119099.220
2025-08-19T04:15:00+00:00,115.08,115.62,114.91,115.29,24305.757
2025-08-19T04:30:00+00:00,115.28,116.12,115.24,116.09,36645.897
2025-08-19T04:45:00+00:00,116.07,117.14,115.85,116.99,47461.178
2025-08-19T05:00:00+00:00,116.99,117.35,116.08,116.32,72977.002
2025-08-19T05:15:00+00:00,116.31,116.78,116.23,116.68,22979.241
2025-08-19T05:30:00+00:00,116.68,116.94,116.34,116.71,24548.322
2025-08-19T05:45:00+00:00,116.72,117.07,116.48,116.62,33879.066
2025-08-19T06:00:00+00:00,116.62,116.75,116.41,116.51,17243.963
2025-08-19T06:15:00+00:00,116.51,116.53,116.11,116.18,15618.245
2025-08-19T06:30:00+00:00,116.17,116.36,115.95,115.98,17338.594
2025-08-19T06:45:00+00:00,115.98,116.03,115.60,115.64,33181.155
2025-08-19T07:00:00+00:00,115.65,115.71,114.92,115.11,46240.503
2025-08-19T07:15:00+00:00,115.12,115.15,114.16,114.33,77812.990
2025-08-19T07:30:00+00:00,114.34,114.53,113.36,114.08,121142.248
2025-08-19T07:45:00+00:00,114.07,114.97,114.00,114.97,46770.239
2025-08-19T08:00:00+00:00,114.97,115.23,114.22,114.79,44289.797
2025-08-19T08:15:00+00:00,114.80,115.08,114.62,114.62,47740.355
2025-08-19T08:30:00+00:00,114.62,114.66,114.25,114.46,35441.140
2025-08-19T08:45:00+00:00,114.45,115.21,114.37,115.04,38104.652
2025-08-19T09:00:00+00:00,115.03,115.71,114.70,115.38,39927.503
2025-08-19T09:15:00+00:00,115.38,115.52,115.13,115.31,24897.056
2025-08-19T09:30:00+00:00,115.31,115.77,115.26,115.40,31247.707
2025-08-19T09:45:00+00:00,115.40,115.70,115.37,115.65,14884.500
2025-08-19T10:00:00+00:00,115.65,116.03,115.43,115.65,27273.873
2025-08-19T10:15:00+00:00,115.66,116.03,115.59,116.00,18250.844
2025-08-19T10:30:00+00:00,115.99,116.28,115.81,115.88,31548.187
2025-08-19T10:45:00+00:00,115.89,115.91,115.61,115.71,12751.393
2025-08-19T11:00:00+00:00,115.71,115.91,115.65,115.89,12997.054
2025-08-19T11:15:00+00:00,115.88,116.30,115.78,116.11,23745.898
2025-08-19T11:30:00+00:00,116.11,116.18,115.68,115.69,16499.166
2025-08-19T11:45:00+00:00,115.69,116.21,115.62,116.13,14916.597
2025-08-19T12:00:00+00:00,116.14,116.19,115.86,116.01,12487.236
2025-08-19T12:15:00+00:00,116.01,116.06,115.73,115.84,12510.149
2025-08-19T12:30:00+00:00,115.83,115.95,115.50,115.92,14301.238
2025-08-19T12:45:00+00:00,115.92,115.96,115.52,115.89,16732.769
2025-08-19T13:00:00+00:00,115.88,115.92,115.67,115.68,14536.869
2025-08-19T13:15:00+00:00,115.69,116.49,115.61,116.35,30547.761
2025-08-19T13:30:00+00:00,116.36,116.69,115.03,115.14,79450.515
2025-08-19T13:45:00+00:00,115.16,116.03,115.01,115.79,49016.308
2025-08-19T14:00:00+00:00,115.79,116.17,115.28,115.35,35086.653
2025-08-19T14:15:00+00:00,115.36,115.40,113.87,113.89,94030.355
2025-08-19T14:30:00+00:00,113.90,114.30,113.14,113.63,127346.947
2025-08-19T14:45:00+00:00,113.63,114.14,113.47,113.77,50723.360
2025-08-19T15:00:00+00:00,113.77,114.04,113.28,113.78,47731.070
2025-08-19T15:15:00+00:00,113.77,115.04,113.73,114.89,43437.178
2025-08-19T15:30:00+00:00,114.88,115.01,114.46,114.61,31510.201
2025-08-19T15:45:00+00:00,114.61,114.62,113.87,114.10,30699.185
2025-08-19T16:00:00+00:00,114.10,114.19,113.85,114.05,24618.690
2025-08-19T16:15:00+00:00,114.05,114.48,113.82,113.83,27146.775
2025-08-19T16:30:00+00:00,113.82,114.12,113.37,113.82,50913.094
2025-08-19T16:45:00+00:00,113.81,113.99,113.34,113.84,48397.925
2025-08-19T17:00:00+00:00,113.85,113.95,112.79,113.67,78717.473
2025-08-19T17:15:00+00:00,113.67,114.08,113.49,113.93,25088.263
2025-08-19T17:30:00+00:00,113.92,114.18,113.84,113.89,18866.983
2025-08-19T17:45:00+00:00,113.89,114.06,113.59,114.02,13512.611
2025-08-19T18:00:00+00:00,114.02,114.13,113.77,113.89,10358.723
2025-08-19T18:15:00+00:00,113.89,114.07,113.50,113.53,13337.013
2025-08-19T18:30:00+00:00,113.53,113.98,113.03,113.17,15150.966
2025-08-19T18:45:00+00:00,113.17,113.28,112.45,112.87,58528.778
2025-08-19T19:00:00+00:00,112.86,112.92,112.18,112.51,112018.709
2025-08-19T19:15:00+00:00,112.50,113.77,112.35,113.69,64606.599
2025-08-19T19:30:00+00:00,113.68,113.95,113.54,113.67,72508.753
2025-08-19T19:45:00+00:00,113.67,113.74,112.94,113.03,21262.938
2025-08-19T20:00:00+00:00,113.03,113.28,112.69,112.83,21448.767
2025-08-19T20:15:00+00:00,112.84,113.63,112.76,113.43,18927.703
2025-08-19T20:30:00+00:00,113.43,114.02,113.43,113.99,37527.055
2025-08-19T20:45:00+00:00,114.00,114.47,114.00,114.47,18515.264
2025-08-19T21:00:00+00:00,114.47,114.76,114.37,114.65,25940.339
2025-08-19T21:15:00+00:00,114.64,114.83,114.31,114.69,20071.767
2025-08-19T21:30:00+00:00,114.69,115.47,114.56,115.20,35205.196
2025-08-19T21:45:00+00:00,115.21,115.21,114.46,114.71,27001.294
2025-08-19T22:00:00+00:00,114.71,114.77,114.09,114.09,30303.097
2025-08-19T22:15:00+00:00,114.09,114.23,113.81,113.99,14959.730
2025-08-19T22:30:00+00:00,113.97,114.23,113.92,114.16,13308.248
2025-08-19T22:45:00+00:00,114.16,114.17,113.81,113.94,5910.716
2025-08-19T23:00:00+00:00,113.94,114.02,113.58,113.73,11168.472
2025-08-19T23:15:00+00:00,113.72,113.76,112.92,112.99,76300.399
2025-08-19T23:30:00+00:00,112.99,113.34,112.34,112.79,47053.439
2025-08-19T23:45:00+00:00,112.78,112.79,112.28,112.59,27570.548
2025-08-20T00:00:00+00:00,112.60,113.67,112.57,113.48,57301.753
2025-08-20T00:15:00+00:00,113.48,113.96,113.05,113.42,26983.092
2025-08-20T00:30:00+00:00,113.42,113.99,113.28,113.83,16246.274
2025-08-20T00:45:00+00:00,113.83,114.01,113.57,113.58,24353.249
2025-08-20T01:00:00+00:00,113.57,113.92,113.22,113.33,13439.043
2025-08-20T01:15:00+00:00,113.33,113.76,113.08,113.08,19355.938
2025-08-20T01:30:00+00:00,113.10,113.17,112.37,112.62,40106.057
2025-08-20T01:45:00+00:00,112.63,113.91,112.60,113.76,35013.357
2025-08-20T02:00:00+00:00,113.76,114.24,113.56,114.19,32362.235
2025-08-20T02:15:00+00:00,114.20,114.43,114.09,114.33,20857.548
2025-08-20T02:30:00+00:00,114.34,114.36,113.87,113.95,21840.758
2025-08-20T02:45:00+00:00,113.95,113.96,113.56,113.72,20144.704
2025-08-20T03:00:00+00:00,113.73,114.00,113.51,113.53,11020.478
2025-08-20T03:15:00+00:00,113.54,114.08,113.37,114.05,17453.081
2025-08-20T03:30:00+00:00,114.06,114.32,113.49,113.62,42783.668
2025-08-20T03:45:00+00:00,113.62,113.75,113.46,113.60,9714.971
2025-08-20T04:00:00+00:00,113.61,114.14,113.58,114.09,13994.845
2025-08-20T04:15:00+00:00,114.08,114.28,114.03,114.24,15490.173
2025-08-20T04:30:00+00:00,114.25,114.52,114.01,114.12,27910.644
2025-08-20T04:45:00+00:00,114.12,114.28,113.94,114.07,8474.052
2025-08-20T05:00:00+00:00,114.07,114.13,113.65,113.71,14770.705
2025-08-20T05:15:00+00:00,113.72,113.81,113.57,113.71,9144.757
2025-08-20T05:30:00+00:00,113.71,114.07,113.66,114.02,8918.577
2025-08-20T05:45:00+00:00,114.03,114.25,113.92,114.17,10730.015
2025-08-20T06:00:00+00:00,114.17,114.23,113.67,113.72,10538.341
2025-08-20T06:15:00+00:00,113.72,113.99,113.56,113.91,9204.247
2025-08-20T06:30:00+00:00,113.90,114.33,113.80,114.21,8594.435
2025-08-20T06:45:00+00:00,114.22,114.22,113.98,114.04,8941.615
2025-08-20T07:00:00+00:00,114.04,114.35,113.95,114.28,16957.016
2025-08-20T07:15:00+00:00,114.27,114.44,114.18,114.40,13972.463
2025-08-20T07:30:00+00:00,114.41,114.60,113.99,113.99,27381.808
2025-08-20T07:45:00+00:00,113.99,114.20,113.80,113.86,14004.115
2025-08-20T08:00:00+00:00,113.87,114.31,113.76,114.21,12126.206
2025-08-20T08:15:00+00:00,114.21,114.79,114.21,114.68,33362.821
2025-08-20T08:30:00+00:00,114.68,115.31,114.64,115.16,59084.953
2025-08-20T08:45:00+00:00,115.15,115.32,115.02,115.23,29711.397
2025-08-20T09:00:00+00:00,115.24,115.40,114.93,115.36,40016.226
2025-08-20T09:15:00+00:00,115.36,115.39,114.87,114.93,37677.423
2025-08-20T09:30:00+00:00,114.93,115.25,114.85,114.86,24562.326
2025-08-20T09:45:00+00:00,114.86,115.13,114.46,114.53,32050.643
2025-08-20T10:00:00+00:00,114.52,114.64,114.31,114.42,22010.733
2025-08-20T10:15:00+00:00,114.42,114.88,114.42,114.79,21578.783
2025-08-20T10:30:00+00:00,114.79,115.11,114.74,115.03,18112.819
2025-08-20T10:45:00+00:00,115.03,115.19,115.01,115.11,13052.879
2025-08-20T11:00:00+00:00,115.11,115.20,114.73,114.81,27121.781
2025-08-20T11:15:00+00:00,114.82,114.83,114.44,114.48,16511.440
2025-08-20T11:30:00+00:00,114.48,114.50,113.37,113.55,55147.983
2025-08-20T11:45:00+00:00,113.55,114.69,113.38,114.69,40301.733
2025-08-20T12:00:00+00:00,114.69,115.47,114.68,114.86,67207.809
2025-08-20T12:15:00+00:00,114.85,114.93,114.27,114.48,22390.171
2025-08-20T12:30:00+00:00,114.48,115.00,114.42,114.88,18330.245
2025-08-20T12:45:00+00:00,114.88,115.07,114.71,114.99,33462.872
2025-08-20T13:00:00+00:00,115.00,115.00,114.14,114.16,21595.971
2025-08-20T13:15:00+00:00,114.16,114.59,114.03,114.56,18327.973
2025-08-20T13:30:00+00:00,114.55,114.86,113.66,113.71,76881.458
2025-08-20T13:45:00+00:00,113.71,113.79,112.75,113.04,93250.099
2025-08-20T14:00:00+00:00,113.04,113.56,112.27,112.59,109968.953
2025-08-20T14:15:00+00:00,112.59,113.36,112.00,113.23,145048.058
2025-08-20T14:30:00+00:00,113.23,114.39,113.19,114.21,90667.030
2025-08-20T14:45:00+00:00,114.21,114.86,113.96,114.01,45560.114
2025-08-20T15:00:00+00:00,114.01,115.57,113.86,115.30,66914.098
2025-08-20T15:15:00+00:00,115.29,115.92,115.22,115.80,55954.711
2025-08-20T15:30:00+00:00,115.81,115.98,115.47,115.63,42872.837
2025-08-20T15:45:00+00:00,115.63,115.76,114.76,114.89,78906.689
2025-08-20T16:00:00+00:00,114.89,115.84,114.89,115.83,50900.210
2025-08-20T16:15:00+00:00,115.83,116.53,115.82,116.49,59264.344
2025-08-20T16:30:00+00:00,116.49,116.50,115.74,115.85,45983.228
2025-08-20T16:45:00+00:00,115.86,116.03,115.52,115.60,20729.551
2025-08-20T17:00:00+00:00,115.60,116.26,115.56,115.83,22259.958
2025-08-20T17:15:00+00:00,115.83,116.00,115.46,115.48,15616.838
2025-08-20T17:30:00+00:00,115.48,116.38,115.45,116.37,42817.992
2025-08-20T17:45:00+00:00,116.38,116.58,116.01,116.22,37854.740
2025-08-20T18:00:00+00:00,116.23,116.34,115.04,115.08,38565.444
2025-08-20T18:15:00+00:00,115.07,115.08,114.53,114.60,64312.643
2025-08-20T18:30:00+00:00,114.60,115.34,114.36,115.22,50812.996
2025-08-20T18:45:00+00:00,115.23,115.56,115.09,115.29,17361.292
2025-08-20T19:00:00+00:00,115.30,116.02,115.24,115.92,15062.633
2025-08-20T19:15:00+00:00,115.91,116.56,115.85,116.50,23973.280
2025-08-20T19:30:00+00:00,116.49,116.66,116.38,116.54,22506.199
2025-08-20T19:45:00+00:00,116.54,117.03,116.48,116.98,27896.094
2025-08-20T20:00:00+00:00,116.98,117.05,116.67,116.85,19257.074
2025-08-20T20:15:00+00:00,116.84,116.88,116.62,116.85,10526.699
2025-08-20T20:30:00+00:00,116.85,117.00,116.56,116.81,17064.198
2025-08-20T20:45:00+00:00,116.81,117.05,116.67,116.70,14474.255
2025-08-20T21:00:00+00:00,116.70,116.81,116.58,116.72,16094.130
2025-08-20T21:15:00+00:00,116.71,116.80,116.13,116.18,25419.142
2025-08-20T21:30:00+00:00,116.18,116.77,116.04,116.71,15638.901
2025-08-20T21:45:00+00:00,116.70,116.87,116.49,116.58,14322.313
2025-08-20T22:00:00+00:00,116.58,116.87,116.11,116.25,31230.395
2025-08-20T22:15:00+00:00,116.25,116.51,116.08,116.51,10213.690
2025-08-20T22:30:00+00:00,116.51,116.58,116.29,116.52,13289.497
2025-08-20T22:45:00+00:00,116.52,116.72,116.49,116.60,6571.508
2025-08-20T23:00:00+00:00,116.59,116.59,116.21,116.23,9670.908
2025-08-20T23:15:00+00:00,116.23,116.29,116.06,116.07,8622.064
2025-08-20T23:30:00+00:00,116.06,116.29,115.96,116.28,13762.695
2025-08-20T23:45:00+00:00,116.28,116.28,115.87,116.01,10752.891
2025-08-21T00:00:00+00:00,116.01,116.01,115.69,115.70,15499.341
2025-08-21T00:15:00+00:00,115.70,115.79,115.50,115.65,15724.603
2025-08-21T00:30:00+00:00,115.65,116.30,115.65,116.28,27830.433
2025-08-21T00:45:00+00:00,116.29,116.45,116.01,116.31,15754.184
2025-08-21T01:00:00+00:00,116.31,116.41,116.19,116.22,17168.872
2025-08-21T01:15:00+00:00,116.23,116.32,115.83,116.19,15678.092
2025-08-21T01:30:00+00:00,116.19,116.57,116.18,116.48,12732.326
2025-08-21T01:45:00+00:00,116.47,116.95,116.32,116.91,19860.267
2025-08-21T02:00:00+00:00,116.91,117.14,116.07,116.08,37589.203
2025-08-21T02:15:00+00:00,116.08,116.10,115.55,115.90,38507.903
2025-08-21T02:30:00+00:00,115.89,115.92,115.47,115.63,15600.282
2025-08-21T02:45:00+00:00,115.62,116.19,115.58,116.16,10664.668
2025-08-21T03:00:00+00:00,116.15,117.27,116.13,116.93,26359.051
2025-08-21T03:15:00+00:00,116.93,116.96,116.38,116.45,22217.225
2025-08-21T03:30:00+00:00,116.44,116.48,116.21,116.37,13410.581
2025-08-21T03:45:00+00:00,116.37,116.41,115.97,116.00,12409.894
2025-08-21T04:00:00+00:00,115.99,116.28,115.92,115.97,18593.704
2025-08-21T04:15:00+00:00,115.97,116.09,115.77,115.96,10053.406
2025-08-21T04:30:00+00:00,115.95,116.32,115.89,116.20,36003.435
2025-08-21T04:45:00+00:00,116.19,116.39,115.93,115.98,14285.874
2025-08-21T05:00:00+00:00,115.98,116.06,115.55,115.81,20015.238
2025-08-21T05:15:00+00:00,115.81,115.96,115.49,115.77,26942.633
2025-08-21T05:30:00+00:00,115.76,116.06,115.76,116.06,7525.474
2025-08-21T05:45:00+00:00,116.05,116.30,115.96,116.30,10357.963
2025-08-21T06:00:00+00:00,116.31,116.32,115.55,115.73,14109.890
2025-08-21T06:15:00+00:00,115.73,115.78,115.51,115.61,19336.194
2025-08-21T06:30:00+00:00,115.63,115.99,115.63,115.84,8769.735
2025-08-21T06:45:00+00:00,115.86,115.87,115.54,115.74,5597.948
2025-08-21T07:00:00+00:00,115.74,116.03,115.53,115.59,8296.860
2025-08-21T07:15:00+00:00,115.59,115.68,115.04,115.33,29711.459
2025-08-21T07:30:00+00:00,115.32,115.98,115.17,115.78,24119.651
2025-08-21T07:45:00+00:00,115.78,116.09,115.76,116.04,11061.741
2025-08-21T08:00:00+00:00,116.05,116.30,115.97,116.08,18272.192
2025-08-21T08:15:00+00:00,116.08,116.09,115.48,115.59,15414.770
2025-08-21T08:30:00+00:00,115.60,115.68,115.41,115.60,11661.900
2025-08-21T08:45:00+00:00,115.60,115.77,115.19,115.21,16414.824
2025-08-21T09:00:00+00:00,115.20,115.22,114.91,114.97,29392.996
2025-08-21T09:15:00+00:00,114.96,115.21,114.77,115.15,18174.602
2025-08-21T09:30:00+00:00,115.15,115.58,115.11,115.53,11662.139
2025-08-21T09:45:00+00:00,115.53,115.58,115.22,115.25,15004.076
2025-08-21T10:00:00+00:00,115.24,115.34,114.96,115.15,10198.137
2025-08-21T10:15:00+00:00,115.15,115.38,115.02,115.35,6561.681
2025-08-21T10:30:00+00:00,115.35,115.36,115.00,115.21,9279.905
2025-08-21T10:45:00+00:00,115.21,115.34,115.00,115.08,6043.184
2025-08-21T11:00:00+00:00,115.09,115.28,115.00,115.00,9724.200
2025-08-21T11:15:00+00:00,115.01,115.04,114.82,115.02,7978.578
2025-08-21T11:30:00+00:00,115.02,115.23,114.55,114.77,25069.605
2025-08-21T11:45:00+00:00,114.76,114.77,114.47,114.66,20976.945
2025-08-21T12:00:00+00:00,114.65,114.80,114.48,114.60,11992.059
2025-08-21T12:15:00+00:00,114.59,114.83,114.23,114.60,22223.828
2025-08-21T12:30:00+00:00,114.60,115.19,114.59,114.96,30368.560
2025-08-21T12:45:00+00:00,114.96,114.97,114.36,114.54,29461.179
2025-08-21T13:00:00+00:00,114.53,114.64,114.20,114.54,28071.168
2025-08-21T13:15:00+00:00,114.53,115.14,114.43,115.13,18324.800
2025-08-21T13:30:00+00:00,115.13,115.64,114.58,115.49,46601.710
2025-08-21T13:45:00+00:00,115.48,115.51,114.64,114.65,43475.278
2025-08-21T14:00:00+00:00,114.65,115.65,114.45,115.55,39473.923
2025-08-21T14:15:00+00:00,115.55,116.09,115.42,116.06,36504.185
2025-08-21T14:30:00+00:00,116.06,116.10,114.51,114.99,45870.395
2025-08-21T14:45:00+00:00,114.99,115.30,114.65,115.09,21081.150
2025-08-21T15:00:00+00:00,115.10,115.31,114.29,114.30,40620.479
2025-08-21T15:15:00+00:00,114.30,115.02,114.00,114.72,35214.447
2025-08-21T15:30:00+00:00,114.72,114.93,114.37,114.67,21056.768
2025-08-21T15:45:00+00:00,114.66,114.68,113.92,114.09,35704.995
2025-08-21T16:00:00+00:00,114.09,114.61,113.76,114.56,29675.553
2025-08-21T16:15:00+00:00,114.57,114.79,114.01,114.11,24346.692
2025-08-21T16:30:00+00:00,114.09,114.35,113.62,113.90,31840.057
2025-08-21T16:45:00+00:00,113.90,113.97,113.56,113.66,26557.342
2025-08-21T17:00:00+00:00,113.66,113.78,113.40,113.61,28657.063
2025-08-21T17:15:00+00:00,113.60,113.98,113.57,113.82,11782.054
2025-08-21T17:30:00+00:00,113.83,114.54,113.80,114.47,24950.076
2025-08-21T17:45:00+00:00,114.48,114.72,114.45,114.71,15066.222
2025-08-21T18:00:00+00:00,114.71,114.84,114.58,114.69,11842.170
2025-08-21T18:15:00+00:00,114.69,115.22,114.65,115.01,19653.816
2025-08-21T18:30:00+00:00,115.01,115.05,114.67,114.69,10912.861
2025-08-21T18:45:00+00:00,114.69,115.19,114.33,115.08,21574.679
2025-08-21T19:00:00+00:00,115.07,115.39,114.99,115.00,12405.848
2025-08-21T19:15:00+00:00,114.99,115.23,114.69,114.73,12983.957
2025-08-21T19:30:00+00:00,114.74,114.77,114.41,114.44,12621.327
2025-08-21T19:45:00+00:00,114.45,114.64,114.27,114.59,24226.349
2025-08-21T20:00:00+00:00,114.59,114.92,114.59,114.82,10776.656
2025-08-21T20:15:00+00:00,114.82,115.14,114.78,115.03,15513.303
2025-08-21T20:30:00+00:00,115.04,115.12,114.33,114.78,16591.884
2025-08-21T20:45:00+00:00,114.77,115.45,114.74,115.02,23911.559
2025-08-21T21:00:00+00:00,115.03,115.39,114.38,115.24,23974.891
2025-08-21T21:15:00+00:00,115.23,115.39,114.85,115.33,11604.619
2025-08-21T21:30:00+00:00,115.33,115.59,115.18,115.30,16351.459
2025-08-21T21:45:00+00:00,115.30,115.39,115.20,115.20,3525.911
2025-08-21T22:00:00+00:00,115.21,115.31,115.01,115.23,10721.746
2025-08-21T22:15:00+00:00,115.22,115.31,115.06,115.17,6120.251
2025-08-21T22:30:00+00:00,115.17,115.20,114.78,114.81,5535.434
2025-08-21T22:45:00+00:00,114.81,115.20,114.76,115.16,5757.960
2025-08-21T23:00:00+00:00,115.16,115.16,114.75,114.80,9635.974
2025-08-21T23:15:00+00:00,114.79,114.91,114.52,114.90,10246.991
2025-08-21T23:30:00+00:00,114.91,114.91,114.20,114.25,12146.827
2025-08-21T23:45:00+00:00,114.25,114.70,114.25,114.69,9016.053
2025-08-22T00:00:00+00:00,114.69,115.27,114.67,114.94,16283.994
2025-08-22T00:15:00+00:00,114.94,115.28,114.80,115.11,12520.900
2025-08-22T00:30:00+00:00,115.12,115.38,115.12,115.25,9248.334
2025-08-22T00:45:00+00:00,115.25,115.26,114.55,114.75,11990.858
2025-08-22T01:00:00+00:00,114.74,114.99,114.17,114.48,19153.759
2025-08-22T01:15:00+00:00,114.47,115.13,114.47,114.91,13672.531
2025-08-22T01:30:00+00:00,114.91,115.26,114.73,115.23,9867.975
2025-08-22T01:45:00+00:00,115.23,115.29,115.14,115.17,10988.820
2025-08-22T02:00:00+00:00,115.17,115.49,115.01,115.49,19829.434
2025-08-22T02:15:00+00:00,115.48,116.24,115.36,116.18,45060.165
2025-08-22T02:30:00+00:00,116.18,116.21,115.80,115.86,33167.647
2025-08-22T02:45:00+00:00,115.86,116.36,115.74,116.10,28018.604
2025-08-22T03:00:00+00:00,116.10,116.48,115.99,116.15,17900.487
2025-08-22T03:15:00+00:00,116.15,116.20,115.82,115.88,14750.484
2025-08-22T03:30:00+00:00,115.88,115.94,115.40,115.44,20490.424
2025-08-22T03:45:00+00:00,115.45,115.60,115.30,115.50,13495.246
2025-08-22T04:00:00+00:00,115.51,115.99,115.51,115.83,10788.516
2025-08-22T04:15:00+00:00,115.84,116.19,115.76,115.84,15531.382
2025-08-22T04:30:00+00:00,115.84,116.43,115.64,116.11,23870.418
2025-08-22T04:45:00+00:00,116.11,116.16,115.69,115.96,11364.685
2025-08-22T05:00:00+00:00,115.96,116.25,115.69,116.21,15658.103
2025-08-22T05:15:00+00:00,116.21,116.29,115.90,116.06,7628.029
2025-08-22T05:30:00+00:00,116.06,116.36,115.84,115.99,10994.367
2025-08-22T05:45:00+00:00,115.98,116.19,115.93,116.02,18369.400
2025-08-22T06:00:00+00:00,116.02,116.46,115.64,116.43,19478.057
2025-08-22T06:15:00+00:00,116.42,116.46,116.10,116.26,15922.423
2025-08-22T06:30:00+00:00,116.26,116.32,115.53,115.70,19843.058
2025-08-22T06:45:00+00:00,115.70,115.93,115.53,115.75,10935.393
2025-08-22T07:00:00+00:00,115.76,116.62,115.68,116.45,26933.200
2025-08-22T07:15:00+00:00,116.46,116.67,116.30,116.52,15882.605
2025-08-22T07:30:00+00:00,116.51,116.51,116.16,116.32,8503.920
2025-08-22T07:45:00+00:00,116.31,116.55,116.17,116.26,10628.202
2025-08-22T08:00:00+00:00,116.26,116.67,116.23,116.65,11036.542
2025-08-22T08:15:00+00:00,116.65,116.79,116.34,116.62,29458.169
2025-08-22T08:30:00+00:00,116.62,116.69,116.27,116.38,18802.824
2025-08-22T08:45:00+00:00,116.38,116.38,116.01,116.19,16727.090
2025-08-22T09:00:00+00:00,116.19,116.30,115.93,116.01,12934.662
2025-08-22T09:15:00+00:00,116.00,116.21,115.81,115.96,11838.152
2025-08-22T09:30:00+00:00,115.94,116.13,115.63,116.03,13201.237
2025-08-22T09:45:00+00:00,116.02,116.29,115.98,116.17,8439.662
2025-08-22T10:00:00+00:00,116.17,116.18,115.57,115.57,19018.258
2025-08-22T10:15:00+00:00,115.57,115.62,115.36,115.48,20359.199
2025-08-22T10:30:00+00:00,115.48,115.51,115.01,115.16,23352.936
2025-08-22T10:45:00+00:00,115.17,115.23,114.95,115.05,17435.297
2025-08-22T11:00:00+00:00,115.06,115.16,114.51,114.60,31001.946
2025-08-22T11:15:00+00:00,114.61,114.76,114.46,114.62,15849.029
2025-08-22T11:30:00+00:00,114.61,114.78,114.35,114.42,17627.247
2025-08-22T11:45:00+00:00,114.43,114.76,114.20,114.29,20225.925
2025-08-22T12:00:00+00:00,114.29,114.37,113.13,113.49,85111.059
2025-08-22T12:15:00+00:00,113.48,113.67,113.14,113.24,39394.879
2025-08-22T12:30:00+00:00,113.23,113.43,112.44,113.36,94219.415
2025-08-22T12:45:00+00:00,113.35,114.38,113.27,113.70,82031.751
2025-08-22T13:00:00+00:00,113.70,114.12,113.57,113.67,31098.765
2025-08-22T13:15:00+00:00,113.67,113.81,113.22,113.81,24840.135
2025-08-22T13:30:00+00:00,113.80,115.16,113.27,114.65,86104.380
2025-08-22T13:45:00+00:00,114.64,115.02,114.05,114.16,58507.578
2025-08-22T14:00:00+00:00,114.15,118.37,114.14,118.13,428715.626
2025-08-22T14:15:00+00:00,118.12,119.25,117.09,118.85,307028.838
2025-08-22T14:30:00+00:00,118.85,119.34,118.60,119.07,164555.520
2025-08-22T14:45:00+00:00,119.06,119.76,118.89,119.04,84347.038
2025-08-22T15:00:00+00:00,119.03,120.05,119.02,119.61,79283.016
2025-08-22T15:15:00+00:00,119.61,120.12,119.41,119.53,60440.151
2025-08-22T15:30:00+00:00,119.53,120.39,119.49,120.38,57525.908
2025-08-22T15:45:00+00:00,120.37,120.48,119.36,119.42,49045.108
2025-08-22T16:00:00+00:00,119.42,121.57,119.42,121.17,117962.314
2025-08-22T16:15:00+00:00,121.16,121.67,120.71,121.41,72579.516
2025-08-22T16:30:00+00:00,121.41,121.72,120.94,121.36,41749.397
2025-08-22T16:45:00+00:00,121.37,121.48,120.87,121.01,24880.470
2025-08-22T17:00:00+00:00,121.01,122.24,121.01,122.22,57913.755
2025-08-22T17:15:00+00:00,122.23,122.75,121.81,122.65,92401.940
2025-08-22T17:30:00+00:00,122.66,122.77,121.65,122.08,52458.242
2025-08-22T17:45:00+00:00,122.08,122.27,121.85,122.04,28550.853
2025-08-22T18:00:00+00:00,122.05,122.64,122.05,122.59,34430.652
2025-08-22T18:15:00+00:00,122.58,122.58,121.89,122.16,36430.643
2025-08-22T18:30:00+00:00,122.16,122.79,122.11,122.75,28861.500
2025-08-22T18:45:00+00:00,122.74,122.74,122.23,122.46,15344.351
2025-08-22T19:00:00+00:00,122.46,122.67,122.21,122.66,20826.791
2025-08-22T19:15:00+00:00,122.67,122.79,122.39,122.58,15327.772
2025-08-22T19:30:00+00:00,122.58,122.69,122.30,122.60,21330.653
2025-08-22T19:45:00+00:00,122.60,122.80,122.37,122.49,15452.657
2025-08-22T20:00:00+00:00,122.50,122.78,122.41,122.59,20205.242
2025-08-22T20:15:00+00:00,122.60,122.99,122.59,122.95,26561.826
2025-08-22T20:30:00+00:00,122.96,123.07,122.65,122.99,23171.867
2025-08-22T20:45:00+00:00,122.99,123.30,122.84,123.30,20175.638
2025-08-22T21:00:00+00:00,123.30,123.65,123.06,123.41,47176.106
2025-08-22T21:15:00+00:00,123.42,123.64,123.11,123.45,33092.682
2025-08-22T21:30:00+00:00,123.44,123.52,122.99,123.39,17483.999
2025-08-22T21:45:00+00:00,123.39,123.43,122.93,123.06,19017.576
2025-08-22T22:00:00+00:00,123.05,123.35,122.65,122.86,42085.391
2025-08-22T22:15:00+00:00,122.86,123.07,122.72,122.83,20040.403
2025-08-22T22:30:00+00:00,122.83,122.95,122.32,122.62,29871.087
2025-08-22T22:45:00+00:00,122.62,122.86,122.35,122.49,19248.202
2025-08-22T23:00:00+00:00,122.49,122.75,122.42,122.42,12702.085
2025-08-22T23:15:00+00:00,122.42,122.89,122.42,122.85,10166.826
2025-08-22T23:30:00+00:00,122.85,123.42,122.75,123.35,20113.630
2025-08-22T23:45:00+00:00,123.36,123.37,122.74,122.97,32360.266
2025-08-23T00:00:00+00:00,122.97,123.06,122.64,122.77,25662.608
2025-08-23T00:15:00+00:00,122.77,123.24,122.75,123.22,15398.529
2025-08-23T00:30:00+00:00,123.22,123.36,122.73,122.76,14964.407
2025-08-23T00:45:00+00:00,122.76,122.98,122.61,122.61,9208.074
2025-08-23T01:00:00+00:00,122.60,123.09,122.45,122.75,17384.077
2025-08-23T01:15:00+00:00,122.75,122.75,121.54,121.57,81306.918
2025-08-23T01:30:00+00:00,121.57,121.75,121.19,121.25,42331.697
2025-08-23T01:45:00+00:00,121.25,121.98,121.25,121.83,26330.450
2025-08-23T02:00:00+00:00,121.84,122.03,121.32,121.51,19739.859
2025-08-23T02:15:00+00:00,121.50,121.74,120.65,120.65,34518.921
2025-08-23T02:30:00+00:00,120.65,120.81,119.78,120.32,85472.239
2025-08-23T02:45:00+00:00,120.32,120.95,120.00,120.83,23201.198
2025-08-23T03:00:00+00:00,120.83,121.00,120.43,120.96,20900.742
2025-08-23T03:15:00+00:00,120.96,121.17,120.58,120.81,39350.943
2025-08-23T03:30:00+00:00,120.82,120.83,120.10,120.14,27142.000
2025-08-23T03:45:00+00:00,120.15,120.46,120.05,120.20,15520.692
2025-08-23T04:00:00+00:00,120.21,120.82,120.20,120.80,16693.889
2025-08-23T04:15:00+00:00,120.80,120.96,120.31,120.90,20214.215
2025-08-23T04:30:00+00:00,120.90,121.43,120.80,121.42,23176.842
2025-08-23T04:45:00+00:00,121.43,121.52,121.15,121.50,17475.168
2025-08-23T05:00:00+00:00,121.50,121.86,121.27,121.75,33545.201
2025-08-23T05:15:00+00:00,121.75,122.23,121.71,122.18,31596.986
2025-08-23T05:30:00+00:00,122.18,122.63,122.16,122.28,29163.543
2025-08-23T05:45:00+00:00,122.28,122.40,122.07,122.38,11518.538
2025-08-23T06:00:00+00:00,122.39,122.62,121.86,122.02,19383.185
2025-08-23T06:15:00+00:00,122.02,122.25,121.92,122.12,11753.672
2025-08-23T06:30:00+00:00,122.12,122.50,122.09,122.23,17001.308
2025-08-23T06:45:00+00:00,122.24,122.52,122.24,122.44,12625.173
2025-08-23T07:00:00+00:00,122.44,122.73,122.17,122.64,14529.718
2025-08-23T07:15:00+00:00,122.64,122.75,122.06,122.14,21065.440
2025-08-23T07:30:00+00:00,122.15,122.35,121.73,122.19,21351.853
2025-08-23T07:45:00+00:00,122.18,122.18,121.65,121.76,17137.528
2025-08-23T08:00:00+00:00,121.76,122.12,121.73,121.85,15291.306
2025-08-23T08:15:00+00:00,121.84,122.08,121.38,121.63,30076.326
2025-08-23T08:30:00+00:00,121.62,122.10,121.49,121.99,20648.859
2025-08-23T08:45:00+00:00,121.98,122.09,121.79,121.90,8892.004
2025-08-23T09:00:00+00:00,121.89,121.96,121.44,121.62,13272.031
2025-08-23T09:15:00+00:00,121.62,121.63,121.41,121.55,14377.497
2025-08-23T09:30:00+00:00,121.54,121.99,121.50,121.85,14625.607
2025-08-23T09:45:00+00:00,121.85,121.95,121.57,121.73,16090.128
2025-08-23T10:00:00+00:00,121.73,121.89,121.49,121.58,10478.126
2025-08-23T10:15:00+00:00,121.59,121.67,121.34,121.45,9748.643
2025-08-23T10:30:00+00:00,121.45,121.58,121.29,121.37,10424.656
2025-08-23T10:45:00+00:00,121.36,121.59,121.31,121.37,7727.090
2025-08-23T11:00:00+00:00,121.38,121.64,121.21,121.59,12243.896
2025-08-23T11:15:00+00:00,121.59,121.68,121.37,121.39,9854.011
2025-08-23T11:30:00+00:00,121.40,121.50,121.34,121.43,7401.096
2025-08-23T11:45:00+00:00,121.42,121.55,121.07,121.26,17721.060
2025-08-23T12:00:00+00:00,121.27,121.39,120.83,121.39,23111.569
2025-08-23T12:15:00+00:00,121.40,121.76,121.31,121.41,14452.168
2025-08-23T12:30:00+00:00,121.42,121.79,121.25,121.66,13879.550
2025-08-23T12:45:00+00:00,121.66,121.72,121.08,121.18,16622.088
2025-08-23T13:00:00+00:00,121.18,121.35,121.04,121.18,16654.050
2025-08-23T13:15:00+00:00,121.18,121.34,121.07,121.19,14925.530
2025-08-23T13:30:00+00:00,121.19,121.63,120.70,120.76,44282.781
2025-08-23T13:45:00+00:00,120.76,121.30,120.73,120.89,21763.111
2025-08-23T14:00:00+00:00,120.89,120.91,120.51,120.74,18104.522
2025-08-23T14:15:00+00:00,120.73,121.29,120.51,121.21,24248.008
2025-08-23T14:30:00+00:00,121.21,121.40,120.45,120.77,21651.031
2025-08-23T14:45:00+00:00,120.75,121.04,120.46,120.55,14487.845
2025-08-23T15:00:00+00:00,120.54,120.86,120.52,120.68,16125.975
2025-08-23T15:15:00+00:00,120.67,120.98,120.63,120.91,12973.669
2025-08-23T15:30:00+00:00,120.90,121.14,120.75,121.01,9925.960
2025-08-23T15:45:00+00:00,121.02,121.14,120.77,120.86,13697.567
2025-08-23T16:00:00+00:00,120.87,120.96,120.37,120.41,21626.581
2025-08-23T16:15:00+00:00,120.41,120.92,120.40,120.71,9581.583
2025-08-23T16:30:00+00:00,120.70,120.75,120.58,120.60,8776.804
2025-08-23T16:45:00+00:00,120.60,121.02,120.60,120.90,14081.566
2025-08-23T17:00:00+00:00,120.89,121.31,120.86,121.24,17045.828
2025-08-23T17:15:00+00:00,121.23,121.35,121.05,121.08,10871.139
2025-08-23T17:30:00+00:00,121.08,121.35,121.06,121.22,7822.766
2025-08-23T17:45:00+00:00,121.22,121.33,121.13,121.20,5462.484
2025-08-23T18:00:00+00:00,121.19,121.27,120.95,120.97,11126.701
2025-08-23T18:15:00+00:00,120.96,121.04,120.67,120.69,8508.138
2025-08-23T18:30:00+00:00,120.68,120.82,120.63,120.81,4539.596
2025-08-23T18:45:00+00:00,120.80,120.82,120.69,120.79,4571.527
2025-08-23T19:00:00+00:00,120.78,120.95,120.72,120.85,7986.719
2025-08-23T19:15:00+00:00,120.84,120.94,120.78,120.85,3612.306
2025-08-23T19:30:00+00:00,120.84,120.98,120.78,120.85,4199.862
2025-08-23T19:45:00+00:00,120.85,121.16,120.85,121.08,5975.032
2025-08-23T20:00:00+00:00,121.07,121.20,120.95,121.00,7701.184
2025-08-23T20:15:00+00:00,121.00,121.18,120.91,121.12,4882.204
2025-08-23T20:30:00+00:00,121.11,121.13,120.70,120.81,8547.849
2025-08-23T20:45:00+00:00,120.81,121.07,120.77,121.01,5592.000
2025-08-23T21:00:00+00:00,121.00,121.01,120.68,120.70,11421.698
2025-08-23T21:15:00+00:00,120.70,120.80,120.61,120.62,10527.034
2025-08-23T21:30:00+00:00,120.61,120.76,120.61,120.73,5723.492
2025-08-23T21:45:00+00:00,120.72,120.83,120.70,120.77,4537.096
2025-08-23T22:00:00+00:00,120.77,120.99,120.71,120.92,9307.283
2025-08-23T22:15:00+00:00,120.92,120.95,120.80,120.94,5913.540
2025-08-23T22:30:00+00:00,120.93,121.16,120.83,121.10,14069.859
2025-08-23T22:45:00+00:00,121.09,121.61,121.06,121.55,13611.750
2025-08-23T23:00:00+00:00,121.54,121.63,121.34,121.37,17607.599
2025-08-23T23:15:00+00:00,121.37,121.62,121.30,121.49,8882.796
2025-08-23T23:30:00+00:00,121.49,121.57,121.32,121.36,5316.314
2025-08-23T23:45:00+00:00,121.35,121.45,121.25,121.44,6950.748
2025-08-24T00:00:00+00:00,121.44,121.64,121.44,121.54,9598.041
2025-08-24T00:15:00+00:00,121.54,121.84,121.42,121.74,17789.306
2025-08-24T00:30:00+00:00,121.74,122.12,121.72,122.05,21733.053
2025-08-24T00:45:00+00:00,122.04,122.08,121.80,121.82,10354.515
2025-08-24T01:00:00+00:00,121.83,121.83,121.35,121.60,12052.556
2025-08-24T01:15:00+00:00,121.60,121.81,121.27,121.37,11237.230
2025-08-24T01:30:00+00:00,121.37,121.87,121.33,121.82,9349.013
2025-08-24T01:45:00+00:00,121.81,121.88,121.45,121.49,14363.280
2025-08-24T02:00:00+00:00,121.48,121.66,121.27,121.38,15129.113
2025-08-24T02:15:00+00:00,121.37,121.73,121.21,121.66,13890.002
2025-08-24T02:30:00+00:00,121.65,121.67,121.38,121.42,12794.253
2025-08-24T02:45:00+00:00,121.40,121.40,120.94,121.06,16136.094
2025-08-24T03:00:00+00:00,121.05,121.09,120.63,120.70,23925.467
2025-08-24T03:15:00+00:00,120.69,120.83,120.55,120.58,11950.676
2025-08-24T03:30:00+00:00,120.59,120.81,120.56,120.71,7069.581
2025-08-24T03:45:00+00:00,120.71,121.28,120.67,121.16,7870.950
2025-08-24T04:00:00+00:00,121.16,121.38,120.89,121.14,9575.696
2025-08-24T04:15:00+00:00,121.13,121.42,121.12,121.33,10917.477
2025-08-24T04:30:00+00:00,121.32,121.63,121.23,121.44,12716.735
2025-08-24T04:45:00+00:00,121.44,121.79,121.35,121.79,8347.964
2025-08-24T05:00:00+00:00,121.78,121.80,121.39,121.45,8500.564
2025-08-24T05:15:00+00:00,121.45,121.57,121.33,121.37,5811.633
2025-08-24T05:30:00+00:00,121.36,121.50,121.21,121.37,7771.892
2025-08-24T05:45:00+00:00,121.37,121.42,121.17,121.32,6887.538
2025-08-24T06:00:00+00:00,121.32,121.33,121.08,121.11,9046.541
2025-08-24T06:15:00+00:00,121.12,121.13,120.70,120.78,19686.165
2025-08-24T06:30:00+00:00,120.78,120.87,120.46,120.79,23323.833
2025-08-24T06:45:00+00:00,120.79,120.79,120.01,120.16,43916.197
2025-08-24T07:00:00+00:00,120.15,120.44,120.01,120.41,22460.273
2025-08-24T07:15:00+00:00,120.41,120.45,120.03,120.43,11865.976
2025-08-24T07:30:00+00:00,120.42,120.51,119.87,119.96,19909.182
2025-08-24T07:45:00+00:00,119.96,120.07,119.43,119.49,43802.806
2025-08-24T08:00:00+00:00,119.49,120.02,119.32,119.97,29752.835
2025-08-24T08:15:00+00:00,119.96,120.05,119.66,119.77,14433.931
2025-08-24T08:30:00+00:00,119.76,119.89,119.59,119.71,9461.297
2025-08-24T08:45:00+00:00,119.70,119.88,119.58,119.83,16219.205
2025-08-24T09:00:00+00:00,119.82,120.05,119.58,119.65,14264.385
2025-08-24T09:15:00+00:00,119.65,119.73,119.42,119.61,23628.425
2025-08-24T09:30:00+00:00,119.60,120.03,119.50,120.02,23501.737
2025-08-24T09:45:00+00:00,120.02,120.10,119.81,119.88,12337.075
2025-08-24T10:00:00+00:00,119.88,120.10,119.71,119.72,13866.950
2025-08-24T10:15:00+00:00,119.72,119.79,119.15,119.27,24333.090
2025-08-24T10:30:00+00:00,119.26,119.26,118.66,118.99,62687.573
2025-08-24T10:45:00+00:00,118.99,119.24,118.78,118.87,26660.012
2025-08-24T11:00:00+00:00,118.86,119.23,118.64,118.82,17511.511
2025-08-24T11:15:00+00:00,118.82,118.96,118.46,118.59,44070.676
2025-08-24T11:30:00+00:00,118.58,118.89,118.32,118.32,23062.473
2025-08-24T11:45:00+00:00,118.31,118.57,118.26,118.49,20259.986
2025-08-24T12:00:00+00:00,118.49,118.80,118.33,118.70,13989.117
2025-08-24T12:15:00+00:00,118.70,118.89,118.60,118.75,29602.713
2025-08-24T12:30:00+00:00,118.74,118.80,118.54,118.76,10338.037
2025-08-24T12:45:00+00:00,118.76,118.97,118.51,118.91,12354.780
2025-08-24T13:00:00+00:00,118.91,119.15,118.83,119.05,16367.389
2025-08-24T13:15:00+00:00,119.06,119.37,118.98,119.26,13862.795
2025-08-24T13:30:00+00:00,119.26,119.42,119.01,119.02,14408.916
2025-08-24T13:45:00+00:00,119.02,119.16,118.92,118.98,20933.412
2025-08-24T14:00:00+00:00,118.99,119.05,118.63,118.71,26601.339
2025-08-24T14:15:00+00:00,118.71,119.43,118.69,119.07,16977.828
2025-08-24T14:30:00+00:00,119.06,119.26,118.90,119.08,8687.769
2025-08-24T14:45:00+00:00,119.07,119.66,119.05,119.50,26501.274
2025-08-24T15:00:00+00:00,119.50,120.21,119.27,119.94,29819.946
2025-08-24T15:15:00+00:00,119.93,120.37,119.83,120.04,22296.990
2025-08-24T15:30:00+00:00,120.05,120.11,119.64,119.76,16703.573
2025-08-24T15:45:00+00:00,119.76,119.77,119.13,119.29,21247.808
2025-08-24T16:00:00+00:00,119.29,119.64,119.24,119.64,21527.542
2025-08-24T16:15:00+00:00,119.63,119.75,119.27,119.39,13370.215
2025-08-24T16:30:00+00:00,119.40,119.92,119.23,119.67,12502.092
2025-08-24T16:45:00+00:00,119.66,120.05,119.51,119.88,12019.640
2025-08-24T17:00:00+00:00,119.88,120.61,119.86,120.61,25174.660
2025-08-24T17:15:00+00:00,120.62,120.74,120.23,120.37,18070.190
2025-08-24T17:30:00+00:00,120.37,121.44,120.25,121.42,41930.675
2025-08-24T17:45:00+00:00,121.43,121.86,121.30,121.56,57709.239
2025-08-24T18:00:00+00:00,121.55,122.30,121.39,122.16,37696.023
2025-08-24T18:15:00+00:00,122.15,122.90,122.08,122.80,46934.267
2025-08-24T18:30:00+00:00,122.80,123.46,122.63,123.30,64985.811
2025-08-24T18:45:00+00:00,123.29,123.80,123.24,123.69,53806.331
2025-08-24T19:00:00+00:00,123.69,124.72,123.52,124.40,70594.768
2025-08-24T19:15:00+00:00,124.40,124.76,123.69,123.90,51953.863
2025-08-24T19:30:00+00:00,123.89,123.98,118.77,121.47,515892.419
2025-08-24T19:45:00+00:00,121.48,121.58,119.61,120.71,192428.044
2025-08-24T20:00:00+00:00,120.72,120.82,118.50,119.07,204349.510
2025-08-24T20:15:00+00:00,119.06,120.67,118.90,120.10,107579.520
2025-08-24T20:30:00+00:00,120.10,120.22,119.25,120.11,43035.749
2025-08-24T20:45:00+00:00,120.11,120.11,118.66,118.81,57065.147
2025-08-24T21:00:00+00:00,118.81,119.30,118.10,118.98,89841.709
2025-08-24T21:15:00+00:00,118.98,119.22,118.41,118.57,51607.213
2025-08-24T21:30:00+00:00,118.57,119.60,118.46,118.80,56993.756
2025-08-24T21:45:00+00:00,118.80,119.32,118.45,118.51,28409.732
2025-08-24T22:00:00+00:00,118.52,118.72,117.89,118.50,41746.008
2025-08-24T22:15:00+00:00,118.50,118.50,117.13,117.18,55317.299
2025-08-24T22:30:00+00:00,117.18,118.28,117.01,118.23,38070.861
2025-08-24T22:45:00+00:00,118.23,118.65,117.95,118.55,22383.502
2025-08-24T23:00:00+00:00,118.57,119.11,118.45,118.84,26387.057
2025-08-24T23:15:00+00:00,118.83,119.01,118.66,118.83,11704.950
2025-08-24T23:30:00+00:00,118.84,118.92,118.52,118.75,17567.168
2025-08-24T23:45:00+00:00,118.74,118.91,118.07,118.18,21078.866
2025-08-25T00:00:00+00:00,118.19,118.51,118.02,118.28,39329.323
2025-08-25T00:15:00+00:00,118.27,118.42,117.55,117.63,27956.818
2025-08-25T00:30:00+00:00,117.63,117.63,115.49,115.90,121905.919
2025-08-25T00:45:00+00:00,115.90,116.31,115.69,116.20,54937.160
2025-08-25T01:00:00+00:00,116.20,116.84,116.17,116.74,28282.810
2025-08-25T01:15:00+00:00,116.74,117.66,116.20,117.37,62568.800
2025-08-25T01:30:00+00:00,117.38,117.49,116.89,116.89,32573.031
2025-08-25T01:45:00+00:00,116.90,117.59,116.90,117.23,21661.133
2025-08-25T02:00:00+00:00,117.22,117.76,117.17,117.71,31679.194
2025-08-25T02:15:00+00:00,117.71,118.34,117.51,117.95,35840.744
2025-08-25T02:30:00+00:00,117.95,118.33,117.92,118.02,21687.975
2025-08-25T02:45:00+00:00,118.02,118.50,117.96,118.38,18001.738
2025-08-25T03:00:00+00:00,118.36,118.61,117.94,118.03,42844.349
2025-08-25T03:15:00+00:00,118.04,118.26,117.62,117.98,26559.553
2025-08-25T03:30:00+00:00,117.97,118.06,117.54,117.85,21516.493
2025-08-25T03:45:00+00:00,117.85,117.92,117.16,117.32,17689.562
2025-08-25T04:00:00+00:00,117.33,117.52,116.58,116.59,45748.541
2025-08-25T04:15:00+00:00,116.59,117.01,116.32,116.47,29738.809
2025-08-25T04:30:00+00:00,116.48,116.62,116.02,116.33,41583.292
2025-08-25T04:45:00+00:00,116.33,116.58,116.15,116.19,23646.521
2025-08-25T05:00:00+00:00,116.20,116.45,115.63,115.84,43665.162
2025-08-25T05:15:00+00:00,115.85,116.09,115.71,116.00,24059.578
2025-08-25T05:30:00+00:00,116.00,116.13,115.67,115.83,20393.584
2025-08-25T05:45:00+00:00,115.84,115.88,114.78,114.98,76215.298
2025-08-25T06:00:00+00:00,114.98,115.09,114.44,114.67,65879.050
2025-08-25T06:15:00+00:00,114.68,115.07,114.25,114.58,53076.794
2025-08-25T06:30:00+00:00,114.58,114.60,113.92,113.97,51586.088
2025-08-25T06:45:00+00:00,113.98,114.08,113.54,113.70,68978.899
2025-08-25T07:00:00+00:00,113.71,114.15,113.37,114.02,47645.368
2025-08-25T07:15:00+00:00,114.03,114.17,113.26,113.27,52734.603
2025-08-25T07:30:00+00:00,113.28,113.40,112.72,112.90,122144.319
2025-08-25T07:45:00+00:00,112.90,112.94,112.00,112.47,104166.764
2025-08-25T08:00:00+00:00,112.48,112.52,111.69,112.27,113266.964
2025-08-25T08:15:00+00:00,112.28,112.87,112.26,112.57,51078.639
2025-08-25T08:30:00+00:00,112.56,112.92,112.14,112.42,39488.031
2025-08-25T08:45:00+00:00,112.42,112.83,112.35,112.61,28972.251
2025-08-25T09:00:00+00:00,112.60,112.75,112.12,112.31,28625.146
2025-08-25T09:15:00+00:00,112.31,112.54,112.08,112.08,25514.931
2025-08-25T09:30:00+00:00,112.09,112.72,112.01,112.67,31261.939
2025-08-25T09:45:00+00:00,112.67,112.72,112.41,112.64,35288.562
2025-08-25T10:00:00+00:00,112.65,112.65,111.36,111.82,98175.649
2025-08-25T10:15:00+00:00,111.81,111.98,110.57,111.05,144109.400
2025-08-25T10:30:00+00:00,111.06,111.12,110.43,110.84,79084.363
2025-08-25T10:45:00+00:00,110.84,111.23,110.68,110.80,32549.267
2025-08-25T11:00:00+00:00,110.81,110.88,110.70,110.84,20745.733
2025-08-25T11:15:00+00:00,110.83,110.95,110.57,110.76,28760.314
2025-08-25T11:30:00+00:00,110.77,111.27,110.76,110.98,35760.115
2025-08-25T11:45:00+00:00,110.98,111.46,110.97,111.42,30733.637
2025-08-25T12:00:00+00:00,111.42,111.48,110.91,111.38,33625.196
2025-08-25T12:15:00+00:00,111.38,111.68,111.20,111.65,49537.083
2025-08-25T12:30:00+00:00,111.65,112.05,111.23,112.01,37973.687
2025-08-25T12:45:00+00:00,112.00,112.19,111.61,112.16,28431.005
2025-08-25T13:00:00+00:00,112.15,112.15,111.51,111.72,37090.115
2025-08-25T13:15:00+00:00,111.72,112.14,111.31,111.81,41762.388
2025-08-25T13:30:00+00:00,111.82,111.95,110.88,111.19,76649.774
2025-08-25T13:45:00+00:00,111.19,111.80,110.60,111.51,76180.296
2025-08-25T14:00:00+00:00,111.52,112.44,111.28,112.19,65765.695
2025-08-25T14:15:00+00:00,112.18,112.60,111.97,112.10,47267.501
2025-08-25T14:30:00+00:00,112.10,112.47,111.76,111.82,43259.500
2025-08-25T14:45:00+00:00,111.81,112.37,111.79,112.18,28740.838
2025-08-25T15:00:00+00:00,112.18,112.41,111.73,111.92,33478.191
2025-08-25T15:15:00+00:00,111.93,112.54,111.88,112.16,25349.635
2025-08-25T15:30:00+00:00,112.16,112.35,111.69,111.97,25314.230
2025-08-25T15:45:00+00:00,111.96,111.98,111.49,111.64,16409.231
2025-08-25T16:00:00+00:00,111.65,112.10,111.12,112.06,31887.512
2025-08-25T16:15:00+00:00,112.07,112.50,112.01,112.14,26220.336
2025-08-25T16:30:00+00:00,112.13,112.60,111.89,112.42,26213.267
2025-08-25T16:45:00+00:00,112.42,112.56,111.94,111.95,25528.893
2025-08-25T17:00:00+00:00,111.95,112.12,111.36,111.87,33622.270
2025-08-25T17:15:00+00:00,111.88,112.13,111.64,112.03,23135.769
2025-08-25T17:30:00+00:00,112.02,112.16,111.60,111.69,35542.546
2025-08-25T17:45:00+00:00,111.68,111.99,111.54,111.68,27663.654
2025-08-25T18:00:00+00:00,111.68,111.82,111.22,111.57,52995.075
2025-08-25T18:15:00+00:00,111.57,111.67,111.41,111.50,12451.061
2025-08-25T18:30:00+00:00,111.50,111.65,111.04,111.18,20710.359
2025-08-25T18:45:00+00:00,111.17,111.39,111.06,111.21,13950.401
2025-08-25T19:00:00+00:00,111.21,111.49,110.91,111.17,31297.633
2025-08-25T19:15:00+00:00,111.17,111.18,110.10,110.90,81109.805
2025-08-25T19:30:00+00:00,110.89,110.97,109.75,109.98,78143.974
2025-08-25T19:45:00+00:00,109.97,110.21,109.06,109.27,89520.048
2025-08-25T20:00:00+00:00,109.27,109.75,108.15,108.74,186772.665
2025-08-25T20:15:00+00:00,108.75,109.36,108.33,108.93,74843.397
2025-08-25T20:30:00+00:00,108.93,108.98,107.21,108.07,215077.375
2025-08-25T20:45:00+00:00,108.07,108.35,107.25,107.25,78832.256
2025-08-25T21:00:00+00:00,107.26,108.03,107.05,107.22,114292.252
2025-08-25T21:15:00+00:00,107.23,107.81,106.91,107.04,51340.185
2025-08-25T21:30:00+00:00,107.05,107.88,106.65,107.29,58307.554
2025-08-25T21:45:00+00:00,107.30,108.05,107.28,107.33,35882.648
2025-08-25T22:00:00+00:00,107.33,107.94,107.29,107.47,29960.639
2025-08-25T22:15:00+00:00,107.46,108.22,107.29,108.19,39233.298
2025-08-25T22:30:00+00:00,108.19,108.76,108.12,108.70,32998.064
2025-08-25T22:45:00+00:00,108.69,108.76,108.23,108.42,18086.490
2025-08-25T23:00:00+00:00,108.42,108.82,108.16,108.81,41610.826
2025-08-25T23:15:00+00:00,108.81,109.08,108.54,108.77,24704.105
2025-08-25T23:30:00+00:00,108.77,109.36,108.70,109.28,26823.166
2025-08-25T23:45:00+00:00,109.28,109.50,109.05,109.08,30621.772
2025-08-26T00:00:00+00:00,109.09,109.36,108.72,109.34,55910.059
2025-08-26T00:15:00+00:00,109.33,110.19,109.26,109.94,55298.464
2025-08-26T00:30:00+00:00,109.94,110.18,109.23,109.27,37760.968
2025-08-26T00:45:00+00:00,109.27,109.94,108.81,109.47,53632.702
2025-08-26T01:00:00+00:00,109.47,110.04,109.17,109.48,36780.142
2025-08-26T01:15:00+00:00,109.49,109.94,109.43,109.88,12519.375
2025-08-26T01:30:00+00:00,109.88,109.96,109.44,109.70,19376.270
2025-08-26T01:45:00+00:00,109.70,110.00,109.69,109.93,22806.483
2025-08-26T02:00:00+00:00,109.93,110.22,109.89,110.20,28110.559
2025-08-26T02:15:00+00:00,110.21,110.22,109.57,109.85,12051.725
2025-08-26T02:30:00+00:00,109.85,109.92,109.38,109.62,11594.471
2025-08-26T02:45:00+00:00,109.61,110.02,109.39,109.59,23627.065
2025-08-26T03:00:00+00:00,109.59,109.75,109.49,109.56,15655.313
2025-08-26T03:15:00+00:00,109.56,109.95,109.29,109.70,15881.557
2025-08-26T03:30:00+00:00,109.69,110.30,109.64,110.14,23398.704
2025-08-26T03:45:00+00:00,110.13,110.15,109.90,110.01,9406.418
2025-08-26T04:00:00+00:00,110.01,110.39,110.01,110.38,15630.470
2025-08-26T04:15:00+00:00,110.37,110.44,109.87,110.10,14437.316
2025-08-26T04:30:00+00:00,110.10,110.32,110.03,110.22,10409.928
2025-08-26T04:45:00+00:00,110.21,110.58,110.01,110.22,26498.394
2025-08-26T05:00:00+00:00,110.23,110.53,110.20,110.40,19774.112
2025-08-26T05:15:00+00:00,110.40,110.53,110.28,110.36,11874.869
2025-08-26T05:30:00+00:00,110.35,110.87,110.23,110.85,28851.527
2025-08-26T05:45:00+00:00,110.85,110.88,110.67,110.70,16344.051
2025-08-26T06:00:00+00:00,110.70,111.23,110.67,111.12,37190.424
2025-08-26T06:15:00+00:00,111.11,111.31,110.26,110.46,37782.392
2025-08-26T06:30:00+00:00,110.46,110.76,110.38,110.43,8058.819
2025-08-26T06:45:00+00:00,110.44,110.51,109.94,110.12,28452.768
2025-08-26T07:00:00+00:00,110.12,110.25,109.84,110.06,21973.282
2025-08-26T07:15:00+00:00,110.06,110.35,109.93,110.20,11519.059
2025-08-26T07:30:00+00:00,110.19,111.24,110.15,110.57,45258.641
2025-08-26T07:45:00+00:00,110.58,110.80,110.34,110.55,15527.277
2025-08-26T08:00:00+00:00,110.56,110.76,110.31,110.47,16404.125
2025-08-26T08:15:00+00:00,110.47,110.78,110.10,110.18,27411.496
2025-08-26T08:30:00+00:00,110.18,110.38,110.01,110.31,11818.004
2025-08-26T08:45:00+00:00,110.30,110.63,110.24,110.33,7182.020
2025-08-26T09:00:00+00:00,110.33,110.55,110.12,110.34,8731.407
2025-08-26T09:15:00+00:00,110.35,110.66,110.32,110.48,8107.410
2025-08-26T09:30:00+00:00,110.48,110.55,110.04,110.05,8532.256
2025-08-26T09:45:00+00:00,110.06,110.31,110.06,110.29,7313.331
2025-08-26T10:00:00+00:00,110.29,110.40,110.23,110.30,9044.329
2025-08-26T10:15:00+00:00,110.29,110.50,110.22,110.47,7926.221
2025-08-26T10:30:00+00:00,110.47,110.81,110.45,110.81,13753.999
2025-08-26T10:45:00+00:00,110.81,110.87,110.46,110.65,16629.456
2025-08-26T11:00:00+00:00,110.64,110.75,110.28,110.48,18183.927
2025-08-26T11:15:00+00:00,110.47,110.47,110.09,110.16,13398.241
2025-08-26T11:30:00+00:00,110.16,110.23,109.93,110.17,16068.508
2025-08-26T11:45:00+00:00,110.18,110.56,110.08,110.54,10781.524
2025-08-26T12:00:00+00:00,110.54,110.55,110.01,110.05,20103.708
2025-08-26T12:15:00+00:00,110.05,110.35,109.98,110.33,14674.667
2025-08-26T12:30:00+00:00,110.32,112.24,110.31,111.92,103172.534
2025-08-26T12:45:00+00:00,111.91,112.44,110.90,111.85,87220.273
2025-08-26T13:00:00+00:00,111.85,111.87,111.15,111.18,35279.354
2025-08-26T13:15:00+00:00,111.17,111.37,110.88,111.25,23624.561
2025-08-26T13:30:00+00:00,111.24,112.05,111.06,111.49,56291.517
2025-08-26T13:45:00+00:00,111.50,111.91,110.42,111.80,83371.665
2025-08-26T14:00:00+00:00,111.80,112.05,111.18,111.46,30435.078
2025-08-26T14:15:00+00:00,111.45,112.31,111.35,111.98,38702.399
2025-08-26T14:30:00+00:00,111.97,112.29,111.86,112.10,22671.514
2025-08-26T14:45:00+00:00,112.10,112.56,111.77,112.34,26426.821
2025-08-26T15:00:00+00:00,112.34,112.65,111.93,112.02,34664.950
2025-08-26T15:15:00+00:00,112.02,112.29,111.72,112.07,25979.843
2025-08-26T15:30:00+00:00,112.07,112.08,111.68,111.86,32421.247
2025-08-26T15:45:00+00:00,111.85,112.25,111.85,111.95,17147.725
2025-08-26T16:00:00+00:00,111.95,112.11,111.76,111.88,22361.483
2025-08-26T16:15:00+00:00,111.88,112.66,111.88,112.53,19656.047
2025-08-26T16:30:00+00:00,112.52,112.99,112.40,112.87,37130.930
2025-08-26T16:45:00+00:00,112.87,113.28,112.86,113.24,37792.497
2025-08-26T17:00:00+00:00,113.23,113.44,113.10,113.38,28404.776
2025-08-26T17:15:00+00:00,113.38,113.80,113.32,113.40,41020.496
2025-08-26T17:30:00+00:00,113.40,113.46,112.45,112.54,33521.149
2025-08-26T17:45:00+00:00,112.55,112.87,112.36,112.86,24979.144
2025-08-26T18:00:00+00:00,112.86,113.09,112.75,112.77,19788.066
2025-08-26T18:15:00+00:00,112.78,113.11,112.60,113.05,16522.567
2025-08-26T18:30:00+00:00,113.05,113.68,112.94,113.48,15001.407
2025-08-26T18:45:00+00:00,113.49,113.73,113.45,113.67,18401.042
2025-08-26T19:00:00+00:00,113.67,113.73,113.22,113.70,15287.777
2025-08-26T19:15:00+00:00,113.70,114.04,113.64,113.95,27445.229
2025-08-26T19:30:00+00:00,113.94,114.18,113.76,113.76,21728.806
2025-08-26T19:45:00+00:00,113.77,114.58,113.76,114.47,41271.472
2025-08-26T20:00:00+00:00,114.46,114.60,114.08,114.59,23154.607
2025-08-26T20:15:00+00:00,114.59,114.74,114.44,114.66,24606.252
2025-08-26T20:30:00+00:00,114.65,114.65,113.73,113.73,57852.200
2025-08-26T20:45:00+00:00,113.74,113.93,113.47,113.56,33651.991
2025-08-26T21:00:00+00:00,113.56,113.57,112.96,113.14,33825.952
2025-08-26T21:15:00+00:00,113.14,113.30,112.95,113.01,28553.558
2025-08-26T21:30:00+00:00,113.01,113.37,113.00,113.18,14581.437
2025-08-26T21:45:00+00:00,113.18,113.71,113.13,113.68,10650.054
2025-08-26T22:00:00+00:00,113.67,113.81,113.27,113.59,21611.080
2025-08-26T22:15:00+00:00,113.61,113.72,113.15,113.25,13767.827
2025-08-26T22:30:00+00:00,113.24,113.55,113.21,113.34,8355.934
2025-08-26T22:45:00+00:00,113.33,113.57,113.25,113.54,9479.099
2025-08-26T23:00:00+00:00,113.54,114.02,113.37,113.86,19387.186
2025-08-26T23:15:00+00:00,113.85,113.87,113.51,113.57,10769.924
2025-08-26T23:30:00+00:00,113.56,113.68,113.27,113.66,12224.422
2025-08-26T23:45:00+00:00,113.65,113.66,113.27,113.43,15472.883
2025-08-27T00:00:00+00:00,113.43,113.46,113.02,113.16,18906.524
2025-08-27T00:15:00+00:00,113.17,113.35,113.02,113.16,18219.864
2025-08-27T00:30:00+00:00,113.16,113.44,113.09,113.18,9848.569
2025-08-27T00:45:00+00:00,113.18,113.21,112.84,113.19,12520.751
2025-08-27T01:00:00+00:00,113.19,113.26,112.79,113.11,17013.888
2025-08-27T01:15:00+00:00,113.11,113.14,112.87,112.94,13504.457
2025-08-27T01:30:00+00:00,112.93,113.17,112.71,112.77,11299.898
2025-08-27T01:45:00+00:00,112.78,113.43,112.76,113.36,23699.481
2025-08-27T02:00:00+00:00,113.36,113.40,112.89,113.11,10843.520
2025-08-27T02:15:00+00:00,113.11,113.69,113.11,113.44,12735.661
2025-08-27T02:30:00+00:00,113.44,113.66,113.38,113.63,10357.313
2025-08-27T02:45:00+00:00,113.63,113.80,113.47,113.64,14071.279
2025-08-27T03:00:00+00:00,113.64,113.70,113.37,113.40,13191.330
2025-08-27T03:15:00+00:00,113.40,113.42,113.18,113.35,7938.005
2025-08-27T03:30:00+00:00,113.34,113.79,113.34,113.66,7761.122
2025-08-27T03:45:00+00:00,113.65,114.58,113.64,114.27,45861.815
2025-08-27T04:00:00+00:00,114.28,114.90,114.04,114.79,39587.437
2025-08-27T04:15:00+00:00,114.79,114.96,114.51,114.51,16970.759
2025-08-27T04:30:00+00:00,114.52,115.07,114.47,114.97,36041.302
2025-08-27T04:45:00+00:00,114.97,115.32,114.94,115.23,33743.778
2025-08-27T05:00:00+00:00,115.22,115.79,115.11,115.74,42449.316
2025-08-27T05:15:00+00:00,115.73,116.25,115.06,115.06,104833.739
2025-08-27T05:30:00+00:00,115.06,115.08,113.40,113.83,185155.564
2025-08-27T05:45:00+00:00,113.82,114.00,113.64,113.95,22335.925
2025-08-27T06:00:00+00:00,113.96,113.97,113.40,113.59,26407.819
2025-08-27T06:15:00+00:00,113.59,113.85,113.30,113.45,16329.086
2025-08-27T06:30:00+00:00,113.44,113.69,113.26,113.43,18741.920
2025-08-27T06:45:00+00:00,113.44,113.47,113.07,113.09,28189.387
2025-08-27T07:00:00+00:00,113.09,113.28,113.05,113.22,17661.699
2025-08-27T07:15:00+00:00,113.22,113.24,112.74,112.86,35086.898
2025-08-27T07:30:00+00:00,112.86,112.96,112.71,112.80,24177.644
2025-08-27T07:45:00+00:00,112.79,113.10,112.61,112.95,25417.063
2025-08-27T08:00:00+00:00,112.96,113.19,112.78,112.82,19068.521
2025-08-27T08:15:00+00:00,112.81,112.86,112.41,112.53,40422.524
2025-08-27T08:30:00+00:00,112.52,112.63,112.13,112.43,58315.694
2025-08-27T08:45:00+00:00,112.43,112.82,112.16,112.80,20914.301
2025-08-27T09:00:00+00:00,112.79,113.15,112.67,112.83,24448.765
2025-08-27T09:15:00+00:00,112.82,113.20,112.81,113.09,21023.683
2025-08-27T09:30:00+00:00,113.09,113.33,112.72,112.77,18094.631
2025-08-27T09:45:00+00:00,112.76,112.86,112.55,112.59,12932.177
2025-08-27T10:00:00+00:00,112.59,113.04,112.48,112.98,49762.347
2025-08-27T10:15:00+00:00,112.97,113.14,112.54,112.83,18169.135
2025-08-27T10:30:00+00:00,112.83,113.01,112.43,112.75,17081.902
2025-08-27T10:45:00+00:00,112.74,113.03,112.68,112.92,20182.828
2025-08-27T11:00:00+00:00,112.91,113.34,112.90,113.30,16677.435
2025-08-27T11:15:00+00:00,113.29,113.33,113.12,113.24,11546.233
2025-08-27T11:30:00+00:00,113.24,113.31,112.93,113.09,11030.292
2025-08-27T11:45:00+00:00,113.08,113.35,112.93,112.97,14517.727
2025-08-27T12:00:00+00:00,112.96,113.46,112.91,113.31,29419.826
2025-08-27T12:15:00+00:00,113.32,113.37,112.92,112.96,11000.483
2025-08-27T12:30:00+00:00,112.96,113.15,112.75,112.91,14123.659
2025-08-27T12:45:00+00:00,112.91,113.51,112.87,113.43,14308.441
2025-08-27T13:00:00+00:00,113.43,113.47,112.80,112.89,12478.614
2025-08-27T13:15:00+00:00,112.89,113.10,112.78,112.91,10655.563
2025-08-27T13:30:00+00:00,112.92,113.93,112.58,113.47,52757.707
2025-08-27T13:45:00+00:00,113.48,113.81,112.91,112.95,30190.949
2025-08-27T14:00:00+00:00,112.95,113.33,112.72,113.22,16291.052
2025-08-27T14:15:00+00:00,113.20,113.97,113.09,113.90,19070.645
2025-08-27T14:30:00+00:00,113.90,114.52,113.89,114.06,56885.798
2025-08-27T14:45:00+00:00,114.05,114.24,113.36,113.53,96838.214
2025-08-27T15:00:00+00:00,113.54,114.01,113.33,113.99,27131.136
2025-08-27T15:15:00+00:00,113.98,114.14,113.27,113.52,47302.110
2025-08-27T15:30:00+00:00,113.51,113.69,113.24,113.63,20396.386
2025-08-27T15:45:00+00:00,113.63,113.86,113.52,113.65,11317.640
2025-08-27T16:00:00+00:00,113.66,113.70,113.12,113.24,20402.828
2025-08-27T16:15:00+00:00,113.23,113.76,113.11,113.31,15894.484
2025-08-27T16:30:00+00:00,113.30,113.38,112.96,113.10,22020.658
2025-08-27T16:45:00+00:00,113.09,113.73,113.06,113.65,11832.730
2025-08-27T17:00:00+00:00,113.65,113.69,113.23,113.34,12602.123
2025-08-27T17:15:00+00:00,113.34,113.89,113.25,113.78,15197.109
2025-08-27T17:30:00+00:00,113.78,113.96,113.66,113.87,12455.280
2025-08-27T17:45:00+00:00,113.87,114.21,113.86,114.02,12324.483
2025-08-27T18:00:00+00:00,114.01,114.15,113.91,114.13,11120.959
2025-08-27T18:15:00+00:00,114.13,114.31,113.99,114.11,10429.620
2025-08-27T18:30:00+00:00,114.11,114.13,113.64,113.65,10949.475
2025-08-27T18:45:00+00:00,113.65,113.84,113.36,113.38,13413.020
2025-08-27T19:00:00+00:00,113.38,113.55,112.55,112.84,46625.141
2025-08-27T19:15:00+00:00,112.85,113.38,112.69,113.24,17479.305
2025-08-27T19:30:00+00:00,113.23,113.50,113.22,113.37,10223.213
2025-08-27T19:45:00+00:00,113.37,113.38,113.07,113.13,13472.827
2025-08-27T20:00:00+00:00,113.13,113.19,112.27,112.97,52994.025
2025-08-27T20:15:00+00:00,112.97,114.04,112.22,113.65,206178.487
2025-08-27T20:30:00+00:00,113.64,114.02,113.33,113.84,57192.973
2025-08-27T20:45:00+00:00,113.83,113.92,113.39,113.80,18399.392
2025-08-27T21:00:00+00:00,113.80,114.26,113.57,113.81,27485.698
2025-08-27T21:15:00+00:00,113.80,113.89,113.34,113.60,16431.889
2025-08-27T21:30:00+00:00,113.59,113.78,113.12,113.26,15585.878
2025-08-27T21:45:00+00:00,113.26,113.33,112.80,113.00,10997.109
2025-08-27T22:00:00+00:00,113.00,113.02,112.20,112.36,37501.767
2025-08-27T22:15:00+00:00,112.37,112.79,112.29,112.64,13266.563
2025-08-27T22:30:00+00:00,112.65,113.12,112.61,113.12,16374.212
2025-08-27T22:45:00+00:00,113.12,113.14,112.63,112.71,9174.341
2025-08-27T23:00:00+00:00,112.70,112.89,112.52,112.59,13874.066
2025-08-27T23:15:00+00:00,112.59,112.68,112.32,112.56,14446.854
2025-08-27T23:30:00+00:00,112.55,112.71,112.04,112.05,21132.046
2025-08-27T23:45:00+00:00,112.06,112.26,111.89,112.14,25726.206
2025-08-28T00:00:00+00:00,112.14,112.47,111.98,112.38,17793.567
2025-08-28T00:15:00+00:00,112.39,112.57,111.58,111.94,31478.598
2025-08-28T00:30:00+00:00,111.94,112.12,111.25,112.11,37696.732
2025-08-28T00:45:00+00:00,112.11,112.47,111.79,112.17,19011.188
2025-08-28T01:00:00+00:00,112.16,112.91,112.16,112.81,17323.763
2025-08-28T01:15:00+00:00,112.81,112.89,112.36,112.39,11180.954
2025-08-28T01:30:00+00:00,112.39,112.97,112.39,112.70,12565.030
2025-08-28T01:45:00+00:00,112.71,112.76,112.39,112.61,10589.015
2025-08-28T02:00:00+00:00,112.61,112.76,112.31,112.33,9085.723
2025-08-28T02:15:00+00:00,112.33,112.68,112.24,112.60,7547.655
2025-08-28T02:30:00+00:00,112.60,112.77,112.36,112.38,5176.299
2025-08-28T02:45:00+00:00,112.39,112.56,112.18,112.28,4845.099
2025-08-28T03:00:00+00:00,112.29,112.97,112.19,112.79,15444.761
2025-08-28T03:15:00+00:00,112.79,113.04,112.77,112.94,7040.995
2025-08-28T03:30:00+00:00,112.94,113.10,112.86,112.95,9150.372
2025-08-28T03:45:00+00:00,112.94,112.98,112.73,112.88,10125.089
2025-08-28T04:00:00+00:00,112.88,113.12,112.68,113.05,10040.858
2025-08-28T04:15:00+00:00,113.06,113.19,112.92,113.10,16082.257
2025-08-28T04:30:00+00:00,113.10,113.57,113.04,113.44,17295.692
2025-08-28T04:45:00+00:00,113.43,114.06,113.42,113.93,38696.265
2025-08-28T05:00:00+00:00,113.93,114.19,113.64,113.73,38433.810
2025-08-28T05:15:00+00:00,113.74,113.93,113.44,113.48,20042.268
2025-08-28T05:30:00+00:00,113.48,113.59,113.30,113.31,10036.236
2025-08-28T05:45:00+00:00,113.30,113.56,113.27,113.45,13730.252
2025-08-28T06:00:00+00:00,113.45,113.50,113.11,113.24,14153.310
2025-08-28T06:15:00+00:00,113.24,113.51,113.13,113.50,7043.366
2025-08-28T06:30:00+00:00,113.50,113.60,113.33,113.54,11777.552
2025-08-28T06:45:00+00:00,113.53,113.66,113.34,113.64,16386.212
2025-08-28T07:00:00+00:00,113.64,113.72,113.50,113.65,17150.526
2025-08-28T07:15:00+00:00,113.64,113.72,113.29,113.38,24834.301
2025-08-28T07:30:00+00:00,113.39,113.40,113.22,113.24,12479.298
2025-08-28T07:45:00+00:00,113.23,113.51,113.20,113.44,12592.065
2025-08-28T08:00:00+00:00,113.44,114.08,113.44,113.93,39639.834
2025-08-28T08:15:00+00:00,113.93,114.02,113.38,113.38,22499.324
2025-08-28T08:30:00+00:00,113.38,113.57,113.29,113.32,15300.955
2025-08-28T08:45:00+00:00,113.33,113.44,113.21,113.42,11780.729
2025-08-28T09:00:00+00:00,113.42,113.45,113.06,113.10,14250.840
2025-08-28T09:15:00+00:00,113.11,113.44,113.02,113.43,9638.950
2025-08-28T09:30:00+00:00,113.43,113.47,113.23,113.37,9417.350
2025-08-28T09:45:00+00:00,113.37,113.45,113.22,113.24,14558.632
2025-08-28T10:00:00+00:00,113.25,113.28,112.96,113.22,16958.447
2025-08-28T10:15:00+00:00,113.22,113.25,112.96,113.24,10230.740
2025-08-28T10:30:00+00:00,113.23,113.59,113.16,113.45,11792.274
2025-08-28T10:45:00+00:00,113.44,113.56,113.37,113.45,5811.692
2025-08-28T11:00:00+00:00,113.44,113.46,113.02,113.06,11474.858
2025-08-28T11:15:00+00:00,113.06,113.29,113.05,113.27,8529.080
2025-08-28T11:30:00+00:00,113.26,113.40,113.12,113.15,5717.386
2025-08-28T11:45:00+00:00,113.16,113.43,113.10,113.42,9293.298
2025-08-28T12:00:00+00:00,113.41,113.60,113.25,113.54,10223.084
2025-08-28T12:15:00+00:00,113.53,113.64,113.15,113.27,13436.948
2025-08-28T12:30:00+00:00,113.27,113.79,113.18,113.75,32391.057
2025-08-28T12:45:00+00:00,113.74,113.94,113.58,113.79,22286.548
2025-08-28T13:00:00+00:00,113.79,113.89,113.61,113.71,11131.299
2025-08-28T13:15:00+00:00,113.71,114.12,113.58,113.70,15477.218
2025-08-28T13:30:00+00:00,113.70,114.01,113.44,113.65,25022.722
2025-08-28T13:45:00+00:00,113.66,113.70,113.11,113.46,37082.780
2025-08-28T14:00:00+00:00,113.47,114.07,113.30,113.77,33394.446
2025-08-28T14:15:00+00:00,113.77,114.11,113.40,113.55,26510.635
2025-08-28T14:30:00+00:00,113.55,114.03,113.30,113.86,22935.559
2025-08-28T14:45:00+00:00,113.86,114.44,113.83,114.27,26441.378
2025-08-28T15:00:00+00:00,114.27,114.50,114.16,114.17,38661.605
2025-08-28T15:15:00+00:00,114.18,114.57,113.34,113.40,104670.210
2025-08-28T15:30:00+00:00,113.40,113.62,112.39,112.58,111557.127
2025-08-28T15:45:00+00:00,112.58,112.60,112.14,112.58,43239.852
2025-08-28T16:00:00+00:00,112.58,113.15,112.58,113.15,20547.328
2025-08-28T16:15:00+00:00,113.15,113.38,112.77,112.92,24582.816
2025-08-28T16:30:00+00:00,112.91,112.92,112.59,112.74,13593.927
2025-08-28T16:45:00+00:00,112.74,112.77,111.48,111.50,53735.813
2025-08-28T17:00:00+00:00,111.49,112.22,111.37,112.19,38693.950
2025-08-28T17:15:00+00:00,112.20,112.59,112.05,112.53,12073.655
2025-08-28T17:30:00+00:00,112.52,112.53,112.29,112.42,10015.127
2025-08-28T17:45:00+00:00,112.42,112.59,112.38,112.53,6074.959
2025-08-28T18:00:00+00:00,112.53,112.54,112.20,112.30,10033.612
2025-08-28T18:15:00+00:00,112.30,112.75,112.18,112.75,11364.763
2025-08-28T18:30:00+00:00,112.74,112.88,112.63,112.63,10469.173
2025-08-28T18:45:00+00:00,112.62,112.70,112.36,112.43,8744.634
2025-08-28T19:00:00+00:00,112.44,112.74,112.36,112.49,6055.434
2025-08-28T19:15:00+00:00,112.50,112.51,112.27,112.43,4917.494
2025-08-28T19:30:00+00:00,112.44,112.54,111.92,112.00,16405.211
2025-08-28T19:45:00+00:00,112.00,112.16,111.65,111.67,15004.933
2025-08-28T20:00:00+00:00,111.68,112.09,111.54,112.09,18697.668
2025-08-28T20:15:00+00:00,112.08,112.39,112.05,112.30,12124.659
2025-08-28T20:30:00+00:00,112.29,112.38,111.96,112.11,7236.448
2025-08-28T20:45:00+00:00,112.11,112.32,111.96,112.19,9895.649
2025-08-28T21:00:00+00:00,112.20,112.56,112.16,112.52,7644.974
2025-08-28T21:15:00+00:00,112.51,112.79,112.46,112.73,6533.521
2025-08-28T21:30:00+00:00,112.73,112.98,112.71,112.87,7739.501
2025-08-28T21:45:00+00:00,112.87,113.01,112.84,112.98,5570.636
2025-08-28T22:00:00+00:00,112.98,113.20,112.97,113.18,6946.397
2025-08-28T22:15:00+00:00,113.17,113.59,113.17,113.59,10883.795
2025-08-28T22:30:00+00:00,113.59,113.84,113.59,113.65,15924.631
2025-08-28T22:45:00+00:00,113.64,113.80,113.55,113.71,8234.264
2025-08-28T23:00:00+00:00,113.72,113.89,113.57,113.67,11208.987
2025-08-28T23:15:00+00:00,113.68,113.88,113.53,113.61,11688.513
2025-08-28T23:30:00+00:00,113.61,113.72,113.44,113.59,6712.102
2025-08-28T23:45:00+00:00,113.59,113.78,113.52,113.60,15180.807
2025-08-29T00:00:00+00:00,113.60,113.63,113.19,113.26,18978.222
2025-08-29T00:15:00+00:00,113.25,113.83,113.21,113.70,9594.226
2025-08-29T00:30:00+00:00,113.70,113.71,113.13,113.14,15541.120
2025-08-29T00:45:00+00:00,113.13,113.36,112.96,113.29,13135.402
2025-08-29T01:00:00+00:00,113.28,113.46,112.85,112.99,18155.590
2025-08-29T01:15:00+00:00,112.99,113.01,112.28,112.57,20243.147
2025-08-29T01:30:00+00:00,112.58,112.97,112.58,112.81,11753.734
2025-08-29T01:45:00+00:00,112.81,112.91,112.50,112.52,5925.732
2025-08-29T02:00:00+00:00,112.51,113.02,112.35,112.93,13025.444
2025-08-29T02:15:00+00:00,112.92,113.32,112.64,113.09,16211.112
2025-08-29T02:30:00+00:00,113.10,113.14,112.79,112.93,9387.461
2025-08-29T02:45:00+00:00,112.92,113.07,112.80,112.90,8201.538
2025-08-29T03:00:00+00:00,112.90,113.07,112.61,112.88,11011.632
2025-08-29T03:15:00+00:00,112.88,113.09,112.75,113.06,6679.876
2025-08-29T03:30:00+00:00,113.06,113.37,112.87,113.27,14179.061
2025-08-29T03:45:00+00:00,113.28,113.51,113.19,113.20,13425.384
2025-08-29T04:00:00+00:00,113.20,113.36,112.91,112.99,9335.954
2025-08-29T04:15:00+00:00,112.99,113.42,112.97,113.37,7147.189
2025-08-29T04:30:00+00:00,113.36,113.36,113.10,113.27,6422.442
2025-08-29T04:45:00+00:00,113.27,113.33,112.67,112.83,18598.226
2025-08-29T05:00:00+00:00,112.84,112.89,112.62,112.69,10840.534
2025-08-29T05:15:00+00:00,112.69,112.69,112.46,112.56,10593.454
2025-08-29T05:30:00+00:00,112.55,112.82,112.48,112.79,6844.732
2025-08-29T05:45:00+00:00,112.78,112.98,112.62,112.80,5189.327
2025-08-29T06:00:00+00:00,112.80,112.90,112.13,112.20,17488.282
2025-08-29T06:15:00+00:00,112.19,112.23,111.82,111.83,16766.323
2025-08-29T06:30:00+00:00,111.83,112.01,110.78,111.78,57194.063
2025-08-29T06:45:00+00:00,111.77,111.80,110.56,111.70,56166.629
2025-08-29T07:00:00+00:00,111.70,111.71,110.37,110.39,55956.511
2025-08-29T07:15:00+00:00,110.40,110.58,110.05,110.31,45151.444
2025-08-29T07:30:00+00:00,110.34,110.84,110.34,110.50,36471.526
2025-08-29T07:45:00+00:00,110.50,110.75,110.14,110.35,22519.662
2025-08-29T08:00:00+00:00,110.35,110.75,109.78,110.02,44771.999
2025-08-29T08:15:00+00:00,110.02,110.12,109.44,109.65,50725.428
2025-08-29T08:30:00+00:00,109.65,109.92,109.57,109.75,23346.977
2025-08-29T08:45:00+00:00,109.76,109.89,109.27,109.36,23568.259
2025-08-29T09:00:00+00:00,109.36,109.51,108.81,109.44,45513.524
2025-08-29T09:15:00+00:00,109.44,110.02,109.39,110.00,26013.357
2025-08-29T09:30:00+00:00,110.00,110.10,109.74,109.97,12584.523
2025-08-29T09:45:00+00:00,109.98,110.32,109.92,110.21,14020.809
2025-08-29T10:00:00+00:00,110.21,110.52,110.11,110.31,17533.496
2025-08-29T10:15:00+00:00,110.31,110.52,110.16,110.44,10148.251
2025-08-29T10:30:00+00:00,110.43,110.43,110.07,110.13,13707.681
2025-08-29T10:45:00+00:00,110.12,110.24,109.80,110.08,10927.918
2025-08-29T11:00:00+00:00,110.09,110.28,109.76,110.21,16378.136
2025-08-29T11:15:00+00:00,110.20,110.20,109.85,109.91,6683.112
2025-08-29T11:30:00+00:00,109.92,110.06,109.72,109.74,7242.364
2025-08-29T11:45:00+00:00,109.75,109.92,109.73,109.79,4560.521
2025-08-29T12:00:00+00:00,109.96,110.29,109.86,110.27,17006.766
2025-08-29T12:15:00+00:00,110.28,110.30,109.97,110.24,13156.879
2025-08-29T12:30:00+00:00,110.24,112.05,110.24,110.74,131847.002
2025-08-29T12:45:00+00:00,110.73,111.14,110.63,110.85,24902.638
2025-08-29T13:00:00+00:00,110.85,111.02,110.60,110.95,17474.058
2025-08-29T13:15:00+00:00,110.95,111.03,110.57,110.76,8082.649
2025-08-29T13:30:00+00:00,110.76,110.83,109.58,110.05,54136.536
2025-08-29T13:45:00+00:00,110.05,110.25,109.14,109.89,62660.972
2025-08-29T14:00:00+00:00,109.89,110.44,108.72,109.74,104518.400
2025-08-29T14:15:00+00:00,109.73,110.16,109.25,109.85,36513.511
2025-08-29T14:30:00+00:00,109.84,110.36,109.62,109.98,20897.237
2025-08-29T14:45:00+00:00,109.97,110.45,109.69,109.77,26713.850
2025-08-29T15:00:00+00:00,109.77,110.25,109.70,110.07,15701.634
2025-08-29T15:15:00+00:00,110.07,110.56,110.04,110.32,29360.003
2025-08-29T15:30:00+00:00,110.32,110.53,110.15,110.41,22984.514
2025-08-29T15:45:00+00:00,110.40,110.58,109.71,109.87,31692.366
2025-08-29T16:00:00+00:00,109.87,110.24,109.30,110.23,43221.828
2025-08-29T16:15:00+00:00,110.23,110.28,109.74,109.79,32049.672
2025-08-29T16:30:00+00:00,109.78,109.97,109.64,109.84,22776.018
2025-08-29T16:45:00+00:00,109.84,109.98,109.58,109.93,17074.688
2025-08-29T17:00:00+00:00,109.92,109.95,109.22,109.28,50761.544
2025-08-29T17:15:00+00:00,109.28,109.88,109.16,109.55,27689.414
2025-08-29T17:30:00+00:00,109.56,109.80,109.45,109.79,9234.810
2025-08-29T17:45:00+00:00,109.80,109.92,109.40,109.42,13595.906
2025-08-29T18:00:00+00:00,109.42,109.62,109.25,109.37,12043.110
2025-08-29T18:15:00+00:00,109.38,109.43,108.94,109.03,23366.897
2025-08-29T18:30:00+00:00,109.03,109.14,108.98,109.04,11902.548
2025-08-29T18:45:00+00:00,109.05,109.26,108.96,109.06,6844.583
2025-08-29T19:00:00+00:00,109.06,109.40,108.56,109.23,29863.297
2025-08-29T19:15:00+00:00,109.23,109.79,109.21,109.72,26231.324
2025-08-29T19:30:00+00:00,109.73,109.85,109.44,109.75,9641.494
2025-08-29T19:45:00+00:00,109.76,109.96,109.45,109.55,11342.610
2025-08-29T20:00:00+00:00,109.55,109.67,109.11,109.26,14073.969
2025-08-29T20:15:00+00:00,109.26,109.48,109.20,109.34,7731.011
2025-08-29T20:30:00+00:00,109.35,109.38,109.02,109.19,9492.815
2025-08-29T20:45:00+00:00,109.19,109.37,109.05,109.29,13625.917
2025-08-29T21:00:00+00:00,109.30,109.45,108.97,109.06,17202.882
2025-08-29T21:15:00+00:00,109.07,109.43,109.01,109.42,8249.683
2025-08-29T21:30:00+00:00,109.43,110.12,109.43,110.05,15884.202
2025-08-29T21:45:00+00:00,110.06,110.07,109.81,109.85,7611.466
2025-08-29T22:00:00+00:00,109.85,109.91,109.40,109.43,15344.048
2025-08-29T22:15:00+00:00,109.44,109.68,109.42,109.67,6726.537
2025-08-29T22:30:00+00:00,109.68,109.82,109.47,109.61,11502.847
2025-08-29T22:45:00+00:00,109.61,109.72,109.47,109.69,6703.801
2025-08-29T23:00:00+00:00,109.69,109.79,109.58,109.74,7826.612
2025-08-29T23:15:00+00:00,109.74,109.95,109.70,109.77,8581.547
2025-08-29T23:30:00+00:00,109.77,110.03,109.75,110.03,8887.511
2025-08-29T23:45:00+00:00,110.02,110.02,109.79,109.86,5338.689
2025-08-30T00:00:00+00:00,109.87,109.89,109.60,109.63,12219.398
2025-08-30T00:15:00+00:00,109.62,109.96,109.57,109.74,5926.157
2025-08-30T00:30:00+00:00,109.74,109.76,109.42,109.47,11506.383
2025-08-30T00:45:00+00:00,109.47,109.71,109.47,109.68,7099.591
2025-08-30T01:00:00+00:00,109.67,109.95,109.58,109.88,9942.049
2025-08-30T01:15:00+00:00,109.88,109.88,109.40,109.46,9929.061
2025-08-30T01:30:00+00:00,109.46,109.47,109.21,109.24,8490.816
2025-08-30T01:45:00+00:00,109.24,109.25,108.27,108.35,59293.717
2025-08-30T02:00:00+00:00,108.36,109.19,108.21,109.17,29817.520
2025-08-30T02:15:00+00:00,109.18,109.45,109.11,109.44,14879.426
2025-08-30T02:30:00+00:00,109.44,109.67,109.44,109.66,8842.902
2025-08-30T02:45:00+00:00,109.67,109.76,109.51,109.53,7049.484
2025-08-30T03:00:00+00:00,109.53,110.04,109.51,110.00,11890.653
2025-08-30T03:15:00+00:00,110.00,110.87,110.00,110.50,33814.310
2025-08-30T03:30:00+00:00,110.50,110.71,110.35,110.42,10422.085
2025-08-30T03:45:00+00:00,110.43,110.63,110.33,110.55,8659.197
2025-08-30T04:00:00+00:00,110.56,110.73,110.53,110.60,10097.593
2025-08-30T04:15:00+00:00,110.60,110.72,110.44,110.63,5858.633
2025-08-30T04:30:00+00:00,110.63,110.64,110.32,110.39,10236.982
2025-08-30T04:45:00+00:00,110.38,110.52,110.29,110.31,6728.530
2025-08-30T05:00:00+00:00,110.31,110.51,110.24,110.37,6174.254
2025-08-30T05:15:00+00:00,110.37,110.60,110.37,110.56,4928.257
2025-08-30T05:30:00+00:00,110.56,110.83,110.48,110.73,8333.790
2025-08-30T05:45:00+00:00,110.74,110.83,110.52,110.54,13224.352
2025-08-30T06:00:00+00:00,110.54,110.70,110.43,110.46,8581.265
2025-08-30T06:15:00+00:00,110.45,110.57,110.37,110.52,5238.429
2025-08-30T06:30:00+00:00,110.53,110.75,110.47,110.71,3856.781
2025-08-30T06:45:00+00:00,110.72,110.73,110.46,110.48,5683.057
2025-08-30T07:00:00+00:00,110.49,110.60,110.38,110.58,7185.702
2025-08-30T07:15:00+00:00,110.59,110.64,110.37,110.53,10614.119
2025-08-30T07:30:00+00:00,110.54,110.64,110.37,110.64,6898.028
2025-08-30T07:45:00+00:00,110.64,110.70,110.54,110.66,12966.649
2025-08-30T08:00:00+00:00,110.67,110.69,110.49,110.63,10702.404
2025-08-30T08:15:00+00:00,110.63,110.68,110.44,110.59,8750.759
2025-08-30T08:30:00+00:00,110.60,111.21,110.57,110.98,49623.597
2025-08-30T08:45:00+00:00,110.98,110.99,110.74,110.77,12766.754
2025-08-30T09:00:00+00:00,110.77,110.90,110.57,110.64,9305.500
2025-08-30T09:15:00+00:00,110.65,110.87,110.64,110.74,5286.730
2025-08-30T09:30:00+00:00,110.74,110.74,110.43,110.50,8174.714
2025-08-30T09:45:00+00:00,110.50,110.71,110.43,110.68,8601.396
2025-08-30T10:00:00+00:00,110.68,110.88,110.54,110.84,9040.114
2025-08-30T10:15:00+00:00,110.85,111.18,110.81,110.83,16977.771
2025-08-30T10:30:00+00:00,110.83,110.85,110.46,110.53,14017.948
2025-08-30T10:45:00+00:00,110.54,110.62,110.45,110.59,5924.735
2025-08-30T11:00:00+00:00,110.60,110.62,110.42,110.51,7235.487
2025-08-30T11:15:00+00:00,110.51,110.51,110.33,110.42,6197.496
2025-08-30T11:30:00+00:00,110.41,110.43,110.18,110.32,20623.576
2025-08-30T11:45:00+00:00,110.33,110.53,110.31,110.51,3783.746
2025-08-30T12:00:00+00:00,110.52,110.56,110.31,110.40,7371.907
2025-08-30T12:15:00+00:00,110.41,110.45,110.16,110.25,10409.102
2025-08-30T12:30:00+00:00,110.25,110.26,109.60,109.71,41199.184
2025-08-30T12:45:00+00:00,109.71,110.03,109.67,109.95,25418.804
2025-08-30T13:00:00+00:00,109.96,109.96,109.25,109.33,36035.741
2025-08-30T13:15:00+00:00,109.34,109.67,109.24,109.67,11911.204
2025-08-30T13:30:00+00:00,109.67,109.95,109.65,109.76,12376.276
2025-08-30T13:45:00+00:00,109.76,109.97,109.58,109.90,10120.633
2025-08-30T14:00:00+00:00,109.90,109.95,109.52,109.52,6930.493
2025-08-30T14:15:00+00:00,109.51,109.64,109.38,109.64,10271.648
2025-08-30T14:30:00+00:00,109.63,109.81,109.53,109.63,80545.870
2025-08-30T14:45:00+00:00,109.64,110.06,109.64,110.00,28196.465
2025-08-30T15:00:00+00:00,110.00,110.00,109.71,109.92,9004.461
2025-08-30T15:15:00+00:00,109.93,110.31,109.93,110.24,10385.464
2025-08-30T15:30:00+00:00,110.25,110.42,110.10,110.41,12313.043
2025-08-30T15:45:00+00:00,110.42,110.57,110.38,110.56,13307.239
2025-08-30T16:00:00+00:00,110.56,110.72,110.41,110.54,14906.578
2025-08-30T16:15:00+00:00,110.54,110.63,110.25,110.25,7597.516
2025-08-30T16:30:00+00:00,110.25,110.51,110.14,110.44,10106.537
2025-08-30T16:45:00+00:00,110.44,110.52,110.21,110.32,8353.481
2025-08-30T17:00:00+00:00,110.33,110.49,110.23,110.42,9289.381
2025-08-30T17:15:00+00:00,110.42,110.42,110.20,110.23,6146.331
2025-08-30T17:30:00+00:00,110.22,110.27,109.86,109.90,22618.000
2025-08-30T17:45:00+00:00,109.91,110.04,109.78,109.96,11303.597
2025-08-30T18:00:00+00:00,109.95,110.16,109.90,109.95,7581.516
2025-08-30T18:15:00+00:00,109.95,109.97,109.62,109.76,8563.188
2025-08-30T18:30:00+00:00,109.77,109.95,109.70,109.80,5876.063
2025-08-30T18:45:00+00:00,109.80,110.08,109.80,109.97,3170.865
2025-08-30T19:00:00+00:00,109.96,110.02,109.82,109.92,4270.959
2025-08-30T19:15:00+00:00,109.92,110.09,109.83,110.05,4346.465
2025-08-30T19:30:00+00:00,110.06,110.19,109.97,110.18,7727.226
2025-08-30T19:45:00+00:00,110.19,110.25,110.01,110.19,7340.534
2025-08-30T20:00:00+00:00,110.20,110.20,109.85,109.89,6058.286
2025-08-30T20:15:00+00:00,109.89,110.00,109.74,109.99,5078.092
2025-08-30T20:30:00+00:00,109.99,109.99,109.63,109.71,6318.236
2025-08-30T20:45:00+00:00,109.70,109.93,109.69,109.92,5006.869
2025-08-30T21:00:00+00:00,109.93,110.12,109.80,110.03,6609.632
2025-08-30T21:15:00+00:00,110.03,110.03,109.82,109.86,4893.854
2025-08-30T21:30:00+00:00,109.86,109.93,109.80,109.90,2925.478
2025-08-30T21:45:00+00:00,109.91,110.05,109.90,109.96,1693.108
2025-08-30T22:00:00+00:00,109.96,110.01,109.77,109.79,5562.956
2025-08-30T22:15:00+00:00,109.79,110.13,109.79,110.11,4903.005
2025-08-30T22:30:00+00:00,110.11,110.41,110.07,110.36,12667.808
2025-08-30T22:45:00+00:00,110.37,110.49,110.29,110.49,7364.574
2025-08-30T23:00:00+00:00,110.49,110.78,110.49,110.65,10659.518
2025-08-30T23:15:00+00:00,110.65,110.78,110.57,110.76,6057.556
2025-08-30T23:30:00+00:00,110.75,110.77,110.63,110.71,5005.066
2025-08-30T23:45:00+00:00,110.71,110.87,110.60,110.76,21925.477
2025-08-31T00:00:00+00:00,110.77,110.97,110.75,110.90,13265.868
2025-08-31T00:15:00+00:00,110.90,110.97,110.75,110.95,5790.850
2025-08-31T00:30:00+00:00,110.95,111.20,110.89,111.17,12887.771
2025-08-31T00:45:00+00:00,111.16,111.72,111.14,111.64,31739.860
2025-08-31T01:00:00+00:00,111.64,111.71,111.30,111.33,16880.544
2025-08-31T01:15:00+00:00,111.33,111.57,111.27,111.43,9390.956
2025-08-31T01:30:00+00:00,111.43,111.61,111.34,111.45,8841.743
2025-08-31T01:45:00+00:00,111.44,111.62,111.31,111.54,7646.932
2025-08-31T02:00:00+00:00,111.54,111.65,111.40,111.50,9324.274
2025-08-31T02:15:00+00:00,111.50,111.63,111.44,111.53,5833.289
2025-08-31T02:30:00+00:00,111.53,111.54,111.29,111.40,8240.482
2025-08-31T02:45:00+00:00,111.39,111.51,111.37,111.45,6047.187
2025-08-31T03:00:00+00:00,111.45,111.48,111.34,111.42,11515.316
2025-08-31T03:15:00+00:00,111.41,111.58,111.35,111.48,21549.911
2025-08-31T03:30:00+00:00,111.47,111.66,111.36,111.64,46915.612
2025-08-31T03:45:00+00:00,111.63,111.81,111.59,111.81,16013.093
2025-08-31T04:00:00+00:00,111.81,111.87,111.53,111.59,15475.448
2025-08-31T04:15:00+00:00,111.58,111.59,111.29,111.30,23577.682
2025-08-31T04:30:00+00:00,111.30,111.35,111.12,111.14,12411.270
2025-08-31T04:45:00+00:00,111.15,111.24,110.95,111.12,7083.278
2025-08-31T05:00:00+00:00,111.12,111.12,110.89,110.96,8065.036
2025-08-31T05:15:00+00:00,110.95,110.98,110.82,110.84,5972.221
2025-08-31T05:30:00+00:00,110.84,111.06,110.83,111.02,4752.185
2025-08-31T05:45:00+00:00,111.01,111.07,110.90,111.02,3293.882
2025-08-31T06:00:00+00:00,111.02,111.05,110.88,110.96,4448.588
2025-08-31T06:15:00+00:00,110.96,110.97,110.76,110.78,6138.574
2025-08-31T06:30:00+00:00,110.78,110.91,110.73,110.83,4550.896
2025-08-31T06:45:00+00:00,110.83,110.86,110.70,110.74,4226.082
2025-08-31T07:00:00+00:00,110.74,111.07,110.72,111.05,6440.361
2025-08-31T07:15:00+00:00,111.06,111.09,110.89,111.08,9706.353
2025-08-31T07:30:00+00:00,111.08,111.15,110.95,111.12,6769.708
2025-08-31T07:45:00+00:00,111.11,111.16,111.01,111.08,5443.846
2025-08-31T08:00:00+00:00,111.08,111.24,111.07,111.21,6218.211
2025-08-31T08:15:00+00:00,111.21,111.32,111.19,111.21,5855.048
2025-08-31T08:30:00+00:00,111.21,111.50,111.11,111.49,10526.394
2025-08-31T08:45:00+00:00,111.50,111.56,111.39,111.53,9691.063
2025-08-31T09:00:00+00:00,111.53,111.53,111.36,111.40,8254.185
2025-08-31T09:15:00+00:00,111.40,111.81,111.40,111.63,22092.291
2025-08-31T09:30:00+00:00,111.63,111.80,111.59,111.61,14334.858
2025-08-31T09:45:00+00:00,111.60,111.60,111.20,111.25,22956.835
2025-08-31T10:00:00+00:00,111.26,111.31,111.01,111.07,17357.065
2025-08-31T10:15:00+00:00,111.07,111.14,111.01,111.04,10809.025
2025-08-31T10:30:00+00:00,111.04,111.12,110.79,110.87,11985.209
2025-08-31T10:45:00+00:00,110.88,111.26,110.85,111.15,12364.830
2025-08-31T11:00:00+00:00,111.16,111.21,111.01,111.17,8301.083
2025-08-31T11:15:00+00:00,111.17,111.30,110.95,111.18,22659.436
2025-08-31T11:30:00+00:00,111.18,111.45,111.11,111.14,31510.323
2025-08-31T11:45:00+00:00,111.13,111.34,110.89,111.33,22281.938
2025-08-31T12:00:00+00:00,111.32,111.39,111.01,111.07,5896.061
2025-08-31T12:15:00+00:00,111.07,111.14,110.92,111.04,8278.124
2025-08-31T12:30:00+00:00,111.05,111.15,110.95,110.96,7509.244
2025-08-31T12:45:00+00:00,110.96,111.31,110.84,111.21,6993.195
2025-08-31T13:00:00+00:00,111.19,111.34,110.88,110.91,6018.998
2025-08-31T13:15:00+00:00,110.90,111.19,110.88,111.04,6795.191
2025-08-31T13:30:00+00:00,111.04,111.07,110.74,110.91,7347.093
2025-08-31T13:45:00+00:00,110.90,110.99,110.76,110.92,26729.974
2025-08-31T14:00:00+00:00,110.92,111.00,110.26,110.43,29226.945
2025-08-31T14:15:00+00:00,110.43,110.53,110.32,110.45,9376.739
2025-08-31T14:30:00+00:00,110.45,110.55,110.37,110.45,9837.592
2025-08-31T14:45:00+00:00,110.45,110.50,110.11,110.21,12800.344
2025-08-31T15:00:00+00:00,110.21,110.75,110.20,110.42,17675.287
2025-08-31T15:15:00+00:00,110.42,110.59,110.40,110.59,5887.253
2025-08-31T15:30:00+00:00,110.59,110.63,110.34,110.61,6088.373
2025-08-31T15:45:00+00:00,110.61,110.74,110.58,110.67,12481.272
2025-08-31T16:00:00+00:00,110.67,110.72,110.26,110.31,22448.566
2025-08-31T16:15:00+00:00,110.32,110.34,110.07,110.21,16010.178
2025-08-31T16:30:00+00:00,110.22,110.36,110.05,110.35,12724.937
2025-08-31T16:45:00+00:00,110.36,110.46,110.28,110.30,7141.801
2025-08-31T17:00:00+00:00,110.30,110.33,110.10,110.25,5429.983
2025-08-31T17:15:00+00:00,110.26,110.29,110.01,110.22,8407.237
2025-08-31T17:30:00+00:00,110.22,110.43,110.14,110.38,6592.707
2025-08-31T17:45:00+00:00,110.38,110.40,110.20,110.25,5516.022
2025-08-31T18:00:00+00:00,110.25,110.44,110.20,110.39,7837.749
2025-08-31T18:15:00+00:00,110.38,110.62,110.33,110.55,13127.889
2025-08-31T18:30:00+00:00,110.56,110.78,110.50,110.62,10948.055
2025-08-31T18:45:00+00:00,110.63,110.76,110.57,110.68,12803.386
2025-08-31T19:00:00+00:00,110.67,110.74,110.29,110.29,8292.478
2025-08-31T19:15:00+00:00,110.30,110.40,110.17,110.18,7862.290
2025-08-31T19:30:00+00:00,110.19,110.41,110.12,110.32,5462.460
2025-08-31T19:45:00+00:00,110.33,110.33,110.10,110.17,8092.735
2025-08-31T20:00:00+00:00,110.17,110.41,109.99,110.36,15903.948
2025-08-31T20:15:00+00:00,110.35,110.40,110.15,110.23,3851.387
2025-08-31T20:30:00+00:00,110.24,110.40,110.10,110.13,5824.360
2025-08-31T20:45:00+00:00,110.13,110.38,110.06,110.36,4521.979
2025-08-31T21:00:00+00:00,110.35,110.40,110.16,110.40,5906.429
2025-08-31T21:15:00+00:00,110.40,110.48,110.25,110.34,4164.029
2025-08-31T21:30:00+00:00,110.33,110.56,110.29,110.56,4717.272
2025-08-31T21:45:00+00:00,110.56,110.56,110.35,110.37,2421.358
2025-08-31T22:00:00+00:00,110.37,110.41,110.02,110.30,13791.912
2025-08-31T22:15:00+00:00,110.30,110.40,110.19,110.25,12913.416
2025-08-31T22:30:00+00:00,110.26,110.26,109.72,109.78,17549.624
2025-08-31T22:45:00+00:00,109.77,109.87,109.66,109.83,11151.258
2025-08-31T23:00:00+00:00,109.83,109.84,109.54,109.62,14651.736
2025-08-31T23:15:00+00:00,109.61,109.61,109.16,109.24,23444.420
2025-08-31T23:30:00+00:00,109.24,109.25,108.76,108.78,32484.318
2025-08-31T23:45:00+00:00,108.78,109.00,108.70,108.82,18858.187
2025-09-01T00:00:00+00:00,108.82,108.94,108.46,108.62,23815.508
2025-09-01T00:15:00+00:00,108.61,108.84,108.02,108.26,40291.942
2025-09-01T00:30:00+00:00,108.26,108.80,107.89,108.70,39674.650
2025-09-01T00:45:00+00:00,108.71,109.12,108.59,108.72,21632.456
2025-09-01T01:00:00+00:00,108.72,108.97,108.28,108.52,19485.635
2025-09-01T01:15:00+00:00,108.52,108.86,108.28,108.82,10905.794
2025-09-01T01:30:00+00:00,108.82,109.12,108.73,109.09,18788.690
2025-09-01T01:45:00+00:00,109.09,109.28,108.45,108.74,17001.373
2025-09-01T02:00:00+00:00,108.74,108.81,108.29,108.38,13609.029
2025-09-01T02:15:00+00:00,108.38,108.48,107.51,107.93,48983.521
2025-09-01T02:30:00+00:00,107.94,108.60,107.55,107.82,54362.891
2025-09-01T02:45:00+00:00,107.82,107.92,107.30,107.65,38641.935
2025-09-01T03:00:00+00:00,107.65,107.94,107.38,107.56,34927.702
2025-09-01T03:15:00+00:00,107.56,107.86,107.50,107.73,11697.801
2025-09-01T03:30:00+00:00,107.73,107.92,107.56,107.83,7077.622
2025-09-01T03:45:00+00:00,107.83,108.20,107.78,108.02,12493.631
2025-09-01T04:00:00+00:00,108.02,108.23,107.70,108.01,12082.714
2025-09-01T04:15:00+00:00,108.02,108.04,107.55,107.77,23088.707
2025-09-01T04:30:00+00:00,107.77,107.78,107.43,107.47,15415.045
2025-09-01T04:45:00+00:00,107.47,107.59,107.25,107.50,14676.425
2025-09-01T05:00:00+00:00,107.51,107.72,107.18,107.46,20617.560
2025-09-01T05:15:00+00:00,107.46,107.84,107.17,107.80,13370.836
2025-09-01T05:30:00+00:00,107.81,108.20,107.73,108.12,13734.357
2025-09-01T05:45:00+00:00,108.11,108.18,107.88,108.04,7995.632
2025-09-01T06:00:00+00:00,108.04,108.07,107.54,107.72,10294.987
2025-09-01T06:15:00+00:00,107.71,108.32,107.58,108.19,10424.819
2025-09-01T06:30:00+00:00,108.20,108.57,108.20,108.53,11701.411
2025-09-01T06:45:00+00:00,108.53,108.57,108.34,108.41,12955.282
2025-09-01T07:00:00+00:00,108.42,108.64,108.05,108.07,14078.639
2025-09-01T07:15:00+00:00,108.07,109.08,108.04,109.01,25095.354
2025-09-01T07:30:00+00:00,109.01,109.64,108.93,109.40,41505.648
2025-09-01T07:45:00+00:00,109.40,110.47,109.40,110.46,65700.377
2025-09-01T08:00:00+00:00,110.45,111.16,110.26,110.59,140420.529
2025-09-01T08:15:00+00:00,110.59,110.71,110.32,110.32,35019.493
2025-09-01T08:30:00+00:00,110.33,110.73,110.33,110.73,20820.875
2025-09-01T08:45:00+00:00,110.72,111.23,110.62,111.22,29375.323
2025-09-01T09:00:00+00:00,111.21,111.32,111.05,111.14,25020.683
2025-09-01T09:15:00+00:00,111.15,111.17,110.82,110.90,14432.489
2025-09-01T09:30:00+00:00,110.89,111.07,110.50,110.65,17344.838
2025-09-01T09:45:00+00:00,110.66,110.68,110.26,110.33,18435.757
2025-09-01T10:00:00+00:00,110.33,110.43,110.05,110.40,21776.659
2025-09-01T10:15:00+00:00,110.40,110.46,109.78,109.83,25789.400
2025-09-01T10:30:00+00:00,109.83,109.84,109.28,109.52,45456.310
2025-09-01T10:45:00+00:00,109.52,109.80,109.28,109.77,20865.961
2025-09-01T11:00:00+00:00,109.78,110.03,109.73,109.82,19026.806
2025-09-01T11:15:00+00:00,109.82,109.99,109.66,109.68,7290.533
2025-09-01T11:30:00+00:00,109.68,109.69,109.12,109.20,20906.358
2025-09-01T11:45:00+00:00,109.20,109.63,109.20,109.43,10624.005
2025-09-01T12:00:00+00:00,109.42,109.91,109.31,109.84,16612.958
2025-09-01T12:15:00+00:00,109.85,110.04,109.71,109.96,13172.223
2025-09-01T12:30:00+00:00,109.95,110.08,109.78,109.78,12553.408
2025-09-01T12:45:00+00:00,109.79,110.09,109.71,109.93,11376.405
2025-09-01T13:00:00+00:00,109.93,110.07,109.64,109.92,14217.010
2025-09-01T13:15:00+00:00,109.93,110.51,109.72,110.36,22351.514
2025-09-01T13:30:00+00:00,110.35,110.44,110.16,110.21,22789.263
2025-09-01T13:45:00+00:00,110.21,110.25,109.70,109.99,23410.646
2025-09-01T14:00:00+00:00,109.99,110.28,109.81,109.96,14760.322
2025-09-01T14:15:00+00:00,109.95,110.10,109.72,109.82,10173.520
2025-09-01T14:30:00+00:00,109.83,109.89,109.33,109.79,17918.964
2025-09-01T14:45:00+00:00,109.79,110.03,109.49,109.90,12017.582
2025-09-01T15:00:00+00:00,109.89,110.13,109.65,109.86,16099.341
2025-09-01T15:15:00+00:00,109.87,110.00,109.43,109.72,15918.990
2025-09-01T15:30:00+00:00,109.72,109.81,109.53,109.57,13061.175
2025-09-01T15:45:00+00:00,109.58,109.68,109.20,109.46,18575.882
2025-09-01T16:00:00+00:00,109.47,109.55,108.92,109.21,31906.402
2025-09-01T16:15:00+00:00,109.21,109.49,108.97,109.34,20042.435
2025-09-01T16:30:00+00:00,109.34,109.50,108.92,109.05,14231.990
2025-09-01T16:45:00+00:00,109.06,109.28,108.78,108.84,12904.457
2025-09-01T17:00:00+00:00,108.85,108.86,108.23,108.59,57007.829
2025-09-01T17:15:00+00:00,108.58,108.74,108.25,108.44,23062.935
2025-09-01T17:30:00+00:00,108.43,108.58,108.26,108.55,17866.318
2025-09-01T17:45:00+00:00,108.55,108.66,108.38,108.40,10092.323
2025-09-01T18:00:00+00:00,108.41,108.80,108.41,108.75,22925.662
2025-09-01T18:15:00+00:00,108.76,108.85,108.61,108.68,16952.746
2025-09-01T18:30:00+00:00,108.69,109.01,108.65,108.89,14872.212
2025-09-01T18:45:00+00:00,108.90,109.03,108.65,108.65,27479.828
2025-09-01T19:00:00+00:00,108.66,109.05,108.49,108.96,26523.454
2025-09-01T19:15:00+00:00,108.96,109.14,108.85,108.96,8629.871
2025-09-01T19:30:00+00:00,108.95,109.52,108.95,109.37,27270.119
2025-09-01T19:45:00+00:00,109.37,109.42,109.19,109.27,6375.025
2025-09-01T20:00:00+00:00,109.28,109.58,109.24,109.46,11342.852
2025-09-01T20:15:00+00:00,109.46,109.46,108.99,109.20,9895.592
2025-09-01T20:30:00+00:00,109.20,109.21,107.60,107.62,62788.852
2025-09-01T20:45:00+00:00,107.60,109.08,107.41,108.48,177924.349
2025-09-01T21:00:00+00:00,108.48,108.54,107.60,107.73,43627.367
2025-09-01T21:15:00+00:00,107.74,108.04,107.47,107.59,20862.992
2025-09-01T21:30:00+00:00,107.59,107.62,106.30,106.76,68255.312
2025-09-01T21:45:00+00:00,106.76,107.16,106.57,107.07,30505.859
2025-09-01T22:00:00+00:00,107.07,107.17,106.75,107.01,20243.066
2025-09-01T22:15:00+00:00,107.01,107.52,106.98,107.08,19141.664
2025-09-01T22:30:00+00:00,107.09,107.15,106.62,106.62,15906.225
2025-09-01T22:45:00+00:00,106.62,107.48,106.57,107.31,13222.783
2025-09-01T23:00:00+00:00,107.32,107.96,107.26,107.87,27236.767
2025-09-01T23:15:00+00:00,107.87,108.06,107.74,107.94,8508.970
2025-09-01T23:30:00+00:00,107.94,108.34,107.64,108.33,13324.284
2025-09-01T23:45:00+00:00,108.33,108.71,108.25,108.68,20141.289
2025-09-02T00:00:00+00:00,108.68,108.76,108.53,108.71,17281.062
2025-09-02T00:15:00+00:00,108.72,109.08,108.69,108.72,20619.685
2025-09-02T00:30:00+00:00,108.72,109.12,108.67,108.79,14084.668
2025-09-02T00:45:00+00:00,108.79,109.22,108.73,109.14,13190.064
2025-09-02T01:00:00+00:00,109.14,109.44,108.99,108.99,17856.048
2025-09-02T01:15:00+00:00,108.99,109.40,108.60,108.94,41389.279
2025-09-02T01:30:00+00:00,108.94,109.61,108.78,109.54,19544.626
2025-09-02T01:45:00+00:00,109.54,109.77,109.24,109.31,36789.698
2025-09-02T02:00:00+00:00,109.32,109.58,109.18,109.24,21801.049
2025-09-02T02:15:00+00:00,109.24,109.53,108.93,109.37,12922.987
2025-09-02T02:30:00+00:00,109.38,109.44,109.00,109.23,18725.114
2025-09-02T02:45:00+00:00,109.23,109.69,109.14,109.66,24118.051
2025-09-02T03:00:00+00:00,109.64,109.75,109.37,109.59,32518.945
2025-09-02T03:15:00+00:00,109.59,110.24,109.00,110.01,100337.425
2025-09-02T03:30:00+00:00,110.02,110.34,109.90,110.22,19633.377
2025-09-02T03:45:00+00:00,110.23,110.34,110.17,110.25,13022.528
2025-09-02T04:00:00+00:00,110.26,110.50,110.17,110.49,14072.513
2025-09-02T04:15:00+00:00,110.50,110.70,110.38,110.39,17842.406
2025-09-02T04:30:00+00:00,110.40,110.59,110.34,110.52,11624.118
2025-09-02T04:45:00+00:00,110.52,110.60,110.25,110.46,12139.203
2025-09-02T05:00:00+00:00,110.47,110.69,110.06,110.29,20750.987
2025-09-02T05:15:00+00:00,110.30,110.44,110.09,110.32,13434.925
2025-09-02T05:30:00+00:00,110.33,110.57,110.26,110.45,11572.594
2025-09-02T05:45:00+00:00,110.46,110.65,110.39,110.55,8202.484
2025-09-02T06:00:00+00:00,110.55,110.87,110.47,110.85,19871.829
2025-09-02T06:15:00+00:00,110.85,111.24,110.62,110.96,42624.931
2025-09-02T06:30:00+00:00,110.96,111.16,110.92,111.01,18099.307
2025-09-02T06:45:00+00:00,111.02,111.20,110.92,111.11,13440.743
2025-09-02T07:00:00+00:00,111.11,111.20,110.60,110.64,18084.046
2025-09-02T07:15:00+00:00,110.64,110.86,110.55,110.81,11399.917
2025-09-02T07:30:00+00:00,110.80,111.09,110.78,110.87,12575.825
2025-09-02T07:45:00+00:00,110.86,110.92,110.34,110.49,23227.406
2025-09-02T08:00:00+00:00,110.49,110.66,110.17,110.19,16430.244
2025-09-02T08:15:00+00:00,110.19,110.61,110.19,110.48,14241.306
2025-09-02T08:30:00+00:00,110.49,110.60,110.26,110.54,9917.914
2025-09-02T08:45:00+00:00,110.54,110.71,110.39,110.44,20304.736
2025-09-02T09:00:00+00:00,110.45,110.88,110.38,110.78,21384.724
2025-09-02T09:15:00+00:00,110.79,110.98,110.62,110.65,14085.241
2025-09-02T09:30:00+00:00,110.65,110.71,110.51,110.57,8779.383
2025-09-02T09:45:00+00:00,110.57,110.60,110.30,110.45,10199.808
2025-09-02T10:00:00+00:00,110.46,110.49,110.26,110.40,10172.909
2025-09-02T10:15:00+00:00,110.41,110.51,110.29,110.39,7425.778
2025-09-02T10:30:00+00:00,110.39,110.50,110.17,110.46,25144.865
2025-09-02T10:45:00+00:00,110.47,110.80,110.40,110.79,14444.456
2025-09-02T11:00:00+00:00,110.80,110.92,110.75,110.81,25355.046
2025-09-02T11:15:00+00:00,110.80,110.82,110.48,110.50,13553.193
2025-09-02T11:30:00+00:00,110.50,110.76,110.50,110.62,10312.437
2025-09-02T11:45:00+00:00,110.63,110.69,110.19,110.34,14669.235
2025-09-02T12:00:00+00:00,110.34,110.49,109.61,109.65,53230.845
2025-09-02T12:15:00+00:00,109.66,109.96,109.56,109.94,17814.561
2025-09-02T12:30:00+00:00,109.94,110.04,109.24,109.41,43509.212
2025-09-02T12:45:00+00:00,109.41,109.41,108.66,108.78,78562.211
2025-09-02T13:00:00+00:00,108.78,109.41,108.74,109.15,31743.081
2025-09-02T13:15:00+00:00,109.16,109.85,109.14,109.68,25955.420
2025-09-02T13:30:00+00:00,109.69,110.92,109.22,110.90,92514.796
2025-09-02T13:45:00+00:00,110.90,111.67,110.81,111.56,68450.982
2025-09-02T14:00:00+00:00,111.56,111.95,110.76,110.89,75249.590
2025-09-02T14:15:00+00:00,110.88,111.77,110.60,111.76,38917.582
2025-09-02T14:30:00+00:00,111.75,111.97,111.32,111.47,29968.266
2025-09-02T14:45:00+00:00,111.48,111.53,110.81,111.12,20512.947
2025-09-02T15:00:00+00:00,111.11,111.20,110.62,111.04,25838.422
2025-09-02T15:15:00+00:00,111.05,111.24,110.69,110.89,20687.657
2025-09-02T15:30:00+00:00,110.89,110.90,110.17,110.22,30477.710
2025-09-02T15:45:00+00:00,110.22,110.35,109.43,109.52,42915.251
2025-09-02T16:00:00+00:00,109.52,110.24,109.49,110.02,39783.721
2025-09-02T16:15:00+00:00,110.03,110.24,109.61,109.73,27724.079
2025-09-02T16:30:00+00:00,109.73,110.30,109.67,110.19,18518.555
2025-09-02T16:45:00+00:00,110.20,110.58,110.09,110.35,20325.821
2025-09-02T17:00:00+00:00,110.36,110.72,110.28,110.30,10818.059
2025-09-02T17:15:00+00:00,110.31,110.72,110.27,110.71,11971.117
2025-09-02T17:30:00+00:00,110.70,110.92,110.39,110.41,21692.964
2025-09-02T17:45:00+00:00,110.42,110.54,110.26,110.34,7997.178
2025-09-02T18:00:00+00:00,110.33,110.35,109.82,109.98,14326.526
2025-09-02T18:15:00+00:00,109.98,110.07,109.78,109.82,10144.002
2025-09-02T18:30:00+00:00,109.82,109.90,109.55,109.61,9049.683
2025-09-02T18:45:00+00:00,109.61,110.34,109.27,109.99,27670.030
2025-09-02T19:00:00+00:00,110.00,110.41,109.87,109.92,14881.291
2025-09-02T19:15:00+00:00,109.91,110.10,109.68,109.77,10084.151
2025-09-02T19:30:00+00:00,109.78,109.93,109.65,109.86,7416.773
2025-09-02T19:45:00+00:00,109.86,110.10,109.29,109.44,17575.538
2025-09-02T20:00:00+00:00,109.44,110.11,109.40,110.11,16045.720
2025-09-02T20:15:00+00:00,110.12,110.75,110.11,110.61,15760.763
2025-09-02T20:30:00+00:00,110.62,111.01,110.34,110.82,22460.987
2025-09-02T20:45:00+00:00,110.83,111.02,110.12,111.02,40296.805
2025-09-02T21:00:00+00:00,111.03,111.43,111.01,111.41,27846.816
2025-09-02T21:15:00+00:00,111.42,111.82,111.28,111.68,37746.362
2025-09-02T21:30:00+00:00,111.68,112.00,111.62,111.94,25538.951
2025-09-02T21:45:00+00:00,111.94,112.03,111.90,111.98,7912.501
2025-09-02T22:00:00+00:00,111.98,111.98,111.23,111.60,49221.686
2025-09-02T22:15:00+00:00,111.61,111.69,111.36,111.42,15255.602
2025-09-02T22:30:00+00:00,111.41,111.80,111.31,111.75,10340.275
2025-09-02T22:45:00+00:00,111.75,111.81,111.40,111.71,11255.683
2025-09-02T23:00:00+00:00,111.72,111.73,111.43,111.61,11851.422
2025-09-02T23:15:00+00:00,111.61,111.74,111.43,111.52,7655.466
2025-09-02T23:30:00+00:00,111.52,111.57,111.33,111.46,8308.509
2025-09-02T23:45:00+00:00,111.46,111.69,111.39,111.69,4778.622
2025-09-03T00:00:00+00:00,111.69,111.79,111.55,111.68,18357.465
2025-09-03T00:15:00+00:00,111.68,112.18,111.51,112.06,24382.271
2025-09-03T00:30:00+00:00,112.06,112.06,111.34,111.39,15250.713
2025-09-03T00:45:00+00:00,111.38,111.48,111.13,111.22,11891.359
2025-09-03T01:00:00+00:00,111.22,111.25,111.01,111.05,9126.983
2025-09-03T01:15:00+00:00,111.05,111.25,110.81,110.89,13474.783
2025-09-03T01:30:00+00:00,110.89,111.02,110.75,110.90,10195.317
2025-09-03T01:45:00+00:00,110.90,111.46,110.74,111.41,23252.207
2025-09-03T02:00:00+00:00,111.40,111.63,111.01,111.12,17600.901
2025-09-03T02:15:00+00:00,111.12,111.72,111.11,111.62,25625.793
2025-09-03T02:30:00+00:00,111.62,111.62,111.29,111.38,6981.668
2025-09-03T02:45:00+00:00,111.38,111.67,111.38,111.53,7276.931
2025-09-03T03:00:00+00:00,111.52,111.62,111.25,111.33,9717.670
2025-09-03T03:15:00+00:00,111.33,111.53,111.23,111.40,8089.691
2025-09-03T03:30:00+00:00,111.40,111.42,111.09,111.25,9502.578
2025-09-03T03:45:00+00:00,111.24,111.45,111.12,111.38,8702.073
2025-09-03T04:00:00+00:00,111.38,111.55,111.13,111.14,6818.592
2025-09-03T04:15:00+00:00,111.14,111.42,111.04,111.28,9065.091
2025-09-03T04:30:00+00:00,111.27,111.51,111.27,111.40,6934.967
2025-09-03T04:45:00+00:00,111.40,111.52,111.25,111.44,7200.621
2025-09-03T05:00:00+00:00,111.43,111.54,111.13,111.22,7770.978
2025-09-03T05:15:00+00:00,111.21,111.23,110.98,111.18,8433.520
2025-09-03T05:30:00+00:00,111.19,111.54,111.04,111.36,13515.404
2025-09-03T05:45:00+00:00,111.36,111.59,111.29,111.34,13520.785
2025-09-03T06:00:00+00:00,111.34,111.36,110.91,111.12,20856.105
2025-09-03T06:15:00+00:00,111.12,111.46,111.02,111.42,11044.597
2025-09-03T06:30:00+00:00,111.42,111.57,111.32,111.50,9419.485
2025-09-03T06:45:00+00:00,111.52,111.64,111.45,111.50,10798.050
2025-09-03T07:00:00+00:00,111.49,111.51,111.05,111.10,12759.296
2025-09-03T07:15:00+00:00,111.10,111.15,110.83,111.11,16949.303
2025-09-03T07:30:00+00:00,111.11,111.41,111.07,111.30,11183.690
2025-09-03T07:45:00+00:00,111.29,111.74,111.25,111.72,19419.447
2025-09-03T08:00:00+00:00,111.72,112.06,111.67,112.03,18782.390
2025-09-03T08:15:00+00:00,112.03,112.19,111.90,111.97,28306.702
2025-09-03T08:30:00+00:00,111.98,112.10,111.77,111.84,15377.094
2025-09-03T08:45:00+00:00,111.84,111.90,111.65,111.77,10018.826
2025-09-03T09:00:00+00:00,111.78,111.89,111.44,111.51,12999.078
2025-09-03T09:15:00+00:00,111.52,111.98,111.51,111.97,9190.204
2025-09-03T09:30:00+00:00,111.97,112.08,111.78,111.88,24506.297
2025-09-03T09:45:00+00:00,111.89,112.28,111.81,112.27,14625.132
2025-09-03T10:00:00+00:00,112.26,112.31,111.88,112.07,13629.150
2025-09-03T10:15:00+00:00,112.08,112.46,112.05,112.45,16642.181
2025-09-03T10:30:00+00:00,112.45,112.49,112.10,112.17,13000.965
2025-09-03T10:45:00+00:00,112.17,112.17,111.98,112.01,8691.052
2025-09-03T11:00:00+00:00,112.01,112.32,111.92,112.19,13528.288
2025-09-03T11:15:00+00:00,112.20,112.30,112.06,112.12,9451.373
2025-09-03T11:30:00+00:00,112.12,112.25,111.95,112.19,8983.955
2025-09-03T11:45:00+00:00,112.19,112.19,111.83,111.86,17165.695
2025-09-03T12:00:00+00:00,111.86,112.00,111.81,111.93,12544.843
2025-09-03T12:15:00+00:00,111.94,112.17,111.84,111.84,11085.880
2025-09-03T12:30:00+00:00,111.84,112.03,111.61,111.64,25545.998
2025-09-03T12:45:00+00:00,111.63,111.67,111.44,111.55,22585.787
2025-09-03T13:00:00+00:00,111.56,111.98,111.49,111.97,13323.188
2025-09-03T13:15:00+00:00,111.97,112.21,111.90,111.92,13752.796
2025-09-03T13:30:00+00:00,111.93,112.66,111.90,112.53,27677.469
2025-09-03T13:45:00+00:00,112.52,112.85,112.32,112.43,38235.727
2025-09-03T14:00:00+00:00,112.43,112.84,112.43,112.52,40605.792
2025-09-03T14:15:00+00:00,112.52,112.66,112.10,112.35,30314.905
2025-09-03T14:30:00+00:00,112.36,113.07,112.36,113.01,33258.491
2025-09-03T14:45:00+00:00,113.02,113.27,112.86,113.11,29316.876
2025-09-03T15:00:00+00:00,113.10,113.17,112.89,112.97,20918.058
2025-09-03T15:15:00+00:00,112.97,113.00,112.56,112.73,20671.144
2025-09-03T15:30:00+00:00,112.72,113.09,112.69,112.98,11915.724
2025-09-03T15:45:00+00:00,112.98,113.04,112.61,112.79,17589.480
2025-09-03T16:00:00+00:00,112.80,113.15,112.77,113.15,16758.057
2025-09-03T16:15:00+00:00,113.14,113.14,112.60,112.64,16873.153
2025-09-03T16:30:00+00:00,112.64,112.71,112.27,112.35,37632.645
2025-09-03T16:45:00+00:00,112.34,112.46,112.15,112.45,14341.554
2025-09-03T17:00:00+00:00,112.44,112.85,112.44,112.84,14299.974
2025-09-03T17:15:00+00:00,112.83,112.89,112.69,112.86,9174.904
2025-09-03T17:30:00+00:00,112.85,112.96,112.63,112.63,10062.758
2025-09-03T17:45:00+00:00,112.63,112.84,112.56,112.65,7463.998
2025-09-03T18:00:00+00:00,112.64,112.72,112.56,112.67,7506.823
2025-09-03T18:15:00+00:00,112.66,112.69,112.49,112.60,5731.595
2025-09-03T18:30:00+00:00,112.61,112.61,112.26,112.36,10781.635
2025-09-03T18:45:00+00:00,112.36,112.36,112.10,112.27,11000.261
2025-09-03T19:00:00+00:00,112.26,112.43,112.11,112.16,6999.359
2025-09-03T19:15:00+00:00,112.16,112.33,112.14,112.21,7512.223
2025-09-03T19:30:00+00:00,112.21,112.49,112.20,112.46,6884.102
2025-09-03T19:45:00+00:00,112.46,112.74,112.42,112.74,9880.663
2025-09-03T20:00:00+00:00,112.73,112.77,112.56,112.59,10565.302
2025-09-03T20:15:00+00:00,112.60,112.67,112.42,112.44,9439.723
2025-09-03T20:30:00+00:00,112.44,112.66,112.43,112.55,5309.747
2025-09-03T20:45:00+00:00,112.56,112.60,112.32,112.44,6545.365
2025-09-03T21:00:00+00:00,112.43,112.56,112.32,112.56,7760.145
2025-09-03T21:15:00+00:00,112.56,112.63,112.45,112.62,3174.067
2025-09-03T21:30:00+00:00,112.62,112.67,112.45,112.55,6457.232
2025-09-03T21:45:00+00:00,112.55,112.94,112.39,112.92,10166.115
2025-09-03T22:00:00+00:00,112.91,113.04,112.81,112.98,14252.477
2025-09-03T22:15:00+00:00,112.98,113.24,112.93,113.14,16355.850
2025-09-03T22:30:00+00:00,113.14,113.17,112.95,113.09,9821.151
2025-09-03T22:45:00+00:00,113.09,113.16,112.92,113.00,7767.734
2025-09-03T23:00:00+00:00,113.00,113.02,112.84,112.85,6206.592
2025-09-03T23:15:00+00:00,112.85,112.93,112.78,112.84,7177.881
2025-09-03T23:30:00+00:00,112.84,112.92,112.78,112.84,5930.133
2025-09-03T23:45:00+00:00,112.84,112.95,112.79,112.94,5260.602
2025-09-04T00:00:00+00:00,112.94,113.18,112.93,113.13,10734.598
2025-09-04T00:15:00+00:00,113.12,113.45,112.98,113.18,15372.455
2025-09-04T00:30:00+00:00,113.18,113.23,113.00,113.00,8820.887
2025-09-04T00:45:00+00:00,113.00,113.04,112.92,113.00,5727.049
2025-09-04T01:00:00+00:00,112.99,113.00,112.50,112.56,19161.400
2025-09-04T01:15:00+00:00,112.56,112.66,112.50,112.60,10367.785
2025-09-04T01:30:00+00:00,112.61,112.80,112.54,112.59,8605.863
2025-09-04T01:45:00+00:00,112.59,112.89,112.51,112.89,7604.025
2025-09-04T02:00:00+00:00,112.88,112.96,112.69,112.73,5605.983
2025-09-04T02:15:00+00:00,112.73,112.79,112.38,112.39,11169.956
2025-09-04T02:30:00+00:00,112.38,112.60,112.26,112.32,15636.018
2025-09-04T02:45:00+00:00,112.32,112.38,112.00,112.05,13346.298
2025-09-04T03:00:00+00:00,112.06,112.12,111.83,111.93,19281.633
2025-09-04T03:15:00+00:00,111.94,112.24,111.85,111.90,14741.139
2025-09-04T03:30:00+00:00,111.91,111.92,111.62,111.69,14409.936
2025-09-04T03:45:00+00:00,111.69,111.73,111.54,111.61,7836.474
2025-09-04T04:00:00+00:00,111.61,111.76,111.42,111.69,26437.581
2025-09-04T04:15:00+00:00,111.69,111.86,111.49,111.53,19419.325
2025-09-04T04:30:00+00:00,111.52,111.78,111.49,111.70,10535.101
2025-09-04T04:45:00+00:00,111.71,111.83,111.42,111.46,27263.791
2025-09-04T05:00:00+00:00,111.46,111.46,111.09,111.17,32733.636
2025-09-04T05:15:00+00:00,111.16,111.28,110.83,110.99,21177.887
2025-09-04T05:30:00+00:00,110.99,111.11,110.87,110.90,11218.177
2025-09-04T05:45:00+00:00,110.90,111.15,110.84,111.14,11026.389
2025-09-04T06:00:00+00:00,111.14,111.27,110.99,111.17,11782.241
2025-09-04T06:15:00+00:00,111.17,111.17,110.81,111.03,12910.005
2025-09-04T06:30:00+00:00,111.03,111.19,110.96,111.09,8571.095
2025-09-04T06:45:00+00:00,111.10,111.10,110.77,110.87,11382.925
2025-09-04T07:00:00+00:00,110.87,111.38,110.82,111.36,18332.649
2025-09-04T07:15:00+00:00,111.37,111.45,111.14,111.16,13391.281
2025-09-04T07:30:00+00:00,111.17,111.33,111.13,111.21,8757.143
2025-09-04T07:45:00+00:00,111.21,111.38,111.14,111.30,5712.499
2025-09-04T08:00:00+00:00,111.30,111.54,111.19,111.23,18369.206
2025-09-04T08:15:00+00:00,111.23,111.50,111.23,111.50,9212.356
2025-09-04T08:30:00+00:00,111.50,111.55,111.34,111.41,6531.157
2025-09-04T08:45:00+00:00,111.41,111.41,110.90,110.94,11366.397
2025-09-04T09:00:00+00:00,110.94,111.25,110.94,111.18,6600.310
2025-09-04T09:15:00+00:00,111.18,111.23,110.83,110.86,8884.436
2025-09-04T09:30:00+00:00,110.86,111.02,110.83,110.91,10365.098
2025-09-04T09:45:00+00:00,110.91,111.11,110.84,111.10,6844.184
2025-09-04T10:00:00+00:00,111.09,111.38,111.00,111.31,12140.698
2025-09-04T10:15:00+00:00,111.30,111.33,111.12,111.16,4960.938
2025-09-04T10:30:00+00:00,111.16,111.32,111.09,111.12,5731.965
2025-09-04T10:45:00+00:00,111.12,111.29,110.86,110.87,10846.665
2025-09-04T11:00:00+00:00,110.87,111.38,110.72,111.37,16634.752
2025-09-04T11:15:00+00:00,111.37,111.52,111.12,111.13,13747.528
2025-09-04T11:30:00+00:00,111.13,111.23,111.07,111.21,5863.222
2025-09-04T11:45:00+00:00,111.21,111.28,110.95,110.96,6780.509
2025-09-04T12:00:00+00:00,110.96,111.31,110.91,111.31,16102.091
2025-09-04T12:15:00+00:00,111.31,111.40,111.06,111.20,24767.107
2025-09-04T12:30:00+00:00,111.21,111.37,110.66,110.87,26487.106
2025-09-04T12:45:00+00:00,110.87,111.22,110.85,111.22,9373.258
2025-09-04T13:00:00+00:00,111.22,111.27,110.98,111.00,8291.977
2025-09-04T13:15:00+00:00,111.00,111.17,110.92,111.03,5282.448
2025-09-04T13:30:00+00:00,111.02,111.18,110.52,110.65,44590.843
2025-09-04T13:45:00+00:00,110.66,110.79,110.36,110.70,22453.803
2025-09-04T14:00:00+00:00,110.68,110.73,109.82,110.01,58797.515
2025-09-04T14:15:00+00:00,110.01,110.59,109.85,110.44,34299.031
2025-09-04T14:30:00+00:00,110.44,110.69,110.39,110.51,16683.972
2025-09-04T14:45:00+00:00,110.51,110.64,110.30,110.35,12401.565
2025-09-04T15:00:00+00:00,110.36,110.37,109.84,110.00,27347.898
2025-09-04T15:15:00+00:00,110.00,110.11,109.68,109.83,29031.654
2025-09-04T15:30:00+00:00,109.83,109.99,109.67,109.91,23802.547
2025-09-04T15:45:00+00:00,109.92,110.17,109.82,109.99,15646.480
2025-09-04T16:00:00+00:00,109.98,110.28,109.94,110.01,13536.127
2025-09-04T16:15:00+00:00,110.01,110.04,109.54,109.60,29143.725
2025-09-04T16:30:00+00:00,109.59,109.82,109.58,109.79,11359.992
2025-09-04T16:45:00+00:00,109.78,109.96,109.78,109.91,5593.938
2025-09-04T17:00:00+00:00,109.90,110.16,109.88,110.04,6223.097
2025-09-04T17:15:00+00:00,110.04,110.24,110.04,110.16,6823.291
2025-09-04T17:30:00+00:00,110.17,110.18,109.80,109.81,5758.899
2025-09-04T17:45:00+00:00,109.81,110.01,109.81,109.96,4842.479
2025-09-04T18:00:00+00:00,109.96,110.19,109.90,109.96,25241.429
2025-09-04T18:15:00+00:00,109.96,110.07,109.66,109.66,15214.014
2025-09-04T18:30:00+00:00,109.66,110.08,109.44,109.97,18959.882
2025-09-04T18:45:00+00:00,109.96,109.98,109.73,109.82,26458.844
2025-09-04T19:00:00+00:00,109.82,110.02,109.73,110.01,8564.031
2025-09-04T19:15:00+00:00,110.02,110.05,109.82,109.95,6155.915
2025-09-04T19:30:00+00:00,109.95,110.04,109.66,109.79,38666.875
2025-09-04T19:45:00+00:00,109.78,109.88,109.63,109.78,5773.881
2025-09-04T20:00:00+00:00,109.78,110.39,109.69,110.21,40636.124
2025-09-04T20:15:00+00:00,110.22,110.44,110.11,110.44,7980.413
2025-09-04T20:30:00+00:00,110.43,110.60,110.34,110.55,9895.324
2025-09-04T20:45:00+00:00,110.55,110.65,110.50,110.59,12425.705
2025-09-04T21:00:00+00:00,110.60,110.75,110.58,110.67,12775.970
2025-09-04T21:15:00+00:00,110.67,110.84,110.67,110.81,9525.710
2025-09-04T21:30:00+00:00,110.81,111.04,110.76,111.03,10484.421
2025-09-04T21:45:00+00:00,111.04,111.04,110.93,110.93,5108.802
2025-09-04T22:00:00+00:00,110.93,111.17,110.90,111.02,16203.851
2025-09-04T22:15:00+00:00,111.02,111.35,110.99,111.32,11364.119
2025-09-04T22:30:00+00:00,111.33,111.41,111.22,111.24,14484.701
2025-09-04T22:45:00+00:00,111.24,111.74,111.18,111.54,20657.638
2025-09-04T23:00:00+00:00,111.55,111.77,111.47,111.54,18036.466
2025-09-04T23:15:00+00:00,111.54,111.56,111.30,111.40,12453.357
2025-09-04T23:30:00+00:00,111.41,111.41,111.06,111.15,9525.856
2025-09-04T23:45:00+00:00,111.15,111.24,110.96,111.00,7287.498
2025-09-05T00:00:00+00:00,110.99,111.36,110.96,111.34,14288.318
2025-09-05T00:15:00+00:00,111.34,111.52,111.27,111.46,12752.358
2025-09-05T00:30:00+00:00,111.46,111.62,111.30,111.49,9165.373
2025-09-05T00:45:00+00:00,111.49,111.49,111.07,111.11,7857.843
2025-09-05T01:00:00+00:00,111.12,111.32,111.05,111.24,6924.923
2025-09-05T01:15:00+00:00,111.25,111.77,111.15,111.75,15069.649
2025-09-05T01:30:00+00:00,111.74,112.47,111.72,112.46,23223.876
2025-09-05T01:45:00+00:00,112.46,112.49,112.22,112.30,19973.982
2025-09-05T02:00:00+00:00,112.30,112.49,111.99,112.20,36229.224
2025-09-05T02:15:00+00:00,112.19,112.40,112.01,112.27,22282.231
2025-09-05T02:30:00+00:00,112.27,112.28,111.96,111.96,12454.920
2025-09-05T02:45:00+00:00,111.97,112.03,111.83,111.93,6905.548
2025-09-05T03:00:00+00:00,111.93,111.97,111.56,111.57,11803.264
2025-09-05T03:15:00+00:00,111.57,111.73,110.95,111.04,24024.565
2025-09-05T03:30:00+00:00,111.04,111.21,111.03,111.10,14034.214
2025-09-05T03:45:00+00:00,111.11,111.36,110.97,111.26,11435.527
2025-09-05T04:00:00+00:00,111.25,111.34,111.14,111.21,8114.084
2025-09-05T04:15:00+00:00,111.20,111.32,111.08,111.32,5842.537
2025-09-05T04:30:00+00:00,111.32,111.63,111.32,111.47,12968.394
2025-09-05T04:45:00+00:00,111.47,111.64,111.39,111.54,8251.888
2025-09-05T05:00:00+00:00,111.54,111.69,111.45,111.68,5555.826
2025-09-05T05:15:00+00:00,111.67,111.74,111.47,111.49,5248.556
2025-09-05T05:30:00+00:00,111.49,111.55,111.36,111.52,4447.784
2025-09-05T05:45:00+00:00,111.51,111.82,111.46,111.79,6030.451
2025-09-05T06:00:00+00:00,111.80,112.04,111.70,111.77,16986.970
2025-09-05T06:15:00+00:00,111.76,111.83,111.56,111.62,8772.651
2025-09-05T06:30:00+00:00,111.62,111.88,111.59,111.87,6472.550
2025-09-05T06:45:00+00:00,111.87,111.94,111.72,111.86,6040.838
2025-09-05T07:00:00+00:00,111.86,112.31,111.85,112.09,18636.174
2025-09-05T07:15:00+00:00,112.09,112.52,112.06,112.50,27707.096
2025-09-05T07:30:00+00:00,112.51,112.77,112.46,112.77,55309.883
2025-09-05T07:45:00+00:00,112.76,113.16,112.69,113.13,32204.559
2025-09-05T08:00:00+00:00,113.13,113.20,112.81,112.97,29283.387
2025-09-05T08:15:00+00:00,112.97,113.03,112.68,112.92,22632.312
2025-09-05T08:30:00+00:00,112.93,113.04,112.77,113.03,10583.820
2025-09-05T08:45:00+00:00,113.04,113.11,112.83,113.03,13996.234
2025-09-05T09:00:00+00:00,113.04,113.12,112.82,112.83,12027.661
2025-09-05T09:15:00+00:00,112.83,112.89,112.53,112.73,22909.943
2025-09-05T09:30:00+00:00,112.72,113.01,112.67,112.95,10972.357
2025-09-05T09:45:00+00:00,112.95,113.30,112.90,113.29,11498.800
2025-09-05T10:00:00+00:00,113.28,113.34,112.93,112.98,19228.042
2025-09-05T10:15:00+00:00,112.97,113.13,112.92,113.08,9560.895
2025-09-05T10:30:00+00:00,113.07,113.11,112.79,112.84,10492.649
2025-09-05T10:45:00+00:00,112.84,112.91,112.75,112.79,9201.685
2025-09-05T11:00:00+00:00,112.80,113.01,112.74,112.93,11820.586
2025-09-05T11:15:00+00:00,112.92,113.03,112.85,112.94,8105.310
2025-09-05T11:30:00+00:00,112.95,113.05,112.89,112.97,6327.421
2025-09-05T11:45:00+00:00,112.98,113.00,112.81,112.84,5219.274
2025-09-05T12:00:00+00:00,112.84,112.85,112.72,112.82,9429.959
2025-09-05T12:15:00+00:00,112.82,113.28,112.80,113.27,24815.186
2025-09-05T12:30:00+00:00,113.28,113.98,112.33,113.62,235960.953
2025-09-05T12:45:00+00:00,113.62,114.12,113.32,114.06,38147.520
2025-09-05T13:00:00+00:00,114.05,114.34,114.00,114.07,45613.978
2025-09-05T13:15:00+00:00,114.07,114.15,113.84,113.90,28166.926
2025-09-05T13:30:00+00:00,113.91,114.87,113.85,114.81,106479.784
2025-09-05T13:45:00+00:00,114.82,115.09,114.57,114.73,59829.470
2025-09-05T14:00:00+00:00,114.74,114.76,113.60,113.74,66688.074
2025-09-05T14:15:00+00:00,113.75,113.86,112.36,112.67,224048.228
2025-09-05T14:30:00+00:00,112.66,112.78,111.50,112.06,185889.936
2025-09-05T14:45:00+00:00,112.05,112.32,111.43,111.89,82262.625
2025-09-05T15:00:00+00:00,111.89,112.57,111.81,112.48,78790.001
2025-09-05T15:15:00+00:00,112.49,112.86,112.41,112.81,35254.796
2025-09-05T15:30:00+00:00,112.81,112.84,112.36,112.74,33481.844
2025-09-05T15:45:00+00:00,112.74,112.74,112.22,112.29,20573.790
2025-09-05T16:00:00+00:00,112.29,112.48,112.02,112.47,31199.478
2025-09-05T16:15:00+00:00,112.48,112.69,112.24,112.43,18052.303
2025-09-05T16:30:00+00:00,112.44,112.57,112.27,112.56,7726.231
2025-09-05T16:45:00+00:00,112.57,112.75,112.54,112.71,8550.355
2025-09-05T17:00:00+00:00,112.71,112.71,112.38,112.40,10496.361
2025-09-05T17:15:00+00:00,112.40,112.52,112.34,112.35,8226.207
2025-09-05T17:30:00+00:00,112.35,112.35,111.84,112.04,23400.779
2025-09-05T17:45:00+00:00,112.05,112.45,112.00,112.38,8007.768
2025-09-05T18:00:00+00:00,112.37,112.52,112.19,112.26,12297.809
2025-09-05T18:15:00+00:00,112.27,112.82,112.26,112.80,12364.085
2025-09-05T18:30:00+00:00,112.81,113.07,112.75,112.95,19889.967
2025-09-05T18:45:00+00:00,112.96,113.15,112.95,113.02,15533.623
2025-09-05T19:00:00+00:00,113.02,113.14,112.86,112.86,9901.208
2025-09-05T19:15:00+00:00,112.86,113.11,112.52,113.05,41721.826
2025-09-05T19:30:00+00:00,113.05,113.22,112.97,113.00,16224.677
2025-09-05T19:45:00+00:00,113.01,113.22,112.99,113.19,8450.041
2025-09-05T20:00:00+00:00,113.19,113.31,113.04,113.11,12747.539
2025-09-05T20:15:00+00:00,113.12,113.12,112.96,113.03,4166.776
2025-09-05T20:30:00+00:00,113.04,113.25,112.98,113.14,7048.853
2025-09-05T20:45:00+00:00,113.14,113.26,113.04,113.19,10299.840
2025-09-05T21:00:00+00:00,113.20,113.23,112.79,112.94,16081.702
2025-09-05T21:15:00+00:00,112.96,112.99,112.20,112.60,57797.615
2025-09-05T21:30:00+00:00,112.61,112.77,112.31,112.48,12052.499
2025-09-05T21:45:00+00:00,112.48,112.49,111.93,111.99,33508.297
2025-09-05T22:00:00+00:00,112.00,112.23,111.99,112.09,17387.739
2025-09-05T22:15:00+00:00,112.09,112.15,111.87,111.95,11947.053
2025-09-05T22:30:00+00:00,111.95,112.37,111.91,112.36,5069.288
2025-09-05T22:45:00+00:00,112.36,112.47,112.26,112.33,5681.882
2025-09-05T23:00:00+00:00,112.34,112.36,112.16,112.18,8149.587
2025-09-05T23:15:00+00:00,112.18,112.27,111.88,111.91,12886.527
2025-09-05T23:30:00+00:00,111.91,112.08,111.87,112.00,7784.988
2025-09-05T23:45:00+00:00,112.00,112.12,111.88,112.01,6268.600
2025-09-06T00:00:00+00:00,112.01,112.02,111.74,111.85,13232.633
2025-09-06T00:15:00+00:00,111.86,112.22,111.86,112.14,5069.408
2025-09-06T00:30:00+00:00,112.14,112.24,112.10,112.21,6337.316
2025-09-06T00:45:00+00:00,112.21,112.26,112.06,112.22,3757.740
2025-09-06T01:00:00+00:00,112.22,112.28,112.06,112.24,3950.258
2025-09-06T01:15:00+00:00,112.25,112.32,112.11,112.15,5543.053
2025-09-06T01:30:00+00:00,112.16,112.36,112.11,112.35,6048.206
2025-09-06T01:45:00+00:00,112.36,112.49,112.33,112.39,14127.986
2025-09-06T02:00:00+00:00,112.40,112.45,112.12,112.13,6563.873
2025-09-06T02:15:00+00:00,112.12,112.21,112.03,112.11,9021.140
2025-09-06T02:30:00+00:00,112.11,112.17,112.08,112.08,4506.588
2025-09-06T02:45:00+00:00,112.09,112.35,112.08,112.34,5657.105
2025-09-06T03:00:00+00:00,112.34,112.37,112.23,112.25,3863.459
2025-09-06T03:15:00+00:00,112.25,112.37,112.23,112.29,8739.722
2025-09-06T03:30:00+00:00,112.30,112.33,112.17,112.24,3525.873
2025-09-06T03:45:00+00:00,112.24,112.25,112.07,112.15,5000.720
2025-09-06T04:00:00+00:00,112.15,112.15,111.78,111.78,10776.463
2025-09-06T04:15:00+00:00,111.78,111.80,111.58,111.58,10898.042
2025-09-06T04:30:00+00:00,111.58,111.68,111.43,111.52,19573.703
2025-09-06T04:45:00+00:00,111.53,111.64,111.47,111.55,8356.182
2025-09-06T05:00:00+00:00,111.55,111.57,111.43,111.52,5896.959
2025-09-06T05:15:00+00:00,111.53,111.56,111.24,111.33,10583.996
2025-09-06T05:30:00+00:00,111.34,111.45,111.26,111.33,6630.833
2025-09-06T05:45:00+00:00,111.33,111.44,111.27,111.32,5183.414
2025-09-06T06:00:00+00:00,111.31,111.45,111.25,111.44,8353.015
2025-09-06T06:15:00+00:00,111.45,111.45,111.27,111.32,5174.792
2025-09-06T06:30:00+00:00,111.31,111.45,111.30,111.37,5187.855
2025-09-06T06:45:00+00:00,111.37,111.43,111.33,111.40,5563.610
2025-09-06T07:00:00+00:00,111.40,111.51,111.35,111.49,4922.276
2025-09-06T07:15:00+00:00,111.49,111.59,111.41,111.58,6436.598
2025-09-06T07:30:00+00:00,111.58,111.65,111.52,111.64,5621.184
2025-09-06T07:45:00+00:00,111.64,111.67,111.54,111.66,6251.771
2025-09-06T08:00:00+00:00,111.67,111.69,111.53,111.54,5334.977
2025-09-06T08:15:00+00:00,111.55,111.66,111.54,111.61,4041.472
2025-09-06T08:30:00+00:00,111.61,111.71,111.60,111.68,3838.323
2025-09-06T08:45:00+00:00,111.67,111.72,111.61,111.68,4305.749
2025-09-06T09:00:00+00:00,111.69,111.69,111.49,111.53,8077.632
2025-09-06T09:15:00+00:00,111.53,111.58,111.51,111.53,3483.263
2025-09-06T09:30:00+00:00,111.53,111.64,111.50,111.59,5206.773
2025-09-06T09:45:00+00:00,111.59,111.69,111.44,111.44,33370.119
2025-09-06T10:00:00+00:00,111.43,111.48,111.17,111.32,13182.600
2025-09-06T10:15:00+00:00,111.32,111.40,111.18,111.23,8812.769
2025-09-06T10:30:00+00:00,111.22,111.55,111.18,111.54,6182.990
2025-09-06T10:45:00+00:00,111.55,111.55,111.43,111.55,3652.082
2025-09-06T11:00:00+00:00,111.55,111.55,111.37,111.46,3192.956
2025-09-06T11:15:00+00:00,111.45,111.45,111.31,111.40,2642.700
2025-09-06T11:30:00+00:00,111.40,111.43,111.30,111.41,5038.697
2025-09-06T11:45:00+00:00,111.41,111.65,111.40,111.64,3340.293
2025-09-06T12:00:00+00:00,111.64,111.75,111.54,111.67,5712.034
2025-09-06T12:15:00+00:00,111.67,111.72,111.46,111.58,8926.216
2025-09-06T12:30:00+00:00,111.58,111.64,111.41,111.53,16033.586
2025-09-06T12:45:00+00:00,111.53,111.64,111.39,111.40,51681.797
2025-09-06T13:00:00+00:00,111.40,111.60,111.36,111.49,57852.029
2025-09-06T13:15:00+00:00,111.50,111.58,111.45,111.45,20572.488
2025-09-06T13:30:00+00:00,111.45,111.46,111.28,111.41,21127.678
2025-09-06T13:45:00+00:00,111.42,111.47,111.23,111.45,57930.479
2025-09-06T14:00:00+00:00,111.45,111.66,111.35,111.56,15930.161
2025-09-06T14:15:00+00:00,111.56,111.68,111.50,111.60,6472.492
2025-09-06T14:30:00+00:00,111.61,111.70,111.55,111.65,5389.229
2025-09-06T14:45:00+00:00,111.65,111.65,111.49,111.54,7919.772
2025-09-06T15:00:00+00:00,111.54,111.57,111.29,111.40,13754.773
2025-09-06T15:15:00+00:00,111.41,112.00,111.40,111.85,24936.570
2025-09-06T15:30:00+00:00,111.86,112.20,111.66,111.71,26527.432
2025-09-06T15:45:00+00:00,111.71,111.71,111.36,111.39,11486.806
2025-09-06T16:00:00+00:00,111.40,111.84,111.36,111.65,20118.500
2025-09-06T16:15:00+00:00,111.65,112.04,111.30,111.94,29807.450
2025-09-06T16:30:00+00:00,111.95,112.26,111.93,112.25,13338.162
2025-09-06T16:45:00+00:00,112.26,112.36,111.92,111.93,24096.636
2025-09-06T17:00:00+00:00,111.93,112.18,111.78,112.17,14162.743
2025-09-06T17:15:00+00:00,112.18,112.22,112.02,112.04,4894.769
2025-09-06T17:30:00+00:00,112.05,112.05,111.73,111.74,6064.153
2025-09-06T17:45:00+00:00,111.73,112.00,111.72,111.94,5676.859
2025-09-06T18:00:00+00:00,111.93,112.19,111.89,112.19,7559.998
2025-09-06T18:15:00+00:00,112.20,112.20,112.04,112.12,3633.101
2025-09-06T18:30:00+00:00,112.12,112.14,111.91,111.92,5574.936
2025-09-06T18:45:00+00:00,111.91,112.24,111.87,112.22,4944.892
2025-09-06T19:00:00+00:00,112.23,112.33,112.21,112.31,6806.238
2025-09-06T19:15:00+00:00,112.32,112.35,112.12,112.12,6399.485
2025-09-06T19:30:00+00:00,112.13,112.18,111.96,111.99,5013.152
2025-09-06T19:45:00+00:00,111.99,112.25,111.93,112.25,12743.338
2025-09-06T20:00:00+00:00,112.26,112.37,112.12,112.14,11537.846
2025-09-06T20:15:00+00:00,112.15,112.20,111.90,111.92,22115.638
2025-09-06T20:30:00+00:00,111.91,112.13,111.87,112.11,12600.106
2025-09-06T20:45:00+00:00,112.12,112.38,112.11,112.37,6656.751
2025-09-06T21:00:00+00:00,112.38,112.42,111.72,112.01,35642.110
2025-09-06T21:15:00+00:00,112.01,112.02,111.89,111.93,6307.988
2025-09-06T21:30:00+00:00,111.93,111.94,111.66,111.85,9184.040
2025-09-06T21:45:00+00:00,111.86,111.93,111.76,111.85,6028.460
2025-09-06T22:00:00+00:00,111.85,111.94,111.77,111.86,8109.305
2025-09-06T22:15:00+00:00,111.86,111.94,111.75,111.75,7456.729
2025-09-06T22:30:00+00:00,111.75,111.77,111.52,111.64,8072.994
2025-09-06T22:45:00+00:00,111.65,111.81,111.64,111.80,4692.969
2025-09-06T23:00:00+00:00,111.81,111.83,111.41,111.60,23672.619
2025-09-06T23:15:00+00:00,111.61,112.13,111.59,112.00,29820.149
2025-09-06T23:30:00+00:00,112.01,112.17,112.01,112.07,8420.487
2025-09-06T23:45:00+00:00,112.08,112.15,111.99,112.09,4350.690
2025-09-07T00:00:00+00:00,112.09,112.36,112.09,112.23,12240.465
2025-09-07T00:15:00+00:00,112.24,112.33,112.18,112.27,9386.016
2025-09-07T00:30:00+00:00,112.28,112.39,112.19,112.39,11417.865
2025-09-07T00:45:00+00:00,112.39,112.47,112.39,112.40,11406.805
2025-09-07T01:00:00+00:00,112.41,112.54,112.38,112.51,10193.151
2025-09-07T01:15:00+00:00,112.52,112.55,112.45,112.53,9768.440
2025-09-07T01:30:00+00:00,112.53,112.67,112.45,112.62,9126.863
2025-09-07T01:45:00+00:00,112.62,112.83,112.61,112.70,10724.223
2025-09-07T02:00:00+00:00,112.71,112.71,112.50,112.63,7097.246
2025-09-07T02:15:00+00:00,112.64,112.66,112.52,112.58,3795.167
2025-09-07T02:30:00+00:00,112.59,112.74,112.54,112.73,5652.979
2025-09-07T02:45:00+00:00,112.74,113.07,112.71,113.00,10961.280
2025-09-07T03:00:00+00:00,113.01,113.07,112.85,112.85,6393.111
2025-09-07T03:15:00+00:00,112.85,113.07,112.84,112.96,8234.415
2025-09-07T03:30:00+00:00,112.96,113.00,112.74,112.75,6102.723
2025-09-07T03:45:00+00:00,112.76,112.83,112.66,112.79,7080.966
2025-09-07T04:00:00+00:00,112.80,112.86,112.61,112.65,6930.955
2025-09-07T04:15:00+00:00,112.65,112.74,112.65,112.68,4177.605
2025-09-07T04:30:00+00:00,112.69,112.80,112.65,112.77,4876.560
2025-09-07T04:45:00+00:00,112.78,112.90,112.76,112.89,4459.443
2025-09-07T05:00:00+00:00,112.90,112.95,112.83,112.93,7898.090
2025-09-07T05:15:00+00:00,112.94,113.05,112.79,113.03,8463.555
2025-09-07T05:30:00+00:00,113.04,113.08,112.94,113.01,7094.731
2025-09-07T05:45:00+00:00,113.02,113.67,112.93,113.52,25850.001
2025-09-07T06:00:00+00:00,113.53,113.71,113.43,113.54,41635.657
2025-09-07T06:15:00+00:00,113.53,113.70,113.42,113.58,21012.429
2025-09-07T06:30:00+00:00,113.58,113.70,113.26,113.39,13856.130
2025-09-07T06:45:00+00:00,113.40,113.61,113.28,113.34,10531.118
2025-09-07T07:00:00+00:00,113.34,113.48,113.25,113.45,7452.662
2025-09-07T07:15:00+00:00,113.46,113.66,113.30,113.63,7434.416
2025-09-07T07:30:00+00:00,113.63,114.05,113.63,113.96,17925.347
2025-09-07T07:45:00+00:00,113.96,114.02,113.60,113.71,16569.536
2025-09-07T08:00:00+00:00,113.71,113.91,113.68,113.75,12694.296
2025-09-07T08:15:00+00:00,113.76,113.83,113.69,113.72,10909.567
2025-09-07T08:30:00+00:00,113.72,113.99,113.72,113.76,18774.597
2025-09-07T08:45:00+00:00,113.77,113.94,113.71,113.87,16736.796
2025-09-07T09:00:00+00:00,113.88,114.00,113.72,113.92,14081.330
2025-09-07T09:15:00+00:00,113.93,114.13,113.87,113.88,8292.615
2025-09-07T09:30:00+00:00,113.88,113.89,113.67,113.67,10362.827
2025-09-07T09:45:00+00:00,113.66,114.16,113.64,114.15,8094.462
2025-09-07T10:00:00+00:00,114.16,114.35,114.03,114.06,16239.530
2025-09-07T10:15:00+00:00,114.06,114.06,113.68,113.78,13994.323
2025-09-07T10:30:00+00:00,113.79,114.16,113.79,114.15,9022.189
2025-09-07T10:45:00+00:00,114.14,114.24,114.09,114.19,6207.404
2025-09-07T11:00:00+00:00,114.19,114.25,114.02,114.08,7419.542
2025-09-07T11:15:00+00:00,114.08,114.15,113.91,113.91,4302.572
2025-09-07T11:30:00+00:00,113.92,114.06,113.85,114.05,6835.220
2025-09-07T11:45:00+00:00,114.06,114.15,113.96,114.14,7173.595
2025-09-07T12:00:00+00:00,114.14,114.28,114.10,114.22,14069.274
2025-09-07T12:15:00+00:00,114.23,114.44,114.16,114.41,16526.311
2025-09-07T12:30:00+00:00,114.42,114.60,114.36,114.53,12180.772
2025-09-07T12:45:00+00:00,114.53,114.87,114.44,114.87,19351.552
2025-09-07T13:00:00+00:00,114.86,114.91,114.59,114.68,27550.485
2025-09-07T13:15:00+00:00,114.68,114.73,114.21,114.46,24264.436
2025-09-07T13:30:00+00:00,114.47,114.77,114.44,114.68,14907.470
2025-09-07T13:45:00+00:00,114.69,115.31,114.68,115.23,26559.899
2025-09-07T14:00:00+00:00,115.23,115.38,114.86,115.00,36863.575
2025-09-07T14:15:00+00:00,114.99,115.09,114.51,114.77,23270.301
2025-09-07T14:30:00+00:00,114.78,115.31,114.78,114.95,50147.502
2025-09-07T14:45:00+00:00,114.96,115.08,114.63,114.68,16504.990
2025-09-07T15:00:00+00:00,114.69,114.75,114.47,114.61,19068.552
2025-09-07T15:15:00+00:00,114.60,114.86,114.57,114.69,10229.569
2025-09-07T15:30:00+00:00,114.69,114.77,114.56,114.67,7253.276
2025-09-07T15:45:00+00:00,114.67,114.76,114.56,114.66,7174.040
2025-09-07T16:00:00+00:00,114.66,114.75,114.45,114.48,11676.008
2025-09-07T16:15:00+00:00,114.47,114.51,114.29,114.37,14476.580
2025-09-07T16:30:00+00:00,114.38,114.48,114.30,114.45,11460.904
2025-09-07T16:45:00+00:00,114.46,114.58,114.45,114.48,5728.556
2025-09-07T17:00:00+00:00,114.47,115.08,114.47,114.80,18370.337
2025-09-07T17:15:00+00:00,114.79,114.82,114.27,114.33,22245.259
2025-09-07T17:30:00+00:00,114.34,114.82,114.32,114.68,12161.221
2025-09-07T17:45:00+00:00,114.69,114.71,114.22,114.25,10293.567
2025-09-07T18:00:00+00:00,114.26,114.52,114.12,114.31,11851.334
2025-09-07T18:15:00+00:00,114.30,114.41,114.21,114.22,4320.754
2025-09-07T18:30:00+00:00,114.22,114.34,113.92,114.14,17098.885
2025-09-07T18:45:00+00:00,114.15,114.25,114.06,114.15,7204.682
2025-09-07T19:00:00+00:00,114.15,114.33,113.89,114.01,13077.132
2025-09-07T19:15:00+00:00,114.01,114.15,113.90,114.06,5454.512
2025-09-07T19:30:00+00:00,114.06,114.43,114.03,114.37,9009.187
2025-09-07T19:45:00+00:00,114.38,114.45,114.32,114.33,4331.386
2025-09-07T20:00:00+00:00,114.34,114.47,114.15,114.16,5188.619
2025-09-07T20:15:00+00:00,114.16,114.30,114.10,114.25,3212.955
2025-09-07T20:30:00+00:00,114.25,114.27,114.12,114.17,3142.563
2025-09-07T20:45:00+00:00,114.18,114.34,114.03,114.33,6332.160
2025-09-07T21:00:00+00:00,114.32,114.37,114.15,114.37,7646.212
2025-09-07T21:15:00+00:00,114.36,114.46,114.12,114.18,8359.959
2025-09-07T21:30:00+00:00,114.19,114.25,114.07,114.10,4731.915
2025-09-07T21:45:00+00:00,114.10,114.14,113.96,113.99,7464.948
2025-09-07T22:00:00+00:00,113.99,114.47,113.96,114.46,12665.478
2025-09-07T22:15:00+00:00,114.47,114.76,114.47,114.74,15208.966
2025-09-07T22:30:00+00:00,114.75,114.81,114.54,114.70,14160.890
2025-09-07T22:45:00+00:00,114.71,114.97,114.71,114.76,25315.590
2025-09-07T23:00:00+00:00,114.77,114.84,114.48,114.55,26048.303
2025-09-07T23:15:00+00:00,114.56,115.15,114.51,114.97,23432.040
2025-09-07T23:30:00+00:00,114.98,115.09,114.89,115.05,11383.630
2025-09-07T23:45:00+00:00,115.06,115.10,114.64,114.86,23233.903
2025-09-08T00:00:00+00:00,114.86,115.02,114.76,114.91,19663.333
2025-09-08T00:15:00+00:00,114.92,114.94,114.31,114.78,16620.726
2025-09-08T00:30:00+00:00,114.79,114.86,114.55,114.77,6821.731
2025-09-08T00:45:00+00:00,114.77,114.79,114.31,114.37,6891.540
2025-09-08T01:00:00+00:00,114.37,114.47,114.20,114.34,8066.696
2025-09-08T01:15:00+00:00,114.35,114.50,114.02,114.03,9244.707
2025-09-08T01:30:00+00:00,114.03,114.16,113.88,113.98,15381.293
2025-09-08T01:45:00+00:00,113.98,114.00,113.77,113.91,15885.695
2025-09-08T02:00:00+00:00,113.91,114.06,113.73,114.05,7122.230
2025-09-08T02:15:00+00:00,114.06,114.19,113.71,113.96,10766.181
2025-09-08T02:30:00+00:00,113.96,114.61,113.92,114.47,12965.150
2025-09-08T02:45:00+00:00,114.47,114.94,114.45,114.89,18084.739
2025-09-08T03:00:00+00:00,114.90,115.48,114.86,114.97,71073.590
2025-09-08T03:15:00+00:00,114.97,115.10,114.83,115.04,19941.260
2025-09-08T03:30:00+00:00,115.05,115.37,115.04,115.07,24201.535
2025-09-08T03:45:00+00:00,115.07,115.25,114.35,114.61,96562.123
2025-09-08T04:00:00+00:00,114.62,114.63,112.82,113.55,343428.408
2025-09-08T04:15:00+00:00,113.55,113.73,113.42,113.66,26407.772
2025-09-08T04:30:00+00:00,113.66,113.91,113.38,113.44,23034.669
2025-09-08T04:45:00+00:00,113.45,113.57,112.64,113.06,92041.756
2025-09-08T05:00:00+00:00,113.06,113.48,113.02,113.34,17628.828
2025-09-08T05:15:00+00:00,113.35,113.37,112.91,113.21,28135.058
2025-09-08T05:30:00+00:00,113.21,113.23,112.89,112.99,10890.517
2025-09-08T05:45:00+00:00,113.00,113.22,112.82,112.92,39263.543
2025-09-08T06:00:00+00:00,112.92,113.02,111.79,112.22,200512.727
2025-09-08T06:15:00+00:00,112.21,112.63,112.15,112.50,31738.894
2025-09-08T06:30:00+00:00,112.51,112.55,112.38,112.52,14721.062
2025-09-08T06:45:00+00:00,112.52,112.54,112.30,112.52,9824.825
2025-09-08T07:00:00+00:00,112.53,112.79,112.42,112.77,15133.451
2025-09-08T07:15:00+00:00,112.78,112.92,112.68,112.88,16325.076
2025-09-08T07:30:00+00:00,112.89,113.01,112.64,112.78,20159.911
2025-09-08T07:45:00+00:00,112.79,112.90,112.52,112.80,13526.462
2025-09-08T08:00:00+00:00,112.81,113.06,112.68,112.75,13254.965
2025-09-08T08:15:00+00:00,112.74,113.00,112.65,112.96,11761.234
2025-09-08T08:30:00+00:00,112.95,113.20,112.91,113.06,25735.946
2025-09-08T08:45:00+00:00,113.07,113.20,112.86,112.97,14437.932
2025-09-08T09:00:00+00:00,112.97,113.42,112.76,113.19,29046.392
2025-09-08T09:15:00+00:00,113.19,113.41,113.08,113.24,24667.800
2025-09-08T09:30:00+00:00,113.24,113.40,113.12,113.31,18881.763
2025-09-08T09:45:00+00:00,113.30,113.45,113.25,113.40,23854.514
2025-09-08T10:00:00+00:00,113.39,113.58,113.16,113.47,18982.242
2025-09-08T10:15:00+00:00,113.46,113.68,113.42,113.48,22320.037
2025-09-08T10:30:00+00:00,113.48,113.75,113.48,113.70,16264.804
2025-09-08T10:45:00+00:00,113.71,113.74,113.36,113.44,21932.564
2025-09-08T11:00:00+00:00,113.45,113.46,113.04,113.24,34579.393
2025-09-08T11:15:00+00:00,113.23,113.40,113.08,113.21,13429.137
2025-09-08T11:30:00+00:00,113.21,113.30,113.01,113.22,17413.443
2025-09-08T11:45:00+00:00,113.22,113.37,113.09,113.29,12965.014
2025-09-08T12:00:00+00:00,113.29,113.43,113.05,113.15,13066.372
2025-09-08T12:15:00+00:00,113.15,113.25,113.06,113.22,10833.905
2025-09-08T12:30:00+00:00,113.21,113.40,113.00,113.31,33459.912
2025-09-08T12:45:00+00:00,113.32,113.34,113.03,113.06,12680.953
2025-09-08T13:00:00+00:00,113.05,113.63,113.01,113.50,48609.990
2025-09-08T13:15:00+00:00,113.49,113.61,113.40,113.46,26285.476
2025-09-08T13:30:00+00:00,113.47,113.70,112.89,113.16,45487.129
2025-09-08T13:45:00+00:00,113.15,113.33,112.83,112.89,33225.165
2025-09-08T14:00:00+00:00,112.88,113.41,112.84,113.34,21081.405
2025-09-08T14:15:00+00:00,113.33,113.37,113.01,113.35,17686.874
2025-09-08T14:30:00+00:00,113.35,113.66,113.02,113.19,59217.176
2025-09-08T14:45:00+00:00,113.19,113.35,113.02,113.32,20447.624
2025-09-08T15:00:00+00:00,113.32,113.59,113.28,113.55,31582.920
2025-09-08T15:15:00+00:00,113.55,113.85,113.38,113.58,47215.193
2025-09-08T15:30:00+00:00,113.57,113.60,113.15,113.33,36097.212
2025-09-08T15:45:00+00:00,113.33,113.40,113.14,113.39,18444.852
2025-09-08T16:00:00+00:00,113.38,113.38,113.03,113.07,25939.133
2025-09-08T16:15:00+00:00,113.07,113.45,112.89,113.42,31546.746
2025-09-08T16:30:00+00:00,113.42,113.43,113.01,113.22,17383.752
2025-09-08T16:45:00+00:00,113.23,113.23,112.95,113.03,18922.622
2025-09-08T17:00:00+00:00,113.02,113.02,112.37,112.57,72439.858
2025-09-08T17:15:00+00:00,112.57,113.24,112.56,113.19,41266.880
2025-09-08T17:30:00+00:00,113.18,113.19,112.78,112.81,17550.457
2025-09-08T17:45:00+00:00,112.80,112.98,112.62,112.71,23274.641
2025-09-08T18:00:00+00:00,112.72,112.90,112.46,112.66,21009.725
2025-09-08T18:15:00+00:00,112.66,112.82,112.62,112.80,9942.376
2025-09-08T18:30:00+00:00,112.80,112.99,112.71,112.95,18604.303
2025-09-08T18:45:00+00:00,112.95,113.18,112.93,113.13,17785.558
2025-09-08T19:00:00+00:00,113.12,113.15,112.69,112.75,15595.899
2025-09-08T19:15:00+00:00,112.75,112.83,112.58,112.62,13910.428
2025-09-08T19:30:00+00:00,112.62,112.72,112.11,112.39,48162.406
2025-09-08T19:45:00+00:00,112.39,112.47,112.27,112.37,12201.473
2025-09-08T20:00:00+00:00,112.38,112.42,112.05,112.16,20110.987
2025-09-08T20:15:00+00:00,112.16,112.27,111.94,112.25,29120.515
2025-09-08T20:30:00+00:00,112.24,112.35,111.84,111.97,22447.156
2025-09-08T20:45:00+00:00,111.97,112.09,111.92,112.03,13042.949
2025-09-08T21:00:00+00:00,112.04,112.18,111.95,112.18,14666.447
2025-09-08T21:15:00+00:00,112.18,112.49,112.13,112.25,12589.649
2025-09-08T21:30:00+00:00,112.26,112.57,112.25,112.54,9403.906
2025-09-08T21:45:00+00:00,112.54,112.64,112.36,112.57,13481.426
2025-09-08T22:00:00+00:00,112.57,112.75,112.41,112.64,15864.622
2025-09-08T22:15:00+00:00,112.63,112.80,112.56,112.69,11148.154
2025-09-08T22:30:00+00:00,112.69,112.71,112.44,112.47,13288.337
2025-09-08T22:45:00+00:00,112.47,112.49,112.25,112.37,7298.995
2025-09-08T23:00:00+00:00,112.36,112.63,112.27,112.38,16751.018
2025-09-08T23:15:00+00:00,112.39,112.56,112.35,112.42,8964.526
2025-09-08T23:30:00+00:00,112.42,112.48,112.28,112.40,6889.663
2025-09-08T23:45:00+00:00,112.40,112.78,112.33,112.69,16371.093
2025-09-09T00:00:00+00:00,112.69,113.18,112.66,113.18,31334.767
2025-09-09T00:15:00+00:00,113.17,113.24,112.74,112.95,19631.366
2025-09-09T00:30:00+00:00,112.94,112.95,112.40,112.75,30102.390
2025-09-09T00:45:00+00:00,112.74,113.25,112.60,113.22,17134.110
2025-09-09T01:00:00+00:00,113.23,113.51,113.21,113.47,53737.272
2025-09-09T01:15:00+00:00,113.46,113.94,112.64,112.90,122359.689
2025-09-09T01:30:00+00:00,112.89,113.07,112.38,113.03,59740.503
2025-09-09T01:45:00+00:00,113.02,113.06,112.66,112.69,14834.579
2025-09-09T02:00:00+00:00,112.69,112.79,112.30,112.34,22794.190
2025-09-09T02:15:00+00:00,112.33,112.64,112.05,112.18,30661.908
2025-09-09T02:30:00+00:00,112.19,112.56,112.09,112.25,13645.090
2025-09-09T02:45:00+00:00,112.26,112.26,111.53,111.83,59746.912
2025-09-09T03:00:00+00:00,111.82,112.12,111.66,112.00,23047.630
2025-09-09T03:15:00+00:00,111.99,112.04,111.68,112.00,9996.127
2025-09-09T03:30:00+00:00,112.00,112.15,111.82,112.06,15076.805
2025-09-09T03:45:00+00:00,112.06,112.32,111.88,112.26,15524.181
2025-09-09T04:00:00+00:00,112.26,112.26,111.95,112.06,18171.446
2025-09-09T04:15:00+00:00,112.06,113.08,112.06,112.91,93211.749
2025-09-09T04:30:00+00:00,112.90,112.99,112.71,112.78,16081.968
2025-09-09T04:45:00+00:00,112.79,112.92,112.57,112.81,15063.531
2025-09-09T05:00:00+00:00,112.81,112.86,112.41,112.50,12355.091
2025-09-09T05:15:00+00:00,112.50,112.53,112.30,112.44,11278.220
2025-09-09T05:30:00+00:00,112.44,112.61,112.36,112.60,7867.113
2025-09-09T05:45:00+00:00,112.60,112.99,112.57,112.98,12700.626
2025-09-09T06:00:00+00:00,112.98,113.45,112.88,113.42,27535.096
2025-09-09T06:15:00+00:00,113.42,113.68,112.95,113.45,62330.691
2025-09-09T06:30:00+00:00,113.45,113.74,113.42,113.58,28369.507
2025-09-09T06:45:00+00:00,113.57,113.83,113.51,113.61,38444.102
2025-09-09T07:00:00+00:00,113.62,113.97,113.61,113.93,38392.061
2025-09-09T07:15:00+00:00,113.93,114.27,113.70,114.27,56492.373
2025-09-09T07:30:00+00:00,114.27,114.30,113.81,113.86,35990.339
2025-09-09T07:45:00+00:00,113.85,113.98,113.58,113.98,22422.424
2025-09-09T08:00:00+00:00,113.98,114.34,113.94,114.28,29045.071
2025-09-09T08:15:00+00:00,114.27,114.33,113.91,114.13,16958.499
2025-09-09T08:30:00+00:00,114.13,114.39,114.13,114.35,18181.171
2025-09-09T08:45:00+00:00,114.35,114.37,113.98,114.32,23171.690
2025-09-09T09:00:00+00:00,114.33,114.50,114.20,114.50,16660.815
2025-09-09T09:15:00+00:00,114.50,114.67,114.32,114.43,18539.888
2025-09-09T09:30:00+00:00,114.43,114.43,114.04,114.21,18295.122
2025-09-09T09:45:00+00:00,114.20,114.26,114.02,114.10,13519.325
2025-09-09T10:00:00+00:00,114.10,114.30,114.08,114.21,11790.772
2025-09-09T10:15:00+00:00,114.21,114.28,113.63,113.64,26266.045
2025-09-09T10:30:00+00:00,113.64,113.99,113.20,113.86,58995.285
2025-09-09T10:45:00+00:00,113.85,113.86,113.38,113.58,25928.816
2025-09-09T11:00:00+00:00,113.58,113.80,113.52,113.67,8868.099
2025-09-09T11:15:00+00:00,113.66,113.93,113.60,113.75,6880.476
2025-09-09T11:30:00+00:00,113.75,113.89,113.54,113.80,20733.228
2025-09-09T11:45:00+00:00,113.79,113.93,113.37,113.45,29724.321
2025-09-09T12:00:00+00:00,113.44,113.70,113.26,113.66,29003.700
2025-09-09T12:15:00+00:00,113.66,113.75,113.54,113.61,18955.721
2025-09-09T12:30:00+00:00,113.61,113.62,113.17,113.24,45922.588
2025-09-09T12:45:00+00:00,113.24,113.65,113.23,113.50,16870.341
2025-09-09T13:00:00+00:00,113.50,113.61,113.14,113.49,25902.032
2025-09-09T13:15:00+00:00,113.48,113.51,113.07,113.43,17992.850
2025-09-09T13:30:00+00:00,113.42,113.85,113.39,113.65,22536.024
2025-09-09T13:45:00+00:00,113.65,113.77,113.44,113.74,18201.786
2025-09-09T14:00:00+00:00,113.75,113.96,112.59,113.54,162329.110
2025-09-09T14:15:00+00:00,113.55,113.55,112.76,113.02,22072.226
2025-09-09T14:30:00+00:00,113.01,113.03,111.79,112.07,151800.693
2025-09-09T14:45:00+00:00,112.07,112.33,111.83,112.25,41863.476
2025-09-09T15:00:00+00:00,112.24,112.39,111.81,111.93,28776.975
2025-09-09T15:15:00+00:00,111.93,112.21,111.42,111.76,58771.895
2025-09-09T15:30:00+00:00,111.76,111.85,111.00,111.08,84957.631
2025-09-09T15:45:00+00:00,111.08,111.54,110.70,111.27,91930.676
2025-09-09T16:00:00+00:00,111.28,111.37,110.88,111.24,50249.039
2025-09-09T16:15:00+00:00,111.23,111.38,110.96,111.09,29825.200
2025-09-09T16:30:00+00:00,111.10,111.37,111.06,111.33,16472.785
2025-09-09T16:45:00+00:00,111.34,111.68,111.29,111.66,14029.529
2025-09-09T17:00:00+00:00,111.65,112.07,111.60,112.04,30412.413
2025-09-09T17:15:00+00:00,112.05,112.10,111.57,111.59,13685.597
2025-09-09T17:30:00+00:00,111.59,111.80,111.46,111.71,11552.345
2025-09-09T17:45:00+00:00,111.71,111.83,111.51,111.59,5163.523
2025-09-09T18:00:00+00:00,111.60,111.73,111.48,111.61,11737.683
2025-09-09T18:15:00+00:00,111.61,111.99,111.51,111.91,15865.915
2025-09-09T18:30:00+00:00,111.92,111.93,111.73,111.83,10993.113
2025-09-09T18:45:00+00:00,111.83,111.97,111.77,111.87,9860.734
2025-09-09T19:00:00+00:00,111.87,112.00,111.80,111.87,5781.114
2025-09-09T19:15:00+00:00,111.88,111.96,111.71,111.92,15552.231
2025-09-09T19:30:00+00:00,111.92,112.11,111.82,111.86,11458.626
2025-09-09T19:45:00+00:00,111.87,111.94,111.76,111.79,5329.864
2025-09-09T20:00:00+00:00,111.79,112.01,111.66,111.89,21385.493
2025-09-09T20:15:00+00:00,111.88,112.00,111.79,111.85,9463.683
2025-09-09T20:30:00+00:00,111.85,112.01,111.77,111.87,6892.497
2025-09-09T20:45:00+00:00,111.86,112.21,111.85,112.15,7905.140
2025-09-09T21:00:00+00:00,112.16,112.16,111.86,112.13,14167.493
2025-09-09T21:15:00+00:00,112.14,112.18,111.64,111.71,12120.922
2025-09-09T21:30:00+00:00,111.71,111.92,111.62,111.87,5342.531
2025-09-09T21:45:00+00:00,111.87,111.87,111.30,111.48,25184.707
2025-09-09T22:00:00+00:00,111.47,111.77,111.42,111.72,11414.433
2025-09-09T22:15:00+00:00,111.72,111.79,111.57,111.57,4227.141
2025-09-09T22:30:00+00:00,111.57,111.87,111.56,111.86,7152.925
2025-09-09T22:45:00+00:00,111.87,111.89,111.69,111.81,5540.782
2025-09-09T23:00:00+00:00,111.81,111.94,111.70,111.83,5807.595
2025-09-09T23:15:00+00:00,111.84,111.87,111.67,111.75,5287.876
2025-09-09T23:30:00+00:00,111.75,111.99,111.70,111.98,6231.836
2025-09-09T23:45:00+00:00,111.99,112.02,111.81,111.88,8147.627
2025-09-10T00:00:00+00:00,111.88,111.93,111.65,111.73,7592.160
2025-09-10T00:15:00+00:00,111.73,111.74,111.47,111.61,10931.846
2025-09-10T00:30:00+00:00,111.62,111.97,111.48,111.96,9658.050
2025-09-10T00:45:00+00:00,111.97,112.09,111.63,111.63,13062.079
2025-09-10T01:00:00+00:00,111.63,112.03,111.63,112.01,13395.023
2025-09-10T01:15:00+00:00,112.01,112.36,112.01,112.24,10300.903
2025-09-10T01:30:00+00:00,112.25,112.44,112.08,112.17,14746.993
2025-09-10T01:45:00+00:00,112.17,112.20,111.98,112.08,5929.198
2025-09-10T02:00:00+00:00,112.09,112.55,112.09,112.51,21556.220
2025-09-10T02:15:00+00:00,112.52,112.96,112.31,112.89,32470.301
2025-09-10T02:30:00+00:00,112.90,113.20,112.85,113.00,29638.298
2025-09-10T02:45:00+00:00,113.00,113.08,112.90,113.06,12618.101
2025-09-10T03:00:00+00:00,113.07,113.09,112.74,113.03,17167.928
2025-09-10T03:15:00+00:00,113.04,113.15,112.78,112.82,12361.181
2025-09-10T03:30:00+00:00,112.82,113.07,112.74,112.82,6704.691
2025-09-10T03:45:00+00:00,112.83,112.93,112.78,112.87,4068.855
2025-09-10T04:00:00+00:00,112.87,112.91,112.57,112.82,14293.741
2025-09-10T04:15:00+00:00,112.82,112.92,112.69,112.83,8738.516
2025-09-10T04:30:00+00:00,112.82,112.87,112.46,112.51,6650.411
2025-09-10T04:45:00+00:00,112.50,112.75,112.48,112.69,5049.339
2025-09-10T05:00:00+00:00,112.69,112.70,112.22,112.44,10481.278
2025-09-10T05:15:00+00:00,112.44,112.44,112.13,112.42,11071.662
2025-09-10T05:30:00+00:00,112.41,112.75,112.32,112.70,9513.059
2025-09-10T05:45:00+00:00,112.70,112.81,112.50,112.79,9463.720
2025-09-10T06:00:00+00:00,112.79,112.81,112.44,112.51,8856.505
2025-09-10T06:15:00+00:00,112.51,112.78,112.47,112.72,5940.738
2025-09-10T06:30:00+00:00,112.72,113.18,112.57,113.10,24012.407
2025-09-10T06:45:00+00:00,113.11,113.22,112.67,112.73,9398.990
2025-09-10T07:00:00+00:00,112.73,112.90,112.62,112.90,6860.243
2025-09-10T07:15:00+00:00,112.90,113.23,112.71,113.13,10963.765
2025-09-10T07:30:00+00:00,113.13,113.22,112.91,113.01,11846.248
2025-09-10T07:45:00+00:00,113.01,113.15,112.88,113.09,12127.446
2025-09-10T08:00:00+00:00,113.09,113.20,112.90,113.15,17086.139
2025-09-10T08:15:00+00:00,113.15,113.19,113.00,113.16,11290.298
2025-09-10T08:30:00+00:00,113.16,113.16,112.90,113.02,10713.144
2025-09-10T08:45:00+00:00,113.02,113.18,112.90,112.91,10902.057
2025-09-10T09:00:00+00:00,112.91,112.98,112.55,112.72,16668.934
2025-09-10T09:15:00+00:00,112.72,113.16,112.63,113.00,12899.743
2025-09-10T09:30:00+00:00,113.00,113.14,112.98,113.02,9063.274
2025-09-10T09:45:00+00:00,113.01,113.14,112.98,113.04,4293.725
2025-09-10T10:00:00+00:00,113.04,113.08,112.84,112.93,9647.295
2025-09-10T10:15:00+00:00,112.93,113.04,112.76,112.91,13319.214
2025-09-10T10:30:00+00:00,112.91,113.08,112.88,112.97,10814.783
2025-09-10T10:45:00+00:00,112.97,113.09,112.79,112.87,7017.208
2025-09-10T11:00:00+00:00,112.87,113.02,112.76,113.00,7917.456
2025-09-10T11:15:00+00:00,113.00,113.14,112.92,112.98,7404.653
2025-09-10T11:30:00+00:00,112.97,112.97,112.67,112.71,7792.913
2025-09-10T11:45:00+00:00,112.71,112.95,112.70,112.95,5550.927
2025-09-10T12:00:00+00:00,112.95,113.08,112.89,113.02,6811.018
2025-09-10T12:15:00+00:00,113.02,113.27,112.94,113.26,14540.469
2025-09-10T12:30:00+00:00,113.26,113.92,113.24,113.81,131816.576
2025-09-10T12:45:00+00:00,113.82,113.86,113.47,113.82,34072.234
2025-09-10T13:00:00+00:00,113.81,114.36,113.70,114.34,49803.517
2025-09-10T13:15:00+00:00,114.34,114.89,114.15,114.49,126813.890
2025-09-10T13:30:00+00:00,114.49,115.04,114.00,114.88,90987.488
2025-09-10T13:45:00+00:00,114.88,115.21,114.76,114.80,80432.319
2025-09-10T14:00:00+00:00,114.81,115.18,114.54,114.65,40670.866
2025-09-10T14:15:00+00:00,114.65,114.89,114.62,114.64,17099.232
2025-09-10T14:30:00+00:00,114.63,114.76,114.23,114.36,32618.199
2025-09-10T14:45:00+00:00,114.36,114.41,113.95,114.03,41425.469
2025-09-10T15:00:00+00:00,114.03,114.50,114.03,114.50,18026.847
2025-09-10T15:15:00+00:00,114.50,114.53,114.05,114.43,24592.910
2025-09-10T15:30:00+00:00,114.42,114.56,114.19,114.46,16115.392
2025-09-10T15:45:00+00:00,114.45,114.49,114.28,114.31,9867.045
2025-09-10T16:00:00+00:00,114.31,114.64,114.29,114.56,44726.399
2025-09-10T16:15:00+00:00,114.55,118.14,114.48,117.75,420264.791
2025-09-10T16:30:00+00:00,117.76,118.73,115.74,116.77,319703.570
2025-09-10T16:45:00+00:00,116.77,116.95,115.84,116.34,82893.224
2025-09-10T17:00:00+00:00,116.34,117.29,116.34,116.76,115597.052
2025-09-10T17:15:00+00:00,116.76,117.01,116.20,116.23,40294.980
2025-09-10T17:30:00+00:00,116.23,116.56,115.85,115.91,40910.160
2025-09-10T17:45:00+00:00,115.91,116.45,115.79,116.42,23369.641
2025-09-10T18:00:00+00:00,116.41,116.72,116.07,116.40,49035.765
2025-09-10T18:15:00+00:00,116.40,116.40,116.04,116.15,27506.520
2025-09-10T18:30:00+00:00,116.14,116.25,115.88,116.19,22626.482
2025-09-10T18:45:00+00:00,116.19,116.23,115.61,115.92,28935.668
2025-09-10T19:00:00+00:00,115.92,116.00,115.32,115.35,16842.767
2025-09-10T19:15:00+00:00,115.35,115.44,114.84,115.01,48930.230
2025-09-10T19:30:00+00:00,115.00,115.36,114.86,115.12,37786.773
2025-09-10T19:45:00+00:00,115.11,115.48,114.86,115.40,18777.238
2025-09-10T20:00:00+00:00,115.40,115.71,115.36,115.51,24797.076
2025-09-10T20:15:00+00:00,115.51,115.54,115.34,115.42,8240.275
2025-09-10T20:30:00+00:00,115.41,115.51,115.20,115.25,9654.903
2025-09-10T20:45:00+00:00,115.24,115.29,115.11,115.26,10386.838
2025-09-10T21:00:00+00:00,115.26,115.84,115.12,115.69,20042.913
2025-09-10T21:15:00+00:00,115.69,115.90,115.53,115.57,16673.832
2025-09-10T21:30:00+00:00,115.57,115.84,115.56,115.64,10851.246
2025-09-10T21:45:00+00:00,115.63,115.85,115.52,115.83,6681.763
2025-09-10T22:00:00+00:00,115.83,116.26,115.83,116.17,28016.241
2025-09-10T22:15:00+00:00,116.17,116.42,116.02,116.29,19867.837
2025-09-10T22:30:00+00:00,116.30,116.46,116.12,116.18,13279.952
2025-09-10T22:45:00+00:00,116.19,116.19,116.01,116.15,15428.333
2025-09-10T23:00:00+00:00,116.15,116.54,116.15,116.54,11252.859
2025-09-10T23:15:00+00:00,116.54,116.78,116.50,116.77,14473.419
2025-09-10T23:30:00+00:00,116.77,117.37,116.73,117.12,47731.885
2025-09-10T23:45:00+00:00,117.12,117.66,117.10,117.59,41098.872
2025-09-11T00:00:00+00:00,117.59,117.76,116.99,117.08,51795.997
2025-09-11T00:15:00+00:00,117.08,117.09,116.69,116.91,32124.819
2025-09-11T00:30:00+00:00,116.92,116.92,116.50,116.67,11425.129
2025-09-11T00:45:00+00:00,116.67,117.02,116.56,116.71,35266.090
2025-09-11T01:00:00+00:00,116.71,116.86,116.55,116.85,20918.454
2025-09-11T01:15:00+00:00,116.85,116.92,116.41,116.73,22422.935
2025-09-11T01:30:00+00:00,116.73,116.81,116.47,116.50,9481.201
2025-09-11T01:45:00+00:00,116.50,116.80,116.49,116.70,11885.681
2025-09-11T02:00:00+00:00,116.70,116.86,116.57,116.64,10289.407
2025-09-11T02:15:00+00:00,116.64,116.64,116.00,116.29,39412.352
2025-09-11T02:30:00+00:00,116.29,116.30,116.00,116.27,37782.646
2025-09-11T02:45:00+00:00,116.27,116.31,116.00,116.01,12564.223
2025-09-11T03:00:00+00:00,116.00,116.12,115.96,116.05,9124.131
2025-09-11T03:15:00+00:00,116.05,116.34,116.02,116.22,16854.091
2025-09-11T03:30:00+00:00,116.23,116.26,115.97,116.14,14340.192
2025-09-11T03:45:00+00:00,116.14,116.68,116.13,116.57,27887.903
2025-09-11T04:00:00+00:00,116.56,116.63,116.21,116.22,17239.793
2025-09-11T04:15:00+00:00,116.21,116.56,116.14,116.55,22581.878
2025-09-11T04:30:00+00:00,116.56,116.81,116.45,116.60,20768.450
2025-09-11T04:45:00+00:00,116.61,116.61,116.34,116.46,11033.197
2025-09-11T05:00:00+00:00,116.46,116.53,116.11,116.14,17561.802
2025-09-11T05:15:00+00:00,116.14,116.27,116.08,116.18,8145.547
2025-09-11T05:30:00+00:00,116.18,116.29,116.01,116.20,14191.201
2025-09-11T05:45:00+00:00,116.20,116.33,116.01,116.25,9163.282
2025-09-11T06:00:00+00:00,116.24,116.77,116.18,116.66,14370.807
2025-09-11T06:15:00+00:00,116.67,116.86,116.45,116.69,16423.733
2025-09-11T06:30:00+00:00,116.69,116.87,116.66,116.82,14370.534
2025-09-11T06:45:00+00:00,116.83,116.95,116.71,116.80,19871.646
2025-09-11T07:00:00+00:00,116.80,116.96,116.43,116.76,27966.633
2025-09-11T07:15:00+00:00,116.77,116.82,116.47,116.78,14391.579
2025-09-11T07:30:00+00:00,116.77,117.44,116.76,117.40,23650.275
2025-09-11T07:45:00+00:00,117.39,117.65,116.63,117.21,60963.591
2025-09-11T08:00:00+00:00,117.20,117.28,116.83,116.92,17768.363
2025-09-11T08:15:00+00:00,116.92,117.02,116.80,116.98,10667.281
2025-09-11T08:30:00+00:00,116.99,117.18,116.90,117.16,7237.424
2025-09-11T08:45:00+00:00,117.16,117.16,116.87,116.87,12488.813
2025-09-11T09:00:00+00:00,116.87,117.08,116.72,116.82,24386.088
2025-09-11T09:15:00+00:00,116.82,116.97,116.70,116.78,14388.372
2025-09-11T09:30:00+00:00,116.77,116.77,116.53,116.71,13574.476
2025-09-11T09:45:00+00:00,116.72,116.83,116.53,116.71,11146.143
2025-09-11T10:00:00+00:00,116.72,117.02,116.66,116.81,14649.746
2025-09-11T10:15:00+00:00,116.82,116.87,116.55,116.65,10187.732
2025-09-11T10:30:00+00:00,116.65,117.04,116.45,117.00,19341.754
2025-09-11T10:45:00+00:00,117.01,117.47,117.01,117.31,26345.306
2025-09-11T11:00:00+00:00,117.31,117.42,117.14,117.29,15384.451
2025-09-11T11:15:00+00:00,117.28,117.31,117.14,117.14,13191.188
2025-09-11T11:30:00+00:00,117.14,117.27,117.07,117.11,10525.874
2025-09-11T11:45:00+00:00,117.12,117.13,116.76,116.89,13048.181
2025-09-11T12:00:00+00:00,116.88,117.33,116.62,117.29,49187.977
2025-09-11T12:15:00+00:00,117.30,117.43,117.08,117.43,25898.722
2025-09-11T12:30:00+00:00,117.43,117.51,115.00,116.46,246797.518
2025-09-11T12:45:00+00:00,116.47,116.85,116.15,116.35,81459.126
2025-09-11T13:00:00+00:00,116.36,116.43,115.52,115.77,63955.517
2025-09-11T13:15:00+00:00,115.77,116.21,115.72,115.99,39793.236
2025-09-11T13:30:00+00:00,115.99,116.55,115.70,115.73,31016.026
2025-09-11T13:45:00+00:00,115.73,116.32,115.66,116.24,43503.789
2025-09-11T14:00:00+00:00,116.25,116.27,114.56,115.14,189099.338
2025-09-11T14:15:00+00:00,115.14,115.15,112.83,113.34,497988.789
2025-09-11T14:30:00+00:00,113.35,114.16,113.32,114.00,103169.749
2025-09-11T14:45:00+00:00,114.00,114.04,113.63,113.83,57243.220
2025-09-11T15:00:00+00:00,113.83,113.97,113.57,113.80,33288.909
2025-09-11T15:15:00+00:00,113.80,114.18,113.56,113.67,35829.571
2025-09-11T15:30:00+00:00,113.67,114.14,113.65,113.86,28460.482
2025-09-11T15:45:00+00:00,113.85,113.97,113.65,113.83,29782.885
2025-09-11T16:00:00+00:00,113.84,114.19,113.77,114.07,21734.318
2025-09-11T16:15:00+00:00,114.07,114.18,113.72,113.76,21305.409
2025-09-11T16:30:00+00:00,113.76,114.18,113.76,114.17,14300.075
2025-09-11T16:45:00+00:00,114.17,114.34,114.02,114.19,18999.121
2025-09-11T17:00:00+00:00,114.18,114.46,114.04,114.44,27606.237
2025-09-11T17:15:00+00:00,114.44,114.66,114.34,114.35,17233.558
2025-09-11T17:30:00+00:00,114.34,114.77,114.29,114.69,12813.150
2025-09-11T17:45:00+00:00,114.68,114.74,114.52,114.73,12344.513
2025-09-11T18:00:00+00:00,114.74,114.75,114.44,114.60,11883.120
2025-09-11T18:15:00+00:00,114.59,114.72,114.32,114.69,15023.568
2025-09-11T18:30:00+00:00,114.68,114.83,114.55,114.83,14744.465
2025-09-11T18:45:00+00:00,114.83,114.86,114.54,114.75,16813.426
2025-09-11T19:00:00+00:00,114.74,114.92,114.58,114.80,14056.016
2025-09-11T19:15:00+00:00,114.80,115.00,114.72,114.91,14523.153
2025-09-11T19:30:00+00:00,114.91,115.08,114.88,115.08,5972.449
2025-09-11T19:45:00+00:00,115.07,115.14,114.84,114.94,9734.859
2025-09-11T20:00:00+00:00,114.95,115.10,114.83,114.89,10830.900
2025-09-11T20:15:00+00:00,114.89,115.15,114.88,115.07,10721.808
2025-09-11T20:30:00+00:00,115.07,115.20,114.91,115.07,32783.532
2025-09-11T20:45:00+00:00,115.08,115.28,115.06,115.13,15818.096
2025-09-11T21:00:00+00:00,115.13,115.46,115.10,115.38,9617.450
2025-09-11T21:15:00+00:00,115.39,115.39,115.08,115.18,20019.571
2025-09-11T21:30:00+00:00,115.19,115.38,115.18,115.37,8073.879
2025-09-11T21:45:00+00:00,115.38,115.41,115.04,115.23,15475.694
2025-09-11T22:00:00+00:00,115.23,115.50,115.20,115.40,14076.258
2025-09-11T22:15:00+00:00,115.41,115.89,115.37,115.86,22763.584
2025-09-11T22:30:00+00:00,115.85,116.07,115.71,115.86,26081.233
2025-09-11T22:45:00+00:00,115.86,116.06,115.86,115.87,11280.162
2025-09-11T23:00:00+00:00,115.87,116.02,115.83,116.01,12704.002
2025-09-11T23:15:00+00:00,116.00,116.01,115.82,115.86,15662.615
2025-09-11T23:30:00+00:00,115.86,115.88,115.70,115.88,18183.892
2025-09-11T23:45:00+00:00,115.88,115.94,115.69,115.76,12062.008
2025-09-12T00:00:00+00:00,115.76,115.93,115.63,115.67,21018.085
2025-09-12T00:15:00+00:00,115.66,116.09,115.51,115.98,22224.881
2025-09-12T00:30:00+00:00,115.98,116.66,115.98,116.61,36024.259
2025-09-12T00:45:00+00:00,116.62,116.87,116.22,116.26,52154.956
2025-09-12T01:00:00+00:00,116.26,116.58,116.25,116.46,21766.994
2025-09-12T01:15:00+00:00,116.46,116.53,116.30,116.32,18328.056
2025-09-12T01:30:00+00:00,116.33,116.33,115.04,115.27,122609.902
2025-09-12T01:45:00+00:00,115.26,115.29,114.67,114.93,72291.708
2025-09-12T02:00:00+00:00,114.93,115.24,114.88,114.98,32187.844
2025-09-12T02:15:00+00:00,114.97,115.35,114.97,115.10,20472.107
2025-09-12T02:30:00+00:00,115.10,116.05,115.08,115.90,79166.585
2025-09-12T02:45:00+00:00,115.89,115.96,115.58,115.84,32633.364
2025-09-12T03:00:00+00:00,115.84,115.89,115.54,115.58,14820.683
2025-09-12T03:15:00+00:00,115.57,115.86,115.54,115.70,12075.205
2025-09-12T03:30:00+00:00,115.69,115.78,115.53,115.66,12073.727
2025-09-12T03:45:00+00:00,115.66,115.80,115.44,115.52,24697.362
2025-09-12T04:00:00+00:00,115.52,115.61,115.22,115.34,16336.476
2025-09-12T04:15:00+00:00,115.35,115.58,115.31,115.54,12317.042
2025-09-12T04:30:00+00:00,115.54,115.58,115.39,115.40,12239.172
2025-09-12T04:45:00+00:00,115.41,115.56,115.36,115.52,15171.361
2025-09-12T05:00:00+00:00,115.52,115.53,115.32,115.37,14407.715
2025-09-12T05:15:00+00:00,115.37,115.80,115.35,115.66,21668.379
2025-09-12T05:30:00+00:00,115.66,116.04,115.61,116.03,16689.983
2025-09-12T05:45:00+00:00,116.03,116.24,115.98,116.22,25753.369
2025-09-12T06:00:00+00:00,116.22,116.22,116.02,116.08,17267.680
2025-09-12T06:15:00+00:00,116.07,116.39,116.01,116.30,15625.266
2025-09-12T06:30:00+00:00,116.31,116.43,116.02,116.16,17517.089
2025-09-12T06:45:00+00:00,116.16,116.17,115.87,115.97,14971.665
2025-09-12T07:00:00+00:00,115.96,116.20,115.94,116.15,15253.331
2025-09-12T07:15:00+00:00,116.14,116.26,115.93,115.99,9019.432
2025-09-12T07:30:00+00:00,115.98,115.98,115.58,115.79,28997.414
2025-09-12T07:45:00+00:00,115.78,115.82,115.60,115.68,9404.605
2025-09-12T08:00:00+00:00,115.68,115.74,115.49,115.67,17572.837
2025-09-12T08:15:00+00:00,115.66,115.86,115.41,115.72,16813.660
2025-09-12T08:30:00+00:00,115.71,115.78,115.56,115.68,9706.451
2025-09-12T08:45:00+00:00,115.67,115.76,115.53,115.70,9662.586
2025-09-12T09:00:00+00:00,115.69,115.73,115.38,115.72,16656.516
2025-09-12T09:15:00+00:00,115.72,115.87,115.58,115.68,12788.544
2025-09-12T09:30:00+00:00,115.69,115.82,115.55,115.69,9654.133
2025-09-12T09:45:00+00:00,115.68,115.81,115.52,115.68,12413.633
2025-09-12T10:00:00+00:00,115.67,115.90,115.32,115.68,18897.072
2025-09-12T10:15:00+00:00,115.67,115.71,115.39,115.53,15916.052
2025-09-12T10:30:00+00:00,115.52,115.65,115.43,115.52,11109.015
2025-09-12T10:45:00+00:00,115.51,115.60,115.40,115.46,18032.695
2025-09-12T11:00:00+00:00,115.45,115.72,115.36,115.55,20527.364
2025-09-12T11:15:00+00:00,115.56,116.16,115.55,116.02,32664.542
2025-09-12T11:30:00+00:00,116.02,116.02,115.69,115.77,11857.054
2025-09-12T11:45:00+00:00,115.77,115.78,115.32,115.37,19387.033
2025-09-12T12:00:00+00:00,115.38,115.42,114.86,115.12,49495.695
2025-09-12T12:15:00+00:00,115.11,115.31,114.96,115.13,27459.353
2025-09-12T12:30:00+00:00,115.14,115.32,115.01,115.30,19062.984
2025-09-12T12:45:00+00:00,115.30,115.66,115.18,115.50,27669.396
2025-09-12T13:00:00+00:00,115.49,115.70,115.37,115.67,11837.129
2025-09-12T13:15:00+00:00,115.66,115.75,115.59,115.62,13971.860
2025-09-12T13:30:00+00:00,115.63,115.80,115.36,115.52,16725.919
2025-09-12T13:45:00+00:00,115.52,115.96,115.48,115.87,12182.571
2025-09-12T14:00:00+00:00,115.87,116.41,115.69,116.34,63392.334
2025-09-12T14:15:00+00:00,116.35,116.74,116.33,116.73,49134.094
2025-09-12T14:30:00+00:00,116.73,116.84,116.01,116.02,34628.513
2025-09-12T14:45:00+00:00,116.01,116.74,116.01,116.66,29319.755
2025-09-12T15:00:00+00:00,116.65,116.68,115.86,115.91,27258.264
2025-09-12T15:15:00+00:00,115.91,116.16,115.77,115.99,13005.396
2025-09-12T15:30:00+00:00,115.98,116.21,115.90,116.10,11627.403
2025-09-12T15:45:00+00:00,116.09,116.52,116.03,116.47,16904.268
2025-09-12T16:00:00+00:00,116.47,116.84,116.34,116.84,19079.207
2025-09-12T16:15:00+00:00,116.84,117.04,116.57,116.86,38680.671
2025-09-12T16:30:00+00:00,116.85,116.94,116.62,116.70,25269.826
2025-09-12T16:45:00+00:00,116.70,117.16,116.60,117.16,20504.625
2025-09-12T17:00:00+00:00,117.15,117.36,116.90,117.31,50586.868
2025-09-12T17:15:00+00:00,117.32,117.67,117.21,117.55,38449.125
2025-09-12T17:30:00+00:00,117.54,117.69,117.25,117.50,40116.375
2025-09-12T17:45:00+00:00,117.50,117.60,117.22,117.39,30930.510
2025-09-12T18:00:00+00:00,117.39,117.76,117.27,117.61,20406.661
2025-09-12T18:15:00+00:00,117.60,117.80,117.58,117.66,17641.042
2025-09-12T18:30:00+00:00,117.66,117.71,117.00,117.17,161461.564
2025-09-12T18:45:00+00:00,117.17,117.30,117.09,117.15,18358.045
2025-09-12T19:00:00+00:00,117.15,117.21,116.97,117.20,24913.769
2025-09-12T19:15:00+00:00,117.19,117.19,117.04,117.11,12283.282
2025-09-12T19:30:00+00:00,117.11,117.30,117.02,117.18,25252.932
2025-09-12T19:45:00+00:00,117.18,117.25,117.10,117.21,24125.901
2025-09-12T20:00:00+00:00,117.21,117.38,116.84,117.22,42591.579
2025-09-12T20:15:00+00:00,117.23,117.27,116.84,116.90,22348.506
2025-09-12T20:30:00+00:00,116.89,117.55,116.88,117.55,28537.257
2025-09-12T20:45:00+00:00,117.55,117.84,117.51,117.64,24528.793
2025-09-12T21:00:00+00:00,117.63,117.67,117.08,117.33,16138.585
2025-09-12T21:15:00+00:00,117.33,117.51,117.21,117.30,9108.787
2025-09-12T21:30:00+00:00,117.31,117.34,117.17,117.21,7948.492
2025-09-12T21:45:00+00:00,117.21,117.33,117.10,117.28,3617.375
2025-09-12T22:00:00+00:00,117.28,117.49,117.26,117.42,6553.991
2025-09-12T22:15:00+00:00,117.42,117.99,117.42,117.80,37679.843
2025-09-12T22:30:00+00:00,117.80,117.99,117.71,117.78,17589.970
2025-09-12T22:45:00+00:00,117.78,117.82,117.64,117.77,12715.671
2025-09-12T23:00:00+00:00,117.77,117.88,117.65,117.87,12061.307
2025-09-12T23:15:00+00:00,117.86,118.18,117.67,118.15,20007.617
2025-09-12T23:30:00+00:00,118.16,118.23,117.99,118.04,19397.673
2025-09-12T23:45:00+00:00,118.04,118.19,117.96,117.97,7925.300
2025-09-13T00:00:00+00:00,117.97,118.09,117.87,118.03,14227.761
2025-09-13T00:15:00+00:00,118.02,118.17,117.65,117.66,26307.210
2025-09-13T00:30:00+00:00,117.67,118.01,117.55,117.93,24491.852
2025-09-13T00:45:00+00:00,117.94,118.29,117.94,118.26,12100.966
2025-09-13T01:00:00+00:00,118.27,118.48,118.27,118.34,23995.833
2025-09-13T01:15:00+00:00,118.35,118.50,117.99,118.02,21945.017
2025-09-13T01:30:00+00:00,118.03,118.19,118.01,118.05,16757.482
2025-09-13T01:45:00+00:00,118.05,118.07,117.64,117.70,17593.836
2025-09-13T02:00:00+00:00,117.70,117.91,117.40,117.79,24247.187
2025-09-13T02:15:00+00:00,117.78,117.97,117.67,117.96,10380.360
2025-09-13T02:30:00+00:00,117.96,117.97,117.79,117.95,7483.523
2025-09-13T02:45:00+00:00,117.96,118.03,117.79,117.79,11789.912
2025-09-13T03:00:00+00:00,117.80,117.96,117.75,117.83,13263.695
2025-09-13T03:15:00+00:00,117.84,117.95,117.67,117.85,11795.431
2025-09-13T03:30:00+00:00,117.86,118.22,117.76,118.07,24138.373
2025-09-13T03:45:00+00:00,118.08,118.15,117.96,118.00,23924.542
2025-09-13T04:00:00+00:00,118.01,118.08,117.90,117.93,13475.098
2025-09-13T04:15:00+00:00,117.93,117.95,117.66,117.75,15835.619
2025-09-13T04:30:00+00:00,117.74,117.97,117.73,117.96,8438.889
2025-09-13T04:45:00+00:00,117.97,118.03,117.71,117.79,14007.953
2025-09-13T05:00:00+00:00,117.79,117.82,117.61,117.75,9959.988
2025-09-13T05:15:00+00:00,117.75,118.05,117.58,118.01,12160.918
2025-09-13T05:30:00+00:00,118.01,118.31,117.97,118.30,18258.908
2025-09-13T05:45:00+00:00,118.31,118.42,118.13,118.31,14599.931
2025-09-13T06:00:00+00:00,118.32,118.58,118.28,118.58,18568.602
2025-09-13T06:15:00+00:00,118.58,118.61,118.35,118.58,25840.240
2025-09-13T06:30:00+00:00,118.58,119.24,118.56,119.24,37429.032
2025-09-13T06:45:00+00:00,119.24,119.44,118.65,118.94,65942.639
2025-09-13T07:00:00+00:00,118.95,118.95,118.46,118.60,18590.636
2025-09-13T07:15:00+00:00,118.61,118.80,118.59,118.66,15452.465
2025-09-13T07:30:00+00:00,118.65,118.87,118.62,118.72,10551.016
2025-09-13T07:45:00+00:00,118.72,118.88,118.62,118.73,33177.054
2025-09-13T08:00:00+00:00,118.73,120.00,118.64,119.79,113452.229
2025-09-13T08:15:00+00:00,119.79,120.12,119.72,120.09,69029.307
2025-09-13T08:30:00+00:00,120.09,120.11,119.57,119.60,62913.692
2025-09-13T08:45:00+00:00,119.59,119.72,119.42,119.57,29563.744
2025-09-13T09:00:00+00:00,119.58,119.81,119.41,119.81,37362.379
2025-09-13T09:15:00+00:00,119.80,119.80,119.50,119.64,20224.737
2025-09-13T09:30:00+00:00,119.64,120.12,119.60,120.01,34314.505
2025-09-13T09:45:00+00:00,120.02,120.10,119.78,120.05,23358.002
2025-09-13T10:00:00+00:00,120.05,120.05,119.64,120.01,21061.108
2025-09-13T10:15:00+00:00,120.01,120.50,119.98,120.15,55971.043
2025-09-13T10:30:00+00:00,120.15,120.35,119.83,120.17,40681.894
2025-09-13T10:45:00+00:00,120.17,120.20,119.61,119.87,20746.326
2025-09-13T11:00:00+00:00,119.87,119.89,119.46,119.52,27318.418
2025-09-13T11:15:00+00:00,119.52,119.86,119.44,119.85,17382.782
2025-09-13T11:30:00+00:00,119.85,120.30,119.74,120.24,18115.791
2025-09-13T11:45:00+00:00,120.24,120.61,120.14,120.59,32993.097
2025-09-13T12:00:00+00:00,120.59,120.63,120.20,120.24,26682.964
2025-09-13T12:15:00+00:00,120.25,120.25,119.96,119.99,12507.561
2025-09-13T12:30:00+00:00,120.00,120.15,119.87,120.15,28376.100
2025-09-13T12:45:00+00:00,120.15,120.20,119.96,120.05,9884.512
2025-09-13T13:00:00+00:00,120.04,120.09,119.73,119.85,28302.960
2025-09-13T13:15:00+00:00,119.85,120.76,119.67,120.69,54185.766
2025-09-13T13:30:00+00:00,120.70,120.72,120.34,120.43,34670.872
2025-09-13T13:45:00+00:00,120.43,120.63,118.00,119.38,180819.863
2025-09-13T14:00:00+00:00,119.37,119.87,118.61,119.43,85969.463
2025-09-13T14:15:00+00:00,119.43,120.29,119.41,120.00,36251.864
2025-09-13T14:30:00+00:00,120.00,120.12,119.51,119.90,25947.143
2025-09-13T14:45:00+00:00,119.90,119.99,119.64,119.79,13659.705
2025-09-13T15:00:00+00:00,119.78,120.32,119.70,120.16,28460.502
2025-09-13T15:15:00+00:00,120.15,120.28,119.56,119.68,20674.875
2025-09-13T15:30:00+00:00,119.67,119.70,118.55,118.96,74348.584
2025-09-13T15:45:00+00:00,118.95,119.08,118.74,119.07,22045.932
2025-09-13T16:00:00+00:00,119.06,119.60,118.88,119.11,43901.908
2025-09-13T16:15:00+00:00,119.11,119.14,118.54,119.03,66488.285
2025-09-13T16:30:00+00:00,119.02,119.24,118.33,118.73,36013.433
2025-09-13T16:45:00+00:00,118.72,118.95,118.20,118.62,46548.037
2025-09-13T17:00:00+00:00,118.62,118.73,117.75,117.78,80258.709
2025-09-13T17:15:00+00:00,117.78,118.84,117.78,118.67,47234.660
2025-09-13T17:30:00+00:00,118.66,119.98,118.64,119.90,63085.580
2025-09-13T17:45:00+00:00,119.89,120.70,119.62,119.89,88309.035
2025-09-13T18:00:00+00:00,119.89,119.99,118.88,119.07,48849.778
2025-09-13T18:15:00+00:00,119.07,119.47,118.71,119.26,23530.197
2025-09-13T18:30:00+00:00,119.26,119.26,118.67,118.99,21116.135
2025-09-13T18:45:00+00:00,118.99,119.61,118.92,119.60,15132.508
2025-09-13T19:00:00+00:00,119.61,119.82,119.41,119.56,28537.440
2025-09-13T19:15:00+00:00,119.57,119.61,119.12,119.15,25529.586
2025-09-13T19:30:00+00:00,119.15,119.57,119.11,119.55,32446.928
2025-09-13T19:45:00+00:00,119.55,119.58,119.26,119.26,9941.949
2025-09-13T20:00:00+00:00,119.27,119.65,119.23,119.56,16781.028
2025-09-13T20:15:00+00:00,119.57,119.73,119.40,119.61,10452.858
2025-09-13T20:30:00+00:00,119.61,119.78,119.39,119.44,6089.348
2025-09-13T20:45:00+00:00,119.45,119.79,119.45,119.61,7380.861
2025-09-13T21:00:00+00:00,119.61,120.07,119.56,119.84,13869.071
2025-09-13T21:15:00+00:00,119.84,120.14,119.79,119.98,13541.431
2025-09-13T21:30:00+00:00,119.98,119.99,119.74,119.85,6939.737
2025-09-13T21:45:00+00:00,119.85,119.95,119.77,119.90,3866.262
2025-09-13T22:00:00+00:00,119.91,120.14,119.89,120.05,9668.959
2025-09-13T22:15:00+00:00,120.05,120.14,119.85,119.99,11509.484
2025-09-13T22:30:00+00:00,119.99,120.14,119.70,119.89,11742.143
2025-09-13T22:45:00+00:00,119.90,119.95,119.00,119.27,105008.037
2025-09-13T23:00:00+00:00,119.27,119.55,119.02,119.29,50281.169
2025-09-13T23:15:00+00:00,119.29,119.65,119.08,119.18,18618.115
2025-09-13T23:30:00+00:00,119.19,119.32,119.14,119.31,10038.638
2025-09-13T23:45:00+00:00,119.32,119.45,119.06,119.17,25383.430
2025-09-14T00:00:00+00:00,119.17,119.30,119.02,119.22,17109.378
2025-09-14T00:15:00+00:00,119.22,119.29,118.87,118.97,12703.588
2025-09-14T00:30:00+00:00,118.98,119.06,118.66,118.75,19524.378
2025-09-14T00:45:00+00:00,118.75,118.89,118.50,118.71,28605.399
2025-09-14T01:00:00+00:00,118.71,118.71,117.19,117.46,125238.929
2025-09-14T01:15:00+00:00,117.45,117.87,117.40,117.82,31652.757
2025-09-14T01:30:00+00:00,117.82,118.14,117.77,118.08,18126.966
2025-09-14T01:45:00+00:00,118.08,118.39,117.90,118.31,24512.489
2025-09-14T02:00:00+00:00,118.32,118.81,118.28,118.78,19380.507
2025-09-14T02:15:00+00:00,118.79,118.80,118.35,118.43,28248.796
2025-09-14T02:30:00+00:00,118.43,118.43,117.76,117.93,28667.146
2025-09-14T02:45:00+00:00,117.93,118.08,117.15,117.68,78750.860
2025-09-14T03:00:00+00:00,117.68,117.94,117.37,117.49,32428.383
2025-09-14T03:15:00+00:00,117.49,117.52,117.24,117.40,17270.792
2025-09-14T03:30:00+00:00,117.40,117.53,116.05,116.65,121059.815
2025-09-14T03:45:00+00:00,116.65,116.84,116.08,116.34,43480.521
2025-09-14T04:00:00+00:00,116.34,116.62,116.19,116.36,42873.545
2025-09-14T04:15:00+00:00,116.36,116.70,115.99,116.65,40405.987
2025-09-14T04:30:00+00:00,116.66,116.96,116.64,116.96,26984.389
2025-09-14T04:45:00+00:00,116.96,116.97,116.66,116.82,11527.075
2025-09-14T05:00:00+00:00,116.81,117.24,116.81,117.16,16901.468
2025-09-14T05:15:00+00:00,117.17,117.38,117.16,117.28,9921.419
2025-09-14T05:30:00+00:00,117.29,117.36,117.20,117.22,12260.429
2025-09-14T05:45:00+00:00,117.23,117.43,117.22,117.39,9828.395
2025-09-14T06:00:00+00:00,117.39,117.47,117.06,117.16,14401.232
2025-09-14T06:15:00+00:00,117.17,117.33,116.91,117.07,12530.523
2025-09-14T06:30:00+00:00,117.07,117.10,116.85,116.87,8214.919
2025-09-14T06:45:00+00:00,116.87,117.13,116.71,117.12,12985.595
2025-09-14T07:00:00+00:00,117.12,117.21,116.84,116.99,9491.164
2025-09-14T07:15:00+00:00,117.00,117.13,116.89,117.07,7415.199
2025-09-14T07:30:00+00:00,117.07,117.15,116.89,116.89,8648.122
2025-09-14T07:45:00+00:00,116.89,116.94,116.42,116.72,19990.266
2025-09-14T08:00:00+00:00,116.73,116.73,116.20,116.40,34270.518
2025-09-14T08:15:00+00:00,116.40,116.62,116.28,116.58,15246.044
2025-09-14T08:30:00+00:00,116.59,116.97,116.57,116.94,14044.328
2025-09-14T08:45:00+00:00,116.93,117.04,116.70,116.71,16323.392
2025-09-14T09:00:00+00:00,116.71,116.71,116.52,116.60,11138.263
2025-09-14T09:15:00+00:00,116.61,116.99,116.49,116.91,9591.931
2025-09-14T09:30:00+00:00,116.92,117.17,116.90,116.95,13537.301
2025-09-14T09:45:00+00:00,116.96,117.00,116.76,116.90,9423.089
2025-09-14T10:00:00+00:00,116.90,116.96,116.54,116.54,17900.474
2025-09-14T10:15:00+00:00,116.54,116.87,116.51,116.61,17000.843
2025-09-14T10:30:00+00:00,116.60,116.71,116.46,116.48,10698.310
2025-09-14T10:45:00+00:00,116.48,116.65,116.39,116.51,14784.061
2025-09-14T11:00:00+00:00,116.52,116.66,116.38,116.39,11344.254
2025-09-14T11:15:00+00:00,116.40,116.40,115.72,115.85,54349.722
2025-09-14T11:30:00+00:00,115.85,115.97,115.57,115.61,39146.006
2025-09-14T11:45:00+00:00,115.60,115.92,115.34,115.45,30027.915
2025-09-14T12:00:00+00:00,115.45,115.86,115.42,115.75,30201.572
2025-09-14T12:15:00+00:00,115.76,115.90,115.66,115.84,19614.250
2025-09-14T12:30:00+00:00,115.85,115.91,115.07,115.10,48450.776
2025-09-14T12:45:00+00:00,115.10,115.41,114.82,115.27,51577.764
2025-09-14T13:00:00+00:00,115.28,115.37,114.99,115.37,20464.988
2025-09-14T13:15:00+00:00,115.38,115.38,114.78,114.95,23369.564
2025-09-14T13:30:00+00:00,114.95,115.29,114.81,115.16,18000.000
2025-09-14T13:45:00+00:00,115.16,115.17,114.47,114.83,39961.467
2025-09-14T14:00:00+00:00,114.84,115.33,114.78,115.02,31330.205
2025-09-14T14:15:00+00:00,115.03,115.04,114.33,114.64,30491.844
2025-09-14T14:30:00+00:00,114.65,114.84,114.02,114.10,58111.193
2025-09-14T14:45:00+00:00,114.11,114.66,113.84,114.58,64657.389
2025-09-14T15:00:00+00:00,114.58,114.70,114.10,114.30,46748.636
2025-09-14T15:15:00+00:00,114.31,114.67,114.31,114.50,23242.141
2025-09-14T15:30:00+00:00,114.50,114.80,114.32,114.73,18754.186
2025-09-14T15:45:00+00:00,114.73,114.94,114.50,114.67,23539.854
2025-09-14T16:00:00+00:00,114.68,115.03,114.51,114.75,20391.563
2025-09-14T16:15:00+00:00,114.76,115.09,114.70,115.07,13356.203
2025-09-14T16:30:00+00:00,115.06,115.21,114.96,115.08,16329.371
2025-09-14T16:45:00+00:00,115.09,115.09,114.76,114.84,15742.553
2025-09-14T17:00:00+00:00,114.85,115.00,114.68,114.98,11832.897
2025-09-14T17:15:00+00:00,114.98,115.38,114.93,115.30,27696.354
2025-09-14T17:30:00+00:00,115.30,115.36,115.22,115.32,14111.102
2025-09-14T17:45:00+00:00,115.33,115.48,115.29,115.31,13132.463
2025-09-14T18:00:00+00:00,115.32,115.41,115.15,115.35,17070.836
2025-09-14T18:15:00+00:00,115.35,115.36,114.79,114.95,15279.094
2025-09-14T18:30:00+00:00,114.95,115.15,114.87,115.09,7811.132
2025-09-14T18:45:00+00:00,115.08,115.10,114.89,114.96,5696.937
2025-09-14T19:00:00+00:00,114.97,115.10,114.71,115.02,9226.952
2025-09-14T19:15:00+00:00,115.03,115.20,114.99,115.20,3980.222
2025-09-14T19:30:00+00:00,115.20,115.30,115.07,115.15,5038.054
2025-09-14T19:45:00+00:00,115.16,115.26,114.91,115.07,7772.844
2025-09-14T20:00:00+00:00,115.07,115.36,115.02,115.30,8800.632
2025-09-14T20:15:00+00:00,115.31,115.40,115.19,115.20,5858.180
2025-09-14T20:30:00+00:00,115.20,115.35,115.09,115.34,6108.109
2025-09-14T20:45:00+00:00,115.34,115.37,115.22,115.22,5207.117
2025-09-14T21:00:00+00:00,115.22,115.31,114.91,115.13,30837.530
2025-09-14T21:15:00+00:00,115.14,115.34,115.11,115.30,9772.290
2025-09-14T21:30:00+00:00,115.30,115.64,115.23,115.62,10626.702
2025-09-14T21:45:00+00:00,115.63,115.70,115.38,115.53,7273.582
2025-09-14T22:00:00+00:00,115.54,115.63,115.21,115.31,13116.130
2025-09-14T22:15:00+00:00,115.31,115.38,115.14,115.35,7799.227
2025-09-14T22:30:00+00:00,115.35,115.77,115.29,115.76,9221.764
2025-09-14T22:45:00+00:00,115.76,116.06,115.68,115.80,16563.187
2025-09-14T23:00:00+00:00,115.81,115.81,115.10,115.18,19278.638
2025-09-14T23:15:00+00:00,115.18,115.35,115.00,115.17,12862.272
2025-09-14T23:30:00+00:00,115.17,115.19,114.80,115.09,13460.019
2025-09-14T23:45:00+00:00,115.10,115.18,114.91,115.02,8676.495
2025-09-15T00:00:00+00:00,115.02,115.47,114.99,115.46,15759.649
2025-09-15T00:15:00+00:00,115.47,115.85,115.25,115.83,14877.695
2025-09-15T00:30:00+00:00,115.82,115.85,115.25,115.26,15593.559
2025-09-15T00:45:00+00:00,115.26,115.55,115.24,115.34,8510.570
2025-09-15T01:00:00+00:00,115.34,115.37,114.64,114.66,22005.568
2025-09-15T01:15:00+00:00,114.65,115.29,114.52,115.24,15392.693
2025-09-15T01:30:00+00:00,115.25,115.85,115.23,115.61,16878.265
2025-09-15T01:45:00+00:00,115.61,115.76,115.40,115.49,8285.128
2025-09-15T02:00:00+00:00,115.49,115.98,115.48,115.87,20544.464
2025-09-15T02:15:00+00:00,115.88,116.03,115.65,115.68,9733.838
2025-09-15T02:30:00+00:00,115.68,115.69,115.45,115.66,8036.198
2025-09-15T02:45:00+00:00,115.67,115.79,115.48,115.67,7589.413
2025-09-15T03:00:00+00:00,115.68,116.15,115.61,115.98,9630.750
2025-09-15T03:15:00+00:00,115.99,116.10,115.68,115.76,9133.409
2025-09-15T03:30:00+00:00,115.77,115.79,115.55,115.69,9992.369
2025-09-15T03:45:00+00:00,115.68,115.78,115.61,115.62,7169.387
2025-09-15T04:00:00+00:00,115.62,115.74,115.55,115.55,9671.460
2025-09-15T04:15:00+00:00,115.56,116.15,115.50,115.99,24464.259
2025-09-15T04:30:00+00:00,116.00,116.10,115.74,115.91,8535.596
2025-09-15T04:45:00+00:00,115.91,116.04,115.81,115.86,6867.407
2025-09-15T05:00:00+00:00,115.86,116.20,115.79,116.13,10793.910
2025-09-15T05:15:00+00:00,116.14,116.58,116.08,116.44,49393.363
2025-09-15T05:30:00+00:00,116.44,116.69,116.41,116.65,25408.906
2025-09-15T05:45:00+00:00,116.65,116.71,116.53,116.59,13552.160
2025-09-15T06:00:00+00:00,116.60,116.63,116.35,116.57,34862.013
2025-09-15T06:15:00+00:00,116.58,116.65,116.08,116.10,26857.512
2025-09-15T06:30:00+00:00,116.10,116.17,115.50,115.58,36033.709
2025-09-15T06:45:00+00:00,115.58,115.70,115.21,115.64,31079.633
2025-09-15T07:00:00+00:00,115.65,116.08,115.60,116.02,17178.616
2025-09-15T07:15:00+00:00,116.02,116.27,115.50,115.54,13800.886
2025-09-15T07:30:00+00:00,115.53,115.53,114.59,114.80,65279.489
2025-09-15T07:45:00+00:00,114.82,115.02,114.55,114.84,30438.849
2025-09-15T08:00:00+00:00,114.83,114.84,113.33,114.02,157799.821
2025-09-15T08:15:00+00:00,114.00,114.23,113.56,114.00,57944.553
2025-09-15T08:30:00+00:00,114.00,114.22,113.55,113.69,67131.756
2025-09-15T08:45:00+00:00,113.70,113.71,112.34,112.78,153107.947
2025-09-15T09:00:00+00:00,112.78,113.68,112.60,113.20,83823.199
2025-09-15T09:15:00+00:00,113.20,113.67,112.95,113.52,32013.958
2025-09-15T09:30:00+00:00,113.51,113.75,113.47,113.54,15268.194
2025-09-15T09:45:00+00:00,113.53,113.69,113.30,113.63,15186.936
2025-09-15T10:00:00+00:00,113.63,113.65,112.77,112.93,26956.265
2025-09-15T10:15:00+00:00,112.93,113.33,112.90,113.20,15481.481
2025-09-15T10:30:00+00:00,113.20,113.47,113.03,113.43,9946.816
2025-09-15T10:45:00+00:00,113.43,113.60,113.30,113.40,8768.853
2025-09-15T11:00:00+00:00,113.41,113.54,113.06,113.47,13037.445
2025-09-15T11:15:00+00:00,113.47,113.64,113.20,113.31,13369.895
2025-09-15T11:30:00+00:00,113.31,114.06,113.20,113.81,272724.654
2025-09-15T11:45:00+00:00,113.81,113.87,113.51,113.83,16161.466
2025-09-15T12:00:00+00:00,113.83,113.83,113.41,113.68,17370.071
2025-09-15T12:15:00+00:00,113.69,113.99,113.34,113.34,13487.450
2025-09-15T12:30:00+00:00,113.35,113.57,113.28,113.55,16252.587
2025-09-15T12:45:00+00:00,113.55,113.56,113.11,113.19,12290.381
2025-09-15T13:00:00+00:00,113.19,113.36,113.02,113.27,15687.565
2025-09-15T13:15:00+00:00,113.27,113.35,112.97,113.16,16658.500
2025-09-15T13:30:00+00:00,113.16,113.70,112.90,112.97,41506.863
2025-09-15T13:45:00+00:00,112.98,114.03,112.96,113.79,27657.112
2025-09-15T14:00:00+00:00,113.79,113.82,112.97,113.40,29160.972
2025-09-15T14:15:00+00:00,113.41,113.69,113.07,113.40,33622.289
2025-09-15T14:30:00+00:00,113.40,113.55,113.04,113.45,17782.769
2025-09-15T14:45:00+00:00,113.45,113.55,112.71,112.77,19827.800
2025-09-15T15:00:00+00:00,112.78,113.18,112.71,112.79,34328.323
2025-09-15T15:15:00+00:00,112.79,113.22,112.57,112.84,39307.623
2025-09-15T15:30:00+00:00,112.85,112.87,112.42,112.54,31439.877
2025-09-15T15:45:00+00:00,112.54,113.21,112.31,113.06,27784.830
2025-09-15T16:00:00+00:00,113.05,113.05,111.84,112.70,69729.287
2025-09-15T16:15:00+00:00,112.71,112.86,112.14,112.36,48387.236
2025-09-15T16:30:00+00:00,112.34,112.96,112.18,112.95,21124.179
2025-09-15T16:45:00+00:00,112.96,112.97,111.95,112.13,13966.979
2025-09-15T17:00:00+00:00,112.13,112.65,112.08,112.48,11991.785
2025-09-15T17:15:00+00:00,112.48,112.59,112.22,112.36,14598.608
2025-09-15T17:30:00+00:00,112.36,112.82,112.28,112.75,13931.071
2025-09-15T17:45:00+00:00,112.74,113.11,112.50,113.05,26526.696
2025-09-15T18:00:00+00:00,113.04,113.08,112.61,112.71,8572.653
2025-09-15T18:15:00+00:00,112.72,113.06,112.65,112.90,12175.082
2025-09-15T18:30:00+00:00,112.90,113.24,112.84,113.08,10676.942
2025-09-15T18:45:00+00:00,113.09,113.46,113.05,113.34,9707.345
2025-09-15T19:00:00+00:00,113.34,113.67,113.25,113.33,12919.234
2025-09-15T19:15:00+00:00,113.34,113.35,112.99,113.01,8279.231
2025-09-15T19:30:00+00:00,113.01,113.43,112.82,113.26,10849.231
2025-09-15T19:45:00+00:00,113.26,113.45,113.12,113.20,4875.936
2025-09-15T20:00:00+00:00,113.20,113.43,113.09,113.38,8840.075
2025-09-15T20:15:00+00:00,113.38,113.51,113.26,113.31,5578.458
2025-09-15T20:30:00+00:00,113.32,113.44,113.29,113.38,5403.161
2025-09-15T20:45:00+00:00,113.37,113.44,113.30,113.40,5222.267
2025-09-15T21:00:00+00:00,113.41,113.43,113.19,113.37,11743.962
2025-09-15T21:15:00+00:00,113.37,113.64,113.34,113.55,11128.653
2025-09-15T21:30:00+00:00,113.56,113.67,113.41,113.64,7840.842
2025-09-15T21:45:00+00:00,113.64,113.66,113.52,113.57,5430.965
2025-09-15T22:00:00+00:00,113.58,113.67,113.27,113.39,10645.258
2025-09-15T22:15:00+00:00,113.40,113.56,113.37,113.53,4426.291
2025-09-15T22:30:00+00:00,113.54,113.58,113.24,113.40,5832.406
2025-09-15T22:45:00+00:00,113.41,113.60,113.34,113.50,8280.359
2025-09-15T23:00:00+00:00,113.51,113.58,113.38,113.48,6601.080
2025-09-15T23:15:00+00:00,113.49,113.74,113.46,113.71,8192.772
2025-09-15T23:30:00+00:00,113.70,113.74,113.58,113.65,9380.615
2025-09-15T23:45:00+00:00,113.66,113.72,113.57,113.66,3480.824
2025-09-16T00:00:00+00:00,113.66,113.70,113.38,113.42,16765.703
2025-09-16T00:15:00+00:00,113.41,113.52,113.23,113.23,10058.215
2025-09-16T00:30:00+00:00,113.23,113.44,113.22,113.33,8924.001
2025-09-16T00:45:00+00:00,113.33,113.37,113.09,113.35,6605.853
2025-09-16T01:00:00+00:00,113.35,113.81,113.31,113.65,19549.330
2025-09-16T01:15:00+00:00,113.65,113.90,113.61,113.82,13368.547
2025-09-16T01:30:00+00:00,113.83,113.96,113.62,113.63,17554.379
2025-09-16T01:45:00+00:00,113.63,113.69,113.06,113.10,17904.566
2025-09-16T02:00:00+00:00,113.11,113.40,113.08,113.34,11661.204
2025-09-16T02:15:00+00:00,113.35,113.51,113.16,113.18,8889.086
2025-09-16T02:30:00+00:00,113.18,113.35,113.04,113.12,6013.471
2025-09-16T02:45:00+00:00,113.12,113.16,112.78,112.86,16052.865
2025-09-16T03:00:00+00:00,112.86,113.04,112.64,112.67,33001.120
2025-09-16T03:15:00+00:00,112.67,112.88,112.61,112.68,11242.242
2025-09-16T03:30:00+00:00,112.68,112.94,112.68,112.72,17402.653
2025-09-16T03:45:00+00:00,112.73,112.75,112.48,112.48,10652.564
2025-09-16T04:00:00+00:00,112.48,112.61,112.05,112.13,31998.869
2025-09-16T04:15:00+00:00,112.13,113.01,111.89,112.95,74857.166
2025-09-16T04:30:00+00:00,112.96,113.03,112.72,112.93,12678.305
2025-09-16T04:45:00+00:00,112.94,113.09,112.85,113.04,10372.206
2025-09-16T05:00:00+00:00,113.04,113.59,113.00,113.47,24776.366
2025-09-16T05:15:00+00:00,113.47,113.64,113.26,113.64,26560.178
2025-09-16T05:30:00+00:00,113.64,114.08,113.62,114.07,37545.916
2025-09-16T05:45:00+00:00,114.08,114.46,113.97,114.20,59888.644
2025-09-16T06:00:00+00:00,114.21,114.40,114.11,114.28,35602.026
2025-09-16T06:15:00+00:00,114.27,114.32,113.88,113.93,16271.767
2025-09-16T06:30:00+00:00,113.94,113.96,113.57,113.72,21947.116
2025-09-16T06:45:00+00:00,113.71,113.85,113.58,113.80,21870.119
2025-09-16T07:00:00+00:00,113.80,114.50,113.80,114.45,39816.882
2025-09-16T07:15:00+00:00,114.45,114.85,114.44,114.77,32608.382
2025-09-16T07:30:00+00:00,114.77,114.82,114.50,114.80,15793.945
2025-09-16T07:45:00+00:00,114.81,115.13,114.64,114.74,30254.280
2025-09-16T08:00:00+00:00,114.75,114.96,114.64,114.95,20385.876
2025-09-16T08:15:00+00:00,114.96,115.20,114.57,114.63,20911.340
2025-09-16T08:30:00+00:00,114.62,114.71,114.35,114.50,20042.520
2025-09-16T08:45:00+00:00,114.50,114.85,114.18,114.55,29699.506
2025-09-16T09:00:00+00:00,114.56,114.64,114.35,114.55,20912.337
2025-09-16T09:15:00+00:00,114.55,114.92,114.50,114.69,17327.146
2025-09-16T09:30:00+00:00,114.68,115.01,114.45,114.74,16783.247
2025-09-16T09:45:00+00:00,114.74,115.00,114.71,114.94,15055.880
2025-09-16T10:00:00+00:00,114.94,115.01,114.75,114.91,14861.395
2025-09-16T10:15:00+00:00,114.92,115.01,114.74,114.89,9579.014
2025-09-16T10:30:00+00:00,114.90,114.96,114.49,114.49,9003.039
2025-09-16T10:45:00+00:00,114.50,114.73,114.18,114.21,18413.964
2025-09-16T11:00:00+00:00,114.22,114.33,114.05,114.07,15499.712
2025-09-16T11:15:00+00:00,114.08,114.36,113.93,114.30,15103.099
2025-09-16T11:30:00+00:00,114.29,114.52,114.29,114.43,17517.797
2025-09-16T11:45:00+00:00,114.44,114.55,114.23,114.30,12215.122
2025-09-16T12:00:00+00:00,114.31,114.44,114.24,114.35,8695.753
2025-09-16T12:15:00+00:00,114.35,114.53,114.24,114.30,9710.955
2025-09-16T12:30:00+00:00,114.31,114.47,114.17,114.22,11147.494
2025-09-16T12:45:00+00:00,114.22,114.35,114.12,114.25,5000.103
2025-09-16T13:00:00+00:00,114.26,114.48,114.13,114.28,9838.803
2025-09-16T13:15:00+00:00,114.29,114.65,114.21,114.57,10448.346
2025-09-16T13:30:00+00:00,114.57,114.66,114.24,114.36,22516.566
2025-09-16T13:45:00+00:00,114.35,114.49,113.55,114.46,90297.536
2025-09-16T14:00:00+00:00,114.45,114.45,113.23,113.56,47828.559
2025-09-16T14:15:00+00:00,113.56,113.95,113.19,113.87,39950.690
2025-09-16T14:30:00+00:00,113.87,114.15,113.62,113.74,24226.078
2025-09-16T14:45:00+00:00,113.75,114.58,113.70,114.49,49436.907
2025-09-16T15:00:00+00:00,114.48,114.62,114.09,114.36,41404.813
2025-09-16T15:15:00+00:00,114.37,114.86,114.34,114.77,23046.292
2025-09-16T15:30:00+00:00,114.78,114.86,114.43,114.76,24951.818
2025-09-16T15:45:00+00:00,114.77,115.07,114.65,115.00,26420.287
2025-09-16T16:00:00+00:00,115.00,115.02,114.60,114.66,47768.503
2025-09-16T16:15:00+00:00,114.67,114.84,114.44,114.83,27045.036
2025-09-16T16:30:00+00:00,114.83,115.01,114.62,114.81,24426.159
2025-09-16T16:45:00+00:00,114.82,115.28,114.79,115.10,36362.931
2025-09-16T17:00:00+00:00,115.09,115.56,114.98,115.54,49323.440
2025-09-16T17:15:00+00:00,115.54,115.77,115.38,115.52,38179.650
2025-09-16T17:30:00+00:00,115.53,115.58,115.02,115.24,29158.516
2025-09-16T17:45:00+00:00,115.24,115.39,115.06,115.12,8566.750
2025-09-16T18:00:00+00:00,115.12,115.53,115.12,115.29,19821.863
2025-09-16T18:15:00+00:00,115.30,115.40,115.04,115.10,14656.233
2025-09-16T18:30:00+00:00,115.10,115.10,114.74,114.81,25834.127
2025-09-16T18:45:00+00:00,114.82,114.97,114.74,114.89,8881.880
2025-09-16T19:00:00+00:00,114.89,114.99,114.74,114.92,10401.032
2025-09-16T19:15:00+00:00,114.93,115.00,114.84,114.86,8261.649
2025-09-16T19:30:00+00:00,114.87,114.98,114.80,114.94,15971.797
2025-09-16T19:45:00+00:00,114.95,115.22,114.95,115.15,6984.061
2025-09-16T20:00:00+00:00,115.14,115.22,114.94,114.96,7369.998
2025-09-16T20:15:00+00:00,114.96,115.08,114.84,114.98,10524.779
2025-09-16T20:30:00+00:00,114.98,114.99,114.77,114.79,5554.901
2025-09-16T20:45:00+00:00,114.80,114.85,114.68,114.83,13872.014
2025-09-16T21:00:00+00:00,114.83,115.14,114.80,114.93,14081.043
2025-09-16T21:15:00+00:00,114.93,115.22,114.91,115.13,21488.788
2025-09-16T21:30:00+00:00,115.14,115.29,115.04,115.06,13805.232
2025-09-16T21:45:00+00:00,115.06,115.43,115.05,115.41,6865.731
2025-09-16T22:00:00+00:00,115.41,115.52,115.25,115.43,13523.140
2025-09-16T22:15:00+00:00,115.43,115.43,115.19,115.23,7845.602
2025-09-16T22:30:00+00:00,115.23,115.24,115.04,115.22,6896.770
2025-09-16T22:45:00+00:00,115.22,115.29,115.15,115.21,9651.293
2025-09-16T23:00:00+00:00,115.21,115.24,115.07,115.12,5692.525
2025-09-16T23:15:00+00:00,115.12,115.20,114.96,114.99,5737.500
2025-09-16T23:30:00+00:00,114.99,115.24,114.97,115.00,6399.179
2025-09-16T23:45:00+00:00,114.99,115.00,114.79,114.96,15027.562
2025-09-17T00:00:00+00:00,114.97,115.16,114.90,115.06,7535.759
2025-09-17T00:15:00+00:00,115.07,115.28,115.06,115.14,7025.083
2025-09-17T00:30:00+00:00,115.13,115.28,115.08,115.14,4603.247
2025-09-17T00:45:00+00:00,115.15,115.15,114.98,114.99,3745.703
2025-09-17T01:00:00+00:00,114.98,115.08,114.82,114.98,6442.005
2025-09-17T01:15:00+00:00,114.98,115.23,114.87,115.06,9809.996
2025-09-17T01:30:00+00:00,115.06,115.08,114.85,114.92,5474.560
2025-09-17T01:45:00+00:00,114.92,115.15,114.88,115.14,4299.271
2025-09-17T02:00:00+00:00,115.15,115.29,115.00,115.28,6853.220
2025-09-17T02:15:00+00:00,115.29,115.37,115.04,115.16,9140.028
2025-09-17T02:30:00+00:00,115.16,115.57,115.13,115.53,13367.076
2025-09-17T02:45:00+00:00,115.54,115.83,115.41,115.52,26938.800
2025-09-17T03:00:00+00:00,115.52,115.67,115.46,115.58,14435.043
2025-09-17T03:15:00+00:00,115.59,115.67,115.25,115.27,13310.353
2025-09-17T03:30:00+00:00,115.28,115.31,114.83,114.87,16999.345
2025-09-17T03:45:00+00:00,114.87,114.90,114.54,114.64,32314.493
2025-09-17T04:00:00+00:00,114.64,114.81,114.59,114.62,11611.556
2025-09-17T04:15:00+00:00,114.61,114.64,114.30,114.30,19982.838
2025-09-17T04:30:00+00:00,114.30,114.43,114.24,114.27,10885.251
2025-09-17T04:45:00+00:00,114.27,114.27,113.70,113.99,66226.843
2025-09-17T05:00:00+00:00,113.99,114.15,113.97,114.09,18672.696
2025-09-17T05:15:00+00:00,114.09,114.26,113.89,113.95,22402.788
2025-09-17T05:30:00+00:00,113.95,114.31,113.94,114.27,11803.264
2025-09-17T05:45:00+00:00,114.28,114.73,114.01,114.69,32573.937
2025-09-17T06:00:00+00:00,114.69,114.75,114.47,114.59,30956.431
2025-09-17T06:15:00+00:00,114.60,114.88,114.56,114.79,6729.065
2025-09-17T06:30:00+00:00,114.79,115.13,114.75,115.11,16160.994
2025-09-17T06:45:00+00:00,115.12,115.30,114.98,115.26,22187.530
2025-09-17T07:00:00+00:00,115.26,115.26,114.94,115.03,8121.756
2025-09-17T07:15:00+00:00,115.02,115.41,115.01,115.24,13272.036
2025-09-17T07:30:00+00:00,115.25,115.35,115.14,115.15,15848.571
2025-09-17T07:45:00+00:00,115.15,115.26,115.14,115.19,11244.901
2025-09-17T08:00:00+00:00,115.19,115.30,115.01,115.01,31605.734
2025-09-17T08:15:00+00:00,115.01,115.30,114.97,115.27,10922.659
2025-09-17T08:30:00+00:00,115.27,115.28,114.67,114.73,22599.413
2025-09-17T08:45:00+00:00,114.73,115.16,114.71,115.08,8244.719
2025-09-17T09:00:00+00:00,115.07,115.12,114.86,114.91,4684.990
2025-09-17T09:15:00+00:00,114.91,114.91,114.70,114.78,9365.801
2025-09-17T09:30:00+00:00,114.79,114.89,114.69,114.69,7679.837
2025-09-17T09:45:00+00:00,114.70,114.71,114.46,114.49,14340.116
2025-09-17T10:00:00+00:00,114.50,114.67,114.34,114.34,15933.440
2025-09-17T10:15:00+00:00,114.34,114.40,113.99,114.04,18938.164
2025-09-17T10:30:00+00:00,114.04,114.14,113.99,114.03,14886.569
2025-09-17T10:45:00+00:00,114.04,114.15,113.89,114.04,12621.131
2025-09-17T11:00:00+00:00,114.04,114.36,114.00,114.30,12757.654
2025-09-17T11:15:00+00:00,114.30,114.48,114.23,114.30,7358.519
2025-09-17T11:30:00+00:00,114.30,114.33,114.19,114.19,4574.337
2025-09-17T11:45:00+00:00,114.18,114.32,114.10,114.13,6122.279
2025-09-17T12:00:00+00:00,114.13,114.22,113.71,113.95,22436.359
2025-09-17T12:15:00+00:00,113.94,114.13,113.74,114.10,12613.899
2025-09-17T12:30:00+00:00,114.10,114.44,114.08,114.17,19344.427
2025-09-17T12:45:00+00:00,114.17,114.39,114.11,114.27,11186.868
2025-09-17T13:00:00+00:00,114.26,114.43,114.21,114.41,10244.941
2025-09-17T13:15:00+00:00,114.41,114.61,114.34,114.41,16452.526
2025-09-17T13:30:00+00:00,114.40,114.49,113.99,114.05,17218.038
2025-09-17T13:45:00+00:00,114.05,114.42,113.97,114.22,8650.680
2025-09-17T14:00:00+00:00,114.23,114.24,113.93,114.15,17038.700
2025-09-17T14:15:00+00:00,114.15,114.18,113.46,113.67,31301.174
2025-09-17T14:30:00+00:00,113.68,114.60,113.47,114.00,74943.580
2025-09-17T14:45:00+00:00,114.01,114.18,113.78,113.84,23440.958
2025-09-17T15:00:00+00:00,113.85,114.06,113.80,113.99,14840.804
2025-09-17T15:15:00+00:00,113.99,114.23,113.74,113.75,14915.605
2025-09-17T15:30:00+00:00,113.76,114.09,113.76,113.88,14384.903
2025-09-17T15:45:00+00:00,113.88,113.91,113.74,113.82,10744.265
2025-09-17T16:00:00+00:00,113.81,113.87,113.51,113.57,17189.423
2025-09-17T16:15:00+00:00,113.57,113.94,113.32,113.91,31319.839
2025-09-17T16:30:00+00:00,113.91,114.01,113.77,113.99,13840.475
2025-09-17T16:45:00+00:00,113.99,114.33,113.92,114.21,12367.301
2025-09-17T17:00:00+00:00,114.21,114.28,114.03,114.09,9444.497
2025-09-17T17:15:00+00:00,114.08,114.30,114.04,114.14,8416.764
2025-09-17T17:30:00+00:00,114.14,115.20,114.06,114.78,40363.386
2025-09-17T17:45:00+00:00,114.79,115.28,113.51,113.70,49297.399
2025-09-17T18:00:00+00:00,113.70,115.13,113.53,113.87,176090.356
2025-09-17T18:15:00+00:00,113.86,114.64,113.38,114.48,76179.461
2025-09-17T18:30:00+00:00,114.48,114.51,113.39,113.41,51397.531
2025-09-17T18:45:00+00:00,113.42,113.91,113.05,113.68,41706.246
2025-09-17T19:00:00+00:00,113.67,114.49,113.63,114.27,42088.472
2025-09-17T19:15:00+00:00,114.28,114.94,114.28,114.81,20282.341
2025-09-17T19:30:00+00:00,114.79,115.04,114.54,114.98,32194.338
2025-09-17T19:45:00+00:00,114.99,115.05,114.74,114.91,19105.166
2025-09-17T20:00:00+00:00,114.91,115.50,114.91,115.40,24893.489
2025-09-17T20:15:00+00:00,115.40,115.45,115.02,115.06,30617.808
2025-09-17T20:30:00+00:00,115.07,115.17,114.60,114.68,17096.870
2025-09-17T20:45:00+00:00,114.67,114.77,114.31,114.42,17353.896
2025-09-17T21:00:00+00:00,114.42,114.56,113.95,114.56,26257.021
2025-09-17T21:15:00+00:00,114.56,115.18,114.56,115.14,21219.182
2025-09-17T21:30:00+00:00,115.15,115.42,115.03,115.33,16060.682
2025-09-17T21:45:00+00:00,115.33,115.62,115.32,115.51,15188.255
2025-09-17T22:00:00+00:00,115.52,116.55,115.52,116.50,82902.660
2025-09-17T22:15:00+00:00,116.51,117.14,116.51,117.10,69901.770
2025-09-17T22:30:00+00:00,117.10,117.18,116.91,117.05,41701.323
2025-09-17T22:45:00+00:00,117.05,117.27,116.87,117.08,34227.297
2025-09-17T23:00:00+00:00,117.09,117.56,117.09,117.30,61229.887
2025-09-17T23:15:00+00:00,117.31,117.38,116.66,116.82,39139.564
2025-09-17T23:30:00+00:00,116.83,117.29,116.76,116.81,22794.049
2025-09-17T23:45:00+00:00,116.81,117.11,116.81,116.97,14631.794
2025-09-18T00:00:00+00:00,116.97,117.58,116.97,117.57,32183.892
2025-09-18T00:15:00+00:00,117.56,117.74,117.18,117.27,44109.363
2025-09-18T00:30:00+00:00,117.27,117.39,116.74,117.01,34961.668
2025-09-18T00:45:00+00:00,117.01,117.17,116.75,116.89,14193.874
2025-09-18T01:00:00+00:00,116.89,117.46,116.75,117.46,18567.845
2025-09-18T01:15:00+00:00,117.46,117.61,117.27,117.27,11248.378
2025-09-18T01:30:00+00:00,117.27,117.55,117.12,117.51,15600.262
2025-09-18T01:45:00+00:00,117.51,117.59,117.27,117.33,15494.540
2025-09-18T02:00:00+00:00,117.33,117.38,117.09,117.22,8907.251
2025-09-18T02:15:00+00:00,117.23,117.31,116.95,117.01,11842.102
2025-09-18T02:30:00+00:00,117.01,117.21,117.00,117.16,8121.390
2025-09-18T02:45:00+00:00,117.16,117.56,117.14,117.53,11190.937
2025-09-18T03:00:00+00:00,117.53,117.78,117.42,117.74,22063.734
2025-09-18T03:15:00+00:00,117.74,118.01,117.68,117.95,40607.645
2025-09-18T03:30:00+00:00,117.96,118.07,117.80,117.81,16224.104
2025-09-18T03:45:00+00:00,117.82,117.97,117.69,117.76,29978.805
2025-09-18T04:00:00+00:00,117.77,117.97,117.77,117.90,18623.520
2025-09-18T04:15:00+00:00,117.90,117.95,117.44,117.50,23839.802
2025-09-18T04:30:00+00:00,117.51,117.57,117.29,117.55,22581.583
2025-09-18T04:45:00+00:00,117.55,117.63,117.40,117.44,10859.515
2025-09-18T05:00:00+00:00,117.45,117.45,117.17,117.23,10198.227
2025-09-18T05:15:00+00:00,117.23,117.25,116.96,117.00,18558.690
2025-09-18T05:30:00+00:00,117.00,117.01,116.64,116.76,23247.964
2025-09-18T05:45:00+00:00,116.75,116.86,116.64,116.86,10075.689
2025-09-18T06:00:00+00:00,116.86,116.94,116.02,116.14,43138.414
2025-09-18T06:15:00+00:00,116.14,116.33,115.82,115.89,27453.924
2025-09-18T06:30:00+00:00,115.90,116.28,115.77,116.17,22510.375
2025-09-18T06:45:00+00:00,116.17,116.35,114.84,114.98,296268.075
2025-09-18T07:00:00+00:00,114.98,115.38,114.95,115.23,59190.569
2025-09-18T07:15:00+00:00,115.22,115.38,115.06,115.19,28870.612
2025-09-18T07:30:00+00:00,115.20,115.70,115.20,115.68,20229.410
2025-09-18T07:45:00+00:00,115.68,115.81,115.37,115.43,25824.308
2025-09-18T08:00:00+00:00,115.43,115.86,115.37,115.83,15588.556
2025-09-18T08:15:00+00:00,115.82,116.03,115.68,115.95,28465.095
2025-09-18T08:30:00+00:00,115.96,116.12,115.88,115.90,31415.631
2025-09-18T08:45:00+00:00,115.91,116.12,115.81,116.08,16695.419
2025-09-18T09:00:00+00:00,116.07,116.11,115.79,115.90,18358.676
2025-09-18T09:15:00+00:00,115.91,116.18,115.91,116.01,14445.943
2025-09-18T09:30:00+00:00,116.01,116.20,115.83,115.91,20129.933
2025-09-18T09:45:00+00:00,115.92,116.07,115.76,115.84,18872.251
2025-09-18T10:00:00+00:00,115.84,116.00,115.28,115.34,49817.373
2025-09-18T10:15:00+00:00,115.33,115.45,115.08,115.13,41946.938
2025-09-18T10:30:00+00:00,115.12,115.30,115.08,115.21,30705.564
2025-09-18T10:45:00+00:00,115.21,115.33,115.08,115.27,15398.365
2025-09-18T11:00:00+00:00,115.28,115.43,115.23,115.33,18567.552
2025-09-18T11:15:00+00:00,115.33,115.60,115.33,115.52,32970.557
2025-09-18T11:30:00+00:00,115.53,115.72,115.49,115.60,12186.939
2025-09-18T11:45:00+00:00,115.60,115.70,115.42,115.70,9885.532
2025-09-18T12:00:00+00:00,115.70,115.73,115.31,115.62,17620.169
2025-09-18T12:15:00+00:00,115.62,115.88,115.48,115.84,29036.604
2025-09-18T12:30:00+00:00,115.84,115.87,115.43,115.70,13112.405
2025-09-18T12:45:00+00:00,115.71,115.79,115.61,115.67,12057.167
2025-09-18T13:00:00+00:00,115.67,116.00,115.55,115.99,17107.031
2025-09-18T13:15:00+00:00,115.98,116.29,115.98,116.02,42608.181
2025-09-18T13:30:00+00:00,116.02,116.40,115.56,115.62,48025.399
2025-09-18T13:45:00+00:00,115.62,116.12,115.40,115.96,28118.379
2025-09-18T14:00:00+00:00,115.95,116.27,115.92,116.03,18313.435
2025-09-18T14:15:00+00:00,116.04,116.46,115.98,116.25,25435.715
2025-09-18T14:30:00+00:00,116.25,116.36,115.89,116.01,19746.159
2025-09-18T14:45:00+00:00,116.02,116.30,115.91,116.21,28530.143
2025-09-18T15:00:00+00:00,116.22,116.40,116.03,116.07,22550.092
2025-09-18T15:15:00+00:00,116.08,116.58,116.04,116.37,27919.238
2025-09-18T15:30:00+00:00,116.37,116.86,116.37,116.86,55455.567
2025-09-18T15:45:00+00:00,116.86,117.45,116.85,116.97,78244.541
2025-09-18T16:00:00+00:00,116.97,117.77,116.92,117.27,59521.381
2025-09-18T16:15:00+00:00,117.26,117.48,117.09,117.37,31990.239
2025-09-18T16:30:00+00:00,117.38,117.51,117.17,117.42,15585.089
2025-09-18T16:45:00+00:00,117.43,117.55,117.12,117.17,20141.248
2025-09-18T17:00:00+00:00,117.17,117.88,117.00,117.60,50800.575
2025-09-18T17:15:00+00:00,117.60,118.32,117.59,117.70,79214.870
2025-09-18T17:30:00+00:00,117.70,117.99,117.66,117.84,18977.028
2025-09-18T17:45:00+00:00,117.85,118.25,117.82,118.14,25967.598
2025-09-18T18:00:00+00:00,118.14,118.34,117.97,118.25,25982.043
2025-09-18T18:15:00+00:00,118.25,118.45,118.09,118.30,21129.570
2025-09-18T18:30:00+00:00,118.30,118.35,118.08,118.25,15909.788
2025-09-18T18:45:00+00:00,118.26,118.76,118.26,118.67,43484.686
2025-09-18T19:00:00+00:00,118.67,118.73,118.44,118.60,18527.051
2025-09-18T19:15:00+00:00,118.60,118.61,118.11,118.12,23094.453
2025-09-18T19:30:00+00:00,118.12,118.37,117.80,118.23,44451.272
2025-09-18T19:45:00+00:00,118.23,118.50,118.05,118.44,15147.178
2025-09-18T20:00:00+00:00,118.45,118.80,118.37,118.77,21357.747
2025-09-18T20:15:00+00:00,118.78,119.06,118.65,118.90,38962.695
2025-09-18T20:30:00+00:00,118.91,119.07,118.80,118.82,12865.729
2025-09-18T20:45:00+00:00,118.83,119.00,118.67,118.74,13971.058
2025-09-18T21:00:00+00:00,118.75,118.82,118.30,118.42,17849.546
2025-09-18T21:15:00+00:00,118.41,118.55,118.33,118.43,9765.964
2025-09-18T21:30:00+00:00,118.43,118.46,118.08,118.18,20374.783
2025-09-18T21:45:00+00:00,118.18,118.43,118.07,118.11,5658.941
2025-09-18T22:00:00+00:00,118.12,118.25,117.87,117.89,15766.672
2025-09-18T22:15:00+00:00,117.90,118.32,117.86,118.26,9324.290
2025-09-18T22:30:00+00:00,118.27,118.60,118.26,118.42,13207.285
2025-09-18T22:45:00+00:00,118.42,118.44,117.95,118.03,17051.553
2025-09-18T23:00:00+00:00,118.03,118.15,117.56,118.06,36318.461
2025-09-18T23:15:00+00:00,118.07,118.12,117.77,117.99,11550.695
2025-09-18T23:30:00+00:00,118.00,118.25,117.98,118.18,12197.030
2025-09-18T23:45:00+00:00,118.18,118.32,118.12,118.14,5175.931
2025-09-19T00:00:00+00:00,118.15,118.57,118.15,118.25,13370.925
2025-09-19T00:15:00+00:00,118.26,118.68,118.25,118.63,16001.680
2025-09-19T00:30:00+00:00,118.64,118.94,118.53,118.82,17638.820
2025-09-19T00:45:00+00:00,118.83,119.14,118.75,119.13,20990.930
2025-09-19T01:00:00+00:00,119.14,119.39,118.96,119.16,28269.391
2025-09-19T01:15:00+00:00,119.17,119.43,118.88,119.15,32540.116
2025-09-19T01:30:00+00:00,119.15,119.23,118.48,118.61,24512.474
2025-09-19T01:45:00+00:00,118.61,118.73,118.39,118.62,16076.898
2025-09-19T02:00:00+00:00,118.61,119.00,118.44,118.45,32550.313
2025-09-19T02:15:00+00:00,118.45,118.50,118.00,118.15,31252.649
2025-09-19T02:30:00+00:00,118.15,118.22,117.87,117.98,21699.404
2025-09-19T02:45:00+00:00,117.98,118.27,117.76,117.84,23285.177
2025-09-19T03:00:00+00:00,117.84,118.29,117.74,117.98,14955.262
2025-09-19T03:15:00+00:00,117.98,118.14,117.46,117.58,19474.487
2025-09-19T03:30:00+00:00,117.58,117.62,117.08,117.33,39835.756
2025-09-19T03:45:00+00:00,117.33,117.35,117.07,117.14,17002.984
2025-09-19T04:00:00+00:00,117.13,117.13,116.22,116.29,71952.757
2025-09-19T04:15:00+00:00,116.29,116.98,116.29,116.84,44257.427
2025-09-19T04:30:00+00:00,116.84,117.20,116.70,116.98,21850.088
2025-09-19T04:45:00+00:00,116.98,117.33,116.84,117.32,38825.068
2025-09-19T05:00:00+00:00,117.32,117.34,117.09,117.26,23004.346
2025-09-19T05:15:00+00:00,117.26,117.28,116.57,116.58,19876.611
2025-09-19T05:30:00+00:00,116.57,116.93,116.39,116.79,33444.752
2025-09-19T05:45:00+00:00,116.78,117.30,116.78,117.28,8156.236
2025-09-19T06:00:00+00:00,117.29,117.34,117.10,117.16,14847.024
2025-09-19T06:15:00+00:00,117.16,117.69,117.16,117.26,27045.426
2025-09-19T06:30:00+00:00,117.26,117.26,116.75,116.99,29916.094
2025-09-19T06:45:00+00:00,116.99,117.15,116.62,116.64,16113.242
2025-09-19T07:00:00+00:00,116.63,117.22,116.55,117.21,32287.014
2025-09-19T07:15:00+00:00,117.21,117.41,117.21,117.27,12265.420
2025-09-19T07:30:00+00:00,117.27,117.52,117.12,117.48,15472.688
2025-09-19T07:45:00+00:00,117.49,117.66,117.47,117.49,16231.248
2025-09-19T08:00:00+00:00,117.49,117.66,117.44,117.55,11395.701
2025-09-19T08:15:00+00:00,117.55,117.74,117.45,117.50,13606.492
2025-09-19T08:30:00+00:00,117.50,117.54,117.07,117.22,13169.750
2025-09-19T08:45:00+00:00,117.21,117.22,116.80,117.05,30339.727
2025-09-19T09:00:00+00:00,117.04,117.49,116.96,117.48,15371.368
2025-09-19T09:15:00+00:00,117.48,117.51,116.75,116.89,18669.058
2025-09-19T09:30:00+00:00,116.90,117.03,116.39,116.41,24110.920
2025-09-19T09:45:00+00:00,116.42,116.46,116.06,116.39,41804.453
2025-09-19T10:00:00+00:00,116.39,116.67,116.16,116.63,17831.213
2025-09-19T10:15:00+00:00,116.64,116.79,116.46,116.46,16940.364
2025-09-19T10:30:00+00:00,116.45,116.66,116.33,116.50,15004.948
2025-09-19T10:45:00+00:00,116.51,116.61,116.45,116.55,9581.595
2025-09-19T11:00:00+00:00,116.55,116.56,115.91,116.07,30690.042
2025-09-19T11:15:00+00:00,116.07,116.22,115.79,115.82,21484.324
2025-09-19T11:30:00+00:00,115.81,115.90,115.42,115.50,36754.852
2025-09-19T11:45:00+00:00,115.49,115.92,115.47,115.71,24431.404
2025-09-19T12:00:00+00:00,115.72,116.11,115.68,116.03,13874.551
2025-09-19T12:15:00+00:00,116.03,116.24,115.54,115.58,25569.227
2025-09-19T12:30:00+00:00,115.57,116.01,115.52,115.96,17783.255
2025-09-19T12:45:00+00:00,115.97,115.98,115.75,115.76,8232.238
2025-09-19T13:00:00+00:00,115.75,116.07,115.73,115.92,11695.386
2025-09-19T13:15:00+00:00,115.91,116.33,115.82,116.04,17711.090
2025-09-19T13:30:00+00:00,116.05,116.37,115.74,116.12,20579.429
2025-09-19T13:45:00+00:00,116.13,116.48,116.08,116.16,17988.434
2025-09-19T14:00:00+00:00,116.15,116.28,116.01,116.26,17390.804
2025-09-19T14:15:00+00:00,116.26,116.43,115.96,116.12,13291.382
2025-09-19T14:30:00+00:00,116.12,116.36,115.83,115.88,13251.119
2025-09-19T14:45:00+00:00,115.89,116.08,115.20,115.55,92384.429
2025-09-19T15:00:00+00:00,115.55,115.56,114.54,114.69,87668.655
2025-09-19T15:15:00+00:00,114.70,115.26,114.65,115.22,32738.059
2025-09-19T15:30:00+00:00,115.21,115.53,114.87,115.40,20299.382
2025-09-19T15:45:00+00:00,115.40,115.60,115.25,115.43,17287.706
2025-09-19T16:00:00+00:00,115.43,115.79,115.30,115.66,22713.642
2025-09-19T16:15:00+00:00,115.67,115.72,115.34,115.61,13535.749
2025-09-19T16:30:00+00:00,115.61,115.68,115.35,115.45,10641.878
2025-09-19T16:45:00+00:00,115.45,115.56,115.36,115.40,7134.284
2025-09-19T17:00:00+00:00,115.40,115.42,114.97,115.03,14779.439
2025-09-19T17:15:00+00:00,115.04,115.13,114.90,115.02,11332.765
2025-09-19T17:30:00+00:00,115.02,115.02,114.70,114.78,14386.742
2025-09-19T17:45:00+00:00,114.79,114.86,114.40,114.48,28457.442
2025-09-19T18:00:00+00:00,114.47,114.61,114.07,114.33,37206.244
2025-09-19T18:15:00+00:00,114.33,114.45,114.13,114.25,17763.098
2025-09-19T18:30:00+00:00,114.25,114.47,114.18,114.42,13309.501
2025-09-19T18:45:00+00:00,114.42,114.49,113.83,113.96,23170.154
2025-09-19T19:00:00+00:00,113.96,114.36,113.93,114.30,15775.997
2025-09-19T19:15:00+00:00,114.31,114.56,114.20,114.43,9540.424
2025-09-19T19:30:00+00:00,114.43,114.44,114.11,114.12,16502.338
2025-09-19T19:45:00+00:00,114.12,114.24,113.76,113.77,21523.332
2025-09-19T20:00:00+00:00,113.77,114.06,113.77,113.95,16613.563
2025-09-19T20:15:00+00:00,113.96,114.17,113.86,114.13,8390.535
2025-09-19T20:30:00+00:00,114.14,114.18,114.02,114.15,9053.079
2025-09-19T20:45:00+00:00,114.15,114.19,113.75,113.76,17464.325
2025-09-19T21:00:00+00:00,113.75,113.92,113.54,113.91,21966.436
2025-09-19T21:15:00+00:00,113.92,114.03,113.83,113.95,7484.200
2025-09-19T21:30:00+00:00,113.95,114.22,113.95,114.18,10325.879
2025-09-19T21:45:00+00:00,114.19,114.23,114.10,114.19,3985.222
2025-09-19T22:00:00+00:00,114.19,114.37,114.16,114.36,7569.201
2025-09-19T22:15:00+00:00,114.37,114.42,114.22,114.31,5895.894
2025-09-19T22:30:00+00:00,114.32,114.42,114.22,114.22,13886.223
2025-09-19T22:45:00+00:00,114.22,114.43,114.18,114.18,13648.034
2025-09-19T23:00:00+00:00,114.19,114.24,113.63,113.69,15597.608
2025-09-19T23:15:00+00:00,113.69,113.81,113.31,113.35,26164.202
2025-09-19T23:30:00+00:00,113.36,113.69,113.30,113.67,16840.481
2025-09-19T23:45:00+00:00,113.67,114.05,113.67,113.95,9319.257
2025-09-20T00:00:00+00:00,113.95,114.17,113.81,114.08,17777.883
2025-09-20T00:15:00+00:00,114.08,114.21,113.84,113.88,7680.006
2025-09-20T00:30:00+00:00,113.89,114.28,113.85,114.23,8249.629
2025-09-20T00:45:00+00:00,114.23,114.48,114.18,114.47,11241.806
2025-09-20T01:00:00+00:00,114.47,114.52,114.03,114.03,26195.705
2025-09-20T01:15:00+00:00,114.02,114.37,114.00,114.27,9531.460
2025-09-20T01:30:00+00:00,114.27,114.29,113.85,114.16,9798.456
2025-09-20T01:45:00+00:00,114.17,114.25,114.01,114.01,3521.419
2025-09-20T02:00:00+00:00,114.02,114.02,113.54,113.58,7897.112
2025-09-20T02:15:00+00:00,113.58,113.89,113.42,113.77,12273.104
2025-09-20T02:30:00+00:00,113.77,114.12,113.56,114.07,10091.124
2025-09-20T02:45:00+00:00,114.07,114.23,113.96,114.17,8728.232
2025-09-20T03:00:00+00:00,114.17,114.18,113.90,114.02,5796.369
2025-09-20T03:15:00+00:00,114.01,114.33,113.98,114.07,11298.267
2025-09-20T03:30:00+00:00,114.06,114.46,114.04,114.42,10028.686
2025-09-20T03:45:00+00:00,114.42,114.45,114.17,114.22,8371.379
2025-09-20T04:00:00+00:00,114.22,114.43,114.14,114.36,10219.748
2025-09-20T04:15:00+00:00,114.36,114.39,114.22,114.27,8565.429
2025-09-20T04:30:00+00:00,114.27,114.47,114.23,114.46,8084.272
2025-09-20T04:45:00+00:00,114.47,114.53,114.17,114.25,15227.877
2025-09-20T05:00:00+00:00,114.25,114.34,114.13,114.33,8702.767
2025-09-20T05:15:00+00:00,114.33,114.45,114.27,114.37,6328.681
2025-09-20T05:30:00+00:00,114.38,114.48,114.30,114.44,10203.867
2025-09-20T05:45:00+00:00,114.45,114.60,114.42,114.58,7891.377
2025-09-20T06:00:00+00:00,114.59,114.59,114.30,114.35,7860.568
2025-09-20T06:15:00+00:00,114.36,114.47,114.29,114.36,3441.469
2025-09-20T06:30:00+00:00,114.36,114.48,114.35,114.45,5755.772
2025-09-20T06:45:00+00:00,114.45,114.52,114.41,114.50,7307.321
2025-09-20T07:00:00+00:00,114.50,115.09,114.47,114.87,56505.831
2025-09-20T07:15:00+00:00,114.87,115.25,114.79,114.79,38074.359
2025-09-20T07:30:00+00:00,114.79,115.04,114.71,115.00,14097.283
2025-09-20T07:45:00+00:00,115.01,115.12,114.97,115.10,16868.592
2025-09-20T08:00:00+00:00,115.10,115.10,114.90,114.98,14360.812
2025-09-20T08:15:00+00:00,114.98,115.02,114.66,114.72,10426.557
2025-09-20T08:30:00+00:00,114.73,114.90,114.66,114.81,8564.785
2025-09-20T08:45:00+00:00,114.81,114.81,114.21,114.24,31355.825
2025-09-20T09:00:00+00:00,114.24,114.50,114.10,114.46,10881.747
2025-09-20T09:15:00+00:00,114.47,114.50,114.17,114.18,10421.085
2025-09-20T09:30:00+00:00,114.18,114.18,113.72,113.84,19688.144
2025-09-20T09:45:00+00:00,113.84,114.00,113.81,113.86,7612.862
2025-09-20T10:00:00+00:00,113.86,114.14,113.86,114.12,9264.090
2025-09-20T10:15:00+00:00,114.13,114.18,113.86,113.86,6670.504
2025-09-20T10:30:00+00:00,113.87,113.88,113.57,113.66,23907.378
2025-09-20T10:45:00+00:00,113.66,113.75,113.52,113.54,11637.395
2025-09-20T11:00:00+00:00,113.54,113.89,113.53,113.71,7581.084
2025-09-20T11:15:00+00:00,113.71,113.72,113.35,113.47,14155.846
2025-09-20T11:30:00+00:00,113.47,113.69,113.46,113.62,9907.371
2025-09-20T11:45:00+00:00,113.61,113.93,113.61,113.89,6934.557
2025-09-20T12:00:00+00:00,113.89,113.95,113.76,113.95,9566.290
2025-09-20T12:15:00+00:00,113.94,114.01,113.78,113.78,6558.855
2025-09-20T12:30:00+00:00,113.79,113.98,113.73,113.79,5569.506
2025-09-20T12:45:00+00:00,113.79,113.92,113.73,113.87,6028.373
2025-09-20T13:00:00+00:00,113.87,113.87,113.48,113.53,24154.576
2025-09-20T13:15:00+00:00,113.53,113.77,113.46,113.71,5854.985
2025-09-20T13:30:00+00:00,113.72,113.88,113.65,113.82,4438.556
2025-09-20T13:45:00+00:00,113.83,113.94,113.69,113.69,7712.399
2025-09-20T14:00:00+00:00,113.69,113.70,113.36,113.48,13800.851
2025-09-20T14:15:00+00:00,113.47,113.80,113.43,113.76,5447.180
2025-09-20T14:30:00+00:00,113.76,113.99,113.64,113.93,7965.341
2025-09-20T14:45:00+00:00,113.93,114.34,113.91,114.26,17732.216
2025-09-20T15:00:00+00:00,114.26,114.68,114.25,114.56,21476.499
2025-09-20T15:15:00+00:00,114.57,114.79,114.48,114.73,22792.322
2025-09-20T15:30:00+00:00,114.74,114.78,114.45,114.61,20615.269
2025-09-20T15:45:00+00:00,114.62,114.64,114.45,114.63,12929.592
2025-09-20T16:00:00+00:00,114.64,114.83,114.40,114.41,17693.763
2025-09-20T16:15:00+00:00,114.41,114.43,114.15,114.30,10783.528
2025-09-20T16:30:00+00:00,114.30,114.63,114.19,114.52,6793.761
2025-09-20T16:45:00+00:00,114.53,114.58,114.42,114.51,4300.120
2025-09-20T17:00:00+00:00,114.51,114.55,114.17,114.20,7545.325
2025-09-20T17:15:00+00:00,114.21,114.31,114.01,114.16,9134.048
2025-09-20T17:30:00+00:00,114.17,114.28,114.06,114.22,6865.217
2025-09-20T17:45:00+00:00,114.22,114.23,114.07,114.11,3133.317
2025-09-20T18:00:00+00:00,114.10,114.10,113.72,113.83,12841.296
2025-09-20T18:15:00+00:00,113.84,114.01,113.74,113.96,5301.199
2025-09-20T18:30:00+00:00,113.97,113.98,113.58,113.72,11773.343
2025-09-20T18:45:00+00:00,113.73,113.74,113.58,113.70,4329.667
2025-09-20T19:00:00+00:00,113.69,113.78,113.56,113.77,7513.886
2025-09-20T19:15:00+00:00,113.78,114.03,113.78,113.97,6281.473
2025-09-20T19:30:00+00:00,113.98,114.01,113.67,113.69,3696.302
2025-09-20T19:45:00+00:00,113.69,113.77,113.55,113.73,5129.531
2025-09-20T20:00:00+00:00,113.74,113.92,113.63,113.83,7681.555
2025-09-20T20:15:00+00:00,113.84,113.95,113.77,113.95,3338.945
2025-09-20T20:30:00+00:00,113.94,114.09,113.89,114.02,6138.165
2025-09-20T20:45:00+00:00,114.02,114.08,113.97,114.00,4299.537
2025-09-20T21:00:00+00:00,114.01,114.25,113.91,114.25,9022.532
2025-09-20T21:15:00+00:00,114.25,114.25,114.06,114.25,4345.136
2025-09-20T21:30:00+00:00,114.25,114.38,114.14,114.30,6819.910
2025-09-20T21:45:00+00:00,114.30,114.30,113.96,114.04,4638.902
2025-09-20T22:00:00+00:00,114.03,114.10,113.95,114.07,5673.256
2025-09-20T22:15:00+00:00,114.07,114.09,113.98,114.03,4137.760
2025-09-20T22:30:00+00:00,114.04,114.05,113.87,113.94,4309.876
2025-09-20T22:45:00+00:00,113.94,114.17,113.94,114.10,5027.842
2025-09-20T23:00:00+00:00,114.11,114.12,113.84,113.85,5281.107
2025-09-20T23:15:00+00:00,113.85,113.85,113.71,113.75,5499.518
2025-09-20T23:30:00+00:00,113.74,113.75,113.63,113.66,5950.444
2025-09-20T23:45:00+00:00,113.65,113.89,113.62,113.85,3232.633
2025-09-21T00:00:00+00:00,113.85,114.05,113.80,113.99,11012.888
2025-09-21T00:15:00+00:00,113.99,114.03,113.81,113.88,5724.759
2025-09-21T00:30:00+00:00,113.88,114.22,113.67,114.15,11174.437
2025-09-21T00:45:00+00:00,114.15,114.36,114.14,114.24,7065.044
2025-09-21T01:00:00+00:00,114.24,114.33,114.08,114.21,7206.211
2025-09-21T01:15:00+00:00,114.21,114.21,114.02,114.05,5381.685
2025-09-21T01:30:00+00:00,114.04,114.06,113.82,113.86,5057.016
2025-09-21T01:45:00+00:00,113.86,114.00,113.78,113.91,5023.525
2025-09-21T02:00:00+00:00,113.91,114.35,113.89,114.28,5826.374
2025-09-21T02:15:00+00:00,114.29,114.35,113.77,114.11,12682.865
2025-09-21T02:30:00+00:00,114.10,114.32,114.04,114.20,7205.492
2025-09-21T02:45:00+00:00,114.19,114.32,114.19,114.27,4106.642
2025-09-21T03:00:00+00:00,114.28,114.34,114.18,114.34,9182.941
2025-09-21T03:15:00+00:00,114.33,114.34,114.16,114.30,4885.555
2025-09-21T03:30:00+00:00,114.30,114.33,114.18,114.28,3343.922
2025-09-21T03:45:00+00:00,114.27,114.39,114.26,114.38,2933.438
2025-09-21T04:00:00+00:00,114.39,114.40,114.00,114.06,8346.859
2025-09-21T04:15:00+00:00,114.06,114.21,114.04,114.09,2995.912
2025-09-21T04:30:00+00:00,114.09,114.26,114.09,114.19,4602.476
2025-09-21T04:45:00+00:00,114.19,114.27,114.06,114.26,3806.246
2025-09-21T05:00:00+00:00,114.27,114.36,114.12,114.18,4648.103
2025-09-21T05:15:00+00:00,114.18,114.30,114.15,114.22,2426.808
2025-09-21T05:30:00+00:00,114.22,114.28,114.15,114.28,3905.827
2025-09-21T05:45:00+00:00,114.28,114.75,114.26,114.73,11065.463
2025-09-21T06:00:00+00:00,114.74,114.90,114.69,114.82,16812.350
2025-09-21T06:15:00+00:00,114.82,114.85,114.63,114.82,11737.208
2025-09-21T06:30:00+00:00,114.83,114.95,114.72,114.92,11642.910
2025-09-21T06:45:00+00:00,114.92,114.96,114.80,114.82,8704.597
2025-09-21T07:00:00+00:00,114.83,115.01,114.69,115.00,12101.569
2025-09-21T07:15:00+00:00,115.01,115.31,114.91,115.23,20506.812
2025-09-21T07:30:00+00:00,115.24,115.32,115.17,115.30,7626.830
2025-09-21T07:45:00+00:00,115.31,115.36,115.12,115.32,19634.395
2025-09-21T08:00:00+00:00,115.33,115.45,115.15,115.34,18349.105
2025-09-21T08:15:00+00:00,115.35,115.35,114.84,114.89,23222.268
2025-09-21T08:30:00+00:00,114.90,115.13,114.86,115.12,12759.108
2025-09-21T08:45:00+00:00,115.13,115.30,115.06,115.13,12599.951
2025-09-21T09:00:00+00:00,115.14,115.29,114.81,114.84,14988.418
2025-09-21T09:15:00+00:00,114.84,114.97,114.67,114.75,29962.134
2025-09-21T09:30:00+00:00,114.75,115.14,114.40,115.12,24874.560
2025-09-21T09:45:00+00:00,115.13,115.40,114.97,115.26,19336.280
2025-09-21T10:00:00+00:00,115.27,116.20,115.22,116.10,61049.837
2025-09-21T10:15:00+00:00,116.11,116.12,115.43,115.61,35102.075
2025-09-21T10:30:00+00:00,115.62,115.79,115.47,115.59,16960.651
2025-09-21T10:45:00+00:00,115.58,115.59,114.82,114.89,35866.356
2025-09-21T11:00:00+00:00,114.88,115.12,114.74,115.04,23517.388
2025-09-21T11:15:00+00:00,115.04,115.04,114.73,114.85,10330.357
2025-09-21T11:30:00+00:00,114.85,115.02,114.79,114.84,6456.308
2025-09-21T11:45:00+00:00,114.83,114.88,114.60,114.67,12195.256
2025-09-21T12:00:00+00:00,114.68,115.31,114.67,115.15,13891.284
2025-09-21T12:15:00+00:00,115.14,115.35,115.06,115.09,9820.301
2025-09-21T12:30:00+00:00,115.10,115.17,114.71,114.76,11829.445
2025-09-21T12:45:00+00:00,114.76,114.76,114.52,114.64,10070.098
2025-09-21T13:00:00+00:00,114.64,115.07,114.61,114.90,9753.713
2025-09-21T13:15:00+00:00,114.89,114.94,114.71,114.91,4799.422
2025-09-21T13:30:00+00:00,114.91,115.02,114.83,114.86,8260.597
2025-09-21T13:45:00+00:00,114.88,115.04,114.77,115.03,5969.492
2025-09-21T14:00:00+00:00,115.02,115.23,114.90,115.05,7718.120
2025-09-21T14:15:00+00:00,115.05,115.05,114.70,114.72,5709.115
2025-09-21T14:30:00+00:00,114.72,115.02,114.65,115.02,7835.709
2025-09-21T14:45:00+00:00,115.02,115.15,114.66,114.70,5964.076
2025-09-21T15:00:00+00:00,114.69,114.99,114.68,114.96,4938.560
2025-09-21T15:15:00+00:00,114.97,115.13,114.88,114.98,11221.895
2025-09-21T15:30:00+00:00,114.97,115.34,114.79,115.34,20713.139
2025-09-21T15:45:00+00:00,115.33,115.52,115.09,115.37,24691.070
2025-09-21T16:00:00+00:00,115.38,115.53,115.18,115.23,18007.230
2025-09-21T16:15:00+00:00,115.22,115.36,114.90,115.31,16682.300
2025-09-21T16:30:00+00:00,115.31,115.35,114.80,114.91,21030.798
2025-09-21T16:45:00+00:00,114.90,115.07,114.68,115.03,20766.720
2025-09-21T17:00:00+00:00,115.02,115.10,114.67,114.79,19307.100
2025-09-21T17:15:00+00:00,114.79,115.07,114.53,115.01,13117.622
2025-09-21T17:30:00+00:00,115.00,115.45,114.93,115.44,14358.142
2025-09-21T17:45:00+00:00,115.43,115.83,115.39,115.78,22570.155
2025-09-21T18:00:00+00:00,115.78,115.89,115.59,115.62,21070.673
2025-09-21T18:15:00+00:00,115.62,115.71,115.52,115.61,11202.549
2025-09-21T18:30:00+00:00,115.62,115.70,115.31,115.32,8576.030
2025-09-21T18:45:00+00:00,115.32,115.39,115.18,115.30,8164.038
2025-09-21T19:00:00+00:00,115.30,115.36,114.90,114.96,15224.910
2025-09-21T19:15:00+00:00,114.97,115.13,114.80,115.10,12089.902
2025-09-21T19:30:00+00:00,115.11,115.14,114.90,114.95,6752.741
2025-09-21T19:45:00+00:00,114.96,115.19,114.91,115.18,3896.553
2025-09-21T20:00:00+00:00,115.17,115.23,114.87,114.98,9377.050
2025-09-21T20:15:00+00:00,114.99,115.31,114.97,115.28,7790.659
2025-09-21T20:30:00+00:00,115.28,115.28,114.85,114.85,7272.727
2025-09-21T20:45:00+00:00,114.86,115.16,114.82,115.02,9263.575
2025-09-21T21:00:00+00:00,115.03,115.08,114.74,114.97,10539.396
2025-09-21T21:15:00+00:00,114.97,114.97,114.68,114.68,9188.973
2025-09-21T21:30:00+00:00,114.69,115.15,114.66,115.12,7759.453
2025-09-21T21:45:00+00:00,115.13,115.13,114.83,114.86,5833.085
2025-09-21T22:00:00+00:00,114.87,115.08,114.31,114.43,20925.227
2025-09-21T22:15:00+00:00,114.42,114.54,114.20,114.53,12924.886
2025-09-21T22:30:00+00:00,114.54,114.66,114.36,114.65,5777.919
2025-09-21T22:45:00+00:00,114.66,114.89,114.62,114.84,5574.447
2025-09-21T23:00:00+00:00,114.85,114.85,114.15,114.26,12597.406
2025-09-21T23:15:00+00:00,114.25,114.34,114.08,114.21,9621.260
2025-09-21T23:30:00+00:00,114.21,114.25,113.94,114.15,12083.105
2025-09-21T23:45:00+00:00,114.15,114.16,113.86,113.92,10387.485
2025-09-22T00:00:00+00:00,113.92,114.46,113.85,113.92,18341.487
2025-09-22T00:15:00+00:00,113.91,114.06,113.41,113.49,39404.421
2025-09-22T00:30:00+00:00,113.49,113.52,112.07,112.28,202300.731
2025-09-22T00:45:00+00:00,112.29,112.49,111.24,111.55,116079.272
2025-09-22T01:00:00+00:00,111.55,112.17,111.43,111.75,61017.915
2025-09-22T01:15:00+00:00,111.75,112.25,111.47,112.03,57774.433
2025-09-22T01:30:00+00:00,112.03,112.56,111.95,112.30,34591.306
2025-09-22T01:45:00+00:00,112.31,112.41,111.77,111.85,15164.665
2025-09-22T02:00:00+00:00,111.86,112.14,111.53,111.55,32626.338
2025-09-22T02:15:00+00:00,111.55,111.77,111.16,111.43,41453.929
2025-09-22T02:30:00+00:00,111.43,111.44,109.94,110.52,152239.921
2025-09-22T02:45:00+00:00,110.52,110.79,110.45,110.64,28389.650
2025-09-22T03:00:00+00:00,110.64,111.10,110.64,110.89,27035.392
2025-09-22T03:15:00+00:00,110.89,111.32,110.86,111.31,12863.925
2025-09-22T03:30:00+00:00,111.31,111.31,110.92,111.06,15409.167
2025-09-22T03:45:00+00:00,111.06,111.43,111.05,111.33,9182.053
2025-09-22T04:00:00+00:00,111.32,111.32,110.80,110.88,31175.040
2025-09-22T04:15:00+00:00,110.87,111.34,110.81,111.30,15641.170
2025-09-22T04:30:00+00:00,111.30,111.49,111.15,111.21,20942.019
2025-09-22T04:45:00+00:00,111.22,111.38,111.10,111.12,10034.215
2025-09-22T05:00:00+00:00,111.12,111.14,110.64,110.77,18493.692
2025-09-22T05:15:00+00:00,110.78,111.03,110.63,110.87,25035.639
2025-09-22T05:30:00+00:00,110.87,110.87,110.42,110.48,18853.174
2025-09-22T05:45:00+00:00,110.48,110.77,109.27,109.28,46283.413
2025-09-22T06:00:00+00:00,109.28,109.51,100.55,106.48,732562.483
2025-09-22T06:15:00+00:00,106.48,107.31,106.40,106.77,148647.996
2025-09-22T06:30:00+00:00,106.76,107.08,106.58,106.88,70260.203
2025-09-22T06:45:00+00:00,106.88,106.98,106.56,106.85,39291.910
2025-09-22T07:00:00+00:00,106.85,106.85,106.33,106.36,41327.744
2025-09-22T07:15:00+00:00,106.36,106.41,105.95,106.36,49502.897
2025-09-22T07:30:00+00:00,106.36,106.42,105.63,105.91,49895.961
2025-09-22T07:45:00+00:00,105.92,106.07,105.29,105.44,46917.522
2025-09-22T08:00:00+00:00,105.45,105.79,104.82,105.53,86366.112
2025-09-22T08:15:00+00:00,105.54,105.76,105.08,105.48,26504.249
2025-09-22T08:30:00+00:00,105.48,105.82,105.30,105.78,33536.639
2025-09-22T08:45:00+00:00,105.78,105.95,105.56,105.58,18801.244
2025-09-22T09:00:00+00:00,105.58,105.58,105.14,105.31,20608.027
2025-09-22T09:15:00+00:00,105.32,105.61,105.13,105.24,23823.745
2025-09-22T09:30:00+00:00,105.25,105.40,105.00,105.11,49509.456
2025-09-22T09:45:00+00:00,105.11,105.35,104.74,104.97,56818.980
2025-09-22T10:00:00+00:00,104.97,105.86,104.72,105.58,34494.649
2025-09-22T10:15:00+00:00,105.57,105.70,105.40,105.62,15378.016
2025-09-22T10:30:00+00:00,105.62,105.62,104.85,105.01,25955.252
2025-09-22T10:45:00+00:00,105.01,105.86,104.98,105.68,40525.823
2025-09-22T11:00:00+00:00,105.68,105.79,105.44,105.45,30238.894
2025-09-22T11:15:00+00:00,105.45,105.59,105.25,105.30,16064.427
2025-09-22T11:30:00+00:00,105.30,105.46,105.22,105.43,14022.481
2025-09-22T11:45:00+00:00,105.44,105.67,105.41,105.57,18189.746
2025-09-22T12:00:00+00:00,105.57,105.60,105.25,105.46,15107.332
2025-09-22T12:15:00+00:00,105.46,105.99,105.45,105.86,17353.190
2025-09-22T12:30:00+00:00,105.87,105.99,105.68,105.68,15694.564
2025-09-22T12:45:00+00:00,105.69,106.20,105.64,106.00,35559.769
2025-09-22T13:00:00+00:00,106.00,106.35,105.93,106.34,23845.743
2025-09-22T13:15:00+00:00,106.35,106.38,106.02,106.12,18475.486
2025-09-22T13:30:00+00:00,106.12,106.18,105.71,105.76,18961.251
2025-09-22T13:45:00+00:00,105.77,106.41,105.55,106.37,26821.458
2025-09-22T14:00:00+00:00,106.37,106.45,105.94,105.97,24875.972
2025-09-22T14:15:00+00:00,105.98,106.45,105.97,106.43,27750.286
2025-09-22T14:30:00+00:00,106.43,106.64,105.90,105.92,22682.980
2025-09-22T14:45:00+00:00,105.92,105.96,105.61,105.80,23200.288
2025-09-22T15:00:00+00:00,105.81,105.95,105.60,105.62,29706.316
2025-09-22T15:15:00+00:00,105.62,105.68,105.19,105.44,25521.420
2025-09-22T15:30:00+00:00,105.44,105.46,104.78,104.86,27975.213
2025-09-22T15:45:00+00:00,104.86,105.38,104.77,105.21,18922.617
2025-09-22T16:00:00+00:00,105.21,105.66,105.06,105.47,27258.331
2025-09-22T16:15:00+00:00,105.47,105.70,105.28,105.38,17059.466
2025-09-22T16:30:00+00:00,105.39,105.40,104.95,105.05,20710.856
2025-09-22T16:45:00+00:00,105.05,105.25,104.92,105.04,10717.423
2025-09-22T17:00:00+00:00,105.04,105.13,104.66,104.75,27145.389
2025-09-22T17:15:00+00:00,104.75,105.23,104.52,104.92,25067.620
2025-09-22T17:30:00+00:00,104.92,105.11,104.73,105.01,15235.493
2025-09-22T17:45:00+00:00,105.01,105.42,105.01,105.32,12054.533
2025-09-22T18:00:00+00:00,105.31,105.46,105.19,105.36,10405.057
2025-09-22T18:15:00+00:00,105.36,105.44,105.16,105.28,9460.594
2025-09-22T18:30:00+00:00,105.27,105.56,105.12,105.17,30560.475
2025-09-22T18:45:00+00:00,105.17,105.26,104.85,104.85,14842.967
2025-09-22T19:00:00+00:00,104.85,104.98,104.72,104.84,13999.377
2025-09-22T19:15:00+00:00,104.83,105.08,104.67,104.83,10285.497
2025-09-22T19:30:00+00:00,104.82,104.89,104.54,104.68,28776.685
2025-09-22T19:45:00+00:00,104.69,104.77,104.52,104.70,13772.222
2025-09-22T20:00:00+00:00,104.69,105.16,104.55,105.15,14376.285
2025-09-22T20:15:00+00:00,105.14,105.22,104.94,105.20,7916.386
2025-09-22T20:30:00+00:00,105.21,105.89,105.18,105.78,22718.419
2025-09-22T20:45:00+00:00,105.78,105.99,105.68,105.82,14427.733
2025-09-22T21:00:00+00:00,105.83,105.87,105.40,105.53,14912.082
2025-09-22T21:15:00+00:00,105.53,105.83,105.52,105.69,7606.171
2025-09-22T21:30:00+00:00,105.69,106.02,105.63,105.90,13745.668
2025-09-22T21:45:00+00:00,105.90,106.11,105.85,106.08,6620.851
2025-09-22T22:00:00+00:00,106.08,106.08,105.70,105.85,10602.807
2025-09-22T22:15:00+00:00,105.84,105.89,105.67,105.67,4255.096
2025-09-22T22:30:00+00:00,105.68,105.78,105.61,105.72,5599.351
2025-09-22T22:45:00+00:00,105.72,105.75,105.61,105.67,4941.676
2025-09-22T23:00:00+00:00,105.66,105.75,105.60,105.67,7065.758
2025-09-22T23:15:00+00:00,105.67,105.86,105.66,105.77,8454.858
2025-09-22T23:30:00+00:00,105.77,105.84,105.71,105.79,7097.424
2025-09-22T23:45:00+00:00,105.80,105.88,105.57,105.61,14201.943
2025-09-23T00:00:00+00:00,105.61,105.79,105.46,105.59,18753.931
2025-09-23T00:15:00+00:00,105.59,105.96,105.19,105.74,92811.151
2025-09-23T00:30:00+00:00,105.74,105.88,105.37,105.39,25506.890
2025-09-23T00:45:00+00:00,105.39,105.56,105.29,105.43,27367.721
2025-09-23T01:00:00+00:00,105.43,105.50,105.12,105.25,23176.042
2025-09-23T01:15:00+00:00,105.25,105.95,105.18,105.95,19366.369
2025-09-23T01:30:00+00:00,105.94,106.08,105.54,105.66,23211.179
2025-09-23T01:45:00+00:00,105.66,105.76,105.27,105.34,17525.202
2025-09-23T02:00:00+00:00,105.34,106.13,105.34,105.88,32892.704
2025-09-23T02:15:00+00:00,105.89,106.02,105.36,105.40,19655.984
2025-09-23T02:30:00+00:00,105.40,105.49,105.00,105.06,26270.255
2025-09-23T02:45:00+00:00,105.07,105.19,104.68,104.76,28231.267
2025-09-23T03:00:00+00:00,104.76,104.89,104.34,104.88,48234.490
2025-09-23T03:15:00+00:00,104.88,106.17,104.82,106.05,58652.784
2025-09-23T03:30:00+00:00,106.06,106.59,106.06,106.21,36366.096
2025-09-23T03:45:00+00:00,106.22,106.59,106.08,106.09,25889.082
2025-09-23T04:00:00+00:00,106.09,106.40,105.86,105.89,22128.558
2025-09-23T04:15:00+00:00,105.89,106.09,105.76,105.83,27510.307
2025-09-23T04:30:00+00:00,105.82,105.94,105.45,105.91,26419.314
2025-09-23T04:45:00+00:00,105.90,106.02,105.70,105.89,8109.833
2025-09-23T05:00:00+00:00,105.88,106.20,105.67,106.07,12751.528
2025-09-23T05:15:00+00:00,106.07,106.18,105.57,105.86,30877.633
2025-09-23T05:30:00+00:00,105.86,106.09,105.83,105.88,14469.206
2025-09-23T05:45:00+00:00,105.88,105.99,105.64,105.66,13133.732
2025-09-23T06:00:00+00:00,105.66,106.08,105.57,106.02,19775.826
2025-09-23T06:15:00+00:00,106.02,106.21,105.88,106.13,29303.919
2025-09-23T06:30:00+00:00,106.12,106.52,105.99,106.14,28810.303
2025-09-23T06:45:00+00:00,106.13,106.43,106.00,106.38,14048.552
2025-09-23T07:00:00+00:00,106.38,106.39,106.00,106.13,15037.223
2025-09-23T07:15:00+00:00,106.12,106.53,106.01,106.23,19220.427
2025-09-23T07:30:00+00:00,106.22,106.39,106.10,106.31,20025.003
2025-09-23T07:45:00+00:00,106.31,106.44,106.13,106.19,12374.009
2025-09-23T08:00:00+00:00,106.19,106.44,106.02,106.21,15447.972
2025-09-23T08:15:00+00:00,106.22,106.41,106.17,106.27,13153.216
2025-09-23T08:30:00+00:00,106.27,106.46,106.05,106.38,7812.898
2025-09-23T08:45:00+00:00,106.38,106.39,106.20,106.37,6530.505
2025-09-23T09:00:00+00:00,106.37,106.63,106.21,106.54,17870.199
2025-09-23T09:15:00+00:00,106.54,106.56,105.75,105.91,52230.788
2025-09-23T09:30:00+00:00,105.91,106.14,105.85,106.01,25865.142
2025-09-23T09:45:00+00:00,106.01,106.04,105.70,105.90,12022.277
2025-09-23T10:00:00+00:00,105.90,106.10,105.75,106.03,8781.725
2025-09-23T10:15:00+00:00,106.04,106.21,105.85,106.01,7824.414
2025-09-23T10:30:00+00:00,106.01,106.15,105.93,106.07,7232.693
2025-09-23T10:45:00+00:00,106.07,106.38,106.04,106.30,7702.463
2025-09-23T11:00:00+00:00,106.31,106.31,105.86,105.97,8705.775
2025-09-23T11:15:00+00:00,105.97,106.29,105.96,106.24,9114.643
2025-09-23T11:30:00+00:00,106.23,106.54,106.18,106.54,8013.357
2025-09-23T11:45:00+00:00,106.54,106.58,106.32,106.44,9616.426
2025-09-23T12:00:00+00:00,106.43,106.78,106.32,106.74,36986.175
2025-09-23T12:15:00+00:00,106.73,106.78,106.44,106.57,15169.630
2025-09-23T12:30:00+00:00,106.56,107.12,106.50,107.10,26419.471
2025-09-23T12:45:00+00:00,107.10,107.16,106.83,106.92,15542.465
2025-09-23T13:00:00+00:00,106.91,106.99,106.58,106.65,30766.639
2025-09-23T13:15:00+00:00,106.65,106.66,106.38,106.57,13201.974
2025-09-23T13:30:00+00:00,106.57,106.83,106.22,106.25,38887.087
2025-09-23T13:45:00+00:00,106.26,106.55,106.08,106.36,15723.360
2025-09-23T14:00:00+00:00,106.36,106.88,106.27,106.69,22334.937
2025-09-23T14:15:00+00:00,106.69,106.77,106.35,106.53,12589.498
2025-09-23T14:30:00+00:00,106.54,106.59,106.04,106.45,19039.509
2025-09-23T14:45:00+00:00,106.45,106.53,106.07,106.35,11853.810
2025-09-23T15:00:00+00:00,106.34,106.79,106.13,106.63,19726.098
2025-09-23T15:15:00+00:00,106.63,106.80,106.41,106.73,17638.507
2025-09-23T15:30:00+00:00,106.73,106.93,106.66,106.71,11201.381
2025-09-23T15:45:00+00:00,106.71,106.82,106.59,106.72,8256.433
2025-09-23T16:00:00+00:00,106.72,106.78,106.09,106.33,15359.803
2025-09-23T16:15:00+00:00,106.32,106.50,106.11,106.36,15057.978
2025-09-23T16:30:00+00:00,106.36,106.38,105.85,106.01,26261.572
2025-09-23T16:45:00+00:00,106.02,106.77,106.01,106.54,26038.343
2025-09-23T17:00:00+00:00,106.53,106.60,106.10,106.15,20050.944
2025-09-23T17:15:00+00:00,106.14,106.29,106.00,106.00,9895.820
2025-09-23T17:30:00+00:00,105.99,106.05,105.44,105.57,35161.563
2025-09-23T17:45:00+00:00,105.56,105.82,105.31,105.51,29607.396
2025-09-23T18:00:00+00:00,105.51,106.03,105.49,105.98,42764.712
2025-09-23T18:15:00+00:00,105.97,106.08,105.69,105.89,20828.421
2025-09-23T18:30:00+00:00,105.88,106.18,105.81,105.97,29642.607
2025-09-23T18:45:00+00:00,105.97,106.16,105.72,105.95,34921.775
2025-09-23T19:00:00+00:00,105.94,106.49,105.92,106.37,17416.807
2025-09-23T19:15:00+00:00,106.36,106.63,106.20,106.30,17372.898
2025-09-23T19:30:00+00:00,106.29,106.31,105.99,106.00,7857.177
2025-09-23T19:45:00+00:00,106.00,106.02,105.60,105.96,16466.980
2025-09-23T20:00:00+00:00,105.96,106.38,105.91,106.08,13918.148
2025-09-23T20:15:00+00:00,106.09,106.11,105.77,105.78,8501.549
2025-09-23T20:30:00+00:00,105.77,106.32,105.61,106.31,15625.645
2025-09-23T20:45:00+00:00,106.32,106.51,106.02,106.48,15013.912
2025-09-23T21:00:00+00:00,106.48,106.48,105.70,105.93,24524.389
2025-09-23T21:15:00+00:00,105.93,106.28,105.88,106.27,7907.095
2025-09-23T21:30:00+00:00,106.27,106.67,106.24,106.66,12010.275
2025-09-23T21:45:00+00:00,106.67,106.69,106.35,106.36,7297.723
2025-09-23T22:00:00+00:00,106.36,106.42,106.17,106.25,8273.574
2025-09-23T22:15:00+00:00,106.25,106.29,106.00,106.05,6056.084
2025-09-23T22:30:00+00:00,106.05,106.41,106.03,106.33,6732.005
2025-09-23T22:45:00+00:00,106.34,106.37,106.16,106.26,5627.734
2025-09-23T23:00:00+00:00,106.26,106.53,106.18,106.43,11535.006
2025-09-23T23:15:00+00:00,106.43,106.48,106.01,106.10,9214.229
2025-09-23T23:30:00+00:00,106.10,106.33,106.07,106.19,7652.698
2025-09-23T23:45:00+00:00,106.19,106.20,106.00,106.01,5488.911
2025-09-24T00:00:00+00:00,106.02,106.32,105.99,106.31,8521.054
2025-09-24T00:15:00+00:00,106.31,106.81,106.28,106.76,11873.411
2025-09-24T00:30:00+00:00,106.77,106.78,106.51,106.53,13401.670
2025-09-24T00:45:00+00:00,106.54,106.74,106.52,106.57,14813.679
2025-09-24T01:00:00+00:00,106.57,106.91,106.44,106.91,10502.916
2025-09-24T01:15:00+00:00,106.92,107.04,106.84,107.02,9074.660
2025-09-24T01:30:00+00:00,107.03,107.21,106.98,107.14,10591.747
2025-09-24T01:45:00+00:00,107.14,107.55,107.10,107.48,19773.746
2025-09-24T02:00:00+00:00,107.49,107.54,107.08,107.13,17778.565
2025-09-24T02:15:00+00:00,107.12,107.46,106.95,107.43,23256.934
2025-09-24T02:30:00+00:00,107.44,107.49,106.98,107.06,11655.891
2025-09-24T02:45:00+00:00,107.06,107.16,106.75,107.04,24955.966
2025-09-24T03:00:00+00:00,107.05,107.18,106.73,106.91,11002.498
2025-09-24T03:15:00+00:00,106.91,106.98,105.80,106.05,47454.667
2025-09-24T03:30:00+00:00,106.05,106.58,106.05,106.41,40955.609
2025-09-24T03:45:00+00:00,106.41,106.48,105.65,105.76,49412.347
2025-09-24T04:00:00+00:00,105.75,105.76,104.50,105.31,121802.618
2025-09-24T04:15:00+00:00,105.30,106.08,104.94,106.06,53941.762
2025-09-24T04:30:00+00:00,106.06,106.88,106.06,106.65,46591.564
2025-09-24T04:45:00+00:00,106.65,106.73,106.36,106.53,26408.153
2025-09-24T05:00:00+00:00,106.52,106.70,106.37,106.45,11240.336
2025-09-24T05:15:00+00:00,106.45,106.98,106.35,106.82,16029.567
2025-09-24T05:30:00+00:00,106.82,107.15,106.60,106.98,15986.979
2025-09-24T05:45:00+00:00,106.99,107.31,106.97,107.22,16329.020
2025-09-24T06:00:00+00:00,107.21,107.31,107.02,107.09,15896.554
2025-09-24T06:15:00+00:00,107.09,107.40,106.18,106.69,430139.294
2025-09-24T06:30:00+00:00,106.68,107.12,106.64,107.07,21297.582
2025-09-24T06:45:00+00:00,107.07,107.27,106.58,106.89,125598.578
2025-09-24T07:00:00+00:00,106.89,106.96,106.62,106.79,21846.421
2025-09-24T07:15:00+00:00,106.80,107.01,106.50,106.54,13042.690
2025-09-24T07:30:00+00:00,106.55,106.88,106.50,106.80,8513.511
2025-09-24T07:45:00+00:00,106.80,106.86,106.69,106.83,8582.389
2025-09-24T08:00:00+00:00,106.83,107.02,106.81,106.97,9851.520
2025-09-24T08:15:00+00:00,106.97,107.00,106.72,106.77,10032.539
2025-09-24T08:30:00+00:00,106.77,106.98,106.71,106.79,5846.385
2025-09-24T08:45:00+00:00,106.79,106.92,106.65,106.73,5262.875
2025-09-24T09:00:00+00:00,106.73,106.73,106.54,106.64,7178.943
2025-09-24T09:15:00+00:00,106.63,106.72,106.55,106.70,8352.594
2025-09-24T09:30:00+00:00,106.70,106.99,106.67,106.90,8202.604
2025-09-24T09:45:00+00:00,106.90,106.96,106.74,106.86,14023.593
2025-09-24T10:00:00+00:00,106.85,106.93,106.69,106.73,25922.094
2025-09-24T10:15:00+00:00,106.73,106.90,106.70,106.73,9422.110
2025-09-24T10:30:00+00:00,106.73,107.02,106.65,106.86,24583.129
2025-09-24T10:45:00+00:00,106.86,107.08,106.79,107.06,5058.251
2025-09-24T11:00:00+00:00,107.05,107.29,106.93,107.24,10784.690
2025-09-24T11:15:00+00:00,107.23,107.31,107.10,107.13,8436.548
2025-09-24T11:30:00+00:00,107.14,107.34,107.07,107.34,11831.921
2025-09-24T11:45:00+00:00,107.34,107.37,107.06,107.14,19244.439
2025-09-24T12:00:00+00:00,107.14,107.25,106.70,106.78,62143.718
2025-09-24T12:15:00+00:00,106.79,106.84,105.91,106.00,87427.761
2025-09-24T12:30:00+00:00,106.00,106.35,105.87,106.27,41591.384
2025-09-24T12:45:00+00:00,106.27,106.47,106.20,106.36,12844.067
2025-09-24T13:00:00+00:00,106.36,106.55,106.34,106.46,10298.070
2025-09-24T13:15:00+00:00,106.46,106.57,106.39,106.47,5723.207
2025-09-24T13:30:00+00:00,106.46,106.76,106.10,106.57,20791.125
2025-09-24T13:45:00+00:00,106.57,106.65,106.22,106.24,17702.097
2025-09-24T14:00:00+00:00,106.25,106.87,106.23,106.86,13132.521
2025-09-24T14:15:00+00:00,106.87,106.99,106.74,106.93,13344.071
2025-09-24T14:30:00+00:00,106.93,107.13,106.87,107.13,13082.012
2025-09-24T14:45:00+00:00,107.12,107.63,107.05,107.26,52215.291
2025-09-24T15:00:00+00:00,107.27,107.40,106.88,106.92,23911.710
2025-09-24T15:15:00+00:00,106.92,107.36,106.92,107.20,8625.765
2025-09-24T15:30:00+00:00,107.20,107.32,107.07,107.21,15284.857
2025-09-24T15:45:00+00:00,107.21,107.23,106.70,106.78,13209.862
2025-09-24T16:00:00+00:00,106.78,106.83,106.44,106.57,20738.293
2025-09-24T16:15:00+00:00,106.56,106.74,106.50,106.57,10630.241
2025-09-24T16:30:00+00:00,106.57,106.66,106.44,106.59,10240.027
2025-09-24T16:45:00+00:00,106.59,106.62,106.47,106.56,7079.540
2025-09-24T17:00:00+00:00,106.57,106.90,106.44,106.81,11420.543
2025-09-24T17:15:00+00:00,106.80,106.82,106.62,106.70,5592.811
2025-09-24T17:30:00+00:00,106.71,107.04,106.69,106.87,9377.082
2025-09-24T17:45:00+00:00,106.86,106.89,106.62,106.64,7203.583
2025-09-24T18:00:00+00:00,106.63,106.66,106.36,106.41,10044.555
2025-09-24T18:15:00+00:00,106.40,106.47,106.22,106.45,13527.843
2025-09-24T18:30:00+00:00,106.45,106.47,106.30,106.32,6557.888
2025-09-24T18:45:00+00:00,106.31,106.39,106.20,106.24,5752.618
2025-09-24T19:00:00+00:00,106.23,106.25,105.77,105.88,23010.479
2025-09-24T19:15:00+00:00,105.87,106.06,105.86,105.90,6364.154
2025-09-24T19:30:00+00:00,105.89,105.93,105.77,105.79,9105.456
2025-09-24T19:45:00+00:00,105.78,106.14,105.77,106.05,7209.695
2025-09-24T20:00:00+00:00,106.05,106.17,106.00,106.09,5657.383
2025-09-24T20:15:00+00:00,106.08,106.20,106.03,106.07,8561.515
2025-09-24T20:30:00+00:00,106.07,106.07,105.72,106.02,13079.652
2025-09-24T20:45:00+00:00,106.02,106.29,106.02,106.23,9740.216
2025-09-24T21:00:00+00:00,106.23,106.41,106.16,106.34,9320.407
2025-09-24T21:15:00+00:00,106.34,106.46,106.27,106.39,9661.513
2025-09-24T21:30:00+00:00,106.39,106.39,106.25,106.26,4606.223
2025-09-24T21:45:00+00:00,106.26,106.27,105.74,105.85,13514.991
2025-09-24T22:00:00+00:00,105.86,106.23,105.75,106.17,18385.812
2025-09-24T22:15:00+00:00,106.18,106.20,105.87,105.94,5837.123
2025-09-24T22:30:00+00:00,105.95,106.09,105.87,105.96,4399.384
2025-09-24T22:45:00+00:00,105.97,106.05,105.75,105.83,7692.241
2025-09-24T23:00:00+00:00,105.84,106.06,105.81,105.97,8070.761
2025-09-24T23:15:00+00:00,105.96,106.03,105.77,105.78,9245.415
2025-09-24T23:30:00+00:00,105.77,105.83,105.46,105.52,15351.687
2025-09-24T23:45:00+00:00,105.53,105.66,105.40,105.49,13505.098
2025-09-25T00:00:00+00:00,105.49,105.79,105.37,105.68,11462.129
2025-09-25T00:15:00+00:00,105.68,105.72,105.15,105.22,15542.860
2025-09-25T00:30:00+00:00,105.22,105.71,105.22,105.52,12020.536
2025-09-25T00:45:00+00:00,105.53,105.58,105.09,105.19,19204.656
2025-09-25T01:00:00+00:00,105.18,105.51,104.92,105.35,28120.958
2025-09-25T01:15:00+00:00,105.34,105.45,105.08,105.22,15946.081
2025-09-25T01:30:00+00:00,105.22,105.24,104.76,104.85,33517.481
2025-09-25T01:45:00+00:00,104.84,105.01,104.57,104.92,33034.851
2025-09-25T02:00:00+00:00,104.93,105.46,104.90,104.99,15738.377
2025-09-25T02:15:00+00:00,104.99,104.99,104.46,104.87,20449.905
2025-09-25T02:30:00+00:00,104.86,105.77,104.84,105.33,33372.116
2025-09-25T02:45:00+00:00,105.33,105.52,105.27,105.38,8198.470
2025-09-25T03:00:00+00:00,105.39,105.39,105.00,105.09,10175.992
2025-09-25T03:15:00+00:00,105.09,105.17,104.20,104.28,36754.891
2025-09-25T03:30:00+00:00,104.28,104.59,104.12,104.36,30091.926
2025-09-25T03:45:00+00:00,104.35,104.81,104.27,104.78,14689.240
2025-09-25T04:00:00+00:00,104.77,105.07,104.37,104.47,35586.246
2025-09-25T04:15:00+00:00,104.46,104.49,103.51,104.24,98965.826
2025-09-25T04:30:00+00:00,104.24,104.27,103.65,104.09,30907.741
2025-09-25T04:45:00+00:00,104.09,104.18,103.24,103.75,43695.412
2025-09-25T05:00:00+00:00,103.74,104.28,103.34,104.21,28135.575
2025-09-25T05:15:00+00:00,104.21,104.69,104.16,104.59,18209.040
2025-09-25T05:30:00+00:00,104.59,104.61,104.32,104.56,13296.459
2025-09-25T05:45:00+00:00,104.56,104.76,104.42,104.54,8613.317
2025-09-25T06:00:00+00:00,104.54,104.56,103.94,103.96,15152.019
2025-09-25T06:15:00+00:00,103.96,104.19,103.75,103.93,17985.009
2025-09-25T06:30:00+00:00,103.93,104.29,103.83,103.86,13443.934
2025-09-25T06:45:00+00:00,103.86,104.04,103.72,103.77,8189.712
2025-09-25T07:00:00+00:00,103.78,104.04,103.58,103.75,17865.087
2025-09-25T07:15:00+00:00,103.74,104.30,103.69,104.18,14814.580
2025-09-25T07:30:00+00:00,104.18,104.23,103.95,104.11,9333.482
2025-09-25T07:45:00+00:00,104.12,104.20,103.80,103.91,8299.183
2025-09-25T08:00:00+00:00,103.91,104.40,103.86,104.32,15915.821
2025-09-25T08:15:00+00:00,104.33,104.53,104.20,104.51,12102.711
2025-09-25T08:30:00+00:00,104.51,104.51,103.78,103.86,11342.883
2025-09-25T08:45:00+00:00,103.87,103.95,103.68,103.93,14337.199
2025-09-25T09:00:00+00:00,103.93,104.42,103.83,104.42,11413.820
2025-09-25T09:15:00+00:00,104.41,104.62,104.30,104.37,27138.816
2025-09-25T09:30:00+00:00,104.37,104.58,104.24,104.25,15083.042
2025-09-25T09:45:00+00:00,104.25,104.29,103.75,103.78,13225.480
2025-09-25T10:00:00+00:00,103.79,103.94,103.73,103.84,18613.701
2025-09-25T10:15:00+00:00,103.85,104.23,103.85,103.87,20255.918
2025-09-25T10:30:00+00:00,103.86,103.89,103.58,103.63,12793.670
2025-09-25T10:45:00+00:00,103.63,103.67,103.30,103.31,16718.121
2025-09-25T11:00:00+00:00,103.31,103.55,103.08,103.21,32081.242
2025-09-25T11:15:00+00:00,103.21,103.32,102.86,103.26,43344.770
2025-09-25T11:30:00+00:00,103.26,103.53,103.20,103.45,23340.531
2025-09-25T11:45:00+00:00,103.45,103.54,103.13,103.41,14008.408
2025-09-25T12:00:00+00:00,103.40,103.89,103.35,103.79,19838.008
2025-09-25T12:15:00+00:00,103.79,103.79,102.04,102.11,64196.029
2025-09-25T12:30:00+00:00,102.11,103.95,101.78,103.81,121125.785
2025-09-25T12:45:00+00:00,103.80,104.14,103.57,103.84,39033.677
2025-09-25T13:00:00+00:00,103.84,104.02,103.38,103.98,49772.877
2025-09-25T13:15:00+00:00,103.98,104.76,103.92,104.63,58856.499
2025-09-25T13:30:00+00:00,104.62,104.62,103.48,103.74,47725.381
2025-09-25T13:45:00+00:00,103.74,104.19,103.68,103.82,31216.853
2025-09-25T14:00:00+00:00,103.82,104.62,103.82,104.59,24065.651
2025-09-25T14:15:00+00:00,104.60,105.18,104.57,104.97,35014.782
2025-09-25T14:30:00+00:00,104.98,105.23,104.60,104.78,22757.111
2025-09-25T14:45:00+00:00,104.79,104.86,104.58,104.70,10553.941
2025-09-25T15:00:00+00:00,104.70,104.79,104.35,104.41,15982.388
2025-09-25T15:15:00+00:00,104.41,104.43,104.09,104.24,23270.651
2025-09-25T15:30:00+00:00,104.24,104.58,104.18,104.39,13163.435
2025-09-25T15:45:00+00:00,104.39,104.49,104.17,104.49,12685.438
2025-09-25T16:00:00+00:00,104.48,104.67,104.36,104.46,19717.380
2025-09-25T16:15:00+00:00,104.47,104.48,103.58,103.62,20935.637
2025-09-25T16:30:00+00:00,103.63,103.88,103.50,103.58,20217.014
2025-09-25T16:45:00+00:00,103.58,103.67,102.98,103.11,32834.384
2025-09-25T17:00:00+00:00,103.10,103.12,102.01,102.01,63848.526
2025-09-25T17:15:00+00:00,102.01,102.47,101.40,101.98,147498.351
2025-09-25T17:30:00+00:00,101.97,102.28,100.80,101.59,104296.753
2025-09-25T17:45:00+00:00,101.60,101.91,100.19,100.85,141951.826
2025-09-25T18:00:00+00:00,100.85,101.52,100.41,101.50,93715.221
2025-09-25T18:15:00+00:00,101.50,102.46,101.28,102.34,62398.673
2025-09-25T18:30:00+00:00,102.35,102.71,102.06,102.57,31503.840
2025-09-25T18:45:00+00:00,102.56,103.17,102.42,103.13,47240.554
2025-09-25T19:00:00+00:00,103.14,103.51,103.06,103.30,36909.586
2025-09-25T19:15:00+00:00,103.29,103.72,103.14,103.46,21954.488
2025-09-25T19:30:00+00:00,103.47,103.62,102.97,103.08,17521.867
2025-09-25T19:45:00+00:00,103.08,103.10,102.54,102.74,19100.055
2025-09-25T20:00:00+00:00,102.75,102.88,102.44,102.61,20791.269
2025-09-25T20:15:00+00:00,102.61,102.90,102.51,102.58,11152.808
2025-09-25T20:30:00+00:00,102.58,102.58,102.13,102.38,19254.022
2025-09-25T20:45:00+00:00,102.38,102.57,102.12,102.24,13280.266
2025-09-25T21:00:00+00:00,102.25,103.10,102.24,102.77,26367.152
2025-09-25T21:15:00+00:00,102.78,102.90,102.29,102.38,10812.191
2025-09-25T21:30:00+00:00,102.37,102.37,101.89,102.21,17261.645
2025-09-25T21:45:00+00:00,102.22,102.86,102.22,102.83,12548.330
2025-09-25T22:00:00+00:00,102.82,103.13,102.56,103.05,17558.082
2025-09-25T22:15:00+00:00,103.04,103.14,102.61,102.67,17173.915
2025-09-25T22:30:00+00:00,102.67,102.76,102.46,102.59,13898.613
2025-09-25T22:45:00+00:00,102.59,102.61,102.12,102.35,12418.319
2025-09-25T23:00:00+00:00,102.36,102.93,102.32,102.46,16477.058
2025-09-25T23:15:00+00:00,102.46,102.58,102.15,102.35,12699.848
2025-09-25T23:30:00+00:00,102.35,102.35,101.47,101.98,44315.885
2025-09-25T23:45:00+00:00,101.99,102.23,101.83,102.23,14679.825
2025-09-26T00:00:00+00:00,102.22,103.01,102.21,102.96,23377.250
2025-09-26T00:15:00+00:00,102.96,103.28,102.91,103.08,17299.800
2025-09-26T00:30:00+00:00,103.07,103.07,102.38,102.40,13917.980
2025-09-26T00:45:00+00:00,102.41,103.64,102.37,103.49,24477.585
2025-09-26T01:00:00+00:00,103.50,103.76,103.27,103.65,20759.792
2025-09-26T01:15:00+00:00,103.64,103.87,103.44,103.47,11688.677
2025-09-26T01:30:00+00:00,103.47,103.59,103.28,103.48,15255.107
2025-09-26T01:45:00+00:00,103.49,103.76,103.27,103.47,13519.233
2025-09-26T02:00:00+00:00,103.48,103.83,103.14,103.32,14619.113
2025-09-26T02:15:00+00:00,103.31,103.52,103.05,103.12,13661.072
2025-09-26T02:30:00+00:00,103.11,103.36,102.97,103.26,8338.097
2025-09-26T02:45:00+00:00,103.25,103.48,103.14,103.26,6552.265
2025-09-26T03:00:00+00:00,103.25,103.26,102.82,103.22,9886.279
2025-09-26T03:15:00+00:00,103.22,103.36,102.95,102.96,8733.142
2025-09-26T03:30:00+00:00,102.95,103.04,102.77,103.02,8842.182
2025-09-26T03:45:00+00:00,103.02,103.16,102.63,103.15,11801.260
2025-09-26T04:00:00+00:00,103.15,103.28,102.93,103.10,11250.589
2025-09-26T04:15:00+00:00,103.11,103.45,103.04,103.18,9567.192
2025-09-26T04:30:00+00:00,103.17,103.17,102.79,102.86,9094.389
2025-09-26T04:45:00+00:00,102.86,103.08,102.77,103.06,5799.244
2025-09-26T05:00:00+00:00,103.06,103.40,102.97,103.34,7837.816
2025-09-26T05:15:00+00:00,103.34,103.57,103.34,103.42,7987.742
2025-09-26T05:30:00+00:00,103.43,103.43,103.12,103.19,5425.204
2025-09-26T05:45:00+00:00,103.19,103.25,102.56,102.88,26895.273
2025-09-26T06:00:00+00:00,102.89,103.06,102.59,102.95,17200.910
2025-09-26T06:15:00+00:00,102.94,103.54,102.93,103.32,12874.508
2025-09-26T06:30:00+00:00,103.31,103.46,103.14,103.42,42835.515
2025-09-26T06:45:00+00:00,103.42,103.42,102.85,102.93,13854.967
2025-09-26T07:00:00+00:00,102.93,103.30,102.93,103.30,11141.063
2025-09-26T07:15:00+00:00,103.31,103.31,102.97,102.97,11421.040
2025-09-26T07:30:00+00:00,102.97,102.98,102.38,102.47,23897.436
2025-09-26T07:45:00+00:00,102.47,103.06,102.36,103.02,14155.406
2025-09-26T08:00:00+00:00,103.03,103.18,102.96,103.06,14851.146
2025-09-26T08:15:00+00:00,103.05,103.26,102.66,102.88,11557.577
2025-09-26T08:30:00+00:00,102.88,103.05,102.76,102.96,11724.023
2025-09-26T08:45:00+00:00,102.96,103.00,102.73,102.77,14384.098
2025-09-26T09:00:00+00:00,102.77,102.87,102.52,102.79,20900.703
2025-09-26T09:15:00+00:00,102.79,102.79,102.26,102.35,19051.119
2025-09-26T09:30:00+00:00,102.34,102.43,101.63,101.77,32001.197
2025-09-26T09:45:00+00:00,101.77,102.00,101.69,101.99,19697.434
2025-09-26T10:00:00+00:00,101.99,102.04,101.31,101.39,30230.209
2025-09-26T10:15:00+00:00,101.39,101.50,101.21,101.38,24522.827
2025-09-26T10:30:00+00:00,101.38,101.63,101.15,101.32,14761.521
2025-09-26T10:45:00+00:00,101.31,101.61,101.26,101.44,8914.552
2025-09-26T11:00:00+00:00,101.44,101.59,100.93,101.03,25639.319
2025-09-26T11:15:00+00:00,101.04,101.50,101.00,101.40,12014.324
2025-09-26T11:30:00+00:00,101.40,102.02,101.40,101.85,20336.523
2025-09-26T11:45:00+00:00,101.84,102.05,101.80,101.86,17055.650
2025-09-26T12:00:00+00:00,101.86,101.86,101.36,101.37,13256.446
2025-09-26T12:15:00+00:00,101.37,102.14,101.25,101.99,20007.730
2025-09-26T12:30:00+00:00,101.99,103.13,101.59,102.90,124919.619
2025-09-26T12:45:00+00:00,102.89,102.93,102.48,102.73,16750.492
2025-09-26T13:00:00+00:00,102.73,102.82,102.46,102.58,20734.345
2025-09-26T13:15:00+00:00,102.59,102.78,102.33,102.45,14101.456
2025-09-26T13:30:00+00:00,102.45,102.93,102.23,102.81,22203.219
2025-09-26T13:45:00+00:00,102.80,103.44,102.66,103.26,49739.833
2025-09-26T14:00:00+00:00,103.25,103.36,102.74,102.86,23102.892
2025-09-26T14:15:00+00:00,102.85,103.14,102.50,102.77,25640.433
2025-09-26T14:30:00+00:00,102.78,103.01,102.30,102.85,29741.841
2025-09-26T14:45:00+00:00,102.85,103.00,102.60,102.82,16779.269
2025-09-26T15:00:00+00:00,102.82,103.31,102.75,102.94,17120.333
2025-09-26T15:15:00+00:00,102.94,103.58,102.86,103.58,30291.669
2025-09-26T15:30:00+00:00,103.58,103.67,103.30,103.52,11420.105
2025-09-26T15:45:00+00:00,103.52,103.59,103.27,103.34,8734.879
2025-09-26T16:00:00+00:00,103.33,103.80,103.31,103.62,16037.674
2025-09-26T16:15:00+00:00,103.61,104.06,103.57,103.79,31185.324
2025-09-26T16:30:00+00:00,103.78,103.90,103.63,103.72,12857.202
2025-09-26T16:45:00+00:00,103.73,104.03,103.70,103.93,9525.405
2025-09-26T17:00:00+00:00,103.92,104.29,103.91,104.22,16365.444
2025-09-26T17:15:00+00:00,104.21,104.72,104.14,104.63,23051.737
2025-09-26T17:30:00+00:00,104.63,104.72,104.39,104.50,24379.159
2025-09-26T17:45:00+00:00,104.49,104.70,104.44,104.67,14023.838
2025-09-26T18:00:00+00:00,104.66,104.84,104.44,104.63,20124.029
2025-09-26T18:15:00+00:00,104.63,104.85,104.61,104.74,13470.436
2025-09-26T18:30:00+00:00,104.75,104.78,104.43,104.48,10108.855
2025-09-26T18:45:00+00:00,104.48,104.60,104.38,104.49,11614.885
2025-09-26T19:00:00+00:00,104.49,104.53,104.08,104.27,15266.718
2025-09-26T19:15:00+00:00,104.27,104.47,104.04,104.06,8527.404
2025-09-26T19:30:00+00:00,104.06,104.17,103.73,103.79,22668.844
2025-09-26T19:45:00+00:00,103.80,104.16,103.77,104.06,10419.703
2025-09-26T20:00:00+00:00,104.06,104.21,103.90,104.20,9838.964
2025-09-26T20:15:00+00:00,104.20,104.25,103.97,103.99,6797.028
2025-09-26T20:30:00+00:00,103.98,104.03,103.85,103.86,7523.603
2025-09-26T20:45:00+00:00,103.86,104.00,103.84,103.86,6221.923
2025-09-26T21:00:00+00:00,103.86,104.03,103.75,104.02,10007.278
2025-09-26T21:15:00+00:00,104.03,104.29,103.86,104.23,10813.975
2025-09-26T21:30:00+00:00,104.24,104.31,104.09,104.09,8141.878
2025-09-26T21:45:00+00:00,104.10,104.34,104.08,104.29,2783.340
2025-09-26T22:00:00+00:00,104.30,104.46,104.19,104.40,9136.621
2025-09-26T22:15:00+00:00,104.41,104.76,104.37,104.46,43237.499
2025-09-26T22:30:00+00:00,104.46,104.54,104.39,104.51,9063.117
2025-09-26T22:45:00+00:00,104.50,104.57,104.37,104.39,4806.662
2025-09-26T23:00:00+00:00,104.39,104.41,104.27,104.34,8102.682
2025-09-26T23:15:00+00:00,104.33,104.50,104.28,104.43,3637.302
2025-09-26T23:30:00+00:00,104.44,104.53,104.41,104.45,6689.058
2025-09-26T23:45:00+00:00,104.45,104.63,104.44,104.50,6192.805
2025-09-27T00:00:00+00:00,104.51,104.51,104.17,104.23,15331.141
2025-09-27T00:15:00+00:00,104.23,104.30,104.09,104.23,10355.569
2025-09-27T00:30:00+00:00,104.23,104.32,104.10,104.14,6132.991
2025-09-27T00:45:00+00:00,104.14,104.27,104.03,104.27,6584.725
2025-09-27T01:00:00+00:00,104.26,104.28,103.97,104.06,7572.943
2025-09-27T01:15:00+00:00,104.06,104.06,103.75,103.86,7407.305
2025-09-27T01:30:00+00:00,103.86,103.87,103.74,103.81,9641.889
2025-09-27T01:45:00+00:00,103.81,103.87,103.78,103.85,4019.134
2025-09-27T02:00:00+00:00,103.84,103.93,103.76,103.89,6449.664
2025-09-27T02:15:00+00:00,103.89,103.92,103.68,103.73,4591.365
2025-09-27T02:30:00+00:00,103.73,103.96,103.68,103.96,8399.515
2025-09-27T02:45:00+00:00,103.95,103.99,103.39,103.57,32879.216
2025-09-27T03:00:00+00:00,103.57,103.70,103.55,103.63,12636.166
2025-09-27T03:15:00+00:00,103.63,103.99,103.63,103.95,7242.438
2025-09-27T03:30:00+00:00,103.95,104.05,103.92,103.98,9175.520
2025-09-27T03:45:00+00:00,103.98,104.00,103.79,103.81,5651.664
2025-09-27T04:00:00+00:00,103.81,103.93,103.78,103.81,6681.471
2025-09-27T04:15:00+00:00,103.80,103.93,103.70,103.93,8232.581
2025-09-27T04:30:00+00:00,103.93,103.96,103.77,103.78,6059.250
2025-09-27T04:45:00+00:00,103.79,103.85,103.72,103.83,4461.111
2025-09-27T05:00:00+00:00,103.84,103.84,103.60,103.65,5123.669
2025-09-27T05:15:00+00:00,103.64,103.74,103.61,103.70,3942.910
2025-09-27T05:30:00+00:00,103.69,103.82,103.65,103.81,4708.274
2025-09-27T05:45:00+00:00,103.81,103.89,103.77,103.78,3898.344
2025-09-27T06:00:00+00:00,103.78,103.79,103.64,103.68,6598.095
2025-09-27T06:15:00+00:00,103.68,103.73,103.60,103.65,3423.283
2025-09-27T06:30:00+00:00,103.65,103.77,103.61,103.73,3889.256
2025-09-27T06:45:00+00:00,103.73,103.85,103.68,103.84,3279.762
2025-09-27T07:00:00+00:00,103.84,103.97,103.84,103.88,8547.123
2025-09-27T07:15:00+00:00,103.87,103.89,103.66,103.69,4252.573
2025-09-27T07:30:00+00:00,103.69,103.71,103.50,103.62,13427.638
2025-09-27T07:45:00+00:00,103.61,103.75,103.54,103.69,12401.779
2025-09-27T08:00:00+00:00,103.69,103.71,103.42,103.60,17052.934
2025-09-27T08:15:00+00:00,103.59,103.84,103.54,103.84,6974.833
2025-09-27T08:30:00+00:00,103.83,103.85,103.71,103.72,6675.754
2025-09-27T08:45:00+00:00,103.71,103.81,103.52,103.58,9262.451
2025-09-27T09:00:00+00:00,103.58,103.67,103.28,103.46,14860.787
2025-09-27T09:15:00+00:00,103.46,103.70,103.44,103.65,13946.243
2025-09-27T09:30:00+00:00,103.65,103.88,103.64,103.85,26066.356
2025-09-27T09:45:00+00:00,103.85,104.12,103.84,104.03,18918.536
2025-09-27T10:00:00+00:00,104.04,104.23,103.99,104.05,18204.822
2025-09-27T10:15:00+00:00,104.04,104.09,103.90,104.05,28920.710
2025-09-27T10:30:00+00:00,104.06,104.47,104.05,104.33,19825.098
2025-09-27T10:45:00+00:00,104.33,104.37,104.15,104.21,10142.180
2025-09-27T11:00:00+00:00,104.21,104.21,104.02,104.08,6643.988
2025-09-27T11:15:00+00:00,104.07,104.16,104.02,104.12,4067.300
2025-09-27T11:30:00+00:00,104.12,104.12,104.01,104.05,4011.990
2025-09-27T11:45:00+00:00,104.04,104.07,103.89,103.92,6122.511
2025-09-27T12:00:00+00:00,103.92,104.07,103.89,104.06,8490.374
2025-09-27T12:15:00+00:00,104.06,104.15,104.04,104.08,3747.812
2025-09-27T12:30:00+00:00,104.08,104.27,104.04,104.25,5287.732
2025-09-27T12:45:00+00:00,104.25,104.42,104.19,104.35,13494.874
2025-09-27T13:00:00+00:00,104.35,104.42,104.25,104.25,6535.856
2025-09-27T13:15:00+00:00,104.25,104.37,104.25,104.34,4690.804
2025-09-27T13:30:00+00:00,104.34,104.35,104.21,104.33,2525.891
2025-09-27T13:45:00+00:00,104.33,104.37,104.22,104.28,3560.370
2025-09-27T14:00:00+00:00,104.28,104.53,104.25,104.52,8808.476
2025-09-27T14:15:00+00:00,104.53,104.78,104.47,104.76,14951.991
2025-09-27T14:30:00+00:00,104.76,104.82,104.63,104.63,19246.031
2025-09-27T14:45:00+00:00,104.63,104.65,104.52,104.55,8676.221
2025-09-27T15:00:00+00:00,104.55,104.56,104.32,104.47,14819.496
2025-09-27T15:15:00+00:00,104.47,104.64,104.47,104.61,7671.218
2025-09-27T15:30:00+00:00,104.61,104.71,104.52,104.59,5577.571
2025-09-27T15:45:00+00:00,104.59,104.88,104.57,104.86,14550.699
2025-09-27T16:00:00+00:00,104.86,104.91,104.74,104.79,10467.893
2025-09-27T16:15:00+00:00,104.78,104.86,104.73,104.78,6189.508
2025-09-27T16:30:00+00:00,104.79,104.88,104.67,104.82,5111.309
2025-09-27T16:45:00+00:00,104.82,104.85,104.65,104.70,14733.022
2025-09-27T17:00:00+00:00,104.70,104.71,104.28,104.30,13346.305
2025-09-27T17:15:00+00:00,104.30,104.31,104.02,104.14,17014.949
2025-09-27T17:30:00+00:00,104.14,104.42,104.08,104.35,7410.291
2025-09-27T17:45:00+00:00,104.34,104.57,104.24,104.53,6046.096
2025-09-27T18:00:00+00:00,104.53,104.60,104.42,104.43,4592.150
2025-09-27T18:15:00+00:00,104.43,104.48,104.32,104.44,6073.692
2025-09-27T18:30:00+00:00,104.45,104.53,104.32,104.49,9239.686
2025-09-27T18:45:00+00:00,104.48,104.57,104.40,104.42,5664.104
2025-09-27T19:00:00+00:00,104.42,104.46,104.21,104.28,7838.415
2025-09-27T19:15:00+00:00,104.28,104.46,104.24,104.46,4563.998
2025-09-27T19:30:00+00:00,104.46,104.55,104.38,104.43,4543.549
2025-09-27T19:45:00+00:00,104.43,104.55,104.40,104.53,3403.548
2025-09-27T20:00:00+00:00,104.53,104.66,104.53,104.58,4855.381
2025-09-27T20:15:00+00:00,104.58,104.59,104.42,104.54,5008.653
2025-09-27T20:30:00+00:00,104.53,104.67,104.45,104.57,2953.513
2025-09-27T20:45:00+00:00,104.57,104.57,104.42,104.55,3828.597
2025-09-27T21:00:00+00:00,104.56,104.58,104.47,104.50,5972.223
2025-09-27T21:15:00+00:00,104.49,104.59,104.49,104.59,2234.336
2025-09-27T21:30:00+00:00,104.59,104.64,104.53,104.58,8483.235
2025-09-27T21:45:00+00:00,104.58,104.70,104.57,104.61,3352.088
2025-09-27T22:00:00+00:00,104.61,104.77,104.58,104.75,9224.336
2025-09-27T22:15:00+00:00,104.75,104.89,104.75,104.86,8795.187
2025-09-27T22:30:00+00:00,104.86,104.88,104.73,104.74,5135.124
2025-09-27T22:45:00+00:00,104.74,104.76,104.57,104.65,3840.945
2025-09-27T23:00:00+00:00,104.64,104.76,104.48,104.60,5360.185
2025-09-27T23:15:00+00:00,104.59,104.64,104.42,104.47,5108.565
2025-09-27T23:30:00+00:00,104.47,104.55,104.42,104.48,4392.593
2025-09-27T23:45:00+00:00,104.48,104.53,104.36,104.42,3428.526
2025-09-28T00:00:00+00:00,104.42,104.48,104.13,104.25,13805.256
2025-09-28T00:15:00+00:00,104.24,104.59,104.20,104.52,8295.141
2025-09-28T00:30:00+00:00,104.51,104.56,104.15,104.30,7273.768
2025-09-28T00:45:00+00:00,104.30,104.32,104.09,104.16,6110.815
2025-09-28T01:00:00+00:00,104.16,104.19,103.87,103.89,9097.510
2025-09-28T01:15:00+00:00,103.89,104.05,103.88,103.92,6294.498
2025-09-28T01:30:00+00:00,103.92,103.95,103.63,103.69,8259.378
2025-09-28T01:45:00+00:00,103.69,103.85,103.66,103.82,6289.119
2025-09-28T02:00:00+00:00,103.82,103.94,103.77,103.80,5766.587
2025-09-28T02:15:00+00:00,103.79,103.96,103.78,103.94,6054.117
2025-09-28T02:30:00+00:00,103.94,104.02,103.77,103.78,5803.427
2025-09-28T02:45:00+00:00,103.77,103.77,103.62,103.75,7925.004
2025-09-28T03:00:00+00:00,103.74,103.83,103.73,103.82,5032.445
2025-09-28T03:15:00+00:00,103.81,103.87,103.67,103.70,2509.986
2025-09-28T03:30:00+00:00,103.70,103.76,103.52,103.62,4607.549
2025-09-28T03:45:00+00:00,103.62,103.89,103.56,103.81,6227.633
2025-09-28T04:00:00+00:00,103.81,103.84,103.68,103.69,4218.577
2025-09-28T04:15:00+00:00,103.69,103.79,103.65,103.66,4618.886
2025-09-28T04:30:00+00:00,103.65,103.98,103.65,103.95,5131.143
2025-09-28T04:45:00+00:00,103.95,103.96,103.84,103.96,3529.094
2025-09-28T05:00:00+00:00,103.96,104.13,103.61,103.72,16234.031
2025-09-28T05:15:00+00:00,103.72,104.14,103.72,104.14,6134.431
2025-09-28T05:30:00+00:00,104.14,104.18,103.91,103.98,6393.970
2025-09-28T05:45:00+00:00,103.98,104.01,103.88,103.94,2393.859
2025-09-28T06:00:00+00:00,103.94,104.06,103.90,103.96,4537.943
2025-09-28T06:15:00+00:00,103.96,104.01,103.77,103.78,5212.657
2025-09-28T06:30:00+00:00,103.77,104.04,103.66,103.92,8265.425
2025-09-28T06:45:00+00:00,103.92,103.93,103.69,103.84,6455.605
2025-09-28T07:00:00+00:00,103.84,103.97,103.68,103.75,5338.861
2025-09-28T07:15:00+00:00,103.74,104.10,103.73,104.03,7315.039
2025-09-28T07:30:00+00:00,104.02,104.20,103.98,104.19,11890.451
2025-09-28T07:45:00+00:00,104.19,104.20,104.02,104.06,6809.794
2025-09-28T08:00:00+00:00,104.05,104.13,103.87,103.88,5780.410
2025-09-28T08:15:00+00:00,103.88,103.89,103.57,103.67,17510.605
2025-09-28T08:30:00+00:00,103.67,103.71,103.50,103.58,9612.256
2025-09-28T08:45:00+00:00,103.58,103.88,103.56,103.61,8105.957
2025-09-28T09:00:00+00:00,103.60,103.69,103.45,103.49,14378.962
2025-09-28T09:15:00+00:00,103.49,103.50,103.30,103.40,10489.913
2025-09-28T09:30:00+00:00,103.40,103.67,103.40,103.66,6507.695
2025-09-28T09:45:00+00:00,103.66,103.66,103.45,103.45,5992.620
2025-09-28T10:00:00+00:00,103.44,103.45,103.12,103.28,16697.877
2025-09-28T10:15:00+00:00,103.27,103.48,103.26,103.30,8330.667
2025-09-28T10:30:00+00:00,103.30,103.57,103.29,103.53,5449.449
2025-09-28T10:45:00+00:00,103.53,103.59,103.46,103.57,3489.103
2025-09-28T11:00:00+00:00,103.57,103.62,103.33,103.37,7409.411
2025-09-28T11:15:00+00:00,103.37,103.48,103.09,103.17,9104.375
2025-09-28T11:30:00+00:00,103.17,103.32,103.08,103.17,18302.613
2025-09-28T11:45:00+00:00,103.17,103.34,103.08,103.30,6968.353
2025-09-28T12:00:00+00:00,103.30,103.33,103.01,103.17,8311.281
2025-09-28T12:15:00+00:00,103.18,103.26,103.04,103.11,11168.924
2025-09-28T12:30:00+00:00,103.12,103.13,102.71,102.80,23501.640
2025-09-28T12:45:00+00:00,102.81,103.24,102.78,103.13,11558.963
2025-09-28T13:00:00+00:00,103.14,103.48,103.05,103.38,9647.925
2025-09-28T13:15:00+00:00,103.39,103.75,103.35,103.67,13253.676
2025-09-28T13:30:00+00:00,103.68,104.01,103.63,103.93,12448.434
2025-09-28T13:45:00+00:00,103.93,104.14,103.74,103.98,12731.221
2025-09-28T14:00:00+00:00,103.98,104.05,103.88,103.99,9353.865
2025-09-28T14:15:00+00:00,103.99,104.42,103.95,104.38,12324.261
2025-09-28T14:30:00+00:00,104.38,104.39,104.18,104.25,13774.005
2025-09-28T14:45:00+00:00,104.25,104.30,104.10,104.16,7371.262
2025-09-28T15:00:00+00:00,104.16,104.35,104.14,104.28,12170.343
2025-09-28T15:15:00+00:00,104.28,104.46,104.24,104.43,7246.820
2025-09-28T15:30:00+00:00,104.43,104.49,104.30,104.37,7202.556
2025-09-28T15:45:00+00:00,104.37,104.51,104.29,104.51,6028.101
2025-09-28T16:00:00+00:00,104.51,104.89,104.49,104.60,27572.744
2025-09-28T16:15:00+00:00,104.60,104.61,104.39,104.47,10344.599
2025-09-28T16:30:00+00:00,104.46,104.60,104.32,104.60,11487.175
2025-09-28T16:45:00+00:00,104.59,104.81,104.59,104.81,12200.175
2025-09-28T17:00:00+00:00,104.80,105.20,104.77,105.13,24931.555
2025-09-28T17:15:00+00:00,105.14,105.18,104.84,104.96,15628.094
2025-09-28T17:30:00+00:00,104.96,105.20,104.92,105.08,8741.026
2025-09-28T17:45:00+00:00,105.08,105.21,104.95,105.06,10336.626
2025-09-28T18:00:00+00:00,105.06,105.10,104.92,104.98,10374.057
2025-09-28T18:15:00+00:00,104.98,105.03,104.88,104.89,9444.309
2025-09-28T18:30:00+00:00,104.89,105.12,104.88,105.12,6455.188
2025-09-28T18:45:00+00:00,105.12,105.35,105.06,105.35,12058.619
2025-09-28T19:00:00+00:00,105.36,105.41,105.13,105.19,16914.487
2025-09-28T19:15:00+00:00,105.19,105.42,105.12,105.36,11900.327
2025-09-28T19:30:00+00:00,105.36,105.46,105.33,105.46,8017.712
2025-09-28T19:45:00+00:00,105.46,105.58,105.37,105.58,8136.999
2025-09-28T20:00:00+00:00,105.58,105.90,105.57,105.86,22778.416
2025-09-28T20:15:00+00:00,105.85,105.96,105.79,105.88,14750.218
2025-09-28T20:30:00+00:00,105.88,106.03,105.86,105.93,25802.522
2025-09-28T20:45:00+00:00,105.93,105.96,105.74,105.81,16686.451
2025-09-28T21:00:00+00:00,105.81,106.33,105.79,106.19,24508.415
2025-09-28T21:15:00+00:00,106.20,106.30,106.05,106.17,12956.731
2025-09-28T21:30:00+00:00,106.17,106.17,105.93,106.01,11779.741
2025-09-28T21:45:00+00:00,106.00,106.04,105.88,106.04,8871.143
2025-09-28T22:00:00+00:00,106.04,106.78,106.04,106.62,41800.188
2025-09-28T22:15:00+00:00,106.63,106.97,106.63,106.89,21926.297
2025-09-28T22:30:00+00:00,106.90,107.00,106.71,106.85,17113.225
2025-09-28T22:45:00+00:00,106.85,106.99,106.70,106.90,18407.415
2025-09-28T23:00:00+00:00,106.90,107.08,106.81,106.91,21222.135
2025-09-28T23:15:00+00:00,106.91,106.92,106.70,106.87,11893.652
2025-09-28T23:30:00+00:00,106.87,106.93,106.67,106.81,8503.061
2025-09-28T23:45:00+00:00,106.80,106.87,106.71,106.82,13970.546
2025-09-29T00:00:00+00:00,106.82,106.84,106.45,106.52,28208.201
2025-09-29T00:15:00+00:00,106.51,106.81,106.42,106.72,16745.322
2025-09-29T00:30:00+00:00,106.72,106.96,106.69,106.82,24977.499
2025-09-29T00:45:00+00:00,106.82,106.97,106.78,106.84,13024.592
2025-09-29T01:00:00+00:00,106.84,106.86,106.65,106.78,10865.949
2025-09-29T01:15:00+00:00,106.78,106.86,106.53,106.58,6706.807
2025-09-29T01:30:00+00:00,106.58,106.82,106.57,106.74,19087.657
2025-09-29T01:45:00+00:00,106.73,106.73,106.57,106.60,10757.619
2025-09-29T02:00:00+00:00,106.60,106.91,106.48,106.83,14814.991
2025-09-29T02:15:00+00:00,106.82,107.21,106.72,107.09,13555.099
2025-09-29T02:30:00+00:00,107.09,107.13,106.70,106.74,13532.642
2025-09-29T02:45:00+00:00,106.74,106.76,106.65,106.74,7171.721
2025-09-29T03:00:00+00:00,106.74,106.74,106.41,106.43,10408.297
2025-09-29T03:15:00+00:00,106.42,106.70,106.42,106.67,8949.978
2025-09-29T03:30:00+00:00,106.68,106.72,106.50,106.51,5403.241
2025-09-29T03:45:00+00:00,106.50,106.55,106.44,106.53,4591.027
2025-09-29T04:00:00+00:00,106.53,106.55,106.35,106.40,10506.447
2025-09-29T04:15:00+00:00,106.40,106.40,106.20,106.24,9155.327
2025-09-29T04:30:00+00:00,106.24,106.41,106.20,106.36,8230.162
2025-09-29T04:45:00+00:00,106.36,106.38,106.20,106.21,3888.584
2025-09-29T05:00:00+00:00,106.21,106.24,105.81,105.97,24590.974
2025-09-29T05:15:00+00:00,105.96,105.97,105.76,105.92,11455.389
2025-09-29T05:30:00+00:00,105.92,106.07,105.85,106.04,7773.866
2025-09-29T05:45:00+00:00,106.04,106.16,106.03,106.13,5561.339
2025-09-29T06:00:00+00:00,106.13,106.14,105.78,105.83,10141.707
2025-09-29T06:15:00+00:00,105.83,106.05,105.77,105.93,8808.630
2025-09-29T06:30:00+00:00,105.92,105.99,105.86,105.94,6363.424
2025-09-29T06:45:00+00:00,105.94,106.00,105.65,105.66,9169.134
2025-09-29T07:00:00+00:00,105.66,105.80,105.65,105.67,6984.638
2025-09-29T07:15:00+00:00,105.67,105.80,105.52,105.78,7428.456
2025-09-29T07:30:00+00:00,105.78,106.18,105.78,106.04,8718.438
2025-09-29T07:45:00+00:00,106.03,106.11,105.93,105.99,5911.955
2025-09-29T08:00:00+00:00,105.99,106.13,105.81,105.82,14886.772
2025-09-29T08:15:00+00:00,105.82,106.18,105.75,106.18,8720.143
2025-09-29T08:30:00+00:00,106.18,106.30,106.11,106.27,11737.522
2025-09-29T08:45:00+00:00,106.27,106.42,106.22,106.24,14496.003
2025-09-29T09:00:00+00:00,106.25,106.40,106.22,106.22,7970.015
2025-09-29T09:15:00+00:00,106.22,106.45,106.14,106.40,10424.074
2025-09-29T09:30:00+00:00,106.39,106.39,105.82,105.82,10694.662
2025-09-29T09:45:00+00:00,105.81,105.93,105.64,105.92,16317.562
2025-09-29T10:00:00+00:00,105.92,106.01,105.78,105.99,6396.207
2025-09-29T10:15:00+00:00,105.99,106.09,105.92,106.02,5621.007
2025-09-29T10:30:00+00:00,106.02,106.07,105.68,105.78,12962.815
2025-09-29T10:45:00+00:00,105.77,105.88,105.65,105.69,8741.048
2025-09-29T11:00:00+00:00,105.69,105.69,105.37,105.48,21716.693
2025-09-29T11:15:00+00:00,105.47,105.92,105.44,105.91,10113.251
2025-09-29T11:30:00+00:00,105.92,106.06,105.75,105.84,21632.875
2025-09-29T11:45:00+00:00,105.84,105.88,105.66,105.67,14418.316
2025-09-29T12:00:00+00:00,105.67,105.69,105.53,105.58,8426.145
2025-09-29T12:15:00+00:00,105.58,105.90,105.54,105.86,19889.802
2025-09-29T12:30:00+00:00,105.87,106.02,105.22,105.52,32627.782
2025-09-29T12:45:00+00:00,105.52,105.73,105.39,105.48,12867.449
2025-09-29T13:00:00+00:00,105.48,105.67,105.23,105.65,11682.997
2025-09-29T13:15:00+00:00,105.65,105.89,105.63,105.80,13420.947
2025-09-29T13:30:00+00:00,105.79,106.51,105.71,106.48,23830.029
2025-09-29T13:45:00+00:00,106.48,106.64,106.28,106.47,49431.831
2025-09-29T14:00:00+00:00,106.48,106.98,106.38,106.93,45597.987
2025-09-29T14:15:00+00:00,106.93,107.65,106.70,106.85,124235.334
2025-09-29T14:30:00+00:00,106.84,107.42,106.81,106.91,75252.266
2025-09-29T14:45:00+00:00,106.92,107.21,106.49,106.53,67488.516
2025-09-29T15:00:00+00:00,106.53,106.69,106.18,106.33,42910.090
2025-09-29T15:15:00+00:00,106.32,106.51,106.21,106.29,18828.050
2025-09-29T15:30:00+00:00,106.29,106.52,106.15,106.47,19486.312
2025-09-29T15:45:00+00:00,106.47,106.47,106.19,106.32,14195.748
2025-09-29T16:00:00+00:00,106.32,106.70,106.32,106.61,17463.038
2025-09-29T16:15:00+00:00,106.61,106.73,106.31,106.32,9836.734
2025-09-29T16:30:00+00:00,106.33,106.56,106.12,106.16,11213.409
2025-09-29T16:45:00+00:00,106.16,106.16,105.74,105.82,16332.755
2025-09-29T17:00:00+00:00,105.82,105.94,105.46,105.74,43545.969
2025-09-29T17:15:00+00:00,105.74,105.80,105.40,105.74,18676.944
2025-09-29T17:30:00+00:00,105.74,106.03,105.60,106.00,14467.775
2025-09-29T17:45:00+00:00,105.99,106.18,105.98,106.07,16480.446
2025-09-29T18:00:00+00:00,106.07,106.08,105.73,105.80,8313.316
2025-09-29T18:15:00+00:00,105.80,105.87,105.63,105.78,8421.757
2025-09-29T18:30:00+00:00,105.79,105.87,105.69,105.78,6118.247
2025-09-29T18:45:00+00:00,105.78,105.92,105.72,105.79,5305.242
2025-09-29T19:00:00+00:00,105.80,106.09,105.74,106.05,9870.841
2025-09-29T19:15:00+00:00,106.06,106.09,105.82,106.00,8239.434
2025-09-29T19:30:00+00:00,106.00,106.20,105.85,106.20,7589.710
2025-09-29T19:45:00+00:00,106.20,106.41,106.13,106.31,14084.183
2025-09-29T20:00:00+00:00,106.30,106.57,106.21,106.51,10165.185
2025-09-29T20:15:00+00:00,106.51,106.68,106.49,106.64,12852.857
2025-09-29T20:30:00+00:00,106.65,106.98,106.52,106.98,22225.813
2025-09-29T20:45:00+00:00,106.99,107.13,106.90,107.10,17088.854
2025-09-29T21:00:00+00:00,107.10,107.14,106.84,106.89,12435.188
2025-09-29T21:15:00+00:00,106.89,107.10,106.87,107.05,6369.697
2025-09-29T21:30:00+00:00,107.05,107.06,106.82,106.96,7857.448
2025-09-29T21:45:00+00:00,106.96,107.01,106.85,106.90,3775.295
2025-09-29T22:00:00+00:00,106.91,106.95,106.72,106.86,11528.297
2025-09-29T22:15:00+00:00,106.86,106.93,106.71,106.82,5978.057
2025-09-29T22:30:00+00:00,106.82,106.92,106.74,106.86,8800.110
2025-09-29T22:45:00+00:00,106.87,107.04,106.86,106.94,8800.931
2025-09-29T23:00:00+00:00,106.93,106.98,106.75,106.78,8397.451
2025-09-29T23:15:00+00:00,106.78,106.82,106.60,106.64,9415.161
2025-09-29T23:30:00+00:00,106.63,106.75,106.60,106.69,6382.086
2025-09-29T23:45:00+00:00,106.69,106.81,106.64,106.72,5854.310
2025-09-30T00:00:00+00:00,106.72,106.99,106.62,106.84,20761.314
2025-09-30T00:15:00+00:00,106.84,106.84,106.43,106.57,16107.699
2025-09-30T00:30:00+00:00,106.57,107.05,106.51,106.97,14503.958
2025-09-30T00:45:00+00:00,106.98,107.28,106.49,106.57,26323.541
2025-09-30T01:00:00+00:00,106.58,106.96,106.48,106.93,13533.978
2025-09-30T01:15:00+00:00,106.93,107.07,106.71,106.79,10171.713
2025-09-30T01:30:00+00:00,106.78,106.78,106.37,106.43,12883.355
2025-09-30T01:45:00+00:00,106.42,106.94,106.32,106.89,12543.457
2025-09-30T02:00:00+00:00,106.89,106.92,106.57,106.63,7966.816
2025-09-30T02:15:00+00:00,106.63,106.70,106.52,106.55,5364.085
2025-09-30T02:30:00+00:00,106.56,106.67,106.49,106.52,5320.484
2025-09-30T02:45:00+00:00,106.53,106.66,106.24,106.28,8666.707
2025-09-30T03:00:00+00:00,106.29,106.42,106.15,106.26,10916.891
2025-09-30T03:15:00+00:00,106.26,106.58,106.23,106.49,10244.195
2025-09-30T03:30:00+00:00,106.50,106.63,106.42,106.63,6436.975
2025-09-30T03:45:00+00:00,106.64,106.67,106.28,106.34,7684.267
2025-09-30T04:00:00+00:00,106.35,106.44,106.18,106.20,16207.477
2025-09-30T04:15:00+00:00,106.20,106.34,106.15,106.27,7394.733
2025-09-30T04:30:00+00:00,106.27,106.35,106.20,106.31,6153.054
2025-09-30T04:45:00+00:00,106.32,106.37,106.24,106.31,5415.154
2025-09-30T05:00:00+00:00,106.30,106.40,106.15,106.32,9384.296
2025-09-30T05:15:00+00:00,106.31,106.31,106.09,106.22,7926.300
2025-09-30T05:30:00+00:00,106.23,106.25,106.10,106.12,9635.749
2025-09-30T05:45:00+00:00,106.12,106.41,105.99,106.32,11733.701
2025-09-30T06:00:00+00:00,106.33,106.59,106.23,106.54,7315.390
2025-09-30T06:15:00+00:00,106.54,106.64,106.27,106.40,15233.933
2025-09-30T06:30:00+00:00,106.41,106.63,106.30,106.51,9278.411
2025-09-30T06:45:00+00:00,106.52,106.52,106.11,106.14,5315.361
2025-09-30T07:00:00+00:00,106.15,106.26,105.92,105.96,11304.756
2025-09-30T07:15:00+00:00,105.97,105.97,105.76,105.82,13207.237
2025-09-30T07:30:00+00:00,105.82,105.83,105.49,105.56,25140.640
2025-09-30T07:45:00+00:00,105.55,105.86,105.46,105.79,18237.683
2025-09-30T08:00:00+00:00,105.79,105.82,105.63,105.78,13892.431
2025-09-30T08:15:00+00:00,105.79,105.89,105.75,105.82,8708.685
2025-09-30T08:30:00+00:00,105.82,105.94,105.67,105.85,9259.421
2025-09-30T08:45:00+00:00,105.86,105.86,105.49,105.49,22338.835
2025-09-30T09:00:00+00:00,105.49,105.57,105.10,105.10,38859.282
2025-09-30T09:15:00+00:00,105.10,105.56,105.08,105.53,31509.886
2025-09-30T09:30:00+00:00,105.53,105.67,105.27,105.40,23524.218
2025-09-30T09:45:00+00:00,105.40,105.54,105.32,105.41,15062.133
2025-09-30T10:00:00+00:00,105.41,105.44,105.21,105.33,17630.631
2025-09-30T10:15:00+00:00,105.32,105.48,105.21,105.25,7763.604
2025-09-30T10:30:00+00:00,105.25,105.38,105.19,105.32,9443.878
2025-09-30T10:45:00+00:00,105.32,105.51,105.30,105.35,6823.298
2025-09-30T11:00:00+00:00,105.35,105.44,105.09,105.15,9994.011
2025-09-30T11:15:00+00:00,105.15,105.29,105.05,105.24,6887.302
2025-09-30T11:30:00+00:00,105.24,105.55,105.21,105.51,14065.332
2025-09-30T11:45:00+00:00,105.52,105.56,105.37,105.37,9523.820
2025-09-30T12:00:00+00:00,105.38,105.45,105.24,105.24,8383.947
2025-09-30T12:15:00+00:00,105.24,105.38,105.20,105.28,7798.847
2025-09-30T12:30:00+00:00,105.28,105.39,105.16,105.21,6952.253
2025-09-30T12:45:00+00:00,105.21,105.27,105.08,105.11,8764.376
2025-09-30T13:00:00+00:00,105.12,105.30,105.05,105.27,13626.946
2025-09-30T13:15:00+00:00,105.28,105.60,105.24,105.56,9655.038
2025-09-30T13:30:00+00:00,105.56,105.69,105.24,105.66,21527.896
2025-09-30T13:45:00+00:00,105.65,105.82,104.94,105.09,29947.591
2025-09-30T14:00:00+00:00,105.09,105.18,104.66,105.08,25404.276
2025-09-30T14:15:00+00:00,105.08,105.27,104.71,104.84,15676.154
2025-09-30T14:30:00+00:00,104.84,104.95,104.66,104.79,17618.274
2025-09-30T14:45:00+00:00,104.79,105.15,104.71,105.10,16298.479
2025-09-30T15:00:00+00:00,105.10,105.12,104.19,104.36,50203.327
2025-09-30T15:15:00+00:00,104.36,104.42,103.78,104.00,42745.585
2025-09-30T15:30:00+00:00,103.99,104.33,103.97,104.21,17206.867
2025-09-30T15:45:00+00:00,104.22,104.47,104.07,104.46,10461.879
2025-09-30T16:00:00+00:00,104.45,104.47,104.19,104.24,15345.379
2025-09-30T16:15:00+00:00,104.25,104.66,104.15,104.58,10832.918
2025-09-30T16:30:00+00:00,104.59,104.62,104.17,104.27,11503.491
2025-09-30T16:45:00+00:00,104.28,104.58,104.24,104.45,7308.228
2025-09-30T17:00:00+00:00,104.45,104.63,104.39,104.49,13093.121
2025-09-30T17:15:00+00:00,104.49,104.63,104.44,104.55,8761.054
2025-09-30T17:30:00+00:00,104.55,104.76,104.42,104.45,21718.295
2025-09-30T17:45:00+00:00,104.45,104.49,104.26,104.41,15146.854
2025-09-30T18:00:00+00:00,104.42,104.76,104.25,104.72,15283.343
2025-09-30T18:15:00+00:00,104.72,104.89,104.67,104.83,12871.638
2025-09-30T18:30:00+00:00,104.83,105.03,104.75,104.97,10758.582
2025-09-30T18:45:00+00:00,104.98,105.25,104.96,105.20,15881.457
2025-09-30T19:00:00+00:00,105.20,105.43,105.14,105.26,11629.987
2025-09-30T19:15:00+00:00,105.27,105.69,105.17,105.67,11803.087
2025-09-30T19:30:00+00:00,105.68,106.21,105.67,106.10,35673.456
2025-09-30T19:45:00+00:00,106.09,106.81,106.06,106.79,32939.506
2025-09-30T20:00:00+00:00,106.79,106.97,106.52,106.60,29344.843
2025-09-30T20:15:00+00:00,106.61,107.16,106.60,107.10,32772.209
2025-09-30T20:30:00+00:00,107.10,107.55,107.03,107.34,40939.195
2025-09-30T20:45:00+00:00,107.34,107.56,107.33,107.37,22727.542
2025-09-30T21:00:00+00:00,107.38,107.50,107.13,107.17,20095.973
2025-09-30T21:15:00+00:00,107.17,107.48,107.14,107.14,16867.993
2025-09-30T21:30:00+00:00,107.14,107.14,106.83,107.01,19089.711
2025-09-30T21:45:00+00:00,107.01,107.03,106.57,106.57,11837.534
2025-09-30T22:00:00+00:00,106.57,107.06,106.57,106.93,16348.936
2025-09-30T22:15:00+00:00,106.94,107.18,106.84,106.87,12307.145
2025-09-30T22:30:00+00:00,106.87,106.92,106.60,106.68,11194.912
2025-09-30T22:45:00+00:00,106.68,106.70,106.26,106.36,14707.484
2025-09-30T23:00:00+00:00,106.37,106.48,106.16,106.47,17774.730
2025-09-30T23:15:00+00:00,106.48,106.76,106.40,106.73,7498.571
2025-09-30T23:30:00+00:00,106.74,107.06,106.71,106.92,14221.126
2025-09-30T23:45:00+00:00,106.93,106.93,106.79,106.83,6090.510
2025-10-01T00:00:00+00:00,106.83,107.01,106.76,106.81,16657.728
2025-10-01T00:15:00+00:00,106.81,106.81,106.41,106.42,6821.259
2025-10-01T00:30:00+00:00,106.42,106.53,106.20,106.22,8046.087
2025-10-01T00:45:00+00:00,106.22,106.46,106.07,106.45,13079.569
2025-10-01T01:00:00+00:00,106.46,106.67,106.36,106.52,8490.572
2025-10-01T01:15:00+00:00,106.52,106.63,106.22,106.59,9331.806
2025-10-01T01:30:00+00:00,106.60,106.78,106.41,106.69,9008.394
2025-10-01T01:45:00+00:00,106.69,107.02,106.69,107.00,7991.342
2025-10-01T02:00:00+00:00,107.00,107.07,106.53,106.57,12567.738
2025-10-01T02:15:00+00:00,106.58,106.70,106.54,106.62,3982.324
2025-10-01T02:30:00+00:00,106.63,106.63,106.26,106.26,10325.004
2025-10-01T02:45:00+00:00,106.26,106.27,105.93,106.12,16426.335
2025-10-01T03:00:00+00:00,106.12,106.35,106.01,106.24,9986.773
2025-10-01T03:15:00+00:00,106.25,106.28,106.04,106.12,7383.751
2025-10-01T03:30:00+00:00,106.13,106.19,105.89,105.92,8657.233
2025-10-01T03:45:00+00:00,105.92,105.92,105.71,105.75,15299.823
2025-10-01T04:00:00+00:00,105.75,106.31,105.65,106.09,12067.442
2025-10-01T04:15:00+00:00,106.09,106.34,106.09,106.31,7200.189
2025-10-01T04:30:00+00:00,106.32,106.44,106.14,106.33,10613.677
2025-10-01T04:45:00+00:00,106.33,106.37,106.08,106.14,6637.730
2025-10-01T05:00:00+00:00,106.14,106.56,106.14,106.38,9025.401
2025-10-01T05:15:00+00:00,106.37,106.54,106.32,106.42,4219.821
2025-10-01T05:30:00+00:00,106.41,106.64,106.33,106.56,6831.813
2025-10-01T05:45:00+00:00,106.57,106.60,106.34,106.37,7779.681
2025-10-01T06:00:00+00:00,106.39,106.48,106.24,106.29,8839.310
2025-10-01T06:15:00+00:00,106.30,106.40,106.01,106.26,16502.340
2025-10-01T06:30:00+00:00,106.26,106.27,105.89,105.97,29935.875
2025-10-01T06:45:00+00:00,105.98,105.98,105.29,105.46,41955.472
2025-10-01T07:00:00+00:00,105.45,105.59,105.39,105.54,15850.841
2025-10-01T07:15:00+00:00,105.53,105.72,105.47,105.69,10555.805
2025-10-01T07:30:00+00:00,105.69,105.94,105.63,105.84,8680.845
2025-10-01T07:45:00+00:00,105.83,105.98,105.70,105.90,18747.541
2025-10-01T08:00:00+00:00,105.90,106.15,105.81,105.87,24192.071
2025-10-01T08:15:00+00:00,105.88,106.45,105.77,106.45,19641.279
2025-10-01T08:30:00+00:00,106.46,108.19,106.45,108.15,174095.028
2025-10-01T08:45:00+00:00,108.14,109.06,108.10,109.05,198091.272
2025-10-01T09:00:00+00:00,109.05,109.35,108.74,109.30,80331.447
2025-10-01T09:15:00+00:00,109.30,109.53,108.79,109.50,85837.581
2025-10-01T09:30:00+00:00,109.50,110.55,109.35,110.05,107190.617
2025-10-01T09:45:00+00:00,110.05,110.73,109.90,110.47,66754.911
2025-10-01T10:00:00+00:00,110.47,110.56,109.69,109.70,42113.064
2025-10-01T10:15:00+00:00,109.70,110.06,109.52,109.63,40636.994
2025-10-01T10:30:00+00:00,109.63,109.79,109.45,109.58,32626.809
2025-10-01T10:45:00+00:00,109.59,109.64,109.27,109.41,18033.404
2025-10-01T11:00:00+00:00,109.42,110.38,109.39,110.29,59094.604
2025-10-01T11:15:00+00:00,110.30,110.77,110.21,110.50,31480.016
2025-10-01T11:30:00+00:00,110.51,110.59,110.11,110.29,63673.146
2025-10-01T11:45:00+00:00,110.28,110.40,110.01,110.32,31043.041
2025-10-01T12:00:00+00:00,110.32,110.46,109.92,110.10,22799.953
2025-10-01T12:15:00+00:00,110.11,110.74,110.03,110.56,28897.692
2025-10-01T12:30:00+00:00,110.57,110.84,110.42,110.66,23991.448
2025-10-01T12:45:00+00:00,110.65,110.81,110.27,110.76,26771.985
2025-10-01T13:00:00+00:00,110.77,111.05,110.46,110.85,44816.189
2025-10-01T13:15:00+00:00,110.84,111.13,110.66,111.01,27713.170
2025-10-01T13:30:00+00:00,111.02,111.22,110.68,110.83,31728.298
2025-10-01T13:45:00+00:00,110.83,110.98,110.42,110.83,38497.331
2025-10-01T14:00:00+00:00,110.83,111.32,110.64,111.26,58198.384
2025-10-01T14:15:00+00:00,111.26,111.55,110.84,111.52,39753.389
2025-10-01T14:30:00+00:00,111.53,111.55,111.06,111.26,31497.967
2025-10-01T14:45:00+00:00,111.27,111.38,110.82,111.07,33679.770
2025-10-01T15:00:00+00:00,111.07,111.34,110.83,111.22,24270.812
2025-10-01T15:15:00+00:00,111.22,111.70,111.19,111.38,24170.775
2025-10-01T15:30:00+00:00,111.37,111.68,111.11,111.54,54545.731
2025-10-01T15:45:00+00:00,111.54,111.58,111.13,111.27,21879.938
2025-10-01T16:00:00+00:00,111.28,111.69,111.07,111.56,19926.826
2025-10-01T16:15:00+00:00,111.55,111.69,111.40,111.62,19276.864
2025-10-01T16:30:00+00:00,111.62,111.85,111.42,111.68,26450.927
2025-10-01T16:45:00+00:00,111.68,111.82,111.31,111.62,55135.174
2025-10-01T17:00:00+00:00,111.62,111.69,110.97,111.01,28015.157
2025-10-01T17:15:00+00:00,111.00,111.09,110.71,110.84,51859.558
2025-10-01T17:30:00+00:00,110.84,110.93,110.70,110.81,16912.739
2025-10-01T17:45:00+00:00,110.80,110.87,110.44,110.58,24743.533
2025-10-01T18:00:00+00:00,110.58,111.27,110.58,111.09,21913.901
2025-10-01T18:15:00+00:00,111.09,111.27,110.89,111.22,17262.891
2025-10-01T18:30:00+00:00,111.22,111.37,111.14,111.22,11256.056
2025-10-01T18:45:00+00:00,111.22,111.40,111.22,111.26,6615.088
2025-10-01T19:00:00+00:00,111.26,111.63,111.12,111.62,19747.467
2025-10-01T19:15:00+00:00,111.62,112.00,111.62,111.90,37674.684
2025-10-01T19:30:00+00:00,111.90,112.20,111.74,112.10,21000.739
2025-10-01T19:45:00+00:00,112.09,112.61,111.88,112.09,42166.635
2025-10-01T20:00:00+00:00,112.09,112.13,111.79,111.83,14702.054
2025-10-01T20:15:00+00:00,111.84,112.01,111.64,111.81,14143.029
2025-10-01T20:30:00+00:00,111.82,112.00,111.76,111.96,6898.690
2025-10-01T20:45:00+00:00,111.95,112.01,111.78,112.00,6189.015
2025-10-01T21:00:00+00:00,111.99,112.01,111.62,111.74,10728.533
2025-10-01T21:15:00+00:00,111.73,112.15,111.56,111.94,32588.645
2025-10-01T21:30:00+00:00,111.94,112.13,111.72,111.97,24378.063
2025-10-01T21:45:00+00:00,111.97,112.36,111.91,112.34,8156.391
2025-10-01T22:00:00+00:00,112.35,112.55,112.27,112.28,19074.242
2025-10-01T22:15:00+00:00,112.29,112.70,112.23,112.66,13315.175
2025-10-01T22:30:00+00:00,112.67,112.88,112.43,112.85,27428.489
2025-10-01T22:45:00+00:00,112.85,115.00,112.85,114.80,198754.166
2025-10-01T23:00:00+00:00,114.80,114.90,113.93,114.89,79825.699
2025-10-01T23:15:00+00:00,114.89,115.03,114.43,114.67,44554.578
2025-10-01T23:30:00+00:00,114.67,115.01,114.46,114.99,36454.706
2025-10-01T23:45:00+00:00,115.00,115.31,114.77,115.06,42970.576
2025-10-02T00:00:00+00:00,115.06,116.69,115.06,116.63,102895.299
2025-10-02T00:15:00+00:00,116.63,117.98,116.17,117.59,148823.307
2025-10-02T00:30:00+00:00,117.58,118.12,117.26,117.81,112727.200
2025-10-02T00:45:00+00:00,117.80,118.37,117.51,117.97,110188.808
2025-10-02T01:00:00+00:00,117.97,118.60,117.70,118.28,111257.240
2025-10-02T01:15:00+00:00,118.28,119.81,118.22,119.50,111467.952
2025-10-02T01:30:00+00:00,119.51,120.03,119.31,119.64,110598.019
2025-10-02T01:45:00+00:00,119.64,121.45,119.62,121.29,137569.692
2025-10-02T02:00:00+00:00,121.29,121.48,119.60,119.80,111876.399
2025-10-02T02:15:00+00:00,119.79,121.21,119.72,120.85,103352.856
2025-10-02T02:30:00+00:00,120.86,121.14,120.39,120.78,56202.395
2025-10-02T02:45:00+00:00,120.77,121.23,117.78,118.32,315678.882
2025-10-02T03:00:00+00:00,118.32,118.70,117.90,118.47,96311.221
2025-10-02T03:15:00+00:00,118.47,119.10,118.27,118.96,49291.963
2025-10-02T03:30:00+00:00,118.96,118.97,117.66,117.91,75244.646
2025-10-02T03:45:00+00:00,117.91,118.64,117.81,118.40,50702.339
2025-10-02T04:00:00+00:00,118.41,118.57,118.01,118.13,29464.257
2025-10-02T04:15:00+00:00,118.12,118.25,117.54,117.87,45230.076
2025-10-02T04:30:00+00:00,117.87,117.93,117.38,117.79,41968.957
2025-10-02T04:45:00+00:00,117.79,118.13,117.56,117.84,30835.324
2025-10-02T05:00:00+00:00,117.84,118.15,117.66,117.89,27166.690
2025-10-02T05:15:00+00:00,117.90,118.63,117.87,118.40,23628.349
2025-10-02T05:30:00+00:00,118.41,118.45,117.90,118.01,19594.090
2025-10-02T05:45:00+00:00,118.01,118.08,117.70,117.84,21750.034
2025-10-02T06:00:00+00:00,117.83,118.29,117.83,118.22,14536.422
2025-10-02T06:15:00+00:00,118.23,118.43,118.22,118.33,17253.626
2025-10-02T06:30:00+00:00,118.32,118.44,117.92,118.04,29347.715
2025-10-02T06:45:00+00:00,118.03,118.11,117.90,117.91,9841.654
2025-10-02T07:00:00+00:00,117.92,119.49,117.88,119.43,102645.746
2025-10-02T07:15:00+00:00,119.43,120.11,118.82,118.86,115630.627
2025-10-02T07:30:00+00:00,118.85,118.99,118.55,118.98,26214.763
2025-10-02T07:45:00+00:00,118.97,119.40,118.94,119.33,32773.454
2025-10-02T08:00:00+00:00,119.34,119.93,118.73,118.74,56133.527
2025-10-02T08:15:00+00:00,118.75,119.32,118.72,118.98,34037.867
2025-10-02T08:30:00+00:00,118.98,119.39,118.77,118.86,38874.282
2025-10-02T08:45:00+00:00,118.87,119.26,118.74,119.10,22831.069
2025-10-02T09:00:00+00:00,119.10,119.40,118.93,119.28,22766.389
2025-10-02T09:15:00+00:00,119.29,119.39,119.06,119.36,10926.647
2025-10-02T09:30:00+00:00,119.37,119.39,118.79,118.94,16974.537
2025-10-02T09:45:00+00:00,118.94,120.12,118.94,120.11,75961.863
2025-10-02T10:00:00+00:00,120.11,120.89,119.93,120.69,56864.155
2025-10-02T10:15:00+00:00,120.69,120.99,120.13,120.40,40711.445
2025-10-02T10:30:00+00:00,120.41,122.49,120.36,122.42,146732.679
2025-10-02T10:45:00+00:00,122.41,122.52,121.40,122.07,91004.869
2025-10-02T11:00:00+00:00,122.08,122.58,121.77,121.85,72301.482
2025-10-02T11:15:00+00:00,121.85,122.28,121.71,122.09,40968.241
2025-10-02T11:30:00+00:00,122.09,122.65,121.27,121.40,67360.654
2025-10-02T11:45:00+00:00,121.40,121.71,119.63,119.82,177455.208
2025-10-02T12:00:00+00:00,119.82,120.20,119.28,120.12,81315.546
2025-10-02T12:15:00+00:00,120.13,120.19,119.84,120.06,28423.635
2025-10-02T12:30:00+00:00,120.05,120.15,119.69,119.81,25795.137
2025-10-02T12:45:00+00:00,119.81,120.03,119.71,119.77,24561.992
2025-10-02T13:00:00+00:00,119.78,119.83,119.06,119.29,60055.257
2025-10-02T13:15:00+00:00,119.29,119.66,118.70,119.43,53170.523
2025-10-02T13:30:00+00:00,119.43,119.45,117.94,118.50,139941.121
2025-10-02T13:45:00+00:00,118.49,118.86,118.19,118.61,50933.072
2025-10-02T14:00:00+00:00,118.61,119.10,118.56,118.83,57727.279
2025-10-02T14:15:00+00:00,118.85,118.99,118.51,118.70,26736.518
2025-10-02T14:30:00+00:00,118.69,118.86,117.62,118.19,85124.195
2025-10-02T14:45:00+00:00,118.20,118.47,117.03,117.66,124135.169
2025-10-02T15:00:00+00:00,117.65,118.54,117.38,118.44,81546.924
2025-10-02T15:15:00+00:00,118.44,118.50,117.82,117.95,48416.534
2025-10-02T15:30:00+00:00,117.95,118.25,117.52,117.96,28714.276
2025-10-02T15:45:00+00:00,117.97,119.16,117.96,118.75,92821.438
2025-10-02T16:00:00+00:00,118.75,119.61,118.64,119.03,80155.075
2025-10-02T16:15:00+00:00,119.03,119.43,118.88,119.30,33373.484
2025-10-02T16:30:00+00:00,119.31,119.65,117.73,118.49,97929.401
2025-10-02T16:45:00+00:00,118.50,119.29,118.48,119.13,43961.016
2025-10-02T17:00:00+00:00,119.12,119.24,118.58,118.87,20604.180
2025-10-02T17:15:00+00:00,118.87,118.88,118.45,118.67,19390.925
2025-10-02T17:30:00+00:00,118.67,119.22,118.55,119.02,30825.503
2025-10-02T17:45:00+00:00,119.03,119.32,118.92,119.13,20073.348
2025-10-02T18:00:00+00:00,119.13,119.40,119.07,119.29,23152.061
2025-10-02T18:15:00+00:00,119.29,119.44,119.04,119.39,27356.093
2025-10-02T18:30:00+00:00,119.39,119.60,119.22,119.32,30568.648
2025-10-02T18:45:00+00:00,119.32,119.82,119.14,119.18,78434.714
2025-10-02T19:00:00+00:00,119.19,119.64,118.94,119.51,31306.287
2025-10-02T19:15:00+00:00,119.51,119.54,119.05,119.14,27367.415
2025-10-02T19:30:00+00:00,119.14,119.57,119.09,119.51,13670.406
2025-10-02T19:45:00+00:00,119.52,119.82,119.36,119.39,30749.522
2025-10-02T20:00:00+00:00,119.40,119.66,119.24,119.47,15600.374
2025-10-02T20:15:00+00:00,119.48,119.84,119.35,119.71,14458.901
2025-10-02T20:30:00+00:00,119.71,119.71,119.41,119.65,17159.581
2025-10-02T20:45:00+00:00,119.65,119.96,119.50,119.84,18579.277
2025-10-02T21:00:00+00:00,119.84,120.13,119.57,120.00,22653.793
2025-10-02T21:15:00+00:00,120.00,120.08,119.76,119.95,16965.713
2025-10-02T21:30:00+00:00,119.96,119.99,119.40,119.45,18687.673
2025-10-02T21:45:00+00:00,119.46,119.99,119.41,119.84,26961.885
2025-10-02T22:00:00+00:00,119.84,119.92,119.02,119.17,23334.119
2025-10-02T22:15:00+00:00,119.18,119.28,118.96,119.24,26857.038
2025-10-02T22:30:00+00:00,119.25,119.42,119.07,119.28,12517.769
2025-10-02T22:45:00+00:00,119.29,119.33,118.91,118.99,15946.045
2025-10-02T23:00:00+00:00,119.00,119.35,118.96,119.25,13580.601
2025-10-02T23:15:00+00:00,119.26,119.41,119.16,119.30,12015.276
2025-10-02T23:30:00+00:00,119.30,119.40,119.11,119.16,13486.982
2025-10-02T23:45:00+00:00,119.16,119.64,119.08,119.50,11911.038
2025-10-03T00:00:00+00:00,119.50,119.50,118.58,118.84,32417.833
2025-10-03T00:15:00+00:00,118.85,119.16,118.49,118.80,32723.681
2025-10-03T00:30:00+00:00,118.80,118.81,118.32,118.42,23577.309
2025-10-03T00:45:00+00:00,118.42,118.50,117.81,118.17,71141.395
2025-10-03T01:00:00+00:00,118.17,118.29,118.00,118.04,27034.482
2025-10-03T01:15:00+00:00,118.05,118.32,117.78,117.93,22266.513
2025-10-03T01:30:00+00:00,117.94,118.43,117.87,118.07,19107.692
2025-10-03T01:45:00+00:00,118.07,118.13,117.62,117.76,28792.160
2025-10-03T02:00:00+00:00,117.76,117.88,117.46,117.86,28139.245
2025-10-03T02:15:00+00:00,117.86,117.99,117.44,117.46,15804.372
2025-10-03T02:30:00+00:00,117.46,117.95,117.18,117.77,30708.726
2025-10-03T02:45:00+00:00,117.77,117.77,117.42,117.51,17086.880
2025-10-03T03:00:00+00:00,117.51,118.16,117.42,118.01,27003.781
2025-10-03T03:15:00+00:00,118.00,118.25,117.41,117.55,24104.281
2025-10-03T03:30:00+00:00,117.55,117.86,117.49,117.70,20176.380
2025-10-03T03:45:00+00:00,117.70,117.89,117.13,117.36,33275.033
2025-10-03T04:00:00+00:00,117.35,117.84,117.21,117.71,15733.849
2025-10-03T04:15:00+00:00,117.71,118.50,117.60,117.98,31268.903
2025-10-03T04:30:00+00:00,117.99,118.01,117.78,117.90,20050.811
2025-10-03T04:45:00+00:00,117.90,117.93,117.61,117.78,14982.133
2025-10-03T05:00:00+00:00,117.77,117.85,117.56,117.75,9509.593
2025-10-03T05:15:00+00:00,117.75,117.82,117.58,117.61,11285.821
2025-10-03T05:30:00+00:00,117.61,117.68,117.27,117.33,9850.219
2025-10-03T05:45:00+00:00,117.33,117.67,117.00,117.23,51917.945
2025-10-03T06:00:00+00:00,117.23,117.37,116.53,117.07,105877.718
2025-10-03T06:15:00+00:00,117.07,117.12,116.75,117.03,25315.006
2025-10-03T06:30:00+00:00,117.03,117.22,116.95,117.10,15685.500
2025-10-03T06:45:00+00:00,117.09,117.09,116.31,116.77,32547.839
2025-10-03T07:00:00+00:00,116.78,116.94,116.08,116.23,66324.574
2025-10-03T07:15:00+00:00,116.22,116.60,116.19,116.21,27676.206
2025-10-03T07:30:00+00:00,116.21,116.48,116.03,116.05,22807.857
2025-10-03T07:45:00+00:00,116.04,116.48,115.90,116.40,43399.231
2025-10-03T08:00:00+00:00,116.40,116.41,116.06,116.13,18101.480
2025-10-03T08:15:00+00:00,116.12,116.30,115.73,116.27,35504.960
2025-10-03T08:30:00+00:00,116.28,116.67,116.14,116.67,20887.351
2025-10-03T08:45:00+00:00,116.67,116.93,116.66,116.77,24980.811
2025-10-03T09:00:00+00:00,116.78,117.05,116.65,116.72,25889.400
2025-10-03T09:15:00+00:00,116.73,117.16,116.68,117.08,24068.775
2025-10-03T09:30:00+00:00,117.07,117.12,116.71,117.02,25426.020
2025-10-03T09:45:00+00:00,117.03,117.27,117.02,117.11,13476.168
2025-10-03T10:00:00+00:00,117.12,117.23,117.03,117.11,21051.179
2025-10-03T10:15:00+00:00,117.12,117.54,117.10,117.40,22257.094
2025-10-03T10:30:00+00:00,117.41,117.49,117.07,117.33,23573.474
2025-10-03T10:45:00+00:00,117.34,117.37,117.17,117.31,7393.596
2025-10-03T11:00:00+00:00,117.32,117.44,117.01,117.17,20124.071
2025-10-03T11:15:00+00:00,117.18,117.49,117.02,117.39,26077.529
2025-10-03T11:30:00+00:00,117.40,117.66,117.26,117.28,21586.085
2025-10-03T11:45:00+00:00,117.29,117.38,117.15,117.38,12165.037
2025-10-03T12:00:00+00:00,117.37,117.51,117.26,117.50,8689.299
2025-10-03T12:15:00+00:00,117.50,118.07,117.47,117.98,56236.357
2025-10-03T12:30:00+00:00,117.98,118.30,117.62,118.23,24811.073
2025-10-03T12:45:00+00:00,118.22,118.22,117.83,117.99,15378.713
2025-10-03T13:00:00+00:00,117.99,118.14,117.72,118.06,26754.372
2025-10-03T13:15:00+00:00,118.06,118.42,117.92,118.14,32158.902
2025-10-03T13:30:00+00:00,118.14,118.34,117.77,118.00,24870.667
2025-10-03T13:45:00+00:00,117.99,118.34,117.92,117.98,34333.918
2025-10-03T14:00:00+00:00,117.97,118.01,117.56,117.76,36616.525
2025-10-03T14:15:00+00:00,117.75,118.20,117.35,118.07,48288.684
2025-10-03T14:30:00+00:00,118.07,118.71,117.88,118.52,36004.213
2025-10-03T14:45:00+00:00,118.51,119.99,118.42,118.98,120408.039
2025-10-03T15:00:00+00:00,118.97,119.11,118.69,118.99,31876.927
2025-10-03T15:15:00+00:00,118.99,119.50,118.99,119.08,43190.544
2025-10-03T15:30:00+00:00,119.07,119.72,119.07,119.71,38642.834
2025-10-03T15:45:00+00:00,119.71,120.15,119.49,119.98,35543.025
2025-10-03T16:00:00+00:00,119.98,120.28,119.84,120.06,45834.285
2025-10-03T16:15:00+00:00,120.06,120.99,120.03,120.92,67795.822
2025-10-03T16:30:00+00:00,120.93,121.05,120.43,120.72,63156.484
2025-10-03T16:45:00+00:00,120.73,120.86,119.94,120.40,68064.645
2025-10-03T17:00:00+00:00,120.39,121.91,118.26,121.14,262462.549
2025-10-03T17:15:00+00:00,121.12,122.06,120.58,121.90,129408.583
2025-10-03T17:30:00+00:00,121.90,123.06,121.13,122.92,139340.745
2025-10-03T17:45:00+00:00,122.93,123.07,121.34,121.41,121350.162
2025-10-03T18:00:00+00:00,121.42,122.00,120.92,121.81,53251.747
2025-10-03T18:15:00+00:00,121.81,123.03,121.52,122.64,59337.895
2025-10-03T18:30:00+00:00,122.64,122.99,122.10,122.99,39241.283
2025-10-03T18:45:00+00:00,122.99,124.87,122.77,123.31,197847.569
2025-10-03T19:00:00+00:00,123.32,123.85,122.79,123.05,72836.221
2025-10-03T19:15:00+00:00,123.05,123.42,122.38,122.56,55615.099
2025-10-03T19:30:00+00:00,122.56,123.24,122.56,122.68,31459.517
2025-10-03T19:45:00+00:00,122.68,122.73,122.13,122.38,38803.984
2025-10-03T20:00:00+00:00,122.39,122.43,121.41,121.68,88151.435
2025-10-03T20:15:00+00:00,121.69,121.92,121.51,121.54,13014.957
2025-10-03T20:30:00+00:00,121.55,122.14,121.55,122.13,14369.678
2025-10-03T20:45:00+00:00,122.14,122.49,121.85,122.46,13303.413
2025-10-03T21:00:00+00:00,122.45,122.52,121.63,121.67,17450.804
2025-10-03T21:15:00+00:00,121.68,121.78,121.46,121.73,11754.663
2025-10-03T21:30:00+00:00,121.73,121.87,121.42,121.43,8138.931
2025-10-03T21:45:00+00:00,121.43,121.68,120.99,121.45,27561.451
2025-10-03T22:00:00+00:00,121.46,121.65,121.24,121.37,12562.568
2025-10-03T22:15:00+00:00,121.37,121.41,120.85,120.97,17688.472
2025-10-03T22:30:00+00:00,120.97,121.10,120.74,120.86,22062.725
2025-10-03T22:45:00+00:00,120.86,120.93,120.56,120.86,19191.604
2025-10-03T23:00:00+00:00,120.86,120.92,120.59,120.60,15001.976
2025-10-03T23:15:00+00:00,120.60,120.68,120.40,120.48,27504.506
2025-10-03T23:30:00+00:00,120.47,120.60,120.33,120.44,14950.173
2025-10-03T23:45:00+00:00,120.44,120.53,120.22,120.52,12652.344
2025-10-04T00:00:00+00:00,120.53,120.97,120.52,120.61,29449.350
2025-10-04T00:15:00+00:00,120.61,120.81,120.32,120.32,16042.542
2025-10-04T00:30:00+00:00,120.33,120.47,120.11,120.25,21937.471
2025-10-04T00:45:00+00:00,120.24,120.44,120.20,120.39,11503.442
2025-10-04T01:00:00+00:00,120.40,120.48,119.90,120.04,26963.349
2025-10-04T01:15:00+00:00,120.05,120.09,119.69,119.87,35126.680
2025-10-04T01:30:00+00:00,119.88,119.95,118.97,119.71,112396.633
2025-10-04T01:45:00+00:00,119.71,119.77,119.53,119.65,16822.733
2025-10-04T02:00:00+00:00,119.65,119.90,119.13,119.27,20701.225
2025-10-04T02:15:00+00:00,119.26,119.49,119.04,119.45,19857.527
2025-10-04T02:30:00+00:00,119.46,119.93,119.39,119.82,19218.460
2025-10-04T02:45:00+00:00,119.82,120.18,119.71,119.75,20265.225
2025-10-04T03:00:00+00:00,119.75,119.92,119.50,119.54,12461.082
2025-10-04T03:15:00+00:00,119.54,119.70,119.38,119.67,11064.851
2025-10-04T03:30:00+00:00,119.67,119.88,119.59,119.64,14472.231
2025-10-04T03:45:00+00:00,119.65,119.65,119.30,119.44,11923.634
2025-10-04T04:00:00+00:00,119.44,119.46,119.20,119.24,16238.379
2025-10-04T04:15:00+00:00,119.24,119.25,118.95,119.08,13734.403
2025-10-04T04:30:00+00:00,119.08,119.29,118.98,119.23,11499.534
2025-10-04T04:45:00+00:00,119.23,119.31,119.02,119.07,6771.797
2025-10-04T05:00:00+00:00,119.07,119.48,118.98,119.37,16591.719
2025-10-04T05:15:00+00:00,119.37,119.43,119.14,119.22,15533.170
2025-10-04T05:30:00+00:00,119.22,119.22,118.83,118.91,13814.699
2025-10-04T05:45:00+00:00,118.91,119.05,118.80,118.88,6718.607
2025-10-04T06:00:00+00:00,118.88,119.19,118.87,119.16,13782.869
2025-10-04T06:15:00+00:00,119.17,119.55,119.15,119.29,21365.645
2025-10-04T06:30:00+00:00,119.30,119.60,119.23,119.26,19272.852
2025-10-04T06:45:00+00:00,119.26,119.31,119.01,119.06,11099.564
2025-10-04T07:00:00+00:00,119.07,119.18,118.81,118.81,9753.516
2025-10-04T07:15:00+00:00,118.81,118.92,118.54,118.60,18469.710
2025-10-04T07:30:00+00:00,118.60,118.74,118.54,118.58,11351.286
2025-10-04T07:45:00+00:00,118.58,118.59,118.20,118.46,32179.731
2025-10-04T08:00:00+00:00,118.47,118.70,118.46,118.52,21129.516
2025-10-04T08:15:00+00:00,118.51,118.60,118.30,118.53,10605.725
2025-10-04T08:30:00+00:00,118.54,118.54,118.10,118.27,24631.963
2025-10-04T08:45:00+00:00,118.26,118.45,118.19,118.35,12380.428
2025-10-04T09:00:00+00:00,118.34,118.57,118.19,118.52,13295.641
2025-10-04T09:15:00+00:00,118.52,118.65,118.38,118.56,10309.181
2025-10-04T09:30:00+00:00,118.55,118.60,118.43,118.46,9789.792
2025-10-04T09:45:00+00:00,118.46,118.48,118.25,118.27,10084.543
2025-10-04T10:00:00+00:00,118.28,118.76,118.19,118.60,22529.735
2025-10-04T10:15:00+00:00,118.59,118.83,118.36,118.74,15207.474
2025-10-04T10:30:00+00:00,118.75,118.89,118.32,118.42,20284.346
2025-10-04T10:45:00+00:00,118.42,118.49,118.01,118.20,36571.539
2025-10-04T11:00:00+00:00,118.20,118.32,117.92,117.99,17637.644
2025-10-04T11:15:00+00:00,117.99,118.08,117.71,117.91,26057.527
2025-10-04T11:30:00+00:00,117.91,118.00,117.63,117.78,14009.858
2025-10-04T11:45:00+00:00,117.78,118.13,117.77,117.77,12644.765
2025-10-04T12:00:00+00:00,117.77,118.10,117.74,117.95,10929.514
2025-10-04T12:15:00+00:00,117.96,118.22,117.90,118.00,13919.298
2025-10-04T12:30:00+00:00,117.99,118.05,117.81,117.91,14381.127
2025-10-04T12:45:00+00:00,117.90,118.11,117.84,117.98,10217.251
2025-10-04T13:00:00+00:00,117.98,118.68,117.98,118.41,49411.746
2025-10-04T13:15:00+00:00,118.40,118.67,118.28,118.45,22181.481
2025-10-04T13:30:00+00:00,118.44,118.54,118.27,118.35,15517.234
2025-10-04T13:45:00+00:00,118.36,118.46,118.24,118.33,9560.465
2025-10-04T14:00:00+00:00,118.33,118.80,118.30,118.79,18386.780
2025-10-04T14:15:00+00:00,118.79,118.85,118.42,118.56,15665.237
2025-10-04T14:30:00+00:00,118.56,118.71,118.47,118.50,9379.802
2025-10-04T14:45:00+00:00,118.50,118.50,117.81,117.83,21165.065
2025-10-04T15:00:00+00:00,117.82,118.13,117.68,117.83,21453.780
2025-10-04T15:15:00+00:00,117.83,118.13,117.55,117.69,33803.421
2025-10-04T15:30:00+00:00,117.68,117.91,117.39,117.76,38219.377
2025-10-04T15:45:00+00:00,117.77,118.05,117.53,117.76,14290.093
2025-10-04T16:00:00+00:00,117.77,118.09,117.70,118.03,15754.382
2025-10-04T16:15:00+00:00,118.04,118.36,118.00,118.22,20684.102
2025-10-04T16:30:00+00:00,118.22,118.67,118.21,118.40,18583.506
2025-10-04T16:45:00+00:00,118.39,118.66,118.31,118.63,14161.992
2025-10-04T17:00:00+00:00,118.62,118.64,118.20,118.24,15999.994
2025-10-04T17:15:00+00:00,118.24,118.43,118.21,118.28,8358.434
2025-10-04T17:30:00+00:00,118.28,118.40,118.00,118.07,11197.338
2025-10-04T17:45:00+00:00,118.06,118.33,118.04,118.30,6480.793
2025-10-04T18:00:00+00:00,118.30,118.54,118.21,118.45,10313.212
2025-10-04T18:15:00+00:00,118.45,118.49,118.27,118.49,5594.651
2025-10-04T18:30:00+00:00,118.48,118.61,118.39,118.59,7248.958
2025-10-04T18:45:00+00:00,118.58,118.59,118.37,118.49,7056.317
2025-10-04T19:00:00+00:00,118.49,119.19,118.48,119.18,27751.019
2025-10-04T19:15:00+00:00,119.18,119.23,118.92,119.02,12590.885
2025-10-04T19:30:00+00:00,119.02,119.04,118.73,118.90,24338.121
2025-10-04T19:45:00+00:00,118.91,118.93,118.74,118.74,7087.040
2025-10-04T20:00:00+00:00,118.74,119.12,118.74,119.10,10778.070
2025-10-04T20:15:00+00:00,119.11,119.18,118.96,119.07,10414.978
2025-10-04T20:30:00+00:00,119.07,119.20,118.92,119.07,21626.133
2025-10-04T20:45:00+00:00,119.07,119.18,118.94,119.00,5596.793
2025-10-04T21:00:00+00:00,119.01,119.40,119.00,119.40,8951.451
2025-10-04T21:15:00+00:00,119.40,119.53,119.20,119.23,18099.395
2025-10-04T21:30:00+00:00,119.24,119.25,119.05,119.14,6447.485
2025-10-04T21:45:00+00:00,119.14,119.44,119.14,119.38,11770.774
2025-10-04T22:00:00+00:00,119.39,119.72,119.38,119.69,15901.798
2025-10-04T22:15:00+00:00,119.69,119.93,119.57,119.86,12596.207
2025-10-04T22:30:00+00:00,119.86,120.08,119.77,119.98,19409.985
2025-10-04T22:45:00+00:00,119.97,120.08,119.86,119.93,14907.367
2025-10-04T23:00:00+00:00,119.94,120.23,119.83,120.12,21721.246
2025-10-04T23:15:00+00:00,120.13,120.32,120.02,120.13,12123.476
2025-10-04T23:30:00+00:00,120.12,120.41,119.92,120.35,17628.234
2025-10-04T23:45:00+00:00,120.36,120.50,120.22,120.43,15620.770
2025-10-05T00:00:00+00:00,120.43,120.78,120.12,120.43,28268.409
2025-10-05T00:15:00+00:00,120.43,121.55,120.36,121.37,40432.767
2025-10-05T00:30:00+00:00,121.37,121.90,120.99,121.04,51442.290
2025-10-05T00:45:00+00:00,121.03,121.16,120.27,120.71,36234.863
2025-10-05T01:00:00+00:00,120.70,121.84,120.47,121.55,39885.033
2025-10-05T01:15:00+00:00,121.55,121.80,121.14,121.41,29305.321
2025-10-05T01:30:00+00:00,121.42,121.66,121.07,121.34,20044.690
2025-10-05T01:45:00+00:00,121.34,122.11,121.33,121.96,31866.114
2025-10-05T02:00:00+00:00,121.95,122.09,121.67,121.92,19233.842
2025-10-05T02:15:00+00:00,121.91,122.63,121.77,122.62,41726.785
2025-10-05T02:30:00+00:00,122.63,123.75,122.61,123.45,97317.834
2025-10-05T02:45:00+00:00,123.44,124.13,123.42,123.83,61891.233
2025-10-05T03:00:00+00:00,123.84,124.14,123.42,123.83,49200.932
2025-10-05T03:15:00+00:00,123.84,124.11,123.00,123.34,52968.781
2025-10-05T03:30:00+00:00,123.34,124.03,123.34,123.77,34979.512
2025-10-05T03:45:00+00:00,123.77,123.91,122.31,122.67,81576.204
2025-10-05T04:00:00+00:00,122.66,122.83,121.53,121.69,85385.891
2025-10-05T04:15:00+00:00,121.68,121.88,121.30,121.38,58581.475
2025-10-05T04:30:00+00:00,121.37,121.37,120.82,121.15,58531.045
2025-10-05T04:45:00+00:00,121.15,122.04,121.08,121.19,83603.899
2025-10-05T05:00:00+00:00,121.19,121.57,120.47,120.87,67594.315
2025-10-05T05:15:00+00:00,120.87,121.18,120.63,121.09,24404.834
2025-10-05T05:30:00+00:00,121.10,121.44,120.90,121.30,31617.470
2025-10-05T05:45:00+00:00,121.30,121.68,121.03,121.57,33632.015
2025-10-05T06:00:00+00:00,121.57,121.80,121.45,121.59,37397.955
2025-10-05T06:15:00+00:00,121.59,121.63,121.30,121.34,22300.648
2025-10-05T06:30:00+00:00,121.35,121.44,120.84,121.10,14340.113
2025-10-05T06:45:00+00:00,121.10,121.22,120.83,120.99,14546.753
2025-10-05T07:00:00+00:00,120.98,121.54,120.98,121.37,20129.981
2025-10-05T07:15:00+00:00,121.37,122.41,121.37,121.94,53342.151
2025-10-05T07:30:00+00:00,121.93,122.14,121.87,121.99,14820.030
2025-10-05T07:45:00+00:00,121.99,122.22,121.90,122.05,21743.097
2025-10-05T08:00:00+00:00,122.04,122.52,121.96,122.09,29515.703
2025-10-05T08:15:00+00:00,122.09,122.13,121.57,121.98,40253.677
2025-10-05T08:30:00+00:00,121.98,122.07,121.70,122.04,14580.608
2025-10-05T08:45:00+00:00,122.03,122.13,121.68,122.01,23163.241
2025-10-05T09:00:00+00:00,122.01,122.02,121.66,121.71,16870.297
2025-10-05T09:15:00+00:00,121.70,121.85,121.43,121.54,23698.023
2025-10-05T09:30:00+00:00,121.54,121.63,120.66,120.80,81039.471
2025-10-05T09:45:00+00:00,120.80,121.08,120.51,120.76,28074.012
2025-10-05T10:00:00+00:00,120.76,120.93,120.05,120.67,55396.401
2025-10-05T10:15:00+00:00,120.67,120.94,120.39,120.47,23464.535
2025-10-05T10:30:00+00:00,120.47,120.47,119.88,120.08,34307.916
2025-10-05T10:45:00+00:00,120.08,120.18,119.88,120.01,21693.167
2025-10-05T11:00:00+00:00,120.01,120.10,119.55,119.71,41969.796
2025-10-05T11:15:00+00:00,119.71,120.37,119.65,120.19,20277.040
2025-10-05T11:30:00+00:00,120.18,120.22,119.97,120.09,13023.546
2025-10-05T11:45:00+00:00,120.09,120.32,119.99,120.03,11466.584
2025-10-05T12:00:00+00:00,120.02,120.04,119.50,119.83,22753.085
2025-10-05T12:15:00+00:00,119.83,120.02,119.68,119.74,13779.575
2025-10-05T12:30:00+00:00,119.73,119.89,119.33,119.68,25114.808
2025-10-05T12:45:00+00:00,119.68,119.95,119.61,119.70,11338.894
2025-10-05T13:00:00+00:00,119.71,120.03,119.66,120.00,15928.699
2025-10-05T13:15:00+00:00,120.00,120.03,119.72,120.01,12142.569
2025-10-05T13:30:00+00:00,120.01,120.35,119.91,120.24,19526.220
2025-10-05T13:45:00+00:00,120.25,120.42,120.18,120.29,16675.313
2025-10-05T14:00:00+00:00,120.28,120.54,120.15,120.50,13757.121
2025-10-05T14:15:00+00:00,120.49,120.53,119.99,120.15,15716.495
2025-10-05T14:30:00+00:00,120.14,120.19,119.68,119.84,23046.980
2025-10-05T14:45:00+00:00,119.83,120.00,119.60,119.95,14886.281
2025-10-05T15:00:00+00:00,119.94,120.03,119.64,119.85,12090.884
2025-10-05T15:15:00+00:00,119.85,119.88,119.60,119.68,11966.371
2025-10-05T15:30:00+00:00,119.67,119.76,119.48,119.67,28218.603
2025-10-05T15:45:00+00:00,119.66,119.79,119.58,119.76,8395.595
2025-10-05T16:00:00+00:00,119.76,120.28,119.72,120.07,15458.572
2025-10-05T16:15:00+00:00,120.07,120.08,119.82,119.90,9637.867
2025-10-05T16:30:00+00:00,119.90,119.90,119.48,119.53,20807.664
2025-10-05T16:45:00+00:00,119.52,119.98,119.13,119.90,47929.760
2025-10-05T17:00:00+00:00,119.90,120.08,119.60,119.65,16244.333
2025-10-05T17:15:00+00:00,119.65,119.90,119.65,119.90,5146.326
2025-10-05T17:30:00+00:00,119.90,119.90,119.51,119.57,10302.407
2025-10-05T17:45:00+00:00,119.56,119.57,119.14,119.23,15473.496
2025-10-05T18:00:00+00:00,119.22,119.37,118.74,118.91,34500.027
2025-10-05T18:15:00+00:00,118.91,119.19,118.86,119.14,20433.012
2025-10-05T18:30:00+00:00,119.14,119.37,119.13,119.19,9472.745
2025-10-05T18:45:00+00:00,119.20,119.43,119.09,119.38,8091.816
2025-10-05T19:00:00+00:00,119.38,119.42,118.46,118.75,30702.126
2025-10-05T19:15:00+00:00,118.74,119.10,118.60,118.80,18855.514
2025-10-05T19:30:00+00:00,118.80,118.83,118.48,118.51,15581.701
2025-10-05T19:45:00+00:00,118.51,118.75,118.25,118.54,26638.365
2025-10-05T20:00:00+00:00,118.54,118.98,118.42,118.80,20303.095
2025-10-05T20:15:00+00:00,118.80,118.97,118.45,118.68,15601.896
2025-10-05T20:30:00+00:00,118.68,119.02,118.67,118.83,19928.923
2025-10-05T20:45:00+00:00,118.83,119.04,118.81,118.82,6609.805
2025-10-05T21:00:00+00:00,118.81,118.95,118.54,118.54,9985.204
2025-10-05T21:15:00+00:00,118.54,118.71,118.48,118.54,9154.466
2025-10-05T21:30:00+00:00,118.53,118.68,118.44,118.61,5452.960
2025-10-05T21:45:00+00:00,118.61,118.63,118.49,118.55,3921.171
2025-10-05T22:00:00+00:00,118.55,118.92,118.52,118.55,13244.086
2025-10-05T22:15:00+00:00,118.55,118.70,118.50,118.61,8465.004
2025-10-05T22:30:00+00:00,118.60,118.66,118.47,118.55,5825.721
2025-10-05T22:45:00+00:00,118.55,118.66,118.46,118.55,6785.732
2025-10-05T23:00:00+00:00,118.54,118.94,118.52,118.66,26823.885
2025-10-05T23:15:00+00:00,118.65,118.91,118.65,118.85,8258.355
2025-10-05T23:30:00+00:00,118.84,118.93,118.68,118.71,9157.170
2025-10-05T23:45:00+00:00,118.70,118.90,118.61,118.78,5955.906
2025-10-06T00:00:00+00:00,118.78,119.14,118.58,119.05,22108.749
2025-10-06T00:15:00+00:00,119.06,119.92,118.50,118.81,58299.530
2025-10-06T00:30:00+00:00,118.80,118.88,118.45,118.82,21312.992
2025-10-06T00:45:00+00:00,118.82,118.96,118.03,118.32,33218.796
2025-10-06T01:00:00+00:00,118.33,118.75,118.03,118.59,20252.686
2025-10-06T01:15:00+00:00,118.58,119.36,118.40,119.17,19258.648
2025-10-06T01:30:00+00:00,119.18,119.51,118.94,119.05,29310.630
2025-10-06T01:45:00+00:00,119.05,119.30,118.91,119.17,11904.183
2025-10-06T02:00:00+00:00,119.16,119.75,119.15,119.65,45985.555
2025-10-06T02:15:00+00:00,119.65,120.35,119.62,120.01,53285.299
2025-10-06T02:30:00+00:00,120.00,120.19,119.29,119.67,47202.799
2025-10-06T02:45:00+00:00,119.66,120.43,119.66,120.20,29954.861
2025-10-06T03:00:00+00:00,120.21,120.35,120.06,120.25,14297.056
2025-10-06T03:15:00+00:00,120.24,121.08,120.11,121.01,34730.241
2025-10-06T03:30:00+00:00,121.01,121.21,120.62,121.14,33703.967
2025-10-06T03:45:00+00:00,121.15,121.15,120.60,120.60,14914.908
2025-10-06T04:00:00+00:00,120.60,120.76,120.14,120.37,20937.528
2025-10-06T04:15:00+00:00,120.38,120.65,120.32,120.51,10779.403
2025-10-06T04:30:00+00:00,120.52,120.59,120.00,120.04,14853.223
2025-10-06T04:45:00+00:00,120.04,120.11,119.64,119.69,26866.329
2025-10-06T05:00:00+00:00,119.69,119.93,119.37,119.40,23405.895
2025-10-06T05:15:00+00:00,119.40,120.74,119.39,120.62,18432.186
2025-10-06T05:30:00+00:00,120.63,120.79,120.36,120.41,18121.444
2025-10-06T05:45:00+00:00,120.41,120.87,120.40,120.85,14318.423
2025-10-06T06:00:00+00:00,120.85,121.43,120.82,120.86,38143.136
2025-10-06T06:15:00+00:00,120.85,120.90,120.35,120.61,18804.413
2025-10-06T06:30:00+00:00,120.62,121.02,120.42,120.63,27579.891
2025-10-06T06:45:00+00:00,120.64,120.67,120.09,120.49,19020.709
2025-10-06T07:00:00+00:00,120.48,120.62,120.24,120.59,12960.008
2025-10-06T07:15:00+00:00,120.58,120.60,120.15,120.26,11260.712
2025-10-06T07:30:00+00:00,120.27,120.28,119.75,119.94,31459.281
2025-10-06T07:45:00+00:00,119.94,120.04,119.73,119.82,15096.352
2025-10-06T08:00:00+00:00,119.83,120.05,119.67,119.77,16644.817
2025-10-06T08:15:00+00:00,119.77,120.17,119.65,120.11,12532.270
2025-10-06T08:30:00+00:00,120.12,120.44,120.11,120.19,18215.772
2025-10-06T08:45:00+00:00,120.18,120.22,119.97,120.16,8747.415
2025-10-06T09:00:00+00:00,120.17,120.55,120.14,120.31,14882.228
2025-10-06T09:15:00+00:00,120.31,120.66,120.21,120.57,13924.501
2025-10-06T09:30:00+00:00,120.57,120.57,120.27,120.35,13932.158
2025-10-06T09:45:00+00:00,120.35,120.68,120.29,120.64,13274.575
2025-10-06T10:00:00+00:00,120.64,120.87,120.44,120.64,11558.938
2025-10-06T10:15:00+00:00,120.65,120.68,120.26,120.32,11881.204
2025-10-06T10:30:00+00:00,120.33,120.41,120.03,120.07,10248.668
2025-10-06T10:45:00+00:00,120.08,120.34,120.03,120.08,10852.829
2025-10-06T11:00:00+00:00,120.07,120.12,119.74,119.91,24671.958
2025-10-06T11:15:00+00:00,119.90,120.32,119.88,120.27,14491.052
2025-10-06T11:30:00+00:00,120.28,120.33,119.83,120.00,23488.593
2025-10-06T11:45:00+00:00,120.01,120.11,119.87,119.88,11642.472
2025-10-06T12:00:00+00:00,119.88,120.14,119.73,120.05,32047.310
2025-10-06T12:15:00+00:00,120.05,120.44,119.98,119.99,17414.060
2025-10-06T12:30:00+00:00,119.99,120.04,119.77,119.81,31289.928
2025-10-06T12:45:00+00:00,119.80,119.92,119.63,119.75,16559.069
2025-10-06T13:00:00+00:00,119.74,120.09,119.62,119.94,29516.820
2025-10-06T13:15:00+00:00,119.93,120.14,119.64,120.01,46720.848
2025-10-06T13:30:00+00:00,120.02,120.56,119.73,119.93,51321.375
2025-10-06T13:45:00+00:00,119.92,120.48,119.71,120.39,21523.643
2025-10-06T14:00:00+00:00,120.40,120.74,120.18,120.37,35918.627
2025-10-06T14:15:00+00:00,120.37,120.48,119.68,120.22,31294.063
2025-10-06T14:30:00+00:00,120.23,120.53,119.88,120.04,27240.820
2025-10-06T14:45:00+00:00,120.05,120.27,119.80,120.03,30445.933
2025-10-06T15:00:00+00:00,120.02,120.36,119.88,120.27,30474.650
2025-10-06T15:15:00+00:00,120.28,121.14,120.25,121.10,43527.871
2025-10-06T15:30:00+00:00,121.09,121.33,120.54,120.69,49517.656
2025-10-06T15:45:00+00:00,120.69,120.70,120.40,120.49,21777.114
2025-10-06T16:00:00+00:00,120.49,120.65,119.08,119.38,69354.276
2025-10-06T16:15:00+00:00,119.38,119.55,118.72,118.90,69576.805
2025-10-06T16:30:00+00:00,118.89,119.48,118.87,119.47,39048.473
2025-10-06T16:45:00+00:00,119.47,119.58,119.24,119.53,35341.821
2025-10-06T17:00:00+00:00,119.53,119.79,119.29,119.67,42306.530
2025-10-06T17:15:00+00:00,119.68,120.18,119.46,120.05,36831.653
2025-10-06T17:30:00+00:00,120.05,120.10,119.36,119.67,36594.169
2025-10-06T17:45:00+00:00,119.67,120.10,119.42,119.66,25054.792
2025-10-06T18:00:00+00:00,119.66,119.73,119.22,119.36,54240.721
2025-10-06T18:15:00+00:00,119.37,119.73,119.37,119.61,9976.041
2025-10-06T18:30:00+00:00,119.60,119.86,119.47,119.83,13154.640
2025-10-06T18:45:00+00:00,119.82,120.52,119.79,120.17,39042.747
2025-10-06T19:00:00+00:00,120.16,120.16,119.68,119.78,24327.911
2025-10-06T19:15:00+00:00,119.79,120.25,119.67,120.06,18794.453
2025-10-06T19:30:00+00:00,120.06,120.20,119.74,119.82,17412.762
2025-10-06T19:45:00+00:00,119.81,119.98,119.76,119.82,9064.614
2025-10-06T20:00:00+00:00,119.81,120.14,119.79,119.83,14474.939
2025-10-06T20:15:00+00:00,119.82,119.83,119.31,119.38,35051.526
2025-10-06T20:30:00+00:00,119.37,119.74,119.33,119.48,24308.995
2025-10-06T20:45:00+00:00,119.48,119.70,119.43,119.61,21662.504
2025-10-06T21:00:00+00:00,119.60,119.60,119.09,119.13,18175.613
2025-10-06T21:15:00+00:00,119.12,119.30,118.78,119.06,42559.358
2025-10-06T21:30:00+00:00,119.06,119.23,118.73,119.16,24915.884
2025-10-06T21:45:00+00:00,119.16,119.23,118.54,118.99,18147.199
2025-10-06T22:00:00+00:00,119.00,119.11,118.72,118.99,17986.901
2025-10-06T22:15:00+00:00,118.98,118.98,118.61,118.74,17054.167
2025-10-06T22:30:00+00:00,118.73,118.84,118.26,118.35,35541.367
2025-10-06T22:45:00+00:00,118.34,118.49,118.00,118.41,31375.637
2025-10-06T23:00:00+00:00,118.40,118.48,118.18,118.20,14604.611
2025-10-06T23:15:00+00:00,118.20,118.41,118.04,118.33,18759.775
2025-10-06T23:30:00+00:00,118.32,118.71,118.23,118.59,16686.882
2025-10-06T23:45:00+00:00,118.59,118.63,118.18,118.25,21352.419
2025-10-07T00:00:00+00:00,118.25,118.31,117.58,117.92,53260.883
2025-10-07T00:15:00+00:00,117.92,118.07,117.82,117.99,18007.656
2025-10-07T00:30:00+00:00,117.98,118.35,117.89,118.22,28672.411
2025-10-07T00:45:00+00:00,118.21,118.60,117.86,118.59,15899.359
2025-10-07T01:00:00+00:00,118.60,118.99,118.51,118.82,23853.739
2025-10-07T01:15:00+00:00,118.81,118.94,118.43,118.76,34507.433
2025-10-07T01:30:00+00:00,118.76,118.84,118.40,118.47,16761.555
2025-10-07T01:45:00+00:00,118.47,118.50,117.94,118.05,16928.874
2025-10-07T02:00:00+00:00,118.05,118.26,118.01,118.12,17381.508
2025-10-07T02:15:00+00:00,118.12,118.40,117.88,118.31,10683.189
2025-10-07T02:30:00+00:00,118.30,118.46,118.01,118.07,15369.136
2025-10-07T02:45:00+00:00,118.07,118.18,117.71,117.89,15107.371
2025-10-07T03:00:00+00:00,117.90,118.20,117.87,118.05,18707.425
2025-10-07T03:15:00+00:00,118.05,118.30,117.97,118.03,14145.218
2025-10-07T03:30:00+00:00,118.03,118.11,117.92,118.03,9007.589
2025-10-07T03:45:00+00:00,118.04,118.46,118.04,118.14,13034.144
2025-10-07T04:00:00+00:00,118.14,118.15,117.88,117.97,13136.631
2025-10-07T04:15:00+00:00,117.97,118.28,117.87,118.15,10629.606
2025-10-07T04:30:00+00:00,118.14,118.68,118.13,118.45,31744.832
2025-10-07T04:45:00+00:00,118.45,118.69,118.45,118.47,23144.067
2025-10-07T05:00:00+00:00,118.46,118.57,118.13,118.54,24361.401
2025-10-07T05:15:00+00:00,118.53,119.05,118.53,118.85,21875.942
2025-10-07T05:30:00+00:00,118.85,119.18,118.85,119.07,27216.023
2025-10-07T05:45:00+00:00,119.08,119.20,118.59,118.64,21134.578
2025-10-07T06:00:00+00:00,118.64,118.91,118.60,118.64,14825.280
2025-10-07T06:15:00+00:00,118.65,118.70,117.95,118.25,35135.704
2025-10-07T06:30:00+00:00,118.25,118.51,117.30,117.70,102629.098
2025-10-07T06:45:00+00:00,117.70,118.08,117.56,117.94,30484.903
2025-10-07T07:00:00+00:00,117.95,118.43,117.74,117.74,45926.600
2025-10-07T07:15:00+00:00,117.75,117.85,117.56,117.72,29002.262
2025-10-07T07:30:00+00:00,117.73,117.89,117.52,117.86,14770.370
2025-10-07T07:45:00+00:00,117.85,117.85,117.54,117.73,14337.459
2025-10-07T08:00:00+00:00,117.74,117.92,117.41,117.78,25502.693
2025-10-07T08:15:00+00:00,117.79,118.01,117.61,117.83,26253.622
2025-10-07T08:30:00+00:00,117.84,118.21,117.49,118.17,31206.334
2025-10-07T08:45:00+00:00,118.17,118.19,117.91,118.03,15780.921
2025-10-07T09:00:00+00:00,118.04,118.55,117.80,118.49,31387.519
2025-10-07T09:15:00+00:00,118.49,118.65,118.22,118.23,18042.961
2025-10-07T09:30:00+00:00,118.24,118.41,118.04,118.05,11312.921
2025-10-07T09:45:00+00:00,118.05,118.19,118.00,118.10,10813.692
2025-10-07T10:00:00+00:00,118.09,118.38,117.88,118.30,15508.408
2025-10-07T10:15:00+00:00,118.31,118.31,117.77,117.97,13303.626
2025-10-07T10:30:00+00:00,117.97,118.24,117.71,117.82,14648.878
2025-10-07T10:45:00+00:00,117.82,117.98,117.80,117.93,6622.366
2025-10-07T11:00:00+00:00,117.93,118.17,117.88,118.01,11150.911
2025-10-07T11:15:00+00:00,118.01,118.11,117.94,118.07,7236.454
2025-10-07T11:30:00+00:00,118.07,118.24,117.91,117.91,13653.825
2025-10-07T11:45:00+00:00,117.91,118.36,117.85,118.16,15598.942
2025-10-07T12:00:00+00:00,118.16,118.30,117.96,118.10,12086.138
2025-10-07T12:15:00+00:00,118.11,118.29,117.92,118.02,11119.621
2025-10-07T12:30:00+00:00,118.02,118.33,117.88,118.22,10400.831
2025-10-07T12:45:00+00:00,118.21,118.95,118.19,118.89,32516.296
2025-10-07T13:00:00+00:00,118.90,119.14,118.75,118.91,46328.261
2025-10-07T13:15:00+00:00,118.91,119.14,118.79,118.97,20422.077
2025-10-07T13:30:00+00:00,118.96,119.08,117.50,117.98,91214.312
2025-10-07T13:45:00+00:00,117.97,118.44,117.44,118.21,51303.696
2025-10-07T14:00:00+00:00,118.20,118.29,116.47,117.02,124984.822
2025-10-07T14:15:00+00:00,117.01,117.44,116.75,116.87,53142.713
2025-10-07T14:30:00+00:00,116.88,117.25,116.52,117.00,62775.610
2025-10-07T14:45:00+00:00,117.00,117.14,116.24,116.57,63720.738
2025-10-07T15:00:00+00:00,116.58,116.84,115.08,115.88,187316.906
2025-10-07T15:15:00+00:00,115.89,116.58,115.76,116.24,44669.413
2025-10-07T15:30:00+00:00,116.24,116.30,115.27,115.53,63854.104
2025-10-07T15:45:00+00:00,115.53,116.20,115.37,116.08,35540.659
2025-10-07T16:00:00+00:00,116.08,116.09,115.39,115.48,41417.183
2025-10-07T16:15:00+00:00,115.48,115.97,115.36,115.63,34057.079
2025-10-07T16:30:00+00:00,115.62,116.38,115.53,116.17,36048.025
2025-10-07T16:45:00+00:00,116.17,116.76,116.11,116.29,33368.249
2025-10-07T17:00:00+00:00,116.28,116.51,115.82,115.95,34948.925
2025-10-07T17:15:00+00:00,115.95,116.24,115.83,115.97,14641.127
2025-10-07T17:30:00+00:00,115.96,116.03,115.70,115.86,13815.060
2025-10-07T17:45:00+00:00,115.85,116.20,115.68,115.77,18205.022
2025-10-07T18:00:00+00:00,115.77,116.18,115.68,116.01,15899.886
2025-10-07T18:15:00+00:00,116.00,116.06,115.48,115.60,29756.882
2025-10-07T18:30:00+00:00,115.60,115.74,115.39,115.63,15675.067
2025-10-07T18:45:00+00:00,115.63,115.70,115.38,115.42,8979.288
2025-10-07T19:00:00+00:00,115.42,115.90,115.36,115.63,17328.335
2025-10-07T19:15:00+00:00,115.63,115.91,115.55,115.59,13233.321
2025-10-07T19:30:00+00:00,115.59,116.14,115.55,115.84,13420.164
2025-10-07T19:45:00+00:00,115.83,116.24,115.67,115.91,18839.988
2025-10-07T20:00:00+00:00,115.92,116.74,115.92,116.53,22908.101
2025-10-07T20:15:00+00:00,116.55,116.60,116.35,116.39,20798.809
2025-10-07T20:30:00+00:00,116.38,116.72,116.32,116.61,16384.656
2025-10-07T20:45:00+00:00,116.60,117.00,116.59,116.81,21361.491
2025-10-07T21:00:00+00:00,116.80,117.12,116.64,116.97,17313.476
2025-10-07T21:15:00+00:00,116.96,117.22,116.91,117.21,15308.536
2025-10-07T21:30:00+00:00,117.21,117.36,116.92,116.97,18708.313
2025-10-07T21:45:00+00:00,116.96,117.15,116.83,117.14,11074.498
2025-10-07T22:00:00+00:00,117.14,117.20,116.88,117.06,11121.585
2025-10-07T22:15:00+00:00,117.05,117.42,117.03,117.25,10952.545
2025-10-07T22:30:00+00:00,117.25,117.32,116.91,117.11,11826.572
2025-10-07T22:45:00+00:00,117.10,117.40,117.06,117.34,8772.361
2025-10-07T23:00:00+00:00,117.33,117.42,117.07,117.10,12057.525
2025-10-07T23:15:00+00:00,117.10,117.39,116.93,117.12,20758.942
2025-10-07T23:30:00+00:00,117.11,117.11,116.58,116.81,23391.390
2025-10-07T23:45:00+00:00,116.81,117.09,116.50,116.85,17210.787
2025-10-08T00:00:00+00:00,116.85,117.69,116.83,117.34,29872.173
2025-10-08T00:15:00+00:00,117.34,117.73,117.28,117.54,16894.595
2025-10-08T00:30:00+00:00,117.53,117.92,117.01,117.77,37767.313
2025-10-08T00:45:00+00:00,117.77,117.95,117.43,117.71,21268.942
2025-10-08T01:00:00+00:00,117.71,117.96,117.33,117.35,20411.679
2025-10-08T01:15:00+00:00,117.35,118.00,117.33,117.72,15253.935
2025-10-08T01:30:00+00:00,117.72,118.00,117.43,117.51,12830.698
2025-10-08T01:45:00+00:00,117.51,117.85,117.49,117.70,10518.678
2025-10-08T02:00:00+00:00,117.71,117.85,117.53,117.77,12984.202
2025-10-08T02:15:00+00:00,117.77,118.28,117.74,118.27,20527.131
2025-10-08T02:30:00+00:00,118.26,118.28,117.84,117.91,26041.789
2025-10-08T02:45:00+00:00,117.90,117.98,117.60,117.70,13643.154
2025-10-08T03:00:00+00:00,117.70,117.79,117.04,117.07,20630.975
2025-10-08T03:15:00+00:00,117.07,117.33,116.50,116.83,40505.685
2025-10-08T03:30:00+00:00,116.83,117.14,116.72,116.93,23491.438
2025-10-08T03:45:00+00:00,116.93,117.32,116.83,116.94,15156.581
2025-10-08T04:00:00+00:00,116.94,117.27,116.27,117.24,31629.236
2025-10-08T04:15:00+00:00,117.24,117.50,116.94,117.04,29363.612
2025-10-08T04:30:00+00:00,117.04,117.26,116.58,116.68,45212.277
2025-10-08T04:45:00+00:00,116.68,116.86,116.49,116.79,31306.692
2025-10-08T05:00:00+00:00,116.79,116.79,116.40,116.61,14206.596
2025-10-08T05:15:00+00:00,116.61,116.70,115.71,115.92,41173.677
2025-10-08T05:30:00+00:00,115.92,116.09,115.68,115.69,12977.388
2025-10-08T05:45:00+00:00,115.69,115.80,115.28,115.74,36987.874
2025-10-08T06:00:00+00:00,115.74,115.97,115.37,115.81,21106.812
2025-10-08T06:15:00+00:00,115.81,115.90,115.55,115.70,9763.653
2025-10-08T06:30:00+00:00,115.71,116.05,115.60,115.69,23732.113
2025-10-08T06:45:00+00:00,115.69,116.13,115.60,115.81,38126.858
2025-10-08T07:00:00+00:00,115.80,116.00,115.69,115.76,16024.789
2025-10-08T07:15:00+00:00,115.75,115.83,115.50,115.72,24608.682
2025-10-08T07:30:00+00:00,115.72,115.89,115.51,115.85,14380.982
2025-10-08T07:45:00+00:00,115.84,116.28,115.61,116.27,26286.107
2025-10-08T08:00:00+00:00,116.27,116.40,116.12,116.14,17387.325
2025-10-08T08:15:00+00:00,116.13,116.33,115.84,115.89,11136.918
2025-10-08T08:30:00+00:00,115.89,116.50,115.71,116.45,25237.635
2025-10-08T08:45:00+00:00,116.45,116.57,116.28,116.46,23683.262
2025-10-08T09:00:00+00:00,116.46,116.53,116.21,116.44,13641.079
2025-10-08T09:15:00+00:00,116.44,116.46,116.25,116.42,11132.963
2025-10-08T09:30:00+00:00,116.42,117.32,116.25,117.16,60425.165
2025-10-08T09:45:00+00:00,117.16,117.34,116.82,116.89,14014.931
2025-10-08T10:00:00+00:00,116.90,117.01,116.37,116.41,18068.181
2025-10-08T10:15:00+00:00,116.41,116.79,116.32,116.70,13697.985
2025-10-08T10:30:00+00:00,116.70,116.99,116.66,116.84,12876.416
2025-10-08T10:45:00+00:00,116.84,116.95,116.56,116.66,7086.799
2025-10-08T11:00:00+00:00,116.67,116.79,116.33,116.51,12928.054
2025-10-08T11:15:00+00:00,116.52,116.55,116.15,116.16,15783.464
2025-10-08T11:30:00+00:00,116.17,116.20,115.99,116.08,17461.962
2025-10-08T11:45:00+00:00,116.08,116.28,116.02,116.18,9302.133
2025-10-08T12:00:00+00:00,116.19,116.37,116.05,116.12,14166.899
2025-10-08T12:15:00+00:00,116.12,116.15,115.74,115.85,20437.557
2025-10-08T12:30:00+00:00,115.85,116.30,115.77,116.28,18427.313
2025-10-08T12:45:00+00:00,116.28,116.68,116.17,116.67,16396.899
2025-10-08T13:00:00+00:00,116.67,117.17,116.52,116.74,43758.411
2025-10-08T13:15:00+00:00,116.74,116.85,116.46,116.47,12662.104
2025-10-08T13:30:00+00:00,116.47,116.60,115.90,116.28,24550.530
2025-10-08T13:45:00+00:00,116.28,116.96,115.88,116.93,27622.489
2025-10-08T14:00:00+00:00,116.92,117.64,116.90,117.05,50852.872
2025-10-08T14:15:00+00:00,117.04,117.52,116.92,117.12,22361.844
2025-10-08T14:30:00+00:00,117.12,117.39,116.69,116.80,22559.310
2025-10-08T14:45:00+00:00,116.80,116.88,116.26,116.47,14424.131
2025-10-08T15:00:00+00:00,116.47,116.84,116.29,116.62,16978.126
2025-10-08T15:15:00+00:00,116.62,116.85,116.29,116.58,16949.846
2025-10-08T15:30:00+00:00,116.57,116.85,116.49,116.76,11387.340
2025-10-08T15:45:00+00:00,116.75,116.83,116.23,116.31,27295.165
2025-10-08T16:00:00+00:00,116.31,116.81,116.13,116.78,20710.211
2025-10-08T16:15:00+00:00,116.78,117.05,116.71,117.01,14912.540
2025-10-08T16:30:00+00:00,117.00,117.20,116.76,117.13,9967.406
2025-10-08T16:45:00+00:00,117.12,117.75,116.87,117.62,56775.223
2025-10-08T17:00:00+00:00,117.61,118.16,117.55,117.98,35779.699
2025-10-08T17:15:00+00:00,117.97,118.67,117.89,118.55,60164.574
2025-10-08T17:30:00+00:00,118.55,119.10,118.55,119.07,54132.558
2025-10-08T17:45:00+00:00,119.08,119.58,119.01,119.19,79032.692
2025-10-08T18:00:00+00:00,119.19,119.36,118.80,119.22,57666.684
2025-10-08T18:15:00+00:00,119.21,119.48,118.55,118.69,41478.965
2025-10-08T18:30:00+00:00,118.70,119.00,118.34,118.54,36963.568
2025-10-08T18:45:00+00:00,118.55,118.95,118.54,118.59,29215.941
2025-10-08T19:00:00+00:00,118.60,118.68,118.33,118.54,15454.684
2025-10-08T19:15:00+00:00,118.54,118.85,118.26,118.67,25108.744
2025-10-08T19:30:00+00:00,118.68,118.86,118.48,118.55,13297.354
2025-10-08T19:45:00+00:00,118.55,118.72,118.38,118.59,13494.064
2025-10-08T20:00:00+00:00,118.60,118.68,118.37,118.47,8901.804
2025-10-08T20:15:00+00:00,118.48,118.52,118.06,118.22,15628.564
2025-10-08T20:30:00+00:00,118.23,118.40,118.13,118.22,8952.853
2025-10-08T20:45:00+00:00,118.23,118.23,117.94,118.01,10851.778
2025-10-08T21:00:00+00:00,118.00,118.28,117.98,118.02,13022.546
2025-10-08T21:15:00+00:00,118.03,118.14,117.72,117.93,19221.113
2025-10-08T21:30:00+00:00,117.93,118.62,117.92,118.31,17690.126
2025-10-08T21:45:00+00:00,118.31,118.37,118.11,118.30,4475.490
2025-10-08T22:00:00+00:00,118.29,118.46,118.13,118.39,9720.041
2025-10-08T22:15:00+00:00,118.39,118.53,118.27,118.34,4973.735
2025-10-08T22:30:00+00:00,118.34,118.67,118.34,118.66,5658.553
2025-10-08T22:45:00+00:00,118.66,118.68,118.26,118.33,11762.833
2025-10-08T23:00:00+00:00,118.33,118.37,117.80,117.93,15437.989
2025-10-08T23:15:00+00:00,117.93,118.44,117.90,118.40,16046.150
2025-10-08T23:30:00+00:00,118.41,118.68,118.38,118.50,10460.001
2025-10-08T23:45:00+00:00,118.50,118.77,118.29,118.55,15193.426
2025-10-09T00:00:00+00:00,118.54,118.75,118.40,118.57,14942.943
2025-10-09T00:15:00+00:00,118.56,119.06,118.45,118.48,19685.418
2025-10-09T00:30:00+00:00,118.47,118.75,118.26,118.55,16825.322
2025-10-09T00:45:00+00:00,118.54,119.36,118.53,118.90,55524.966
2025-10-09T01:00:00+00:00,118.90,118.97,118.29,118.41,63830.779
2025-10-09T01:15:00+00:00,118.41,118.74,118.19,118.23,14678.490
2025-10-09T01:30:00+00:00,118.22,118.34,118.06,118.23,14700.450
2025-10-09T01:45:00+00:00,118.23,118.80,118.21,118.75,13128.745
2025-10-09T02:00:00+00:00,118.74,118.81,117.79,118.27,21994.210
2025-10-09T02:15:00+00:00,118.26,118.37,117.87,118.02,23926.879
2025-10-09T02:30:00+00:00,118.03,118.29,117.17,117.35,46357.756
2025-10-09T02:45:00+00:00,117.36,117.67,116.81,117.04,43495.701
2025-10-09T03:00:00+00:00,117.05,118.03,117.05,117.99,36564.896
2025-10-09T03:15:00+00:00,117.99,118.96,117.96,118.61,48682.166
2025-10-09T03:30:00+00:00,118.61,119.73,118.61,119.11,49314.315
2025-10-09T03:45:00+00:00,119.10,119.75,118.28,118.38,62144.402
2025-10-09T04:00:00+00:00,118.38,119.33,118.34,118.81,41784.997
2025-10-09T04:15:00+00:00,118.82,119.52,118.75,119.43,19769.359
2025-10-09T04:30:00+00:00,119.44,119.46,118.79,118.86,19603.322
2025-10-09T04:45:00+00:00,118.87,119.33,118.87,119.27,14405.862
2025-10-09T05:00:00+00:00,119.27,119.65,119.08,119.29,27746.396
2025-10-09T05:15:00+00:00,119.28,119.45,118.93,119.07,17317.645
2025-10-09T05:30:00+00:00,119.07,119.37,118.62,118.90,16435.599
2025-10-09T05:45:00+00:00,118.91,118.92,118.61,118.73,16283.806
2025-10-09T06:00:00+00:00,118.74,118.76,118.08,118.30,28074.772
2025-10-09T06:15:00+00:00,118.30,118.37,118.02,118.25,12997.779
2025-10-09T06:30:00+00:00,118.25,118.59,118.17,118.28,15762.603
2025-10-09T06:45:00+00:00,118.29,118.29,117.63,117.67,18175.945
2025-10-09T07:00:00+00:00,117.68,117.85,117.50,117.70,18546.248
2025-10-09T07:15:00+00:00,117.70,117.87,117.39,117.65,16324.200
2025-10-09T07:30:00+00:00,117.66,117.68,117.16,117.31,19723.405
2025-10-09T07:45:00+00:00,117.31,117.99,117.26,117.28,17857.549
2025-10-09T08:00:00+00:00,117.28,117.31,116.39,116.43,65451.741
2025-10-09T08:15:00+00:00,116.43,116.54,115.76,115.80,85987.141
2025-10-09T08:30:00+00:00,115.81,116.37,115.52,115.73,51768.238
2025-10-09T08:45:00+00:00,115.74,116.06,115.36,115.63,53525.260
2025-10-09T09:00:00+00:00,115.64,116.23,115.64,116.18,32322.184
2025-10-09T09:15:00+00:00,116.19,116.23,115.60,115.93,22724.906
2025-10-09T09:30:00+00:00,115.93,116.29,115.86,115.94,21581.118
2025-10-09T09:45:00+00:00,115.93,116.28,115.87,116.21,15344.301
2025-10-09T10:00:00+00:00,116.21,116.54,116.14,116.42,21922.392
2025-10-09T10:15:00+00:00,116.41,116.45,116.00,116.16,14059.567
2025-10-09T10:30:00+00:00,116.16,116.79,116.16,116.72,28745.682
2025-10-09T10:45:00+00:00,116.71,116.85,116.54,116.57,24358.380
2025-10-09T11:00:00+00:00,116.57,116.80,116.45,116.48,17557.787
2025-10-09T11:15:00+00:00,116.48,116.94,116.45,116.87,24621.546
2025-10-09T11:30:00+00:00,116.87,116.89,116.28,116.49,23392.781
2025-10-09T11:45:00+00:00,116.49,116.79,116.36,116.60,13825.357
2025-10-09T12:00:00+00:00,116.59,117.24,116.54,117.18,18201.725
2025-10-09T12:15:00+00:00,117.17,117.68,117.13,117.62,28298.981
2025-10-09T12:30:00+00:00,117.62,118.52,117.47,118.29,55514.092
2025-10-09T12:45:00+00:00,118.28,118.46,118.14,118.15,27947.804
2025-10-09T13:00:00+00:00,118.15,118.30,117.69,117.71,30108.960
2025-10-09T13:15:00+00:00,117.71,118.99,117.69,118.75,45831.177
2025-10-09T13:30:00+00:00,118.74,118.85,117.44,117.80,65681.224
2025-10-09T13:45:00+00:00,117.79,118.72,117.58,117.82,89905.396
2025-10-09T14:00:00+00:00,117.82,118.54,117.36,118.35,65055.372
2025-10-09T14:15:00+00:00,118.35,118.45,117.19,117.30,39801.708
2025-10-09T14:30:00+00:00,117.32,118.10,116.52,116.96,133136.109
2025-10-09T14:45:00+00:00,116.95,117.99,116.66,117.97,47045.970
2025-10-09T15:00:00+00:00,117.97,119.11,117.97,118.83,92338.829
2025-10-09T15:15:00+00:00,118.82,118.97,117.97,118.23,70354.662
2025-10-09T15:30:00+00:00,118.24,118.80,117.73,118.01,69109.814
2025-10-09T15:45:00+00:00,118.01,118.57,117.96,118.25,41736.361
2025-10-09T16:00:00+00:00,118.25,118.89,118.12,118.16,28279.786
2025-10-09T16:15:00+00:00,118.17,118.45,117.13,117.41,59100.407
2025-10-09T16:30:00+00:00,117.40,117.67,117.04,117.56,27246.278
2025-10-09T16:45:00+00:00,117.56,117.64,115.52,115.79,90006.470
2025-10-09T17:00:00+00:00,115.79,117.03,115.52,116.72,56334.658
2025-10-09T17:15:00+00:00,116.72,117.10,116.63,116.91,27139.057
2025-10-09T17:30:00+00:00,116.90,117.34,116.82,117.00,28929.362
2025-10-09T17:45:00+00:00,117.00,118.00,116.96,117.97,26550.669
2025-10-09T18:00:00+00:00,117.97,118.12,117.47,117.88,29812.186
2025-10-09T18:15:00+00:00,117.89,118.10,117.52,117.54,23473.786
2025-10-09T18:30:00+00:00,117.54,117.83,117.30,117.50,20853.410
2025-10-09T18:45:00+00:00,117.50,117.50,117.11,117.26,23381.022
2025-10-09T19:00:00+00:00,117.25,117.54,117.23,117.41,8926.280
2025-10-09T19:15:00+00:00,117.41,118.27,117.22,118.15,19666.101
2025-10-09T19:30:00+00:00,118.15,118.56,118.15,118.37,20112.348
2025-10-09T19:45:00+00:00,118.38,118.99,118.34,118.95,31504.582
2025-10-09T20:00:00+00:00,118.95,119.43,118.54,118.54,48208.237
2025-10-09T20:15:00+00:00,118.55,119.19,118.35,118.90,25204.166
2025-10-09T20:30:00+00:00,118.90,119.06,118.56,118.67,17000.640
2025-10-09T20:45:00+00:00,118.66,119.03,118.58,119.03,13820.368
2025-10-09T21:00:00+00:00,119.03,119.46,119.00,119.09,29171.757
2025-10-09T21:15:00+00:00,119.10,119.26,118.70,118.72,18365.611
2025-10-09T21:30:00+00:00,118.72,119.40,118.59,119.30,14776.996
2025-10-09T21:45:00+00:00,119.30,119.43,119.04,119.31,13801.183
2025-10-09T22:00:00+00:00,119.31,120.05,119.20,120.02,28561.689
2025-10-09T22:15:00+00:00,120.02,123.00,119.95,122.94,251620.841
2025-10-09T22:30:00+00:00,122.95,126.60,122.92,126.41,317404.832
2025-10-09T22:45:00+00:00,126.41,128.15,125.72,126.61,283576.054
2025-10-09T23:00:00+00:00,126.61,126.91,124.83,125.67,159263.057
2025-10-09T23:15:00+00:00,125.67,126.26,125.35,126.00,96923.067
2025-10-09T23:30:00+00:00,126.01,126.18,125.38,125.61,69492.393
2025-10-09T23:45:00+00:00,125.61,126.15,125.19,125.84,63235.710
2025-10-10T00:00:00+00:00,125.83,127.08,125.57,126.15,132210.928
2025-10-10T00:15:00+00:00,126.15,127.14,125.87,127.11,88900.790
2025-10-10T00:30:00+00:00,127.10,129.03,126.79,128.92,220014.810
2025-10-10T00:45:00+00:00,128.92,129.46,128.04,128.38,110813.652
2025-10-10T01:00:00+00:00,128.38,128.69,127.20,128.25,96219.037
2025-10-10T01:15:00+00:00,128.26,128.67,127.63,128.49,64677.423
2025-10-10T01:30:00+00:00,128.50,128.50,127.25,127.37,55198.334
2025-10-10T01:45:00+00:00,127.37,128.55,127.02,128.36,57990.539
2025-10-10T02:00:00+00:00,128.36,128.60,127.47,127.74,64943.440
2025-10-10T02:15:00+00:00,127.74,129.13,127.71,128.84,59230.337
2025-10-10T02:30:00+00:00,128.84,128.96,127.80,128.78,70384.035
2025-10-10T02:45:00+00:00,128.78,128.98,127.80,128.04,48168.149
2025-10-10T03:00:00+00:00,128.04,128.32,127.55,128.32,40325.216
2025-10-10T03:15:00+00:00,128.32,132.07,128.09,131.73,277733.253
2025-10-10T03:30:00+00:00,131.75,132.14,130.91,131.21,127289.974
2025-10-10T03:45:00+00:00,131.21,132.79,131.09,131.22,141878.851
2025-10-10T04:00:00+00:00,131.22,132.17,130.17,130.78,134572.195
2025-10-10T04:15:00+00:00,130.78,131.00,129.85,129.99,75995.632
2025-10-10T04:30:00+00:00,129.98,130.32,129.01,129.40,73956.666
2025-10-10T04:45:00+00:00,129.40,129.98,129.11,129.64,43771.157
2025-10-10T05:00:00+00:00,129.64,129.72,127.81,127.88,214081.424
2025-10-10T05:15:00+00:00,127.87,128.79,127.80,128.76,90479.188
2025-10-10T05:30:00+00:00,128.75,129.47,128.37,129.33,72107.813
2025-10-10T05:45:00+00:00,129.33,130.08,128.95,130.04,59074.103
2025-10-10T06:00:00+00:00,130.03,131.37,130.03,131.26,126741.535
2025-10-10T06:15:00+00:00,131.25,131.72,129.84,130.09,136636.125
2025-10-10T06:30:00+00:00,130.09,130.90,125.76,126.93,589695.954
2025-10-10T06:45:00+00:00,126.92,127.82,126.80,127.67,108140.128
2025-10-10T07:00:00+00:00,127.66,127.97,126.97,127.64,59847.263
2025-10-10T07:15:00+00:00,127.65,127.98,127.07,127.95,49887.086
2025-10-10T07:30:00+00:00,127.95,128.85,127.68,128.77,58631.803
2025-10-10T07:45:00+00:00,128.77,128.97,128.17,128.24,47660.679
2025-10-10T08:00:00+00:00,128.24,129.45,128.08,129.26,69727.764
2025-10-10T08:15:00+00:00,129.26,130.29,129.06,129.84,125981.011
2025-10-10T08:30:00+00:00,129.82,129.86,129.09,129.09,47562.267
2025-10-10T08:45:00+00:00,129.10,129.38,128.66,128.99,57674.825
2025-10-10T09:00:00+00:00,129.00,129.63,128.50,129.31,55304.012
2025-10-10T09:15:00+00:00,129.31,130.17,128.94,130.10,43860.410
2025-10-10T09:30:00+00:00,130.10,130.21,129.54,129.78,34876.694
2025-10-10T09:45:00+00:00,129.78,129.87,128.89,129.78,36984.088
2025-10-10T10:00:00+00:00,129.78,130.45,129.57,130.34,34171.729
2025-10-10T10:15:00+00:00,130.34,130.88,129.91,129.92,46825.270
2025-10-10T10:30:00+00:00,129.92,130.00,128.70,129.02,53770.990
2025-10-10T10:45:00+00:00,129.02,129.98,129.02,129.72,25424.110
2025-10-10T11:00:00+00:00,129.72,130.76,129.72,130.35,69531.630
2025-10-10T11:15:00+00:00,130.36,131.45,130.27,131.12,86666.674
2025-10-10T11:30:00+00:00,131.12,132.16,131.06,132.01,110733.023
2025-10-10T11:45:00+00:00,132.02,133.33,131.18,132.13,183664.525
2025-10-10T12:00:00+00:00,132.13,133.26,131.64,131.86,104050.751
2025-10-10T12:15:00+00:00,131.86,132.50,131.29,131.51,55095.728
2025-10-10T12:30:00+00:00,131.51,132.31,131.46,131.98,50663.490
2025-10-10T12:45:00+00:00,131.98,133.21,131.90,133.17,74731.535
2025-10-10T13:00:00+00:00,133.16,133.68,132.43,132.57,115921.088
2025-10-10T13:15:00+00:00,132.56,136.03,132.48,135.15,255214.652
2025-10-10T13:30:00+00:00,135.15,135.36,134.04,134.48,137058.491
2025-10-10T13:45:00+00:00,134.48,135.25,133.64,133.80,113962.355
2025-10-10T14:00:00+00:00,133.79,135.32,133.52,133.98,105774.756
2025-10-10T14:15:00+00:00,133.98,134.16,132.75,132.88,133960.535
2025-10-10T14:30:00+00:00,132.87,133.69,132.82,133.36,62161.739
2025-10-10T14:45:00+00:00,133.35,133.36,131.50,131.82,170933.954
2025-10-10T15:00:00+00:00,131.83,132.12,129.15,129.61,459119.687
2025-10-10T15:15:00+00:00,129.61,129.89,126.28,126.98,466120.789
2025-10-10T15:30:00+00:00,126.97,129.52,125.85,129.19,552051.568
2025-10-10T15:45:00+00:00,129.19,129.19,126.88,127.04,207600.156
2025-10-10T16:00:00+00:00,127.04,129.23,126.53,129.07,386773.295
2025-10-10T16:15:00+00:00,129.07,129.07,127.64,127.94,107353.458
2025-10-10T16:30:00+00:00,127.93,128.34,126.80,127.01,74501.440
2025-10-10T16:45:00+00:00,127.01,127.53,125.07,125.32,158639.567
2025-10-10T17:00:00+00:00,125.31,126.67,124.94,126.54,206737.281
2025-10-10T17:15:00+00:00,126.53,128.40,126.29,128.20,292378.915
2025-10-10T17:30:00+00:00,128.21,128.51,127.25,127.51,100880.505
2025-10-10T17:45:00+00:00,127.51,128.06,126.82,127.43,73976.461
2025-10-10T18:00:00+00:00,127.44,127.48,126.30,126.60,54028.362
2025-10-10T18:15:00+00:00,126.60,127.62,126.25,126.78,55908.739
2025-10-10T18:30:00+00:00,126.78,127.12,126.27,126.53,51007.649
2025-10-10T18:45:00+00:00,126.53,126.95,126.34,126.39,33392.273
2025-10-10T19:00:00+00:00,126.39,127.05,126.31,126.60,69627.943
2025-10-10T19:15:00+00:00,126.59,128.26,125.42,125.50,158191.319
2025-10-10T19:30:00+00:00,125.50,127.82,125.41,127.66,156365.040
2025-10-10T19:45:00+00:00,127.66,127.94,126.42,126.73,73454.190
2025-10-10T20:00:00+00:00,126.73,126.87,125.91,126.48,68174.250
2025-10-10T20:15:00+00:00,126.49,127.60,125.78,127.26,50287.251
2025-10-10T20:30:00+00:00,127.27,127.28,125.95,126.27,38888.648
2025-10-10T20:45:00+00:00,126.28,126.94,119.18,121.54,638741.850
2025-10-10T21:00:00+00:00,121.53,123.54,110.18,114.12,787603.912
2025-10-10T21:15:00+00:00,114.11,115.67,51.60,84.66,2094108.550
2025-10-10T21:30:00+00:00,84.66,99.11,81.25,97.74,660932.193
2025-10-10T21:45:00+00:00,97.77,102.40,95.50,99.22,555101.660
2025-10-10T22:00:00+00:00,99.25,99.36,84.30,96.25,776757.186
2025-10-10T22:15:00+00:00,96.25,97.75,90.39,91.47,466224.615
2025-10-10T22:30:00+00:00,91.48,95.56,91.39,94.97,325814.294
2025-10-10T22:45:00+00:00,94.95,98.60,94.78,98.02,346453.677
2025-10-10T23:00:00+00:00,98.03,98.11,95.30,96.02,338047.512
2025-10-10T23:15:00+00:00,96.01,98.84,95.97,98.41,220791.479
2025-10-10T23:30:00+00:00,98.43,100.93,98.00,100.84,240260.448
2025-10-10T23:45:00+00:00,100.83,101.00,95.29,96.77,360865.125
2025-10-11T00:00:00+00:00,96.79,98.13,95.84,97.80,220216.814
2025-10-11T00:15:00+00:00,97.80,97.83,94.20,97.33,190897.128
2025-10-11T00:30:00+00:00,97.32,97.87,96.36,96.86,132180.768
2025-10-11T00:45:00+00:00,96.86,97.65,96.31,96.43,131832.941
2025-10-11T01:00:00+00:00,96.43,96.57,95.11,95.65,154661.971
2025-10-11T01:15:00+00:00,95.64,95.65,94.61,95.07,108970.301
2025-10-11T01:30:00+00:00,95.08,96.41,94.81,95.24,101626.411
2025-10-11T01:45:00+00:00,95.23,96.39,95.05,96.08,76192.554
2025-10-11T02:00:00+00:00,96.09,97.98,96.04,97.83,136534.411
2025-10-11T02:15:00+00:00,97.84,100.07,97.69,99.64,130345.934
2025-10-11T02:30:00+00:00,99.64,101.52,99.52,101.33,127917.883
2025-10-11T02:45:00+00:00,101.34,102.70,100.61,101.22,139041.121
2025-10-11T03:00:00+00:00,101.21,101.42,98.40,98.98,160678.878
2025-10-11T03:15:00+00:00,98.97,99.02,97.90,98.30,79296.597
2025-10-11T03:30:00+00:00,98.30,99.91,98.04,99.57,98732.251
2025-10-11T03:45:00+00:00,99.58,100.77,99.09,100.59,92945.551
2025-10-11T04:00:00+00:00,100.58,100.65,99.66,100.08,88605.286
2025-10-11T04:15:00+00:00,100.07,100.39,99.46,99.85,64418.418
2025-10-11T04:30:00+00:00,99.84,99.97,99.32,99.93,55079.122
2025-10-11T04:45:00+00:00,99.94,101.05,99.48,100.52,57543.840
2025-10-11T05:00:00+00:00,100.51,100.75,99.53,99.73,56588.158
2025-10-11T05:15:00+00:00,99.73,99.81,98.01,98.09,84912.830
2025-10-11T05:30:00+00:00,98.09,98.60,97.64,98.10,80136.115
2025-10-11T05:45:00+00:00,98.09,98.94,98.04,98.38,71988.415
2025-10-11T06:00:00+00:00,98.39,99.07,98.09,98.99,46007.631
2025-10-11T06:15:00+00:00,98.99,99.70,98.75,99.63,43572.990
2025-10-11T06:30:00+00:00,99.63,100.23,99.12,99.48,60507.375
2025-10-11T06:45:00+00:00,99.47,99.67,98.31,98.79,53368.827
2025-10-11T07:00:00+00:00,98.79,99.30,98.50,99.11,45590.262
2025-10-11T07:15:00+00:00,99.12,99.63,98.45,98.91,46523.604
2025-10-11T07:30:00+00:00,98.90,99.13,98.43,98.90,45185.102
2025-10-11T07:45:00+00:00,98.92,98.99,98.13,98.38,35654.352
2025-10-11T08:00:00+00:00,98.38,98.47,97.53,98.06,52354.524
2025-10-11T08:15:00+00:00,98.07,99.69,97.99,98.98,66318.841
2025-10-11T08:30:00+00:00,98.98,99.83,98.70,99.44,58487.962
2025-10-11T08:45:00+00:00,99.44,99.80,99.30,99.33,54561.456
2025-10-11T09:00:00+00:00,99.34,100.62,98.65,99.09,110763.841
2025-10-11T09:15:00+00:00,99.08,99.31,98.57,98.85,96880.962
2025-10-11T09:30:00+00:00,98.86,99.32,98.73,99.12,52937.473
2025-10-11T09:45:00+00:00,99.13,99.20,98.10,98.19,60347.322
2025-10-11T10:00:00+00:00,98.19,98.68,98.06,98.50,49941.570
2025-10-11T10:15:00+00:00,98.51,98.88,97.93,98.86,51016.799
2025-10-11T10:30:00+00:00,98.86,98.95,97.94,98.17,60772.469
2025-10-11T10:45:00+00:00,98.18,98.49,97.91,98.42,34248.796
2025-10-11T11:00:00+00:00,98.44,98.58,97.78,98.00,49557.528
2025-10-11T11:15:00+00:00,98.00,98.30,97.17,98.20,59517.275
2025-10-11T11:30:00+00:00,98.19,98.25,97.74,98.17,27501.722
2025-10-11T11:45:00+00:00,98.18,98.59,97.80,98.02,37925.892
2025-10-11T12:00:00+00:00,98.02,98.04,97.37,97.67,40896.723
2025-10-11T12:15:00+00:00,97.68,98.11,97.50,98.08,34024.460
2025-10-11T12:30:00+00:00,98.08,98.08,97.38,97.62,30626.325
2025-10-11T12:45:00+00:00,97.62,97.64,96.38,97.32,67925.743
2025-10-11T13:00:00+00:00,97.32,97.63,96.82,97.59,40569.245
2025-10-11T13:15:00+00:00,97.59,97.65,96.90,97.05,48267.409
2025-10-11T13:30:00+00:00,97.05,97.08,95.09,96.33,124359.908
2025-10-11T13:45:00+00:00,96.32,97.10,96.21,96.39,65474.487
2025-10-11T14:00:00+00:00,96.39,96.43,95.93,96.05,85199.451
2025-10-11T14:15:00+00:00,96.04,96.19,95.31,95.49,87962.860
2025-10-11T14:30:00+00:00,95.50,96.48,95.37,95.65,75521.474
2025-10-11T14:45:00+00:00,95.65,96.09,95.63,95.98,40688.096
2025-10-11T15:00:00+00:00,95.98,97.46,95.98,97.01,66147.653
2025-10-11T15:15:00+00:00,97.01,97.26,96.34,97.12,58578.954
2025-10-11T15:30:00+00:00,97.12,97.23,95.91,95.95,47187.161
2025-10-11T15:45:00+00:00,95.95,96.28,95.86,95.96,33099.205
2025-10-11T16:00:00+00:00,95.96,96.77,95.88,96.70,41154.327
2025-10-11T16:15:00+00:00,96.70,96.79,95.86,95.98,36453.236
2025-10-11T16:30:00+00:00,95.98,96.17,95.44,95.48,38065.640
2025-10-11T16:45:00+00:00,95.48,96.07,95.36,96.07,22563.463
2025-10-11T17:00:00+00:00,96.07,96.68,96.01,96.59,30694.268
2025-10-11T17:15:00+00:00,96.60,97.35,96.25,97.15,42517.277
2025-10-11T17:30:00+00:00,97.15,97.19,96.50,96.93,36235.579
2025-10-11T17:45:00+00:00,96.93,97.41,96.63,97.40,31227.402
2025-10-11T18:00:00+00:00,97.40,97.59,97.24,97.48,31042.453
2025-10-11T18:15:00+00:00,97.48,97.81,97.25,97.77,29184.213
2025-10-11T18:30:00+00:00,97.77,97.91,97.19,97.36,28054.559
2025-10-11T18:45:00+00:00,97.37,97.58,97.08,97.08,17559.554
2025-10-11T19:00:00+00:00,97.09,97.10,95.57,95.84,62052.244
2025-10-11T19:15:00+00:00,95.85,95.88,94.75,95.11,90200.082
2025-10-11T19:30:00+00:00,95.11,95.11,93.95,94.43,67538.106
2025-10-11T19:45:00+00:00,94.44,94.78,93.08,93.68,103597.491
2025-10-11T20:00:00+00:00,93.68,93.99,92.69,93.03,66657.383
2025-10-11T20:15:00+00:00,93.02,93.56,92.28,92.52,55585.933
2025-10-11T20:30:00+00:00,92.52,92.57,91.56,91.71,86224.834
2025-10-11T20:45:00+00:00,91.71,92.60,91.11,91.61,79746.860
2025-10-11T21:00:00+00:00,91.62,91.77,90.04,90.85,139982.502
2025-10-11T21:15:00+00:00,90.86,93.30,90.69,92.11,115519.356
2025-10-11T21:30:00+00:00,92.10,93.05,91.71,92.38,64301.142
2025-10-11T21:45:00+00:00,92.38,93.58,92.38,93.49,26362.590
2025-10-11T22:00:00+00:00,93.49,93.65,93.00,93.31,46181.468
2025-10-11T22:15:00+00:00,93.31,93.91,93.05,93.75,28085.321
2025-10-11T22:30:00+00:00,93.75,94.22,93.73,93.78,38227.688
2025-10-11T22:45:00+00:00,93.78,93.93,93.40,93.86,19466.351
2025-10-11T23:00:00+00:00,93.86,93.98,93.33,93.93,23336.230
2025-10-11T23:15:00+00:00,93.93,94.24,93.70,94.07,16947.895
2025-10-11T23:30:00+00:00,94.07,94.09,93.23,93.45,31152.421
2025-10-11T23:45:00+00:00,93.46,93.56,93.07,93.28,21640.050
2025-10-12T00:00:00+00:00,93.28,93.52,92.97,93.02,29542.938
2025-10-12T00:15:00+00:00,93.02,93.23,92.33,92.44,42581.261
2025-10-12T00:30:00+00:00,92.44,93.25,92.32,92.65,35321.070
2025-10-12T00:45:00+00:00,92.66,92.68,91.55,91.65,35458.925
2025-10-12T01:00:00+00:00,91.65,92.50,91.62,92.44,33672.131
2025-10-12T01:15:00+00:00,92.44,92.71,92.11,92.38,21997.532
2025-10-12T01:30:00+00:00,92.38,93.19,92.18,93.16,59075.876
2025-10-12T01:45:00+00:00,93.15,93.59,92.20,92.28,41144.624
2025-10-12T02:00:00+00:00,92.28,92.31,91.77,92.13,37658.039
2025-10-12T02:15:00+00:00,92.14,93.25,92.07,93.19,27794.303
2025-10-12T02:30:00+00:00,93.20,93.60,92.55,92.86,27366.780
2025-10-12T02:45:00+00:00,92.85,92.92,91.95,92.52,25786.760
2025-10-12T03:00:00+00:00,92.52,93.70,92.41,93.30,43256.053
2025-10-12T03:15:00+00:00,93.30,93.91,92.96,93.56,30816.204
2025-10-12T03:30:00+00:00,93.57,94.27,93.56,93.85,30191.138
2025-10-12T03:45:00+00:00,93.86,93.95,93.43,93.69,17221.934
2025-10-12T04:00:00+00:00,93.69,94.18,93.45,94.10,21545.705
2025-10-12T04:15:00+00:00,94.10,94.74,94.07,94.40,38127.794
2025-10-12T04:30:00+00:00,94.40,94.74,94.15,94.27,24842.833
2025-10-12T04:45:00+00:00,94.27,94.41,94.03,94.40,29133.095
2025-10-12T05:00:00+00:00,94.41,94.42,93.90,93.94,18430.393
2025-10-12T05:15:00+00:00,93.95,94.29,93.81,94.20,20041.532
2025-10-12T05:30:00+00:00,94.20,94.46,94.14,94.36,16165.677
2025-10-12T05:45:00+00:00,94.37,94.64,94.27,94.29,14035.232
2025-10-12T06:00:00+00:00,94.30,95.03,94.23,94.96,31290.861
2025-10-12T06:15:00+00:00,94.95,95.61,94.87,95.58,28620.066
2025-10-12T06:30:00+00:00,95.57,95.66,95.36,95.55,33739.672
2025-10-12T06:45:00+00:00,95.54,96.00,95.39,95.87,23084.378
2025-10-12T07:00:00+00:00,95.86,96.45,95.67,96.18,34761.756
2025-10-12T07:15:00+00:00,96.19,96.55,95.68,95.71,35393.275
2025-10-12T07:30:00+00:00,95.71,95.74,94.97,95.24,57986.816
2025-10-12T07:45:00+00:00,95.24,95.71,95.08,95.26,41072.626
2025-10-12T08:00:00+00:00,95.25,95.72,95.11,95.57,31451.717
2025-10-12T08:15:00+00:00,95.57,95.75,95.28,95.61,23386.396
2025-10-12T08:30:00+00:00,95.61,95.62,95.17,95.42,32163.806
2025-10-12T08:45:00+00:00,95.42,95.82,95.39,95.50,28805.138
2025-10-12T09:00:00+00:00,95.51,95.51,94.41,94.71,47724.341
2025-10-12T09:15:00+00:00,94.71,95.01,94.19,94.36,44765.602
2025-10-12T09:30:00+00:00,94.36,94.61,93.91,94.43,53159.848
2025-10-12T09:45:00+00:00,94.43,95.00,94.17,94.85,37248.352
2025-10-12T10:00:00+00:00,94.85,95.47,94.78,95.10,35320.275
2025-10-12T10:15:00+00:00,95.09,95.44,94.87,95.20,26163.849
2025-10-12T10:30:00+00:00,95.19,95.60,95.06,95.34,32571.478
2025-10-12T10:45:00+00:00,95.32,95.81,95.30,95.45,18385.592
2025-10-12T11:00:00+00:00,95.46,95.90,95.29,95.67,22441.412
2025-10-12T11:15:00+00:00,95.67,95.73,95.06,95.63,15790.067
2025-10-12T11:30:00+00:00,95.63,95.93,95.39,95.53,18411.329
2025-10-12T11:45:00+00:00,95.53,95.82,95.36,95.52,18829.610
2025-10-12T12:00:00+00:00,95.51,95.98,95.34,95.86,26201.314
2025-10-12T12:15:00+00:00,95.85,95.86,95.43,95.47,26042.212
2025-10-12T12:30:00+00:00,95.46,96.14,95.46,96.08,25299.546
2025-10-12T12:45:00+00:00,96.09,96.10,95.45,95.90,22622.651
2025-10-12T13:00:00+00:00,95.90,96.51,95.60,96.19,31337.918
2025-10-12T13:15:00+00:00,96.19,96.48,95.56,95.66,34725.110
2025-10-12T13:30:00+00:00,95.66,95.66,94.73,95.24,56890.734
2025-10-12T13:45:00+00:00,95.25,95.28,94.44,94.84,30936.720
2025-10-12T14:00:00+00:00,94.85,95.54,94.79,95.18,25310.257
2025-10-12T14:15:00+00:00,95.18,95.46,94.43,94.77,35448.194
2025-10-12T14:30:00+00:00,94.77,94.87,94.05,94.56,43729.735
2025-10-12T14:45:00+00:00,94.56,97.88,94.49,96.36,344541.226
2025-10-12T15:00:00+00:00,96.37,98.41,96.15,98.13,197582.326
2025-10-12T15:15:00+00:00,98.13,98.59,97.51,98.31,138767.921
2025-10-12T15:30:00+00:00,98.31,98.34,96.77,97.37,116840.639
2025-10-12T15:45:00+00:00,97.36,98.25,97.36,98.12,60901.389
2025-10-12T16:00:00+00:00,98.12,99.32,98.11,98.75,121728.879
2025-10-12T16:15:00+00:00,98.75,98.75,97.64,98.19,105154.349
2025-10-12T16:30:00+00:00,98.19,99.42,98.02,99.37,97789.240
2025-10-12T16:45:00+00:00,99.38,99.88,98.25,99.02,147991.901
2025-10-12T17:00:00+00:00,99.03,99.73,98.86,99.47,73783.204
2025-10-12T17:15:00+00:00,99.47,99.61,98.93,99.31,52120.889
2025-10-12T17:30:00+00:00,99.31,99.57,98.85,99.39,41930.012
2025-10-12T17:45:00+00:00,99.39,99.52,98.32,99.36,85264.787
2025-10-12T18:00:00+00:00,99.36,99.46,98.95,99.15,45003.585
2025-10-12T18:15:00+00:00,99.14,99.80,98.90,99.05,73225.526
2025-10-12T18:30:00+00:00,99.04,99.54,98.64,98.70,44769.693
2025-10-12T18:45:00+00:00,98.71,99.07,98.47,98.97,39101.969
2025-10-12T19:00:00+00:00,98.97,99.82,98.85,99.77,25010.630
2025-10-12T19:15:00+00:00,99.77,99.96,99.48,99.93,29187.476
2025-10-12T19:30:00+00:00,99.93,100.86,99.82,100.34,83644.370
2025-10-12T19:45:00+00:00,100.33,100.98,100.33,100.75,33913.557
2025-10-12T20:00:00+00:00,100.75,101.14,100.48,100.87,61796.067
2025-10-12T20:15:00+00:00,100.87,101.32,100.52,101.28,38989.373
2025-10-12T20:30:00+00:00,101.28,101.73,100.67,101.49,53480.784
2025-10-12T20:45:00+00:00,101.49,102.10,100.58,100.62,86884.742
2025-10-12T21:00:00+00:00,100.61,101.21,100.23,100.88,62859.449
2025-10-12T21:15:00+00:00,100.88,100.97,99.26,99.81,53411.524
2025-10-12T21:30:00+00:00,99.80,99.92,98.58,99.08,60534.896
2025-10-12T21:45:00+00:00,99.08,99.51,98.82,99.39,21640.630
2025-10-12T22:00:00+00:00,99.40,100.22,99.05,99.52,45133.469
2025-10-12T22:15:00+00:00,99.53,99.86,98.34,98.66,65915.333
2025-10-12T22:30:00+00:00,98.66,99.25,98.56,98.84,27424.639
2025-10-12T22:45:00+00:00,98.85,99.29,98.58,98.79,24467.341
2025-10-12T23:00:00+00:00,98.79,98.96,97.98,98.37,42914.029
2025-10-12T23:15:00+00:00,98.37,98.74,97.93,98.57,21745.698
2025-10-12T23:30:00+00:00,98.58,98.86,98.13,98.24,19867.531
2025-10-12T23:45:00+00:00,98.24,98.95,98.03,98.89,29942.703
2025-10-13T00:00:00+00:00,98.88,98.93,98.01,98.57,39018.138
2025-10-13T00:15:00+00:00,98.57,99.39,98.38,98.65,43793.902
2025-10-13T00:30:00+00:00,98.65,98.76,97.77,98.22,46389.174
2025-10-13T00:45:00+00:00,98.22,98.74,97.89,98.19,25330.354
2025-10-13T01:00:00+00:00,98.19,98.41,97.57,97.87,40859.395
2025-10-13T01:15:00+00:00,97.88,98.83,97.62,98.64,35455.662
2025-10-13T01:30:00+00:00,98.64,99.64,98.59,99.16,46458.479
2025-10-13T01:45:00+00:00,99.16,99.43,98.74,99.34,27036.781
2025-10-13T02:00:00+00:00,99.33,99.61,98.45,99.23,61334.900
2025-10-13T02:15:00+00:00,99.22,99.34,98.53,98.62,34095.765
2025-10-13T02:30:00+00:00,98.62,98.82,98.28,98.56,19544.821
2025-10-13T02:45:00+00:00,98.56,99.01,98.54,98.78,20410.553
2025-10-13T03:00:00+00:00,98.78,99.52,98.72,99.16,28626.041
2025-10-13T03:15:00+00:00,99.16,100.01,99.15,99.92,42109.099
2025-10-13T03:30:00+00:00,99.92,99.98,99.09,99.11,37252.262
2025-10-13T03:45:00+00:00,99.11,99.18,98.62,98.94,32493.677
2025-10-13T04:00:00+00:00,98.96,99.09,98.40,98.57,17200.607
2025-10-13T04:15:00+00:00,98.58,98.72,97.73,97.91,62004.234
2025-10-13T04:30:00+00:00,97.91,98.47,97.83,97.85,25745.871
2025-10-13T04:45:00+00:00,97.84,98.59,97.70,98.42,27612.343
2025-10-13T05:00:00+00:00,98.41,98.53,97.24,97.44,51296.806
2025-10-13T05:15:00+00:00,97.44,97.71,96.23,96.59,118040.618
2025-10-13T05:30:00+00:00,96.58,96.71,95.88,95.93,74984.474
2025-10-13T05:45:00+00:00,95.93,96.62,95.75,96.62,61538.539
2025-10-13T06:00:00+00:00,96.61,96.98,96.05,96.87,47160.969
2025-10-13T06:15:00+00:00,96.87,97.08,96.77,97.01,48007.479
2025-10-13T06:30:00+00:00,97.02,97.75,96.48,96.68,94230.192
2025-10-13T06:45:00+00:00,96.67,97.42,96.60,97.25,30262.244
2025-10-13T07:00:00+00:00,97.26,97.74,96.91,97.54,71340.163
2025-10-13T07:15:00+00:00,97.53,98.05,97.26,97.83,44454.928
2025-10-13T07:30:00+00:00,97.84,97.98,97.31,97.59,47302.482
2025-10-13T07:45:00+00:00,97.59,97.59,96.60,97.32,66042.403
2025-10-13T08:00:00+00:00,97.31,97.50,96.96,97.33,44454.644
2025-10-13T08:15:00+00:00,97.32,97.72,97.19,97.67,33664.079
2025-10-13T08:30:00+00:00,97.67,98.50,97.54,98.04,58189.710
2025-10-13T08:45:00+00:00,98.04,98.42,97.57,98.11,52122.784
2025-10-13T09:00:00+00:00,98.11,98.47,97.35,97.56,76606.402
2025-10-13T09:15:00+00:00,97.57,97.88,97.24,97.76,33351.484
2025-10-13T09:30:00+00:00,97.75,98.38,97.74,98.05,24998.976
2025-10-13T09:45:00+00:00,98.05,98.40,98.04,98.38,26330.376
2025-10-13T10:00:00+00:00,98.38,98.50,97.98,98.09,42460.302
2025-10-13T10:15:00+00:00,98.09,98.56,97.65,98.05,64205.823
2025-10-13T10:30:00+00:00,98.04,98.21,97.61,98.02,29874.009
2025-10-13T10:45:00+00:00,98.01,98.23,97.77,97.87,16691.218
2025-10-13T11:00:00+00:00,97.86,98.00,96.69,97.40,116413.140
2025-10-13T11:15:00+00:00,97.39,97.39,94.69,94.89,136262.746
2025-10-13T11:30:00+00:00,94.88,96.43,94.51,96.34,128461.679
2025-10-13T11:45:00+00:00,96.33,96.66,95.93,96.21,39536.948
2025-10-13T12:00:00+00:00,96.21,97.34,95.55,97.07,66986.431
2025-10-13T12:15:00+00:00,97.08,97.10,96.45,96.93,36703.149
2025-10-13T12:30:00+00:00,96.91,97.65,96.73,96.95,56325.374
2025-10-13T12:45:00+00:00,96.96,97.28,96.49,96.68,32548.933
2025-10-13T13:00:00+00:00,96.67,97.14,96.54,96.76,38730.069
2025-10-13T13:15:00+00:00,96.76,97.38,96.56,96.76,34644.399
2025-10-13T13:30:00+00:00,96.77,98.74,96.69,97.75,213900.746
2025-10-13T13:45:00+00:00,97.74,98.38,96.98,98.16,70507.468
2025-10-13T14:00:00+00:00,98.15,98.36,97.01,97.31,58776.287
2025-10-13T14:15:00+00:00,97.31,97.55,95.80,96.36,62993.041
2025-10-13T14:30:00+00:00,96.35,96.96,95.59,96.42,63890.204
2025-10-13T14:45:00+00:00,96.43,96.58,95.64,96.02,59010.704
2025-10-13T15:00:00+00:00,96.02,96.93,96.00,96.64,47182.073
2025-10-13T15:15:00+00:00,96.63,97.33,96.58,96.99,72446.532
2025-10-13T15:30:00+00:00,97.00,97.59,96.99,97.19,34844.657
2025-10-13T15:45:00+00:00,97.19,97.99,97.18,97.79,48069.139
2025-10-13T16:00:00+00:00,97.80,98.48,97.69,98.06,88381.799
2025-10-13T16:15:00+00:00,98.07,98.43,97.17,97.74,83417.435
2025-10-13T16:30:00+00:00,97.75,97.84,97.34,97.53,34233.044
2025-10-13T16:45:00+00:00,97.53,98.52,97.48,98.23,37392.949
2025-10-13T17:00:00+00:00,98.23,98.99,98.15,98.54,58327.455
