timestamp,open,high,low,close,volume
2025-07-15T17:30:00+00:00,2.9307,2.9325,2.9213,2.9299,8814890.6
2025-07-15T17:45:00+00:00,2.9300,2.9400,2.9281,2.9398,10210442.0
2025-07-15T18:00:00+00:00,2.9399,2.9419,2.9273,2.9335,11223543.6
2025-07-15T18:15:00+00:00,2.9335,2.9470,2.9171,2.9198,16277596.8
2025-07-15T18:30:00+00:00,2.9198,2.9207,2.8823,2.8980,30968193.7
2025-07-15T18:45:00+00:00,2.8981,2.9118,2.8945,2.9039,10030654.6
2025-07-15T19:00:00+00:00,2.9039,2.9235,2.8995,2.9160,11988648.3
2025-07-15T19:15:00+00:00,2.9160,2.9216,2.9022,2.9022,6543602.3
2025-07-15T19:30:00+00:00,2.9022,2.9056,2.8733,2.8751,16023500.9
2025-07-15T19:45:00+00:00,2.8752,2.8765,2.8576,2.8634,15998920.4
2025-07-15T20:00:00+00:00,2.8633,2.8777,2.8544,2.8752,15659292.9
2025-07-15T20:15:00+00:00,2.8752,2.8803,2.8594,2.8792,8009809.3
2025-07-15T20:30:00+00:00,2.8792,2.8838,2.8697,2.8776,5259481.0
2025-07-15T20:45:00+00:00,2.8777,2.8820,2.8653,2.8656,4418646.5
2025-07-15T21:00:00+00:00,2.8655,2.8898,2.8586,2.8879,7175401.1
2025-07-15T21:15:00+00:00,2.8879,2.8966,2.8839,2.8939,4513351.1
2025-07-15T21:30:00+00:00,2.8940,2.9120,2.8888,2.9086,7620798.2
2025-07-15T21:45:00+00:00,2.9086,2.9122,2.8962,2.9010,3762228.3
2025-07-15T22:00:00+00:00,2.9010,2.9049,2.8822,2.8975,8491453.6
2025-07-15T22:15:00+00:00,2.8974,2.9018,2.8959,2.8985,2568663.3
2025-07-15T22:30:00+00:00,2.8985,2.9074,2.8907,2.9051,5138605.9
2025-07-15T22:45:00+00:00,2.9051,2.9120,2.9046,2.9095,3924277.2
2025-07-15T23:00:00+00:00,2.9094,2.9301,2.9091,2.9201,16643516.0
2025-07-15T23:15:00+00:00,2.9201,2.9250,2.9160,2.9170,6908723.3
2025-07-15T23:30:00+00:00,2.9170,2.9242,2.9115,2.9233,5202616.9
2025-07-15T23:45:00+00:00,2.9233,2.9237,2.9164,2.9203,4201788.1
2025-07-16T00:00:00+00:00,2.9203,2.9213,2.9035,2.9047,7538454.4
2025-07-16T00:15:00+00:00,2.9046,2.9173,2.9040,2.9143,5172528.3
2025-07-16T00:30:00+00:00,2.9143,2.9345,2.9143,2.9300,10515520.9
2025-07-16T00:45:00+00:00,2.9300,2.9377,2.9256,2.9334,6796136.0
2025-07-16T01:00:00+00:00,2.9335,2.9386,2.9265,2.9293,7866933.6
2025-07-16T01:15:00+00:00,2.9293,2.9361,2.9277,2.9290,4680957.9
2025-07-16T01:30:00+00:00,2.9291,2.9291,2.9200,2.9234,5466884.7
2025-07-16T01:45:00+00:00,2.9233,2.9247,2.9166,2.9213,4286203.8
2025-07-16T02:00:00+00:00,2.9213,2.9217,2.9050,2.9112,7964052.1
2025-07-16T02:15:00+00:00,2.9111,2.9115,2.8900,2.8966,11361153.5
2025-07-16T02:30:00+00:00,2.8966,2.8982,2.8780,2.8859,10335879.2
2025-07-16T02:45:00+00:00,2.8858,2.9006,2.8854,2.8986,5963849.5
2025-07-16T03:00:00+00:00,2.8985,2.9043,2.8922,2.8930,5721939.0
2025-07-16T03:15:00+00:00,2.8929,2.9025,2.8929,2.8996,3516670.5
2025-07-16T03:30:00+00:00,2.8995,2.9076,2.8990,2.9073,3764417.3
2025-07-16T03:45:00+00:00,2.9073,2.9076,2.9011,2.9054,2652454.3
2025-07-16T04:00:00+00:00,2.9054,2.9061,2.8919,2.8929,5075341.0
2025-07-16T04:15:00+00:00,2.8928,2.9048,2.8928,2.9044,4422864.5
2025-07-16T04:30:00+00:00,2.9044,2.9168,2.9023,2.9124,4814476.8
2025-07-16T04:45:00+00:00,2.9123,2.9157,2.9064,2.9117,4123913.0
2025-07-16T05:00:00+00:00,2.9117,2.9255,2.9098,2.9236,7803415.1
2025-07-16T05:15:00+00:00,2.9236,2.9293,2.9193,2.9230,7405934.6
2025-07-16T05:30:00+00:00,2.9231,2.9309,2.9190,2.9279,5655177.4
2025-07-16T05:45:00+00:00,2.9280,2.9288,2.9151,2.9188,5191410.0
2025-07-16T06:00:00+00:00,2.9188,2.9266,2.9130,2.9233,5695702.2
2025-07-16T06:15:00+00:00,2.9234,2.9315,2.9186,2.9232,6566796.7
2025-07-16T06:30:00+00:00,2.9233,2.9356,2.9211,2.9351,9472606.5
2025-07-16T06:45:00+00:00,2.9351,2.9377,2.9307,2.9360,7094839.9
2025-07-16T07:00:00+00:00,2.9361,2.9404,2.9283,2.9301,7808024.6
2025-07-16T07:15:00+00:00,2.9301,2.9361,2.9291,2.9320,3484116.3
2025-07-16T07:30:00+00:00,2.9321,2.9355,2.9292,2.9305,3877352.4
2025-07-16T07:45:00+00:00,2.9306,2.9348,2.9290,2.9301,3385257.9
2025-07-16T08:00:00+00:00,2.9301,2.9329,2.9233,2.9233,4957823.8
2025-07-16T08:15:00+00:00,2.9234,2.9389,2.9221,2.9388,8027135.5
2025-07-16T08:30:00+00:00,2.9389,2.9585,2.9384,2.9576,14718738.9
2025-07-16T08:45:00+00:00,2.9577,2.9625,2.9500,2.9576,11164655.9
2025-07-16T09:00:00+00:00,2.9577,2.9624,2.9523,2.9612,7402059.6
2025-07-16T09:15:00+00:00,2.9611,2.9658,2.9540,2.9598,9035084.8
2025-07-16T09:30:00+00:00,2.9599,2.9643,2.9459,2.9507,9319005.5
2025-07-16T09:45:00+00:00,2.9507,2.9600,2.9482,2.9529,7944232.1
2025-07-16T10:00:00+00:00,2.9529,2.9624,2.9495,2.9587,5330397.7
2025-07-16T10:15:00+00:00,2.9587,2.9631,2.9538,2.9543,4608399.9
2025-07-16T10:30:00+00:00,2.9544,2.9552,2.9428,2.9448,8612166.8
2025-07-16T10:45:00+00:00,2.9448,2.9509,2.9441,2.9451,5425870.7
2025-07-16T11:00:00+00:00,2.9450,2.9569,2.9450,2.9543,5582835.7
2025-07-16T11:15:00+00:00,2.9543,2.9543,2.9448,2.9522,4270193.3
2025-07-16T11:30:00+00:00,2.9521,2.9522,2.9445,2.9489,3566035.6
2025-07-16T11:45:00+00:00,2.9488,2.9544,2.9450,2.9523,4076061.6
2025-07-16T12:00:00+00:00,2.9523,2.9575,2.9467,2.9495,5650224.6
2025-07-16T12:15:00+00:00,2.9495,2.9574,2.9488,2.9569,4329644.9
2025-07-16T12:30:00+00:00,2.9570,2.9748,2.9511,2.9577,18766322.3
2025-07-16T12:45:00+00:00,2.9576,2.9741,2.9544,2.9652,10183044.1
2025-07-16T13:00:00+00:00,2.9651,2.9716,2.9571,2.9684,10720157.5
2025-07-16T13:15:00+00:00,2.9684,2.9957,2.9680,2.9894,26752919.0
2025-07-16T13:30:00+00:00,2.9895,2.9943,2.9792,2.9882,20104889.2
2025-07-16T13:45:00+00:00,2.9882,2.9908,2.9720,2.9795,15870478.2
2025-07-16T14:00:00+00:00,2.9795,2.9857,2.9610,2.9614,15142441.1
2025-07-16T14:15:00+00:00,2.9614,2.9668,2.9546,2.9666,13424346.2
2025-07-16T14:30:00+00:00,2.9665,2.9800,2.9571,2.9754,22935944.4
2025-07-16T14:45:00+00:00,2.9753,2.9959,2.9735,2.9911,25211686.5
2025-07-16T15:00:00+00:00,2.9910,3.0082,2.9769,2.9821,37242899.7
2025-07-16T15:15:00+00:00,2.9820,2.9874,2.9665,2.9845,26297896.8
2025-07-16T15:30:00+00:00,2.9846,2.9852,2.9540,2.9709,20426750.2
2025-07-16T15:45:00+00:00,2.9710,2.9793,2.9665,2.9769,8872428.1
2025-07-16T16:00:00+00:00,2.9770,2.9878,2.9680,2.9806,12632204.2
2025-07-16T16:15:00+00:00,2.9806,2.9991,2.9779,2.9970,16467853.4
2025-07-16T16:30:00+00:00,2.9971,3.0054,2.9851,2.9861,15878905.0
2025-07-16T16:45:00+00:00,2.9862,2.9926,2.9816,2.9917,8825492.3
2025-07-16T17:00:00+00:00,2.9916,3.0014,2.9878,3.0007,9227108.6
2025-07-16T17:15:00+00:00,3.0007,3.0494,2.9956,3.0279,61926697.1
2025-07-16T17:30:00+00:00,3.0279,3.0318,3.0158,3.0279,17240750.3
2025-07-16T17:45:00+00:00,3.0279,3.0424,3.0205,3.0247,21342701.2
2025-07-16T18:00:00+00:00,3.0247,3.0353,3.0133,3.0296,17319126.1
2025-07-16T18:15:00+00:00,3.0297,3.0498,3.0232,3.0442,15995702.7
2025-07-16T18:30:00+00:00,3.0442,3.0795,3.0441,3.0679,38648704.1
2025-07-16T18:45:00+00:00,3.0680,3.0716,3.0356,3.0536,28533400.1
2025-07-16T19:00:00+00:00,3.0536,3.0637,3.0373,3.0438,14517587.2
2025-07-16T19:15:00+00:00,3.0438,3.0638,3.0425,3.0594,12765892.5
2025-07-16T19:30:00+00:00,3.0595,3.0595,3.0340,3.0467,13234310.9
2025-07-16T19:45:00+00:00,3.0466,3.0641,3.0365,3.0599,12255616.0
2025-07-16T20:00:00+00:00,3.0599,3.0680,3.0514,3.0633,10451203.9
2025-07-16T20:15:00+00:00,3.0633,3.0990,3.0620,3.0983,21521305.4
2025-07-16T20:30:00+00:00,3.0982,3.1024,3.0747,3.0784,24633046.3
2025-07-16T20:45:00+00:00,3.0785,3.0801,3.0437,3.0631,23730892.9
2025-07-16T21:00:00+00:00,3.0632,3.0841,3.0542,3.0740,13214012.2
2025-07-16T21:15:00+00:00,3.0740,3.0949,3.0678,3.0849,16375239.3
2025-07-16T21:30:00+00:00,3.0849,3.0887,3.0537,3.0626,12507516.4
2025-07-16T21:45:00+00:00,3.0626,3.0782,3.0618,3.0662,5203694.7
2025-07-16T22:00:00+00:00,3.0662,3.0891,3.0662,3.0860,14377525.3
2025-07-16T22:15:00+00:00,3.0860,3.0906,3.0660,3.0668,9591228.3
2025-07-16T22:30:00+00:00,3.0668,3.0722,3.0550,3.0708,12283205.6
2025-07-16T22:45:00+00:00,3.0708,3.0764,3.0452,3.0539,15253860.2
2025-07-16T23:00:00+00:00,3.0539,3.0578,3.0375,3.0476,12310696.2
2025-07-16T23:15:00+00:00,3.0476,3.0483,3.0235,3.0392,19881598.1
2025-07-16T23:30:00+00:00,3.0391,3.0455,3.0275,3.0423,8300149.6
2025-07-16T23:45:00+00:00,3.0423,3.0482,3.0357,3.0398,7313252.8
2025-07-17T00:00:00+00:00,3.0399,3.0477,3.0351,3.0417,7202114.9
2025-07-17T00:15:00+00:00,3.0416,3.0700,3.0416,3.0574,12162134.6
2025-07-17T00:30:00+00:00,3.0575,3.0815,3.0534,3.0796,10420927.9
2025-07-17T00:45:00+00:00,3.0793,3.0793,3.0552,3.0559,9449911.7
2025-07-17T01:00:00+00:00,3.0559,3.0717,3.0534,3.0660,7777786.7
2025-07-17T01:15:00+00:00,3.0660,3.0664,3.0403,3.0524,12943674.8
2025-07-17T01:30:00+00:00,3.0525,3.0529,3.0271,3.0358,14749764.8
2025-07-17T01:45:00+00:00,3.0358,3.0364,2.9900,3.0221,38159527.7
2025-07-17T02:00:00+00:00,3.0221,3.0358,3.0133,3.0334,11242807.1
2025-07-17T02:15:00+00:00,3.0334,3.0443,3.0321,3.0372,7752604.8
2025-07-17T02:30:00+00:00,3.0372,3.0446,3.0355,3.0411,5462875.5
2025-07-17T02:45:00+00:00,3.0411,3.0552,3.0267,3.0510,10870874.6
2025-07-17T03:00:00+00:00,3.0510,3.0538,3.0288,3.0303,11388287.2
2025-07-17T03:15:00+00:00,3.0303,3.0398,3.0060,3.0114,16901008.1
2025-07-17T03:30:00+00:00,3.0114,3.0226,2.9981,3.0122,22438802.7
2025-07-17T03:45:00+00:00,3.0121,3.0285,3.0106,3.0254,8267344.2
2025-07-17T04:00:00+00:00,3.0253,3.0409,3.0155,3.0387,8955266.1
2025-07-17T04:15:00+00:00,3.0387,3.0569,3.0369,3.0559,15600681.5
2025-07-17T04:30:00+00:00,3.0558,3.0612,3.0501,3.0513,12850182.8
2025-07-17T04:45:00+00:00,3.0514,3.0775,3.0514,3.0759,13701576.7
2025-07-17T05:00:00+00:00,3.0759,3.0803,3.0653,3.0739,9885829.7
2025-07-17T05:15:00+00:00,3.0740,3.1185,3.0740,3.1180,26074387.7
2025-07-17T05:30:00+00:00,3.1179,3.1508,3.1089,3.1371,64049570.6
2025-07-17T05:45:00+00:00,3.1371,3.1489,3.1257,3.1439,22010999.1
2025-07-17T06:00:00+00:00,3.1439,3.1749,3.1412,3.1641,37568490.7
2025-07-17T06:15:00+00:00,3.1642,3.1650,3.1468,3.1519,24240999.7
2025-07-17T06:30:00+00:00,3.1519,3.1677,3.1415,3.1597,16735409.9
2025-07-17T06:45:00+00:00,3.1596,3.1698,3.1519,3.1554,13689616.3
2025-07-17T07:00:00+00:00,3.1555,3.1577,3.1271,3.1381,20780716.3
2025-07-17T07:15:00+00:00,3.1378,3.1520,3.1354,3.1428,9871424.6
2025-07-17T07:30:00+00:00,3.1429,3.1642,3.1418,3.1630,14137976.2
2025-07-17T07:45:00+00:00,3.1629,3.1645,3.1522,3.1572,10046129.9
2025-07-17T08:00:00+00:00,3.1573,3.1620,3.1413,3.1571,15296622.6
2025-07-17T08:15:00+00:00,3.1570,3.1949,3.1541,3.1934,41044869.5
2025-07-17T08:30:00+00:00,3.1934,3.2000,3.1853,3.1955,28306551.1
2025-07-17T08:45:00+00:00,3.1954,3.2418,3.1854,3.2375,40450127.7
2025-07-17T09:00:00+00:00,3.2372,3.2681,3.2202,3.2488,61715046.9
2025-07-17T09:15:00+00:00,3.2489,3.2806,3.2462,3.2658,39940617.0
2025-07-17T09:30:00+00:00,3.2657,3.2754,3.2514,3.2735,27458457.2
2025-07-17T09:45:00+00:00,3.2735,3.2793,3.2587,3.2646,19797888.7
2025-07-17T10:00:00+00:00,3.2647,3.2788,3.2234,3.2486,53354639.3
2025-07-17T10:15:00+00:00,3.2485,3.2580,3.2363,3.2449,14846248.7
2025-07-17T10:30:00+00:00,3.2449,3.2625,3.2382,3.2430,13826926.4
2025-07-17T10:45:00+00:00,3.2429,3.2755,3.2414,3.2755,18927966.2
2025-07-17T11:00:00+00:00,3.2756,3.2971,3.2574,3.2930,33550763.6
2025-07-17T11:15:00+00:00,3.2930,3.3023,3.2680,3.2772,33864299.7
2025-07-17T11:30:00+00:00,3.2772,3.2779,3.2500,3.2608,22543316.0
2025-07-17T11:45:00+00:00,3.2609,3.2861,3.2559,3.2645,17952161.8
2025-07-17T12:00:00+00:00,3.2645,3.2733,3.2350,3.2532,30189505.2
2025-07-17T12:15:00+00:00,3.2532,3.2700,3.2400,3.2411,16323844.4
2025-07-17T12:30:00+00:00,3.2412,3.2679,3.2412,3.2639,19076956.1
2025-07-17T12:45:00+00:00,3.2640,3.2777,3.2576,3.2615,13662494.0
2025-07-17T13:00:00+00:00,3.2615,3.2737,3.2401,3.2433,19092298.9
2025-07-17T13:15:00+00:00,3.2433,3.2433,3.2028,3.2209,41593876.9
2025-07-17T13:30:00+00:00,3.2209,3.2297,3.1825,3.1958,53160987.9
2025-07-17T13:45:00+00:00,3.1956,3.2407,3.1700,3.2289,53907150.0
2025-07-17T14:00:00+00:00,3.2288,3.2475,3.2284,3.2446,21857034.2
2025-07-17T14:15:00+00:00,3.2445,3.2468,3.2312,3.2449,12276622.4
2025-07-17T14:30:00+00:00,3.2449,3.2573,3.2423,3.2463,17434495.6
2025-07-17T14:45:00+00:00,3.2464,3.2580,3.2336,3.2348,11640667.9
2025-07-17T15:00:00+00:00,3.2349,3.2435,3.1951,3.2027,32055143.1
2025-07-17T15:15:00+00:00,3.2028,3.2387,3.1983,3.2296,16635448.9
2025-07-17T15:30:00+00:00,3.2295,3.2546,3.2268,3.2515,13108641.1
2025-07-17T15:45:00+00:00,3.2516,3.2647,3.2439,3.2546,13753590.1
2025-07-17T16:00:00+00:00,3.2546,3.2671,3.2473,3.2552,15092516.8
2025-07-17T16:15:00+00:00,3.2551,3.2746,3.2400,3.2568,24085170.6
2025-07-17T16:30:00+00:00,3.2569,3.2612,3.2223,3.2560,35052550.1
2025-07-17T16:45:00+00:00,3.2559,3.2684,3.2440,3.2671,17268425.8
2025-07-17T17:00:00+00:00,3.2670,3.2840,3.2569,3.2695,21495819.2
2025-07-17T17:15:00+00:00,3.2696,3.3073,3.2612,3.2916,37390193.4
2025-07-17T17:30:00+00:00,3.2916,3.2964,3.2649,3.2685,23379453.3
2025-07-17T17:45:00+00:00,3.2685,3.3222,3.2655,3.3176,34326117.4
2025-07-17T18:00:00+00:00,3.3176,3.3406,3.3041,3.3334,39598789.4
2025-07-17T18:15:00+00:00,3.3334,3.3367,3.3051,3.3121,21511373.9
2025-07-17T18:30:00+00:00,3.3121,3.3526,3.3090,3.3370,27258161.1
2025-07-17T18:45:00+00:00,3.3370,3.3643,3.3370,3.3562,35471725.3
2025-07-17T19:00:00+00:00,3.3563,3.3712,3.3468,3.3607,27238340.4
2025-07-17T19:15:00+00:00,3.3606,3.3834,3.3568,3.3833,27302977.9
2025-07-17T19:30:00+00:00,3.3833,3.4045,3.3465,3.3661,77609860.5
2025-07-17T19:45:00+00:00,3.3662,3.3662,3.3038,3.3087,62905863.2
2025-07-17T20:00:00+00:00,3.3088,3.3476,3.2864,3.3363,64050453.5
2025-07-17T20:15:00+00:00,3.3363,3.3634,3.3118,3.3473,33097700.0
2025-07-17T20:30:00+00:00,3.3474,3.3711,3.3465,3.3551,23053329.5
2025-07-17T20:45:00+00:00,3.3550,3.3789,3.3510,3.3620,19046659.2
2025-07-17T21:00:00+00:00,3.3621,3.4654,3.3559,3.4494,115095201.0
2025-07-17T21:15:00+00:00,3.4494,3.4924,3.4370,3.4766,72435180.4
2025-07-17T21:30:00+00:00,3.4767,3.4782,3.4000,3.4698,49682099.1
2025-07-17T21:45:00+00:00,3.4698,3.5552,3.4497,3.5159,75489817.4
2025-07-17T22:00:00+00:00,3.5161,3.5330,3.4652,3.4958,53300668.5
2025-07-17T22:15:00+00:00,3.4958,3.5055,3.4558,3.4722,27077923.4
2025-07-17T22:30:00+00:00,3.4722,3.4997,3.4650,3.4913,18312122.5
2025-07-17T22:45:00+00:00,3.4913,3.4981,3.4456,3.4760,25434776.4
2025-07-17T23:00:00+00:00,3.4760,3.5390,3.4733,3.5157,42380012.5
2025-07-17T23:15:00+00:00,3.5156,3.5432,3.5144,3.5341,27420935.3
2025-07-17T23:30:00+00:00,3.5340,3.5379,3.5111,3.5284,25028966.8
2025-07-17T23:45:00+00:00,3.5283,3.5555,3.4773,3.4840,50164375.1
2025-07-18T00:00:00+00:00,3.4841,3.5332,3.4646,3.4884,39474288.5
2025-07-18T00:15:00+00:00,3.4884,3.5800,3.4880,3.5571,55364802.4
2025-07-18T00:30:00+00:00,3.5572,3.6174,3.5527,3.6166,57783896.1
2025-07-18T00:45:00+00:00,3.6166,3.6580,3.6047,3.6557,68869598.9
2025-07-18T01:00:00+00:00,3.6557,3.6570,3.6255,3.6367,39103062.6
2025-07-18T01:15:00+00:00,3.6367,3.6646,3.5850,3.6035,56971759.2
2025-07-18T01:30:00+00:00,3.6035,3.6307,3.5941,3.6052,25175150.7
2025-07-18T01:45:00+00:00,3.6052,3.6206,3.5771,3.5987,19450192.1
2025-07-18T02:00:00+00:00,3.5987,3.5998,3.5444,3.5910,33784735.0
2025-07-18T02:15:00+00:00,3.5911,3.6056,3.5710,3.5989,22100208.6
2025-07-18T02:30:00+00:00,3.5990,3.5990,3.5700,3.5936,16463699.2
2025-07-18T02:45:00+00:00,3.5935,3.6005,3.5744,3.5967,15991955.4
2025-07-18T03:00:00+00:00,3.5967,3.6278,3.5924,3.6204,16851358.5
2025-07-18T03:15:00+00:00,3.6204,3.6386,3.6150,3.6344,18073348.1
2025-07-18T03:30:00+00:00,3.6344,3.6561,3.6271,3.6363,23282525.4
2025-07-18T03:45:00+00:00,3.6362,3.6380,3.6043,3.6086,19048641.7
2025-07-18T04:00:00+00:00,3.6086,3.6141,3.5819,3.5935,19924412.6
2025-07-18T04:15:00+00:00,3.5934,3.5976,3.5772,3.5937,14426464.5
2025-07-18T04:30:00+00:00,3.5937,3.6097,3.5910,3.6054,11010421.1
2025-07-18T04:45:00+00:00,3.6053,3.6132,3.5928,3.5930,8849694.0
2025-07-18T05:00:00+00:00,3.5929,3.6380,3.5870,3.6317,24993225.5
2025-07-18T05:15:00+00:00,3.6318,3.6419,3.6155,3.6235,21688312.2
2025-07-18T05:30:00+00:00,3.6236,3.6338,3.6158,3.6208,14987599.2
2025-07-18T05:45:00+00:00,3.6207,3.6386,3.6156,3.6210,13039091.7
2025-07-18T06:00:00+00:00,3.6210,3.6229,3.5520,3.5794,40174851.6
2025-07-18T06:15:00+00:00,3.5794,3.5799,3.5355,3.5470,25531461.1
2025-07-18T06:30:00+00:00,3.5470,3.5696,3.5451,3.5665,19591087.1
2025-07-18T06:45:00+00:00,3.5666,3.5768,3.5621,3.5678,11835960.0
2025-07-18T07:00:00+00:00,3.5679,3.5728,3.5331,3.5345,20538866.8
2025-07-18T07:15:00+00:00,3.5346,3.5448,3.5104,3.5334,40584192.9
2025-07-18T07:30:00+00:00,3.5335,3.5407,3.4900,3.5230,37538657.0
2025-07-18T07:45:00+00:00,3.5230,3.5235,3.4511,3.4602,54837541.9
2025-07-18T08:00:00+00:00,3.4603,3.5168,3.4598,3.4893,46203828.1
2025-07-18T08:15:00+00:00,3.4893,3.5150,3.4866,3.4980,24193889.9
2025-07-18T08:30:00+00:00,3.4980,3.4990,3.4264,3.4418,60953060.9
2025-07-18T08:45:00+00:00,3.4419,3.4694,3.4334,3.4496,30784723.8
2025-07-18T09:00:00+00:00,3.4496,3.4536,3.4061,3.4395,53004908.0
2025-07-18T09:15:00+00:00,3.4396,3.4469,3.4122,3.4342,28293921.9
2025-07-18T09:30:00+00:00,3.4341,3.4617,3.4314,3.4547,21978769.2
2025-07-18T09:45:00+00:00,3.4546,3.4670,3.4399,3.4537,17784356.2
2025-07-18T10:00:00+00:00,3.4536,3.4575,3.4315,3.4380,11908987.9
2025-07-18T10:15:00+00:00,3.4380,3.4440,3.4093,3.4407,18623655.1
2025-07-18T10:30:00+00:00,3.4408,3.4584,3.4407,3.4530,17547845.9
2025-07-18T10:45:00+00:00,3.4529,3.4856,3.4469,3.4726,28845273.7
2025-07-18T11:00:00+00:00,3.4726,3.4807,3.4550,3.4589,15383030.8
2025-07-18T11:15:00+00:00,3.4590,3.4636,3.4276,3.4503,24930989.3
2025-07-18T11:30:00+00:00,3.4503,3.4951,3.4446,3.4936,21832293.1
2025-07-18T11:45:00+00:00,3.4936,3.5000,3.4759,3.4906,17742331.6
2025-07-18T12:00:00+00:00,3.4906,3.4910,3.4708,3.4781,12896387.0
2025-07-18T12:15:00+00:00,3.4781,3.5094,3.4762,3.5039,22570744.7
2025-07-18T12:30:00+00:00,3.5038,3.5246,3.4953,3.5123,24582771.8
2025-07-18T12:45:00+00:00,3.5123,3.5298,3.4961,3.5004,27170506.9
2025-07-18T13:00:00+00:00,3.5005,3.5024,3.4744,3.4811,25532413.0
2025-07-18T13:15:00+00:00,3.4812,3.4923,3.4671,3.4896,18921185.2
2025-07-18T13:30:00+00:00,3.4896,3.5460,3.4876,3.5128,34676182.1
2025-07-18T13:45:00+00:00,3.5128,3.5235,3.5000,3.5082,19641993.4
2025-07-18T14:00:00+00:00,3.5082,3.5249,3.4862,3.4937,26008170.5
2025-07-18T14:15:00+00:00,3.4936,3.4965,3.4163,3.4410,63708137.1
2025-07-18T14:30:00+00:00,3.4410,3.4500,3.4072,3.4447,36085348.1
2025-07-18T14:45:00+00:00,3.4446,3.4717,3.4443,3.4554,22917503.8
2025-07-18T15:00:00+00:00,3.4554,3.4600,3.4169,3.4189,24612578.1
2025-07-18T15:15:00+00:00,3.4188,3.4321,3.3476,3.3792,94373862.4
2025-07-18T15:30:00+00:00,3.3792,3.3946,3.3500,3.3706,29484133.1
2025-07-18T15:45:00+00:00,3.3706,3.3962,3.3603,3.3765,20395546.6
2025-07-18T16:00:00+00:00,3.3765,3.4000,3.3649,3.3914,17783940.4
2025-07-18T16:15:00+00:00,3.3913,3.4200,3.3771,3.4176,33573960.9
2025-07-18T16:30:00+00:00,3.4176,3.4390,3.4150,3.4284,24172266.5
2025-07-18T16:45:00+00:00,3.4284,3.4407,3.4168,3.4406,13263641.8
2025-07-18T17:00:00+00:00,3.4407,3.4459,3.4242,3.4298,16767640.5
2025-07-18T17:15:00+00:00,3.4298,3.4546,3.4290,3.4507,12117211.9
2025-07-18T17:30:00+00:00,3.4506,3.4660,3.4432,3.4564,19808540.6
2025-07-18T17:45:00+00:00,3.4563,3.4616,3.4477,3.4503,8787716.5
2025-07-18T18:00:00+00:00,3.4504,3.4530,3.4241,3.4336,18827916.4
2025-07-18T18:15:00+00:00,3.4335,3.4494,3.4240,3.4493,12307001.4
2025-07-18T18:30:00+00:00,3.4492,3.4657,3.4492,3.4612,11626493.8
2025-07-18T18:45:00+00:00,3.4611,3.4671,3.4371,3.4405,9098146.5
2025-07-18T19:00:00+00:00,3.4405,3.4463,3.4037,3.4212,25580116.7
2025-07-18T19:15:00+00:00,3.4212,3.4809,3.4212,3.4665,22630826.4
2025-07-18T19:30:00+00:00,3.4666,3.4666,3.4366,3.4399,14361823.3
2025-07-18T19:45:00+00:00,3.4398,3.4543,3.4179,3.4354,18578434.7
2025-07-18T20:00:00+00:00,3.4351,3.4504,3.4175,3.4299,15377500.9
2025-07-18T20:15:00+00:00,3.4299,3.4365,3.3652,3.3672,31269862.7
2025-07-18T20:30:00+00:00,3.3673,3.3983,3.3592,3.3977,24790194.5
2025-07-18T20:45:00+00:00,3.3977,3.4328,3.3949,3.4136,17508998.8
2025-07-18T21:00:00+00:00,3.4137,3.4320,3.4109,3.4266,9946765.2
2025-07-18T21:15:00+00:00,3.4266,3.4494,3.4164,3.4429,10896937.9
2025-07-18T21:30:00+00:00,3.4430,3.4519,3.4412,3.4454,5624774.5
2025-07-18T21:45:00+00:00,3.4455,3.4534,3.4046,3.4147,12110708.5
2025-07-18T22:00:00+00:00,3.4148,3.4198,3.3970,3.4117,12019919.4
2025-07-18T22:15:00+00:00,3.4116,3.4330,3.4061,3.4256,12688270.6
2025-07-18T22:30:00+00:00,3.4256,3.4322,3.4061,3.4061,8125137.3
2025-07-18T22:45:00+00:00,3.4062,3.4144,3.3800,3.3932,19155590.8
2025-07-18T23:00:00+00:00,3.3933,3.3982,3.3635,3.3806,16271003.7
2025-07-18T23:15:00+00:00,3.3805,3.4058,3.3755,3.4024,11243901.5
2025-07-18T23:30:00+00:00,3.4024,3.4159,3.4022,3.4079,9432861.0
2025-07-18T23:45:00+00:00,3.4079,3.4223,3.4056,3.4140,9957352.1
2025-07-19T00:00:00+00:00,3.4141,3.4573,3.4122,3.4522,18541766.2
2025-07-19T00:15:00+00:00,3.4523,3.4579,3.4400,3.4533,10270294.3
2025-07-19T00:30:00+00:00,3.4533,3.4675,3.4447,3.4527,17071914.5
2025-07-19T00:45:00+00:00,3.4528,3.4600,3.4314,3.4323,12662655.3
2025-07-19T01:00:00+00:00,3.4323,3.4450,3.3972,3.4422,23048091.6
2025-07-19T01:15:00+00:00,3.4421,3.4638,3.4327,3.4543,13450583.1
2025-07-19T01:30:00+00:00,3.4543,3.4570,3.4434,3.4511,7552115.4
2025-07-19T01:45:00+00:00,3.4512,3.4523,3.4390,3.4428,6209114.8
2025-07-19T02:00:00+00:00,3.4428,3.4490,3.4170,3.4364,11860281.9
2025-07-19T02:15:00+00:00,3.4363,3.4500,3.4201,3.4332,7880675.9
2025-07-19T02:30:00+00:00,3.4333,3.4550,3.4328,3.4513,6015153.3
2025-07-19T02:45:00+00:00,3.4513,3.4625,3.4485,3.4495,7968224.9
2025-07-19T03:00:00+00:00,3.4496,3.4549,3.4404,3.4450,6383961.4
2025-07-19T03:15:00+00:00,3.4451,3.4521,3.4366,3.4463,7646818.8
2025-07-19T03:30:00+00:00,3.4464,3.4804,3.4460,3.4719,14941781.0
2025-07-19T03:45:00+00:00,3.4720,3.4720,3.4457,3.4498,11367435.7
2025-07-19T04:00:00+00:00,3.4497,3.4692,3.4427,3.4676,12823721.4
2025-07-19T04:15:00+00:00,3.4676,3.4704,3.4593,3.4668,6412779.6
2025-07-19T04:30:00+00:00,3.4668,3.4862,3.4642,3.4778,10255504.5
2025-07-19T04:45:00+00:00,3.4779,3.4801,3.4594,3.4618,6856426.1
2025-07-19T05:00:00+00:00,3.4619,3.4648,3.4379,3.4432,11549080.7
2025-07-19T05:15:00+00:00,3.4431,3.4510,3.4334,3.4488,7303097.1
2025-07-19T05:30:00+00:00,3.4488,3.4610,3.4464,3.4547,5390412.8
2025-07-19T05:45:00+00:00,3.4546,3.4600,3.4402,3.4582,6555895.1
2025-07-19T06:00:00+00:00,3.4583,3.4679,3.4582,3.4621,7660717.1
2025-07-19T06:15:00+00:00,3.4621,3.4680,3.4306,3.4311,9900298.6
2025-07-19T06:30:00+00:00,3.4311,3.4412,3.4165,3.4260,12011787.0
2025-07-19T06:45:00+00:00,3.4261,3.4459,3.4261,3.4458,5199856.7
2025-07-19T07:00:00+00:00,3.4459,3.4538,3.4398,3.4414,7262013.5
2025-07-19T07:15:00+00:00,3.4415,3.4659,3.4338,3.4637,10212493.5
2025-07-19T07:30:00+00:00,3.4637,3.4696,3.4552,3.4677,10347040.3
2025-07-19T07:45:00+00:00,3.4676,3.4752,3.4627,3.4660,11033713.5
2025-07-19T08:00:00+00:00,3.4659,3.4748,3.4466,3.4520,10221422.9
2025-07-19T08:15:00+00:00,3.4519,3.4593,3.4386,3.4474,8026300.4
2025-07-19T08:30:00+00:00,3.4475,3.4485,3.4315,3.4348,8132602.3
2025-07-19T08:45:00+00:00,3.4348,3.4420,3.4280,3.4384,8500995.2
2025-07-19T09:00:00+00:00,3.4384,3.4410,3.4283,3.4289,7879536.2
2025-07-19T09:15:00+00:00,3.4290,3.4376,3.4280,3.4363,4588103.7
2025-07-19T09:30:00+00:00,3.4362,3.4637,3.4312,3.4590,11644059.6
2025-07-19T09:45:00+00:00,3.4590,3.4661,3.4386,3.4549,12273696.0
2025-07-19T10:00:00+00:00,3.4549,3.4565,3.4346,3.4360,7915351.5
2025-07-19T10:15:00+00:00,3.4360,3.4382,3.4208,3.4301,11156698.3
2025-07-19T10:30:00+00:00,3.4302,3.4481,3.4268,3.4416,6125150.7
2025-07-19T10:45:00+00:00,3.4417,3.4438,3.4206,3.4285,8768506.4
2025-07-19T11:00:00+00:00,3.4286,3.4309,3.4017,3.4035,12718178.6
2025-07-19T11:15:00+00:00,3.4034,3.4213,3.3966,3.4190,15044774.8
2025-07-19T11:30:00+00:00,3.4191,3.4213,3.4023,3.4075,6583457.7
2025-07-19T11:45:00+00:00,3.4074,3.4115,3.3882,3.3930,11852052.4
2025-07-19T12:00:00+00:00,3.3931,3.4072,3.3812,3.3831,17548485.1
2025-07-19T12:15:00+00:00,3.3831,3.4054,3.3817,3.3980,8187744.4
2025-07-19T12:30:00+00:00,3.3980,3.4107,3.3951,3.4055,6946755.4
2025-07-19T12:45:00+00:00,3.4055,3.4187,3.4029,3.4160,5817424.0
2025-07-19T13:00:00+00:00,3.4160,3.4175,3.3956,3.4065,9476009.7
2025-07-19T13:15:00+00:00,3.4064,3.4321,3.4025,3.4234,8958747.5
2025-07-19T13:30:00+00:00,3.4234,3.4265,3.4171,3.4196,6167611.9
2025-07-19T13:45:00+00:00,3.4195,3.4217,3.4029,3.4113,8402431.3
2025-07-19T14:00:00+00:00,3.4114,3.4148,3.3838,3.3852,10280351.2
2025-07-19T14:15:00+00:00,3.3852,3.4024,3.3758,3.3837,15225520.4
2025-07-19T14:30:00+00:00,3.3837,3.3919,3.3678,3.3747,16833806.7
2025-07-19T14:45:00+00:00,3.3746,3.3788,3.3546,3.3620,22906078.8
2025-07-19T15:00:00+00:00,3.3620,3.3935,3.3576,3.3878,18281714.0
2025-07-19T15:15:00+00:00,3.3878,3.4187,3.3877,3.4148,17835678.0
2025-07-19T15:30:00+00:00,3.4149,3.4234,3.4039,3.4231,11358632.9
2025-07-19T15:45:00+00:00,3.4230,3.4231,3.4069,3.4105,9648097.5
2025-07-19T16:00:00+00:00,3.4106,3.4274,3.4050,3.4162,12535770.4
2025-07-19T16:15:00+00:00,3.4162,3.4388,3.4146,3.4335,13758674.7
2025-07-19T16:30:00+00:00,3.4335,3.4397,3.4303,3.4380,6057232.4
2025-07-19T16:45:00+00:00,3.4381,3.4610,3.4323,3.4450,15962763.9
2025-07-19T17:00:00+00:00,3.4449,3.4531,3.4350,3.4382,7521078.2
2025-07-19T17:15:00+00:00,3.4383,3.4437,3.4327,3.4434,3896926.1
2025-07-19T17:30:00+00:00,3.4434,3.4441,3.4303,3.4323,6175103.0
2025-07-19T17:45:00+00:00,3.4323,3.4379,3.4202,3.4256,7659150.3
2025-07-19T18:00:00+00:00,3.4257,3.4324,3.4114,3.4279,8486480.1
2025-07-19T18:15:00+00:00,3.4278,3.4297,3.4135,3.4221,5077042.4
2025-07-19T18:30:00+00:00,3.4221,3.4396,3.4190,3.4337,5268771.7
2025-07-19T18:45:00+00:00,3.4338,3.4376,3.4196,3.4215,4250397.4
2025-07-19T19:00:00+00:00,3.4216,3.4266,3.4112,3.4211,8460655.2
2025-07-19T19:15:00+00:00,3.4211,3.4308,3.4193,3.4286,3826849.5
2025-07-19T19:30:00+00:00,3.4287,3.4329,3.4200,3.4316,6328960.7
2025-07-19T19:45:00+00:00,3.4315,3.4328,3.4230,3.4325,4266194.1
2025-07-19T20:00:00+00:00,3.4324,3.4391,3.4258,3.4351,4126379.2
2025-07-19T20:15:00+00:00,3.4352,3.4352,3.4267,3.4289,3531751.8
2025-07-19T20:30:00+00:00,3.4288,3.4396,3.4281,3.4377,2784463.7
2025-07-19T20:45:00+00:00,3.4377,3.4456,3.4163,3.4164,6610402.3
2025-07-19T21:00:00+00:00,3.4163,3.4246,3.3918,3.3960,15195443.4
2025-07-19T21:15:00+00:00,3.3959,3.4014,3.3804,3.3981,14331744.9
2025-07-19T21:30:00+00:00,3.3980,3.3980,3.3847,3.3916,5861655.7
2025-07-19T21:45:00+00:00,3.3917,3.4081,3.3917,3.4040,4906435.7
2025-07-19T22:00:00+00:00,3.4039,3.4114,3.3935,3.4113,4644865.1
2025-07-19T22:15:00+00:00,3.4114,3.4174,3.4094,3.4150,4306574.1
2025-07-19T22:30:00+00:00,3.4151,3.4271,3.4102,3.4270,4424977.1
2025-07-19T22:45:00+00:00,3.4271,3.4286,3.4220,3.4220,3659788.6
2025-07-19T23:00:00+00:00,3.4220,3.4257,3.4142,3.4241,4320145.8
2025-07-19T23:15:00+00:00,3.4241,3.4265,3.4155,3.4231,3535106.4
2025-07-19T23:30:00+00:00,3.4232,3.4337,3.4214,3.4315,4756821.2
2025-07-19T23:45:00+00:00,3.4315,3.4336,3.4239,3.4250,3567917.1
2025-07-20T00:00:00+00:00,3.4249,3.4267,3.4072,3.4145,10159096.0
2025-07-20T00:15:00+00:00,3.4145,3.4219,3.4104,3.4156,6312049.4
2025-07-20T00:30:00+00:00,3.4157,3.4300,3.4138,3.4185,5044768.9
2025-07-20T00:45:00+00:00,3.4186,3.4332,3.4162,3.4282,4415654.4
2025-07-20T01:00:00+00:00,3.4283,3.4450,3.4239,3.4401,8272431.1
2025-07-20T01:15:00+00:00,3.4402,3.4527,3.4356,3.4361,10456669.6
2025-07-20T01:30:00+00:00,3.4361,3.4465,3.4333,3.4415,3975342.8
2025-07-20T01:45:00+00:00,3.4416,3.4437,3.4210,3.4230,7324699.3
2025-07-20T02:00:00+00:00,3.4229,3.4246,3.4050,3.4106,15865540.0
2025-07-20T02:15:00+00:00,3.4106,3.4120,3.3922,3.3924,18887174.2
2025-07-20T02:30:00+00:00,3.3923,3.4016,3.3850,3.3900,18935797.1
2025-07-20T02:45:00+00:00,3.3901,3.4070,3.3846,3.4053,7956967.7
2025-07-20T03:00:00+00:00,3.4052,3.4147,3.4029,3.4139,5940759.7
2025-07-20T03:15:00+00:00,3.4139,3.4180,3.4099,3.4167,4762598.6
2025-07-20T03:30:00+00:00,3.4166,3.4419,3.4154,3.4303,20141895.8
2025-07-20T03:45:00+00:00,3.4302,3.4402,3.4281,3.4355,9263499.1
2025-07-20T04:00:00+00:00,3.4354,3.4446,3.4272,3.4324,9067450.9
2025-07-20T04:15:00+00:00,3.4324,3.4368,3.4236,3.4295,7183016.1
2025-07-20T04:30:00+00:00,3.4295,3.4374,3.4161,3.4182,6586916.9
2025-07-20T04:45:00+00:00,3.4182,3.4249,3.4127,3.4242,5708782.2
2025-07-20T05:00:00+00:00,3.4241,3.4256,3.4107,3.4155,5741276.9
2025-07-20T05:15:00+00:00,3.4156,3.4176,3.4076,3.4088,4045417.5
2025-07-20T05:30:00+00:00,3.4088,3.4125,3.4027,3.4120,5264203.6
2025-07-20T05:45:00+00:00,3.4120,3.4254,3.4112,3.4197,5698940.5
2025-07-20T06:00:00+00:00,3.4197,3.4198,3.4060,3.4076,5436394.5
2025-07-20T06:15:00+00:00,3.4076,3.4104,3.4024,3.4087,5267227.4
2025-07-20T06:30:00+00:00,3.4087,3.4159,3.4075,3.4149,3005377.6
2025-07-20T06:45:00+00:00,3.4150,3.4233,3.4146,3.4175,3439038.9
2025-07-20T07:00:00+00:00,3.4175,3.4408,3.4171,3.4327,11605228.4
2025-07-20T07:15:00+00:00,3.4327,3.4550,3.4323,3.4541,13592028.9
2025-07-20T07:30:00+00:00,3.4541,3.4597,3.4458,3.4512,14687485.5
2025-07-20T07:45:00+00:00,3.4512,3.4555,3.4338,3.4430,9252385.5
2025-07-20T08:00:00+00:00,3.4429,3.4546,3.4429,3.4510,7015048.7
2025-07-20T08:15:00+00:00,3.4511,3.4627,3.4502,3.4591,9786408.2
2025-07-20T08:30:00+00:00,3.4591,3.4712,3.4506,3.4703,10122735.1
2025-07-20T08:45:00+00:00,3.4702,3.5020,3.4663,3.4999,29596691.0
2025-07-20T09:00:00+00:00,3.4999,3.5367,3.4974,3.5126,49399023.7
2025-07-20T09:15:00+00:00,3.5127,3.5203,3.4773,3.4831,28801677.2
2025-07-20T09:30:00+00:00,3.4831,3.5027,3.4810,3.5009,14175125.0
2025-07-20T09:45:00+00:00,3.5009,3.5117,3.4870,3.4890,12804271.5
2025-07-20T10:00:00+00:00,3.4891,3.5159,3.4863,3.4986,12710573.1
2025-07-20T10:15:00+00:00,3.4985,3.5042,3.4894,3.5020,9043908.5
2025-07-20T10:30:00+00:00,3.5020,3.5167,3.4994,3.5125,9682391.0
2025-07-20T10:45:00+00:00,3.5125,3.5265,3.5068,3.5107,11213208.5
2025-07-20T11:00:00+00:00,3.5107,3.5124,3.4915,3.4938,10332329.2
2025-07-20T11:15:00+00:00,3.4937,3.5073,3.4852,3.4963,13199129.0
2025-07-20T11:30:00+00:00,3.4964,3.5075,3.4903,3.5021,7237310.8
2025-07-20T11:45:00+00:00,3.5020,3.5154,3.4931,3.4999,11552212.7
2025-07-20T12:00:00+00:00,3.4998,3.4998,3.4787,3.4899,12209667.1
2025-07-20T12:15:00+00:00,3.4900,3.5050,3.4843,3.4843,8072857.6
2025-07-20T12:30:00+00:00,3.4844,3.4958,3.4792,3.4863,6255444.8
2025-07-20T12:45:00+00:00,3.4863,3.4973,3.4786,3.4910,6848664.4
2025-07-20T13:00:00+00:00,3.4911,3.5121,3.4874,3.5094,10155945.9
2025-07-20T13:15:00+00:00,3.5094,3.5178,3.4983,3.4987,9527761.9
2025-07-20T13:30:00+00:00,3.4987,3.5228,3.4981,3.5217,10362683.7
2025-07-20T13:45:00+00:00,3.5217,3.5270,3.5099,3.5241,11321615.5
2025-07-20T14:00:00+00:00,3.5242,3.5276,3.4911,3.5048,20491063.7
2025-07-20T14:15:00+00:00,3.5047,3.5297,3.4968,3.5151,15959510.6
2025-07-20T14:30:00+00:00,3.5151,3.5485,3.5131,3.5383,25242209.1
2025-07-20T14:45:00+00:00,3.5384,3.5449,3.5261,3.5394,17038669.2
2025-07-20T15:00:00+00:00,3.5393,3.5412,3.5269,3.5294,11282015.0
2025-07-20T15:15:00+00:00,3.5295,3.5314,3.5103,3.5199,12896621.6
2025-07-20T15:30:00+00:00,3.5200,3.5262,3.5128,3.5224,9176551.7
2025-07-20T15:45:00+00:00,3.5224,3.5340,3.5170,3.5187,9697449.5
2025-07-20T16:00:00+00:00,3.5186,3.5360,3.5147,3.5262,15753745.9
2025-07-20T16:15:00+00:00,3.5262,3.5309,3.5012,3.5186,14487650.4
2025-07-20T16:30:00+00:00,3.5185,3.5376,3.5160,3.5336,11414996.3
2025-07-20T16:45:00+00:00,3.5335,3.5368,3.5117,3.5166,10211981.7
2025-07-20T17:00:00+00:00,3.5166,3.5166,3.4824,3.5023,20750910.7
2025-07-20T17:15:00+00:00,3.5024,3.5127,3.4903,3.5097,9915993.9
2025-07-20T17:30:00+00:00,3.5098,3.5256,3.5030,3.5110,12142939.2
2025-07-20T17:45:00+00:00,3.5110,3.5157,3.4941,3.5004,9093112.4
2025-07-20T18:00:00+00:00,3.5004,3.5212,3.4959,3.5087,11035119.3
2025-07-20T18:15:00+00:00,3.5088,3.5256,3.4991,3.5224,8697081.8
2025-07-20T18:30:00+00:00,3.5225,3.5284,3.5084,3.5151,13493513.9
2025-07-20T18:45:00+00:00,3.5151,3.5360,3.5151,3.5354,8591750.1
2025-07-20T19:00:00+00:00,3.5354,3.5542,3.5346,3.5490,14914327.6
2025-07-20T19:15:00+00:00,3.5489,3.5583,3.5326,3.5532,9555522.5
2025-07-20T19:30:00+00:00,3.5532,3.5598,3.5348,3.5350,9235546.4
2025-07-20T19:45:00+00:00,3.5350,3.5464,3.5216,3.5247,9475769.1
2025-07-20T20:00:00+00:00,3.5246,3.5269,3.4911,3.5046,18405138.3
2025-07-20T20:15:00+00:00,3.5045,3.5139,3.5021,3.5073,7363306.7
2025-07-20T20:30:00+00:00,3.5072,3.5184,3.5054,3.5144,4515341.0
2025-07-20T20:45:00+00:00,3.5145,3.5261,3.5023,3.5094,5507168.1
2025-07-20T21:00:00+00:00,3.5094,3.5144,3.4846,3.4955,10268271.0
2025-07-20T21:15:00+00:00,3.4955,3.5059,3.4871,3.5043,6430328.6
2025-07-20T21:30:00+00:00,3.5044,3.5082,3.4884,3.4972,4495073.6
2025-07-20T21:45:00+00:00,3.4973,3.5066,3.4972,3.5056,2370455.6
2025-07-20T22:00:00+00:00,3.5056,3.5086,3.4330,3.4502,40006727.0
2025-07-20T22:15:00+00:00,3.4502,3.4581,3.4000,3.4486,50699443.3
2025-07-20T22:30:00+00:00,3.4486,3.4652,3.4335,3.4646,15774998.5
2025-07-20T22:45:00+00:00,3.4645,3.4679,3.4459,3.4551,11672594.7
2025-07-20T23:00:00+00:00,3.4551,3.4554,3.4315,3.4436,11619362.5
2025-07-20T23:15:00+00:00,3.4436,3.4573,3.4399,3.4464,9379055.1
2025-07-20T23:30:00+00:00,3.4463,3.4642,3.4365,3.4571,8275222.4
2025-07-20T23:45:00+00:00,3.4571,3.4649,3.4508,3.4542,5804916.5
2025-07-21T00:00:00+00:00,3.4542,3.4592,3.4218,3.4229,17247733.4
2025-07-21T00:15:00+00:00,3.4230,3.4406,3.4068,3.4325,17273613.9
2025-07-21T00:30:00+00:00,3.4325,3.4455,3.4230,3.4331,8766321.1
2025-07-21T00:45:00+00:00,3.4331,3.4515,3.4267,3.4515,6487102.5
2025-07-21T01:00:00+00:00,3.4515,3.4624,3.4441,3.4447,9643316.4
2025-07-21T01:15:00+00:00,3.4448,3.4500,3.4300,3.4372,6853989.6
2025-07-21T01:30:00+00:00,3.4373,3.4507,3.4258,3.4486,7701427.9
2025-07-21T01:45:00+00:00,3.4487,3.4775,3.4455,3.4652,15511460.7
2025-07-21T02:00:00+00:00,3.4653,3.4875,3.4653,3.4816,11057629.1
2025-07-21T02:15:00+00:00,3.4817,3.4851,3.4720,3.4767,6031020.6
2025-07-21T02:30:00+00:00,3.4767,3.4845,3.4680,3.4753,6050055.0
2025-07-21T02:45:00+00:00,3.4753,3.4853,3.4702,3.4852,5159210.6
2025-07-21T03:00:00+00:00,3.4852,3.4908,3.4735,3.4776,11264012.2
2025-07-21T03:15:00+00:00,3.4777,3.4867,3.4771,3.4862,5244659.7
2025-07-21T03:30:00+00:00,3.4862,3.4896,3.4815,3.4825,5872052.7
2025-07-21T03:45:00+00:00,3.4825,3.4850,3.4764,3.4792,5125515.7
2025-07-21T04:00:00+00:00,3.4793,3.4800,3.4723,3.4761,4070320.5
2025-07-21T04:15:00+00:00,3.4762,3.5052,3.4745,3.5011,11303310.5
2025-07-21T04:30:00+00:00,3.5012,3.5068,3.4959,3.5014,6547368.4
2025-07-21T04:45:00+00:00,3.5014,3.5089,3.4998,3.5052,5345883.4
2025-07-21T05:00:00+00:00,3.5052,3.5061,3.4953,3.4999,5403935.6
2025-07-21T05:15:00+00:00,3.5000,3.5006,3.4890,3.4935,4862227.5
2025-07-21T05:30:00+00:00,3.4935,3.5039,3.4912,3.5027,3126627.9
2025-07-21T05:45:00+00:00,3.5028,3.5127,3.4974,3.5124,5630572.3
2025-07-21T06:00:00+00:00,3.5124,3.5275,3.5110,3.5248,13532280.5
2025-07-21T06:15:00+00:00,3.5249,3.5710,3.5243,3.5709,33772162.8
2025-07-21T06:30:00+00:00,3.5710,3.5710,3.5420,3.5468,26173402.5
2025-07-21T06:45:00+00:00,3.5467,3.5666,3.5430,3.5612,16819182.4
2025-07-21T07:00:00+00:00,3.5613,3.5668,3.5526,3.5630,13985609.3
2025-07-21T07:15:00+00:00,3.5630,3.5791,3.5577,3.5699,14891980.1
2025-07-21T07:30:00+00:00,3.5699,3.5837,3.5595,3.5677,11414029.1
2025-07-21T07:45:00+00:00,3.5678,3.5809,3.5663,3.5690,9186821.4
2025-07-21T08:00:00+00:00,3.5691,3.5756,3.5611,3.5673,9796600.4
2025-07-21T08:15:00+00:00,3.5672,3.5824,3.5669,3.5805,10077758.1
2025-07-21T08:30:00+00:00,3.5805,3.5825,3.5658,3.5733,6783097.4
2025-07-21T08:45:00+00:00,3.5733,3.5755,3.5522,3.5606,15737176.2
2025-07-21T09:00:00+00:00,3.5606,3.5795,3.5606,3.5662,8166774.2
2025-07-21T09:15:00+00:00,3.5662,3.5680,3.5433,3.5473,15107745.1
2025-07-21T09:30:00+00:00,3.5474,3.5539,3.5319,3.5403,11542354.9
2025-07-21T09:45:00+00:00,3.5403,3.5539,3.5335,3.5486,7346525.9
2025-07-21T10:00:00+00:00,3.5487,3.5531,3.5399,3.5517,5885926.9
2025-07-21T10:15:00+00:00,3.5516,3.5530,3.5329,3.5352,5741074.5
2025-07-21T10:30:00+00:00,3.5352,3.5413,3.5314,3.5390,5890221.7
2025-07-21T10:45:00+00:00,3.5391,3.5566,3.5382,3.5548,8322513.6
2025-07-21T11:00:00+00:00,3.5548,3.5621,3.5490,3.5574,6543112.8
2025-07-21T11:15:00+00:00,3.5573,3.5613,3.5476,3.5535,5943250.5
2025-07-21T11:30:00+00:00,3.5534,3.5585,3.5389,3.5395,9040890.8
2025-07-21T11:45:00+00:00,3.5395,3.5480,3.5350,3.5356,6427710.9
2025-07-21T12:00:00+00:00,3.5357,3.5376,3.4993,3.5218,32395856.2
2025-07-21T12:15:00+00:00,3.5218,3.5390,3.5210,3.5385,11279040.5
2025-07-21T12:30:00+00:00,3.5386,3.5420,3.5270,3.5375,12073103.0
2025-07-21T12:45:00+00:00,3.5375,3.5498,3.5353,3.5395,8145792.8
2025-07-21T13:00:00+00:00,3.5396,3.5446,3.5172,3.5305,9099077.5
2025-07-21T13:15:00+00:00,3.5305,3.5429,3.5214,3.5273,6581342.4
2025-07-21T13:30:00+00:00,3.5272,3.5597,3.5254,3.5575,13398852.0
2025-07-21T13:45:00+00:00,3.5576,3.5759,3.5570,3.5756,26233670.6
2025-07-21T14:00:00+00:00,3.5756,3.6192,3.5743,3.6009,51789620.5
2025-07-21T14:15:00+00:00,3.6009,3.6300,3.5933,3.6285,28604567.1
2025-07-21T14:30:00+00:00,3.6285,3.6307,3.6071,3.6176,20396047.4
2025-07-21T14:45:00+00:00,3.6177,3.6532,3.6173,3.6426,33459518.9
2025-07-21T15:00:00+00:00,3.6425,3.6510,3.6130,3.6237,22885000.7
2025-07-21T15:15:00+00:00,3.6237,3.6485,3.6220,3.6327,17866126.7
2025-07-21T15:30:00+00:00,3.6327,3.6353,3.6084,3.6259,20896402.1
2025-07-21T15:45:00+00:00,3.6259,3.6322,3.6028,3.6066,12958538.7
2025-07-21T16:00:00+00:00,3.6066,3.6238,3.5830,3.5953,26258812.9
2025-07-21T16:15:00+00:00,3.5953,3.5980,3.5423,3.5781,53783985.1
2025-07-21T16:30:00+00:00,3.5781,3.5942,3.5655,3.5869,17676769.6
2025-07-21T16:45:00+00:00,3.5870,3.5998,3.5693,3.5923,12509690.8
2025-07-21T17:00:00+00:00,3.5923,3.6254,3.5885,3.6160,15927779.8
2025-07-21T17:15:00+00:00,3.6159,3.6178,3.5917,3.5920,9121192.0
2025-07-21T17:30:00+00:00,3.5918,3.6105,3.5809,3.5856,9845012.7
2025-07-21T17:45:00+00:00,3.5855,3.6102,3.5740,3.6041,12548446.7
2025-07-21T18:00:00+00:00,3.6042,3.6176,3.6038,3.6145,6768357.3
2025-07-21T18:15:00+00:00,3.6144,3.6210,3.6005,3.6018,9397699.8
2025-07-21T18:30:00+00:00,3.6018,3.6038,3.5702,3.5759,11998852.6
2025-07-21T18:45:00+00:00,3.5759,3.5790,3.5500,3.5536,15816402.4
2025-07-21T19:00:00+00:00,3.5537,3.5811,3.5505,3.5807,18676318.0
2025-07-21T19:15:00+00:00,3.5806,3.5837,3.5464,3.5490,10687323.3
2025-07-21T19:30:00+00:00,3.5490,3.5540,3.5296,3.5397,18967579.2
2025-07-21T19:45:00+00:00,3.5397,3.5480,3.5272,3.5467,11709078.8
2025-07-21T20:00:00+00:00,3.5466,3.5556,3.5340,3.5495,12090647.2
2025-07-21T20:15:00+00:00,3.5495,3.5550,3.5395,3.5483,6235429.9
2025-07-21T20:30:00+00:00,3.5483,3.5599,3.5365,3.5443,8347508.1
2025-07-21T20:45:00+00:00,3.5443,3.5554,3.5213,3.5219,11375251.0
2025-07-21T21:00:00+00:00,3.5218,3.5400,3.5120,3.5255,12225903.0
2025-07-21T21:15:00+00:00,3.5254,3.5442,3.5254,3.5420,5454002.0
2025-07-21T21:30:00+00:00,3.5420,3.5574,3.5322,3.5556,5623796.0
2025-07-21T21:45:00+00:00,3.5556,3.5557,3.5423,3.5523,3088200.4
2025-07-21T22:00:00+00:00,3.5523,3.5631,3.5503,3.5622,5608889.4
2025-07-21T22:15:00+00:00,3.5622,3.5673,3.5523,3.5669,4696372.9
2025-07-21T22:30:00+00:00,3.5670,3.5744,3.5669,3.5743,5811094.3
2025-07-21T22:45:00+00:00,3.5743,3.5744,3.5626,3.5663,4723453.0
2025-07-21T23:00:00+00:00,3.5663,3.5677,3.5529,3.5539,5321966.2
2025-07-21T23:15:00+00:00,3.5539,3.5548,3.5435,3.5526,5330354.4
2025-07-21T23:30:00+00:00,3.5525,3.5602,3.5452,3.5456,3817751.3
2025-07-21T23:45:00+00:00,3.5456,3.5621,3.5446,3.5497,4271425.5
2025-07-22T00:00:00+00:00,3.5498,3.5582,3.5369,3.5551,6942258.8
2025-07-22T00:15:00+00:00,3.5550,3.5723,3.5544,3.5668,8044520.0
2025-07-22T00:30:00+00:00,3.5669,3.5669,3.5313,3.5376,11285854.4
2025-07-22T00:45:00+00:00,3.5377,3.5552,3.5250,3.5303,7104438.4
2025-07-22T01:00:00+00:00,3.5302,3.5331,3.4929,3.4981,24560544.6
2025-07-22T01:15:00+00:00,3.4982,3.5202,3.4609,3.5168,43008271.2
2025-07-22T01:30:00+00:00,3.5168,3.5506,3.5112,3.5399,17949653.5
2025-07-22T01:45:00+00:00,3.5398,3.5616,3.5354,3.5502,10351476.3
2025-07-22T02:00:00+00:00,3.5503,3.5589,3.5323,3.5420,9061793.7
2025-07-22T02:15:00+00:00,3.5420,3.5758,3.5321,3.5622,13505351.7
2025-07-22T02:30:00+00:00,3.5623,3.5711,3.5384,3.5429,10616412.8
2025-07-22T02:45:00+00:00,3.5430,3.5447,3.5061,3.5164,16004089.7
2025-07-22T03:00:00+00:00,3.5164,3.5192,3.5001,3.5074,10936034.2
2025-07-22T03:15:00+00:00,3.5073,3.5090,3.4832,3.5022,18593505.5
2025-07-22T03:30:00+00:00,3.5021,3.5107,3.4730,3.4840,16426181.3
2025-07-22T03:45:00+00:00,3.4840,3.5029,3.4753,3.5007,9195873.8
2025-07-22T04:00:00+00:00,3.5007,3.5039,3.4838,3.4873,6485994.4
2025-07-22T04:15:00+00:00,3.4873,3.4920,3.4636,3.4759,15206852.6
2025-07-22T04:30:00+00:00,3.4759,3.4940,3.4660,3.4690,12012519.5
2025-07-22T04:45:00+00:00,3.4689,3.4765,3.4201,3.4234,37655121.8
2025-07-22T05:00:00+00:00,3.4233,3.4743,3.4225,3.4681,20422384.7
2025-07-22T05:15:00+00:00,3.4681,3.4885,3.4644,3.4676,12528523.7
2025-07-22T05:30:00+00:00,3.4677,3.4766,3.4532,3.4573,9550969.9
2025-07-22T05:45:00+00:00,3.4572,3.4683,3.4452,3.4604,8464020.1
2025-07-22T06:00:00+00:00,3.4605,3.4798,3.4491,3.4771,10128520.9
2025-07-22T06:15:00+00:00,3.4770,3.4819,3.4648,3.4709,8393265.5
2025-07-22T06:30:00+00:00,3.4709,3.4824,3.4629,3.4638,6240648.4
2025-07-22T06:45:00+00:00,3.4637,3.4699,3.4566,3.4651,7253918.7
2025-07-22T07:00:00+00:00,3.4650,3.4884,3.4639,3.4881,10803932.6
2025-07-22T07:15:00+00:00,3.4881,3.4992,3.4803,3.4956,10641766.3
2025-07-22T07:30:00+00:00,3.4956,3.4963,3.4837,3.4883,6888888.1
2025-07-22T07:45:00+00:00,3.4883,3.4900,3.4644,3.4757,8087096.2
2025-07-22T08:00:00+00:00,3.4757,3.4757,3.4356,3.4372,15236811.2
2025-07-22T08:15:00+00:00,3.4372,3.4517,3.4253,3.4323,18547954.8
2025-07-22T08:30:00+00:00,3.4323,3.4557,3.4275,3.4545,10106158.2
2025-07-22T08:45:00+00:00,3.4545,3.4732,3.4467,3.4680,9788599.3
2025-07-22T09:00:00+00:00,3.4680,3.4707,3.4380,3.4421,10903837.4
2025-07-22T09:15:00+00:00,3.4421,3.4568,3.4290,3.4498,10468009.1
2025-07-22T09:30:00+00:00,3.4499,3.4777,3.4490,3.4766,10155661.1
2025-07-22T09:45:00+00:00,3.4766,3.4827,3.4675,3.4726,8804167.2
2025-07-22T10:00:00+00:00,3.4726,3.4842,3.4680,3.4807,6309937.0
2025-07-22T10:15:00+00:00,3.4808,3.4835,3.4683,3.4828,4899348.7
2025-07-22T10:30:00+00:00,3.4829,3.4946,3.4809,3.4911,7831381.3
2025-07-22T10:45:00+00:00,3.4911,3.4982,3.4872,3.4979,5200330.7
2025-07-22T11:00:00+00:00,3.4980,3.5020,3.4866,3.4878,8428097.6
2025-07-22T11:15:00+00:00,3.4879,3.5024,3.4879,3.5022,6102999.3
2025-07-22T11:30:00+00:00,3.5022,3.5112,3.4916,3.5076,7004965.8
2025-07-22T11:45:00+00:00,3.5075,3.5229,3.5042,3.5199,13956267.9
2025-07-22T12:00:00+00:00,3.5198,3.5254,3.5117,3.5195,8979769.6
2025-07-22T12:15:00+00:00,3.5195,3.5200,3.5077,3.5128,6237216.5
2025-07-22T12:30:00+00:00,3.5128,3.5213,3.4973,3.5209,10345949.6
2025-07-22T12:45:00+00:00,3.5209,3.5222,3.5038,3.5131,8937223.6
2025-07-22T13:00:00+00:00,3.5130,3.5290,3.5079,3.5289,7471479.6
2025-07-22T13:15:00+00:00,3.5289,3.5387,3.5130,3.5217,12164170.4
2025-07-22T13:30:00+00:00,3.5217,3.5360,3.4952,3.5303,22160242.4
2025-07-22T13:45:00+00:00,3.5302,3.5302,3.4712,3.4790,27672013.4
2025-07-22T14:00:00+00:00,3.4790,3.4906,3.4404,3.4895,31146702.3
2025-07-22T14:15:00+00:00,3.4895,3.4959,3.4701,3.4930,11016898.4
2025-07-22T14:30:00+00:00,3.4929,3.5114,3.4884,3.4964,13134939.5
2025-07-22T14:45:00+00:00,3.4965,3.5243,3.4849,3.5216,13763536.2
2025-07-22T15:00:00+00:00,3.5216,3.5268,3.5105,3.5246,10894855.9
2025-07-22T15:15:00+00:00,3.5245,3.5309,3.5148,3.5211,10166272.0
2025-07-22T15:30:00+00:00,3.5211,3.5277,3.5049,3.5123,8236077.7
2025-07-22T15:45:00+00:00,3.5124,3.5202,3.5066,3.5102,6228030.3
2025-07-22T16:00:00+00:00,3.5101,3.5238,3.4940,3.5234,11036868.4
2025-07-22T16:15:00+00:00,3.5234,3.5391,3.5041,3.5163,13966318.0
2025-07-22T16:30:00+00:00,3.5163,3.5286,3.5118,3.5213,6441519.6
2025-07-22T16:45:00+00:00,3.5213,3.5325,3.5180,3.5304,7459071.9
2025-07-22T17:00:00+00:00,3.5304,3.5378,3.5101,3.5253,11878245.8
2025-07-22T17:15:00+00:00,3.5253,3.5317,3.5116,3.5269,7683815.6
2025-07-22T17:30:00+00:00,3.5269,3.5720,3.5201,3.5687,26972402.2
2025-07-22T17:45:00+00:00,3.5687,3.5749,3.5563,3.5578,18970806.5
2025-07-22T18:00:00+00:00,3.5577,3.5725,3.5508,3.5633,12673013.7
2025-07-22T18:15:00+00:00,3.5634,3.5746,3.5533,3.5707,10572925.3
2025-07-22T18:30:00+00:00,3.5707,3.5827,3.5540,3.5555,13659947.1
2025-07-22T18:45:00+00:00,3.5556,3.5745,3.5508,3.5626,13454244.3
2025-07-22T19:00:00+00:00,3.5626,3.5744,3.5565,3.5678,7441147.7
2025-07-22T19:15:00+00:00,3.5679,3.5720,3.5562,3.5661,6293698.9
2025-07-22T19:30:00+00:00,3.5661,3.5662,3.5527,3.5576,7094664.7
2025-07-22T19:45:00+00:00,3.5575,3.5580,3.5187,3.5202,18624746.7
2025-07-22T20:00:00+00:00,3.5202,3.5517,3.5188,3.5446,12295166.5
2025-07-22T20:15:00+00:00,3.5445,3.5470,3.5310,3.5436,4990918.6
2025-07-22T20:30:00+00:00,3.5436,3.5557,3.5382,3.5553,4185660.5
2025-07-22T20:45:00+00:00,3.5552,3.5564,3.5379,3.5442,3318083.5
2025-07-22T21:00:00+00:00,3.5442,3.5480,3.5272,3.5336,6281493.1
2025-07-22T21:15:00+00:00,3.5336,3.5363,3.5284,3.5307,3191014.9
2025-07-22T21:30:00+00:00,3.5306,3.5316,3.5154,3.5211,5424440.3
2025-07-22T21:45:00+00:00,3.5211,3.5358,3.5207,3.5297,5006434.0
2025-07-22T22:00:00+00:00,3.5297,3.5410,3.5297,3.5367,6300777.3
2025-07-22T22:15:00+00:00,3.5367,3.5481,3.5351,3.5456,4605512.8
2025-07-22T22:30:00+00:00,3.5457,3.5486,3.5343,3.5375,4923009.2
2025-07-22T22:45:00+00:00,3.5374,3.5386,3.5262,3.5293,4640794.8
2025-07-22T23:00:00+00:00,3.5293,3.5429,3.5282,3.5428,4056763.3
2025-07-22T23:15:00+00:00,3.5428,3.5546,3.5428,3.5510,5613443.4
2025-07-22T23:30:00+00:00,3.5510,3.5550,3.5486,3.5520,3835549.5
2025-07-22T23:45:00+00:00,3.5520,3.5569,3.5506,3.5533,4828643.7
2025-07-23T00:00:00+00:00,3.5533,3.5547,3.5283,3.5342,8709764.3
2025-07-23T00:15:00+00:00,3.5341,3.5508,3.5271,3.5280,6771502.1
2025-07-23T00:30:00+00:00,3.5279,3.5362,3.5235,3.5281,4982141.3
2025-07-23T00:45:00+00:00,3.5281,3.5349,3.5180,3.5209,5346874.4
2025-07-23T01:00:00+00:00,3.5209,3.5211,3.5048,3.5084,9513795.5
2025-07-23T01:15:00+00:00,3.5085,3.5196,3.5084,3.5128,4331859.6
2025-07-23T01:30:00+00:00,3.5128,3.5278,3.5112,3.5237,5026600.4
2025-07-23T01:45:00+00:00,3.5238,3.5306,3.5178,3.5207,5175903.9
2025-07-23T02:00:00+00:00,3.5207,3.5212,3.5061,3.5061,5895626.6
2025-07-23T02:15:00+00:00,3.5062,3.5166,3.5042,3.5162,3728556.1
2025-07-23T02:30:00+00:00,3.5162,3.5225,3.5050,3.5050,5212490.9
2025-07-23T02:45:00+00:00,3.5050,3.5102,3.4970,3.5091,6692441.0
2025-07-23T03:00:00+00:00,3.5091,3.5113,3.5024,3.5099,3469259.3
2025-07-23T03:15:00+00:00,3.5100,3.5110,3.4982,3.5057,3412277.2
2025-07-23T03:30:00+00:00,3.5058,3.5095,3.4995,3.5005,3306018.2
2025-07-23T03:45:00+00:00,3.5004,3.5011,3.4908,3.4952,5477934.0
2025-07-23T04:00:00+00:00,3.4951,3.5004,3.4901,3.4942,4647243.2
2025-07-23T04:15:00+00:00,3.4943,3.5042,3.4870,3.5026,5729624.0
2025-07-23T04:30:00+00:00,3.5026,3.5105,3.5010,3.5057,3389511.2
2025-07-23T04:45:00+00:00,3.5057,3.5140,3.4998,3.5128,3845816.5
2025-07-23T05:00:00+00:00,3.5129,3.5129,3.4980,3.5040,4257554.7
2025-07-23T05:15:00+00:00,3.5041,3.5058,3.4958,3.5014,3944131.2
2025-07-23T05:30:00+00:00,3.5015,3.5101,3.4976,3.4982,6237785.1
2025-07-23T05:45:00+00:00,3.4982,3.5030,3.4912,3.4941,4661167.8
2025-07-23T06:00:00+00:00,3.4942,3.4942,3.4800,3.4831,6791006.1
2025-07-23T06:15:00+00:00,3.4831,3.4850,3.4705,3.4849,10997348.0
2025-07-23T06:30:00+00:00,3.4849,3.4849,3.4691,3.4728,5947870.0
2025-07-23T06:45:00+00:00,3.4728,3.4847,3.4711,3.4841,5088360.0
2025-07-23T07:00:00+00:00,3.4841,3.4853,3.4750,3.4809,3767393.9
2025-07-23T07:15:00+00:00,3.4809,3.4839,3.4740,3.4817,7443048.1
2025-07-23T07:30:00+00:00,3.4817,3.4848,3.4664,3.4714,12797270.4
2025-07-23T07:45:00+00:00,3.4714,3.4762,3.4610,3.4687,7346893.8
2025-07-23T08:00:00+00:00,3.4687,3.4747,3.4636,3.4744,6253580.2
2025-07-23T08:15:00+00:00,3.4745,3.4747,3.4642,3.4681,4000147.0
2025-07-23T08:30:00+00:00,3.4682,3.4691,3.4562,3.4638,5820005.4
2025-07-23T08:45:00+00:00,3.4637,3.4748,3.4622,3.4745,6417428.8
2025-07-23T09:00:00+00:00,3.4745,3.4762,3.4625,3.4637,5139542.5
2025-07-23T09:15:00+00:00,3.4638,3.4638,3.4451,3.4477,11217437.1
2025-07-23T09:30:00+00:00,3.4477,3.4560,3.4414,3.4510,9918830.2
2025-07-23T09:45:00+00:00,3.4509,3.4595,3.4479,3.4497,5383904.6
2025-07-23T10:00:00+00:00,3.4496,3.4497,3.4310,3.4319,16777662.3
2025-07-23T10:15:00+00:00,3.4319,3.4463,3.4309,3.4427,10501037.7
2025-07-23T10:30:00+00:00,3.4427,3.4476,3.4360,3.4435,7742087.6
2025-07-23T10:45:00+00:00,3.4435,3.4546,3.4433,3.4508,7648213.4
2025-07-23T11:00:00+00:00,3.4509,3.4517,3.4367,3.4372,6311990.0
2025-07-23T11:15:00+00:00,3.4373,3.4570,3.4370,3.4552,5606607.0
2025-07-23T11:30:00+00:00,3.4553,3.4561,3.4471,3.4507,3996368.9
2025-07-23T11:45:00+00:00,3.4508,3.4523,3.4440,3.4506,4234189.6
2025-07-23T12:00:00+00:00,3.4506,3.4506,3.4341,3.4485,8008507.1
2025-07-23T12:15:00+00:00,3.4485,3.4485,3.4353,3.4419,5314592.7
2025-07-23T12:30:00+00:00,3.4419,3.4471,3.4058,3.4115,22408208.7
2025-07-23T12:45:00+00:00,3.4115,3.4208,3.3077,3.3461,119170919.7
2025-07-23T13:00:00+00:00,3.3463,3.3629,3.3147,3.3581,52788380.6
2025-07-23T13:15:00+00:00,3.3581,3.3688,3.3255,3.3686,33300968.0
2025-07-23T13:30:00+00:00,3.3685,3.3685,3.2580,3.2816,90787472.1
2025-07-23T13:45:00+00:00,3.2815,3.2999,3.2242,3.2646,114815964.1
2025-07-23T14:00:00+00:00,3.2646,3.3040,3.2503,3.2651,54836243.6
2025-07-23T14:15:00+00:00,3.2652,3.3154,3.2648,3.3148,35366828.0
2025-07-23T14:30:00+00:00,3.3148,3.3176,3.2928,3.3003,18181274.3
2025-07-23T14:45:00+00:00,3.3004,3.3039,3.2850,3.3039,14700937.0
2025-07-23T15:00:00+00:00,3.3038,3.3119,3.2657,3.2693,20817888.6
2025-07-23T15:15:00+00:00,3.2692,3.2932,3.2661,3.2852,14390861.9
2025-07-23T15:30:00+00:00,3.2851,3.3144,3.2797,3.3142,15951919.3
2025-07-23T15:45:00+00:00,3.3141,3.3318,3.2983,3.3219,20466142.3
2025-07-23T16:00:00+00:00,3.3218,3.3218,3.2827,3.2847,17759663.3
2025-07-23T16:15:00+00:00,3.2847,3.2958,3.2665,3.2816,13045847.7
2025-07-23T16:30:00+00:00,3.2815,3.2821,3.2437,3.2596,24804967.5
2025-07-23T16:45:00+00:00,3.2595,3.2631,3.2271,3.2304,24464361.4
2025-07-23T17:00:00+00:00,3.2305,3.2477,3.2023,3.2117,48259247.9
2025-07-23T17:15:00+00:00,3.2118,3.2301,3.1600,3.1950,73838060.0
2025-07-23T17:30:00+00:00,3.1950,3.2318,3.1733,3.2275,27325184.2
2025-07-23T17:45:00+00:00,3.2276,3.2469,3.2220,3.2409,18363647.7
2025-07-23T18:00:00+00:00,3.2410,3.2615,3.2341,3.2470,16558795.8
2025-07-23T18:15:00+00:00,3.2469,3.2564,3.2340,3.2383,11298565.1
2025-07-23T18:30:00+00:00,3.2383,3.2504,3.2328,3.2328,8057771.7
2025-07-23T18:45:00+00:00,3.2329,3.2540,3.2327,3.2508,8596162.0
2025-07-23T19:00:00+00:00,3.2509,3.2534,3.2353,3.2355,8698677.7
2025-07-23T19:15:00+00:00,3.2354,3.2448,3.2242,3.2260,12503293.4
2025-07-23T19:30:00+00:00,3.2260,3.2262,3.2072,3.2130,14379306.1
2025-07-23T19:45:00+00:00,3.2130,3.2333,3.1822,3.1845,18252363.8
2025-07-23T20:00:00+00:00,3.1845,3.2170,3.1761,3.1931,23969090.3
2025-07-23T20:15:00+00:00,3.1931,3.1931,3.1278,3.1438,48776939.5
2025-07-23T20:30:00+00:00,3.1438,3.1484,3.0733,3.1275,95354191.1
2025-07-23T20:45:00+00:00,3.1275,3.1533,3.1009,3.1479,36442370.3
2025-07-23T21:00:00+00:00,3.1480,3.1762,3.1368,3.1495,28242294.6
2025-07-23T21:15:00+00:00,3.1496,3.1541,3.0577,3.1042,43227522.9
2025-07-23T21:30:00+00:00,3.1043,3.1348,3.0500,3.1234,49978707.0
2025-07-23T21:45:00+00:00,3.1235,3.1539,3.1188,3.1384,17253891.6
2025-07-23T22:00:00+00:00,3.1383,3.1535,3.1005,3.1490,26770449.0
2025-07-23T22:15:00+00:00,3.1492,3.1770,3.1363,3.1766,24331504.9
2025-07-23T22:30:00+00:00,3.1765,3.1851,3.1644,3.1756,20717701.4
2025-07-23T22:45:00+00:00,3.1756,3.1994,3.1666,3.1746,29341521.9
2025-07-23T23:00:00+00:00,3.1746,3.2016,3.1713,3.1942,15205394.5
2025-07-23T23:15:00+00:00,3.1943,3.2036,3.1854,3.1961,10841067.8
2025-07-23T23:30:00+00:00,3.1961,3.1991,3.1783,3.1817,12147190.4
2025-07-23T23:45:00+00:00,3.1817,3.1875,3.1730,3.1845,10795408.8
2025-07-24T00:00:00+00:00,3.1846,3.1848,3.1498,3.1752,26236655.5
2025-07-24T00:15:00+00:00,3.1752,3.2269,3.1669,3.2122,33364745.9
2025-07-24T00:30:00+00:00,3.2121,3.2282,3.2010,3.2147,18884254.3
2025-07-24T00:45:00+00:00,3.2147,3.2246,3.2067,3.2222,8557491.0
2025-07-24T01:00:00+00:00,3.2222,3.2223,3.2022,3.2105,8821514.2
2025-07-24T01:15:00+00:00,3.2106,3.2220,3.2023,3.2067,7942194.0
2025-07-24T01:30:00+00:00,3.2067,3.2099,3.1837,3.1995,13371087.7
2025-07-24T01:45:00+00:00,3.1996,3.2314,3.1986,3.2299,10333316.0
2025-07-24T02:00:00+00:00,3.2299,3.2354,3.2158,3.2178,12133499.6
2025-07-24T02:15:00+00:00,3.2178,3.2196,3.1994,3.2016,7965532.7
2025-07-24T02:30:00+00:00,3.2015,3.2161,3.1968,3.2139,6674530.4
2025-07-24T02:45:00+00:00,3.2138,3.2261,3.1930,3.1970,8482147.2
2025-07-24T03:00:00+00:00,3.1969,3.2024,3.1884,3.1990,5988085.6
2025-07-24T03:15:00+00:00,3.1991,3.2252,3.1934,3.2245,8699676.4
2025-07-24T03:30:00+00:00,3.2245,3.2299,3.2102,3.2264,11264331.0
2025-07-24T03:45:00+00:00,3.2264,3.2283,3.1842,3.1917,12495527.7
2025-07-24T04:00:00+00:00,3.1917,3.1959,3.1669,3.1914,17958269.6
2025-07-24T04:15:00+00:00,3.1913,3.1913,3.1584,3.1646,16675172.9
2025-07-24T04:30:00+00:00,3.1646,3.1694,3.1284,3.1309,31403277.2
2025-07-24T04:45:00+00:00,3.1309,3.1457,3.1156,3.1258,22956011.4
2025-07-24T05:00:00+00:00,3.1259,3.1314,3.0843,3.0847,33643815.7
2025-07-24T05:15:00+00:00,3.0848,3.1078,3.0670,3.0755,28221619.0
2025-07-24T05:30:00+00:00,3.0754,3.1169,3.0693,3.1067,22641839.5
2025-07-24T05:45:00+00:00,3.1067,3.1076,3.0320,3.0369,43801178.0
2025-07-24T06:00:00+00:00,3.0370,3.0898,3.0320,3.0821,28515125.9
2025-07-24T06:15:00+00:00,3.0822,3.1011,3.0454,3.0966,32574533.4
2025-07-24T06:30:00+00:00,3.0967,3.1015,3.0094,3.0164,48613456.6
2025-07-24T06:45:00+00:00,3.0163,3.0342,2.9535,3.0125,89799798.5
2025-07-24T07:00:00+00:00,3.0125,3.0464,2.9650,3.0464,58892080.0
2025-07-24T07:15:00+00:00,3.0465,3.0628,3.0399,3.0513,30517980.8
2025-07-24T07:30:00+00:00,3.0512,3.0588,3.0266,3.0558,16429671.8
2025-07-24T07:45:00+00:00,3.0558,3.0762,3.0352,3.0744,19299758.8
2025-07-24T08:00:00+00:00,3.0744,3.1077,3.0552,3.1064,27361868.9
2025-07-24T08:15:00+00:00,3.1063,3.1071,3.0850,3.0879,17425120.0
2025-07-24T08:30:00+00:00,3.0880,3.1045,3.0853,3.0963,14228737.9
2025-07-24T08:45:00+00:00,3.0963,3.1096,3.0954,3.1011,9719860.2
2025-07-24T09:00:00+00:00,3.1012,3.1159,3.0976,3.1006,14438379.4
2025-07-24T09:15:00+00:00,3.1007,3.1075,3.0883,3.1075,11469572.5
2025-07-24T09:30:00+00:00,3.1075,3.1149,3.0969,3.1136,10548418.8
2025-07-24T09:45:00+00:00,3.1137,3.1194,3.0868,3.1151,14359773.2
2025-07-24T10:00:00+00:00,3.1151,3.1310,3.0983,3.1076,15701078.1
2025-07-24T10:15:00+00:00,3.1075,3.1158,3.0834,3.0860,18153376.1
2025-07-24T10:30:00+00:00,3.0860,3.0900,3.0650,3.0803,24618011.5
2025-07-24T10:45:00+00:00,3.0804,3.1089,3.0694,3.1040,15137167.5
2025-07-24T11:00:00+00:00,3.1039,3.1322,3.0961,3.1289,19002310.0
2025-07-24T11:15:00+00:00,3.1289,3.1588,3.1257,3.1543,30437758.4
2025-07-24T11:30:00+00:00,3.1543,3.1768,3.1449,3.1715,28591421.2
2025-07-24T11:45:00+00:00,3.1715,3.1777,3.1589,3.1672,17836571.8
2025-07-24T12:00:00+00:00,3.1672,3.1798,3.1474,3.1680,21524055.0
2025-07-24T12:15:00+00:00,3.1681,3.1749,3.1502,3.1649,15820328.8
2025-07-24T12:30:00+00:00,3.1646,3.1657,3.1367,3.1509,20824634.7
2025-07-24T12:45:00+00:00,3.1510,3.1702,3.1436,3.1606,13619619.1
2025-07-24T13:00:00+00:00,3.1606,3.1645,3.1471,3.1582,12797960.1
2025-07-24T13:15:00+00:00,3.1584,3.1827,3.1561,3.1772,15255896.3
2025-07-24T13:30:00+00:00,3.1770,3.1920,3.1530,3.1576,29308827.8
2025-07-24T13:45:00+00:00,3.1577,3.1733,3.1307,3.1342,25239895.3
2025-07-24T14:00:00+00:00,3.1343,3.1547,3.1170,3.1274,23057254.9
2025-07-24T14:15:00+00:00,3.1273,3.1582,3.1217,3.1542,14623578.9
2025-07-24T14:30:00+00:00,3.1542,3.2183,3.1526,3.2076,36023410.5
2025-07-24T14:45:00+00:00,3.2075,3.2474,3.2029,3.2417,44626956.1
2025-07-24T15:00:00+00:00,3.2418,3.2640,3.2305,3.2630,39537377.4
2025-07-24T15:15:00+00:00,3.2630,3.2633,3.2275,3.2288,29846425.1
2025-07-24T15:30:00+00:00,3.2289,3.2334,3.2080,3.2217,24357757.0
2025-07-24T15:45:00+00:00,3.2217,3.2362,3.2118,3.2244,10786203.9
2025-07-24T16:00:00+00:00,3.2244,3.2304,3.1988,3.2051,14107543.1
2025-07-24T16:15:00+00:00,3.2052,3.2188,3.1841,3.1851,22906133.6
2025-07-24T16:30:00+00:00,3.1851,3.1981,3.1682,3.1727,22935706.3
2025-07-24T16:45:00+00:00,3.1726,3.2046,3.1675,3.1943,15252204.2
2025-07-24T17:00:00+00:00,3.1944,3.2168,3.1903,3.2128,14012613.9
2025-07-24T17:15:00+00:00,3.2129,3.2272,3.2044,3.2196,13578656.0
2025-07-24T17:30:00+00:00,3.2196,3.2345,3.2196,3.2331,8164018.5
2025-07-24T17:45:00+00:00,3.2330,3.2416,3.2213,3.2264,8338634.6
2025-07-24T18:00:00+00:00,3.2263,3.2473,3.2138,3.2463,14469710.0
2025-07-24T18:15:00+00:00,3.2464,3.2506,3.2356,3.2428,8793259.3
2025-07-24T18:30:00+00:00,3.2428,3.2464,3.2267,3.2350,8076180.4
2025-07-24T18:45:00+00:00,3.2351,3.2492,3.2318,3.2364,7743725.9
2025-07-24T19:00:00+00:00,3.2363,3.2586,3.2347,3.2480,11634479.9
2025-07-24T19:15:00+00:00,3.2481,3.2575,3.2382,3.2483,6159971.8
2025-07-24T19:30:00+00:00,3.2482,3.2487,3.2190,3.2273,11252735.9
2025-07-24T19:45:00+00:00,3.2273,3.2428,3.2067,3.2067,14384969.6
2025-07-24T20:00:00+00:00,3.2068,3.2260,3.2065,3.2248,9876188.3
2025-07-24T20:15:00+00:00,3.2248,3.2283,3.2132,3.2239,4431990.2
2025-07-24T20:30:00+00:00,3.2239,3.2332,3.2143,3.2242,4688179.3
2025-07-24T20:45:00+00:00,3.2242,3.2414,3.2233,3.2272,5998694.0
2025-07-24T21:00:00+00:00,3.2272,3.2292,3.2082,3.2106,5807031.5
2025-07-24T21:15:00+00:00,3.2106,3.2138,3.1953,3.2005,8481700.3
2025-07-24T21:30:00+00:00,3.2005,3.2018,3.1824,3.1945,8883140.4
2025-07-24T21:45:00+00:00,3.1945,3.1993,3.1820,3.1823,3167047.7
2025-07-24T22:00:00+00:00,3.1823,3.1956,3.1708,3.1716,12584029.2
2025-07-24T22:15:00+00:00,3.1716,3.1891,3.1703,3.1890,5243969.1
2025-07-24T22:30:00+00:00,3.1890,3.1936,3.1795,3.1919,4317694.7
2025-07-24T22:45:00+00:00,3.1919,3.1919,3.1749,3.1768,5926904.7
2025-07-24T23:00:00+00:00,3.1768,3.1768,3.1427,3.1444,19131886.1
2025-07-24T23:15:00+00:00,3.1444,3.1555,3.1355,3.1412,10756773.3
2025-07-24T23:30:00+00:00,3.1412,3.1449,3.1254,3.1356,14165835.5
2025-07-24T23:45:00+00:00,3.1356,3.1471,3.1330,3.1442,6737359.1
2025-07-25T00:00:00+00:00,3.1443,3.1555,3.1125,3.1208,24191147.8
2025-07-25T00:15:00+00:00,3.1208,3.1333,3.1054,3.1309,11033105.0
2025-07-25T00:30:00+00:00,3.1308,3.1311,3.0910,3.1173,23449120.1
2025-07-25T00:45:00+00:00,3.1172,3.1285,3.1038,3.1059,10612218.1
2025-07-25T01:00:00+00:00,3.1058,3.1299,3.1036,3.1146,9956434.7
2025-07-25T01:15:00+00:00,3.1146,3.1289,3.0985,3.1225,9102124.1
2025-07-25T01:30:00+00:00,3.1226,3.1410,3.1108,3.1293,12481564.6
2025-07-25T01:45:00+00:00,3.1294,3.1602,3.1242,3.1472,16655860.4
2025-07-25T02:00:00+00:00,3.1472,3.1534,3.1351,3.1393,10434189.7
2025-07-25T02:15:00+00:00,3.1394,3.1408,3.1229,3.1302,6439360.8
2025-07-25T02:30:00+00:00,3.1301,3.1332,3.0751,3.0822,20948075.7
2025-07-25T02:45:00+00:00,3.0822,3.0920,3.0666,3.0745,16367832.7
2025-07-25T03:00:00+00:00,3.0745,3.0966,3.0600,3.0947,23083141.2
2025-07-25T03:15:00+00:00,3.0947,3.1062,3.0819,3.0879,12461620.6
2025-07-25T03:30:00+00:00,3.0879,3.0879,3.0438,3.0536,28951034.4
2025-07-25T03:45:00+00:00,3.0537,3.0750,3.0482,3.0683,16033590.4
2025-07-25T04:00:00+00:00,3.0682,3.0848,3.0469,3.0537,17419735.8
2025-07-25T04:15:00+00:00,3.0537,3.0805,3.0453,3.0759,11211070.9
2025-07-25T04:30:00+00:00,3.0758,3.1053,3.0740,3.0888,17341197.3
2025-07-25T04:45:00+00:00,3.0888,3.1175,3.0886,3.1131,15101516.5
2025-07-25T05:00:00+00:00,3.1132,3.1153,3.0877,3.0934,18108409.4
2025-07-25T05:15:00+00:00,3.0933,3.1170,3.0931,3.1004,8207536.8
2025-07-25T05:30:00+00:00,3.1005,3.1005,3.0787,3.0791,9741588.4
2025-07-25T05:45:00+00:00,3.0791,3.0826,3.0697,3.0757,8636886.8
2025-07-25T06:00:00+00:00,3.0758,3.0786,3.0439,3.0679,15300951.2
2025-07-25T06:15:00+00:00,3.0679,3.0751,3.0573,3.0669,7554656.9
2025-07-25T06:30:00+00:00,3.0669,3.0879,3.0591,3.0812,7700793.2
2025-07-25T06:45:00+00:00,3.0812,3.0893,3.0693,3.0723,7637065.5
2025-07-25T07:00:00+00:00,3.0723,3.0775,3.0538,3.0755,13005530.2
2025-07-25T07:15:00+00:00,3.0755,3.1034,3.0742,3.0764,18314290.8
2025-07-25T07:30:00+00:00,3.0763,3.0895,3.0571,3.0592,13012174.6
2025-07-25T07:45:00+00:00,3.0592,3.0784,3.0346,3.0729,23005243.8
2025-07-25T08:00:00+00:00,3.0730,3.0886,3.0650,3.0829,13773662.7
2025-07-25T08:15:00+00:00,3.0828,3.1080,3.0776,3.0979,18091911.6
2025-07-25T08:30:00+00:00,3.0980,3.0991,3.0649,3.0669,12747399.7
2025-07-25T08:45:00+00:00,3.0669,3.0878,3.0618,3.0795,11691476.8
2025-07-25T09:00:00+00:00,3.0795,3.0818,3.0644,3.0806,8157113.0
2025-07-25T09:15:00+00:00,3.0805,3.1130,3.0703,3.1127,11104963.3
2025-07-25T09:30:00+00:00,3.1127,3.1422,3.1084,3.1116,24879530.1
2025-07-25T09:45:00+00:00,3.1116,3.1340,3.1018,3.1337,14987117.8
2025-07-25T10:00:00+00:00,3.1336,3.1439,3.1179,3.1251,16194679.8
2025-07-25T10:15:00+00:00,3.1250,3.1256,3.1078,3.1118,7318453.4
2025-07-25T10:30:00+00:00,3.1118,3.1320,3.1109,3.1290,8688709.3
2025-07-25T10:45:00+00:00,3.1291,3.1333,3.1174,3.1270,5967805.6
2025-07-25T11:00:00+00:00,3.1271,3.1400,3.1268,3.1330,9694238.5
2025-07-25T11:15:00+00:00,3.1330,3.1521,3.1314,3.1479,9596385.9
2025-07-25T11:30:00+00:00,3.1479,3.1512,3.1266,3.1267,9378504.1
2025-07-25T11:45:00+00:00,3.1266,3.1388,3.1248,3.1329,5353295.8
2025-07-25T12:00:00+00:00,3.1329,3.1509,3.1290,3.1377,14774655.6
2025-07-25T12:15:00+00:00,3.1378,3.1413,3.1024,3.1039,16138541.2
2025-07-25T12:30:00+00:00,3.1040,3.1295,3.0954,3.1259,13511275.9
2025-07-25T12:45:00+00:00,3.1259,3.1284,3.1133,3.1213,7846549.9
2025-07-25T13:00:00+00:00,3.1214,3.1259,3.1106,3.1161,5178400.0
2025-07-25T13:15:00+00:00,3.1160,3.1289,3.1134,3.1201,4339618.6
2025-07-25T13:30:00+00:00,3.1201,3.1368,3.0930,3.1041,22208374.9
2025-07-25T13:45:00+00:00,3.1040,3.1234,3.1030,3.1184,11269150.9
2025-07-25T14:00:00+00:00,3.1184,3.1206,3.0692,3.0704,25793675.4
2025-07-25T14:15:00+00:00,3.0704,3.0744,3.0473,3.0603,33389402.4
2025-07-25T14:30:00+00:00,3.0603,3.0648,3.0168,3.0228,43777386.7
2025-07-25T14:45:00+00:00,3.0229,3.0372,2.9962,3.0041,37664693.2
2025-07-25T15:00:00+00:00,3.0041,3.0306,2.9959,3.0272,23648721.9
2025-07-25T15:15:00+00:00,3.0273,3.0444,3.0250,3.0340,15068243.4
2025-07-25T15:30:00+00:00,3.0339,3.0417,3.0066,3.0197,15625736.8
2025-07-25T15:45:00+00:00,3.0197,3.0432,3.0189,3.0357,9966470.8
2025-07-25T16:00:00+00:00,3.0357,3.0504,3.0321,3.0393,10034581.1
2025-07-25T16:15:00+00:00,3.0393,3.0468,3.0239,3.0368,13956938.4
2025-07-25T16:30:00+00:00,3.0367,3.0504,3.0235,3.0386,10605714.4
2025-07-25T16:45:00+00:00,3.0385,3.0624,3.0359,3.0567,8206694.5
2025-07-25T17:00:00+00:00,3.0567,3.0668,3.0533,3.0634,7516348.8
2025-07-25T17:15:00+00:00,3.0633,3.0702,3.0476,3.0613,6601033.8
2025-07-25T17:30:00+00:00,3.0612,3.0683,3.0473,3.0656,7496785.2
2025-07-25T17:45:00+00:00,3.0656,3.0683,3.0582,3.0587,3819345.0
2025-07-25T18:00:00+00:00,3.0587,3.0700,3.0542,3.0652,6405897.9
2025-07-25T18:15:00+00:00,3.0652,3.0684,3.0547,3.0616,4870339.1
2025-07-25T18:30:00+00:00,3.0615,3.0735,3.0540,3.0723,5257431.2
2025-07-25T18:45:00+00:00,3.0722,3.0759,3.0650,3.0693,4761162.7
2025-07-25T19:00:00+00:00,3.0693,3.0778,3.0638,3.0763,4806793.3
2025-07-25T19:15:00+00:00,3.0763,3.0797,3.0681,3.0691,4967225.3
2025-07-25T19:30:00+00:00,3.0690,3.0933,3.0690,3.0927,7315971.4
2025-07-25T19:45:00+00:00,3.0928,3.0959,3.0686,3.0690,10362286.3
2025-07-25T20:00:00+00:00,3.0690,3.0827,3.0690,3.0817,5080929.0
2025-07-25T20:15:00+00:00,3.0817,3.1092,3.0817,3.1078,10469465.2
2025-07-25T20:30:00+00:00,3.1077,3.1245,3.1038,3.1232,9269834.4
2025-07-25T20:45:00+00:00,3.1232,3.1320,3.1167,3.1206,9429950.9
2025-07-25T21:00:00+00:00,3.1206,3.1382,3.1206,3.1372,7718836.9
2025-07-25T21:15:00+00:00,3.1371,3.1478,3.1325,3.1409,8580042.5
2025-07-25T21:30:00+00:00,3.1410,3.1451,3.1270,3.1310,7903735.4
2025-07-25T21:45:00+00:00,3.1310,3.1433,3.1305,3.1389,3396537.3
2025-07-25T22:00:00+00:00,3.1389,3.1449,3.1359,3.1396,5591718.9
2025-07-25T22:15:00+00:00,3.1396,3.1446,3.1335,3.1423,3820156.2
2025-07-25T22:30:00+00:00,3.1424,3.1499,3.1396,3.1466,3695794.2
2025-07-25T22:45:00+00:00,3.1466,3.1476,3.1381,3.1434,4906350.2
2025-07-25T23:00:00+00:00,3.1434,3.1442,3.1352,3.1360,3808411.9
2025-07-25T23:15:00+00:00,3.1360,3.1423,3.1360,3.1380,3758955.8
2025-07-25T23:30:00+00:00,3.1380,3.1394,3.1309,3.1309,4441248.8
2025-07-25T23:45:00+00:00,3.1309,3.1419,3.1309,3.1410,2895757.1
2025-07-26T00:00:00+00:00,3.1410,3.1411,3.1232,3.1271,8831429.2
2025-07-26T00:15:00+00:00,3.1272,3.1423,3.1256,3.1388,4415748.1
2025-07-26T00:30:00+00:00,3.1388,3.1438,3.1350,3.1369,3915831.5
2025-07-26T00:45:00+00:00,3.1369,3.1376,3.1287,3.1339,2622517.0
2025-07-26T01:00:00+00:00,3.1340,3.1384,3.1276,3.1381,2820752.0
2025-07-26T01:15:00+00:00,3.1381,3.1386,3.1272,3.1307,3112081.0
2025-07-26T01:30:00+00:00,3.1306,3.1334,3.1183,3.1187,5337330.1
2025-07-26T01:45:00+00:00,3.1187,3.1254,3.1081,3.1112,11112516.7
2025-07-26T02:00:00+00:00,3.1112,3.1231,3.1112,3.1231,4530176.5
2025-07-26T02:15:00+00:00,3.1231,3.1455,3.1230,3.1447,6358912.5
2025-07-26T02:30:00+00:00,3.1447,3.1628,3.1385,3.1426,13260476.6
2025-07-26T02:45:00+00:00,3.1426,3.1537,3.1414,3.1505,5293487.7
2025-07-26T03:00:00+00:00,3.1506,3.1517,3.1363,3.1398,3839120.7
2025-07-26T03:15:00+00:00,3.1398,3.1468,3.1342,3.1351,3619242.9
2025-07-26T03:30:00+00:00,3.1351,3.1436,3.1345,3.1402,2664507.1
2025-07-26T03:45:00+00:00,3.1403,3.1470,3.1382,3.1426,2137578.2
2025-07-26T04:00:00+00:00,3.1426,3.1480,3.1395,3.1477,3688005.9
2025-07-26T04:15:00+00:00,3.1476,3.1488,3.1432,3.1482,2672530.1
2025-07-26T04:30:00+00:00,3.1481,3.1558,3.1468,3.1550,3943977.1
2025-07-26T04:45:00+00:00,3.1551,3.1566,3.1475,3.1475,3598839.0
2025-07-26T05:00:00+00:00,3.1475,3.1478,3.1398,3.1414,3439902.3
2025-07-26T05:15:00+00:00,3.1415,3.1599,3.1414,3.1599,3952633.0
2025-07-26T05:30:00+00:00,3.1598,3.1717,3.1579,3.1651,6913656.7
2025-07-26T05:45:00+00:00,3.1651,3.1751,3.1650,3.1704,7715722.6
2025-07-26T06:00:00+00:00,3.1704,3.1721,3.1589,3.1619,5383845.1
2025-07-26T06:15:00+00:00,3.1619,3.1702,3.1563,3.1610,4670817.3
2025-07-26T06:30:00+00:00,3.1610,3.1649,3.1554,3.1627,3260873.4
2025-07-26T06:45:00+00:00,3.1628,3.1655,3.1521,3.1564,3160229.2
2025-07-26T07:00:00+00:00,3.1565,3.1649,3.1547,3.1642,2393314.6
2025-07-26T07:15:00+00:00,3.1642,3.1650,3.1575,3.1597,2928591.1
2025-07-26T07:30:00+00:00,3.1597,3.1620,3.1512,3.1552,4005336.0
2025-07-26T07:45:00+00:00,3.1553,3.1595,3.1518,3.1540,2229534.5
2025-07-26T08:00:00+00:00,3.1541,3.1597,3.1529,3.1541,2343607.4
2025-07-26T08:15:00+00:00,3.1540,3.1706,3.1531,3.1674,5190317.8
2025-07-26T08:30:00+00:00,3.1674,3.1716,3.1620,3.1687,4057240.3
2025-07-26T08:45:00+00:00,3.1688,3.1785,3.1674,3.1736,8019421.5
2025-07-26T09:00:00+00:00,3.1736,3.1833,3.1701,3.1820,7088691.9
2025-07-26T09:15:00+00:00,3.1821,3.1844,3.1768,3.1782,5938447.8
2025-07-26T09:30:00+00:00,3.1783,3.1858,3.1743,3.1854,4313631.3
2025-07-26T09:45:00+00:00,3.1855,3.1968,3.1836,3.1921,10707428.9
2025-07-26T10:00:00+00:00,3.1921,3.2088,3.1913,3.2051,11495634.0
2025-07-26T10:15:00+00:00,3.2050,3.2090,3.1935,3.1951,7011569.3
2025-07-26T10:30:00+00:00,3.1951,3.2091,3.1951,3.2090,7460671.9
2025-07-26T10:45:00+00:00,3.2090,3.2094,3.1974,3.1984,6238689.8
2025-07-26T11:00:00+00:00,3.1985,3.2011,3.1930,3.1988,4937354.3
2025-07-26T11:15:00+00:00,3.1989,3.1991,3.1828,3.1880,10758439.8
2025-07-26T11:30:00+00:00,3.1881,3.1940,3.1774,3.1814,11205260.4
2025-07-26T11:45:00+00:00,3.1814,3.1849,3.1765,3.1845,5528499.1
2025-07-26T12:00:00+00:00,3.1846,3.1869,3.1768,3.1831,6679870.8
2025-07-26T12:15:00+00:00,3.1832,3.1947,3.1829,3.1897,7419774.7
2025-07-26T12:30:00+00:00,3.1897,3.1907,3.1845,3.1900,4000866.5
2025-07-26T12:45:00+00:00,3.1900,3.1998,3.1868,3.1890,6605110.9
2025-07-26T13:00:00+00:00,3.1891,3.1891,3.1794,3.1819,4756632.7
2025-07-26T13:15:00+00:00,3.1818,3.1825,3.1767,3.1789,3441092.0
2025-07-26T13:30:00+00:00,3.1790,3.1955,3.1762,3.1940,7228818.8
2025-07-26T13:45:00+00:00,3.1939,3.1979,3.1851,3.1859,4836696.1
2025-07-26T14:00:00+00:00,3.1859,3.1961,3.1800,3.1894,8093113.7
2025-07-26T14:15:00+00:00,3.1893,3.1947,3.1822,3.1824,4619963.2
2025-07-26T14:30:00+00:00,3.1824,3.1876,3.1769,3.1819,5737646.6
2025-07-26T14:45:00+00:00,3.1820,3.1918,3.1794,3.1794,5090396.7
2025-07-26T15:00:00+00:00,3.1794,3.1874,3.1744,3.1769,5807915.3
2025-07-26T15:15:00+00:00,3.1769,3.1860,3.1752,3.1822,4867442.2
2025-07-26T15:30:00+00:00,3.1823,3.1865,3.1773,3.1800,3368316.4
2025-07-26T15:45:00+00:00,3.1800,3.1917,3.1787,3.1909,3620291.7
2025-07-26T16:00:00+00:00,3.1910,3.2098,3.1897,3.2019,12839783.6
2025-07-26T16:15:00+00:00,3.2019,3.2175,3.2017,3.2082,12478660.1
2025-07-26T16:30:00+00:00,3.2082,3.2123,3.1917,3.1948,8293501.0
2025-07-26T16:45:00+00:00,3.1948,3.1953,3.1835,3.1902,7204098.9
2025-07-26T17:00:00+00:00,3.1903,3.1933,3.1765,3.1804,7059708.7
2025-07-26T17:15:00+00:00,3.1805,3.1881,3.1760,3.1862,3576432.8
2025-07-26T17:30:00+00:00,3.1862,3.1862,3.1629,3.1673,8646906.5
2025-07-26T17:45:00+00:00,3.1673,3.1737,3.1634,3.1711,6886239.2
2025-07-26T18:00:00+00:00,3.1712,3.1761,3.1668,3.1749,4521515.9
2025-07-26T18:15:00+00:00,3.1750,3.1771,3.1563,3.1668,9921129.3
2025-07-26T18:30:00+00:00,3.1667,3.1750,3.1664,3.1713,4136413.0
2025-07-26T18:45:00+00:00,3.1713,3.1810,3.1690,3.1739,3190802.6
2025-07-26T19:00:00+00:00,3.1739,3.1805,3.1713,3.1780,3103647.2
2025-07-26T19:15:00+00:00,3.1779,3.1827,3.1730,3.1824,2899795.2
2025-07-26T19:30:00+00:00,3.1824,3.1884,3.1784,3.1876,4152197.5
2025-07-26T19:45:00+00:00,3.1876,3.1948,3.1871,3.1896,4635299.2
2025-07-26T20:00:00+00:00,3.1897,3.1906,3.1770,3.1773,3311936.2
2025-07-26T20:15:00+00:00,3.1773,3.1796,3.1687,3.1693,3092954.1
2025-07-26T20:30:00+00:00,3.1693,3.1817,3.1668,3.1802,3353510.1
2025-07-26T20:45:00+00:00,3.1803,3.1847,3.1731,3.1814,4049398.8
2025-07-26T21:00:00+00:00,3.1814,3.1814,3.1713,3.1714,3938190.1
2025-07-26T21:15:00+00:00,3.1714,3.1773,3.1707,3.1770,2146780.1
2025-07-26T21:30:00+00:00,3.1771,3.1833,3.1770,3.1815,1417233.1
2025-07-26T21:45:00+00:00,3.1816,3.1940,3.1815,3.1911,2418032.3
2025-07-26T22:00:00+00:00,3.1911,3.2020,3.1871,3.1979,5729326.7
2025-07-26T22:15:00+00:00,3.1979,3.2089,3.1906,3.1916,8920866.0
2025-07-26T22:30:00+00:00,3.1917,3.1956,3.1817,3.1873,5397130.9
2025-07-26T22:45:00+00:00,3.1873,3.1902,3.1787,3.1806,2446701.6
2025-07-26T23:00:00+00:00,3.1806,3.1810,3.1716,3.1721,3505819.4
2025-07-26T23:15:00+00:00,3.1722,3.1805,3.1699,3.1751,4533115.6
2025-07-26T23:30:00+00:00,3.1751,3.1751,3.1683,3.1693,2571552.7
2025-07-26T23:45:00+00:00,3.1693,3.1694,3.1621,3.1650,3850294.0
2025-07-27T00:00:00+00:00,3.1650,3.1679,3.1550,3.1664,7200075.6
2025-07-27T00:15:00+00:00,3.1664,3.1770,3.1642,3.1746,4448758.2
2025-07-27T00:30:00+00:00,3.1746,3.1795,3.1667,3.1693,2993448.5
2025-07-27T00:45:00+00:00,3.1693,3.1810,3.1635,3.1807,2649166.0
2025-07-27T01:00:00+00:00,3.1806,3.1925,3.1738,3.1887,5070635.2
2025-07-27T01:15:00+00:00,3.1887,3.1989,3.1869,3.1973,6118953.8
2025-07-27T01:30:00+00:00,3.1973,3.2017,3.1901,3.1934,6342300.1
2025-07-27T01:45:00+00:00,3.1934,3.1935,3.1854,3.1862,4012703.6
2025-07-27T02:00:00+00:00,3.1862,3.1885,3.1761,3.1866,4051420.9
2025-07-27T02:15:00+00:00,3.1866,3.1963,3.1862,3.1918,3619667.5
2025-07-27T02:30:00+00:00,3.1919,3.1996,3.1896,3.1959,2712457.5
2025-07-27T02:45:00+00:00,3.1959,3.2060,3.1896,3.1976,5230154.6
2025-07-27T03:00:00+00:00,3.1976,3.1999,3.1861,3.1862,4485066.5
2025-07-27T03:15:00+00:00,3.1862,3.1907,3.1815,3.1893,2856654.4
2025-07-27T03:30:00+00:00,3.1893,3.2023,3.1879,3.2019,3836207.1
2025-07-27T03:45:00+00:00,3.2020,3.2043,3.1954,3.1983,4104570.5
2025-07-27T04:00:00+00:00,3.1984,3.2064,3.1906,3.2000,5596746.7
2025-07-27T04:15:00+00:00,3.2001,3.2169,3.1978,3.2093,6807675.3
2025-07-27T04:30:00+00:00,3.2093,3.2186,3.2068,3.2088,6206671.0
2025-07-27T04:45:00+00:00,3.2089,3.2103,3.2032,3.2083,3034275.5
2025-07-27T05:00:00+00:00,3.2083,3.2158,3.2048,3.2142,4471180.2
2025-07-27T05:15:00+00:00,3.2141,3.2379,3.2108,3.2308,13419952.5
2025-07-27T05:30:00+00:00,3.2307,3.2380,3.2190,3.2282,12456252.1
2025-07-27T05:45:00+00:00,3.2283,3.2301,3.2161,3.2209,7371305.8
2025-07-27T06:00:00+00:00,3.2210,3.2217,3.2085,3.2136,6548830.7
2025-07-27T06:15:00+00:00,3.2134,3.2193,3.2011,3.2035,5744149.6
2025-07-27T06:30:00+00:00,3.2035,3.2118,3.1984,3.2115,5052209.8
2025-07-27T06:45:00+00:00,3.2116,3.2123,3.1963,3.1998,6114970.0
2025-07-27T07:00:00+00:00,3.1999,3.2032,3.1920,3.1993,5308259.5
2025-07-27T07:15:00+00:00,3.1993,3.2025,3.1953,3.1963,2753438.6
2025-07-27T07:30:00+00:00,3.1963,3.1973,3.1887,3.1909,3941791.5
2025-07-27T07:45:00+00:00,3.1909,3.1941,3.1841,3.1881,4218516.7
2025-07-27T08:00:00+00:00,3.1881,3.1914,3.1834,3.1835,4268533.9
2025-07-27T08:15:00+00:00,3.1836,3.1861,3.1766,3.1776,6805986.0
2025-07-27T08:30:00+00:00,3.1776,3.1833,3.1716,3.1817,8050361.0
2025-07-27T08:45:00+00:00,3.1818,3.1856,3.1774,3.1830,5537974.0
2025-07-27T09:00:00+00:00,3.1830,3.1889,3.1753,3.1841,4868459.9
2025-07-27T09:15:00+00:00,3.1842,3.1850,3.1777,3.1777,2847298.6
2025-07-27T09:30:00+00:00,3.1777,3.1833,3.1678,3.1717,3673127.8
2025-07-27T09:45:00+00:00,3.1718,3.1731,3.1656,3.1689,5780945.2
2025-07-27T10:00:00+00:00,3.1690,3.1807,3.1686,3.1799,4200494.6
2025-07-27T10:15:00+00:00,3.1799,3.1865,3.1764,3.1764,4642324.8
2025-07-27T10:30:00+00:00,3.1764,3.1933,3.1746,3.1923,6182214.3
2025-07-27T10:45:00+00:00,3.1924,3.2087,3.1907,3.2006,10143635.5
2025-07-27T11:00:00+00:00,3.2006,3.2075,3.1966,3.2009,6588115.9
2025-07-27T11:15:00+00:00,3.2010,3.2135,3.1937,3.1966,8881350.4
2025-07-27T11:30:00+00:00,3.1967,3.1989,3.1820,3.1864,6636659.1
2025-07-27T11:45:00+00:00,3.1864,3.1866,3.1725,3.1783,6890041.5
2025-07-27T12:00:00+00:00,3.1783,3.1850,3.1702,3.1812,7653459.9
2025-07-27T12:15:00+00:00,3.1812,3.1837,3.1702,3.1717,4155096.1
2025-07-27T12:30:00+00:00,3.1718,3.1764,3.1609,3.1746,8521028.3
2025-07-27T12:45:00+00:00,3.1746,3.1964,3.1730,3.1930,9685746.0
2025-07-27T13:00:00+00:00,3.1930,3.2063,3.1896,3.1954,10995724.2
2025-07-27T13:15:00+00:00,3.1954,3.2058,3.1938,3.2057,4838956.1
2025-07-27T13:30:00+00:00,3.2057,3.2066,3.1910,3.1950,4600424.2
2025-07-27T13:45:00+00:00,3.1950,3.1982,3.1822,3.1849,5999847.1
2025-07-27T14:00:00+00:00,3.1848,3.1948,3.1792,3.1922,6301654.3
2025-07-27T14:15:00+00:00,3.1922,3.2009,3.1857,3.1944,6008268.8
2025-07-27T14:30:00+00:00,3.1944,3.1975,3.1766,3.1768,6287999.7
2025-07-27T14:45:00+00:00,3.1768,3.1860,3.1697,3.1789,7620182.1
2025-07-27T15:00:00+00:00,3.1789,3.1805,3.1662,3.1694,5937308.5
2025-07-27T15:15:00+00:00,3.1694,3.1829,3.1660,3.1755,5228833.4
2025-07-27T15:30:00+00:00,3.1755,3.1794,3.1690,3.1783,4267856.6
2025-07-27T15:45:00+00:00,3.1782,3.1865,3.1751,3.1850,4698332.7
2025-07-27T16:00:00+00:00,3.1849,3.2193,3.1835,3.2191,18914070.6
2025-07-27T16:15:00+00:00,3.2190,3.2268,3.2107,3.2245,13496575.1
2025-07-27T16:30:00+00:00,3.2244,3.2275,3.2079,3.2084,13508520.4
2025-07-27T16:45:00+00:00,3.2083,3.2192,3.1823,3.1942,13922020.7
2025-07-27T17:00:00+00:00,3.1943,3.1976,3.1791,3.1841,12195395.9
2025-07-27T17:15:00+00:00,3.1841,3.1930,3.1749,3.1913,10595026.3
2025-07-27T17:30:00+00:00,3.1912,3.1956,3.1775,3.1868,8391621.1
2025-07-27T17:45:00+00:00,3.1869,3.2081,3.1854,3.2039,15895122.6
2025-07-27T18:00:00+00:00,3.2038,3.2069,3.1963,3.2039,6392061.0
2025-07-27T18:15:00+00:00,3.2040,3.2120,3.1942,3.2086,8092852.3
2025-07-27T18:30:00+00:00,3.2086,3.2112,3.1994,3.2086,5310010.6
2025-07-27T18:45:00+00:00,3.2086,3.2134,3.1986,3.2121,5020219.2
2025-07-27T19:00:00+00:00,3.2120,3.2161,3.2038,3.2067,6226328.7
2025-07-27T19:15:00+00:00,3.2066,3.2080,3.1971,3.2027,4224342.8
2025-07-27T19:30:00+00:00,3.2027,3.2142,3.2003,3.2076,3300419.2
2025-07-27T19:45:00+00:00,3.2076,3.2163,3.1982,3.2078,6373919.9
2025-07-27T20:00:00+00:00,3.2078,3.2299,3.2064,3.2212,11079755.9
2025-07-27T20:15:00+00:00,3.2211,3.2300,3.2209,3.2281,7473729.7
2025-07-27T20:30:00+00:00,3.2281,3.2284,3.2098,3.2109,7386038.7
2025-07-27T20:45:00+00:00,3.2109,3.2154,3.1929,3.2010,6415779.8
2025-07-27T21:00:00+00:00,3.2010,3.2041,3.1900,3.1902,6420424.8
2025-07-27T21:15:00+00:00,3.1903,3.2025,3.1872,3.2007,5652559.5
2025-07-27T21:30:00+00:00,3.2008,3.2064,3.1968,3.1974,3209239.8
2025-07-27T21:45:00+00:00,3.1974,3.2178,3.1973,3.2146,3727571.1
2025-07-27T22:00:00+00:00,3.2147,3.2464,3.2122,3.2453,14947335.7
2025-07-27T22:15:00+00:00,3.2453,3.2504,3.2322,3.2417,15117027.1
2025-07-27T22:30:00+00:00,3.2418,3.2482,3.2342,3.2473,7330990.8
2025-07-27T22:45:00+00:00,3.2472,3.2495,3.2334,3.2340,6675885.5
2025-07-27T23:00:00+00:00,3.2341,3.2346,3.2053,3.2120,14127501.1
2025-07-27T23:15:00+00:00,3.2120,3.2312,3.2118,3.2284,9356050.1
2025-07-27T23:30:00+00:00,3.2284,3.2319,3.2178,3.2273,5016263.6
2025-07-27T23:45:00+00:00,3.2274,3.2425,3.2264,3.2376,5564319.9
2025-07-28T00:00:00+00:00,3.2377,3.2410,3.2225,3.2410,6422804.9
2025-07-28T00:15:00+00:00,3.2411,3.2848,3.2374,3.2845,25387408.0
2025-07-28T00:30:00+00:00,3.2844,3.2861,3.2566,3.2632,17333526.7
2025-07-28T00:45:00+00:00,3.2633,3.2760,3.2514,3.2609,12544424.1
2025-07-28T01:00:00+00:00,3.2609,3.2686,3.2460,3.2472,11085329.8
2025-07-28T01:15:00+00:00,3.2472,3.2616,3.2359,3.2416,10742053.8
2025-07-28T01:30:00+00:00,3.2416,3.2417,3.2205,3.2246,10142323.1
2025-07-28T01:45:00+00:00,3.2247,3.2430,3.2246,3.2429,8698986.7
2025-07-28T02:00:00+00:00,3.2430,3.2484,3.2350,3.2465,6780081.4
2025-07-28T02:15:00+00:00,3.2464,3.2641,3.2462,3.2633,7096304.0
2025-07-28T02:30:00+00:00,3.2633,3.2921,3.2586,3.2766,23569248.6
2025-07-28T02:45:00+00:00,3.2766,3.2869,3.2666,3.2682,8429645.7
2025-07-28T03:00:00+00:00,3.2682,3.2775,3.2516,3.2525,7422086.6
2025-07-28T03:15:00+00:00,3.2525,3.2607,3.2480,3.2517,7953547.3
2025-07-28T03:30:00+00:00,3.2518,3.2747,3.2504,3.2722,7045247.4
2025-07-28T03:45:00+00:00,3.2722,3.2788,3.2636,3.2681,5498981.3
2025-07-28T04:00:00+00:00,3.2680,3.2744,3.2554,3.2569,6533783.9
2025-07-28T04:15:00+00:00,3.2570,3.2643,3.2493,3.2625,6452771.0
2025-07-28T04:30:00+00:00,3.2624,3.2747,3.2548,3.2709,4933651.6
2025-07-28T04:45:00+00:00,3.2709,3.2721,3.2642,3.2712,4107303.6
2025-07-28T05:00:00+00:00,3.2712,3.2772,3.2632,3.2768,4982807.2
2025-07-28T05:15:00+00:00,3.2768,3.2963,3.2753,3.2899,14723195.7
2025-07-28T05:30:00+00:00,3.2899,3.3042,3.2775,3.3039,12612852.0
2025-07-28T05:45:00+00:00,3.3040,3.3296,3.2955,3.3183,25801222.4
2025-07-28T06:00:00+00:00,3.3183,3.3244,3.3066,3.3128,9132266.3
2025-07-28T06:15:00+00:00,3.3127,3.3144,3.2946,3.2954,9583575.6
2025-07-28T06:30:00+00:00,3.2953,3.3038,3.2856,3.2862,7468289.3
2025-07-28T06:45:00+00:00,3.2862,3.2929,3.2830,3.2880,6973175.7
2025-07-28T07:00:00+00:00,3.2881,3.2927,3.2575,3.2676,19674929.0
2025-07-28T07:15:00+00:00,3.2677,3.2846,3.2606,3.2814,12133158.4
2025-07-28T07:30:00+00:00,3.2814,3.2814,3.2640,3.2693,11675852.3
2025-07-28T07:45:00+00:00,3.2693,3.2770,3.2689,3.2722,3699795.7
2025-07-28T08:00:00+00:00,3.2721,3.2759,3.2539,3.2587,7944646.7
2025-07-28T08:15:00+00:00,3.2588,3.2692,3.2552,3.2628,4659583.5
2025-07-28T08:30:00+00:00,3.2629,3.2643,3.2477,3.2548,6709701.5
2025-07-28T08:45:00+00:00,3.2549,3.2646,3.2512,3.2622,4500805.3
2025-07-28T09:00:00+00:00,3.2621,3.2628,3.2502,3.2510,4184229.7
2025-07-28T09:15:00+00:00,3.2510,3.2618,3.2465,3.2559,4900525.6
2025-07-28T09:30:00+00:00,3.2560,3.2564,3.2400,3.2421,6579222.7
2025-07-28T09:45:00+00:00,3.2421,3.2600,3.2378,3.2520,7645061.5
2025-07-28T10:00:00+00:00,3.2520,3.2536,3.2421,3.2433,3941704.2
2025-07-28T10:15:00+00:00,3.2434,3.2561,3.2388,3.2511,4360349.7
2025-07-28T10:30:00+00:00,3.2512,3.2512,3.2313,3.2344,10144215.0
2025-07-28T10:45:00+00:00,3.2344,3.2400,3.2304,3.2377,4224900.2
2025-07-28T11:00:00+00:00,3.2377,3.2382,3.2274,3.2287,5851727.7
2025-07-28T11:15:00+00:00,3.2287,3.2299,3.2227,3.2241,6628976.3
2025-07-28T11:30:00+00:00,3.2240,3.2416,3.2231,3.2382,7231048.8
2025-07-28T11:45:00+00:00,3.2382,3.2485,3.2381,3.2435,6983836.6
2025-07-28T12:00:00+00:00,3.2434,3.2454,3.2301,3.2392,7557654.6
2025-07-28T12:15:00+00:00,3.2392,3.2480,3.2364,3.2400,6741348.2
2025-07-28T12:30:00+00:00,3.2400,3.2464,3.2316,3.2388,6594373.4
2025-07-28T12:45:00+00:00,3.2389,3.2400,3.2237,3.2288,7279771.6
2025-07-28T13:00:00+00:00,3.2288,3.2297,3.2019,3.2034,25924980.1
2025-07-28T13:15:00+00:00,3.2035,3.2099,3.1774,3.1881,37820534.6
2025-07-28T13:30:00+00:00,3.1882,3.2072,3.1704,3.1920,27603335.6
2025-07-28T13:45:00+00:00,3.1921,3.1988,3.1788,3.1900,12147977.2
2025-07-28T14:00:00+00:00,3.1900,3.1999,3.1810,3.1872,9498720.0
2025-07-28T14:15:00+00:00,3.1873,3.1905,3.1415,3.1539,41196072.6
2025-07-28T14:30:00+00:00,3.1539,3.1678,3.1391,3.1666,21770157.9
2025-07-28T14:45:00+00:00,3.1666,3.1674,3.1467,3.1543,10651775.1
2025-07-28T15:00:00+00:00,3.1542,3.1663,3.1527,3.1652,9006972.0
2025-07-28T15:15:00+00:00,3.1651,3.1755,3.1638,3.1739,13022578.5
2025-07-28T15:30:00+00:00,3.1738,3.1789,3.1608,3.1614,9583082.0
2025-07-28T15:45:00+00:00,3.1613,3.1707,3.1444,3.1579,11455617.9
2025-07-28T16:00:00+00:00,3.1580,3.1610,3.1451,3.1543,9430565.7
2025-07-28T16:15:00+00:00,3.1543,3.1683,3.1503,3.1648,8225558.6
2025-07-28T16:30:00+00:00,3.1647,3.1771,3.1575,3.1770,9910905.6
2025-07-28T16:45:00+00:00,3.1771,3.1841,3.1663,3.1685,9505714.6
2025-07-28T17:00:00+00:00,3.1685,3.1766,3.1626,3.1628,5380598.8
2025-07-28T17:15:00+00:00,3.1628,3.1776,3.1552,3.1760,8718161.0
2025-07-28T17:30:00+00:00,3.1761,3.1804,3.1552,3.1599,5226518.2
2025-07-28T17:45:00+00:00,3.1600,3.1646,3.1524,3.1561,5991284.5
2025-07-28T18:00:00+00:00,3.1560,3.1593,3.1199,3.1493,33308602.3
2025-07-28T18:15:00+00:00,3.1492,3.1503,3.1222,3.1343,16397878.9
2025-07-28T18:30:00+00:00,3.1344,3.1485,3.1120,3.1472,22290422.1
2025-07-28T18:45:00+00:00,3.1471,3.1485,3.1342,3.1409,8382231.0
2025-07-28T19:00:00+00:00,3.1409,3.1604,3.1403,3.1548,10861616.7
2025-07-28T19:15:00+00:00,3.1549,3.1613,3.1495,3.1584,5491147.2
2025-07-28T19:30:00+00:00,3.1585,3.1590,3.1388,3.1406,6286434.5
2025-07-28T19:45:00+00:00,3.1406,3.1591,3.1287,3.1591,12990903.0
2025-07-28T20:00:00+00:00,3.1591,3.1623,3.1300,3.1328,9973895.6
2025-07-28T20:15:00+00:00,3.1328,3.1417,3.1090,3.1131,15763292.4
2025-07-28T20:30:00+00:00,3.1132,3.1383,3.1126,3.1326,8332700.3
2025-07-28T20:45:00+00:00,3.1326,3.1498,3.1284,3.1398,6918081.4
2025-07-28T21:00:00+00:00,3.1398,3.1520,3.1334,3.1363,5433197.0
2025-07-28T21:15:00+00:00,3.1363,3.1460,3.1286,3.1436,5676213.8
2025-07-28T21:30:00+00:00,3.1435,3.1603,3.1402,3.1595,8782693.7
2025-07-28T21:45:00+00:00,3.1596,3.1596,3.1308,3.1417,7024217.3
2025-07-28T22:00:00+00:00,3.1416,3.1565,3.1286,3.1401,12067475.6
2025-07-28T22:15:00+00:00,3.1402,3.1489,3.1300,3.1353,6386093.3
2025-07-28T22:30:00+00:00,3.1353,3.1401,3.1052,3.1181,12610598.3
2025-07-28T22:45:00+00:00,3.1180,3.1337,3.1160,3.1313,5477865.3
2025-07-28T23:00:00+00:00,3.1315,3.1386,3.1220,3.1316,5044471.7
2025-07-28T23:15:00+00:00,3.1317,3.1441,3.1177,3.1201,12409307.4
2025-07-28T23:30:00+00:00,3.1201,3.1300,3.1135,3.1135,5296521.5
2025-07-28T23:45:00+00:00,3.1135,3.1269,3.1055,3.1218,9211786.4
2025-07-29T00:00:00+00:00,3.1219,3.1407,3.1154,3.1398,9404513.4
2025-07-29T00:15:00+00:00,3.1398,3.1457,3.1257,3.1268,6979289.0
2025-07-29T00:30:00+00:00,3.1268,3.1364,3.0762,3.0921,32616116.7
2025-07-29T00:45:00+00:00,3.0921,3.1272,3.0890,3.1240,13100616.8
2025-07-29T01:00:00+00:00,3.1240,3.1340,3.1137,3.1292,7338089.2
2025-07-29T01:15:00+00:00,3.1292,3.1403,3.1292,3.1343,3932364.9
2025-07-29T01:30:00+00:00,3.1343,3.1409,3.1287,3.1292,3709376.4
2025-07-29T01:45:00+00:00,3.1291,3.1294,3.1128,3.1148,5454064.5
2025-07-29T02:00:00+00:00,3.1147,3.1331,3.1120,3.1306,6276056.2
2025-07-29T02:15:00+00:00,3.1305,3.1305,3.0930,3.1240,11679686.0
2025-07-29T02:30:00+00:00,3.1240,3.1240,3.0988,3.1118,6388416.7
2025-07-29T02:45:00+00:00,3.1119,3.1173,3.0962,3.1084,8216722.5
2025-07-29T03:00:00+00:00,3.1084,3.1337,3.1078,3.1333,9187693.8
2025-07-29T03:15:00+00:00,3.1333,3.1333,3.1186,3.1210,4523377.1
2025-07-29T03:30:00+00:00,3.1210,3.1327,3.1140,3.1323,5091486.6
2025-07-29T03:45:00+00:00,3.1323,3.1419,3.1289,3.1387,6253239.4
2025-07-29T04:00:00+00:00,3.1387,3.1459,3.1357,3.1450,4563564.4
2025-07-29T04:15:00+00:00,3.1450,3.1450,3.1360,3.1394,4116848.9
2025-07-29T04:30:00+00:00,3.1394,3.1428,3.1281,3.1294,4404021.7
2025-07-29T04:45:00+00:00,3.1294,3.1338,3.1202,3.1237,4897317.5
2025-07-29T05:00:00+00:00,3.1236,3.1388,3.1220,3.1306,4044161.1
2025-07-29T05:15:00+00:00,3.1306,3.1372,3.1218,3.1372,4542541.1
2025-07-29T05:30:00+00:00,3.1371,3.1439,3.1322,3.1427,3366609.4
2025-07-29T05:45:00+00:00,3.1426,3.1469,3.1408,3.1449,4985940.2
2025-07-29T06:00:00+00:00,3.1450,3.1457,3.1360,3.1427,6459860.5
2025-07-29T06:15:00+00:00,3.1428,3.1560,3.1420,3.1519,7604150.6
2025-07-29T06:30:00+00:00,3.1519,3.1608,3.1482,3.1605,7513694.9
2025-07-29T06:45:00+00:00,3.1606,3.1618,3.1510,3.1526,5195765.6
2025-07-29T07:00:00+00:00,3.1527,3.1630,3.1523,3.1545,5925945.9
2025-07-29T07:15:00+00:00,3.1544,3.1617,3.1511,3.1564,5012073.0
2025-07-29T07:30:00+00:00,3.1563,3.1740,3.1552,3.1731,9351016.5
2025-07-29T07:45:00+00:00,3.1730,3.1809,3.1693,3.1737,9865478.9
2025-07-29T08:00:00+00:00,3.1738,3.1824,3.1658,3.1732,6162747.8
2025-07-29T08:15:00+00:00,3.1731,3.1830,3.1641,3.1648,6245162.9
2025-07-29T08:30:00+00:00,3.1649,3.1783,3.1648,3.1761,4179640.9
2025-07-29T08:45:00+00:00,3.1761,3.1842,3.1692,3.1732,5564904.5
2025-07-29T09:00:00+00:00,3.1732,3.1744,3.1590,3.1598,7579884.9
2025-07-29T09:15:00+00:00,3.1598,3.1664,3.1488,3.1627,9630918.1
2025-07-29T09:30:00+00:00,3.1627,3.1630,3.1481,3.1589,6243460.3
2025-07-29T09:45:00+00:00,3.1589,3.1654,3.1515,3.1594,6479674.3
2025-07-29T10:00:00+00:00,3.1594,3.1615,3.1397,3.1415,7610610.8
2025-07-29T10:15:00+00:00,3.1415,3.1480,3.1328,3.1414,7331753.1
2025-07-29T10:30:00+00:00,3.1413,3.1498,3.1282,3.1300,7242117.1
2025-07-29T10:45:00+00:00,3.1299,3.1308,3.1119,3.1170,13445658.8
2025-07-29T11:00:00+00:00,3.1171,3.1281,3.1121,3.1281,8307641.5
2025-07-29T11:15:00+00:00,3.1282,3.1347,3.1213,3.1325,6136027.7
2025-07-29T11:30:00+00:00,3.1324,3.1399,3.1251,3.1279,6652037.4
2025-07-29T11:45:00+00:00,3.1279,3.1370,3.1270,3.1357,3559815.9
2025-07-29T12:00:00+00:00,3.1357,3.1489,3.1338,3.1447,8659455.7
2025-07-29T12:15:00+00:00,3.1447,3.1574,3.1446,3.1521,8430799.2
2025-07-29T12:30:00+00:00,3.1522,3.1668,3.1422,3.1648,12611699.8
2025-07-29T12:45:00+00:00,3.1648,3.1688,3.1540,3.1614,8782522.8
2025-07-29T13:00:00+00:00,3.1613,3.1653,3.1516,3.1623,7199623.2
2025-07-29T13:15:00+00:00,3.1623,3.1740,3.1568,3.1680,7822153.8
2025-07-29T13:30:00+00:00,3.1681,3.1699,3.1508,3.1587,7301558.7
2025-07-29T13:45:00+00:00,3.1587,3.1628,3.1314,3.1386,14505050.7
2025-07-29T14:00:00+00:00,3.1387,3.1403,3.0969,3.1125,35062219.5
2025-07-29T14:15:00+00:00,3.1125,3.1265,3.1062,3.1249,16801162.5
2025-07-29T14:30:00+00:00,3.1249,3.1289,3.1138,3.1227,9464952.7
2025-07-29T14:45:00+00:00,3.1228,3.1259,3.0852,3.1017,23307914.5
2025-07-29T15:00:00+00:00,3.1017,3.1154,3.0907,3.1029,14968013.8
2025-07-29T15:15:00+00:00,3.1031,3.1090,3.0906,3.0913,16273660.1
2025-07-29T15:30:00+00:00,3.0912,3.0962,3.0748,3.0921,23349581.5
2025-07-29T15:45:00+00:00,3.0920,3.1098,3.0890,3.0972,12389916.1
2025-07-29T16:00:00+00:00,3.0972,3.1015,3.0645,3.0790,21871632.6
2025-07-29T16:15:00+00:00,3.0789,3.0835,3.0608,3.0748,13990243.2
2025-07-29T16:30:00+00:00,3.0748,3.0793,3.0516,3.0793,18618898.5
2025-07-29T16:45:00+00:00,3.0793,3.1061,3.0737,3.1053,13966575.7
2025-07-29T17:00:00+00:00,3.1054,3.1383,3.1034,3.1380,15942185.1
2025-07-29T17:15:00+00:00,3.1380,3.1494,3.1250,3.1482,14966800.6
2025-07-29T17:30:00+00:00,3.1483,3.1491,3.1325,3.1352,8867672.0
2025-07-29T17:45:00+00:00,3.1352,3.1504,3.1342,3.1454,7659256.7
2025-07-29T18:00:00+00:00,3.1453,3.1518,3.1336,3.1436,9216589.1
2025-07-29T18:15:00+00:00,3.1436,3.1571,3.1419,3.1571,7105499.8
2025-07-29T18:30:00+00:00,3.1570,3.1609,3.1406,3.1408,5774189.6
2025-07-29T18:45:00+00:00,3.1409,3.1479,3.1324,3.1394,4586938.1
2025-07-29T19:00:00+00:00,3.1394,3.1437,3.1308,3.1389,4810717.5
2025-07-29T19:15:00+00:00,3.1388,3.1477,3.1135,3.1195,10851610.7
2025-07-29T19:30:00+00:00,3.1195,3.1325,3.1150,3.1255,6262003.6
2025-07-29T19:45:00+00:00,3.1255,3.1300,3.1165,3.1180,7247682.7
2025-07-29T20:00:00+00:00,3.1180,3.1205,3.0965,3.1011,16512286.5
2025-07-29T20:15:00+00:00,3.1011,3.1291,3.0934,3.1102,12320298.8
2025-07-29T20:30:00+00:00,3.1101,3.1136,3.0922,3.1009,7120883.2
2025-07-29T20:45:00+00:00,3.1008,3.1157,3.0951,3.1157,5317337.6
2025-07-29T21:00:00+00:00,3.1158,3.1172,3.1003,3.1079,5002150.5
2025-07-29T21:15:00+00:00,3.1080,3.1088,3.0952,3.1029,3841988.5
2025-07-29T21:30:00+00:00,3.1029,3.1152,3.1011,3.1093,4754056.4
2025-07-29T21:45:00+00:00,3.1093,3.1324,3.1090,3.1233,5309813.3
2025-07-29T22:00:00+00:00,3.1233,3.1262,3.1042,3.1061,8185570.9
2025-07-29T22:15:00+00:00,3.1060,3.1208,3.1060,3.1204,2388062.8
2025-07-29T22:30:00+00:00,3.1204,3.1231,3.1151,3.1173,2395650.5
2025-07-29T22:45:00+00:00,3.1173,3.1267,3.1162,3.1238,2988566.5
2025-07-29T23:00:00+00:00,3.1237,3.1296,3.1195,3.1243,3107177.4
2025-07-29T23:15:00+00:00,3.1244,3.1342,3.1223,3.1310,6258216.6
2025-07-29T23:30:00+00:00,3.1311,3.1361,3.1242,3.1247,4154902.6
2025-07-29T23:45:00+00:00,3.1246,3.1299,3.1212,3.1269,2538008.3
2025-07-30T00:00:00+00:00,3.1270,3.1301,3.1182,3.1269,4933452.5
2025-07-30T00:15:00+00:00,3.1270,3.1308,3.1118,3.1140,4777258.2
2025-07-30T00:30:00+00:00,3.1139,3.1204,3.1060,3.1105,5792887.5
2025-07-30T00:45:00+00:00,3.1105,3.1210,3.1009,3.1202,4744631.5
2025-07-30T01:00:00+00:00,3.1201,3.1222,3.1110,3.1180,2654704.0
2025-07-30T01:15:00+00:00,3.1181,3.1190,3.0910,3.1006,7625607.9
2025-07-30T01:30:00+00:00,3.1007,3.1338,3.0974,3.1337,7552285.6
2025-07-30T01:45:00+00:00,3.1337,3.1437,3.1277,3.1304,8138306.3
2025-07-30T02:00:00+00:00,3.1305,3.1415,3.1202,3.1399,5388622.4
2025-07-30T02:15:00+00:00,3.1398,3.1445,3.1255,3.1288,5158320.2
2025-07-30T02:30:00+00:00,3.1288,3.1399,3.1220,3.1361,4424786.6
2025-07-30T02:45:00+00:00,3.1361,3.1443,3.1328,3.1385,4349766.7
2025-07-30T03:00:00+00:00,3.1385,3.1393,3.1284,3.1378,3492632.8
2025-07-30T03:15:00+00:00,3.1377,3.1436,3.1334,3.1416,2878150.4
2025-07-30T03:30:00+00:00,3.1416,3.1487,3.1405,3.1463,3154413.2
2025-07-30T03:45:00+00:00,3.1463,3.1476,3.1354,3.1363,2666743.9
2025-07-30T04:00:00+00:00,3.1364,3.1452,3.1345,3.1410,2274618.2
2025-07-30T04:15:00+00:00,3.1411,3.1426,3.1373,3.1381,2385112.0
2025-07-30T04:30:00+00:00,3.1380,3.1381,3.1138,3.1214,10002710.1
2025-07-30T04:45:00+00:00,3.1213,3.1220,3.1108,3.1172,4927473.2
2025-07-30T05:00:00+00:00,3.1173,3.1220,3.1023,3.1045,5116310.3
2025-07-30T05:15:00+00:00,3.1045,3.1197,3.1021,3.1185,7412930.7
2025-07-30T05:30:00+00:00,3.1186,3.1220,3.1135,3.1198,3873823.2
2025-07-30T05:45:00+00:00,3.1197,3.1326,3.1146,3.1323,4364638.5
2025-07-30T06:00:00+00:00,3.1323,3.1421,3.1316,3.1386,4828496.1
2025-07-30T06:15:00+00:00,3.1386,3.1412,3.1319,3.1375,6720172.3
2025-07-30T06:30:00+00:00,3.1375,3.1405,3.1279,3.1371,3891751.6
2025-07-30T06:45:00+00:00,3.1372,3.1414,3.1323,3.1379,5211457.7
2025-07-30T07:00:00+00:00,3.1379,3.1440,3.1278,3.1321,4126959.9
2025-07-30T07:15:00+00:00,3.1321,3.1342,3.1178,3.1277,5529908.9
2025-07-30T07:30:00+00:00,3.1277,3.1323,3.1133,3.1206,5882192.2
2025-07-30T07:45:00+00:00,3.1207,3.1208,3.1080,3.1181,6867621.8
2025-07-30T08:00:00+00:00,3.1181,3.1321,3.1126,3.1126,6665579.8
2025-07-30T08:15:00+00:00,3.1125,3.1180,3.1070,3.1177,8351679.0
2025-07-30T08:30:00+00:00,3.1176,3.1378,3.1084,3.1359,8194961.3
2025-07-30T08:45:00+00:00,3.1359,3.1393,3.1248,3.1250,7489014.6
2025-07-30T09:00:00+00:00,3.1250,3.1276,3.1107,3.1119,9216495.7
2025-07-30T09:15:00+00:00,3.1118,3.1173,3.1019,3.1037,8480378.1
2025-07-30T09:30:00+00:00,3.1038,3.1042,3.0884,3.0935,13111804.9
2025-07-30T09:45:00+00:00,3.0936,3.1020,3.0924,3.0962,4846061.3
2025-07-30T10:00:00+00:00,3.0963,3.1092,3.0962,3.1063,3599971.2
2025-07-30T10:15:00+00:00,3.1063,3.1137,3.0994,3.1102,4002065.9
2025-07-30T10:30:00+00:00,3.1101,3.1181,3.1040,3.1130,3960636.6
2025-07-30T10:45:00+00:00,3.1129,3.1171,3.0826,3.0881,9080570.2
2025-07-30T11:00:00+00:00,3.0880,3.1005,3.0857,3.0952,3922598.9
2025-07-30T11:15:00+00:00,3.0953,3.0966,3.0600,3.0638,18849218.4
2025-07-30T11:30:00+00:00,3.0639,3.0731,3.0538,3.0545,11588141.3
2025-07-30T11:45:00+00:00,3.0545,3.0627,3.0411,3.0499,23676147.1
2025-07-30T12:00:00+00:00,3.0499,3.0536,3.0414,3.0500,9095029.0
2025-07-30T12:15:00+00:00,3.0500,3.0790,3.0375,3.0736,21135852.2
2025-07-30T12:30:00+00:00,3.0737,3.0775,3.0565,3.0599,14416091.3
2025-07-30T12:45:00+00:00,3.0599,3.0816,3.0551,3.0757,7819203.5
2025-07-30T13:00:00+00:00,3.0756,3.0966,3.0679,3.0875,13419925.2
2025-07-30T13:15:00+00:00,3.0875,3.0979,3.0702,3.0736,11473896.1
2025-07-30T13:30:00+00:00,3.0735,3.0931,3.0711,3.0840,13004369.0
2025-07-30T13:45:00+00:00,3.0840,3.0938,3.0738,3.0860,10844910.0
2025-07-30T14:00:00+00:00,3.0859,3.0876,3.0760,3.0848,6106483.6
2025-07-30T14:15:00+00:00,3.0848,3.0995,3.0790,3.0888,8127511.8
2025-07-30T14:30:00+00:00,3.0889,3.1047,3.0867,3.0987,7903396.1
2025-07-30T14:45:00+00:00,3.0986,3.1480,3.0947,3.1472,28838537.2
2025-07-30T15:00:00+00:00,3.1473,3.1531,3.1238,3.1275,17003365.1
2025-07-30T15:15:00+00:00,3.1276,3.1430,3.1261,3.1326,10391503.3
2025-07-30T15:30:00+00:00,3.1327,3.1520,3.1245,3.1325,10821654.3
2025-07-30T15:45:00+00:00,3.1326,3.1476,3.1273,3.1428,6709020.6
2025-07-30T16:00:00+00:00,3.1428,3.1502,3.1309,3.1477,7682377.0
2025-07-30T16:15:00+00:00,3.1477,3.1620,3.1401,3.1405,12612068.9
2025-07-30T16:30:00+00:00,3.1405,3.1440,3.1305,3.1374,6525681.7
2025-07-30T16:45:00+00:00,3.1375,3.1389,3.1280,3.1362,3547147.4
2025-07-30T17:00:00+00:00,3.1363,3.1491,3.1352,3.1436,4996530.6
2025-07-30T17:15:00+00:00,3.1436,3.1486,3.1339,3.1343,4427724.8
2025-07-30T17:30:00+00:00,3.1343,3.1387,3.1314,3.1352,3120767.6
2025-07-30T17:45:00+00:00,3.1352,3.1352,3.1216,3.1306,6352504.4
2025-07-30T18:00:00+00:00,3.1306,3.1471,3.1075,3.1250,18969466.4
2025-07-30T18:15:00+00:00,3.1250,3.1358,3.1133,3.1193,7408258.8
2025-07-30T18:30:00+00:00,3.1193,3.1237,3.0932,3.1019,15271346.4
2025-07-30T18:45:00+00:00,3.1019,3.1051,3.0472,3.0490,35875260.3
2025-07-30T19:00:00+00:00,3.0490,3.0490,3.0000,3.0405,69134723.8
2025-07-30T19:15:00+00:00,3.0405,3.0713,3.0368,3.0704,30044833.0
2025-07-30T19:30:00+00:00,3.0704,3.0850,3.0574,3.0833,20542920.8
2025-07-30T19:45:00+00:00,3.0834,3.1158,3.0815,3.0964,24807730.3
2025-07-30T20:00:00+00:00,3.0965,3.1151,3.0955,3.1118,12225053.0
2025-07-30T20:15:00+00:00,3.1119,3.1157,3.1000,3.1012,7845250.8
2025-07-30T20:30:00+00:00,3.1012,3.1063,3.0891,3.1007,8204649.7
2025-07-30T20:45:00+00:00,3.1008,3.1028,3.0885,3.0912,5398936.1
2025-07-30T21:00:00+00:00,3.0913,3.0986,3.0883,3.0889,4746802.9
2025-07-30T21:15:00+00:00,3.0889,3.0958,3.0669,3.0731,8011516.3
2025-07-30T21:30:00+00:00,3.0730,3.0826,3.0613,3.0639,8422173.2
2025-07-30T21:45:00+00:00,3.0639,3.0827,3.0628,3.0776,7766673.0
2025-07-30T22:00:00+00:00,3.0775,3.0880,3.0709,3.0766,4620999.8
2025-07-30T22:15:00+00:00,3.0765,3.0803,3.0651,3.0682,5063006.3
2025-07-30T22:30:00+00:00,3.0682,3.0738,3.0642,3.0716,3278763.6
2025-07-30T22:45:00+00:00,3.0715,3.0830,3.0708,3.0810,2885607.9
2025-07-30T23:00:00+00:00,3.0810,3.0914,3.0796,3.0898,3968169.1
2025-07-30T23:15:00+00:00,3.0898,3.0935,3.0841,3.0915,4209468.3
2025-07-30T23:30:00+00:00,3.0915,3.0990,3.0910,3.0972,4797285.6
2025-07-30T23:45:00+00:00,3.0972,3.1028,3.0936,3.0957,4006031.0
2025-07-31T00:00:00+00:00,3.0958,3.0968,3.0862,3.0960,6379510.4
2025-07-31T00:15:00+00:00,3.0960,3.1163,3.0951,3.1160,5725175.3
2025-07-31T00:30:00+00:00,3.1161,3.1234,3.1091,3.1219,9235452.2
2025-07-31T00:45:00+00:00,3.1219,3.1262,3.1130,3.1259,6930837.7
2025-07-31T01:00:00+00:00,3.1260,3.1276,3.1151,3.1237,6151881.3
2025-07-31T01:15:00+00:00,3.1238,3.1266,3.1145,3.1263,3919464.5
2025-07-31T01:30:00+00:00,3.1264,3.1355,3.1218,3.1265,8638583.8
2025-07-31T01:45:00+00:00,3.1265,3.1282,3.1206,3.1271,2551456.3
2025-07-31T02:00:00+00:00,3.1271,3.1296,3.1216,3.1263,5205053.7
2025-07-31T02:15:00+00:00,3.1263,3.1280,3.1204,3.1263,2307569.7
2025-07-31T02:30:00+00:00,3.1264,3.1355,3.1240,3.1355,3857098.7
2025-07-31T02:45:00+00:00,3.1354,3.1368,3.1301,3.1355,2877134.2
2025-07-31T03:00:00+00:00,3.1355,3.1391,3.1300,3.1375,4948661.2
2025-07-31T03:15:00+00:00,3.1375,3.1386,3.1343,3.1371,2807404.9
2025-07-31T03:30:00+00:00,3.1371,3.1414,3.1326,3.1412,3579528.6
2025-07-31T03:45:00+00:00,3.1411,3.1465,3.1365,3.1385,10782396.5
2025-07-31T04:00:00+00:00,3.1385,3.1396,3.1341,3.1352,3103305.6
2025-07-31T04:15:00+00:00,3.1352,3.1352,3.1303,3.1313,4659982.0
2025-07-31T04:30:00+00:00,3.1312,3.1426,3.1312,3.1386,3315750.3
2025-07-31T04:45:00+00:00,3.1385,3.1430,3.1382,3.1394,1804049.1
2025-07-31T05:00:00+00:00,3.1393,3.1404,3.1353,3.1391,2324595.6
2025-07-31T05:15:00+00:00,3.1390,3.1477,3.1390,3.1477,3143377.8
2025-07-31T05:30:00+00:00,3.1476,3.1488,3.1432,3.1457,3143923.6
2025-07-31T05:45:00+00:00,3.1456,3.1456,3.1396,3.1415,2774484.8
2025-07-31T06:00:00+00:00,3.1414,3.1441,3.1351,3.1353,4884772.4
2025-07-31T06:15:00+00:00,3.1353,3.1385,3.1331,3.1372,3377616.9
2025-07-31T06:30:00+00:00,3.1372,3.1450,3.1351,3.1432,3262325.2
2025-07-31T06:45:00+00:00,3.1432,3.1473,3.1432,3.1467,3221902.4
2025-07-31T07:00:00+00:00,3.1468,3.1477,3.1404,3.1435,3422566.7
2025-07-31T07:15:00+00:00,3.1436,3.1516,3.1430,3.1483,5370869.7
2025-07-31T07:30:00+00:00,3.1483,3.1496,3.1452,3.1468,2060751.7
2025-07-31T07:45:00+00:00,3.1467,3.1544,3.1467,3.1540,3549248.6
2025-07-31T08:00:00+00:00,3.1540,3.1595,3.1529,3.1580,5055787.6
2025-07-31T08:15:00+00:00,3.1580,3.1599,3.1536,3.1570,4292774.7
2025-07-31T08:30:00+00:00,3.1570,3.1684,3.1541,3.1684,6066040.0
2025-07-31T08:45:00+00:00,3.1683,3.1707,3.1585,3.1586,6603195.1
2025-07-31T09:00:00+00:00,3.1586,3.1639,3.1552,3.1627,4873302.8
2025-07-31T09:15:00+00:00,3.1628,3.1690,3.1620,3.1666,2321710.7
2025-07-31T09:30:00+00:00,3.1666,3.1688,3.1619,3.1674,2238268.4
2025-07-31T09:45:00+00:00,3.1673,3.1779,3.1640,3.1686,8161495.7
2025-07-31T10:00:00+00:00,3.1685,3.1699,3.1609,3.1625,4599421.0
2025-07-31T10:15:00+00:00,3.1624,3.1645,3.1588,3.1618,4454593.2
2025-07-31T10:30:00+00:00,3.1618,3.1722,3.1617,3.1722,3722462.1
2025-07-31T10:45:00+00:00,3.1722,3.1763,3.1687,3.1698,5132523.1
2025-07-31T11:00:00+00:00,3.1697,3.1740,3.1652,3.1680,3292410.5
2025-07-31T11:15:00+00:00,3.1681,3.1681,3.1524,3.1538,8537187.4
2025-07-31T11:30:00+00:00,3.1538,3.1639,3.1537,3.1553,4505111.5
2025-07-31T11:45:00+00:00,3.1552,3.1578,3.1458,3.1505,7809041.2
2025-07-31T12:00:00+00:00,3.1504,3.1516,3.1350,3.1356,9709553.1
2025-07-31T12:15:00+00:00,3.1356,3.1384,3.1203,3.1339,16817693.1
2025-07-31T12:30:00+00:00,3.1340,3.1354,3.1206,3.1253,7188692.3
2025-07-31T12:45:00+00:00,3.1253,3.1381,3.1217,3.1328,7777278.0
2025-07-31T13:00:00+00:00,3.1328,3.1336,3.1064,3.1082,14210239.6
2025-07-31T13:15:00+00:00,3.1083,3.1166,3.0940,3.1048,15323805.5
2025-07-31T13:30:00+00:00,3.1049,3.1142,3.0833,3.1022,21481603.5
2025-07-31T13:45:00+00:00,3.1021,3.1205,3.0991,3.1111,14204936.3
2025-07-31T14:00:00+00:00,3.1112,3.1240,3.0978,3.1066,13415138.1
2025-07-31T14:15:00+00:00,3.1066,3.1073,3.0822,3.0852,16250871.3
2025-07-31T14:30:00+00:00,3.0852,3.1026,3.0829,3.0885,8226291.1
2025-07-31T14:45:00+00:00,3.0885,3.0994,3.0787,3.0793,7336991.2
2025-07-31T15:00:00+00:00,3.0792,3.0920,3.0740,3.0859,10913434.1
2025-07-31T15:15:00+00:00,3.0859,3.0983,3.0837,3.0919,7654845.0
2025-07-31T15:30:00+00:00,3.0918,3.1005,3.0910,3.0967,6433683.0
2025-07-31T15:45:00+00:00,3.0967,3.1010,3.0884,3.0989,6599172.4
2025-07-31T16:00:00+00:00,3.0989,3.1104,3.0939,3.1047,10057409.7
2025-07-31T16:15:00+00:00,3.1047,3.1214,3.1046,3.1182,8231095.8
2025-07-31T16:30:00+00:00,3.1182,3.1350,3.1182,3.1281,11224099.9
2025-07-31T16:45:00+00:00,3.1281,3.1303,3.1122,3.1199,6946042.6
2025-07-31T17:00:00+00:00,3.1199,3.1207,3.1008,3.1024,7899824.1
2025-07-31T17:15:00+00:00,3.1024,3.1086,3.0859,3.0919,10426254.4
2025-07-31T17:30:00+00:00,3.0920,3.1020,3.0874,3.0939,5685345.2
2025-07-31T17:45:00+00:00,3.0940,3.0987,3.0775,3.0837,8547419.5
2025-07-31T18:00:00+00:00,3.0837,3.0880,3.0671,3.0754,13270409.9
2025-07-31T18:15:00+00:00,3.0754,3.0935,3.0698,3.0921,9410579.8
2025-07-31T18:30:00+00:00,3.0921,3.0966,3.0878,3.0940,4596317.7
2025-07-31T18:45:00+00:00,3.0941,3.0985,3.0760,3.0827,7414824.5
2025-07-31T19:00:00+00:00,3.0827,3.0887,3.0656,3.0677,7638504.2
2025-07-31T19:15:00+00:00,3.0677,3.0754,3.0653,3.0665,6859587.9
2025-07-31T19:30:00+00:00,3.0666,3.0686,3.0557,3.0625,13264037.6
2025-07-31T19:45:00+00:00,3.0624,3.0663,3.0505,3.0562,13314647.0
2025-07-31T20:00:00+00:00,3.0561,3.0624,3.0424,3.0481,17236759.4
2025-07-31T20:15:00+00:00,3.0481,3.0653,3.0438,3.0566,8813340.3
2025-07-31T20:30:00+00:00,3.0567,3.0626,3.0445,3.0547,8001929.5
2025-07-31T20:45:00+00:00,3.0547,3.0592,3.0481,3.0496,6218439.7
2025-07-31T21:00:00+00:00,3.0498,3.0581,3.0461,3.0486,6169844.1
2025-07-31T21:15:00+00:00,3.0486,3.0570,3.0400,3.0559,8430951.4
2025-07-31T21:30:00+00:00,3.0559,3.0658,3.0502,3.0503,7874822.3
2025-07-31T21:45:00+00:00,3.0503,3.0554,3.0260,3.0474,15186965.6
2025-07-31T22:00:00+00:00,3.0474,3.0477,3.0243,3.0318,12169532.1
2025-07-31T22:15:00+00:00,3.0317,3.0393,3.0200,3.0318,8003375.6
2025-07-31T22:30:00+00:00,3.0317,3.0327,3.0143,3.0237,9899783.2
2025-07-31T22:45:00+00:00,3.0237,3.0284,3.0167,3.0259,5850364.0
2025-07-31T23:00:00+00:00,3.0259,3.0420,3.0246,3.0381,7023438.5
2025-07-31T23:15:00+00:00,3.0381,3.0384,3.0276,3.0280,4204439.5
2025-07-31T23:30:00+00:00,3.0280,3.0284,3.0082,3.0234,16926357.3
2025-07-31T23:45:00+00:00,3.0234,3.0275,3.0138,3.0203,8001584.3
2025-08-01T00:00:00+00:00,3.0204,3.0223,2.9752,2.9918,52210616.2
2025-08-01T00:15:00+00:00,2.9918,3.0237,2.9903,3.0016,29910186.6
2025-08-01T00:30:00+00:00,3.0016,3.0082,2.9786,2.9826,19497023.9
2025-08-01T00:45:00+00:00,2.9826,2.9890,2.9279,2.9849,69523219.8
2025-08-01T01:00:00+00:00,2.9849,2.9971,2.9443,2.9483,28699525.4
2025-08-01T01:15:00+00:00,2.9483,2.9745,2.9344,2.9684,32150396.9
2025-08-01T01:30:00+00:00,2.9683,2.9900,2.9543,2.9829,20907587.7
2025-08-01T01:45:00+00:00,2.9830,2.9901,2.9672,2.9839,11244243.8
2025-08-01T02:00:00+00:00,2.9840,3.0050,2.9752,3.0036,14526385.5
2025-08-01T02:15:00+00:00,3.0035,3.0152,2.9984,3.0041,13257332.3
2025-08-01T02:30:00+00:00,3.0042,3.0218,3.0000,3.0133,8610628.1
2025-08-01T02:45:00+00:00,3.0133,3.0202,3.0095,3.0172,6912233.9
2025-08-01T03:00:00+00:00,3.0171,3.0174,3.0001,3.0009,7819440.1
2025-08-01T03:15:00+00:00,3.0009,3.0228,3.0000,3.0171,7893121.7
2025-08-01T03:30:00+00:00,3.0171,3.0184,3.0040,3.0060,6351702.7
2025-08-01T03:45:00+00:00,3.0059,3.0095,2.9922,2.9965,10725975.0
2025-08-01T04:00:00+00:00,2.9966,2.9966,2.9774,2.9889,10181097.0
2025-08-01T04:15:00+00:00,2.9890,2.9898,2.9750,2.9801,9122451.2
2025-08-01T04:30:00+00:00,2.9802,2.9905,2.9718,2.9869,9975087.8
2025-08-01T04:45:00+00:00,2.9869,2.9886,2.9767,2.9841,5495490.4
2025-08-01T05:00:00+00:00,2.9840,2.9950,2.9790,2.9931,6122196.3
2025-08-01T05:15:00+00:00,2.9932,2.9938,2.9662,2.9677,9914855.6
2025-08-01T05:30:00+00:00,2.9677,2.9807,2.9526,2.9610,14493222.1
2025-08-01T05:45:00+00:00,2.9610,2.9648,2.9496,2.9577,8921143.3
2025-08-01T06:00:00+00:00,2.9576,2.9659,2.9412,2.9481,11640783.3
2025-08-01T06:15:00+00:00,2.9482,2.9534,2.9388,2.9426,8769151.9
2025-08-01T06:30:00+00:00,2.9426,2.9517,2.9336,2.9373,7070593.5
2025-08-01T06:45:00+00:00,2.9372,2.9639,2.9352,2.9607,7923134.6
2025-08-01T07:00:00+00:00,2.9608,2.9702,2.9481,2.9565,9724694.3
2025-08-01T07:15:00+00:00,2.9565,2.9645,2.9435,2.9454,7863803.7
2025-08-01T07:30:00+00:00,2.9455,2.9528,2.9372,2.9506,10940152.7
2025-08-01T07:45:00+00:00,2.9507,2.9580,2.9388,2.9541,6724515.2
2025-08-01T08:00:00+00:00,2.9541,2.9541,2.8910,2.9120,49074463.6
2025-08-01T08:15:00+00:00,2.9119,2.9283,2.9016,2.9113,16462013.7
2025-08-01T08:30:00+00:00,2.9114,2.9300,2.8977,2.9227,18968402.1
2025-08-01T08:45:00+00:00,2.9227,2.9321,2.9140,2.9148,9021578.3
2025-08-01T09:00:00+00:00,2.9147,2.9385,2.9118,2.9230,13684028.4
2025-08-01T09:15:00+00:00,2.9230,2.9372,2.9184,2.9343,9378619.3
2025-08-01T09:30:00+00:00,2.9342,2.9405,2.9262,2.9390,7890362.0
2025-08-01T09:45:00+00:00,2.9389,2.9391,2.9194,2.9212,6072284.6
2025-08-01T10:00:00+00:00,2.9212,2.9398,2.9180,2.9397,7285779.0
2025-08-01T10:15:00+00:00,2.9396,2.9478,2.9390,2.9413,7444285.0
2025-08-01T10:30:00+00:00,2.9414,2.9569,2.9357,2.9545,8592498.6
2025-08-01T10:45:00+00:00,2.9546,2.9566,2.9438,2.9510,7780381.1
2025-08-01T11:00:00+00:00,2.9510,2.9536,2.9384,2.9516,5967254.8
2025-08-01T11:15:00+00:00,2.9515,2.9569,2.9420,2.9465,6703910.7
2025-08-01T11:30:00+00:00,2.9465,2.9576,2.9438,2.9552,4632546.7
2025-08-01T11:45:00+00:00,2.9552,2.9705,2.9545,2.9689,8067640.4
2025-08-01T12:00:00+00:00,2.9689,2.9899,2.9651,2.9853,15947766.8
2025-08-01T12:15:00+00:00,2.9852,2.9875,2.9763,2.9845,10195128.9
2025-08-01T12:30:00+00:00,2.9844,3.0059,2.9716,2.9960,23546115.2
2025-08-01T12:45:00+00:00,2.9961,2.9975,2.9804,2.9923,11312824.3
2025-08-01T13:00:00+00:00,2.9924,3.0074,2.9911,3.0050,11690170.9
2025-08-01T13:15:00+00:00,3.0050,3.0170,2.9929,2.9988,18191732.3
2025-08-01T13:30:00+00:00,2.9989,3.0023,2.9668,2.9683,26137601.7
2025-08-01T13:45:00+00:00,2.9683,2.9710,2.9290,2.9569,40776560.9
2025-08-01T14:00:00+00:00,2.9570,3.0039,2.9348,2.9935,32953892.8
2025-08-01T14:15:00+00:00,2.9934,3.0321,2.9915,3.0298,24953688.6
2025-08-01T14:30:00+00:00,3.0297,3.0412,3.0173,3.0182,23266814.6
2025-08-01T14:45:00+00:00,3.0182,3.0575,3.0182,3.0518,18552273.1
2025-08-01T15:00:00+00:00,3.0518,3.0576,3.0253,3.0333,15838660.2
2025-08-01T15:15:00+00:00,3.0333,3.0344,3.0078,3.0228,17286683.2
2025-08-01T15:30:00+00:00,3.0228,3.0497,3.0205,3.0490,13246356.5
2025-08-01T15:45:00+00:00,3.0490,3.0510,3.0347,3.0423,8133955.1
2025-08-01T16:00:00+00:00,3.0423,3.0517,3.0320,3.0455,8263408.0
2025-08-01T16:15:00+00:00,3.0456,3.0495,3.0346,3.0381,6000811.4
2025-08-01T16:30:00+00:00,3.0382,3.0382,3.0141,3.0370,11591377.4
2025-08-01T16:45:00+00:00,3.0369,3.0390,3.0042,3.0110,9414709.3
2025-08-01T17:00:00+00:00,3.0109,3.0126,2.9845,3.0055,21619325.1
2025-08-01T17:15:00+00:00,3.0055,3.0210,3.0023,3.0115,9303430.1
2025-08-01T17:30:00+00:00,3.0116,3.0326,2.9891,3.0000,12833805.1
2025-08-01T17:45:00+00:00,3.0001,3.0069,2.9936,3.0015,5432439.4
2025-08-01T18:00:00+00:00,3.0014,3.0071,2.9851,2.9983,12009307.2
2025-08-01T18:15:00+00:00,2.9983,3.0211,2.9735,3.0106,24053413.3
2025-08-01T18:30:00+00:00,3.0106,3.0280,3.0084,3.0209,11895935.4
2025-08-01T18:45:00+00:00,3.0208,3.0300,3.0006,3.0096,12132814.8
2025-08-01T19:00:00+00:00,3.0094,3.0190,2.9988,3.0094,10181772.8
2025-08-01T19:15:00+00:00,3.0094,3.0188,2.9962,3.0110,11733791.5
2025-08-01T19:30:00+00:00,3.0109,3.0317,3.0028,3.0084,13045583.0
2025-08-01T19:45:00+00:00,3.0084,3.0270,3.0081,3.0134,7933303.4
2025-08-01T20:00:00+00:00,3.0133,3.0214,2.9750,2.9791,16436767.8
2025-08-01T20:15:00+00:00,2.9791,2.9929,2.9655,2.9854,13771727.4
2025-08-01T20:30:00+00:00,2.9854,2.9900,2.9544,2.9795,11510945.7
2025-08-01T20:45:00+00:00,2.9795,3.0123,2.9713,3.0071,11978090.3
2025-08-01T21:00:00+00:00,3.0071,3.0287,3.0037,3.0172,13635824.6
2025-08-01T21:15:00+00:00,3.0172,3.0210,3.0035,3.0105,7582087.8
2025-08-01T21:30:00+00:00,3.0105,3.0145,2.9970,3.0019,4446163.2
2025-08-01T21:45:00+00:00,3.0019,3.0040,2.9907,2.9945,3224516.7
2025-08-01T22:00:00+00:00,2.9945,2.9984,2.9530,2.9607,16995055.9
2025-08-01T22:15:00+00:00,2.9606,2.9696,2.9221,2.9323,28358295.8
2025-08-01T22:30:00+00:00,2.9324,2.9383,2.8930,2.9165,41094749.1
2025-08-01T22:45:00+00:00,2.9166,2.9341,2.8989,2.9231,20071001.4
2025-08-01T23:00:00+00:00,2.9231,2.9470,2.9162,2.9441,13218803.8
2025-08-01T23:15:00+00:00,2.9441,2.9636,2.9403,2.9569,12521856.4
2025-08-01T23:30:00+00:00,2.9569,2.9634,2.9441,2.9620,8492572.1
2025-08-01T23:45:00+00:00,2.9620,2.9701,2.9540,2.9602,7996530.9
2025-08-02T00:00:00+00:00,2.9602,2.9734,2.9468,2.9535,14917029.1
2025-08-02T00:15:00+00:00,2.9535,2.9677,2.9529,2.9594,7036285.4
2025-08-02T00:30:00+00:00,2.9593,2.9673,2.9503,2.9603,7387964.6
2025-08-02T00:45:00+00:00,2.9602,2.9850,2.9602,2.9781,11827493.8
2025-08-02T01:00:00+00:00,2.9781,2.9825,2.9684,2.9752,5197831.3
2025-08-02T01:15:00+00:00,2.9752,2.9809,2.9601,2.9648,3950593.2
2025-08-02T01:30:00+00:00,2.9647,2.9735,2.9601,2.9712,2921173.2
2025-08-02T01:45:00+00:00,2.9711,2.9786,2.9700,2.9761,3155554.7
2025-08-02T02:00:00+00:00,2.9761,2.9796,2.9714,2.9745,2227915.3
2025-08-02T02:15:00+00:00,2.9744,2.9755,2.9690,2.9752,2880122.8
2025-08-02T02:30:00+00:00,2.9752,2.9799,2.9743,2.9772,1576043.6
2025-08-02T02:45:00+00:00,2.9772,2.9777,2.9712,2.9755,1970691.5
2025-08-02T03:00:00+00:00,2.9755,2.9828,2.9734,2.9776,2464764.5
2025-08-02T03:15:00+00:00,2.9777,2.9802,2.9727,2.9743,2387779.8
2025-08-02T03:30:00+00:00,2.9742,2.9792,2.9722,2.9762,1852363.8
2025-08-02T03:45:00+00:00,2.9763,2.9824,2.9730,2.9824,2029559.2
2025-08-02T04:00:00+00:00,2.9824,2.9845,2.9800,2.9819,2603934.9
2025-08-02T04:15:00+00:00,2.9820,2.9969,2.9785,2.9967,4973265.8
2025-08-02T04:30:00+00:00,2.9968,3.0144,2.9961,3.0113,8397410.6
2025-08-02T04:45:00+00:00,3.0113,3.0199,3.0081,3.0184,5535273.9
2025-08-02T05:00:00+00:00,3.0184,3.0194,3.0069,3.0086,6614202.6
2025-08-02T05:15:00+00:00,3.0086,3.0186,3.0055,3.0170,5159630.3
2025-08-02T05:30:00+00:00,3.0169,3.0174,3.0041,3.0086,3839467.6
2025-08-02T05:45:00+00:00,3.0085,3.0118,3.0049,3.0099,2109793.3
2025-08-02T06:00:00+00:00,3.0099,3.0112,2.9991,2.9991,4589514.6
2025-08-02T06:15:00+00:00,2.9991,2.9992,2.9659,2.9668,14410297.4
2025-08-02T06:30:00+00:00,2.9668,2.9720,2.9441,2.9536,16309887.4
2025-08-02T06:45:00+00:00,2.9536,2.9739,2.9536,2.9679,10849108.4
2025-08-02T07:00:00+00:00,2.9679,2.9718,2.9451,2.9590,9781119.1
2025-08-02T07:15:00+00:00,2.9590,2.9796,2.9580,2.9781,7491607.8
2025-08-02T07:30:00+00:00,2.9781,2.9825,2.9706,2.9803,5199344.5
2025-08-02T07:45:00+00:00,2.9803,2.9939,2.9783,2.9912,10159200.5
2025-08-02T08:00:00+00:00,2.9912,2.9972,2.9868,2.9929,4316944.1
2025-08-02T08:15:00+00:00,2.9930,3.0008,2.9827,2.9842,5959307.3
2025-08-02T08:30:00+00:00,2.9842,2.9907,2.9728,2.9830,7840103.9
2025-08-02T08:45:00+00:00,2.9831,2.9880,2.9724,2.9768,4471515.5
2025-08-02T09:00:00+00:00,2.9767,2.9839,2.9689,2.9737,4349494.6
2025-08-02T09:15:00+00:00,2.9737,2.9740,2.9585,2.9622,5935215.6
2025-08-02T09:30:00+00:00,2.9623,2.9677,2.9538,2.9544,6875080.4
2025-08-02T09:45:00+00:00,2.9543,2.9674,2.9536,2.9656,6425182.9
2025-08-02T10:00:00+00:00,2.9657,2.9692,2.9492,2.9506,6763667.1
2025-08-02T10:15:00+00:00,2.9505,2.9594,2.9425,2.9547,9695014.8
2025-08-02T10:30:00+00:00,2.9548,2.9557,2.9324,2.9324,8820988.5
2025-08-02T10:45:00+00:00,2.9325,2.9465,2.9323,2.9423,5711213.5
2025-08-02T11:00:00+00:00,2.9423,2.9479,2.9286,2.9308,9753090.2
2025-08-02T11:15:00+00:00,2.9308,2.9612,2.9300,2.9585,6165384.7
2025-08-02T11:30:00+00:00,2.9584,2.9602,2.9387,2.9458,8674995.2
2025-08-02T11:45:00+00:00,2.9457,2.9535,2.9362,2.9394,4278023.4
2025-08-02T12:00:00+00:00,2.9395,2.9423,2.9300,2.9364,4809870.7
2025-08-02T12:15:00+00:00,2.9362,2.9439,2.9273,2.9311,6485968.2
2025-08-02T12:30:00+00:00,2.9310,2.9368,2.9220,2.9233,8177839.3
2025-08-02T12:45:00+00:00,2.9233,2.9413,2.9221,2.9374,5794502.1
2025-08-02T13:00:00+00:00,2.9374,2.9395,2.9204,2.9233,6065154.4
2025-08-02T13:15:00+00:00,2.9233,2.9334,2.9227,2.9239,4038990.4
2025-08-02T13:30:00+00:00,2.9239,2.9375,2.9168,2.9300,7729356.3
2025-08-02T13:45:00+00:00,2.9300,2.9458,2.9284,2.9383,6511719.6
2025-08-02T14:00:00+00:00,2.9383,2.9401,2.9168,2.9193,9736183.6
2025-08-02T14:15:00+00:00,2.9193,2.9193,2.9019,2.9085,13495113.3
2025-08-02T14:30:00+00:00,2.9085,2.9085,2.8785,2.8875,30955799.1
2025-08-02T14:45:00+00:00,2.8875,2.8906,2.8699,2.8773,16271933.4
2025-08-02T15:00:00+00:00,2.8772,2.8872,2.8719,2.8811,13321018.9
2025-08-02T15:15:00+00:00,2.8812,2.8928,2.8772,2.8772,7755471.3
2025-08-02T15:30:00+00:00,2.8772,2.8788,2.8523,2.8553,20794246.7
2025-08-02T15:45:00+00:00,2.8553,2.8585,2.8208,2.8289,37510268.7
2025-08-02T16:00:00+00:00,2.8290,2.8432,2.8263,2.8345,17906213.5
2025-08-02T16:15:00+00:00,2.8345,2.8420,2.8231,2.8315,12185032.3
2025-08-02T16:30:00+00:00,2.8316,2.8456,2.8104,2.8417,24663460.8
2025-08-02T16:45:00+00:00,2.8418,2.8515,2.8270,2.8427,15465946.4
2025-08-02T17:00:00+00:00,2.8428,2.8579,2.8353,2.8574,12300536.8
2025-08-02T17:15:00+00:00,2.8574,2.8637,2.8504,2.8634,10449235.8
2025-08-02T17:30:00+00:00,2.8634,2.8644,2.8325,2.8345,9096810.8
2025-08-02T17:45:00+00:00,2.8346,2.8362,2.8064,2.8225,22993050.7
2025-08-02T18:00:00+00:00,2.8226,2.8319,2.8103,2.8103,12579844.1
2025-08-02T18:15:00+00:00,2.8104,2.8214,2.7660,2.7666,54462934.1
2025-08-02T18:30:00+00:00,2.7666,2.7762,2.7450,2.7617,43707186.6
2025-08-02T18:45:00+00:00,2.7617,2.7654,2.7407,2.7597,24405477.3
2025-08-02T19:00:00+00:00,2.7596,2.7828,2.7531,2.7760,17815850.3
2025-08-02T19:15:00+00:00,2.7761,2.8031,2.7758,2.8027,17260774.3
2025-08-02T19:30:00+00:00,2.8028,2.8165,2.7912,2.7983,19765138.6
2025-08-02T19:45:00+00:00,2.7982,2.7993,2.7721,2.7784,16051000.0
2025-08-02T20:00:00+00:00,2.7785,2.7943,2.7749,2.7914,10556297.0
2025-08-02T20:15:00+00:00,2.7914,2.8004,2.7760,2.7906,9387385.1
2025-08-02T20:30:00+00:00,2.7905,2.7931,2.7781,2.7825,6207258.7
2025-08-02T20:45:00+00:00,2.7825,2.7970,2.7787,2.7965,7301095.3
2025-08-02T21:00:00+00:00,2.7965,2.8161,2.7835,2.7844,13894077.1
2025-08-02T21:15:00+00:00,2.7845,2.7936,2.7775,2.7815,6045782.8
2025-08-02T21:30:00+00:00,2.7815,2.7995,2.7815,2.7917,5290063.9
2025-08-02T21:45:00+00:00,2.7917,2.8128,2.7911,2.7982,5538275.0
2025-08-02T22:00:00+00:00,2.7981,2.8163,2.7980,2.8051,5945241.7
2025-08-02T22:15:00+00:00,2.8050,2.8059,2.7809,2.7844,9450637.1
2025-08-02T22:30:00+00:00,2.7843,2.8028,2.7838,2.8026,5734399.3
2025-08-02T22:45:00+00:00,2.8026,2.8097,2.7959,2.7965,5837491.2
2025-08-02T23:00:00+00:00,2.7966,2.7977,2.7615,2.7682,13636105.7
2025-08-02T23:15:00+00:00,2.7683,2.7775,2.7381,2.7407,21472515.1
2025-08-02T23:30:00+00:00,2.7408,2.7888,2.7402,2.7755,17015384.3
2025-08-02T23:45:00+00:00,2.7756,2.7838,2.7570,2.7684,10512999.5
2025-08-03T00:00:00+00:00,2.7684,2.7917,2.7602,2.7792,17689318.3
2025-08-03T00:15:00+00:00,2.7793,2.7916,2.7487,2.7576,18166952.0
2025-08-03T00:30:00+00:00,2.7577,2.7796,2.7266,2.7749,33588807.3
2025-08-03T00:45:00+00:00,2.7749,2.7933,2.7690,2.7841,19510873.4
2025-08-03T01:00:00+00:00,2.7840,2.7934,2.7730,2.7873,11179929.1
2025-08-03T01:15:00+00:00,2.7874,2.8000,2.7758,2.7993,10062789.8
2025-08-03T01:30:00+00:00,2.7994,2.8046,2.7919,2.8024,8219271.8
2025-08-03T01:45:00+00:00,2.8023,2.8030,2.7855,2.7976,5556416.2
2025-08-03T02:00:00+00:00,2.7977,2.8198,2.7972,2.8136,10925325.8
2025-08-03T02:15:00+00:00,2.8136,2.8194,2.8068,2.8069,4896442.9
2025-08-03T02:30:00+00:00,2.8069,2.8176,2.8066,2.8154,4230693.5
2025-08-03T02:45:00+00:00,2.8154,2.8280,2.8147,2.8254,9318777.5
2025-08-03T03:00:00+00:00,2.8254,2.8282,2.8149,2.8199,8984646.8
2025-08-03T03:15:00+00:00,2.8200,2.8277,2.8148,2.8216,4008462.8
2025-08-03T03:30:00+00:00,2.8216,2.8369,2.8180,2.8358,7478451.3
2025-08-03T03:45:00+00:00,2.8358,2.8397,2.8316,2.8341,6199479.7
2025-08-03T04:00:00+00:00,2.8341,2.8346,2.8200,2.8236,7056188.4
2025-08-03T04:15:00+00:00,2.8236,2.8342,2.8205,2.8299,5514741.7
2025-08-03T04:30:00+00:00,2.8298,2.8298,2.8163,2.8175,5579099.4
2025-08-03T04:45:00+00:00,2.8175,2.8250,2.8127,2.8234,4173468.8
2025-08-03T05:00:00+00:00,2.8235,2.8368,2.8223,2.8317,4565061.0
2025-08-03T05:15:00+00:00,2.8317,2.8398,2.8276,2.8381,3944511.0
2025-08-03T05:30:00+00:00,2.8380,2.8437,2.8301,2.8316,5217979.1
2025-08-03T05:45:00+00:00,2.8315,2.8350,2.8285,2.8329,2590043.5
2025-08-03T06:00:00+00:00,2.8330,2.8373,2.8253,2.8258,2891320.2
2025-08-03T06:15:00+00:00,2.8259,2.8375,2.8240,2.8340,3395815.4
2025-08-03T06:30:00+00:00,2.8340,2.8430,2.8338,2.8354,4589452.5
2025-08-03T06:45:00+00:00,2.8353,2.8400,2.8329,2.8376,2554032.4
2025-08-03T07:00:00+00:00,2.8376,2.8524,2.8375,2.8506,7163033.1
2025-08-03T07:15:00+00:00,2.8506,2.8583,2.8441,2.8576,9292928.5
2025-08-03T07:30:00+00:00,2.8575,2.8680,2.8561,2.8624,9565248.2
2025-08-03T07:45:00+00:00,2.8624,2.8642,2.8530,2.8635,6613978.3
2025-08-03T08:00:00+00:00,2.8635,2.8757,2.8633,2.8746,11536132.5
2025-08-03T08:15:00+00:00,2.8745,2.8757,2.8618,2.8635,8334408.0
2025-08-03T08:30:00+00:00,2.8635,2.8645,2.8539,2.8584,7864047.6
2025-08-03T08:45:00+00:00,2.8584,2.8682,2.8474,2.8655,9905529.6
2025-08-03T09:00:00+00:00,2.8656,2.8697,2.8532,2.8536,5815001.0
2025-08-03T09:15:00+00:00,2.8537,2.8582,2.8495,2.8542,4997671.0
2025-08-03T09:30:00+00:00,2.8542,2.8617,2.8526,2.8580,4007157.9
2025-08-03T09:45:00+00:00,2.8580,2.8641,2.8570,2.8641,3334280.2
2025-08-03T10:00:00+00:00,2.8641,2.8735,2.8626,2.8733,5362535.1
2025-08-03T10:15:00+00:00,2.8733,2.8733,2.8664,2.8668,3486582.5
2025-08-03T10:30:00+00:00,2.8668,2.8729,2.8619,2.8715,4327477.7
2025-08-03T10:45:00+00:00,2.8715,2.8741,2.8657,2.8669,3647215.3
2025-08-03T11:00:00+00:00,2.8668,2.8922,2.8661,2.8922,9881167.7
2025-08-03T11:15:00+00:00,2.8921,2.8921,2.8778,2.8788,8974295.7
2025-08-03T11:30:00+00:00,2.8788,2.8806,2.8684,2.8729,8080819.7
2025-08-03T11:45:00+00:00,2.8730,2.8816,2.8675,2.8678,5635041.9
2025-08-03T12:00:00+00:00,2.8678,2.8748,2.8593,2.8637,8417577.2
2025-08-03T12:15:00+00:00,2.8637,2.8662,2.8573,2.8635,7316163.3
2025-08-03T12:30:00+00:00,2.8634,2.8744,2.8624,2.8737,5703098.8
2025-08-03T12:45:00+00:00,2.8736,2.8808,2.8694,2.8753,5035159.5
2025-08-03T13:00:00+00:00,2.8753,2.8826,2.8697,2.8809,4991273.7
2025-08-03T13:15:00+00:00,2.8810,2.8817,2.8682,2.8719,4515081.9
2025-08-03T13:30:00+00:00,2.8718,2.8807,2.8710,2.8710,3037224.6
2025-08-03T13:45:00+00:00,2.8711,2.8767,2.8649,2.8744,4347326.5
2025-08-03T14:00:00+00:00,2.8743,2.8805,2.8638,2.8686,5324494.1
2025-08-03T14:15:00+00:00,2.8686,2.8704,2.8582,2.8635,8452374.4
2025-08-03T14:30:00+00:00,2.8634,2.8870,2.8593,2.8837,8333560.8
2025-08-03T14:45:00+00:00,2.8837,2.8945,2.8768,2.8844,10011090.3
2025-08-03T15:00:00+00:00,2.8844,2.8883,2.8754,2.8876,8609062.5
2025-08-03T15:15:00+00:00,2.8876,2.8987,2.8865,2.8963,10968495.9
2025-08-03T15:30:00+00:00,2.8962,2.9019,2.8872,2.8988,11100281.4
2025-08-03T15:45:00+00:00,2.8987,2.8988,2.8888,2.8937,5706426.3
2025-08-03T16:00:00+00:00,2.8937,2.8964,2.8841,2.8866,5056552.2
2025-08-03T16:15:00+00:00,2.8866,2.8937,2.8838,2.8931,5044957.1
2025-08-03T16:30:00+00:00,2.8932,2.9077,2.8896,2.9064,8586998.5
2025-08-03T16:45:00+00:00,2.9063,2.9186,2.9038,2.9167,12516649.8
2025-08-03T17:00:00+00:00,2.9167,2.9284,2.9086,2.9220,13204669.6
2025-08-03T17:15:00+00:00,2.9220,2.9222,2.9075,2.9081,7264250.8
2025-08-03T17:30:00+00:00,2.9082,2.9158,2.9012,2.9019,5297678.9
2025-08-03T17:45:00+00:00,2.9020,2.9147,2.9010,2.9143,4898352.8
2025-08-03T18:00:00+00:00,2.9143,2.9148,2.9016,2.9056,4144497.3
2025-08-03T18:15:00+00:00,2.9055,2.9133,2.8990,2.9080,5026657.9
2025-08-03T18:30:00+00:00,2.9079,2.9118,2.8935,2.8993,7433740.6
2025-08-03T18:45:00+00:00,2.8993,2.9155,2.8993,2.9149,4627516.4
2025-08-03T19:00:00+00:00,2.9149,2.9196,2.9036,2.9067,3981653.2
2025-08-03T19:15:00+00:00,2.9068,2.9208,2.9068,2.9152,4628629.4
2025-08-03T19:30:00+00:00,2.9152,2.9221,2.9118,2.9127,4503308.2
2025-08-03T19:45:00+00:00,2.9126,2.9187,2.9066,2.9146,3977774.2
2025-08-03T20:00:00+00:00,2.9146,2.9150,2.9033,2.9071,5592486.1
2025-08-03T20:15:00+00:00,2.9070,2.9073,2.9000,2.9057,3254159.6
2025-08-03T20:30:00+00:00,2.9057,2.9145,2.9022,2.9137,2933128.3
2025-08-03T20:45:00+00:00,2.9136,2.9221,2.9133,2.9157,3372769.5
2025-08-03T21:00:00+00:00,2.9157,2.9199,2.9142,2.9169,3720147.2
2025-08-03T21:15:00+00:00,2.9169,2.9219,2.9094,2.9168,4018501.3
2025-08-03T21:30:00+00:00,2.9168,2.9210,2.9132,2.9186,2774503.1
2025-08-03T21:45:00+00:00,2.9187,2.9325,2.9187,2.9271,4897673.8
2025-08-03T22:00:00+00:00,2.9271,2.9372,2.9156,2.9163,10086836.0
2025-08-03T22:15:00+00:00,2.9162,2.9243,2.9126,2.9169,7686575.3
2025-08-03T22:30:00+00:00,2.9169,2.9331,2.9163,2.9311,6529821.5
2025-08-03T22:45:00+00:00,2.9312,2.9415,2.9288,2.9407,7575832.5
2025-08-03T23:00:00+00:00,2.9406,2.9606,2.9374,2.9592,15268858.1
2025-08-03T23:15:00+00:00,2.9591,2.9607,2.9468,2.9471,11042717.7
2025-08-03T23:30:00+00:00,2.9470,2.9520,2.9401,2.9432,6727818.1
2025-08-03T23:45:00+00:00,2.9432,2.9499,2.9391,2.9463,5298778.2
2025-08-04T00:00:00+00:00,2.9462,2.9512,2.9291,2.9372,10615626.0
2025-08-04T00:15:00+00:00,2.9373,2.9748,2.9333,2.9682,13150345.4
2025-08-04T00:30:00+00:00,2.9683,2.9890,2.9629,2.9885,18616350.0
2025-08-04T00:45:00+00:00,2.9885,3.0173,2.9855,3.0148,23003370.8
2025-08-04T01:00:00+00:00,3.0147,3.0297,3.0027,3.0180,23644963.8
2025-08-04T01:15:00+00:00,3.0180,3.0250,3.0062,3.0202,13471701.3
2025-08-04T01:30:00+00:00,3.0203,3.0232,3.0035,3.0076,9526001.0
2025-08-04T01:45:00+00:00,3.0076,3.0093,2.9933,2.9967,10925255.5
2025-08-04T02:00:00+00:00,2.9968,2.9979,2.9821,2.9831,13420184.9
2025-08-04T02:15:00+00:00,2.9832,3.0048,2.9822,3.0042,11961899.0
2025-08-04T02:30:00+00:00,3.0041,3.0144,2.9945,2.9957,11055660.4
2025-08-04T02:45:00+00:00,2.9957,3.0134,2.9949,3.0128,7458237.8
2025-08-04T03:00:00+00:00,3.0128,3.0149,3.0023,3.0037,6687823.6
2025-08-04T03:15:00+00:00,3.0037,3.0038,2.9941,2.9955,5689187.8
2025-08-04T03:30:00+00:00,2.9954,3.0001,2.9916,2.9998,3742026.0
2025-08-04T03:45:00+00:00,2.9999,3.0041,2.9968,2.9973,3650353.0
2025-08-04T04:00:00+00:00,2.9974,3.0078,2.9946,2.9958,6445188.3
2025-08-04T04:15:00+00:00,2.9958,3.0014,2.9889,2.9978,6153445.5
2025-08-04T04:30:00+00:00,2.9979,2.9982,2.9880,2.9889,5765814.3
2025-08-04T04:45:00+00:00,2.9889,2.9972,2.9848,2.9871,5711574.0
2025-08-04T05:00:00+00:00,2.9871,2.9880,2.9784,2.9839,11358621.7
2025-08-04T05:15:00+00:00,2.9840,2.9840,2.9754,2.9772,7873489.7
2025-08-04T05:30:00+00:00,2.9772,2.9821,2.9648,2.9708,12005224.0
2025-08-04T05:45:00+00:00,2.9707,2.9845,2.9652,2.9832,8195488.2
2025-08-04T06:00:00+00:00,2.9832,2.9856,2.9712,2.9725,5804709.6
2025-08-04T06:15:00+00:00,2.9725,2.9791,2.9654,2.9740,9340960.9
2025-08-04T06:30:00+00:00,2.9741,2.9899,2.9704,2.9830,7512547.8
2025-08-04T06:45:00+00:00,2.9830,2.9852,2.9723,2.9816,6968682.3
2025-08-04T07:00:00+00:00,2.9816,2.9955,2.9799,2.9917,7398529.7
2025-08-04T07:15:00+00:00,2.9917,2.9951,2.9864,2.9937,4757203.6
2025-08-04T07:30:00+00:00,2.9938,3.0024,2.9909,2.9986,7443044.0
2025-08-04T07:45:00+00:00,2.9987,3.0177,2.9965,3.0101,14357079.0
2025-08-04T08:00:00+00:00,3.0102,3.0215,3.0101,3.0118,8698487.5
2025-08-04T08:15:00+00:00,3.0119,3.0227,3.0034,3.0069,10556620.2
2025-08-04T08:30:00+00:00,3.0069,3.0183,3.0025,3.0116,8571886.9
2025-08-04T08:45:00+00:00,3.0116,3.0132,3.0036,3.0074,4986755.8
2025-08-04T09:00:00+00:00,3.0074,3.0112,2.9941,2.9959,8254825.2
2025-08-04T09:15:00+00:00,2.9960,3.0082,2.9918,3.0036,8256464.1
2025-08-04T09:30:00+00:00,3.0036,3.0095,2.9978,2.9983,3969095.0
2025-08-04T09:45:00+00:00,2.9982,2.9996,2.9882,2.9902,6054951.2
2025-08-04T10:00:00+00:00,2.9902,3.0008,2.9866,3.0007,4961908.3
2025-08-04T10:15:00+00:00,3.0006,3.0019,2.9887,2.9949,4528617.9
2025-08-04T10:30:00+00:00,2.9950,2.9976,2.9874,2.9884,4082022.3
2025-08-04T10:45:00+00:00,2.9883,2.9966,2.9832,2.9842,6324342.1
2025-08-04T11:00:00+00:00,2.9843,2.9884,2.9800,2.9807,6173180.1
2025-08-04T11:15:00+00:00,2.9808,2.9864,2.9756,2.9849,6890377.5
2025-08-04T11:30:00+00:00,2.9846,2.9975,2.9823,2.9941,6825180.0
2025-08-04T11:45:00+00:00,2.9940,2.9959,2.9882,2.9910,4421153.7
2025-08-04T12:00:00+00:00,2.9911,2.9946,2.9838,2.9895,5523463.3
2025-08-04T12:15:00+00:00,2.9895,2.9920,2.9790,2.9821,3952248.0
2025-08-04T12:30:00+00:00,2.9821,2.9898,2.9782,2.9864,3198760.9
2025-08-04T12:45:00+00:00,2.9864,3.0048,2.9847,3.0019,6901443.3
2025-08-04T13:00:00+00:00,3.0019,3.0115,3.0007,3.0028,9831386.3
2025-08-04T13:15:00+00:00,3.0029,3.0065,2.9932,3.0005,5017380.9
2025-08-04T13:30:00+00:00,3.0006,3.0422,2.9991,3.0414,26919103.6
2025-08-04T13:45:00+00:00,3.0413,3.0539,3.0213,3.0494,34188971.2
2025-08-04T14:00:00+00:00,3.0495,3.0790,3.0449,3.0675,37549150.9
2025-08-04T14:15:00+00:00,3.0675,3.0753,3.0530,3.0718,20753967.8
2025-08-04T14:30:00+00:00,3.0717,3.0718,3.0406,3.0425,17770267.3
2025-08-04T14:45:00+00:00,3.0424,3.0500,3.0246,3.0340,17489810.2
2025-08-04T15:00:00+00:00,3.0341,3.0435,3.0262,3.0409,12354507.6
2025-08-04T15:15:00+00:00,3.0409,3.0450,3.0305,3.0359,7238853.7
2025-08-04T15:30:00+00:00,3.0358,3.0408,3.0201,3.0243,11965525.2
2025-08-04T15:45:00+00:00,3.0244,3.0337,3.0160,3.0291,8665353.0
2025-08-04T16:00:00+00:00,3.0291,3.0512,3.0290,3.0504,12229643.8
2025-08-04T16:15:00+00:00,3.0505,3.0624,3.0455,3.0473,11542723.0
2025-08-04T16:30:00+00:00,3.0474,3.0693,3.0463,3.0653,8266968.7
2025-08-04T16:45:00+00:00,3.0653,3.0722,3.0624,3.0700,7418036.0
2025-08-04T17:00:00+00:00,3.0700,3.0877,3.0630,3.0863,14271123.7
2025-08-04T17:15:00+00:00,3.0864,3.0883,3.0663,3.0700,12160839.4
2025-08-04T17:30:00+00:00,3.0700,3.0725,3.0554,3.0583,8727824.0
2025-08-04T17:45:00+00:00,3.0584,3.0660,3.0544,3.0565,5108333.5
2025-08-04T18:00:00+00:00,3.0565,3.0609,3.0470,3.0471,5792314.3
2025-08-04T18:15:00+00:00,3.0470,3.0635,3.0457,3.0567,5176412.9
2025-08-04T18:30:00+00:00,3.0568,3.0568,3.0409,3.0411,6141119.0
2025-08-04T18:45:00+00:00,3.0411,3.0456,3.0382,3.0433,5978303.1
2025-08-04T19:00:00+00:00,3.0432,3.0490,3.0380,3.0458,3647846.9
2025-08-04T19:15:00+00:00,3.0458,3.0500,3.0425,3.0462,3923469.3
2025-08-04T19:30:00+00:00,3.0462,3.0477,3.0356,3.0417,5051374.5
2025-08-04T19:45:00+00:00,3.0416,3.0478,3.0388,3.0476,3812866.3
2025-08-04T20:00:00+00:00,3.0476,3.0541,3.0390,3.0459,6900621.5
2025-08-04T20:15:00+00:00,3.0458,3.0483,3.0404,3.0440,3527392.8
2025-08-04T20:30:00+00:00,3.0441,3.0616,3.0412,3.0564,7196735.2
2025-08-04T20:45:00+00:00,3.0563,3.0563,3.0468,3.0475,6751547.7
2025-08-04T21:00:00+00:00,3.0475,3.0625,3.0467,3.0554,5433623.6
2025-08-04T21:15:00+00:00,3.0554,3.0678,3.0551,3.0621,5373134.3
2025-08-04T21:30:00+00:00,3.0620,3.0761,3.0565,3.0753,5773078.8
2025-08-04T21:45:00+00:00,3.0753,3.0765,3.0630,3.0686,4692714.6
2025-08-04T22:00:00+00:00,3.0686,3.0791,3.0680,3.0778,5395559.9
2025-08-04T22:15:00+00:00,3.0779,3.0796,3.0714,3.0716,3461447.1
2025-08-04T22:30:00+00:00,3.0715,3.0785,3.0643,3.0724,5921399.8
2025-08-04T22:45:00+00:00,3.0724,3.0854,3.0707,3.0850,4332662.0
2025-08-04T23:00:00+00:00,3.0850,3.0852,3.0747,3.0833,3934527.4
2025-08-04T23:15:00+00:00,3.0833,3.0836,3.0707,3.0767,3328551.0
2025-08-04T23:30:00+00:00,3.0767,3.0784,3.0684,3.0701,3342303.1
2025-08-04T23:45:00+00:00,3.0700,3.0740,3.0659,3.0701,5606540.6
2025-08-05T00:00:00+00:00,3.0700,3.0731,3.0550,3.0637,7418355.8
2025-08-05T00:15:00+00:00,3.0638,3.0707,3.0580,3.0647,4958725.8
2025-08-05T00:30:00+00:00,3.0648,3.0842,3.0646,3.0795,6731254.6
2025-08-05T00:45:00+00:00,3.0795,3.0900,3.0741,3.0888,9278619.4
2025-08-05T01:00:00+00:00,3.0888,3.1059,3.0797,3.0808,15394733.1
2025-08-05T01:15:00+00:00,3.0808,3.0846,3.0672,3.0798,8645126.1
2025-08-05T01:30:00+00:00,3.0797,3.0797,3.0607,3.0697,6643762.1
2025-08-05T01:45:00+00:00,3.0696,3.0722,3.0530,3.0548,6777916.9
2025-08-05T02:00:00+00:00,3.0548,3.0625,3.0489,3.0505,5982900.0
2025-08-05T02:15:00+00:00,3.0505,3.0558,3.0453,3.0473,7318993.8
2025-08-05T02:30:00+00:00,3.0474,3.0559,3.0464,3.0548,3205086.4
2025-08-05T02:45:00+00:00,3.0548,3.0614,3.0498,3.0611,4183544.5
2025-08-05T03:00:00+00:00,3.0612,3.0612,3.0392,3.0458,10133619.4
2025-08-05T03:15:00+00:00,3.0458,3.0467,3.0360,3.0425,9307532.5
2025-08-05T03:30:00+00:00,3.0424,3.0451,3.0333,3.0384,8301308.9
2025-08-05T03:45:00+00:00,3.0384,3.0441,3.0362,3.0373,4430066.2
2025-08-05T04:00:00+00:00,3.0373,3.0451,3.0310,3.0439,7879214.5
2025-08-05T04:15:00+00:00,3.0438,3.0438,3.0285,3.0320,8719854.9
2025-08-05T04:30:00+00:00,3.0321,3.0327,3.0242,3.0299,9533239.8
2025-08-05T04:45:00+00:00,3.0300,3.0343,3.0294,3.0330,2482916.4
2025-08-05T05:00:00+00:00,3.0331,3.0404,3.0321,3.0364,3418684.6
2025-08-05T05:15:00+00:00,3.0365,3.0399,3.0332,3.0358,3375444.5
2025-08-05T05:30:00+00:00,3.0358,3.0396,3.0273,3.0303,4904917.1
2025-08-05T05:45:00+00:00,3.0304,3.0410,3.0303,3.0402,4596913.4
2025-08-05T06:00:00+00:00,3.0402,3.0512,3.0394,3.0497,7152399.1
2025-08-05T06:15:00+00:00,3.0497,3.0537,3.0472,3.0481,5623763.6
2025-08-05T06:30:00+00:00,3.0482,3.0483,3.0325,3.0343,6750210.0
2025-08-05T06:45:00+00:00,3.0343,3.0348,3.0160,3.0212,13398019.2
2025-08-05T07:00:00+00:00,3.0212,3.0291,3.0177,3.0268,5763138.1
2025-08-05T07:15:00+00:00,3.0269,3.0330,3.0173,3.0180,4083779.3
2025-08-05T07:30:00+00:00,3.0180,3.0197,2.9947,3.0081,26541466.5
2025-08-05T07:45:00+00:00,3.0082,3.0166,3.0002,3.0031,11257971.9
2025-08-05T08:00:00+00:00,3.0030,3.0124,2.9977,3.0032,9583271.3
2025-08-05T08:15:00+00:00,3.0033,3.0304,3.0033,3.0253,11448143.6
2025-08-05T08:30:00+00:00,3.0253,3.0378,3.0231,3.0271,8231377.9
2025-08-05T08:45:00+00:00,3.0272,3.0328,3.0217,3.0322,4966515.6
2025-08-05T09:00:00+00:00,3.0322,3.0420,3.0321,3.0408,6502232.1
2025-08-05T09:15:00+00:00,3.0408,3.0410,3.0338,3.0400,8252870.9
2025-08-05T09:30:00+00:00,3.0400,3.0480,3.0381,3.0480,6857417.2
2025-08-05T09:45:00+00:00,3.0480,3.0628,3.0452,3.0595,12570880.4
2025-08-05T10:00:00+00:00,3.0595,3.0642,3.0496,3.0564,7776166.5
2025-08-05T10:15:00+00:00,3.0564,3.0690,3.0496,3.0685,8109332.8
2025-08-05T10:30:00+00:00,3.0685,3.0785,3.0663,3.0768,12369545.8
2025-08-05T10:45:00+00:00,3.0767,3.0774,3.0691,3.0726,5365330.4
2025-08-05T11:00:00+00:00,3.0726,3.0768,3.0628,3.0754,7063266.8
2025-08-05T11:15:00+00:00,3.0754,3.0793,3.0690,3.0708,4152439.0
2025-08-05T11:30:00+00:00,3.0708,3.0713,3.0582,3.0667,7385252.3
2025-08-05T11:45:00+00:00,3.0667,3.0667,3.0581,3.0618,3661907.8
2025-08-05T12:00:00+00:00,3.0618,3.0643,3.0543,3.0636,5796004.2
2025-08-05T12:15:00+00:00,3.0635,3.0638,3.0327,3.0462,15472955.7
2025-08-05T12:30:00+00:00,3.0462,3.0462,3.0110,3.0289,20629660.3
2025-08-05T12:45:00+00:00,3.0288,3.0389,3.0219,3.0249,9804304.0
2025-08-05T13:00:00+00:00,3.0248,3.0342,3.0205,3.0283,7150816.4
2025-08-05T13:15:00+00:00,3.0283,3.0400,3.0268,3.0356,6808706.4
2025-08-05T13:30:00+00:00,3.0357,3.0429,3.0229,3.0275,9781770.4
2025-08-05T13:45:00+00:00,3.0275,3.0420,3.0275,3.0363,5458487.1
2025-08-05T14:00:00+00:00,3.0362,3.0376,3.0000,3.0061,21722238.8
2025-08-05T14:15:00+00:00,3.0061,3.0062,2.9708,2.9802,47105623.9
2025-08-05T14:30:00+00:00,2.9803,2.9824,2.9577,2.9648,24331810.8
2025-08-05T14:45:00+00:00,2.9648,2.9766,2.9598,2.9752,15062760.3
2025-08-05T15:00:00+00:00,2.9752,2.9930,2.9678,2.9898,15083127.3
2025-08-05T15:15:00+00:00,2.9898,2.9926,2.9740,2.9796,9180888.2
2025-08-05T15:30:00+00:00,2.9797,2.9823,2.9636,2.9696,11754551.0
2025-08-05T15:45:00+00:00,2.9695,2.9747,2.9555,2.9702,14510874.5
2025-08-05T16:00:00+00:00,2.9702,2.9822,2.9677,2.9810,10032702.5
2025-08-05T16:15:00+00:00,2.9810,2.9890,2.9779,2.9825,6662252.4
2025-08-05T16:30:00+00:00,2.9825,2.9900,2.9618,2.9690,9719341.1
2025-08-05T16:45:00+00:00,2.9689,2.9791,2.9605,2.9679,5524726.0
2025-08-05T17:00:00+00:00,2.9680,2.9772,2.9672,2.9757,4136074.6
2025-08-05T17:15:00+00:00,2.9757,2.9865,2.9735,2.9844,4674886.7
2025-08-05T17:30:00+00:00,2.9844,2.9911,2.9764,2.9766,8120613.7
2025-08-05T17:45:00+00:00,2.9766,2.9904,2.9715,2.9879,7038469.2
2025-08-05T18:00:00+00:00,2.9878,2.9885,2.9746,2.9749,5941022.8
2025-08-05T18:15:00+00:00,2.9748,2.9774,2.9632,2.9674,6869803.9
2025-08-05T18:30:00+00:00,2.9673,2.9730,2.9571,2.9613,7390173.7
2025-08-05T18:45:00+00:00,2.9614,2.9775,2.9510,2.9759,9152840.7
2025-08-05T19:00:00+00:00,2.9759,2.9833,2.9687,2.9692,6103723.1
2025-08-05T19:15:00+00:00,2.9691,2.9715,2.9610,2.9648,3273805.1
2025-08-05T19:30:00+00:00,2.9648,2.9682,2.9585,2.9585,3635689.8
2025-08-05T19:45:00+00:00,2.9584,2.9600,2.9438,2.9457,14468146.0
2025-08-05T20:00:00+00:00,2.9457,2.9614,2.9457,2.9609,4950289.5
2025-08-05T20:15:00+00:00,2.9609,2.9669,2.9579,2.9662,4239359.5
2025-08-05T20:30:00+00:00,2.9661,2.9665,2.9487,2.9536,4100781.1
2025-08-05T20:45:00+00:00,2.9536,2.9540,2.9346,2.9375,9295432.6
2025-08-05T21:00:00+00:00,2.9376,2.9499,2.9351,2.9370,5820685.4
2025-08-05T21:15:00+00:00,2.9370,2.9510,2.9370,2.9506,3604984.8
2025-08-05T21:30:00+00:00,2.9506,2.9529,2.9470,2.9482,2649339.0
2025-08-05T21:45:00+00:00,2.9483,2.9483,2.9318,2.9344,3790806.5
2025-08-05T22:00:00+00:00,2.9344,2.9425,2.9148,2.9414,17677951.5
2025-08-05T22:15:00+00:00,2.9414,2.9496,2.9411,2.9482,5439433.3
2025-08-05T22:30:00+00:00,2.9483,2.9565,2.9466,2.9550,6270974.0
2025-08-05T22:45:00+00:00,2.9549,2.9609,2.9518,2.9588,3711376.8
2025-08-05T23:00:00+00:00,2.9587,2.9679,2.9547,2.9672,6836735.5
2025-08-05T23:15:00+00:00,2.9672,2.9743,2.9621,2.9633,6805721.3
2025-08-05T23:30:00+00:00,2.9633,2.9720,2.9581,2.9681,5038460.4
2025-08-05T23:45:00+00:00,2.9681,2.9715,2.9587,2.9607,4061059.8
2025-08-06T00:00:00+00:00,2.9607,2.9631,2.9451,2.9509,8278808.2
2025-08-06T00:15:00+00:00,2.9509,2.9566,2.9486,2.9519,3850063.8
2025-08-06T00:30:00+00:00,2.9518,2.9605,2.9467,2.9505,4250811.8
2025-08-06T00:45:00+00:00,2.9506,2.9513,2.9253,2.9304,10136110.1
2025-08-06T01:00:00+00:00,2.9303,2.9374,2.9185,2.9362,8099087.9
2025-08-06T01:15:00+00:00,2.9361,2.9392,2.9200,2.9227,6993033.9
2025-08-06T01:30:00+00:00,2.9227,2.9420,2.9227,2.9370,4851041.2
2025-08-06T01:45:00+00:00,2.9371,2.9419,2.9275,2.9388,6503490.3
2025-08-06T02:00:00+00:00,2.9387,2.9400,2.9164,2.9235,7413013.4
2025-08-06T02:15:00+00:00,2.9234,2.9344,2.9214,2.9323,4538494.8
2025-08-06T02:30:00+00:00,2.9323,2.9360,2.9220,2.9310,5065524.8
2025-08-06T02:45:00+00:00,2.9310,2.9338,2.9263,2.9312,2468975.7
2025-08-06T03:00:00+00:00,2.9312,2.9329,2.9205,2.9231,3705000.8
2025-08-06T03:15:00+00:00,2.9231,2.9233,2.9074,2.9114,9874249.0
2025-08-06T03:30:00+00:00,2.9113,2.9206,2.9092,2.9187,4370822.5
2025-08-06T03:45:00+00:00,2.9186,2.9230,2.9120,2.9129,2936122.5
2025-08-06T04:00:00+00:00,2.9130,2.9159,2.9033,2.9045,6127289.0
2025-08-06T04:15:00+00:00,2.9046,2.9174,2.9036,2.9123,3835960.5
2025-08-06T04:30:00+00:00,2.9123,2.9176,2.9006,2.9067,4762490.3
2025-08-06T04:45:00+00:00,2.9066,2.9124,2.9048,2.9101,3423507.0
2025-08-06T05:00:00+00:00,2.9100,2.9394,2.9047,2.9392,8971360.3
2025-08-06T05:15:00+00:00,2.9391,2.9540,2.9369,2.9369,14631316.7
2025-08-06T05:30:00+00:00,2.9369,2.9650,2.9340,2.9604,16573428.0
2025-08-06T05:45:00+00:00,2.9604,2.9669,2.9444,2.9497,10205381.9
2025-08-06T06:00:00+00:00,2.9498,2.9512,2.9304,2.9352,7996079.7
2025-08-06T06:15:00+00:00,2.9353,2.9428,2.9283,2.9375,5174169.6
2025-08-06T06:30:00+00:00,2.9376,2.9522,2.9335,2.9472,5477254.7
2025-08-06T06:45:00+00:00,2.9473,2.9547,2.9445,2.9473,3501346.1
2025-08-06T07:00:00+00:00,2.9473,2.9597,2.9423,2.9558,5019886.5
2025-08-06T07:15:00+00:00,2.9558,2.9590,2.9499,2.9582,2876275.6
2025-08-06T07:30:00+00:00,2.9581,2.9586,2.9442,2.9476,4225740.0
2025-08-06T07:45:00+00:00,2.9476,2.9548,2.9459,2.9545,3047102.4
2025-08-06T08:00:00+00:00,2.9545,2.9589,2.9397,2.9431,5360489.8
2025-08-06T08:15:00+00:00,2.9430,2.9516,2.9359,2.9416,6075468.0
2025-08-06T08:30:00+00:00,2.9416,2.9417,2.9209,2.9218,8941534.4
2025-08-06T08:45:00+00:00,2.9219,2.9288,2.9175,2.9287,8585721.0
2025-08-06T09:00:00+00:00,2.9287,2.9420,2.9213,2.9411,6536266.0
2025-08-06T09:15:00+00:00,2.9411,2.9520,2.9407,2.9444,7631082.4
2025-08-06T09:30:00+00:00,2.9444,2.9513,2.9333,2.9364,7091196.8
2025-08-06T09:45:00+00:00,2.9364,2.9432,2.9324,2.9424,2891381.7
2025-08-06T10:00:00+00:00,2.9424,2.9461,2.9342,2.9385,3537579.7
2025-08-06T10:15:00+00:00,2.9384,2.9450,2.9257,2.9338,6316662.0
2025-08-06T10:30:00+00:00,2.9337,2.9421,2.9308,2.9406,3557155.6
2025-08-06T10:45:00+00:00,2.9405,2.9425,2.9313,2.9349,3553370.8
2025-08-06T11:00:00+00:00,2.9349,2.9487,2.9336,2.9484,5924183.0
2025-08-06T11:15:00+00:00,2.9485,2.9531,2.9455,2.9513,3662951.7
2025-08-06T11:30:00+00:00,2.9513,2.9554,2.9456,2.9491,3875957.6
2025-08-06T11:45:00+00:00,2.9492,2.9492,2.9403,2.9449,2295408.5
2025-08-06T12:00:00+00:00,2.9448,2.9528,2.9272,2.9294,7143904.9
2025-08-06T12:15:00+00:00,2.9294,2.9425,2.9213,2.9334,8788314.6
2025-08-06T12:30:00+00:00,2.9334,2.9477,2.9317,2.9376,5186788.3
2025-08-06T12:45:00+00:00,2.9376,2.9451,2.9353,2.9382,4895650.5
2025-08-06T13:00:00+00:00,2.9382,2.9504,2.9382,2.9500,5090576.9
2025-08-06T13:15:00+00:00,2.9500,2.9523,2.9433,2.9481,4634497.1
2025-08-06T13:30:00+00:00,2.9482,2.9587,2.9297,2.9540,17363663.6
2025-08-06T13:45:00+00:00,2.9541,2.9578,2.9355,2.9472,11866608.7
2025-08-06T14:00:00+00:00,2.9473,2.9723,2.9472,2.9579,15658223.9
2025-08-06T14:15:00+00:00,2.9580,2.9639,2.9370,2.9474,11881112.2
2025-08-06T14:30:00+00:00,2.9473,2.9648,2.9432,2.9607,8408061.4
2025-08-06T14:45:00+00:00,2.9608,2.9839,2.9533,2.9835,14189443.0
2025-08-06T15:00:00+00:00,2.9836,2.9868,2.9660,2.9736,14519580.0
2025-08-06T15:15:00+00:00,2.9736,2.9793,2.9691,2.9743,6811935.8
2025-08-06T15:30:00+00:00,2.9742,2.9853,2.9723,2.9796,7599190.9
2025-08-06T15:45:00+00:00,2.9795,3.0082,2.9755,3.0022,15579392.5
2025-08-06T16:00:00+00:00,3.0023,3.0137,2.9862,2.9935,22977320.2
2025-08-06T16:15:00+00:00,2.9935,2.9998,2.9845,2.9856,7534660.5
2025-08-06T16:30:00+00:00,2.9857,2.9911,2.9743,2.9752,7910474.2
2025-08-06T16:45:00+00:00,2.9752,2.9846,2.9743,2.9791,4918239.9
2025-08-06T17:00:00+00:00,2.9791,2.9815,2.9681,2.9772,7208240.3
2025-08-06T17:15:00+00:00,2.9772,2.9883,2.9765,2.9880,3960226.9
2025-08-06T17:30:00+00:00,2.9880,2.9974,2.9804,2.9973,4278426.3
2025-08-06T17:45:00+00:00,2.9973,3.0024,2.9937,3.0018,6406114.4
2025-08-06T18:00:00+00:00,3.0017,3.0144,3.0017,3.0141,7211813.6
2025-08-06T18:15:00+00:00,3.0141,3.0168,2.9985,3.0059,8649192.3
2025-08-06T18:30:00+00:00,3.0059,3.0112,2.9967,2.9979,6406349.5
2025-08-06T18:45:00+00:00,2.9979,3.0032,2.9940,3.0001,3501551.7
2025-08-06T19:00:00+00:00,3.0001,3.0100,2.9999,3.0086,3994138.9
2025-08-06T19:15:00+00:00,3.0086,3.0123,3.0054,3.0062,3435585.7
2025-08-06T19:30:00+00:00,3.0061,3.0079,3.0015,3.0031,2719345.8
2025-08-06T19:45:00+00:00,3.0031,3.0103,2.9967,3.0100,5526401.7
2025-08-06T20:00:00+00:00,3.0100,3.0102,3.0017,3.0028,2971562.4
2025-08-06T20:15:00+00:00,3.0028,3.0037,2.9994,3.0010,1715247.3
2025-08-06T20:30:00+00:00,3.0011,3.0029,2.9900,2.9953,4957531.9
2025-08-06T20:45:00+00:00,2.9953,2.9953,2.9906,2.9928,3096840.6
2025-08-06T21:00:00+00:00,2.9929,3.0041,2.9926,2.9989,3967176.5
2025-08-06T21:15:00+00:00,2.9988,3.0015,2.9970,2.9978,2364232.5
2025-08-06T21:30:00+00:00,2.9978,2.9982,2.9789,2.9870,6944269.7
2025-08-06T21:45:00+00:00,2.9869,2.9932,2.9869,2.9924,2086070.1
2025-08-06T22:00:00+00:00,2.9924,2.9973,2.9881,2.9955,4378640.1
2025-08-06T22:15:00+00:00,2.9954,2.9983,2.9902,2.9953,2343360.1
2025-08-06T22:30:00+00:00,2.9952,2.9982,2.9923,2.9942,2102528.2
2025-08-06T22:45:00+00:00,2.9942,2.9988,2.9934,2.9979,2147668.1
2025-08-06T23:00:00+00:00,2.9978,3.0008,2.9953,2.9995,2420447.6
2025-08-06T23:15:00+00:00,2.9996,3.0004,2.9925,2.9937,1964990.3
2025-08-06T23:30:00+00:00,2.9938,2.9947,2.9903,2.9933,2584677.4
2025-08-06T23:45:00+00:00,2.9933,2.9950,2.9888,2.9896,2607044.1
2025-08-07T00:00:00+00:00,2.9896,2.9899,2.9800,2.9833,5475346.6
2025-08-07T00:15:00+00:00,2.9832,2.9848,2.9779,2.9847,3656567.4
2025-08-07T00:30:00+00:00,2.9847,2.9928,2.9833,2.9890,3991195.9
2025-08-07T00:45:00+00:00,2.9891,2.9909,2.9841,2.9860,2734695.8
2025-08-07T01:00:00+00:00,2.9860,2.9900,2.9810,2.9874,3397140.2
2025-08-07T01:15:00+00:00,2.9875,3.0074,2.9833,3.0049,7603102.1
2025-08-07T01:30:00+00:00,3.0048,3.0100,2.9976,3.0003,6775609.9
2025-08-07T01:45:00+00:00,3.0003,3.0010,2.9820,2.9843,6041468.6
2025-08-07T02:00:00+00:00,2.9843,2.9871,2.9755,2.9861,7083625.8
2025-08-07T02:15:00+00:00,2.9860,2.9887,2.9833,2.9862,2322943.6
2025-08-07T02:30:00+00:00,2.9861,2.9862,2.9764,2.9765,3010414.2
2025-08-07T02:45:00+00:00,2.9765,2.9790,2.9712,2.9742,4191464.2
2025-08-07T03:00:00+00:00,2.9742,2.9796,2.9701,2.9703,2496181.5
2025-08-07T03:15:00+00:00,2.9703,2.9724,2.9661,2.9686,4051385.5
2025-08-07T03:30:00+00:00,2.9685,2.9717,2.9663,2.9709,2500308.8
2025-08-07T03:45:00+00:00,2.9709,2.9740,2.9668,2.9669,2386076.6
2025-08-07T04:00:00+00:00,2.9669,2.9758,2.9630,2.9721,7374596.2
2025-08-07T04:15:00+00:00,2.9721,2.9818,2.9716,2.9788,2482363.5
2025-08-07T04:30:00+00:00,2.9788,2.9794,2.9722,2.9735,2433001.5
2025-08-07T04:45:00+00:00,2.9734,2.9757,2.9688,2.9748,2136239.6
2025-08-07T05:00:00+00:00,2.9748,2.9762,2.9697,2.9714,1734269.5
2025-08-07T05:15:00+00:00,2.9713,2.9805,2.9700,2.9788,2141568.1
2025-08-07T05:30:00+00:00,2.9788,2.9847,2.9784,2.9829,2202007.8
2025-08-07T05:45:00+00:00,2.9829,2.9945,2.9815,2.9938,4402223.9
2025-08-07T06:00:00+00:00,2.9937,3.0072,2.9912,3.0041,8151380.0
2025-08-07T06:15:00+00:00,3.0040,3.0044,2.9971,3.0016,5460629.4
2025-08-07T06:30:00+00:00,3.0015,3.0094,2.9984,3.0076,5677017.2
2025-08-07T06:45:00+00:00,3.0075,3.0132,2.9968,2.9996,5993592.1
2025-08-07T07:00:00+00:00,2.9995,3.0091,2.9983,3.0060,3632224.9
2025-08-07T07:15:00+00:00,3.0060,3.0098,3.0018,3.0059,4036094.5
2025-08-07T07:30:00+00:00,3.0058,3.0085,3.0031,3.0036,3078263.5
2025-08-07T07:45:00+00:00,3.0035,3.0067,2.9974,2.9990,3310713.6
2025-08-07T08:00:00+00:00,2.9989,3.0089,2.9981,3.0015,4597167.8
2025-08-07T08:15:00+00:00,3.0014,3.0060,2.9981,3.0038,4107955.9
2025-08-07T08:30:00+00:00,3.0038,3.0038,2.9921,2.9959,5046131.5
2025-08-07T08:45:00+00:00,2.9959,2.9980,2.9931,2.9956,2750252.5
2025-08-07T09:00:00+00:00,2.9957,2.9973,2.9870,2.9889,5186915.3
2025-08-07T09:15:00+00:00,2.9889,3.0033,2.9880,3.0031,4230028.4
2025-08-07T09:30:00+00:00,3.0031,3.0059,2.9978,3.0007,3831464.9
2025-08-07T09:45:00+00:00,3.0008,3.0065,2.9975,3.0053,3821098.3
2025-08-07T10:00:00+00:00,3.0053,3.0534,3.0042,3.0517,24730077.1
2025-08-07T10:15:00+00:00,3.0517,3.0578,3.0415,3.0576,19181962.3
2025-08-07T10:30:00+00:00,3.0576,3.0752,3.0561,3.0738,19644061.1
2025-08-07T10:45:00+00:00,3.0737,3.0745,3.0626,3.0688,13547086.3
2025-08-07T11:00:00+00:00,3.0687,3.0823,3.0653,3.0808,11533840.1
2025-08-07T11:15:00+00:00,3.0807,3.0874,3.0746,3.0846,11956522.0
2025-08-07T11:30:00+00:00,3.0845,3.0846,3.0713,3.0763,9768078.1
2025-08-07T11:45:00+00:00,3.0764,3.0862,3.0742,3.0780,8584863.5
2025-08-07T12:00:00+00:00,3.0780,3.0846,3.0686,3.0730,12271743.1
2025-08-07T12:15:00+00:00,3.0729,3.0744,3.0620,3.0699,13281978.8
2025-08-07T12:30:00+00:00,3.0698,3.0765,3.0631,3.0738,7332361.3
2025-08-07T12:45:00+00:00,3.0738,3.0791,3.0598,3.0762,6861594.1
2025-08-07T13:00:00+00:00,3.0762,3.0778,3.0710,3.0722,4421474.9
2025-08-07T13:15:00+00:00,3.0723,3.0758,3.0676,3.0709,4816137.3
2025-08-07T13:30:00+00:00,3.0709,3.0838,3.0660,3.0758,10700790.9
2025-08-07T13:45:00+00:00,3.0757,3.0757,3.0652,3.0699,5612475.8
2025-08-07T14:00:00+00:00,3.0700,3.0711,3.0544,3.0561,9709370.4
2025-08-07T14:15:00+00:00,3.0562,3.0664,3.0549,3.0564,7756795.2
2025-08-07T14:30:00+00:00,3.0564,3.0610,3.0473,3.0512,10449757.0
2025-08-07T14:45:00+00:00,3.0513,3.0532,3.0428,3.0473,7428382.7
2025-08-07T15:00:00+00:00,3.0473,3.0490,3.0397,3.0438,5674531.6
2025-08-07T15:15:00+00:00,3.0439,3.0559,3.0408,3.0500,5741498.4
2025-08-07T15:30:00+00:00,3.0500,3.0666,3.0487,3.0637,11008432.8
2025-08-07T15:45:00+00:00,3.0638,3.0646,3.0560,3.0610,5142235.0
2025-08-07T16:00:00+00:00,3.0610,3.0650,3.0555,3.0582,4136308.0
2025-08-07T16:15:00+00:00,3.0582,3.0602,3.0491,3.0550,4455851.8
2025-08-07T16:30:00+00:00,3.0550,3.0573,3.0325,3.0330,7459945.6
2025-08-07T16:45:00+00:00,3.0331,3.0395,3.0076,3.0365,25440931.6
2025-08-07T17:00:00+00:00,3.0365,3.0425,3.0280,3.0357,8919375.3
2025-08-07T17:15:00+00:00,3.0358,3.0414,3.0331,3.0370,4774868.8
2025-08-07T17:30:00+00:00,3.0370,3.0458,3.0313,3.0453,4551165.0
2025-08-07T17:45:00+00:00,3.0453,3.0525,3.0433,3.0485,3887169.0
2025-08-07T18:00:00+00:00,3.0485,3.0528,3.0395,3.0429,4968467.1
2025-08-07T18:15:00+00:00,3.0429,3.0508,3.0386,3.0493,2854995.9
2025-08-07T18:30:00+00:00,3.0492,3.0504,3.0429,3.0429,1717958.7
2025-08-07T18:45:00+00:00,3.0429,3.0564,3.0422,3.0525,3337364.6
2025-08-07T19:00:00+00:00,3.0525,3.0572,3.0505,3.0560,2565165.4
2025-08-07T19:15:00+00:00,3.0559,3.0595,3.0527,3.0594,2535459.2
2025-08-07T19:30:00+00:00,3.0594,3.0724,3.0573,3.0722,8148640.6
2025-08-07T19:45:00+00:00,3.0721,3.1008,3.0720,3.1001,20288935.6
2025-08-07T20:00:00+00:00,3.1002,3.1196,3.0990,3.1041,19595608.3
2025-08-07T20:15:00+00:00,3.1041,3.1190,3.1006,3.1138,10395471.5
2025-08-07T20:30:00+00:00,3.1139,3.1166,3.1090,3.1093,5960143.5
2025-08-07T20:45:00+00:00,3.1093,3.1120,3.1030,3.1096,7095224.1
2025-08-07T21:00:00+00:00,3.1097,3.1104,3.1017,3.1054,5698649.2
2025-08-07T21:15:00+00:00,3.1054,3.1781,3.1044,3.1779,36207548.3
2025-08-07T21:30:00+00:00,3.1780,3.2391,3.1713,3.2389,75658540.9
2025-08-07T21:45:00+00:00,3.2390,3.2976,3.2169,3.2485,71176884.4
2025-08-07T22:00:00+00:00,3.2484,3.2810,3.2413,3.2692,50923376.9
2025-08-07T22:15:00+00:00,3.2694,3.2899,3.2601,3.2785,34588789.4
2025-08-07T22:30:00+00:00,3.2785,3.2822,3.2584,3.2801,24139901.3
2025-08-07T22:45:00+00:00,3.2803,3.3302,3.2768,3.3237,46834661.8
2025-08-07T23:00:00+00:00,3.3237,3.3332,3.2778,3.2829,42346538.7
2025-08-07T23:15:00+00:00,3.2829,3.3070,3.2777,3.3058,16544511.8
2025-08-07T23:30:00+00:00,3.3057,3.3251,3.2975,3.3152,19352231.4
2025-08-07T23:45:00+00:00,3.3151,3.3298,3.3054,3.3181,21601271.3
2025-08-08T00:00:00+00:00,3.3181,3.3366,3.2874,3.3304,48096894.3
2025-08-08T00:15:00+00:00,3.3303,3.3360,3.2864,3.3135,40149447.8
2025-08-08T00:30:00+00:00,3.3135,3.3333,3.2914,3.3027,25827587.4
2025-08-08T00:45:00+00:00,3.3028,3.3244,3.2958,3.2972,17726299.5
2025-08-08T01:00:00+00:00,3.2972,3.3029,3.2696,3.2963,39188913.7
2025-08-08T01:15:00+00:00,3.2963,3.3068,3.2740,3.2992,27434657.8
2025-08-08T01:30:00+00:00,3.2992,3.3057,3.2860,3.2905,11431322.9
2025-08-08T01:45:00+00:00,3.2905,3.3216,3.2858,3.3192,16715231.6
2025-08-08T02:00:00+00:00,3.3191,3.3220,3.3070,3.3177,11776171.3
2025-08-08T02:15:00+00:00,3.3177,3.3246,3.3042,3.3177,10092709.6
2025-08-08T02:30:00+00:00,3.3177,3.3325,3.3162,3.3313,11254933.3
2025-08-08T02:45:00+00:00,3.3313,3.3494,3.3309,3.3403,23335572.6
2025-08-08T03:00:00+00:00,3.3403,3.3750,3.3305,3.3621,27545019.9
2025-08-08T03:15:00+00:00,3.3621,3.3712,3.3539,3.3633,19540460.1
2025-08-08T03:30:00+00:00,3.3633,3.3708,3.3479,3.3658,15156478.7
2025-08-08T03:45:00+00:00,3.3660,3.3750,3.3558,3.3750,10868156.4
2025-08-08T04:00:00+00:00,3.3750,3.3813,3.3403,3.3519,25758079.4
2025-08-08T04:15:00+00:00,3.3520,3.3609,3.3424,3.3598,9604133.5
2025-08-08T04:30:00+00:00,3.3599,3.3765,3.3580,3.3709,9892326.1
2025-08-08T04:45:00+00:00,3.3710,3.3730,3.3474,3.3493,8266627.8
2025-08-08T05:00:00+00:00,3.3493,3.3508,3.3306,3.3392,15815145.8
2025-08-08T05:15:00+00:00,3.3392,3.3484,3.3245,3.3277,15287011.1
2025-08-08T05:30:00+00:00,3.3277,3.3288,3.3121,3.3179,22919299.1
2025-08-08T05:45:00+00:00,3.3180,3.3212,3.3080,3.3152,9437817.1
2025-08-08T06:00:00+00:00,3.3153,3.3324,3.3048,3.3288,17339247.6
2025-08-08T06:15:00+00:00,3.3288,3.3401,3.3217,3.3360,8830923.2
2025-08-08T06:30:00+00:00,3.3360,3.3447,3.3318,3.3438,8167436.8
2025-08-08T06:45:00+00:00,3.3437,3.3491,3.3337,3.3479,5517444.4
2025-08-08T07:00:00+00:00,3.3480,3.3510,3.3280,3.3367,7104311.1
2025-08-08T07:15:00+00:00,3.3368,3.3490,3.3241,3.3379,8749552.6
2025-08-08T07:30:00+00:00,3.3379,3.3525,3.3378,3.3461,7850613.6
2025-08-08T07:45:00+00:00,3.3462,3.3598,3.3442,3.3546,7324708.9
2025-08-08T08:00:00+00:00,3.3545,3.3592,3.3510,3.3548,8805708.7
2025-08-08T08:15:00+00:00,3.3548,3.3598,3.3410,3.3495,10123238.4
2025-08-08T08:30:00+00:00,3.3495,3.3496,3.3312,3.3375,12021903.2
2025-08-08T08:45:00+00:00,3.3375,3.3380,3.3207,3.3357,11682057.7
2025-08-08T09:00:00+00:00,3.3356,3.3425,3.3320,3.3364,7749147.2
2025-08-08T09:15:00+00:00,3.3364,3.3395,3.3126,3.3189,10821166.4
2025-08-08T09:30:00+00:00,3.3190,3.3215,3.3106,3.3173,8355354.1
2025-08-08T09:45:00+00:00,3.3174,3.3295,3.3173,3.3269,5491974.3
2025-08-08T10:00:00+00:00,3.3270,3.3321,3.3165,3.3189,6173284.7
2025-08-08T10:15:00+00:00,3.3190,3.3210,3.3044,3.3092,8983232.3
2025-08-08T10:30:00+00:00,3.3092,3.3216,3.3048,3.3123,5825614.8
2025-08-08T10:45:00+00:00,3.3123,3.3141,3.3014,3.3089,7110346.6
2025-08-08T11:00:00+00:00,3.3089,3.3239,3.3088,3.3219,7310078.4
2025-08-08T11:15:00+00:00,3.3220,3.3292,3.3217,3.3247,4852991.0
2025-08-08T11:30:00+00:00,3.3247,3.3368,3.3240,3.3293,5296597.3
2025-08-08T11:45:00+00:00,3.3292,3.3371,3.3287,3.3353,3898630.4
2025-08-08T12:00:00+00:00,3.3352,3.3368,3.3081,3.3196,10744599.0
2025-08-08T12:15:00+00:00,3.3197,3.3261,3.3101,3.3147,6099127.5
2025-08-08T12:30:00+00:00,3.3148,3.3312,3.3066,3.3273,9379044.3
2025-08-08T12:45:00+00:00,3.3274,3.3325,3.3134,3.3201,10725655.3
2025-08-08T13:00:00+00:00,3.3201,3.3286,3.3191,3.3191,5380577.0
2025-08-08T13:15:00+00:00,3.3192,3.3310,3.3148,3.3310,6328060.6
2025-08-08T13:30:00+00:00,3.3309,3.3385,3.3125,3.3338,15640011.6
2025-08-08T13:45:00+00:00,3.3339,3.3558,3.3338,3.3498,23752455.8
2025-08-08T14:00:00+00:00,3.3498,3.3720,3.3235,3.3335,40429566.8
2025-08-08T14:15:00+00:00,3.3335,3.3367,3.3110,3.3230,25977491.5
2025-08-08T14:30:00+00:00,3.3230,3.3246,3.2721,3.2840,46753357.2
2025-08-08T14:45:00+00:00,3.2840,3.2956,3.2714,3.2793,18167798.9
2025-08-08T15:00:00+00:00,3.2792,3.2802,3.2240,3.2404,59895977.4
2025-08-08T15:15:00+00:00,3.2405,3.2450,3.2299,3.2349,19088278.6
2025-08-08T15:30:00+00:00,3.2348,3.2389,3.2050,3.2105,33069949.8
2025-08-08T15:45:00+00:00,3.2105,3.2256,3.2092,3.2206,18202618.8
2025-08-08T16:00:00+00:00,3.2205,3.2481,3.2191,3.2302,25352849.6
2025-08-08T16:15:00+00:00,3.2302,3.2450,3.2243,3.2414,9609268.0
2025-08-08T16:30:00+00:00,3.2414,3.2435,3.2302,3.2336,6600264.8
2025-08-08T16:45:00+00:00,3.2336,3.2467,3.2329,3.2451,5831329.9
2025-08-08T17:00:00+00:00,3.2451,3.2617,3.2442,3.2594,14325964.6
2025-08-08T17:15:00+00:00,3.2593,3.2659,3.2514,3.2609,11178907.4
2025-08-08T17:30:00+00:00,3.2608,3.2850,3.2600,3.2816,16088802.5
2025-08-08T17:45:00+00:00,3.2815,3.2924,3.2747,3.2918,11798305.6
2025-08-08T18:00:00+00:00,3.2918,3.2955,3.2818,3.2868,13940981.5
2025-08-08T18:15:00+00:00,3.2869,3.2920,3.2769,3.2833,8750981.4
2025-08-08T18:30:00+00:00,3.2832,3.2936,3.2719,3.2785,10699656.6
2025-08-08T18:45:00+00:00,3.2785,3.2791,3.2616,3.2750,16560568.2
2025-08-08T19:00:00+00:00,3.2751,3.2800,3.2691,3.2755,7164672.2
2025-08-08T19:15:00+00:00,3.2756,3.2913,3.2752,3.2877,8055970.4
2025-08-08T19:30:00+00:00,3.2878,3.2979,3.2841,3.2946,5468838.2
2025-08-08T19:45:00+00:00,3.2947,3.3382,3.2891,3.3373,20237120.7
2025-08-08T20:00:00+00:00,3.3373,3.3375,3.3038,3.3055,15629449.5
2025-08-08T20:15:00+00:00,3.3056,3.3128,3.2955,3.3067,5659271.4
2025-08-08T20:30:00+00:00,3.3066,3.3129,3.3005,3.3045,3829545.3
2025-08-08T20:45:00+00:00,3.3045,3.3178,3.2985,3.3104,8661981.4
2025-08-08T21:00:00+00:00,3.3104,3.3139,3.3021,3.3117,4886753.4
2025-08-08T21:15:00+00:00,3.3117,3.3117,3.3005,3.3019,2907542.8
2025-08-08T21:30:00+00:00,3.3019,3.3109,3.3018,3.3093,2535210.8
2025-08-08T21:45:00+00:00,3.3093,3.3093,3.3023,3.3023,1916639.5
2025-08-08T22:00:00+00:00,3.3023,3.3026,3.2856,3.2960,11289110.8
2025-08-08T22:15:00+00:00,3.2959,3.3020,3.2936,3.2993,3403528.2
2025-08-08T22:30:00+00:00,3.2993,3.3000,3.2908,3.2939,3415619.7
2025-08-08T22:45:00+00:00,3.2939,3.2976,3.2857,3.2871,5156763.0
2025-08-08T23:00:00+00:00,3.2871,3.2979,3.2844,3.2968,4846122.7
2025-08-08T23:15:00+00:00,3.2969,3.2996,3.2838,3.2847,4485545.7
2025-08-08T23:30:00+00:00,3.2848,3.2864,3.2778,3.2839,9256723.0
2025-08-08T23:45:00+00:00,3.2839,3.2916,3.2819,3.2848,4373354.3
2025-08-09T00:00:00+00:00,3.2848,3.2942,3.2787,3.2942,6511235.3
2025-08-09T00:15:00+00:00,3.2943,3.2990,3.2872,3.2896,6316242.8
2025-08-09T00:30:00+00:00,3.2896,3.2916,3.2830,3.2867,3005155.5
2025-08-09T00:45:00+00:00,3.2867,3.2982,3.2852,3.2967,6620452.9
2025-08-09T01:00:00+00:00,3.2967,3.3020,3.2931,3.2942,6893529.8
2025-08-09T01:15:00+00:00,3.2943,3.2963,3.2860,3.2923,3413605.9
2025-08-09T01:30:00+00:00,3.2924,3.3074,3.2916,3.3061,6606693.3
2025-08-09T01:45:00+00:00,3.3062,3.3131,3.3016,3.3040,4889133.7
2025-08-09T02:00:00+00:00,3.3040,3.3041,3.2922,3.2999,4215840.7
2025-08-09T02:15:00+00:00,3.2999,3.3054,3.2980,3.3011,2185922.8
2025-08-09T02:30:00+00:00,3.3012,3.3043,3.2950,3.3018,2181757.3
2025-08-09T02:45:00+00:00,3.3018,3.3057,3.2963,3.3030,3519205.3
2025-08-09T03:00:00+00:00,3.3030,3.3071,3.2987,3.3059,3443013.8
2025-08-09T03:15:00+00:00,3.3059,3.3071,3.3004,3.3021,1717582.8
2025-08-09T03:30:00+00:00,3.3021,3.3029,3.2956,3.2973,2338188.3
2025-08-09T03:45:00+00:00,3.2972,3.2974,3.2882,3.2903,4110127.6
2025-08-09T04:00:00+00:00,3.2902,3.2984,3.2868,3.2978,3714493.7
2025-08-09T04:15:00+00:00,3.2977,3.2990,3.2891,3.2911,3853880.2
2025-08-09T04:30:00+00:00,3.2914,3.3082,3.2897,3.2961,6455342.6
2025-08-09T04:45:00+00:00,3.2960,3.3033,3.2920,3.2985,4096920.6
2025-08-09T05:00:00+00:00,3.2985,3.3242,3.2950,3.3119,22049788.3
2025-08-09T05:15:00+00:00,3.3119,3.3312,3.3105,3.3281,14629348.8
2025-08-09T05:30:00+00:00,3.3281,3.3343,3.3132,3.3177,14035406.7
2025-08-09T05:45:00+00:00,3.3177,3.3270,3.3108,3.3125,6883087.4
2025-08-09T06:00:00+00:00,3.3125,3.3151,3.3002,3.3028,11150650.3
2025-08-09T06:15:00+00:00,3.3028,3.3093,3.2978,3.3037,7590352.9
2025-08-09T06:30:00+00:00,3.3037,3.3055,3.2954,3.2980,5883592.8
2025-08-09T06:45:00+00:00,3.2980,3.3047,3.2965,3.3035,3543992.6
2025-08-09T07:00:00+00:00,3.3034,3.3133,3.2994,3.3104,4665815.4
2025-08-09T07:15:00+00:00,3.3104,3.3172,3.3101,3.3154,3796197.1
2025-08-09T07:30:00+00:00,3.3154,3.3196,3.3111,3.3191,4306864.9
2025-08-09T07:45:00+00:00,3.3191,3.3242,3.3161,3.3198,4494311.3
2025-08-09T08:00:00+00:00,3.3198,3.3224,3.3137,3.3159,3594566.9
2025-08-09T08:15:00+00:00,3.3160,3.3246,3.3131,3.3239,3418262.2
2025-08-09T08:30:00+00:00,3.3240,3.3285,3.3183,3.3280,5605914.2
2025-08-09T08:45:00+00:00,3.3279,3.3280,3.3111,3.3202,7052023.6
2025-08-09T09:00:00+00:00,3.3203,3.3294,3.3185,3.3279,5433967.7
2025-08-09T09:15:00+00:00,3.3280,3.3431,3.3241,3.3337,12098958.0
2025-08-09T09:30:00+00:00,3.3337,3.3439,3.3292,3.3379,11319784.2
2025-08-09T09:45:00+00:00,3.3378,3.3468,3.3334,3.3341,7828776.3
2025-08-09T10:00:00+00:00,3.3340,3.3437,3.3317,3.3430,6835274.6
2025-08-09T10:15:00+00:00,3.3430,3.3454,3.3312,3.3316,6774896.3
2025-08-09T10:30:00+00:00,3.3315,3.3350,3.3252,3.3264,7918374.1
2025-08-09T10:45:00+00:00,3.3264,3.3358,3.3263,3.3319,5516560.0
2025-08-09T11:00:00+00:00,3.3319,3.3327,3.3151,3.3160,8576709.5
2025-08-09T11:15:00+00:00,3.3160,3.3261,3.3159,3.3229,4904320.6
2025-08-09T11:30:00+00:00,3.3229,3.3232,3.3042,3.3105,7570708.5
2025-08-09T11:45:00+00:00,3.3104,3.3129,3.3034,3.3080,5533005.6
2025-08-09T12:00:00+00:00,3.3080,3.3170,3.3015,3.3161,5768797.6
2025-08-09T12:15:00+00:00,3.3161,3.3265,3.3143,3.3250,5811006.0
2025-08-09T12:30:00+00:00,3.3250,3.3250,3.3127,3.3161,4590968.9
2025-08-09T12:45:00+00:00,3.3160,3.3255,3.3155,3.3235,3021827.6
2025-08-09T13:00:00+00:00,3.3235,3.3257,3.2930,3.2980,14542860.5
2025-08-09T13:15:00+00:00,3.2980,3.3039,3.2901,3.2962,15312947.6
2025-08-09T13:30:00+00:00,3.2963,3.2966,3.2751,3.2898,15735416.1
2025-08-09T13:45:00+00:00,3.2898,3.2898,3.2756,3.2759,8287986.5
2025-08-09T14:00:00+00:00,3.2760,3.2837,3.2450,3.2825,38795785.2
2025-08-09T14:15:00+00:00,3.2825,3.2913,3.2720,3.2887,9961650.6
2025-08-09T14:30:00+00:00,3.2887,3.2920,3.2837,3.2867,5578449.6
2025-08-09T14:45:00+00:00,3.2867,3.2946,3.2794,3.2942,5541332.3
2025-08-09T15:00:00+00:00,3.2941,3.2946,3.2802,3.2869,5840845.3
2025-08-09T15:15:00+00:00,3.2868,3.2939,3.2623,3.2727,13768475.5
2025-08-09T15:30:00+00:00,3.2727,3.2766,3.2641,3.2719,8485426.6
2025-08-09T15:45:00+00:00,3.2719,3.2785,3.2684,3.2713,4706097.7
2025-08-09T16:00:00+00:00,3.2713,3.2809,3.2711,3.2804,5937738.6
2025-08-09T16:15:00+00:00,3.2805,3.2854,3.2730,3.2748,4871923.3
2025-08-09T16:30:00+00:00,3.2749,3.2810,3.2641,3.2768,5543291.1
2025-08-09T16:45:00+00:00,3.2767,3.2810,3.2682,3.2711,3981395.7
2025-08-09T17:00:00+00:00,3.2710,3.2809,3.2651,3.2807,6155348.1
2025-08-09T17:15:00+00:00,3.2807,3.2892,3.2791,3.2867,4622192.9
2025-08-09T17:30:00+00:00,3.2867,3.2968,3.2820,3.2893,6157479.5
2025-08-09T17:45:00+00:00,3.2893,3.2893,3.2814,3.2830,4954742.3
2025-08-09T18:00:00+00:00,3.2829,3.2830,3.2752,3.2806,5317297.8
2025-08-09T18:15:00+00:00,3.2805,3.2884,3.2780,3.2844,3148133.1
2025-08-09T18:30:00+00:00,3.2843,3.2863,3.2771,3.2801,4337097.4
2025-08-09T18:45:00+00:00,3.2800,3.2864,3.2771,3.2833,3452078.3
2025-08-09T19:00:00+00:00,3.2833,3.2929,3.2800,3.2875,2929965.5
2025-08-09T19:15:00+00:00,3.2875,3.2877,3.2714,3.2762,4438899.1
2025-08-09T19:30:00+00:00,3.2763,3.2785,3.2614,3.2670,8581316.5
2025-08-09T19:45:00+00:00,3.2669,3.2710,3.2573,3.2637,4913897.0
2025-08-09T20:00:00+00:00,3.2636,3.2647,3.2526,3.2573,7181280.1
2025-08-09T20:15:00+00:00,3.2572,3.2733,3.2500,3.2711,9851885.4
2025-08-09T20:30:00+00:00,3.2711,3.2746,3.2601,3.2646,5849899.5
2025-08-09T20:45:00+00:00,3.2646,3.2670,3.2513,3.2575,5688479.2
2025-08-09T21:00:00+00:00,3.2575,3.2647,3.2501,3.2560,4382101.9
2025-08-09T21:15:00+00:00,3.2561,3.2562,3.2348,3.2386,13425723.6
2025-08-09T21:30:00+00:00,3.2386,3.2493,3.2310,3.2429,7385344.4
2025-08-09T21:45:00+00:00,3.2428,3.2579,3.2428,3.2472,4844951.9
2025-08-09T22:00:00+00:00,3.2470,3.2506,3.2404,3.2439,4706550.1
2025-08-09T22:15:00+00:00,3.2438,3.2621,3.2381,3.2553,8121015.1
2025-08-09T22:30:00+00:00,3.2552,3.2552,3.2188,3.2234,25902857.7
2025-08-09T22:45:00+00:00,3.2234,3.2281,3.2061,3.2247,12455072.2
2025-08-09T23:00:00+00:00,3.2247,3.2307,3.2121,3.2176,6917962.8
2025-08-09T23:15:00+00:00,3.2176,3.2274,3.2156,3.2199,4248005.4
2025-08-09T23:30:00+00:00,3.2200,3.2326,3.2176,3.2291,3823490.5
2025-08-09T23:45:00+00:00,3.2292,3.2313,3.2222,3.2245,3581670.9
2025-08-10T00:00:00+00:00,3.2245,3.2393,3.2240,3.2385,6683551.2
2025-08-10T00:15:00+00:00,3.2385,3.2415,3.2340,3.2394,4285880.1
2025-08-10T00:30:00+00:00,3.2394,3.2434,3.2342,3.2416,3644240.6
2025-08-10T00:45:00+00:00,3.2416,3.2430,3.2275,3.2326,6635715.0
2025-08-10T01:00:00+00:00,3.2325,3.2388,3.2170,3.2213,7563938.7
2025-08-10T01:15:00+00:00,3.2212,3.2304,3.2202,3.2263,3461616.2
2025-08-10T01:30:00+00:00,3.2264,3.2372,3.2258,3.2347,5157502.2
2025-08-10T01:45:00+00:00,3.2347,3.2368,3.2284,3.2356,2809059.6
2025-08-10T02:00:00+00:00,3.2357,3.2425,3.2320,3.2414,6330868.2
2025-08-10T02:15:00+00:00,3.2415,3.2473,3.2371,3.2447,5398589.0
2025-08-10T02:30:00+00:00,3.2447,3.2453,3.2252,3.2287,4876839.4
2025-08-10T02:45:00+00:00,3.2288,3.2430,3.2288,3.2406,3650322.9
2025-08-10T03:00:00+00:00,3.2406,3.2514,3.2372,3.2509,10377984.1
2025-08-10T03:15:00+00:00,3.2508,3.2620,3.2426,3.2572,12536151.9
2025-08-10T03:30:00+00:00,3.2572,3.2629,3.2493,3.2602,6807668.2
2025-08-10T03:45:00+00:00,3.2601,3.2605,3.2512,3.2571,3771440.9
2025-08-10T04:00:00+00:00,3.2572,3.2619,3.2489,3.2590,4179390.5
2025-08-10T04:15:00+00:00,3.2590,3.2657,3.2560,3.2611,3917695.2
2025-08-10T04:30:00+00:00,3.2611,3.2735,3.2606,3.2694,6494819.0
2025-08-10T04:45:00+00:00,3.2695,3.2775,3.2690,3.2725,6779212.7
2025-08-10T05:00:00+00:00,3.2725,3.2731,3.2544,3.2600,6489898.0
2025-08-10T05:15:00+00:00,3.2600,3.2612,3.2445,3.2466,7832720.9
2025-08-10T05:30:00+00:00,3.2466,3.2659,3.2454,3.2648,5294983.9
2025-08-10T05:45:00+00:00,3.2648,3.2662,3.2521,3.2545,4336591.1
2025-08-10T06:00:00+00:00,3.2546,3.2619,3.2502,3.2577,3649403.1
2025-08-10T06:15:00+00:00,3.2576,3.2577,3.2348,3.2373,10348171.7
2025-08-10T06:30:00+00:00,3.2373,3.2505,3.2347,3.2461,5908777.9
2025-08-10T06:45:00+00:00,3.2461,3.2526,3.2413,3.2472,3522212.0
2025-08-10T07:00:00+00:00,3.2472,3.2531,3.2460,3.2474,2827760.9
2025-08-10T07:15:00+00:00,3.2475,3.2475,3.2329,3.2337,4798360.2
2025-08-10T07:30:00+00:00,3.2336,3.2368,3.1610,3.1669,59342386.5
2025-08-10T07:45:00+00:00,3.1669,3.1895,3.1610,3.1861,23949582.3
2025-08-10T08:00:00+00:00,3.1860,3.1872,3.1511,3.1757,28898482.0
2025-08-10T08:15:00+00:00,3.1759,3.1946,3.1737,3.1945,10704159.7
2025-08-10T08:30:00+00:00,3.1946,3.1964,3.1873,3.1941,7323024.0
2025-08-10T08:45:00+00:00,3.1941,3.2101,3.1941,3.2071,9262610.9
2025-08-10T09:00:00+00:00,3.2072,3.2119,3.2042,3.2073,4707652.6
2025-08-10T09:15:00+00:00,3.2072,3.2140,3.2045,3.2071,3855233.4
2025-08-10T09:30:00+00:00,3.2071,3.2139,3.2047,3.2080,4239759.2
2025-08-10T09:45:00+00:00,3.2079,3.2186,3.2076,3.2129,4861514.1
2025-08-10T10:00:00+00:00,3.2128,3.2152,3.2005,3.2006,4922378.9
2025-08-10T10:15:00+00:00,3.2006,3.2084,3.1903,3.1918,7092094.6
2025-08-10T10:30:00+00:00,3.1918,3.2027,3.1795,3.2010,9646178.7
2025-08-10T10:45:00+00:00,3.2009,3.2068,3.1882,3.1884,9942659.8
2025-08-10T11:00:00+00:00,3.1884,3.1907,3.1759,3.1896,8401630.1
2025-08-10T11:15:00+00:00,3.1895,3.1954,3.1832,3.1923,4176492.4
2025-08-10T11:30:00+00:00,3.1924,3.2031,3.1865,3.1958,6459870.5
2025-08-10T11:45:00+00:00,3.1958,3.2020,3.1874,3.1900,5023653.6
2025-08-10T12:00:00+00:00,3.1901,3.1956,3.1833,3.1866,4750217.4
2025-08-10T12:15:00+00:00,3.1866,3.1894,3.1782,3.1831,6347245.8
2025-08-10T12:30:00+00:00,3.1830,3.1939,3.1808,3.1909,3947679.5
2025-08-10T12:45:00+00:00,3.1909,3.1942,3.1820,3.1870,3868356.2
2025-08-10T13:00:00+00:00,3.1871,3.1950,3.1862,3.1897,2573721.0
2025-08-10T13:15:00+00:00,3.1897,3.1922,3.1806,3.1867,2896673.4
2025-08-10T13:30:00+00:00,3.1868,3.1877,3.1674,3.1755,10073776.4
2025-08-10T13:45:00+00:00,3.1755,3.1801,3.1611,3.1623,7527559.0
2025-08-10T14:00:00+00:00,3.1623,3.1764,3.1555,3.1735,10650967.4
2025-08-10T14:15:00+00:00,3.1735,3.1888,3.1719,3.1850,6861258.3
2025-08-10T14:30:00+00:00,3.1850,3.2019,3.1841,3.1986,11325217.1
2025-08-10T14:45:00+00:00,3.1986,3.2033,3.1923,3.1993,9118712.4
2025-08-10T15:00:00+00:00,3.1993,3.2020,3.1923,3.1981,6385199.9
2025-08-10T15:15:00+00:00,3.1982,3.2014,3.1850,3.1962,7308986.1
2025-08-10T15:30:00+00:00,3.1963,3.1963,3.1830,3.1892,4027155.2
2025-08-10T15:45:00+00:00,3.1892,3.1956,3.1780,3.1835,5355865.9
2025-08-10T16:00:00+00:00,3.1834,3.1950,3.1804,3.1891,5171624.5
2025-08-10T16:15:00+00:00,3.1891,3.1973,3.1884,3.1945,3937500.8
2025-08-10T16:30:00+00:00,3.1945,3.1990,3.1919,3.1961,3606490.9
2025-08-10T16:45:00+00:00,3.1962,3.2000,3.1917,3.1961,2292154.9
2025-08-10T17:00:00+00:00,3.1960,3.1974,3.1889,3.1890,3326197.6
2025-08-10T17:15:00+00:00,3.1889,3.1912,3.1802,3.1837,3484625.9
2025-08-10T17:30:00+00:00,3.1838,3.1947,3.1838,3.1921,2110570.2
2025-08-10T17:45:00+00:00,3.1920,3.1992,3.1906,3.1961,2668292.2
2025-08-10T18:00:00+00:00,3.1962,3.1993,3.1938,3.1967,2291139.8
2025-08-10T18:15:00+00:00,3.1967,3.1972,3.1930,3.1934,1247958.6
2025-08-10T18:30:00+00:00,3.1933,3.2023,3.1922,3.2011,2434427.4
2025-08-10T18:45:00+00:00,3.2010,3.2074,3.1981,3.2061,3306098.2
2025-08-10T19:00:00+00:00,3.2060,3.2130,3.2006,3.2123,3545720.7
2025-08-10T19:15:00+00:00,3.2123,3.2126,3.2029,3.2036,3267407.3
2025-08-10T19:30:00+00:00,3.2035,3.2115,3.2026,3.2062,2722589.7
2025-08-10T19:45:00+00:00,3.2063,3.2099,3.2044,3.2053,2577467.6
2025-08-10T20:00:00+00:00,3.2052,3.2068,3.1900,3.1998,7069209.2
2025-08-10T20:15:00+00:00,3.1998,3.2021,3.1754,3.1828,16682808.9
2025-08-10T20:30:00+00:00,3.1828,3.1975,3.1776,3.1967,6896745.1
2025-08-10T20:45:00+00:00,3.1966,3.1966,3.1807,3.1843,7397919.2
2025-08-10T21:00:00+00:00,3.1843,3.1849,3.1670,3.1725,9474739.7
2025-08-10T21:15:00+00:00,3.1725,3.1847,3.1616,3.1634,7832276.4
2025-08-10T21:30:00+00:00,3.1634,3.1673,3.1561,3.1671,8579544.5
2025-08-10T21:45:00+00:00,3.1670,3.1836,3.1670,3.1814,4076759.4
2025-08-10T22:00:00+00:00,3.1815,3.1832,3.1676,3.1751,7184759.3
2025-08-10T22:15:00+00:00,3.1752,3.1919,3.1749,3.1788,7282257.9
2025-08-10T22:30:00+00:00,3.1789,3.1869,3.1778,3.1825,3934852.3
2025-08-10T22:45:00+00:00,3.1825,3.1826,3.1705,3.1790,3323614.9
2025-08-10T23:00:00+00:00,3.1791,3.1847,3.1738,3.1738,2914562.0
2025-08-10T23:15:00+00:00,3.1739,3.1763,3.1633,3.1749,7439616.8
2025-08-10T23:30:00+00:00,3.1748,3.1833,3.1716,3.1823,3250240.4
2025-08-10T23:45:00+00:00,3.1822,3.1915,3.1812,3.1856,4062229.0
2025-08-11T00:00:00+00:00,3.1855,3.1874,3.1706,3.1786,6624838.6
2025-08-11T00:15:00+00:00,3.1785,3.2006,3.1765,3.1998,7822473.1
2025-08-11T00:30:00+00:00,3.1997,3.2062,3.1874,3.2009,10453340.0
2025-08-11T00:45:00+00:00,3.2009,3.2032,3.1924,3.1925,5781388.4
2025-08-11T01:00:00+00:00,3.1924,3.2079,3.1904,3.2045,6053126.0
2025-08-11T01:15:00+00:00,3.2045,3.2162,3.2012,3.2148,6426729.7
2025-08-11T01:30:00+00:00,3.2148,3.2309,3.2148,3.2199,15070902.9
2025-08-11T01:45:00+00:00,3.2200,3.2253,3.2161,3.2233,5992640.2
2025-08-11T02:00:00+00:00,3.2233,3.2555,3.2213,3.2533,22051508.4
2025-08-11T02:15:00+00:00,3.2532,3.2654,3.2477,3.2627,17399701.1
2025-08-11T02:30:00+00:00,3.2628,3.2699,3.2549,3.2666,10886028.1
2025-08-11T02:45:00+00:00,3.2666,3.2686,3.2604,3.2621,7381915.7
2025-08-11T03:00:00+00:00,3.2620,3.2687,3.2475,3.2678,11657301.5
2025-08-11T03:15:00+00:00,3.2678,3.2726,3.2553,3.2581,10303135.2
2025-08-11T03:30:00+00:00,3.2582,3.2605,3.2501,3.2509,3766957.8
2025-08-11T03:45:00+00:00,3.2509,3.2670,3.2503,3.2641,5213149.6
2025-08-11T04:00:00+00:00,3.2642,3.2764,3.2617,3.2731,7298228.4
2025-08-11T04:15:00+00:00,3.2730,3.2754,3.2592,3.2595,5033914.3
2025-08-11T04:30:00+00:00,3.2595,3.2658,3.2542,3.2645,4222757.1
2025-08-11T04:45:00+00:00,3.2643,3.2690,3.2561,3.2606,5785614.1
2025-08-11T05:00:00+00:00,3.2607,3.2810,3.2599,3.2801,9301691.7
2025-08-11T05:15:00+00:00,3.2800,3.2814,3.2736,3.2740,6402713.8
2025-08-11T05:30:00+00:00,3.2740,3.2769,3.2715,3.2715,3723803.1
2025-08-11T05:45:00+00:00,3.2715,3.2716,3.2617,3.2699,4786079.4
2025-08-11T06:00:00+00:00,3.2699,3.2813,3.2673,3.2689,6172316.3
2025-08-11T06:15:00+00:00,3.2689,3.2705,3.2587,3.2634,4306475.5
2025-08-11T06:30:00+00:00,3.2634,3.2745,3.2601,3.2736,3950629.9
2025-08-11T06:45:00+00:00,3.2735,3.2778,3.2677,3.2777,3480857.1
2025-08-11T07:00:00+00:00,3.2776,3.2878,3.2726,3.2731,9195732.8
2025-08-11T07:15:00+00:00,3.2731,3.2734,3.2610,3.2667,6256424.5
2025-08-11T07:30:00+00:00,3.2666,3.2678,3.2501,3.2578,13847312.1
2025-08-11T07:45:00+00:00,3.2577,3.2578,3.2323,3.2442,15702794.4
2025-08-11T08:00:00+00:00,3.2442,3.2583,3.2273,3.2571,14167064.8
2025-08-11T08:15:00+00:00,3.2572,3.3156,3.2549,3.3141,36703030.0
2025-08-11T08:30:00+00:00,3.3140,3.3328,3.2965,3.3098,32962776.1
2025-08-11T08:45:00+00:00,3.3099,3.3126,3.2926,3.2980,16363323.3
2025-08-11T09:00:00+00:00,3.2980,3.3202,3.2979,3.3126,11674290.1
2025-08-11T09:15:00+00:00,3.3125,3.3125,3.2941,3.2967,8862337.6
2025-08-11T09:30:00+00:00,3.2966,3.3011,3.2773,3.2864,12562572.3
2025-08-11T09:45:00+00:00,3.2864,3.2914,3.2689,3.2794,8542632.8
2025-08-11T10:00:00+00:00,3.2794,3.2806,3.2585,3.2659,9799048.5
2025-08-11T10:15:00+00:00,3.2658,3.2832,3.2490,3.2759,16428849.7
2025-08-11T10:30:00+00:00,3.2759,3.2783,3.2592,3.2625,6215142.7
2025-08-11T10:45:00+00:00,3.2624,3.2673,3.2502,3.2548,9613439.8
2025-08-11T11:00:00+00:00,3.2548,3.2641,3.2392,3.2529,16470836.8
2025-08-11T11:15:00+00:00,3.2529,3.2529,3.2143,3.2146,24836452.9
2025-08-11T11:30:00+00:00,3.2146,3.2449,3.2109,3.2419,20218099.1
2025-08-11T11:45:00+00:00,3.2419,3.2430,3.2024,3.2137,21544838.4
2025-08-11T12:00:00+00:00,3.2137,3.2307,3.2077,3.2199,12431522.7
2025-08-11T12:15:00+00:00,3.2198,3.2344,3.2143,3.2228,10439080.8
2025-08-11T12:30:00+00:00,3.2227,3.2349,3.1956,3.2055,28655686.0
2025-08-11T12:45:00+00:00,3.2055,3.2105,3.1938,3.2060,18929990.7
2025-08-11T13:00:00+00:00,3.2060,3.2077,3.1816,3.1908,18007544.5
2025-08-11T13:15:00+00:00,3.1908,3.2053,3.1832,3.1883,10196392.0
2025-08-11T13:30:00+00:00,3.1884,3.2223,3.1865,3.2188,22613603.9
2025-08-11T13:45:00+00:00,3.2188,3.2241,3.2030,3.2158,16221132.4
2025-08-11T14:00:00+00:00,3.2158,3.2290,3.1990,3.2046,15115091.5
2025-08-11T14:15:00+00:00,3.2047,3.2177,3.2010,3.2154,8402799.5
2025-08-11T14:30:00+00:00,3.2155,3.2322,3.2090,3.2091,12798086.5
2025-08-11T14:45:00+00:00,3.2090,3.2108,3.1885,3.1932,12566118.7
2025-08-11T15:00:00+00:00,3.1932,3.1978,3.1746,3.1834,15210397.8
2025-08-11T15:15:00+00:00,3.1835,3.1977,3.1765,3.1792,8809490.9
2025-08-11T15:30:00+00:00,3.1793,3.2010,3.1776,3.1997,8020186.2
2025-08-11T15:45:00+00:00,3.1997,3.2091,3.1918,3.2073,6787243.9
2025-08-11T16:00:00+00:00,3.2074,3.2230,3.2046,3.2111,16551603.4
2025-08-11T16:15:00+00:00,3.2112,3.2148,3.1955,3.2045,9761848.9
2025-08-11T16:30:00+00:00,3.2046,3.2130,3.1824,3.1837,12546890.5
2025-08-11T16:45:00+00:00,3.1838,3.1978,3.1825,3.1863,5775630.7
2025-08-11T17:00:00+00:00,3.1862,3.1991,3.1841,3.1917,5163548.4
2025-08-11T17:15:00+00:00,3.1916,3.2273,3.1750,3.2209,26839094.1
2025-08-11T17:30:00+00:00,3.2210,3.2210,3.1834,3.1874,18053482.3
2025-08-11T17:45:00+00:00,3.1875,3.1923,3.1750,3.1908,10041054.7
2025-08-11T18:00:00+00:00,3.1909,3.1930,3.1607,3.1880,26125048.0
2025-08-11T18:15:00+00:00,3.1880,3.1976,3.1794,3.1913,8926154.2
2025-08-11T18:30:00+00:00,3.1914,3.2062,3.1914,3.1934,5320899.0
2025-08-11T18:45:00+00:00,3.1934,3.2087,3.1888,3.2053,3667775.5
2025-08-11T19:00:00+00:00,3.2054,3.2054,3.1911,3.1938,3547840.9
2025-08-11T19:15:00+00:00,3.1938,3.1979,3.1846,3.1918,3227016.5
2025-08-11T19:30:00+00:00,3.1918,3.1982,3.1810,3.1811,5209939.9
2025-08-11T19:45:00+00:00,3.1810,3.1830,3.1433,3.1474,33311795.6
2025-08-11T20:00:00+00:00,3.1474,3.1502,3.1341,3.1414,18449677.4
2025-08-11T20:15:00+00:00,3.1414,3.1574,3.1351,3.1546,7992011.7
2025-08-11T20:30:00+00:00,3.1545,3.1615,3.1462,3.1613,5637226.3
2025-08-11T20:45:00+00:00,3.1613,3.1663,3.1570,3.1611,4523109.6
2025-08-11T21:00:00+00:00,3.1610,3.1698,3.1584,3.1638,4578882.5
2025-08-11T21:15:00+00:00,3.1638,3.1664,3.1466,3.1593,5140847.5
2025-08-11T21:30:00+00:00,3.1594,3.1602,3.1200,3.1375,20392189.4
2025-08-11T21:45:00+00:00,3.1375,3.1401,3.1159,3.1369,10524892.4
2025-08-11T22:00:00+00:00,3.1369,3.1387,3.1213,3.1289,6848989.4
2025-08-11T22:15:00+00:00,3.1289,3.1401,3.1156,3.1282,9466156.7
2025-08-11T22:30:00+00:00,3.1281,3.1405,3.1223,3.1338,6629129.5
2025-08-11T22:45:00+00:00,3.1337,3.1408,3.1324,3.1364,3353900.4
2025-08-11T23:00:00+00:00,3.1363,3.1452,3.1315,3.1425,5427125.3
2025-08-11T23:15:00+00:00,3.1424,3.1427,3.1282,3.1325,4148787.3
2025-08-11T23:30:00+00:00,3.1325,3.1392,3.1310,3.1384,2614398.5
2025-08-11T23:45:00+00:00,3.1385,3.1400,3.1280,3.1281,3119470.1
2025-08-12T00:00:00+00:00,3.1281,3.1407,3.1258,3.1398,7721906.2
2025-08-12T00:15:00+00:00,3.1397,3.1480,3.1389,3.1421,7342663.3
2025-08-12T00:30:00+00:00,3.1421,3.1433,3.1312,3.1375,4237070.0
2025-08-12T00:45:00+00:00,3.1375,3.1507,3.1373,3.1462,6773460.8
2025-08-12T01:00:00+00:00,3.1462,3.1542,3.1415,3.1465,6165863.1
2025-08-12T01:15:00+00:00,3.1466,3.1560,3.1432,3.1555,5287842.1
2025-08-12T01:30:00+00:00,3.1555,3.1612,3.1517,3.1607,4151999.8
2025-08-12T01:45:00+00:00,3.1608,3.1636,3.1556,3.1612,5185245.1
2025-08-12T02:00:00+00:00,3.1612,3.1672,3.1562,3.1651,3909228.1
2025-08-12T02:15:00+00:00,3.1651,3.1724,3.1622,3.1722,5860694.4
2025-08-12T02:30:00+00:00,3.1722,3.1742,3.1685,3.1716,4818935.7
2025-08-12T02:45:00+00:00,3.1716,3.1717,3.1590,3.1599,4551488.0
2025-08-12T03:00:00+00:00,3.1598,3.1613,3.1485,3.1498,5786289.9
2025-08-12T03:15:00+00:00,3.1498,3.1511,3.1420,3.1478,4396122.1
2025-08-12T03:30:00+00:00,3.1478,3.1570,3.1477,3.1516,3671280.9
2025-08-12T03:45:00+00:00,3.1517,3.1546,3.1455,3.1473,3133069.0
2025-08-12T04:00:00+00:00,3.1473,3.1571,3.1440,3.1535,3437389.5
2025-08-12T04:15:00+00:00,3.1536,3.1612,3.1509,3.1611,2856066.1
2025-08-12T04:30:00+00:00,3.1612,3.1647,3.1564,3.1607,3205671.2
2025-08-12T04:45:00+00:00,3.1607,3.1634,3.1573,3.1617,2170230.2
2025-08-12T05:00:00+00:00,3.1618,3.1619,3.1428,3.1534,5993433.7
2025-08-12T05:15:00+00:00,3.1535,3.1538,3.1300,3.1331,8758153.7
2025-08-12T05:30:00+00:00,3.1331,3.1336,3.1220,3.1249,9353028.9
2025-08-12T05:45:00+00:00,3.1250,3.1408,3.1250,3.1403,5596878.9
2025-08-12T06:00:00+00:00,3.1403,3.1447,3.1214,3.1224,6999996.1
2025-08-12T06:15:00+00:00,3.1224,3.1496,3.1136,3.1443,10535097.6
2025-08-12T06:30:00+00:00,3.1444,3.1474,3.1351,3.1451,5031013.1
2025-08-12T06:45:00+00:00,3.1451,3.1480,3.1407,3.1425,2855445.0
2025-08-12T07:00:00+00:00,3.1425,3.1583,3.1425,3.1553,5720969.2
2025-08-12T07:15:00+00:00,3.1552,3.1600,3.1537,3.1539,3956167.7
2025-08-12T07:30:00+00:00,3.1539,3.1547,3.1437,3.1492,5083312.6
2025-08-12T07:45:00+00:00,3.1492,3.1545,3.1477,3.1544,2667599.5
2025-08-12T08:00:00+00:00,3.1544,3.1555,3.1381,3.1453,6375432.4
2025-08-12T08:15:00+00:00,3.1452,3.1489,3.1394,3.1429,2720823.1
2025-08-12T08:30:00+00:00,3.1430,3.1593,3.1407,3.1589,4764683.5
2025-08-12T08:45:00+00:00,3.1588,3.1632,3.1467,3.1497,6669787.2
2025-08-12T09:00:00+00:00,3.1496,3.1527,3.1287,3.1303,6736696.5
2025-08-12T09:15:00+00:00,3.1304,3.1409,3.1285,3.1398,4111584.0
2025-08-12T09:30:00+00:00,3.1399,3.1399,3.1297,3.1325,2761894.2
2025-08-12T09:45:00+00:00,3.1324,3.1369,3.1230,3.1271,4604327.7
2025-08-12T10:00:00+00:00,3.1271,3.1271,3.1024,3.1088,15825624.1
2025-08-12T10:15:00+00:00,3.1089,3.1220,3.1046,3.1202,7538222.8
2025-08-12T10:30:00+00:00,3.1202,3.1274,3.1125,3.1187,5456337.4
2025-08-12T10:45:00+00:00,3.1187,3.1302,3.1187,3.1270,3723879.3
2025-08-12T11:00:00+00:00,3.1270,3.1335,3.1167,3.1216,6309092.8
2025-08-12T11:15:00+00:00,3.1216,3.1475,3.1215,3.1449,7193275.1
2025-08-12T11:30:00+00:00,3.1450,3.1572,3.1446,3.1521,9303451.9
2025-08-12T11:45:00+00:00,3.1520,3.1606,3.1486,3.1486,5586047.8
2025-08-12T12:00:00+00:00,3.1486,3.1528,3.1441,3.1468,5337146.3
2025-08-12T12:15:00+00:00,3.1467,3.1645,3.1412,3.1608,9506582.5
2025-08-12T12:30:00+00:00,3.1609,3.1983,3.1609,3.1946,51711320.5
2025-08-12T12:45:00+00:00,3.1945,3.2014,3.1807,3.1837,20134203.5
2025-08-12T13:00:00+00:00,3.1838,3.1869,3.1624,3.1796,17025496.8
2025-08-12T13:15:00+00:00,3.1796,3.1910,3.1735,3.1903,6898749.3
2025-08-12T13:30:00+00:00,3.1902,3.1977,3.1700,3.1731,12303507.6
2025-08-12T13:45:00+00:00,3.1731,3.1800,3.1584,3.1736,16663309.0
2025-08-12T14:00:00+00:00,3.1735,3.1867,3.1671,3.1856,9888208.4
2025-08-12T14:15:00+00:00,3.1856,3.1918,3.1754,3.1875,5997804.9
2025-08-12T14:30:00+00:00,3.1876,3.1979,3.1857,3.1972,7519865.4
2025-08-12T14:45:00+00:00,3.1972,3.2098,3.1895,3.2034,11798019.3
2025-08-12T15:00:00+00:00,3.2033,3.2152,3.2019,3.2035,11109065.2
2025-08-12T15:15:00+00:00,3.2035,3.2179,3.2016,3.2149,10824535.3
2025-08-12T15:30:00+00:00,3.2148,3.2169,3.2035,3.2059,10524184.1
2025-08-12T15:45:00+00:00,3.2060,3.2144,3.2015,3.2115,7728409.2
2025-08-12T16:00:00+00:00,3.2115,3.2143,3.2040,3.2142,8826195.2
2025-08-12T16:15:00+00:00,3.2142,3.2235,3.2091,3.2205,9836894.3
2025-08-12T16:30:00+00:00,3.2206,3.2259,3.2133,3.2171,8758527.8
2025-08-12T16:45:00+00:00,3.2172,3.2336,3.2150,3.2299,10392950.4
2025-08-12T17:00:00+00:00,3.2300,3.2395,3.2260,3.2369,8126993.2
2025-08-12T17:15:00+00:00,3.2369,3.2495,3.2299,3.2348,13631740.5
2025-08-12T17:30:00+00:00,3.2349,3.2404,3.2253,3.2322,9345127.9
2025-08-12T17:45:00+00:00,3.2322,3.2378,3.2258,3.2290,5910099.2
2025-08-12T18:00:00+00:00,3.2290,3.2418,3.2263,3.2409,6200210.9
2025-08-12T18:15:00+00:00,3.2408,3.2569,3.2401,3.2514,12359581.5
2025-08-12T18:30:00+00:00,3.2514,3.2540,3.2387,3.2470,7978780.9
2025-08-12T18:45:00+00:00,3.2470,3.2497,3.2355,3.2452,5836961.8
2025-08-12T19:00:00+00:00,3.2452,3.2526,3.2446,3.2499,3682288.9
2025-08-12T19:15:00+00:00,3.2499,3.2655,3.2499,3.2651,7289850.5
2025-08-12T19:30:00+00:00,3.2651,3.2775,3.2602,3.2621,13516332.6
2025-08-12T19:45:00+00:00,3.2622,3.2890,3.2612,3.2872,13028117.8
2025-08-12T20:00:00+00:00,3.2872,3.2876,3.2711,3.2753,11428095.9
2025-08-12T20:15:00+00:00,3.2752,3.3060,3.2739,3.2910,30923821.7
2025-08-12T20:30:00+00:00,3.2909,3.3035,3.2817,3.2937,13224883.4
2025-08-12T20:45:00+00:00,3.2937,3.2954,3.2830,3.2899,8716396.3
2025-08-12T21:00:00+00:00,3.2899,3.2899,3.2679,3.2726,15244840.9
2025-08-12T21:15:00+00:00,3.2726,3.2930,3.2718,3.2854,10524065.3
2025-08-12T21:30:00+00:00,3.2855,3.2898,3.2760,3.2840,5677469.9
2025-08-12T21:45:00+00:00,3.2841,3.2888,3.2666,3.2730,7718062.6
2025-08-12T22:00:00+00:00,3.2731,3.2762,3.2566,3.2670,15685278.0
2025-08-12T22:15:00+00:00,3.2670,3.2746,3.2618,3.2713,6027694.4
2025-08-12T22:30:00+00:00,3.2713,3.2770,3.2629,3.2642,4275823.0
2025-08-12T22:45:00+00:00,3.2642,3.2803,3.2630,3.2744,5860231.1
2025-08-12T23:00:00+00:00,3.2744,3.2780,3.2679,3.2689,4702547.7
2025-08-12T23:15:00+00:00,3.2689,3.2700,3.2622,3.2681,5526845.5
2025-08-12T23:30:00+00:00,3.2681,3.2781,3.2625,3.2747,8288769.6
2025-08-12T23:45:00+00:00,3.2748,3.2762,3.2646,3.2665,4543100.5
2025-08-13T00:00:00+00:00,3.2666,3.2666,3.2572,3.2615,8468121.3
2025-08-13T00:15:00+00:00,3.2615,3.2624,3.2518,3.2548,6571422.0
2025-08-13T00:30:00+00:00,3.2547,3.2627,3.2522,3.2550,8683164.1
2025-08-13T00:45:00+00:00,3.2550,3.2609,3.2423,3.2462,10431706.4
2025-08-13T01:00:00+00:00,3.2462,3.2466,3.2150,3.2162,20582597.4
2025-08-13T01:15:00+00:00,3.2163,3.2354,3.2163,3.2351,9191113.0
2025-08-13T01:30:00+00:00,3.2350,3.2368,3.2167,3.2209,6474263.1
2025-08-13T01:45:00+00:00,3.2209,3.2273,3.2181,3.2225,4551089.7
2025-08-13T02:00:00+00:00,3.2225,3.2225,3.2055,3.2065,9803822.9
2025-08-13T02:15:00+00:00,3.2065,3.2128,3.2060,3.2100,6617440.5
2025-08-13T02:30:00+00:00,3.2099,3.2309,3.2096,3.2297,7754099.8
2025-08-13T02:45:00+00:00,3.2296,3.2399,3.2281,3.2387,7031364.7
2025-08-13T03:00:00+00:00,3.2386,3.2449,3.2218,3.2266,8492544.8
2025-08-13T03:15:00+00:00,3.2266,3.2397,3.2264,3.2318,5391393.7
2025-08-13T03:30:00+00:00,3.2318,3.2486,3.2281,3.2479,7696236.0
2025-08-13T03:45:00+00:00,3.2479,3.2500,3.2392,3.2409,6461303.9
2025-08-13T04:00:00+00:00,3.2409,3.2551,3.2382,3.2514,8921987.0
2025-08-13T04:15:00+00:00,3.2514,3.2568,3.2478,3.2478,5339314.7
2025-08-13T04:30:00+00:00,3.2479,3.2548,3.2393,3.2452,6662303.9
2025-08-13T04:45:00+00:00,3.2453,3.2548,3.2399,3.2503,4774934.6
2025-08-13T05:00:00+00:00,3.2502,3.2525,3.2454,3.2466,4456020.4
2025-08-13T05:15:00+00:00,3.2466,3.2493,3.2412,3.2486,5004648.5
2025-08-13T05:30:00+00:00,3.2485,3.2489,3.2236,3.2256,11540114.9
2025-08-13T05:45:00+00:00,3.2256,3.2276,3.2114,3.2179,9873328.5
2025-08-13T06:00:00+00:00,3.2178,3.2238,3.2012,3.2225,13235160.3
2025-08-13T06:15:00+00:00,3.2225,3.2260,3.2101,3.2147,6033182.1
2025-08-13T06:30:00+00:00,3.2147,3.2259,3.2143,3.2149,4651358.1
2025-08-13T06:45:00+00:00,3.2150,3.2300,3.2144,3.2243,4772311.8
2025-08-13T07:00:00+00:00,3.2243,3.2323,3.2206,3.2208,5482535.9
2025-08-13T07:15:00+00:00,3.2208,3.2291,3.2203,3.2269,3583043.9
2025-08-13T07:30:00+00:00,3.2269,3.2305,3.2190,3.2279,4686192.0
2025-08-13T07:45:00+00:00,3.2279,3.2419,3.2228,3.2386,8311658.3
2025-08-13T08:00:00+00:00,3.2385,3.2505,3.2380,3.2498,10398682.7
2025-08-13T08:15:00+00:00,3.2498,3.2754,3.2465,3.2693,18632327.8
2025-08-13T08:30:00+00:00,3.2693,3.2855,3.2681,3.2835,13926487.3
2025-08-13T08:45:00+00:00,3.2834,3.2878,3.2737,3.2862,10502724.8
2025-08-13T09:00:00+00:00,3.2861,3.2934,3.2832,3.2860,11172738.1
2025-08-13T09:15:00+00:00,3.2861,3.2861,3.2698,3.2774,11546060.6
2025-08-13T09:30:00+00:00,3.2774,3.2801,3.2670,3.2754,8618593.7
2025-08-13T09:45:00+00:00,3.2755,3.2907,3.2745,3.2888,11367011.5
2025-08-13T10:00:00+00:00,3.2889,3.2906,3.2773,3.2779,9267074.8
2025-08-13T10:15:00+00:00,3.2779,3.2882,3.2763,3.2827,8580827.1
2025-08-13T10:30:00+00:00,3.2827,3.2996,3.2801,3.2954,10702312.2
2025-08-13T10:45:00+00:00,3.2953,3.2954,3.2879,3.2914,6286862.0
2025-08-13T11:00:00+00:00,3.2914,3.2978,3.2840,3.2928,7707358.6
2025-08-13T11:15:00+00:00,3.2929,3.2931,3.2766,3.2793,8913102.1
2025-08-13T11:30:00+00:00,3.2794,3.2864,3.2746,3.2858,5947671.8
2025-08-13T11:45:00+00:00,3.2858,3.2918,3.2824,3.2847,5738153.5
2025-08-13T12:00:00+00:00,3.2846,3.2907,3.2771,3.2855,5798389.8
2025-08-13T12:15:00+00:00,3.2856,3.2940,3.2834,3.2888,6068007.4
2025-08-13T12:30:00+00:00,3.2888,3.2911,3.2762,3.2859,6601391.7
2025-08-13T12:45:00+00:00,3.2859,3.2876,3.2700,3.2707,12128125.0
2025-08-13T13:00:00+00:00,3.2708,3.2820,3.2705,3.2789,8668682.5
2025-08-13T13:15:00+00:00,3.2789,3.3366,3.2775,3.3247,38219896.2
2025-08-13T13:30:00+00:00,3.3246,3.3363,3.2532,3.2736,65582090.5
2025-08-13T13:45:00+00:00,3.2736,3.3113,3.2701,3.2919,40980780.9
2025-08-13T14:00:00+00:00,3.2920,3.2996,3.2779,3.2838,17629951.7
2025-08-13T14:15:00+00:00,3.2838,3.2875,3.2431,3.2661,43542985.6
2025-08-13T14:30:00+00:00,3.2661,3.2719,3.2497,3.2698,13773608.0
2025-08-13T14:45:00+00:00,3.2697,3.2723,3.2312,3.2396,22708503.3
2025-08-13T15:00:00+00:00,3.2397,3.2527,3.2272,3.2465,17837110.9
2025-08-13T15:15:00+00:00,3.2464,3.2508,3.2252,3.2438,15231298.3
2025-08-13T15:30:00+00:00,3.2438,3.2686,3.2363,3.2653,12582287.4
2025-08-13T15:45:00+00:00,3.2654,3.2656,3.2514,3.2556,7987299.0
2025-08-13T16:00:00+00:00,3.2556,3.2628,3.2487,3.2618,5964652.3
2025-08-13T16:15:00+00:00,3.2618,3.2792,3.2606,3.2751,10581742.7
2025-08-13T16:30:00+00:00,3.2751,3.2766,3.2460,3.2496,11545998.2
2025-08-13T16:45:00+00:00,3.2497,3.2588,3.2460,3.2535,5449732.7
2025-08-13T17:00:00+00:00,3.2535,3.2656,3.2500,3.2631,5720160.5
2025-08-13T17:15:00+00:00,3.2631,3.2744,3.2618,3.2722,7615579.8
2025-08-13T17:30:00+00:00,3.2723,3.2746,3.2658,3.2717,5483767.6
2025-08-13T17:45:00+00:00,3.2717,3.2775,3.2658,3.2748,3399677.0
2025-08-13T18:00:00+00:00,3.2747,3.2792,3.2693,3.2769,4096877.2
2025-08-13T18:15:00+00:00,3.2770,3.2785,3.2557,3.2591,6985511.3
2025-08-13T18:30:00+00:00,3.2591,3.2680,3.2435,3.2595,7355551.6
2025-08-13T18:45:00+00:00,3.2594,3.2720,3.2559,3.2682,3969028.8
2025-08-13T19:00:00+00:00,3.2682,3.2757,3.2659,3.2675,3969491.8
2025-08-13T19:15:00+00:00,3.2675,3.2812,3.2673,3.2759,5106593.0
2025-08-13T19:30:00+00:00,3.2759,3.2782,3.2689,3.2703,3435631.0
2025-08-13T19:45:00+00:00,3.2703,3.2847,3.2700,3.2775,5875589.2
2025-08-13T20:00:00+00:00,3.2776,3.2793,3.2641,3.2718,6029120.4
2025-08-13T20:15:00+00:00,3.2718,3.2751,3.2580,3.2639,4877919.2
2025-08-13T20:30:00+00:00,3.2639,3.2722,3.2636,3.2706,4334629.8
2025-08-13T20:45:00+00:00,3.2705,3.2710,3.2623,3.2629,2178226.9
2025-08-13T21:00:00+00:00,3.2628,3.2757,3.2608,3.2707,4724536.3
2025-08-13T21:15:00+00:00,3.2708,3.2788,3.2708,3.2722,4025890.2
2025-08-13T21:30:00+00:00,3.2721,3.2772,3.2638,3.2640,2695170.5
2025-08-13T21:45:00+00:00,3.2641,3.2666,3.2522,3.2587,5581697.8
2025-08-13T22:00:00+00:00,3.2587,3.2699,3.2530,3.2678,6098614.3
2025-08-13T22:15:00+00:00,3.2678,3.2722,3.2597,3.2704,3729758.1
2025-08-13T22:30:00+00:00,3.2705,3.2866,3.2675,3.2830,6049885.4
2025-08-13T22:45:00+00:00,3.2830,3.2944,3.2682,3.2743,14030779.8
2025-08-13T23:00:00+00:00,3.2742,3.2899,3.2738,3.2805,9737892.1
2025-08-13T23:15:00+00:00,3.2805,3.2847,3.2782,3.2841,3372958.3
2025-08-13T23:30:00+00:00,3.2842,3.2909,3.2823,3.2845,5225278.9
2025-08-13T23:45:00+00:00,3.2845,3.2892,3.2730,3.2752,6206487.5
2025-08-14T00:00:00+00:00,3.2752,3.2854,3.2730,3.2814,9806369.5
2025-08-14T00:15:00+00:00,3.2814,3.2901,3.2748,3.2901,8055962.1
2025-08-14T00:30:00+00:00,3.2901,3.3048,3.2791,3.2907,21144816.0
2025-08-14T00:45:00+00:00,3.2906,3.2990,3.2701,3.2989,14083728.8
2025-08-14T01:00:00+00:00,3.2988,3.3090,3.2825,3.2899,18618987.7
2025-08-14T01:15:00+00:00,3.2900,3.3012,3.2840,3.2965,7143794.9
2025-08-14T01:30:00+00:00,3.2964,3.3304,3.2928,3.3210,25443511.4
2025-08-14T01:45:00+00:00,3.3209,3.3317,3.3110,3.3213,12374450.7
2025-08-14T02:00:00+00:00,3.3213,3.3393,3.3167,3.3234,15369740.6
2025-08-14T02:15:00+00:00,3.3234,3.3234,3.3061,3.3110,10271151.5
2025-08-14T02:30:00+00:00,3.3110,3.3290,3.3096,3.3290,7652179.8
2025-08-14T02:45:00+00:00,3.3289,3.3565,3.3236,3.3507,21269767.1
2025-08-14T03:00:00+00:00,3.3507,3.3508,3.3324,3.3389,11331215.5
2025-08-14T03:15:00+00:00,3.3388,3.3482,3.3373,3.3409,8338387.7
2025-08-14T03:30:00+00:00,3.3408,3.3446,3.3305,3.3342,10947919.7
2025-08-14T03:45:00+00:00,3.3341,3.3438,3.3261,3.3276,7431305.6
2025-08-14T04:00:00+00:00,3.3277,3.3328,3.3143,3.3165,9983931.3
2025-08-14T04:15:00+00:00,3.3166,3.3362,3.3161,3.3270,6701863.7
2025-08-14T04:30:00+00:00,3.3269,3.3279,3.3118,3.3163,11336514.6
2025-08-14T04:45:00+00:00,3.3164,3.3174,3.3040,3.3045,10404999.2
2025-08-14T05:00:00+00:00,3.3044,3.3119,3.2880,3.2916,16680998.9
2025-08-14T05:15:00+00:00,3.2916,3.2988,3.2864,3.2864,7772867.6
2025-08-14T05:30:00+00:00,3.2865,3.2937,3.2722,3.2761,12877017.7
2025-08-14T05:45:00+00:00,3.2761,3.2826,3.2717,3.2757,9078032.1
2025-08-14T06:00:00+00:00,3.2756,3.2764,3.2400,3.2490,32009042.4
2025-08-14T06:15:00+00:00,3.2490,3.2525,3.2347,3.2513,16829554.2
2025-08-14T06:30:00+00:00,3.2514,3.2701,3.2508,3.2649,15329241.3
2025-08-14T06:45:00+00:00,3.2648,3.2741,3.2637,3.2660,8828736.2
2025-08-14T07:00:00+00:00,3.2660,3.2720,3.2457,3.2487,15038679.3
2025-08-14T07:15:00+00:00,3.2487,3.2533,3.2418,3.2491,7613825.6
2025-08-14T07:30:00+00:00,3.2491,3.2584,3.2448,3.2522,7315239.8
2025-08-14T07:45:00+00:00,3.2522,3.2565,3.2386,3.2555,9895538.4
2025-08-14T08:00:00+00:00,3.2555,3.2558,3.2252,3.2369,16772074.4
2025-08-14T08:15:00+00:00,3.2369,3.2454,3.2347,3.2406,8391979.7
2025-08-14T08:30:00+00:00,3.2406,3.2457,3.2226,3.2254,10959199.5
2025-08-14T08:45:00+00:00,3.2254,3.2340,3.2247,3.2331,6229107.3
2025-08-14T09:00:00+00:00,3.2332,3.2384,3.2231,3.2380,7935260.6
2025-08-14T09:15:00+00:00,3.2380,3.2418,3.2315,3.2362,7835033.2
2025-08-14T09:30:00+00:00,3.2361,3.2392,3.2253,3.2290,5624174.9
2025-08-14T09:45:00+00:00,3.2290,3.2452,3.2289,3.2417,5770895.7
2025-08-14T10:00:00+00:00,3.2416,3.2420,3.2279,3.2297,5951636.8
2025-08-14T10:15:00+00:00,3.2298,3.2394,3.2260,3.2278,4491557.1
2025-08-14T10:30:00+00:00,3.2279,3.2346,3.1973,3.2066,27978701.8
2025-08-14T10:45:00+00:00,3.2067,3.2194,3.2066,3.2116,13927053.8
2025-08-14T11:00:00+00:00,3.2115,3.2140,3.2013,3.2108,9925935.0
2025-08-14T11:15:00+00:00,3.2108,3.2180,3.2040,3.2133,7324840.1
2025-08-14T11:30:00+00:00,3.2133,3.2185,3.2063,3.2124,4639938.8
2025-08-14T11:45:00+00:00,3.2124,3.2182,3.2110,3.2176,5427514.3
2025-08-14T12:00:00+00:00,3.2175,3.2273,3.2150,3.2249,7397799.1
2025-08-14T12:15:00+00:00,3.2249,3.2346,3.2164,3.2263,12092404.9
2025-08-14T12:30:00+00:00,3.2263,3.2266,2.9810,3.1328,205964437.3
2025-08-14T12:45:00+00:00,3.1328,3.1360,3.0837,3.0997,64355365.4
2025-08-14T13:00:00+00:00,3.0997,3.1258,3.0377,3.1256,76009363.9
2025-08-14T13:15:00+00:00,3.1256,3.1267,3.0877,3.1004,30342248.7
2025-08-14T13:30:00+00:00,3.1005,3.1154,3.0850,3.1036,30623502.2
2025-08-14T13:45:00+00:00,3.1036,3.1344,3.0997,3.1106,29074068.6
2025-08-14T14:00:00+00:00,3.1107,3.1148,3.0946,3.0995,17685486.5
2025-08-14T14:15:00+00:00,3.0996,3.1328,3.0996,3.1285,15537835.6
2025-08-14T14:30:00+00:00,3.1284,3.1396,3.1209,3.1225,23898776.8
2025-08-14T14:45:00+00:00,3.1224,3.1372,3.1172,3.1202,13389006.1
2025-08-14T15:00:00+00:00,3.1201,3.1241,3.1086,3.1099,11915859.0
2025-08-14T15:15:00+00:00,3.1098,3.1143,3.0906,3.0960,17833134.8
2025-08-14T15:30:00+00:00,3.0961,3.1016,3.0837,3.0957,15445299.8
2025-08-14T15:45:00+00:00,3.0957,3.1066,3.0897,3.0941,8154601.2
2025-08-14T16:00:00+00:00,3.0940,3.0943,3.0586,3.0591,35662586.3
2025-08-14T16:15:00+00:00,3.0591,3.0731,3.0458,3.0573,22545264.5
2025-08-14T16:30:00+00:00,3.0573,3.0697,3.0486,3.0587,12652477.9
2025-08-14T16:45:00+00:00,3.0587,3.0732,3.0492,3.0662,9553590.7
2025-08-14T17:00:00+00:00,3.0662,3.0723,3.0460,3.0597,12252420.5
2025-08-14T17:15:00+00:00,3.0598,3.0835,3.0505,3.0825,9058145.0
2025-08-14T17:30:00+00:00,3.0824,3.0846,3.0637,3.0683,6940953.6
2025-08-14T17:45:00+00:00,3.0683,3.0783,3.0643,3.0772,4758819.0
2025-08-14T18:00:00+00:00,3.0773,3.0773,3.0569,3.0571,5857032.9
2025-08-14T18:15:00+00:00,3.0571,3.0721,3.0414,3.0670,14303865.8
2025-08-14T18:30:00+00:00,3.0670,3.0804,3.0658,3.0793,5260181.5
2025-08-14T18:45:00+00:00,3.0793,3.0843,3.0761,3.0799,4923536.3
2025-08-14T19:00:00+00:00,3.0799,3.0877,3.0776,3.0796,4832446.8
2025-08-14T19:15:00+00:00,3.0796,3.0930,3.0763,3.0903,5735900.4
2025-08-14T19:30:00+00:00,3.0902,3.0969,3.0883,3.0963,6016917.9
2025-08-14T19:45:00+00:00,3.0963,3.0963,3.0640,3.0664,21239755.9
2025-08-14T20:00:00+00:00,3.0665,3.0706,3.0558,3.0686,9937116.9
2025-08-14T20:15:00+00:00,3.0685,3.0809,3.0669,3.0805,5941850.1
2025-08-14T20:30:00+00:00,3.0805,3.0845,3.0642,3.0710,4761024.0
2025-08-14T20:45:00+00:00,3.0710,3.0779,3.0612,3.0759,4169769.4
2025-08-14T21:00:00+00:00,3.0759,3.0784,3.0616,3.0748,5927636.8
2025-08-14T21:15:00+00:00,3.0748,3.0760,3.0407,3.0425,11881515.7
2025-08-14T21:30:00+00:00,3.0425,3.0509,3.0278,3.0460,20019693.4
2025-08-14T21:45:00+00:00,3.0460,3.0648,3.0449,3.0590,6302311.8
2025-08-14T22:00:00+00:00,3.0589,3.0597,3.0435,3.0578,7005304.1
2025-08-14T22:15:00+00:00,3.0577,3.0642,3.0562,3.0642,4753493.4
2025-08-14T22:30:00+00:00,3.0641,3.0716,3.0633,3.0701,4576144.4
2025-08-14T22:45:00+00:00,3.0702,3.0805,3.0685,3.0771,10250629.5
2025-08-14T23:00:00+00:00,3.0770,3.0852,3.0747,3.0844,5873307.0
2025-08-14T23:15:00+00:00,3.0845,3.0880,3.0813,3.0875,5710530.3
2025-08-14T23:30:00+00:00,3.0875,3.0888,3.0791,3.0817,3516595.5
2025-08-14T23:45:00+00:00,3.0818,3.0866,3.0751,3.0774,3146353.9
2025-08-15T00:00:00+00:00,3.0775,3.0899,3.0734,3.0898,6911920.7
2025-08-15T00:15:00+00:00,3.0899,3.0899,3.0748,3.0818,4513976.9
2025-08-15T00:30:00+00:00,3.0818,3.0900,3.0705,3.0860,7456695.3
2025-08-15T00:45:00+00:00,3.0860,3.0940,3.0773,3.0782,5713393.4
2025-08-15T01:00:00+00:00,3.0782,3.0835,3.0731,3.0772,3163522.0
2025-08-15T01:15:00+00:00,3.0773,3.0930,3.0700,3.0893,4882107.8
2025-08-15T01:30:00+00:00,3.0893,3.0964,3.0852,3.0895,4997712.4
2025-08-15T01:45:00+00:00,3.0896,3.0984,3.0879,3.0923,4943984.2
2025-08-15T02:00:00+00:00,3.0923,3.0979,3.0848,3.0957,4958848.1
2025-08-15T02:15:00+00:00,3.0958,3.1034,3.0931,3.1027,3720727.7
2025-08-15T02:30:00+00:00,3.1027,3.1041,3.0987,3.1005,3398370.2
2025-08-15T02:45:00+00:00,3.1005,3.1052,3.0964,3.0986,3417157.0
2025-08-15T03:00:00+00:00,3.0986,3.1059,3.0930,3.1051,4477448.7
2025-08-15T03:15:00+00:00,3.1051,3.1153,3.1051,3.1146,5635258.7
2025-08-15T03:30:00+00:00,3.1147,3.1205,3.1122,3.1157,5513846.2
2025-08-15T03:45:00+00:00,3.1156,3.1174,3.1112,3.1161,3719918.8
2025-08-15T04:00:00+00:00,3.1161,3.1252,3.1083,3.1216,5061495.4
2025-08-15T04:15:00+00:00,3.1216,3.1256,3.1172,3.1255,3846237.0
2025-08-15T04:30:00+00:00,3.1255,3.1266,3.1182,3.1221,3894571.9
2025-08-15T04:45:00+00:00,3.1221,3.1221,3.1136,3.1153,4610177.3
2025-08-15T05:00:00+00:00,3.1152,3.1177,3.1066,3.1079,6013197.5
2025-08-15T05:15:00+00:00,3.1079,3.1164,3.1078,3.1113,3189025.6
2025-08-15T05:30:00+00:00,3.1114,3.1145,3.1070,3.1094,3044192.2
2025-08-15T05:45:00+00:00,3.1094,3.1321,3.1094,3.1315,5148000.0
2025-08-15T06:00:00+00:00,3.1315,3.1414,3.1244,3.1271,12911482.6
2025-08-15T06:15:00+00:00,3.1272,3.1370,3.1237,3.1339,6023009.2
2025-08-15T06:30:00+00:00,3.1339,3.1366,3.1310,3.1349,5197217.2
2025-08-15T06:45:00+00:00,3.1349,3.1351,3.1230,3.1242,3829451.0
2025-08-15T07:00:00+00:00,3.1243,3.1243,3.1115,3.1118,6996367.5
2025-08-15T07:15:00+00:00,3.1119,3.1147,3.1084,3.1128,4296833.2
2025-08-15T07:30:00+00:00,3.1128,3.1158,3.1069,3.1089,3677548.0
2025-08-15T07:45:00+00:00,3.1088,3.1170,3.1040,3.1159,4157747.0
2025-08-15T08:00:00+00:00,3.1159,3.1245,3.1155,3.1176,6599110.3
2025-08-15T08:15:00+00:00,3.1176,3.1267,3.1152,3.1236,3906201.1
2025-08-15T08:30:00+00:00,3.1235,3.1260,3.1164,3.1222,3252255.3
2025-08-15T08:45:00+00:00,3.1222,3.1222,3.1113,3.1140,2947643.9
2025-08-15T09:00:00+00:00,3.1140,3.1225,3.1132,3.1172,2386152.8
2025-08-15T09:15:00+00:00,3.1172,3.1176,3.0976,3.1001,9050614.6
2025-08-15T09:30:00+00:00,3.1001,3.1080,3.0991,3.1049,4631051.9
2025-08-15T09:45:00+00:00,3.1049,3.1097,3.0960,3.1024,5595617.9
2025-08-15T10:00:00+00:00,3.1024,3.1160,3.1015,3.1073,6560890.2
2025-08-15T10:15:00+00:00,3.1073,3.1210,3.1054,3.1128,6379871.4
2025-08-15T10:30:00+00:00,3.1127,3.1153,3.1070,3.1119,2818269.6
2025-08-15T10:45:00+00:00,3.1118,3.1139,3.1000,3.1055,2862396.3
2025-08-15T11:00:00+00:00,3.1054,3.1149,3.1051,3.1075,2846431.2
2025-08-15T11:15:00+00:00,3.1075,3.1086,3.0953,3.1006,3940888.8
2025-08-15T11:30:00+00:00,3.1006,3.1101,3.0976,3.1085,3286969.7
2025-08-15T11:45:00+00:00,3.1085,3.1174,3.1085,3.1096,3667181.5
2025-08-15T12:00:00+00:00,3.1095,3.1195,3.1066,3.1171,4308221.9
2025-08-15T12:15:00+00:00,3.1170,3.1186,3.0959,3.1078,8524295.4
2025-08-15T12:30:00+00:00,3.1078,3.1395,3.0960,3.1191,28972016.5
2025-08-15T12:45:00+00:00,3.1192,3.1273,3.1096,3.1117,7765227.0
2025-08-15T13:00:00+00:00,3.1118,3.1217,3.1033,3.1065,6636984.2
2025-08-15T13:15:00+00:00,3.1066,3.1137,3.1021,3.1084,4471899.6
2025-08-15T13:30:00+00:00,3.1084,3.1114,3.0811,3.0827,19675396.9
2025-08-15T13:45:00+00:00,3.0827,3.0899,3.0698,3.0825,28415917.3
2025-08-15T14:00:00+00:00,3.0825,3.0993,3.0700,3.0903,13947146.9
2025-08-15T14:15:00+00:00,3.0904,3.0988,3.0703,3.0738,10908036.1
2025-08-15T14:30:00+00:00,3.0739,3.0812,3.0667,3.0695,11465849.5
2025-08-15T14:45:00+00:00,3.0695,3.0743,3.0532,3.0610,20235564.5
2025-08-15T15:00:00+00:00,3.0610,3.0643,3.0436,3.0535,14556755.3
2025-08-15T15:15:00+00:00,3.0535,3.0620,3.0214,3.0237,27695705.9
2025-08-15T15:30:00+00:00,3.0238,3.0430,3.0133,3.0147,20232005.4
2025-08-15T15:45:00+00:00,3.0147,3.0348,3.0094,3.0255,17609147.8
2025-08-15T16:00:00+00:00,3.0255,3.0292,3.0027,3.0085,19324121.5
2025-08-15T16:15:00+00:00,3.0084,3.0264,3.0010,3.0188,13723316.4
2025-08-15T16:30:00+00:00,3.0188,3.0337,3.0179,3.0241,11221072.6
2025-08-15T16:45:00+00:00,3.0241,3.0408,3.0237,3.0355,8597140.6
2025-08-15T17:00:00+00:00,3.0355,3.0385,3.0220,3.0282,6419074.8
2025-08-15T17:15:00+00:00,3.0283,3.0656,3.0200,3.0553,21323614.6
2025-08-15T17:30:00+00:00,3.0553,3.0624,3.0422,3.0601,9492027.1
2025-08-15T17:45:00+00:00,3.0600,3.0610,3.0462,3.0549,4557057.1
2025-08-15T18:00:00+00:00,3.0549,3.0600,3.0459,3.0532,4459395.6
2025-08-15T18:15:00+00:00,3.0532,3.0651,3.0516,3.0650,5375903.2
2025-08-15T18:30:00+00:00,3.0650,3.0707,3.0594,3.0608,6208604.3
2025-08-15T18:45:00+00:00,3.0608,3.0809,3.0528,3.0628,14423678.5
2025-08-15T19:00:00+00:00,3.0628,3.0833,3.0537,3.0815,10920544.7
2025-08-15T19:15:00+00:00,3.0815,3.0932,3.0678,3.0700,12844376.3
2025-08-15T19:30:00+00:00,3.0701,3.0733,3.0625,3.0691,4534091.8
2025-08-15T19:45:00+00:00,3.0692,3.0709,3.0574,3.0638,8385303.7
2025-08-15T20:00:00+00:00,3.0638,3.0652,3.0547,3.0609,4631055.1
2025-08-15T20:15:00+00:00,3.0609,3.0769,3.0528,3.0758,8824150.8
2025-08-15T20:30:00+00:00,3.0758,3.0892,3.0675,3.0722,10746257.5
2025-08-15T20:45:00+00:00,3.0722,3.0765,3.0675,3.0735,3877709.3
2025-08-15T21:00:00+00:00,3.0735,3.0870,3.0732,3.0842,7155742.4
2025-08-15T21:15:00+00:00,3.0843,3.0925,3.0760,3.0842,7260585.0
2025-08-15T21:30:00+00:00,3.0843,3.0855,3.0762,3.0792,4427653.1
2025-08-15T21:45:00+00:00,3.0792,3.0810,3.0754,3.0775,1682341.6
2025-08-15T22:00:00+00:00,3.0775,3.0828,3.0737,3.0754,3125843.0
2025-08-15T22:15:00+00:00,3.0755,3.0805,3.0731,3.0780,1802297.1
2025-08-15T22:30:00+00:00,3.0779,3.0855,3.0774,3.0810,2174173.4
2025-08-15T22:45:00+00:00,3.0810,3.0957,3.0807,3.0938,4704410.1
2025-08-15T23:00:00+00:00,3.0937,3.0965,3.0765,3.0769,7876389.6
2025-08-15T23:15:00+00:00,3.0770,3.0782,3.0688,3.0748,5088531.3
2025-08-15T23:30:00+00:00,3.0747,3.0769,3.0694,3.0704,2172805.5
2025-08-15T23:45:00+00:00,3.0704,3.0773,3.0692,3.0763,1351770.8
2025-08-16T00:00:00+00:00,3.0763,3.0797,3.0734,3.0783,9146193.2
2025-08-16T00:15:00+00:00,3.0782,3.0799,3.0697,3.0767,5126322.3
2025-08-16T00:30:00+00:00,3.0766,3.0875,3.0764,3.0841,4732122.5
2025-08-16T00:45:00+00:00,3.0841,3.0921,3.0836,3.0904,5220275.9
2025-08-16T01:00:00+00:00,3.0904,3.0931,3.0861,3.0915,3397788.6
2025-08-16T01:15:00+00:00,3.0915,3.0923,3.0834,3.0881,2806543.2
2025-08-16T01:30:00+00:00,3.0880,3.0937,3.0869,3.0891,1653305.3
2025-08-16T01:45:00+00:00,3.0891,3.0926,3.0856,3.0886,1522719.5
2025-08-16T02:00:00+00:00,3.0887,3.0908,3.0836,3.0886,1749403.8
2025-08-16T02:15:00+00:00,3.0886,3.0905,3.0861,3.0897,1064890.4
2025-08-16T02:30:00+00:00,3.0897,3.0913,3.0858,3.0862,2109606.2
2025-08-16T02:45:00+00:00,3.0863,3.0914,3.0847,3.0907,3029911.4
2025-08-16T03:00:00+00:00,3.0906,3.1053,3.0888,3.1013,7844281.5
2025-08-16T03:15:00+00:00,3.1014,3.1097,3.1010,3.1070,4531500.9
2025-08-16T03:30:00+00:00,3.1071,3.1130,3.1040,3.1070,3655427.4
2025-08-16T03:45:00+00:00,3.1071,3.1133,3.1063,3.1071,3921046.9
2025-08-16T04:00:00+00:00,3.1072,3.1137,3.1072,3.1125,3313359.2
2025-08-16T04:15:00+00:00,3.1126,3.1160,3.1110,3.1137,3255210.7
2025-08-16T04:30:00+00:00,3.1136,3.1144,3.1035,3.1044,2975992.9
2025-08-16T04:45:00+00:00,3.1043,3.1093,3.1040,3.1059,1616239.4
2025-08-16T05:00:00+00:00,3.1059,3.1064,3.0997,3.1016,2710233.0
2025-08-16T05:15:00+00:00,3.1015,3.1015,3.0961,3.0963,2982033.7
2025-08-16T05:30:00+00:00,3.0962,3.0985,3.0886,3.0937,3421025.6
2025-08-16T05:45:00+00:00,3.0937,3.0965,3.0918,3.0930,2201131.8
2025-08-16T06:00:00+00:00,3.0930,3.0964,3.0896,3.0936,3210599.4
2025-08-16T06:15:00+00:00,3.0936,3.0979,3.0926,3.0927,2037990.0
2025-08-16T06:30:00+00:00,3.0927,3.1006,3.0871,3.0984,3161480.2
2025-08-16T06:45:00+00:00,3.0984,3.1097,3.0976,3.1043,5440700.1
2025-08-16T07:00:00+00:00,3.1043,3.1126,3.1041,3.1099,4077145.8
2025-08-16T07:15:00+00:00,3.1099,3.1139,3.1096,3.1130,3351363.1
2025-08-16T07:30:00+00:00,3.1130,3.1186,3.1110,3.1171,5191588.3
2025-08-16T07:45:00+00:00,3.1170,3.1246,3.1166,3.1222,5721168.0
2025-08-16T08:00:00+00:00,3.1222,3.1286,3.1149,3.1187,7531946.4
2025-08-16T08:15:00+00:00,3.1187,3.1274,3.1150,3.1255,3703781.5
2025-08-16T08:30:00+00:00,3.1256,3.1408,3.1256,3.1395,9309575.9
2025-08-16T08:45:00+00:00,3.1395,3.1450,3.1329,3.1396,7770057.3
2025-08-16T09:00:00+00:00,3.1396,3.1458,3.1376,3.1413,6993145.9
2025-08-16T09:15:00+00:00,3.1413,3.1477,3.1367,3.1425,4560603.1
2025-08-16T09:30:00+00:00,3.1426,3.1548,3.1416,3.1512,7784442.6
2025-08-16T09:45:00+00:00,3.1512,3.1512,3.1235,3.1235,16092664.4
2025-08-16T10:00:00+00:00,3.1235,3.1458,3.1214,3.1374,14310806.7
2025-08-16T10:15:00+00:00,3.1373,3.1428,3.1263,3.1359,10365183.2
2025-08-16T10:30:00+00:00,3.1358,3.1371,3.1250,3.1297,6609674.4
2025-08-16T10:45:00+00:00,3.1297,3.1320,3.1193,3.1251,5962589.6
2025-08-16T11:00:00+00:00,3.1251,3.1332,3.1242,3.1271,4520141.4
2025-08-16T11:15:00+00:00,3.1271,3.1297,3.1152,3.1158,6125115.1
2025-08-16T11:30:00+00:00,3.1159,3.1217,3.1090,3.1109,5352801.6
2025-08-16T11:45:00+00:00,3.1109,3.1159,3.1020,3.1034,8042411.6
2025-08-16T12:00:00+00:00,3.1034,3.1153,3.1032,3.1121,5306539.8
2025-08-16T12:15:00+00:00,3.1122,3.1159,3.0967,3.1052,7479038.7
2025-08-16T12:30:00+00:00,3.1052,3.1175,3.1052,3.1134,6136714.0
2025-08-16T12:45:00+00:00,3.1133,3.1180,3.1078,3.1111,4166160.6
2025-08-16T13:00:00+00:00,3.1110,3.1184,3.1090,3.1172,4404819.5
2025-08-16T13:15:00+00:00,3.1173,3.1258,3.1144,3.1153,6768346.9
2025-08-16T13:30:00+00:00,3.1153,3.1197,3.1105,3.1131,5554879.6
2025-08-16T13:45:00+00:00,3.1132,3.1138,3.0990,3.1058,7416441.4
2025-08-16T14:00:00+00:00,3.1057,3.1088,3.0981,3.1073,3867041.9
2025-08-16T14:15:00+00:00,3.1073,3.1183,3.1009,3.1151,4906283.8
2025-08-16T14:30:00+00:00,3.1150,3.1157,3.1065,3.1091,3909975.8
2025-08-16T14:45:00+00:00,3.1091,3.1159,3.1078,3.1078,2396966.6
2025-08-16T15:00:00+00:00,3.1079,3.1146,3.1005,3.1088,3713926.7
2025-08-16T15:15:00+00:00,3.1088,3.1102,3.1035,3.1059,2315332.2
2025-08-16T15:30:00+00:00,3.1059,3.1069,3.0979,3.1012,3728675.7
2025-08-16T15:45:00+00:00,3.1013,3.1042,3.0992,3.1018,1824900.6
2025-08-16T16:00:00+00:00,3.1018,3.1109,3.1008,3.1070,3597982.4
2025-08-16T16:15:00+00:00,3.1070,3.1111,3.1050,3.1087,2237980.8
2025-08-16T16:30:00+00:00,3.1088,3.1095,3.0930,3.0996,5188233.1
2025-08-16T16:45:00+00:00,3.0995,3.1094,3.0970,3.1061,3050497.1
2025-08-16T17:00:00+00:00,3.1062,3.1089,3.0990,3.0996,2100090.8
2025-08-16T17:15:00+00:00,3.0996,3.1003,3.0947,3.0983,2077880.0
2025-08-16T17:30:00+00:00,3.0983,3.0991,3.0924,3.0948,2374697.8
2025-08-16T17:45:00+00:00,3.0947,3.0987,3.0928,3.0949,1697204.8
2025-08-16T18:00:00+00:00,3.0948,3.1036,3.0906,3.1032,2501321.6
2025-08-16T18:15:00+00:00,3.1031,3.1071,3.0943,3.0985,2302497.1
2025-08-16T18:30:00+00:00,3.0985,3.1028,3.0970,3.0983,1046111.2
2025-08-16T18:45:00+00:00,3.0983,3.1000,3.0961,3.0971,1913508.6
2025-08-16T19:00:00+00:00,3.0970,3.1005,3.0962,3.0974,1717731.8
2025-08-16T19:15:00+00:00,3.0974,3.1014,3.0941,3.1008,2367595.6
2025-08-16T19:30:00+00:00,3.1008,3.1067,3.1007,3.1031,2358169.1
2025-08-16T19:45:00+00:00,3.1031,3.1068,3.0985,3.0985,2081113.7
2025-08-16T20:00:00+00:00,3.0985,3.1008,3.0938,3.0992,2470451.9
2025-08-16T20:15:00+00:00,3.0993,3.1060,3.0992,3.1013,1698379.9
2025-08-16T20:30:00+00:00,3.1013,3.1043,3.1003,3.1013,1404370.1
2025-08-16T20:45:00+00:00,3.1013,3.1032,3.0990,3.1027,1167332.5
2025-08-16T21:00:00+00:00,3.1027,3.1031,3.0946,3.0948,1274412.6
2025-08-16T21:15:00+00:00,3.0947,3.0988,3.0947,3.0983,883998.1
2025-08-16T21:30:00+00:00,3.0983,3.0993,3.0933,3.0939,1206760.8
2025-08-16T21:45:00+00:00,3.0938,3.0957,3.0923,3.0932,838302.7
2025-08-16T22:00:00+00:00,3.0931,3.0979,3.0893,3.0948,3669931.8
2025-08-16T22:15:00+00:00,3.0948,3.0979,3.0942,3.0976,1206976.4
2025-08-16T22:30:00+00:00,3.0976,3.1043,3.0970,3.1023,1645289.2
2025-08-16T22:45:00+00:00,3.1024,3.1076,3.1017,3.1047,1635157.8
2025-08-16T23:00:00+00:00,3.1047,3.1057,3.1005,3.1029,1252648.1
2025-08-16T23:15:00+00:00,3.1029,3.1061,3.0994,3.0999,1128691.3
2025-08-16T23:30:00+00:00,3.0999,3.1007,3.0977,3.0987,1301869.6
2025-08-16T23:45:00+00:00,3.0987,3.1055,3.0983,3.1039,1342589.0
2025-08-17T00:00:00+00:00,3.1039,3.1040,3.0985,3.0986,1673149.6
2025-08-17T00:15:00+00:00,3.0986,3.1006,3.0950,3.0967,1734826.7
2025-08-17T00:30:00+00:00,3.0967,3.1011,3.0941,3.0965,1840890.9
2025-08-17T00:45:00+00:00,3.0966,3.0966,3.0914,3.0916,1845078.7
2025-08-17T01:00:00+00:00,3.0915,3.0916,3.0814,3.0871,5408086.8
2025-08-17T01:15:00+00:00,3.0870,3.0877,3.0815,3.0841,3262283.0
2025-08-17T01:30:00+00:00,3.0841,3.1024,3.0822,3.0969,4893901.4
2025-08-17T01:45:00+00:00,3.0970,3.1054,3.0947,3.1037,2312451.8
2025-08-17T02:00:00+00:00,3.1037,3.1083,3.0940,3.0958,3382034.7
2025-08-17T02:15:00+00:00,3.0958,3.1071,3.0923,3.1063,2581210.0
2025-08-17T02:30:00+00:00,3.1064,3.1165,3.1028,3.1155,5196157.7
2025-08-17T02:45:00+00:00,3.1155,3.1194,3.1110,3.1185,4686632.2
2025-08-17T03:00:00+00:00,3.1185,3.1194,3.1144,3.1153,2744770.8
2025-08-17T03:15:00+00:00,3.1152,3.1174,3.1120,3.1148,1908779.1
2025-08-17T03:30:00+00:00,3.1149,3.1226,3.1125,3.1222,2987859.7
2025-08-17T03:45:00+00:00,3.1221,3.1225,3.1178,3.1186,2596121.3
2025-08-17T04:00:00+00:00,3.1185,3.1261,3.1178,3.1232,4114433.2
2025-08-17T04:15:00+00:00,3.1232,3.1268,3.1208,3.1245,3166784.2
2025-08-17T04:30:00+00:00,3.1245,3.1265,3.1200,3.1218,2317666.4
2025-08-17T04:45:00+00:00,3.1219,3.1338,3.1200,3.1327,7109150.9
2025-08-17T05:00:00+00:00,3.1327,3.1365,3.1307,3.1362,4223625.8
2025-08-17T05:15:00+00:00,3.1362,3.1373,3.1309,3.1338,2895501.9
2025-08-17T05:30:00+00:00,3.1338,3.1338,3.1247,3.1252,3059269.5
2025-08-17T05:45:00+00:00,3.1251,3.1282,3.1201,3.1205,2377721.1
2025-08-17T06:00:00+00:00,3.1206,3.1262,3.1205,3.1261,2036963.7
2025-08-17T06:15:00+00:00,3.1260,3.1270,3.1215,3.1244,1636999.4
2025-08-17T06:30:00+00:00,3.1244,3.1245,3.1160,3.1206,3019013.9
2025-08-17T06:45:00+00:00,3.1206,3.1206,3.1131,3.1139,2640344.4
2025-08-17T07:00:00+00:00,3.1139,3.1202,3.1104,3.1190,3411764.4
2025-08-17T07:15:00+00:00,3.1189,3.1203,3.1132,3.1140,1883304.5
2025-08-17T07:30:00+00:00,3.1140,3.1174,3.1102,3.1167,2434798.7
2025-08-17T07:45:00+00:00,3.1168,3.1193,3.1152,3.1162,1718208.4
2025-08-17T08:00:00+00:00,3.1161,3.1175,3.1100,3.1116,2583318.0
2025-08-17T08:15:00+00:00,3.1116,3.1147,3.1100,3.1146,1840626.4
2025-08-17T08:30:00+00:00,3.1147,3.1243,3.1145,3.1223,2981669.9
2025-08-17T08:45:00+00:00,3.1224,3.1406,3.1223,3.1359,6972869.4
2025-08-17T09:00:00+00:00,3.1358,3.1377,3.1276,3.1288,8395529.7
2025-08-17T09:15:00+00:00,3.1289,3.1289,3.1206,3.1224,4561317.2
2025-08-17T09:30:00+00:00,3.1225,3.1250,3.1172,3.1180,4437422.0
2025-08-17T09:45:00+00:00,3.1179,3.1302,3.1177,3.1301,3688749.6
2025-08-17T10:00:00+00:00,3.1302,3.1361,3.1232,3.1285,6847439.4
2025-08-17T10:15:00+00:00,3.1286,3.1321,3.1233,3.1235,2475656.3
2025-08-17T10:30:00+00:00,3.1234,3.1258,3.1205,3.1255,2631030.0
2025-08-17T10:45:00+00:00,3.1255,3.1263,3.1201,3.1257,2545577.5
2025-08-17T11:00:00+00:00,3.1257,3.1257,3.1212,3.1228,2224048.0
2025-08-17T11:15:00+00:00,3.1228,3.1301,3.1220,3.1301,2685397.3
2025-08-17T11:30:00+00:00,3.1300,3.1313,3.1264,3.1277,2353810.4
2025-08-17T11:45:00+00:00,3.1277,3.1312,3.1262,3.1267,2262167.6
2025-08-17T12:00:00+00:00,3.1266,3.1272,3.1220,3.1224,3284209.7
2025-08-17T12:15:00+00:00,3.1224,3.1224,3.1134,3.1146,4950357.9
2025-08-17T12:30:00+00:00,3.1147,3.1185,3.1125,3.1156,4078085.2
2025-08-17T12:45:00+00:00,3.1156,3.1172,3.1138,3.1164,2547842.0
2025-08-17T13:00:00+00:00,3.1163,3.1170,3.1127,3.1144,3315299.0
2025-08-17T13:15:00+00:00,3.1145,3.1177,3.1142,3.1160,3066452.6
2025-08-17T13:30:00+00:00,3.1160,3.1230,3.1157,3.1230,4453407.6
2025-08-17T13:45:00+00:00,3.1230,3.1308,3.1227,3.1268,6181261.8
2025-08-17T14:00:00+00:00,3.1269,3.1279,3.1236,3.1241,2699969.4
2025-08-17T14:15:00+00:00,3.1241,3.1245,3.1163,3.1197,3226008.2
2025-08-17T14:30:00+00:00,3.1196,3.1208,3.1154,3.1186,3256919.3
2025-08-17T14:45:00+00:00,3.1187,3.1237,3.1153,3.1162,3041896.1
2025-08-17T15:00:00+00:00,3.1161,3.1212,3.1136,3.1209,3391393.5
2025-08-17T15:15:00+00:00,3.1210,3.1211,3.1132,3.1202,2975560.2
2025-08-17T15:30:00+00:00,3.1202,3.1368,3.1200,3.1358,9166758.6
2025-08-17T15:45:00+00:00,3.1358,3.1448,3.1324,3.1423,9381439.7
2025-08-17T16:00:00+00:00,3.1423,3.1458,3.1356,3.1378,8416942.1
2025-08-17T16:15:00+00:00,3.1379,3.1392,3.1250,3.1253,7862983.5
2025-08-17T16:30:00+00:00,3.1253,3.1253,3.1137,3.1146,7649858.3
2025-08-17T16:45:00+00:00,3.1146,3.1168,3.1026,3.1105,9862080.5
2025-08-17T17:00:00+00:00,3.1105,3.1182,3.1090,3.1098,4245741.8
2025-08-17T17:15:00+00:00,3.1098,3.1174,3.1034,3.1147,4899654.3
2025-08-17T17:30:00+00:00,3.1146,3.1175,3.1080,3.1106,1911982.0
2025-08-17T17:45:00+00:00,3.1107,3.1137,3.1043,3.1058,2117111.6
2025-08-17T18:00:00+00:00,3.1059,3.1070,3.1018,3.1044,2881286.3
2025-08-17T18:15:00+00:00,3.1044,3.1062,3.0971,3.1019,4658973.5
2025-08-17T18:30:00+00:00,3.1020,3.1060,3.0990,3.1007,2842365.1
2025-08-17T18:45:00+00:00,3.1006,3.1032,3.0752,3.0963,17347693.3
2025-08-17T19:00:00+00:00,3.0962,3.1017,3.0911,3.1007,5787712.1
2025-08-17T19:15:00+00:00,3.1008,3.1012,3.0957,3.0975,3101622.1
2025-08-17T19:30:00+00:00,3.0974,3.0992,3.0875,3.0901,4176031.8
2025-08-17T19:45:00+00:00,3.0901,3.0943,3.0853,3.0871,3153673.1
2025-08-17T20:00:00+00:00,3.0871,3.0934,3.0868,3.0928,2199802.5
2025-08-17T20:15:00+00:00,3.0928,3.0946,3.0889,3.0916,1847256.3
2025-08-17T20:30:00+00:00,3.0916,3.0978,3.0912,3.0975,2330109.5
2025-08-17T20:45:00+00:00,3.0975,3.0979,3.0902,3.0910,2353356.2
2025-08-17T21:00:00+00:00,3.0911,3.0942,3.0863,3.0898,2594614.6
2025-08-17T21:15:00+00:00,3.0898,3.0959,3.0867,3.0940,1706984.2
2025-08-17T21:30:00+00:00,3.0939,3.0997,3.0889,3.0997,2254337.1
2025-08-17T21:45:00+00:00,3.0997,3.1017,3.0980,3.0983,1847800.0
2025-08-17T22:00:00+00:00,3.0983,3.1030,3.0945,3.0977,4393536.0
2025-08-17T22:15:00+00:00,3.0978,3.1031,3.0952,3.1010,4323581.0
2025-08-17T22:30:00+00:00,3.1010,3.1114,3.0999,3.1114,3509322.0
2025-08-17T22:45:00+00:00,3.1114,3.1114,3.1068,3.1088,3289157.1
2025-08-17T23:00:00+00:00,3.1088,3.1098,3.0990,3.1057,5520797.5
2025-08-17T23:15:00+00:00,3.1056,3.1058,3.0951,3.0953,3190609.0
2025-08-17T23:30:00+00:00,3.0953,3.0961,3.0905,3.0942,2461155.5
2025-08-17T23:45:00+00:00,3.0942,3.0942,3.0832,3.0856,3931947.9
2025-08-18T00:00:00+00:00,3.0856,3.0897,3.0807,3.0871,3867103.8
2025-08-18T00:15:00+00:00,3.0871,3.0873,3.0735,3.0767,5285288.2
2025-08-18T00:30:00+00:00,3.0768,3.0840,3.0706,3.0807,5728140.9
2025-08-18T00:45:00+00:00,3.0808,3.0868,3.0790,3.0805,2855487.9
2025-08-18T01:00:00+00:00,3.0804,3.0828,3.0710,3.0723,2839288.6
2025-08-18T01:15:00+00:00,3.0724,3.0786,3.0540,3.0541,10603880.5
2025-08-18T01:30:00+00:00,3.0541,3.0665,3.0418,3.0498,22909282.5
2025-08-18T01:45:00+00:00,3.0498,3.0543,3.0331,3.0400,10709369.4
2025-08-18T02:00:00+00:00,3.0400,3.0430,3.0185,3.0291,20268411.2
2025-08-18T02:15:00+00:00,3.0291,3.0326,3.0166,3.0194,10002334.1
2025-08-18T02:30:00+00:00,3.0194,3.0300,3.0105,3.0269,10971817.8
2025-08-18T02:45:00+00:00,3.0270,3.0287,3.0025,3.0087,13357728.4
2025-08-18T03:00:00+00:00,3.0087,3.0144,3.0060,3.0089,6693876.1
2025-08-18T03:15:00+00:00,3.0089,3.0120,2.9863,2.9865,21618039.5
2025-08-18T03:30:00+00:00,2.9865,2.9919,2.9648,2.9781,25830011.6
2025-08-18T03:45:00+00:00,2.9782,2.9908,2.9674,2.9882,19820878.4
2025-08-18T04:00:00+00:00,2.9882,2.9885,2.9761,2.9856,9447028.2
2025-08-18T04:15:00+00:00,2.9855,2.9942,2.9802,2.9942,6898865.9
2025-08-18T04:30:00+00:00,2.9942,2.9978,2.9903,2.9907,7874693.8
2025-08-18T04:45:00+00:00,2.9907,2.9979,2.9903,2.9965,3146067.1
2025-08-18T05:00:00+00:00,2.9964,3.0036,2.9957,3.0020,6627232.0
2025-08-18T05:15:00+00:00,3.0019,3.0023,2.9950,2.9961,4400351.8
2025-08-18T05:30:00+00:00,2.9961,2.9971,2.9771,2.9819,11003392.3
2025-08-18T05:45:00+00:00,2.9820,2.9908,2.9710,2.9905,9702286.7
2025-08-18T06:00:00+00:00,2.9905,2.9905,2.9718,2.9749,8264182.2
2025-08-18T06:15:00+00:00,2.9749,2.9794,2.9595,2.9693,13156738.2
2025-08-18T06:30:00+00:00,2.9692,2.9756,2.9533,2.9607,10391982.5
2025-08-18T06:45:00+00:00,2.9608,2.9713,2.9527,2.9696,8976822.1
2025-08-18T07:00:00+00:00,2.9696,2.9772,2.9670,2.9682,6403059.5
2025-08-18T07:15:00+00:00,2.9681,2.9719,2.9586,2.9653,5786751.2
2025-08-18T07:30:00+00:00,2.9654,2.9746,2.9574,2.9676,7427880.1
2025-08-18T07:45:00+00:00,2.9677,2.9706,2.9607,2.9623,2893296.7
2025-08-18T08:00:00+00:00,2.9623,2.9740,2.9605,2.9636,5198793.6
2025-08-18T08:15:00+00:00,2.9635,2.9713,2.9613,2.9713,3252492.6
2025-08-18T08:30:00+00:00,2.9712,2.9743,2.9650,2.9663,2741648.3
2025-08-18T08:45:00+00:00,2.9663,2.9693,2.9603,2.9607,3457005.9
2025-08-18T09:00:00+00:00,2.9607,2.9608,2.9486,2.9526,10720617.6
2025-08-18T09:15:00+00:00,2.9526,2.9527,2.9406,2.9444,13633255.9
2025-08-18T09:30:00+00:00,2.9444,2.9630,2.9390,2.9625,13710258.8
2025-08-18T09:45:00+00:00,2.9624,2.9681,2.9587,2.9658,8273499.1
2025-08-18T10:00:00+00:00,2.9658,2.9709,2.9570,2.9585,5092982.4
2025-08-18T10:15:00+00:00,2.9584,2.9628,2.9535,2.9545,4205076.8
2025-08-18T10:30:00+00:00,2.9544,2.9678,2.9540,2.9678,3769830.5
2025-08-18T10:45:00+00:00,2.9678,2.9680,2.9628,2.9677,4035088.3
2025-08-18T11:00:00+00:00,2.9676,2.9714,2.9624,2.9667,4078007.3
2025-08-18T11:15:00+00:00,2.9668,2.9736,2.9647,2.9703,3385299.5
2025-08-18T11:30:00+00:00,2.9704,2.9766,2.9660,2.9755,4384694.8
2025-08-18T11:45:00+00:00,2.9754,2.9757,2.9575,2.9628,7920048.3
2025-08-18T12:00:00+00:00,2.9628,2.9776,2.9581,2.9730,5098375.8
2025-08-18T12:15:00+00:00,2.9729,2.9782,2.9700,2.9733,3987743.8
2025-08-18T12:30:00+00:00,2.9733,2.9815,2.9711,2.9801,6249130.0
2025-08-18T12:45:00+00:00,2.9800,2.9883,2.9779,2.9882,6084376.1
2025-08-18T13:00:00+00:00,2.9883,2.9933,2.9843,2.9902,8965344.0
2025-08-18T13:15:00+00:00,2.9902,2.9985,2.9862,2.9959,6584222.8
2025-08-18T13:30:00+00:00,2.9960,2.9985,2.9749,2.9810,10683840.6
2025-08-18T13:45:00+00:00,2.9811,2.9904,2.9651,2.9654,10862694.3
2025-08-18T14:00:00+00:00,2.9655,2.9849,2.9655,2.9807,9225923.7
2025-08-18T14:15:00+00:00,2.9806,2.9946,2.9741,2.9900,6505586.4
2025-08-18T14:30:00+00:00,2.9900,2.9974,2.9809,2.9818,7375931.6
2025-08-18T14:45:00+00:00,2.9818,2.9948,2.9680,2.9942,6414472.6
2025-08-18T15:00:00+00:00,2.9942,3.0041,2.9886,2.9894,8152394.4
2025-08-18T15:15:00+00:00,2.9895,2.9999,2.9854,2.9923,5544978.4
2025-08-18T15:30:00+00:00,2.9923,3.0202,2.9847,3.0117,14295146.8
2025-08-18T15:45:00+00:00,3.0117,3.0226,3.0102,3.0138,10856400.4
2025-08-18T16:00:00+00:00,3.0139,3.0210,3.0054,3.0078,8948991.8
2025-08-18T16:15:00+00:00,3.0078,3.0204,3.0025,3.0137,5680829.4
2025-08-18T16:30:00+00:00,3.0138,3.0205,3.0003,3.0087,6897823.0
2025-08-18T16:45:00+00:00,3.0087,3.0204,3.0017,3.0020,4939803.3
2025-08-18T17:00:00+00:00,3.0021,3.0180,2.9985,3.0179,4545078.1
2025-08-18T17:15:00+00:00,3.0179,3.0495,3.0179,3.0461,15162381.4
2025-08-18T17:30:00+00:00,3.0461,3.0952,3.0454,3.0762,29188105.3
2025-08-18T17:45:00+00:00,3.0760,3.0831,3.0665,3.0690,13487200.0
2025-08-18T18:00:00+00:00,3.0691,3.0728,3.0456,3.0468,12444796.6
2025-08-18T18:15:00+00:00,3.0468,3.0530,3.0419,3.0520,5934863.8
2025-08-18T18:30:00+00:00,3.0519,3.0639,3.0513,3.0577,6950464.0
2025-08-18T18:45:00+00:00,3.0577,3.0654,3.0574,3.0643,3133199.1
2025-08-18T19:00:00+00:00,3.0643,3.0754,3.0546,3.0587,6769267.9
2025-08-18T19:15:00+00:00,3.0587,3.0760,3.0546,3.0749,4255594.9
2025-08-18T19:30:00+00:00,3.0748,3.0771,3.0606,3.0615,4669012.8
2025-08-18T19:45:00+00:00,3.0616,3.0830,3.0591,3.0807,4463454.8
2025-08-18T20:00:00+00:00,3.0808,3.0821,3.0661,3.0772,4261790.1
2025-08-18T20:15:00+00:00,3.0772,3.0785,3.0667,3.0752,2458690.9
2025-08-18T20:30:00+00:00,3.0753,3.0778,3.0504,3.0595,7256027.3
2025-08-18T20:45:00+00:00,3.0596,3.0796,3.0556,3.0780,4864896.4
2025-08-18T21:00:00+00:00,3.0780,3.0898,3.0718,3.0894,5459959.8
2025-08-18T21:15:00+00:00,3.0894,3.0949,3.0838,3.0931,4316935.0
2025-08-18T21:30:00+00:00,3.0931,3.0947,3.0719,3.0719,5089535.6
2025-08-18T21:45:00+00:00,3.0720,3.0874,3.0679,3.0779,6032836.1
2025-08-18T22:00:00+00:00,3.0779,3.0896,3.0779,3.0843,6875100.5
2025-08-18T22:15:00+00:00,3.0844,3.0917,3.0829,3.0846,4632182.5
2025-08-18T22:30:00+00:00,3.0845,3.0861,3.0746,3.0763,5606957.7
2025-08-18T22:45:00+00:00,3.0764,3.0781,3.0671,3.0678,4617462.2
2025-08-18T23:00:00+00:00,3.0677,3.0695,3.0612,3.0612,4595978.8
2025-08-18T23:15:00+00:00,3.0613,3.0681,3.0587,3.0643,4557639.5
2025-08-18T23:30:00+00:00,3.0643,3.0648,3.0549,3.0563,5311961.0
2025-08-18T23:45:00+00:00,3.0563,3.0617,3.0540,3.0605,3451142.9
2025-08-19T00:00:00+00:00,3.0605,3.0629,3.0552,3.0563,3861048.4
2025-08-19T00:15:00+00:00,3.0563,3.0563,3.0350,3.0375,14493563.6
2025-08-19T00:30:00+00:00,3.0376,3.0552,3.0238,3.0509,14611819.2
2025-08-19T00:45:00+00:00,3.0509,3.0691,3.0504,3.0652,9095421.0
2025-08-19T01:00:00+00:00,3.0652,3.0796,3.0625,3.0684,8072316.8
2025-08-19T01:15:00+00:00,3.0684,3.0727,3.0556,3.0557,4719595.4
2025-08-19T01:30:00+00:00,3.0556,3.0556,3.0434,3.0504,6829396.7
2025-08-19T01:45:00+00:00,3.0503,3.0560,3.0435,3.0496,7113808.8
2025-08-19T02:00:00+00:00,3.0495,3.0506,3.0355,3.0409,6718648.0
2025-08-19T02:15:00+00:00,3.0408,3.0461,3.0332,3.0431,4558066.7
2025-08-19T02:30:00+00:00,3.0431,3.0476,3.0353,3.0385,2892264.2
2025-08-19T02:45:00+00:00,3.0384,3.0467,3.0312,3.0339,3681128.6
2025-08-19T03:00:00+00:00,3.0339,3.0351,3.0229,3.0313,7149500.1
2025-08-19T03:15:00+00:00,3.0312,3.0345,3.0177,3.0196,6202863.1
2025-08-19T03:30:00+00:00,3.0196,3.0198,2.9882,2.9975,16686157.7
2025-08-19T03:45:00+00:00,2.9975,2.9988,2.9829,2.9891,11921020.7
2025-08-19T04:00:00+00:00,2.9892,2.9953,2.9717,2.9850,14928527.6
2025-08-19T04:15:00+00:00,2.9851,2.9896,2.9742,2.9808,8658294.2
2025-08-19T04:30:00+00:00,2.9808,2.9976,2.9801,2.9974,6896347.3
2025-08-19T04:45:00+00:00,2.9973,3.0061,2.9923,3.0051,5340518.9
2025-08-19T05:00:00+00:00,3.0051,3.0124,3.0004,3.0087,7387020.3
2025-08-19T05:15:00+00:00,3.0086,3.0222,3.0066,3.0213,9168849.9
2025-08-19T05:30:00+00:00,3.0213,3.0267,3.0146,3.0208,3631155.0
2025-08-19T05:45:00+00:00,3.0207,3.0213,3.0122,3.0134,4968898.4
2025-08-19T06:00:00+00:00,3.0134,3.0181,3.0024,3.0162,7062455.0
2025-08-19T06:15:00+00:00,3.0161,3.0249,3.0096,3.0204,5453576.7
2025-08-19T06:30:00+00:00,3.0204,3.0250,3.0164,3.0195,2968771.2
2025-08-19T06:45:00+00:00,3.0195,3.0223,3.0124,3.0187,3309493.5
2025-08-19T07:00:00+00:00,3.0188,3.0215,3.0048,3.0094,5807666.1
2025-08-19T07:15:00+00:00,3.0094,3.0103,2.9940,2.9991,7645242.8
2025-08-19T07:30:00+00:00,2.9991,3.0013,2.9909,2.9965,6348275.3
2025-08-19T07:45:00+00:00,2.9965,3.0060,2.9950,3.0023,4193834.4
2025-08-19T08:00:00+00:00,3.0024,3.0091,2.9890,3.0013,8568115.4
2025-08-19T08:15:00+00:00,3.0013,3.0060,2.9971,3.0000,3359405.1
2025-08-19T08:30:00+00:00,3.0000,3.0016,2.9943,2.9983,3193518.9
2025-08-19T08:45:00+00:00,2.9982,3.0153,2.9960,3.0076,7871705.0
2025-08-19T09:00:00+00:00,3.0076,3.0168,3.0040,3.0127,5623227.0
2025-08-19T09:15:00+00:00,3.0126,3.0182,3.0104,3.0164,3718066.6
2025-08-19T09:30:00+00:00,3.0164,3.0226,3.0086,3.0097,4966439.0
2025-08-19T09:45:00+00:00,3.0096,3.0160,3.0073,3.0160,2215185.1
2025-08-19T10:00:00+00:00,3.0160,3.0184,3.0097,3.0114,3263435.4
2025-08-19T10:15:00+00:00,3.0114,3.0159,3.0104,3.0123,2772100.0
2025-08-19T10:30:00+00:00,3.0123,3.0234,3.0091,3.0176,4884646.3
2025-08-19T10:45:00+00:00,3.0176,3.0189,3.0081,3.0115,4074216.8
2025-08-19T11:00:00+00:00,3.0114,3.0130,3.0060,3.0098,4037656.7
2025-08-19T11:15:00+00:00,3.0099,3.0178,3.0079,3.0134,5360529.8
2025-08-19T11:30:00+00:00,3.0133,3.0168,3.0058,3.0068,2767646.0
2025-08-19T11:45:00+00:00,3.0067,3.0164,3.0051,3.0142,2193991.4
2025-08-19T12:00:00+00:00,3.0142,3.0149,3.0093,3.0114,2310780.7
2025-08-19T12:15:00+00:00,3.0115,3.0170,3.0100,3.0153,2362505.5
2025-08-19T12:30:00+00:00,3.0154,3.0154,3.0083,3.0116,1934254.0
2025-08-19T12:45:00+00:00,3.0116,3.0136,3.0027,3.0120,5575785.0
2025-08-19T13:00:00+00:00,3.0120,3.0124,3.0039,3.0039,2716763.3
2025-08-19T13:15:00+00:00,3.0038,3.0277,3.0035,3.0226,6391063.4
2025-08-19T13:30:00+00:00,3.0226,3.0365,2.9885,2.9897,25620284.5
2025-08-19T13:45:00+00:00,2.9896,3.0080,2.9831,2.9984,15819942.0
2025-08-19T14:00:00+00:00,2.9984,3.0062,2.9869,2.9886,7397336.5
2025-08-19T14:15:00+00:00,2.9886,2.9896,2.9475,2.9482,23732660.1
2025-08-19T14:30:00+00:00,2.9482,2.9603,2.9321,2.9442,32560319.0
2025-08-19T14:45:00+00:00,2.9442,2.9490,2.9301,2.9413,18694231.2
2025-08-19T15:00:00+00:00,2.9414,2.9493,2.9321,2.9453,13539076.5
2025-08-19T15:15:00+00:00,2.9454,2.9657,2.9441,2.9634,12258043.0
2025-08-19T15:30:00+00:00,2.9633,2.9645,2.9455,2.9511,7312870.7
2025-08-19T15:45:00+00:00,2.9511,2.9513,2.9250,2.9280,15784679.7
2025-08-19T16:00:00+00:00,2.9281,2.9330,2.9207,2.9215,14016539.7
2025-08-19T16:15:00+00:00,2.9215,2.9340,2.9180,2.9205,8666028.5
2025-08-19T16:30:00+00:00,2.9204,2.9300,2.9100,2.9205,17751355.3
2025-08-19T16:45:00+00:00,2.9205,2.9217,2.9063,2.9094,12025786.0
2025-08-19T17:00:00+00:00,2.9093,2.9208,2.8950,2.9208,21449682.0
2025-08-19T17:15:00+00:00,2.9208,2.9283,2.9187,2.9257,9615824.8
2025-08-19T17:30:00+00:00,2.9256,2.9307,2.9196,2.9236,5491908.4
2025-08-19T17:45:00+00:00,2.9236,2.9303,2.9166,2.9276,4867143.9
2025-08-19T18:00:00+00:00,2.9277,2.9318,2.9234,2.9234,4847223.7
2025-08-19T18:15:00+00:00,2.9235,2.9290,2.9166,2.9169,4049558.9
2025-08-19T18:30:00+00:00,2.9168,2.9242,2.9048,2.9082,7643788.3
2025-08-19T18:45:00+00:00,2.9083,2.9115,2.8911,2.9012,12503923.5
2025-08-19T19:00:00+00:00,2.9011,2.9011,2.8791,2.8859,17059447.6
2025-08-19T19:15:00+00:00,2.8860,2.9170,2.8804,2.9143,11301173.2
2025-08-19T19:30:00+00:00,2.9143,2.9173,2.9070,2.9097,5796282.7
2025-08-19T19:45:00+00:00,2.9097,2.9118,2.8700,2.8755,20962694.7
2025-08-19T20:00:00+00:00,2.8753,2.8842,2.8701,2.8755,10446282.2
2025-08-19T20:15:00+00:00,2.8756,2.8929,2.8735,2.8899,7441720.0
2025-08-19T20:30:00+00:00,2.8900,2.9013,2.8897,2.9001,6170920.2
2025-08-19T20:45:00+00:00,2.9002,2.9050,2.8974,2.9020,5662589.5
2025-08-19T21:00:00+00:00,2.9020,2.9037,2.8873,2.8914,7569664.7
2025-08-19T21:15:00+00:00,2.8915,2.8975,2.8725,2.8902,10609492.3
2025-08-19T21:30:00+00:00,2.8901,2.8952,2.8848,2.8945,5064770.0
2025-08-19T21:45:00+00:00,2.8944,2.8985,2.8909,2.8952,2619516.1
2025-08-19T22:00:00+00:00,2.8953,2.8954,2.8813,2.8862,6134944.6
2025-08-19T22:15:00+00:00,2.8863,2.8936,2.8826,2.8912,4560015.4
2025-08-19T22:30:00+00:00,2.8912,2.8997,2.8898,2.8961,4030348.1
2025-08-19T22:45:00+00:00,2.8960,2.8969,2.8874,2.8912,3183368.2
2025-08-19T23:00:00+00:00,2.8911,2.8924,2.8808,2.8856,4450370.4
2025-08-19T23:15:00+00:00,2.8856,2.8864,2.8603,2.8648,11552581.5
2025-08-19T23:30:00+00:00,2.8647,2.8770,2.8603,2.8686,12666780.5
2025-08-19T23:45:00+00:00,2.8686,2.8700,2.8474,2.8593,21595334.6
2025-08-20T00:00:00+00:00,2.8593,2.8828,2.8585,2.8767,14781611.8
2025-08-20T00:15:00+00:00,2.8767,2.8866,2.8660,2.8727,9128108.8
2025-08-20T00:30:00+00:00,2.8727,2.8860,2.8700,2.8833,6064485.5
2025-08-20T00:45:00+00:00,2.8833,2.8873,2.8764,2.8771,3675418.5
2025-08-20T01:00:00+00:00,2.8772,2.8898,2.8740,2.8766,4387555.2
2025-08-20T01:15:00+00:00,2.8766,2.8874,2.8700,2.8709,5221780.1
2025-08-20T01:30:00+00:00,2.8709,2.8720,2.8476,2.8550,11282687.7
2025-08-20T01:45:00+00:00,2.8550,2.8862,2.8547,2.8838,9054898.0
2025-08-20T02:00:00+00:00,2.8837,2.8921,2.8770,2.8905,6023022.3
2025-08-20T02:15:00+00:00,2.8905,2.8925,2.8877,2.8900,3760893.7
2025-08-20T02:30:00+00:00,2.8899,2.8915,2.8852,2.8909,3237145.5
2025-08-20T02:45:00+00:00,2.8910,2.8922,2.8827,2.8836,3973194.3
2025-08-20T03:00:00+00:00,2.8836,2.8918,2.8815,2.8824,5275666.9
2025-08-20T03:15:00+00:00,2.8824,2.8926,2.8800,2.8925,3260696.2
2025-08-20T03:30:00+00:00,2.8925,2.8987,2.8820,2.8843,6276721.3
2025-08-20T03:45:00+00:00,2.8843,2.8884,2.8816,2.8855,2277422.4
2025-08-20T04:00:00+00:00,2.8856,2.8946,2.8852,2.8912,4173708.8
2025-08-20T04:15:00+00:00,2.8913,2.8960,2.8896,2.8947,5083968.5
2025-08-20T04:30:00+00:00,2.8947,2.8994,2.8880,2.8906,7952801.4
2025-08-20T04:45:00+00:00,2.8906,2.8987,2.8900,2.8970,3108643.4
2025-08-20T05:00:00+00:00,2.8970,2.8989,2.8916,2.8925,3466796.6
2025-08-20T05:15:00+00:00,2.8925,2.8946,2.8864,2.8933,3302333.7
2025-08-20T05:30:00+00:00,2.8933,2.8972,2.8910,2.8953,2739897.5
2025-08-20T05:45:00+00:00,2.8954,2.8993,2.8941,2.8983,2634455.3
2025-08-20T06:00:00+00:00,2.8983,2.8988,2.8818,2.8822,5510787.6
2025-08-20T06:15:00+00:00,2.8823,2.8862,2.8751,2.8837,5616919.4
2025-08-20T06:30:00+00:00,2.8837,2.8916,2.8817,2.8899,3317982.0
2025-08-20T06:45:00+00:00,2.8899,2.8899,2.8822,2.8837,2178659.2
2025-08-20T07:00:00+00:00,2.8837,2.8917,2.8813,2.8906,5478250.6
2025-08-20T07:15:00+00:00,2.8907,2.8957,2.8865,2.8917,4886814.6
2025-08-20T07:30:00+00:00,2.8916,2.8922,2.8738,2.8756,6073374.3
2025-08-20T07:45:00+00:00,2.8755,2.8784,2.8637,2.8662,10899896.9
2025-08-20T08:00:00+00:00,2.8662,2.8787,2.8622,2.8777,8992512.2
2025-08-20T08:15:00+00:00,2.8777,2.8908,2.8774,2.8896,6694889.6
2025-08-20T08:30:00+00:00,2.8896,2.9076,2.8896,2.9053,16841417.9
2025-08-20T08:45:00+00:00,2.9053,2.9130,2.9006,2.9119,10489976.5
2025-08-20T09:00:00+00:00,2.9119,2.9120,2.8973,2.9041,15198378.6
2025-08-20T09:15:00+00:00,2.9042,2.9057,2.8927,2.8941,6064649.8
2025-08-20T09:30:00+00:00,2.8942,2.8992,2.8896,2.8950,4578787.6
2025-08-20T09:45:00+00:00,2.8951,2.9017,2.8833,2.8853,5830319.7
2025-08-20T10:00:00+00:00,2.8854,2.8893,2.8825,2.8845,4454689.5
2025-08-20T10:15:00+00:00,2.8846,2.8975,2.8846,2.8895,4404652.8
2025-08-20T10:30:00+00:00,2.8896,2.8994,2.8896,2.8987,2422642.2
2025-08-20T10:45:00+00:00,2.8988,2.9050,2.8985,2.9020,4944730.5
2025-08-20T11:00:00+00:00,2.9020,2.9042,2.8895,2.8913,3962196.3
2025-08-20T11:15:00+00:00,2.8914,2.8917,2.8850,2.8867,3754160.0
2025-08-20T11:30:00+00:00,2.8868,2.8869,2.8608,2.8638,13191371.2
2025-08-20T11:45:00+00:00,2.8639,2.8882,2.8578,2.8881,11251040.1
2025-08-20T12:00:00+00:00,2.8881,2.9130,2.8880,2.8967,13634802.4
2025-08-20T12:15:00+00:00,2.8967,2.9004,2.8844,2.8883,6881932.4
2025-08-20T12:30:00+00:00,2.8882,2.9019,2.8874,2.8991,5449132.4
2025-08-20T12:45:00+00:00,2.8992,2.9000,2.8908,2.8917,3536256.6
2025-08-20T13:00:00+00:00,2.8918,2.8918,2.8706,2.8709,5355876.6
2025-08-20T13:15:00+00:00,2.8709,2.8799,2.8673,2.8784,6795205.4
2025-08-20T13:30:00+00:00,2.8784,2.8892,2.8608,2.8615,21900655.1
2025-08-20T13:45:00+00:00,2.8616,2.8639,2.8357,2.8377,34643846.4
2025-08-20T14:00:00+00:00,2.8378,2.8486,2.8220,2.8275,30579864.8
2025-08-20T14:15:00+00:00,2.8275,2.8588,2.8174,2.8547,23971597.9
2025-08-20T14:30:00+00:00,2.8547,2.8907,2.8541,2.8811,23849326.7
2025-08-20T14:45:00+00:00,2.8810,2.9015,2.8775,2.8873,16029028.0
2025-08-20T15:00:00+00:00,2.8874,2.9249,2.8831,2.9136,25097678.4
2025-08-20T15:15:00+00:00,2.9135,2.9333,2.9127,2.9282,18895409.2
2025-08-20T15:30:00+00:00,2.9283,2.9314,2.9183,2.9225,11513672.1
2025-08-20T15:45:00+00:00,2.9226,2.9274,2.8972,2.9029,19892965.4
2025-08-20T16:00:00+00:00,2.9029,2.9193,2.9026,2.9169,12084524.9
2025-08-20T16:15:00+00:00,2.9169,2.9281,2.9160,2.9274,8838421.1
2025-08-20T16:30:00+00:00,2.9274,2.9275,2.9114,2.9172,6040262.1
2025-08-20T16:45:00+00:00,2.9173,2.9234,2.9090,2.9124,5527671.4
2025-08-20T17:00:00+00:00,2.9124,2.9320,2.9108,2.9238,7125654.3
2025-08-20T17:15:00+00:00,2.9238,2.9356,2.9189,2.9195,6567215.6
2025-08-20T17:30:00+00:00,2.9195,2.9510,2.9184,2.9502,16243236.7
2025-08-20T17:45:00+00:00,2.9502,2.9550,2.9300,2.9421,16740628.3
2025-08-20T18:00:00+00:00,2.9421,2.9442,2.9171,2.9185,11932467.5
2025-08-20T18:15:00+00:00,2.9186,2.9200,2.9062,2.9088,14551085.8
2025-08-20T18:30:00+00:00,2.9089,2.9222,2.9047,2.9205,5122890.5
2025-08-20T18:45:00+00:00,2.9206,2.9248,2.9167,2.9174,3567272.1
2025-08-20T19:00:00+00:00,2.9174,2.9408,2.9153,2.9385,5488506.6
2025-08-20T19:15:00+00:00,2.9386,2.9574,2.9380,2.9522,8733994.0
2025-08-20T19:30:00+00:00,2.9523,2.9583,2.9501,2.9562,5780428.3
2025-08-20T19:45:00+00:00,2.9562,2.9876,2.9540,2.9875,14622661.3
2025-08-20T20:00:00+00:00,2.9875,2.9880,2.9717,2.9718,8976760.2
2025-08-20T20:15:00+00:00,2.9718,2.9746,2.9643,2.9702,4891221.4
2025-08-20T20:30:00+00:00,2.9701,2.9749,2.9645,2.9715,3087741.6
2025-08-20T20:45:00+00:00,2.9715,2.9740,2.9666,2.9695,3788374.0
2025-08-20T21:00:00+00:00,2.9695,2.9754,2.9683,2.9707,4004314.2
2025-08-20T21:15:00+00:00,2.9707,2.9720,2.9547,2.9577,5843801.2
2025-08-20T21:30:00+00:00,2.9577,2.9689,2.9519,2.9676,4185705.9
2025-08-20T21:45:00+00:00,2.9677,2.9715,2.9631,2.9662,4006527.8
2025-08-20T22:00:00+00:00,2.9662,2.9729,2.9603,2.9660,3828820.6
2025-08-20T22:15:00+00:00,2.9660,2.9668,2.9607,2.9651,2682897.7
2025-08-20T22:30:00+00:00,2.9652,2.9683,2.9601,2.9683,3723357.8
2025-08-20T22:45:00+00:00,2.9683,2.9705,2.9650,2.9681,2930202.1
2025-08-20T23:00:00+00:00,2.9681,2.9691,2.9593,2.9597,3316483.7
2025-08-20T23:15:00+00:00,2.9597,2.9606,2.9523,2.9537,4126377.5
2025-08-20T23:30:00+00:00,2.9537,2.9593,2.9530,2.9566,2124257.2
2025-08-20T23:45:00+00:00,2.9567,2.9567,2.9480,2.9503,4138834.6
2025-08-21T00:00:00+00:00,2.9503,2.9510,2.9449,2.9454,9960243.3
2025-08-21T00:15:00+00:00,2.9454,2.9472,2.9324,2.9361,11980593.3
2025-08-21T00:30:00+00:00,2.9362,2.9501,2.9362,2.9467,3818025.6
2025-08-21T00:45:00+00:00,2.9467,2.9499,2.9367,2.9423,3158056.9
2025-08-21T01:00:00+00:00,2.9424,2.9436,2.9317,2.9357,4115922.9
2025-08-21T01:15:00+00:00,2.9357,2.9385,2.9264,2.9340,5646258.0
2025-08-21T01:30:00+00:00,2.9340,2.9436,2.9322,2.9404,3234954.4
2025-08-21T01:45:00+00:00,2.9405,2.9510,2.9346,2.9493,6018989.7
2025-08-21T02:00:00+00:00,2.9494,2.9577,2.9262,2.9267,8237278.8
2025-08-21T02:15:00+00:00,2.9266,2.9282,2.9186,2.9225,7428521.8
2025-08-21T02:30:00+00:00,2.9226,2.9231,2.9117,2.9165,5245292.4
2025-08-21T02:45:00+00:00,2.9166,2.9238,2.9146,2.9232,3170085.0
2025-08-21T03:00:00+00:00,2.9233,2.9500,2.9228,2.9452,8557137.4
2025-08-21T03:15:00+00:00,2.9452,2.9474,2.9339,2.9358,5357502.4
2025-08-21T03:30:00+00:00,2.9357,2.9416,2.9329,2.9395,2165345.2
2025-08-21T03:45:00+00:00,2.9395,2.9408,2.9284,2.9289,3372961.7
2025-08-21T04:00:00+00:00,2.9288,2.9317,2.9240,2.9260,2607811.6
2025-08-21T04:15:00+00:00,2.9260,2.9265,2.9209,2.9249,2300889.6
2025-08-21T04:30:00+00:00,2.9250,2.9342,2.9238,2.9338,2742617.1
2025-08-21T04:45:00+00:00,2.9338,2.9400,2.9292,2.9298,2559932.2
2025-08-21T05:00:00+00:00,2.9297,2.9321,2.9221,2.9249,2807417.6
2025-08-21T05:15:00+00:00,2.9249,2.9283,2.9202,2.9225,3901234.8
2025-08-21T05:30:00+00:00,2.9225,2.9300,2.9219,2.9229,2148583.0
2025-08-21T05:45:00+00:00,2.9229,2.9301,2.9216,2.9300,2413733.9
2025-08-21T06:00:00+00:00,2.9301,2.9301,2.9100,2.9112,5203498.7
2025-08-21T06:15:00+00:00,2.9113,2.9131,2.9022,2.9045,6893707.0
2025-08-21T06:30:00+00:00,2.9045,2.9119,2.9042,2.9095,2866783.4
2025-08-21T06:45:00+00:00,2.9095,2.9108,2.9059,2.9102,2170716.9
2025-08-21T07:00:00+00:00,2.9102,2.9168,2.9030,2.9031,3880229.7
2025-08-21T07:15:00+00:00,2.9031,2.9060,2.8912,2.9027,10140273.1
2025-08-21T07:30:00+00:00,2.9026,2.9112,2.8987,2.9074,4937177.6
2025-08-21T07:45:00+00:00,2.9075,2.9087,2.9039,2.9072,3093297.4
2025-08-21T08:00:00+00:00,2.9072,2.9150,2.9021,2.9150,6046955.6
2025-08-21T08:15:00+00:00,2.9149,2.9150,2.8981,2.9009,5159504.7
2025-08-21T08:30:00+00:00,2.9009,2.9052,2.8974,2.9035,2282247.4
2025-08-21T08:45:00+00:00,2.9035,2.9086,2.8960,2.8962,2351045.2
2025-08-21T09:00:00+00:00,2.8962,2.8968,2.8876,2.8906,5869990.3
2025-08-21T09:15:00+00:00,2.8906,2.8932,2.8846,2.8917,3864036.4
2025-08-21T09:30:00+00:00,2.8917,2.9040,2.8903,2.9036,4960097.0
2025-08-21T09:45:00+00:00,2.9036,2.9050,2.8916,2.8925,3039434.1
2025-08-21T10:00:00+00:00,2.8924,2.9017,2.8892,2.8975,4543344.3
2025-08-21T10:15:00+00:00,2.8975,2.9011,2.8930,2.8984,2566035.8
2025-08-21T10:30:00+00:00,2.8984,2.9043,2.8947,2.9008,2070765.9
2025-08-21T10:45:00+00:00,2.9008,2.9044,2.8966,2.8994,1943009.5
2025-08-21T11:00:00+00:00,2.8994,2.9082,2.8980,2.9063,2821835.8
2025-08-21T11:15:00+00:00,2.9063,2.9115,2.9056,2.9111,3127114.3
2025-08-21T11:30:00+00:00,2.9111,2.9151,2.8983,2.9045,5912447.0
2025-08-21T11:45:00+00:00,2.9045,2.9049,2.8949,2.9009,5364765.6
2025-08-21T12:00:00+00:00,2.9008,2.9029,2.8952,2.8981,2719189.3
2025-08-21T12:15:00+00:00,2.8982,2.9046,2.8885,2.8976,5168781.3
2025-08-21T12:30:00+00:00,2.8975,2.9088,2.8964,2.9029,4511282.2
2025-08-21T12:45:00+00:00,2.9030,2.9039,2.8818,2.8894,7997662.1
2025-08-21T13:00:00+00:00,2.8893,2.8986,2.8837,2.8971,4071151.5
2025-08-21T13:15:00+00:00,2.8971,2.9054,2.8944,2.9048,2787526.1
2025-08-21T13:30:00+00:00,2.9049,2.9195,2.8922,2.9134,12799044.3
2025-08-21T13:45:00+00:00,2.9134,2.9151,2.8943,2.8946,12864476.7
2025-08-21T14:00:00+00:00,2.8946,2.9125,2.8895,2.9082,8975809.7
2025-08-21T14:15:00+00:00,2.9082,2.9222,2.9050,2.9201,8560761.5
2025-08-21T14:30:00+00:00,2.9202,2.9213,2.8762,2.8922,18979419.3
2025-08-21T14:45:00+00:00,2.8922,2.8990,2.8849,2.8983,7957559.8
2025-08-21T15:00:00+00:00,2.8983,2.9020,2.8745,2.8752,10921221.1
2025-08-21T15:15:00+00:00,2.8752,2.8964,2.8710,2.8903,10425381.3
2025-08-21T15:30:00+00:00,2.8903,2.8991,2.8836,2.8939,4993709.9
2025-08-21T15:45:00+00:00,2.8938,2.8939,2.8807,2.8855,4667085.7
2025-08-21T16:00:00+00:00,2.8855,2.9012,2.8801,2.8989,8048017.8
2025-08-21T16:15:00+00:00,2.8990,2.9091,2.8905,2.8975,6235112.9
2025-08-21T16:30:00+00:00,2.8975,2.9028,2.8880,2.9000,5305834.0
2025-08-21T16:45:00+00:00,2.9000,2.9020,2.8875,2.8890,4433994.5
2025-08-21T17:00:00+00:00,2.8890,2.8900,2.8725,2.8769,9080811.4
2025-08-21T17:15:00+00:00,2.8768,2.8898,2.8761,2.8841,6476294.7
2025-08-21T17:30:00+00:00,2.8841,2.9025,2.8832,2.9006,8213246.9
2025-08-21T17:45:00+00:00,2.9006,2.9065,2.8985,2.9008,5544930.5
2025-08-21T18:00:00+00:00,2.9007,2.9051,2.9000,2.9034,4322209.8
2025-08-21T18:15:00+00:00,2.9034,2.9161,2.9016,2.9138,4617033.3
2025-08-21T18:30:00+00:00,2.9138,2.9147,2.9034,2.9038,2476104.4
2025-08-21T18:45:00+00:00,2.9038,2.9144,2.8992,2.9124,3566927.9
2025-08-21T19:00:00+00:00,2.9124,2.9183,2.9065,2.9072,3163363.2
2025-08-21T19:15:00+00:00,2.9072,2.9099,2.8882,2.8883,5082378.6
2025-08-21T19:30:00+00:00,2.8884,2.8884,2.8672,2.8673,11931436.7
2025-08-21T19:45:00+00:00,2.8673,2.8703,2.8503,2.8670,21723665.7
2025-08-21T20:00:00+00:00,2.8671,2.8728,2.8627,2.8719,9454969.6
2025-08-21T20:15:00+00:00,2.8719,2.8811,2.8674,2.8785,7664510.1
2025-08-21T20:30:00+00:00,2.8785,2.8786,2.8584,2.8719,6800481.8
2025-08-21T20:45:00+00:00,2.8718,2.8868,2.8700,2.8788,4631554.8
2025-08-21T21:00:00+00:00,2.8788,2.8835,2.8655,2.8806,4705530.6
2025-08-21T21:15:00+00:00,2.8806,2.8869,2.8743,2.8848,3545139.7
2025-08-21T21:30:00+00:00,2.8848,2.8875,2.8750,2.8791,2439354.3
2025-08-21T21:45:00+00:00,2.8790,2.8851,2.8771,2.8831,1290717.6
2025-08-21T22:00:00+00:00,2.8830,2.8839,2.8758,2.8830,2760907.4
2025-08-21T22:15:00+00:00,2.8829,2.8851,2.8800,2.8813,1996384.6
2025-08-21T22:30:00+00:00,2.8813,2.8816,2.8685,2.8690,2912601.0
2025-08-21T22:45:00+00:00,2.8689,2.8748,2.8674,2.8735,2323211.8
2025-08-21T23:00:00+00:00,2.8735,2.8735,2.8540,2.8575,4491499.4
2025-08-21T23:15:00+00:00,2.8575,2.8598,2.8471,2.8562,6778073.8
2025-08-21T23:30:00+00:00,2.8561,2.8563,2.8408,2.8412,6917098.0
2025-08-21T23:45:00+00:00,2.8413,2.8517,2.8413,2.8505,3711133.4
2025-08-22T00:00:00+00:00,2.8504,2.8612,2.8484,2.8566,7421538.8
2025-08-22T00:15:00+00:00,2.8565,2.8649,2.8495,2.8634,4095957.6
2025-08-22T00:30:00+00:00,2.8633,2.8698,2.8612,2.8625,3706226.3
2025-08-22T00:45:00+00:00,2.8626,2.8634,2.8463,2.8562,5956211.0
2025-08-22T01:00:00+00:00,2.8561,2.8622,2.8367,2.8424,9288881.0
2025-08-22T01:15:00+00:00,2.8425,2.8587,2.8420,2.8519,5646429.6
2025-08-22T01:30:00+00:00,2.8519,2.8577,2.8468,2.8563,3990409.2
2025-08-22T01:45:00+00:00,2.8562,2.8615,2.8548,2.8571,2525715.4
2025-08-22T02:00:00+00:00,2.8571,2.8710,2.8515,2.8709,6471666.0
2025-08-22T02:15:00+00:00,2.8709,2.8838,2.8695,2.8819,6440804.3
2025-08-22T02:30:00+00:00,2.8819,2.8822,2.8637,2.8641,6080230.9
2025-08-22T02:45:00+00:00,2.8640,2.8662,2.8554,2.8563,4216037.7
2025-08-22T03:00:00+00:00,2.8563,2.8591,2.8504,2.8564,4752469.2
2025-08-22T03:15:00+00:00,2.8564,2.8565,2.8456,2.8471,4746951.4
2025-08-22T03:30:00+00:00,2.8470,2.8477,2.8246,2.8311,15087031.7
2025-08-22T03:45:00+00:00,2.8311,2.8343,2.8205,2.8314,9405389.8
2025-08-22T04:00:00+00:00,2.8314,2.8450,2.8290,2.8448,6944506.5
2025-08-22T04:15:00+00:00,2.8447,2.8584,2.8442,2.8553,7020377.5
2025-08-22T04:30:00+00:00,2.8553,2.8655,2.8500,2.8592,9110028.0
2025-08-22T04:45:00+00:00,2.8593,2.8629,2.8494,2.8557,4309647.3
2025-08-22T05:00:00+00:00,2.8556,2.8649,2.8503,2.8624,3338758.8
2025-08-22T05:15:00+00:00,2.8623,2.8629,2.8562,2.8603,1641289.2
2025-08-22T05:30:00+00:00,2.8603,2.8723,2.8560,2.8631,5304958.7
2025-08-22T05:45:00+00:00,2.8631,2.8726,2.8622,2.8697,4162880.8
2025-08-22T06:00:00+00:00,2.8697,2.8709,2.8569,2.8643,5876823.4
2025-08-22T06:15:00+00:00,2.8644,2.8725,2.8628,2.8659,4125173.7
2025-08-22T06:30:00+00:00,2.8659,2.8673,2.8440,2.8483,7270235.3
2025-08-22T06:45:00+00:00,2.8484,2.8560,2.8457,2.8520,3125500.8
2025-08-22T07:00:00+00:00,2.8520,2.8722,2.8495,2.8669,6371747.9
2025-08-22T07:15:00+00:00,2.8669,2.8735,2.8601,2.8706,5467617.3
2025-08-22T07:30:00+00:00,2.8705,2.8708,2.8645,2.8645,2338876.5
2025-08-22T07:45:00+00:00,2.8646,2.8682,2.8589,2.8590,3137876.6
2025-08-22T08:00:00+00:00,2.8589,2.8722,2.8587,2.8689,4266818.1
2025-08-22T08:15:00+00:00,2.8689,2.8753,2.8660,2.8711,4050367.4
2025-08-22T08:30:00+00:00,2.8712,2.8716,2.8631,2.8666,2634312.9
2025-08-22T08:45:00+00:00,2.8666,2.8676,2.8590,2.8665,5728082.4
2025-08-22T09:00:00+00:00,2.8666,2.8692,2.8585,2.8585,2698414.6
2025-08-22T09:15:00+00:00,2.8586,2.8633,2.8551,2.8586,2710772.6
2025-08-22T09:30:00+00:00,2.8586,2.8626,2.8491,2.8549,4628411.2
2025-08-22T09:45:00+00:00,2.8549,2.8622,2.8536,2.8581,2639783.7
2025-08-22T10:00:00+00:00,2.8582,2.8588,2.8466,2.8470,4923161.0
2025-08-22T10:15:00+00:00,2.8470,2.8477,2.8404,2.8434,4889977.6
2025-08-22T10:30:00+00:00,2.8434,2.8441,2.8301,2.8338,8637166.1
2025-08-22T10:45:00+00:00,2.8339,2.8347,2.8261,2.8310,6115103.8
2025-08-22T11:00:00+00:00,2.8310,2.8326,2.8143,2.8194,15674194.3
2025-08-22T11:15:00+00:00,2.8193,2.8245,2.8146,2.8210,8490924.7
2025-08-22T11:30:00+00:00,2.8210,2.8228,2.8050,2.8095,16107242.3
2025-08-22T11:45:00+00:00,2.8096,2.8139,2.8024,2.8040,7717735.9
2025-08-22T12:00:00+00:00,2.8040,2.8088,2.7890,2.7954,24911891.6
2025-08-22T12:15:00+00:00,2.7954,2.8000,2.7916,2.7990,8700364.4
2025-08-22T12:30:00+00:00,2.7989,2.8006,2.7812,2.7995,22409987.5
2025-08-22T12:45:00+00:00,2.7994,2.8168,2.7978,2.8064,21991575.6
2025-08-22T13:00:00+00:00,2.8063,2.8195,2.8040,2.8112,8859611.0
2025-08-22T13:15:00+00:00,2.8112,2.8170,2.8020,2.8168,8954858.5
2025-08-22T13:30:00+00:00,2.8169,2.8625,2.8063,2.8454,34713539.4
2025-08-22T13:45:00+00:00,2.8455,2.8600,2.8342,2.8385,20784877.8
2025-08-22T14:00:00+00:00,2.8385,3.0027,2.8384,2.9991,162248529.3
2025-08-22T14:15:00+00:00,2.9992,3.0395,2.9417,2.9930,135912764.4
2025-08-22T14:30:00+00:00,2.9930,3.0268,2.9930,3.0141,55594493.4
2025-08-22T14:45:00+00:00,3.0140,3.0299,3.0024,3.0040,28316461.1
2025-08-22T15:00:00+00:00,3.0039,3.0349,3.0035,3.0220,27805079.8
2025-08-22T15:15:00+00:00,3.0221,3.0333,3.0154,3.0191,14244081.3
2025-08-22T15:30:00+00:00,3.0190,3.0426,3.0176,3.0352,17071314.0
2025-08-22T15:45:00+00:00,3.0352,3.0404,3.0160,3.0160,14261034.0
2025-08-22T16:00:00+00:00,3.0160,3.0715,3.0153,3.0509,38142550.9
2025-08-22T16:15:00+00:00,3.0509,3.0520,3.0392,3.0490,13535136.6
2025-08-22T16:30:00+00:00,3.0490,3.0610,3.0446,3.0532,12396431.9
2025-08-22T16:45:00+00:00,3.0531,3.0531,3.0401,3.0473,9098399.8
2025-08-22T17:00:00+00:00,3.0474,3.0825,3.0474,3.0823,23223936.4
2025-08-22T17:15:00+00:00,3.0824,3.0927,3.0733,3.0921,22380384.3
2025-08-22T17:30:00+00:00,3.0920,3.0949,3.0609,3.0700,20997714.4
2025-08-22T17:45:00+00:00,3.0700,3.0714,3.0633,3.0654,9516911.9
2025-08-22T18:00:00+00:00,3.0654,3.0728,3.0583,3.0645,11714308.6
2025-08-22T18:15:00+00:00,3.0644,3.0652,3.0435,3.0518,17212989.6
2025-08-22T18:30:00+00:00,3.0518,3.0748,3.0498,3.0735,8651819.3
2025-08-22T18:45:00+00:00,3.0734,3.0785,3.0638,3.0784,6485802.2
2025-08-22T19:00:00+00:00,3.0784,3.0870,3.0740,3.0854,10618151.4
2025-08-22T19:15:00+00:00,3.0853,3.0960,3.0840,3.0945,11553657.1
2025-08-22T19:30:00+00:00,3.0945,3.0966,3.0812,3.0921,9471724.2
2025-08-22T19:45:00+00:00,3.0921,3.0998,3.0682,3.0713,26832457.8
2025-08-22T20:00:00+00:00,3.0714,3.0848,3.0699,3.0803,10895757.1
2025-08-22T20:15:00+00:00,3.0803,3.0832,3.0753,3.0779,4638068.2
2025-08-22T20:30:00+00:00,3.0779,3.0893,3.0714,3.0842,11157532.6
2025-08-22T20:45:00+00:00,3.0841,3.0905,3.0783,3.0901,8107877.3
2025-08-22T21:00:00+00:00,3.0900,3.1058,3.0754,3.0830,17780818.5
2025-08-22T21:15:00+00:00,3.0830,3.1060,3.0785,3.0977,19289543.6
2025-08-22T21:30:00+00:00,3.0977,3.0993,3.0874,3.0972,5633886.9
2025-08-22T21:45:00+00:00,3.0971,3.0980,3.0852,3.0891,5158161.5
2025-08-22T22:00:00+00:00,3.0890,3.0909,3.0715,3.0851,16281704.7
2025-08-22T22:15:00+00:00,3.0852,3.0886,3.0836,3.0861,5043501.2
2025-08-22T22:30:00+00:00,3.0861,3.0869,3.0726,3.0821,7570939.5
2025-08-22T22:45:00+00:00,3.0822,3.0881,3.0747,3.0769,5538568.9
2025-08-22T23:00:00+00:00,3.0768,3.0791,3.0644,3.0653,9015180.9
2025-08-22T23:15:00+00:00,3.0653,3.0692,3.0652,3.0675,3958202.5
2025-08-22T23:30:00+00:00,3.0674,3.0812,3.0660,3.0794,5711946.2
2025-08-22T23:45:00+00:00,3.0793,3.0794,3.0729,3.0738,2421248.8
2025-08-23T00:00:00+00:00,3.0738,3.0749,3.0562,3.0597,12284567.4
2025-08-23T00:15:00+00:00,3.0597,3.0645,3.0557,3.0590,5266856.2
2025-08-23T00:30:00+00:00,3.0590,3.0634,3.0464,3.0465,9559866.0
2025-08-23T00:45:00+00:00,3.0465,3.0506,3.0384,3.0385,9904598.1
2025-08-23T01:00:00+00:00,3.0384,3.0466,3.0329,3.0354,10226370.1
2025-08-23T01:15:00+00:00,3.0354,3.0361,3.0200,3.0223,12472747.9
2025-08-23T01:30:00+00:00,3.0222,3.0269,3.0100,3.0109,11050639.1
2025-08-23T01:45:00+00:00,3.0110,3.0299,3.0109,3.0249,10497444.8
2025-08-23T02:00:00+00:00,3.0248,3.0305,3.0174,3.0224,10376112.9
2025-08-23T02:15:00+00:00,3.0224,3.0242,2.9918,2.9919,17166333.0
2025-08-23T02:30:00+00:00,2.9918,2.9997,2.9682,2.9890,29450258.4
2025-08-23T02:45:00+00:00,2.9890,3.0014,2.9832,2.9971,9172719.4
2025-08-23T03:00:00+00:00,2.9971,3.0078,2.9907,3.0040,9779545.4
2025-08-23T03:15:00+00:00,3.0041,3.0073,2.9845,2.9972,15126617.2
2025-08-23T03:30:00+00:00,2.9973,2.9978,2.9842,2.9865,7213684.9
2025-08-23T03:45:00+00:00,2.9865,2.9985,2.9832,2.9930,4841747.2
2025-08-23T04:00:00+00:00,2.9929,3.0104,2.9923,3.0096,7645367.6
2025-08-23T04:15:00+00:00,3.0096,3.0134,3.0014,3.0090,5352222.8
2025-08-23T04:30:00+00:00,3.0090,3.0296,3.0089,3.0294,12323114.7
2025-08-23T04:45:00+00:00,3.0294,3.0331,3.0222,3.0319,8073883.8
2025-08-23T05:00:00+00:00,3.0318,3.0337,3.0256,3.0295,5453479.0
2025-08-23T05:15:00+00:00,3.0295,3.0465,3.0287,3.0430,9538034.8
2025-08-23T05:30:00+00:00,3.0431,3.0581,3.0431,3.0492,10344714.4
2025-08-23T05:45:00+00:00,3.0493,3.0545,3.0447,3.0506,4295510.3
2025-08-23T06:00:00+00:00,3.0506,3.0631,3.0456,3.0489,8238031.5
2025-08-23T06:15:00+00:00,3.0489,3.0576,3.0489,3.0535,3861584.0
2025-08-23T06:30:00+00:00,3.0534,3.0650,3.0515,3.0601,4995802.4
2025-08-23T06:45:00+00:00,3.0601,3.0644,3.0545,3.0634,4309577.4
2025-08-23T07:00:00+00:00,3.0634,3.0751,3.0550,3.0709,9382792.8
2025-08-23T07:15:00+00:00,3.0709,3.0730,3.0541,3.0551,6134165.7
2025-08-23T07:30:00+00:00,3.0552,3.0692,3.0482,3.0643,8571809.5
2025-08-23T07:45:00+00:00,3.0642,3.0656,3.0550,3.0612,4584420.8
2025-08-23T08:00:00+00:00,3.0613,3.0713,3.0566,3.0578,6346531.2
2025-08-23T08:15:00+00:00,3.0577,3.0623,3.0450,3.0469,8493540.9
2025-08-23T08:30:00+00:00,3.0469,3.0586,3.0430,3.0562,7633601.1
2025-08-23T08:45:00+00:00,3.0562,3.0592,3.0477,3.0515,4090113.6
2025-08-23T09:00:00+00:00,3.0514,3.0536,3.0384,3.0455,7211537.7
2025-08-23T09:15:00+00:00,3.0454,3.0470,3.0407,3.0453,3524500.8
2025-08-23T09:30:00+00:00,3.0452,3.0494,3.0434,3.0435,3786480.0
2025-08-23T09:45:00+00:00,3.0435,3.0519,3.0428,3.0470,5697889.3
2025-08-23T10:00:00+00:00,3.0470,3.0489,3.0339,3.0372,8434765.3
2025-08-23T10:15:00+00:00,3.0371,3.0398,3.0310,3.0350,5564239.5
2025-08-23T10:30:00+00:00,3.0349,3.0377,3.0286,3.0315,5215176.9
2025-08-23T10:45:00+00:00,3.0315,3.0370,3.0304,3.0311,2719995.9
2025-08-23T11:00:00+00:00,3.0312,3.0408,3.0296,3.0402,4708433.1
2025-08-23T11:15:00+00:00,3.0402,3.0420,3.0306,3.0306,3101523.0
2025-08-23T11:30:00+00:00,3.0306,3.0438,3.0289,3.0423,4202240.3
2025-08-23T11:45:00+00:00,3.0423,3.0512,3.0368,3.0425,7480712.4
2025-08-23T12:00:00+00:00,3.0425,3.0455,3.0313,3.0379,5724399.0
2025-08-23T12:15:00+00:00,3.0380,3.0466,3.0362,3.0377,3507005.4
2025-08-23T12:30:00+00:00,3.0377,3.0446,3.0365,3.0391,2596972.7
2025-08-23T12:45:00+00:00,3.0390,3.0409,3.0301,3.0324,4105843.9
2025-08-23T13:00:00+00:00,3.0325,3.0336,3.0286,3.0293,3852098.6
2025-08-23T13:15:00+00:00,3.0294,3.0313,3.0210,3.0228,7581333.2
2025-08-23T13:30:00+00:00,3.0229,3.0229,3.0106,3.0145,15143628.4
2025-08-23T13:45:00+00:00,3.0145,3.0248,3.0124,3.0151,7927897.7
2025-08-23T14:00:00+00:00,3.0150,3.0225,3.0100,3.0166,6162209.8
2025-08-23T14:15:00+00:00,3.0166,3.0285,3.0145,3.0272,4713721.8
2025-08-23T14:30:00+00:00,3.0272,3.0317,3.0063,3.0129,7134510.5
2025-08-23T14:45:00+00:00,3.0128,3.0180,3.0098,3.0151,3686891.1
2025-08-23T15:00:00+00:00,3.0150,3.0205,3.0121,3.0149,3432870.5
2025-08-23T15:15:00+00:00,3.0148,3.0230,3.0140,3.0220,3499146.1
2025-08-23T15:30:00+00:00,3.0221,3.0233,3.0175,3.0184,2245637.0
2025-08-23T15:45:00+00:00,3.0184,3.0225,3.0165,3.0181,2236995.8
2025-08-23T16:00:00+00:00,3.0181,3.0201,3.0122,3.0171,4814378.8
2025-08-23T16:15:00+00:00,3.0171,3.0243,3.0146,3.0185,2491822.6
2025-08-23T16:30:00+00:00,3.0185,3.0193,3.0098,3.0104,3695085.2
2025-08-23T16:45:00+00:00,3.0105,3.0224,3.0103,3.0201,4273642.3
2025-08-23T17:00:00+00:00,3.0201,3.0252,3.0188,3.0209,2512605.5
2025-08-23T17:15:00+00:00,3.0209,3.0223,3.0160,3.0166,3770581.3
2025-08-23T17:30:00+00:00,3.0165,3.0235,3.0157,3.0218,1946453.8
2025-08-23T17:45:00+00:00,3.0218,3.0245,3.0171,3.0176,1227251.7
2025-08-23T18:00:00+00:00,3.0177,3.0193,3.0153,3.0176,1953360.6
2025-08-23T18:15:00+00:00,3.0176,3.0207,3.0165,3.0170,1562712.4
2025-08-23T18:30:00+00:00,3.0170,3.0210,3.0160,3.0210,996830.8
2025-08-23T18:45:00+00:00,3.0209,3.0221,3.0182,3.0217,1016960.5
2025-08-23T19:00:00+00:00,3.0216,3.0280,3.0200,3.0264,2960052.3
2025-08-23T19:15:00+00:00,3.0263,3.0290,3.0259,3.0270,1565675.7
2025-08-23T19:30:00+00:00,3.0271,3.0293,3.0256,3.0265,1283096.3
2025-08-23T19:45:00+00:00,3.0265,3.0302,3.0264,3.0291,1541487.7
2025-08-23T20:00:00+00:00,3.0291,3.0325,3.0276,3.0293,2483887.6
2025-08-23T20:15:00+00:00,3.0293,3.0325,3.0270,3.0319,2796303.8
2025-08-23T20:30:00+00:00,3.0319,3.0326,3.0243,3.0278,2733178.6
2025-08-23T20:45:00+00:00,3.0278,3.0340,3.0271,3.0314,2468452.2
2025-08-23T21:00:00+00:00,3.0314,3.0331,3.0274,3.0329,1901338.0
2025-08-23T21:15:00+00:00,3.0328,3.0338,3.0251,3.0276,4650155.6
2025-08-23T21:30:00+00:00,3.0276,3.0329,3.0262,3.0298,3721165.0
2025-08-23T21:45:00+00:00,3.0298,3.0332,3.0282,3.0319,844704.6
2025-08-23T22:00:00+00:00,3.0320,3.0412,3.0302,3.0402,4890369.0
2025-08-23T22:15:00+00:00,3.0403,3.0413,3.0347,3.0369,1669029.1
2025-08-23T22:30:00+00:00,3.0370,3.0432,3.0365,3.0402,2300811.8
2025-08-23T22:45:00+00:00,3.0401,3.0470,3.0394,3.0466,2750050.8
2025-08-23T23:00:00+00:00,3.0465,3.0519,3.0456,3.0456,3507292.3
2025-08-23T23:15:00+00:00,3.0456,3.0572,3.0441,3.0554,3684600.3
2025-08-23T23:30:00+00:00,3.0553,3.0553,3.0474,3.0487,1851509.7
2025-08-23T23:45:00+00:00,3.0487,3.0495,3.0457,3.0478,3148421.6
2025-08-24T00:00:00+00:00,3.0478,3.0516,3.0461,3.0492,4293405.5
2025-08-24T00:15:00+00:00,3.0492,3.0551,3.0459,3.0536,3492866.1
2025-08-24T00:30:00+00:00,3.0536,3.0636,3.0528,3.0615,5738128.6
2025-08-24T00:45:00+00:00,3.0614,3.0616,3.0544,3.0565,3548286.4
2025-08-24T01:00:00+00:00,3.0566,3.0572,3.0464,3.0543,5004681.1
2025-08-24T01:15:00+00:00,3.0543,3.0621,3.0482,3.0525,4590250.9
2025-08-24T01:30:00+00:00,3.0525,3.0650,3.0498,3.0649,3788458.2
2025-08-24T01:45:00+00:00,3.0648,3.0888,3.0630,3.0730,17521197.0
2025-08-24T02:00:00+00:00,3.0731,3.0791,3.0571,3.0603,11078893.5
2025-08-24T02:15:00+00:00,3.0604,3.0685,3.0548,3.0657,6577272.3
2025-08-24T02:30:00+00:00,3.0658,3.0684,3.0607,3.0646,4156570.8
2025-08-24T02:45:00+00:00,3.0646,3.0676,3.0550,3.0564,6556209.2
2025-08-24T03:00:00+00:00,3.0564,3.0592,3.0465,3.0474,6382919.8
2025-08-24T03:15:00+00:00,3.0475,3.0533,3.0446,3.0452,3891206.9
2025-08-24T03:30:00+00:00,3.0453,3.0533,3.0439,3.0497,2451456.9
2025-08-24T03:45:00+00:00,3.0496,3.0564,3.0478,3.0520,2644465.1
2025-08-24T04:00:00+00:00,3.0520,3.0562,3.0424,3.0492,3901976.1
2025-08-24T04:15:00+00:00,3.0492,3.0515,3.0444,3.0448,1723350.9
2025-08-24T04:30:00+00:00,3.0447,3.0495,3.0411,3.0449,3096876.5
2025-08-24T04:45:00+00:00,3.0448,3.0508,3.0420,3.0506,1872274.1
2025-08-24T05:00:00+00:00,3.0507,3.0534,3.0450,3.0518,2341030.2
2025-08-24T05:15:00+00:00,3.0518,3.0541,3.0472,3.0477,2702467.1
2025-08-24T05:30:00+00:00,3.0476,3.0528,3.0448,3.0505,2332002.8
2025-08-24T05:45:00+00:00,3.0505,3.0512,3.0430,3.0495,1865064.4
2025-08-24T06:00:00+00:00,3.0494,3.0500,3.0429,3.0441,1907603.1
2025-08-24T06:15:00+00:00,3.0442,3.0478,3.0369,3.0413,5567432.1
2025-08-24T06:30:00+00:00,3.0413,3.0422,3.0288,3.0340,6483095.3
2025-08-24T06:45:00+00:00,3.0339,3.0386,3.0291,3.0313,9113886.1
2025-08-24T07:00:00+00:00,3.0313,3.0423,3.0298,3.0410,4169474.2
2025-08-24T07:15:00+00:00,3.0410,3.0415,3.0306,3.0411,2968854.7
2025-08-24T07:30:00+00:00,3.0410,3.0472,3.0400,3.0420,3746788.2
2025-08-24T07:45:00+00:00,3.0420,3.0455,3.0345,3.0355,2483387.5
2025-08-24T08:00:00+00:00,3.0355,3.0475,3.0272,3.0457,5210482.4
2025-08-24T08:15:00+00:00,3.0456,3.0472,3.0351,3.0379,3453074.6
2025-08-24T08:30:00+00:00,3.0378,3.0385,3.0329,3.0358,2232822.2
2025-08-24T08:45:00+00:00,3.0359,3.0412,3.0338,3.0393,2138212.4
2025-08-24T09:00:00+00:00,3.0393,3.0423,3.0278,3.0283,4548787.6
2025-08-24T09:15:00+00:00,3.0284,3.0310,3.0245,3.0288,3652659.1
2025-08-24T09:30:00+00:00,3.0288,3.0367,3.0258,3.0345,3227937.8
2025-08-24T09:45:00+00:00,3.0345,3.0345,3.0240,3.0246,2814968.9
2025-08-24T10:00:00+00:00,3.0246,3.0260,3.0173,3.0181,5996973.0
2025-08-24T10:15:00+00:00,3.0182,3.0206,3.0121,3.0163,8065688.7
2025-08-24T10:30:00+00:00,3.0163,3.0163,3.0010,3.0157,12586890.2
2025-08-24T10:45:00+00:00,3.0156,3.0218,3.0112,3.0117,6902148.5
2025-08-24T11:00:00+00:00,3.0116,3.0151,3.0011,3.0050,5475134.7
2025-08-24T11:15:00+00:00,3.0050,3.0094,2.9963,3.0087,11961852.0
2025-08-24T11:30:00+00:00,3.0087,3.0143,3.0043,3.0052,4234946.6
2025-08-24T11:45:00+00:00,3.0052,3.0100,3.0041,3.0077,2669136.9
2025-08-24T12:00:00+00:00,3.0077,3.0167,3.0047,3.0139,3802490.9
2025-08-24T12:15:00+00:00,3.0139,3.0171,3.0081,3.0122,3309006.4
2025-08-24T12:30:00+00:00,3.0123,3.0172,3.0055,3.0111,2611345.1
2025-08-24T12:45:00+00:00,3.0110,3.0184,3.0093,3.0163,3141448.7
2025-08-24T13:00:00+00:00,3.0163,3.0192,3.0111,3.0131,5023853.0
2025-08-24T13:15:00+00:00,3.0131,3.0216,3.0121,3.0188,3732907.4
2025-08-24T13:30:00+00:00,3.0189,3.0237,3.0169,3.0189,4306161.1
2025-08-24T13:45:00+00:00,3.0190,3.0225,3.0171,3.0191,2750558.3
2025-08-24T14:00:00+00:00,3.0191,3.0204,3.0128,3.0172,5508419.9
2025-08-24T14:15:00+00:00,3.0173,3.0277,3.0129,3.0147,6986146.7
2025-08-24T14:30:00+00:00,3.0147,3.0162,3.0094,3.0110,2862178.5
2025-08-24T14:45:00+00:00,3.0109,3.0234,3.0101,3.0207,3636173.5
2025-08-24T15:00:00+00:00,3.0207,3.0390,3.0164,3.0347,8491870.1
2025-08-24T15:15:00+00:00,3.0348,3.0400,3.0300,3.0335,6329587.4
2025-08-24T15:30:00+00:00,3.0336,3.0368,3.0270,3.0284,3817243.7
2025-08-24T15:45:00+00:00,3.0284,3.0296,3.0129,3.0137,5535410.5
2025-08-24T16:00:00+00:00,3.0136,3.0242,3.0125,3.0230,8456020.0
2025-08-24T16:15:00+00:00,3.0230,3.0247,3.0153,3.0184,3900018.7
2025-08-24T16:30:00+00:00,3.0184,3.0299,3.0169,3.0233,4288077.9
2025-08-24T16:45:00+00:00,3.0232,3.0316,3.0210,3.0291,2329021.6
2025-08-24T17:00:00+00:00,3.0291,3.0396,3.0284,3.0395,4327373.5
2025-08-24T17:15:00+00:00,3.0395,3.0438,3.0343,3.0360,6045245.7
2025-08-24T17:30:00+00:00,3.0361,3.0623,3.0336,3.0615,9138588.8
2025-08-24T17:45:00+00:00,3.0615,3.0642,3.0493,3.0505,10032384.3
2025-08-24T18:00:00+00:00,3.0505,3.0581,3.0451,3.0581,7012044.1
2025-08-24T18:15:00+00:00,3.0580,3.0825,3.0571,3.0812,20005840.8
2025-08-24T18:30:00+00:00,3.0812,3.1094,3.0797,3.1003,27623876.6
2025-08-24T18:45:00+00:00,3.1003,3.1164,3.0961,3.1093,13340670.8
2025-08-24T19:00:00+00:00,3.1092,3.1252,3.1013,3.1168,15347546.4
2025-08-24T19:15:00+00:00,3.1167,3.1275,3.1070,3.1150,11614137.8
2025-08-24T19:30:00+00:00,3.1150,3.1171,2.9950,3.0552,147176355.0
2025-08-24T19:45:00+00:00,3.0552,3.0590,3.0056,3.0334,51784136.6
2025-08-24T20:00:00+00:00,3.0334,3.0360,2.9842,3.0068,51737578.3
2025-08-24T20:15:00+00:00,3.0068,3.0401,3.0041,3.0314,21493854.3
2025-08-24T20:30:00+00:00,3.0314,3.0394,3.0193,3.0378,9513019.9
2025-08-24T20:45:00+00:00,3.0379,3.0394,3.0236,3.0279,9125708.4
2025-08-24T21:00:00+00:00,3.0280,3.0312,3.0079,3.0210,14376068.2
2025-08-24T21:15:00+00:00,3.0209,3.0290,3.0161,3.0262,5583582.4
2025-08-24T21:30:00+00:00,3.0262,3.0465,3.0243,3.0351,8240710.2
2025-08-24T21:45:00+00:00,3.0350,3.0464,3.0219,3.0278,5733789.9
2025-08-24T22:00:00+00:00,3.0279,3.0319,3.0114,3.0238,10061996.4
2025-08-24T22:15:00+00:00,3.0238,3.0244,3.0030,3.0037,6884424.3
2025-08-24T22:30:00+00:00,3.0038,3.0228,3.0007,3.0228,6750216.1
2025-08-24T22:45:00+00:00,3.0228,3.0346,3.0178,3.0325,5528340.3
2025-08-24T23:00:00+00:00,3.0325,3.0390,3.0260,3.0346,7265437.3
2025-08-24T23:15:00+00:00,3.0345,3.0383,3.0297,3.0317,2846581.9
2025-08-24T23:30:00+00:00,3.0318,3.0365,3.0271,3.0343,3006103.9
2025-08-24T23:45:00+00:00,3.0342,3.0384,3.0222,3.0250,4979716.8
2025-08-25T00:00:00+00:00,3.0249,3.0352,3.0223,3.0255,7240316.7
2025-08-25T00:15:00+00:00,3.0254,3.0272,3.0107,3.0127,5131926.8
2025-08-25T00:30:00+00:00,3.0128,3.0129,2.9720,2.9766,24869694.8
2025-08-25T00:45:00+00:00,2.9766,2.9949,2.9764,2.9926,10597186.4
2025-08-25T01:00:00+00:00,2.9925,3.0074,2.9918,3.0074,5718982.0
2025-08-25T01:15:00+00:00,3.0073,3.0251,2.9957,3.0178,10704909.0
2025-08-25T01:30:00+00:00,3.0178,3.0198,3.0082,3.0083,4676964.3
2025-08-25T01:45:00+00:00,3.0083,3.0220,3.0082,3.0152,3081457.9
2025-08-25T02:00:00+00:00,3.0152,3.0275,3.0145,3.0269,3989494.1
2025-08-25T02:15:00+00:00,3.0268,3.0460,3.0232,3.0437,12224491.2
2025-08-25T02:30:00+00:00,3.0437,3.0521,3.0358,3.0386,8335258.4
2025-08-25T02:45:00+00:00,3.0385,3.0470,3.0370,3.0438,4029155.4
2025-08-25T03:00:00+00:00,3.0438,3.0529,3.0364,3.0413,4680517.0
2025-08-25T03:15:00+00:00,3.0414,3.0478,3.0353,3.0360,3736034.6
2025-08-25T03:30:00+00:00,3.0360,3.0430,3.0290,3.0389,5386851.7
2025-08-25T03:45:00+00:00,3.0388,3.0432,3.0162,3.0213,8782635.6
2025-08-25T04:00:00+00:00,3.0213,3.0256,3.0140,3.0140,6408530.8
2025-08-25T04:15:00+00:00,3.0140,3.0232,3.0094,3.0121,4601892.7
2025-08-25T04:30:00+00:00,3.0120,3.0149,3.0030,3.0076,5002024.1
2025-08-25T04:45:00+00:00,3.0075,3.0100,3.0034,3.0039,4308245.0
2025-08-25T05:00:00+00:00,3.0040,3.0103,2.9934,2.9956,6510609.5
2025-08-25T05:15:00+00:00,2.9957,3.0100,2.9946,3.0078,4344445.4
2025-08-25T05:30:00+00:00,3.0079,3.0104,2.9981,3.0019,3116637.9
2025-08-25T05:45:00+00:00,3.0019,3.0063,2.9902,2.9917,4846734.2
2025-08-25T06:00:00+00:00,2.9917,2.9935,2.9766,2.9811,10886368.2
2025-08-25T06:15:00+00:00,2.9812,2.9870,2.9737,2.9793,9457842.2
2025-08-25T06:30:00+00:00,2.9794,2.9803,2.9643,2.9696,10668510.3
2025-08-25T06:45:00+00:00,2.9696,2.9700,2.9538,2.9546,13173470.8
2025-08-25T07:00:00+00:00,2.9546,2.9655,2.9471,2.9617,9933743.5
2025-08-25T07:15:00+00:00,2.9618,2.9671,2.9467,2.9468,6402636.6
2025-08-25T07:30:00+00:00,2.9468,2.9514,2.9360,2.9476,14406123.9
2025-08-25T07:45:00+00:00,2.9476,2.9490,2.9271,2.9374,12422016.6
2025-08-25T08:00:00+00:00,2.9374,2.9421,2.9198,2.9391,17643554.2
2025-08-25T08:15:00+00:00,2.9391,2.9516,2.9389,2.9434,9178393.1
2025-08-25T08:30:00+00:00,2.9433,2.9513,2.9373,2.9387,6624121.0
2025-08-25T08:45:00+00:00,2.9388,2.9490,2.9370,2.9436,4079034.1
2025-08-25T09:00:00+00:00,2.9435,2.9474,2.9332,2.9385,6051632.7
2025-08-25T09:15:00+00:00,2.9385,2.9470,2.9380,2.9383,6329608.2
2025-08-25T09:30:00+00:00,2.9383,2.9456,2.9360,2.9435,3426529.3
2025-08-25T09:45:00+00:00,2.9435,2.9564,2.9411,2.9558,4333176.5
2025-08-25T10:00:00+00:00,2.9557,2.9561,2.9465,2.9466,6455426.6
2025-08-25T10:15:00+00:00,2.9466,2.9498,2.9187,2.9298,14232427.0
2025-08-25T10:30:00+00:00,2.9298,2.9325,2.9179,2.9252,8237344.7
2025-08-25T10:45:00+00:00,2.9252,2.9337,2.9218,2.9298,5418689.5
2025-08-25T11:00:00+00:00,2.9298,2.9354,2.9270,2.9331,4131222.7
2025-08-25T11:15:00+00:00,2.9331,2.9361,2.9275,2.9319,2940661.3
2025-08-25T11:30:00+00:00,2.9320,2.9426,2.9315,2.9386,5496807.1
2025-08-25T11:45:00+00:00,2.9386,2.9432,2.9381,2.9418,2541080.3
2025-08-25T12:00:00+00:00,2.9416,2.9493,2.9344,2.9493,8523479.0
2025-08-25T12:15:00+00:00,2.9492,2.9632,2.9441,2.9629,7677300.3
2025-08-25T12:30:00+00:00,2.9629,2.9630,2.9501,2.9607,6442520.9
2025-08-25T12:45:00+00:00,2.9607,2.9617,2.9545,2.9609,3712135.6
2025-08-25T13:00:00+00:00,2.9608,2.9616,2.9539,2.9543,3183535.4
2025-08-25T13:15:00+00:00,2.9543,2.9671,2.9480,2.9608,7186947.9
2025-08-25T13:30:00+00:00,2.9608,2.9627,2.9376,2.9377,21109509.0
2025-08-25T13:45:00+00:00,2.9376,2.9524,2.9260,2.9479,14048345.9
2025-08-25T14:00:00+00:00,2.9479,2.9600,2.9403,2.9541,7859467.5
2025-08-25T14:15:00+00:00,2.9540,2.9644,2.9523,2.9526,6927471.6
2025-08-25T14:30:00+00:00,2.9527,2.9635,2.9467,2.9543,4355622.1
2025-08-25T14:45:00+00:00,2.9542,2.9677,2.9528,2.9658,4813392.0
2025-08-25T15:00:00+00:00,2.9657,2.9715,2.9520,2.9564,6232733.7
2025-08-25T15:15:00+00:00,2.9564,2.9730,2.9552,2.9649,5812744.8
2025-08-25T15:30:00+00:00,2.9649,2.9670,2.9531,2.9581,4815411.1
2025-08-25T15:45:00+00:00,2.9580,2.9582,2.9468,2.9522,5381534.9
2025-08-25T16:00:00+00:00,2.9523,2.9585,2.9421,2.9583,7084751.6
2025-08-25T16:15:00+00:00,2.9583,2.9673,2.9561,2.9568,3584437.2
2025-08-25T16:30:00+00:00,2.9568,2.9621,2.9524,2.9585,2205177.9
2025-08-25T16:45:00+00:00,2.9585,2.9610,2.9477,2.9478,2867068.8
2025-08-25T17:00:00+00:00,2.9478,2.9501,2.9342,2.9447,8355030.2
2025-08-25T17:15:00+00:00,2.9447,2.9535,2.9374,2.9521,4803505.3
2025-08-25T17:30:00+00:00,2.9521,2.9560,2.9414,2.9481,3739957.6
2025-08-25T17:45:00+00:00,2.9481,2.9659,2.9462,2.9622,6509209.2
2025-08-25T18:00:00+00:00,2.9623,2.9652,2.9534,2.9579,6520429.4
2025-08-25T18:15:00+00:00,2.9579,2.9625,2.9523,2.9608,3535558.8
2025-08-25T18:30:00+00:00,2.9609,2.9643,2.9449,2.9478,9796005.8
2025-08-25T18:45:00+00:00,2.9478,2.9615,2.9451,2.9588,4800435.7
2025-08-25T19:00:00+00:00,2.9589,2.9602,2.9419,2.9419,6595777.7
2025-08-25T19:15:00+00:00,2.9420,2.9426,2.9193,2.9361,20806444.0
2025-08-25T19:30:00+00:00,2.9360,2.9378,2.9050,2.9099,20181332.8
2025-08-25T19:45:00+00:00,2.9098,2.9145,2.8710,2.8752,39402767.9
2025-08-25T20:00:00+00:00,2.8753,2.8925,2.8500,2.8639,45457524.8
2025-08-25T20:15:00+00:00,2.8640,2.8860,2.8599,2.8685,19469922.0
2025-08-25T20:30:00+00:00,2.8685,2.8704,2.8291,2.8541,51362522.1
2025-08-25T20:45:00+00:00,2.8541,2.8614,2.8239,2.8245,25158507.6
2025-08-25T21:00:00+00:00,2.8245,2.8506,2.8202,2.8329,27749400.2
2025-08-25T21:15:00+00:00,2.8330,2.8516,2.8322,2.8411,12846079.8
2025-08-25T21:30:00+00:00,2.8411,2.8570,2.8321,2.8511,11722559.9
2025-08-25T21:45:00+00:00,2.8510,2.8628,2.8483,2.8487,9172725.9
2025-08-25T22:00:00+00:00,2.8486,2.8566,2.8383,2.8393,8113885.9
2025-08-25T22:15:00+00:00,2.8392,2.8590,2.8371,2.8587,10506562.0
2025-08-25T22:30:00+00:00,2.8587,2.8672,2.8563,2.8672,6291237.3
2025-08-25T22:45:00+00:00,2.8671,2.8675,2.8576,2.8610,4656443.5
2025-08-25T23:00:00+00:00,2.8611,2.8628,2.8539,2.8583,6480106.7
2025-08-25T23:15:00+00:00,2.8584,2.8617,2.8463,2.8525,4017323.9
2025-08-25T23:30:00+00:00,2.8524,2.8600,2.8502,2.8593,2205357.8
2025-08-25T23:45:00+00:00,2.8594,2.8625,2.8555,2.8567,2735785.2
2025-08-26T00:00:00+00:00,2.8568,2.8640,2.8496,2.8622,9593828.5
2025-08-26T00:15:00+00:00,2.8621,2.8737,2.8598,2.8723,9769138.6
2025-08-26T00:30:00+00:00,2.8723,2.8810,2.8555,2.8567,11059257.3
2025-08-26T00:45:00+00:00,2.8568,2.8731,2.8443,2.8585,12149381.1
2025-08-26T01:00:00+00:00,2.8584,2.8756,2.8493,2.8650,8521719.8
2025-08-26T01:15:00+00:00,2.8651,2.8776,2.8624,2.8761,4888971.8
2025-08-26T01:30:00+00:00,2.8761,2.8806,2.8693,2.8752,3737330.3
2025-08-26T01:45:00+00:00,2.8752,2.8840,2.8737,2.8824,5084826.0
2025-08-26T02:00:00+00:00,2.8824,2.8953,2.8808,2.8952,5777905.9
2025-08-26T02:15:00+00:00,2.8952,2.8958,2.8802,2.8861,4763564.5
2025-08-26T02:30:00+00:00,2.8861,2.8868,2.8708,2.8765,4499197.7
2025-08-26T02:45:00+00:00,2.8764,2.8843,2.8712,2.8812,9497224.9
2025-08-26T03:00:00+00:00,2.8811,2.8879,2.8797,2.8823,3373827.8
2025-08-26T03:15:00+00:00,2.8823,2.8945,2.8758,2.8859,8609676.4
2025-08-26T03:30:00+00:00,2.8860,2.8920,2.8848,2.8888,1977145.1
2025-08-26T03:45:00+00:00,2.8888,2.8896,2.8818,2.8835,2059392.7
2025-08-26T04:00:00+00:00,2.8836,2.8974,2.8835,2.8969,4131774.0
2025-08-26T04:15:00+00:00,2.8969,2.9016,2.8933,2.8983,4271611.0
2025-08-26T04:30:00+00:00,2.8984,2.9038,2.8982,2.9010,3409650.0
2025-08-26T04:45:00+00:00,2.9011,2.9088,2.8978,2.9056,6622120.0
2025-08-26T05:00:00+00:00,2.9057,2.9126,2.9050,2.9125,3169478.7
2025-08-26T05:15:00+00:00,2.9124,2.9160,2.9105,2.9126,4853145.8
2025-08-26T05:30:00+00:00,2.9127,2.9227,2.9099,2.9226,4511970.6
2025-08-26T05:45:00+00:00,2.9226,2.9276,2.9177,2.9177,7398380.3
2025-08-26T06:00:00+00:00,2.9177,2.9281,2.9100,2.9219,9076043.5
2025-08-26T06:15:00+00:00,2.9219,2.9277,2.9010,2.9079,11558896.8
2025-08-26T06:30:00+00:00,2.9080,2.9149,2.9060,2.9104,2930887.7
2025-08-26T06:45:00+00:00,2.9104,2.9122,2.9038,2.9095,3382636.8
2025-08-26T07:00:00+00:00,2.9094,2.9167,2.9042,2.9070,5520848.1
2025-08-26T07:15:00+00:00,2.9069,2.9136,2.8984,2.9069,5253769.3
2025-08-26T07:30:00+00:00,2.9069,2.9340,2.9059,2.9178,11972948.7
2025-08-26T07:45:00+00:00,2.9179,2.9225,2.9112,2.9157,6442934.7
2025-08-26T08:00:00+00:00,2.9157,2.9206,2.9101,2.9180,4241498.0
2025-08-26T08:15:00+00:00,2.9180,2.9263,2.9090,2.9190,7322805.9
2025-08-26T08:30:00+00:00,2.9189,2.9216,2.9150,2.9189,3137792.5
2025-08-26T08:45:00+00:00,2.9188,2.9230,2.9081,2.9099,5160123.2
2025-08-26T09:00:00+00:00,2.9100,2.9175,2.9079,2.9135,3042414.8
2025-08-26T09:15:00+00:00,2.9134,2.9198,2.9128,2.9168,2410808.1
2025-08-26T09:30:00+00:00,2.9168,2.9194,2.9050,2.9055,3251552.3
2025-08-26T09:45:00+00:00,2.9056,2.9083,2.9013,2.9083,6934364.5
2025-08-26T10:00:00+00:00,2.9083,2.9115,2.9048,2.9055,3316760.5
2025-08-26T10:15:00+00:00,2.9055,2.9074,2.8989,2.9033,3843549.7
2025-08-26T10:30:00+00:00,2.9033,2.9130,2.9032,2.9118,5458266.4
2025-08-26T10:45:00+00:00,2.9119,2.9143,2.9038,2.9066,3722745.2
2025-08-26T11:00:00+00:00,2.9066,2.9097,2.9004,2.9034,5975015.0
2025-08-26T11:15:00+00:00,2.9033,2.9034,2.8940,2.8969,6209964.5
2025-08-26T11:30:00+00:00,2.8969,2.8972,2.8894,2.8968,6481313.0
2025-08-26T11:45:00+00:00,2.8967,2.9010,2.8926,2.9001,4195220.8
2025-08-26T12:00:00+00:00,2.9000,2.9008,2.8884,2.8888,6491116.1
2025-08-26T12:15:00+00:00,2.8888,2.8940,2.8874,2.8931,4382317.5
2025-08-26T12:30:00+00:00,2.8931,2.9390,2.8929,2.9257,29707118.4
2025-08-26T12:45:00+00:00,2.9256,2.9328,2.8929,2.9164,25168971.1
2025-08-26T13:00:00+00:00,2.9164,2.9166,2.9042,2.9060,9012645.7
2025-08-26T13:15:00+00:00,2.9061,2.9106,2.8983,2.8999,4876709.8
2025-08-26T13:30:00+00:00,2.8999,2.9227,2.8972,2.9110,16942578.5
2025-08-26T13:45:00+00:00,2.9110,2.9179,2.8862,2.9163,20108111.6
2025-08-26T14:00:00+00:00,2.9163,2.9227,2.9033,2.9076,10779080.2
2025-08-26T14:15:00+00:00,2.9075,2.9342,2.9065,2.9239,13416677.1
2025-08-26T14:30:00+00:00,2.9239,2.9331,2.9218,2.9316,5399035.9
2025-08-26T14:45:00+00:00,2.9317,2.9400,2.9254,2.9290,8179849.1
2025-08-26T15:00:00+00:00,2.9289,2.9413,2.9253,2.9286,8214357.8
2025-08-26T15:15:00+00:00,2.9287,2.9421,2.9240,2.9330,9900225.8
2025-08-26T15:30:00+00:00,2.9330,2.9335,2.9206,2.9222,6429983.7
2025-08-26T15:45:00+00:00,2.9223,2.9326,2.9220,2.9315,2764948.9
2025-08-26T16:00:00+00:00,2.9315,2.9348,2.9246,2.9276,4976969.0
2025-08-26T16:15:00+00:00,2.9276,2.9458,2.9276,2.9457,4890545.8
2025-08-26T16:30:00+00:00,2.9458,2.9516,2.9413,2.9470,6299769.2
2025-08-26T16:45:00+00:00,2.9469,2.9548,2.9437,2.9543,4987339.5
2025-08-26T17:00:00+00:00,2.9542,2.9559,2.9451,2.9516,6130471.8
2025-08-26T17:15:00+00:00,2.9516,2.9620,2.9487,2.9562,8735545.2
2025-08-26T17:30:00+00:00,2.9563,2.9572,2.9470,2.9497,4791633.8
2025-08-26T17:45:00+00:00,2.9497,2.9613,2.9471,2.9613,9224974.3
2025-08-26T18:00:00+00:00,2.9613,2.9634,2.9582,2.9611,3941192.7
2025-08-26T18:15:00+00:00,2.9610,2.9735,2.9605,2.9732,6605430.4
2025-08-26T18:30:00+00:00,2.9733,2.9876,2.9726,2.9853,10458273.3
2025-08-26T18:45:00+00:00,2.9853,2.9861,2.9772,2.9790,5944554.1
2025-08-26T19:00:00+00:00,2.9790,2.9798,2.9649,2.9722,7777684.0
2025-08-26T19:15:00+00:00,2.9722,2.9892,2.9701,2.9889,8615680.0
2025-08-26T19:30:00+00:00,2.9889,3.0231,2.9858,3.0170,28968845.1
2025-08-26T19:45:00+00:00,3.0171,3.0810,3.0153,3.0596,61245871.0
2025-08-26T20:00:00+00:00,3.0595,3.0617,3.0283,3.0378,43073282.9
2025-08-26T20:15:00+00:00,3.0376,3.0412,3.0237,3.0253,13714340.3
2025-08-26T20:30:00+00:00,3.0253,3.0345,3.0190,3.0218,10447429.7
2025-08-26T20:45:00+00:00,3.0219,3.0387,3.0155,3.0384,11463448.0
2025-08-26T21:00:00+00:00,3.0384,3.0402,3.0200,3.0280,9435432.9
2025-08-26T21:15:00+00:00,3.0280,3.0329,3.0186,3.0199,5239993.2
2025-08-26T21:30:00+00:00,3.0200,3.0261,3.0172,3.0214,4695303.3
2025-08-26T21:45:00+00:00,3.0214,3.0294,3.0192,3.0293,2748994.1
2025-08-26T22:00:00+00:00,3.0293,3.0318,3.0131,3.0213,7472068.9
2025-08-26T22:15:00+00:00,3.0213,3.0230,3.0046,3.0075,7635499.6
2025-08-26T22:30:00+00:00,3.0074,3.0155,3.0029,3.0043,6419654.8
2025-08-26T22:45:00+00:00,3.0042,3.0125,3.0020,3.0124,4931024.2
2025-08-26T23:00:00+00:00,3.0124,3.0261,3.0079,3.0236,8167196.6
2025-08-26T23:15:00+00:00,3.0237,3.0237,3.0130,3.0147,3926774.5
2025-08-26T23:30:00+00:00,3.0146,3.0156,3.0070,3.0147,4778428.6
2025-08-26T23:45:00+00:00,3.0148,3.0148,3.0085,3.0112,2090791.3
2025-08-27T00:00:00+00:00,3.0113,3.0116,3.0011,3.0018,6922067.3
2025-08-27T00:15:00+00:00,3.0017,3.0038,2.9937,2.9952,6948509.9
2025-08-27T00:30:00+00:00,2.9951,3.0035,2.9938,2.9949,5354774.5
2025-08-27T00:45:00+00:00,2.9950,2.9970,2.9844,2.9885,7092081.9
2025-08-27T01:00:00+00:00,2.9885,2.9917,2.9800,2.9912,6609692.3
2025-08-27T01:15:00+00:00,2.9911,2.9987,2.9852,2.9954,3934987.2
2025-08-27T01:30:00+00:00,2.9953,3.0068,2.9935,2.9962,4492664.4
2025-08-27T01:45:00+00:00,2.9962,3.0045,2.9956,3.0021,2937823.0
2025-08-27T02:00:00+00:00,3.0021,3.0037,2.9874,2.9900,3860852.7
2025-08-27T02:15:00+00:00,2.9899,3.0064,2.9889,2.9955,4256883.6
2025-08-27T02:30:00+00:00,2.9955,3.0025,2.9946,2.9988,2721553.2
2025-08-27T02:45:00+00:00,2.9989,3.0006,2.9926,2.9935,1886604.9
2025-08-27T03:00:00+00:00,2.9935,2.9970,2.9866,2.9910,2449529.3
2025-08-27T03:15:00+00:00,2.9909,2.9915,2.9827,2.9863,3374951.5
2025-08-27T03:30:00+00:00,2.9863,2.9943,2.9862,2.9921,2487746.4
2025-08-27T03:45:00+00:00,2.9921,3.0121,2.9921,3.0031,13141856.4
2025-08-27T04:00:00+00:00,3.0031,3.0198,3.0001,3.0143,9178673.7
2025-08-27T04:15:00+00:00,3.0142,3.0210,3.0090,3.0099,5811883.3
2025-08-27T04:30:00+00:00,3.0099,3.0240,3.0085,3.0223,6093600.0
2025-08-27T04:45:00+00:00,3.0222,3.0265,3.0184,3.0209,5239939.1
2025-08-27T05:00:00+00:00,3.0209,3.0225,3.0093,3.0200,5011397.6
2025-08-27T05:15:00+00:00,3.0199,3.0222,3.0135,3.0163,3154833.6
2025-08-27T05:30:00+00:00,3.0163,3.0192,3.0098,3.0154,4179831.3
2025-08-27T05:45:00+00:00,3.0155,3.0164,3.0120,3.0136,2241635.4
2025-08-27T06:00:00+00:00,3.0137,3.0140,3.0025,3.0049,7311282.3
2025-08-27T06:15:00+00:00,3.0050,3.0103,3.0023,3.0080,2482054.2
2025-08-27T06:30:00+00:00,3.0079,3.0140,3.0071,3.0090,2205646.6
2025-08-27T06:45:00+00:00,3.0089,3.0092,2.9948,2.9977,8317732.5
2025-08-27T07:00:00+00:00,2.9977,3.0018,2.9967,2.9994,3522695.8
2025-08-27T07:15:00+00:00,2.9994,3.0008,2.9838,2.9871,8210260.0
2025-08-27T07:30:00+00:00,2.9871,2.9901,2.9834,2.9876,4712332.1
2025-08-27T07:45:00+00:00,2.9876,2.9945,2.9841,2.9924,3536646.2
2025-08-27T08:00:00+00:00,2.9923,3.0057,2.9923,3.0044,8132373.3
2025-08-27T08:15:00+00:00,3.0043,3.0056,2.9960,3.0000,3491214.3
2025-08-27T08:30:00+00:00,3.0000,3.0058,2.9994,3.0016,3031066.8
2025-08-27T08:45:00+00:00,3.0016,3.0134,2.9954,3.0131,3968699.5
2025-08-27T09:00:00+00:00,3.0131,3.0224,3.0113,3.0126,7318582.4
2025-08-27T09:15:00+00:00,3.0126,3.0180,3.0107,3.0126,4205505.5
2025-08-27T09:30:00+00:00,3.0127,3.0162,3.0063,3.0076,3518851.9
2025-08-27T09:45:00+00:00,3.0076,3.0119,3.0062,3.0094,2965738.4
2025-08-27T10:00:00+00:00,3.0094,3.0142,3.0063,3.0087,3255179.8
2025-08-27T10:15:00+00:00,3.0086,3.0142,3.0041,3.0078,3820473.1
2025-08-27T10:30:00+00:00,3.0079,3.0100,2.9955,3.0008,5678580.9
2025-08-27T10:45:00+00:00,3.0008,3.0017,2.9972,2.9974,1842320.9
2025-08-27T11:00:00+00:00,2.9974,3.0020,2.9971,2.9995,4214761.4
2025-08-27T11:15:00+00:00,2.9994,3.0008,2.9953,2.9963,3382360.0
2025-08-27T11:30:00+00:00,2.9963,2.9992,2.9938,2.9949,3296377.7
2025-08-27T11:45:00+00:00,2.9949,2.9998,2.9948,2.9967,3169617.4
2025-08-27T12:00:00+00:00,2.9966,3.0040,2.9897,2.9961,7024606.8
2025-08-27T12:15:00+00:00,2.9961,2.9994,2.9907,2.9945,2477761.8
2025-08-27T12:30:00+00:00,2.9945,2.9993,2.9911,2.9932,2894824.1
2025-08-27T12:45:00+00:00,2.9933,3.0029,2.9933,3.0008,3312098.7
2025-08-27T13:00:00+00:00,3.0007,3.0008,2.9916,2.9935,4112945.8
2025-08-27T13:15:00+00:00,2.9935,2.9996,2.9915,2.9971,3095046.0
2025-08-27T13:30:00+00:00,2.9971,3.0183,2.9865,3.0080,21005693.0
2025-08-27T13:45:00+00:00,3.0080,3.0150,2.9974,2.9989,12428639.1
2025-08-27T14:00:00+00:00,2.9989,3.0088,2.9916,3.0060,7899513.3
2025-08-27T14:15:00+00:00,3.0060,3.0168,3.0020,3.0149,5585239.4
2025-08-27T14:30:00+00:00,3.0148,3.0310,3.0122,3.0122,16020029.0
2025-08-27T14:45:00+00:00,3.0123,3.0153,3.0014,3.0040,9010172.2
2025-08-27T15:00:00+00:00,3.0040,3.0166,2.9980,3.0133,7624397.3
2025-08-27T15:15:00+00:00,3.0133,3.0171,2.9981,3.0028,7887920.9
2025-08-27T15:30:00+00:00,3.0027,3.0097,2.9960,3.0076,9155789.9
2025-08-27T15:45:00+00:00,3.0075,3.0196,3.0046,3.0156,6462176.9
2025-08-27T16:00:00+00:00,3.0156,3.0168,3.0063,3.0091,4924787.6
2025-08-27T16:15:00+00:00,3.0091,3.0206,3.0062,3.0099,5857937.6
2025-08-27T16:30:00+00:00,3.0100,3.0131,2.9988,3.0103,6013312.5
2025-08-27T16:45:00+00:00,3.0103,3.0202,3.0068,3.0176,4703905.2
2025-08-27T17:00:00+00:00,3.0176,3.0224,3.0130,3.0166,5527158.5
2025-08-27T17:15:00+00:00,3.0167,3.0224,3.0095,3.0198,4034902.6
2025-08-27T17:30:00+00:00,3.0199,3.0289,3.0181,3.0278,6913194.3
2025-08-27T17:45:00+00:00,3.0277,3.0367,3.0275,3.0341,7960309.3
2025-08-27T18:00:00+00:00,3.0340,3.0439,3.0337,3.0388,8073020.7
2025-08-27T18:15:00+00:00,3.0388,3.0394,3.0296,3.0347,5056126.9
2025-08-27T18:30:00+00:00,3.0347,3.0350,3.0210,3.0210,5514796.8
2025-08-27T18:45:00+00:00,3.0210,3.0282,3.0070,3.0074,5985664.2
2025-08-27T19:00:00+00:00,3.0075,3.0158,2.9860,2.9945,16320626.8
2025-08-27T19:15:00+00:00,2.9945,3.0088,2.9921,3.0061,5852058.1
2025-08-27T19:30:00+00:00,3.0060,3.0188,3.0054,3.0157,5016077.8
2025-08-27T19:45:00+00:00,3.0158,3.0158,2.9943,3.0041,17238058.9
2025-08-27T20:00:00+00:00,3.0041,3.0074,2.9821,2.9965,16583704.9
2025-08-27T20:15:00+00:00,2.9965,3.0278,2.9700,3.0089,67512019.9
2025-08-27T20:30:00+00:00,3.0088,3.0237,3.0018,3.0125,18673813.1
2025-08-27T20:45:00+00:00,3.0125,3.0161,2.9992,3.0112,6166779.8
2025-08-27T21:00:00+00:00,3.0113,3.0187,3.0032,3.0062,5905654.2
2025-08-27T21:15:00+00:00,3.0062,3.0084,2.9955,3.0003,5285727.4
2025-08-27T21:30:00+00:00,3.0002,3.0060,2.9880,2.9953,3424009.8
2025-08-27T21:45:00+00:00,2.9953,2.9953,2.9782,2.9860,4646779.8
2025-08-27T22:00:00+00:00,2.9860,2.9877,2.9603,2.9747,14706540.4
2025-08-27T22:15:00+00:00,2.9748,2.9832,2.9724,2.9793,4800598.2
2025-08-27T22:30:00+00:00,2.9793,2.9905,2.9780,2.9904,3043054.3
2025-08-27T22:45:00+00:00,2.9905,2.9912,2.9777,2.9777,4577586.7
2025-08-27T23:00:00+00:00,2.9776,2.9815,2.9726,2.9730,3503049.2
2025-08-27T23:15:00+00:00,2.9731,2.9765,2.9676,2.9739,4422532.8
2025-08-27T23:30:00+00:00,2.9739,2.9770,2.9621,2.9629,4083221.6
2025-08-27T23:45:00+00:00,2.9630,2.9680,2.9610,2.9676,5063587.6
2025-08-28T00:00:00+00:00,2.9677,2.9779,2.9655,2.9761,8104302.1
2025-08-28T00:15:00+00:00,2.9761,2.9780,2.9564,2.9670,10067825.2
2025-08-28T00:30:00+00:00,2.9671,2.9686,2.9519,2.9679,6911210.2
2025-08-28T00:45:00+00:00,2.9678,2.9775,2.9600,2.9685,5339602.0
2025-08-28T01:00:00+00:00,2.9685,2.9779,2.9675,2.9761,4161076.5
2025-08-28T01:15:00+00:00,2.9761,2.9798,2.9730,2.9731,3260119.5
2025-08-28T01:30:00+00:00,2.9732,2.9875,2.9728,2.9825,6164198.2
2025-08-28T01:45:00+00:00,2.9825,2.9884,2.9800,2.9837,2814112.7
2025-08-28T02:00:00+00:00,2.9838,2.9858,2.9763,2.9767,3141460.5
2025-08-28T02:15:00+00:00,2.9767,2.9863,2.9741,2.9848,3584167.2
2025-08-28T02:30:00+00:00,2.9848,2.9875,2.9762,2.9762,2347776.1
2025-08-28T02:45:00+00:00,2.9762,2.9788,2.9695,2.9723,1834262.3
2025-08-28T03:00:00+00:00,2.9723,2.9824,2.9684,2.9811,3482959.3
2025-08-28T03:15:00+00:00,2.9810,2.9844,2.9755,2.9811,2685728.7
2025-08-28T03:30:00+00:00,2.9811,2.9844,2.9785,2.9797,2243410.4
2025-08-28T03:45:00+00:00,2.9797,2.9835,2.9742,2.9811,2168575.7
2025-08-28T04:00:00+00:00,2.9812,2.9913,2.9762,2.9909,4042282.7
2025-08-28T04:15:00+00:00,2.9909,2.9940,2.9860,2.9886,4570126.4
2025-08-28T04:30:00+00:00,2.9886,3.0011,2.9877,2.9990,6324683.3
2025-08-28T04:45:00+00:00,2.9989,3.0111,2.9964,3.0065,8663511.9
2025-08-28T05:00:00+00:00,3.0065,3.0122,3.0027,3.0044,7782788.2
2025-08-28T05:15:00+00:00,3.0043,3.0089,2.9980,3.0016,5595599.6
2025-08-28T05:30:00+00:00,3.0015,3.0051,2.9963,2.9964,2241133.1
2025-08-28T05:45:00+00:00,2.9963,3.0007,2.9933,2.9990,3414534.1
2025-08-28T06:00:00+00:00,2.9990,2.9996,2.9894,2.9923,4646254.9
2025-08-28T06:15:00+00:00,2.9922,2.9981,2.9906,2.9981,2227144.3
2025-08-28T06:30:00+00:00,2.9980,2.9997,2.9922,2.9997,3955964.5
2025-08-28T06:45:00+00:00,2.9996,3.0028,2.9946,3.0006,4610081.2
2025-08-28T07:00:00+00:00,3.0005,3.0060,2.9988,3.0007,3673033.5
2025-08-28T07:15:00+00:00,3.0008,3.0038,2.9916,2.9954,6220980.2
2025-08-28T07:30:00+00:00,2.9954,2.9958,2.9900,2.9934,2984336.0
2025-08-28T07:45:00+00:00,2.9934,3.0023,2.9933,3.0023,2993993.5
2025-08-28T08:00:00+00:00,3.0023,3.0155,3.0016,3.0079,11222611.2
2025-08-28T08:15:00+00:00,3.0079,3.0148,3.0006,3.0017,6440509.8
2025-08-28T08:30:00+00:00,3.0017,3.0033,2.9987,2.9989,3841712.2
2025-08-28T08:45:00+00:00,2.9989,2.9998,2.9941,2.9990,5315295.8
2025-08-28T09:00:00+00:00,2.9989,2.9991,2.9911,2.9912,6342489.7
2025-08-28T09:15:00+00:00,2.9913,2.9994,2.9905,2.9992,2524273.0
2025-08-28T09:30:00+00:00,2.9992,2.9998,2.9963,2.9990,2733471.0
2025-08-28T09:45:00+00:00,2.9990,3.0011,2.9956,2.9984,1805159.1
2025-08-28T10:00:00+00:00,2.9984,3.0004,2.9932,3.0001,2621833.9
2025-08-28T10:15:00+00:00,3.0001,3.0003,2.9933,2.9978,2134149.5
2025-08-28T10:30:00+00:00,2.9977,3.0044,2.9967,3.0029,3298943.5
2025-08-28T10:45:00+00:00,3.0029,3.0064,3.0018,3.0064,3721093.5
2025-08-28T11:00:00+00:00,3.0064,3.0068,2.9997,3.0017,3423951.6
2025-08-28T11:15:00+00:00,3.0017,3.0042,3.0006,3.0033,1374433.3
2025-08-28T11:30:00+00:00,3.0034,3.0048,2.9994,2.9995,1888251.6
2025-08-28T11:45:00+00:00,2.9995,3.0075,2.9979,3.0065,2783679.3
2025-08-28T12:00:00+00:00,3.0065,3.0080,3.0039,3.0072,3319708.0
2025-08-28T12:15:00+00:00,3.0072,3.0116,3.0050,3.0087,4063283.3
2025-08-28T12:30:00+00:00,3.0088,3.0223,3.0050,3.0211,14069831.2
2025-08-28T12:45:00+00:00,3.0211,3.0241,3.0166,3.0181,8051146.8
2025-08-28T13:00:00+00:00,3.0181,3.0241,3.0152,3.0185,6296320.1
2025-08-28T13:15:00+00:00,3.0186,3.0247,3.0097,3.0122,5765337.8
2025-08-28T13:30:00+00:00,3.0121,3.0208,3.0075,3.0172,10632948.9
2025-08-28T13:45:00+00:00,3.0171,3.0184,2.9950,3.0020,17744479.6
2025-08-28T14:00:00+00:00,3.0020,3.0123,2.9955,3.0074,9042683.0
2025-08-28T14:15:00+00:00,3.0073,3.0142,2.9976,3.0017,7196936.4
2025-08-28T14:30:00+00:00,3.0017,3.0148,2.9948,3.0122,7876634.5
2025-08-28T14:45:00+00:00,3.0123,3.0191,3.0100,3.0150,6528078.5
2025-08-28T15:00:00+00:00,3.0150,3.0184,3.0078,3.0087,6314322.4
2025-08-28T15:15:00+00:00,3.0087,3.0186,2.9906,2.9937,13630623.4
2025-08-28T15:30:00+00:00,2.9937,2.9965,2.9811,2.9820,12928510.9
2025-08-28T15:45:00+00:00,2.9820,2.9825,2.9690,2.9800,13256694.2
2025-08-28T16:00:00+00:00,2.9801,2.9936,2.9800,2.9929,5973699.9
2025-08-28T16:15:00+00:00,2.9928,2.9971,2.9890,2.9959,5796100.5
2025-08-28T16:30:00+00:00,2.9959,2.9960,2.9873,2.9889,4402824.7
2025-08-28T16:45:00+00:00,2.9888,2.9898,2.9565,2.9575,13693238.2
2025-08-28T17:00:00+00:00,2.9574,2.9739,2.9560,2.9736,9252906.0
2025-08-28T17:15:00+00:00,2.9737,2.9826,2.9724,2.9810,4629519.1
2025-08-28T17:30:00+00:00,2.9809,2.9809,2.9727,2.9787,3390045.6
2025-08-28T17:45:00+00:00,2.9787,2.9800,2.9750,2.9787,2509889.6
2025-08-28T18:00:00+00:00,2.9787,2.9787,2.9687,2.9717,3806455.2
2025-08-28T18:15:00+00:00,2.9717,2.9819,2.9673,2.9812,3714379.3
2025-08-28T18:30:00+00:00,2.9812,2.9857,2.9780,2.9814,3014720.1
2025-08-28T18:45:00+00:00,2.9814,2.9835,2.9755,2.9772,2616466.8
2025-08-28T19:00:00+00:00,2.9772,2.9840,2.9764,2.9771,2830069.1
2025-08-28T19:15:00+00:00,2.9772,2.9776,2.9696,2.9773,2815900.4
2025-08-28T19:30:00+00:00,2.9774,2.9792,2.9600,2.9628,4263998.4
2025-08-28T19:45:00+00:00,2.9628,2.9676,2.9414,2.9421,17142901.1
2025-08-28T20:00:00+00:00,2.9421,2.9600,2.9417,2.9571,8408922.5
2025-08-28T20:15:00+00:00,2.9572,2.9617,2.9556,2.9563,3129754.5
2025-08-28T20:30:00+00:00,2.9563,2.9588,2.9513,2.9550,3745790.7
2025-08-28T20:45:00+00:00,2.9550,2.9560,2.9474,2.9481,4187973.8
2025-08-28T21:00:00+00:00,2.9481,2.9527,2.9464,2.9525,3181953.0
2025-08-28T21:15:00+00:00,2.9525,2.9527,2.9456,2.9484,3939374.0
2025-08-28T21:30:00+00:00,2.9485,2.9570,2.9469,2.9570,2834224.9
2025-08-28T21:45:00+00:00,2.9569,2.9640,2.9564,2.9597,2592847.9
2025-08-28T22:00:00+00:00,2.9597,2.9677,2.9596,2.9669,3087368.1
2025-08-28T22:15:00+00:00,2.9669,2.9724,2.9642,2.9716,3248668.3
2025-08-28T22:30:00+00:00,2.9717,2.9778,2.9672,2.9685,3403885.2
2025-08-28T22:45:00+00:00,2.9686,2.9700,2.9650,2.9684,3075817.4
2025-08-28T23:00:00+00:00,2.9685,2.9734,2.9652,2.9660,3151899.5
2025-08-28T23:15:00+00:00,2.9661,2.9692,2.9620,2.9646,2290905.2
2025-08-28T23:30:00+00:00,2.9647,2.9722,2.9624,2.9697,3400020.0
2025-08-28T23:45:00+00:00,2.9698,2.9700,2.9606,2.9647,2128523.3
2025-08-29T00:00:00+00:00,2.9647,2.9708,2.9610,2.9632,3791290.5
2025-08-29T00:15:00+00:00,2.9633,2.9755,2.9587,2.9733,4457885.2
2025-08-29T00:30:00+00:00,2.9732,2.9742,2.9564,2.9574,5720847.3
2025-08-29T00:45:00+00:00,2.9574,2.9604,2.9525,2.9567,3763075.7
2025-08-29T01:00:00+00:00,2.9568,2.9602,2.9460,2.9491,6196785.2
2025-08-29T01:15:00+00:00,2.9491,2.9494,2.9368,2.9376,9465445.7
2025-08-29T01:30:00+00:00,2.9376,2.9491,2.9376,2.9470,4590702.3
2025-08-29T01:45:00+00:00,2.9470,2.9490,2.9391,2.9404,3188431.6
2025-08-29T02:00:00+00:00,2.9405,2.9520,2.9357,2.9499,4925621.3
2025-08-29T02:15:00+00:00,2.9498,2.9577,2.9434,2.9494,2791233.3
2025-08-29T02:30:00+00:00,2.9495,2.9515,2.9444,2.9504,2527753.6
2025-08-29T02:45:00+00:00,2.9505,2.9534,2.9459,2.9459,1593434.8
2025-08-29T03:00:00+00:00,2.9460,2.9489,2.9376,2.9405,2391229.5
2025-08-29T03:15:00+00:00,2.9405,2.9434,2.9364,2.9390,3672532.6
2025-08-29T03:30:00+00:00,2.9390,2.9450,2.9365,2.9412,3928769.5
2025-08-29T03:45:00+00:00,2.9412,2.9444,2.9365,2.9367,2432842.7
2025-08-29T04:00:00+00:00,2.9367,2.9398,2.9263,2.9291,7281832.9
2025-08-29T04:15:00+00:00,2.9290,2.9344,2.9286,2.9300,2534319.1
2025-08-29T04:30:00+00:00,2.9301,2.9301,2.9238,2.9262,4104214.2
2025-08-29T04:45:00+00:00,2.9263,2.9275,2.9135,2.9164,14013286.4
2025-08-29T05:00:00+00:00,2.9165,2.9170,2.9048,2.9089,12772696.5
2025-08-29T05:15:00+00:00,2.9090,2.9094,2.9000,2.9001,8596641.4
2025-08-29T05:30:00+00:00,2.9000,2.9125,2.8980,2.9112,6634766.4
2025-08-29T05:45:00+00:00,2.9111,2.9143,2.9062,2.9089,3451867.4
2025-08-29T06:00:00+00:00,2.9090,2.9112,2.8947,2.8952,6950820.7
2025-08-29T06:15:00+00:00,2.8952,2.8962,2.8911,2.8917,3500169.5
2025-08-29T06:30:00+00:00,2.8918,2.9003,2.8900,2.9003,9045347.5
2025-08-29T06:45:00+00:00,2.8996,2.9041,2.8921,2.8992,16022048.8
2025-08-29T07:00:00+00:00,2.8992,2.8993,2.8665,2.8679,20274866.5
2025-08-29T07:15:00+00:00,2.8678,2.8736,2.8592,2.8669,13122729.6
2025-08-29T07:30:00+00:00,2.8669,2.8747,2.8653,2.8686,10795405.1
2025-08-29T07:45:00+00:00,2.8685,2.8761,2.8641,2.8685,10197525.2
2025-08-29T08:00:00+00:00,2.8685,2.8771,2.8631,2.8645,9073326.7
2025-08-29T08:15:00+00:00,2.8645,2.8682,2.8566,2.8606,13867940.6
2025-08-29T08:30:00+00:00,2.8606,2.8647,2.8573,2.8622,8673266.0
2025-08-29T08:45:00+00:00,2.8622,2.8646,2.8483,2.8510,10015924.5
2025-08-29T09:00:00+00:00,2.8511,2.8526,2.8422,2.8493,11686733.7
2025-08-29T09:15:00+00:00,2.8493,2.8615,2.8474,2.8609,7715523.3
2025-08-29T09:30:00+00:00,2.8609,2.8613,2.8570,2.8608,4352796.2
2025-08-29T09:45:00+00:00,2.8609,2.8749,2.8604,2.8738,12845137.5
2025-08-29T10:00:00+00:00,2.8738,2.8811,2.8722,2.8783,9117243.1
2025-08-29T10:15:00+00:00,2.8783,2.8854,2.8753,2.8832,8105898.3
2025-08-29T10:30:00+00:00,2.8833,2.8833,2.8722,2.8730,5419601.4
2025-08-29T10:45:00+00:00,2.8731,2.8770,2.8680,2.8751,6374421.6
2025-08-29T11:00:00+00:00,2.8751,2.8810,2.8702,2.8790,5091811.9
2025-08-29T11:15:00+00:00,2.8790,2.8790,2.8725,2.8737,3500829.1
2025-08-29T11:30:00+00:00,2.8737,2.8763,2.8704,2.8705,3408862.2
2025-08-29T11:45:00+00:00,2.8705,2.8744,2.8705,2.8710,1742033.3
2025-08-29T12:00:00+00:00,2.8752,2.8830,2.8742,2.8827,4454383.8
2025-08-29T12:15:00+00:00,2.8827,2.8827,2.8760,2.8787,4727250.7
2025-08-29T12:30:00+00:00,2.8788,2.9198,2.8757,2.8828,51762856.8
2025-08-29T12:45:00+00:00,2.8829,2.8929,2.8803,2.8853,7969430.8
2025-08-29T13:00:00+00:00,2.8854,2.8866,2.8738,2.8770,5175585.1
2025-08-29T13:15:00+00:00,2.8770,2.8781,2.8644,2.8682,8309825.3
2025-08-29T13:30:00+00:00,2.8682,2.8702,2.8492,2.8563,19498544.0
2025-08-29T13:45:00+00:00,2.8563,2.8567,2.8343,2.8481,28306136.7
2025-08-29T14:00:00+00:00,2.8482,2.8603,2.8177,2.8319,46031359.0
2025-08-29T14:15:00+00:00,2.8319,2.8521,2.8222,2.8329,29451166.2
2025-08-29T14:30:00+00:00,2.8330,2.8391,2.8201,2.8205,19302480.5
2025-08-29T14:45:00+00:00,2.8204,2.8278,2.8152,2.8218,18568881.5
2025-08-29T15:00:00+00:00,2.8218,2.8375,2.8206,2.8349,10123543.1
2025-08-29T15:15:00+00:00,2.8349,2.8442,2.8349,2.8378,8138595.1
2025-08-29T15:30:00+00:00,2.8378,2.8427,2.8332,2.8401,5309039.6
2025-08-29T15:45:00+00:00,2.8401,2.8441,2.8269,2.8330,9471548.0
2025-08-29T16:00:00+00:00,2.8330,2.8385,2.8166,2.8329,15152724.1
2025-08-29T16:15:00+00:00,2.8329,2.8388,2.8259,2.8287,5538550.8
2025-08-29T16:30:00+00:00,2.8287,2.8446,2.8283,2.8410,4498762.9
2025-08-29T16:45:00+00:00,2.8410,2.8424,2.8318,2.8396,4673943.4
2025-08-29T17:00:00+00:00,2.8396,2.8406,2.8181,2.8196,11113210.3
2025-08-29T17:15:00+00:00,2.8195,2.8292,2.8124,2.8206,11651509.1
2025-08-29T17:30:00+00:00,2.8206,2.8300,2.8192,2.8264,4173390.8
2025-08-29T17:45:00+00:00,2.8263,2.8299,2.8156,2.8168,5330935.0
2025-08-29T18:00:00+00:00,2.8167,2.8253,2.8103,2.8173,6039497.0
2025-08-29T18:15:00+00:00,2.8174,2.8197,2.8004,2.8031,15648889.2
2025-08-29T18:30:00+00:00,2.8031,2.8057,2.8000,2.8021,5835466.3
2025-08-29T18:45:00+00:00,2.8021,2.8104,2.8006,2.8085,4132388.3
2025-08-29T19:00:00+00:00,2.8084,2.8173,2.8013,2.8147,9001360.5
2025-08-29T19:15:00+00:00,2.8147,2.8287,2.8137,2.8275,6131398.7
2025-08-29T19:30:00+00:00,2.8275,2.8333,2.8204,2.8317,6214748.8
2025-08-29T19:45:00+00:00,2.8317,2.8364,2.8045,2.8121,16943543.7
2025-08-29T20:00:00+00:00,2.8121,2.8186,2.7972,2.8117,12371268.5
2025-08-29T20:15:00+00:00,2.8116,2.8133,2.8018,2.8041,6538441.2
2025-08-29T20:30:00+00:00,2.8041,2.8041,2.7878,2.7899,11916140.4
2025-08-29T20:45:00+00:00,2.7899,2.7934,2.7823,2.7847,7717232.6
2025-08-29T21:00:00+00:00,2.7846,2.7968,2.7716,2.7958,17458445.9
2025-08-29T21:15:00+00:00,2.7958,2.8038,2.7948,2.8029,5513002.8
2025-08-29T21:30:00+00:00,2.8030,2.8181,2.8030,2.8181,7527847.8
2025-08-29T21:45:00+00:00,2.8181,2.8186,2.8034,2.8061,4052847.8
2025-08-29T22:00:00+00:00,2.8061,2.8079,2.7885,2.7904,5906045.1
2025-08-29T22:15:00+00:00,2.7905,2.8016,2.7890,2.7989,4769045.4
2025-08-29T22:30:00+00:00,2.7990,2.8020,2.7949,2.8004,3137254.4
2025-08-29T22:45:00+00:00,2.8003,2.8106,2.8003,2.8102,3250474.1
2025-08-29T23:00:00+00:00,2.8101,2.8134,2.8050,2.8127,4240823.8
2025-08-29T23:15:00+00:00,2.8128,2.8204,2.8114,2.8169,4894101.7
2025-08-29T23:30:00+00:00,2.8169,2.8246,2.8161,2.8245,6337087.2
2025-08-29T23:45:00+00:00,2.8246,2.8247,2.8166,2.8179,3770250.6
2025-08-30T00:00:00+00:00,2.8179,2.8223,2.8139,2.8156,5169972.1
2025-08-30T00:15:00+00:00,2.8156,2.8235,2.8143,2.8210,2886514.9
2025-08-30T00:30:00+00:00,2.8210,2.8214,2.8116,2.8127,3801265.5
2025-08-30T00:45:00+00:00,2.8128,2.8194,2.8112,2.8161,2718477.3
2025-08-30T01:00:00+00:00,2.8160,2.8180,2.8124,2.8128,1594716.9
2025-08-30T01:15:00+00:00,2.8128,2.8128,2.7952,2.7975,6932956.0
2025-08-30T01:30:00+00:00,2.7975,2.8017,2.7928,2.7937,4144890.2
2025-08-30T01:45:00+00:00,2.7937,2.7946,2.7596,2.7640,19214029.4
2025-08-30T02:00:00+00:00,2.7641,2.7888,2.7599,2.7885,17305816.5
2025-08-30T02:15:00+00:00,2.7884,2.7961,2.7855,2.7931,6440384.6
2025-08-30T02:30:00+00:00,2.7931,2.7987,2.7928,2.7982,2411124.5
2025-08-30T02:45:00+00:00,2.7981,2.8022,2.7921,2.7922,2542842.9
2025-08-30T03:00:00+00:00,2.7921,2.8020,2.7904,2.8017,3286652.6
2025-08-30T03:15:00+00:00,2.8016,2.8197,2.8016,2.8110,8147778.9
2025-08-30T03:30:00+00:00,2.8110,2.8188,2.8107,2.8118,4179934.2
2025-08-30T03:45:00+00:00,2.8118,2.8165,2.8105,2.8115,2345635.2
2025-08-30T04:00:00+00:00,2.8115,2.8207,2.8102,2.8165,4346302.3
2025-08-30T04:15:00+00:00,2.8165,2.8212,2.8162,2.8199,3018451.0
2025-08-30T04:30:00+00:00,2.8200,2.8206,2.8119,2.8126,2938152.9
2025-08-30T04:45:00+00:00,2.8127,2.8160,2.8103,2.8109,1549848.1
2025-08-30T05:00:00+00:00,2.8109,2.8237,2.8083,2.8195,5025238.9
2025-08-30T05:15:00+00:00,2.8196,2.8259,2.8189,2.8237,2788627.0
2025-08-30T05:30:00+00:00,2.8236,2.8313,2.8203,2.8289,8193874.8
2025-08-30T05:45:00+00:00,2.8290,2.8338,2.8245,2.8255,6030592.6
2025-08-30T06:00:00+00:00,2.8255,2.8313,2.8214,2.8221,3822511.2
2025-08-30T06:15:00+00:00,2.8220,2.8260,2.8201,2.8237,1645096.7
2025-08-30T06:30:00+00:00,2.8236,2.8321,2.8232,2.8315,2207589.0
2025-08-30T06:45:00+00:00,2.8315,2.8320,2.8243,2.8259,3601319.3
2025-08-30T07:00:00+00:00,2.8260,2.8301,2.8229,2.8273,3095367.4
2025-08-30T07:15:00+00:00,2.8274,2.8293,2.8240,2.8270,1218258.5
2025-08-30T07:30:00+00:00,2.8269,2.8316,2.8211,2.8312,4055489.6
2025-08-30T07:45:00+00:00,2.8312,2.8330,2.8281,2.8304,2591668.0
2025-08-30T08:00:00+00:00,2.8303,2.8309,2.8209,2.8234,4592999.6
2025-08-30T08:15:00+00:00,2.8234,2.8244,2.8200,2.8228,2650510.0
2025-08-30T08:30:00+00:00,2.8229,2.8236,2.8167,2.8169,5501008.0
2025-08-30T08:45:00+00:00,2.8170,2.8178,2.8084,2.8094,3285347.3
2025-08-30T09:00:00+00:00,2.8095,2.8104,2.8015,2.8019,4418583.4
2025-08-30T09:15:00+00:00,2.8019,2.8068,2.8014,2.8031,3821755.6
2025-08-30T09:30:00+00:00,2.8031,2.8033,2.7941,2.7979,5049146.5
2025-08-30T09:45:00+00:00,2.7978,2.8075,2.7956,2.8024,4189180.8
2025-08-30T10:00:00+00:00,2.8024,2.8097,2.8012,2.8057,2931260.8
2025-08-30T10:15:00+00:00,2.8057,2.8126,2.8052,2.8087,4274493.1
2025-08-30T10:30:00+00:00,2.8088,2.8095,2.7980,2.8011,3496870.9
2025-08-30T10:45:00+00:00,2.8011,2.8050,2.7989,2.8024,1295835.4
2025-08-30T11:00:00+00:00,2.8024,2.8050,2.7995,2.8019,2670207.2
2025-08-30T11:15:00+00:00,2.8019,2.8033,2.7997,2.8025,1218215.6
2025-08-30T11:30:00+00:00,2.8024,2.8048,2.7994,2.8047,1384493.1
2025-08-30T11:45:00+00:00,2.8048,2.8112,2.8039,2.8085,2495915.9
2025-08-30T12:00:00+00:00,2.8085,2.8096,2.8027,2.8039,2314409.9
2025-08-30T12:15:00+00:00,2.8038,2.8039,2.7918,2.7957,4098849.3
2025-08-30T12:30:00+00:00,2.7957,2.7967,2.7758,2.7837,15115006.8
2025-08-30T12:45:00+00:00,2.7836,2.7928,2.7828,2.7916,4310500.1
2025-08-30T13:00:00+00:00,2.7916,2.7930,2.7729,2.7759,10297703.1
2025-08-30T13:15:00+00:00,2.7758,2.7865,2.7734,2.7865,4082031.8
2025-08-30T13:30:00+00:00,2.7865,2.7908,2.7826,2.7833,3005694.9
2025-08-30T13:45:00+00:00,2.7833,2.7915,2.7781,2.7906,3312943.8
2025-08-30T14:00:00+00:00,2.7906,2.7916,2.7835,2.7854,2193766.5
2025-08-30T14:15:00+00:00,2.7854,2.7890,2.7815,2.7887,1809447.0
2025-08-30T14:30:00+00:00,2.7886,2.7936,2.7882,2.7918,2865095.5
2025-08-30T14:45:00+00:00,2.7919,2.7984,2.7915,2.7956,3809077.9
2025-08-30T15:00:00+00:00,2.7957,2.7977,2.7905,2.7961,2656762.9
2025-08-30T15:15:00+00:00,2.7962,2.8038,2.7962,2.8021,4450193.0
2025-08-30T15:30:00+00:00,2.8021,2.8072,2.7986,2.8064,4638089.6
2025-08-30T15:45:00+00:00,2.8065,2.8089,2.8031,2.8053,3209485.3
2025-08-30T16:00:00+00:00,2.8053,2.8064,2.7988,2.7994,3964709.7
2025-08-30T16:15:00+00:00,2.7994,2.8044,2.7970,2.8034,2695918.5
2025-08-30T16:30:00+00:00,2.8035,2.8144,2.8025,2.8114,5226521.3
2025-08-30T16:45:00+00:00,2.8114,2.8120,2.8061,2.8087,2233767.2
2025-08-30T17:00:00+00:00,2.8087,2.8159,2.8071,2.8150,2504775.2
2025-08-30T17:15:00+00:00,2.8150,2.8172,2.8112,2.8112,2332032.2
2025-08-30T17:30:00+00:00,2.8112,2.8142,2.8045,2.8068,3108561.7
2025-08-30T17:45:00+00:00,2.8067,2.8072,2.8026,2.8054,2669270.9
2025-08-30T18:00:00+00:00,2.8053,2.8101,2.8018,2.8040,2693866.0
2025-08-30T18:15:00+00:00,2.8040,2.8048,2.8001,2.8032,2042746.7
2025-08-30T18:30:00+00:00,2.8031,2.8040,2.7988,2.8016,1634295.4
2025-08-30T18:45:00+00:00,2.8016,2.8061,2.8016,2.8037,1344334.7
2025-08-30T19:00:00+00:00,2.8037,2.8091,2.8023,2.8090,2257599.7
2025-08-30T19:15:00+00:00,2.8091,2.8138,2.8049,2.8106,2479920.7
2025-08-30T19:30:00+00:00,2.8107,2.8120,2.8062,2.8098,967820.5
2025-08-30T19:45:00+00:00,2.8098,2.8099,2.8053,2.8091,977267.7
2025-08-30T20:00:00+00:00,2.8091,2.8113,2.8047,2.8071,1785475.5
2025-08-30T20:15:00+00:00,2.8072,2.8074,2.8018,2.8063,1646874.5
2025-08-30T20:30:00+00:00,2.8063,2.8066,2.7997,2.8031,1157452.5
2025-08-30T20:45:00+00:00,2.8031,2.8049,2.8014,2.8044,1097278.2
2025-08-30T21:00:00+00:00,2.8043,2.8071,2.7988,2.8066,2743818.8
2025-08-30T21:15:00+00:00,2.8066,2.8066,2.8001,2.8011,3029059.4
2025-08-30T21:30:00+00:00,2.8012,2.8035,2.8003,2.8034,1131508.6
2025-08-30T21:45:00+00:00,2.8033,2.8076,2.8033,2.8052,876650.5
2025-08-30T22:00:00+00:00,2.8053,2.8067,2.7979,2.7994,3653634.8
2025-08-30T22:15:00+00:00,2.7993,2.8066,2.7993,2.8058,1817800.4
2025-08-30T22:30:00+00:00,2.8057,2.8089,2.8035,2.8074,1616127.0
2025-08-30T22:45:00+00:00,2.8073,2.8088,2.8058,2.8068,1090765.7
2025-08-30T23:00:00+00:00,2.8069,2.8119,2.8065,2.8102,1797764.0
2025-08-30T23:15:00+00:00,2.8103,2.8148,2.8088,2.8145,1789434.4
2025-08-30T23:30:00+00:00,2.8145,2.8157,2.8119,2.8153,2428994.1
2025-08-30T23:45:00+00:00,2.8154,2.8168,2.8135,2.8167,1399827.5
2025-08-31T00:00:00+00:00,2.8166,2.8240,2.8166,2.8199,5312947.6
2025-08-31T00:15:00+00:00,2.8200,2.8242,2.8182,2.8232,3103861.7
2025-08-31T00:30:00+00:00,2.8232,2.8292,2.8217,2.8287,4158008.3
2025-08-31T00:45:00+00:00,2.8287,2.8455,2.8278,2.8435,10682209.3
2025-08-31T01:00:00+00:00,2.8435,2.8450,2.8351,2.8377,4222740.3
2025-08-31T01:15:00+00:00,2.8376,2.8448,2.8366,2.8409,3774323.6
2025-08-31T01:30:00+00:00,2.8409,2.8518,2.8398,2.8517,5934186.6
2025-08-31T01:45:00+00:00,2.8517,2.8680,2.8505,2.8614,10837951.3
2025-08-31T02:00:00+00:00,2.8614,2.8632,2.8540,2.8541,4951170.7
2025-08-31T02:15:00+00:00,2.8541,2.8572,2.8511,2.8525,2769228.7
2025-08-31T02:30:00+00:00,2.8525,2.8526,2.8461,2.8462,4052326.1
2025-08-31T02:45:00+00:00,2.8461,2.8483,2.8435,2.8460,2558264.6
2025-08-31T03:00:00+00:00,2.8460,2.8513,2.8448,2.8449,6301621.2
2025-08-31T03:15:00+00:00,2.8450,2.8450,2.8412,2.8435,6224198.2
2025-08-31T03:30:00+00:00,2.8434,2.8477,2.8390,2.8471,3596073.9
2025-08-31T03:45:00+00:00,2.8471,2.8503,2.8455,2.8503,2457855.9
2025-08-31T04:00:00+00:00,2.8503,2.8551,2.8451,2.8533,4945275.4
2025-08-31T04:15:00+00:00,2.8533,2.8538,2.8439,2.8445,3426011.2
2025-08-31T04:30:00+00:00,2.8444,2.8476,2.8419,2.8420,2536404.7
2025-08-31T04:45:00+00:00,2.8420,2.8464,2.8412,2.8464,2033679.7
2025-08-31T05:00:00+00:00,2.8463,2.8463,2.8340,2.8356,5940514.7
2025-08-31T05:15:00+00:00,2.8357,2.8368,2.8315,2.8334,2775642.0
2025-08-31T05:30:00+00:00,2.8335,2.8381,2.8333,2.8363,1881071.5
2025-08-31T05:45:00+00:00,2.8363,2.8370,2.8316,2.8354,2109299.8
2025-08-31T06:00:00+00:00,2.8354,2.8370,2.8301,2.8320,2554041.6
2025-08-31T06:15:00+00:00,2.8321,2.8329,2.8260,2.8271,4129342.8
2025-08-31T06:30:00+00:00,2.8271,2.8293,2.8245,2.8276,2941280.8
2025-08-31T06:45:00+00:00,2.8276,2.8284,2.8216,2.8225,2698526.5
2025-08-31T07:00:00+00:00,2.8226,2.8335,2.8220,2.8323,3333949.2
2025-08-31T07:15:00+00:00,2.8323,2.8335,2.8293,2.8306,2524348.8
2025-08-31T07:30:00+00:00,2.8307,2.8327,2.8272,2.8292,1527842.4
2025-08-31T07:45:00+00:00,2.8292,2.8298,2.8257,2.8277,1629780.8
2025-08-31T08:00:00+00:00,2.8277,2.8319,2.8276,2.8317,2183637.1
2025-08-31T08:15:00+00:00,2.8317,2.8354,2.8294,2.8328,2023000.3
2025-08-31T08:30:00+00:00,2.8328,2.8379,2.8301,2.8379,3758742.7
2025-08-31T08:45:00+00:00,2.8379,2.8432,2.8370,2.8427,3236717.9
2025-08-31T09:00:00+00:00,2.8428,2.8428,2.8363,2.8364,2220620.6
2025-08-31T09:15:00+00:00,2.8364,2.8404,2.8356,2.8378,1339161.5
2025-08-31T09:30:00+00:00,2.8378,2.8415,2.8357,2.8375,1725180.4
2025-08-31T09:45:00+00:00,2.8374,2.8374,2.8288,2.8301,3420207.6
2025-08-31T10:00:00+00:00,2.8301,2.8323,2.8227,2.8239,4408124.9
2025-08-31T10:15:00+00:00,2.8239,2.8257,2.8197,2.8219,3866294.2
2025-08-31T10:30:00+00:00,2.8219,2.8241,2.8118,2.8129,5000468.4
2025-08-31T10:45:00+00:00,2.8129,2.8216,2.8106,2.8190,3684372.6
2025-08-31T11:00:00+00:00,2.8190,2.8195,2.8138,2.8189,2133893.7
2025-08-31T11:15:00+00:00,2.8189,2.8238,2.8120,2.8230,3078030.5
2025-08-31T11:30:00+00:00,2.8229,2.8261,2.8168,2.8212,2739071.6
2025-08-31T11:45:00+00:00,2.8213,2.8241,2.8198,2.8226,1971471.0
2025-08-31T12:00:00+00:00,2.8226,2.8235,2.8150,2.8157,2844856.0
2025-08-31T12:15:00+00:00,2.8157,2.8166,2.8114,2.8129,2699116.3
2025-08-31T12:30:00+00:00,2.8130,2.8175,2.8120,2.8143,2349625.0
2025-08-31T12:45:00+00:00,2.8143,2.8182,2.8124,2.8164,2411610.1
2025-08-31T13:00:00+00:00,2.8165,2.8205,2.8111,2.8129,3960488.5
2025-08-31T13:15:00+00:00,2.8129,2.8217,2.8120,2.8176,3754675.9
2025-08-31T13:30:00+00:00,2.8177,2.8190,2.8042,2.8091,5965755.2
2025-08-31T13:45:00+00:00,2.8091,2.8136,2.8067,2.8102,2334223.2
2025-08-31T14:00:00+00:00,2.8101,2.8131,2.8001,2.8041,4516575.7
2025-08-31T14:15:00+00:00,2.8040,2.8075,2.8005,2.8070,2441074.3
2025-08-31T14:30:00+00:00,2.8070,2.8160,2.8062,2.8123,4368535.4
2025-08-31T14:45:00+00:00,2.8123,2.8141,2.8063,2.8080,2157427.2
2025-08-31T15:00:00+00:00,2.8080,2.8241,2.8070,2.8128,5460033.4
2025-08-31T15:15:00+00:00,2.8128,2.8163,2.8101,2.8142,1908638.3
2025-08-31T15:30:00+00:00,2.8142,2.8210,2.8124,2.8208,2124268.6
2025-08-31T15:45:00+00:00,2.8207,2.8233,2.8192,2.8207,3618966.5
2025-08-31T16:00:00+00:00,2.8207,2.8208,2.8081,2.8094,9981233.2
2025-08-31T16:15:00+00:00,2.8094,2.8101,2.8044,2.8072,6166424.9
2025-08-31T16:30:00+00:00,2.8072,2.8132,2.8043,2.8125,2745570.3
2025-08-31T16:45:00+00:00,2.8126,2.8149,2.8088,2.8129,1648686.6
2025-08-31T17:00:00+00:00,2.8130,2.8137,2.8087,2.8125,1576840.5
2025-08-31T17:15:00+00:00,2.8125,2.8136,2.8057,2.8116,2342759.9
2025-08-31T17:30:00+00:00,2.8116,2.8127,2.8075,2.8097,1373445.2
2025-08-31T17:45:00+00:00,2.8096,2.8104,2.8050,2.8077,1620996.3
2025-08-31T18:00:00+00:00,2.8077,2.8107,2.8053,2.8087,3216903.7
2025-08-31T18:15:00+00:00,2.8087,2.8158,2.8070,2.8124,2664364.7
2025-08-31T18:30:00+00:00,2.8125,2.8195,2.8119,2.8163,2489326.6
2025-08-31T18:45:00+00:00,2.8164,2.8198,2.8161,2.8183,1521396.3
2025-08-31T19:00:00+00:00,2.8183,2.8184,2.8089,2.8091,2695270.8
2025-08-31T19:15:00+00:00,2.8092,2.8099,2.8021,2.8023,4626033.3
2025-08-31T19:30:00+00:00,2.8024,2.8073,2.8012,2.8053,2134439.7
2025-08-31T19:45:00+00:00,2.8053,2.8053,2.7968,2.7988,3753496.9
2025-08-31T20:00:00+00:00,2.7988,2.8070,2.7932,2.8058,5701210.3
2025-08-31T20:15:00+00:00,2.8059,2.8080,2.7983,2.8038,3108491.0
2025-08-31T20:30:00+00:00,2.8037,2.8082,2.7995,2.8011,2144221.7
2025-08-31T20:45:00+00:00,2.8012,2.8088,2.8004,2.8068,1636571.5
2025-08-31T21:00:00+00:00,2.8068,2.8096,2.8019,2.8095,1903294.9
2025-08-31T21:15:00+00:00,2.8096,2.8122,2.8066,2.8101,2047541.0
2025-08-31T21:30:00+00:00,2.8101,2.8158,2.8089,2.8158,1941198.2
2025-08-31T21:45:00+00:00,2.8157,2.8159,2.8083,2.8101,1871494.1
2025-08-31T22:00:00+00:00,2.8102,2.8111,2.8032,2.8085,3941521.0
2025-08-31T22:15:00+00:00,2.8086,2.8156,2.8085,2.8130,1652236.2
2025-08-31T22:30:00+00:00,2.8129,2.8134,2.7995,2.8002,3672560.6
2025-08-31T22:45:00+00:00,2.8002,2.8033,2.7974,2.7993,3804126.6
2025-08-31T23:00:00+00:00,2.7993,2.7993,2.7884,2.7917,5784674.9
2025-08-31T23:15:00+00:00,2.7917,2.7918,2.7819,2.7852,5912080.0
2025-08-31T23:30:00+00:00,2.7852,2.7859,2.7709,2.7726,10019654.1
2025-08-31T23:45:00+00:00,2.7726,2.7787,2.7686,2.7745,5621495.2
2025-09-01T00:00:00+00:00,2.7744,2.7762,2.7535,2.7612,17425515.1
2025-09-01T00:15:00+00:00,2.7612,2.7661,2.7361,2.7498,25886697.3
2025-09-01T00:30:00+00:00,2.7499,2.7622,2.7358,2.7587,12765077.1
2025-09-01T00:45:00+00:00,2.7587,2.7675,2.7531,2.7611,13464636.6
2025-09-01T01:00:00+00:00,2.7611,2.7700,2.7539,2.7606,8003390.6
2025-09-01T01:15:00+00:00,2.7606,2.7669,2.7533,2.7666,4893530.6
2025-09-01T01:30:00+00:00,2.7667,2.7742,2.7629,2.7735,5389340.6
2025-09-01T01:45:00+00:00,2.7734,2.7784,2.7570,2.7635,6835161.7
2025-09-01T02:00:00+00:00,2.7636,2.7659,2.7483,2.7507,4938676.4
2025-09-01T02:15:00+00:00,2.7507,2.7549,2.7353,2.7470,9608878.6
2025-09-01T02:30:00+00:00,2.7470,2.7476,2.7352,2.7391,5614921.1
2025-09-01T02:45:00+00:00,2.7391,2.7420,2.7272,2.7324,12778523.8
2025-09-01T03:00:00+00:00,2.7324,2.7395,2.7245,2.7292,9455995.2
2025-09-01T03:15:00+00:00,2.7292,2.7353,2.7257,2.7332,7063126.0
2025-09-01T03:30:00+00:00,2.7333,2.7432,2.7298,2.7415,6867838.5
2025-09-01T03:45:00+00:00,2.7415,2.7450,2.7344,2.7407,7592447.4
2025-09-01T04:00:00+00:00,2.7406,2.7459,2.7338,2.7432,4532548.1
2025-09-01T04:15:00+00:00,2.7433,2.7441,2.7315,2.7358,4111522.6
2025-09-01T04:30:00+00:00,2.7357,2.7358,2.7200,2.7203,7730613.7
2025-09-01T04:45:00+00:00,2.7203,2.7216,2.7103,2.7179,13710652.9
2025-09-01T05:00:00+00:00,2.7179,2.7236,2.7010,2.7104,13543921.4
2025-09-01T05:15:00+00:00,2.7103,2.7210,2.7000,2.7210,9254860.5
2025-09-01T05:30:00+00:00,2.7210,2.7346,2.7187,2.7337,8936118.7
2025-09-01T05:45:00+00:00,2.7336,2.7365,2.7272,2.7319,5075555.6
2025-09-01T06:00:00+00:00,2.7319,2.7336,2.7176,2.7243,5838160.1
2025-09-01T06:15:00+00:00,2.7242,2.7364,2.7197,2.7295,9685402.1
2025-09-01T06:30:00+00:00,2.7294,2.7385,2.7280,2.7383,3679188.9
2025-09-01T06:45:00+00:00,2.7383,2.7392,2.7338,2.7357,2848421.7
2025-09-01T07:00:00+00:00,2.7356,2.7413,2.7253,2.7263,7800990.3
2025-09-01T07:15:00+00:00,2.7263,2.7499,2.7254,2.7461,9902105.5
2025-09-01T07:30:00+00:00,2.7461,2.7637,2.7438,2.7523,15082713.0
2025-09-01T07:45:00+00:00,2.7523,2.7934,2.7522,2.7930,35262297.6
2025-09-01T08:00:00+00:00,2.7930,2.8179,2.7928,2.8008,39489743.7
2025-09-01T08:15:00+00:00,2.8008,2.8069,2.7933,2.7943,12398019.6
2025-09-01T08:30:00+00:00,2.7943,2.8160,2.7942,2.8149,15566947.7
2025-09-01T08:45:00+00:00,2.8148,2.8258,2.8098,2.8241,12206646.8
2025-09-01T09:00:00+00:00,2.8240,2.8381,2.8240,2.8290,15645145.3
2025-09-01T09:15:00+00:00,2.8289,2.8290,2.8207,2.8223,5737981.0
2025-09-01T09:30:00+00:00,2.8222,2.8250,2.8146,2.8215,5516846.0
2025-09-01T09:45:00+00:00,2.8215,2.8217,2.8071,2.8075,10012441.6
2025-09-01T10:00:00+00:00,2.8075,2.8146,2.8024,2.8138,8054599.5
2025-09-01T10:15:00+00:00,2.8139,2.8150,2.7998,2.8017,6081060.2
2025-09-01T10:30:00+00:00,2.8017,2.8019,2.7815,2.7859,16747796.1
2025-09-01T10:45:00+00:00,2.7858,2.7919,2.7764,2.7913,8425293.2
2025-09-01T11:00:00+00:00,2.7913,2.7986,2.7868,2.7877,7006899.8
2025-09-01T11:15:00+00:00,2.7877,2.7942,2.7795,2.7829,5310040.5
2025-09-01T11:30:00+00:00,2.7828,2.7831,2.7661,2.7669,12569675.0
2025-09-01T11:45:00+00:00,2.7669,2.7746,2.7661,2.7688,7034833.2
2025-09-01T12:00:00+00:00,2.7687,2.7770,2.7629,2.7719,7492379.2
2025-09-01T12:15:00+00:00,2.7720,2.7741,2.7597,2.7706,6427624.7
2025-09-01T12:30:00+00:00,2.7706,2.7795,2.7676,2.7686,5749277.9
2025-09-01T12:45:00+00:00,2.7685,2.7762,2.7659,2.7704,3238346.2
2025-09-01T13:00:00+00:00,2.7705,2.7730,2.7627,2.7656,7370808.8
2025-09-01T13:15:00+00:00,2.7655,2.7765,2.7560,2.7745,10185693.5
2025-09-01T13:30:00+00:00,2.7745,2.7754,2.7638,2.7648,6700940.2
2025-09-01T13:45:00+00:00,2.7647,2.7685,2.7527,2.7580,7624506.7
2025-09-01T14:00:00+00:00,2.7581,2.7722,2.7568,2.7696,4154641.7
2025-09-01T14:15:00+00:00,2.7695,2.7724,2.7613,2.7657,2555919.0
2025-09-01T14:30:00+00:00,2.7658,2.7686,2.7503,2.7630,5525629.8
2025-09-01T14:45:00+00:00,2.7630,2.7724,2.7542,2.7686,5396481.6
2025-09-01T15:00:00+00:00,2.7686,2.7776,2.7592,2.7637,5451785.8
2025-09-01T15:15:00+00:00,2.7637,2.7666,2.7528,2.7587,4062536.7
2025-09-01T15:30:00+00:00,2.7586,2.7662,2.7529,2.7625,3688114.0
2025-09-01T15:45:00+00:00,2.7625,2.7688,2.7504,2.7611,4759490.5
2025-09-01T16:00:00+00:00,2.7611,2.7674,2.7519,2.7608,5159601.9
2025-09-01T16:15:00+00:00,2.7608,2.7645,2.7516,2.7588,3634346.5
2025-09-01T16:30:00+00:00,2.7589,2.7592,2.7424,2.7491,5494398.2
2025-09-01T16:45:00+00:00,2.7491,2.7562,2.7426,2.7459,3878110.4
2025-09-01T17:00:00+00:00,2.7459,2.7472,2.7265,2.7356,14110089.6
2025-09-01T17:15:00+00:00,2.7356,2.7402,2.7214,2.7288,6565743.7
2025-09-01T17:30:00+00:00,2.7287,2.7300,2.7196,2.7257,8011461.0
2025-09-01T17:45:00+00:00,2.7256,2.7294,2.7186,2.7256,6323901.9
2025-09-01T18:00:00+00:00,2.7255,2.7340,2.7226,2.7325,7276641.7
2025-09-01T18:15:00+00:00,2.7325,2.7453,2.7308,2.7425,7335821.0
2025-09-01T18:30:00+00:00,2.7424,2.7515,2.7397,2.7500,3379923.3
2025-09-01T18:45:00+00:00,2.7500,2.7564,2.7493,2.7545,3470919.0
2025-09-01T19:00:00+00:00,2.7544,2.7650,2.7512,2.7634,4386124.1
2025-09-01T19:15:00+00:00,2.7634,2.7655,2.7576,2.7576,4784307.0
2025-09-01T19:30:00+00:00,2.7576,2.7705,2.7571,2.7698,4643977.3
2025-09-01T19:45:00+00:00,2.7698,2.7736,2.7657,2.7722,3506161.0
2025-09-01T20:00:00+00:00,2.7723,2.7729,2.7644,2.7694,4043199.9
2025-09-01T20:15:00+00:00,2.7695,2.7748,2.7659,2.7716,5292026.1
2025-09-01T20:30:00+00:00,2.7716,2.7737,2.7403,2.7407,15070572.2
2025-09-01T20:45:00+00:00,2.7406,2.7641,2.7347,2.7611,28422898.6
2025-09-01T21:00:00+00:00,2.7611,2.7632,2.7419,2.7437,8757964.8
2025-09-01T21:15:00+00:00,2.7437,2.7469,2.7272,2.7304,8331815.8
2025-09-01T21:30:00+00:00,2.7304,2.7309,2.6955,2.7112,18559706.6
2025-09-01T21:45:00+00:00,2.7113,2.7284,2.7100,2.7266,6446156.1
2025-09-01T22:00:00+00:00,2.7265,2.7283,2.7160,2.7249,6714366.8
2025-09-01T22:15:00+00:00,2.7249,2.7357,2.7185,2.7196,5759723.3
2025-09-01T22:30:00+00:00,2.7197,2.7307,2.7177,2.7194,4038739.8
2025-09-01T22:45:00+00:00,2.7193,2.7462,2.7186,2.7425,7269357.9
2025-09-01T23:00:00+00:00,2.7425,2.7517,2.7406,2.7462,8448270.0
2025-09-01T23:15:00+00:00,2.7462,2.7462,2.7390,2.7444,3233526.7
2025-09-01T23:30:00+00:00,2.7444,2.7486,2.7342,2.7486,4035206.6
2025-09-01T23:45:00+00:00,2.7486,2.7604,2.7472,2.7576,8634308.0
2025-09-02T00:00:00+00:00,2.7576,2.7650,2.7554,2.7599,7204328.7
2025-09-02T00:15:00+00:00,2.7599,2.7668,2.7552,2.7554,4165587.3
2025-09-02T00:30:00+00:00,2.7553,2.7633,2.7522,2.7552,3903042.2
2025-09-02T00:45:00+00:00,2.7552,2.7657,2.7536,2.7591,3410418.1
2025-09-02T01:00:00+00:00,2.7592,2.7657,2.7550,2.7572,3854775.5
2025-09-02T01:15:00+00:00,2.7573,2.7595,2.7484,2.7525,6796546.7
2025-09-02T01:30:00+00:00,2.7525,2.7734,2.7471,2.7702,6352231.2
2025-09-02T01:45:00+00:00,2.7703,2.7759,2.7638,2.7644,8766595.2
2025-09-02T02:00:00+00:00,2.7644,2.7717,2.7616,2.7645,3916970.1
2025-09-02T02:15:00+00:00,2.7645,2.7734,2.7567,2.7715,4897055.8
2025-09-02T02:30:00+00:00,2.7715,2.7799,2.7686,2.7754,3743321.2
2025-09-02T02:45:00+00:00,2.7753,2.7885,2.7732,2.7876,6185389.0
2025-09-02T03:00:00+00:00,2.7875,2.7955,2.7822,2.7928,8980872.3
2025-09-02T03:15:00+00:00,2.7928,2.8000,2.7912,2.7933,7093218.7
2025-09-02T03:30:00+00:00,2.7933,2.7993,2.7897,2.7970,3656340.7
2025-09-02T03:45:00+00:00,2.7969,2.7991,2.7946,2.7966,4316356.3
2025-09-02T04:00:00+00:00,2.7967,2.7975,2.7901,2.7935,3737855.5
2025-09-02T04:15:00+00:00,2.7935,2.8013,2.7917,2.7989,3223956.8
2025-09-02T04:30:00+00:00,2.7990,2.8043,2.7981,2.8030,3137484.9
2025-09-02T04:45:00+00:00,2.8031,2.8041,2.7958,2.8019,2906031.7
2025-09-02T05:00:00+00:00,2.8020,2.8049,2.7964,2.8017,3427997.3
2025-09-02T05:15:00+00:00,2.8018,2.8058,2.7983,2.8013,2999896.0
2025-09-02T05:30:00+00:00,2.8014,2.8105,2.8002,2.8079,4095761.7
2025-09-02T05:45:00+00:00,2.8079,2.8145,2.8078,2.8094,4086020.2
2025-09-02T06:00:00+00:00,2.8094,2.8137,2.8043,2.8056,6236826.5
2025-09-02T06:15:00+00:00,2.8056,2.8076,2.7994,2.8029,4197007.5
2025-09-02T06:30:00+00:00,2.8029,2.8076,2.7994,2.8062,3090250.8
2025-09-02T06:45:00+00:00,2.8061,2.8069,2.7994,2.8012,2311086.5
2025-09-02T07:00:00+00:00,2.8013,2.8049,2.7958,2.7975,5973325.5
2025-09-02T07:15:00+00:00,2.7975,2.8013,2.7945,2.7989,5441854.3
2025-09-02T07:30:00+00:00,2.7988,2.8016,2.7892,2.7907,6377300.5
2025-09-02T07:45:00+00:00,2.7906,2.7952,2.7840,2.7928,9147645.4
2025-09-02T08:00:00+00:00,2.7928,2.8048,2.7924,2.8004,6975062.8
2025-09-02T08:15:00+00:00,2.8003,2.8318,2.8001,2.8148,18019026.3
2025-09-02T08:30:00+00:00,2.8148,2.8152,2.8047,2.8119,5901537.1
2025-09-02T08:45:00+00:00,2.8119,2.8140,2.8047,2.8048,3764694.8
2025-09-02T09:00:00+00:00,2.8047,2.8149,2.8026,2.8132,5375916.3
2025-09-02T09:15:00+00:00,2.8131,2.8210,2.8111,2.8114,4295081.6
2025-09-02T09:30:00+00:00,2.8115,2.8115,2.8066,2.8084,3155950.9
2025-09-02T09:45:00+00:00,2.8083,2.8089,2.8045,2.8087,1869593.8
2025-09-02T10:00:00+00:00,2.8088,2.8112,2.8031,2.8109,2766882.9
2025-09-02T10:15:00+00:00,2.8109,2.8115,2.8046,2.8051,1822435.0
2025-09-02T10:30:00+00:00,2.8051,2.8102,2.8022,2.8077,3566946.1
2025-09-02T10:45:00+00:00,2.8078,2.8107,2.8064,2.8106,1778404.6
2025-09-02T11:00:00+00:00,2.8107,2.8114,2.7995,2.8018,3565617.7
2025-09-02T11:15:00+00:00,2.8018,2.8043,2.7976,2.7997,3833663.9
2025-09-02T11:30:00+00:00,2.7997,2.8066,2.7996,2.8043,2569549.0
2025-09-02T11:45:00+00:00,2.8042,2.8057,2.7942,2.7979,6400047.3
2025-09-02T12:00:00+00:00,2.7978,2.8013,2.7902,2.7907,7393972.7
2025-09-02T12:15:00+00:00,2.7908,2.7987,2.7878,2.7969,5701174.4
2025-09-02T12:30:00+00:00,2.7969,2.8003,2.7780,2.7801,12546744.3
2025-09-02T12:45:00+00:00,2.7801,2.7804,2.7607,2.7679,23067635.7
2025-09-02T13:00:00+00:00,2.7679,2.7833,2.7661,2.7814,10222503.8
2025-09-02T13:15:00+00:00,2.7813,2.7842,2.7738,2.7799,6502789.6
2025-09-02T13:30:00+00:00,2.7800,2.8089,2.7694,2.8060,28705831.9
2025-09-02T13:45:00+00:00,2.8060,2.8313,2.8034,2.8273,25050356.7
2025-09-02T14:00:00+00:00,2.8273,2.8385,2.8085,2.8204,23323472.7
2025-09-02T14:15:00+00:00,2.8203,2.8361,2.8096,2.8349,13878899.9
2025-09-02T14:30:00+00:00,2.8348,2.8449,2.8293,2.8348,17035975.5
2025-09-02T14:45:00+00:00,2.8349,2.8390,2.8258,2.8369,7704643.0
2025-09-02T15:00:00+00:00,2.8368,2.8390,2.8204,2.8306,8480375.0
2025-09-02T15:15:00+00:00,2.8306,2.8349,2.8207,2.8269,6824069.7
2025-09-02T15:30:00+00:00,2.8269,2.8270,2.8045,2.8071,8322571.5
2025-09-02T15:45:00+00:00,2.8071,2.8110,2.7849,2.7895,11303602.2
2025-09-02T16:00:00+00:00,2.7894,2.8032,2.7880,2.8002,8519227.6
2025-09-02T16:15:00+00:00,2.8002,2.8043,2.7804,2.7815,6918165.5
2025-09-02T16:30:00+00:00,2.7816,2.7987,2.7816,2.7942,4839036.8
2025-09-02T16:45:00+00:00,2.7941,2.7982,2.7892,2.7944,2925471.3
2025-09-02T17:00:00+00:00,2.7944,2.8023,2.7874,2.7877,4323557.0
2025-09-02T17:15:00+00:00,2.7877,2.8010,2.7867,2.8003,4864437.3
2025-09-02T17:30:00+00:00,2.8003,2.8060,2.7918,2.7952,6619257.6
2025-09-02T17:45:00+00:00,2.7952,2.8052,2.7944,2.8042,3943852.2
2025-09-02T18:00:00+00:00,2.8043,2.8058,2.7939,2.8027,3968900.9
2025-09-02T18:15:00+00:00,2.8028,2.8045,2.7967,2.7996,2899505.6
2025-09-02T18:30:00+00:00,2.7996,2.8047,2.7955,2.8001,3339894.1
2025-09-02T18:45:00+00:00,2.8001,2.8199,2.7919,2.8127,9335737.6
2025-09-02T19:00:00+00:00,2.8127,2.8220,2.8080,2.8080,6437839.2
2025-09-02T19:15:00+00:00,2.8081,2.8127,2.8024,2.8060,4304220.4
2025-09-02T19:30:00+00:00,2.8060,2.8148,2.7989,2.8135,4335433.3
2025-09-02T19:45:00+00:00,2.8135,2.8277,2.8117,2.8269,8914954.1
2025-09-02T20:00:00+00:00,2.8269,2.8326,2.8155,2.8326,8820429.6
2025-09-02T20:15:00+00:00,2.8326,2.8496,2.8312,2.8485,10761812.1
2025-09-02T20:30:00+00:00,2.8484,2.8538,2.8344,2.8461,15267765.6
2025-09-02T20:45:00+00:00,2.8462,2.8482,2.8366,2.8420,4696279.4
2025-09-02T21:00:00+00:00,2.8421,2.8479,2.8390,2.8479,4351845.9
2025-09-02T21:15:00+00:00,2.8479,2.8479,2.8322,2.8360,4840962.2
2025-09-02T21:30:00+00:00,2.8360,2.8429,2.8346,2.8412,2701115.5
2025-09-02T21:45:00+00:00,2.8413,2.8450,2.8410,2.8436,1685721.9
2025-09-02T22:00:00+00:00,2.8437,2.8440,2.8334,2.8414,5764457.2
2025-09-02T22:15:00+00:00,2.8415,2.8443,2.8377,2.8425,2405652.0
2025-09-02T22:30:00+00:00,2.8424,2.8486,2.8394,2.8476,3120644.2
2025-09-02T22:45:00+00:00,2.8475,2.8594,2.8443,2.8593,8860316.6
2025-09-02T23:00:00+00:00,2.8593,2.8593,2.8510,2.8546,3829415.2
2025-09-02T23:15:00+00:00,2.8546,2.8618,2.8520,2.8528,3284924.9
2025-09-02T23:30:00+00:00,2.8529,2.8601,2.8492,2.8555,3186450.5
2025-09-02T23:45:00+00:00,2.8554,2.8631,2.8546,2.8605,3601612.0
2025-09-03T00:00:00+00:00,2.8605,2.8617,2.8500,2.8553,8018230.4
2025-09-03T00:15:00+00:00,2.8553,2.8625,2.8477,2.8598,8219616.2
2025-09-03T00:30:00+00:00,2.8597,2.8618,2.8481,2.8488,3741543.1
2025-09-03T00:45:00+00:00,2.8487,2.8500,2.8365,2.8402,13596001.1
2025-09-03T01:00:00+00:00,2.8401,2.8406,2.8269,2.8279,9284574.3
2025-09-03T01:15:00+00:00,2.8279,2.8348,2.8246,2.8274,6895159.4
2025-09-03T01:30:00+00:00,2.8274,2.8335,2.8268,2.8335,5011464.9
2025-09-03T01:45:00+00:00,2.8335,2.8478,2.8294,2.8465,5848436.6
2025-09-03T02:00:00+00:00,2.8465,2.8648,2.8452,2.8530,10702584.2
2025-09-03T02:15:00+00:00,2.8531,2.8644,2.8526,2.8578,5053551.0
2025-09-03T02:30:00+00:00,2.8577,2.8599,2.8492,2.8537,3034965.2
2025-09-03T02:45:00+00:00,2.8536,2.8573,2.8493,2.8495,2356126.5
2025-09-03T03:00:00+00:00,2.8495,2.8499,2.8394,2.8396,3426386.7
2025-09-03T03:15:00+00:00,2.8396,2.8431,2.8369,2.8392,3362138.9
2025-09-03T03:30:00+00:00,2.8391,2.8418,2.8342,2.8360,1849545.6
2025-09-03T03:45:00+00:00,2.8360,2.8415,2.8344,2.8399,2180495.3
2025-09-03T04:00:00+00:00,2.8399,2.8432,2.8329,2.8333,2994847.9
2025-09-03T04:15:00+00:00,2.8333,2.8356,2.8295,2.8323,3232146.1
2025-09-03T04:30:00+00:00,2.8323,2.8381,2.8320,2.8359,1471274.7
2025-09-03T04:45:00+00:00,2.8358,2.8376,2.8334,2.8354,1230986.4
2025-09-03T05:00:00+00:00,2.8354,2.8361,2.8306,2.8345,1446283.0
2025-09-03T05:15:00+00:00,2.8345,2.8348,2.8287,2.8304,1733016.2
2025-09-03T05:30:00+00:00,2.8303,2.8323,2.8271,2.8282,2084803.1
2025-09-03T05:45:00+00:00,2.8282,2.8289,2.8224,2.8259,2775859.4
2025-09-03T06:00:00+00:00,2.8259,2.8265,2.8140,2.8192,9211826.1
2025-09-03T06:15:00+00:00,2.8192,2.8237,2.8162,2.8228,2764951.2
2025-09-03T06:30:00+00:00,2.8229,2.8253,2.8166,2.8179,3128348.3
2025-09-03T06:45:00+00:00,2.8178,2.8199,2.8132,2.8165,2829696.7
2025-09-03T07:00:00+00:00,2.8165,2.8198,2.8115,2.8165,3546830.7
2025-09-03T07:15:00+00:00,2.8165,2.8169,2.8091,2.8131,4445157.6
2025-09-03T07:30:00+00:00,2.8132,2.8184,2.8122,2.8181,3267741.7
2025-09-03T07:45:00+00:00,2.8181,2.8206,2.8145,2.8192,5291241.1
2025-09-03T08:00:00+00:00,2.8192,2.8338,2.8185,2.8330,6686483.9
2025-09-03T08:15:00+00:00,2.8330,2.8375,2.8282,2.8305,5902352.8
2025-09-03T08:30:00+00:00,2.8306,2.8335,2.8272,2.8327,3771328.4
2025-09-03T08:45:00+00:00,2.8327,2.8360,2.8300,2.8360,2507840.7
2025-09-03T09:00:00+00:00,2.8360,2.8426,2.8313,2.8316,6686337.6
2025-09-03T09:15:00+00:00,2.8317,2.8410,2.8316,2.8393,2837632.3
2025-09-03T09:30:00+00:00,2.8393,2.8444,2.8362,2.8439,3488743.1
2025-09-03T09:45:00+00:00,2.8440,2.8466,2.8376,2.8449,5267806.4
2025-09-03T10:00:00+00:00,2.8449,2.8470,2.8405,2.8454,2815741.2
2025-09-03T10:15:00+00:00,2.8455,2.8582,2.8447,2.8578,6729937.1
2025-09-03T10:30:00+00:00,2.8578,2.8627,2.8483,2.8511,7270588.8
2025-09-03T10:45:00+00:00,2.8511,2.8515,2.8453,2.8465,3596245.1
2025-09-03T11:00:00+00:00,2.8464,2.8576,2.8461,2.8564,4212995.0
2025-09-03T11:15:00+00:00,2.8563,2.8578,2.8528,2.8555,2623664.0
2025-09-03T11:30:00+00:00,2.8556,2.8604,2.8488,2.8593,5193727.2
2025-09-03T11:45:00+00:00,2.8593,2.8594,2.8540,2.8553,3453403.4
2025-09-03T12:00:00+00:00,2.8554,2.8615,2.8554,2.8586,3476703.0
2025-09-03T12:15:00+00:00,2.8586,2.8650,2.8562,2.8574,4933959.0
2025-09-03T12:30:00+00:00,2.8573,2.8741,2.8518,2.8521,12354464.7
2025-09-03T12:45:00+00:00,2.8521,2.8542,2.8408,2.8441,9314664.0
2025-09-03T13:00:00+00:00,2.8440,2.8522,2.8440,2.8503,6357191.6
2025-09-03T13:15:00+00:00,2.8503,2.8552,2.8488,2.8512,3570530.9
2025-09-03T13:30:00+00:00,2.8512,2.8713,2.8480,2.8667,11601233.9
2025-09-03T13:45:00+00:00,2.8666,2.8738,2.8568,2.8582,12122085.2
2025-09-03T14:00:00+00:00,2.8583,2.8719,2.8530,2.8530,12856127.4
2025-09-03T14:15:00+00:00,2.8531,2.8730,2.8522,2.8693,10169718.8
2025-09-03T14:30:00+00:00,2.8692,2.8853,2.8692,2.8840,14935869.9
2025-09-03T14:45:00+00:00,2.8840,2.8841,2.8690,2.8717,7711217.0
2025-09-03T15:00:00+00:00,2.8717,2.8753,2.8660,2.8663,6040858.9
2025-09-03T15:15:00+00:00,2.8663,2.8718,2.8604,2.8636,3951571.9
2025-09-03T15:30:00+00:00,2.8635,2.8741,2.8628,2.8722,7974747.2
2025-09-03T15:45:00+00:00,2.8722,2.8737,2.8674,2.8706,2507250.5
2025-09-03T16:00:00+00:00,2.8706,2.8729,2.8658,2.8702,3597789.5
2025-09-03T16:15:00+00:00,2.8702,2.8717,2.8625,2.8625,2271388.2
2025-09-03T16:30:00+00:00,2.8625,2.8647,2.8568,2.8571,3230451.2
2025-09-03T16:45:00+00:00,2.8571,2.8602,2.8550,2.8587,3197015.1
2025-09-03T17:00:00+00:00,2.8587,2.8677,2.8587,2.8664,2530524.3
2025-09-03T17:15:00+00:00,2.8664,2.8677,2.8578,2.8610,2814487.2
2025-09-03T17:30:00+00:00,2.8609,2.8655,2.8576,2.8578,3081134.8
2025-09-03T17:45:00+00:00,2.8578,2.8670,2.8555,2.8610,3693955.8
2025-09-03T18:00:00+00:00,2.8610,2.8663,2.8586,2.8626,2660166.4
2025-09-03T18:15:00+00:00,2.8626,2.8627,2.8567,2.8585,2003380.0
2025-09-03T18:30:00+00:00,2.8586,2.8586,2.8467,2.8483,4967359.1
2025-09-03T18:45:00+00:00,2.8483,2.8505,2.8437,2.8504,4979658.6
2025-09-03T19:00:00+00:00,2.8505,2.8510,2.8448,2.8452,2367781.7
2025-09-03T19:15:00+00:00,2.8451,2.8500,2.8418,2.8480,3492656.6
2025-09-03T19:30:00+00:00,2.8481,2.8521,2.8469,2.8518,3034497.6
2025-09-03T19:45:00+00:00,2.8518,2.8650,2.8502,2.8631,5911694.7
2025-09-03T20:00:00+00:00,2.8632,2.8661,2.8620,2.8626,3188805.6
2025-09-03T20:15:00+00:00,2.8627,2.8627,2.8543,2.8551,4152054.5
2025-09-03T20:30:00+00:00,2.8550,2.8604,2.8550,2.8597,2023231.0
2025-09-03T20:45:00+00:00,2.8597,2.8600,2.8527,2.8555,1668506.8
2025-09-03T21:00:00+00:00,2.8556,2.8568,2.8492,2.8499,3524015.6
2025-09-03T21:15:00+00:00,2.8499,2.8525,2.8462,2.8482,1915204.3
2025-09-03T21:30:00+00:00,2.8482,2.8486,2.8421,2.8440,2028151.6
2025-09-03T21:45:00+00:00,2.8440,2.8471,2.8375,2.8442,3879238.6
2025-09-03T22:00:00+00:00,2.8441,2.8481,2.8435,2.8474,4114212.8
2025-09-03T22:15:00+00:00,2.8474,2.8515,2.8419,2.8433,3474261.3
2025-09-03T22:30:00+00:00,2.8432,2.8445,2.8397,2.8423,1607014.9
2025-09-03T22:45:00+00:00,2.8424,2.8448,2.8392,2.8448,1742295.4
2025-09-03T23:00:00+00:00,2.8448,2.8456,2.8408,2.8419,1404364.7
2025-09-03T23:15:00+00:00,2.8419,2.8453,2.8411,2.8449,1963395.2
2025-09-03T23:30:00+00:00,2.8448,2.8465,2.8404,2.8412,1730633.0
2025-09-03T23:45:00+00:00,2.8412,2.8438,2.8411,2.8430,1457160.2
2025-09-04T00:00:00+00:00,2.8429,2.8473,2.8422,2.8461,3716697.5
2025-09-04T00:15:00+00:00,2.8461,2.8560,2.8427,2.8512,4824478.8
2025-09-04T00:30:00+00:00,2.8513,2.8550,2.8485,2.8487,2338555.1
2025-09-04T00:45:00+00:00,2.8487,2.8496,2.8450,2.8451,1529863.8
2025-09-04T01:00:00+00:00,2.8451,2.8452,2.8341,2.8341,4205721.7
2025-09-04T01:15:00+00:00,2.8341,2.8381,2.8326,2.8380,3910114.2
2025-09-04T01:30:00+00:00,2.8379,2.8439,2.8357,2.8370,3514920.4
2025-09-04T01:45:00+00:00,2.8369,2.8396,2.8348,2.8393,1896341.3
2025-09-04T02:00:00+00:00,2.8393,2.8439,2.8379,2.8403,3418976.3
2025-09-04T02:15:00+00:00,2.8403,2.8430,2.8352,2.8352,2273400.8
2025-09-04T02:30:00+00:00,2.8353,2.8431,2.8318,2.8398,3806970.2
2025-09-04T02:45:00+00:00,2.8399,2.8423,2.8350,2.8363,1666820.1
2025-09-04T03:00:00+00:00,2.8363,2.8387,2.8317,2.8375,3291894.5
2025-09-04T03:15:00+00:00,2.8374,2.8493,2.8365,2.8434,4172535.3
2025-09-04T03:30:00+00:00,2.8434,2.8470,2.8395,2.8455,2811591.7
2025-09-04T03:45:00+00:00,2.8455,2.8494,2.8416,2.8430,2797496.1
2025-09-04T04:00:00+00:00,2.8430,2.8485,2.8371,2.8442,3447595.6
2025-09-04T04:15:00+00:00,2.8441,2.8526,2.8428,2.8483,4727098.5
2025-09-04T04:30:00+00:00,2.8483,2.8601,2.8473,2.8543,5126743.5
2025-09-04T04:45:00+00:00,2.8544,2.8580,2.8479,2.8495,3084781.6
2025-09-04T05:00:00+00:00,2.8494,2.8496,2.8290,2.8301,12511698.3
2025-09-04T05:15:00+00:00,2.8301,2.8346,2.8239,2.8291,6393885.7
2025-09-04T05:30:00+00:00,2.8292,2.8346,2.8274,2.8277,3275251.9
2025-09-04T05:45:00+00:00,2.8277,2.8319,2.8258,2.8319,2851639.1
2025-09-04T06:00:00+00:00,2.8319,2.8322,2.8224,2.8237,5527001.8
2025-09-04T06:15:00+00:00,2.8237,2.8239,2.8180,2.8202,4190034.5
2025-09-04T06:30:00+00:00,2.8202,2.8202,2.8162,2.8182,3523950.1
2025-09-04T06:45:00+00:00,2.8183,2.8183,2.8128,2.8132,3957288.5
2025-09-04T07:00:00+00:00,2.8132,2.8225,2.8129,2.8210,5930447.6
2025-09-04T07:15:00+00:00,2.8210,2.8238,2.8146,2.8159,3040650.0
2025-09-04T07:30:00+00:00,2.8158,2.8206,2.8153,2.8203,1611528.1
2025-09-04T07:45:00+00:00,2.8203,2.8256,2.8196,2.8234,2188888.6
2025-09-04T08:00:00+00:00,2.8234,2.8320,2.8225,2.8311,6861248.7
2025-09-04T08:15:00+00:00,2.8310,2.8517,2.8310,2.8517,8929325.0
2025-09-04T08:30:00+00:00,2.8516,2.8546,2.8427,2.8435,7357862.5
2025-09-04T08:45:00+00:00,2.8435,2.8446,2.8352,2.8361,3815387.1
2025-09-04T09:00:00+00:00,2.8360,2.8493,2.8360,2.8448,3997598.3
2025-09-04T09:15:00+00:00,2.8447,2.8457,2.8394,2.8413,1789895.0
2025-09-04T09:30:00+00:00,2.8413,2.8463,2.8401,2.8418,1711495.1
2025-09-04T09:45:00+00:00,2.8417,2.8429,2.8376,2.8414,2542942.4
2025-09-04T10:00:00+00:00,2.8415,2.8461,2.8348,2.8418,3820190.4
2025-09-04T10:15:00+00:00,2.8418,2.8441,2.8388,2.8394,1686137.2
2025-09-04T10:30:00+00:00,2.8394,2.8433,2.8372,2.8391,1320736.6
2025-09-04T10:45:00+00:00,2.8390,2.8436,2.8390,2.8406,3027068.8
2025-09-04T11:00:00+00:00,2.8406,2.8489,2.8377,2.8471,3097674.1
2025-09-04T11:15:00+00:00,2.8472,2.8495,2.8419,2.8421,3178818.6
2025-09-04T11:30:00+00:00,2.8420,2.8450,2.8397,2.8449,1420175.6
2025-09-04T11:45:00+00:00,2.8450,2.8457,2.8382,2.8398,1693004.9
2025-09-04T12:00:00+00:00,2.8398,2.8445,2.8378,2.8426,2156794.0
2025-09-04T12:15:00+00:00,2.8426,2.8454,2.8380,2.8424,3210516.6
2025-09-04T12:30:00+00:00,2.8424,2.8468,2.8312,2.8339,4451790.1
2025-09-04T12:45:00+00:00,2.8339,2.8456,2.8326,2.8446,3364895.9
2025-09-04T13:00:00+00:00,2.8446,2.8453,2.8371,2.8385,2178441.0
2025-09-04T13:15:00+00:00,2.8385,2.8453,2.8373,2.8398,2117118.9
2025-09-04T13:30:00+00:00,2.8397,2.8430,2.8250,2.8285,7909473.9
2025-09-04T13:45:00+00:00,2.8285,2.8302,2.8195,2.8250,6502345.2
2025-09-04T14:00:00+00:00,2.8249,2.8274,2.8058,2.8115,20245904.9
2025-09-04T14:15:00+00:00,2.8115,2.8365,2.8067,2.8293,10369082.1
2025-09-04T14:30:00+00:00,2.8294,2.8444,2.8290,2.8345,9118270.4
2025-09-04T14:45:00+00:00,2.8344,2.8402,2.8312,2.8338,4421906.8
2025-09-04T15:00:00+00:00,2.8338,2.8365,2.8114,2.8148,12421688.1
2025-09-04T15:15:00+00:00,2.8149,2.8186,2.8062,2.8123,10445727.7
2025-09-04T15:30:00+00:00,2.8123,2.8144,2.8023,2.8096,7172210.1
2025-09-04T15:45:00+00:00,2.8096,2.8140,2.8072,2.8090,3332084.5
2025-09-04T16:00:00+00:00,2.8090,2.8187,2.8054,2.8153,5517138.2
2025-09-04T16:15:00+00:00,2.8153,2.8163,2.8031,2.8033,3449251.0
2025-09-04T16:30:00+00:00,2.8033,2.8081,2.8002,2.8056,4455934.5
2025-09-04T16:45:00+00:00,2.8056,2.8096,2.8007,2.8061,3271696.6
2025-09-04T17:00:00+00:00,2.8062,2.8151,2.8062,2.8114,3907918.8
2025-09-04T17:15:00+00:00,2.8114,2.8190,2.8114,2.8183,2774714.1
2025-09-04T17:30:00+00:00,2.8183,2.8198,2.8114,2.8119,2558532.1
2025-09-04T17:45:00+00:00,2.8120,2.8192,2.8109,2.8141,2467649.4
2025-09-04T18:00:00+00:00,2.8141,2.8222,2.8138,2.8145,2785159.0
2025-09-04T18:15:00+00:00,2.8144,2.8170,2.8006,2.8022,4015611.8
2025-09-04T18:30:00+00:00,2.8023,2.8062,2.7950,2.8014,7967943.9
2025-09-04T18:45:00+00:00,2.8015,2.8051,2.7954,2.7978,2832899.2
2025-09-04T19:00:00+00:00,2.7979,2.8058,2.7951,2.8049,2762133.4
2025-09-04T19:15:00+00:00,2.8050,2.8056,2.7956,2.8010,2571483.6
2025-09-04T19:30:00+00:00,2.8009,2.8025,2.7886,2.7898,6058208.3
2025-09-04T19:45:00+00:00,2.7897,2.7925,2.7823,2.7831,10352110.9
2025-09-04T20:00:00+00:00,2.7831,2.8003,2.7831,2.7993,9056611.6
2025-09-04T20:15:00+00:00,2.7992,2.8045,2.7955,2.8045,4097084.8
2025-09-04T20:30:00+00:00,2.8044,2.8059,2.8004,2.8004,2287501.1
2025-09-04T20:45:00+00:00,2.8005,2.8016,2.7973,2.8001,2593983.1
2025-09-04T21:00:00+00:00,2.8001,2.8046,2.7978,2.8009,2580988.6
2025-09-04T21:15:00+00:00,2.8010,2.8050,2.8001,2.8010,1469536.5
2025-09-04T21:30:00+00:00,2.8011,2.8091,2.7990,2.8090,2190437.0
2025-09-04T21:45:00+00:00,2.8091,2.8127,2.8080,2.8113,1964974.1
2025-09-04T22:00:00+00:00,2.8113,2.8125,2.8057,2.8058,3406567.1
2025-09-04T22:15:00+00:00,2.8058,2.8100,2.8020,2.8090,3072118.6
2025-09-04T22:30:00+00:00,2.8089,2.8124,2.8054,2.8061,2578529.3
2025-09-04T22:45:00+00:00,2.8061,2.8216,2.8047,2.8182,4759041.5
2025-09-04T23:00:00+00:00,2.8182,2.8245,2.8118,2.8141,6260356.7
2025-09-04T23:15:00+00:00,2.8142,2.8146,2.8077,2.8077,2431334.2
2025-09-04T23:30:00+00:00,2.8077,2.8082,2.8006,2.8017,2855930.3
2025-09-04T23:45:00+00:00,2.8017,2.8030,2.7925,2.7933,4168399.6
2025-09-05T00:00:00+00:00,2.7933,2.7988,2.7902,2.7977,4880668.5
2025-09-05T00:15:00+00:00,2.7978,2.7986,2.7896,2.7944,3145259.4
2025-09-05T00:30:00+00:00,2.7944,2.7979,2.7892,2.7927,3606603.9
2025-09-05T00:45:00+00:00,2.7928,2.7928,2.7765,2.7803,10101256.7
2025-09-05T01:00:00+00:00,2.7804,2.7871,2.7769,2.7821,4464432.9
2025-09-05T01:15:00+00:00,2.7820,2.7968,2.7786,2.7957,3950963.7
2025-09-05T01:30:00+00:00,2.7958,2.8057,2.7948,2.8053,2843239.5
2025-09-05T01:45:00+00:00,2.8053,2.8073,2.8013,2.8035,2941578.1
2025-09-05T02:00:00+00:00,2.8035,2.8129,2.8013,2.8069,5499416.8
2025-09-05T02:15:00+00:00,2.8069,2.8108,2.8010,2.8066,4265645.9
2025-09-05T02:30:00+00:00,2.8066,2.8117,2.8032,2.8044,4515293.8
2025-09-05T02:45:00+00:00,2.8045,2.8106,2.8035,2.8095,1803927.3
2025-09-05T03:00:00+00:00,2.8095,2.8095,2.8010,2.8010,2630437.9
2025-09-05T03:15:00+00:00,2.8010,2.8046,2.7966,2.7974,2339220.8
2025-09-05T03:30:00+00:00,2.7973,2.8022,2.7972,2.8020,1963944.5
2025-09-05T03:45:00+00:00,2.8019,2.8066,2.8001,2.8059,1467079.2
2025-09-05T04:00:00+00:00,2.8058,2.8069,2.8022,2.8027,1674449.4
2025-09-05T04:15:00+00:00,2.8026,2.8084,2.8024,2.8071,1595278.0
2025-09-05T04:30:00+00:00,2.8070,2.8151,2.8070,2.8151,2156758.8
2025-09-05T04:45:00+00:00,2.8151,2.8161,2.8126,2.8151,1932664.5
2025-09-05T05:00:00+00:00,2.8150,2.8179,2.8119,2.8175,2291382.3
2025-09-05T05:15:00+00:00,2.8175,2.8197,2.8135,2.8143,1871578.7
2025-09-05T05:30:00+00:00,2.8143,2.8165,2.8105,2.8146,2099519.9
2025-09-05T05:45:00+00:00,2.8145,2.8162,2.8096,2.8107,3447910.7
2025-09-05T06:00:00+00:00,2.8107,2.8115,2.8048,2.8059,2991509.5
2025-09-05T06:15:00+00:00,2.8059,2.8077,2.8027,2.8046,2311918.3
2025-09-05T06:30:00+00:00,2.8046,2.8115,2.8041,2.8113,1671863.9
2025-09-05T06:45:00+00:00,2.8113,2.8131,2.8089,2.8127,2263665.4
2025-09-05T07:00:00+00:00,2.8126,2.8268,2.8123,2.8223,9223942.3
2025-09-05T07:15:00+00:00,2.8223,2.8367,2.8215,2.8360,11466333.0
2025-09-05T07:30:00+00:00,2.8360,2.8432,2.8317,2.8426,7795932.6
2025-09-05T07:45:00+00:00,2.8427,2.8490,2.8414,2.8432,8726801.9
2025-09-05T08:00:00+00:00,2.8432,2.8445,2.8366,2.8388,9057034.5
2025-09-05T08:15:00+00:00,2.8388,2.8403,2.8315,2.8380,5207689.5
2025-09-05T08:30:00+00:00,2.8380,2.8428,2.8378,2.8402,3164259.9
2025-09-05T08:45:00+00:00,2.8403,2.8433,2.8390,2.8427,1894347.6
2025-09-05T09:00:00+00:00,2.8428,2.8433,2.8360,2.8360,3640667.2
2025-09-05T09:15:00+00:00,2.8360,2.8365,2.8271,2.8287,7635225.8
2025-09-05T09:30:00+00:00,2.8287,2.8470,2.8275,2.8455,7718321.1
2025-09-05T09:45:00+00:00,2.8455,2.8486,2.8422,2.8439,4559032.3
2025-09-05T10:00:00+00:00,2.8439,2.8532,2.8415,2.8416,6086068.1
2025-09-05T10:15:00+00:00,2.8416,2.8438,2.8400,2.8429,4417710.7
2025-09-05T10:30:00+00:00,2.8430,2.8473,2.8383,2.8392,3358799.9
2025-09-05T10:45:00+00:00,2.8392,2.8405,2.8377,2.8381,2159037.4
2025-09-05T11:00:00+00:00,2.8381,2.8454,2.8375,2.8409,3984265.7
2025-09-05T11:15:00+00:00,2.8409,2.8457,2.8373,2.8443,2725983.4
2025-09-05T11:30:00+00:00,2.8443,2.8462,2.8423,2.8450,2436358.8
2025-09-05T11:45:00+00:00,2.8450,2.8459,2.8421,2.8430,2417418.9
2025-09-05T12:00:00+00:00,2.8430,2.8450,2.8401,2.8428,2664376.5
2025-09-05T12:15:00+00:00,2.8427,2.8559,2.8408,2.8554,6718220.3
2025-09-05T12:30:00+00:00,2.8554,2.8774,2.8347,2.8583,64441392.0
2025-09-05T12:45:00+00:00,2.8583,2.8771,2.8560,2.8746,10419084.5
2025-09-05T13:00:00+00:00,2.8745,2.8777,2.8678,2.8718,10528277.6
2025-09-05T13:15:00+00:00,2.8718,2.8729,2.8647,2.8654,6607587.8
2025-09-05T13:30:00+00:00,2.8654,2.8775,2.8621,2.8767,11330094.2
2025-09-05T13:45:00+00:00,2.8767,2.8843,2.8695,2.8803,12583896.3
2025-09-05T14:00:00+00:00,2.8803,2.8803,2.8602,2.8630,12563656.4
2025-09-05T14:15:00+00:00,2.8630,2.8640,2.8214,2.8257,47160646.1
2025-09-05T14:30:00+00:00,2.8256,2.8291,2.8040,2.8172,31531976.6
2025-09-05T14:45:00+00:00,2.8172,2.8179,2.7982,2.8074,26206355.1
2025-09-05T15:00:00+00:00,2.8074,2.8157,2.7992,2.8142,14159026.3
2025-09-05T15:15:00+00:00,2.8143,2.8253,2.8125,2.8221,8182605.4
2025-09-05T15:30:00+00:00,2.8222,2.8239,2.8110,2.8234,5867328.9
2025-09-05T15:45:00+00:00,2.8233,2.8233,2.8110,2.8133,4267844.4
2025-09-05T16:00:00+00:00,2.8134,2.8156,2.8056,2.8144,7439685.5
2025-09-05T16:15:00+00:00,2.8144,2.8144,2.8029,2.8053,4463661.4
2025-09-05T16:30:00+00:00,2.8053,2.8111,2.8045,2.8096,3279786.8
2025-09-05T16:45:00+00:00,2.8095,2.8133,2.8062,2.8127,3235127.4
2025-09-05T17:00:00+00:00,2.8127,2.8138,2.8067,2.8123,3553524.7
2025-09-05T17:15:00+00:00,2.8122,2.8156,2.8102,2.8104,2596810.7
2025-09-05T17:30:00+00:00,2.8105,2.8120,2.8023,2.8060,4394741.2
2025-09-05T17:45:00+00:00,2.8059,2.8180,2.8048,2.8166,2672609.2
2025-09-05T18:00:00+00:00,2.8166,2.8199,2.8116,2.8143,2504241.8
2025-09-05T18:15:00+00:00,2.8143,2.8266,2.8141,2.8265,2709778.0
2025-09-05T18:30:00+00:00,2.8265,2.8360,2.8257,2.8360,4106928.5
2025-09-05T18:45:00+00:00,2.8360,2.8383,2.8310,2.8339,4627371.0
2025-09-05T19:00:00+00:00,2.8339,2.8423,2.8318,2.8405,5177128.4
2025-09-05T19:15:00+00:00,2.8405,2.8520,2.8403,2.8491,7660531.1
2025-09-05T19:30:00+00:00,2.8491,2.8545,2.8437,2.8460,6574144.0
2025-09-05T19:45:00+00:00,2.8460,2.8643,2.8445,2.8638,16012094.2
2025-09-05T20:00:00+00:00,2.8638,2.8645,2.8513,2.8567,9823830.9
2025-09-05T20:15:00+00:00,2.8567,2.8567,2.8485,2.8502,5440495.2
2025-09-05T20:30:00+00:00,2.8502,2.8554,2.8452,2.8518,4874796.3
2025-09-05T20:45:00+00:00,2.8517,2.8534,2.8463,2.8490,4096518.6
2025-09-05T21:00:00+00:00,2.8491,2.8508,2.8388,2.8407,5450331.8
2025-09-05T21:15:00+00:00,2.8408,2.8425,2.8231,2.8324,13132886.7
2025-09-05T21:30:00+00:00,2.8323,2.8400,2.8250,2.8338,2917459.7
2025-09-05T21:45:00+00:00,2.8339,2.8339,2.8206,2.8215,2694449.9
2025-09-05T22:00:00+00:00,2.8214,2.8262,2.8201,2.8216,3003078.9
2025-09-05T22:15:00+00:00,2.8216,2.8239,2.8151,2.8155,2213071.4
2025-09-05T22:30:00+00:00,2.8155,2.8222,2.8152,2.8209,2026801.0
2025-09-05T22:45:00+00:00,2.8209,2.8229,2.8171,2.8178,1490780.9
2025-09-05T23:00:00+00:00,2.8178,2.8202,2.8145,2.8178,2085024.0
2025-09-05T23:15:00+00:00,2.8178,2.8227,2.8163,2.8206,1469830.0
2025-09-05T23:30:00+00:00,2.8206,2.8209,2.8164,2.8175,924166.5
2025-09-05T23:45:00+00:00,2.8176,2.8179,2.8125,2.8132,1976054.9
2025-09-06T00:00:00+00:00,2.8131,2.8175,2.8122,2.8143,2518695.6
2025-09-06T00:15:00+00:00,2.8143,2.8215,2.8126,2.8191,2165301.3
2025-09-06T00:30:00+00:00,2.8190,2.8223,2.8164,2.8167,2043440.4
2025-09-06T00:45:00+00:00,2.8167,2.8183,2.8123,2.8141,1368491.6
2025-09-06T01:00:00+00:00,2.8140,2.8176,2.8107,2.8167,2196674.9
2025-09-06T01:15:00+00:00,2.8167,2.8181,2.8128,2.8145,1695281.8
2025-09-06T01:30:00+00:00,2.8145,2.8157,2.8111,2.8148,1625058.6
2025-09-06T01:45:00+00:00,2.8148,2.8187,2.8147,2.8169,2199287.1
2025-09-06T02:00:00+00:00,2.8168,2.8189,2.8123,2.8126,1537034.4
2025-09-06T02:15:00+00:00,2.8127,2.8147,2.8110,2.8126,1259343.8
2025-09-06T02:30:00+00:00,2.8126,2.8153,2.8109,2.8144,1093716.1
2025-09-06T02:45:00+00:00,2.8143,2.8244,2.8142,2.8215,3126126.7
2025-09-06T03:00:00+00:00,2.8215,2.8215,2.8184,2.8191,1488233.0
2025-09-06T03:15:00+00:00,2.8191,2.8251,2.8191,2.8227,1768570.4
2025-09-06T03:30:00+00:00,2.8228,2.8263,2.8199,2.8255,1788720.5
2025-09-06T03:45:00+00:00,2.8255,2.8275,2.8246,2.8255,1187794.6
2025-09-06T04:00:00+00:00,2.8256,2.8256,2.8178,2.8200,2104808.4
2025-09-06T04:15:00+00:00,2.8200,2.8200,2.8167,2.8173,863781.1
2025-09-06T04:30:00+00:00,2.8173,2.8178,2.8140,2.8155,2260438.4
2025-09-06T04:45:00+00:00,2.8155,2.8169,2.8140,2.8155,1584075.7
2025-09-06T05:00:00+00:00,2.8155,2.8160,2.8132,2.8151,1125638.0
2025-09-06T05:15:00+00:00,2.8152,2.8163,2.8132,2.8152,1167302.0
2025-09-06T05:30:00+00:00,2.8152,2.8166,2.8130,2.8133,1268137.1
2025-09-06T05:45:00+00:00,2.8133,2.8155,2.8128,2.8128,1139027.5
2025-09-06T06:00:00+00:00,2.8129,2.8160,2.8120,2.8157,1528429.0
2025-09-06T06:15:00+00:00,2.8156,2.8162,2.8130,2.8137,1502979.2
2025-09-06T06:30:00+00:00,2.8138,2.8154,2.8129,2.8143,1072107.9
2025-09-06T06:45:00+00:00,2.8143,2.8160,2.8143,2.8158,1199929.3
2025-09-06T07:00:00+00:00,2.8158,2.8193,2.8149,2.8188,1532460.7
2025-09-06T07:15:00+00:00,2.8188,2.8192,2.8167,2.8189,1433049.8
2025-09-06T07:30:00+00:00,2.8190,2.8200,2.8181,2.8198,1461965.7
2025-09-06T07:45:00+00:00,2.8198,2.8201,2.8180,2.8189,1182558.2
2025-09-06T08:00:00+00:00,2.8189,2.8193,2.8152,2.8163,2488491.7
2025-09-06T08:15:00+00:00,2.8163,2.8168,2.8138,2.8146,1506473.7
2025-09-06T08:30:00+00:00,2.8146,2.8166,2.8143,2.8159,1338114.8
2025-09-06T08:45:00+00:00,2.8159,2.8159,2.8134,2.8137,1221206.4
2025-09-06T09:00:00+00:00,2.8137,2.8137,2.8056,2.8069,6036868.5
2025-09-06T09:15:00+00:00,2.8068,2.8088,2.8063,2.8077,2052323.0
2025-09-06T09:30:00+00:00,2.8077,2.8106,2.8067,2.8104,1732937.5
2025-09-06T09:45:00+00:00,2.8103,2.8108,2.8070,2.8073,1355759.2
2025-09-06T10:00:00+00:00,2.8073,2.8073,2.8046,2.8050,2383863.1
2025-09-06T10:15:00+00:00,2.8050,2.8057,2.8042,2.8051,1474896.9
2025-09-06T10:30:00+00:00,2.8051,2.8091,2.8028,2.8091,2987622.9
2025-09-06T10:45:00+00:00,2.8090,2.8097,2.8056,2.8057,1429593.1
2025-09-06T11:00:00+00:00,2.8056,2.8057,2.8015,2.8033,2546926.3
2025-09-06T11:15:00+00:00,2.8033,2.8035,2.7995,2.8018,2864028.3
2025-09-06T11:30:00+00:00,2.8019,2.8021,2.7995,2.8019,1826386.0
2025-09-06T11:45:00+00:00,2.8018,2.8047,2.8003,2.8046,2271444.6
2025-09-06T12:00:00+00:00,2.8047,2.8087,2.8034,2.8050,2951686.1
2025-09-06T12:15:00+00:00,2.8050,2.8064,2.8041,2.8045,1155928.2
2025-09-06T12:30:00+00:00,2.8045,2.8070,2.8026,2.8065,1443026.9
2025-09-06T12:45:00+00:00,2.8065,2.8093,2.8060,2.8071,1739412.0
2025-09-06T13:00:00+00:00,2.8070,2.8116,2.8066,2.8103,2632661.8
2025-09-06T13:15:00+00:00,2.8103,2.8165,2.8096,2.8136,2862291.2
2025-09-06T13:30:00+00:00,2.8136,2.8139,2.8084,2.8096,2688347.2
2025-09-06T13:45:00+00:00,2.8097,2.8130,2.8079,2.8127,1131740.8
2025-09-06T14:00:00+00:00,2.8127,2.8141,2.8106,2.8119,1250835.8
2025-09-06T14:15:00+00:00,2.8120,2.8141,2.8104,2.8141,1169956.8
2025-09-06T14:30:00+00:00,2.8141,2.8143,2.8126,2.8133,1258526.5
2025-09-06T14:45:00+00:00,2.8134,2.8135,2.8095,2.8099,1238431.8
2025-09-06T15:00:00+00:00,2.8100,2.8112,2.8070,2.8079,2421719.6
2025-09-06T15:15:00+00:00,2.8079,2.8164,2.8078,2.8129,2236801.3
2025-09-06T15:30:00+00:00,2.8129,2.8138,2.8044,2.8044,2866843.6
2025-09-06T15:45:00+00:00,2.8044,2.8045,2.7986,2.8009,4370784.2
2025-09-06T16:00:00+00:00,2.8009,2.8035,2.7956,2.8030,6594671.8
2025-09-06T16:15:00+00:00,2.8030,2.8052,2.7969,2.8037,4770935.1
2025-09-06T16:30:00+00:00,2.8037,2.8055,2.8020,2.8041,1891680.7
2025-09-06T16:45:00+00:00,2.8040,2.8061,2.7976,2.7993,4952983.4
2025-09-06T17:00:00+00:00,2.7993,2.8014,2.7985,2.8012,1809999.2
2025-09-06T17:15:00+00:00,2.8011,2.8028,2.7995,2.8000,1234987.6
2025-09-06T17:30:00+00:00,2.7999,2.8005,2.7955,2.7969,2440459.5
2025-09-06T17:45:00+00:00,2.7968,2.7991,2.7963,2.7982,1351066.1
2025-09-06T18:00:00+00:00,2.7982,2.8023,2.7977,2.8005,1880884.4
2025-09-06T18:15:00+00:00,2.8004,2.8020,2.7993,2.8010,862762.6
2025-09-06T18:30:00+00:00,2.8010,2.8011,2.7973,2.7976,1146847.9
2025-09-06T18:45:00+00:00,2.7976,2.8010,2.7973,2.7992,948708.6
2025-09-06T19:00:00+00:00,2.7991,2.8006,2.7975,2.7978,1231460.6
2025-09-06T19:15:00+00:00,2.7979,2.7989,2.7960,2.7964,1269645.4
2025-09-06T19:30:00+00:00,2.7964,2.7976,2.7923,2.7943,2900225.0
2025-09-06T19:45:00+00:00,2.7943,2.7949,2.7910,2.7930,2061050.5
2025-09-06T20:00:00+00:00,2.7929,2.7971,2.7929,2.7960,1426582.9
2025-09-06T20:15:00+00:00,2.7960,2.7978,2.7951,2.7961,1242958.6
2025-09-06T20:30:00+00:00,2.7961,2.7984,2.7951,2.7977,1160763.0
2025-09-06T20:45:00+00:00,2.7977,2.8011,2.7976,2.8011,1209014.3
2025-09-06T21:00:00+00:00,2.8012,2.8017,2.7983,2.7993,1027669.7
2025-09-06T21:15:00+00:00,2.7993,2.8019,2.7985,2.8011,641577.7
2025-09-06T21:30:00+00:00,2.8011,2.8065,2.8004,2.8035,2105839.9
2025-09-06T21:45:00+00:00,2.8035,2.8045,2.8031,2.8044,1017597.6
2025-09-06T22:00:00+00:00,2.8043,2.8083,2.8026,2.8041,3110038.7
2025-09-06T22:15:00+00:00,2.8041,2.8060,2.8029,2.8038,3013980.3
2025-09-06T22:30:00+00:00,2.8037,2.8058,2.8016,2.8031,1859661.8
2025-09-06T22:45:00+00:00,2.8032,2.8046,2.8017,2.8041,1244780.9
2025-09-06T23:00:00+00:00,2.8040,2.8056,2.8016,2.8052,1264332.2
2025-09-06T23:15:00+00:00,2.8053,2.8112,2.8052,2.8101,2981328.7
2025-09-06T23:30:00+00:00,2.8101,2.8111,2.8090,2.8096,1599716.6
2025-09-06T23:45:00+00:00,2.8097,2.8099,2.8076,2.8083,923525.2
2025-09-07T00:00:00+00:00,2.8084,2.8131,2.8078,2.8130,2294232.5
2025-09-07T00:15:00+00:00,2.8131,2.8131,2.8110,2.8113,912656.7
2025-09-07T00:30:00+00:00,2.8112,2.8143,2.8096,2.8141,3045963.5
2025-09-07T00:45:00+00:00,2.8142,2.8158,2.8133,2.8138,2665829.9
2025-09-07T01:00:00+00:00,2.8138,2.8186,2.8138,2.8185,2756181.6
2025-09-07T01:15:00+00:00,2.8185,2.8210,2.8170,2.8190,1803749.4
2025-09-07T01:30:00+00:00,2.8190,2.8204,2.8183,2.8203,1188500.9
2025-09-07T01:45:00+00:00,2.8203,2.8223,2.8200,2.8202,2479643.6
2025-09-07T02:00:00+00:00,2.8202,2.8202,2.8157,2.8178,2240904.3
2025-09-07T02:15:00+00:00,2.8179,2.8187,2.8146,2.8186,1085033.9
2025-09-07T02:30:00+00:00,2.8187,2.8212,2.8186,2.8206,1722508.9
2025-09-07T02:45:00+00:00,2.8207,2.8230,2.8191,2.8214,1514584.3
2025-09-07T03:00:00+00:00,2.8214,2.8225,2.8193,2.8193,1522482.0
2025-09-07T03:15:00+00:00,2.8193,2.8232,2.8193,2.8232,1268294.2
2025-09-07T03:30:00+00:00,2.8232,2.8247,2.8216,2.8217,1356007.1
2025-09-07T03:45:00+00:00,2.8217,2.8238,2.8210,2.8212,786576.7
2025-09-07T04:00:00+00:00,2.8212,2.8220,2.8183,2.8185,1831370.7
2025-09-07T04:15:00+00:00,2.8185,2.8201,2.8176,2.8196,2610165.7
2025-09-07T04:30:00+00:00,2.8195,2.8204,2.8178,2.8182,862343.5
2025-09-07T04:45:00+00:00,2.8182,2.8207,2.8181,2.8206,900905.2
2025-09-07T05:00:00+00:00,2.8206,2.8237,2.8205,2.8228,1074502.6
2025-09-07T05:15:00+00:00,2.8227,2.8251,2.8215,2.8251,1161776.0
2025-09-07T05:30:00+00:00,2.8250,2.8251,2.8236,2.8246,1015007.2
2025-09-07T05:45:00+00:00,2.8246,2.8248,2.8225,2.8233,1102481.3
2025-09-07T06:00:00+00:00,2.8234,2.8240,2.8199,2.8199,2028314.0
2025-09-07T06:15:00+00:00,2.8199,2.8200,2.8175,2.8194,1896934.9
2025-09-07T06:30:00+00:00,2.8194,2.8215,2.8176,2.8184,2786106.2
2025-09-07T06:45:00+00:00,2.8184,2.8201,2.8176,2.8187,1418440.8
2025-09-07T07:00:00+00:00,2.8187,2.8229,2.8186,2.8227,1954774.0
2025-09-07T07:15:00+00:00,2.8227,2.8260,2.8204,2.8244,1686847.7
2025-09-07T07:30:00+00:00,2.8244,2.8336,2.8243,2.8312,5791019.6
2025-09-07T07:45:00+00:00,2.8312,2.8329,2.8272,2.8295,4351731.8
2025-09-07T08:00:00+00:00,2.8296,2.8305,2.8282,2.8300,1747479.2
2025-09-07T08:15:00+00:00,2.8299,2.8347,2.8294,2.8334,2458103.0
2025-09-07T08:30:00+00:00,2.8335,2.8359,2.8325,2.8341,5126642.2
2025-09-07T08:45:00+00:00,2.8341,2.8356,2.8311,2.8311,2116891.0
2025-09-07T09:00:00+00:00,2.8311,2.8343,2.8309,2.8334,1367071.9
2025-09-07T09:15:00+00:00,2.8333,2.8351,2.8330,2.8337,1064263.9
2025-09-07T09:30:00+00:00,2.8337,2.8337,2.8260,2.8280,4745744.9
2025-09-07T09:45:00+00:00,2.8280,2.8304,2.8273,2.8300,1456223.1
2025-09-07T10:00:00+00:00,2.8300,2.8312,2.8292,2.8301,1232555.5
2025-09-07T10:15:00+00:00,2.8300,2.8300,2.8244,2.8257,2570894.3
2025-09-07T10:30:00+00:00,2.8257,2.8288,2.8252,2.8288,1370625.0
2025-09-07T10:45:00+00:00,2.8288,2.8298,2.8274,2.8298,1153715.3
2025-09-07T11:00:00+00:00,2.8298,2.8307,2.8292,2.8304,951804.0
2025-09-07T11:15:00+00:00,2.8304,2.8304,2.8282,2.8296,992050.7
2025-09-07T11:30:00+00:00,2.8296,2.8319,2.8292,2.8307,1490449.6
2025-09-07T11:45:00+00:00,2.8308,2.8313,2.8298,2.8304,1173807.7
2025-09-07T12:00:00+00:00,2.8305,2.8312,2.8273,2.8295,1818325.3
2025-09-07T12:15:00+00:00,2.8296,2.8308,2.8274,2.8307,2152732.1
2025-09-07T12:30:00+00:00,2.8307,2.8346,2.8299,2.8327,2236573.2
2025-09-07T12:45:00+00:00,2.8328,2.8343,2.8312,2.8343,1477224.6
2025-09-07T13:00:00+00:00,2.8343,2.8351,2.8330,2.8334,1787495.2
2025-09-07T13:15:00+00:00,2.8333,2.8342,2.8310,2.8340,1788872.8
2025-09-07T13:30:00+00:00,2.8341,2.8487,2.8335,2.8406,9260690.0
2025-09-07T13:45:00+00:00,2.8405,2.8477,2.8400,2.8477,6667260.1
2025-09-07T14:00:00+00:00,2.8476,2.9278,2.8448,2.9062,68017201.4
2025-09-07T14:15:00+00:00,2.9061,2.9249,2.8811,2.8889,37205458.8
2025-09-07T14:30:00+00:00,2.8889,2.9130,2.8889,2.9053,25685069.7
2025-09-07T14:45:00+00:00,2.9053,2.9076,2.8831,2.8839,10449075.3
2025-09-07T15:00:00+00:00,2.8838,2.8913,2.8709,2.8713,12537388.5
2025-09-07T15:15:00+00:00,2.8713,2.8876,2.8711,2.8876,9997131.0
2025-09-07T15:30:00+00:00,2.8875,2.8988,2.8868,2.8975,7289933.8
2025-09-07T15:45:00+00:00,2.8975,2.9006,2.8902,2.8991,12576910.7
2025-09-07T16:00:00+00:00,2.8991,2.8999,2.8892,2.8904,7416344.5
2025-09-07T16:15:00+00:00,2.8903,2.8914,2.8807,2.8825,6814268.0
2025-09-07T16:30:00+00:00,2.8824,2.8887,2.8767,2.8884,6974291.1
2025-09-07T16:45:00+00:00,2.8885,2.8929,2.8859,2.8904,4329419.3
2025-09-07T17:00:00+00:00,2.8904,2.8931,2.8798,2.8798,4816603.8
2025-09-07T17:15:00+00:00,2.8799,2.8830,2.8750,2.8756,4779938.7
2025-09-07T17:30:00+00:00,2.8757,2.8808,2.8753,2.8801,2498551.7
2025-09-07T17:45:00+00:00,2.8800,2.8801,2.8566,2.8585,10363015.5
2025-09-07T18:00:00+00:00,2.8585,2.8667,2.8563,2.8637,4286139.1
2025-09-07T18:15:00+00:00,2.8637,2.8657,2.8577,2.8605,3260908.1
2025-09-07T18:30:00+00:00,2.8605,2.8638,2.8501,2.8523,6220847.9
2025-09-07T18:45:00+00:00,2.8524,2.8584,2.8489,2.8571,5597810.3
2025-09-07T19:00:00+00:00,2.8571,2.8651,2.8562,2.8595,6559950.4
2025-09-07T19:15:00+00:00,2.8595,2.8627,2.8529,2.8540,3887370.7
2025-09-07T19:30:00+00:00,2.8541,2.8667,2.8536,2.8642,3349793.5
2025-09-07T19:45:00+00:00,2.8642,2.8645,2.8605,2.8612,2189592.8
2025-09-07T20:00:00+00:00,2.8611,2.8659,2.8605,2.8637,3703879.8
2025-09-07T20:15:00+00:00,2.8636,2.8710,2.8631,2.8707,2918245.5
2025-09-07T20:30:00+00:00,2.8707,2.8717,2.8685,2.8704,2070512.7
2025-09-07T20:45:00+00:00,2.8704,2.8788,2.8700,2.8785,4352302.6
2025-09-07T21:00:00+00:00,2.8786,2.8797,2.8740,2.8754,4148042.4
2025-09-07T21:15:00+00:00,2.8753,2.8761,2.8720,2.8761,2063972.0
2025-09-07T21:30:00+00:00,2.8761,2.8784,2.8672,2.8672,4653995.4
2025-09-07T21:45:00+00:00,2.8672,2.8672,2.8578,2.8579,2687099.2
2025-09-07T22:00:00+00:00,2.8578,2.8661,2.8539,2.8661,11244774.6
2025-09-07T22:15:00+00:00,2.8660,2.8722,2.8654,2.8711,10359082.5
2025-09-07T22:30:00+00:00,2.8712,2.8721,2.8679,2.8702,3676955.9
2025-09-07T22:45:00+00:00,2.8702,2.8764,2.8702,2.8755,8097292.5
2025-09-07T23:00:00+00:00,2.8756,2.8851,2.8756,2.8794,8635676.9
2025-09-07T23:15:00+00:00,2.8793,2.8896,2.8782,2.8889,5438142.2
2025-09-07T23:30:00+00:00,2.8889,2.8908,2.8824,2.8841,8430847.4
2025-09-07T23:45:00+00:00,2.8842,2.8850,2.8755,2.8760,7488024.6
2025-09-08T00:00:00+00:00,2.8760,2.8773,2.8690,2.8708,5489774.6
2025-09-08T00:15:00+00:00,2.8708,2.8778,2.8653,2.8775,4008512.0
2025-09-08T00:30:00+00:00,2.8775,2.8838,2.8725,2.8809,4002120.6
2025-09-08T00:45:00+00:00,2.8808,2.8809,2.8637,2.8678,4012569.9
2025-09-08T01:00:00+00:00,2.8679,2.8751,2.8652,2.8740,2603423.8
2025-09-08T01:15:00+00:00,2.8741,2.8823,2.8708,2.8767,2989503.3
2025-09-08T01:30:00+00:00,2.8767,2.8848,2.8757,2.8784,4063542.9
2025-09-08T01:45:00+00:00,2.8783,2.8809,2.8762,2.8791,2077503.0
2025-09-08T02:00:00+00:00,2.8791,2.8827,2.8722,2.8760,3082742.5
2025-09-08T02:15:00+00:00,2.8760,2.8764,2.8610,2.8671,6277517.5
2025-09-08T02:30:00+00:00,2.8671,2.8874,2.8656,2.8839,6717180.5
2025-09-08T02:45:00+00:00,2.8839,2.8877,2.8791,2.8851,4724228.4
2025-09-08T03:00:00+00:00,2.8851,2.8950,2.8832,2.8911,5165189.3
2025-09-08T03:15:00+00:00,2.8912,2.8936,2.8814,2.8873,3938442.2
2025-09-08T03:30:00+00:00,2.8873,2.8990,2.8855,2.8954,5341876.9
2025-09-08T03:45:00+00:00,2.8954,2.8955,2.8848,2.8876,3943624.9
2025-09-08T04:00:00+00:00,2.8876,2.8887,2.8764,2.8815,4136892.3
2025-09-08T04:15:00+00:00,2.8815,2.8885,2.8814,2.8880,2701934.8
2025-09-08T04:30:00+00:00,2.8880,2.8910,2.8829,2.8834,2355628.0
2025-09-08T04:45:00+00:00,2.8835,2.8838,2.8754,2.8794,2776899.4
2025-09-08T05:00:00+00:00,2.8793,2.8877,2.8768,2.8820,3100907.5
2025-09-08T05:15:00+00:00,2.8821,2.8906,2.8820,2.8860,2057212.9
2025-09-08T05:30:00+00:00,2.8860,2.8886,2.8829,2.8859,3371694.7
2025-09-08T05:45:00+00:00,2.8859,2.8950,2.8840,2.8915,3556361.4
2025-09-08T06:00:00+00:00,2.8915,2.8933,2.8729,2.8763,6273675.7
2025-09-08T06:15:00+00:00,2.8763,2.8855,2.8760,2.8844,2202355.1
2025-09-08T06:30:00+00:00,2.8843,2.8850,2.8785,2.8788,2356947.4
2025-09-08T06:45:00+00:00,2.8788,2.8789,2.8742,2.8750,2438018.2
2025-09-08T07:00:00+00:00,2.8750,2.8880,2.8749,2.8878,3076807.8
2025-09-08T07:15:00+00:00,2.8878,2.9006,2.8856,2.9006,6699072.2
2025-09-08T07:30:00+00:00,2.9006,2.9064,2.8895,2.9046,11593862.1
2025-09-08T07:45:00+00:00,2.9046,2.9099,2.9002,2.9090,7031160.7
2025-09-08T08:00:00+00:00,2.9091,2.9157,2.9059,2.9119,9366568.7
2025-09-08T08:15:00+00:00,2.9119,2.9121,2.9022,2.9114,7953722.8
2025-09-08T08:30:00+00:00,2.9114,2.9194,2.9072,2.9147,8952845.1
2025-09-08T08:45:00+00:00,2.9147,2.9168,2.9053,2.9084,4445548.3
2025-09-08T09:00:00+00:00,2.9084,2.9159,2.9028,2.9151,4145548.1
2025-09-08T09:15:00+00:00,2.9151,2.9218,2.9130,2.9193,6191623.7
2025-09-08T09:30:00+00:00,2.9193,2.9217,2.9157,2.9174,4413479.3
2025-09-08T09:45:00+00:00,2.9175,2.9349,2.9175,2.9320,9244710.7
2025-09-08T10:00:00+00:00,2.9320,2.9459,2.9241,2.9423,14611462.2
2025-09-08T10:15:00+00:00,2.9422,2.9539,2.9412,2.9430,19655479.6
2025-09-08T10:30:00+00:00,2.9430,2.9500,2.9406,2.9491,6323619.5
2025-09-08T10:45:00+00:00,2.9490,2.9522,2.9424,2.9496,8627455.6
2025-09-08T11:00:00+00:00,2.9496,2.9499,2.9358,2.9395,8537030.3
2025-09-08T11:15:00+00:00,2.9394,2.9422,2.9320,2.9348,5374401.3
2025-09-08T11:30:00+00:00,2.9349,2.9380,2.9291,2.9313,7039315.7
2025-09-08T11:45:00+00:00,2.9312,2.9384,2.9299,2.9349,4786266.5
2025-09-08T12:00:00+00:00,2.9350,2.9403,2.9323,2.9369,5104740.0
2025-09-08T12:15:00+00:00,2.9370,2.9508,2.9352,2.9472,6791219.1
2025-09-08T12:30:00+00:00,2.9471,2.9681,2.9461,2.9673,10248443.3
2025-09-08T12:45:00+00:00,2.9672,2.9806,2.9608,2.9622,16181565.1
2025-09-08T13:00:00+00:00,2.9623,2.9803,2.9618,2.9790,13571146.7
2025-09-08T13:15:00+00:00,2.9791,2.9865,2.9724,2.9774,10858572.3
2025-09-08T13:30:00+00:00,2.9773,2.9899,2.9653,2.9769,21388900.7
2025-09-08T13:45:00+00:00,2.9768,2.9936,2.9730,2.9762,19385807.3
2025-09-08T14:00:00+00:00,2.9762,2.9951,2.9745,2.9817,13820180.5
2025-09-08T14:15:00+00:00,2.9818,2.9880,2.9777,2.9863,6336565.0
2025-09-08T14:30:00+00:00,2.9863,2.9911,2.9724,2.9762,8917113.3
2025-09-08T14:45:00+00:00,2.9763,2.9821,2.9720,2.9807,4461450.3
2025-09-08T15:00:00+00:00,2.9808,2.9829,2.9742,2.9760,4560069.0
2025-09-08T15:15:00+00:00,2.9759,2.9840,2.9711,2.9828,6869020.2
2025-09-08T15:30:00+00:00,2.9828,2.9830,2.9739,2.9783,4278968.5
2025-09-08T15:45:00+00:00,2.9784,2.9854,2.9764,2.9845,3864650.7
2025-09-08T16:00:00+00:00,2.9846,2.9898,2.9769,2.9771,5200992.5
2025-09-08T16:15:00+00:00,2.9770,2.9822,2.9730,2.9795,4561420.8
2025-09-08T16:30:00+00:00,2.9795,2.9796,2.9640,2.9739,10407118.7
2025-09-08T16:45:00+00:00,2.9740,2.9745,2.9605,2.9685,8415867.1
2025-09-08T17:00:00+00:00,2.9685,2.9700,2.9624,2.9652,4611467.6
2025-09-08T17:15:00+00:00,2.9653,2.9815,2.9653,2.9815,4930356.8
2025-09-08T17:30:00+00:00,2.9815,2.9818,2.9717,2.9724,3135719.5
2025-09-08T17:45:00+00:00,2.9723,2.9774,2.9655,2.9690,3611455.7
2025-09-08T18:00:00+00:00,2.9691,2.9770,2.9685,2.9728,3675049.4
2025-09-08T18:15:00+00:00,2.9728,2.9759,2.9701,2.9740,2299659.1
2025-09-08T18:30:00+00:00,2.9740,2.9780,2.9690,2.9725,2615349.8
2025-09-08T18:45:00+00:00,2.9724,2.9836,2.9720,2.9831,3663647.8
2025-09-08T19:00:00+00:00,2.9831,2.9837,2.9692,2.9747,5632218.5
2025-09-08T19:15:00+00:00,2.9747,2.9811,2.9720,2.9781,3806073.3
2025-09-08T19:30:00+00:00,2.9782,2.9809,2.9673,2.9697,5648752.1
2025-09-08T19:45:00+00:00,2.9697,2.9827,2.9688,2.9781,6870689.8
2025-09-08T20:00:00+00:00,2.9782,2.9840,2.9756,2.9783,5821331.2
2025-09-08T20:15:00+00:00,2.9783,2.9784,2.9640,2.9676,5520551.9
2025-09-08T20:30:00+00:00,2.9676,2.9691,2.9560,2.9570,8043875.9
2025-09-08T20:45:00+00:00,2.9569,2.9628,2.9538,2.9628,5244861.3
2025-09-08T21:00:00+00:00,2.9629,2.9654,2.9602,2.9654,2803788.2
2025-09-08T21:15:00+00:00,2.9654,2.9769,2.9618,2.9743,5037527.5
2025-09-08T21:30:00+00:00,2.9743,2.9750,2.9692,2.9703,1910417.3
2025-09-08T21:45:00+00:00,2.9703,2.9746,2.9702,2.9735,1427447.4
2025-09-08T22:00:00+00:00,2.9735,2.9789,2.9707,2.9767,3132975.7
2025-09-08T22:15:00+00:00,2.9766,2.9828,2.9740,2.9818,3040986.2
2025-09-08T22:30:00+00:00,2.9818,2.9823,2.9756,2.9789,2317789.7
2025-09-08T22:45:00+00:00,2.9788,2.9788,2.9730,2.9752,1864416.5
2025-09-08T23:00:00+00:00,2.9751,2.9786,2.9723,2.9737,2170474.1
2025-09-08T23:15:00+00:00,2.9737,2.9748,2.9668,2.9680,2071398.1
2025-09-08T23:30:00+00:00,2.9680,2.9683,2.9621,2.9633,2197990.5
2025-09-08T23:45:00+00:00,2.9634,2.9710,2.9621,2.9687,2373966.4
2025-09-09T00:00:00+00:00,2.9687,2.9776,2.9676,2.9721,7312265.6
2025-09-09T00:15:00+00:00,2.9720,2.9731,2.9562,2.9591,7800593.7
2025-09-09T00:30:00+00:00,2.9591,2.9593,2.9451,2.9493,10741673.2
2025-09-09T00:45:00+00:00,2.9492,2.9592,2.9460,2.9549,4080500.9
2025-09-09T01:00:00+00:00,2.9550,2.9602,2.9542,2.9560,3317581.9
2025-09-09T01:15:00+00:00,2.9561,2.9561,2.9470,2.9505,3269745.4
2025-09-09T01:30:00+00:00,2.9505,2.9585,2.9466,2.9580,3791902.6
2025-09-09T01:45:00+00:00,2.9580,2.9600,2.9522,2.9579,3389320.4
2025-09-09T02:00:00+00:00,2.9580,2.9580,2.9489,2.9496,2114868.8
2025-09-09T02:15:00+00:00,2.9496,2.9537,2.9431,2.9480,3433623.7
2025-09-09T02:30:00+00:00,2.9481,2.9514,2.9445,2.9446,3686864.8
2025-09-09T02:45:00+00:00,2.9446,2.9447,2.9343,2.9363,8461805.2
2025-09-09T03:00:00+00:00,2.9363,2.9394,2.9337,2.9373,4039723.4
2025-09-09T03:15:00+00:00,2.9373,2.9398,2.9327,2.9392,4223331.6
2025-09-09T03:30:00+00:00,2.9392,2.9454,2.9363,2.9427,3654295.6
2025-09-09T03:45:00+00:00,2.9427,2.9520,2.9391,2.9491,4215417.9
2025-09-09T04:00:00+00:00,2.9491,2.9494,2.9436,2.9454,3451617.4
2025-09-09T04:15:00+00:00,2.9454,2.9588,2.9451,2.9563,4322017.5
2025-09-09T04:30:00+00:00,2.9563,2.9642,2.9560,2.9595,7651121.9
2025-09-09T04:45:00+00:00,2.9595,2.9659,2.9556,2.9617,4402283.1
2025-09-09T05:00:00+00:00,2.9617,2.9633,2.9539,2.9550,3800023.3
2025-09-09T05:15:00+00:00,2.9550,2.9578,2.9530,2.9550,2282867.3
2025-09-09T05:30:00+00:00,2.9549,2.9570,2.9501,2.9568,2290142.8
2025-09-09T05:45:00+00:00,2.9567,2.9655,2.9553,2.9637,3392082.9
2025-09-09T06:00:00+00:00,2.9637,2.9860,2.9614,2.9827,12833973.8
2025-09-09T06:15:00+00:00,2.9827,2.9934,2.9825,2.9902,13647117.1
2025-09-09T06:30:00+00:00,2.9902,2.9947,2.9817,2.9825,11302946.8
2025-09-09T06:45:00+00:00,2.9825,2.9969,2.9819,2.9915,8281210.1
2025-09-09T07:00:00+00:00,2.9915,3.0160,2.9908,3.0094,22178841.0
2025-09-09T07:15:00+00:00,3.0093,3.0271,3.0077,3.0261,14792090.7
2025-09-09T07:30:00+00:00,3.0260,3.0264,3.0083,3.0086,10109004.7
2025-09-09T07:45:00+00:00,3.0085,3.0193,3.0044,3.0193,6345592.6
2025-09-09T08:00:00+00:00,3.0192,3.0319,3.0123,3.0261,11921606.6
2025-09-09T08:15:00+00:00,3.0261,3.0293,3.0208,3.0245,5887057.5
2025-09-09T08:30:00+00:00,3.0244,3.0363,3.0243,3.0283,7349265.2
2025-09-09T08:45:00+00:00,3.0282,3.0283,3.0159,3.0232,11140198.0
2025-09-09T09:00:00+00:00,3.0232,3.0249,3.0138,3.0144,4729801.3
2025-09-09T09:15:00+00:00,3.0144,3.0181,3.0143,3.0161,2970066.5
2025-09-09T09:30:00+00:00,3.0161,3.0163,3.0071,3.0111,5275457.8
2025-09-09T09:45:00+00:00,3.0111,3.0123,3.0062,3.0069,3634214.8
2025-09-09T10:00:00+00:00,3.0070,3.0152,3.0060,3.0134,5454520.7
2025-09-09T10:15:00+00:00,3.0134,3.0147,3.0008,3.0014,6433146.6
2025-09-09T10:30:00+00:00,3.0014,3.0069,2.9985,3.0056,6468122.1
2025-09-09T10:45:00+00:00,3.0056,3.0056,2.9984,3.0027,3854064.0
2025-09-09T11:00:00+00:00,3.0026,3.0130,3.0007,3.0087,6769602.8
2025-09-09T11:15:00+00:00,3.0087,3.0095,3.0010,3.0070,3430674.5
2025-09-09T11:30:00+00:00,3.0071,3.0084,3.0015,3.0036,2705947.2
2025-09-09T11:45:00+00:00,3.0036,3.0170,3.0020,3.0035,8989377.7
2025-09-09T12:00:00+00:00,3.0035,3.0274,2.9973,3.0260,12118037.2
2025-09-09T12:15:00+00:00,3.0260,3.0291,3.0190,3.0191,7338171.0
2025-09-09T12:30:00+00:00,3.0191,3.0200,2.9985,3.0001,12804242.4
2025-09-09T12:45:00+00:00,3.0000,3.0092,2.9996,3.0065,6140782.2
2025-09-09T13:00:00+00:00,3.0065,3.0110,2.9960,3.0096,6116070.1
2025-09-09T13:15:00+00:00,3.0095,3.0095,2.9952,3.0047,5459663.3
2025-09-09T13:30:00+00:00,3.0046,3.0101,3.0005,3.0085,6147151.8
2025-09-09T13:45:00+00:00,3.0085,3.0176,3.0078,3.0110,8340752.6
2025-09-09T14:00:00+00:00,3.0110,3.0175,2.9834,3.0006,33365785.9
2025-09-09T14:15:00+00:00,3.0006,3.0020,2.9820,2.9883,7210609.6
2025-09-09T14:30:00+00:00,2.9883,2.9886,2.9511,2.9620,32760691.5
2025-09-09T14:45:00+00:00,2.9620,2.9690,2.9572,2.9658,8067529.0
2025-09-09T15:00:00+00:00,2.9657,2.9704,2.9540,2.9565,8708486.1
2025-09-09T15:15:00+00:00,2.9566,2.9608,2.9501,2.9540,9931180.7
2025-09-09T15:30:00+00:00,2.9541,2.9544,2.9358,2.9378,14120719.5
2025-09-09T15:45:00+00:00,2.9378,2.9501,2.9356,2.9456,7626484.0
2025-09-09T16:00:00+00:00,2.9457,2.9547,2.9455,2.9521,8207720.5
2025-09-09T16:15:00+00:00,2.9520,2.9577,2.9428,2.9453,5270042.8
2025-09-09T16:30:00+00:00,2.9452,2.9500,2.9440,2.9480,2867939.9
2025-09-09T16:45:00+00:00,2.9479,2.9520,2.9454,2.9519,2311035.1
2025-09-09T17:00:00+00:00,2.9519,2.9634,2.9511,2.9620,5033757.1
2025-09-09T17:15:00+00:00,2.9620,2.9632,2.9536,2.9543,3187590.7
2025-09-09T17:30:00+00:00,2.9543,2.9588,2.9487,2.9545,2779030.2
2025-09-09T17:45:00+00:00,2.9544,2.9578,2.9518,2.9531,1845303.1
2025-09-09T18:00:00+00:00,2.9531,2.9568,2.9501,2.9559,2723851.8
2025-09-09T18:15:00+00:00,2.9560,2.9645,2.9548,2.9622,2908215.5
2025-09-09T18:30:00+00:00,2.9622,2.9622,2.9556,2.9580,2413032.8
2025-09-09T18:45:00+00:00,2.9579,2.9632,2.9570,2.9608,1961464.1
2025-09-09T19:00:00+00:00,2.9608,2.9656,2.9592,2.9642,2522323.7
2025-09-09T19:15:00+00:00,2.9642,2.9692,2.9621,2.9684,2668636.2
2025-09-09T19:30:00+00:00,2.9685,2.9713,2.9653,2.9675,4121261.3
2025-09-09T19:45:00+00:00,2.9676,2.9692,2.9616,2.9634,2536486.2
2025-09-09T20:00:00+00:00,2.9634,2.9670,2.9542,2.9572,4242358.6
2025-09-09T20:15:00+00:00,2.9571,2.9588,2.9510,2.9514,3173182.9
2025-09-09T20:30:00+00:00,2.9513,2.9538,2.9454,2.9464,2934170.0
2025-09-09T20:45:00+00:00,2.9464,2.9550,2.9460,2.9533,3390749.2
2025-09-09T21:00:00+00:00,2.9532,2.9600,2.9500,2.9588,2747628.2
2025-09-09T21:15:00+00:00,2.9588,2.9613,2.9494,2.9507,2683825.3
2025-09-09T21:30:00+00:00,2.9508,2.9549,2.9484,2.9548,1508570.2
2025-09-09T21:45:00+00:00,2.9548,2.9550,2.9496,2.9504,862590.6
2025-09-09T22:00:00+00:00,2.9503,2.9537,2.9446,2.9529,3058390.7
2025-09-09T22:15:00+00:00,2.9529,2.9535,2.9481,2.9483,1614555.8
2025-09-09T22:30:00+00:00,2.9482,2.9515,2.9474,2.9515,1522587.1
2025-09-09T22:45:00+00:00,2.9515,2.9518,2.9467,2.9488,1737724.9
2025-09-09T23:00:00+00:00,2.9488,2.9494,2.9407,2.9437,4609205.4
2025-09-09T23:15:00+00:00,2.9437,2.9462,2.9405,2.9411,1731981.4
2025-09-09T23:30:00+00:00,2.9412,2.9446,2.9390,2.9434,3892779.9
2025-09-09T23:45:00+00:00,2.9435,2.9476,2.9409,2.9456,1841435.3
2025-09-10T00:00:00+00:00,2.9457,2.9482,2.9413,2.9426,2877243.6
2025-09-10T00:15:00+00:00,2.9425,2.9425,2.9340,2.9353,6100837.0
2025-09-10T00:30:00+00:00,2.9353,2.9500,2.9342,2.9492,3614623.5
2025-09-10T00:45:00+00:00,2.9492,2.9499,2.9346,2.9361,3946714.2
2025-09-10T01:00:00+00:00,2.9361,2.9444,2.9350,2.9439,2401013.5
2025-09-10T01:15:00+00:00,2.9440,2.9545,2.9439,2.9469,3438619.2
2025-09-10T01:30:00+00:00,2.9469,2.9540,2.9460,2.9491,2915592.9
2025-09-10T01:45:00+00:00,2.9492,2.9506,2.9444,2.9481,1674765.8
2025-09-10T02:00:00+00:00,2.9480,2.9576,2.9477,2.9552,5425010.5
2025-09-10T02:15:00+00:00,2.9553,2.9630,2.9530,2.9582,5428506.0
2025-09-10T02:30:00+00:00,2.9582,2.9629,2.9576,2.9609,3336459.6
2025-09-10T02:45:00+00:00,2.9610,2.9621,2.9560,2.9579,2132942.1
2025-09-10T03:00:00+00:00,2.9580,2.9581,2.9516,2.9564,2633974.9
2025-09-10T03:15:00+00:00,2.9563,2.9598,2.9542,2.9550,2381887.0
2025-09-10T03:30:00+00:00,2.9550,2.9600,2.9550,2.9586,1718758.1
2025-09-10T03:45:00+00:00,2.9586,2.9626,2.9578,2.9615,1831080.8
2025-09-10T04:00:00+00:00,2.9616,2.9628,2.9563,2.9627,2122574.9
2025-09-10T04:15:00+00:00,2.9627,2.9644,2.9579,2.9607,2301913.5
2025-09-10T04:30:00+00:00,2.9608,2.9625,2.9541,2.9548,2049543.0
2025-09-10T04:45:00+00:00,2.9547,2.9594,2.9541,2.9584,1413580.2
2025-09-10T05:00:00+00:00,2.9584,2.9584,2.9492,2.9549,2581179.2
2025-09-10T05:15:00+00:00,2.9549,2.9555,2.9490,2.9544,1940643.4
2025-09-10T05:30:00+00:00,2.9544,2.9610,2.9535,2.9598,1702618.1
2025-09-10T05:45:00+00:00,2.9598,2.9619,2.9524,2.9589,2461394.0
2025-09-10T06:00:00+00:00,2.9589,2.9590,2.9442,2.9471,4816789.2
2025-09-10T06:15:00+00:00,2.9471,2.9527,2.9458,2.9516,2070733.7
2025-09-10T06:30:00+00:00,2.9517,2.9575,2.9489,2.9544,2279305.0
2025-09-10T06:45:00+00:00,2.9544,2.9581,2.9502,2.9520,1871796.8
2025-09-10T07:00:00+00:00,2.9520,2.9575,2.9505,2.9561,2095158.0
2025-09-10T07:15:00+00:00,2.9562,2.9699,2.9507,2.9683,6330215.8
2025-09-10T07:30:00+00:00,2.9683,2.9730,2.9669,2.9719,6829334.5
2025-09-10T07:45:00+00:00,2.9720,2.9800,2.9719,2.9797,6933714.2
2025-09-10T08:00:00+00:00,2.9798,2.9860,2.9750,2.9827,8678548.2
2025-09-10T08:15:00+00:00,2.9827,2.9846,2.9748,2.9758,5264272.1
2025-09-10T08:30:00+00:00,2.9758,2.9761,2.9686,2.9692,5339206.2
2025-09-10T08:45:00+00:00,2.9692,2.9728,2.9679,2.9682,2606881.3
2025-09-10T09:00:00+00:00,2.9682,2.9703,2.9589,2.9660,5049615.2
2025-09-10T09:15:00+00:00,2.9660,2.9758,2.9634,2.9727,3204775.0
2025-09-10T09:30:00+00:00,2.9727,2.9763,2.9696,2.9702,2936231.6
2025-09-10T09:45:00+00:00,2.9701,2.9708,2.9663,2.9671,1444218.4
2025-09-10T10:00:00+00:00,2.9671,2.9683,2.9639,2.9657,2410380.6
2025-09-10T10:15:00+00:00,2.9657,2.9658,2.9590,2.9639,3651881.6
2025-09-10T10:30:00+00:00,2.9640,2.9681,2.9637,2.9653,1747071.9
2025-09-10T10:45:00+00:00,2.9653,2.9660,2.9612,2.9629,1379797.1
2025-09-10T11:00:00+00:00,2.9629,2.9704,2.9612,2.9697,3039303.4
2025-09-10T11:15:00+00:00,2.9697,2.9720,2.9670,2.9697,2453391.3
2025-09-10T11:30:00+00:00,2.9697,2.9697,2.9646,2.9660,2501101.4
2025-09-10T11:45:00+00:00,2.9660,2.9716,2.9656,2.9697,1500499.4
2025-09-10T12:00:00+00:00,2.9697,2.9744,2.9693,2.9731,3189369.0
2025-09-10T12:15:00+00:00,2.9731,2.9763,2.9707,2.9742,2737915.1
2025-09-10T12:30:00+00:00,2.9742,3.0053,2.9742,2.9957,35561189.9
2025-09-10T12:45:00+00:00,2.9957,2.9983,2.9867,2.9979,9258220.7
2025-09-10T13:00:00+00:00,2.9978,3.0200,2.9955,3.0105,12982181.6
2025-09-10T13:15:00+00:00,3.0104,3.0148,2.9966,3.0004,10101617.0
2025-09-10T13:30:00+00:00,3.0005,3.0089,2.9906,3.0072,8150895.0
2025-09-10T13:45:00+00:00,3.0073,3.0235,3.0027,3.0114,19085331.9
2025-09-10T14:00:00+00:00,3.0114,3.0191,3.0049,3.0122,8883164.3
2025-09-10T14:15:00+00:00,3.0123,3.0178,3.0060,3.0090,6781499.0
2025-09-10T14:30:00+00:00,3.0090,3.0125,3.0002,3.0051,7078889.8
2025-09-10T14:45:00+00:00,3.0050,3.0067,2.9963,2.9978,6704102.3
2025-09-10T15:00:00+00:00,2.9979,3.0080,2.9967,3.0073,4601344.5
2025-09-10T15:15:00+00:00,3.0073,3.0087,2.9958,2.9984,4244815.6
2025-09-10T15:30:00+00:00,2.9985,3.0045,2.9929,3.0032,4160568.1
2025-09-10T15:45:00+00:00,3.0031,3.0055,2.9984,3.0015,3592847.7
2025-09-10T16:00:00+00:00,3.0016,3.0044,2.9914,2.9931,6433950.0
2025-09-10T16:15:00+00:00,2.9931,2.9984,2.9893,2.9983,6679091.3
2025-09-10T16:30:00+00:00,2.9983,2.9992,2.9918,2.9967,4170390.0
2025-09-10T16:45:00+00:00,2.9967,3.0041,2.9947,3.0041,3794953.9
2025-09-10T17:00:00+00:00,3.0041,3.0131,3.0011,3.0116,4762114.7
2025-09-10T17:15:00+00:00,3.0116,3.0124,2.9922,2.9940,7879004.2
2025-09-10T17:30:00+00:00,2.9940,3.0029,2.9907,3.0021,4842517.6
2025-09-10T17:45:00+00:00,3.0022,3.0048,2.9991,3.0024,2109272.0
2025-09-10T18:00:00+00:00,3.0023,3.0061,2.9970,2.9996,3242834.5
2025-09-10T18:15:00+00:00,2.9997,2.9997,2.9875,2.9892,4565060.9
2025-09-10T18:30:00+00:00,2.9892,2.9958,2.9885,2.9926,2128865.2
2025-09-10T18:45:00+00:00,2.9926,3.0003,2.9903,2.9975,1924564.6
2025-09-10T19:00:00+00:00,2.9974,2.9984,2.9890,2.9891,2705766.9
2025-09-10T19:15:00+00:00,2.9891,2.9897,2.9706,2.9738,10727319.9
2025-09-10T19:30:00+00:00,2.9738,2.9803,2.9656,2.9771,7451868.9
2025-09-10T19:45:00+00:00,2.9771,2.9804,2.9733,2.9772,2855694.9
2025-09-10T20:00:00+00:00,2.9772,2.9859,2.9764,2.9822,3740204.7
2025-09-10T20:15:00+00:00,2.9823,2.9847,2.9761,2.9767,2718836.3
2025-09-10T20:30:00+00:00,2.9768,2.9784,2.9720,2.9773,1764910.8
2025-09-10T20:45:00+00:00,2.9773,2.9782,2.9711,2.9734,3115704.3
2025-09-10T21:00:00+00:00,2.9733,2.9777,2.9707,2.9750,2197870.5
2025-09-10T21:15:00+00:00,2.9749,2.9806,2.9737,2.9765,2324286.4
2025-09-10T21:30:00+00:00,2.9765,2.9837,2.9751,2.9770,1927579.2
2025-09-10T21:45:00+00:00,2.9770,2.9809,2.9747,2.9796,1907885.1
2025-09-10T22:00:00+00:00,2.9796,2.9840,2.9762,2.9833,2514116.1
2025-09-10T22:15:00+00:00,2.9833,2.9853,2.9801,2.9820,1356845.6
2025-09-10T22:30:00+00:00,2.9820,2.9824,2.9751,2.9771,1750578.6
2025-09-10T22:45:00+00:00,2.9770,2.9793,2.9751,2.9771,1453768.6
2025-09-10T23:00:00+00:00,2.9771,2.9827,2.9770,2.9795,1952026.5
2025-09-10T23:15:00+00:00,2.9796,2.9856,2.9795,2.9809,2786691.5
2025-09-10T23:30:00+00:00,2.9809,2.9844,2.9800,2.9813,1393957.0
2025-09-10T23:45:00+00:00,2.9813,2.9844,2.9790,2.9822,2283705.4
2025-09-11T00:00:00+00:00,2.9822,2.9823,2.9759,2.9782,4306018.5
2025-09-11T00:15:00+00:00,2.9782,2.9847,2.9772,2.9846,2315789.1
2025-09-11T00:30:00+00:00,2.9845,2.9876,2.9805,2.9833,2528509.2
2025-09-11T00:45:00+00:00,2.9833,2.9939,2.9833,2.9890,3725874.0
2025-09-11T01:00:00+00:00,2.9890,2.9964,2.9880,2.9960,3424661.6
2025-09-11T01:15:00+00:00,2.9960,2.9966,2.9927,2.9929,2204835.0
2025-09-11T01:30:00+00:00,2.9929,2.9941,2.9882,2.9907,2763645.7
2025-09-11T01:45:00+00:00,2.9906,2.9951,2.9901,2.9941,1294324.1
2025-09-11T02:00:00+00:00,2.9941,2.9958,2.9912,2.9953,1205741.9
2025-09-11T02:15:00+00:00,2.9953,2.9963,2.9902,2.9905,2204305.4
2025-09-11T02:30:00+00:00,2.9905,2.9927,2.9865,2.9925,1932215.5
2025-09-11T02:45:00+00:00,2.9926,2.9929,2.9869,2.9869,1717894.8
2025-09-11T03:00:00+00:00,2.9869,2.9914,2.9867,2.9905,2020933.0
2025-09-11T03:15:00+00:00,2.9905,3.0075,2.9901,3.0043,5260862.9
2025-09-11T03:30:00+00:00,3.0044,3.0060,2.9998,3.0015,2478142.3
2025-09-11T03:45:00+00:00,3.0015,3.0094,3.0013,3.0081,4916073.8
2025-09-11T04:00:00+00:00,3.0081,3.0098,3.0013,3.0023,3021387.9
2025-09-11T04:15:00+00:00,3.0023,3.0063,3.0002,3.0055,4065888.1
2025-09-11T04:30:00+00:00,3.0056,3.0134,3.0009,3.0132,3378707.2
2025-09-11T04:45:00+00:00,3.0131,3.0132,3.0073,3.0082,1911760.0
2025-09-11T05:00:00+00:00,3.0083,3.0095,3.0002,3.0008,2696616.6
2025-09-11T05:15:00+00:00,3.0008,3.0036,2.9960,2.9964,3387008.3
2025-09-11T05:30:00+00:00,2.9963,3.0054,2.9958,3.0041,2927492.1
2025-09-11T05:45:00+00:00,3.0040,3.0080,3.0010,3.0058,2549990.4
2025-09-11T06:00:00+00:00,3.0058,3.0058,2.9950,2.9991,4561049.7
2025-09-11T06:15:00+00:00,2.9990,3.0024,2.9954,3.0005,2948954.4
2025-09-11T06:30:00+00:00,3.0005,3.0036,3.0000,3.0018,2071555.2
2025-09-11T06:45:00+00:00,3.0018,3.0030,2.9985,2.9992,1839291.3
2025-09-11T07:00:00+00:00,2.9992,2.9995,2.9912,2.9942,4568100.6
2025-09-11T07:15:00+00:00,2.9942,2.9971,2.9901,2.9961,2617379.0
2025-09-11T07:30:00+00:00,2.9961,3.0001,2.9951,2.9994,1899080.1
2025-09-11T07:45:00+00:00,2.9994,3.0031,2.9989,3.0022,2281350.6
2025-09-11T08:00:00+00:00,3.0021,3.0022,2.9972,3.0013,2533721.1
2025-09-11T08:15:00+00:00,3.0014,3.0020,2.9987,3.0009,1642509.9
2025-09-11T08:30:00+00:00,3.0009,3.0171,3.0006,3.0171,5662927.6
2025-09-11T08:45:00+00:00,3.0171,3.0193,3.0100,3.0150,8160597.7
2025-09-11T09:00:00+00:00,3.0151,3.0156,3.0100,3.0110,4533834.5
2025-09-11T09:15:00+00:00,3.0110,3.0344,3.0104,3.0274,15332427.4
2025-09-11T09:30:00+00:00,3.0274,3.0274,3.0158,3.0236,7859458.8
2025-09-11T09:45:00+00:00,3.0236,3.0266,3.0151,3.0266,6048529.7
2025-09-11T10:00:00+00:00,3.0266,3.0318,3.0217,3.0222,5388393.4
2025-09-11T10:15:00+00:00,3.0222,3.0222,3.0107,3.0132,6207146.1
2025-09-11T10:30:00+00:00,3.0132,3.0180,3.0115,3.0151,3641400.7
2025-09-11T10:45:00+00:00,3.0152,3.0197,3.0150,3.0150,3192245.6
2025-09-11T11:00:00+00:00,3.0150,3.0155,3.0110,3.0137,3243806.2
2025-09-11T11:15:00+00:00,3.0137,3.0139,3.0055,3.0066,4584074.8
2025-09-11T11:30:00+00:00,3.0067,3.0123,3.0022,3.0104,5332201.0
2025-09-11T11:45:00+00:00,3.0104,3.0122,3.0044,3.0064,3269525.1
2025-09-11T12:00:00+00:00,3.0064,3.0220,3.0064,3.0220,7587245.2
2025-09-11T12:15:00+00:00,3.0220,3.0287,3.0170,3.0286,7509382.5
2025-09-11T12:30:00+00:00,3.0287,3.0350,2.9421,2.9959,78295664.0
2025-09-11T12:45:00+00:00,2.9959,3.0080,2.9894,2.9969,13641565.4
2025-09-11T13:00:00+00:00,2.9969,2.9984,2.9748,2.9790,14653337.2
2025-09-11T13:15:00+00:00,2.9790,2.9928,2.9789,2.9888,8021663.3
2025-09-11T13:30:00+00:00,2.9888,3.0090,2.9886,2.9947,9473291.9
2025-09-11T13:45:00+00:00,2.9946,3.0122,2.9910,3.0108,7789708.1
2025-09-11T14:00:00+00:00,3.0109,3.0111,2.9946,2.9972,7334410.9
2025-09-11T14:15:00+00:00,2.9973,2.9976,2.9836,2.9917,7164256.9
2025-09-11T14:30:00+00:00,2.9916,3.0056,2.9908,3.0031,4283907.1
2025-09-11T14:45:00+00:00,3.0030,3.0050,2.9925,2.9976,3539725.6
2025-09-11T15:00:00+00:00,2.9976,2.9996,2.9912,2.9962,3496533.5
2025-09-11T15:15:00+00:00,2.9962,3.0046,2.9949,2.9952,4333388.7
2025-09-11T15:30:00+00:00,2.9953,2.9987,2.9899,2.9931,4044021.4
2025-09-11T15:45:00+00:00,2.9932,2.9965,2.9877,2.9932,4741135.6
2025-09-11T16:00:00+00:00,2.9932,3.0029,2.9930,3.0016,3417358.7
2025-09-11T16:15:00+00:00,3.0017,3.0023,2.9897,2.9900,3265888.7
2025-09-11T16:30:00+00:00,2.9900,2.9976,2.9887,2.9950,2406534.3
2025-09-11T16:45:00+00:00,2.9950,2.9964,2.9881,2.9948,2241089.8
2025-09-11T17:00:00+00:00,2.9948,3.0011,2.9905,2.9988,3417427.2
2025-09-11T17:15:00+00:00,2.9987,3.0002,2.9940,2.9951,1932913.5
2025-09-11T17:30:00+00:00,2.9951,3.0099,2.9945,3.0096,4101206.3
2025-09-11T17:45:00+00:00,3.0096,3.0120,3.0044,3.0120,4403915.3
2025-09-11T18:00:00+00:00,3.0119,3.0196,3.0109,3.0155,5915496.4
2025-09-11T18:15:00+00:00,3.0155,3.0188,3.0062,3.0083,4947622.3
2025-09-11T18:30:00+00:00,3.0084,3.0179,3.0060,3.0176,2814438.1
2025-09-11T18:45:00+00:00,3.0175,3.0338,3.0155,3.0225,11236462.0
2025-09-11T19:00:00+00:00,3.0225,3.0328,3.0193,3.0270,4954622.1
2025-09-11T19:15:00+00:00,3.0270,3.0310,3.0204,3.0295,3314749.5
2025-09-11T19:30:00+00:00,3.0295,3.0310,3.0242,3.0264,4014523.0
2025-09-11T19:45:00+00:00,3.0264,3.0320,3.0200,3.0246,4286644.7
2025-09-11T20:00:00+00:00,3.0247,3.0283,3.0172,3.0186,4662916.6
2025-09-11T20:15:00+00:00,3.0186,3.0232,3.0160,3.0169,3252206.6
2025-09-11T20:30:00+00:00,3.0169,3.0193,3.0113,3.0120,2883838.7
2025-09-11T20:45:00+00:00,3.0120,3.0144,3.0100,3.0111,2253441.1
2025-09-11T21:00:00+00:00,3.0112,3.0228,3.0101,3.0191,3292748.8
2025-09-11T21:15:00+00:00,3.0192,3.0211,3.0136,3.0139,1618653.8
2025-09-11T21:30:00+00:00,3.0140,3.0184,3.0123,3.0175,2761377.5
2025-09-11T21:45:00+00:00,3.0175,3.0180,3.0122,3.0125,2753793.0
2025-09-11T22:00:00+00:00,3.0125,3.0188,3.0116,3.0153,3070710.8
2025-09-11T22:15:00+00:00,3.0152,3.0272,3.0133,3.0249,5330205.8
2025-09-11T22:30:00+00:00,3.0248,3.0276,3.0219,3.0241,3352736.7
2025-09-11T22:45:00+00:00,3.0241,3.0278,3.0231,3.0231,2594608.2
2025-09-11T23:00:00+00:00,3.0231,3.0428,3.0231,3.0423,10261480.8
2025-09-11T23:15:00+00:00,3.0422,3.0484,3.0350,3.0415,8825090.7
2025-09-11T23:30:00+00:00,3.0415,3.0420,3.0363,3.0413,3651353.0
2025-09-11T23:45:00+00:00,3.0413,3.0451,3.0384,3.0388,3022651.5
2025-09-12T00:00:00+00:00,3.0388,3.0424,3.0332,3.0337,5980186.9
2025-09-12T00:15:00+00:00,3.0337,3.0480,3.0325,3.0480,7362482.1
2025-09-12T00:30:00+00:00,3.0480,3.0698,3.0459,3.0678,19420848.3
2025-09-12T00:45:00+00:00,3.0678,3.0712,3.0516,3.0531,19387862.6
2025-09-12T01:00:00+00:00,3.0531,3.0672,3.0528,3.0625,8527000.5
2025-09-12T01:15:00+00:00,3.0626,3.0643,3.0519,3.0553,4129898.8
2025-09-12T01:30:00+00:00,3.0553,3.0554,3.0420,3.0456,5922107.4
2025-09-12T01:45:00+00:00,3.0456,3.0457,3.0364,3.0382,4222269.0
2025-09-12T02:00:00+00:00,3.0382,3.0449,3.0370,3.0400,4706871.6
2025-09-12T02:15:00+00:00,3.0401,3.0507,3.0395,3.0466,4341371.7
2025-09-12T02:30:00+00:00,3.0466,3.0533,3.0435,3.0497,2576558.3
2025-09-12T02:45:00+00:00,3.0498,3.0498,3.0413,3.0429,2917365.3
2025-09-12T03:00:00+00:00,3.0430,3.0464,3.0370,3.0381,3578358.0
2025-09-12T03:15:00+00:00,3.0380,3.0406,3.0356,3.0367,2274089.8
2025-09-12T03:30:00+00:00,3.0366,3.0407,3.0308,3.0337,4390346.4
2025-09-12T03:45:00+00:00,3.0337,3.0373,3.0335,3.0358,2407164.5
2025-09-12T04:00:00+00:00,3.0358,3.0363,3.0274,3.0340,3974169.1
2025-09-12T04:15:00+00:00,3.0340,3.0456,3.0340,3.0453,4039972.5
2025-09-12T04:30:00+00:00,3.0453,3.0530,3.0449,3.0502,6467582.4
2025-09-12T04:45:00+00:00,3.0501,3.0549,3.0472,3.0530,3896391.2
2025-09-12T05:00:00+00:00,3.0530,3.0530,3.0472,3.0496,2552209.4
2025-09-12T05:15:00+00:00,3.0496,3.0588,3.0492,3.0550,3438193.7
2025-09-12T05:30:00+00:00,3.0550,3.0666,3.0510,3.0632,4970194.4
2025-09-12T05:45:00+00:00,3.0632,3.0726,3.0624,3.0714,9602654.9
2025-09-12T06:00:00+00:00,3.0714,3.0714,3.0582,3.0582,9265472.7
2025-09-12T06:15:00+00:00,3.0583,3.0654,3.0550,3.0571,4224710.3
2025-09-12T06:30:00+00:00,3.0570,3.0601,3.0525,3.0584,4148107.4
2025-09-12T06:45:00+00:00,3.0584,3.0584,3.0473,3.0505,5105525.2
2025-09-12T07:00:00+00:00,3.0506,3.0584,3.0489,3.0547,4202710.1
2025-09-12T07:15:00+00:00,3.0547,3.0589,3.0513,3.0528,2587274.3
2025-09-12T07:30:00+00:00,3.0528,3.0573,3.0462,3.0572,3925872.2
2025-09-12T07:45:00+00:00,3.0573,3.0718,3.0544,3.0659,10454616.0
2025-09-12T08:00:00+00:00,3.0660,3.0699,3.0562,3.0566,7012451.9
2025-09-12T08:15:00+00:00,3.0566,3.0637,3.0468,3.0608,6661841.6
2025-09-12T08:30:00+00:00,3.0607,3.0613,3.0506,3.0514,4105835.8
2025-09-12T08:45:00+00:00,3.0514,3.0548,3.0482,3.0540,3377506.0
2025-09-12T09:00:00+00:00,3.0540,3.0561,3.0473,3.0531,3561324.4
2025-09-12T09:15:00+00:00,3.0532,3.0555,3.0466,3.0479,2149035.0
2025-09-12T09:30:00+00:00,3.0479,3.0514,3.0425,3.0445,3995905.6
2025-09-12T09:45:00+00:00,3.0445,3.0489,3.0428,3.0472,2603229.4
2025-09-12T10:00:00+00:00,3.0471,3.0489,3.0378,3.0432,5390048.1
2025-09-12T10:15:00+00:00,3.0431,3.0470,3.0403,3.0403,3143757.2
2025-09-12T10:30:00+00:00,3.0403,3.0452,3.0397,3.0427,2687454.5
2025-09-12T10:45:00+00:00,3.0427,3.0440,3.0397,3.0421,2275086.3
2025-09-12T11:00:00+00:00,3.0420,3.0486,3.0393,3.0450,2954612.6
2025-09-12T11:15:00+00:00,3.0450,3.0512,3.0448,3.0499,4114254.2
2025-09-12T11:30:00+00:00,3.0499,3.0507,3.0454,3.0470,2781162.9
2025-09-12T11:45:00+00:00,3.0470,3.0470,3.0358,3.0375,4614213.3
2025-09-12T12:00:00+00:00,3.0376,3.0400,3.0241,3.0316,15790078.1
2025-09-12T12:15:00+00:00,3.0316,3.0380,3.0305,3.0360,7873321.7
2025-09-12T12:30:00+00:00,3.0360,3.0365,3.0290,3.0347,3936330.3
2025-09-12T12:45:00+00:00,3.0346,3.0430,3.0334,3.0399,4741894.3
2025-09-12T13:00:00+00:00,3.0399,3.0436,3.0372,3.0386,4256483.3
2025-09-12T13:15:00+00:00,3.0386,3.0389,3.0333,3.0337,2412851.7
2025-09-12T13:30:00+00:00,3.0338,3.0415,3.0252,3.0310,7508453.2
2025-09-12T13:45:00+00:00,3.0309,3.0439,3.0280,3.0393,6274682.2
2025-09-12T14:00:00+00:00,3.0392,3.0560,3.0331,3.0505,12773763.6
2025-09-12T14:15:00+00:00,3.0506,3.0642,3.0487,3.0560,10093364.8
2025-09-12T14:30:00+00:00,3.0560,3.0584,3.0335,3.0335,8586085.4
2025-09-12T14:45:00+00:00,3.0336,3.0400,3.0322,3.0378,5467322.0
2025-09-12T15:00:00+00:00,3.0377,3.0384,3.0161,3.0195,11084805.5
2025-09-12T15:15:00+00:00,3.0195,3.0268,3.0169,3.0191,5161908.2
2025-09-12T15:30:00+00:00,3.0192,3.0263,3.0185,3.0260,3600499.5
2025-09-12T15:45:00+00:00,3.0260,3.0319,3.0245,3.0263,3828638.8
2025-09-12T16:00:00+00:00,3.0264,3.0339,3.0204,3.0318,7234364.1
2025-09-12T16:15:00+00:00,3.0318,3.0388,3.0280,3.0367,4275354.7
2025-09-12T16:30:00+00:00,3.0367,3.0413,3.0300,3.0314,4391026.1
2025-09-12T16:45:00+00:00,3.0314,3.0399,3.0281,3.0398,2119276.8
2025-09-12T17:00:00+00:00,3.0399,3.0455,3.0340,3.0438,3350702.2
2025-09-12T17:15:00+00:00,3.0438,3.0657,3.0438,3.0598,14727112.4
2025-09-12T17:30:00+00:00,3.0598,3.0721,3.0564,3.0691,11264509.3
2025-09-12T17:45:00+00:00,3.0692,3.0706,3.0579,3.0643,7449684.0
2025-09-12T18:00:00+00:00,3.0643,3.0700,3.0588,3.0673,5751153.1
2025-09-12T18:15:00+00:00,3.0672,3.0703,3.0624,3.0678,4683100.9
2025-09-12T18:30:00+00:00,3.0678,3.0767,3.0670,3.0732,7952412.1
2025-09-12T18:45:00+00:00,3.0732,3.0781,3.0711,3.0779,5962071.3
2025-09-12T19:00:00+00:00,3.0779,3.0780,3.0689,3.0704,3984465.0
2025-09-12T19:15:00+00:00,3.0704,3.0732,3.0653,3.0731,4567101.8
2025-09-12T19:30:00+00:00,3.0731,3.0777,3.0692,3.0777,4658586.0
2025-09-12T19:45:00+00:00,3.0776,3.0926,3.0776,3.0886,11674063.3
2025-09-12T20:00:00+00:00,3.0885,3.1030,3.0810,3.0977,15551669.0
2025-09-12T20:15:00+00:00,3.0977,3.1084,3.0876,3.0957,13920878.6
2025-09-12T20:30:00+00:00,3.0958,3.0994,3.0886,3.0985,4843762.8
2025-09-12T20:45:00+00:00,3.0985,3.1372,3.0985,3.1221,22768254.2
2025-09-12T21:00:00+00:00,3.1222,3.1255,3.0938,3.1034,16689314.8
2025-09-12T21:15:00+00:00,3.1034,3.1083,3.0959,3.0972,4842407.7
2025-09-12T21:30:00+00:00,3.0973,3.1002,3.0840,3.0997,6992958.4
2025-09-12T21:45:00+00:00,3.0998,3.0998,3.0930,3.0930,1834650.4
2025-09-12T22:00:00+00:00,3.0930,3.1109,3.0930,3.1098,5906916.9
2025-09-12T22:15:00+00:00,3.1098,3.1253,3.1094,3.1218,10659071.1
2025-09-12T22:30:00+00:00,3.1217,3.1222,3.1026,3.1057,7446158.2
2025-09-12T22:45:00+00:00,3.1057,3.1162,3.1021,3.1104,5965924.3
2025-09-12T23:00:00+00:00,3.1103,3.1122,3.1034,3.1057,3808091.0
2025-09-12T23:15:00+00:00,3.1058,3.1077,3.0990,3.1040,4214618.0
2025-09-12T23:30:00+00:00,3.1040,3.1050,3.0995,3.0995,2561923.2
2025-09-12T23:45:00+00:00,3.0996,3.1094,3.0992,3.1046,2785645.1
2025-09-13T00:00:00+00:00,3.1046,3.1064,3.0952,3.0994,5070206.3
2025-09-13T00:15:00+00:00,3.0993,3.1050,3.0918,3.0931,4015132.9
2025-09-13T00:30:00+00:00,3.0930,3.1020,3.0925,3.1001,3677496.9
2025-09-13T00:45:00+00:00,3.1000,3.1050,3.0990,3.1020,4473881.9
2025-09-13T01:00:00+00:00,3.1020,3.1135,3.1020,3.1076,5151869.7
2025-09-13T01:15:00+00:00,3.1077,3.1208,3.1076,3.1099,5889367.0
2025-09-13T01:30:00+00:00,3.1099,3.1239,3.1052,3.1053,8098677.7
2025-09-13T01:45:00+00:00,3.1053,3.1056,3.0927,3.0962,4782605.0
2025-09-13T02:00:00+00:00,3.0962,3.1063,3.0888,3.1044,5452261.8
2025-09-13T02:15:00+00:00,3.1044,3.1062,3.1004,3.1016,2297476.6
2025-09-13T02:30:00+00:00,3.1016,3.1030,3.0965,3.1030,1991082.6
2025-09-13T02:45:00+00:00,3.1030,3.1038,3.0980,3.1017,2204602.6
2025-09-13T03:00:00+00:00,3.1017,3.1062,3.0994,3.1033,2254355.7
2025-09-13T03:15:00+00:00,3.1034,3.1136,3.1030,3.1119,4020497.6
2025-09-13T03:30:00+00:00,3.1119,3.1168,3.1082,3.1130,3091936.7
2025-09-13T03:45:00+00:00,3.1130,3.1153,3.1106,3.1135,2391174.3
2025-09-13T04:00:00+00:00,3.1134,3.1157,3.1096,3.1127,3908191.7
2025-09-13T04:15:00+00:00,3.1128,3.1130,3.1075,3.1076,2028105.6
2025-09-13T04:30:00+00:00,3.1076,3.1118,3.1069,3.1117,1776244.3
2025-09-13T04:45:00+00:00,3.1117,3.1123,3.1044,3.1050,2043759.0
2025-09-13T05:00:00+00:00,3.1051,3.1066,3.1006,3.1064,2241001.1
2025-09-13T05:15:00+00:00,3.1064,3.1124,3.1030,3.1108,2287697.8
2025-09-13T05:30:00+00:00,3.1107,3.1107,3.0983,3.1011,3677037.3
2025-09-13T05:45:00+00:00,3.1011,3.1030,3.0984,3.1002,2085521.0
2025-09-13T06:00:00+00:00,3.1002,3.1130,3.0994,3.1101,4740426.7
2025-09-13T06:15:00+00:00,3.1102,3.1111,3.1037,3.1067,2058331.6
2025-09-13T06:30:00+00:00,3.1067,3.1108,3.1055,3.1083,2281366.4
2025-09-13T06:45:00+00:00,3.1083,3.1155,3.1076,3.1153,3856579.4
2025-09-13T07:00:00+00:00,3.1152,3.1197,3.1111,3.1196,3055367.3
2025-09-13T07:15:00+00:00,3.1197,3.1214,3.1133,3.1138,4528589.7
2025-09-13T07:30:00+00:00,3.1139,3.1193,3.1135,3.1149,1809558.0
2025-09-13T07:45:00+00:00,3.1149,3.1184,3.1140,3.1161,1640440.0
2025-09-13T08:00:00+00:00,3.1160,3.1167,3.1093,3.1136,3753491.5
2025-09-13T08:15:00+00:00,3.1135,3.1227,3.1114,3.1220,3136391.7
2025-09-13T08:30:00+00:00,3.1220,3.1413,3.1217,3.1384,11624606.3
2025-09-13T08:45:00+00:00,3.1384,3.1450,3.1348,3.1429,9308509.0
2025-09-13T09:00:00+00:00,3.1429,3.1708,3.1385,3.1648,27423917.8
2025-09-13T09:15:00+00:00,3.1649,3.1702,3.1584,3.1616,12506877.1
2025-09-13T09:30:00+00:00,3.1616,3.1743,3.1597,3.1738,9632652.2
2025-09-13T09:45:00+00:00,3.1738,3.1844,3.1688,3.1791,14085604.1
2025-09-13T10:00:00+00:00,3.1790,3.1792,3.1622,3.1729,11974096.1
2025-09-13T10:15:00+00:00,3.1730,3.1855,3.1705,3.1711,10136013.5
2025-09-13T10:30:00+00:00,3.1711,3.1722,3.1593,3.1675,8647521.2
2025-09-13T10:45:00+00:00,3.1675,3.1702,3.1601,3.1628,5428082.0
2025-09-13T11:00:00+00:00,3.1628,3.1628,3.1525,3.1536,6615865.9
2025-09-13T11:15:00+00:00,3.1536,3.1648,3.1492,3.1644,6587820.0
2025-09-13T11:30:00+00:00,3.1645,3.1716,3.1618,3.1698,5362137.9
2025-09-13T11:45:00+00:00,3.1698,3.1760,3.1657,3.1719,5751528.2
2025-09-13T12:00:00+00:00,3.1719,3.1770,3.1636,3.1762,5753810.7
2025-09-13T12:15:00+00:00,3.1762,3.1810,3.1666,3.1669,5085186.9
2025-09-13T12:30:00+00:00,3.1669,3.1720,3.1652,3.1678,2932688.6
2025-09-13T12:45:00+00:00,3.1678,3.1712,3.1652,3.1700,2372221.8
2025-09-13T13:00:00+00:00,3.1700,3.1703,3.1575,3.1647,4686235.0
2025-09-13T13:15:00+00:00,3.1647,3.1784,3.1587,3.1740,6006414.2
2025-09-13T13:30:00+00:00,3.1740,3.1742,3.1617,3.1621,5315260.4
2025-09-13T13:45:00+00:00,3.1622,3.1658,3.1156,3.1416,33250512.8
2025-09-13T14:00:00+00:00,3.1417,3.1445,3.1203,3.1371,16228217.4
2025-09-13T14:15:00+00:00,3.1371,3.1561,3.1363,3.1525,7217127.5
2025-09-13T14:30:00+00:00,3.1525,3.1556,3.1396,3.1442,5438538.5
2025-09-13T14:45:00+00:00,3.1441,3.1513,3.1379,3.1463,3639680.3
2025-09-13T15:00:00+00:00,3.1464,3.1558,3.1435,3.1530,3765280.2
2025-09-13T15:15:00+00:00,3.1531,3.1562,3.1392,3.1418,4452819.8
2025-09-13T15:30:00+00:00,3.1418,3.1424,3.1200,3.1323,11504197.4
2025-09-13T15:45:00+00:00,3.1323,3.1359,3.1274,3.1330,4098012.6
2025-09-13T16:00:00+00:00,3.1330,3.1415,3.1261,3.1302,8570942.7
2025-09-13T16:15:00+00:00,3.1302,3.1368,3.1235,3.1320,6712416.1
2025-09-13T16:30:00+00:00,3.1320,3.1359,3.1129,3.1259,9169962.7
2025-09-13T16:45:00+00:00,3.1259,3.1275,3.1052,3.1100,15073658.8
2025-09-13T17:00:00+00:00,3.1100,3.1132,3.0888,3.0893,22244698.7
2025-09-13T17:15:00+00:00,3.0893,3.1097,3.0882,3.1047,6823583.3
2025-09-13T17:30:00+00:00,3.1047,3.1148,3.1031,3.1112,4848749.2
2025-09-13T17:45:00+00:00,3.1111,3.1175,3.1106,3.1121,2702415.0
2025-09-13T18:00:00+00:00,3.1120,3.1125,3.1008,3.1118,3415209.6
2025-09-13T18:15:00+00:00,3.1117,3.1177,3.1056,3.1151,3341443.6
2025-09-13T18:30:00+00:00,3.1152,3.1152,3.1056,3.1126,2728752.2
2025-09-13T18:45:00+00:00,3.1126,3.1160,3.1106,3.1139,1932072.3
2025-09-13T19:00:00+00:00,3.1140,3.1170,3.1084,3.1130,2996528.3
2025-09-13T19:15:00+00:00,3.1129,3.1142,3.1069,3.1084,2503036.3
2025-09-13T19:30:00+00:00,3.1084,3.1143,3.1080,3.1120,1712578.1
2025-09-13T19:45:00+00:00,3.1121,3.1136,3.1088,3.1100,1513626.4
2025-09-13T20:00:00+00:00,3.1100,3.1208,3.1078,3.1187,7272687.4
2025-09-13T20:15:00+00:00,3.1186,3.1205,3.1145,3.1182,3152766.0
2025-09-13T20:30:00+00:00,3.1182,3.1211,3.1133,3.1145,2180464.9
2025-09-13T20:45:00+00:00,3.1145,3.1200,3.1145,3.1163,2426192.7
2025-09-13T21:00:00+00:00,3.1163,3.1234,3.1157,3.1215,2838867.2
2025-09-13T21:15:00+00:00,3.1215,3.1269,3.1203,3.1230,4159316.9
2025-09-13T21:30:00+00:00,3.1230,3.1240,3.1206,3.1220,1636876.4
2025-09-13T21:45:00+00:00,3.1219,3.1222,3.1159,3.1188,1890092.9
2025-09-13T22:00:00+00:00,3.1188,3.1224,3.1168,3.1205,2193063.0
2025-09-13T22:15:00+00:00,3.1206,3.1206,3.1156,3.1180,1332604.3
2025-09-13T22:30:00+00:00,3.1181,3.1181,3.1125,3.1151,2176378.4
2025-09-13T22:45:00+00:00,3.1152,3.1203,3.1139,3.1192,2968343.1
2025-09-13T23:00:00+00:00,3.1192,3.1241,3.1187,3.1226,2131132.6
2025-09-13T23:15:00+00:00,3.1225,3.1264,3.1188,3.1199,4563140.9
2025-09-13T23:30:00+00:00,3.1199,3.1203,3.1169,3.1198,1730296.6
2025-09-13T23:45:00+00:00,3.1197,3.1215,3.1180,3.1181,1553098.9
2025-09-14T00:00:00+00:00,3.1180,3.1187,3.1145,3.1163,3546419.8
2025-09-14T00:15:00+00:00,3.1162,3.1197,3.1129,3.1146,2795901.2
2025-09-14T00:30:00+00:00,3.1146,3.1174,3.1132,3.1140,2457577.4
2025-09-14T00:45:00+00:00,3.1140,3.1148,3.1010,3.1095,7846378.0
2025-09-14T01:00:00+00:00,3.1095,3.1095,3.0902,3.0905,8672749.0
2025-09-14T01:15:00+00:00,3.0905,3.0982,3.0824,3.0944,10529757.0
2025-09-14T01:30:00+00:00,3.0944,3.1025,3.0927,3.1025,3829191.5
2025-09-14T01:45:00+00:00,3.1025,3.1168,3.1005,3.1141,5814489.6
2025-09-14T02:00:00+00:00,3.1140,3.1254,3.1120,3.1254,5999044.2
2025-09-14T02:15:00+00:00,3.1253,3.1259,3.1166,3.1172,3834813.9
2025-09-14T02:30:00+00:00,3.1173,3.1190,3.1046,3.1127,8582947.8
2025-09-14T02:45:00+00:00,3.1126,3.1253,3.1082,3.1213,6236100.2
2025-09-14T03:00:00+00:00,3.1214,3.1229,3.1077,3.1127,5890186.6
2025-09-14T03:15:00+00:00,3.1126,3.1163,3.1044,3.1050,7115475.1
2025-09-14T03:30:00+00:00,3.1049,3.1118,3.1046,3.1053,2448047.3
2025-09-14T03:45:00+00:00,3.1053,3.1077,3.0908,3.0940,6931724.0
2025-09-14T04:00:00+00:00,3.0940,3.0964,3.0868,3.0882,6027268.2
2025-09-14T04:15:00+00:00,3.0882,3.0969,3.0744,3.0924,12535660.8
2025-09-14T04:30:00+00:00,3.0924,3.1031,3.0920,3.1025,4158425.6
2025-09-14T04:45:00+00:00,3.1025,3.1030,3.0952,3.0978,2583585.2
2025-09-14T05:00:00+00:00,3.0979,3.1012,3.0961,3.0991,1714418.4
2025-09-14T05:15:00+00:00,3.0991,3.1041,3.0986,3.1037,1392553.7
2025-09-14T05:30:00+00:00,3.1037,3.1058,3.1005,3.1026,3183837.9
2025-09-14T05:45:00+00:00,3.1027,3.1073,3.1026,3.1063,1972976.0
2025-09-14T06:00:00+00:00,3.1063,3.1077,3.0933,3.0962,4648525.2
2025-09-14T06:15:00+00:00,3.0961,3.0991,3.0927,3.0958,2598736.4
2025-09-14T06:30:00+00:00,3.0958,3.0960,3.0871,3.0880,4853227.5
2025-09-14T06:45:00+00:00,3.0880,3.0911,3.0819,3.0908,4106226.0
2025-09-14T07:00:00+00:00,3.0909,3.0909,3.0825,3.0868,2620143.7
2025-09-14T07:15:00+00:00,3.0869,3.0902,3.0847,3.0880,2262368.4
2025-09-14T07:30:00+00:00,3.0880,3.0892,3.0848,3.0848,2134994.9
2025-09-14T07:45:00+00:00,3.0848,3.0870,3.0736,3.0829,7850449.3
2025-09-14T08:00:00+00:00,3.0829,3.0829,3.0761,3.0809,3979336.9
2025-09-14T08:15:00+00:00,3.0809,3.0843,3.0736,3.0818,3547948.6
2025-09-14T08:30:00+00:00,3.0817,3.0887,3.0797,3.0880,2835340.4
2025-09-14T08:45:00+00:00,3.0881,3.0891,3.0822,3.0833,2357837.8
2025-09-14T09:00:00+00:00,3.0833,3.0844,3.0800,3.0831,2086742.0
2025-09-14T09:15:00+00:00,3.0831,3.0893,3.0809,3.0884,2877748.5
2025-09-14T09:30:00+00:00,3.0885,3.0943,3.0858,3.0866,3730222.8
2025-09-14T09:45:00+00:00,3.0867,3.0895,3.0855,3.0887,1805631.6
2025-09-14T10:00:00+00:00,3.0888,3.0902,3.0814,3.0815,2785619.3
2025-09-14T10:15:00+00:00,3.0815,3.0874,3.0794,3.0798,2594989.9
2025-09-14T10:30:00+00:00,3.0797,3.0842,3.0797,3.0829,1752887.6
2025-09-14T10:45:00+00:00,3.0829,3.0859,3.0811,3.0836,1401564.0
2025-09-14T11:00:00+00:00,3.0837,3.0866,3.0805,3.0825,1819337.7
2025-09-14T11:15:00+00:00,3.0825,3.0836,3.0657,3.0673,11254441.5
2025-09-14T11:30:00+00:00,3.0674,3.0688,3.0564,3.0575,11998761.9
2025-09-14T11:45:00+00:00,3.0576,3.0640,3.0530,3.0577,7275992.6
2025-09-14T12:00:00+00:00,3.0576,3.0654,3.0570,3.0631,5113627.2
2025-09-14T12:15:00+00:00,3.0630,3.0639,3.0554,3.0607,4991372.6
2025-09-14T12:30:00+00:00,3.0607,3.0625,3.0461,3.0476,7334151.6
2025-09-14T12:45:00+00:00,3.0476,3.0515,3.0380,3.0490,11159493.7
2025-09-14T13:00:00+00:00,3.0490,3.0517,3.0416,3.0500,4682923.8
2025-09-14T13:15:00+00:00,3.0500,3.0515,3.0395,3.0431,4969092.5
2025-09-14T13:30:00+00:00,3.0430,3.0486,3.0385,3.0481,5238196.4
2025-09-14T13:45:00+00:00,3.0480,3.0483,3.0232,3.0357,15625181.3
2025-09-14T14:00:00+00:00,3.0357,3.0483,3.0322,3.0444,5975416.1
2025-09-14T14:15:00+00:00,3.0444,3.0448,3.0201,3.0269,19801240.0
2025-09-14T14:30:00+00:00,3.0269,3.0315,3.0088,3.0113,19170587.5
2025-09-14T14:45:00+00:00,3.0114,3.0251,3.0082,3.0235,9823616.6
2025-09-14T15:00:00+00:00,3.0234,3.0274,3.0125,3.0168,7051694.7
2025-09-14T15:15:00+00:00,3.0169,3.0329,3.0169,3.0308,9660565.8
2025-09-14T15:30:00+00:00,3.0307,3.0374,3.0261,3.0293,5654221.8
2025-09-14T15:45:00+00:00,3.0293,3.0327,3.0268,3.0295,3293267.6
2025-09-14T16:00:00+00:00,3.0295,3.0414,3.0266,3.0359,6930570.4
2025-09-14T16:15:00+00:00,3.0360,3.0428,3.0343,3.0414,3699940.9
2025-09-14T16:30:00+00:00,3.0414,3.0451,3.0384,3.0449,3465659.9
2025-09-14T16:45:00+00:00,3.0449,3.0458,3.0391,3.0417,3236194.9
2025-09-14T17:00:00+00:00,3.0417,3.0442,3.0369,3.0431,2623846.5
2025-09-14T17:15:00+00:00,3.0432,3.0524,3.0431,3.0516,4607853.5
2025-09-14T17:30:00+00:00,3.0517,3.0552,3.0499,3.0524,3688909.9
2025-09-14T17:45:00+00:00,3.0524,3.0580,3.0523,3.0525,3474349.2
2025-09-14T18:00:00+00:00,3.0525,3.0531,3.0464,3.0475,3126500.2
2025-09-14T18:15:00+00:00,3.0474,3.0486,3.0407,3.0417,3368253.6
2025-09-14T18:30:00+00:00,3.0417,3.0442,3.0368,3.0377,2580210.5
2025-09-14T18:45:00+00:00,3.0376,3.0395,3.0312,3.0352,3910414.6
2025-09-14T19:00:00+00:00,3.0351,3.0403,3.0282,3.0383,4163462.8
2025-09-14T19:15:00+00:00,3.0382,3.0446,3.0375,3.0433,3962897.1
2025-09-14T19:30:00+00:00,3.0433,3.0458,3.0357,3.0385,4265962.4
2025-09-14T19:45:00+00:00,3.0386,3.0414,3.0315,3.0363,2617570.1
2025-09-14T20:00:00+00:00,3.0363,3.0420,3.0340,3.0406,2392621.5
2025-09-14T20:15:00+00:00,3.0406,3.0421,3.0366,3.0377,1362139.5
2025-09-14T20:30:00+00:00,3.0377,3.0395,3.0327,3.0392,1510874.8
2025-09-14T20:45:00+00:00,3.0392,3.0400,3.0355,3.0366,1803505.5
2025-09-14T21:00:00+00:00,3.0367,3.0393,3.0252,3.0329,3175589.2
2025-09-14T21:15:00+00:00,3.0328,3.0396,3.0318,3.0363,2550297.7
2025-09-14T21:30:00+00:00,3.0362,3.0463,3.0362,3.0462,1997656.1
2025-09-14T21:45:00+00:00,3.0463,3.0513,3.0434,3.0468,3568530.8
2025-09-14T22:00:00+00:00,3.0469,3.0489,3.0384,3.0390,4417521.6
2025-09-14T22:15:00+00:00,3.0391,3.0431,3.0374,3.0429,1475639.0
2025-09-14T22:30:00+00:00,3.0430,3.0535,3.0420,3.0512,4627496.7
2025-09-14T22:45:00+00:00,3.0512,3.0560,3.0486,3.0494,3254161.8
2025-09-14T23:00:00+00:00,3.0494,3.0494,3.0325,3.0331,6675593.3
2025-09-14T23:15:00+00:00,3.0331,3.0382,3.0277,3.0308,4946405.7
2025-09-14T23:30:00+00:00,3.0308,3.0313,3.0236,3.0303,3442064.4
2025-09-14T23:45:00+00:00,3.0304,3.0320,3.0237,3.0266,2871147.2
2025-09-15T00:00:00+00:00,3.0265,3.0374,3.0256,3.0345,4438483.4
2025-09-15T00:15:00+00:00,3.0344,3.0436,3.0276,3.0422,2987024.4
2025-09-15T00:30:00+00:00,3.0422,3.0430,3.0324,3.0332,2837256.4
2025-09-15T00:45:00+00:00,3.0332,3.0393,3.0315,3.0336,2538994.6
2025-09-15T01:00:00+00:00,3.0335,3.0349,3.0173,3.0174,4388479.4
2025-09-15T01:15:00+00:00,3.0173,3.0312,3.0105,3.0312,7396545.7
2025-09-15T01:30:00+00:00,3.0312,3.0468,3.0309,3.0410,6799761.7
2025-09-15T01:45:00+00:00,3.0411,3.0462,3.0356,3.0385,2577444.3
2025-09-15T02:00:00+00:00,3.0385,3.0478,3.0384,3.0460,3578053.5
2025-09-15T02:15:00+00:00,3.0459,3.0485,3.0403,3.0409,2295805.6
2025-09-15T02:30:00+00:00,3.0409,3.0409,3.0312,3.0364,2409079.0
2025-09-15T02:45:00+00:00,3.0364,3.0407,3.0330,3.0345,1564207.4
2025-09-15T03:00:00+00:00,3.0345,3.0452,3.0332,3.0428,2271524.8
2025-09-15T03:15:00+00:00,3.0428,3.0454,3.0387,3.0408,2185949.3
2025-09-15T03:30:00+00:00,3.0407,3.0468,3.0383,3.0451,1579520.2
2025-09-15T03:45:00+00:00,3.0451,3.0515,3.0451,3.0468,2090100.8
2025-09-15T04:00:00+00:00,3.0468,3.0493,3.0431,3.0445,2439162.0
2025-09-15T04:15:00+00:00,3.0445,3.0567,3.0422,3.0519,5105532.5
2025-09-15T04:30:00+00:00,3.0520,3.0545,3.0482,3.0523,2230959.0
2025-09-15T04:45:00+00:00,3.0524,3.0555,3.0485,3.0496,2039715.0
2025-09-15T05:00:00+00:00,3.0497,3.0597,3.0475,3.0590,2775535.0
2025-09-15T05:15:00+00:00,3.0590,3.0647,3.0569,3.0621,6024921.6
2025-09-15T05:30:00+00:00,3.0620,3.0640,3.0595,3.0599,2150631.9
2025-09-15T05:45:00+00:00,3.0599,3.0655,3.0594,3.0646,2921310.8
2025-09-15T06:00:00+00:00,3.0646,3.0650,3.0584,3.0596,4143684.1
2025-09-15T06:15:00+00:00,3.0597,3.0597,3.0444,3.0454,7555949.4
2025-09-15T06:30:00+00:00,3.0453,3.0485,3.0289,3.0337,8604079.4
2025-09-15T06:45:00+00:00,3.0337,3.0356,3.0229,3.0339,6516134.6
2025-09-15T07:00:00+00:00,3.0338,3.0415,3.0328,3.0411,4076055.8
2025-09-15T07:15:00+00:00,3.0412,3.0471,3.0336,3.0339,4994244.7
2025-09-15T07:30:00+00:00,3.0339,3.0339,3.0101,3.0220,15893831.4
2025-09-15T07:45:00+00:00,3.0221,3.0274,3.0183,3.0213,6925246.3
2025-09-15T08:00:00+00:00,3.0212,3.0224,2.9670,2.9888,53304418.1
2025-09-15T08:15:00+00:00,2.9888,2.9940,2.9809,2.9841,10929643.7
2025-09-15T08:30:00+00:00,2.9842,2.9897,2.9727,2.9800,10228244.7
2025-09-15T08:45:00+00:00,2.9800,2.9807,2.9540,2.9580,23349749.6
2025-09-15T09:00:00+00:00,2.9580,2.9807,2.9518,2.9718,19763791.5
2025-09-15T09:15:00+00:00,2.9717,2.9811,2.9651,2.9777,9876400.0
2025-09-15T09:30:00+00:00,2.9777,2.9827,2.9758,2.9795,4770291.0
2025-09-15T09:45:00+00:00,2.9796,2.9804,2.9742,2.9758,4238775.6
2025-09-15T10:00:00+00:00,2.9758,2.9766,2.9653,2.9685,5572527.3
2025-09-15T10:15:00+00:00,2.9684,2.9742,2.9665,2.9723,4074781.5
2025-09-15T10:30:00+00:00,2.9723,2.9779,2.9671,2.9763,3543589.4
2025-09-15T10:45:00+00:00,2.9763,2.9804,2.9733,2.9779,3281587.5
2025-09-15T11:00:00+00:00,2.9779,2.9880,2.9756,2.9879,5034817.3
2025-09-15T11:15:00+00:00,2.9880,2.9936,2.9826,2.9881,5895813.5
2025-09-15T11:30:00+00:00,2.9880,2.9939,2.9853,2.9921,3683746.1
2025-09-15T11:45:00+00:00,2.9922,2.9988,2.9893,2.9976,4449215.8
2025-09-15T12:00:00+00:00,2.9976,2.9989,2.9851,2.9922,5406140.0
2025-09-15T12:15:00+00:00,2.9922,2.9991,2.9863,2.9866,3747429.5
2025-09-15T12:30:00+00:00,2.9866,2.9951,2.9859,2.9941,3424016.2
2025-09-15T12:45:00+00:00,2.9941,2.9973,2.9854,2.9881,7237107.3
2025-09-15T13:00:00+00:00,2.9881,2.9926,2.9828,2.9906,5632036.9
2025-09-15T13:15:00+00:00,2.9907,3.0064,2.9872,3.0055,5155004.9
2025-09-15T13:30:00+00:00,3.0056,3.0419,3.0050,3.0156,29120711.0
2025-09-15T13:45:00+00:00,3.0155,3.0350,3.0136,3.0208,12964885.6
2025-09-15T14:00:00+00:00,3.0208,3.0268,3.0046,3.0256,12894554.7
2025-09-15T14:15:00+00:00,3.0255,3.0295,3.0133,3.0271,7268982.0
2025-09-15T14:30:00+00:00,3.0271,3.0283,3.0055,3.0123,6753286.4
2025-09-15T14:45:00+00:00,3.0124,3.0175,3.0033,3.0041,5076713.9
2025-09-15T15:00:00+00:00,3.0042,3.0145,3.0039,3.0067,5835495.2
2025-09-15T15:15:00+00:00,3.0067,3.0394,2.9988,3.0245,24879237.4
2025-09-15T15:30:00+00:00,3.0246,3.0254,3.0059,3.0094,16020480.5
2025-09-15T15:45:00+00:00,3.0093,3.0292,3.0050,3.0263,10370530.7
2025-09-15T16:00:00+00:00,3.0262,3.0347,3.0208,3.0233,13107767.7
2025-09-15T16:15:00+00:00,3.0234,3.0278,3.0125,3.0169,7065985.7
2025-09-15T16:30:00+00:00,3.0168,3.0250,3.0137,3.0249,4510275.4
2025-09-15T16:45:00+00:00,3.0249,3.0257,3.0008,3.0048,6651560.2
2025-09-15T17:00:00+00:00,3.0049,3.0136,3.0031,3.0109,4275103.1
2025-09-15T17:15:00+00:00,3.0110,3.0155,2.9944,2.9999,7663525.9
2025-09-15T17:30:00+00:00,3.0000,3.0047,2.9908,3.0029,6286859.0
2025-09-15T17:45:00+00:00,3.0029,3.0086,2.9951,3.0078,4722480.7
2025-09-15T18:00:00+00:00,3.0078,3.0087,2.9961,3.0000,3535218.5
2025-09-15T18:15:00+00:00,3.0000,3.0029,2.9939,2.9962,3557456.4
2025-09-15T18:30:00+00:00,2.9962,3.0031,2.9951,2.9967,2511566.6
2025-09-15T18:45:00+00:00,2.9967,3.0103,2.9942,3.0070,3394168.0
2025-09-15T19:00:00+00:00,3.0070,3.0150,2.9988,3.0008,4045534.8
2025-09-15T19:15:00+00:00,3.0009,3.0014,2.9923,2.9934,3818282.2
2025-09-15T19:30:00+00:00,2.9933,3.0018,2.9843,3.0004,7425213.1
2025-09-15T19:45:00+00:00,3.0003,3.0024,2.9860,2.9864,6510115.2
2025-09-15T20:00:00+00:00,2.9864,2.9963,2.9785,2.9946,7628984.9
2025-09-15T20:15:00+00:00,2.9945,2.9963,2.9864,2.9888,2554705.8
2025-09-15T20:30:00+00:00,2.9888,2.9902,2.9848,2.9895,1707081.5
2025-09-15T20:45:00+00:00,2.9895,2.9973,2.9883,2.9966,1920528.3
2025-09-15T21:00:00+00:00,2.9967,2.9978,2.9886,2.9903,1909319.0
2025-09-15T21:15:00+00:00,2.9904,2.9988,2.9899,2.9987,1497514.3
2025-09-15T21:30:00+00:00,2.9987,3.0029,2.9960,3.0015,1498728.2
2025-09-15T21:45:00+00:00,3.0014,3.0027,2.9975,2.9978,1898665.5
2025-09-15T22:00:00+00:00,2.9978,2.9998,2.9871,2.9918,6498106.3
2025-09-15T22:15:00+00:00,2.9919,2.9967,2.9902,2.9953,1570571.3
2025-09-15T22:30:00+00:00,2.9953,2.9960,2.9856,2.9877,1823909.1
2025-09-15T22:45:00+00:00,2.9878,2.9904,2.9858,2.9899,1700634.8
2025-09-15T23:00:00+00:00,2.9900,2.9900,2.9837,2.9872,1787361.1
2025-09-15T23:15:00+00:00,2.9872,2.9963,2.9863,2.9956,1914387.7
2025-09-15T23:30:00+00:00,2.9956,2.9972,2.9926,2.9937,2670894.5
2025-09-15T23:45:00+00:00,2.9938,2.9965,2.9904,2.9957,1522032.4
2025-09-16T00:00:00+00:00,2.9957,2.9957,2.9876,2.9877,5057627.1
2025-09-16T00:15:00+00:00,2.9877,2.9905,2.9786,2.9814,5222231.1
2025-09-16T00:30:00+00:00,2.9814,2.9856,2.9801,2.9835,2464800.6
2025-09-16T00:45:00+00:00,2.9834,2.9850,2.9756,2.9849,3779261.8
2025-09-16T01:00:00+00:00,2.9850,2.9973,2.9840,2.9909,3527986.3
2025-09-16T01:15:00+00:00,2.9909,2.9980,2.9907,2.9942,2786589.5
2025-09-16T01:30:00+00:00,2.9942,2.9970,2.9856,2.9872,3889576.5
2025-09-16T01:45:00+00:00,2.9872,2.9932,2.9819,2.9837,3690169.0
2025-09-16T02:00:00+00:00,2.9836,2.9893,2.9804,2.9872,2238146.7
2025-09-16T02:15:00+00:00,2.9873,2.9922,2.9847,2.9849,1724133.3
2025-09-16T02:30:00+00:00,2.9849,2.9908,2.9822,2.9835,1698621.4
2025-09-16T02:45:00+00:00,2.9835,2.9840,2.9782,2.9782,1813360.0
2025-09-16T03:00:00+00:00,2.9782,2.9828,2.9770,2.9794,2258724.8
2025-09-16T03:15:00+00:00,2.9793,2.9833,2.9778,2.9796,1883696.6
2025-09-16T03:30:00+00:00,2.9796,2.9893,2.9794,2.9844,2636041.2
2025-09-16T03:45:00+00:00,2.9845,2.9852,2.9775,2.9776,1790885.2
2025-09-16T04:00:00+00:00,2.9777,2.9802,2.9679,2.9693,5509040.3
2025-09-16T04:15:00+00:00,2.9694,2.9756,2.9623,2.9756,5229629.9
2025-09-16T04:30:00+00:00,2.9755,2.9766,2.9666,2.9706,2433751.0
2025-09-16T04:45:00+00:00,2.9705,2.9818,2.9684,2.9801,2653934.2
2025-09-16T05:00:00+00:00,2.9800,2.9918,2.9781,2.9883,4225459.4
2025-09-16T05:15:00+00:00,2.9883,2.9921,2.9839,2.9899,3798101.2
2025-09-16T05:30:00+00:00,2.9899,2.9958,2.9883,2.9957,2561463.5
2025-09-16T05:45:00+00:00,2.9958,3.0064,2.9930,3.0031,6438295.5
2025-09-16T06:00:00+00:00,3.0032,3.0041,2.9952,3.0015,7332617.9
2025-09-16T06:15:00+00:00,3.0014,3.0028,2.9886,2.9895,4439899.4
2025-09-16T06:30:00+00:00,2.9894,2.9895,2.9772,2.9821,5298053.7
2025-09-16T06:45:00+00:00,2.9820,2.9855,2.9798,2.9822,2287693.3
2025-09-16T07:00:00+00:00,2.9823,2.9880,2.9823,2.9861,2636649.0
2025-09-16T07:15:00+00:00,2.9860,2.9933,2.9851,2.9922,2885685.4
2025-09-16T07:30:00+00:00,2.9922,2.9954,2.9885,2.9953,2876275.1
2025-09-16T07:45:00+00:00,2.9954,3.0129,2.9942,3.0062,8295552.2
2025-09-16T08:00:00+00:00,3.0062,3.0152,3.0022,3.0144,4103464.3
2025-09-16T08:15:00+00:00,3.0144,3.0230,3.0144,3.0185,7491836.3
2025-09-16T08:30:00+00:00,3.0186,3.0297,3.0157,3.0207,7112666.0
2025-09-16T08:45:00+00:00,3.0206,3.0487,3.0181,3.0331,15673594.3
2025-09-16T09:00:00+00:00,3.0332,3.0376,3.0264,3.0301,6902414.8
2025-09-16T09:15:00+00:00,3.0302,3.0380,3.0253,3.0268,4265751.5
2025-09-16T09:30:00+00:00,3.0268,3.0316,3.0201,3.0214,4383594.7
2025-09-16T09:45:00+00:00,3.0214,3.0280,3.0200,3.0279,2950367.6
2025-09-16T10:00:00+00:00,3.0280,3.0315,3.0225,3.0273,2942233.1
2025-09-16T10:15:00+00:00,3.0273,3.0330,3.0245,3.0313,2544655.6
2025-09-16T10:30:00+00:00,3.0312,3.0338,3.0252,3.0285,2536091.0
2025-09-16T10:45:00+00:00,3.0284,3.0346,3.0154,3.0202,5684476.6
2025-09-16T11:00:00+00:00,3.0202,3.0290,3.0198,3.0256,3440501.3
2025-09-16T11:15:00+00:00,3.0257,3.0322,3.0241,3.0273,2444656.8
2025-09-16T11:30:00+00:00,3.0272,3.0330,3.0268,3.0291,1975989.4
2025-09-16T11:45:00+00:00,3.0290,3.0305,3.0264,3.0276,1577475.1
2025-09-16T12:00:00+00:00,3.0277,3.0296,3.0234,3.0285,2842562.3
2025-09-16T12:15:00+00:00,3.0285,3.0354,3.0272,3.0309,4639378.9
2025-09-16T12:30:00+00:00,3.0310,3.0363,3.0288,3.0338,3396871.1
2025-09-16T12:45:00+00:00,3.0339,3.0390,3.0296,3.0361,3502421.1
2025-09-16T13:00:00+00:00,3.0361,3.0422,3.0343,3.0343,4159448.7
2025-09-16T13:15:00+00:00,3.0344,3.0468,3.0327,3.0432,6197445.5
2025-09-16T13:30:00+00:00,3.0432,3.0449,3.0180,3.0195,10696741.3
2025-09-16T13:45:00+00:00,3.0195,3.0247,2.9982,3.0232,29157423.3
2025-09-16T14:00:00+00:00,3.0231,3.0232,3.0021,3.0105,11915708.2
2025-09-16T14:15:00+00:00,3.0105,3.0221,3.0046,3.0200,12739220.0
2025-09-16T14:30:00+00:00,3.0200,3.0223,3.0131,3.0182,5510301.5
2025-09-16T14:45:00+00:00,3.0181,3.0300,3.0173,3.0271,3628146.7
2025-09-16T15:00:00+00:00,3.0272,3.0288,3.0196,3.0217,3843535.5
2025-09-16T15:15:00+00:00,3.0216,3.0335,3.0214,3.0306,4404371.4
2025-09-16T15:30:00+00:00,3.0306,3.0333,3.0272,3.0307,2118007.2
2025-09-16T15:45:00+00:00,3.0307,3.0405,3.0290,3.0377,6189334.2
2025-09-16T16:00:00+00:00,3.0377,3.0390,3.0303,3.0359,6333370.9
2025-09-16T16:15:00+00:00,3.0359,3.0379,3.0289,3.0354,3598829.8
2025-09-16T16:30:00+00:00,3.0355,3.0428,3.0351,3.0396,4251487.2
2025-09-16T16:45:00+00:00,3.0396,3.0495,3.0375,3.0453,4601771.1
2025-09-16T17:00:00+00:00,3.0453,3.0537,3.0442,3.0535,7471886.9
2025-09-16T17:15:00+00:00,3.0535,3.0577,3.0450,3.0475,6135768.5
2025-09-16T17:30:00+00:00,3.0475,3.0505,3.0405,3.0434,5726854.6
2025-09-16T17:45:00+00:00,3.0435,3.0499,3.0415,3.0458,3341937.3
2025-09-16T18:00:00+00:00,3.0458,3.0502,3.0434,3.0461,2944291.2
2025-09-16T18:15:00+00:00,3.0462,3.0500,3.0415,3.0434,2420612.0
2025-09-16T18:30:00+00:00,3.0434,3.0443,3.0341,3.0382,5924794.7
2025-09-16T18:45:00+00:00,3.0382,3.0407,3.0354,3.0386,1771592.5
2025-09-16T19:00:00+00:00,3.0385,3.0426,3.0343,3.0399,3003130.9
2025-09-16T19:15:00+00:00,3.0400,3.0428,3.0350,3.0381,2602702.7
2025-09-16T19:30:00+00:00,3.0381,3.0395,3.0337,3.0367,2434877.1
2025-09-16T19:45:00+00:00,3.0367,3.0523,3.0367,3.0506,7684919.0
2025-09-16T20:00:00+00:00,3.0507,3.0507,3.0448,3.0466,4719751.4
2025-09-16T20:15:00+00:00,3.0467,3.0482,3.0402,3.0445,2301492.9
2025-09-16T20:30:00+00:00,3.0445,3.0478,3.0422,3.0473,1158867.3
2025-09-16T20:45:00+00:00,3.0473,3.0484,3.0445,3.0456,965617.7
2025-09-16T21:00:00+00:00,3.0456,3.0505,3.0452,3.0456,1895675.2
2025-09-16T21:15:00+00:00,3.0455,3.0500,3.0452,3.0482,1622736.1
2025-09-16T21:30:00+00:00,3.0482,3.0552,3.0480,3.0521,2598749.3
2025-09-16T21:45:00+00:00,3.0521,3.0542,3.0489,3.0528,1740360.4
2025-09-16T22:00:00+00:00,3.0528,3.0568,3.0518,3.0545,2926383.0
2025-09-16T22:15:00+00:00,3.0545,3.0550,3.0481,3.0485,1981048.7
2025-09-16T22:30:00+00:00,3.0484,3.0496,3.0448,3.0489,1562213.4
2025-09-16T22:45:00+00:00,3.0489,3.0500,3.0457,3.0458,1137525.0
2025-09-16T23:00:00+00:00,3.0457,3.0468,3.0422,3.0425,1749321.5
2025-09-16T23:15:00+00:00,3.0424,3.0436,3.0391,3.0399,2204703.4
2025-09-16T23:30:00+00:00,3.0399,3.0414,3.0350,3.0370,2676046.5
2025-09-16T23:45:00+00:00,3.0369,3.0380,3.0340,3.0364,1416391.9
2025-09-17T00:00:00+00:00,3.0364,3.0388,3.0320,3.0338,2963350.5
2025-09-17T00:15:00+00:00,3.0338,3.0399,3.0338,3.0383,2164671.1
2025-09-17T00:30:00+00:00,3.0383,3.0414,3.0364,3.0400,1337107.3
2025-09-17T00:45:00+00:00,3.0401,3.0401,3.0330,3.0346,1813478.5
2025-09-17T01:00:00+00:00,3.0346,3.0390,3.0330,3.0389,1996763.8
2025-09-17T01:15:00+00:00,3.0389,3.0440,3.0366,3.0436,2258007.9
2025-09-17T01:30:00+00:00,3.0436,3.0442,3.0359,3.0360,1796078.6
2025-09-17T01:45:00+00:00,3.0361,3.0389,3.0330,3.0389,2521783.8
2025-09-17T02:00:00+00:00,3.0389,3.0389,3.0334,3.0348,1527684.0
2025-09-17T02:15:00+00:00,3.0348,3.0376,3.0300,3.0315,3578956.0
2025-09-17T02:30:00+00:00,3.0315,3.0433,3.0301,3.0388,13199251.5
2025-09-17T02:45:00+00:00,3.0388,3.0466,3.0358,3.0362,5230236.9
2025-09-17T03:00:00+00:00,3.0361,3.0363,3.0301,3.0305,4392468.1
2025-09-17T03:15:00+00:00,3.0306,3.0348,3.0281,3.0303,5765004.1
2025-09-17T03:30:00+00:00,3.0303,3.0314,3.0181,3.0209,7144296.2
2025-09-17T03:45:00+00:00,3.0209,3.0214,3.0143,3.0152,5990510.2
2025-09-17T04:00:00+00:00,3.0153,3.0182,3.0133,3.0162,3331487.7
2025-09-17T04:15:00+00:00,3.0162,3.0170,3.0088,3.0093,4518314.8
2025-09-17T04:30:00+00:00,3.0093,3.0116,3.0061,3.0093,2608812.7
2025-09-17T04:45:00+00:00,3.0093,3.0103,3.0043,3.0098,3577236.9
2025-09-17T05:00:00+00:00,3.0097,3.0149,3.0092,3.0146,3894860.6
2025-09-17T05:15:00+00:00,3.0146,3.0158,3.0062,3.0065,6592215.7
2025-09-17T05:30:00+00:00,3.0066,3.0142,3.0066,3.0134,2191863.3
2025-09-17T05:45:00+00:00,3.0135,3.0199,3.0051,3.0189,5638489.5
2025-09-17T06:00:00+00:00,3.0189,3.0200,3.0158,3.0180,3917605.0
2025-09-17T06:15:00+00:00,3.0180,3.0207,3.0125,3.0150,3286370.9
2025-09-17T06:30:00+00:00,3.0149,3.0214,3.0139,3.0213,2206141.8
2025-09-17T06:45:00+00:00,3.0213,3.0241,3.0187,3.0221,2663963.1
2025-09-17T07:00:00+00:00,3.0221,3.0250,3.0190,3.0245,2501337.5
2025-09-17T07:15:00+00:00,3.0245,3.0375,3.0238,3.0350,6796370.8
2025-09-17T07:30:00+00:00,3.0350,3.0367,3.0332,3.0337,3427675.5
2025-09-17T07:45:00+00:00,3.0336,3.0357,3.0319,3.0329,1582371.3
2025-09-17T08:00:00+00:00,3.0329,3.0329,3.0185,3.0185,6194761.0
2025-09-17T08:15:00+00:00,3.0185,3.0215,3.0166,3.0197,2648239.4
2025-09-17T08:30:00+00:00,3.0198,3.0199,3.0122,3.0138,4874533.8
2025-09-17T08:45:00+00:00,3.0138,3.0201,3.0136,3.0189,2272476.6
2025-09-17T09:00:00+00:00,3.0188,3.0189,3.0146,3.0161,2682951.7
2025-09-17T09:15:00+00:00,3.0161,3.0162,3.0124,3.0154,1787008.7
2025-09-17T09:30:00+00:00,3.0155,3.0158,3.0127,3.0131,2076056.8
2025-09-17T09:45:00+00:00,3.0130,3.0164,3.0130,3.0132,1475497.2
2025-09-17T10:00:00+00:00,3.0132,3.0173,3.0129,3.0149,1930725.0
2025-09-17T10:15:00+00:00,3.0148,3.0178,3.0012,3.0058,9219580.0
2025-09-17T10:30:00+00:00,3.0058,3.0097,3.0042,3.0085,2203663.9
2025-09-17T10:45:00+00:00,3.0085,3.0117,3.0067,3.0112,3678136.4
2025-09-17T11:00:00+00:00,3.0112,3.0130,3.0083,3.0120,2344412.5
2025-09-17T11:15:00+00:00,3.0120,3.0122,3.0054,3.0109,3506239.2
2025-09-17T11:30:00+00:00,3.0109,3.0110,3.0066,3.0072,1274615.1
2025-09-17T11:45:00+00:00,3.0073,3.0103,3.0066,3.0073,1907207.5
2025-09-17T12:00:00+00:00,3.0074,3.0160,3.0066,3.0158,2659649.6
2025-09-17T12:15:00+00:00,3.0158,3.0215,3.0120,3.0198,4473965.8
2025-09-17T12:30:00+00:00,3.0198,3.0228,3.0169,3.0201,2803585.3
2025-09-17T12:45:00+00:00,3.0200,3.0244,3.0178,3.0225,2470671.3
2025-09-17T13:00:00+00:00,3.0225,3.0242,3.0166,3.0182,3362141.1
2025-09-17T13:15:00+00:00,3.0182,3.0292,3.0177,3.0286,2650930.6
2025-09-17T13:30:00+00:00,3.0285,3.0365,3.0186,3.0214,6841063.5
2025-09-17T13:45:00+00:00,3.0214,3.0315,3.0170,3.0215,4420052.0
2025-09-17T14:00:00+00:00,3.0216,3.0291,3.0172,3.0284,5018995.5
2025-09-17T14:15:00+00:00,3.0285,3.0289,3.0155,3.0197,5437876.5
2025-09-17T14:30:00+00:00,3.0197,3.0221,3.0110,3.0110,5785306.0
2025-09-17T14:45:00+00:00,3.0110,3.0155,3.0069,3.0125,4250806.4
2025-09-17T15:00:00+00:00,3.0125,3.0186,3.0116,3.0176,2502945.7
2025-09-17T15:15:00+00:00,3.0176,3.0222,3.0148,3.0156,1690242.4
2025-09-17T15:30:00+00:00,3.0156,3.0213,3.0152,3.0212,1985002.7
2025-09-17T15:45:00+00:00,3.0213,3.0244,3.0181,3.0214,2017606.8
2025-09-17T16:00:00+00:00,3.0213,3.0213,3.0090,3.0124,3894039.2
2025-09-17T16:15:00+00:00,3.0125,3.0160,3.0085,3.0159,2331918.2
2025-09-17T16:30:00+00:00,3.0159,3.0182,3.0114,3.0173,1775739.3
2025-09-17T16:45:00+00:00,3.0173,3.0232,3.0160,3.0206,2339264.1
2025-09-17T17:00:00+00:00,3.0206,3.0222,3.0165,3.0192,1737772.8
2025-09-17T17:15:00+00:00,3.0192,3.0278,3.0179,3.0276,2543456.1
2025-09-17T17:30:00+00:00,3.0277,3.0467,3.0277,3.0397,13361980.1
2025-09-17T17:45:00+00:00,3.0398,3.0675,3.0151,3.0194,17323342.2
2025-09-17T18:00:00+00:00,3.0163,3.0640,3.0100,3.0158,52869172.3
2025-09-17T18:15:00+00:00,3.0157,3.0405,3.0040,3.0362,21118018.4
2025-09-17T18:30:00+00:00,3.0362,3.0370,2.9891,2.9927,28231952.7
2025-09-17T18:45:00+00:00,2.9927,3.0072,2.9803,2.9965,25594931.8
2025-09-17T19:00:00+00:00,2.9964,3.0300,2.9933,3.0182,22613285.9
2025-09-17T19:15:00+00:00,3.0183,3.0333,3.0092,3.0268,13084082.8
2025-09-17T19:30:00+00:00,3.0267,3.0421,3.0233,3.0377,9740358.8
2025-09-17T19:45:00+00:00,3.0377,3.0405,3.0300,3.0307,9843857.3
2025-09-17T20:00:00+00:00,3.0306,3.0487,3.0304,3.0435,5953963.0
2025-09-17T20:15:00+00:00,3.0436,3.0472,3.0292,3.0297,6470400.1
2025-09-17T20:30:00+00:00,3.0297,3.0311,3.0183,3.0242,5376305.8
2025-09-17T20:45:00+00:00,3.0241,3.0289,3.0112,3.0135,4956604.8
2025-09-17T21:00:00+00:00,3.0135,3.0221,3.0045,3.0221,6016863.9
2025-09-17T21:15:00+00:00,3.0221,3.0290,3.0184,3.0223,4797440.1
2025-09-17T21:30:00+00:00,3.0224,3.0322,3.0210,3.0322,2415951.8
2025-09-17T21:45:00+00:00,3.0322,3.0381,3.0259,3.0309,5046865.3
2025-09-17T22:00:00+00:00,3.0309,3.0568,3.0309,3.0536,11836738.2
2025-09-17T22:15:00+00:00,3.0536,3.0691,3.0486,3.0676,12505411.2
2025-09-17T22:30:00+00:00,3.0675,3.0754,3.0656,3.0746,9219148.6
2025-09-17T22:45:00+00:00,3.0747,3.0903,3.0702,3.0861,14009986.5
2025-09-17T23:00:00+00:00,3.0860,3.1068,3.0860,3.0907,20034945.6
2025-09-17T23:15:00+00:00,3.0906,3.0929,3.0720,3.0797,12969586.8
2025-09-17T23:30:00+00:00,3.0797,3.0887,3.0685,3.0708,10634369.3
2025-09-17T23:45:00+00:00,3.0707,3.0843,3.0701,3.0830,4856908.0
2025-09-18T00:00:00+00:00,3.0831,3.0935,3.0808,3.0926,8905984.0
2025-09-18T00:15:00+00:00,3.0925,3.0946,3.0758,3.0787,7842004.0
2025-09-18T00:30:00+00:00,3.0787,3.0892,3.0776,3.0865,5545913.0
2025-09-18T00:45:00+00:00,3.0865,3.0882,3.0742,3.0752,5786159.1
2025-09-18T01:00:00+00:00,3.0751,3.0848,3.0700,3.0831,4816223.3
2025-09-18T01:15:00+00:00,3.0830,3.0881,3.0775,3.0816,3597908.3
2025-09-18T01:30:00+00:00,3.0815,3.0974,3.0777,3.0960,4659384.7
2025-09-18T01:45:00+00:00,3.0960,3.0990,3.0890,3.0919,4091589.3
2025-09-18T02:00:00+00:00,3.0919,3.0941,3.0844,3.0873,3440420.9
2025-09-18T02:15:00+00:00,3.0873,3.0881,3.0790,3.0809,2452933.7
2025-09-18T02:30:00+00:00,3.0808,3.0881,3.0793,3.0821,2695952.3
2025-09-18T02:45:00+00:00,3.0820,3.0952,3.0820,3.0944,3047921.7
2025-09-18T03:00:00+00:00,3.0943,3.1090,3.0912,3.1081,9090835.8
2025-09-18T03:15:00+00:00,3.1080,3.1112,3.1000,3.1047,6760461.0
2025-09-18T03:30:00+00:00,3.1047,3.1085,3.1007,3.1055,4129508.8
2025-09-18T03:45:00+00:00,3.1054,3.1094,3.1014,3.1043,3096588.2
2025-09-18T04:00:00+00:00,3.1043,3.1063,3.0987,3.1015,3311768.0
2025-09-18T04:15:00+00:00,3.1015,3.1043,3.0955,3.0964,4150015.6
2025-09-18T04:30:00+00:00,3.0964,3.1002,3.0918,3.0958,4043415.4
2025-09-18T04:45:00+00:00,3.0958,3.0981,3.0898,3.0974,4918094.0
2025-09-18T05:00:00+00:00,3.0975,3.0975,3.0915,3.0922,3040308.3
2025-09-18T05:15:00+00:00,3.0923,3.0940,3.0829,3.0835,4893689.9
2025-09-18T05:30:00+00:00,3.0835,3.0850,3.0762,3.0801,5470949.7
2025-09-18T05:45:00+00:00,3.0801,3.0816,3.0766,3.0796,3129286.5
2025-09-18T06:00:00+00:00,3.0797,3.0816,3.0581,3.0599,13059930.7
2025-09-18T06:15:00+00:00,3.0600,3.0664,3.0560,3.0578,10067400.5
2025-09-18T06:30:00+00:00,3.0579,3.0652,3.0545,3.0638,6540579.3
2025-09-18T06:45:00+00:00,3.0639,3.0703,3.0639,3.0698,4296452.7
2025-09-18T07:00:00+00:00,3.0698,3.0768,3.0688,3.0764,4321009.7
2025-09-18T07:15:00+00:00,3.0763,3.0772,3.0691,3.0735,2765486.9
2025-09-18T07:30:00+00:00,3.0736,3.0905,3.0728,3.0878,7326587.0
2025-09-18T07:45:00+00:00,3.0877,3.1029,3.0865,3.0910,7905187.3
2025-09-18T08:00:00+00:00,3.0911,3.1073,3.0893,3.1024,7636345.8
2025-09-18T08:15:00+00:00,3.1024,3.1064,3.0967,3.0996,4367335.8
2025-09-18T08:30:00+00:00,3.0996,3.1032,3.0957,3.0966,3004205.6
2025-09-18T08:45:00+00:00,3.0967,3.1070,3.0922,3.1055,5743566.6
2025-09-18T09:00:00+00:00,3.1056,3.1088,3.1014,3.1019,4062211.6
2025-09-18T09:15:00+00:00,3.1019,3.1087,3.1019,3.1057,2335099.5
2025-09-18T09:30:00+00:00,3.1056,3.1085,3.1016,3.1045,3659968.3
2025-09-18T09:45:00+00:00,3.1044,3.1224,3.1031,3.1222,11564996.2
2025-09-18T10:00:00+00:00,3.1222,3.1244,3.1072,3.1124,7619463.9
2025-09-18T10:15:00+00:00,3.1125,3.1146,3.1019,3.1031,4708732.0
2025-09-18T10:30:00+00:00,3.1031,3.1103,3.1029,3.1093,3677530.7
2025-09-18T10:45:00+00:00,3.1093,3.1149,3.1080,3.1111,2933930.4
2025-09-18T11:00:00+00:00,3.1111,3.1279,3.1111,3.1259,7887653.0
2025-09-18T11:15:00+00:00,3.1260,3.1296,3.1192,3.1281,11388135.0
2025-09-18T11:30:00+00:00,3.1281,3.1328,3.1230,3.1270,8890046.0
2025-09-18T11:45:00+00:00,3.1270,3.1367,3.1239,3.1358,6886356.6
2025-09-18T12:00:00+00:00,3.1358,3.1388,3.1234,3.1260,8325551.7
2025-09-18T12:15:00+00:00,3.1261,3.1276,3.1181,3.1225,4936996.9
2025-09-18T12:30:00+00:00,3.1225,3.1270,3.1146,3.1201,5930419.0
2025-09-18T12:45:00+00:00,3.1201,3.1225,3.1140,3.1149,3079654.6
2025-09-18T13:00:00+00:00,3.1150,3.1226,3.1116,3.1211,5110378.8
2025-09-18T13:15:00+00:00,3.1211,3.1249,3.1170,3.1180,3543658.9
2025-09-18T13:30:00+00:00,3.1180,3.1310,3.1060,3.1089,15327652.2
2025-09-18T13:45:00+00:00,3.1088,3.1212,3.1012,3.1177,10481108.4
2025-09-18T14:00:00+00:00,3.1177,3.1264,3.1172,3.1223,5329755.1
2025-09-18T14:15:00+00:00,3.1223,3.1300,3.1195,3.1236,6188407.6
2025-09-18T14:30:00+00:00,3.1236,3.1280,3.1162,3.1213,4280847.6
2025-09-18T14:45:00+00:00,3.1213,3.1247,3.1156,3.1203,6179669.0
2025-09-18T15:00:00+00:00,3.1203,3.1230,3.1122,3.1149,5078519.4
2025-09-18T15:15:00+00:00,3.1148,3.1239,3.1118,3.1145,4024506.5
2025-09-18T15:30:00+00:00,3.1145,3.1277,3.1135,3.1166,9037798.7
2025-09-18T15:45:00+00:00,3.1166,3.1190,3.1115,3.1121,5764167.6
2025-09-18T16:00:00+00:00,3.1121,3.1167,3.1061,3.1087,5265450.2
2025-09-18T16:15:00+00:00,3.1087,3.1169,3.1086,3.1126,4151388.4
2025-09-18T16:30:00+00:00,3.1127,3.1144,3.1060,3.1123,3524692.9
2025-09-18T16:45:00+00:00,3.1123,3.1197,3.1119,3.1166,3130841.1
2025-09-18T17:00:00+00:00,3.1165,3.1223,3.1106,3.1157,8170267.2
2025-09-18T17:15:00+00:00,3.1157,3.1204,3.1095,3.1097,3889732.3
2025-09-18T17:30:00+00:00,3.1098,3.1098,3.0971,3.1005,7919956.3
2025-09-18T17:45:00+00:00,3.1005,3.1074,3.0996,3.1066,3424796.5
2025-09-18T18:00:00+00:00,3.1066,3.1126,3.1027,3.1126,3209859.8
2025-09-18T18:15:00+00:00,3.1126,3.1174,3.1102,3.1157,2879623.0
2025-09-18T18:30:00+00:00,3.1156,3.1167,3.1026,3.1075,3682263.0
2025-09-18T18:45:00+00:00,3.1074,3.1173,3.1074,3.1153,3400379.0
2025-09-18T19:00:00+00:00,3.1153,3.1154,3.1082,3.1088,2488997.0
2025-09-18T19:15:00+00:00,3.1087,3.1092,3.0985,3.0996,2956315.0
2025-09-18T19:30:00+00:00,3.0997,3.1012,3.0875,3.0971,12394948.6
2025-09-18T19:45:00+00:00,3.0971,3.1146,3.0965,3.1064,10518892.2
2025-09-18T20:00:00+00:00,3.1063,3.1072,3.0976,3.0996,5317735.9
2025-09-18T20:15:00+00:00,3.0996,3.1007,3.0943,3.0969,2097006.6
2025-09-18T20:30:00+00:00,3.0969,3.1002,3.0917,3.0989,7561272.0
2025-09-18T20:45:00+00:00,3.0988,3.1039,3.0974,3.0990,3495540.6
2025-09-18T21:00:00+00:00,3.0990,3.1011,3.0856,3.0869,4614909.5
2025-09-18T21:15:00+00:00,3.0869,3.0905,3.0855,3.0892,3126175.0
2025-09-18T21:30:00+00:00,3.0892,3.0916,3.0858,3.0870,2143608.5
2025-09-18T21:45:00+00:00,3.0869,3.0884,3.0821,3.0833,2205128.7
2025-09-18T22:00:00+00:00,3.0833,3.0842,3.0740,3.0748,7992287.8
2025-09-18T22:15:00+00:00,3.0748,3.0830,3.0746,3.0782,4724876.9
2025-09-18T22:30:00+00:00,3.0781,3.0809,3.0741,3.0753,2402161.1
2025-09-18T22:45:00+00:00,3.0754,3.0780,3.0716,3.0721,4235030.6
2025-09-18T23:00:00+00:00,3.0720,3.0721,3.0590,3.0689,12855679.8
2025-09-18T23:15:00+00:00,3.0688,3.0705,3.0634,3.0703,3179036.5
2025-09-18T23:30:00+00:00,3.0703,3.0778,3.0702,3.0747,3803818.2
2025-09-18T23:45:00+00:00,3.0746,3.0773,3.0718,3.0721,2196782.7
2025-09-19T00:00:00+00:00,3.0721,3.0800,3.0721,3.0761,3124595.0
2025-09-19T00:15:00+00:00,3.0760,3.0838,3.0755,3.0828,3233640.6
2025-09-19T00:30:00+00:00,3.0827,3.0844,3.0771,3.0829,2305445.8
2025-09-19T00:45:00+00:00,3.0828,3.0861,3.0797,3.0853,2283631.8
2025-09-19T01:00:00+00:00,3.0853,3.0925,3.0843,3.0852,5133720.2
2025-09-19T01:15:00+00:00,3.0852,3.0900,3.0823,3.0899,2433837.4
2025-09-19T01:30:00+00:00,3.0899,3.0928,3.0789,3.0817,3133371.4
2025-09-19T01:45:00+00:00,3.0817,3.0825,3.0761,3.0790,2040035.0
2025-09-19T02:00:00+00:00,3.0789,3.0789,3.0678,3.0700,3286319.7
2025-09-19T02:15:00+00:00,3.0701,3.0713,3.0654,3.0685,3240980.1
2025-09-19T02:30:00+00:00,3.0685,3.0690,3.0599,3.0658,7369299.7
2025-09-19T02:45:00+00:00,3.0658,3.0707,3.0651,3.0662,1815013.4
2025-09-19T03:00:00+00:00,3.0663,3.0725,3.0651,3.0716,2257679.8
2025-09-19T03:15:00+00:00,3.0717,3.0749,3.0623,3.0638,4009821.0
2025-09-19T03:30:00+00:00,3.0639,3.0645,3.0465,3.0522,16461941.6
2025-09-19T03:45:00+00:00,3.0522,3.0542,3.0434,3.0458,7160295.0
2025-09-19T04:00:00+00:00,3.0457,3.0464,3.0221,3.0232,26255736.0
2025-09-19T04:15:00+00:00,3.0233,3.0400,3.0232,3.0390,8058508.9
2025-09-19T04:30:00+00:00,3.0390,3.0440,3.0360,3.0409,5077427.2
2025-09-19T04:45:00+00:00,3.0410,3.0485,3.0404,3.0478,3674738.2
2025-09-19T05:00:00+00:00,3.0478,3.0502,3.0416,3.0501,3303735.7
2025-09-19T05:15:00+00:00,3.0501,3.0518,3.0375,3.0379,5091118.0
2025-09-19T05:30:00+00:00,3.0378,3.0440,3.0354,3.0398,2715203.0
2025-09-19T05:45:00+00:00,3.0398,3.0485,3.0398,3.0465,1675551.4
2025-09-19T06:00:00+00:00,3.0465,3.0465,3.0303,3.0306,8222805.5
2025-09-19T06:15:00+00:00,3.0306,3.0382,3.0282,3.0319,3232633.7
2025-09-19T06:30:00+00:00,3.0320,3.0364,3.0260,3.0338,3760328.7
2025-09-19T06:45:00+00:00,3.0338,3.0349,3.0245,3.0257,3593528.8
2025-09-19T07:00:00+00:00,3.0256,3.0348,3.0219,3.0338,7316675.8
2025-09-19T07:15:00+00:00,3.0338,3.0389,3.0321,3.0356,4475974.2
2025-09-19T07:30:00+00:00,3.0357,3.0392,3.0333,3.0380,2833024.9
2025-09-19T07:45:00+00:00,3.0380,3.0406,3.0349,3.0364,3560484.2
2025-09-19T08:00:00+00:00,3.0364,3.0434,3.0335,3.0408,3701716.4
2025-09-19T08:15:00+00:00,3.0408,3.0458,3.0404,3.0419,3224983.8
2025-09-19T08:30:00+00:00,3.0420,3.0424,3.0343,3.0365,2559712.2
2025-09-19T08:45:00+00:00,3.0365,3.0366,3.0323,3.0328,1754186.4
2025-09-19T09:00:00+00:00,3.0328,3.0421,3.0322,3.0404,2378104.2
2025-09-19T09:15:00+00:00,3.0403,3.0404,3.0302,3.0318,2924345.6
2025-09-19T09:30:00+00:00,3.0319,3.0337,3.0244,3.0252,4854996.0
2025-09-19T09:45:00+00:00,3.0252,3.0306,3.0222,3.0281,7177110.4
2025-09-19T10:00:00+00:00,3.0281,3.0298,3.0225,3.0271,6283306.8
2025-09-19T10:15:00+00:00,3.0271,3.0311,3.0244,3.0244,4716243.0
2025-09-19T10:30:00+00:00,3.0245,3.0322,3.0225,3.0311,2491113.0
2025-09-19T10:45:00+00:00,3.0311,3.0349,3.0293,3.0298,3245931.2
2025-09-19T11:00:00+00:00,3.0298,3.0317,3.0237,3.0272,2725012.8
2025-09-19T11:15:00+00:00,3.0272,3.0302,3.0230,3.0233,3229351.0
2025-09-19T11:30:00+00:00,3.0232,3.0265,3.0209,3.0214,3719072.4
2025-09-19T11:45:00+00:00,3.0214,3.0313,3.0209,3.0288,3913005.7
2025-09-19T12:00:00+00:00,3.0289,3.0450,3.0279,3.0426,7005476.4
2025-09-19T12:15:00+00:00,3.0425,3.0442,3.0335,3.0344,5711861.8
2025-09-19T12:30:00+00:00,3.0343,3.0405,3.0331,3.0358,4147725.4
2025-09-19T12:45:00+00:00,3.0357,3.0386,3.0305,3.0317,2596370.7
2025-09-19T13:00:00+00:00,3.0317,3.0357,3.0297,3.0325,2807718.3
2025-09-19T13:15:00+00:00,3.0325,3.0350,3.0255,3.0297,8294909.7
2025-09-19T13:30:00+00:00,3.0296,3.0353,3.0234,3.0281,6135257.6
2025-09-19T13:45:00+00:00,3.0280,3.0376,3.0274,3.0327,4875427.7
2025-09-19T14:00:00+00:00,3.0327,3.0359,3.0276,3.0303,5961769.1
2025-09-19T14:15:00+00:00,3.0302,3.0366,3.0210,3.0210,6734656.5
2025-09-19T14:30:00+00:00,3.0210,3.0245,3.0115,3.0125,15536177.4
2025-09-19T14:45:00+00:00,3.0125,3.0161,3.0049,3.0069,20518218.1
2025-09-19T15:00:00+00:00,3.0069,3.0078,2.9866,2.9942,23108358.1
2025-09-19T15:15:00+00:00,2.9943,3.0039,2.9906,3.0031,11486186.1
2025-09-19T15:30:00+00:00,3.0030,3.0082,2.9939,3.0072,5505412.2
2025-09-19T15:45:00+00:00,3.0071,3.0109,3.0048,3.0085,4730960.8
2025-09-19T16:00:00+00:00,3.0085,3.0156,3.0040,3.0144,5380047.6
2025-09-19T16:15:00+00:00,3.0144,3.0159,3.0067,3.0118,4264160.0
2025-09-19T16:30:00+00:00,3.0118,3.0140,3.0062,3.0128,2258020.9
2025-09-19T16:45:00+00:00,3.0127,3.0147,3.0081,3.0088,3049486.9
2025-09-19T17:00:00+00:00,3.0088,3.0090,2.9966,2.9983,6049601.0
2025-09-19T17:15:00+00:00,2.9982,3.0024,2.9965,3.0012,3058708.5
2025-09-19T17:30:00+00:00,3.0012,3.0012,2.9937,2.9994,2525376.8
2025-09-19T17:45:00+00:00,2.9995,3.0020,2.9948,2.9954,2058532.2
2025-09-19T18:00:00+00:00,2.9954,2.9984,2.9860,2.9948,4752207.1
2025-09-19T18:15:00+00:00,2.9948,3.0000,2.9906,2.9971,2660965.2
2025-09-19T18:30:00+00:00,2.9971,3.0013,2.9962,2.9995,2167809.3
2025-09-19T18:45:00+00:00,2.9996,3.0016,2.9935,2.9966,2198726.3
2025-09-19T19:00:00+00:00,2.9967,3.0047,2.9966,3.0024,3085801.0
2025-09-19T19:15:00+00:00,3.0024,3.0094,3.0015,3.0057,2998782.8
2025-09-19T19:30:00+00:00,3.0056,3.0057,2.9985,2.9987,2473503.1
2025-09-19T19:45:00+00:00,2.9988,2.9998,2.9820,2.9851,18975997.7
2025-09-19T20:00:00+00:00,2.9850,2.9907,2.9817,2.9883,8101032.0
2025-09-19T20:15:00+00:00,2.9883,2.9926,2.9829,2.9918,4810499.9
2025-09-19T20:30:00+00:00,2.9918,2.9936,2.9886,2.9917,3408292.7
2025-09-19T20:45:00+00:00,2.9917,2.9922,2.9830,2.9840,3013855.3
2025-09-19T21:00:00+00:00,2.9840,2.9896,2.9766,2.9896,6978997.6
2025-09-19T21:15:00+00:00,2.9896,2.9931,2.9875,2.9909,2579290.8
2025-09-19T21:30:00+00:00,2.9909,2.9949,2.9905,2.9915,1751775.3
2025-09-19T21:45:00+00:00,2.9915,2.9944,2.9882,2.9943,1534052.9
2025-09-19T22:00:00+00:00,2.9943,2.9993,2.9936,2.9977,2059341.2
2025-09-19T22:15:00+00:00,2.9977,2.9984,2.9947,2.9972,1029556.8
2025-09-19T22:30:00+00:00,2.9972,2.9973,2.9928,2.9928,1250376.9
2025-09-19T22:45:00+00:00,2.9928,2.9973,2.9911,2.9915,3528752.0
2025-09-19T23:00:00+00:00,2.9915,2.9917,2.9838,2.9844,2487459.3
2025-09-19T23:15:00+00:00,2.9844,2.9871,2.9771,2.9802,4583964.2
2025-09-19T23:30:00+00:00,2.9802,2.9844,2.9783,2.9841,1903973.0
2025-09-19T23:45:00+00:00,2.9842,2.9896,2.9841,2.9885,1294832.1
2025-09-20T00:00:00+00:00,2.9884,2.9891,2.9846,2.9862,4159994.7
2025-09-20T00:15:00+00:00,2.9861,2.9880,2.9830,2.9842,3224936.6
2025-09-20T00:30:00+00:00,2.9841,2.9935,2.9840,2.9928,1734000.4
2025-09-20T00:45:00+00:00,2.9927,2.9997,2.9927,2.9972,3443810.7
2025-09-20T01:00:00+00:00,2.9972,2.9972,2.9904,2.9908,2060235.8
2025-09-20T01:15:00+00:00,2.9908,2.9980,2.9903,2.9967,1480608.6
2025-09-20T01:30:00+00:00,2.9967,2.9967,2.9883,2.9925,1823399.7
2025-09-20T01:45:00+00:00,2.9926,2.9953,2.9902,2.9903,1243855.7
2025-09-20T02:00:00+00:00,2.9902,2.9903,2.9830,2.9830,2429635.7
2025-09-20T02:15:00+00:00,2.9830,2.9895,2.9780,2.9872,2679355.3
2025-09-20T02:30:00+00:00,2.9872,2.9920,2.9830,2.9917,1579941.3
2025-09-20T02:45:00+00:00,2.9916,2.9941,2.9890,2.9932,1028057.7
2025-09-20T03:00:00+00:00,2.9932,2.9937,2.9835,2.9859,5079298.6
2025-09-20T03:15:00+00:00,2.9859,2.9910,2.9855,2.9879,1377971.1
2025-09-20T03:30:00+00:00,2.9879,2.9925,2.9874,2.9920,930968.4
2025-09-20T03:45:00+00:00,2.9919,2.9931,2.9882,2.9899,918123.2
2025-09-20T04:00:00+00:00,2.9899,2.9909,2.9878,2.9899,1315984.3
2025-09-20T04:15:00+00:00,2.9899,2.9908,2.9860,2.9873,2081706.1
2025-09-20T04:30:00+00:00,2.9873,2.9929,2.9858,2.9928,1376960.7
2025-09-20T04:45:00+00:00,2.9927,2.9934,2.9900,2.9912,1129652.7
2025-09-20T05:00:00+00:00,2.9913,2.9928,2.9870,2.9926,1288600.8
2025-09-20T05:15:00+00:00,2.9927,2.9947,2.9913,2.9944,1174643.3
2025-09-20T05:30:00+00:00,2.9945,2.9976,2.9933,2.9955,2470670.4
2025-09-20T05:45:00+00:00,2.9955,3.0012,2.9954,3.0012,2003568.9
2025-09-20T06:00:00+00:00,3.0011,3.0011,2.9948,2.9959,3061809.4
2025-09-20T06:15:00+00:00,2.9960,3.0009,2.9955,3.0009,1483759.0
2025-09-20T06:30:00+00:00,3.0009,3.0037,3.0002,3.0036,1376927.8
2025-09-20T06:45:00+00:00,3.0037,3.0050,3.0024,3.0035,2060462.0
2025-09-20T07:00:00+00:00,3.0035,3.0069,3.0015,3.0015,3242850.8
2025-09-20T07:15:00+00:00,3.0015,3.0033,2.9999,3.0000,2102251.9
2025-09-20T07:30:00+00:00,3.0001,3.0049,2.9972,3.0049,2157680.1
2025-09-20T07:45:00+00:00,3.0049,3.0077,3.0030,3.0069,2378575.1
2025-09-20T08:00:00+00:00,3.0069,3.0073,3.0017,3.0031,2422558.8
2025-09-20T08:15:00+00:00,3.0031,3.0036,2.9973,2.9982,1964418.1
2025-09-20T08:30:00+00:00,2.9982,2.9998,2.9953,2.9968,1871651.6
2025-09-20T08:45:00+00:00,2.9968,2.9968,2.9833,2.9836,6073764.1
2025-09-20T09:00:00+00:00,2.9836,2.9871,2.9792,2.9863,5578150.7
2025-09-20T09:15:00+00:00,2.9863,2.9873,2.9829,2.9832,1935606.3
2025-09-20T09:30:00+00:00,2.9832,2.9832,2.9729,2.9803,6648020.8
2025-09-20T09:45:00+00:00,2.9803,2.9822,2.9773,2.9775,2051112.4
2025-09-20T10:00:00+00:00,2.9775,2.9827,2.9769,2.9821,2159369.9
2025-09-20T10:15:00+00:00,2.9822,2.9839,2.9785,2.9786,1700199.8
2025-09-20T10:30:00+00:00,2.9785,2.9818,2.9756,2.9808,2509918.0
2025-09-20T10:45:00+00:00,2.9808,2.9821,2.9770,2.9778,1709192.8
2025-09-20T11:00:00+00:00,2.9778,2.9858,2.9776,2.9843,1910601.0
2025-09-20T11:15:00+00:00,2.9843,2.9856,2.9797,2.9799,1556967.8
2025-09-20T11:30:00+00:00,2.9799,2.9834,2.9799,2.9820,1249366.5
2025-09-20T11:45:00+00:00,2.9819,2.9875,2.9819,2.9875,1556924.0
2025-09-20T12:00:00+00:00,2.9875,2.9878,2.9841,2.9848,1592606.3
2025-09-20T12:15:00+00:00,2.9848,2.9864,2.9814,2.9814,1428774.2
2025-09-20T12:30:00+00:00,2.9814,2.9842,2.9810,2.9818,1688475.2
2025-09-20T12:45:00+00:00,2.9818,2.9847,2.9807,2.9837,899885.2
2025-09-20T13:00:00+00:00,2.9837,2.9849,2.9794,2.9823,1835642.0
2025-09-20T13:15:00+00:00,2.9824,2.9884,2.9817,2.9860,2282981.4
2025-09-20T13:30:00+00:00,2.9861,2.9875,2.9828,2.9851,1316617.9
2025-09-20T13:45:00+00:00,2.9850,2.9862,2.9808,2.9820,1478799.9
2025-09-20T14:00:00+00:00,2.9821,2.9821,2.9661,2.9719,8915849.0
2025-09-20T14:15:00+00:00,2.9718,2.9755,2.9635,2.9669,5734746.3
2025-09-20T14:30:00+00:00,2.9670,2.9738,2.9642,2.9714,4645048.2
2025-09-20T14:45:00+00:00,2.9714,2.9838,2.9714,2.9796,8323718.9
2025-09-20T15:00:00+00:00,2.9797,2.9915,2.9782,2.9870,9004159.9
2025-09-20T15:15:00+00:00,2.9869,2.9948,2.9868,2.9914,5703972.2
2025-09-20T15:30:00+00:00,2.9915,2.9915,2.9847,2.9885,3751431.9
2025-09-20T15:45:00+00:00,2.9885,2.9886,2.9829,2.9879,2741373.4
2025-09-20T16:00:00+00:00,2.9879,2.9914,2.9832,2.9835,4530706.1
2025-09-20T16:15:00+00:00,2.9834,2.9844,2.9742,2.9763,4774780.5
2025-09-20T16:30:00+00:00,2.9763,2.9883,2.9744,2.9870,3314360.3
2025-09-20T16:45:00+00:00,2.9869,2.9910,2.9847,2.9899,2938090.0
2025-09-20T17:00:00+00:00,2.9899,2.9901,2.9822,2.9827,2331035.6
2025-09-20T17:15:00+00:00,2.9828,2.9864,2.9797,2.9847,1858761.5
2025-09-20T17:30:00+00:00,2.9848,2.9869,2.9814,2.9818,1366237.8
2025-09-20T17:45:00+00:00,2.9819,2.9834,2.9796,2.9811,1204196.3
2025-09-20T18:00:00+00:00,2.9810,2.9810,2.9691,2.9714,5509034.8
2025-09-20T18:15:00+00:00,2.9714,2.9756,2.9694,2.9743,2118805.0
2025-09-20T18:30:00+00:00,2.9743,2.9748,2.9697,2.9734,1991024.9
2025-09-20T18:45:00+00:00,2.9734,2.9745,2.9702,2.9733,1237772.5
2025-09-20T19:00:00+00:00,2.9733,2.9769,2.9701,2.9769,1709822.2
2025-09-20T19:15:00+00:00,2.9768,2.9800,2.9768,2.9772,1866669.8
2025-09-20T19:30:00+00:00,2.9773,2.9785,2.9714,2.9722,1171236.1
2025-09-20T19:45:00+00:00,2.9722,2.9730,2.9700,2.9729,1028116.9
2025-09-20T20:00:00+00:00,2.9730,2.9760,2.9704,2.9722,2130278.8
2025-09-20T20:15:00+00:00,2.9723,2.9739,2.9690,2.9713,1986914.1
2025-09-20T20:30:00+00:00,2.9713,2.9732,2.9705,2.9721,1411357.8
2025-09-20T20:45:00+00:00,2.9721,2.9779,2.9696,2.9696,2580637.6
2025-09-20T21:00:00+00:00,2.9695,2.9781,2.9691,2.9774,1723479.2
2025-09-20T21:15:00+00:00,2.9775,2.9800,2.9736,2.9798,1919710.9
2025-09-20T21:30:00+00:00,2.9799,2.9840,2.9786,2.9821,1914279.7
2025-09-20T21:45:00+00:00,2.9821,2.9821,2.9777,2.9788,845382.9
2025-09-20T22:00:00+00:00,2.9789,2.9789,2.9759,2.9784,2070464.6
2025-09-20T22:15:00+00:00,2.9784,2.9803,2.9761,2.9784,1146787.5
2025-09-20T22:30:00+00:00,2.9783,2.9785,2.9731,2.9747,1378324.2
2025-09-20T22:45:00+00:00,2.9747,2.9830,2.9747,2.9807,2209560.6
2025-09-20T23:00:00+00:00,2.9807,2.9810,2.9737,2.9745,1936307.9
2025-09-20T23:15:00+00:00,2.9745,2.9751,2.9701,2.9702,2026737.5
2025-09-20T23:30:00+00:00,2.9702,2.9727,2.9681,2.9727,2259264.6
2025-09-20T23:45:00+00:00,2.9728,2.9765,2.9722,2.9735,1839108.0
2025-09-21T00:00:00+00:00,2.9735,2.9777,2.9729,2.9767,2571323.8
2025-09-21T00:15:00+00:00,2.9767,2.9775,2.9726,2.9732,2159670.9
2025-09-21T00:30:00+00:00,2.9732,2.9846,2.9709,2.9836,2668806.7
2025-09-21T00:45:00+00:00,2.9836,2.9900,2.9833,2.9873,2924696.4
2025-09-21T01:00:00+00:00,2.9873,2.9889,2.9849,2.9861,1826818.2
2025-09-21T01:15:00+00:00,2.9861,2.9867,2.9840,2.9859,1082830.1
2025-09-21T01:30:00+00:00,2.9859,2.9859,2.9810,2.9817,1076563.1
2025-09-21T01:45:00+00:00,2.9818,2.9822,2.9762,2.9784,2138845.3
2025-09-21T02:00:00+00:00,2.9784,2.9862,2.9781,2.9851,1887049.0
2025-09-21T02:15:00+00:00,2.9851,2.9855,2.9745,2.9853,2148926.3
2025-09-21T02:30:00+00:00,2.9853,2.9880,2.9833,2.9864,1441423.4
2025-09-21T02:45:00+00:00,2.9864,2.9896,2.9863,2.9888,1087626.2
2025-09-21T03:00:00+00:00,2.9889,2.9911,2.9865,2.9911,1520387.3
2025-09-21T03:15:00+00:00,2.9910,2.9927,2.9892,2.9911,1869257.9
2025-09-21T03:30:00+00:00,2.9911,2.9958,2.9898,2.9951,1415531.3
2025-09-21T03:45:00+00:00,2.9951,2.9972,2.9945,2.9961,1485923.6
2025-09-21T04:00:00+00:00,2.9962,2.9966,2.9916,2.9935,2120198.1
2025-09-21T04:15:00+00:00,2.9935,2.9959,2.9920,2.9946,1294360.8
2025-09-21T04:30:00+00:00,2.9946,2.9983,2.9917,2.9974,1658602.1
2025-09-21T04:45:00+00:00,2.9974,3.0057,2.9962,3.0057,4169018.1
2025-09-21T05:00:00+00:00,3.0057,3.0120,3.0013,3.0032,6688325.4
2025-09-21T05:15:00+00:00,3.0033,3.0108,2.9995,3.0100,2754749.6
2025-09-21T05:30:00+00:00,3.0100,3.0123,3.0053,3.0058,2811481.2
2025-09-21T05:45:00+00:00,3.0059,3.0075,3.0027,3.0043,1781580.6
2025-09-21T06:00:00+00:00,3.0044,3.0104,3.0042,3.0063,2808103.7
2025-09-21T06:15:00+00:00,3.0063,3.0071,3.0011,3.0030,2127072.7
2025-09-21T06:30:00+00:00,3.0030,3.0032,2.9997,3.0017,2161307.7
2025-09-21T06:45:00+00:00,3.0018,3.0018,2.9983,2.9989,1723893.1
2025-09-21T07:00:00+00:00,2.9989,3.0047,2.9979,3.0021,2203776.6
2025-09-21T07:15:00+00:00,3.0021,3.0052,2.9997,3.0027,1567516.7
2025-09-21T07:30:00+00:00,3.0027,3.0045,3.0019,3.0019,1062043.1
2025-09-21T07:45:00+00:00,3.0020,3.0020,2.9938,2.9956,2590991.0
2025-09-21T08:00:00+00:00,2.9957,2.9994,2.9926,2.9941,2456584.4
2025-09-21T08:15:00+00:00,2.9941,2.9941,2.9883,2.9895,2631313.3
2025-09-21T08:30:00+00:00,2.9895,2.9913,2.9882,2.9911,1269466.9
2025-09-21T08:45:00+00:00,2.9912,2.9913,2.9885,2.9896,1301280.0
2025-09-21T09:00:00+00:00,2.9896,2.9915,2.9824,2.9833,2454781.0
2025-09-21T09:15:00+00:00,2.9833,2.9836,2.9668,2.9690,11311261.2
2025-09-21T09:30:00+00:00,2.9691,2.9712,2.9592,2.9702,10928958.6
2025-09-21T09:45:00+00:00,2.9702,2.9789,2.9659,2.9773,6564846.6
2025-09-21T10:00:00+00:00,2.9774,2.9790,2.9733,2.9757,2794396.4
2025-09-21T10:15:00+00:00,2.9757,2.9771,2.9711,2.9740,2235617.0
2025-09-21T10:30:00+00:00,2.9740,2.9765,2.9720,2.9720,1486201.5
2025-09-21T10:45:00+00:00,2.9720,2.9721,2.9665,2.9667,3045365.9
2025-09-21T11:00:00+00:00,2.9666,2.9771,2.9655,2.9752,3587563.0
2025-09-21T11:15:00+00:00,2.9753,2.9762,2.9718,2.9753,1999369.1
2025-09-21T11:30:00+00:00,2.9753,2.9800,2.9737,2.9777,1301958.9
2025-09-21T11:45:00+00:00,2.9777,2.9785,2.9724,2.9737,1833740.3
2025-09-21T12:00:00+00:00,2.9738,2.9825,2.9715,2.9814,2587688.5
2025-09-21T12:15:00+00:00,2.9814,2.9845,2.9803,2.9815,2041052.7
2025-09-21T12:30:00+00:00,2.9814,2.9852,2.9782,2.9792,2092106.6
2025-09-21T12:45:00+00:00,2.9791,2.9815,2.9760,2.9779,1349996.2
2025-09-21T13:00:00+00:00,2.9779,2.9837,2.9762,2.9808,1356709.3
2025-09-21T13:15:00+00:00,2.9807,2.9833,2.9794,2.9832,775047.8
2025-09-21T13:30:00+00:00,2.9832,2.9861,2.9794,2.9813,1716908.3
2025-09-21T13:45:00+00:00,2.9812,2.9851,2.9812,2.9849,1243388.8
2025-09-21T14:00:00+00:00,2.9849,2.9873,2.9811,2.9834,1454507.9
2025-09-21T14:15:00+00:00,2.9834,2.9834,2.9762,2.9769,1898202.2
2025-09-21T14:30:00+00:00,2.9768,2.9814,2.9732,2.9814,2087396.2
2025-09-21T14:45:00+00:00,2.9814,2.9859,2.9747,2.9748,2126581.1
2025-09-21T15:00:00+00:00,2.9748,2.9762,2.9729,2.9755,1269399.8
2025-09-21T15:15:00+00:00,2.9756,2.9769,2.9711,2.9713,1869900.3
2025-09-21T15:30:00+00:00,2.9712,2.9777,2.9682,2.9775,2497729.9
2025-09-21T15:45:00+00:00,2.9775,2.9800,2.9753,2.9784,1609191.5
2025-09-21T16:00:00+00:00,2.9784,2.9820,2.9774,2.9801,1916240.7
2025-09-21T16:15:00+00:00,2.9800,2.9809,2.9674,2.9726,3125776.2
2025-09-21T16:30:00+00:00,2.9727,2.9733,2.9631,2.9646,3393061.4
2025-09-21T16:45:00+00:00,2.9646,2.9654,2.9602,2.9636,4424683.3
2025-09-21T17:00:00+00:00,2.9635,2.9660,2.9550,2.9569,7651189.6
2025-09-21T17:15:00+00:00,2.9569,2.9595,2.9506,2.9561,5283184.1
2025-09-21T17:30:00+00:00,2.9560,2.9631,2.9518,2.9627,2568530.8
2025-09-21T17:45:00+00:00,2.9627,2.9728,2.9622,2.9724,2796740.3
2025-09-21T18:00:00+00:00,2.9724,2.9785,2.9711,2.9772,3213529.9
2025-09-21T18:15:00+00:00,2.9773,2.9798,2.9729,2.9741,1939421.9
2025-09-21T18:30:00+00:00,2.9741,2.9802,2.9735,2.9788,1773886.6
2025-09-21T18:45:00+00:00,2.9789,2.9839,2.9780,2.9839,2174994.7
2025-09-21T19:00:00+00:00,2.9839,2.9840,2.9694,2.9726,3754273.2
2025-09-21T19:15:00+00:00,2.9725,2.9810,2.9703,2.9810,1575233.1
2025-09-21T19:30:00+00:00,2.9809,2.9812,2.9747,2.9767,1017730.4
2025-09-21T19:45:00+00:00,2.9767,2.9809,2.9762,2.9802,918746.9
2025-09-21T20:00:00+00:00,2.9801,2.9815,2.9727,2.9739,1688622.9
2025-09-21T20:15:00+00:00,2.9739,2.9837,2.9730,2.9831,2051210.8
2025-09-21T20:30:00+00:00,2.9831,2.9831,2.9732,2.9745,1733053.5
2025-09-21T20:45:00+00:00,2.9745,2.9775,2.9726,2.9740,1076892.0
2025-09-21T21:00:00+00:00,2.9740,2.9771,2.9730,2.9771,1617918.8
2025-09-21T21:15:00+00:00,2.9771,2.9771,2.9658,2.9668,1699739.3
2025-09-21T21:30:00+00:00,2.9669,2.9780,2.9653,2.9746,1845342.8
2025-09-21T21:45:00+00:00,2.9747,2.9761,2.9723,2.9734,668970.9
2025-09-21T22:00:00+00:00,2.9734,2.9778,2.9652,2.9667,3228432.2
2025-09-21T22:15:00+00:00,2.9666,2.9734,2.9627,2.9718,2216609.7
2025-09-21T22:30:00+00:00,2.9718,2.9810,2.9696,2.9805,2590209.9
2025-09-21T22:45:00+00:00,2.9806,2.9919,2.9803,2.9894,5759634.6
2025-09-21T23:00:00+00:00,2.9895,2.9918,2.9745,2.9767,5768376.4
2025-09-21T23:15:00+00:00,2.9767,2.9787,2.9697,2.9723,3791862.5
2025-09-21T23:30:00+00:00,2.9723,2.9751,2.9672,2.9738,2058201.2
2025-09-21T23:45:00+00:00,2.9738,2.9738,2.9682,2.9686,1327297.8
2025-09-22T00:00:00+00:00,2.9686,2.9740,2.9634,2.9637,6120167.5
2025-09-22T00:15:00+00:00,2.9637,2.9641,2.9512,2.9535,10056512.1
2025-09-22T00:30:00+00:00,2.9535,2.9545,2.8992,2.9175,75627393.0
2025-09-22T00:45:00+00:00,2.9175,2.9235,2.8946,2.9150,27880500.8
2025-09-22T01:00:00+00:00,2.9151,2.9266,2.9111,2.9152,11402111.3
2025-09-22T01:15:00+00:00,2.9152,2.9252,2.9108,2.9235,7884508.7
2025-09-22T01:30:00+00:00,2.9235,2.9348,2.9187,2.9289,6783503.2
2025-09-22T01:45:00+00:00,2.9289,2.9320,2.9139,2.9161,5759670.9
2025-09-22T02:00:00+00:00,2.9161,2.9217,2.9088,2.9089,11735051.8
2025-09-22T02:15:00+00:00,2.9089,2.9130,2.8950,2.9045,12491359.8
2025-09-22T02:30:00+00:00,2.9045,2.9051,2.8752,2.8878,30426271.7
2025-09-22T02:45:00+00:00,2.8878,2.8973,2.8860,2.8970,10086393.3
2025-09-22T03:00:00+00:00,2.8970,2.9042,2.8953,2.9018,5042044.0
2025-09-22T03:15:00+00:00,2.9018,2.9068,2.8971,2.9044,3022227.3
2025-09-22T03:30:00+00:00,2.9044,2.9044,2.8919,2.8942,3685793.3
2025-09-22T03:45:00+00:00,2.8942,2.9039,2.8938,2.9026,4172924.0
2025-09-22T04:00:00+00:00,2.9025,2.9047,2.8943,2.8947,4646033.7
2025-09-22T04:15:00+00:00,2.8947,2.9034,2.8931,2.9015,2263933.2
2025-09-22T04:30:00+00:00,2.9016,2.9054,2.8969,2.8999,2264595.9
2025-09-22T04:45:00+00:00,2.9000,2.9023,2.8927,2.8930,3018220.0
2025-09-22T05:00:00+00:00,2.8929,2.8944,2.8820,2.8835,6857619.1
2025-09-22T05:15:00+00:00,2.8835,2.8901,2.8793,2.8873,4693830.9
2025-09-22T05:30:00+00:00,2.8874,2.8874,2.8749,2.8756,5243210.4
2025-09-22T05:45:00+00:00,2.8756,2.8806,2.8417,2.8453,16124758.1
2025-09-22T06:00:00+00:00,2.8449,2.8491,2.6704,2.7849,164607612.6
2025-09-22T06:15:00+00:00,2.7848,2.8187,2.7820,2.8081,34760609.7
2025-09-22T06:30:00+00:00,2.8080,2.8218,2.8028,2.8207,19356477.0
2025-09-22T06:45:00+00:00,2.8207,2.8275,2.8121,2.8222,13984212.5
2025-09-22T07:00:00+00:00,2.8222,2.8262,2.8087,2.8094,17647280.8
2025-09-22T07:15:00+00:00,2.8093,2.8165,2.8070,2.8147,9412028.7
2025-09-22T07:30:00+00:00,2.8147,2.8224,2.8051,2.8084,11533987.1
2025-09-22T07:45:00+00:00,2.8084,2.8132,2.8023,2.8046,6840128.3
2025-09-22T08:00:00+00:00,2.8045,2.8200,2.7961,2.8145,14398843.6
2025-09-22T08:15:00+00:00,2.8145,2.8226,2.8066,2.8091,9000895.6
2025-09-22T08:30:00+00:00,2.8091,2.8184,2.8057,2.8169,6869329.1
2025-09-22T08:45:00+00:00,2.8168,2.8217,2.8096,2.8114,4967093.3
2025-09-22T09:00:00+00:00,2.8114,2.8147,2.8075,2.8098,4589000.0
2025-09-22T09:15:00+00:00,2.8099,2.8175,2.8079,2.8137,4784980.9
2025-09-22T09:30:00+00:00,2.8137,2.8148,2.8066,2.8117,5176503.4
2025-09-22T09:45:00+00:00,2.8117,2.8140,2.7960,2.7995,10407412.9
2025-09-22T10:00:00+00:00,2.7995,2.8117,2.7883,2.8055,9170676.9
2025-09-22T10:15:00+00:00,2.8056,2.8126,2.8014,2.8102,4422580.4
2025-09-22T10:30:00+00:00,2.8103,2.8105,2.7970,2.8032,5540714.8
2025-09-22T10:45:00+00:00,2.8033,2.8180,2.8028,2.8147,5956225.9
2025-09-22T11:00:00+00:00,2.8148,2.8212,2.8112,2.8143,5163857.1
2025-09-22T11:15:00+00:00,2.8143,2.8188,2.8103,2.8160,3460798.6
2025-09-22T11:30:00+00:00,2.8161,2.8161,2.8102,2.8123,3198463.5
2025-09-22T11:45:00+00:00,2.8123,2.8179,2.8113,2.8148,3130331.6
2025-09-22T12:00:00+00:00,2.8148,2.8152,2.8027,2.8097,9100197.2
2025-09-22T12:15:00+00:00,2.8096,2.8218,2.8095,2.8178,4504101.0
2025-09-22T12:30:00+00:00,2.8178,2.8220,2.8135,2.8172,3878234.1
2025-09-22T12:45:00+00:00,2.8172,2.8439,2.8172,2.8436,13236915.4
2025-09-22T13:00:00+00:00,2.8436,2.8518,2.8392,2.8494,15403881.0
2025-09-22T13:15:00+00:00,2.8494,2.8519,2.8408,2.8516,6872813.9
2025-09-22T13:30:00+00:00,2.8515,2.8570,2.8350,2.8381,11410052.4
2025-09-22T13:45:00+00:00,2.8381,2.8558,2.8324,2.8556,8389696.3
2025-09-22T14:00:00+00:00,2.8556,2.8588,2.8477,2.8487,9721068.6
2025-09-22T14:15:00+00:00,2.8488,2.8632,2.8476,2.8628,8616340.7
2025-09-22T14:30:00+00:00,2.8627,2.8659,2.8565,2.8606,7586401.8
2025-09-22T14:45:00+00:00,2.8606,2.8680,2.8535,2.8593,11601110.2
2025-09-22T15:00:00+00:00,2.8594,2.8735,2.8553,2.8628,15723152.0
2025-09-22T15:15:00+00:00,2.8628,2.8695,2.8517,2.8651,8960462.5
2025-09-22T15:30:00+00:00,2.8652,2.8654,2.8526,2.8539,6520538.2
2025-09-22T15:45:00+00:00,2.8540,2.8600,2.8480,2.8585,5846310.6
2025-09-22T16:00:00+00:00,2.8586,2.8688,2.8572,2.8667,7745282.1
2025-09-22T16:15:00+00:00,2.8667,2.8691,2.8552,2.8594,5418281.8
2025-09-22T16:30:00+00:00,2.8594,2.8603,2.8432,2.8460,8628819.4
2025-09-22T16:45:00+00:00,2.8460,2.8488,2.8400,2.8439,5094195.7
2025-09-22T17:00:00+00:00,2.8440,2.8533,2.8434,2.8474,6137931.2
2025-09-22T17:15:00+00:00,2.8474,2.8654,2.8431,2.8614,7341283.2
2025-09-22T17:30:00+00:00,2.8614,2.8670,2.8497,2.8547,6574975.9
2025-09-22T17:45:00+00:00,2.8548,2.8604,2.8525,2.8555,3527093.8
2025-09-22T18:00:00+00:00,2.8556,2.8616,2.8551,2.8589,4787524.2
2025-09-22T18:15:00+00:00,2.8588,2.8598,2.8442,2.8506,6495466.4
2025-09-22T18:30:00+00:00,2.8506,2.8526,2.8403,2.8422,4735613.8
2025-09-22T18:45:00+00:00,2.8422,2.8428,2.8312,2.8323,8090169.6
2025-09-22T19:00:00+00:00,2.8323,2.8359,2.8279,2.8309,4384698.1
2025-09-22T19:15:00+00:00,2.8310,2.8364,2.8273,2.8274,5559963.1
2025-09-22T19:30:00+00:00,2.8273,2.8337,2.8202,2.8279,12168978.9
2025-09-22T19:45:00+00:00,2.8279,2.8351,2.8137,2.8331,19949840.8
2025-09-22T20:00:00+00:00,2.8331,2.8332,2.8132,2.8285,12886152.3
2025-09-22T20:15:00+00:00,2.8285,2.8309,2.8246,2.8304,3447698.5
2025-09-22T20:30:00+00:00,2.8305,2.8382,2.8300,2.8375,5636365.4
2025-09-22T20:45:00+00:00,2.8376,2.8421,2.8331,2.8393,3513403.2
2025-09-22T21:00:00+00:00,2.8393,2.8393,2.8281,2.8283,2433881.2
2025-09-22T21:15:00+00:00,2.8282,2.8392,2.8282,2.8378,1590536.8
2025-09-22T21:30:00+00:00,2.8379,2.8489,2.8363,2.8483,2699460.0
2025-09-22T21:45:00+00:00,2.8484,2.8559,2.8472,2.8538,2377600.8
2025-09-22T22:00:00+00:00,2.8539,2.8539,2.8454,2.8495,2890506.2
2025-09-22T22:15:00+00:00,2.8495,2.8549,2.8478,2.8481,2635469.8
2025-09-22T22:30:00+00:00,2.8481,2.8492,2.8420,2.8462,1907099.0
2025-09-22T22:45:00+00:00,2.8462,2.8468,2.8416,2.8445,1933332.3
2025-09-22T23:00:00+00:00,2.8445,2.8467,2.8429,2.8440,1864197.4
2025-09-22T23:15:00+00:00,2.8441,2.8487,2.8430,2.8459,1987776.1
2025-09-22T23:30:00+00:00,2.8459,2.8479,2.8425,2.8456,2197830.8
2025-09-22T23:45:00+00:00,2.8457,2.8516,2.8451,2.8512,1537914.0
2025-09-23T00:00:00+00:00,2.8512,2.8542,2.8457,2.8539,3866068.4
2025-09-23T00:15:00+00:00,2.8540,2.8657,2.8539,2.8631,5042498.9
2025-09-23T00:30:00+00:00,2.8630,2.8669,2.8542,2.8544,4038636.0
2025-09-23T00:45:00+00:00,2.8545,2.8563,2.8489,2.8499,2643963.6
2025-09-23T01:00:00+00:00,2.8499,2.8523,2.8354,2.8380,6918925.3
2025-09-23T01:15:00+00:00,2.8380,2.8482,2.8364,2.8463,3213192.4
2025-09-23T01:30:00+00:00,2.8462,2.8470,2.8273,2.8308,3949228.0
2025-09-23T01:45:00+00:00,2.8308,2.8340,2.8209,2.8218,5178194.4
2025-09-23T02:00:00+00:00,2.8218,2.8362,2.8218,2.8302,4789667.3
2025-09-23T02:15:00+00:00,2.8303,2.8310,2.8162,2.8175,4809109.7
2025-09-23T02:30:00+00:00,2.8175,2.8207,2.8145,2.8155,3679663.9
2025-09-23T02:45:00+00:00,2.8155,2.8165,2.8054,2.8080,6177125.7
2025-09-23T03:00:00+00:00,2.8080,2.8116,2.7977,2.8112,9250227.6
2025-09-23T03:15:00+00:00,2.8112,2.8487,2.8106,2.8469,12774684.5
2025-09-23T03:30:00+00:00,2.8470,2.8711,2.8463,2.8547,15763488.5
2025-09-23T03:45:00+00:00,2.8546,2.8710,2.8544,2.8587,9341173.1
2025-09-23T04:00:00+00:00,2.8588,2.8648,2.8476,2.8484,5568079.9
2025-09-23T04:15:00+00:00,2.8483,2.8495,2.8428,2.8438,2977068.1
2025-09-23T04:30:00+00:00,2.8439,2.8503,2.8342,2.8453,5282366.9
2025-09-23T04:45:00+00:00,2.8452,2.8552,2.8389,2.8547,4360093.6
2025-09-23T05:00:00+00:00,2.8547,2.8642,2.8501,2.8605,6516426.7
2025-09-23T05:15:00+00:00,2.8606,2.8732,2.8580,2.8693,5224711.4
2025-09-23T05:30:00+00:00,2.8693,2.8738,2.8656,2.8727,3660599.6
2025-09-23T05:45:00+00:00,2.8728,2.8742,2.8628,2.8645,5467675.7
2025-09-23T06:00:00+00:00,2.8646,2.8711,2.8581,2.8660,4953740.6
2025-09-23T06:15:00+00:00,2.8660,2.8738,2.8636,2.8714,3593584.5
2025-09-23T06:30:00+00:00,2.8713,2.8792,2.8648,2.8668,12592652.1
2025-09-23T06:45:00+00:00,2.8669,2.8731,2.8628,2.8713,7224411.9
2025-09-23T07:00:00+00:00,2.8712,2.8725,2.8626,2.8670,4755477.9
2025-09-23T07:15:00+00:00,2.8669,2.8829,2.8644,2.8694,10066363.8
2025-09-23T07:30:00+00:00,2.8694,2.8725,2.8656,2.8670,3812637.7
2025-09-23T07:45:00+00:00,2.8670,2.8689,2.8617,2.8631,3253690.5
2025-09-23T08:00:00+00:00,2.8630,2.8683,2.8567,2.8615,5993641.1
2025-09-23T08:15:00+00:00,2.8615,2.8646,2.8589,2.8591,2836748.2
2025-09-23T08:30:00+00:00,2.8591,2.8622,2.8544,2.8619,2730609.6
2025-09-23T08:45:00+00:00,2.8619,2.8647,2.8579,2.8640,2042209.4
2025-09-23T09:00:00+00:00,2.8640,2.8721,2.8611,2.8705,4461109.6
2025-09-23T09:15:00+00:00,2.8705,2.8705,2.8525,2.8527,4180278.4
2025-09-23T09:30:00+00:00,2.8526,2.8569,2.8515,2.8544,2717528.7
2025-09-23T09:45:00+00:00,2.8543,2.8573,2.8474,2.8562,3548014.4
2025-09-23T10:00:00+00:00,2.8561,2.8635,2.8539,2.8615,3766281.3
2025-09-23T10:15:00+00:00,2.8616,2.8635,2.8560,2.8589,1955072.5
2025-09-23T10:30:00+00:00,2.8588,2.8629,2.8558,2.8614,1868378.6
2025-09-23T10:45:00+00:00,2.8614,2.8672,2.8614,2.8625,2682353.9
2025-09-23T11:00:00+00:00,2.8624,2.8627,2.8556,2.8564,2673803.8
2025-09-23T11:15:00+00:00,2.8564,2.8628,2.8554,2.8604,2499528.9
2025-09-23T11:30:00+00:00,2.8604,2.8660,2.8587,2.8660,1746317.2
2025-09-23T11:45:00+00:00,2.8660,2.8665,2.8568,2.8570,3313163.2
2025-09-23T12:00:00+00:00,2.8569,2.8598,2.8515,2.8583,5204839.1
2025-09-23T12:15:00+00:00,2.8583,2.8604,2.8518,2.8561,3806827.3
2025-09-23T12:30:00+00:00,2.8560,2.8684,2.8538,2.8674,3662019.1
2025-09-23T12:45:00+00:00,2.8674,2.8705,2.8589,2.8634,8445159.7
2025-09-23T13:00:00+00:00,2.8634,2.8635,2.8555,2.8586,5606022.1
2025-09-23T13:15:00+00:00,2.8586,2.8628,2.8547,2.8606,2359186.8
2025-09-23T13:30:00+00:00,2.8606,2.8672,2.8520,2.8586,5185526.0
2025-09-23T13:45:00+00:00,2.8587,2.8635,2.8535,2.8579,3221846.2
2025-09-23T14:00:00+00:00,2.8580,2.8772,2.8572,2.8687,6942308.9
2025-09-23T14:15:00+00:00,2.8688,2.8694,2.8552,2.8622,4638047.0
2025-09-23T14:30:00+00:00,2.8623,2.8669,2.8530,2.8625,5998511.7
2025-09-23T14:45:00+00:00,2.8626,2.8681,2.8564,2.8627,3133444.2
2025-09-23T15:00:00+00:00,2.8626,2.8763,2.8572,2.8717,5922656.5
2025-09-23T15:15:00+00:00,2.8718,2.8789,2.8691,2.8741,5460191.5
2025-09-23T15:30:00+00:00,2.8741,2.8826,2.8727,2.8772,5150460.8
2025-09-23T15:45:00+00:00,2.8773,2.8807,2.8732,2.8753,2586391.8
2025-09-23T16:00:00+00:00,2.8753,2.8776,2.8622,2.8700,5770923.0
2025-09-23T16:15:00+00:00,2.8699,2.8782,2.8659,2.8775,3526191.3
2025-09-23T16:30:00+00:00,2.8775,2.8826,2.8695,2.8770,6591768.3
2025-09-23T16:45:00+00:00,2.8771,2.8959,2.8770,2.8845,8911296.4
2025-09-23T17:00:00+00:00,2.8846,2.8861,2.8739,2.8750,4676792.2
2025-09-23T17:15:00+00:00,2.8751,2.8768,2.8672,2.8677,3453063.1
2025-09-23T17:30:00+00:00,2.8676,2.8736,2.8532,2.8550,7650149.4
2025-09-23T17:45:00+00:00,2.8551,2.8596,2.8440,2.8477,8842156.9
2025-09-23T18:00:00+00:00,2.8477,2.8536,2.8392,2.8524,7720185.8
2025-09-23T18:15:00+00:00,2.8524,2.8536,2.8426,2.8440,3732145.4
2025-09-23T18:30:00+00:00,2.8440,2.8510,2.8412,2.8449,3121741.1
2025-09-23T18:45:00+00:00,2.8450,2.8464,2.8366,2.8444,5177741.2
2025-09-23T19:00:00+00:00,2.8443,2.8643,2.8440,2.8628,5753784.2
2025-09-23T19:15:00+00:00,2.8628,2.8688,2.8594,2.8640,3418499.2
2025-09-23T19:30:00+00:00,2.8639,2.8647,2.8542,2.8550,2946700.3
2025-09-23T19:45:00+00:00,2.8550,2.8565,2.8464,2.8517,12745367.2
2025-09-23T20:00:00+00:00,2.8516,2.8587,2.8474,2.8495,6651930.1
2025-09-23T20:15:00+00:00,2.8495,2.8515,2.8369,2.8423,3880415.0
2025-09-23T20:30:00+00:00,2.8422,2.8551,2.8415,2.8514,3480986.7
2025-09-23T20:45:00+00:00,2.8513,2.8545,2.8432,2.8541,2402311.1
2025-09-23T21:00:00+00:00,2.8541,2.8554,2.8403,2.8437,2893745.6
2025-09-23T21:15:00+00:00,2.8437,2.8467,2.8337,2.8456,3308679.1
2025-09-23T21:30:00+00:00,2.8456,2.8567,2.8449,2.8566,2225044.6
2025-09-23T21:45:00+00:00,2.8566,2.8567,2.8469,2.8473,1588738.0
2025-09-23T22:00:00+00:00,2.8472,2.8473,2.8401,2.8426,2900038.0
2025-09-23T22:15:00+00:00,2.8425,2.8431,2.8338,2.8353,2260617.2
2025-09-23T22:30:00+00:00,2.8353,2.8436,2.8353,2.8396,2188764.1
2025-09-23T22:45:00+00:00,2.8396,2.8406,2.8314,2.8341,1749706.1
2025-09-23T23:00:00+00:00,2.8340,2.8353,2.8257,2.8267,5454592.2
2025-09-23T23:15:00+00:00,2.8266,2.8296,2.8160,2.8187,4868926.9
2025-09-23T23:30:00+00:00,2.8187,2.8319,2.8181,2.8285,4329409.2
2025-09-23T23:45:00+00:00,2.8284,2.8315,2.8229,2.8234,1896761.2
2025-09-24T00:00:00+00:00,2.8234,2.8303,2.8203,2.8296,5452179.4
2025-09-24T00:15:00+00:00,2.8295,2.8411,2.8291,2.8370,7164444.3
2025-09-24T00:30:00+00:00,2.8370,2.8370,2.8276,2.8318,3139861.4
2025-09-24T00:45:00+00:00,2.8317,2.8366,2.8260,2.8271,1795280.8
2025-09-24T01:00:00+00:00,2.8271,2.8337,2.8232,2.8309,2665169.5
2025-09-24T01:15:00+00:00,2.8310,2.8379,2.8296,2.8367,2111153.1
2025-09-24T01:30:00+00:00,2.8367,2.8404,2.8336,2.8341,1779252.1
2025-09-24T01:45:00+00:00,2.8341,2.8420,2.8336,2.8397,1529684.1
2025-09-24T02:00:00+00:00,2.8396,2.8404,2.8274,2.8279,2076180.5
2025-09-24T02:15:00+00:00,2.8279,2.8286,2.8197,2.8242,4627007.4
2025-09-24T02:30:00+00:00,2.8243,2.8277,2.8196,2.8254,3615595.5
2025-09-24T02:45:00+00:00,2.8254,2.8316,2.8174,2.8277,10977311.6
2025-09-24T03:00:00+00:00,2.8276,2.8333,2.8234,2.8267,2782114.6
2025-09-24T03:15:00+00:00,2.8267,2.8295,2.8033,2.8113,11175576.7
2025-09-24T03:30:00+00:00,2.8114,2.8202,2.8086,2.8146,8034886.9
2025-09-24T03:45:00+00:00,2.8146,2.8166,2.8049,2.8125,5245500.6
2025-09-24T04:00:00+00:00,2.8125,2.8125,2.7871,2.8035,26108477.7
2025-09-24T04:15:00+00:00,2.8035,2.8243,2.7985,2.8232,10006652.2
2025-09-24T04:30:00+00:00,2.8233,2.8477,2.8230,2.8433,13020747.7
2025-09-24T04:45:00+00:00,2.8433,2.8441,2.8378,2.8391,5655282.2
2025-09-24T05:00:00+00:00,2.8391,2.8458,2.8369,2.8446,4216046.8
2025-09-24T05:15:00+00:00,2.8446,2.8473,2.8384,2.8432,2885779.9
2025-09-24T05:30:00+00:00,2.8432,2.8556,2.8410,2.8535,3674910.8
2025-09-24T05:45:00+00:00,2.8535,2.8597,2.8528,2.8560,3619721.6
2025-09-24T06:00:00+00:00,2.8560,2.8612,2.8527,2.8568,4052537.9
2025-09-24T06:15:00+00:00,2.8568,2.8677,2.8540,2.8557,8792099.3
2025-09-24T06:30:00+00:00,2.8557,2.8563,2.8496,2.8532,5445616.8
2025-09-24T06:45:00+00:00,2.8533,2.8573,2.8520,2.8548,2665860.3
2025-09-24T07:00:00+00:00,2.8549,2.8676,2.8532,2.8667,5598617.4
2025-09-24T07:15:00+00:00,2.8667,2.8716,2.8604,2.8629,3743416.6
2025-09-24T07:30:00+00:00,2.8628,2.8737,2.8607,2.8709,3204762.5
2025-09-24T07:45:00+00:00,2.8709,2.8764,2.8692,2.8723,3965913.6
2025-09-24T08:00:00+00:00,2.8724,2.8733,2.8680,2.8707,3462265.2
2025-09-24T08:15:00+00:00,2.8707,2.8737,2.8659,2.8706,3633752.1
2025-09-24T08:30:00+00:00,2.8706,2.8760,2.8706,2.8751,2352698.7
2025-09-24T08:45:00+00:00,2.8751,2.8786,2.8715,2.8735,2736958.3
2025-09-24T09:00:00+00:00,2.8736,2.8736,2.8704,2.8715,1959653.8
2025-09-24T09:15:00+00:00,2.8714,2.8730,2.8691,2.8715,1674483.6
2025-09-24T09:30:00+00:00,2.8715,2.8781,2.8714,2.8765,2187392.7
2025-09-24T09:45:00+00:00,2.8765,2.8773,2.8723,2.8727,2061202.9
2025-09-24T10:00:00+00:00,2.8726,2.8742,2.8694,2.8703,4198626.1
2025-09-24T10:15:00+00:00,2.8703,2.8728,2.8673,2.8679,3120613.2
2025-09-24T10:30:00+00:00,2.8679,2.8726,2.8673,2.8696,2905912.2
2025-09-24T10:45:00+00:00,2.8696,2.8730,2.8671,2.8717,1612381.2
2025-09-24T11:00:00+00:00,2.8717,2.8834,2.8709,2.8808,4969919.8
2025-09-24T11:15:00+00:00,2.8809,2.8829,2.8750,2.8757,3036491.8
2025-09-24T11:30:00+00:00,2.8757,2.8807,2.8741,2.8771,2396811.0
2025-09-24T11:45:00+00:00,2.8771,2.8807,2.8742,2.8789,2316483.5
2025-09-24T12:00:00+00:00,2.8789,2.8863,2.8789,2.8845,4384135.8
2025-09-24T12:15:00+00:00,2.8846,2.8864,2.8773,2.8779,3060957.6
2025-09-24T12:30:00+00:00,2.8779,2.8824,2.8774,2.8810,1631028.4
2025-09-24T12:45:00+00:00,2.8811,2.8811,2.8737,2.8755,2413485.0
2025-09-24T13:00:00+00:00,2.8755,2.8777,2.8724,2.8739,2441745.4
2025-09-24T13:15:00+00:00,2.8740,2.8793,2.8728,2.8759,1575375.8
2025-09-24T13:30:00+00:00,2.8759,2.8859,2.8703,2.8813,5845338.7
2025-09-24T13:45:00+00:00,2.8813,2.8848,2.8750,2.8757,5347056.6
2025-09-24T14:00:00+00:00,2.8757,2.8899,2.8757,2.8895,6126008.0
2025-09-24T14:15:00+00:00,2.8896,2.8946,2.8850,2.8938,7898992.2
2025-09-24T14:30:00+00:00,2.8938,2.9040,2.8930,2.9037,8595286.5
2025-09-24T14:45:00+00:00,2.9037,2.9250,2.9033,2.9185,20765622.7
2025-09-24T15:00:00+00:00,2.9186,2.9232,2.9070,2.9078,8168783.9
2025-09-24T15:15:00+00:00,2.9078,2.9232,2.9076,2.9223,5328650.4
2025-09-24T15:30:00+00:00,2.9224,2.9370,2.9220,2.9320,12199966.0
2025-09-24T15:45:00+00:00,2.9321,2.9500,2.9246,2.9389,25474441.8
2025-09-24T16:00:00+00:00,2.9389,2.9463,2.9276,2.9304,12287419.6
2025-09-24T16:15:00+00:00,2.9305,2.9476,2.9300,2.9443,9344287.1
2025-09-24T16:30:00+00:00,2.9442,2.9466,2.9301,2.9432,11668830.6
2025-09-24T16:45:00+00:00,2.9431,2.9514,2.9394,2.9452,8852804.3
2025-09-24T17:00:00+00:00,2.9453,2.9488,2.9374,2.9463,6539769.7
2025-09-24T17:15:00+00:00,2.9464,2.9485,2.9334,2.9357,5117869.6
2025-09-24T17:30:00+00:00,2.9357,2.9555,2.9352,2.9484,7306076.8
2025-09-24T17:45:00+00:00,2.9483,2.9500,2.9392,2.9430,5290589.7
2025-09-24T18:00:00+00:00,2.9429,2.9500,2.9394,2.9476,4124131.7
2025-09-24T18:15:00+00:00,2.9477,2.9525,2.9434,2.9517,3931556.7
2025-09-24T18:30:00+00:00,2.9517,2.9550,2.9461,2.9510,4596355.6
2025-09-24T18:45:00+00:00,2.9510,2.9526,2.9452,2.9501,2864998.4
2025-09-24T19:00:00+00:00,2.9501,2.9558,2.9465,2.9502,4630701.1
2025-09-24T19:15:00+00:00,2.9502,2.9540,2.9488,2.9512,2243847.0
2025-09-24T19:30:00+00:00,2.9511,2.9597,2.9462,2.9584,6548517.7
2025-09-24T19:45:00+00:00,2.9584,2.9948,2.9556,2.9759,29315483.6
2025-09-24T20:00:00+00:00,2.9759,2.9786,2.9620,2.9633,15965962.9
2025-09-24T20:15:00+00:00,2.9633,2.9743,2.9604,2.9637,5925430.7
2025-09-24T20:30:00+00:00,2.9637,2.9637,2.9502,2.9574,5919414.2
2025-09-24T20:45:00+00:00,2.9574,2.9760,2.9567,2.9675,4937867.5
2025-09-24T21:00:00+00:00,2.9676,2.9748,2.9615,2.9698,4455399.5
2025-09-24T21:15:00+00:00,2.9698,2.9717,2.9581,2.9625,2856274.5
2025-09-24T21:30:00+00:00,2.9625,2.9647,2.9535,2.9538,3141455.5
2025-09-24T21:45:00+00:00,2.9537,2.9592,2.9400,2.9429,6567859.2
2025-09-24T22:00:00+00:00,2.9430,2.9580,2.9423,2.9560,6795017.1
2025-09-24T22:15:00+00:00,2.9561,2.9589,2.9431,2.9435,4571235.5
2025-09-24T22:30:00+00:00,2.9435,2.9481,2.9406,2.9449,6937540.8
2025-09-24T22:45:00+00:00,2.9449,2.9495,2.9354,2.9411,8154504.1
2025-09-24T23:00:00+00:00,2.9411,2.9470,2.9340,2.9383,5678081.8
2025-09-24T23:15:00+00:00,2.9383,2.9392,2.9278,2.9282,7153965.6
2025-09-24T23:30:00+00:00,2.9281,2.9308,2.9222,2.9286,8173444.4
2025-09-24T23:45:00+00:00,2.9286,2.9314,2.9233,2.9246,3508317.9
2025-09-25T00:00:00+00:00,2.9246,2.9429,2.9244,2.9415,10186100.9
2025-09-25T00:15:00+00:00,2.9414,2.9433,2.9201,2.9211,9942181.0
2025-09-25T00:30:00+00:00,2.9211,2.9310,2.9205,2.9229,4045557.4
2025-09-25T00:45:00+00:00,2.9228,2.9246,2.9100,2.9134,10569324.9
2025-09-25T01:00:00+00:00,2.9133,2.9180,2.9045,2.9095,7038831.5
2025-09-25T01:15:00+00:00,2.9095,2.9135,2.9028,2.9083,4557536.0
2025-09-25T01:30:00+00:00,2.9082,2.9083,2.8940,2.8968,9917138.5
2025-09-25T01:45:00+00:00,2.8968,2.9006,2.8884,2.8948,11409640.9
2025-09-25T02:00:00+00:00,2.8949,2.9095,2.8945,2.8973,5899927.0
2025-09-25T02:15:00+00:00,2.8972,2.8974,2.8871,2.8967,5443337.9
2025-09-25T02:30:00+00:00,2.8966,2.9164,2.8961,2.9021,11701692.6
2025-09-25T02:45:00+00:00,2.9020,2.9100,2.9014,2.9036,3034386.3
2025-09-25T03:00:00+00:00,2.9035,2.9036,2.8939,2.8945,3252055.8
2025-09-25T03:15:00+00:00,2.8944,2.8966,2.8740,2.8759,11110480.3
2025-09-25T03:30:00+00:00,2.8760,2.8792,2.8702,2.8739,10283079.9
2025-09-25T03:45:00+00:00,2.8738,2.8750,2.8679,2.8719,5550970.2
2025-09-25T04:00:00+00:00,2.8720,2.8771,2.8591,2.8620,10273778.1
2025-09-25T04:15:00+00:00,2.8619,2.8627,2.8368,2.8517,26452950.3
2025-09-25T04:30:00+00:00,2.8518,2.8544,2.8410,2.8481,10561848.4
2025-09-25T04:45:00+00:00,2.8481,2.8544,2.8308,2.8435,14004647.9
2025-09-25T05:00:00+00:00,2.8434,2.8520,2.8337,2.8503,9851467.4
2025-09-25T05:15:00+00:00,2.8502,2.8616,2.8482,2.8601,9114746.7
2025-09-25T05:30:00+00:00,2.8600,2.8604,2.8523,2.8566,4293389.7
2025-09-25T05:45:00+00:00,2.8567,2.8650,2.8538,2.8636,5070644.5
2025-09-25T06:00:00+00:00,2.8635,2.8640,2.8451,2.8469,8396647.6
2025-09-25T06:15:00+00:00,2.8469,2.8533,2.8430,2.8497,6205746.3
2025-09-25T06:30:00+00:00,2.8498,2.8602,2.8478,2.8494,4637904.5
2025-09-25T06:45:00+00:00,2.8493,2.8517,2.8424,2.8445,3856987.4
2025-09-25T07:00:00+00:00,2.8445,2.8515,2.8371,2.8450,7224474.5
2025-09-25T07:15:00+00:00,2.8449,2.8566,2.8435,2.8516,4354082.3
2025-09-25T07:30:00+00:00,2.8517,2.8537,2.8453,2.8513,2820897.9
2025-09-25T07:45:00+00:00,2.8513,2.8525,2.8368,2.8409,3276600.9
2025-09-25T08:00:00+00:00,2.8409,2.8535,2.8378,2.8470,8026761.5
2025-09-25T08:15:00+00:00,2.8470,2.8535,2.8397,2.8497,4633089.3
2025-09-25T08:30:00+00:00,2.8496,2.8496,2.8313,2.8332,4336556.6
2025-09-25T08:45:00+00:00,2.8333,2.8341,2.8248,2.8305,10860388.5
2025-09-25T09:00:00+00:00,2.8305,2.8431,2.8280,2.8419,5069596.8
2025-09-25T09:15:00+00:00,2.8419,2.8466,2.8357,2.8403,5722483.4
2025-09-25T09:30:00+00:00,2.8403,2.8429,2.8291,2.8327,7135093.3
2025-09-25T09:45:00+00:00,2.8327,2.8352,2.8231,2.8264,6563488.9
2025-09-25T10:00:00+00:00,2.8264,2.8302,2.8228,2.8290,4412186.9
2025-09-25T10:15:00+00:00,2.8290,2.8369,2.8285,2.8299,2899736.6
2025-09-25T10:30:00+00:00,2.8299,2.8305,2.8209,2.8242,5831804.3
2025-09-25T10:45:00+00:00,2.8242,2.8242,2.8163,2.8163,5132253.2
2025-09-25T11:00:00+00:00,2.8164,2.8223,2.8109,2.8147,6104445.6
2025-09-25T11:15:00+00:00,2.8147,2.8149,2.8060,2.8109,8026861.7
2025-09-25T11:30:00+00:00,2.8110,2.8159,2.8090,2.8143,6334133.5
2025-09-25T11:45:00+00:00,2.8142,2.8162,2.8096,2.8143,3485289.4
2025-09-25T12:00:00+00:00,2.8142,2.8228,2.8124,2.8225,6618815.6
2025-09-25T12:15:00+00:00,2.8225,2.8230,2.7927,2.7935,16370693.5
2025-09-25T12:30:00+00:00,2.7935,2.8297,2.7843,2.8261,34982385.2
2025-09-25T12:45:00+00:00,2.8261,2.8394,2.8204,2.8265,12514427.1
2025-09-25T13:00:00+00:00,2.8265,2.8284,2.8055,2.8250,20381398.7
2025-09-25T13:15:00+00:00,2.8249,2.8564,2.8233,2.8480,30800484.3
2025-09-25T13:30:00+00:00,2.8480,2.8505,2.8220,2.8267,17650774.6
2025-09-25T13:45:00+00:00,2.8268,2.8379,2.8223,2.8257,8798658.9
2025-09-25T14:00:00+00:00,2.8257,2.8471,2.8257,2.8470,8959833.8
2025-09-25T14:15:00+00:00,2.8470,2.8594,2.8464,2.8484,12508362.6
2025-09-25T14:30:00+00:00,2.8484,2.8557,2.8385,2.8457,6763224.4
2025-09-25T14:45:00+00:00,2.8457,2.8469,2.8363,2.8374,3111165.4
2025-09-25T15:00:00+00:00,2.8373,2.8391,2.8277,2.8295,5717529.9
2025-09-25T15:15:00+00:00,2.8295,2.8314,2.8219,2.8253,5316948.4
2025-09-25T15:30:00+00:00,2.8254,2.8351,2.8246,2.8261,3768887.7
2025-09-25T15:45:00+00:00,2.8261,2.8300,2.8184,2.8300,4407276.4
2025-09-25T16:00:00+00:00,2.8300,2.8367,2.8267,2.8283,6793782.8
2025-09-25T16:15:00+00:00,2.8283,2.8290,2.8017,2.8039,10716091.6
2025-09-25T16:30:00+00:00,2.8040,2.8125,2.8020,2.8086,6383118.4
2025-09-25T16:45:00+00:00,2.8086,2.8127,2.7867,2.7903,16006165.7
2025-09-25T17:00:00+00:00,2.7903,2.7929,2.7609,2.7609,22111441.7
2025-09-25T17:15:00+00:00,2.7609,2.7776,2.7520,2.7695,32099126.8
2025-09-25T17:30:00+00:00,2.7696,2.7735,2.7396,2.7503,22179737.8
2025-09-25T17:45:00+00:00,2.7504,2.7604,2.7229,2.7359,26382583.5
2025-09-25T18:00:00+00:00,2.7360,2.7602,2.7320,2.7598,22925301.1
2025-09-25T18:15:00+00:00,2.7598,2.7824,2.7530,2.7795,19865001.6
2025-09-25T18:30:00+00:00,2.7795,2.7893,2.7719,2.7839,11597511.1
2025-09-25T18:45:00+00:00,2.7839,2.7994,2.7773,2.7990,12617852.5
2025-09-25T19:00:00+00:00,2.7990,2.8048,2.7952,2.7963,9222958.2
2025-09-25T19:15:00+00:00,2.7963,2.8126,2.7940,2.8078,8428177.7
2025-09-25T19:30:00+00:00,2.8078,2.8100,2.7815,2.7828,11838426.6
2025-09-25T19:45:00+00:00,2.7828,2.7833,2.7459,2.7596,33677280.1
2025-09-25T20:00:00+00:00,2.7596,2.7675,2.7546,2.7606,11269808.6
2025-09-25T20:15:00+00:00,2.7607,2.7708,2.7563,2.7581,8201826.3
2025-09-25T20:30:00+00:00,2.7582,2.7584,2.7487,2.7557,6623337.9
2025-09-25T20:45:00+00:00,2.7556,2.7608,2.7444,2.7465,6547303.2
2025-09-25T21:00:00+00:00,2.7466,2.7631,2.7450,2.7530,6684775.9
2025-09-25T21:15:00+00:00,2.7530,2.7582,2.7463,2.7504,4077268.2
2025-09-25T21:30:00+00:00,2.7505,2.7527,2.7296,2.7400,10711852.6
2025-09-25T21:45:00+00:00,2.7400,2.7586,2.7400,2.7555,2685087.0
2025-09-25T22:00:00+00:00,2.7555,2.7647,2.7477,2.7638,4439857.9
2025-09-25T22:15:00+00:00,2.7637,2.7671,2.7503,2.7522,3913417.2
2025-09-25T22:30:00+00:00,2.7522,2.7558,2.7501,2.7539,3663481.2
2025-09-25T22:45:00+00:00,2.7538,2.7544,2.7432,2.7530,4039933.5
2025-09-25T23:00:00+00:00,2.7531,2.7636,2.7504,2.7519,4023523.2
2025-09-25T23:15:00+00:00,2.7520,2.7582,2.7486,2.7528,3816287.2
2025-09-25T23:30:00+00:00,2.7527,2.7527,2.7300,2.7368,11544813.0
2025-09-25T23:45:00+00:00,2.7368,2.7429,2.7320,2.7420,5490456.0
2025-09-26T00:00:00+00:00,2.7419,2.7549,2.7411,2.7534,8700371.2
2025-09-26T00:15:00+00:00,2.7533,2.7638,2.7533,2.7599,6797117.3
2025-09-26T00:30:00+00:00,2.7599,2.7599,2.7378,2.7381,4011041.3
2025-09-26T00:45:00+00:00,2.7382,2.7714,2.7372,2.7668,7549187.7
2025-09-26T01:00:00+00:00,2.7668,2.7697,2.7564,2.7647,7068247.6
2025-09-26T01:15:00+00:00,2.7646,2.7765,2.7640,2.7661,5991015.3
2025-09-26T01:30:00+00:00,2.7661,2.7712,2.7625,2.7663,3373383.9
2025-09-26T01:45:00+00:00,2.7663,2.7716,2.7607,2.7664,4168747.0
2025-09-26T02:00:00+00:00,2.7665,2.7777,2.7540,2.7583,5640854.5
2025-09-26T02:15:00+00:00,2.7582,2.7653,2.7520,2.7532,2933420.0
2025-09-26T02:30:00+00:00,2.7532,2.7599,2.7483,2.7566,3024893.4
2025-09-26T02:45:00+00:00,2.7566,2.7654,2.7543,2.7577,2816068.6
2025-09-26T03:00:00+00:00,2.7577,2.7585,2.7426,2.7569,4558604.0
2025-09-26T03:15:00+00:00,2.7570,2.7625,2.7520,2.7527,2842602.0
2025-09-26T03:30:00+00:00,2.7527,2.7545,2.7450,2.7514,2228102.7
2025-09-26T03:45:00+00:00,2.7514,2.7616,2.7462,2.7599,3371691.6
2025-09-26T04:00:00+00:00,2.7598,2.7618,2.7524,2.7570,3305770.3
2025-09-26T04:15:00+00:00,2.7571,2.7652,2.7535,2.7598,2496095.5
2025-09-26T04:30:00+00:00,2.7598,2.7598,2.7525,2.7551,2072462.1
2025-09-26T04:45:00+00:00,2.7550,2.7625,2.7536,2.7617,1713651.5
2025-09-26T05:00:00+00:00,2.7618,2.7697,2.7591,2.7640,3668848.9
2025-09-26T05:15:00+00:00,2.7640,2.7741,2.7638,2.7726,3006954.4
2025-09-26T05:30:00+00:00,2.7726,2.7727,2.7573,2.7596,3005690.3
2025-09-26T05:45:00+00:00,2.7596,2.7619,2.7487,2.7514,5484069.2
2025-09-26T06:00:00+00:00,2.7514,2.7537,2.7358,2.7470,8372975.6
2025-09-26T06:15:00+00:00,2.7470,2.7704,2.7457,2.7623,8146375.6
2025-09-26T06:30:00+00:00,2.7624,2.7694,2.7557,2.7671,6352663.0
2025-09-26T06:45:00+00:00,2.7672,2.7673,2.7508,2.7539,6976355.0
2025-09-26T07:00:00+00:00,2.7540,2.7650,2.7537,2.7643,4861758.6
2025-09-26T07:15:00+00:00,2.7644,2.7666,2.7562,2.7563,3705110.9
2025-09-26T07:30:00+00:00,2.7563,2.7563,2.7388,2.7389,9747022.8
2025-09-26T07:45:00+00:00,2.7389,2.7560,2.7370,2.7539,12360807.6
2025-09-26T08:00:00+00:00,2.7538,2.7650,2.7535,2.7620,7773486.6
2025-09-26T08:15:00+00:00,2.7620,2.7676,2.7540,2.7606,4041796.2
2025-09-26T08:30:00+00:00,2.7607,2.7663,2.7597,2.7641,2348083.7
2025-09-26T08:45:00+00:00,2.7642,2.7658,2.7558,2.7581,3446761.1
2025-09-26T09:00:00+00:00,2.7581,2.7652,2.7523,2.7650,3939186.0
2025-09-26T09:15:00+00:00,2.7650,2.7652,2.7568,2.7610,2488799.7
2025-09-26T09:30:00+00:00,2.7610,2.7626,2.7396,2.7423,9126584.5
2025-09-26T09:45:00+00:00,2.7423,2.7488,2.7408,2.7477,3554396.4
2025-09-26T10:00:00+00:00,2.7477,2.7480,2.7218,2.7259,14744216.7
2025-09-26T10:15:00+00:00,2.7260,2.7298,2.7221,2.7265,6633861.3
2025-09-26T10:30:00+00:00,2.7266,2.7290,2.7155,2.7160,10052709.7
2025-09-26T10:45:00+00:00,2.7161,2.7216,2.7085,2.7088,9000088.2
2025-09-26T11:00:00+00:00,2.7088,2.7113,2.6967,2.7001,14871872.9
2025-09-26T11:15:00+00:00,2.7002,2.7130,2.6983,2.7058,11206569.1
2025-09-26T11:30:00+00:00,2.7057,2.7251,2.7057,2.7229,6661950.2
2025-09-26T11:45:00+00:00,2.7228,2.7318,2.7212,2.7265,5408865.5
2025-09-26T12:00:00+00:00,2.7266,2.7266,2.7049,2.7050,5928618.0
2025-09-26T12:15:00+00:00,2.7050,2.7316,2.7048,2.7287,6114807.4
2025-09-26T12:30:00+00:00,2.7288,2.7761,2.7166,2.7606,46865193.3
2025-09-26T12:45:00+00:00,2.7606,2.7628,2.7412,2.7522,10310587.6
2025-09-26T13:00:00+00:00,2.7523,2.7554,2.7394,2.7411,6870940.3
2025-09-26T13:15:00+00:00,2.7411,2.7491,2.7340,2.7378,6273600.2
2025-09-26T13:30:00+00:00,2.7378,2.7594,2.7312,2.7512,15916479.9
2025-09-26T13:45:00+00:00,2.7511,2.7670,2.7463,2.7599,15557761.1
2025-09-26T14:00:00+00:00,2.7599,2.7625,2.7341,2.7361,13341600.6
2025-09-26T14:15:00+00:00,2.7361,2.7408,2.7171,2.7238,13748293.6
2025-09-26T14:30:00+00:00,2.7238,2.7238,2.7025,2.7054,17601536.2
2025-09-26T14:45:00+00:00,2.7054,2.7118,2.6990,2.7065,13397147.1
2025-09-26T15:00:00+00:00,2.7065,2.7266,2.7049,2.7167,11363806.2
2025-09-26T15:15:00+00:00,2.7167,2.7428,2.7133,2.7423,12724111.5
2025-09-26T15:30:00+00:00,2.7423,2.7471,2.7325,2.7387,7412382.7
2025-09-26T15:45:00+00:00,2.7387,2.7420,2.7294,2.7341,7472857.5
2025-09-26T16:00:00+00:00,2.7341,2.7528,2.7306,2.7456,9257749.9
2025-09-26T16:15:00+00:00,2.7456,2.7615,2.7446,2.7498,7672430.8
2025-09-26T16:30:00+00:00,2.7498,2.7556,2.7463,2.7526,4321890.2
2025-09-26T16:45:00+00:00,2.7526,2.7653,2.7518,2.7620,4626263.2
2025-09-26T17:00:00+00:00,2.7620,2.7747,2.7616,2.7722,8281822.6
2025-09-26T17:15:00+00:00,2.7723,2.7911,2.7680,2.7890,12848262.6
2025-09-26T17:30:00+00:00,2.7891,2.7913,2.7828,2.7867,8656787.5
2025-09-26T17:45:00+00:00,2.7866,2.7962,2.7852,2.7921,9730728.7
2025-09-26T18:00:00+00:00,2.7921,2.8001,2.7893,2.7991,10110245.3
2025-09-26T18:15:00+00:00,2.7991,2.8077,2.7982,2.8062,6557354.2
2025-09-26T18:30:00+00:00,2.8063,2.8082,2.7970,2.7970,5868746.3
2025-09-26T18:45:00+00:00,2.7971,2.8051,2.7947,2.8019,4878908.9
2025-09-26T19:00:00+00:00,2.8019,2.8050,2.7903,2.7951,8451770.1
2025-09-26T19:15:00+00:00,2.7952,2.8054,2.7871,2.7872,5474112.4
2025-09-26T19:30:00+00:00,2.7871,2.7922,2.7601,2.7743,25783971.3
2025-09-26T19:45:00+00:00,2.7743,2.7988,2.7743,2.7904,10718199.5
2025-09-26T20:00:00+00:00,2.7903,2.7951,2.7836,2.7946,5823372.9
2025-09-26T20:15:00+00:00,2.7946,2.7964,2.7816,2.7844,4997453.3
2025-09-26T20:30:00+00:00,2.7843,2.7870,2.7781,2.7786,2770645.4
2025-09-26T20:45:00+00:00,2.7786,2.7817,2.7757,2.7769,2882671.2
2025-09-26T21:00:00+00:00,2.7768,2.7796,2.7688,2.7792,4242901.9
2025-09-26T21:15:00+00:00,2.7791,2.7872,2.7726,2.7859,4487701.6
2025-09-26T21:30:00+00:00,2.7860,2.7880,2.7760,2.7761,3408223.9
2025-09-26T21:45:00+00:00,2.7760,2.7857,2.7752,2.7850,2484066.1
2025-09-26T22:00:00+00:00,2.7850,2.7896,2.7798,2.7884,2630793.8
2025-09-26T22:15:00+00:00,2.7884,2.7917,2.7838,2.7841,2299621.1
2025-09-26T22:30:00+00:00,2.7840,2.7885,2.7829,2.7860,1821238.9
2025-09-26T22:45:00+00:00,2.7860,2.7889,2.7802,2.7810,1734437.7
2025-09-26T23:00:00+00:00,2.7810,2.7810,2.7745,2.7753,1855553.8
2025-09-26T23:15:00+00:00,2.7753,2.7824,2.7740,2.7817,1537820.7
2025-09-26T23:30:00+00:00,2.7818,2.7874,2.7817,2.7841,2074358.6
2025-09-26T23:45:00+00:00,2.7840,2.7854,2.7813,2.7823,1623164.4
2025-09-27T00:00:00+00:00,2.7823,2.7823,2.7752,2.7761,3171193.4
2025-09-27T00:15:00+00:00,2.7762,2.7811,2.7748,2.7796,1846149.7
2025-09-27T00:30:00+00:00,2.7796,2.7825,2.7746,2.7771,1506193.2
2025-09-27T00:45:00+00:00,2.7771,2.7813,2.7715,2.7793,3752324.6
2025-09-27T01:00:00+00:00,2.7794,2.7814,2.7749,2.7777,2287960.2
2025-09-27T01:15:00+00:00,2.7777,2.7785,2.7666,2.7695,2501760.0
2025-09-27T01:30:00+00:00,2.7695,2.7713,2.7659,2.7690,1877145.3
2025-09-27T01:45:00+00:00,2.7690,2.7725,2.7680,2.7718,1065636.9
2025-09-27T02:00:00+00:00,2.7718,2.7743,2.7686,2.7743,1257045.8
2025-09-27T02:15:00+00:00,2.7743,2.7755,2.7687,2.7722,1247826.8
2025-09-27T02:30:00+00:00,2.7721,2.7817,2.7700,2.7817,1741445.2
2025-09-27T02:45:00+00:00,2.7817,2.7834,2.7758,2.7767,1882466.1
2025-09-27T03:00:00+00:00,2.7766,2.7845,2.7754,2.7822,2305280.6
2025-09-27T03:15:00+00:00,2.7822,2.7883,2.7821,2.7874,1780933.8
2025-09-27T03:30:00+00:00,2.7873,2.7889,2.7853,2.7878,1999087.2
2025-09-27T03:45:00+00:00,2.7877,2.7890,2.7818,2.7824,1667627.5
2025-09-27T04:00:00+00:00,2.7824,2.7857,2.7786,2.7787,1828172.3
2025-09-27T04:15:00+00:00,2.7786,2.7861,2.7783,2.7860,2692961.9
2025-09-27T04:30:00+00:00,2.7859,2.7892,2.7846,2.7846,3982896.2
2025-09-27T04:45:00+00:00,2.7847,2.7860,2.7817,2.7823,1273118.6
2025-09-27T05:00:00+00:00,2.7823,2.7823,2.7746,2.7775,2114419.6
2025-09-27T05:15:00+00:00,2.7774,2.7801,2.7767,2.7793,989817.2
2025-09-27T05:30:00+00:00,2.7793,2.7882,2.7786,2.7876,1512752.0
2025-09-27T05:45:00+00:00,2.7876,2.7904,2.7863,2.7891,1943823.9
2025-09-27T06:00:00+00:00,2.7890,2.7898,2.7851,2.7877,2483674.5
2025-09-27T06:15:00+00:00,2.7877,2.7902,2.7858,2.7886,1720610.8
2025-09-27T06:30:00+00:00,2.7886,2.7936,2.7878,2.7897,2100293.0
2025-09-27T06:45:00+00:00,2.7898,2.7956,2.7889,2.7956,1421534.0
2025-09-27T07:00:00+00:00,2.7956,2.8011,2.7927,2.7930,4163988.6
2025-09-27T07:15:00+00:00,2.7931,2.7937,2.7883,2.7885,1644860.1
2025-09-27T07:30:00+00:00,2.7886,2.7888,2.7792,2.7804,3016587.3
2025-09-27T07:45:00+00:00,2.7803,2.7806,2.7780,2.7801,2093561.4
2025-09-27T08:00:00+00:00,2.7801,2.7804,2.7685,2.7700,5471184.5
2025-09-27T08:15:00+00:00,2.7699,2.7746,2.7680,2.7745,3527442.6
2025-09-27T08:30:00+00:00,2.7746,2.7761,2.7728,2.7736,2447425.7
2025-09-27T08:45:00+00:00,2.7735,2.7762,2.7665,2.7685,3166360.5
2025-09-27T09:00:00+00:00,2.7685,2.7712,2.7606,2.7656,3902782.3
2025-09-27T09:15:00+00:00,2.7657,2.7736,2.7651,2.7719,3044865.6
2025-09-27T09:30:00+00:00,2.7718,2.7806,2.7716,2.7777,3217809.6
2025-09-27T09:45:00+00:00,2.7777,2.7823,2.7772,2.7803,2310241.0
2025-09-27T10:00:00+00:00,2.7803,2.7845,2.7799,2.7829,1701067.5
2025-09-27T10:15:00+00:00,2.7829,2.7835,2.7770,2.7787,1786696.0
2025-09-27T10:30:00+00:00,2.7788,2.7917,2.7787,2.7915,3595726.9
2025-09-27T10:45:00+00:00,2.7916,2.7933,2.7868,2.7869,2562600.1
2025-09-27T11:00:00+00:00,2.7868,2.7877,2.7826,2.7830,1439810.6
2025-09-27T11:15:00+00:00,2.7829,2.7854,2.7800,2.7814,1978478.3
2025-09-27T11:30:00+00:00,2.7813,2.7813,2.7759,2.7760,1033125.9
2025-09-27T11:45:00+00:00,2.7759,2.7762,2.7741,2.7762,1506414.2
2025-09-27T12:00:00+00:00,2.7761,2.7774,2.7721,2.7757,2271800.9
2025-09-27T12:15:00+00:00,2.7756,2.7773,2.7733,2.7762,1295424.6
2025-09-27T12:30:00+00:00,2.7761,2.7829,2.7755,2.7814,1778694.4
2025-09-27T12:45:00+00:00,2.7815,2.7880,2.7803,2.7831,3291491.3
2025-09-27T13:00:00+00:00,2.7831,2.7836,2.7799,2.7828,1540881.0
2025-09-27T13:15:00+00:00,2.7828,2.7860,2.7827,2.7830,1068758.2
2025-09-27T13:30:00+00:00,2.7830,2.7835,2.7796,2.7834,1229925.8
2025-09-27T13:45:00+00:00,2.7834,2.7844,2.7789,2.7804,935527.0
2025-09-27T14:00:00+00:00,2.7804,2.7852,2.7788,2.7829,1581666.6
2025-09-27T14:15:00+00:00,2.7829,2.7830,2.7802,2.7816,885529.9
2025-09-27T14:30:00+00:00,2.7815,2.7835,2.7808,2.7821,847649.7
2025-09-27T14:45:00+00:00,2.7821,2.7821,2.7786,2.7810,1580225.2
2025-09-27T15:00:00+00:00,2.7811,2.7811,2.7714,2.7732,2515470.7
2025-09-27T15:15:00+00:00,2.7731,2.7762,2.7723,2.7753,1794265.4
2025-09-27T15:30:00+00:00,2.7753,2.7833,2.7724,2.7809,1604671.7
2025-09-27T15:45:00+00:00,2.7809,2.7838,2.7802,2.7826,1473911.5
2025-09-27T16:00:00+00:00,2.7827,2.7837,2.7775,2.7777,1843275.2
2025-09-27T16:15:00+00:00,2.7777,2.7824,2.7762,2.7815,1461668.8
2025-09-27T16:30:00+00:00,2.7815,2.7839,2.7773,2.7776,1166319.8
2025-09-27T16:45:00+00:00,2.7775,2.7788,2.7733,2.7753,1636839.0
2025-09-27T17:00:00+00:00,2.7752,2.7761,2.7674,2.7688,3824043.9
2025-09-27T17:15:00+00:00,2.7688,2.7690,2.7612,2.7677,4171005.9
2025-09-27T17:30:00+00:00,2.7676,2.7760,2.7662,2.7753,2590478.1
2025-09-27T17:45:00+00:00,2.7753,2.7835,2.7745,2.7821,2947941.5
2025-09-27T18:00:00+00:00,2.7821,2.7847,2.7803,2.7827,2786126.1
2025-09-27T18:15:00+00:00,2.7826,2.7854,2.7822,2.7850,2127702.8
2025-09-27T18:30:00+00:00,2.7850,2.7888,2.7850,2.7870,2638168.0
2025-09-27T18:45:00+00:00,2.7871,2.7889,2.7868,2.7889,1404960.7
2025-09-27T19:00:00+00:00,2.7889,2.7905,2.7876,2.7883,2109140.8
2025-09-27T19:15:00+00:00,2.7883,2.7934,2.7854,2.7925,3436255.5
2025-09-27T19:30:00+00:00,2.7925,2.7933,2.7865,2.7869,1427426.7
2025-09-27T19:45:00+00:00,2.7869,2.7906,2.7860,2.7886,967307.1
2025-09-27T20:00:00+00:00,2.7885,2.7906,2.7863,2.7896,2001720.8
2025-09-27T20:15:00+00:00,2.7897,2.7968,2.7876,2.7968,2132665.7
2025-09-27T20:30:00+00:00,2.7968,2.7971,2.7929,2.7952,1582357.2
2025-09-27T20:45:00+00:00,2.7952,2.7965,2.7931,2.7963,1557544.0
2025-09-27T21:00:00+00:00,2.7963,2.7976,2.7866,2.7871,2545663.6
2025-09-27T21:15:00+00:00,2.7871,2.7899,2.7866,2.7896,1129020.6
2025-09-27T21:30:00+00:00,2.7896,2.7959,2.7889,2.7957,1168308.9
2025-09-27T21:45:00+00:00,2.7958,2.7980,2.7949,2.7965,1178186.3
2025-09-27T22:00:00+00:00,2.7966,2.8027,2.7960,2.8027,3450871.6
2025-09-27T22:15:00+00:00,2.8027,2.8075,2.8026,2.8075,2225716.1
2025-09-27T22:30:00+00:00,2.8075,2.8274,2.8070,2.8190,9014923.2
2025-09-27T22:45:00+00:00,2.8191,2.8256,2.8109,2.8171,6770164.2
2025-09-27T23:00:00+00:00,2.8172,2.8250,2.8109,2.8162,3757820.9
2025-09-27T23:15:00+00:00,2.8162,2.8185,2.8053,2.8071,6320699.5
2025-09-27T23:30:00+00:00,2.8071,2.8114,2.8040,2.8065,2245099.9
2025-09-27T23:45:00+00:00,2.8065,2.8098,2.8024,2.8032,1608175.8
2025-09-28T00:00:00+00:00,2.8033,2.8058,2.7917,2.7939,6033011.5
2025-09-28T00:15:00+00:00,2.7938,2.8132,2.7904,2.8112,7154900.9
2025-09-28T00:30:00+00:00,2.8113,2.8130,2.7938,2.8041,7561996.1
2025-09-28T00:45:00+00:00,2.8042,2.8050,2.7945,2.7990,3809933.3
2025-09-28T01:00:00+00:00,2.7990,2.8012,2.7916,2.7925,2952325.3
2025-09-28T01:15:00+00:00,2.7926,2.7982,2.7920,2.7938,2465580.5
2025-09-28T01:30:00+00:00,2.7939,2.7956,2.7841,2.7855,4294697.9
2025-09-28T01:45:00+00:00,2.7854,2.7887,2.7838,2.7872,2265731.9
2025-09-28T02:00:00+00:00,2.7872,2.7912,2.7853,2.7853,1679672.8
2025-09-28T02:15:00+00:00,2.7853,2.7908,2.7845,2.7896,1250832.4
2025-09-28T02:30:00+00:00,2.7896,2.7929,2.7810,2.7828,2136549.9
2025-09-28T02:45:00+00:00,2.7827,2.7864,2.7791,2.7854,1943125.6
2025-09-28T03:00:00+00:00,2.7855,2.7904,2.7851,2.7863,1534444.8
2025-09-28T03:15:00+00:00,2.7864,2.7875,2.7807,2.7814,1763534.9
2025-09-28T03:30:00+00:00,2.7814,2.7837,2.7758,2.7795,1718788.9
2025-09-28T03:45:00+00:00,2.7795,2.7826,2.7774,2.7815,696544.9
2025-09-28T04:00:00+00:00,2.7814,2.7846,2.7776,2.7802,1486514.0
2025-09-28T04:15:00+00:00,2.7802,2.7845,2.7783,2.7792,1347849.2
2025-09-28T04:30:00+00:00,2.7793,2.7866,2.7787,2.7865,916028.3
2025-09-28T04:45:00+00:00,2.7864,2.7885,2.7850,2.7876,1317819.8
2025-09-28T05:00:00+00:00,2.7876,2.7934,2.7796,2.7801,3891417.8
2025-09-28T05:15:00+00:00,2.7800,2.7880,2.7798,2.7864,1479595.5
2025-09-28T05:30:00+00:00,2.7864,2.7897,2.7818,2.7830,992710.8
2025-09-28T05:45:00+00:00,2.7830,2.7832,2.7799,2.7803,1071413.6
2025-09-28T06:00:00+00:00,2.7802,2.7842,2.7794,2.7804,1479412.4
2025-09-28T06:15:00+00:00,2.7804,2.7818,2.7740,2.7753,3551741.9
2025-09-28T06:30:00+00:00,2.7753,2.7857,2.7737,2.7846,3815609.6
2025-09-28T06:45:00+00:00,2.7847,2.7888,2.7800,2.7884,1948754.2
2025-09-28T07:00:00+00:00,2.7883,2.7892,2.7816,2.7829,1365644.0
2025-09-28T07:15:00+00:00,2.7830,2.7877,2.7823,2.7842,1335573.6
2025-09-28T07:30:00+00:00,2.7842,2.7868,2.7820,2.7859,1193847.9
2025-09-28T07:45:00+00:00,2.7859,2.7876,2.7834,2.7862,827534.9
2025-09-28T08:00:00+00:00,2.7863,2.7915,2.7850,2.7900,2197404.6
2025-09-28T08:15:00+00:00,2.7899,2.7938,2.7856,2.7890,3129699.9
2025-09-28T08:30:00+00:00,2.7890,2.7896,2.7803,2.7837,3330581.0
2025-09-28T08:45:00+00:00,2.7836,2.7933,2.7832,2.7855,3558712.6
2025-09-28T09:00:00+00:00,2.7856,2.7894,2.7816,2.7833,3330042.1
2025-09-28T09:15:00+00:00,2.7834,2.7834,2.7716,2.7777,5368802.7
2025-09-28T09:30:00+00:00,2.7777,2.7824,2.7764,2.7824,3437790.1
2025-09-28T09:45:00+00:00,2.7824,2.7824,2.7761,2.7762,2346561.3
2025-09-28T10:00:00+00:00,2.7762,2.7762,2.7695,2.7721,3437658.9
2025-09-28T10:15:00+00:00,2.7722,2.7773,2.7718,2.7765,2743932.1
2025-09-28T10:30:00+00:00,2.7764,2.7841,2.7764,2.7827,2709831.7
2025-09-28T10:45:00+00:00,2.7827,2.7840,2.7784,2.7800,1499169.2
2025-09-28T11:00:00+00:00,2.7800,2.7800,2.7749,2.7749,1218998.8
2025-09-28T11:15:00+00:00,2.7750,2.7785,2.7702,2.7714,3105132.1
2025-09-28T11:30:00+00:00,2.7713,2.7767,2.7705,2.7734,1568526.8
2025-09-28T11:45:00+00:00,2.7734,2.7760,2.7707,2.7752,1536737.7
2025-09-28T12:00:00+00:00,2.7751,2.7752,2.7661,2.7695,4310719.9
2025-09-28T12:15:00+00:00,2.7694,2.7760,2.7679,2.7740,3686691.5
2025-09-28T12:30:00+00:00,2.7739,2.7742,2.7649,2.7689,4703514.0
2025-09-28T12:45:00+00:00,2.7690,2.7722,2.7663,2.7685,3772453.5
2025-09-28T13:00:00+00:00,2.7686,2.7779,2.7654,2.7759,2621587.0
2025-09-28T13:15:00+00:00,2.7759,2.7820,2.7751,2.7795,3435937.4
2025-09-28T13:30:00+00:00,2.7794,2.7826,2.7780,2.7794,3426122.8
2025-09-28T13:45:00+00:00,2.7793,2.7889,2.7766,2.7847,3199577.0
2025-09-28T14:00:00+00:00,2.7847,2.7861,2.7776,2.7808,2915149.6
2025-09-28T14:15:00+00:00,2.7807,2.7880,2.7791,2.7878,2259784.9
2025-09-28T14:30:00+00:00,2.7878,2.7886,2.7848,2.7886,1490394.0
2025-09-28T14:45:00+00:00,2.7886,2.7958,2.7880,2.7954,3438602.4
2025-09-28T15:00:00+00:00,2.7954,2.8013,2.7916,2.7991,4971706.9
2025-09-28T15:15:00+00:00,2.7991,2.8131,2.7980,2.8048,9193789.2
2025-09-28T15:30:00+00:00,2.8048,2.8105,2.8016,2.8087,3306030.1
2025-09-28T15:45:00+00:00,2.8087,2.8105,2.8021,2.8096,2951279.8
2025-09-28T16:00:00+00:00,2.8096,2.8186,2.8063,2.8072,8615539.3
2025-09-28T16:15:00+00:00,2.8072,2.8112,2.8035,2.8081,4521769.5
2025-09-28T16:30:00+00:00,2.8081,2.8126,2.8057,2.8119,3556446.6
2025-09-28T16:45:00+00:00,2.8118,2.8332,2.8108,2.8302,5677014.0
2025-09-28T17:00:00+00:00,2.8303,2.8336,2.8237,2.8272,7176316.4
2025-09-28T17:15:00+00:00,2.8272,2.8281,2.8188,2.8257,3778941.1
2025-09-28T17:30:00+00:00,2.8256,2.8313,2.8248,2.8266,2486116.1
2025-09-28T17:45:00+00:00,2.8267,2.8290,2.8213,2.8223,1938937.8
2025-09-28T18:00:00+00:00,2.8223,2.8255,2.8154,2.8159,2754648.3
2025-09-28T18:15:00+00:00,2.8160,2.8206,2.8149,2.8196,1564096.3
2025-09-28T18:30:00+00:00,2.8196,2.8252,2.8196,2.8235,1273229.6
2025-09-28T18:45:00+00:00,2.8235,2.8298,2.8231,2.8293,1648345.2
2025-09-28T19:00:00+00:00,2.8293,2.8298,2.8218,2.8220,1923902.9
2025-09-28T19:15:00+00:00,2.8220,2.8318,2.8208,2.8297,2390019.6
2025-09-28T19:30:00+00:00,2.8298,2.8300,2.8244,2.8267,1350407.0
2025-09-28T19:45:00+00:00,2.8268,2.8285,2.8256,2.8266,1139899.6
2025-09-28T20:00:00+00:00,2.8265,2.8275,2.8251,2.8264,1814573.7
2025-09-28T20:15:00+00:00,2.8265,2.8344,2.8255,2.8328,2356418.8
2025-09-28T20:30:00+00:00,2.8329,2.8400,2.8328,2.8388,4839356.5
2025-09-28T20:45:00+00:00,2.8388,2.8449,2.8374,2.8418,4972989.5
2025-09-28T21:00:00+00:00,2.8419,2.8499,2.8411,2.8459,4486553.2
2025-09-28T21:15:00+00:00,2.8459,2.8459,2.8388,2.8409,3744925.3
2025-09-28T21:30:00+00:00,2.8410,2.8423,2.8350,2.8357,3991695.9
2025-09-28T21:45:00+00:00,2.8357,2.8383,2.8322,2.8383,1902813.2
2025-09-28T22:00:00+00:00,2.8382,2.8612,2.8379,2.8505,16941625.8
2025-09-28T22:15:00+00:00,2.8506,2.8586,2.8492,2.8537,5415475.2
2025-09-28T22:30:00+00:00,2.8538,2.8605,2.8537,2.8600,4367617.4
2025-09-28T22:45:00+00:00,2.8601,2.8624,2.8558,2.8569,3354274.4
2025-09-28T23:00:00+00:00,2.8568,2.8660,2.8568,2.8608,4091078.1
2025-09-28T23:15:00+00:00,2.8608,2.8635,2.8568,2.8604,2383106.6
2025-09-28T23:30:00+00:00,2.8604,2.8656,2.8581,2.8647,1835310.2
2025-09-28T23:45:00+00:00,2.8648,2.8664,2.8614,2.8662,2252430.7
2025-09-29T00:00:00+00:00,2.8662,2.8670,2.8536,2.8547,5855636.7
2025-09-29T00:15:00+00:00,2.8547,2.8628,2.8521,2.8593,3639841.7
2025-09-29T00:30:00+00:00,2.8592,2.8607,2.8528,2.8550,1795293.5
2025-09-29T00:45:00+00:00,2.8549,2.8629,2.8545,2.8613,2009365.5
2025-09-29T01:00:00+00:00,2.8613,2.8662,2.8561,2.8639,4549350.7
2025-09-29T01:15:00+00:00,2.8640,2.8662,2.8567,2.8585,2179502.6
2025-09-29T01:30:00+00:00,2.8586,2.8658,2.8576,2.8628,2345387.2
2025-09-29T01:45:00+00:00,2.8627,2.8632,2.8549,2.8560,2778084.9
2025-09-29T02:00:00+00:00,2.8560,2.8624,2.8471,2.8615,6377787.3
2025-09-29T02:15:00+00:00,2.8615,2.8797,2.8592,2.8706,9836688.0
2025-09-29T02:30:00+00:00,2.8706,2.8828,2.8680,2.8803,7792511.2
2025-09-29T02:45:00+00:00,2.8803,2.8838,2.8709,2.8738,6745159.9
2025-09-29T03:00:00+00:00,2.8739,2.8747,2.8567,2.8569,6149298.5
2025-09-29T03:15:00+00:00,2.8568,2.8635,2.8561,2.8620,3851300.4
2025-09-29T03:30:00+00:00,2.8621,2.8640,2.8556,2.8569,2092410.4
2025-09-29T03:45:00+00:00,2.8569,2.8626,2.8562,2.8621,1888590.9
2025-09-29T04:00:00+00:00,2.8622,2.8634,2.8563,2.8570,3372874.7
2025-09-29T04:15:00+00:00,2.8570,2.8582,2.8515,2.8526,3071109.0
2025-09-29T04:30:00+00:00,2.8526,2.8616,2.8509,2.8590,3588644.4
2025-09-29T04:45:00+00:00,2.8589,2.8641,2.8570,2.8593,2077232.0
2025-09-29T05:00:00+00:00,2.8592,2.8607,2.8493,2.8559,3246672.7
2025-09-29T05:15:00+00:00,2.8559,2.8571,2.8499,2.8533,4932680.2
2025-09-29T05:30:00+00:00,2.8533,2.8559,2.8504,2.8535,1806322.2
2025-09-29T05:45:00+00:00,2.8535,2.8600,2.8534,2.8582,1643918.8
2025-09-29T06:00:00+00:00,2.8582,2.8597,2.8428,2.8493,7108320.1
2025-09-29T06:15:00+00:00,2.8492,2.8588,2.8476,2.8529,3324081.0
2025-09-29T06:30:00+00:00,2.8530,2.8647,2.8515,2.8642,3159923.1
2025-09-29T06:45:00+00:00,2.8642,2.8692,2.8629,2.8672,4200928.8
2025-09-29T07:00:00+00:00,2.8672,2.8710,2.8645,2.8678,3144745.0
2025-09-29T07:15:00+00:00,2.8678,2.8932,2.8633,2.8905,10131237.5
2025-09-29T07:30:00+00:00,2.8905,2.9040,2.8892,2.8956,13876217.9
2025-09-29T07:45:00+00:00,2.8956,2.8972,2.8823,2.8854,7286664.9
2025-09-29T08:00:00+00:00,2.8855,2.8915,2.8813,2.8856,6003640.7
2025-09-29T08:15:00+00:00,2.8857,2.8910,2.8806,2.8880,4313508.3
2025-09-29T08:30:00+00:00,2.8880,2.8885,2.8838,2.8868,2409468.6
2025-09-29T08:45:00+00:00,2.8869,2.8905,2.8818,2.8819,2394327.4
2025-09-29T09:00:00+00:00,2.8819,2.8832,2.8742,2.8749,4355008.7
2025-09-29T09:15:00+00:00,2.8748,2.8756,2.8706,2.8736,4109555.5
2025-09-29T09:30:00+00:00,2.8737,2.8756,2.8676,2.8682,2945446.7
2025-09-29T09:45:00+00:00,2.8682,2.8705,2.8661,2.8692,2478985.6
2025-09-29T10:00:00+00:00,2.8693,2.8695,2.8641,2.8653,3484618.0
2025-09-29T10:15:00+00:00,2.8653,2.8664,2.8600,2.8639,3344410.8
2025-09-29T10:30:00+00:00,2.8639,2.8661,2.8566,2.8578,4005080.4
2025-09-29T10:45:00+00:00,2.8578,2.8630,2.8547,2.8598,3507355.2
2025-09-29T11:00:00+00:00,2.8597,2.8608,2.8516,2.8542,4917073.6
2025-09-29T11:15:00+00:00,2.8542,2.8641,2.8539,2.8602,3773785.9
2025-09-29T11:30:00+00:00,2.8602,2.8627,2.8540,2.8566,3005065.8
2025-09-29T11:45:00+00:00,2.8565,2.8569,2.8527,2.8538,2103584.9
2025-09-29T12:00:00+00:00,2.8537,2.8574,2.8483,2.8567,3882083.8
2025-09-29T12:15:00+00:00,2.8567,2.8629,2.8559,2.8626,4559046.3
2025-09-29T12:30:00+00:00,2.8627,2.8676,2.8488,2.8534,5252084.6
2025-09-29T12:45:00+00:00,2.8534,2.8594,2.8450,2.8483,6286285.6
2025-09-29T13:00:00+00:00,2.8482,2.8551,2.8441,2.8532,5287674.8
2025-09-29T13:15:00+00:00,2.8531,2.8546,2.8477,2.8496,3300071.3
2025-09-29T13:30:00+00:00,2.8495,2.8820,2.8470,2.8810,10885878.4
2025-09-29T13:45:00+00:00,2.8811,2.8850,2.8731,2.8794,14473575.8
2025-09-29T14:00:00+00:00,2.8794,2.9084,2.8772,2.9073,16199694.7
2025-09-29T14:15:00+00:00,2.9072,2.9278,2.8949,2.9022,28859175.2
2025-09-29T14:30:00+00:00,2.9021,2.9093,2.8963,2.9023,6913968.4
2025-09-29T14:45:00+00:00,2.9023,2.9140,2.9018,2.9071,7796444.5
2025-09-29T15:00:00+00:00,2.9071,2.9102,2.8910,2.8934,7540460.0
2025-09-29T15:15:00+00:00,2.8934,2.8951,2.8845,2.8890,6534284.3
2025-09-29T15:30:00+00:00,2.8891,2.8965,2.8855,2.8925,4263201.3
2025-09-29T15:45:00+00:00,2.8924,2.8949,2.8823,2.8924,4333679.9
2025-09-29T16:00:00+00:00,2.8924,2.8959,2.8896,2.8919,4157672.6
2025-09-29T16:15:00+00:00,2.8918,2.8956,2.8833,2.8844,3324529.1
2025-09-29T16:30:00+00:00,2.8844,2.8994,2.8844,2.8874,5761193.9
2025-09-29T16:45:00+00:00,2.8874,2.8926,2.8756,2.8785,6740360.4
2025-09-29T17:00:00+00:00,2.8786,2.8807,2.8673,2.8777,8656047.2
2025-09-29T17:15:00+00:00,2.8776,2.8799,2.8644,2.8779,6592625.3
2025-09-29T17:30:00+00:00,2.8779,2.8822,2.8711,2.8793,3573764.9
2025-09-29T17:45:00+00:00,2.8792,2.8852,2.8782,2.8811,3473874.8
2025-09-29T18:00:00+00:00,2.8811,2.8818,2.8712,2.8729,2148441.8
2025-09-29T18:15:00+00:00,2.8728,2.8748,2.8652,2.8733,4570484.6
2025-09-29T18:30:00+00:00,2.8732,2.8740,2.8671,2.8716,2066431.2
2025-09-29T18:45:00+00:00,2.8717,2.8750,2.8711,2.8750,2202643.0
2025-09-29T19:00:00+00:00,2.8750,2.8834,2.8718,2.8817,4797824.9
2025-09-29T19:15:00+00:00,2.8818,2.8820,2.8704,2.8801,3099335.0
2025-09-29T19:30:00+00:00,2.8800,2.8877,2.8759,2.8873,5237143.1
2025-09-29T19:45:00+00:00,2.8873,2.9020,2.8873,2.8962,9435681.0
2025-09-29T20:00:00+00:00,2.8963,2.9015,2.8883,2.9000,5561073.2
2025-09-29T20:15:00+00:00,2.8999,2.9032,2.8932,2.9019,4696475.1
2025-09-29T20:30:00+00:00,2.9020,2.9137,2.9016,2.9107,5029821.9
2025-09-29T20:45:00+00:00,2.9107,2.9127,2.9017,2.9046,3875311.4
2025-09-29T21:00:00+00:00,2.9046,2.9073,2.8925,2.8938,4986073.4
2025-09-29T21:15:00+00:00,2.8938,2.9020,2.8935,2.9011,2884087.3
2025-09-29T21:30:00+00:00,2.9010,2.9014,2.8939,2.8962,1855116.7
2025-09-29T21:45:00+00:00,2.8962,2.8964,2.8896,2.8929,1989230.8
2025-09-29T22:00:00+00:00,2.8928,2.8957,2.8862,2.8883,4095823.8
2025-09-29T22:15:00+00:00,2.8883,2.8902,2.8827,2.8856,2994132.7
2025-09-29T22:30:00+00:00,2.8856,2.8889,2.8820,2.8853,1876604.1
2025-09-29T22:45:00+00:00,2.8852,2.8905,2.8849,2.8862,3334375.1
2025-09-29T23:00:00+00:00,2.8861,2.8894,2.8781,2.8814,6737051.0
2025-09-29T23:15:00+00:00,2.8814,2.8870,2.8796,2.8828,3206305.1
2025-09-29T23:30:00+00:00,2.8828,2.8857,2.8812,2.8824,2215898.2
2025-09-29T23:45:00+00:00,2.8824,2.8843,2.8774,2.8788,3178244.5
2025-09-30T00:00:00+00:00,2.8788,2.8876,2.8745,2.8835,6492382.9
2025-09-30T00:15:00+00:00,2.8835,2.8849,2.8740,2.8763,5575091.5
2025-09-30T00:30:00+00:00,2.8763,2.8855,2.8730,2.8793,2665225.9
2025-09-30T00:45:00+00:00,2.8794,2.8903,2.8716,2.8738,8909591.0
2025-09-30T01:00:00+00:00,2.8737,2.8832,2.8715,2.8829,3196147.1
2025-09-30T01:15:00+00:00,2.8830,2.8916,2.8794,2.8816,5682313.5
2025-09-30T01:30:00+00:00,2.8816,2.8816,2.8704,2.8712,5687444.8
2025-09-30T01:45:00+00:00,2.8711,2.8820,2.8665,2.8802,4365063.1
2025-09-30T02:00:00+00:00,2.8802,2.8819,2.8740,2.8760,3326493.4
2025-09-30T02:15:00+00:00,2.8761,2.8845,2.8742,2.8841,2089874.6
2025-09-30T02:30:00+00:00,2.8841,2.8881,2.8820,2.8861,2651972.7
2025-09-30T02:45:00+00:00,2.8862,2.8878,2.8776,2.8801,2555064.7
2025-09-30T03:00:00+00:00,2.8802,2.8840,2.8715,2.8744,2781393.3
2025-09-30T03:15:00+00:00,2.8744,2.8799,2.8728,2.8754,1776889.8
2025-09-30T03:30:00+00:00,2.8753,2.8799,2.8732,2.8798,1720720.5
2025-09-30T03:45:00+00:00,2.8799,2.8806,2.8725,2.8748,1598053.8
2025-09-30T04:00:00+00:00,2.8748,2.8765,2.8730,2.8733,1295754.8
2025-09-30T04:15:00+00:00,2.8733,2.8785,2.8725,2.8772,1476926.1
2025-09-30T04:30:00+00:00,2.8772,2.8796,2.8746,2.8795,1290036.6
2025-09-30T04:45:00+00:00,2.8795,2.8816,2.8776,2.8798,1234487.5
2025-09-30T05:00:00+00:00,2.8797,2.8881,2.8775,2.8880,2545163.3
2025-09-30T05:15:00+00:00,2.8880,2.8934,2.8814,2.8920,4567844.5
2025-09-30T05:30:00+00:00,2.8920,2.8982,2.8870,2.8945,4404502.3
2025-09-30T05:45:00+00:00,2.8945,2.9010,2.8893,2.8925,4682370.2
2025-09-30T06:00:00+00:00,2.8926,2.8949,2.8865,2.8935,3422647.8
2025-09-30T06:15:00+00:00,2.8935,2.9031,2.8929,2.9026,2821488.8
2025-09-30T06:30:00+00:00,2.9026,2.9060,2.8984,2.9023,3680077.6
2025-09-30T06:45:00+00:00,2.9024,2.9024,2.8962,2.8975,1908991.8
2025-09-30T07:00:00+00:00,2.8975,2.8990,2.8905,2.8915,2955450.8
2025-09-30T07:15:00+00:00,2.8915,2.8933,2.8886,2.8923,1821837.1
2025-09-30T07:30:00+00:00,2.8923,2.8924,2.8750,2.8761,5587846.9
2025-09-30T07:45:00+00:00,2.8761,2.8807,2.8709,2.8728,4401739.4
2025-09-30T08:00:00+00:00,2.8728,2.8742,2.8685,2.8718,4896779.9
2025-09-30T08:15:00+00:00,2.8718,2.8719,2.8625,2.8635,4615383.8
2025-09-30T08:30:00+00:00,2.8635,2.8649,2.8564,2.8585,5373261.8
2025-09-30T08:45:00+00:00,2.8585,2.8607,2.8518,2.8543,4892204.8
2025-09-30T09:00:00+00:00,2.8543,2.8558,2.8470,2.8478,6141269.9
2025-09-30T09:15:00+00:00,2.8478,2.8575,2.8473,2.8569,5260099.8
2025-09-30T09:30:00+00:00,2.8569,2.8588,2.8457,2.8466,4498868.6
2025-09-30T09:45:00+00:00,2.8465,2.8465,2.8360,2.8381,9608003.1
2025-09-30T10:00:00+00:00,2.8381,2.8447,2.8350,2.8385,5885162.9
2025-09-30T10:15:00+00:00,2.8386,2.8472,2.8385,2.8455,2920983.1
2025-09-30T10:30:00+00:00,2.8456,2.8457,2.8382,2.8391,3682408.2
2025-09-30T10:45:00+00:00,2.8392,2.8450,2.8383,2.8394,3210472.6
2025-09-30T11:00:00+00:00,2.8395,2.8430,2.8365,2.8373,2786417.8
2025-09-30T11:15:00+00:00,2.8373,2.8420,2.8331,2.8411,3122417.6
2025-09-30T11:30:00+00:00,2.8410,2.8462,2.8397,2.8455,3375313.7
2025-09-30T11:45:00+00:00,2.8455,2.8493,2.8449,2.8454,3678484.5
2025-09-30T12:00:00+00:00,2.8454,2.8495,2.8427,2.8463,2579896.6
2025-09-30T12:15:00+00:00,2.8463,2.8528,2.8453,2.8521,2485638.0
2025-09-30T12:30:00+00:00,2.8521,2.8544,2.8493,2.8537,3526930.0
2025-09-30T12:45:00+00:00,2.8537,2.8541,2.8466,2.8478,2502401.0
2025-09-30T13:00:00+00:00,2.8478,2.8526,2.8436,2.8517,3962998.2
2025-09-30T13:15:00+00:00,2.8517,2.8584,2.8492,2.8520,3764442.8
2025-09-30T13:30:00+00:00,2.8520,2.8559,2.8387,2.8555,7596977.8
2025-09-30T13:45:00+00:00,2.8554,2.8614,2.8380,2.8445,8059866.2
2025-09-30T14:00:00+00:00,2.8445,2.8481,2.8284,2.8380,10960725.6
2025-09-30T14:15:00+00:00,2.8380,2.8465,2.8302,2.8350,5378441.4
2025-09-30T14:30:00+00:00,2.8349,2.8418,2.8310,2.8404,3585887.6
2025-09-30T14:45:00+00:00,2.8404,2.8488,2.8372,2.8463,4103498.2
2025-09-30T15:00:00+00:00,2.8463,2.8469,2.8227,2.8273,8808289.3
2025-09-30T15:15:00+00:00,2.8272,2.8288,2.8119,2.8183,13924744.3
2025-09-30T15:30:00+00:00,2.8183,2.8257,2.8158,2.8180,6261608.4
2025-09-30T15:45:00+00:00,2.8180,2.8285,2.8146,2.8270,4738855.7
2025-09-30T16:00:00+00:00,2.8270,2.8300,2.8208,2.8244,5432312.0
2025-09-30T16:15:00+00:00,2.8244,2.8372,2.8206,2.8318,5178288.4
2025-09-30T16:30:00+00:00,2.8317,2.8346,2.8164,2.8217,4978036.6
2025-09-30T16:45:00+00:00,2.8216,2.8323,2.8198,2.8237,5393767.0
2025-09-30T17:00:00+00:00,2.8236,2.8304,2.8216,2.8242,4293814.2
2025-09-30T17:15:00+00:00,2.8241,2.8255,2.8167,2.8196,5634890.4
2025-09-30T17:30:00+00:00,2.8196,2.8390,2.8167,2.8332,10737304.1
2025-09-30T17:45:00+00:00,2.8331,2.8332,2.8255,2.8271,2841940.0
2025-09-30T18:00:00+00:00,2.8272,2.8354,2.8202,2.8341,4228357.3
2025-09-30T18:15:00+00:00,2.8341,2.8424,2.8301,2.8390,6492226.8
2025-09-30T18:30:00+00:00,2.8391,2.8409,2.8302,2.8334,6377436.7
2025-09-30T18:45:00+00:00,2.8335,2.8415,2.8332,2.8391,4222538.5
2025-09-30T19:00:00+00:00,2.8391,2.8470,2.8377,2.8444,5564684.5
2025-09-30T19:15:00+00:00,2.8444,2.8499,2.8425,2.8495,3869749.7
2025-09-30T19:30:00+00:00,2.8496,2.8605,2.8489,2.8603,6479923.9
2025-09-30T19:45:00+00:00,2.8603,2.8721,2.8602,2.8625,13012507.4
2025-09-30T20:00:00+00:00,2.8626,2.8658,2.8580,2.8595,5564762.2
2025-09-30T20:15:00+00:00,2.8595,2.8698,2.8574,2.8688,3824290.5
2025-09-30T20:30:00+00:00,2.8687,2.8699,2.8629,2.8632,1978821.3
2025-09-30T20:45:00+00:00,2.8631,2.8732,2.8622,2.8711,3118091.2
2025-09-30T21:00:00+00:00,2.8711,2.8785,2.8620,2.8632,5641827.2
2025-09-30T21:15:00+00:00,2.8633,2.8722,2.8611,2.8628,3968579.9
2025-09-30T21:30:00+00:00,2.8628,2.8638,2.8556,2.8565,4227184.8
2025-09-30T21:45:00+00:00,2.8566,2.8614,2.8503,2.8519,3210274.9
2025-09-30T22:00:00+00:00,2.8519,2.8630,2.8517,2.8590,4177183.3
2025-09-30T22:15:00+00:00,2.8589,2.8606,2.8507,2.8513,5154624.4
2025-09-30T22:30:00+00:00,2.8513,2.8533,2.8441,2.8472,4183599.4
2025-09-30T22:45:00+00:00,2.8471,2.8486,2.8375,2.8406,3115906.5
2025-09-30T23:00:00+00:00,2.8406,2.8406,2.8328,2.8382,3521049.0
2025-09-30T23:15:00+00:00,2.8381,2.8423,2.8364,2.8379,1911641.6
2025-09-30T23:30:00+00:00,2.8379,2.8428,2.8376,2.8422,2657871.9
2025-09-30T23:45:00+00:00,2.8423,2.8470,2.8403,2.8454,2794107.6
2025-10-01T00:00:00+00:00,2.8453,2.8506,2.8450,2.8468,2773650.7
2025-10-01T00:15:00+00:00,2.8468,2.8468,2.8368,2.8373,3269290.4
2025-10-01T00:30:00+00:00,2.8373,2.8388,2.8292,2.8306,4155047.2
2025-10-01T00:45:00+00:00,2.8305,2.8390,2.8268,2.8373,3597005.2
2025-10-01T01:00:00+00:00,2.8372,2.8444,2.8350,2.8432,2507968.9
2025-10-01T01:15:00+00:00,2.8431,2.8457,2.8357,2.8447,3480447.9
2025-10-01T01:30:00+00:00,2.8447,2.8498,2.8351,2.8475,2447526.5
2025-10-01T01:45:00+00:00,2.8476,2.8588,2.8458,2.8570,7198370.5
2025-10-01T02:00:00+00:00,2.8571,2.8575,2.8473,2.8478,4037064.8
2025-10-01T02:15:00+00:00,2.8479,2.8505,2.8463,2.8474,1318152.2
2025-10-01T02:30:00+00:00,2.8474,2.8477,2.8391,2.8398,2703496.8
2025-10-01T02:45:00+00:00,2.8397,2.8424,2.8390,2.8408,1393763.6
2025-10-01T03:00:00+00:00,2.8408,2.8415,2.8368,2.8375,1835885.1
2025-10-01T03:15:00+00:00,2.8375,2.8376,2.8238,2.8253,8060104.3
2025-10-01T03:30:00+00:00,2.8254,2.8288,2.8209,2.8214,2745297.6
2025-10-01T03:45:00+00:00,2.8213,2.8213,2.8126,2.8177,6136844.1
2025-10-01T04:00:00+00:00,2.8178,2.8362,2.8149,2.8285,7637063.0
2025-10-01T04:15:00+00:00,2.8285,2.8385,2.8282,2.8366,4514686.9
2025-10-01T04:30:00+00:00,2.8367,2.8443,2.8359,2.8383,5375750.0
2025-10-01T04:45:00+00:00,2.8383,2.8439,2.8326,2.8351,4666491.5
2025-10-01T05:00:00+00:00,2.8351,2.8533,2.8335,2.8486,5426522.7
2025-10-01T05:15:00+00:00,2.8486,2.8500,2.8392,2.8430,3114470.8
2025-10-01T05:30:00+00:00,2.8430,2.8500,2.8404,2.8444,2612160.0
2025-10-01T05:45:00+00:00,2.8443,2.8476,2.8425,2.8443,1540002.5
2025-10-01T06:00:00+00:00,2.8442,2.8484,2.8419,2.8430,2978015.9
2025-10-01T06:15:00+00:00,2.8430,2.8456,2.8333,2.8388,2784560.8
2025-10-01T06:30:00+00:00,2.8388,2.8446,2.8369,2.8409,2102935.0
2025-10-01T06:45:00+00:00,2.8410,2.8413,2.8295,2.8307,3572588.8
2025-10-01T07:00:00+00:00,2.8306,2.8383,2.8297,2.8375,2080897.2
2025-10-01T07:15:00+00:00,2.8375,2.8440,2.8372,2.8426,2190764.9
2025-10-01T07:30:00+00:00,2.8426,2.8563,2.8420,2.8535,8865826.8
2025-10-01T07:45:00+00:00,2.8536,2.8552,2.8501,2.8526,1615620.8
2025-10-01T08:00:00+00:00,2.8526,2.8626,2.8505,2.8607,4892133.4
2025-10-01T08:15:00+00:00,2.8608,2.8706,2.8576,2.8702,7815333.7
2025-10-01T08:30:00+00:00,2.8703,2.9048,2.8702,2.9034,19715983.7
2025-10-01T08:45:00+00:00,2.9033,2.9200,2.8995,2.9159,26638679.0
2025-10-01T09:00:00+00:00,2.9159,2.9189,2.9061,2.9133,11826960.1
2025-10-01T09:15:00+00:00,2.9132,2.9298,2.9130,2.9274,15089204.7
2025-10-01T09:30:00+00:00,2.9275,2.9404,2.9232,2.9400,14722302.3
2025-10-01T09:45:00+00:00,2.9400,2.9512,2.9373,2.9402,16796887.4
2025-10-01T10:00:00+00:00,2.9402,2.9410,2.9185,2.9197,15528887.5
2025-10-01T10:15:00+00:00,2.9197,2.9331,2.9189,2.9261,8546694.5
2025-10-01T10:30:00+00:00,2.9261,2.9311,2.9242,2.9311,3572591.5
2025-10-01T10:45:00+00:00,2.9312,2.9394,2.9258,2.9289,5735120.0
2025-10-01T11:00:00+00:00,2.9289,2.9385,2.9286,2.9364,4815194.9
2025-10-01T11:15:00+00:00,2.9364,2.9420,2.9343,2.9376,3285258.5
2025-10-01T11:30:00+00:00,2.9377,2.9424,2.9344,2.9393,4248642.1
2025-10-01T11:45:00+00:00,2.9392,2.9447,2.9378,2.9427,3876722.1
2025-10-01T12:00:00+00:00,2.9426,2.9438,2.9265,2.9315,8917925.4
2025-10-01T12:15:00+00:00,2.9316,2.9412,2.9262,2.9388,6275832.0
2025-10-01T12:30:00+00:00,2.9389,2.9427,2.9328,2.9381,5091966.0
2025-10-01T12:45:00+00:00,2.9381,2.9410,2.9314,2.9351,5022643.4
2025-10-01T13:00:00+00:00,2.9351,2.9526,2.9350,2.9459,10680503.2
2025-10-01T13:15:00+00:00,2.9460,2.9544,2.9409,2.9439,8545767.9
2025-10-01T13:30:00+00:00,2.9440,2.9489,2.9370,2.9416,7595763.1
2025-10-01T13:45:00+00:00,2.9415,2.9450,2.9320,2.9375,8387224.2
2025-10-01T14:00:00+00:00,2.9375,2.9455,2.9301,2.9450,9607722.5
2025-10-01T14:15:00+00:00,2.9451,2.9482,2.9409,2.9440,4467624.2
2025-10-01T14:30:00+00:00,2.9441,2.9570,2.9426,2.9501,8105051.2
2025-10-01T14:45:00+00:00,2.9500,2.9500,2.9347,2.9417,8853231.8
2025-10-01T15:00:00+00:00,2.9417,2.9450,2.9313,2.9348,5013205.7
2025-10-01T15:15:00+00:00,2.9349,2.9450,2.9348,2.9422,3542731.3
2025-10-01T15:30:00+00:00,2.9422,2.9443,2.9374,2.9428,3049851.1
2025-10-01T15:45:00+00:00,2.9427,2.9450,2.9343,2.9403,3256374.3
2025-10-01T16:00:00+00:00,2.9404,2.9434,2.9337,2.9402,6742742.4
2025-10-01T16:15:00+00:00,2.9403,2.9460,2.9357,2.9443,4249655.5
2025-10-01T16:30:00+00:00,2.9443,2.9484,2.9427,2.9443,4222772.9
2025-10-01T16:45:00+00:00,2.9444,2.9452,2.9333,2.9366,4544897.3
2025-10-01T17:00:00+00:00,2.9366,2.9433,2.9333,2.9338,4319833.8
2025-10-01T17:15:00+00:00,2.9337,2.9437,2.9335,2.9410,3066281.3
2025-10-01T17:30:00+00:00,2.9411,2.9421,2.9320,2.9347,2472999.4
2025-10-01T17:45:00+00:00,2.9347,2.9353,2.9188,2.9195,10303712.2
2025-10-01T18:00:00+00:00,2.9194,2.9289,2.9194,2.9279,3452749.8
2025-10-01T18:15:00+00:00,2.9278,2.9290,2.9257,2.9289,1781588.2
2025-10-01T18:30:00+00:00,2.9289,2.9416,2.9289,2.9361,4231694.3
2025-10-01T18:45:00+00:00,2.9362,2.9386,2.9325,2.9350,2927801.4
2025-10-01T19:00:00+00:00,2.9350,2.9419,2.9342,2.9417,3139709.0
2025-10-01T19:15:00+00:00,2.9417,2.9496,2.9416,2.9496,3604776.2
2025-10-01T19:30:00+00:00,2.9496,2.9544,2.9468,2.9501,5018973.5
2025-10-01T19:45:00+00:00,2.9500,2.9600,2.9500,2.9536,11083413.5
2025-10-01T20:00:00+00:00,2.9537,2.9544,2.9438,2.9455,6201408.6
2025-10-01T20:15:00+00:00,2.9455,2.9512,2.9392,2.9465,3933404.7
2025-10-01T20:30:00+00:00,2.9465,2.9465,2.9369,2.9409,2406681.3
2025-10-01T20:45:00+00:00,2.9408,2.9463,2.9386,2.9462,1777588.9
2025-10-01T21:00:00+00:00,2.9462,2.9465,2.9352,2.9369,2072145.1
2025-10-01T21:15:00+00:00,2.9369,2.9395,2.9275,2.9342,4748079.0
2025-10-01T21:30:00+00:00,2.9343,2.9345,2.9269,2.9292,1997586.9
2025-10-01T21:45:00+00:00,2.9292,2.9324,2.9252,2.9276,1238700.7
2025-10-01T22:00:00+00:00,2.9276,2.9389,2.9267,2.9326,3342986.6
2025-10-01T22:15:00+00:00,2.9325,2.9338,2.9270,2.9289,1633145.5
2025-10-01T22:30:00+00:00,2.9288,2.9310,2.9257,2.9308,1824545.2
2025-10-01T22:45:00+00:00,2.9308,2.9376,2.9267,2.9290,4182237.7
2025-10-01T23:00:00+00:00,2.9290,2.9359,2.9270,2.9320,2657869.8
2025-10-01T23:15:00+00:00,2.9320,2.9438,2.9317,2.9388,4777027.0
2025-10-01T23:30:00+00:00,2.9388,2.9443,2.9384,2.9429,1843681.1
2025-10-01T23:45:00+00:00,2.9429,2.9505,2.9408,2.9473,3423799.7
2025-10-02T00:00:00+00:00,2.9473,2.9614,2.9424,2.9591,13155659.2
2025-10-02T00:15:00+00:00,2.9590,2.9598,2.9504,2.9526,4853625.7
2025-10-02T00:30:00+00:00,2.9526,2.9528,2.9387,2.9402,4699681.6
2025-10-02T00:45:00+00:00,2.9402,2.9441,2.9397,2.9421,1715466.7
2025-10-02T01:00:00+00:00,2.9421,2.9581,2.9407,2.9559,4861637.9
2025-10-02T01:15:00+00:00,2.9558,2.9668,2.9508,2.9592,6411373.4
2025-10-02T01:30:00+00:00,2.9592,2.9689,2.9574,2.9668,3816234.8
2025-10-02T01:45:00+00:00,2.9668,2.9743,2.9650,2.9685,7317024.2
2025-10-02T02:00:00+00:00,2.9684,2.9730,2.9590,2.9667,6108924.7
2025-10-02T02:15:00+00:00,2.9666,2.9688,2.9601,2.9653,3137180.8
2025-10-02T02:30:00+00:00,2.9654,2.9794,2.9635,2.9772,5833334.5
2025-10-02T02:45:00+00:00,2.9771,2.9800,2.9694,2.9749,5704826.1
2025-10-02T03:00:00+00:00,2.9749,2.9800,2.9744,2.9762,4001413.3
2025-10-02T03:15:00+00:00,2.9762,2.9819,2.9736,2.9816,6312200.9
2025-10-02T03:30:00+00:00,2.9815,2.9863,2.9771,2.9779,6000748.7
2025-10-02T03:45:00+00:00,2.9779,2.9779,2.9651,2.9710,6067060.7
2025-10-02T04:00:00+00:00,2.9709,2.9784,2.9659,2.9750,3554195.7
2025-10-02T04:15:00+00:00,2.9750,2.9753,2.9553,2.9561,6288986.2
2025-10-02T04:30:00+00:00,2.9561,2.9608,2.9526,2.9600,4973200.7
2025-10-02T04:45:00+00:00,2.9600,2.9666,2.9587,2.9661,2583224.0
2025-10-02T05:00:00+00:00,2.9662,2.9670,2.9595,2.9595,1777165.1
2025-10-02T05:15:00+00:00,2.9595,2.9798,2.9566,2.9741,6245321.0
2025-10-02T05:30:00+00:00,2.9741,2.9781,2.9618,2.9654,10014485.4
2025-10-02T05:45:00+00:00,2.9654,2.9659,2.9604,2.9635,2002711.0
2025-10-02T06:00:00+00:00,2.9635,2.9653,2.9613,2.9639,2193588.7
2025-10-02T06:15:00+00:00,2.9640,2.9710,2.9633,2.9677,1940844.3
2025-10-02T06:30:00+00:00,2.9677,2.9815,2.9667,2.9770,8411434.7
2025-10-02T06:45:00+00:00,2.9771,2.9795,2.9751,2.9782,2532501.7
2025-10-02T07:00:00+00:00,2.9783,2.9813,2.9749,2.9789,3152930.4
2025-10-02T07:15:00+00:00,2.9789,2.9840,2.9728,2.9775,2743449.7
2025-10-02T07:30:00+00:00,2.9776,2.9799,2.9705,2.9711,2866383.1
2025-10-02T07:45:00+00:00,2.9710,2.9730,2.9640,2.9679,2822072.6
2025-10-02T08:00:00+00:00,2.9679,2.9725,2.9656,2.9657,2535468.8
2025-10-02T08:15:00+00:00,2.9658,2.9742,2.9650,2.9741,2143746.8
2025-10-02T08:30:00+00:00,2.9741,2.9885,2.9717,2.9865,7562654.9
2025-10-02T08:45:00+00:00,2.9865,2.9896,2.9817,2.9876,3538120.9
2025-10-02T09:00:00+00:00,2.9877,2.9877,2.9803,2.9823,3864060.0
2025-10-02T09:15:00+00:00,2.9822,2.9907,2.9815,2.9854,5706375.1
2025-10-02T09:30:00+00:00,2.9854,2.9856,2.9741,2.9775,4939286.7
2025-10-02T09:45:00+00:00,2.9775,2.9830,2.9758,2.9821,2689834.8
2025-10-02T10:00:00+00:00,2.9821,2.9849,2.9777,2.9833,2576537.8
2025-10-02T10:15:00+00:00,2.9833,2.9858,2.9774,2.9784,2259999.4
2025-10-02T10:30:00+00:00,2.9785,2.9900,2.9772,2.9889,3916684.7
2025-10-02T10:45:00+00:00,2.9889,2.9927,2.9850,2.9875,3364124.8
2025-10-02T11:00:00+00:00,2.9874,2.9953,2.9862,2.9913,6705041.8
2025-10-02T11:15:00+00:00,2.9912,2.9916,2.9816,2.9839,3668550.1
2025-10-02T11:30:00+00:00,2.9838,2.9847,2.9812,2.9831,2757028.9
2025-10-02T11:45:00+00:00,2.9831,2.9877,2.9671,2.9701,9258858.7
2025-10-02T12:00:00+00:00,2.9701,2.9785,2.9665,2.9781,5691469.5
2025-10-02T12:15:00+00:00,2.9782,2.9810,2.9758,2.9796,3253861.6
2025-10-02T12:30:00+00:00,2.9797,2.9863,2.9741,2.9816,3841120.6
2025-10-02T12:45:00+00:00,2.9817,2.9859,2.9785,2.9850,4444584.8
2025-10-02T13:00:00+00:00,2.9850,2.9858,2.9754,2.9765,3820651.7
2025-10-02T13:15:00+00:00,2.9765,2.9771,2.9612,2.9748,9536069.7
2025-10-02T13:30:00+00:00,2.9747,2.9788,2.9665,2.9735,6593423.7
2025-10-02T13:45:00+00:00,2.9736,2.9880,2.9711,2.9845,13384682.4
2025-10-02T14:00:00+00:00,2.9845,2.9930,2.9670,2.9696,9534419.0
2025-10-02T14:15:00+00:00,2.9696,2.9805,2.9667,2.9792,6109630.5
2025-10-02T14:30:00+00:00,2.9792,2.9821,2.9603,2.9632,5758109.5
2025-10-02T14:45:00+00:00,2.9632,2.9663,2.9450,2.9565,19897386.8
2025-10-02T15:00:00+00:00,2.9564,2.9727,2.9450,2.9703,14107077.6
2025-10-02T15:15:00+00:00,2.9703,2.9779,2.9661,2.9739,6733286.7
2025-10-02T15:30:00+00:00,2.9739,2.9775,2.9592,2.9748,10025542.3
2025-10-02T15:45:00+00:00,2.9747,2.9920,2.9743,2.9908,8816975.2
2025-10-02T16:00:00+00:00,2.9908,3.0311,2.9859,3.0280,32286007.3
2025-10-02T16:15:00+00:00,3.0281,3.0312,3.0136,3.0253,14960577.0
2025-10-02T16:30:00+00:00,3.0253,3.0377,3.0145,3.0189,15401688.1
2025-10-02T16:45:00+00:00,3.0189,3.0575,3.0173,3.0438,24380653.3
2025-10-02T17:00:00+00:00,3.0439,3.0550,3.0375,3.0528,11178297.5
2025-10-02T17:15:00+00:00,3.0529,3.0544,3.0302,3.0386,7719254.1
2025-10-02T17:30:00+00:00,3.0387,3.0430,3.0303,3.0393,5068557.0
2025-10-02T17:45:00+00:00,3.0394,3.0487,3.0331,3.0339,5330532.6
2025-10-02T18:00:00+00:00,3.0339,3.0475,3.0338,3.0428,6795005.9
2025-10-02T18:15:00+00:00,3.0428,3.0488,3.0405,3.0474,4609806.3
2025-10-02T18:30:00+00:00,3.0474,3.0543,3.0420,3.0470,5884382.3
2025-10-02T18:45:00+00:00,3.0470,3.0629,3.0456,3.0607,9818004.8
2025-10-02T19:00:00+00:00,3.0607,3.0758,3.0572,3.0726,10246216.4
2025-10-02T19:15:00+00:00,3.0727,3.0766,3.0665,3.0748,8038104.5
2025-10-02T19:30:00+00:00,3.0748,3.0921,3.0741,3.0901,10835240.3
2025-10-02T19:45:00+00:00,3.0902,3.0990,3.0842,3.0894,17666590.5
2025-10-02T20:00:00+00:00,3.0895,3.0900,3.0622,3.0634,19149046.8
2025-10-02T20:15:00+00:00,3.0634,3.0763,3.0615,3.0673,6031304.5
2025-10-02T20:30:00+00:00,3.0673,3.0683,3.0512,3.0633,8230245.9
2025-10-02T20:45:00+00:00,3.0633,3.0674,3.0539,3.0577,4253703.8
2025-10-02T21:00:00+00:00,3.0577,3.0652,3.0548,3.0612,4733555.0
2025-10-02T21:15:00+00:00,3.0612,3.0626,3.0354,3.0413,7739577.9
2025-10-02T21:30:00+00:00,3.0413,3.0436,3.0359,3.0436,6032165.1
2025-10-02T21:45:00+00:00,3.0435,3.0498,3.0388,3.0390,3755578.5
2025-10-02T22:00:00+00:00,3.0389,3.0474,3.0371,3.0417,4607831.5
2025-10-02T22:15:00+00:00,3.0416,3.0424,3.0248,3.0397,15065666.3
2025-10-02T22:30:00+00:00,3.0398,3.0456,3.0348,3.0371,4168334.6
2025-10-02T22:45:00+00:00,3.0372,3.0403,3.0300,3.0312,4523843.3
2025-10-02T23:00:00+00:00,3.0312,3.0393,3.0301,3.0361,5647977.2
2025-10-02T23:15:00+00:00,3.0361,3.0372,3.0250,3.0304,5396916.4
2025-10-02T23:30:00+00:00,3.0305,3.0380,3.0289,3.0328,3832369.0
2025-10-02T23:45:00+00:00,3.0328,3.0406,3.0287,3.0375,4500415.2
2025-10-03T00:00:00+00:00,3.0376,3.0381,3.0122,3.0196,12251294.8
2025-10-03T00:15:00+00:00,3.0195,3.0326,3.0179,3.0297,9264504.8
2025-10-03T00:30:00+00:00,3.0297,3.0309,3.0158,3.0164,4593391.4
2025-10-03T00:45:00+00:00,3.0163,3.0239,3.0142,3.0188,3726583.6
2025-10-03T01:00:00+00:00,3.0187,3.0249,3.0155,3.0177,4378747.0
2025-10-03T01:15:00+00:00,3.0177,3.0214,3.0040,3.0076,9824348.4
2025-10-03T01:30:00+00:00,3.0075,3.0156,3.0046,3.0109,4952828.5
2025-10-03T01:45:00+00:00,3.0108,3.0164,3.0036,3.0055,4562145.1
2025-10-03T02:00:00+00:00,3.0055,3.0192,3.0032,3.0185,4512809.7
2025-10-03T02:15:00+00:00,3.0184,3.0203,3.0083,3.0093,3250377.4
2025-10-03T02:30:00+00:00,3.0092,3.0198,3.0072,3.0146,3656240.7
2025-10-03T02:45:00+00:00,3.0145,3.0245,3.0112,3.0211,4382629.3
2025-10-03T03:00:00+00:00,3.0210,3.0304,3.0185,3.0258,7721267.1
2025-10-03T03:15:00+00:00,3.0258,3.0379,3.0252,3.0294,6724698.9
2025-10-03T03:30:00+00:00,3.0295,3.0329,3.0260,3.0275,3616681.2
2025-10-03T03:45:00+00:00,3.0274,3.0289,3.0173,3.0194,4043135.4
2025-10-03T04:00:00+00:00,3.0194,3.0253,3.0152,3.0253,3764103.1
2025-10-03T04:15:00+00:00,3.0253,3.0309,3.0236,3.0246,2298990.2
2025-10-03T04:30:00+00:00,3.0245,3.0246,3.0172,3.0244,3240777.8
2025-10-03T04:45:00+00:00,3.0245,3.0291,3.0222,3.0281,2473210.3
2025-10-03T05:00:00+00:00,3.0282,3.0297,3.0200,3.0220,2736387.6
2025-10-03T05:15:00+00:00,3.0221,3.0234,3.0181,3.0205,2395184.0
2025-10-03T05:30:00+00:00,3.0205,3.0219,3.0128,3.0145,2636467.7
2025-10-03T05:45:00+00:00,3.0144,3.0213,3.0129,3.0198,4109946.9
2025-10-03T06:00:00+00:00,3.0197,3.0273,3.0161,3.0242,3449598.8
2025-10-03T06:15:00+00:00,3.0242,3.0272,3.0223,3.0257,1953721.0
2025-10-03T06:30:00+00:00,3.0257,3.0343,3.0250,3.0305,2988432.9
2025-10-03T06:45:00+00:00,3.0305,3.0305,3.0116,3.0221,7765817.2
2025-10-03T07:00:00+00:00,3.0221,3.0264,3.0175,3.0246,3347907.8
2025-10-03T07:15:00+00:00,3.0246,3.0322,3.0187,3.0199,5957230.1
2025-10-03T07:30:00+00:00,3.0198,3.0297,3.0181,3.0236,4835855.1
2025-10-03T07:45:00+00:00,3.0236,3.0332,3.0215,3.0329,4942570.0
2025-10-03T08:00:00+00:00,3.0329,3.0426,3.0292,3.0338,7172781.3
2025-10-03T08:15:00+00:00,3.0338,3.0495,3.0213,3.0405,10898907.5
2025-10-03T08:30:00+00:00,3.0405,3.0536,3.0378,3.0532,7362005.1
2025-10-03T08:45:00+00:00,3.0532,3.0572,3.0459,3.0515,7319480.8
2025-10-03T09:00:00+00:00,3.0514,3.0530,3.0412,3.0426,5016018.2
2025-10-03T09:15:00+00:00,3.0426,3.0480,3.0384,3.0452,4179786.7
2025-10-03T09:30:00+00:00,3.0452,3.0473,3.0340,3.0368,3433926.7
2025-10-03T09:45:00+00:00,3.0368,3.0400,3.0367,3.0391,2337390.4
2025-10-03T10:00:00+00:00,3.0392,3.0487,3.0387,3.0411,4395637.8
2025-10-03T10:15:00+00:00,3.0411,3.0447,3.0385,3.0414,3284906.8
2025-10-03T10:30:00+00:00,3.0413,3.0469,3.0373,3.0413,8784985.0
2025-10-03T10:45:00+00:00,3.0413,3.0450,3.0395,3.0436,3019551.4
2025-10-03T11:00:00+00:00,3.0437,3.0465,3.0328,3.0364,4514853.9
2025-10-03T11:15:00+00:00,3.0363,3.0384,3.0283,3.0367,3384403.6
2025-10-03T11:30:00+00:00,3.0367,3.0407,3.0309,3.0395,2443670.5
2025-10-03T11:45:00+00:00,3.0396,3.0418,3.0355,3.0365,2384149.9
2025-10-03T12:00:00+00:00,3.0366,3.0392,3.0306,3.0362,3274638.3
2025-10-03T12:15:00+00:00,3.0362,3.0394,3.0309,3.0335,3224084.2
2025-10-03T12:30:00+00:00,3.0335,3.0378,3.0237,3.0243,4142153.8
2025-10-03T12:45:00+00:00,3.0242,3.0258,3.0201,3.0212,4470092.9
2025-10-03T13:00:00+00:00,3.0211,3.0212,3.0075,3.0145,9428212.7
2025-10-03T13:15:00+00:00,3.0145,3.0264,3.0138,3.0244,5673332.4
2025-10-03T13:30:00+00:00,3.0245,3.0311,3.0132,3.0193,7947827.5
2025-10-03T13:45:00+00:00,3.0192,3.0285,3.0180,3.0240,4654166.7
2025-10-03T14:00:00+00:00,3.0240,3.0290,3.0152,3.0203,6872292.0
2025-10-03T14:15:00+00:00,3.0203,3.0299,3.0062,3.0280,9469988.7
2025-10-03T14:30:00+00:00,3.0279,3.0366,3.0230,3.0324,5057199.1
2025-10-03T14:45:00+00:00,3.0324,3.0466,3.0324,3.0416,5881012.8
2025-10-03T15:00:00+00:00,3.0416,3.0417,3.0244,3.0349,5304760.9
2025-10-03T15:15:00+00:00,3.0349,3.0512,3.0348,3.0397,7128025.3
2025-10-03T15:30:00+00:00,3.0396,3.0540,3.0396,3.0537,6394594.6
2025-10-03T15:45:00+00:00,3.0537,3.0721,3.0485,3.0676,14347295.4
2025-10-03T16:00:00+00:00,3.0676,3.0873,3.0676,3.0787,21157973.9
2025-10-03T16:15:00+00:00,3.0787,3.0912,3.0745,3.0860,11524939.7
2025-10-03T16:30:00+00:00,3.0860,3.0935,3.0800,3.0935,9703348.4
2025-10-03T16:45:00+00:00,3.0935,3.0950,3.0584,3.0616,20413515.3
2025-10-03T17:00:00+00:00,3.0615,3.0615,3.0111,3.0567,45397014.1
2025-10-03T17:15:00+00:00,3.0568,3.0569,3.0352,3.0389,15799353.0
2025-10-03T17:30:00+00:00,3.0388,3.0544,3.0331,3.0435,9890409.3
2025-10-03T17:45:00+00:00,3.0436,3.0446,3.0209,3.0277,13358818.0
2025-10-03T18:00:00+00:00,3.0277,3.0363,3.0188,3.0350,7928167.7
2025-10-03T18:15:00+00:00,3.0349,3.0485,3.0325,3.0471,4733452.6
2025-10-03T18:30:00+00:00,3.0472,3.0506,3.0400,3.0404,4478850.0
2025-10-03T18:45:00+00:00,3.0404,3.0481,3.0365,3.0451,4121370.9
2025-10-03T19:00:00+00:00,3.0451,3.0470,3.0357,3.0403,5834989.0
2025-10-03T19:15:00+00:00,3.0403,3.0537,3.0403,3.0487,6192847.7
2025-10-03T19:30:00+00:00,3.0487,3.0516,3.0401,3.0404,3657584.9
2025-10-03T19:45:00+00:00,3.0404,3.0408,3.0308,3.0338,5476658.0
2025-10-03T20:00:00+00:00,3.0338,3.0349,3.0200,3.0228,5952785.9
2025-10-03T20:15:00+00:00,3.0228,3.0314,3.0205,3.0284,2797729.0
2025-10-03T20:30:00+00:00,3.0285,3.0381,3.0278,3.0381,2420136.8
2025-10-03T20:45:00+00:00,3.0381,3.0394,3.0320,3.0368,2747076.7
2025-10-03T21:00:00+00:00,3.0367,3.0545,3.0362,3.0545,5160572.3
2025-10-03T21:15:00+00:00,3.0545,3.0550,3.0441,3.0485,3122980.8
2025-10-03T21:30:00+00:00,3.0485,3.0508,3.0462,3.0481,2659711.7
2025-10-03T21:45:00+00:00,3.0481,3.0495,3.0414,3.0455,1795144.8
2025-10-03T22:00:00+00:00,3.0455,3.0512,3.0450,3.0464,2390591.0
2025-10-03T22:15:00+00:00,3.0463,3.0522,3.0445,3.0522,1779897.3
2025-10-03T22:30:00+00:00,3.0523,3.0530,3.0466,3.0470,2091535.2
2025-10-03T22:45:00+00:00,3.0471,3.0542,3.0450,3.0468,2508196.0
2025-10-03T23:00:00+00:00,3.0467,3.0499,3.0417,3.0434,1951505.1
2025-10-03T23:15:00+00:00,3.0435,3.0489,3.0422,3.0423,1875859.0
2025-10-03T23:30:00+00:00,3.0422,3.0467,3.0387,3.0429,1951421.5
2025-10-03T23:45:00+00:00,3.0429,3.0435,3.0358,3.0395,1988332.9
2025-10-04T00:00:00+00:00,3.0394,3.0468,3.0385,3.0426,2934070.6
2025-10-04T00:15:00+00:00,3.0426,3.0457,3.0376,3.0391,1835341.4
2025-10-04T00:30:00+00:00,3.0390,3.0518,3.0389,3.0457,3162602.8
2025-10-04T00:45:00+00:00,3.0457,3.0466,3.0395,3.0428,2622341.1
2025-10-04T01:00:00+00:00,3.0427,3.0448,3.0331,3.0358,3741225.2
2025-10-04T01:15:00+00:00,3.0358,3.0364,3.0286,3.0294,3032064.5
2025-10-04T01:30:00+00:00,3.0295,3.0328,3.0237,3.0267,3024760.8
2025-10-04T01:45:00+00:00,3.0266,3.0274,3.0191,3.0230,3332677.7
2025-10-04T02:00:00+00:00,3.0230,3.0327,3.0178,3.0198,4292414.7
2025-10-04T02:15:00+00:00,3.0198,3.0229,3.0155,3.0224,3089505.2
2025-10-04T02:30:00+00:00,3.0225,3.0242,3.0191,3.0226,2054584.2
2025-10-04T02:45:00+00:00,3.0226,3.0232,3.0190,3.0197,1709717.3
2025-10-04T03:00:00+00:00,3.0197,3.0207,3.0070,3.0099,5088918.5
2025-10-04T03:15:00+00:00,3.0098,3.0171,3.0081,3.0136,3388100.3
2025-10-04T03:30:00+00:00,3.0136,3.0198,3.0122,3.0192,1730787.0
2025-10-04T03:45:00+00:00,3.0192,3.0235,3.0175,3.0224,1937080.5
2025-10-04T04:00:00+00:00,3.0224,3.0276,3.0193,3.0207,2873446.1
2025-10-04T04:15:00+00:00,3.0208,3.0212,3.0161,3.0161,2259942.8
2025-10-04T04:30:00+00:00,3.0162,3.0190,3.0133,3.0167,1890864.2
2025-10-04T04:45:00+00:00,3.0166,3.0194,3.0157,3.0166,1332598.8
2025-10-04T05:00:00+00:00,3.0167,3.0237,3.0154,3.0233,2496002.7
2025-10-04T05:15:00+00:00,3.0233,3.0281,3.0217,3.0229,2625774.1
2025-10-04T05:30:00+00:00,3.0229,3.0250,3.0175,3.0179,2618177.7
2025-10-04T05:45:00+00:00,3.0179,3.0237,3.0164,3.0228,1703957.2
2025-10-04T06:00:00+00:00,3.0228,3.0262,3.0216,3.0239,2759044.5
2025-10-04T06:15:00+00:00,3.0239,3.0297,3.0236,3.0251,2626525.5
2025-10-04T06:30:00+00:00,3.0251,3.0290,3.0242,3.0245,1827348.0
2025-10-04T06:45:00+00:00,3.0246,3.0281,3.0227,3.0256,1663125.4
2025-10-04T07:00:00+00:00,3.0256,3.0304,3.0236,3.0280,1735880.0
2025-10-04T07:15:00+00:00,3.0280,3.0295,3.0258,3.0266,1587438.1
2025-10-04T07:30:00+00:00,3.0266,3.0285,3.0210,3.0222,1549275.5
2025-10-04T07:45:00+00:00,3.0222,3.0238,3.0161,3.0168,3998532.8
2025-10-04T08:00:00+00:00,3.0169,3.0211,3.0158,3.0159,2595710.4
2025-10-04T08:15:00+00:00,3.0158,3.0159,3.0052,3.0065,8133445.2
2025-10-04T08:30:00+00:00,3.0064,3.0100,2.9926,2.9982,13586231.7
2025-10-04T08:45:00+00:00,2.9981,3.0015,2.9951,2.9994,6572170.8
2025-10-04T09:00:00+00:00,2.9994,3.0064,2.9970,3.0053,3670482.3
2025-10-04T09:15:00+00:00,3.0053,3.0065,3.0032,3.0046,1406360.7
2025-10-04T09:30:00+00:00,3.0046,3.0048,2.9992,3.0040,2256803.0
2025-10-04T09:45:00+00:00,3.0040,3.0044,2.9942,2.9956,3175939.9
2025-10-04T10:00:00+00:00,2.9955,3.0030,2.9944,2.9997,3239107.7
2025-10-04T10:15:00+00:00,2.9997,3.0044,2.9979,3.0032,2333515.8
2025-10-04T10:30:00+00:00,3.0032,3.0036,2.9824,2.9883,8654363.5
2025-10-04T10:45:00+00:00,2.9882,2.9910,2.9814,2.9863,7867816.8
2025-10-04T11:00:00+00:00,2.9863,2.9905,2.9841,2.9852,3784761.1
2025-10-04T11:15:00+00:00,2.9852,2.9900,2.9819,2.9892,4200674.6
2025-10-04T11:30:00+00:00,2.9892,2.9917,2.9836,2.9887,2616044.8
2025-10-04T11:45:00+00:00,2.9887,2.9930,2.9881,2.9897,2316904.5
2025-10-04T12:00:00+00:00,2.9897,2.9944,2.9859,2.9923,4555495.2
2025-10-04T12:15:00+00:00,2.9923,2.9924,2.9874,2.9884,2662094.9
2025-10-04T12:30:00+00:00,2.9883,2.9938,2.9871,2.9894,1935859.6
2025-10-04T12:45:00+00:00,2.9893,2.9894,2.9814,2.9829,4323499.2
2025-10-04T13:00:00+00:00,2.9829,3.0019,2.9826,2.9977,8607593.8
2025-10-04T13:15:00+00:00,2.9978,3.0056,2.9940,2.9948,4767339.6
2025-10-04T13:30:00+00:00,2.9948,3.0031,2.9948,2.9987,3581575.7
2025-10-04T13:45:00+00:00,2.9987,3.0002,2.9912,2.9917,2719976.2
2025-10-04T14:00:00+00:00,2.9917,2.9980,2.9876,2.9963,5838407.8
2025-10-04T14:15:00+00:00,2.9962,2.9963,2.9831,2.9847,3336556.8
2025-10-04T14:30:00+00:00,2.9847,2.9857,2.9780,2.9800,5875996.1
2025-10-04T14:45:00+00:00,2.9800,2.9801,2.9650,2.9662,11252089.4
2025-10-04T15:00:00+00:00,2.9662,2.9724,2.9587,2.9610,9316332.1
2025-10-04T15:15:00+00:00,2.9611,2.9616,2.9400,2.9428,20966339.5
2025-10-04T15:30:00+00:00,2.9430,2.9514,2.9403,2.9497,9435868.2
2025-10-04T15:45:00+00:00,2.9497,2.9611,2.9471,2.9489,14275407.2
2025-10-04T16:00:00+00:00,2.9490,2.9542,2.9417,2.9451,5732434.2
2025-10-04T16:15:00+00:00,2.9452,2.9477,2.9379,2.9472,7208542.5
2025-10-04T16:30:00+00:00,2.9472,2.9533,2.9469,2.9506,5017789.7
2025-10-04T16:45:00+00:00,2.9507,2.9516,2.9437,2.9455,3113568.7
2025-10-04T17:00:00+00:00,2.9455,2.9541,2.9428,2.9488,3818481.6
2025-10-04T17:15:00+00:00,2.9488,2.9566,2.9475,2.9547,2152614.6
2025-10-04T17:30:00+00:00,2.9547,2.9556,2.9412,2.9436,3220855.7
2025-10-04T17:45:00+00:00,2.9436,2.9485,2.9416,2.9478,1561191.9
2025-10-04T18:00:00+00:00,2.9477,2.9484,2.9433,2.9441,2277820.5
2025-10-04T18:15:00+00:00,2.9441,2.9448,2.9404,2.9434,1952578.2
2025-10-04T18:30:00+00:00,2.9433,2.9444,2.9396,2.9439,2572675.7
2025-10-04T18:45:00+00:00,2.9438,2.9442,2.9403,2.9430,1491373.9
2025-10-04T19:00:00+00:00,2.9431,2.9481,2.9415,2.9468,2286582.4
2025-10-04T19:15:00+00:00,2.9467,2.9517,2.9456,2.9477,2112324.7
2025-10-04T19:30:00+00:00,2.9478,2.9481,2.9424,2.9425,2109629.5
2025-10-04T19:45:00+00:00,2.9426,2.9496,2.9420,2.9495,1236395.6
2025-10-04T20:00:00+00:00,2.9496,2.9500,2.9458,2.9483,1809693.1
2025-10-04T20:15:00+00:00,2.9482,2.9512,2.9476,2.9501,1849901.7
2025-10-04T20:30:00+00:00,2.9500,2.9544,2.9475,2.9543,2749569.4
2025-10-04T20:45:00+00:00,2.9544,2.9571,2.9459,2.9459,3403362.2
2025-10-04T21:00:00+00:00,2.9460,2.9541,2.9448,2.9515,3048187.4
2025-10-04T21:15:00+00:00,2.9515,2.9635,2.9512,2.9629,3788702.6
2025-10-04T21:30:00+00:00,2.9629,2.9640,2.9618,2.9639,2285242.7
2025-10-04T21:45:00+00:00,2.9640,2.9640,2.9583,2.9606,1163031.4
2025-10-04T22:00:00+00:00,2.9606,2.9664,2.9572,2.9581,4428025.6
2025-10-04T22:15:00+00:00,2.9581,2.9607,2.9530,2.9606,2339277.4
2025-10-04T22:30:00+00:00,2.9606,2.9694,2.9606,2.9691,2207628.6
2025-10-04T22:45:00+00:00,2.9692,2.9706,2.9675,2.9680,1850581.2
2025-10-04T23:00:00+00:00,2.9680,2.9684,2.9622,2.9624,1422156.4
2025-10-04T23:15:00+00:00,2.9624,2.9660,2.9617,2.9660,944723.7
2025-10-04T23:30:00+00:00,2.9659,2.9710,2.9655,2.9705,1978117.4
2025-10-04T23:45:00+00:00,2.9705,2.9719,2.9663,2.9675,1767397.1
2025-10-05T00:00:00+00:00,2.9675,2.9682,2.9607,2.9620,2969440.2
2025-10-05T00:15:00+00:00,2.9620,2.9736,2.9610,2.9730,2373851.6
2025-10-05T00:30:00+00:00,2.9730,2.9734,2.9592,2.9597,2333024.4
2025-10-05T00:45:00+00:00,2.9597,2.9607,2.9550,2.9563,2380500.2
2025-10-05T01:00:00+00:00,2.9563,2.9692,2.9559,2.9652,2225247.6
2025-10-05T01:15:00+00:00,2.9652,2.9664,2.9583,2.9604,1765675.3
2025-10-05T01:30:00+00:00,2.9604,2.9656,2.9600,2.9645,1315129.5
2025-10-05T01:45:00+00:00,2.9645,2.9672,2.9622,2.9636,1421217.8
2025-10-05T02:00:00+00:00,2.9635,2.9649,2.9599,2.9630,955936.6
2025-10-05T02:15:00+00:00,2.9631,2.9724,2.9619,2.9721,2493983.1
2025-10-05T02:30:00+00:00,2.9722,3.0020,2.9721,2.9903,22109934.3
2025-10-05T02:45:00+00:00,2.9902,3.0060,2.9902,3.0041,6646593.6
2025-10-05T03:00:00+00:00,3.0040,3.0178,3.0018,3.0066,9840385.7
2025-10-05T03:15:00+00:00,3.0067,3.0142,3.0016,3.0134,6145229.0
2025-10-05T03:30:00+00:00,3.0135,3.0256,3.0129,3.0229,8915956.5
2025-10-05T03:45:00+00:00,3.0228,3.0250,3.0046,3.0066,4795513.1
2025-10-05T04:00:00+00:00,3.0067,3.0162,3.0039,3.0101,4701892.5
2025-10-05T04:15:00+00:00,3.0101,3.0160,3.0066,3.0112,2815173.2
2025-10-05T04:30:00+00:00,3.0112,3.0174,3.0072,3.0149,3313305.1
2025-10-05T04:45:00+00:00,3.0150,3.0437,3.0142,3.0335,20606334.9
2025-10-05T05:00:00+00:00,3.0335,3.0419,3.0252,3.0334,7160464.6
2025-10-05T05:15:00+00:00,3.0334,3.0365,3.0269,3.0361,4675701.2
2025-10-05T05:30:00+00:00,3.0361,3.0381,3.0285,3.0305,3324060.4
2025-10-05T05:45:00+00:00,3.0305,3.0359,3.0259,3.0354,3336361.1
2025-10-05T06:00:00+00:00,3.0354,3.0383,3.0306,3.0367,3749105.7
2025-10-05T06:15:00+00:00,3.0366,3.0376,3.0258,3.0366,3771803.2
2025-10-05T06:30:00+00:00,3.0367,3.0393,3.0291,3.0373,3155080.9
2025-10-05T06:45:00+00:00,3.0373,3.0394,3.0320,3.0337,2451329.0
2025-10-05T07:00:00+00:00,3.0337,3.0471,3.0324,3.0457,7538258.8
2025-10-05T07:15:00+00:00,3.0457,3.0572,3.0456,3.0485,9676758.9
2025-10-05T07:30:00+00:00,3.0485,3.0524,3.0454,3.0517,3824225.6
2025-10-05T07:45:00+00:00,3.0517,3.0674,3.0517,3.0633,6977001.9
2025-10-05T08:00:00+00:00,3.0633,3.0724,3.0544,3.0544,9637006.9
2025-10-05T08:15:00+00:00,3.0544,3.0648,3.0510,3.0585,6773486.5
2025-10-05T08:30:00+00:00,3.0585,3.0585,3.0473,3.0534,5089596.9
2025-10-05T08:45:00+00:00,3.0533,3.0541,3.0463,3.0473,4988788.2
2025-10-05T09:00:00+00:00,3.0473,3.0521,3.0432,3.0470,4644707.1
2025-10-05T09:15:00+00:00,3.0470,3.0493,3.0355,3.0402,6647558.9
2025-10-05T09:30:00+00:00,3.0403,3.0464,3.0224,3.0264,21826967.0
2025-10-05T09:45:00+00:00,3.0265,3.0328,3.0164,3.0241,9070122.6
2025-10-05T10:00:00+00:00,3.0241,3.0251,3.0011,3.0120,17285661.7
2025-10-05T10:15:00+00:00,3.0120,3.0208,3.0102,3.0146,6558694.6
2025-10-05T10:30:00+00:00,3.0146,3.0155,3.0059,3.0151,4209061.5
2025-10-05T10:45:00+00:00,3.0151,3.0206,3.0151,3.0154,3202481.0
2025-10-05T11:00:00+00:00,3.0153,3.0196,3.0066,3.0090,4814841.2
2025-10-05T11:15:00+00:00,3.0091,3.0187,3.0059,3.0163,3307151.6
2025-10-05T11:30:00+00:00,3.0164,3.0192,3.0122,3.0186,2240566.6
2025-10-05T11:45:00+00:00,3.0187,3.0230,3.0186,3.0215,3314757.2
2025-10-05T12:00:00+00:00,3.0216,3.0216,3.0049,3.0114,5316117.9
2025-10-05T12:15:00+00:00,3.0115,3.0200,3.0092,3.0108,2876732.9
2025-10-05T12:30:00+00:00,3.0108,3.0157,3.0060,3.0070,3092405.3
2025-10-05T12:45:00+00:00,3.0070,3.0139,3.0054,3.0063,1613438.4
2025-10-05T13:00:00+00:00,3.0063,3.0119,3.0050,3.0083,2479717.9
2025-10-05T13:15:00+00:00,3.0083,3.0094,2.9952,3.0059,6315468.0
2025-10-05T13:30:00+00:00,3.0059,3.0135,3.0007,3.0085,3372864.6
2025-10-05T13:45:00+00:00,3.0086,3.0119,3.0022,3.0045,2117255.3
2025-10-05T14:00:00+00:00,3.0044,3.0099,3.0033,3.0080,2367285.6
2025-10-05T14:15:00+00:00,3.0081,3.0081,3.0010,3.0024,3489884.1
2025-10-05T14:30:00+00:00,3.0025,3.0040,2.9883,2.9932,7797792.2
2025-10-05T14:45:00+00:00,2.9932,2.9956,2.9850,2.9948,6502666.0
2025-10-05T15:00:00+00:00,2.9948,2.9989,2.9925,2.9988,3315784.8
2025-10-05T15:15:00+00:00,2.9989,3.0070,2.9988,3.0056,2676160.4
2025-10-05T15:30:00+00:00,3.0055,3.0055,2.9987,3.0026,3077259.3
2025-10-05T15:45:00+00:00,3.0027,3.0155,3.0026,3.0123,4951841.6
2025-10-05T16:00:00+00:00,3.0123,3.0147,3.0073,3.0109,3201144.7
2025-10-05T16:15:00+00:00,3.0110,3.0126,3.0021,3.0028,2873834.0
2025-10-05T16:30:00+00:00,3.0028,3.0057,2.9960,2.9974,3756401.7
2025-10-05T16:45:00+00:00,2.9974,3.0037,2.9811,3.0016,12702210.0
2025-10-05T17:00:00+00:00,3.0016,3.0076,2.9951,2.9998,5341983.1
2025-10-05T17:15:00+00:00,2.9999,3.0053,2.9983,3.0014,2442208.9
2025-10-05T17:30:00+00:00,3.0013,3.0014,2.9882,2.9921,3833074.6
2025-10-05T17:45:00+00:00,2.9920,2.9930,2.9802,2.9877,4192367.1
2025-10-05T18:00:00+00:00,2.9877,2.9905,2.9736,2.9801,7443716.6
2025-10-05T18:15:00+00:00,2.9802,2.9804,2.9679,2.9733,11960751.6
2025-10-05T18:30:00+00:00,2.9732,2.9814,2.9727,2.9754,4429237.0
2025-10-05T18:45:00+00:00,2.9753,2.9791,2.9732,2.9743,2190122.9
2025-10-05T19:00:00+00:00,2.9743,2.9747,2.9490,2.9537,20213528.9
2025-10-05T19:15:00+00:00,2.9536,2.9618,2.9490,2.9550,4708919.8
2025-10-05T19:30:00+00:00,2.9550,2.9593,2.9531,2.9548,2725590.6
2025-10-05T19:45:00+00:00,2.9548,2.9569,2.9469,2.9522,5087666.2
2025-10-05T20:00:00+00:00,2.9521,2.9608,2.9455,2.9556,4953099.3
2025-10-05T20:15:00+00:00,2.9556,2.9581,2.9510,2.9581,2487280.2
2025-10-05T20:30:00+00:00,2.9581,2.9707,2.9581,2.9688,6157377.6
2025-10-05T20:45:00+00:00,2.9687,2.9733,2.9682,2.9682,3778534.6
2025-10-05T21:00:00+00:00,2.9682,2.9734,2.9618,2.9734,4058213.8
2025-10-05T21:15:00+00:00,2.9733,2.9783,2.9684,2.9759,3675383.9
2025-10-05T21:30:00+00:00,2.9759,2.9786,2.9703,2.9757,2297681.6
2025-10-05T21:45:00+00:00,2.9757,2.9784,2.9709,2.9743,2067297.1
2025-10-05T22:00:00+00:00,2.9744,2.9841,2.9563,2.9609,12206119.3
2025-10-05T22:15:00+00:00,2.9609,2.9661,2.9561,2.9605,9585876.9
2025-10-05T22:30:00+00:00,2.9604,2.9626,2.9556,2.9622,4219724.6
2025-10-05T22:45:00+00:00,2.9621,2.9681,2.9607,2.9654,4023962.9
2025-10-05T23:00:00+00:00,2.9653,2.9698,2.9618,2.9666,4364685.9
2025-10-05T23:15:00+00:00,2.9666,2.9712,2.9662,2.9709,2396407.8
2025-10-05T23:30:00+00:00,2.9710,2.9777,2.9684,2.9692,3637513.9
2025-10-05T23:45:00+00:00,2.9693,2.9730,2.9663,2.9679,2043805.1
2025-10-06T00:00:00+00:00,2.9678,2.9703,2.9572,2.9691,6991407.9
2025-10-06T00:15:00+00:00,2.9690,2.9902,2.9601,2.9686,16591142.8
2025-10-06T00:30:00+00:00,2.9686,2.9763,2.9622,2.9711,6970027.6
2025-10-06T00:45:00+00:00,2.9710,2.9729,2.9536,2.9615,6187476.6
2025-10-06T01:00:00+00:00,2.9615,2.9719,2.9534,2.9673,4796565.8
2025-10-06T01:15:00+00:00,2.9673,2.9852,2.9615,2.9803,4705624.8
2025-10-06T01:30:00+00:00,2.9802,2.9864,2.9701,2.9740,6666331.6
2025-10-06T01:45:00+00:00,2.9739,2.9787,2.9707,2.9774,3203199.1
2025-10-06T02:00:00+00:00,2.9774,2.9810,2.9698,2.9727,2586645.7
2025-10-06T02:15:00+00:00,2.9726,2.9772,2.9671,2.9674,3287984.3
2025-10-06T02:30:00+00:00,2.9673,2.9712,2.9599,2.9703,4442252.6
2025-10-06T02:45:00+00:00,2.9703,2.9908,2.9702,2.9799,7986340.8
2025-10-06T03:00:00+00:00,2.9798,2.9815,2.9762,2.9801,2301306.6
2025-10-06T03:15:00+00:00,2.9802,2.9815,2.9735,2.9766,2251385.9
2025-10-06T03:30:00+00:00,2.9767,2.9828,2.9750,2.9769,3302926.3
2025-10-06T03:45:00+00:00,2.9770,2.9779,2.9725,2.9767,2443182.4
2025-10-06T04:00:00+00:00,2.9768,2.9780,2.9692,2.9747,3446293.6
2025-10-06T04:15:00+00:00,2.9748,2.9809,2.9743,2.9798,2174319.0
2025-10-06T04:30:00+00:00,2.9798,2.9808,2.9683,2.9704,4462361.0
2025-10-06T04:45:00+00:00,2.9704,2.9711,2.9642,2.9665,3389308.9
2025-10-06T05:00:00+00:00,2.9664,2.9697,2.9618,2.9619,2968324.6
2025-10-06T05:15:00+00:00,2.9619,2.9705,2.9610,2.9703,2185466.8
2025-10-06T05:30:00+00:00,2.9703,2.9709,2.9635,2.9689,2130953.5
2025-10-06T05:45:00+00:00,2.9689,2.9754,2.9680,2.9722,2802645.6
2025-10-06T06:00:00+00:00,2.9721,2.9867,2.9720,2.9846,5626423.4
2025-10-06T06:15:00+00:00,2.9847,2.9902,2.9812,2.9888,5281492.5
2025-10-06T06:30:00+00:00,2.9888,2.9983,2.9880,2.9916,6497399.5
2025-10-06T06:45:00+00:00,2.9917,2.9934,2.9844,2.9888,3967475.4
2025-10-06T07:00:00+00:00,2.9889,2.9947,2.9866,2.9946,3576801.9
2025-10-06T07:15:00+00:00,2.9946,2.9962,2.9880,2.9894,3684566.2
2025-10-06T07:30:00+00:00,2.9894,2.9898,2.9678,2.9704,6575629.3
2025-10-06T07:45:00+00:00,2.9704,2.9729,2.9635,2.9721,8333462.8
2025-10-06T08:00:00+00:00,2.9722,2.9833,2.9722,2.9791,5817692.1
2025-10-06T08:15:00+00:00,2.9790,2.9825,2.9759,2.9821,2242560.7
2025-10-06T08:30:00+00:00,2.9821,2.9905,2.9821,2.9846,4140251.6
2025-10-06T08:45:00+00:00,2.9845,2.9906,2.9834,2.9865,2439542.0
2025-10-06T09:00:00+00:00,2.9865,2.9936,2.9853,2.9907,4197126.2
2025-10-06T09:15:00+00:00,2.9906,2.9931,2.9864,2.9904,4083810.1
2025-10-06T09:30:00+00:00,2.9904,2.9914,2.9854,2.9883,4569909.7
2025-10-06T09:45:00+00:00,2.9882,2.9931,2.9874,2.9905,2620588.6
2025-10-06T10:00:00+00:00,2.9906,2.9932,2.9855,2.9878,2317004.5
2025-10-06T10:15:00+00:00,2.9878,2.9931,2.9838,2.9915,2555925.1
2025-10-06T10:30:00+00:00,2.9916,2.9941,2.9881,2.9904,3938751.2
2025-10-06T10:45:00+00:00,2.9905,2.9955,2.9901,2.9925,2825615.6
2025-10-06T11:00:00+00:00,2.9925,2.9935,2.9848,2.9913,2732483.8
2025-10-06T11:15:00+00:00,2.9914,3.0077,2.9911,3.0051,6805827.7
2025-10-06T11:30:00+00:00,3.0051,3.0074,2.9940,2.9997,5259125.5
2025-10-06T11:45:00+00:00,2.9998,3.0020,2.9924,2.9941,3492530.9
2025-10-06T12:00:00+00:00,2.9942,3.0026,2.9940,2.9993,3636183.3
2025-10-06T12:15:00+00:00,2.9994,3.0079,2.9990,3.0013,5142300.6
2025-10-06T12:30:00+00:00,3.0014,3.0045,2.9972,2.9974,3507485.0
2025-10-06T12:45:00+00:00,2.9974,3.0030,2.9973,2.9996,3043527.9
2025-10-06T13:00:00+00:00,2.9996,3.0044,2.9924,2.9976,6894289.5
2025-10-06T13:15:00+00:00,2.9976,3.0022,2.9908,2.9966,8875507.0
2025-10-06T13:30:00+00:00,2.9966,3.0084,2.9872,2.9952,14558272.3
2025-10-06T13:45:00+00:00,2.9954,3.0086,2.9899,3.0074,7290730.4
2025-10-06T14:00:00+00:00,3.0074,3.0208,3.0066,3.0116,13459904.2
2025-10-06T14:15:00+00:00,3.0115,3.0174,2.9962,3.0041,10419708.8
2025-10-06T14:30:00+00:00,3.0040,3.0108,2.9983,2.9989,7799772.2
2025-10-06T14:45:00+00:00,2.9990,3.0015,2.9828,2.9864,12923755.6
2025-10-06T15:00:00+00:00,2.9864,3.0051,2.9858,3.0041,8817221.7
2025-10-06T15:15:00+00:00,3.0042,3.0352,3.0041,3.0320,29811267.3
2025-10-06T15:30:00+00:00,3.0320,3.0345,3.0219,3.0285,13298233.1
2025-10-06T15:45:00+00:00,3.0286,3.0383,3.0260,3.0299,7716684.5
2025-10-06T16:00:00+00:00,3.0298,3.0398,3.0204,3.0290,13011491.2
2025-10-06T16:15:00+00:00,3.0291,3.0363,3.0208,3.0238,6354549.2
2025-10-06T16:30:00+00:00,3.0237,3.0278,3.0209,3.0273,3700090.5
2025-10-06T16:45:00+00:00,3.0274,3.0328,3.0217,3.0315,4036256.2
2025-10-06T17:00:00+00:00,3.0314,3.0379,3.0290,3.0322,6412211.0
2025-10-06T17:15:00+00:00,3.0321,3.0464,3.0306,3.0430,7884737.9
2025-10-06T17:30:00+00:00,3.0430,3.0452,3.0272,3.0357,8266898.5
2025-10-06T17:45:00+00:00,3.0357,3.0420,3.0307,3.0354,4421304.2
2025-10-06T18:00:00+00:00,3.0354,3.0394,3.0322,3.0376,4014543.8
2025-10-06T18:15:00+00:00,3.0376,3.0430,3.0349,3.0426,3465686.1
2025-10-06T18:30:00+00:00,3.0426,3.0426,3.0334,3.0350,3506709.7
2025-10-06T18:45:00+00:00,3.0351,3.0472,3.0345,3.0440,5412939.2
2025-10-06T19:00:00+00:00,3.0440,3.0500,3.0363,3.0455,12390192.7
2025-10-06T19:15:00+00:00,3.0455,3.0461,3.0322,3.0328,6352304.7
2025-10-06T19:30:00+00:00,3.0327,3.0340,3.0226,3.0252,5965244.0
2025-10-06T19:45:00+00:00,3.0252,3.0294,3.0228,3.0242,7264817.0
2025-10-06T20:00:00+00:00,3.0242,3.0331,3.0228,3.0267,5244017.2
2025-10-06T20:15:00+00:00,3.0268,3.0271,3.0130,3.0152,7047449.0
2025-10-06T20:30:00+00:00,3.0152,3.0204,3.0069,3.0097,6003825.3
2025-10-06T20:45:00+00:00,3.0097,3.0111,3.0067,3.0084,4356002.7
2025-10-06T21:00:00+00:00,3.0083,3.0148,3.0056,3.0058,5591283.8
2025-10-06T21:15:00+00:00,3.0059,3.0074,2.9970,3.0063,8475614.6
2025-10-06T21:30:00+00:00,3.0064,3.0096,2.9993,3.0036,4493282.9
2025-10-06T21:45:00+00:00,3.0036,3.0062,2.9987,3.0061,2089743.1
2025-10-06T22:00:00+00:00,3.0061,3.0118,3.0015,3.0026,5634606.4
2025-10-06T22:15:00+00:00,3.0027,3.0058,2.9979,2.9992,5010061.4
2025-10-06T22:30:00+00:00,2.9991,3.0006,2.9917,2.9945,6395756.3
2025-10-06T22:45:00+00:00,2.9944,3.0019,2.9929,3.0004,3688189.7
2025-10-06T23:00:00+00:00,3.0003,3.0017,2.9914,2.9921,2620400.1
2025-10-06T23:15:00+00:00,2.9920,2.9951,2.9858,2.9932,4513380.9
2025-10-06T23:30:00+00:00,2.9931,2.9960,2.9897,2.9950,2498294.0
2025-10-06T23:45:00+00:00,2.9951,2.9951,2.9874,2.9878,3122135.9
2025-10-07T00:00:00+00:00,2.9879,2.9925,2.9860,2.9869,4123126.8
2025-10-07T00:15:00+00:00,2.9869,2.9879,2.9800,2.9825,6495554.4
2025-10-07T00:30:00+00:00,2.9825,2.9936,2.9820,2.9927,3383614.2
2025-10-07T00:45:00+00:00,2.9927,2.9940,2.9870,2.9933,2328843.3
2025-10-07T01:00:00+00:00,2.9933,2.9999,2.9922,2.9926,4225605.3
2025-10-07T01:15:00+00:00,2.9925,2.9925,2.9769,2.9884,7769082.8
2025-10-07T01:30:00+00:00,2.9885,2.9911,2.9832,2.9911,2469762.7
2025-10-07T01:45:00+00:00,2.9911,2.9917,2.9831,2.9875,2353361.9
2025-10-07T02:00:00+00:00,2.9874,2.9882,2.9833,2.9841,3786797.6
2025-10-07T02:15:00+00:00,2.9841,2.9941,2.9773,2.9927,4166447.7
2025-10-07T02:30:00+00:00,2.9927,2.9938,2.9822,2.9835,2613621.3
2025-10-07T02:45:00+00:00,2.9834,2.9887,2.9815,2.9842,1873046.8
2025-10-07T03:00:00+00:00,2.9843,2.9859,2.9807,2.9845,2556294.3
2025-10-07T03:15:00+00:00,2.9845,2.9845,2.9752,2.9788,5011204.8
2025-10-07T03:30:00+00:00,2.9788,2.9877,2.9779,2.9873,2188224.9
2025-10-07T03:45:00+00:00,2.9872,2.9889,2.9842,2.9849,1426164.7
2025-10-07T04:00:00+00:00,2.9848,2.9852,2.9761,2.9771,4633740.4
2025-10-07T04:15:00+00:00,2.9771,2.9835,2.9735,2.9835,3539260.7
2025-10-07T04:30:00+00:00,2.9835,2.9928,2.9832,2.9909,4753481.2
2025-10-07T04:45:00+00:00,2.9908,2.9945,2.9896,2.9911,5109606.7
2025-10-07T05:00:00+00:00,2.9912,2.9936,2.9853,2.9904,3755045.0
2025-10-07T05:15:00+00:00,2.9904,2.9949,2.9877,2.9934,2263910.1
2025-10-07T05:30:00+00:00,2.9934,3.0002,2.9917,2.9978,3987606.5
2025-10-07T05:45:00+00:00,2.9978,2.9994,2.9862,2.9895,4671581.7
2025-10-07T06:00:00+00:00,2.9895,2.9896,2.9800,2.9802,4583049.6
2025-10-07T06:15:00+00:00,2.9803,2.9803,2.9703,2.9710,7554711.2
2025-10-07T06:30:00+00:00,2.9709,2.9757,2.9634,2.9671,9461313.9
2025-10-07T06:45:00+00:00,2.9672,2.9744,2.9648,2.9666,4015234.8
2025-10-07T07:00:00+00:00,2.9666,2.9730,2.9634,2.9674,4695247.2
2025-10-07T07:15:00+00:00,2.9674,2.9698,2.9630,2.9678,3896757.8
2025-10-07T07:30:00+00:00,2.9678,2.9679,2.9603,2.9669,4806576.6
2025-10-07T07:45:00+00:00,2.9670,2.9708,2.9657,2.9707,3046260.7
2025-10-07T08:00:00+00:00,2.9707,2.9711,2.9559,2.9575,9002780.5
2025-10-07T08:15:00+00:00,2.9575,2.9645,2.9541,2.9605,7561937.0
2025-10-07T08:30:00+00:00,2.9606,2.9664,2.9531,2.9664,6283544.0
2025-10-07T08:45:00+00:00,2.9664,2.9688,2.9610,2.9631,4950440.7
2025-10-07T09:00:00+00:00,2.9631,2.9720,2.9624,2.9708,3793764.8
2025-10-07T09:15:00+00:00,2.9707,2.9728,2.9663,2.9705,3288071.2
2025-10-07T09:30:00+00:00,2.9704,2.9721,2.9661,2.9688,2948708.6
2025-10-07T09:45:00+00:00,2.9688,2.9721,2.9683,2.9708,2681801.8
2025-10-07T10:00:00+00:00,2.9708,2.9790,2.9665,2.9766,3926966.7
2025-10-07T10:15:00+00:00,2.9766,2.9770,2.9713,2.9724,2879378.2
2025-10-07T10:30:00+00:00,2.9724,2.9784,2.9702,2.9733,4153746.5
2025-10-07T10:45:00+00:00,2.9734,2.9778,2.9722,2.9751,2348573.9
2025-10-07T11:00:00+00:00,2.9751,2.9784,2.9726,2.9740,2570241.7
2025-10-07T11:15:00+00:00,2.9740,2.9758,2.9710,2.9737,2389483.8
2025-10-07T11:30:00+00:00,2.9737,2.9765,2.9676,2.9696,3883150.4
2025-10-07T11:45:00+00:00,2.9697,2.9745,2.9675,2.9686,4308376.3
2025-10-07T12:00:00+00:00,2.9686,2.9751,2.9655,2.9698,3710481.0
2025-10-07T12:15:00+00:00,2.9698,2.9726,2.9661,2.9695,2348691.0
2025-10-07T12:30:00+00:00,2.9695,2.9743,2.9661,2.9710,2922302.9
2025-10-07T12:45:00+00:00,2.9710,2.9898,2.9709,2.9845,8492940.4
2025-10-07T13:00:00+00:00,2.9845,2.9898,2.9736,2.9758,8822356.6
2025-10-07T13:15:00+00:00,2.9758,2.9803,2.9701,2.9772,11004629.9
2025-10-07T13:30:00+00:00,2.9772,2.9781,2.9373,2.9495,30923222.3
2025-10-07T13:45:00+00:00,2.9495,2.9533,2.9360,2.9526,18378004.8
2025-10-07T14:00:00+00:00,2.9526,2.9549,2.9110,2.9203,43952071.0
2025-10-07T14:15:00+00:00,2.9203,2.9307,2.9011,2.9057,21759355.3
2025-10-07T14:30:00+00:00,2.9056,2.9224,2.9026,2.9180,22722480.5
2025-10-07T14:45:00+00:00,2.9180,2.9238,2.9071,2.9083,10045771.9
2025-10-07T15:00:00+00:00,2.9084,2.9157,2.8776,2.8981,43124012.1
2025-10-07T15:15:00+00:00,2.8981,2.9080,2.8937,2.8955,10781367.2
2025-10-07T15:30:00+00:00,2.8954,2.8954,2.8676,2.8837,24494590.9
2025-10-07T15:45:00+00:00,2.8838,2.8856,2.8748,2.8835,15369659.2
2025-10-07T16:00:00+00:00,2.8835,2.8862,2.8734,2.8770,12522928.8
2025-10-07T16:15:00+00:00,2.8770,2.8832,2.8711,2.8750,12659519.8
2025-10-07T16:30:00+00:00,2.8750,2.8962,2.8734,2.8951,11316562.8
2025-10-07T16:45:00+00:00,2.8951,2.9028,2.8841,2.8878,13160268.4
2025-10-07T17:00:00+00:00,2.8877,2.8927,2.8834,2.8865,6276775.7
2025-10-07T17:15:00+00:00,2.8865,2.8894,2.8815,2.8845,3282666.8
2025-10-07T17:30:00+00:00,2.8846,2.8856,2.8763,2.8848,5320100.2
2025-10-07T17:45:00+00:00,2.8848,2.8887,2.8761,2.8766,4272889.0
2025-10-07T18:00:00+00:00,2.8766,2.8803,2.8718,2.8777,6210692.6
2025-10-07T18:15:00+00:00,2.8778,2.8794,2.8673,2.8721,8036437.7
2025-10-07T18:30:00+00:00,2.8721,2.8724,2.8600,2.8650,9158108.7
2025-10-07T18:45:00+00:00,2.8650,2.8667,2.8581,2.8589,5541685.8
2025-10-07T19:00:00+00:00,2.8589,2.8698,2.8542,2.8610,10609047.9
2025-10-07T19:15:00+00:00,2.8610,2.8711,2.8604,2.8617,4755785.3
2025-10-07T19:30:00+00:00,2.8617,2.8661,2.8582,2.8596,3733734.5
2025-10-07T19:45:00+00:00,2.8595,2.8684,2.8471,2.8556,20170181.3
2025-10-07T20:00:00+00:00,2.8557,2.8794,2.8530,2.8777,11888043.0
2025-10-07T20:15:00+00:00,2.8776,2.8805,2.8672,2.8696,10650300.1
2025-10-07T20:30:00+00:00,2.8697,2.8771,2.8686,2.8701,3277883.6
2025-10-07T20:45:00+00:00,2.8701,2.8786,2.8701,2.8706,2799525.3
2025-10-07T21:00:00+00:00,2.8707,2.8768,2.8644,2.8716,3385817.3
2025-10-07T21:15:00+00:00,2.8715,2.8799,2.8700,2.8787,2017770.4
2025-10-07T21:30:00+00:00,2.8787,2.8789,2.8665,2.8698,2745803.7
2025-10-07T21:45:00+00:00,2.8699,2.8727,2.8652,2.8712,1893249.1
2025-10-07T22:00:00+00:00,2.8713,2.8716,2.8620,2.8689,3208078.8
2025-10-07T22:15:00+00:00,2.8689,2.8754,2.8666,2.8692,2525950.2
2025-10-07T22:30:00+00:00,2.8692,2.8719,2.8609,2.8667,2102387.8
2025-10-07T22:45:00+00:00,2.8668,2.8679,2.8637,2.8656,1360606.2
2025-10-07T23:00:00+00:00,2.8656,2.8657,2.8581,2.8591,2641898.0
2025-10-07T23:15:00+00:00,2.8592,2.8620,2.8538,2.8548,4466704.3
2025-10-07T23:30:00+00:00,2.8548,2.8560,2.8493,2.8547,5545324.3
2025-10-07T23:45:00+00:00,2.8547,2.8586,2.8482,2.8509,5602248.4
2025-10-08T00:00:00+00:00,2.8509,2.8683,2.8503,2.8674,5802664.2
2025-10-08T00:15:00+00:00,2.8675,2.8739,2.8671,2.8684,5574621.9
2025-10-08T00:30:00+00:00,2.8684,2.8754,2.8586,2.8716,5797679.8
2025-10-08T00:45:00+00:00,2.8716,2.8747,2.8681,2.8682,4212463.9
2025-10-08T01:00:00+00:00,2.8682,2.8710,2.8645,2.8648,3535775.1
2025-10-08T01:15:00+00:00,2.8647,2.8747,2.8630,2.8691,2511087.7
2025-10-08T01:30:00+00:00,2.8692,2.8725,2.8652,2.8677,2055605.6
2025-10-08T01:45:00+00:00,2.8677,2.8733,2.8676,2.8706,1358288.9
2025-10-08T02:00:00+00:00,2.8706,2.8716,2.8653,2.8697,2342673.1
2025-10-08T02:15:00+00:00,2.8696,2.8778,2.8694,2.8768,3330392.9
2025-10-08T02:30:00+00:00,2.8767,2.8769,2.8687,2.8696,2972802.3
2025-10-08T02:45:00+00:00,2.8696,2.8750,2.8674,2.8677,6247228.9
2025-10-08T03:00:00+00:00,2.8677,2.8677,2.8545,2.8546,3736383.0
2025-10-08T03:15:00+00:00,2.8547,2.8597,2.8362,2.8454,12853626.1
2025-10-08T03:30:00+00:00,2.8454,2.8502,2.8408,2.8460,4724947.6
2025-10-08T03:45:00+00:00,2.8460,2.8525,2.8438,2.8451,3037520.7
2025-10-08T04:00:00+00:00,2.8451,2.8508,2.8284,2.8502,11199384.8
2025-10-08T04:15:00+00:00,2.8502,2.8592,2.8501,2.8555,4165119.6
2025-10-08T04:30:00+00:00,2.8555,2.8632,2.8545,2.8561,3030120.9
2025-10-08T04:45:00+00:00,2.8561,2.8616,2.8548,2.8609,1355615.9
2025-10-08T05:00:00+00:00,2.8610,2.8612,2.8523,2.8545,2236277.1
2025-10-08T05:15:00+00:00,2.8545,2.8554,2.8497,2.8517,3434041.5
2025-10-08T05:30:00+00:00,2.8518,2.8539,2.8480,2.8480,2815299.9
2025-10-08T05:45:00+00:00,2.8481,2.8555,2.8441,2.8538,2682865.9
2025-10-08T06:00:00+00:00,2.8539,2.8548,2.8408,2.8507,9047847.5
2025-10-08T06:15:00+00:00,2.8507,2.8563,2.8466,2.8502,2950772.2
2025-10-08T06:30:00+00:00,2.8503,2.8600,2.8503,2.8571,2679052.9
2025-10-08T06:45:00+00:00,2.8572,2.8626,2.8568,2.8602,2132490.8
2025-10-08T07:00:00+00:00,2.8603,2.8620,2.8518,2.8533,2916494.7
2025-10-08T07:15:00+00:00,2.8532,2.8557,2.8494,2.8539,2502098.7
2025-10-08T07:30:00+00:00,2.8538,2.8566,2.8487,2.8536,2648723.5
2025-10-08T07:45:00+00:00,2.8535,2.8576,2.8470,2.8567,2505053.4
2025-10-08T08:00:00+00:00,2.8566,2.8596,2.8548,2.8578,3573120.7
2025-10-08T08:15:00+00:00,2.8577,2.8651,2.8561,2.8609,2616816.2
2025-10-08T08:30:00+00:00,2.8608,2.8759,2.8597,2.8743,6873968.6
2025-10-08T08:45:00+00:00,2.8744,2.8757,2.8643,2.8668,4045719.3
2025-10-08T09:00:00+00:00,2.8668,2.8708,2.8644,2.8658,2928862.8
2025-10-08T09:15:00+00:00,2.8658,2.8666,2.8614,2.8631,2498529.1
2025-10-08T09:30:00+00:00,2.8631,2.8676,2.8608,2.8648,2082499.3
2025-10-08T09:45:00+00:00,2.8647,2.8683,2.8625,2.8683,1348386.2
2025-10-08T10:00:00+00:00,2.8683,2.8730,2.8646,2.8659,2820920.6
2025-10-08T10:15:00+00:00,2.8658,2.8714,2.8646,2.8686,2141748.9
2025-10-08T10:30:00+00:00,2.8687,2.8763,2.8676,2.8730,2871796.3
2025-10-08T10:45:00+00:00,2.8729,2.8771,2.8721,2.8758,3636510.8
2025-10-08T11:00:00+00:00,2.8759,2.8800,2.8737,2.8790,4608180.8
2025-10-08T11:15:00+00:00,2.8790,2.8791,2.8723,2.8744,2953133.4
2025-10-08T11:30:00+00:00,2.8745,2.8747,2.8690,2.8715,2998153.6
2025-10-08T11:45:00+00:00,2.8714,2.8755,2.8707,2.8745,2358029.9
2025-10-08T12:00:00+00:00,2.8746,2.8811,2.8716,2.8767,4577049.7
2025-10-08T12:15:00+00:00,2.8766,2.8775,2.8725,2.8773,2589859.3
2025-10-08T12:30:00+00:00,2.8774,2.8774,2.8700,2.8731,2115569.9
2025-10-08T12:45:00+00:00,2.8731,2.8757,2.8696,2.8738,2073997.5
2025-10-08T13:00:00+00:00,2.8737,2.8780,2.8694,2.8749,2743376.6
2025-10-08T13:15:00+00:00,2.8749,2.8762,2.8704,2.8714,2270864.8
2025-10-08T13:30:00+00:00,2.8714,2.8766,2.8539,2.8594,9799234.9
2025-10-08T13:45:00+00:00,2.8594,2.8735,2.8506,2.8723,6997040.7
2025-10-08T14:00:00+00:00,2.8722,2.8923,2.8721,2.8774,15766878.1
2025-10-08T14:15:00+00:00,2.8774,2.8869,2.8741,2.8752,4990829.1
2025-10-08T14:30:00+00:00,2.8752,2.8801,2.8643,2.8695,6532770.8
2025-10-08T14:45:00+00:00,2.8694,2.8716,2.8557,2.8607,4927138.9
2025-10-08T15:00:00+00:00,2.8606,2.8717,2.8587,2.8664,4458028.5
2025-10-08T15:15:00+00:00,2.8664,2.8700,2.8591,2.8654,3525372.6
2025-10-08T15:30:00+00:00,2.8655,2.8677,2.8625,2.8675,1767882.9
2025-10-08T15:45:00+00:00,2.8674,2.8675,2.8601,2.8646,2445889.6
2025-10-08T16:00:00+00:00,2.8646,2.8722,2.8611,2.8722,4681976.0
2025-10-08T16:15:00+00:00,2.8721,2.8777,2.8701,2.8720,3291924.6
2025-10-08T16:30:00+00:00,2.8721,2.8737,2.8684,2.8711,1978704.6
2025-10-08T16:45:00+00:00,2.8711,2.8830,2.8703,2.8824,3996217.1
2025-10-08T17:00:00+00:00,2.8823,2.8942,2.8803,2.8941,7328880.3
2025-10-08T17:15:00+00:00,2.8942,2.9218,2.8919,2.9148,26087247.5
2025-10-08T17:30:00+00:00,2.9148,2.9228,2.9079,2.9096,9105470.9
2025-10-08T17:45:00+00:00,2.9095,2.9234,2.9069,2.9181,5694405.6
2025-10-08T18:00:00+00:00,2.9180,2.9210,2.9102,2.9168,5963710.9
2025-10-08T18:15:00+00:00,2.9168,2.9176,2.9046,2.9051,4903152.7
2025-10-08T18:30:00+00:00,2.9051,2.9125,2.9012,2.9043,5551457.4
2025-10-08T18:45:00+00:00,2.9044,2.9131,2.9029,2.9066,4455291.5
2025-10-08T19:00:00+00:00,2.9065,2.9073,2.8981,2.9000,3971344.8
2025-10-08T19:15:00+00:00,2.9000,2.9077,2.8963,2.9053,4291266.5
2025-10-08T19:30:00+00:00,2.9054,2.9096,2.9020,2.9039,2463960.9
2025-10-08T19:45:00+00:00,2.9038,2.9120,2.9006,2.9081,5381708.7
2025-10-08T20:00:00+00:00,2.9082,2.9086,2.8990,2.9043,3299131.7
2025-10-08T20:15:00+00:00,2.9044,2.9107,2.9039,2.9071,2002430.5
2025-10-08T20:30:00+00:00,2.9071,2.9079,2.9003,2.9017,1861219.2
2025-10-08T20:45:00+00:00,2.9017,2.9017,2.8902,2.8918,3257060.8
2025-10-08T21:00:00+00:00,2.8918,2.8984,2.8913,2.8959,2048373.8
2025-10-08T21:15:00+00:00,2.8959,2.9025,2.8948,2.8991,1861950.5
2025-10-08T21:30:00+00:00,2.8991,2.9018,2.8972,2.9016,1411962.8
2025-10-08T21:45:00+00:00,2.9017,2.9017,2.8912,2.8954,1515674.7
2025-10-08T22:00:00+00:00,2.8954,2.9001,2.8946,2.8991,2217388.8
2025-10-08T22:15:00+00:00,2.8991,2.9000,2.8935,2.8944,1572370.2
2025-10-08T22:30:00+00:00,2.8944,2.8990,2.8929,2.8988,1485825.2
2025-10-08T22:45:00+00:00,2.8988,2.8988,2.8936,2.8937,1388101.4
2025-10-08T23:00:00+00:00,2.8936,2.8936,2.8838,2.8884,3682561.8
2025-10-08T23:15:00+00:00,2.8884,2.8938,2.8872,2.8928,1525869.1
2025-10-08T23:30:00+00:00,2.8928,2.8944,2.8842,2.8845,2059125.9
2025-10-08T23:45:00+00:00,2.8844,2.8845,2.8754,2.8786,7068549.7
2025-10-09T00:00:00+00:00,2.8786,2.8793,2.8641,2.8656,10979827.1
2025-10-09T00:15:00+00:00,2.8656,2.8769,2.8643,2.8672,4645969.1
2025-10-09T00:30:00+00:00,2.8672,2.8705,2.8632,2.8666,2757561.4
2025-10-09T00:45:00+00:00,2.8665,2.8713,2.8650,2.8659,2043667.4
2025-10-09T01:00:00+00:00,2.8658,2.8667,2.8576,2.8587,4067044.2
2025-10-09T01:15:00+00:00,2.8586,2.8654,2.8562,2.8568,3630484.2
2025-10-09T01:30:00+00:00,2.8569,2.8575,2.8494,2.8498,6109466.9
2025-10-09T01:45:00+00:00,2.8498,2.8607,2.8497,2.8572,2906412.3
2025-10-09T02:00:00+00:00,2.8571,2.8585,2.8439,2.8498,4900419.6
2025-10-09T02:15:00+00:00,2.8499,2.8510,2.8383,2.8385,5361401.4
2025-10-09T02:30:00+00:00,2.8385,2.8431,2.8291,2.8295,7324318.0
2025-10-09T02:45:00+00:00,2.8296,2.8337,2.8230,2.8286,6997348.7
2025-10-09T03:00:00+00:00,2.8287,2.8387,2.8277,2.8358,3881186.2
2025-10-09T03:15:00+00:00,2.8358,2.8428,2.8354,2.8387,3600454.5
2025-10-09T03:30:00+00:00,2.8387,2.8415,2.8358,2.8367,2935916.1
2025-10-09T03:45:00+00:00,2.8366,2.8447,2.8363,2.8434,1877749.9
2025-10-09T04:00:00+00:00,2.8433,2.8442,2.8357,2.8358,2854616.0
2025-10-09T04:15:00+00:00,2.8357,2.8474,2.8356,2.8458,2989510.8
2025-10-09T04:30:00+00:00,2.8459,2.8459,2.8392,2.8400,1769605.4
2025-10-09T04:45:00+00:00,2.8400,2.8457,2.8394,2.8446,2211674.3
2025-10-09T05:00:00+00:00,2.8446,2.8453,2.8378,2.8378,2132671.8
2025-10-09T05:15:00+00:00,2.8379,2.8385,2.8277,2.8342,4703468.3
2025-10-09T05:30:00+00:00,2.8343,2.8399,2.8264,2.8270,4182869.1
2025-10-09T05:45:00+00:00,2.8269,2.8326,2.8245,2.8324,4518873.5
2025-10-09T06:00:00+00:00,2.8324,2.8325,2.8215,2.8253,5718192.3
2025-10-09T06:15:00+00:00,2.8253,2.8294,2.8222,2.8282,3303228.5
2025-10-09T06:30:00+00:00,2.8282,2.8314,2.8262,2.8272,3519525.8
2025-10-09T06:45:00+00:00,2.8272,2.8320,2.8178,2.8223,6540563.2
2025-10-09T07:00:00+00:00,2.8223,2.8265,2.8206,2.8231,2963249.8
2025-10-09T07:15:00+00:00,2.8231,2.8284,2.8161,2.8208,3886505.6
2025-10-09T07:30:00+00:00,2.8207,2.8209,2.8121,2.8149,4784173.4
2025-10-09T07:45:00+00:00,2.8148,2.8252,2.8140,2.8155,2530161.6
2025-10-09T08:00:00+00:00,2.8156,2.8183,2.8035,2.8048,8829577.3
2025-10-09T08:15:00+00:00,2.8048,2.8084,2.7902,2.7911,18983189.0
2025-10-09T08:30:00+00:00,2.7911,2.8000,2.7885,2.7913,10739569.5
2025-10-09T08:45:00+00:00,2.7914,2.7993,2.7845,2.7863,9273686.6
2025-10-09T09:00:00+00:00,2.7864,2.7995,2.7864,2.7995,5752262.1
2025-10-09T09:15:00+00:00,2.7995,2.8065,2.7958,2.8029,6991897.9
2025-10-09T09:30:00+00:00,2.8030,2.8076,2.8002,2.8027,4682600.2
2025-10-09T09:45:00+00:00,2.8027,2.8089,2.8010,2.8071,4398114.2
2025-10-09T10:00:00+00:00,2.8071,2.8137,2.8055,2.8129,6073897.2
2025-10-09T10:15:00+00:00,2.8130,2.8135,2.8004,2.8020,3736517.0
2025-10-09T10:30:00+00:00,2.8019,2.8178,2.8019,2.8129,4034375.4
2025-10-09T10:45:00+00:00,2.8129,2.8165,2.8054,2.8093,4180780.5
2025-10-09T11:00:00+00:00,2.8093,2.8177,2.8091,2.8159,4574276.4
2025-10-09T11:15:00+00:00,2.8158,2.8268,2.8156,2.8240,5018117.8
2025-10-09T11:30:00+00:00,2.8239,2.8242,2.8187,2.8233,4630992.6
2025-10-09T11:45:00+00:00,2.8233,2.8265,2.8200,2.8247,3958113.0
2025-10-09T12:00:00+00:00,2.8247,2.8332,2.8226,2.8288,5860396.0
2025-10-09T12:15:00+00:00,2.8288,2.8300,2.8238,2.8262,5687979.9
2025-10-09T12:30:00+00:00,2.8262,2.8394,2.8211,2.8329,7625376.0
2025-10-09T12:45:00+00:00,2.8329,2.8331,2.8245,2.8288,4862572.8
2025-10-09T13:00:00+00:00,2.8287,2.8297,2.8192,2.8223,8449385.0
2025-10-09T13:15:00+00:00,2.8223,2.8327,2.8204,2.8298,4261192.8
2025-10-09T13:30:00+00:00,2.8298,2.8300,2.8150,2.8201,7852421.8
2025-10-09T13:45:00+00:00,2.8201,2.8269,2.8107,2.8147,10049243.5
2025-10-09T14:00:00+00:00,2.8148,2.8205,2.8029,2.8194,13159425.3
2025-10-09T14:15:00+00:00,2.8195,2.8212,2.8019,2.8037,6968281.1
2025-10-09T14:30:00+00:00,2.8037,2.8038,2.7893,2.7962,14916945.5
2025-10-09T14:45:00+00:00,2.7961,2.8160,2.7881,2.8113,11391504.4
2025-10-09T15:00:00+00:00,2.8114,2.8232,2.8114,2.8186,7435375.2
2025-10-09T15:15:00+00:00,2.8185,2.8247,2.8039,2.8044,5733669.4
2025-10-09T15:30:00+00:00,2.8045,2.8095,2.7933,2.7965,8380652.5
2025-10-09T15:45:00+00:00,2.7965,2.8084,2.7950,2.8011,6325334.4
2025-10-09T16:00:00+00:00,2.8011,2.8084,2.7978,2.7985,4441204.5
2025-10-09T16:15:00+00:00,2.7985,2.8040,2.7875,2.7940,10326367.0
2025-10-09T16:30:00+00:00,2.7940,2.7967,2.7836,2.7904,10536584.7
2025-10-09T16:45:00+00:00,2.7904,2.7912,2.7700,2.7768,16179135.7
2025-10-09T17:00:00+00:00,2.7768,2.7990,2.7736,2.7974,10858978.9
2025-10-09T17:15:00+00:00,2.7973,2.8022,2.7877,2.7893,4776400.9
2025-10-09T17:30:00+00:00,2.7894,2.7976,2.7837,2.7931,5448149.8
2025-10-09T17:45:00+00:00,2.7930,2.8047,2.7911,2.8039,5030612.5
2025-10-09T18:00:00+00:00,2.8038,2.8056,2.7967,2.8019,4601412.8
2025-10-09T18:15:00+00:00,2.8020,2.8080,2.7951,2.7951,4443858.9
2025-10-09T18:30:00+00:00,2.7951,2.7978,2.7854,2.7886,4954192.3
2025-10-09T18:45:00+00:00,2.7887,2.7910,2.7817,2.7834,4332561.4
2025-10-09T19:00:00+00:00,2.7834,2.7900,2.7822,2.7879,4757237.0
2025-10-09T19:15:00+00:00,2.7879,2.8004,2.7852,2.7986,5475984.7
2025-10-09T19:30:00+00:00,2.7986,2.7996,2.7832,2.7842,5213969.9
2025-10-09T19:45:00+00:00,2.7843,2.7901,2.7730,2.7878,16824124.7
2025-10-09T20:00:00+00:00,2.7878,2.7961,2.7821,2.7831,9794560.3
2025-10-09T20:15:00+00:00,2.7831,2.7918,2.7822,2.7875,3126396.4
2025-10-09T20:30:00+00:00,2.7875,2.7927,2.7871,2.7924,1935628.6
2025-10-09T20:45:00+00:00,2.7925,2.7944,2.7894,2.7936,2524016.1
2025-10-09T21:00:00+00:00,2.7936,2.7970,2.7851,2.7924,3151541.8
2025-10-09T21:15:00+00:00,2.7924,2.7992,2.7899,2.7924,3925426.5
2025-10-09T21:30:00+00:00,2.7923,2.8005,2.7894,2.7986,2686461.1
2025-10-09T21:45:00+00:00,2.7987,2.7992,2.7933,2.7969,1281843.8
2025-10-09T22:00:00+00:00,2.7969,2.8055,2.7958,2.8012,3841056.5
2025-10-09T22:15:00+00:00,2.8012,2.8088,2.7989,2.8084,4731376.4
2025-10-09T22:30:00+00:00,2.8084,2.8154,2.8056,2.8135,4559104.2
2025-10-09T22:45:00+00:00,2.8136,2.8152,2.8091,2.8134,3998430.2
2025-10-09T23:00:00+00:00,2.8134,2.8144,2.8035,2.8046,3325231.9
2025-10-09T23:15:00+00:00,2.8046,2.8071,2.8017,2.8057,1971030.9
2025-10-09T23:30:00+00:00,2.8058,2.8065,2.8014,2.8029,1164033.1
2025-10-09T23:45:00+00:00,2.8029,2.8042,2.8010,2.8011,2540909.8
2025-10-10T00:00:00+00:00,2.8011,2.8083,2.7996,2.8076,4346801.9
2025-10-10T00:15:00+00:00,2.8076,2.8136,2.8074,2.8135,2509306.0
2025-10-10T00:30:00+00:00,2.8134,2.8167,2.8093,2.8094,2396990.3
2025-10-10T00:45:00+00:00,2.8094,2.8112,2.8043,2.8102,2353468.2
2025-10-10T01:00:00+00:00,2.8102,2.8155,2.8091,2.8123,2605607.1
2025-10-10T01:15:00+00:00,2.8123,2.8169,2.8102,2.8164,1487984.1
2025-10-10T01:30:00+00:00,2.8164,2.8168,2.8065,2.8077,2289241.7
2025-10-10T01:45:00+00:00,2.8078,2.8109,2.8050,2.8089,2180726.3
2025-10-10T02:00:00+00:00,2.8090,2.8096,2.7983,2.8015,3538737.6
2025-10-10T02:15:00+00:00,2.8016,2.8109,2.8010,2.8064,2032232.0
2025-10-10T02:30:00+00:00,2.8063,2.8074,2.7996,2.8004,3295686.6
2025-10-10T02:45:00+00:00,2.8005,2.8005,2.7914,2.7963,4703546.2
2025-10-10T03:00:00+00:00,2.7964,2.7976,2.7894,2.7950,3022994.7
2025-10-10T03:15:00+00:00,2.7950,2.8215,2.7926,2.8201,8434095.1
2025-10-10T03:30:00+00:00,2.8201,2.8283,2.8201,2.8240,7316443.6
2025-10-10T03:45:00+00:00,2.8240,2.8286,2.8112,2.8117,5342299.8
2025-10-10T04:00:00+00:00,2.8116,2.8226,2.8108,2.8175,4202686.6
2025-10-10T04:15:00+00:00,2.8176,2.8183,2.8106,2.8115,2036505.1
2025-10-10T04:30:00+00:00,2.8116,2.8184,2.8074,2.8104,3427240.8
2025-10-10T04:45:00+00:00,2.8105,2.8139,2.8072,2.8131,1489511.6
2025-10-10T05:00:00+00:00,2.8131,2.8148,2.8030,2.8075,3564435.8
2025-10-10T05:15:00+00:00,2.8075,2.8221,2.8065,2.8191,2822659.5
2025-10-10T05:30:00+00:00,2.8192,2.8211,2.8130,2.8209,1679684.6
2025-10-10T05:45:00+00:00,2.8209,2.8297,2.8209,2.8253,3895509.2
2025-10-10T06:00:00+00:00,2.8253,2.8294,2.8220,2.8227,3312628.7
2025-10-10T06:15:00+00:00,2.8227,2.8250,2.8180,2.8187,2127972.2
2025-10-10T06:30:00+00:00,2.8187,2.8231,2.8130,2.8183,3189795.6
2025-10-10T06:45:00+00:00,2.8183,2.8228,2.8090,2.8144,2968043.4
2025-10-10T07:00:00+00:00,2.8144,2.8163,2.8045,2.8113,4051556.0
2025-10-10T07:15:00+00:00,2.8114,2.8115,2.7974,2.8022,6611376.7
2025-10-10T07:30:00+00:00,2.8022,2.8091,2.7974,2.8086,4403449.2
2025-10-10T07:45:00+00:00,2.8086,2.8086,2.8005,2.8018,2815439.1
2025-10-10T08:00:00+00:00,2.8018,2.8093,2.7964,2.8084,4178450.2
2025-10-10T08:15:00+00:00,2.8083,2.8163,2.8083,2.8142,2140149.4
2025-10-10T08:30:00+00:00,2.8143,2.8173,2.8117,2.8149,2411708.7
2025-10-10T08:45:00+00:00,2.8149,2.8208,2.8149,2.8189,2746619.2
2025-10-10T09:00:00+00:00,2.8188,2.8194,2.8127,2.8157,3316193.9
2025-10-10T09:15:00+00:00,2.8156,2.8281,2.8127,2.8256,5335246.8
2025-10-10T09:30:00+00:00,2.8256,2.8298,2.8224,2.8235,3801076.4
2025-10-10T09:45:00+00:00,2.8235,2.8260,2.8109,2.8121,5392261.5
2025-10-10T10:00:00+00:00,2.8122,2.8163,2.8110,2.8132,2075559.6
2025-10-10T10:15:00+00:00,2.8131,2.8176,2.8106,2.8112,1984570.1
2025-10-10T10:30:00+00:00,2.8112,2.8131,2.8067,2.8104,2150310.3
2025-10-10T10:45:00+00:00,2.8104,2.8192,2.8097,2.8174,2588635.7
2025-10-10T11:00:00+00:00,2.8174,2.8209,2.8147,2.8156,2565447.9
2025-10-10T11:15:00+00:00,2.8155,2.8189,2.8147,2.8163,1403219.4
2025-10-10T11:30:00+00:00,2.8162,2.8212,2.8162,2.8201,1603748.2
2025-10-10T11:45:00+00:00,2.8202,2.8202,2.8172,2.8172,1092181.5
2025-10-10T12:00:00+00:00,2.8173,2.8204,2.8120,2.8138,2253851.5
2025-10-10T12:15:00+00:00,2.8138,2.8188,2.8115,2.8162,1660580.9
2025-10-10T12:30:00+00:00,2.8161,2.8174,2.8097,2.8101,2192091.3
2025-10-10T12:45:00+00:00,2.8101,2.8175,2.8086,2.8173,2001395.2
2025-10-10T13:00:00+00:00,2.8174,2.8249,2.8173,2.8205,4286173.1
2025-10-10T13:15:00+00:00,2.8204,2.8272,2.8175,2.8248,3268895.6
2025-10-10T13:30:00+00:00,2.8248,2.8358,2.8195,2.8302,11495185.5
2025-10-10T13:45:00+00:00,2.8303,2.8308,2.8161,2.8245,7561953.0
2025-10-10T14:00:00+00:00,2.8246,2.8333,2.8190,2.8278,6870664.7
2025-10-10T14:15:00+00:00,2.8277,2.8298,2.8126,2.8141,6075050.3
2025-10-10T14:30:00+00:00,2.8141,2.8238,2.8115,2.8149,4241627.9
2025-10-10T14:45:00+00:00,2.8148,2.8194,2.7930,2.7985,22524233.5
2025-10-10T15:00:00+00:00,2.7985,2.8007,2.7789,2.7924,32669107.4
2025-10-10T15:15:00+00:00,2.7924,2.7967,2.7414,2.7477,58159505.9
2025-10-10T15:30:00+00:00,2.7477,2.7556,2.7111,2.7554,75962107.6
2025-10-10T15:45:00+00:00,2.7554,2.7557,2.7323,2.7400,19254805.5
2025-10-10T16:00:00+00:00,2.7400,2.7498,2.7309,2.7372,18926353.6
2025-10-10T16:15:00+00:00,2.7371,2.7492,2.7278,2.7427,10173949.3
2025-10-10T16:30:00+00:00,2.7427,2.7632,2.7363,2.7476,12959622.2
2025-10-10T16:45:00+00:00,2.7475,2.7475,2.7256,2.7279,27725137.0
2025-10-10T17:00:00+00:00,2.7279,2.7319,2.7115,2.7170,18179406.2
2025-10-10T17:15:00+00:00,2.7170,2.7295,2.7155,2.7280,9981987.8
2025-10-10T17:30:00+00:00,2.7280,2.7294,2.7093,2.7173,8623459.0
2025-10-10T17:45:00+00:00,2.7172,2.7244,2.7086,2.7221,7830862.2
2025-10-10T18:00:00+00:00,2.7221,2.7240,2.7138,2.7204,8201192.5
2025-10-10T18:15:00+00:00,2.7204,2.7306,2.7140,2.7245,6767029.0
2025-10-10T18:30:00+00:00,2.7245,2.7255,2.7060,2.7064,10528672.4
2025-10-10T18:45:00+00:00,2.7064,2.7135,2.7020,2.7068,8078172.2
2025-10-10T19:00:00+00:00,2.7067,2.7113,2.6908,2.6932,28372487.2
2025-10-10T19:15:00+00:00,2.6932,2.6960,2.6297,2.6378,55876992.4
2025-10-10T19:30:00+00:00,2.6378,2.6836,2.6312,2.6826,39619998.5
2025-10-10T19:45:00+00:00,2.6825,2.6920,2.6716,2.6752,19162616.0
2025-10-10T20:00:00+00:00,2.6752,2.6953,2.6709,2.6909,14842436.4
2025-10-10T20:15:00+00:00,2.6909,2.6949,2.6818,2.6946,9357133.0
2025-10-10T20:30:00+00:00,2.6946,2.6963,2.6856,2.6929,7137992.6
2025-10-10T20:45:00+00:00,2.6929,2.6951,2.4050,2.4962,197166434.5
2025-10-10T21:00:00+00:00,2.4961,2.5491,2.1827,2.2899,254213705.9
2025-10-10T21:15:00+00:00,2.2899,2.3191,1.1792,1.9440,379522257.2
2025-10-10T21:30:00+00:00,1.9439,2.3185,1.9292,2.2871,108830236.2
2025-10-10T21:45:00+00:00,2.2879,2.4587,2.2151,2.3266,118677322.3
2025-10-10T22:00:00+00:00,2.3266,2.3397,2.1111,2.3202,108265215.4
2025-10-10T22:15:00+00:00,2.3208,2.3532,2.2339,2.2966,84977193.8
2025-10-10T22:30:00+00:00,2.2965,2.3340,2.2663,2.3063,93911005.2
2025-10-10T22:45:00+00:00,2.3064,2.3546,2.2867,2.3505,53714859.1
2025-10-10T23:00:00+00:00,2.3505,2.3554,2.3154,2.3481,41379469.4
2025-10-10T23:15:00+00:00,2.3481,2.3930,2.3458,2.3875,48159508.4
2025-10-10T23:30:00+00:00,2.3874,2.4400,2.3844,2.4333,45663463.5
2025-10-10T23:45:00+00:00,2.4333,2.4472,2.3393,2.3666,53725202.0
2025-10-11T00:00:00+00:00,2.3667,2.3942,2.3500,2.3633,43634695.5
2025-10-11T00:15:00+00:00,2.3632,2.3781,2.2955,2.3750,49602243.3
2025-10-11T00:30:00+00:00,2.3750,2.3864,2.3511,2.3646,25949863.2
2025-10-11T00:45:00+00:00,2.3645,2.4168,2.3634,2.3845,24511656.2
2025-10-11T01:00:00+00:00,2.3845,2.3868,2.3473,2.3573,22115091.8
2025-10-11T01:15:00+00:00,2.3574,2.3590,2.3224,2.3340,25897800.6
2025-10-11T01:30:00+00:00,2.3341,2.3594,2.3223,2.3262,19436183.1
2025-10-11T01:45:00+00:00,2.3260,2.3422,2.3032,2.3320,24591169.7
2025-10-11T02:00:00+00:00,2.3319,2.3783,2.3284,2.3750,20797716.5
2025-10-11T02:15:00+00:00,2.3750,2.4346,2.3748,2.4291,28903960.5
2025-10-11T02:30:00+00:00,2.4291,2.4532,2.4174,2.4518,28220104.0
2025-10-11T02:45:00+00:00,2.4518,2.4518,2.4270,2.4342,16667526.4
2025-10-11T03:00:00+00:00,2.4342,2.4411,2.3750,2.3839,27526170.4
2025-10-11T03:15:00+00:00,2.3839,2.3847,2.3600,2.3752,18858921.1
2025-10-11T03:30:00+00:00,2.3751,2.3837,2.3568,2.3665,15592624.9
2025-10-11T03:45:00+00:00,2.3665,2.4008,2.3657,2.3953,13641692.8
2025-10-11T04:00:00+00:00,2.3954,2.4202,2.3930,2.4058,20245996.4
2025-10-11T04:15:00+00:00,2.4057,2.4348,2.4046,2.4169,13161854.9
2025-10-11T04:30:00+00:00,2.4168,2.4204,2.3943,2.4203,11040202.7
2025-10-11T04:45:00+00:00,2.4203,2.4462,2.4129,2.4415,11820280.8
2025-10-11T05:00:00+00:00,2.4416,2.4473,2.4339,2.4419,10449323.4
2025-10-11T05:15:00+00:00,2.4419,2.4446,2.3900,2.3929,18252600.9
2025-10-11T05:30:00+00:00,2.3928,2.4088,2.3870,2.3944,16291245.0
2025-10-11T05:45:00+00:00,2.3944,2.4207,2.3932,2.4017,9747628.9
2025-10-11T06:00:00+00:00,2.4017,2.4270,2.3969,2.4259,16167800.8
2025-10-11T06:15:00+00:00,2.4260,2.4419,2.4178,2.4409,11449387.5
2025-10-11T06:30:00+00:00,2.4410,2.4500,2.4290,2.4344,10524133.1
2025-10-11T06:45:00+00:00,2.4345,2.4447,2.4150,2.4216,10304065.8
2025-10-11T07:00:00+00:00,2.4216,2.4259,2.4095,2.4231,12471693.8
2025-10-11T07:15:00+00:00,2.4231,2.4415,2.4113,2.4221,14200580.5
2025-10-11T07:30:00+00:00,2.4221,2.4281,2.3964,2.4093,16367677.1
2025-10-11T07:45:00+00:00,2.4093,2.4168,2.3994,2.4102,8218927.0
2025-10-11T08:00:00+00:00,2.4102,2.4123,2.3973,2.4088,9870268.9
2025-10-11T08:15:00+00:00,2.4089,2.4665,2.4080,2.4516,28860397.8
2025-10-11T08:30:00+00:00,2.4515,2.4687,2.4351,2.4583,13660163.7
2025-10-11T08:45:00+00:00,2.4584,2.4875,2.4581,2.4827,15083695.1
2025-10-11T09:00:00+00:00,2.4827,2.5046,2.4786,2.4830,18583049.0
2025-10-11T09:15:00+00:00,2.4830,2.4994,2.4727,2.4981,10756910.8
2025-10-11T09:30:00+00:00,2.4982,2.5000,2.4737,2.4766,11271141.4
2025-10-11T09:45:00+00:00,2.4766,2.4785,2.4642,2.4675,8826129.6
2025-10-11T10:00:00+00:00,2.4676,2.4823,2.4569,2.4817,11986187.0
2025-10-11T10:15:00+00:00,2.4816,2.4836,2.4678,2.4783,8818268.0
2025-10-11T10:30:00+00:00,2.4784,2.4807,2.4513,2.4574,11435458.0
2025-10-11T10:45:00+00:00,2.4574,2.4780,2.4542,2.4759,7359637.1
2025-10-11T11:00:00+00:00,2.4759,2.4830,2.4579,2.4636,9255964.0
2025-10-11T11:15:00+00:00,2.4635,2.4685,2.4398,2.4679,13221670.0
2025-10-11T11:30:00+00:00,2.4679,2.4706,2.4562,2.4650,6328383.5
2025-10-11T11:45:00+00:00,2.4650,2.4769,2.4625,2.4759,4879169.5
2025-10-11T12:00:00+00:00,2.4758,2.4834,2.4626,2.4676,9515235.4
2025-10-11T12:15:00+00:00,2.4676,2.4841,2.4651,2.4833,6745441.1
2025-10-11T12:30:00+00:00,2.4833,2.4833,2.4564,2.4610,8826985.4
2025-10-11T12:45:00+00:00,2.4611,2.4613,2.4297,2.4447,18368587.2
2025-10-11T13:00:00+00:00,2.4448,2.4525,2.4278,2.4496,10230588.3
2025-10-11T13:15:00+00:00,2.4497,2.4501,2.4338,2.4396,7075108.7
2025-10-11T13:30:00+00:00,2.4396,2.4450,2.4138,2.4414,17839804.3
2025-10-11T13:45:00+00:00,2.4414,2.4594,2.4362,2.4492,10258143.5
2025-10-11T14:00:00+00:00,2.4493,2.4577,2.4376,2.4461,7504658.4
2025-10-11T14:15:00+00:00,2.4460,2.4498,2.4280,2.4309,7578954.4
2025-10-11T14:30:00+00:00,2.4308,2.4497,2.4269,2.4430,6344193.4
2025-10-11T14:45:00+00:00,2.4430,2.4586,2.4396,2.4574,6921520.2
2025-10-11T15:00:00+00:00,2.4573,2.4858,2.4563,2.4789,14293558.5
2025-10-11T15:15:00+00:00,2.4789,2.4816,2.4680,2.4751,7355495.1
2025-10-11T15:30:00+00:00,2.4750,2.4781,2.4637,2.4676,6061398.4
2025-10-11T15:45:00+00:00,2.4677,2.4828,2.4676,2.4775,5579643.3
2025-10-11T16:00:00+00:00,2.4774,2.4919,2.4705,2.4862,9259999.9
2025-10-11T16:15:00+00:00,2.4861,2.4888,2.4678,2.4704,7337335.9
2025-10-11T16:30:00+00:00,2.4704,2.4781,2.4624,2.4672,7166326.6
2025-10-11T16:45:00+00:00,2.4671,2.4816,2.4614,2.4749,5150423.3
2025-10-11T17:00:00+00:00,2.4748,2.4914,2.4744,2.4862,6058352.8
2025-10-11T17:15:00+00:00,2.4862,2.4888,2.4780,2.4874,6244587.0
2025-10-11T17:30:00+00:00,2.4874,2.4879,2.4705,2.4799,6466050.5
2025-10-11T17:45:00+00:00,2.4800,2.4828,2.4721,2.4785,4338988.7
2025-10-11T18:00:00+00:00,2.4785,2.4790,2.4646,2.4652,5795166.7
2025-10-11T18:15:00+00:00,2.4652,2.4685,2.4615,2.4673,4247701.3
2025-10-11T18:30:00+00:00,2.4672,2.4779,2.4646,2.4753,3755738.0
2025-10-11T18:45:00+00:00,2.4753,2.4754,2.4652,2.4679,2343305.4
2025-10-11T19:00:00+00:00,2.4679,2.4686,2.4310,2.4361,16543288.6
2025-10-11T19:15:00+00:00,2.4360,2.4375,2.4048,2.4221,21541374.5
2025-10-11T19:30:00+00:00,2.4220,2.4230,2.4006,2.4040,12536731.9
2025-10-11T19:45:00+00:00,2.4040,2.4131,2.3821,2.4083,19183716.6
2025-10-11T20:00:00+00:00,2.4082,2.4109,2.3843,2.3869,14208235.3
2025-10-11T20:15:00+00:00,2.3868,2.3946,2.3667,2.3734,18017169.8
2025-10-11T20:30:00+00:00,2.3735,2.3741,2.3526,2.3562,20558913.7
2025-10-11T20:45:00+00:00,2.3561,2.3797,2.3353,2.3532,21474575.6
2025-10-11T21:00:00+00:00,2.3533,2.3569,2.3218,2.3420,23071250.3
2025-10-11T21:15:00+00:00,2.3419,2.3832,2.3388,2.3673,24120521.5
2025-10-11T21:30:00+00:00,2.3673,2.3767,2.3529,2.3626,11345556.5
2025-10-11T21:45:00+00:00,2.3625,2.3862,2.3625,2.3841,7761049.7
2025-10-11T22:00:00+00:00,2.3840,2.3958,2.3788,2.3847,19106631.2
2025-10-11T22:15:00+00:00,2.3847,2.3954,2.3778,2.3924,8945254.6
2025-10-11T22:30:00+00:00,2.3923,2.4052,2.3865,2.3893,9867918.9
2025-10-11T22:45:00+00:00,2.3893,2.3970,2.3869,2.3946,5548669.3
2025-10-11T23:00:00+00:00,2.3946,2.3989,2.3806,2.3863,9254852.7
2025-10-11T23:15:00+00:00,2.3862,2.3994,2.3816,2.3976,5495798.5
2025-10-11T23:30:00+00:00,2.3975,2.3991,2.3825,2.3857,7037571.2
2025-10-11T23:45:00+00:00,2.3858,2.3863,2.3746,2.3806,8104945.3
2025-10-12T00:00:00+00:00,2.3807,2.3837,2.3674,2.3719,10507657.4
2025-10-12T00:15:00+00:00,2.3718,2.3856,2.3617,2.3632,9232729.3
2025-10-12T00:30:00+00:00,2.3631,2.3850,2.3546,2.3587,11366925.4
2025-10-12T00:45:00+00:00,2.3587,2.3646,2.3362,2.3405,9129347.5
2025-10-12T01:00:00+00:00,2.3404,2.3523,2.3365,2.3464,10353509.6
2025-10-12T01:15:00+00:00,2.3463,2.3563,2.3263,2.3318,11364451.5
2025-10-12T01:30:00+00:00,2.3318,2.3410,2.3230,2.3371,11602530.1
2025-10-12T01:45:00+00:00,2.3372,2.3499,2.3224,2.3258,10263956.1
2025-10-12T02:00:00+00:00,2.3258,2.3294,2.3131,2.3212,15806444.4
2025-10-12T02:15:00+00:00,2.3213,2.3453,2.3211,2.3412,11662232.5
2025-10-12T02:30:00+00:00,2.3411,2.3502,2.3158,2.3230,11836427.5
2025-10-12T02:45:00+00:00,2.3230,2.3266,2.3102,2.3247,8292008.2
2025-10-12T03:00:00+00:00,2.3247,2.3577,2.3199,2.3460,15777822.1
2025-10-12T03:15:00+00:00,2.3460,2.3629,2.3357,2.3522,13520505.6
2025-10-12T03:30:00+00:00,2.3522,2.3678,2.3461,2.3492,10289732.2
2025-10-12T03:45:00+00:00,2.3491,2.3495,2.3332,2.3403,6004292.9
2025-10-12T04:00:00+00:00,2.3402,2.3593,2.3379,2.3579,8497078.3
2025-10-12T04:15:00+00:00,2.3578,2.3745,2.3576,2.3647,8994916.6
2025-10-12T04:30:00+00:00,2.3647,2.3755,2.3572,2.3607,6978029.4
2025-10-12T04:45:00+00:00,2.3608,2.3695,2.3523,2.3611,5380377.0
2025-10-12T05:00:00+00:00,2.3610,2.3626,2.3479,2.3541,4997287.6
2025-10-12T05:15:00+00:00,2.3542,2.3734,2.3542,2.3718,8112061.6
2025-10-12T05:30:00+00:00,2.3719,2.3740,2.3655,2.3721,6465803.9
2025-10-12T05:45:00+00:00,2.3722,2.3778,2.3708,2.3723,4645435.4
2025-10-12T06:00:00+00:00,2.3722,2.3848,2.3674,2.3823,6815743.3
2025-10-12T06:15:00+00:00,2.3823,2.3960,2.3798,2.3903,7018076.6
2025-10-12T06:30:00+00:00,2.3904,2.3946,2.3849,2.3945,4536046.6
2025-10-12T06:45:00+00:00,2.3944,2.3993,2.3855,2.3882,5656733.5
2025-10-12T07:00:00+00:00,2.3882,2.3957,2.3842,2.3851,3638195.4
2025-10-12T07:15:00+00:00,2.3850,2.3925,2.3779,2.3792,5724250.5
2025-10-12T07:30:00+00:00,2.3792,2.3828,2.3741,2.3820,5382653.1
2025-10-12T07:45:00+00:00,2.3819,2.3900,2.3797,2.3883,3197347.1
2025-10-12T08:00:00+00:00,2.3882,2.3960,2.3848,2.3931,5674322.6
2025-10-12T08:15:00+00:00,2.3931,2.4007,2.3929,2.3953,5730443.7
2025-10-12T08:30:00+00:00,2.3953,2.3955,2.3877,2.3910,5780935.5
2025-10-12T08:45:00+00:00,2.3909,2.3918,2.3803,2.3812,5084308.8
2025-10-12T09:00:00+00:00,2.3811,2.3827,2.3674,2.3753,8239935.2
2025-10-12T09:15:00+00:00,2.3753,2.3969,2.3752,2.3908,7083017.3
2025-10-12T09:30:00+00:00,2.3907,2.3950,2.3833,2.3941,4137833.6
2025-10-12T09:45:00+00:00,2.3941,2.4023,2.3878,2.3994,6075579.5
2025-10-12T10:00:00+00:00,2.3995,2.4097,2.3935,2.3973,7796326.1
2025-10-12T10:15:00+00:00,2.3972,2.3976,2.3845,2.3866,5888758.9
2025-10-12T10:30:00+00:00,2.3866,2.3946,2.3836,2.3912,3848155.6
2025-10-12T10:45:00+00:00,2.3912,2.3955,2.3848,2.3865,4287054.8
2025-10-12T11:00:00+00:00,2.3865,2.4014,2.3863,2.3962,5541498.4
2025-10-12T11:15:00+00:00,2.3962,2.3968,2.3869,2.3942,5085682.5
2025-10-12T11:30:00+00:00,2.3941,2.4044,2.3892,2.3947,16287677.1
2025-10-12T11:45:00+00:00,2.3946,2.3985,2.3904,2.3956,8325068.1
2025-10-12T12:00:00+00:00,2.3956,2.4109,2.3950,2.4098,12400948.3
2025-10-12T12:15:00+00:00,2.4097,2.4196,2.4050,2.4147,14612677.2
2025-10-12T12:30:00+00:00,2.4147,2.4174,2.4065,2.4134,12897683.1
2025-10-12T12:45:00+00:00,2.4134,2.4135,2.4028,2.4052,9651100.1
2025-10-12T13:00:00+00:00,2.4052,2.4125,2.3978,2.4108,11863270.7
2025-10-12T13:15:00+00:00,2.4107,2.4135,2.3907,2.3976,15398615.8
2025-10-12T13:30:00+00:00,2.3976,2.3982,2.3770,2.3890,21236902.5
2025-10-12T13:45:00+00:00,2.3891,2.3896,2.3701,2.3741,19696257.5
2025-10-12T14:00:00+00:00,2.3742,2.3878,2.3731,2.3815,18173150.1
2025-10-12T14:15:00+00:00,2.3815,2.3854,2.3750,2.3788,14387092.9
2025-10-12T14:30:00+00:00,2.3789,2.3830,2.3597,2.3687,23275211.8
2025-10-12T14:45:00+00:00,2.3687,2.4784,2.3681,2.4399,105758435.3
2025-10-12T15:00:00+00:00,2.4398,2.4919,2.4354,2.4914,53185882.6
2025-10-12T15:15:00+00:00,2.4913,2.5144,2.4760,2.4934,49626542.9
2025-10-12T15:30:00+00:00,2.4934,2.4951,2.4571,2.4708,36559144.1
2025-10-12T15:45:00+00:00,2.4708,2.4935,2.4708,2.4869,29303187.0
2025-10-12T16:00:00+00:00,2.4868,2.5269,2.4867,2.5027,38359506.4
2025-10-12T16:15:00+00:00,2.5028,2.5043,2.4860,2.4968,15381602.7
2025-10-12T16:30:00+00:00,2.4969,2.5200,2.4871,2.5180,24592356.6
2025-10-12T16:45:00+00:00,2.5181,2.5402,2.4923,2.5163,29905503.9
2025-10-12T17:00:00+00:00,2.5164,2.5293,2.5000,2.5254,15914286.6
2025-10-12T17:15:00+00:00,2.5255,2.5332,2.5200,2.5310,11374292.0
2025-10-12T17:30:00+00:00,2.5311,2.5430,2.5221,2.5313,10991292.8
2025-10-12T17:45:00+00:00,2.5314,2.5389,2.5101,2.5268,11558202.9
2025-10-12T18:00:00+00:00,2.5268,2.5368,2.5228,2.5280,7887660.4
2025-10-12T18:15:00+00:00,2.5279,2.5399,2.5241,2.5296,6936944.3
2025-10-12T18:30:00+00:00,2.5296,2.5351,2.5104,2.5108,9020165.9
2025-10-12T18:45:00+00:00,2.5109,2.5122,2.5026,2.5114,8470325.7
2025-10-12T19:00:00+00:00,2.5113,2.5370,2.5105,2.5345,6602910.4
2025-10-12T19:15:00+00:00,2.5345,2.5413,2.5307,2.5330,6529779.7
2025-10-12T19:30:00+00:00,2.5330,2.5394,2.5270,2.5384,4966101.5
2025-10-12T19:45:00+00:00,2.5384,2.5509,2.5364,2.5457,6391297.8
2025-10-12T20:00:00+00:00,2.5457,2.5548,2.5433,2.5462,7120681.3
2025-10-12T20:15:00+00:00,2.5462,2.5580,2.5450,2.5575,5747575.6
2025-10-12T20:30:00+00:00,2.5574,2.5671,2.5501,2.5658,11440264.8
2025-10-12T20:45:00+00:00,2.5658,2.5822,2.5509,2.5565,14426130.5
2025-10-12T21:00:00+00:00,2.5564,2.5674,2.5447,2.5567,9036788.7
2025-10-12T21:15:00+00:00,2.5568,2.5630,2.5267,2.5412,11965558.3
2025-10-12T21:30:00+00:00,2.5412,2.5412,2.5103,2.5297,11127488.6
2025-10-12T21:45:00+00:00,2.5296,2.5436,2.5288,2.5432,3580355.9
2025-10-12T22:00:00+00:00,2.5433,2.5584,2.5263,2.5342,13856525.9
2025-10-12T22:15:00+00:00,2.5342,2.5445,2.5147,2.5241,14439539.2
2025-10-12T22:30:00+00:00,2.5241,2.5373,2.5206,2.5340,9602698.1
2025-10-12T22:45:00+00:00,2.5340,2.5387,2.5259,2.5310,8978562.0
2025-10-12T23:00:00+00:00,2.5310,2.5310,2.5140,2.5191,12035632.1
2025-10-12T23:15:00+00:00,2.5191,2.5283,2.5070,2.5258,8975749.8
2025-10-12T23:30:00+00:00,2.5258,2.5344,2.5189,2.5251,6100062.8
2025-10-12T23:45:00+00:00,2.5252,2.5334,2.5192,2.5271,4676721.5
2025-10-13T00:00:00+00:00,2.5271,2.5295,2.5132,2.5260,9827538.1
2025-10-13T00:15:00+00:00,2.5260,2.5476,2.5253,2.5303,10811188.2
2025-10-13T00:30:00+00:00,2.5303,2.5338,2.5132,2.5224,10508532.0
2025-10-13T00:45:00+00:00,2.5224,2.5376,2.5144,2.5272,8862646.7
2025-10-13T01:00:00+00:00,2.5271,2.5282,2.5107,2.5170,9459654.5
2025-10-13T01:15:00+00:00,2.5170,2.5363,2.5134,2.5287,8214490.0
2025-10-13T01:30:00+00:00,2.5286,2.5391,2.5264,2.5351,6122715.0
2025-10-13T01:45:00+00:00,2.5351,2.5484,2.5312,2.5480,5350378.0
2025-10-13T02:00:00+00:00,2.5480,2.5592,2.5300,2.5392,9417120.4
2025-10-13T02:15:00+00:00,2.5393,2.5466,2.5295,2.5413,6729469.2
2025-10-13T02:30:00+00:00,2.5412,2.5480,2.5356,2.5460,5100995.5
2025-10-13T02:45:00+00:00,2.5459,2.5599,2.5445,2.5572,9232316.1
2025-10-13T03:00:00+00:00,2.5571,2.5701,2.5513,2.5618,10090385.9
2025-10-13T03:15:00+00:00,2.5617,2.5727,2.5587,2.5681,8090597.7
2025-10-13T03:30:00+00:00,2.5680,2.5709,2.5503,2.5544,10688767.5
2025-10-13T03:45:00+00:00,2.5543,2.5571,2.5447,2.5494,6788714.4
2025-10-13T04:00:00+00:00,2.5495,2.5571,2.5451,2.5484,5845662.2
2025-10-13T04:15:00+00:00,2.5485,2.5680,2.5484,2.5638,12372351.2
2025-10-13T04:30:00+00:00,2.5639,2.5753,2.5601,2.5699,20108527.1
2025-10-13T04:45:00+00:00,2.5700,2.5795,2.5650,2.5757,18038154.5
2025-10-13T05:00:00+00:00,2.5756,2.5780,2.5559,2.5599,20194476.6
2025-10-13T05:15:00+00:00,2.5599,2.5633,2.5396,2.5470,20544029.1
2025-10-13T05:30:00+00:00,2.5469,2.5505,2.5412,2.5420,13440263.4
2025-10-13T05:45:00+00:00,2.5420,2.5479,2.5386,2.5478,11512950.8
2025-10-13T06:00:00+00:00,2.5479,2.5581,2.5318,2.5554,21189798.1
2025-10-13T06:15:00+00:00,2.5555,2.5810,2.5545,2.5794,18526269.0
2025-10-13T06:30:00+00:00,2.5794,2.6008,2.5763,2.5864,26258680.0
2025-10-13T06:45:00+00:00,2.5863,2.6077,2.5842,2.6038,19922894.7
2025-10-13T07:00:00+00:00,2.6037,2.6197,2.5951,2.6157,24250622.6
2025-10-13T07:15:00+00:00,2.6156,2.6304,2.6140,2.6265,20399489.7
2025-10-13T07:30:00+00:00,2.6265,2.6355,2.6163,2.6292,18215029.6
2025-10-13T07:45:00+00:00,2.6291,2.6292,2.6120,2.6197,19724559.9
2025-10-13T08:00:00+00:00,2.6197,2.6209,2.6051,2.6117,21751794.1
2025-10-13T08:15:00+00:00,2.6117,2.6220,2.6083,2.6161,13886099.9
2025-10-13T08:30:00+00:00,2.6161,2.6370,2.6160,2.6243,17556526.2
2025-10-13T08:45:00+00:00,2.6243,2.6413,2.6240,2.6319,15256870.0
2025-10-13T09:00:00+00:00,2.6319,2.6366,2.6161,2.6184,19400034.3
2025-10-13T09:15:00+00:00,2.6185,2.6266,2.6144,2.6194,13111738.8
2025-10-13T09:30:00+00:00,2.6194,2.6350,2.6189,2.6207,14233871.6
2025-10-13T09:45:00+00:00,2.6208,2.6228,2.6149,2.6204,9695362.1
2025-10-13T10:00:00+00:00,2.6204,2.6223,2.6004,2.6018,23014000.7
2025-10-13T10:15:00+00:00,2.6019,2.6029,2.5911,2.5943,17723098.2
2025-10-13T10:30:00+00:00,2.5943,2.6030,2.5900,2.6011,14549194.7
2025-10-13T10:45:00+00:00,2.6010,2.6022,2.5950,2.5991,11209094.5
2025-10-13T11:00:00+00:00,2.5991,2.6026,2.5711,2.5886,37969056.0
2025-10-13T11:15:00+00:00,2.5885,2.5895,2.5345,2.5368,37673054.9
2025-10-13T11:30:00+00:00,2.5370,2.5750,2.5355,2.5700,28876981.2
2025-10-13T11:45:00+00:00,2.5700,2.5772,2.5625,2.5682,17610831.3
2025-10-13T12:00:00+00:00,2.5681,2.5857,2.5543,2.5794,22060689.9
2025-10-13T12:15:00+00:00,2.5794,2.5812,2.5640,2.5720,16729168.6
2025-10-13T12:30:00+00:00,2.5719,2.5899,2.5680,2.5770,19161757.8
2025-10-13T12:45:00+00:00,2.5771,2.5818,2.5628,2.5684,18714393.8
2025-10-13T13:00:00+00:00,2.5683,2.5761,2.5527,2.5570,27940824.5
2025-10-13T13:15:00+00:00,2.5570,2.5650,2.5495,2.5547,17046422.5
2025-10-13T13:30:00+00:00,2.5547,2.6153,2.5533,2.5946,66301907.1
2025-10-13T13:45:00+00:00,2.5946,2.6074,2.5720,2.6024,33499690.5
2025-10-13T14:00:00+00:00,2.6024,2.6118,2.5776,2.5809,26304460.7
2025-10-13T14:15:00+00:00,2.5809,2.5865,2.5536,2.5670,25829753.7
2025-10-13T14:30:00+00:00,2.5669,2.5890,2.5517,2.5772,25766114.1
2025-10-13T14:45:00+00:00,2.5773,2.5805,2.5522,2.5563,23034274.2
2025-10-13T15:00:00+00:00,2.5563,2.5811,2.5540,2.5736,20399389.8
2025-10-13T15:15:00+00:00,2.5736,2.5863,2.5700,2.5777,16937087.5
2025-10-13T15:30:00+00:00,2.5778,2.5935,2.5702,2.5746,16603979.7
2025-10-13T15:45:00+00:00,2.5746,2.5959,2.5739,2.5861,17823953.8
2025-10-13T16:00:00+00:00,2.5861,2.5982,2.5831,2.5896,22402591.2
2025-10-13T16:15:00+00:00,2.5896,2.5991,2.5688,2.5819,23098466.5
2025-10-13T16:30:00+00:00,2.5819,2.5878,2.5747,2.5770,16948700.6
2025-10-13T16:45:00+00:00,2.5769,2.6001,2.5760,2.5923,16895966.7
2025-10-13T17:00:00+00:00,2.5924,2.6181,2.5893,2.5959,22984941.9
2025-10-13T17:15:00+00:00,2.5958,2.5983,2.5953,2.5977,450737.0
