timestamp,open,high,low,close,volume
2025-07-15T17:15:00+00:00,3.994,4.036,3.986,4.032,655775.3
2025-07-15T17:30:00+00:00,4.032,4.069,4.022,4.064,1163497.9
2025-07-15T17:45:00+00:00,4.064,4.092,4.056,4.092,618524.7
2025-07-15T18:00:00+00:00,4.091,4.098,4.079,4.081,1099362.5
2025-07-15T18:15:00+00:00,4.081,4.096,4.047,4.052,1488136.8
2025-07-15T18:30:00+00:00,4.053,4.054,3.989,4.013,1590131.3
2025-07-15T18:45:00+00:00,4.012,4.041,4.009,4.011,696068.0
2025-07-15T19:00:00+00:00,4.011,4.044,4.007,4.036,409413.0
2025-07-15T19:15:00+00:00,4.035,4.040,4.015,4.016,452411.4
2025-07-15T19:30:00+00:00,4.016,4.019,3.964,3.970,763543.6
2025-07-15T19:45:00+00:00,3.970,3.973,3.946,3.950,1394447.0
2025-07-15T20:00:00+00:00,3.949,3.989,3.934,3.977,1074455.3
2025-07-15T20:15:00+00:00,3.978,3.990,3.956,3.973,564080.0
2025-07-15T20:30:00+00:00,3.972,3.986,3.953,3.973,431006.6
2025-07-15T20:45:00+00:00,3.974,3.982,3.965,3.966,190679.8
2025-07-15T21:00:00+00:00,3.966,4.025,3.962,4.021,546222.6
2025-07-15T21:15:00+00:00,4.021,4.021,3.998,4.005,263495.7
2025-07-15T21:30:00+00:00,4.006,4.044,4.004,4.039,300540.1
2025-07-15T21:45:00+00:00,4.040,4.043,4.024,4.040,269646.7
2025-07-15T22:00:00+00:00,4.040,4.043,4.010,4.022,345757.1
2025-07-15T22:15:00+00:00,4.023,4.033,4.020,4.023,177890.8
2025-07-15T22:30:00+00:00,4.022,4.028,4.005,4.026,270046.7
2025-07-15T22:45:00+00:00,4.026,4.034,4.019,4.031,182249.2
2025-07-15T23:00:00+00:00,4.031,4.084,4.030,4.072,782669.7
2025-07-15T23:15:00+00:00,4.072,4.084,4.064,4.076,292778.5
2025-07-15T23:30:00+00:00,4.077,4.099,4.069,4.090,482865.6
2025-07-15T23:45:00+00:00,4.090,4.096,4.072,4.082,224247.6
2025-07-16T00:00:00+00:00,4.083,4.086,4.056,4.058,457064.3
2025-07-16T00:15:00+00:00,4.058,4.079,4.057,4.071,254151.1
2025-07-16T00:30:00+00:00,4.071,4.113,4.071,4.106,514632.5
2025-07-16T00:45:00+00:00,4.106,4.120,4.092,4.114,437089.0
2025-07-16T01:00:00+00:00,4.113,4.125,4.102,4.111,411868.3
2025-07-16T01:15:00+00:00,4.112,4.125,4.108,4.110,436582.3
2025-07-16T01:30:00+00:00,4.109,4.116,4.099,4.104,283839.6
2025-07-16T01:45:00+00:00,4.105,4.114,4.093,4.099,308730.9
2025-07-16T02:00:00+00:00,4.098,4.102,4.068,4.075,531483.2
2025-07-16T02:15:00+00:00,4.074,4.075,4.026,4.033,899191.5
2025-07-16T02:30:00+00:00,4.033,4.038,4.011,4.020,375844.9
2025-07-16T02:45:00+00:00,4.020,4.043,4.019,4.033,267877.6
2025-07-16T03:00:00+00:00,4.034,4.050,4.028,4.030,267061.5
2025-07-16T03:15:00+00:00,4.031,4.050,4.031,4.038,190754.1
2025-07-16T03:30:00+00:00,4.037,4.056,4.037,4.049,159395.2
2025-07-16T03:45:00+00:00,4.049,4.051,4.037,4.043,131353.6
2025-07-16T04:00:00+00:00,4.043,4.047,4.012,4.013,286419.2
2025-07-16T04:15:00+00:00,4.014,4.041,4.014,4.040,176846.5
2025-07-16T04:30:00+00:00,4.040,4.054,4.030,4.047,188408.9
2025-07-16T04:45:00+00:00,4.046,4.063,4.037,4.062,171879.2
2025-07-16T05:00:00+00:00,4.061,4.081,4.059,4.078,362019.8
2025-07-16T05:15:00+00:00,4.078,4.080,4.061,4.067,233729.4
2025-07-16T05:30:00+00:00,4.066,4.080,4.063,4.077,135097.6
2025-07-16T05:45:00+00:00,4.077,4.082,4.064,4.069,169582.4
2025-07-16T06:00:00+00:00,4.069,4.071,4.056,4.057,248775.5
2025-07-16T06:15:00+00:00,4.058,4.086,4.058,4.077,360246.2
2025-07-16T06:30:00+00:00,4.076,4.096,4.073,4.095,414371.0
2025-07-16T06:45:00+00:00,4.094,4.104,4.089,4.101,266417.8
2025-07-16T07:00:00+00:00,4.101,4.106,4.093,4.098,318793.8
2025-07-16T07:15:00+00:00,4.098,4.116,4.096,4.109,245912.3
2025-07-16T07:30:00+00:00,4.109,4.138,4.109,4.133,660060.6
2025-07-16T07:45:00+00:00,4.133,4.144,4.125,4.125,510653.7
2025-07-16T08:00:00+00:00,4.126,4.133,4.118,4.129,502487.7
2025-07-16T08:15:00+00:00,4.130,4.140,4.124,4.129,336574.1
2025-07-16T08:30:00+00:00,4.129,4.139,4.126,4.129,292339.7
2025-07-16T08:45:00+00:00,4.129,4.130,4.113,4.117,525043.3
2025-07-16T09:00:00+00:00,4.118,4.137,4.114,4.137,428940.2
2025-07-16T09:15:00+00:00,4.138,4.140,4.119,4.124,387420.3
2025-07-16T09:30:00+00:00,4.124,4.134,4.094,4.101,623462.0
2025-07-16T09:45:00+00:00,4.101,4.123,4.095,4.107,537180.0
2025-07-16T10:00:00+00:00,4.108,4.109,4.097,4.102,368817.1
2025-07-16T10:15:00+00:00,4.102,4.112,4.093,4.104,223676.2
2025-07-16T10:30:00+00:00,4.104,4.126,4.093,4.107,496703.5
2025-07-16T10:45:00+00:00,4.107,4.109,4.092,4.096,301058.7
2025-07-16T11:00:00+00:00,4.096,4.120,4.096,4.119,376218.5
2025-07-16T11:15:00+00:00,4.119,4.128,4.111,4.125,397610.7
2025-07-16T11:30:00+00:00,4.125,4.125,4.107,4.114,174891.8
2025-07-16T11:45:00+00:00,4.113,4.120,4.109,4.117,240728.4
2025-07-16T12:00:00+00:00,4.117,4.145,4.111,4.119,673124.8
2025-07-16T12:15:00+00:00,4.118,4.131,4.114,4.130,317991.8
2025-07-16T12:30:00+00:00,4.129,4.143,4.117,4.133,663663.1
2025-07-16T12:45:00+00:00,4.132,4.133,4.104,4.110,749026.4
2025-07-16T13:00:00+00:00,4.111,4.138,4.100,4.126,645442.2
2025-07-16T13:15:00+00:00,4.127,4.133,4.115,4.121,339901.2
2025-07-16T13:30:00+00:00,4.121,4.127,4.094,4.097,557738.8
2025-07-16T13:45:00+00:00,4.097,4.122,4.095,4.118,524816.9
2025-07-16T14:00:00+00:00,4.118,4.123,4.086,4.086,494972.4
2025-07-16T14:15:00+00:00,4.086,4.103,4.080,4.101,546305.0
2025-07-16T14:30:00+00:00,4.100,4.147,4.096,4.139,1360469.5
2025-07-16T14:45:00+00:00,4.138,4.171,4.138,4.169,1109379.2
2025-07-16T15:00:00+00:00,4.170,4.186,4.140,4.147,994521.8
2025-07-16T15:15:00+00:00,4.146,4.151,4.115,4.147,944495.7
2025-07-16T15:30:00+00:00,4.147,4.149,4.092,4.124,1079459.3
2025-07-16T15:45:00+00:00,4.125,4.138,4.111,4.133,580683.4
2025-07-16T16:00:00+00:00,4.134,4.144,4.111,4.139,621450.3
2025-07-16T16:15:00+00:00,4.138,4.181,4.131,4.171,593461.9
2025-07-16T16:30:00+00:00,4.171,4.185,4.149,4.170,666106.7
2025-07-16T16:45:00+00:00,4.171,4.189,4.166,4.186,371856.6
2025-07-16T17:00:00+00:00,4.186,4.190,4.175,4.179,429832.8
2025-07-16T17:15:00+00:00,4.180,4.190,4.163,4.167,624447.6
2025-07-16T17:30:00+00:00,4.167,4.182,4.159,4.177,385238.7
2025-07-16T17:45:00+00:00,4.178,4.205,4.177,4.190,806876.1
2025-07-16T18:00:00+00:00,4.190,4.222,4.189,4.203,738396.0
2025-07-16T18:15:00+00:00,4.203,4.212,4.196,4.200,460738.2
2025-07-16T18:30:00+00:00,4.200,4.234,4.200,4.225,691098.2
2025-07-16T18:45:00+00:00,4.224,4.224,4.180,4.184,812444.8
2025-07-16T19:00:00+00:00,4.184,4.191,4.164,4.170,532666.1
2025-07-16T19:15:00+00:00,4.171,4.182,4.168,4.169,288925.2
2025-07-16T19:30:00+00:00,4.169,4.169,4.144,4.163,502280.7
2025-07-16T19:45:00+00:00,4.163,4.178,4.151,4.171,314010.4
2025-07-16T20:00:00+00:00,4.171,4.207,4.171,4.204,1080525.5
2025-07-16T20:15:00+00:00,4.203,4.236,4.198,4.235,460621.6
2025-07-16T20:30:00+00:00,4.235,4.238,4.213,4.224,585450.9
2025-07-16T20:45:00+00:00,4.224,4.224,4.187,4.204,683495.9
2025-07-16T21:00:00+00:00,4.204,4.231,4.193,4.224,384653.5
2025-07-16T21:15:00+00:00,4.224,4.269,4.218,4.266,881818.7
2025-07-16T21:30:00+00:00,4.265,4.265,4.212,4.229,669684.2
2025-07-16T21:45:00+00:00,4.230,4.253,4.230,4.240,359258.6
2025-07-16T22:00:00+00:00,4.241,4.269,4.241,4.254,931313.3
2025-07-16T22:15:00+00:00,4.254,4.256,4.212,4.216,386476.1
2025-07-16T22:30:00+00:00,4.217,4.224,4.199,4.214,389526.3
2025-07-16T22:45:00+00:00,4.214,4.217,4.177,4.190,588965.0
2025-07-16T23:00:00+00:00,4.189,4.195,4.155,4.169,593769.1
2025-07-16T23:15:00+00:00,4.169,4.169,4.136,4.159,844766.8
2025-07-16T23:30:00+00:00,4.160,4.169,4.145,4.169,339468.9
2025-07-16T23:45:00+00:00,4.169,4.169,4.147,4.156,345054.5
2025-07-17T00:00:00+00:00,4.156,4.177,4.153,4.165,386880.9
2025-07-17T00:15:00+00:00,4.165,4.218,4.165,4.204,713720.2
2025-07-17T00:30:00+00:00,4.204,4.216,4.194,4.208,330197.8
2025-07-17T00:45:00+00:00,4.207,4.208,4.163,4.164,364449.2
2025-07-17T01:00:00+00:00,4.164,4.187,4.157,4.180,620127.2
2025-07-17T01:15:00+00:00,4.180,4.180,4.134,4.149,916182.8
2025-07-17T01:30:00+00:00,4.148,4.155,4.110,4.122,888105.4
2025-07-17T01:45:00+00:00,4.122,4.123,4.065,4.110,1845733.1
2025-07-17T02:00:00+00:00,4.110,4.132,4.105,4.123,621242.9
2025-07-17T02:15:00+00:00,4.122,4.145,4.118,4.136,317857.5
2025-07-17T02:30:00+00:00,4.135,4.143,4.128,4.134,247106.6
2025-07-17T02:45:00+00:00,4.133,4.152,4.114,4.143,280854.4
2025-07-17T03:00:00+00:00,4.144,4.147,4.108,4.112,411068.2
2025-07-17T03:15:00+00:00,4.112,4.121,4.076,4.081,544054.2
2025-07-17T03:30:00+00:00,4.080,4.097,4.068,4.088,597394.2
2025-07-17T03:45:00+00:00,4.088,4.101,4.077,4.096,261054.0
2025-07-17T04:00:00+00:00,4.095,4.115,4.081,4.110,239873.6
2025-07-17T04:15:00+00:00,4.109,4.123,4.101,4.116,374757.8
2025-07-17T04:30:00+00:00,4.117,4.136,4.116,4.128,320890.1
2025-07-17T04:45:00+00:00,4.128,4.145,4.125,4.144,183270.5
2025-07-17T05:00:00+00:00,4.143,4.143,4.120,4.124,203220.7
2025-07-17T05:15:00+00:00,4.124,4.150,4.123,4.149,265321.9
2025-07-17T05:30:00+00:00,4.148,4.171,4.138,4.164,1108180.5
2025-07-17T05:45:00+00:00,4.163,4.177,4.157,4.176,435436.6
2025-07-17T06:00:00+00:00,4.176,4.201,4.168,4.171,767748.8
2025-07-17T06:15:00+00:00,4.171,4.217,4.156,4.213,1010267.0
2025-07-17T06:30:00+00:00,4.213,4.217,4.196,4.214,664742.0
2025-07-17T06:45:00+00:00,4.214,4.225,4.203,4.212,455772.9
2025-07-17T07:00:00+00:00,4.211,4.213,4.164,4.170,1202204.6
2025-07-17T07:15:00+00:00,4.171,4.182,4.156,4.164,488321.9
2025-07-17T07:30:00+00:00,4.164,4.208,4.159,4.202,563794.5
2025-07-17T07:45:00+00:00,4.201,4.205,4.185,4.188,493030.7
2025-07-17T08:00:00+00:00,4.188,4.210,4.180,4.199,710943.2
2025-07-17T08:15:00+00:00,4.198,4.214,4.195,4.207,743667.9
2025-07-17T08:30:00+00:00,4.206,4.210,4.182,4.203,487558.0
2025-07-17T08:45:00+00:00,4.203,4.228,4.185,4.227,1237554.9
2025-07-17T09:00:00+00:00,4.225,4.262,4.216,4.256,1379426.3
2025-07-17T09:15:00+00:00,4.255,4.277,4.246,4.269,1117803.7
2025-07-17T09:30:00+00:00,4.269,4.274,4.252,4.273,644184.0
2025-07-17T09:45:00+00:00,4.272,4.274,4.253,4.254,527784.3
2025-07-17T10:00:00+00:00,4.253,4.266,4.211,4.236,1221249.2
2025-07-17T10:15:00+00:00,4.235,4.250,4.219,4.227,498738.2
2025-07-17T10:30:00+00:00,4.227,4.240,4.210,4.215,517687.5
2025-07-17T10:45:00+00:00,4.216,4.245,4.216,4.231,359468.5
2025-07-17T11:00:00+00:00,4.232,4.234,4.208,4.233,315380.7
2025-07-17T11:15:00+00:00,4.232,4.245,4.226,4.233,376694.5
2025-07-17T11:30:00+00:00,4.232,4.234,4.206,4.224,362022.9
2025-07-17T11:45:00+00:00,4.224,4.241,4.218,4.224,332572.4
2025-07-17T12:00:00+00:00,4.224,4.236,4.183,4.211,721321.9
2025-07-17T12:15:00+00:00,4.210,4.222,4.192,4.192,455489.6
2025-07-17T12:30:00+00:00,4.191,4.243,4.189,4.241,666456.6
2025-07-17T12:45:00+00:00,4.242,4.269,4.238,4.255,650258.2
2025-07-17T13:00:00+00:00,4.254,4.269,4.227,4.234,743402.6
2025-07-17T13:15:00+00:00,4.234,4.235,4.214,4.223,561157.6
2025-07-17T13:30:00+00:00,4.222,4.226,4.166,4.168,1216763.9
2025-07-17T13:45:00+00:00,4.167,4.207,4.138,4.201,1525724.1
2025-07-17T14:00:00+00:00,4.200,4.214,4.183,4.196,494451.2
2025-07-17T14:15:00+00:00,4.197,4.211,4.180,4.209,534990.5
2025-07-17T14:30:00+00:00,4.208,4.232,4.205,4.219,433437.6
2025-07-17T14:45:00+00:00,4.220,4.233,4.200,4.210,371004.6
2025-07-17T15:00:00+00:00,4.211,4.215,4.164,4.166,605059.3
2025-07-17T15:15:00+00:00,4.167,4.196,4.154,4.179,517211.1
2025-07-17T15:30:00+00:00,4.180,4.203,4.178,4.201,380023.6
2025-07-17T15:45:00+00:00,4.200,4.206,4.184,4.190,344642.8
2025-07-17T16:00:00+00:00,4.189,4.201,4.161,4.171,613212.8
2025-07-17T16:15:00+00:00,4.170,4.170,4.119,4.131,1152473.5
2025-07-17T16:30:00+00:00,4.131,4.152,4.100,4.142,1299484.8
2025-07-17T16:45:00+00:00,4.141,4.145,4.118,4.140,550940.6
2025-07-17T17:00:00+00:00,4.141,4.158,4.122,4.156,455252.5
2025-07-17T17:15:00+00:00,4.157,4.167,4.141,4.156,478780.1
2025-07-17T17:30:00+00:00,4.156,4.168,4.135,4.150,316076.3
2025-07-17T17:45:00+00:00,4.149,4.194,4.140,4.190,697875.5
2025-07-17T18:00:00+00:00,4.190,4.199,4.175,4.178,453288.7
2025-07-17T18:15:00+00:00,4.178,4.194,4.173,4.179,330093.3
2025-07-17T18:30:00+00:00,4.180,4.195,4.177,4.178,191781.8
2025-07-17T18:45:00+00:00,4.179,4.196,4.172,4.194,238876.3
2025-07-17T19:00:00+00:00,4.194,4.209,4.194,4.200,252726.2
2025-07-17T19:15:00+00:00,4.199,4.202,4.186,4.188,268597.7
2025-07-17T19:30:00+00:00,4.188,4.189,4.163,4.171,462225.3
2025-07-17T19:45:00+00:00,4.171,4.171,4.117,4.122,660227.9
2025-07-17T20:00:00+00:00,4.122,4.128,4.080,4.103,1293161.6
2025-07-17T20:15:00+00:00,4.103,4.126,4.073,4.119,871007.0
2025-07-17T20:30:00+00:00,4.118,4.143,4.115,4.125,532880.2
2025-07-17T20:45:00+00:00,4.126,4.141,4.115,4.133,360828.4
2025-07-17T21:00:00+00:00,4.133,4.203,4.131,4.202,1114087.5
2025-07-17T21:15:00+00:00,4.202,4.228,4.196,4.214,921499.5
2025-07-17T21:30:00+00:00,4.215,4.215,4.147,4.188,664765.2
2025-07-17T21:45:00+00:00,4.188,4.223,4.186,4.209,751653.1
2025-07-17T22:00:00+00:00,4.209,4.241,4.198,4.239,583562.0
2025-07-17T22:15:00+00:00,4.239,4.241,4.216,4.234,388463.8
2025-07-17T22:30:00+00:00,4.235,4.272,4.229,4.266,706560.4
2025-07-17T22:45:00+00:00,4.266,4.290,4.242,4.260,1249344.2
2025-07-17T23:00:00+00:00,4.260,4.274,4.236,4.271,453070.1
2025-07-17T23:15:00+00:00,4.272,4.305,4.271,4.290,836167.6
2025-07-17T23:30:00+00:00,4.290,4.301,4.265,4.288,580224.1
2025-07-17T23:45:00+00:00,4.288,4.299,4.252,4.260,436791.2
2025-07-18T00:00:00+00:00,4.259,4.282,4.234,4.244,583513.5
2025-07-18T00:15:00+00:00,4.244,4.294,4.242,4.285,671026.5
2025-07-18T00:30:00+00:00,4.285,4.334,4.284,4.333,962992.4
2025-07-18T00:45:00+00:00,4.333,4.353,4.323,4.352,981422.5
2025-07-18T01:00:00+00:00,4.352,4.384,4.339,4.379,1555047.0
2025-07-18T01:15:00+00:00,4.378,4.386,4.341,4.367,1483499.9
2025-07-18T01:30:00+00:00,4.367,4.402,4.356,4.388,1037850.9
2025-07-18T01:45:00+00:00,4.387,4.425,4.383,4.414,933117.1
2025-07-18T02:00:00+00:00,4.415,4.415,4.366,4.401,1311383.2
2025-07-18T02:15:00+00:00,4.401,4.414,4.383,4.404,786140.0
2025-07-18T02:30:00+00:00,4.404,4.405,4.379,4.387,628072.0
2025-07-18T02:45:00+00:00,4.387,4.403,4.372,4.397,609150.3
2025-07-18T03:00:00+00:00,4.396,4.410,4.378,4.403,494323.7
2025-07-18T03:15:00+00:00,4.403,4.416,4.399,4.409,756909.0
2025-07-18T03:30:00+00:00,4.409,4.436,4.400,4.431,516473.3
2025-07-18T03:45:00+00:00,4.431,4.439,4.419,4.437,607992.5
2025-07-18T04:00:00+00:00,4.436,4.439,4.409,4.439,629071.3
2025-07-18T04:15:00+00:00,4.439,4.469,4.437,4.460,1021266.0
2025-07-18T04:30:00+00:00,4.459,4.501,4.455,4.497,1210259.4
2025-07-18T04:45:00+00:00,4.497,4.511,4.479,4.508,760217.9
2025-07-18T05:00:00+00:00,4.508,4.607,4.486,4.582,3554756.8
2025-07-18T05:15:00+00:00,4.582,4.584,4.551,4.567,1249671.7
2025-07-18T05:30:00+00:00,4.568,4.580,4.556,4.576,1164758.5
2025-07-18T05:45:00+00:00,4.576,4.627,4.574,4.619,1110956.6
2025-07-18T06:00:00+00:00,4.619,4.619,4.542,4.574,1727442.3
2025-07-18T06:15:00+00:00,4.573,4.573,4.513,4.519,1020156.1
2025-07-18T06:30:00+00:00,4.520,4.559,4.516,4.555,815023.0
2025-07-18T06:45:00+00:00,4.554,4.580,4.549,4.564,542782.3
2025-07-18T07:00:00+00:00,4.565,4.589,4.542,4.573,1004290.7
2025-07-18T07:15:00+00:00,4.572,4.578,4.543,4.556,709977.2
2025-07-18T07:30:00+00:00,4.557,4.565,4.499,4.530,1188915.8
2025-07-18T07:45:00+00:00,4.529,4.539,4.480,4.487,928618.1
2025-07-18T08:00:00+00:00,4.486,4.521,4.473,4.505,1202903.2
2025-07-18T08:15:00+00:00,4.505,4.543,4.501,4.522,624698.4
2025-07-18T08:30:00+00:00,4.521,4.522,4.429,4.431,2124156.3
2025-07-18T08:45:00+00:00,4.431,4.461,4.423,4.439,1173466.4
2025-07-18T09:00:00+00:00,4.439,4.448,4.401,4.442,1390555.7
2025-07-18T09:15:00+00:00,4.442,4.450,4.404,4.411,800551.8
2025-07-18T09:30:00+00:00,4.412,4.441,4.405,4.425,602668.5
2025-07-18T09:45:00+00:00,4.426,4.457,4.425,4.451,460146.0
2025-07-18T10:00:00+00:00,4.452,4.453,4.409,4.432,529327.4
2025-07-18T10:15:00+00:00,4.432,4.437,4.392,4.418,660141.0
2025-07-18T10:30:00+00:00,4.419,4.429,4.404,4.423,448801.5
2025-07-18T10:45:00+00:00,4.423,4.470,4.415,4.469,554429.8
2025-07-18T11:00:00+00:00,4.469,4.486,4.431,4.433,576432.2
2025-07-18T11:15:00+00:00,4.433,4.437,4.384,4.388,806104.8
2025-07-18T11:30:00+00:00,4.388,4.419,4.381,4.418,513914.4
2025-07-18T11:45:00+00:00,4.418,4.429,4.401,4.429,290683.8
2025-07-18T12:00:00+00:00,4.429,4.437,4.414,4.418,455669.2
2025-07-18T12:15:00+00:00,4.417,4.427,4.406,4.413,334460.7
2025-07-18T12:30:00+00:00,4.414,4.452,4.413,4.450,471555.2
2025-07-18T12:45:00+00:00,4.450,4.468,4.444,4.468,480333.9
2025-07-18T13:00:00+00:00,4.468,4.468,4.428,4.437,763689.3
2025-07-18T13:15:00+00:00,4.436,4.451,4.419,4.449,584007.3
2025-07-18T13:30:00+00:00,4.448,4.486,4.441,4.460,866341.8
2025-07-18T13:45:00+00:00,4.460,4.497,4.447,4.448,1049350.1
2025-07-18T14:00:00+00:00,4.448,4.480,4.435,4.463,787609.7
2025-07-18T14:15:00+00:00,4.463,4.465,4.341,4.364,2177882.7
2025-07-18T14:30:00+00:00,4.364,4.382,4.322,4.360,1656528.7
2025-07-18T14:45:00+00:00,4.361,4.388,4.358,4.366,849602.5
2025-07-18T15:00:00+00:00,4.366,4.374,4.317,4.324,952334.9
2025-07-18T15:15:00+00:00,4.323,4.340,4.268,4.287,2471377.8
2025-07-18T15:30:00+00:00,4.288,4.305,4.250,4.276,1208340.0
2025-07-18T15:45:00+00:00,4.276,4.307,4.264,4.295,888528.0
2025-07-18T16:00:00+00:00,4.294,4.316,4.277,4.293,796224.5
2025-07-18T16:15:00+00:00,4.293,4.332,4.278,4.323,879789.2
2025-07-18T16:30:00+00:00,4.323,4.361,4.315,4.345,847927.7
2025-07-18T16:45:00+00:00,4.345,4.356,4.316,4.327,522095.7
2025-07-18T17:00:00+00:00,4.328,4.335,4.296,4.305,370933.7
2025-07-18T17:15:00+00:00,4.305,4.336,4.304,4.332,450162.8
2025-07-18T17:30:00+00:00,4.332,4.356,4.318,4.329,456582.9
2025-07-18T17:45:00+00:00,4.329,4.342,4.319,4.336,332491.2
2025-07-18T18:00:00+00:00,4.336,4.340,4.294,4.299,540280.2
2025-07-18T18:15:00+00:00,4.299,4.311,4.283,4.306,694796.7
2025-07-18T18:30:00+00:00,4.305,4.315,4.291,4.301,367749.0
2025-07-18T18:45:00+00:00,4.301,4.311,4.270,4.275,1067774.2
2025-07-18T19:00:00+00:00,4.275,4.282,4.225,4.246,1567224.8
2025-07-18T19:15:00+00:00,4.246,4.294,4.246,4.283,580022.1
2025-07-18T19:30:00+00:00,4.282,4.286,4.257,4.260,374984.9
2025-07-18T19:45:00+00:00,4.259,4.266,4.235,4.257,467505.3
2025-07-18T20:00:00+00:00,4.258,4.264,4.220,4.243,818648.5
2025-07-18T20:15:00+00:00,4.244,4.252,4.157,4.170,2355531.9
2025-07-18T20:30:00+00:00,4.171,4.186,4.137,4.183,2125987.1
2025-07-18T20:45:00+00:00,4.182,4.229,4.179,4.206,780797.1
2025-07-18T21:00:00+00:00,4.205,4.252,4.200,4.251,767735.8
2025-07-18T21:15:00+00:00,4.250,4.269,4.237,4.255,490260.1
2025-07-18T21:30:00+00:00,4.255,4.264,4.248,4.250,284802.6
2025-07-18T21:45:00+00:00,4.251,4.271,4.222,4.232,502551.7
2025-07-18T22:00:00+00:00,4.231,4.238,4.205,4.219,431097.8
2025-07-18T22:15:00+00:00,4.219,4.264,4.212,4.257,528395.8
2025-07-18T22:30:00+00:00,4.258,4.264,4.226,4.226,224706.4
2025-07-18T22:45:00+00:00,4.225,4.238,4.187,4.195,690298.1
2025-07-18T23:00:00+00:00,4.195,4.198,4.160,4.177,463838.6
2025-07-18T23:15:00+00:00,4.178,4.205,4.173,4.196,302433.7
2025-07-18T23:30:00+00:00,4.196,4.213,4.195,4.205,356153.6
2025-07-18T23:45:00+00:00,4.206,4.234,4.205,4.229,610905.4
2025-07-19T00:00:00+00:00,4.228,4.243,4.225,4.237,451296.3
2025-07-19T00:15:00+00:00,4.238,4.250,4.233,4.245,294681.4
2025-07-19T00:30:00+00:00,4.244,4.258,4.200,4.210,853646.8
2025-07-19T00:45:00+00:00,4.211,4.216,4.164,4.165,668675.0
2025-07-19T01:00:00+00:00,4.165,4.167,4.132,4.163,796609.9
2025-07-19T01:15:00+00:00,4.163,4.204,4.163,4.201,430907.5
2025-07-19T01:30:00+00:00,4.200,4.212,4.192,4.204,230409.4
2025-07-19T01:45:00+00:00,4.203,4.213,4.191,4.205,263707.3
2025-07-19T02:00:00+00:00,4.205,4.210,4.174,4.200,623840.3
2025-07-19T02:15:00+00:00,4.199,4.226,4.186,4.203,396023.0
2025-07-19T02:30:00+00:00,4.203,4.233,4.203,4.232,273909.0
2025-07-19T02:45:00+00:00,4.232,4.246,4.231,4.239,294796.0
2025-07-19T03:00:00+00:00,4.240,4.257,4.238,4.254,308438.5
2025-07-19T03:15:00+00:00,4.254,4.260,4.245,4.255,286622.7
2025-07-19T03:30:00+00:00,4.256,4.289,4.252,4.286,535718.9
2025-07-19T03:45:00+00:00,4.285,4.300,4.263,4.298,502982.7
2025-07-19T04:00:00+00:00,4.297,4.335,4.295,4.332,845820.4
2025-07-19T04:15:00+00:00,4.331,4.333,4.302,4.307,366080.4
2025-07-19T04:30:00+00:00,4.307,4.323,4.301,4.302,363599.0
2025-07-19T04:45:00+00:00,4.303,4.315,4.297,4.311,191542.6
2025-07-19T05:00:00+00:00,4.312,4.319,4.276,4.288,270196.1
2025-07-19T05:15:00+00:00,4.288,4.298,4.278,4.294,183295.9
2025-07-19T05:30:00+00:00,4.293,4.307,4.283,4.305,163024.6
2025-07-19T05:45:00+00:00,4.306,4.307,4.284,4.293,126022.9
2025-07-19T06:00:00+00:00,4.292,4.304,4.286,4.293,165188.7
2025-07-19T06:15:00+00:00,4.293,4.305,4.272,4.272,210679.9
2025-07-19T06:30:00+00:00,4.272,4.313,4.270,4.290,525442.7
2025-07-19T06:45:00+00:00,4.291,4.311,4.291,4.302,207384.6
2025-07-19T07:00:00+00:00,4.301,4.313,4.291,4.305,255075.8
2025-07-19T07:15:00+00:00,4.304,4.321,4.297,4.305,202514.7
2025-07-19T07:30:00+00:00,4.305,4.306,4.277,4.290,375302.3
2025-07-19T07:45:00+00:00,4.290,4.301,4.284,4.284,203337.2
2025-07-19T08:00:00+00:00,4.285,4.295,4.259,4.261,396817.9
2025-07-19T08:15:00+00:00,4.262,4.274,4.256,4.269,426481.6
2025-07-19T08:30:00+00:00,4.269,4.270,4.248,4.266,305780.1
2025-07-19T08:45:00+00:00,4.266,4.281,4.260,4.273,185803.1
2025-07-19T09:00:00+00:00,4.274,4.290,4.267,4.270,323851.4
2025-07-19T09:15:00+00:00,4.269,4.293,4.268,4.288,155493.7
2025-07-19T09:30:00+00:00,4.289,4.304,4.282,4.292,405252.0
2025-07-19T09:45:00+00:00,4.291,4.301,4.268,4.275,202359.1
2025-07-19T10:00:00+00:00,4.275,4.278,4.262,4.263,258772.0
2025-07-19T10:15:00+00:00,4.262,4.276,4.260,4.272,384482.0
2025-07-19T10:30:00+00:00,4.272,4.302,4.269,4.296,204772.1
2025-07-19T10:45:00+00:00,4.297,4.298,4.265,4.272,321790.2
2025-07-19T11:00:00+00:00,4.272,4.284,4.237,4.239,468327.5
2025-07-19T11:15:00+00:00,4.238,4.268,4.223,4.268,488252.6
2025-07-19T11:30:00+00:00,4.268,4.269,4.240,4.244,220688.7
2025-07-19T11:45:00+00:00,4.244,4.247,4.225,4.229,322535.1
2025-07-19T12:00:00+00:00,4.230,4.235,4.207,4.211,480752.1
2025-07-19T12:15:00+00:00,4.211,4.246,4.206,4.232,403192.9
2025-07-19T12:30:00+00:00,4.232,4.242,4.220,4.235,234856.0
2025-07-19T12:45:00+00:00,4.235,4.253,4.227,4.248,220972.8
2025-07-19T13:00:00+00:00,4.248,4.251,4.218,4.236,274621.7
2025-07-19T13:15:00+00:00,4.236,4.245,4.228,4.236,276142.3
2025-07-19T13:30:00+00:00,4.236,4.243,4.227,4.237,243002.6
2025-07-19T13:45:00+00:00,4.238,4.242,4.205,4.220,395544.5
2025-07-19T14:00:00+00:00,4.221,4.229,4.197,4.202,487295.2
2025-07-19T14:15:00+00:00,4.202,4.220,4.183,4.191,607697.8
2025-07-19T14:30:00+00:00,4.191,4.202,4.178,4.193,636988.1
2025-07-19T14:45:00+00:00,4.194,4.205,4.164,4.173,506141.9
2025-07-19T15:00:00+00:00,4.173,4.204,4.170,4.197,437839.8
2025-07-19T15:15:00+00:00,4.198,4.234,4.198,4.234,410591.8
2025-07-19T15:30:00+00:00,4.234,4.239,4.219,4.236,414382.2
2025-07-19T15:45:00+00:00,4.237,4.237,4.219,4.220,200360.5
2025-07-19T16:00:00+00:00,4.221,4.222,4.206,4.207,416078.6
2025-07-19T16:15:00+00:00,4.207,4.268,4.203,4.261,415152.7
2025-07-19T16:30:00+00:00,4.262,4.271,4.253,4.267,295064.8
2025-07-19T16:45:00+00:00,4.266,4.271,4.253,4.261,308885.0
2025-07-19T17:00:00+00:00,4.262,4.266,4.243,4.249,323409.7
2025-07-19T17:15:00+00:00,4.250,4.260,4.234,4.245,280346.7
2025-07-19T17:30:00+00:00,4.245,4.248,4.226,4.231,285841.6
2025-07-19T17:45:00+00:00,4.232,4.254,4.229,4.249,313300.1
2025-07-19T18:00:00+00:00,4.248,4.290,4.244,4.281,808892.0
2025-07-19T18:15:00+00:00,4.282,4.295,4.270,4.291,401369.9
2025-07-19T18:30:00+00:00,4.292,4.303,4.281,4.284,362397.1
2025-07-19T18:45:00+00:00,4.285,4.291,4.275,4.284,289291.4
2025-07-19T19:00:00+00:00,4.285,4.308,4.280,4.297,476184.7
2025-07-19T19:15:00+00:00,4.298,4.338,4.293,4.337,596932.1
2025-07-19T19:30:00+00:00,4.336,4.406,4.335,4.404,1100351.7
2025-07-19T19:45:00+00:00,4.404,4.405,4.373,4.388,784479.5
2025-07-19T20:00:00+00:00,4.388,4.394,4.369,4.383,767652.4
2025-07-19T20:15:00+00:00,4.383,4.396,4.372,4.385,487343.5
2025-07-19T20:30:00+00:00,4.385,4.437,4.379,4.437,686308.8
2025-07-19T20:45:00+00:00,4.438,4.453,4.418,4.418,1122462.4
2025-07-19T21:00:00+00:00,4.418,4.429,4.342,4.347,1158519.8
2025-07-19T21:15:00+00:00,4.348,4.362,4.309,4.342,1397361.5
2025-07-19T21:30:00+00:00,4.341,4.348,4.321,4.334,345651.1
2025-07-19T21:45:00+00:00,4.335,4.369,4.327,4.364,238895.2
2025-07-19T22:00:00+00:00,4.364,4.370,4.339,4.370,320790.6
2025-07-19T22:15:00+00:00,4.370,4.389,4.360,4.363,452456.6
2025-07-19T22:30:00+00:00,4.363,4.366,4.339,4.357,450436.6
2025-07-19T22:45:00+00:00,4.358,4.368,4.349,4.361,145469.2
2025-07-19T23:00:00+00:00,4.360,4.379,4.354,4.376,209041.2
2025-07-19T23:15:00+00:00,4.375,4.381,4.355,4.376,286729.1
2025-07-19T23:30:00+00:00,4.376,4.410,4.374,4.401,326016.9
2025-07-19T23:45:00+00:00,4.402,4.417,4.395,4.408,352497.1
2025-07-20T00:00:00+00:00,4.408,4.416,4.373,4.373,477509.1
2025-07-20T00:15:00+00:00,4.374,4.395,4.361,4.363,319295.5
2025-07-20T00:30:00+00:00,4.363,4.386,4.357,4.372,222460.2
2025-07-20T00:45:00+00:00,4.371,4.394,4.368,4.379,194656.7
2025-07-20T01:00:00+00:00,4.380,4.406,4.377,4.393,422443.0
2025-07-20T01:15:00+00:00,4.393,4.415,4.389,4.390,364286.9
2025-07-20T01:30:00+00:00,4.389,4.407,4.374,4.402,353533.0
2025-07-20T01:45:00+00:00,4.403,4.405,4.377,4.382,218124.9
2025-07-20T02:00:00+00:00,4.381,4.391,4.365,4.377,290924.5
2025-07-20T02:15:00+00:00,4.377,4.389,4.369,4.369,269125.9
2025-07-20T02:30:00+00:00,4.370,4.400,4.362,4.385,252669.3
2025-07-20T02:45:00+00:00,4.384,4.400,4.375,4.381,126179.9
2025-07-20T03:00:00+00:00,4.381,4.384,4.367,4.377,188659.8
2025-07-20T03:15:00+00:00,4.377,4.400,4.367,4.395,276093.1
2025-07-20T03:30:00+00:00,4.394,4.435,4.394,4.403,783390.0
2025-07-20T03:45:00+00:00,4.404,4.404,4.385,4.389,362905.0
2025-07-20T04:00:00+00:00,4.389,4.398,4.380,4.394,219202.5
2025-07-20T04:15:00+00:00,4.394,4.400,4.380,4.383,380534.2
2025-07-20T04:30:00+00:00,4.383,4.387,4.351,4.352,418777.7
2025-07-20T04:45:00+00:00,4.352,4.379,4.349,4.362,683776.0
2025-07-20T05:00:00+00:00,4.362,4.368,4.350,4.362,319072.7
2025-07-20T05:15:00+00:00,4.361,4.369,4.350,4.356,167513.7
2025-07-20T05:30:00+00:00,4.356,4.377,4.351,4.377,176336.9
2025-07-20T05:45:00+00:00,4.376,4.415,4.372,4.407,492652.9
2025-07-20T06:00:00+00:00,4.407,4.408,4.389,4.398,335353.8
2025-07-20T06:15:00+00:00,4.398,4.423,4.394,4.419,411496.8
2025-07-20T06:30:00+00:00,4.419,4.420,4.390,4.400,213245.6
2025-07-20T06:45:00+00:00,4.401,4.408,4.385,4.389,166225.9
2025-07-20T07:00:00+00:00,4.389,4.414,4.385,4.408,216492.5
2025-07-20T07:15:00+00:00,4.408,4.427,4.408,4.425,193611.0
2025-07-20T07:30:00+00:00,4.425,4.443,4.417,4.429,348210.0
2025-07-20T07:45:00+00:00,4.428,4.439,4.413,4.414,316365.3
2025-07-20T08:00:00+00:00,4.414,4.443,4.414,4.429,496022.2
2025-07-20T08:15:00+00:00,4.428,4.442,4.423,4.435,259713.2
2025-07-20T08:30:00+00:00,4.435,4.456,4.430,4.453,427978.4
2025-07-20T08:45:00+00:00,4.453,4.466,4.447,4.463,446468.7
2025-07-20T09:00:00+00:00,4.464,4.483,4.439,4.442,992058.5
2025-07-20T09:15:00+00:00,4.443,4.466,4.434,4.442,898979.1
2025-07-20T09:30:00+00:00,4.443,4.478,4.442,4.469,690432.9
2025-07-20T09:45:00+00:00,4.469,4.490,4.466,4.467,421542.9
2025-07-20T10:00:00+00:00,4.466,4.476,4.455,4.457,506692.9
2025-07-20T10:15:00+00:00,4.457,4.475,4.454,4.475,337947.7
2025-07-20T10:30:00+00:00,4.475,4.478,4.461,4.470,214836.5
2025-07-20T10:45:00+00:00,4.469,4.481,4.446,4.452,539602.6
2025-07-20T11:00:00+00:00,4.453,4.476,4.450,4.470,434508.5
2025-07-20T11:15:00+00:00,4.469,4.500,4.467,4.473,568429.0
2025-07-20T11:30:00+00:00,4.472,4.488,4.465,4.487,480874.6
2025-07-20T11:45:00+00:00,4.486,4.509,4.481,4.490,703061.9
2025-07-20T12:00:00+00:00,4.491,4.498,4.470,4.483,439028.7
2025-07-20T12:15:00+00:00,4.483,4.491,4.468,4.472,305515.2
2025-07-20T12:30:00+00:00,4.471,4.481,4.462,4.462,279498.8
2025-07-20T12:45:00+00:00,4.462,4.493,4.460,4.492,341582.6
2025-07-20T13:00:00+00:00,4.492,4.507,4.486,4.506,513998.8
2025-07-20T13:15:00+00:00,4.506,4.514,4.498,4.504,445511.6
2025-07-20T13:30:00+00:00,4.503,4.524,4.503,4.521,451176.6
2025-07-20T13:45:00+00:00,4.521,4.541,4.517,4.536,574473.8
2025-07-20T14:00:00+00:00,4.535,4.535,4.479,4.498,1062789.7
2025-07-20T14:15:00+00:00,4.498,4.520,4.486,4.508,521535.5
2025-07-20T14:30:00+00:00,4.508,4.527,4.505,4.514,449128.4
2025-07-20T14:45:00+00:00,4.514,4.517,4.492,4.502,498790.1
2025-07-20T15:00:00+00:00,4.502,4.515,4.491,4.515,466034.4
2025-07-20T15:15:00+00:00,4.515,4.527,4.493,4.524,439838.8
2025-07-20T15:30:00+00:00,4.523,4.541,4.516,4.528,452656.2
2025-07-20T15:45:00+00:00,4.527,4.555,4.524,4.541,999606.1
2025-07-20T16:00:00+00:00,4.541,4.578,4.535,4.561,1426701.2
2025-07-20T16:15:00+00:00,4.562,4.573,4.531,4.566,919735.9
2025-07-20T16:30:00+00:00,4.566,4.588,4.561,4.583,678558.2
2025-07-20T16:45:00+00:00,4.583,4.586,4.552,4.559,700390.8
2025-07-20T17:00:00+00:00,4.558,4.559,4.493,4.542,1700560.7
2025-07-20T17:15:00+00:00,4.543,4.570,4.522,4.551,506320.2
2025-07-20T17:30:00+00:00,4.552,4.553,4.503,4.521,520917.4
2025-07-20T17:45:00+00:00,4.522,4.525,4.493,4.500,825480.8
2025-07-20T18:00:00+00:00,4.499,4.522,4.491,4.496,615454.8
2025-07-20T18:15:00+00:00,4.496,4.503,4.476,4.490,567331.4
2025-07-20T18:30:00+00:00,4.490,4.500,4.472,4.491,579536.7
2025-07-20T18:45:00+00:00,4.492,4.530,4.492,4.527,396481.2
2025-07-20T19:00:00+00:00,4.527,4.552,4.525,4.547,432838.7
2025-07-20T19:15:00+00:00,4.547,4.554,4.532,4.540,327932.2
2025-07-20T19:30:00+00:00,4.541,4.552,4.529,4.535,432815.1
2025-07-20T19:45:00+00:00,4.535,4.553,4.525,4.526,424792.3
2025-07-20T20:00:00+00:00,4.527,4.530,4.481,4.500,795263.1
2025-07-20T20:15:00+00:00,4.501,4.522,4.497,4.509,435423.9
2025-07-20T20:30:00+00:00,4.508,4.524,4.504,4.520,264536.8
2025-07-20T20:45:00+00:00,4.519,4.539,4.510,4.512,264554.3
2025-07-20T21:00:00+00:00,4.512,4.515,4.471,4.487,523640.3
2025-07-20T21:15:00+00:00,4.487,4.519,4.472,4.514,389427.5
2025-07-20T21:30:00+00:00,4.514,4.525,4.500,4.507,217078.6
2025-07-20T21:45:00+00:00,4.507,4.534,4.506,4.533,215743.1
2025-07-20T22:00:00+00:00,4.533,4.537,4.447,4.461,1221102.5
2025-07-20T22:15:00+00:00,4.460,4.472,4.378,4.470,2924224.4
2025-07-20T22:30:00+00:00,4.471,4.496,4.448,4.493,703625.9
2025-07-20T22:45:00+00:00,4.494,4.504,4.481,4.488,512200.7
2025-07-20T23:00:00+00:00,4.487,4.493,4.456,4.476,956074.8
2025-07-20T23:15:00+00:00,4.476,4.494,4.453,4.461,723392.2
2025-07-20T23:30:00+00:00,4.462,4.504,4.445,4.494,807655.9
2025-07-20T23:45:00+00:00,4.493,4.510,4.480,4.481,365217.5
2025-07-21T00:00:00+00:00,4.482,4.492,4.428,4.431,758883.6
2025-07-21T00:15:00+00:00,4.432,4.444,4.394,4.431,1045808.5
2025-07-21T00:30:00+00:00,4.432,4.442,4.401,4.431,604600.3
2025-07-21T00:45:00+00:00,4.431,4.466,4.420,4.466,614505.1
2025-07-21T01:00:00+00:00,4.466,4.471,4.441,4.443,378974.1
2025-07-21T01:15:00+00:00,4.444,4.457,4.415,4.434,381599.0
2025-07-21T01:30:00+00:00,4.434,4.443,4.402,4.430,477255.7
2025-07-21T01:45:00+00:00,4.429,4.471,4.419,4.460,373739.7
2025-07-21T02:00:00+00:00,4.459,4.491,4.455,4.484,457530.3
2025-07-21T02:15:00+00:00,4.484,4.499,4.469,4.494,586419.2
2025-07-21T02:30:00+00:00,4.493,4.497,4.478,4.489,274122.3
2025-07-21T02:45:00+00:00,4.488,4.519,4.481,4.519,496297.8
2025-07-21T03:00:00+00:00,4.518,4.543,4.513,4.528,849856.6
2025-07-21T03:15:00+00:00,4.528,4.551,4.527,4.542,407804.1
2025-07-21T03:30:00+00:00,4.543,4.550,4.535,4.539,256937.8
2025-07-21T03:45:00+00:00,4.540,4.544,4.524,4.541,291433.6
2025-07-21T04:00:00+00:00,4.540,4.546,4.518,4.539,814758.1
2025-07-21T04:15:00+00:00,4.538,4.554,4.525,4.531,484241.8
2025-07-21T04:30:00+00:00,4.531,4.552,4.525,4.548,179576.7
2025-07-21T04:45:00+00:00,4.547,4.560,4.528,4.529,339675.3
2025-07-21T05:00:00+00:00,4.530,4.534,4.512,4.518,264157.1
2025-07-21T05:15:00+00:00,4.518,4.525,4.505,4.512,230506.4
2025-07-21T05:30:00+00:00,4.511,4.541,4.511,4.531,427006.8
2025-07-21T05:45:00+00:00,4.531,4.548,4.523,4.545,278588.1
2025-07-21T06:00:00+00:00,4.545,4.562,4.537,4.557,264852.2
2025-07-21T06:15:00+00:00,4.557,4.582,4.555,4.579,561663.2
2025-07-21T06:30:00+00:00,4.580,4.585,4.552,4.556,599091.5
2025-07-21T06:45:00+00:00,4.556,4.571,4.548,4.564,293633.6
2025-07-21T07:00:00+00:00,4.563,4.593,4.561,4.585,607476.8
2025-07-21T07:15:00+00:00,4.586,4.606,4.584,4.599,882590.6
2025-07-21T07:30:00+00:00,4.598,4.600,4.570,4.578,1251473.0
2025-07-21T07:45:00+00:00,4.577,4.590,4.571,4.583,280425.3
2025-07-21T08:00:00+00:00,4.584,4.601,4.570,4.585,348443.0
2025-07-21T08:15:00+00:00,4.585,4.608,4.582,4.606,487644.4
2025-07-21T08:30:00+00:00,4.605,4.618,4.595,4.598,745464.2
2025-07-21T08:45:00+00:00,4.597,4.606,4.561,4.575,857533.0
2025-07-21T09:00:00+00:00,4.575,4.582,4.560,4.563,366681.9
2025-07-21T09:15:00+00:00,4.562,4.566,4.540,4.540,459058.5
2025-07-21T09:30:00+00:00,4.541,4.557,4.521,4.535,733511.2
2025-07-21T09:45:00+00:00,4.535,4.556,4.525,4.551,364761.0
2025-07-21T10:00:00+00:00,4.552,4.555,4.532,4.550,316755.4
2025-07-21T10:15:00+00:00,4.549,4.554,4.515,4.527,470127.9
2025-07-21T10:30:00+00:00,4.528,4.564,4.518,4.561,388093.3
2025-07-21T10:45:00+00:00,4.560,4.582,4.554,4.580,426027.2
2025-07-21T11:00:00+00:00,4.579,4.588,4.570,4.587,377489.4
2025-07-21T11:15:00+00:00,4.586,4.611,4.575,4.608,755577.0
2025-07-21T11:30:00+00:00,4.607,4.625,4.580,4.582,912947.7
2025-07-21T11:45:00+00:00,4.582,4.605,4.582,4.586,645847.8
2025-07-21T12:00:00+00:00,4.586,4.593,4.552,4.567,934411.6
2025-07-21T12:15:00+00:00,4.566,4.605,4.566,4.601,403538.4
2025-07-21T12:30:00+00:00,4.602,4.603,4.575,4.596,462739.5
2025-07-21T12:45:00+00:00,4.596,4.606,4.583,4.593,279824.6
2025-07-21T13:00:00+00:00,4.593,4.602,4.554,4.561,893765.9
2025-07-21T13:15:00+00:00,4.561,4.584,4.560,4.576,390625.4
2025-07-21T13:30:00+00:00,4.577,4.611,4.573,4.603,643184.9
2025-07-21T13:45:00+00:00,4.604,4.641,4.603,4.627,1123756.2
2025-07-21T14:00:00+00:00,4.627,4.648,4.593,4.621,1103592.9
2025-07-21T14:15:00+00:00,4.622,4.662,4.620,4.660,1108389.3
2025-07-21T14:30:00+00:00,4.660,4.670,4.640,4.669,726597.1
2025-07-21T14:45:00+00:00,4.669,4.677,4.647,4.654,980454.6
2025-07-21T15:00:00+00:00,4.653,4.665,4.636,4.652,921470.0
2025-07-21T15:15:00+00:00,4.652,4.675,4.629,4.630,938333.9
2025-07-21T15:30:00+00:00,4.631,4.635,4.584,4.594,1468106.1
2025-07-21T15:45:00+00:00,4.594,4.623,4.582,4.597,917470.5
2025-07-21T16:00:00+00:00,4.597,4.602,4.536,4.548,1451624.3
2025-07-21T16:15:00+00:00,4.549,4.552,4.457,4.516,3428172.1
2025-07-21T16:30:00+00:00,4.517,4.558,4.504,4.517,1637038.9
2025-07-21T16:45:00+00:00,4.518,4.532,4.489,4.519,800010.6
2025-07-21T17:00:00+00:00,4.518,4.552,4.512,4.543,1140144.8
2025-07-21T17:15:00+00:00,4.542,4.552,4.518,4.518,741750.7
2025-07-21T17:30:00+00:00,4.518,4.541,4.502,4.506,659912.5
2025-07-21T17:45:00+00:00,4.505,4.548,4.498,4.538,653568.5
2025-07-21T18:00:00+00:00,4.539,4.557,4.532,4.555,398971.8
2025-07-21T18:15:00+00:00,4.555,4.580,4.550,4.557,559970.3
2025-07-21T18:30:00+00:00,4.557,4.559,4.508,4.515,725981.7
2025-07-21T18:45:00+00:00,4.515,4.516,4.469,4.478,1110999.4
2025-07-21T19:00:00+00:00,4.478,4.510,4.471,4.504,816059.7
2025-07-21T19:15:00+00:00,4.504,4.511,4.442,4.452,1025642.3
2025-07-21T19:30:00+00:00,4.452,4.465,4.430,4.453,1044845.9
2025-07-21T19:45:00+00:00,4.453,4.459,4.436,4.447,551933.4
2025-07-21T20:00:00+00:00,4.447,4.470,4.431,4.463,725573.6
2025-07-21T20:15:00+00:00,4.464,4.479,4.457,4.471,508905.6
2025-07-21T20:30:00+00:00,4.471,4.488,4.443,4.467,690114.8
2025-07-21T20:45:00+00:00,4.468,4.486,4.439,4.443,714914.8
2025-07-21T21:00:00+00:00,4.442,4.473,4.427,4.456,539844.3
2025-07-21T21:15:00+00:00,4.456,4.481,4.454,4.480,247443.2
2025-07-21T21:30:00+00:00,4.480,4.491,4.460,4.491,522114.8
2025-07-21T21:45:00+00:00,4.491,4.493,4.475,4.485,172590.9
2025-07-21T22:00:00+00:00,4.484,4.501,4.481,4.501,246362.2
2025-07-21T22:15:00+00:00,4.501,4.502,4.486,4.494,261771.9
2025-07-21T22:30:00+00:00,4.494,4.517,4.494,4.516,319068.2
2025-07-21T22:45:00+00:00,4.517,4.518,4.498,4.501,145339.4
2025-07-21T23:00:00+00:00,4.501,4.503,4.479,4.491,218344.4
2025-07-21T23:15:00+00:00,4.492,4.503,4.481,4.502,143378.4
2025-07-21T23:30:00+00:00,4.503,4.522,4.502,4.503,295485.2
2025-07-21T23:45:00+00:00,4.503,4.512,4.497,4.500,193845.7
2025-07-22T00:00:00+00:00,4.501,4.514,4.488,4.502,332313.3
2025-07-22T00:15:00+00:00,4.502,4.533,4.499,4.530,320699.0
2025-07-22T00:30:00+00:00,4.530,4.530,4.473,4.476,562388.6
2025-07-22T00:45:00+00:00,4.476,4.505,4.451,4.458,337153.2
2025-07-22T01:00:00+00:00,4.458,4.463,4.393,4.399,1406990.3
2025-07-22T01:15:00+00:00,4.400,4.452,4.361,4.447,1982219.2
2025-07-22T01:30:00+00:00,4.447,4.516,4.445,4.498,1364817.7
2025-07-22T01:45:00+00:00,4.498,4.543,4.497,4.524,728282.4
2025-07-22T02:00:00+00:00,4.523,4.532,4.491,4.500,780214.4
2025-07-22T02:15:00+00:00,4.500,4.528,4.486,4.514,452227.7
2025-07-22T02:30:00+00:00,4.515,4.527,4.485,4.489,585145.7
2025-07-22T02:45:00+00:00,4.489,4.491,4.422,4.439,883056.8
2025-07-22T03:00:00+00:00,4.439,4.451,4.418,4.431,672415.7
2025-07-22T03:15:00+00:00,4.432,4.444,4.393,4.424,1136405.3
2025-07-22T03:30:00+00:00,4.424,4.439,4.377,4.388,944331.2
2025-07-22T03:45:00+00:00,4.389,4.423,4.375,4.420,697393.1
2025-07-22T04:00:00+00:00,4.419,4.430,4.392,4.401,892332.0
2025-07-22T04:15:00+00:00,4.401,4.406,4.351,4.370,1618103.9
2025-07-22T04:30:00+00:00,4.369,4.410,4.361,4.372,979290.8
2025-07-22T04:45:00+00:00,4.372,4.386,4.310,4.314,2559935.1
2025-07-22T05:00:00+00:00,4.314,4.394,4.308,4.391,2009537.9
2025-07-22T05:15:00+00:00,4.391,4.424,4.381,4.390,960982.3
2025-07-22T05:30:00+00:00,4.390,4.409,4.373,4.380,735098.4
2025-07-22T05:45:00+00:00,4.379,4.405,4.359,4.393,606558.1
2025-07-22T06:00:00+00:00,4.393,4.412,4.372,4.410,472226.5
2025-07-22T06:15:00+00:00,4.410,4.420,4.393,4.397,481088.9
2025-07-22T06:30:00+00:00,4.398,4.413,4.384,4.385,421608.0
2025-07-22T06:45:00+00:00,4.386,4.398,4.381,4.391,483453.9
2025-07-22T07:00:00+00:00,4.392,4.424,4.389,4.422,639662.0
2025-07-22T07:15:00+00:00,4.422,4.441,4.408,4.439,760770.1
2025-07-22T07:30:00+00:00,4.439,4.442,4.413,4.416,706849.7
2025-07-22T07:45:00+00:00,4.416,4.422,4.379,4.389,867440.0
2025-07-22T08:00:00+00:00,4.389,4.389,4.329,4.332,1349795.9
2025-07-22T08:15:00+00:00,4.331,4.348,4.300,4.309,1067286.6
2025-07-22T08:30:00+00:00,4.310,4.350,4.293,4.344,818304.3
2025-07-22T08:45:00+00:00,4.344,4.356,4.334,4.346,694663.0
2025-07-22T09:00:00+00:00,4.346,4.348,4.302,4.310,675155.3
2025-07-22T09:15:00+00:00,4.311,4.328,4.279,4.316,1115973.3
2025-07-22T09:30:00+00:00,4.317,4.344,4.311,4.342,905550.5
2025-07-22T09:45:00+00:00,4.342,4.357,4.336,4.342,769007.8
2025-07-22T10:00:00+00:00,4.341,4.355,4.335,4.352,423661.5
2025-07-22T10:15:00+00:00,4.353,4.361,4.333,4.361,394284.7
2025-07-22T10:30:00+00:00,4.362,4.389,4.359,4.381,484016.4
2025-07-22T10:45:00+00:00,4.382,4.402,4.375,4.401,376779.1
2025-07-22T11:00:00+00:00,4.402,4.403,4.377,4.382,571049.5
2025-07-22T11:15:00+00:00,4.382,4.396,4.371,4.381,448727.1
2025-07-22T11:30:00+00:00,4.382,4.390,4.361,4.386,483336.2
2025-07-22T11:45:00+00:00,4.386,4.417,4.380,4.409,748170.5
2025-07-22T12:00:00+00:00,4.409,4.418,4.399,4.411,392390.7
2025-07-22T12:15:00+00:00,4.410,4.417,4.402,4.409,481285.8
2025-07-22T12:30:00+00:00,4.410,4.422,4.392,4.415,432764.5
2025-07-22T12:45:00+00:00,4.415,4.421,4.393,4.407,366722.8
2025-07-22T13:00:00+00:00,4.407,4.427,4.400,4.427,502895.1
2025-07-22T13:15:00+00:00,4.426,4.435,4.410,4.423,617676.9
2025-07-22T13:30:00+00:00,4.423,4.454,4.379,4.440,1452681.9
2025-07-22T13:45:00+00:00,4.439,4.439,4.354,4.375,2400336.0
2025-07-22T14:00:00+00:00,4.375,4.392,4.332,4.391,1922040.9
2025-07-22T14:15:00+00:00,4.391,4.407,4.364,4.384,935518.0
2025-07-22T14:30:00+00:00,4.384,4.409,4.375,4.396,685629.3
2025-07-22T14:45:00+00:00,4.397,4.457,4.385,4.454,1197281.1
2025-07-22T15:00:00+00:00,4.454,4.486,4.448,4.484,1494843.2
2025-07-22T15:15:00+00:00,4.484,4.501,4.459,4.468,1668351.9
2025-07-22T15:30:00+00:00,4.467,4.476,4.434,4.438,1324329.5
2025-07-22T15:45:00+00:00,4.438,4.455,4.413,4.422,1010020.8
2025-07-22T16:00:00+00:00,4.422,4.459,4.403,4.457,1067460.7
2025-07-22T16:15:00+00:00,4.458,4.476,4.431,4.447,776722.9
2025-07-22T16:30:00+00:00,4.447,4.459,4.411,4.425,541090.1
2025-07-22T16:45:00+00:00,4.424,4.434,4.412,4.429,377017.4
2025-07-22T17:00:00+00:00,4.428,4.442,4.373,4.389,921299.6
2025-07-22T17:15:00+00:00,4.388,4.402,4.371,4.390,698445.5
2025-07-22T17:30:00+00:00,4.390,4.430,4.375,4.413,851911.3
2025-07-22T17:45:00+00:00,4.413,4.418,4.389,4.394,638601.9
2025-07-22T18:00:00+00:00,4.394,4.414,4.369,4.401,585665.1
2025-07-22T18:15:00+00:00,4.402,4.425,4.379,4.416,879458.6
2025-07-22T18:30:00+00:00,4.416,4.438,4.408,4.410,608173.9
2025-07-22T18:45:00+00:00,4.410,4.473,4.404,4.448,1493692.2
2025-07-22T19:00:00+00:00,4.447,4.457,4.434,4.450,498441.0
2025-07-22T19:15:00+00:00,4.450,4.451,4.418,4.441,471957.6
2025-07-22T19:30:00+00:00,4.441,4.441,4.397,4.401,663773.6
2025-07-22T19:45:00+00:00,4.401,4.402,4.357,4.371,1229326.2
2025-07-22T20:00:00+00:00,4.370,4.427,4.356,4.414,1473020.4
2025-07-22T20:15:00+00:00,4.414,4.439,4.398,4.431,771540.0
2025-07-22T20:30:00+00:00,4.430,4.439,4.417,4.432,690589.1
2025-07-22T20:45:00+00:00,4.432,4.447,4.429,4.440,311185.4
2025-07-22T21:00:00+00:00,4.440,4.456,4.430,4.454,712867.1
2025-07-22T21:15:00+00:00,4.454,4.465,4.445,4.460,644485.3
2025-07-22T21:30:00+00:00,4.460,4.470,4.437,4.456,749738.7
2025-07-22T21:45:00+00:00,4.456,4.492,4.456,4.483,179601.6
2025-07-22T22:00:00+00:00,4.483,4.492,4.464,4.467,638564.9
2025-07-22T22:15:00+00:00,4.466,4.483,4.464,4.480,283560.9
2025-07-22T22:30:00+00:00,4.479,4.496,4.479,4.492,242970.7
2025-07-22T22:45:00+00:00,4.492,4.495,4.484,4.489,229443.6
2025-07-22T23:00:00+00:00,4.489,4.515,4.479,4.515,314408.6
2025-07-22T23:15:00+00:00,4.515,4.539,4.515,4.536,916005.8
2025-07-22T23:30:00+00:00,4.535,4.547,4.526,4.535,481284.2
2025-07-22T23:45:00+00:00,4.534,4.556,4.532,4.552,401629.2
2025-07-23T00:00:00+00:00,4.553,4.554,4.521,4.526,645961.3
2025-07-23T00:15:00+00:00,4.525,4.553,4.504,4.508,996162.5
2025-07-23T00:30:00+00:00,4.508,4.522,4.497,4.500,663725.7
2025-07-23T00:45:00+00:00,4.501,4.512,4.470,4.472,1155927.3
2025-07-23T01:00:00+00:00,4.473,4.475,4.447,4.452,518811.4
2025-07-23T01:15:00+00:00,4.452,4.475,4.451,4.465,444063.8
2025-07-23T01:30:00+00:00,4.465,4.495,4.459,4.479,349937.8
2025-07-23T01:45:00+00:00,4.480,4.489,4.464,4.482,251623.0
2025-07-23T02:00:00+00:00,4.482,4.486,4.462,4.476,481099.3
2025-07-23T02:15:00+00:00,4.476,4.490,4.465,4.489,263389.7
2025-07-23T02:30:00+00:00,4.489,4.499,4.467,4.468,387745.5
2025-07-23T02:45:00+00:00,4.468,4.495,4.457,4.487,1065889.6
2025-07-23T03:00:00+00:00,4.487,4.490,4.470,4.484,312628.5
2025-07-23T03:15:00+00:00,4.485,4.495,4.463,4.494,208406.1
2025-07-23T03:30:00+00:00,4.494,4.510,4.482,4.484,329021.6
2025-07-23T03:45:00+00:00,4.483,4.486,4.463,4.476,305061.6
2025-07-23T04:00:00+00:00,4.476,4.495,4.463,4.490,266131.3
2025-07-23T04:15:00+00:00,4.490,4.521,4.481,4.519,352776.3
2025-07-23T04:30:00+00:00,4.519,4.541,4.517,4.525,645325.2
2025-07-23T04:45:00+00:00,4.525,4.534,4.518,4.530,317871.0
2025-07-23T05:00:00+00:00,4.530,4.532,4.504,4.515,302953.6
2025-07-23T05:15:00+00:00,4.515,4.520,4.499,4.506,287755.4
2025-07-23T05:30:00+00:00,4.506,4.520,4.500,4.502,201745.2
2025-07-23T05:45:00+00:00,4.503,4.519,4.497,4.505,173444.0
2025-07-23T06:00:00+00:00,4.505,4.513,4.485,4.492,473156.2
2025-07-23T06:15:00+00:00,4.491,4.492,4.454,4.475,754746.9
2025-07-23T06:30:00+00:00,4.475,4.478,4.445,4.449,480111.5
2025-07-23T06:45:00+00:00,4.449,4.468,4.446,4.467,245418.6
2025-07-23T07:00:00+00:00,4.466,4.476,4.449,4.469,465757.7
2025-07-23T07:15:00+00:00,4.470,4.490,4.468,4.485,232868.3
2025-07-23T07:30:00+00:00,4.485,4.494,4.441,4.447,445741.3
2025-07-23T07:45:00+00:00,4.446,4.458,4.430,4.450,486258.2
2025-07-23T08:00:00+00:00,4.449,4.466,4.435,4.455,500131.1
2025-07-23T08:15:00+00:00,4.456,4.457,4.442,4.454,326910.1
2025-07-23T08:30:00+00:00,4.454,4.456,4.428,4.434,341023.3
2025-07-23T08:45:00+00:00,4.434,4.454,4.423,4.453,443061.0
2025-07-23T09:00:00+00:00,4.453,4.453,4.404,4.407,910018.3
2025-07-23T09:15:00+00:00,4.406,4.407,4.373,4.376,1003570.4
2025-07-23T09:30:00+00:00,4.376,4.388,4.363,4.369,817683.8
2025-07-23T09:45:00+00:00,4.369,4.383,4.361,4.365,360899.4
2025-07-23T10:00:00+00:00,4.366,4.366,4.327,4.332,1141389.8
2025-07-23T10:15:00+00:00,4.332,4.364,4.329,4.358,842452.0
2025-07-23T10:30:00+00:00,4.357,4.363,4.348,4.353,328836.3
2025-07-23T10:45:00+00:00,4.353,4.373,4.353,4.367,574133.2
2025-07-23T11:00:00+00:00,4.366,4.366,4.338,4.338,455961.4
2025-07-23T11:15:00+00:00,4.339,4.371,4.338,4.365,364386.9
2025-07-23T11:30:00+00:00,4.364,4.369,4.355,4.366,306359.2
2025-07-23T11:45:00+00:00,4.367,4.369,4.356,4.367,207231.9
2025-07-23T12:00:00+00:00,4.367,4.377,4.341,4.373,466216.5
2025-07-23T12:15:00+00:00,4.374,4.379,4.346,4.356,401170.8
2025-07-23T12:30:00+00:00,4.356,4.362,4.292,4.297,1429495.3
2025-07-23T12:45:00+00:00,4.296,4.317,4.228,4.244,3234436.5
2025-07-23T13:00:00+00:00,4.244,4.278,4.227,4.270,1999474.6
2025-07-23T13:15:00+00:00,4.271,4.278,4.228,4.277,1624566.1
2025-07-23T13:30:00+00:00,4.276,4.279,4.139,4.178,4195045.8
2025-07-23T13:45:00+00:00,4.177,4.199,4.121,4.176,5140768.4
2025-07-23T14:00:00+00:00,4.177,4.227,4.166,4.205,2622112.8
2025-07-23T14:15:00+00:00,4.205,4.275,4.201,4.257,3770728.8
2025-07-23T14:30:00+00:00,4.256,4.260,4.230,4.232,1094823.2
2025-07-23T14:45:00+00:00,4.233,4.235,4.211,4.230,681675.5
2025-07-23T15:00:00+00:00,4.230,4.235,4.185,4.188,899216.1
2025-07-23T15:15:00+00:00,4.188,4.228,4.186,4.211,836937.7
2025-07-23T15:30:00+00:00,4.211,4.237,4.203,4.237,520001.4
2025-07-23T15:45:00+00:00,4.237,4.256,4.206,4.241,768664.9
2025-07-23T16:00:00+00:00,4.241,4.241,4.202,4.203,655662.9
2025-07-23T16:15:00+00:00,4.204,4.219,4.187,4.205,617344.3
2025-07-23T16:30:00+00:00,4.205,4.206,4.165,4.182,908151.8
2025-07-23T16:45:00+00:00,4.182,4.182,4.132,4.142,1685607.1
2025-07-23T17:00:00+00:00,4.142,4.164,4.100,4.116,2017577.6
2025-07-23T17:15:00+00:00,4.115,4.142,4.075,4.104,2908440.2
2025-07-23T17:30:00+00:00,4.104,4.143,4.080,4.127,1162575.0
2025-07-23T17:45:00+00:00,4.127,4.148,4.116,4.141,867113.6
2025-07-23T18:00:00+00:00,4.142,4.175,4.138,4.156,917683.8
2025-07-23T18:15:00+00:00,4.154,4.180,4.144,4.165,704410.0
2025-07-23T18:30:00+00:00,4.164,4.184,4.157,4.163,567570.1
2025-07-23T18:45:00+00:00,4.163,4.185,4.162,4.177,380336.4
2025-07-23T19:00:00+00:00,4.176,4.180,4.157,4.157,479963.7
2025-07-23T19:15:00+00:00,4.157,4.174,4.143,4.152,375627.5
2025-07-23T19:30:00+00:00,4.152,4.160,4.141,4.152,388992.4
2025-07-23T19:45:00+00:00,4.152,4.181,4.135,4.138,472245.1
2025-07-23T20:00:00+00:00,4.138,4.166,4.128,4.142,861120.1
2025-07-23T20:15:00+00:00,4.142,4.146,4.081,4.098,1435364.6
2025-07-23T20:30:00+00:00,4.098,4.099,4.024,4.080,4267697.4
2025-07-23T20:45:00+00:00,4.079,4.104,4.052,4.096,1555703.7
2025-07-23T21:00:00+00:00,4.097,4.119,4.081,4.097,1045322.9
2025-07-23T21:15:00+00:00,4.098,4.102,3.992,4.041,2130207.4
2025-07-23T21:30:00+00:00,4.041,4.093,4.003,4.089,1538589.3
2025-07-23T21:45:00+00:00,4.090,4.116,4.081,4.100,557091.0
2025-07-23T22:00:00+00:00,4.100,4.116,4.069,4.111,712773.6
2025-07-23T22:15:00+00:00,4.111,4.137,4.099,4.136,428367.4
2025-07-23T22:30:00+00:00,4.135,4.144,4.123,4.130,501734.1
2025-07-23T22:45:00+00:00,4.131,4.148,4.123,4.127,384136.9
2025-07-23T23:00:00+00:00,4.127,4.145,4.124,4.136,529784.9
2025-07-23T23:15:00+00:00,4.135,4.136,4.118,4.129,320353.4
2025-07-23T23:30:00+00:00,4.128,4.132,4.112,4.116,301284.5
2025-07-23T23:45:00+00:00,4.116,4.121,4.105,4.113,330667.7
2025-07-24T00:00:00+00:00,4.114,4.114,4.085,4.102,685871.1
2025-07-24T00:15:00+00:00,4.102,4.155,4.095,4.137,1012057.9
2025-07-24T00:30:00+00:00,4.136,4.162,4.123,4.155,911753.7
2025-07-24T00:45:00+00:00,4.156,4.178,4.140,4.175,565167.4
2025-07-24T01:00:00+00:00,4.175,4.175,4.144,4.154,917720.5
2025-07-24T01:15:00+00:00,4.154,4.174,4.149,4.151,279133.4
2025-07-24T01:30:00+00:00,4.152,4.155,4.126,4.142,786536.4
2025-07-24T01:45:00+00:00,4.143,4.183,4.141,4.181,365047.5
2025-07-24T02:00:00+00:00,4.180,4.186,4.162,4.173,515062.0
2025-07-24T02:15:00+00:00,4.173,4.175,4.152,4.153,238000.0
2025-07-24T02:30:00+00:00,4.154,4.178,4.152,4.176,404532.7
2025-07-24T02:45:00+00:00,4.176,4.193,4.159,4.169,359133.0
2025-07-24T03:00:00+00:00,4.169,4.174,4.154,4.168,323183.1
2025-07-24T03:15:00+00:00,4.168,4.200,4.162,4.190,597114.5
2025-07-24T03:30:00+00:00,4.191,4.192,4.161,4.173,556326.7
2025-07-24T03:45:00+00:00,4.173,4.174,4.137,4.141,493493.5
2025-07-24T04:00:00+00:00,4.141,4.156,4.122,4.153,687372.6
2025-07-24T04:15:00+00:00,4.152,4.152,4.112,4.117,402983.2
2025-07-24T04:30:00+00:00,4.117,4.125,4.074,4.076,944868.6
2025-07-24T04:45:00+00:00,4.075,4.091,4.058,4.067,1023871.7
2025-07-24T05:00:00+00:00,4.067,4.072,4.014,4.025,1944649.1
2025-07-24T05:15:00+00:00,4.024,4.049,4.017,4.026,1421628.5
2025-07-24T05:30:00+00:00,4.026,4.054,4.015,4.049,771191.9
2025-07-24T05:45:00+00:00,4.049,4.052,3.937,3.948,3892102.3
2025-07-24T06:00:00+00:00,3.948,4.021,3.943,4.014,2467222.3
2025-07-24T06:15:00+00:00,4.014,4.039,3.980,4.021,1332251.6
2025-07-24T06:30:00+00:00,4.021,4.028,3.909,3.923,2610609.9
2025-07-24T06:45:00+00:00,3.922,3.957,3.891,3.943,3049651.5
2025-07-24T07:00:00+00:00,3.942,3.977,3.892,3.974,2264149.5
2025-07-24T07:15:00+00:00,3.975,3.997,3.970,3.989,1307213.2
2025-07-24T07:30:00+00:00,3.989,4.004,3.968,4.001,646919.1
2025-07-24T07:45:00+00:00,4.000,4.015,3.977,4.007,643655.9
2025-07-24T08:00:00+00:00,4.006,4.040,3.982,4.037,1334627.9
2025-07-24T08:15:00+00:00,4.037,4.038,4.012,4.014,754265.8
2025-07-24T08:30:00+00:00,4.014,4.027,3.995,4.004,805748.2
2025-07-24T08:45:00+00:00,4.003,4.017,4.000,4.007,732925.0
2025-07-24T09:00:00+00:00,4.007,4.018,4.000,4.002,569464.0
2025-07-24T09:15:00+00:00,4.002,4.010,3.989,4.002,598724.2
2025-07-24T09:30:00+00:00,4.002,4.007,3.982,4.003,679760.3
2025-07-24T09:45:00+00:00,4.004,4.005,3.957,3.970,1451881.7
2025-07-24T10:00:00+00:00,3.971,3.996,3.960,3.969,1059146.7
2025-07-24T10:15:00+00:00,3.968,3.978,3.935,3.938,828261.3
2025-07-24T10:30:00+00:00,3.937,3.944,3.913,3.939,877497.1
2025-07-24T10:45:00+00:00,3.940,3.967,3.928,3.962,761668.0
2025-07-24T11:00:00+00:00,3.962,3.991,3.958,3.991,748376.7
2025-07-24T11:15:00+00:00,3.991,4.013,3.988,4.007,786523.8
2025-07-24T11:30:00+00:00,4.007,4.029,4.000,4.024,584948.7
2025-07-24T11:45:00+00:00,4.024,4.034,4.011,4.019,781177.5
2025-07-24T12:00:00+00:00,4.018,4.030,3.989,4.004,918045.7
2025-07-24T12:15:00+00:00,4.004,4.024,3.980,4.020,824104.9
2025-07-24T12:30:00+00:00,4.019,4.019,3.971,3.985,914039.8
2025-07-24T12:45:00+00:00,3.985,4.002,3.973,3.993,589744.8
2025-07-24T13:00:00+00:00,3.993,4.012,3.981,4.004,619858.0
2025-07-24T13:15:00+00:00,4.004,4.016,3.998,4.010,751987.3
2025-07-24T13:30:00+00:00,4.010,4.035,3.988,4.003,1297027.2
2025-07-24T13:45:00+00:00,4.004,4.022,3.967,3.973,1031910.8
2025-07-24T14:00:00+00:00,3.974,3.995,3.938,3.952,1464215.5
2025-07-24T14:15:00+00:00,3.951,3.999,3.947,3.993,910130.4
2025-07-24T14:30:00+00:00,3.993,4.059,3.991,4.051,1617739.4
2025-07-24T14:45:00+00:00,4.051,4.102,4.050,4.095,1489867.8
2025-07-24T15:00:00+00:00,4.096,4.134,4.085,4.128,1888927.0
2025-07-24T15:15:00+00:00,4.127,4.129,4.086,4.095,1425625.9
2025-07-24T15:30:00+00:00,4.096,4.098,4.055,4.078,1100280.4
2025-07-24T15:45:00+00:00,4.078,4.095,4.064,4.080,513974.4
2025-07-24T16:00:00+00:00,4.081,4.086,4.055,4.060,867411.1
2025-07-24T16:15:00+00:00,4.059,4.071,4.016,4.020,1118121.6
2025-07-24T16:30:00+00:00,4.020,4.031,3.989,3.991,1472144.4
2025-07-24T16:45:00+00:00,3.991,4.025,3.980,4.011,1016675.2
2025-07-24T17:00:00+00:00,4.011,4.060,4.004,4.053,728700.8
2025-07-24T17:15:00+00:00,4.053,4.089,4.044,4.071,596491.0
2025-07-24T17:30:00+00:00,4.072,4.090,4.072,4.086,473001.5
2025-07-24T17:45:00+00:00,4.086,4.100,4.072,4.077,471230.5
2025-07-24T18:00:00+00:00,4.076,4.100,4.048,4.092,728906.4
2025-07-24T18:15:00+00:00,4.092,4.101,4.081,4.097,585689.8
2025-07-24T18:30:00+00:00,4.096,4.101,4.066,4.075,771210.8
2025-07-24T18:45:00+00:00,4.076,4.094,4.073,4.088,458049.8
2025-07-24T19:00:00+00:00,4.088,4.108,4.085,4.097,537561.3
2025-07-24T19:15:00+00:00,4.097,4.109,4.079,4.091,537882.3
2025-07-24T19:30:00+00:00,4.092,4.094,4.063,4.071,444435.3
2025-07-24T19:45:00+00:00,4.071,4.088,4.053,4.057,530160.1
2025-07-24T20:00:00+00:00,4.057,4.073,4.052,4.071,504180.2
2025-07-24T20:15:00+00:00,4.071,4.076,4.053,4.074,352219.7
2025-07-24T20:30:00+00:00,4.075,4.082,4.062,4.071,275461.2
2025-07-24T20:45:00+00:00,4.072,4.095,4.070,4.086,287065.7
2025-07-24T21:00:00+00:00,4.086,4.089,4.053,4.060,406693.6
2025-07-24T21:15:00+00:00,4.061,4.063,4.036,4.046,421001.8
2025-07-24T21:30:00+00:00,4.046,4.050,4.022,4.048,426964.7
2025-07-24T21:45:00+00:00,4.048,4.051,4.033,4.035,147443.7
2025-07-24T22:00:00+00:00,4.036,4.044,4.007,4.011,742695.5
2025-07-24T22:15:00+00:00,4.012,4.040,4.009,4.040,470431.1
2025-07-24T22:30:00+00:00,4.040,4.059,4.025,4.056,276782.5
2025-07-24T22:45:00+00:00,4.055,4.055,4.030,4.030,362938.1
2025-07-24T23:00:00+00:00,4.030,4.030,3.990,3.993,676652.3
2025-07-24T23:15:00+00:00,3.993,4.012,3.985,3.993,888764.9
2025-07-24T23:30:00+00:00,3.994,4.007,3.979,3.991,556758.9
2025-07-24T23:45:00+00:00,3.992,4.006,3.986,3.999,458623.6
2025-07-25T00:00:00+00:00,3.999,4.004,3.954,3.969,1095176.3
2025-07-25T00:15:00+00:00,3.969,3.982,3.954,3.980,794064.2
2025-07-25T00:30:00+00:00,3.979,3.980,3.930,3.969,907476.8
2025-07-25T00:45:00+00:00,3.968,3.983,3.949,3.952,464209.3
2025-07-25T01:00:00+00:00,3.951,3.976,3.946,3.952,489909.5
2025-07-25T01:15:00+00:00,3.952,3.968,3.928,3.962,572129.3
2025-07-25T01:30:00+00:00,3.961,3.998,3.950,3.983,860309.0
2025-07-25T01:45:00+00:00,3.983,4.009,3.968,3.996,519994.0
2025-07-25T02:00:00+00:00,3.995,4.014,3.988,3.994,458274.9
2025-07-25T02:15:00+00:00,3.994,3.998,3.979,3.993,423208.0
2025-07-25T02:30:00+00:00,3.993,4.005,3.937,3.944,929851.9
2025-07-25T02:45:00+00:00,3.944,3.954,3.919,3.928,975429.2
2025-07-25T03:00:00+00:00,3.929,3.954,3.909,3.944,1308596.7
2025-07-25T03:15:00+00:00,3.943,3.957,3.928,3.932,604314.4
2025-07-25T03:30:00+00:00,3.932,3.932,3.860,3.902,2174512.2
2025-07-25T03:45:00+00:00,3.903,3.932,3.891,3.923,733810.3
2025-07-25T04:00:00+00:00,3.923,3.938,3.890,3.894,899287.1
2025-07-25T04:15:00+00:00,3.893,3.910,3.879,3.907,708522.1
2025-07-25T04:30:00+00:00,3.906,3.954,3.905,3.930,672010.2
2025-07-25T04:45:00+00:00,3.931,3.961,3.931,3.956,753807.3
2025-07-25T05:00:00+00:00,3.956,3.959,3.925,3.927,802090.5
2025-07-25T05:15:00+00:00,3.928,3.967,3.928,3.946,639421.2
2025-07-25T05:30:00+00:00,3.945,3.945,3.920,3.931,264494.6
2025-07-25T05:45:00+00:00,3.931,3.935,3.912,3.916,373565.9
2025-07-25T06:00:00+00:00,3.916,3.919,3.889,3.912,538661.0
2025-07-25T06:15:00+00:00,3.912,3.920,3.894,3.906,414835.1
2025-07-25T06:30:00+00:00,3.906,3.947,3.897,3.942,517801.6
2025-07-25T06:45:00+00:00,3.941,3.955,3.930,3.937,484051.6
2025-07-25T07:00:00+00:00,3.936,3.955,3.921,3.952,610102.2
2025-07-25T07:15:00+00:00,3.952,3.981,3.946,3.946,853305.9
2025-07-25T07:30:00+00:00,3.945,3.956,3.924,3.927,394747.8
2025-07-25T07:45:00+00:00,3.927,3.943,3.890,3.935,929479.2
2025-07-25T08:00:00+00:00,3.935,3.957,3.928,3.949,752872.2
2025-07-25T08:15:00+00:00,3.948,3.982,3.939,3.969,626878.6
2025-07-25T08:30:00+00:00,3.969,3.971,3.929,3.932,583471.8
2025-07-25T08:45:00+00:00,3.931,3.957,3.922,3.949,810912.2
2025-07-25T09:00:00+00:00,3.948,3.959,3.936,3.956,445785.3
2025-07-25T09:15:00+00:00,3.956,3.995,3.939,3.995,648363.2
2025-07-25T09:30:00+00:00,3.994,4.020,3.986,3.986,995583.2
2025-07-25T09:45:00+00:00,3.986,4.023,3.976,4.021,878751.3
2025-07-25T10:00:00+00:00,4.022,4.047,4.018,4.026,1060085.8
2025-07-25T10:15:00+00:00,4.026,4.027,4.006,4.010,599874.0
2025-07-25T10:30:00+00:00,4.011,4.038,4.010,4.034,528139.0
2025-07-25T10:45:00+00:00,4.035,4.040,4.021,4.037,579261.7
2025-07-25T11:00:00+00:00,4.038,4.054,4.038,4.046,522455.4
2025-07-25T11:15:00+00:00,4.045,4.058,4.039,4.053,417286.2
2025-07-25T11:30:00+00:00,4.052,4.058,4.030,4.032,551584.7
2025-07-25T11:45:00+00:00,4.031,4.052,4.028,4.046,380673.5
2025-07-25T12:00:00+00:00,4.046,4.075,4.044,4.064,817690.1
2025-07-25T12:15:00+00:00,4.066,4.070,4.033,4.035,478413.1
2025-07-25T12:30:00+00:00,4.035,4.063,4.019,4.056,578089.0
2025-07-25T12:45:00+00:00,4.056,4.058,4.033,4.043,320902.2
2025-07-25T13:00:00+00:00,4.043,4.046,4.031,4.037,309149.0
2025-07-25T13:15:00+00:00,4.037,4.050,4.034,4.038,263510.5
2025-07-25T13:30:00+00:00,4.038,4.057,4.000,4.009,843949.3
2025-07-25T13:45:00+00:00,4.009,4.038,4.004,4.036,623236.1
2025-07-25T14:00:00+00:00,4.037,4.041,4.008,4.009,428728.6
2025-07-25T14:15:00+00:00,4.010,4.016,3.976,3.987,969611.0
2025-07-25T14:30:00+00:00,3.987,3.994,3.923,3.935,2142263.3
2025-07-25T14:45:00+00:00,3.936,3.954,3.921,3.926,1163357.3
2025-07-25T15:00:00+00:00,3.925,3.951,3.921,3.946,805061.4
2025-07-25T15:15:00+00:00,3.946,3.967,3.936,3.954,756854.8
2025-07-25T15:30:00+00:00,3.954,3.967,3.897,3.920,1359442.2
2025-07-25T15:45:00+00:00,3.920,3.960,3.918,3.952,753004.3
2025-07-25T16:00:00+00:00,3.952,3.975,3.947,3.962,590320.8
2025-07-25T16:15:00+00:00,3.963,3.969,3.927,3.956,833985.2
2025-07-25T16:30:00+00:00,3.957,3.967,3.932,3.961,651108.8
2025-07-25T16:45:00+00:00,3.961,3.997,3.956,3.987,550047.8
2025-07-25T17:00:00+00:00,3.987,4.010,3.983,4.000,604730.9
2025-07-25T17:15:00+00:00,4.000,4.007,3.979,3.993,642342.7
2025-07-25T17:30:00+00:00,3.993,4.002,3.972,3.994,406516.2
2025-07-25T17:45:00+00:00,3.994,3.997,3.978,3.978,329341.8
2025-07-25T18:00:00+00:00,3.979,3.993,3.975,3.991,333864.0
2025-07-25T18:15:00+00:00,3.991,3.997,3.974,3.985,361618.4
2025-07-25T18:30:00+00:00,3.985,3.998,3.975,3.996,219418.0
2025-07-25T18:45:00+00:00,3.995,3.995,3.981,3.986,244055.5
2025-07-25T19:00:00+00:00,3.985,3.994,3.978,3.989,190270.8
2025-07-25T19:15:00+00:00,3.989,3.996,3.975,3.977,210522.3
2025-07-25T19:30:00+00:00,3.977,4.012,3.976,4.009,296327.3
2025-07-25T19:45:00+00:00,4.009,4.020,3.991,3.993,264945.7
2025-07-25T20:00:00+00:00,3.993,4.011,3.992,4.006,316096.2
2025-07-25T20:15:00+00:00,4.005,4.041,4.004,4.034,683360.2
2025-07-25T20:30:00+00:00,4.033,4.064,4.027,4.060,649544.3
2025-07-25T20:45:00+00:00,4.060,4.073,4.057,4.062,531521.4
2025-07-25T21:00:00+00:00,4.062,4.080,4.060,4.076,649106.3
2025-07-25T21:15:00+00:00,4.076,4.090,4.070,4.086,515038.2
2025-07-25T21:30:00+00:00,4.085,4.090,4.066,4.069,298838.0
2025-07-25T21:45:00+00:00,4.070,4.086,4.068,4.086,151433.2
2025-07-25T22:00:00+00:00,4.086,4.095,4.082,4.086,374849.8
2025-07-25T22:15:00+00:00,4.085,4.093,4.077,4.090,180130.1
2025-07-25T22:30:00+00:00,4.091,4.100,4.084,4.092,237809.1
2025-07-25T22:45:00+00:00,4.093,4.096,4.082,4.095,194060.5
2025-07-25T23:00:00+00:00,4.094,4.095,4.081,4.083,227659.7
2025-07-25T23:15:00+00:00,4.082,4.092,4.082,4.087,237182.1
2025-07-25T23:30:00+00:00,4.086,4.092,4.077,4.077,371778.3
2025-07-25T23:45:00+00:00,4.076,4.090,4.076,4.086,157017.2
2025-07-26T00:00:00+00:00,4.087,4.088,4.067,4.078,624686.9
2025-07-26T00:15:00+00:00,4.079,4.090,4.072,4.090,236798.6
2025-07-26T00:30:00+00:00,4.090,4.094,4.083,4.084,283949.8
2025-07-26T00:45:00+00:00,4.084,4.090,4.076,4.090,201883.6
2025-07-26T01:00:00+00:00,4.090,4.095,4.080,4.094,123157.7
2025-07-26T01:15:00+00:00,4.094,4.094,4.083,4.091,114663.4
2025-07-26T01:30:00+00:00,4.091,4.095,4.084,4.084,189139.4
2025-07-26T01:45:00+00:00,4.084,4.094,4.073,4.075,643600.9
2025-07-26T02:00:00+00:00,4.074,4.091,4.074,4.091,206246.7
2025-07-26T02:15:00+00:00,4.091,4.119,4.091,4.116,402106.6
2025-07-26T02:30:00+00:00,4.115,4.128,4.106,4.108,465316.2
2025-07-26T02:45:00+00:00,4.108,4.120,4.106,4.117,297343.2
2025-07-26T03:00:00+00:00,4.117,4.121,4.106,4.112,298140.5
2025-07-26T03:15:00+00:00,4.112,4.117,4.099,4.101,155634.7
2025-07-26T03:30:00+00:00,4.101,4.118,4.101,4.117,270838.9
2025-07-26T03:45:00+00:00,4.117,4.130,4.116,4.119,325609.2
2025-07-26T04:00:00+00:00,4.119,4.123,4.113,4.123,203592.1
2025-07-26T04:15:00+00:00,4.122,4.126,4.110,4.114,105795.2
2025-07-26T04:30:00+00:00,4.113,4.117,4.110,4.113,151748.8
2025-07-26T04:45:00+00:00,4.112,4.114,4.103,4.106,113241.9
2025-07-26T05:00:00+00:00,4.106,4.107,4.095,4.100,166867.1
2025-07-26T05:15:00+00:00,4.099,4.106,4.098,4.103,145340.8
2025-07-26T05:30:00+00:00,4.103,4.111,4.099,4.102,130977.4
2025-07-26T05:45:00+00:00,4.102,4.107,4.100,4.105,111899.1
2025-07-26T06:00:00+00:00,4.105,4.106,4.094,4.097,161388.0
2025-07-26T06:15:00+00:00,4.096,4.103,4.090,4.095,187402.6
2025-07-26T06:30:00+00:00,4.095,4.100,4.092,4.097,161433.2
2025-07-26T06:45:00+00:00,4.096,4.098,4.087,4.092,188232.0
2025-07-26T07:00:00+00:00,4.091,4.102,4.088,4.100,151194.2
2025-07-26T07:15:00+00:00,4.099,4.101,4.092,4.095,73272.1
2025-07-26T07:30:00+00:00,4.094,4.101,4.088,4.097,121929.6
2025-07-26T07:45:00+00:00,4.097,4.100,4.092,4.094,105130.4
2025-07-26T08:00:00+00:00,4.093,4.099,4.093,4.098,91754.1
2025-07-26T08:15:00+00:00,4.097,4.115,4.096,4.107,387544.0
2025-07-26T08:30:00+00:00,4.106,4.109,4.083,4.090,983651.5
2025-07-26T08:45:00+00:00,4.090,4.103,4.087,4.091,349963.0
2025-07-26T09:00:00+00:00,4.091,4.097,4.083,4.090,189595.0
2025-07-26T09:15:00+00:00,4.089,4.092,4.084,4.085,111675.2
2025-07-26T09:30:00+00:00,4.085,4.091,4.082,4.090,139242.3
2025-07-26T09:45:00+00:00,4.091,4.100,4.086,4.097,201012.7
2025-07-26T10:00:00+00:00,4.097,4.102,4.090,4.099,136617.6
2025-07-26T10:15:00+00:00,4.099,4.104,4.095,4.099,156868.0
2025-07-26T10:30:00+00:00,4.099,4.112,4.098,4.111,260690.0
2025-07-26T10:45:00+00:00,4.111,4.112,4.096,4.097,196141.8
2025-07-26T11:00:00+00:00,4.098,4.114,4.094,4.114,177839.8
2025-07-26T11:15:00+00:00,4.113,4.116,4.096,4.100,245869.9
2025-07-26T11:30:00+00:00,4.101,4.109,4.088,4.091,233143.3
2025-07-26T11:45:00+00:00,4.091,4.104,4.088,4.103,138697.2
2025-07-26T12:00:00+00:00,4.104,4.108,4.086,4.089,255015.0
2025-07-26T12:15:00+00:00,4.090,4.106,4.089,4.099,238940.0
2025-07-26T12:30:00+00:00,4.099,4.107,4.091,4.105,235180.7
2025-07-26T12:45:00+00:00,4.104,4.110,4.099,4.105,258711.1
2025-07-26T13:00:00+00:00,4.105,4.110,4.094,4.109,242560.9
2025-07-26T13:15:00+00:00,4.110,4.111,4.103,4.109,176298.9
2025-07-26T13:30:00+00:00,4.110,4.124,4.107,4.122,200853.2
2025-07-26T13:45:00+00:00,4.121,4.126,4.113,4.118,315141.3
2025-07-26T14:00:00+00:00,4.118,4.136,4.110,4.134,521805.2
2025-07-26T14:15:00+00:00,4.134,4.145,4.115,4.119,592916.4
2025-07-26T14:30:00+00:00,4.119,4.128,4.104,4.120,430985.5
2025-07-26T14:45:00+00:00,4.120,4.137,4.118,4.122,344991.6
2025-07-26T15:00:00+00:00,4.122,4.143,4.116,4.117,682058.7
2025-07-26T15:15:00+00:00,4.117,4.122,4.109,4.115,316851.5
2025-07-26T15:30:00+00:00,4.116,4.129,4.108,4.124,192264.9
2025-07-26T15:45:00+00:00,4.123,4.143,4.123,4.142,269976.5
2025-07-26T16:00:00+00:00,4.143,4.148,4.126,4.130,402879.9
2025-07-26T16:15:00+00:00,4.131,4.153,4.130,4.143,335650.3
2025-07-26T16:30:00+00:00,4.144,4.152,4.139,4.148,198330.0
2025-07-26T16:45:00+00:00,4.148,4.149,4.136,4.141,209842.6
2025-07-26T17:00:00+00:00,4.141,4.143,4.126,4.130,334427.8
2025-07-26T17:15:00+00:00,4.130,4.134,4.126,4.128,138796.5
2025-07-26T17:30:00+00:00,4.128,4.129,4.114,4.117,377128.6
2025-07-26T17:45:00+00:00,4.116,4.124,4.108,4.121,275738.7
2025-07-26T18:00:00+00:00,4.121,4.128,4.115,4.124,164844.2
2025-07-26T18:15:00+00:00,4.124,4.126,4.102,4.126,325510.9
2025-07-26T18:30:00+00:00,4.126,4.151,4.124,4.149,329487.6
2025-07-26T18:45:00+00:00,4.149,4.174,4.148,4.169,518034.1
2025-07-26T19:00:00+00:00,4.169,4.179,4.164,4.173,433774.5
2025-07-26T19:15:00+00:00,4.173,4.176,4.157,4.172,307090.8
2025-07-26T19:30:00+00:00,4.172,4.178,4.167,4.176,294436.0
2025-07-26T19:45:00+00:00,4.176,4.194,4.175,4.191,497408.8
2025-07-26T20:00:00+00:00,4.191,4.193,4.174,4.180,394147.8
2025-07-26T20:15:00+00:00,4.180,4.188,4.168,4.168,586431.6
2025-07-26T20:30:00+00:00,4.169,4.182,4.167,4.177,198974.3
2025-07-26T20:45:00+00:00,4.177,4.181,4.171,4.171,220441.6
2025-07-26T21:00:00+00:00,4.171,4.171,4.161,4.161,178905.9
2025-07-26T21:15:00+00:00,4.161,4.172,4.160,4.171,123011.9
2025-07-26T21:30:00+00:00,4.170,4.178,4.165,4.165,116645.2
2025-07-26T21:45:00+00:00,4.165,4.179,4.165,4.174,101384.7
2025-07-26T22:00:00+00:00,4.175,4.195,4.170,4.177,516938.8
2025-07-26T22:15:00+00:00,4.177,4.193,4.156,4.158,442132.6
2025-07-26T22:30:00+00:00,4.158,4.166,4.147,4.154,332750.7
2025-07-26T22:45:00+00:00,4.154,4.155,4.143,4.147,150070.7
2025-07-26T23:00:00+00:00,4.146,4.147,4.137,4.137,217708.9
2025-07-26T23:15:00+00:00,4.137,4.144,4.129,4.135,189699.0
2025-07-26T23:30:00+00:00,4.134,4.135,4.124,4.126,180566.1
2025-07-26T23:45:00+00:00,4.127,4.128,4.119,4.123,197313.0
2025-07-27T00:00:00+00:00,4.123,4.125,4.111,4.123,252572.8
2025-07-27T00:15:00+00:00,4.123,4.130,4.115,4.125,255243.4
2025-07-27T00:30:00+00:00,4.124,4.133,4.118,4.122,172807.8
2025-07-27T00:45:00+00:00,4.122,4.133,4.114,4.133,192850.8
2025-07-27T01:00:00+00:00,4.133,4.150,4.120,4.148,247557.7
2025-07-27T01:15:00+00:00,4.148,4.158,4.143,4.153,283717.2
2025-07-27T01:30:00+00:00,4.153,4.164,4.147,4.156,261665.9
2025-07-27T01:45:00+00:00,4.156,4.161,4.148,4.150,127316.1
2025-07-27T02:00:00+00:00,4.150,4.167,4.144,4.167,160714.9
2025-07-27T02:15:00+00:00,4.167,4.175,4.159,4.160,177551.5
2025-07-27T02:30:00+00:00,4.161,4.179,4.159,4.174,150627.7
2025-07-27T02:45:00+00:00,4.173,4.192,4.163,4.177,471184.3
2025-07-27T03:00:00+00:00,4.177,4.185,4.160,4.164,573670.2
2025-07-27T03:15:00+00:00,4.164,4.171,4.158,4.166,187244.0
2025-07-27T03:30:00+00:00,4.166,4.173,4.163,4.170,180942.2
2025-07-27T03:45:00+00:00,4.170,4.170,4.158,4.162,226128.7
2025-07-27T04:00:00+00:00,4.162,4.171,4.154,4.158,148209.3
2025-07-27T04:15:00+00:00,4.158,4.169,4.157,4.165,78985.0
2025-07-27T04:30:00+00:00,4.165,4.176,4.160,4.170,130194.2
2025-07-27T04:45:00+00:00,4.171,4.172,4.162,4.172,91829.0
2025-07-27T05:00:00+00:00,4.171,4.177,4.167,4.175,210686.9
2025-07-27T05:15:00+00:00,4.174,4.198,4.171,4.194,509683.5
2025-07-27T05:30:00+00:00,4.193,4.205,4.180,4.181,556141.7
2025-07-27T05:45:00+00:00,4.180,4.186,4.175,4.179,277952.4
2025-07-27T06:00:00+00:00,4.180,4.180,4.165,4.170,261399.4
2025-07-27T06:15:00+00:00,4.170,4.178,4.159,4.165,265259.7
2025-07-27T06:30:00+00:00,4.165,4.175,4.160,4.175,220514.1
2025-07-27T06:45:00+00:00,4.175,4.176,4.159,4.166,419313.6
2025-07-27T07:00:00+00:00,4.167,4.179,4.163,4.169,200293.6
2025-07-27T07:15:00+00:00,4.169,4.177,4.162,4.171,265449.7
2025-07-27T07:30:00+00:00,4.170,4.172,4.160,4.164,138793.6
2025-07-27T07:45:00+00:00,4.165,4.167,4.151,4.161,224127.5
2025-07-27T08:00:00+00:00,4.161,4.169,4.153,4.155,181164.2
2025-07-27T08:15:00+00:00,4.156,4.162,4.145,4.147,188563.9
2025-07-27T08:30:00+00:00,4.148,4.149,4.135,4.145,301211.1
2025-07-27T08:45:00+00:00,4.145,4.151,4.137,4.141,239871.5
2025-07-27T09:00:00+00:00,4.141,4.141,4.128,4.133,306453.8
2025-07-27T09:15:00+00:00,4.132,4.134,4.121,4.123,261325.6
2025-07-27T09:30:00+00:00,4.123,4.131,4.116,4.120,287862.4
2025-07-27T09:45:00+00:00,4.121,4.125,4.114,4.123,343143.9
2025-07-27T10:00:00+00:00,4.123,4.146,4.122,4.144,262318.0
2025-07-27T10:15:00+00:00,4.144,4.155,4.143,4.146,258842.0
2025-07-27T10:30:00+00:00,4.146,4.172,4.143,4.169,484660.4
2025-07-27T10:45:00+00:00,4.169,4.189,4.166,4.177,625888.9
2025-07-27T11:00:00+00:00,4.176,4.183,4.168,4.172,361674.0
2025-07-27T11:15:00+00:00,4.171,4.183,4.165,4.169,250365.2
2025-07-27T11:30:00+00:00,4.169,4.173,4.147,4.153,284222.1
2025-07-27T11:45:00+00:00,4.152,4.153,4.139,4.150,417904.6
2025-07-27T12:00:00+00:00,4.149,4.163,4.144,4.161,342959.1
2025-07-27T12:15:00+00:00,4.161,4.165,4.146,4.147,213679.5
2025-07-27T12:30:00+00:00,4.147,4.157,4.136,4.142,278529.1
2025-07-27T12:45:00+00:00,4.142,4.178,4.142,4.175,363478.1
2025-07-27T13:00:00+00:00,4.174,4.185,4.164,4.168,428293.3
2025-07-27T13:15:00+00:00,4.168,4.171,4.158,4.167,384899.0
2025-07-27T13:30:00+00:00,4.168,4.169,4.153,4.162,252039.4
2025-07-27T13:45:00+00:00,4.161,4.165,4.151,4.157,174330.2
2025-07-27T14:00:00+00:00,4.157,4.171,4.153,4.165,207403.9
2025-07-27T14:15:00+00:00,4.165,4.178,4.154,4.168,291360.8
2025-07-27T14:30:00+00:00,4.167,4.174,4.144,4.151,330394.7
2025-07-27T14:45:00+00:00,4.151,4.162,4.136,4.154,462364.3
2025-07-27T15:00:00+00:00,4.153,4.159,4.137,4.141,373478.9
2025-07-27T15:15:00+00:00,4.140,4.153,4.134,4.143,190975.1
2025-07-27T15:30:00+00:00,4.143,4.151,4.136,4.151,156472.0
2025-07-27T15:45:00+00:00,4.151,4.169,4.144,4.169,172466.5
2025-07-27T16:00:00+00:00,4.168,4.197,4.167,4.196,567129.3
2025-07-27T16:15:00+00:00,4.195,4.208,4.188,4.203,720991.6
2025-07-27T16:30:00+00:00,4.203,4.217,4.194,4.194,804245.9
2025-07-27T16:45:00+00:00,4.194,4.204,4.161,4.174,507332.5
2025-07-27T17:00:00+00:00,4.174,4.182,4.162,4.174,500117.1
2025-07-27T17:15:00+00:00,4.174,4.186,4.160,4.181,435696.7
2025-07-27T17:30:00+00:00,4.182,4.186,4.164,4.175,217348.5
2025-07-27T17:45:00+00:00,4.175,4.194,4.174,4.191,412520.6
2025-07-27T18:00:00+00:00,4.190,4.206,4.189,4.200,464829.6
2025-07-27T18:15:00+00:00,4.201,4.212,4.190,4.201,369293.3
2025-07-27T18:30:00+00:00,4.201,4.205,4.185,4.193,297151.8
2025-07-27T18:45:00+00:00,4.192,4.197,4.179,4.190,355956.7
2025-07-27T19:00:00+00:00,4.190,4.196,4.181,4.184,211404.1
2025-07-27T19:15:00+00:00,4.184,4.184,4.170,4.178,164343.1
2025-07-27T19:30:00+00:00,4.178,4.190,4.174,4.176,145793.3
2025-07-27T19:45:00+00:00,4.176,4.186,4.173,4.180,153326.7
2025-07-27T20:00:00+00:00,4.180,4.198,4.179,4.188,209508.9
2025-07-27T20:15:00+00:00,4.188,4.194,4.178,4.189,205487.7
2025-07-27T20:30:00+00:00,4.188,4.190,4.178,4.181,134654.5
2025-07-27T20:45:00+00:00,4.181,4.187,4.166,4.172,250688.7
2025-07-27T21:00:00+00:00,4.171,4.180,4.163,4.165,247156.4
2025-07-27T21:15:00+00:00,4.165,4.182,4.161,4.182,163649.2
2025-07-27T21:30:00+00:00,4.181,4.189,4.178,4.182,180966.2
2025-07-27T21:45:00+00:00,4.181,4.205,4.181,4.202,181100.0
2025-07-27T22:00:00+00:00,4.203,4.240,4.200,4.239,742697.9
2025-07-27T22:15:00+00:00,4.240,4.246,4.224,4.234,443532.6
2025-07-27T22:30:00+00:00,4.233,4.241,4.226,4.240,383828.2
2025-07-27T22:45:00+00:00,4.240,4.252,4.229,4.235,476544.8
2025-07-27T23:00:00+00:00,4.235,4.236,4.205,4.214,495952.7
2025-07-27T23:15:00+00:00,4.214,4.227,4.214,4.219,315394.6
2025-07-27T23:30:00+00:00,4.219,4.225,4.204,4.222,245409.4
2025-07-27T23:45:00+00:00,4.222,4.240,4.220,4.239,194161.1
2025-07-28T00:00:00+00:00,4.239,4.242,4.225,4.240,480824.0
2025-07-28T00:15:00+00:00,4.239,4.264,4.236,4.258,797755.5
2025-07-28T00:30:00+00:00,4.257,4.258,4.230,4.232,458289.7
2025-07-28T00:45:00+00:00,4.232,4.239,4.218,4.219,426624.8
2025-07-28T01:00:00+00:00,4.218,4.221,4.197,4.203,615886.5
2025-07-28T01:15:00+00:00,4.202,4.218,4.192,4.203,374890.9
2025-07-28T01:30:00+00:00,4.202,4.202,4.184,4.188,346105.8
2025-07-28T01:45:00+00:00,4.188,4.194,4.180,4.192,415553.8
2025-07-28T02:00:00+00:00,4.192,4.202,4.182,4.200,398749.2
2025-07-28T02:15:00+00:00,4.199,4.231,4.199,4.229,314172.6
2025-07-28T02:30:00+00:00,4.229,4.268,4.225,4.253,993077.5
2025-07-28T02:45:00+00:00,4.252,4.259,4.240,4.250,271908.0
2025-07-28T03:00:00+00:00,4.251,4.261,4.236,4.242,293192.3
2025-07-28T03:15:00+00:00,4.242,4.256,4.232,4.236,428126.0
2025-07-28T03:30:00+00:00,4.236,4.248,4.233,4.239,379955.4
2025-07-28T03:45:00+00:00,4.239,4.254,4.239,4.247,193418.4
2025-07-28T04:00:00+00:00,4.246,4.260,4.236,4.236,206134.4
2025-07-28T04:15:00+00:00,4.237,4.260,4.224,4.256,427067.9
2025-07-28T04:30:00+00:00,4.255,4.276,4.245,4.272,620263.4
2025-07-28T04:45:00+00:00,4.272,4.277,4.266,4.272,348956.7
2025-07-28T05:00:00+00:00,4.271,4.282,4.267,4.281,268360.6
2025-07-28T05:15:00+00:00,4.281,4.302,4.278,4.297,685758.6
2025-07-28T05:30:00+00:00,4.296,4.302,4.286,4.294,379051.0
2025-07-28T05:45:00+00:00,4.294,4.310,4.289,4.300,321339.5
2025-07-28T06:00:00+00:00,4.300,4.309,4.296,4.307,248414.1
2025-07-28T06:15:00+00:00,4.307,4.308,4.284,4.284,384343.7
2025-07-28T06:30:00+00:00,4.283,4.295,4.278,4.281,421772.6
2025-07-28T06:45:00+00:00,4.281,4.303,4.279,4.299,303958.8
2025-07-28T07:00:00+00:00,4.300,4.301,4.257,4.262,665224.3
2025-07-28T07:15:00+00:00,4.262,4.275,4.252,4.272,415406.9
2025-07-28T07:30:00+00:00,4.272,4.278,4.257,4.272,263022.2
2025-07-28T07:45:00+00:00,4.271,4.274,4.265,4.272,154673.4
2025-07-28T08:00:00+00:00,4.271,4.282,4.258,4.262,260601.4
2025-07-28T08:15:00+00:00,4.263,4.275,4.253,4.264,279060.7
2025-07-28T08:30:00+00:00,4.264,4.265,4.239,4.250,403133.5
2025-07-28T08:45:00+00:00,4.250,4.258,4.240,4.257,215640.3
2025-07-28T09:00:00+00:00,4.257,4.267,4.243,4.264,321461.8
2025-07-28T09:15:00+00:00,4.264,4.280,4.260,4.269,260037.4
2025-07-28T09:30:00+00:00,4.269,4.270,4.246,4.255,262437.0
2025-07-28T09:45:00+00:00,4.255,4.285,4.255,4.275,259031.7
2025-07-28T10:00:00+00:00,4.276,4.279,4.250,4.250,471103.8
2025-07-28T10:15:00+00:00,4.251,4.264,4.246,4.258,319683.9
2025-07-28T10:30:00+00:00,4.257,4.258,4.232,4.239,479441.0
2025-07-28T10:45:00+00:00,4.239,4.251,4.233,4.248,200159.5
2025-07-28T11:00:00+00:00,4.248,4.249,4.226,4.228,386223.1
2025-07-28T11:15:00+00:00,4.228,4.230,4.219,4.222,266758.8
2025-07-28T11:30:00+00:00,4.222,4.229,4.206,4.218,452617.2
2025-07-28T11:45:00+00:00,4.218,4.227,4.218,4.223,190388.8
2025-07-28T12:00:00+00:00,4.224,4.227,4.199,4.212,433191.1
2025-07-28T12:15:00+00:00,4.211,4.237,4.209,4.226,396449.1
2025-07-28T12:30:00+00:00,4.225,4.235,4.220,4.225,228482.1
2025-07-28T12:45:00+00:00,4.226,4.227,4.199,4.207,477113.8
2025-07-28T13:00:00+00:00,4.207,4.209,4.183,4.187,697594.1
2025-07-28T13:15:00+00:00,4.187,4.200,4.153,4.167,1337168.3
2025-07-28T13:30:00+00:00,4.167,4.190,4.142,4.171,1304171.1
2025-07-28T13:45:00+00:00,4.171,4.182,4.142,4.157,631285.5
2025-07-28T14:00:00+00:00,4.157,4.171,4.138,4.144,715649.2
2025-07-28T14:15:00+00:00,4.145,4.147,4.077,4.085,3278763.4
2025-07-28T14:30:00+00:00,4.086,4.111,4.072,4.109,1123988.6
2025-07-28T14:45:00+00:00,4.109,4.111,4.084,4.091,794904.4
2025-07-28T15:00:00+00:00,4.091,4.102,4.079,4.099,908199.2
2025-07-28T15:15:00+00:00,4.098,4.116,4.095,4.113,907988.6
2025-07-28T15:30:00+00:00,4.112,4.120,4.081,4.082,489638.0
2025-07-28T15:45:00+00:00,4.083,4.096,4.047,4.071,1287894.5
2025-07-28T16:00:00+00:00,4.070,4.071,4.040,4.051,1003259.0
2025-07-28T16:15:00+00:00,4.051,4.068,4.035,4.063,849889.8
2025-07-28T16:30:00+00:00,4.062,4.079,4.050,4.077,580899.3
2025-07-28T16:45:00+00:00,4.078,4.094,4.060,4.062,630176.3
2025-07-28T17:00:00+00:00,4.061,4.072,4.055,4.055,442047.9
2025-07-28T17:15:00+00:00,4.055,4.071,4.035,4.068,762381.8
2025-07-28T17:30:00+00:00,4.067,4.074,4.040,4.049,332872.3
2025-07-28T17:45:00+00:00,4.049,4.053,4.037,4.042,279272.6
2025-07-28T18:00:00+00:00,4.042,4.047,4.002,4.035,1790967.5
2025-07-28T18:15:00+00:00,4.036,4.037,3.993,4.011,1314305.3
2025-07-28T18:30:00+00:00,4.011,4.020,3.979,4.015,1042700.7
2025-07-28T18:45:00+00:00,4.016,4.019,3.994,4.006,436813.8
2025-07-28T19:00:00+00:00,4.005,4.034,4.003,4.025,919476.0
2025-07-28T19:15:00+00:00,4.026,4.033,4.014,4.026,706252.2
2025-07-28T19:30:00+00:00,4.026,4.026,3.982,3.984,1178286.9
2025-07-28T19:45:00+00:00,3.984,4.007,3.974,4.005,627318.6
2025-07-28T20:00:00+00:00,4.006,4.012,3.983,3.986,408469.7
2025-07-28T20:15:00+00:00,3.987,3.996,3.959,3.963,925756.9
2025-07-28T20:30:00+00:00,3.964,3.986,3.962,3.968,642508.3
2025-07-28T20:45:00+00:00,3.967,3.985,3.957,3.975,385418.8
2025-07-28T21:00:00+00:00,3.974,3.984,3.961,3.974,508915.3
2025-07-28T21:15:00+00:00,3.973,3.977,3.943,3.962,507109.7
2025-07-28T21:30:00+00:00,3.961,4.002,3.954,4.001,455743.2
2025-07-28T21:45:00+00:00,4.001,4.001,3.961,3.974,277247.1
2025-07-28T22:00:00+00:00,3.973,3.990,3.963,3.974,453332.5
2025-07-28T22:15:00+00:00,3.974,3.979,3.956,3.964,320684.6
2025-07-28T22:30:00+00:00,3.963,3.968,3.927,3.942,610680.6
2025-07-28T22:45:00+00:00,3.941,3.962,3.937,3.954,296438.1
2025-07-28T23:00:00+00:00,3.954,3.965,3.943,3.955,363620.0
2025-07-28T23:15:00+00:00,3.955,3.972,3.947,3.950,319363.7
2025-07-28T23:30:00+00:00,3.949,3.967,3.941,3.951,370091.6
2025-07-28T23:45:00+00:00,3.950,3.963,3.935,3.963,555684.2
2025-07-29T00:00:00+00:00,3.963,3.982,3.946,3.982,499252.3
2025-07-29T00:15:00+00:00,3.981,4.001,3.979,3.982,883013.3
2025-07-29T00:30:00+00:00,3.982,3.991,3.901,3.919,2082453.1
2025-07-29T00:45:00+00:00,3.920,3.957,3.914,3.955,630325.6
2025-07-29T01:00:00+00:00,3.954,3.962,3.938,3.957,402215.3
2025-07-29T01:15:00+00:00,3.956,3.976,3.953,3.974,248920.4
2025-07-29T01:30:00+00:00,3.975,3.984,3.972,3.973,302261.7
2025-07-29T01:45:00+00:00,3.974,3.974,3.941,3.942,267639.4
2025-07-29T02:00:00+00:00,3.942,3.953,3.936,3.947,347242.9
2025-07-29T02:15:00+00:00,3.948,3.948,3.908,3.947,725633.2
2025-07-29T02:30:00+00:00,3.947,3.952,3.920,3.934,453420.2
2025-07-29T02:45:00+00:00,3.935,3.943,3.914,3.926,593210.0
2025-07-29T03:00:00+00:00,3.926,3.975,3.925,3.973,546037.3
2025-07-29T03:15:00+00:00,3.973,3.973,3.948,3.954,402573.6
2025-07-29T03:30:00+00:00,3.953,3.976,3.941,3.976,388317.8
2025-07-29T03:45:00+00:00,3.976,3.993,3.965,3.989,468976.3
2025-07-29T04:00:00+00:00,3.989,4.003,3.985,3.997,425324.6
2025-07-29T04:15:00+00:00,3.996,3.996,3.982,3.984,210120.5
2025-07-29T04:30:00+00:00,3.984,3.991,3.974,3.976,214138.8
2025-07-29T04:45:00+00:00,3.977,3.983,3.963,3.967,225016.0
2025-07-29T05:00:00+00:00,3.967,3.990,3.965,3.979,308174.3
2025-07-29T05:15:00+00:00,3.979,4.000,3.967,4.000,289877.6
2025-07-29T05:30:00+00:00,4.000,4.016,3.998,4.012,455044.9
2025-07-29T05:45:00+00:00,4.012,4.033,4.012,4.031,471835.7
2025-07-29T06:00:00+00:00,4.031,4.033,4.020,4.025,314707.9
2025-07-29T06:15:00+00:00,4.025,4.050,4.025,4.044,477525.7
2025-07-29T06:30:00+00:00,4.043,4.055,4.038,4.053,477099.2
2025-07-29T06:45:00+00:00,4.054,4.060,4.042,4.049,520761.4
2025-07-29T07:00:00+00:00,4.049,4.062,4.046,4.052,341687.0
2025-07-29T07:15:00+00:00,4.052,4.062,4.040,4.043,340115.7
2025-07-29T07:30:00+00:00,4.043,4.063,4.035,4.063,543690.9
2025-07-29T07:45:00+00:00,4.063,4.079,4.062,4.072,507353.3
2025-07-29T08:00:00+00:00,4.072,4.073,4.051,4.059,376059.4
2025-07-29T08:15:00+00:00,4.059,4.068,4.038,4.043,256276.8
2025-07-29T08:30:00+00:00,4.044,4.051,4.040,4.046,225815.0
2025-07-29T08:45:00+00:00,4.045,4.057,4.034,4.047,340665.5
2025-07-29T09:00:00+00:00,4.048,4.052,4.025,4.027,633868.4
2025-07-29T09:15:00+00:00,4.027,4.042,4.018,4.034,446914.1
2025-07-29T09:30:00+00:00,4.034,4.034,4.020,4.028,242553.4
2025-07-29T09:45:00+00:00,4.028,4.028,4.015,4.018,216546.8
2025-07-29T10:00:00+00:00,4.018,4.021,3.990,3.995,612916.5
2025-07-29T10:15:00+00:00,3.995,4.007,3.987,4.000,467275.5
2025-07-29T10:30:00+00:00,3.999,4.014,3.984,3.988,343893.6
2025-07-29T10:45:00+00:00,3.988,3.989,3.959,3.966,646989.3
2025-07-29T11:00:00+00:00,3.966,3.988,3.963,3.988,395534.9
2025-07-29T11:15:00+00:00,3.988,3.997,3.981,3.994,316966.8
2025-07-29T11:30:00+00:00,3.993,4.000,3.978,3.987,246080.8
2025-07-29T11:45:00+00:00,3.988,3.995,3.984,3.992,210160.7
2025-07-29T12:00:00+00:00,3.992,4.009,3.983,3.990,409563.0
2025-07-29T12:15:00+00:00,3.990,4.032,3.990,4.023,674491.9
2025-07-29T12:30:00+00:00,4.022,4.034,4.010,4.033,429627.8
2025-07-29T12:45:00+00:00,4.033,4.037,4.022,4.024,342786.7
2025-07-29T13:00:00+00:00,4.023,4.034,4.009,4.016,331156.7
2025-07-29T13:15:00+00:00,4.015,4.039,4.010,4.034,394962.7
2025-07-29T13:30:00+00:00,4.034,4.037,4.005,4.012,537405.4
2025-07-29T13:45:00+00:00,4.012,4.021,3.970,3.979,995694.0
2025-07-29T14:00:00+00:00,3.980,3.982,3.923,3.938,1813365.6
2025-07-29T14:15:00+00:00,3.938,3.973,3.936,3.969,1075134.4
2025-07-29T14:30:00+00:00,3.970,3.972,3.947,3.961,667030.4
2025-07-29T14:45:00+00:00,3.961,3.968,3.896,3.927,1874436.5
2025-07-29T15:00:00+00:00,3.927,3.938,3.910,3.925,1178788.2
2025-07-29T15:15:00+00:00,3.926,3.934,3.905,3.910,780156.9
2025-07-29T15:30:00+00:00,3.909,3.918,3.888,3.912,1210030.1
2025-07-29T15:45:00+00:00,3.912,3.939,3.908,3.913,731817.1
2025-07-29T16:00:00+00:00,3.914,3.921,3.880,3.892,1290815.0
2025-07-29T16:15:00+00:00,3.892,3.894,3.865,3.874,1421020.5
2025-07-29T16:30:00+00:00,3.874,3.879,3.836,3.878,2018336.0
2025-07-29T16:45:00+00:00,3.879,3.900,3.869,3.893,1062721.1
2025-07-29T17:00:00+00:00,3.892,3.907,3.886,3.905,610005.5
2025-07-29T17:15:00+00:00,3.904,3.921,3.887,3.913,803555.9
2025-07-29T17:30:00+00:00,3.913,3.918,3.877,3.877,858667.5
2025-07-29T17:45:00+00:00,3.878,3.906,3.877,3.897,444298.6
2025-07-29T18:00:00+00:00,3.896,3.902,3.872,3.879,504220.2
2025-07-29T18:15:00+00:00,3.879,3.896,3.874,3.895,356585.6
2025-07-29T18:30:00+00:00,3.895,3.909,3.892,3.893,318003.9
2025-07-29T18:45:00+00:00,3.894,3.900,3.880,3.893,286524.8
2025-07-29T19:00:00+00:00,3.892,3.899,3.884,3.896,292652.3
2025-07-29T19:15:00+00:00,3.897,3.918,3.858,3.866,1746789.0
2025-07-29T19:30:00+00:00,3.867,3.880,3.862,3.869,409838.7
2025-07-29T19:45:00+00:00,3.870,3.874,3.850,3.855,692812.1
2025-07-29T20:00:00+00:00,3.855,3.856,3.817,3.828,1276059.4
2025-07-29T20:15:00+00:00,3.827,3.885,3.818,3.858,1385184.7
2025-07-29T20:30:00+00:00,3.858,3.862,3.834,3.845,430558.3
2025-07-29T20:45:00+00:00,3.845,3.858,3.837,3.854,519084.7
2025-07-29T21:00:00+00:00,3.855,3.868,3.836,3.861,553106.5
2025-07-29T21:15:00+00:00,3.860,3.861,3.837,3.853,392144.5
2025-07-29T21:30:00+00:00,3.852,3.872,3.848,3.862,313169.3
2025-07-29T21:45:00+00:00,3.861,3.914,3.861,3.899,290980.3
2025-07-29T22:00:00+00:00,3.899,3.907,3.866,3.871,521122.0
2025-07-29T22:15:00+00:00,3.871,3.890,3.870,3.881,204266.4
2025-07-29T22:30:00+00:00,3.881,3.892,3.877,3.886,217017.1
2025-07-29T22:45:00+00:00,3.885,3.900,3.882,3.895,234347.3
2025-07-29T23:00:00+00:00,3.895,3.900,3.884,3.888,198710.5
2025-07-29T23:15:00+00:00,3.888,3.901,3.886,3.898,165085.9
2025-07-29T23:30:00+00:00,3.897,3.904,3.884,3.885,266046.3
2025-07-29T23:45:00+00:00,3.884,3.905,3.881,3.902,178588.9
2025-07-30T00:00:00+00:00,3.902,3.903,3.881,3.891,191148.0
2025-07-30T00:15:00+00:00,3.892,3.896,3.870,3.873,325085.1
2025-07-30T00:30:00+00:00,3.873,3.881,3.853,3.860,370754.5
2025-07-30T00:45:00+00:00,3.860,3.878,3.847,3.874,313485.1
2025-07-30T01:00:00+00:00,3.874,3.880,3.861,3.866,264491.7
2025-07-30T01:15:00+00:00,3.866,3.867,3.834,3.853,472797.5
2025-07-30T01:30:00+00:00,3.853,3.902,3.849,3.897,570180.4
2025-07-30T01:45:00+00:00,3.897,3.911,3.889,3.892,523966.0
2025-07-30T02:00:00+00:00,3.892,3.915,3.882,3.914,289977.7
2025-07-30T02:15:00+00:00,3.913,3.919,3.892,3.897,364886.6
2025-07-30T02:30:00+00:00,3.897,3.915,3.889,3.907,320775.3
2025-07-30T02:45:00+00:00,3.906,3.913,3.897,3.899,291647.3
2025-07-30T03:00:00+00:00,3.900,3.901,3.886,3.900,162919.1
2025-07-30T03:15:00+00:00,3.900,3.904,3.892,3.902,276780.4
2025-07-30T03:30:00+00:00,3.903,3.911,3.899,3.909,191912.7
2025-07-30T03:45:00+00:00,3.909,3.917,3.893,3.893,199895.1
2025-07-30T04:00:00+00:00,3.893,3.907,3.890,3.903,149500.3
2025-07-30T04:15:00+00:00,3.904,3.906,3.890,3.890,120485.5
2025-07-30T04:30:00+00:00,3.890,3.891,3.861,3.873,333191.3
2025-07-30T04:45:00+00:00,3.873,3.873,3.860,3.866,267114.2
2025-07-30T05:00:00+00:00,3.866,3.879,3.856,3.857,263156.4
2025-07-30T05:15:00+00:00,3.858,3.890,3.851,3.888,290066.2
2025-07-30T05:30:00+00:00,3.889,3.894,3.878,3.886,214551.1
2025-07-30T05:45:00+00:00,3.886,3.904,3.879,3.891,265373.6
2025-07-30T06:00:00+00:00,3.890,3.899,3.884,3.885,137515.6
2025-07-30T06:15:00+00:00,3.886,3.888,3.871,3.885,188184.8
2025-07-30T06:30:00+00:00,3.885,3.888,3.866,3.887,452676.9
2025-07-30T06:45:00+00:00,3.887,3.894,3.880,3.888,151455.2
2025-07-30T07:00:00+00:00,3.887,3.901,3.871,3.873,269140.4
2025-07-30T07:15:00+00:00,3.874,3.881,3.863,3.881,217185.2
2025-07-30T07:30:00+00:00,3.881,3.886,3.858,3.867,222200.4
2025-07-30T07:45:00+00:00,3.867,3.872,3.854,3.868,190297.5
2025-07-30T08:00:00+00:00,3.868,3.875,3.840,3.844,393172.8
2025-07-30T08:15:00+00:00,3.844,3.860,3.839,3.860,280374.2
2025-07-30T08:30:00+00:00,3.860,3.884,3.850,3.880,309223.6
2025-07-30T08:45:00+00:00,3.880,3.886,3.866,3.866,281333.3
2025-07-30T09:00:00+00:00,3.867,3.876,3.850,3.852,407971.1
2025-07-30T09:15:00+00:00,3.851,3.857,3.839,3.843,350353.9
2025-07-30T09:30:00+00:00,3.843,3.844,3.816,3.820,1116415.5
2025-07-30T09:45:00+00:00,3.820,3.833,3.818,3.823,540678.6
2025-07-30T10:00:00+00:00,3.823,3.839,3.821,3.835,439929.3
2025-07-30T10:15:00+00:00,3.834,3.851,3.827,3.841,486975.2
2025-07-30T10:30:00+00:00,3.841,3.850,3.833,3.838,252799.6
2025-07-30T10:45:00+00:00,3.838,3.844,3.794,3.806,1184512.6
2025-07-30T11:00:00+00:00,3.807,3.828,3.803,3.817,532486.5
2025-07-30T11:15:00+00:00,3.817,3.820,3.762,3.765,2121018.7
2025-07-30T11:30:00+00:00,3.765,3.784,3.754,3.758,912183.6
2025-07-30T11:45:00+00:00,3.758,3.772,3.733,3.756,1820731.7
2025-07-30T12:00:00+00:00,3.757,3.761,3.735,3.747,808022.9
2025-07-30T12:15:00+00:00,3.748,3.790,3.730,3.779,1327541.0
2025-07-30T12:30:00+00:00,3.780,3.786,3.755,3.755,949535.2
2025-07-30T12:45:00+00:00,3.756,3.780,3.752,3.770,514422.1
2025-07-30T13:00:00+00:00,3.769,3.787,3.758,3.766,718656.0
2025-07-30T13:15:00+00:00,3.766,3.783,3.749,3.759,712896.0
2025-07-30T13:30:00+00:00,3.759,3.784,3.756,3.774,1056942.7
2025-07-30T13:45:00+00:00,3.774,3.792,3.763,3.783,936152.3
2025-07-30T14:00:00+00:00,3.784,3.785,3.762,3.779,603649.4
2025-07-30T14:15:00+00:00,3.779,3.805,3.772,3.783,950206.1
2025-07-30T14:30:00+00:00,3.784,3.806,3.780,3.800,518640.4
2025-07-30T14:45:00+00:00,3.801,3.855,3.795,3.846,1279844.6
2025-07-30T15:00:00+00:00,3.845,3.850,3.811,3.814,815252.3
2025-07-30T15:15:00+00:00,3.814,3.832,3.806,3.813,502527.4
2025-07-30T15:30:00+00:00,3.813,3.822,3.803,3.818,307015.5
2025-07-30T15:45:00+00:00,3.817,3.827,3.810,3.818,253711.4
2025-07-30T16:00:00+00:00,3.818,3.831,3.804,3.829,498109.6
2025-07-30T16:15:00+00:00,3.829,3.857,3.825,3.836,1044471.4
2025-07-30T16:30:00+00:00,3.835,3.839,3.823,3.828,443612.1
2025-07-30T16:45:00+00:00,3.829,3.831,3.819,3.831,295547.5
2025-07-30T17:00:00+00:00,3.831,3.839,3.817,3.819,401242.2
2025-07-30T17:15:00+00:00,3.820,3.837,3.814,3.823,270284.3
2025-07-30T17:30:00+00:00,3.822,3.832,3.820,3.827,179440.3
2025-07-30T17:45:00+00:00,3.827,3.838,3.812,3.836,389801.8
2025-07-30T18:00:00+00:00,3.836,3.856,3.805,3.831,1486583.8
2025-07-30T18:15:00+00:00,3.832,3.843,3.817,3.830,657673.7
2025-07-30T18:30:00+00:00,3.831,3.836,3.796,3.809,839553.6
2025-07-30T18:45:00+00:00,3.810,3.813,3.741,3.746,1804164.9
2025-07-30T19:00:00+00:00,3.745,3.745,3.618,3.697,6529114.3
2025-07-30T19:15:00+00:00,3.697,3.725,3.695,3.724,1587200.4
2025-07-30T19:30:00+00:00,3.724,3.758,3.712,3.755,1078839.9
2025-07-30T19:45:00+00:00,3.755,3.786,3.750,3.777,774333.1
2025-07-30T20:00:00+00:00,3.777,3.808,3.775,3.805,798385.1
2025-07-30T20:15:00+00:00,3.806,3.808,3.787,3.789,708004.7
2025-07-30T20:30:00+00:00,3.789,3.797,3.775,3.782,535232.1
2025-07-30T20:45:00+00:00,3.782,3.786,3.766,3.773,606859.8
2025-07-30T21:00:00+00:00,3.772,3.793,3.771,3.782,411757.2
2025-07-30T21:15:00+00:00,3.783,3.786,3.757,3.759,352543.0
2025-07-30T21:30:00+00:00,3.758,3.767,3.734,3.737,544915.3
2025-07-30T21:45:00+00:00,3.737,3.770,3.737,3.764,176871.7
2025-07-30T22:00:00+00:00,3.764,3.775,3.752,3.761,365542.0
2025-07-30T22:15:00+00:00,3.761,3.766,3.744,3.751,190754.5
2025-07-30T22:30:00+00:00,3.750,3.758,3.745,3.755,220932.0
2025-07-30T22:45:00+00:00,3.755,3.765,3.750,3.763,143783.4
2025-07-30T23:00:00+00:00,3.763,3.784,3.762,3.780,368572.1
2025-07-30T23:15:00+00:00,3.779,3.798,3.779,3.794,313273.9
2025-07-30T23:30:00+00:00,3.794,3.811,3.793,3.804,403286.0
2025-07-30T23:45:00+00:00,3.804,3.809,3.799,3.804,298874.4
2025-07-31T00:00:00+00:00,3.803,3.805,3.796,3.803,321450.6
2025-07-31T00:15:00+00:00,3.803,3.824,3.801,3.823,196334.1
2025-07-31T00:30:00+00:00,3.824,3.842,3.818,3.837,359943.2
2025-07-31T00:45:00+00:00,3.837,3.846,3.830,3.841,267212.9
2025-07-31T01:00:00+00:00,3.841,3.843,3.829,3.836,205153.0
2025-07-31T01:15:00+00:00,3.836,3.845,3.825,3.845,231300.0
2025-07-31T01:30:00+00:00,3.845,3.850,3.835,3.838,217255.6
2025-07-31T01:45:00+00:00,3.837,3.843,3.828,3.833,238108.9
2025-07-31T02:00:00+00:00,3.833,3.838,3.825,3.834,317105.6
2025-07-31T02:15:00+00:00,3.833,3.840,3.830,3.838,162775.1
2025-07-31T02:30:00+00:00,3.838,3.853,3.836,3.853,436835.4
2025-07-31T02:45:00+00:00,3.852,3.854,3.845,3.853,178017.4
2025-07-31T03:00:00+00:00,3.853,3.859,3.848,3.857,212298.7
2025-07-31T03:15:00+00:00,3.857,3.864,3.855,3.861,194514.4
2025-07-31T03:30:00+00:00,3.861,3.872,3.858,3.872,289422.7
2025-07-31T03:45:00+00:00,3.872,3.879,3.868,3.872,292674.4
2025-07-31T04:00:00+00:00,3.873,3.876,3.862,3.873,272712.9
2025-07-31T04:15:00+00:00,3.873,3.873,3.863,3.864,199941.5
2025-07-31T04:30:00+00:00,3.864,3.880,3.861,3.874,246867.8
2025-07-31T04:45:00+00:00,3.874,3.883,3.873,3.879,264136.8
2025-07-31T05:00:00+00:00,3.879,3.881,3.873,3.880,156859.3
2025-07-31T05:15:00+00:00,3.880,3.887,3.878,3.881,255959.4
2025-07-31T05:30:00+00:00,3.880,3.885,3.878,3.882,137333.0
2025-07-31T05:45:00+00:00,3.883,3.883,3.873,3.878,368496.4
2025-07-31T06:00:00+00:00,3.877,3.879,3.865,3.867,324579.0
2025-07-31T06:15:00+00:00,3.868,3.880,3.867,3.875,193663.8
2025-07-31T06:30:00+00:00,3.875,3.883,3.870,3.880,162646.8
2025-07-31T06:45:00+00:00,3.881,3.900,3.880,3.896,392637.1
2025-07-31T07:00:00+00:00,3.896,3.897,3.885,3.887,241947.1
2025-07-31T07:15:00+00:00,3.888,3.897,3.885,3.885,188820.6
2025-07-31T07:30:00+00:00,3.886,3.889,3.879,3.886,140627.7
2025-07-31T07:45:00+00:00,3.886,3.890,3.882,3.885,109849.9
2025-07-31T08:00:00+00:00,3.884,3.892,3.883,3.890,209726.6
2025-07-31T08:15:00+00:00,3.890,3.900,3.889,3.894,219121.8
2025-07-31T08:30:00+00:00,3.894,3.902,3.890,3.901,137576.4
2025-07-31T08:45:00+00:00,3.902,3.902,3.890,3.892,166061.0
2025-07-31T09:00:00+00:00,3.892,3.892,3.883,3.889,265809.0
2025-07-31T09:15:00+00:00,3.888,3.896,3.888,3.895,99630.2
2025-07-31T09:30:00+00:00,3.895,3.898,3.891,3.893,154556.5
2025-07-31T09:45:00+00:00,3.894,3.908,3.892,3.901,222944.3
2025-07-31T10:00:00+00:00,3.902,3.905,3.895,3.900,225226.1
2025-07-31T10:15:00+00:00,3.900,3.903,3.895,3.896,192139.2
2025-07-31T10:30:00+00:00,3.896,3.914,3.896,3.913,379704.2
2025-07-31T10:45:00+00:00,3.914,3.918,3.910,3.911,403563.9
2025-07-31T11:00:00+00:00,3.912,3.915,3.897,3.910,358617.7
2025-07-31T11:15:00+00:00,3.910,3.911,3.888,3.893,515141.2
2025-07-31T11:30:00+00:00,3.893,3.907,3.892,3.892,402297.8
2025-07-31T11:45:00+00:00,3.892,3.898,3.877,3.886,417482.1
2025-07-31T12:00:00+00:00,3.886,3.889,3.874,3.875,439765.1
2025-07-31T12:15:00+00:00,3.876,3.880,3.859,3.878,452651.4
2025-07-31T12:30:00+00:00,3.879,3.879,3.844,3.846,674558.0
2025-07-31T12:45:00+00:00,3.846,3.857,3.839,3.852,443005.5
2025-07-31T13:00:00+00:00,3.851,3.852,3.805,3.807,1018893.0
2025-07-31T13:15:00+00:00,3.808,3.825,3.786,3.802,1158716.6
2025-07-31T13:30:00+00:00,3.803,3.812,3.782,3.790,1043412.8
2025-07-31T13:45:00+00:00,3.789,3.821,3.785,3.809,762147.4
2025-07-31T14:00:00+00:00,3.809,3.819,3.777,3.789,628157.5
2025-07-31T14:15:00+00:00,3.789,3.790,3.742,3.751,1324460.2
2025-07-31T14:30:00+00:00,3.751,3.778,3.748,3.752,785844.6
2025-07-31T14:45:00+00:00,3.753,3.772,3.747,3.756,514844.6
2025-07-31T15:00:00+00:00,3.755,3.777,3.751,3.769,697601.0
2025-07-31T15:15:00+00:00,3.770,3.788,3.768,3.781,551752.4
2025-07-31T15:30:00+00:00,3.780,3.800,3.779,3.794,485083.7
2025-07-31T15:45:00+00:00,3.794,3.801,3.776,3.788,496750.0
2025-07-31T16:00:00+00:00,3.788,3.800,3.781,3.798,306356.2
2025-07-31T16:15:00+00:00,3.798,3.825,3.798,3.819,477407.8
2025-07-31T16:30:00+00:00,3.819,3.871,3.818,3.852,1323214.5
2025-07-31T16:45:00+00:00,3.853,3.858,3.827,3.842,414345.9
2025-07-31T17:00:00+00:00,3.842,3.842,3.811,3.820,529968.7
2025-07-31T17:15:00+00:00,3.820,3.830,3.783,3.799,587949.1
2025-07-31T17:30:00+00:00,3.800,3.818,3.792,3.803,424432.0
2025-07-31T17:45:00+00:00,3.803,3.810,3.765,3.782,677499.9
2025-07-31T18:00:00+00:00,3.782,3.786,3.749,3.760,676435.8
2025-07-31T18:15:00+00:00,3.760,3.791,3.748,3.789,526983.0
2025-07-31T18:30:00+00:00,3.788,3.805,3.786,3.795,450386.8
2025-07-31T18:45:00+00:00,3.795,3.802,3.771,3.778,298129.6
2025-07-31T19:00:00+00:00,3.779,3.785,3.744,3.746,881089.8
2025-07-31T19:15:00+00:00,3.746,3.761,3.741,3.748,594142.7
2025-07-31T19:30:00+00:00,3.749,3.760,3.744,3.755,441949.8
2025-07-31T19:45:00+00:00,3.754,3.763,3.732,3.746,671016.1
2025-07-31T20:00:00+00:00,3.746,3.751,3.714,3.734,824055.0
2025-07-31T20:15:00+00:00,3.735,3.756,3.728,3.742,770874.3
2025-07-31T20:30:00+00:00,3.742,3.752,3.726,3.739,406282.0
2025-07-31T20:45:00+00:00,3.739,3.745,3.724,3.735,223866.6
2025-07-31T21:00:00+00:00,3.735,3.751,3.730,3.733,359129.2
2025-07-31T21:15:00+00:00,3.733,3.749,3.728,3.748,248722.1
2025-07-31T21:30:00+00:00,3.748,3.762,3.740,3.740,355572.3
2025-07-31T21:45:00+00:00,3.739,3.742,3.680,3.727,1066565.2
2025-07-31T22:00:00+00:00,3.727,3.727,3.688,3.699,791962.3
2025-07-31T22:15:00+00:00,3.699,3.715,3.691,3.703,659462.7
2025-07-31T22:30:00+00:00,3.703,3.704,3.672,3.688,703657.9
2025-07-31T22:45:00+00:00,3.689,3.693,3.672,3.687,299294.8
2025-07-31T23:00:00+00:00,3.687,3.714,3.685,3.709,560976.7
2025-07-31T23:15:00+00:00,3.709,3.710,3.690,3.691,339349.7
2025-07-31T23:30:00+00:00,3.692,3.692,3.663,3.680,908622.0
2025-07-31T23:45:00+00:00,3.681,3.691,3.671,3.679,366058.8
2025-08-01T00:00:00+00:00,3.679,3.687,3.637,3.642,1249263.2
2025-08-01T00:15:00+00:00,3.642,3.687,3.641,3.655,967448.2
2025-08-01T00:30:00+00:00,3.655,3.662,3.633,3.644,891152.3
2025-08-01T00:45:00+00:00,3.644,3.676,3.584,3.670,3954194.9
2025-08-01T01:00:00+00:00,3.670,3.685,3.623,3.627,1323178.7
2025-08-01T01:15:00+00:00,3.628,3.669,3.620,3.656,1050948.9
2025-08-01T01:30:00+00:00,3.656,3.682,3.639,3.662,820219.0
2025-08-01T01:45:00+00:00,3.663,3.673,3.645,3.665,455656.3
2025-08-01T02:00:00+00:00,3.664,3.699,3.656,3.696,836054.5
2025-08-01T02:15:00+00:00,3.696,3.705,3.683,3.686,676039.3
2025-08-01T02:30:00+00:00,3.687,3.711,3.685,3.698,418424.1
2025-08-01T02:45:00+00:00,3.698,3.716,3.694,3.704,538767.0
2025-08-01T03:00:00+00:00,3.704,3.709,3.694,3.696,420408.6
2025-08-01T03:15:00+00:00,3.696,3.722,3.692,3.716,404703.3
2025-08-01T03:30:00+00:00,3.716,3.717,3.704,3.705,276740.7
2025-08-01T03:45:00+00:00,3.706,3.713,3.685,3.692,488264.7
2025-08-01T04:00:00+00:00,3.691,3.691,3.666,3.680,720110.5
2025-08-01T04:15:00+00:00,3.680,3.681,3.656,3.663,385239.3
2025-08-01T04:30:00+00:00,3.662,3.675,3.654,3.667,355516.8
2025-08-01T04:45:00+00:00,3.667,3.674,3.656,3.663,246730.4
2025-08-01T05:00:00+00:00,3.664,3.686,3.660,3.679,415330.5
2025-08-01T05:15:00+00:00,3.679,3.679,3.647,3.661,556930.1
2025-08-01T05:30:00+00:00,3.662,3.678,3.642,3.652,691257.1
2025-08-01T05:45:00+00:00,3.651,3.653,3.632,3.649,464975.4
2025-08-01T06:00:00+00:00,3.650,3.656,3.623,3.635,570071.1
2025-08-01T06:15:00+00:00,3.636,3.644,3.621,3.628,567484.7
2025-08-01T06:30:00+00:00,3.628,3.645,3.615,3.620,576066.4
2025-08-01T06:45:00+00:00,3.620,3.659,3.616,3.654,458442.0
2025-08-01T07:00:00+00:00,3.654,3.670,3.639,3.648,424739.8
2025-08-01T07:15:00+00:00,3.649,3.665,3.639,3.640,274669.1
2025-08-01T07:30:00+00:00,3.641,3.656,3.636,3.653,331736.8
2025-08-01T07:45:00+00:00,3.654,3.657,3.639,3.655,283166.0
2025-08-01T08:00:00+00:00,3.655,3.655,3.565,3.603,2861107.3
2025-08-01T08:15:00+00:00,3.603,3.616,3.587,3.596,989449.0
2025-08-01T08:30:00+00:00,3.597,3.634,3.581,3.625,1455904.0
2025-08-01T08:45:00+00:00,3.625,3.640,3.608,3.609,635595.2
2025-08-01T09:00:00+00:00,3.608,3.657,3.604,3.623,1380030.2
2025-08-01T09:15:00+00:00,3.623,3.643,3.618,3.631,893445.8
2025-08-01T09:30:00+00:00,3.631,3.634,3.615,3.631,287654.8
2025-08-01T09:45:00+00:00,3.630,3.630,3.604,3.608,394208.7
2025-08-01T10:00:00+00:00,3.608,3.625,3.602,3.624,539895.5
2025-08-01T10:15:00+00:00,3.623,3.629,3.610,3.616,208742.3
2025-08-01T10:30:00+00:00,3.617,3.638,3.611,3.635,624323.1
2025-08-01T10:45:00+00:00,3.634,3.638,3.614,3.626,506698.2
2025-08-01T11:00:00+00:00,3.627,3.629,3.609,3.621,373298.5
2025-08-01T11:15:00+00:00,3.621,3.625,3.608,3.614,335917.7
2025-08-01T11:30:00+00:00,3.613,3.637,3.609,3.635,239581.9
2025-08-01T11:45:00+00:00,3.635,3.654,3.635,3.650,604104.4
2025-08-01T12:00:00+00:00,3.649,3.669,3.641,3.658,487822.0
2025-08-01T12:15:00+00:00,3.658,3.659,3.638,3.653,386177.8
2025-08-01T12:30:00+00:00,3.652,3.691,3.636,3.678,1284970.3
2025-08-01T12:45:00+00:00,3.677,3.678,3.649,3.665,616045.1
2025-08-01T13:00:00+00:00,3.665,3.679,3.658,3.664,1258027.4
2025-08-01T13:15:00+00:00,3.664,3.670,3.638,3.642,589749.1
2025-08-01T13:30:00+00:00,3.642,3.648,3.606,3.607,985430.0
2025-08-01T13:45:00+00:00,3.607,3.609,3.536,3.566,3021917.3
2025-08-01T14:00:00+00:00,3.566,3.626,3.543,3.618,1458548.4
2025-08-01T14:15:00+00:00,3.618,3.663,3.613,3.656,1218533.3
2025-08-01T14:30:00+00:00,3.655,3.666,3.640,3.641,1004909.1
2025-08-01T14:45:00+00:00,3.641,3.664,3.641,3.654,624418.6
2025-08-01T15:00:00+00:00,3.654,3.658,3.621,3.633,634351.6
2025-08-01T15:15:00+00:00,3.633,3.640,3.599,3.618,890897.1
2025-08-01T15:30:00+00:00,3.618,3.651,3.611,3.649,532530.5
2025-08-01T15:45:00+00:00,3.649,3.652,3.633,3.641,341177.0
2025-08-01T16:00:00+00:00,3.641,3.664,3.632,3.659,367587.7
2025-08-01T16:15:00+00:00,3.659,3.670,3.651,3.660,388224.2
2025-08-01T16:30:00+00:00,3.660,3.660,3.619,3.643,582369.2
2025-08-01T16:45:00+00:00,3.643,3.646,3.594,3.604,683580.9
2025-08-01T17:00:00+00:00,3.603,3.607,3.571,3.583,939640.8
2025-08-01T17:15:00+00:00,3.582,3.599,3.579,3.593,472572.2
2025-08-01T17:30:00+00:00,3.594,3.620,3.566,3.582,897899.1
2025-08-01T17:45:00+00:00,3.581,3.586,3.566,3.576,460568.8
2025-08-01T18:00:00+00:00,3.575,3.586,3.553,3.571,922623.2
2025-08-01T18:15:00+00:00,3.570,3.605,3.529,3.590,1502246.1
2025-08-01T18:30:00+00:00,3.589,3.611,3.586,3.594,499202.7
2025-08-01T18:45:00+00:00,3.594,3.601,3.563,3.577,619045.9
2025-08-01T19:00:00+00:00,3.577,3.597,3.572,3.590,452740.3
2025-08-01T19:15:00+00:00,3.589,3.605,3.575,3.598,833638.0
2025-08-01T19:30:00+00:00,3.598,3.631,3.589,3.611,789960.0
2025-08-01T19:45:00+00:00,3.611,3.630,3.609,3.623,521031.9
2025-08-01T20:00:00+00:00,3.622,3.631,3.567,3.572,1714405.9
2025-08-01T20:15:00+00:00,3.572,3.593,3.554,3.580,931029.4
2025-08-01T20:30:00+00:00,3.580,3.583,3.535,3.564,719262.6
2025-08-01T20:45:00+00:00,3.564,3.606,3.556,3.597,646257.1
2025-08-01T21:00:00+00:00,3.597,3.619,3.590,3.615,835029.1
2025-08-01T21:15:00+00:00,3.616,3.620,3.599,3.612,472193.6
2025-08-01T21:30:00+00:00,3.613,3.623,3.606,3.611,199815.1
2025-08-01T21:45:00+00:00,3.610,3.611,3.591,3.595,181269.5
2025-08-01T22:00:00+00:00,3.596,3.599,3.541,3.552,818458.6
2025-08-01T22:15:00+00:00,3.551,3.564,3.462,3.485,3144998.7
2025-08-01T22:30:00+00:00,3.485,3.499,3.442,3.499,2890813.4
2025-08-01T22:45:00+00:00,3.499,3.520,3.480,3.505,929745.9
2025-08-01T23:00:00+00:00,3.505,3.536,3.498,3.531,709942.6
2025-08-01T23:15:00+00:00,3.530,3.552,3.527,3.543,478083.4
2025-08-01T23:30:00+00:00,3.544,3.557,3.533,3.557,364641.2
2025-08-01T23:45:00+00:00,3.556,3.557,3.544,3.545,393647.4
2025-08-02T00:00:00+00:00,3.545,3.557,3.535,3.542,596280.4
2025-08-02T00:15:00+00:00,3.543,3.572,3.542,3.567,356411.0
2025-08-02T00:30:00+00:00,3.567,3.578,3.558,3.563,410298.4
2025-08-02T00:45:00+00:00,3.564,3.587,3.563,3.585,645380.2
2025-08-02T01:00:00+00:00,3.584,3.589,3.574,3.583,214627.1
2025-08-02T01:15:00+00:00,3.582,3.592,3.560,3.570,162289.1
2025-08-02T01:30:00+00:00,3.570,3.583,3.561,3.582,117214.0
2025-08-02T01:45:00+00:00,3.582,3.588,3.574,3.585,322142.8
2025-08-02T02:00:00+00:00,3.585,3.591,3.582,3.587,104964.8
2025-08-02T02:15:00+00:00,3.586,3.587,3.578,3.581,125107.8
2025-08-02T02:30:00+00:00,3.582,3.591,3.581,3.590,304156.9
2025-08-02T02:45:00+00:00,3.589,3.591,3.582,3.586,91376.1
2025-08-02T03:00:00+00:00,3.587,3.598,3.586,3.587,233834.2
2025-08-02T03:15:00+00:00,3.588,3.590,3.582,3.590,129128.4
2025-08-02T03:30:00+00:00,3.589,3.595,3.586,3.591,86452.0
2025-08-02T03:45:00+00:00,3.590,3.595,3.584,3.594,130082.0
2025-08-02T04:00:00+00:00,3.595,3.600,3.592,3.595,269783.1
2025-08-02T04:15:00+00:00,3.594,3.607,3.588,3.606,217589.2
2025-08-02T04:30:00+00:00,3.605,3.617,3.601,3.616,379119.9
2025-08-02T04:45:00+00:00,3.617,3.626,3.613,3.624,455878.4
2025-08-02T05:00:00+00:00,3.624,3.627,3.612,3.614,408564.5
2025-08-02T05:15:00+00:00,3.614,3.628,3.610,3.624,152419.7
2025-08-02T05:30:00+00:00,3.623,3.624,3.613,3.615,116739.1
2025-08-02T05:45:00+00:00,3.615,3.616,3.605,3.608,332867.2
2025-08-02T06:00:00+00:00,3.607,3.609,3.594,3.595,347929.3
2025-08-02T06:15:00+00:00,3.596,3.597,3.548,3.550,1036471.2
2025-08-02T06:30:00+00:00,3.550,3.553,3.510,3.522,1095315.9
2025-08-02T06:45:00+00:00,3.523,3.544,3.519,3.534,552341.1
2025-08-02T07:00:00+00:00,3.533,3.543,3.506,3.520,515097.5
2025-08-02T07:15:00+00:00,3.520,3.562,3.517,3.554,523015.7
2025-08-02T07:30:00+00:00,3.554,3.570,3.544,3.566,534329.3
2025-08-02T07:45:00+00:00,3.567,3.587,3.566,3.585,421608.2
2025-08-02T08:00:00+00:00,3.585,3.587,3.571,3.578,493500.5
2025-08-02T08:15:00+00:00,3.579,3.590,3.565,3.565,399452.1
2025-08-02T08:30:00+00:00,3.565,3.567,3.544,3.550,739071.8
2025-08-02T08:45:00+00:00,3.550,3.559,3.533,3.539,510616.0
2025-08-02T09:00:00+00:00,3.539,3.557,3.537,3.549,309761.0
2025-08-02T09:15:00+00:00,3.550,3.559,3.537,3.543,295011.0
2025-08-02T09:30:00+00:00,3.544,3.547,3.527,3.529,387700.6
2025-08-02T09:45:00+00:00,3.528,3.549,3.527,3.547,255185.7
2025-08-02T10:00:00+00:00,3.547,3.549,3.528,3.531,267284.6
2025-08-02T10:15:00+00:00,3.531,3.545,3.517,3.537,292580.0
2025-08-02T10:30:00+00:00,3.537,3.543,3.512,3.521,360747.6
2025-08-02T10:45:00+00:00,3.522,3.541,3.519,3.538,275779.4
2025-08-02T11:00:00+00:00,3.539,3.548,3.516,3.520,327721.4
2025-08-02T11:15:00+00:00,3.521,3.573,3.519,3.569,404169.1
2025-08-02T11:30:00+00:00,3.569,3.570,3.556,3.562,281211.4
2025-08-02T11:45:00+00:00,3.561,3.571,3.547,3.550,225850.6
2025-08-02T12:00:00+00:00,3.550,3.554,3.537,3.545,268775.3
2025-08-02T12:15:00+00:00,3.545,3.551,3.538,3.545,160547.5
2025-08-02T12:30:00+00:00,3.545,3.555,3.530,3.531,178302.8
2025-08-02T12:45:00+00:00,3.532,3.560,3.526,3.554,289935.0
2025-08-02T13:00:00+00:00,3.553,3.556,3.535,3.537,212423.0
2025-08-02T13:15:00+00:00,3.536,3.549,3.536,3.540,213963.9
2025-08-02T13:30:00+00:00,3.541,3.563,3.530,3.554,546778.1
2025-08-02T13:45:00+00:00,3.554,3.572,3.552,3.562,306376.8
2025-08-02T14:00:00+00:00,3.563,3.567,3.546,3.548,331990.8
2025-08-02T14:15:00+00:00,3.547,3.548,3.526,3.537,568506.3
2025-08-02T14:30:00+00:00,3.536,3.536,3.503,3.518,1235118.9
2025-08-02T14:45:00+00:00,3.517,3.527,3.493,3.513,696277.4
2025-08-02T15:00:00+00:00,3.513,3.530,3.512,3.528,640609.9
2025-08-02T15:15:00+00:00,3.527,3.547,3.525,3.531,380257.5
2025-08-02T15:30:00+00:00,3.531,3.533,3.499,3.515,483276.4
2025-08-02T15:45:00+00:00,3.516,3.520,3.482,3.493,960960.2
2025-08-02T16:00:00+00:00,3.494,3.512,3.487,3.498,817277.9
2025-08-02T16:15:00+00:00,3.497,3.504,3.483,3.494,381620.3
2025-08-02T16:30:00+00:00,3.494,3.519,3.460,3.515,1507482.5
2025-08-02T16:45:00+00:00,3.514,3.527,3.491,3.507,516008.0
2025-08-02T17:00:00+00:00,3.507,3.534,3.500,3.528,413157.3
2025-08-02T17:15:00+00:00,3.527,3.534,3.513,3.530,386547.7
2025-08-02T17:30:00+00:00,3.530,3.531,3.493,3.493,474459.4
2025-08-02T17:45:00+00:00,3.492,3.496,3.446,3.463,1769674.9
2025-08-02T18:00:00+00:00,3.463,3.479,3.451,3.457,784756.7
2025-08-02T18:15:00+00:00,3.456,3.479,3.435,3.445,1172439.8
2025-08-02T18:30:00+00:00,3.446,3.465,3.436,3.452,894197.7
2025-08-02T18:45:00+00:00,3.451,3.456,3.425,3.443,1239860.1
2025-08-02T19:00:00+00:00,3.444,3.467,3.431,3.463,784973.2
2025-08-02T19:15:00+00:00,3.464,3.505,3.462,3.503,624212.3
2025-08-02T19:30:00+00:00,3.503,3.512,3.489,3.500,468100.2
2025-08-02T19:45:00+00:00,3.500,3.500,3.473,3.478,431382.7
2025-08-02T20:00:00+00:00,3.478,3.498,3.475,3.495,508368.3
2025-08-02T20:15:00+00:00,3.494,3.510,3.480,3.501,398235.6
2025-08-02T20:30:00+00:00,3.500,3.504,3.484,3.490,304534.6
2025-08-02T20:45:00+00:00,3.489,3.505,3.483,3.504,280951.1
2025-08-02T21:00:00+00:00,3.504,3.525,3.488,3.492,507980.3
2025-08-02T21:15:00+00:00,3.493,3.503,3.489,3.491,265017.5
2025-08-02T21:30:00+00:00,3.492,3.517,3.492,3.503,235117.9
2025-08-02T21:45:00+00:00,3.503,3.521,3.503,3.505,131612.2
2025-08-02T22:00:00+00:00,3.506,3.525,3.504,3.508,275962.4
2025-08-02T22:15:00+00:00,3.508,3.508,3.482,3.487,318282.9
2025-08-02T22:30:00+00:00,3.487,3.519,3.486,3.519,193975.2
2025-08-02T22:45:00+00:00,3.519,3.527,3.515,3.518,308839.1
2025-08-02T23:00:00+00:00,3.518,3.524,3.490,3.494,282791.7
2025-08-02T23:15:00+00:00,3.495,3.503,3.472,3.472,438469.5
2025-08-02T23:30:00+00:00,3.473,3.523,3.472,3.509,361912.3
2025-08-02T23:45:00+00:00,3.510,3.518,3.501,3.506,201751.4
2025-08-03T00:00:00+00:00,3.506,3.522,3.497,3.499,561279.4
2025-08-03T00:15:00+00:00,3.499,3.512,3.471,3.479,465564.6
2025-08-03T00:30:00+00:00,3.478,3.511,3.456,3.506,975560.3
2025-08-03T00:45:00+00:00,3.506,3.527,3.501,3.524,590328.9
2025-08-03T01:00:00+00:00,3.524,3.530,3.512,3.519,525317.8
2025-08-03T01:15:00+00:00,3.519,3.529,3.509,3.529,222202.1
2025-08-03T01:30:00+00:00,3.528,3.534,3.521,3.531,240554.2
2025-08-03T01:45:00+00:00,3.530,3.531,3.515,3.526,262020.5
2025-08-03T02:00:00+00:00,3.525,3.546,3.524,3.540,313037.6
2025-08-03T02:15:00+00:00,3.540,3.544,3.536,3.536,274934.8
2025-08-03T02:30:00+00:00,3.536,3.550,3.536,3.548,224634.9
2025-08-03T02:45:00+00:00,3.548,3.554,3.543,3.552,149154.6
2025-08-03T03:00:00+00:00,3.551,3.554,3.546,3.547,138444.0
2025-08-03T03:15:00+00:00,3.547,3.553,3.542,3.546,159984.5
2025-08-03T03:30:00+00:00,3.545,3.551,3.541,3.550,165582.5
2025-08-03T03:45:00+00:00,3.550,3.550,3.538,3.538,129315.2
2025-08-03T04:00:00+00:00,3.539,3.539,3.526,3.532,287486.9
2025-08-03T04:15:00+00:00,3.532,3.544,3.531,3.539,172686.6
2025-08-03T04:30:00+00:00,3.539,3.539,3.526,3.534,110201.0
2025-08-03T04:45:00+00:00,3.533,3.545,3.532,3.543,140845.8
2025-08-03T05:00:00+00:00,3.543,3.553,3.542,3.546,270914.9
2025-08-03T05:15:00+00:00,3.545,3.555,3.544,3.553,164913.2
2025-08-03T05:30:00+00:00,3.553,3.557,3.547,3.548,205689.9
2025-08-03T05:45:00+00:00,3.547,3.554,3.546,3.552,145960.5
2025-08-03T06:00:00+00:00,3.552,3.555,3.545,3.546,185383.3
2025-08-03T06:15:00+00:00,3.546,3.558,3.542,3.554,339436.9
2025-08-03T06:30:00+00:00,3.553,3.562,3.552,3.559,321757.8
2025-08-03T06:45:00+00:00,3.560,3.572,3.560,3.571,280812.5
2025-08-03T07:00:00+00:00,3.571,3.576,3.570,3.573,289576.7
2025-08-03T07:15:00+00:00,3.572,3.575,3.563,3.573,196495.9
2025-08-03T07:30:00+00:00,3.572,3.579,3.567,3.571,200770.7
2025-08-03T07:45:00+00:00,3.571,3.573,3.564,3.573,121203.2
2025-08-03T08:00:00+00:00,3.573,3.581,3.571,3.579,205327.2
2025-08-03T08:15:00+00:00,3.578,3.579,3.569,3.572,271517.7
2025-08-03T08:30:00+00:00,3.572,3.577,3.568,3.574,157569.3
2025-08-03T08:45:00+00:00,3.574,3.581,3.568,3.579,262645.8
2025-08-03T09:00:00+00:00,3.580,3.583,3.568,3.571,185204.2
2025-08-03T09:15:00+00:00,3.571,3.579,3.568,3.578,169812.2
2025-08-03T09:30:00+00:00,3.578,3.583,3.577,3.579,222951.2
2025-08-03T09:45:00+00:00,3.579,3.584,3.578,3.580,397273.2
2025-08-03T10:00:00+00:00,3.580,3.588,3.578,3.586,357545.5
2025-08-03T10:15:00+00:00,3.587,3.587,3.580,3.584,234348.9
2025-08-03T10:30:00+00:00,3.584,3.589,3.579,3.588,215835.2
2025-08-03T10:45:00+00:00,3.588,3.594,3.585,3.590,132317.8
2025-08-03T11:00:00+00:00,3.590,3.614,3.588,3.614,319356.7
2025-08-03T11:15:00+00:00,3.613,3.613,3.599,3.599,441948.0
2025-08-03T11:30:00+00:00,3.600,3.603,3.592,3.601,196513.5
2025-08-03T11:45:00+00:00,3.600,3.613,3.599,3.601,242988.0
2025-08-03T12:00:00+00:00,3.601,3.607,3.585,3.590,373977.2
2025-08-03T12:15:00+00:00,3.590,3.600,3.586,3.597,205759.7
2025-08-03T12:30:00+00:00,3.597,3.609,3.595,3.608,252729.0
2025-08-03T12:45:00+00:00,3.607,3.614,3.602,3.607,210186.9
2025-08-03T13:00:00+00:00,3.606,3.611,3.599,3.607,209784.2
2025-08-03T13:15:00+00:00,3.607,3.607,3.594,3.599,217893.5
2025-08-03T13:30:00+00:00,3.598,3.603,3.591,3.591,215637.3
2025-08-03T13:45:00+00:00,3.590,3.596,3.583,3.595,249122.8
2025-08-03T14:00:00+00:00,3.595,3.601,3.578,3.583,292030.4
2025-08-03T14:15:00+00:00,3.584,3.586,3.564,3.572,886014.2
2025-08-03T14:30:00+00:00,3.572,3.586,3.567,3.584,252127.1
2025-08-03T14:45:00+00:00,3.583,3.584,3.573,3.582,276595.9
2025-08-03T15:00:00+00:00,3.581,3.582,3.571,3.580,217412.3
2025-08-03T15:15:00+00:00,3.580,3.593,3.580,3.591,347904.0
2025-08-03T15:30:00+00:00,3.591,3.596,3.577,3.589,561635.4
2025-08-03T15:45:00+00:00,3.589,3.592,3.581,3.588,139527.3
2025-08-03T16:00:00+00:00,3.587,3.588,3.571,3.573,144978.8
2025-08-03T16:15:00+00:00,3.573,3.579,3.569,3.578,227879.3
2025-08-03T16:30:00+00:00,3.577,3.590,3.576,3.585,185510.3
2025-08-03T16:45:00+00:00,3.586,3.598,3.586,3.596,174020.9
2025-08-03T17:00:00+00:00,3.596,3.602,3.587,3.597,257954.6
2025-08-03T17:15:00+00:00,3.596,3.596,3.578,3.582,202818.8
2025-08-03T17:30:00+00:00,3.583,3.593,3.581,3.581,139534.1
2025-08-03T17:45:00+00:00,3.581,3.595,3.579,3.595,128782.5
2025-08-03T18:00:00+00:00,3.595,3.596,3.585,3.589,119394.1
2025-08-03T18:15:00+00:00,3.590,3.600,3.583,3.595,227065.8
2025-08-03T18:30:00+00:00,3.594,3.596,3.584,3.591,211793.2
2025-08-03T18:45:00+00:00,3.590,3.600,3.590,3.599,199304.7
2025-08-03T19:00:00+00:00,3.598,3.602,3.588,3.595,183587.7
2025-08-03T19:15:00+00:00,3.595,3.611,3.595,3.606,245172.1
2025-08-03T19:30:00+00:00,3.606,3.613,3.598,3.599,210440.5
2025-08-03T19:45:00+00:00,3.599,3.602,3.592,3.595,170790.6
2025-08-03T20:00:00+00:00,3.595,3.596,3.586,3.589,149042.0
2025-08-03T20:15:00+00:00,3.590,3.593,3.585,3.590,155848.8
2025-08-03T20:30:00+00:00,3.590,3.601,3.586,3.600,170421.1
2025-08-03T20:45:00+00:00,3.599,3.605,3.598,3.600,195864.5
2025-08-03T21:00:00+00:00,3.599,3.611,3.596,3.610,175435.5
2025-08-03T21:15:00+00:00,3.611,3.616,3.602,3.613,156888.7
2025-08-03T21:30:00+00:00,3.612,3.621,3.607,3.607,302641.0
2025-08-03T21:45:00+00:00,3.608,3.615,3.606,3.614,56392.5
2025-08-03T22:00:00+00:00,3.614,3.625,3.597,3.598,404762.5
2025-08-03T22:15:00+00:00,3.597,3.600,3.590,3.597,175542.6
2025-08-03T22:30:00+00:00,3.598,3.606,3.594,3.605,188561.1
2025-08-03T22:45:00+00:00,3.604,3.611,3.601,3.607,108657.3
2025-08-03T23:00:00+00:00,3.607,3.618,3.602,3.616,219070.1
2025-08-03T23:15:00+00:00,3.616,3.624,3.607,3.608,352432.2
2025-08-03T23:30:00+00:00,3.608,3.612,3.599,3.602,185266.6
2025-08-03T23:45:00+00:00,3.602,3.603,3.598,3.600,90071.5
2025-08-04T00:00:00+00:00,3.600,3.604,3.595,3.602,241472.0
2025-08-04T00:15:00+00:00,3.602,3.623,3.600,3.617,527968.2
2025-08-04T00:30:00+00:00,3.616,3.639,3.613,3.637,415106.0
2025-08-04T00:45:00+00:00,3.638,3.662,3.635,3.658,685491.3
2025-08-04T01:00:00+00:00,3.658,3.665,3.643,3.644,527096.4
2025-08-04T01:15:00+00:00,3.644,3.646,3.633,3.640,318919.4
2025-08-04T01:30:00+00:00,3.640,3.644,3.625,3.629,267454.7
2025-08-04T01:45:00+00:00,3.628,3.630,3.618,3.623,179185.4
2025-08-04T02:00:00+00:00,3.623,3.625,3.608,3.614,257972.0
2025-08-04T02:15:00+00:00,3.614,3.633,3.613,3.630,196960.4
2025-08-04T02:30:00+00:00,3.630,3.639,3.625,3.626,293033.2
2025-08-04T02:45:00+00:00,3.626,3.645,3.625,3.643,165030.9
2025-08-04T03:00:00+00:00,3.643,3.645,3.631,3.631,222134.8
2025-08-04T03:15:00+00:00,3.632,3.634,3.624,3.625,140368.8
2025-08-04T03:30:00+00:00,3.625,3.625,3.618,3.624,149648.9
2025-08-04T03:45:00+00:00,3.624,3.625,3.619,3.621,112188.0
2025-08-04T04:00:00+00:00,3.620,3.629,3.619,3.623,167765.1
2025-08-04T04:15:00+00:00,3.622,3.626,3.613,3.624,175882.2
2025-08-04T04:30:00+00:00,3.624,3.624,3.605,3.605,214976.3
2025-08-04T04:45:00+00:00,3.605,3.617,3.604,3.612,160878.0
2025-08-04T05:00:00+00:00,3.612,3.614,3.606,3.614,147168.8
2025-08-04T05:15:00+00:00,3.613,3.616,3.605,3.613,116797.3
2025-08-04T05:30:00+00:00,3.613,3.618,3.604,3.608,106340.7
2025-08-04T05:45:00+00:00,3.608,3.625,3.603,3.621,164866.6
2025-08-04T06:00:00+00:00,3.621,3.625,3.613,3.613,213694.0
2025-08-04T06:15:00+00:00,3.614,3.621,3.605,3.619,181726.2
2025-08-04T06:30:00+00:00,3.618,3.633,3.614,3.627,176850.3
2025-08-04T06:45:00+00:00,3.627,3.638,3.622,3.634,230677.8
2025-08-04T07:00:00+00:00,3.633,3.643,3.631,3.640,223063.7
2025-08-04T07:15:00+00:00,3.640,3.642,3.633,3.639,150972.6
2025-08-04T07:30:00+00:00,3.638,3.651,3.633,3.644,291814.0
2025-08-04T07:45:00+00:00,3.644,3.649,3.633,3.634,237787.2
2025-08-04T08:00:00+00:00,3.634,3.643,3.630,3.634,500462.2
2025-08-04T08:15:00+00:00,3.634,3.642,3.625,3.627,203273.6
2025-08-04T08:30:00+00:00,3.626,3.632,3.615,3.625,287160.5
2025-08-04T08:45:00+00:00,3.626,3.628,3.617,3.621,123392.5
2025-08-04T09:00:00+00:00,3.621,3.627,3.618,3.621,167515.2
2025-08-04T09:15:00+00:00,3.621,3.636,3.617,3.629,429559.7
2025-08-04T09:30:00+00:00,3.630,3.637,3.627,3.628,144048.0
2025-08-04T09:45:00+00:00,3.628,3.631,3.620,3.623,192404.7
2025-08-04T10:00:00+00:00,3.623,3.633,3.616,3.633,205575.2
2025-08-04T10:15:00+00:00,3.633,3.640,3.627,3.631,160538.3
2025-08-04T10:30:00+00:00,3.632,3.635,3.621,3.625,151630.0
2025-08-04T10:45:00+00:00,3.625,3.636,3.624,3.625,130419.3
2025-08-04T11:00:00+00:00,3.625,3.629,3.617,3.621,167366.9
2025-08-04T11:15:00+00:00,3.621,3.621,3.608,3.620,251588.9
2025-08-04T11:30:00+00:00,3.620,3.623,3.614,3.619,120998.7
2025-08-04T11:45:00+00:00,3.618,3.625,3.616,3.618,109492.6
2025-08-04T12:00:00+00:00,3.618,3.630,3.612,3.626,180317.5
2025-08-04T12:15:00+00:00,3.627,3.631,3.616,3.623,163048.2
2025-08-04T12:30:00+00:00,3.623,3.630,3.616,3.623,151518.2
2025-08-04T12:45:00+00:00,3.622,3.635,3.618,3.634,116865.0
2025-08-04T13:00:00+00:00,3.634,3.642,3.628,3.633,270385.5
2025-08-04T13:15:00+00:00,3.633,3.639,3.626,3.631,232113.5
2025-08-04T13:30:00+00:00,3.630,3.664,3.629,3.663,626696.3
2025-08-04T13:45:00+00:00,3.663,3.681,3.647,3.679,1132731.7
2025-08-04T14:00:00+00:00,3.679,3.697,3.676,3.695,1116234.5
2025-08-04T14:15:00+00:00,3.695,3.708,3.692,3.708,1020875.7
2025-08-04T14:30:00+00:00,3.708,3.708,3.677,3.680,627033.0
2025-08-04T14:45:00+00:00,3.680,3.698,3.668,3.680,800702.2
2025-08-04T15:00:00+00:00,3.681,3.696,3.672,3.694,484930.7
2025-08-04T15:15:00+00:00,3.695,3.701,3.689,3.693,272397.0
2025-08-04T15:30:00+00:00,3.692,3.696,3.680,3.683,359777.9
2025-08-04T15:45:00+00:00,3.684,3.692,3.674,3.690,509794.1
2025-08-04T16:00:00+00:00,3.689,3.706,3.686,3.704,352025.6
2025-08-04T16:15:00+00:00,3.704,3.716,3.701,3.706,609495.8
2025-08-04T16:30:00+00:00,3.706,3.729,3.704,3.718,477076.6
2025-08-04T16:45:00+00:00,3.718,3.729,3.714,3.727,404018.2
2025-08-04T17:00:00+00:00,3.728,3.753,3.721,3.749,1027848.4
2025-08-04T17:15:00+00:00,3.750,3.755,3.731,3.735,780636.9
2025-08-04T17:30:00+00:00,3.735,3.740,3.724,3.725,449407.4
2025-08-04T17:45:00+00:00,3.725,3.731,3.716,3.721,386478.7
2025-08-04T18:00:00+00:00,3.721,3.724,3.707,3.707,281602.5
2025-08-04T18:15:00+00:00,3.706,3.719,3.706,3.709,233988.0
2025-08-04T18:30:00+00:00,3.710,3.710,3.690,3.691,347376.7
2025-08-04T18:45:00+00:00,3.692,3.696,3.684,3.694,372838.5
2025-08-04T19:00:00+00:00,3.694,3.694,3.684,3.686,153612.1
2025-08-04T19:15:00+00:00,3.687,3.691,3.675,3.679,304731.3
2025-08-04T19:30:00+00:00,3.679,3.680,3.667,3.673,239871.4
2025-08-04T19:45:00+00:00,3.672,3.680,3.671,3.678,153584.3
2025-08-04T20:00:00+00:00,3.679,3.689,3.674,3.682,203866.4
2025-08-04T20:15:00+00:00,3.681,3.685,3.671,3.680,158499.5
2025-08-04T20:30:00+00:00,3.681,3.697,3.681,3.695,372896.4
2025-08-04T20:45:00+00:00,3.694,3.698,3.684,3.692,204162.1
2025-08-04T21:00:00+00:00,3.692,3.714,3.691,3.711,385970.1
2025-08-04T21:15:00+00:00,3.710,3.719,3.704,3.712,367395.1
2025-08-04T21:30:00+00:00,3.712,3.728,3.707,3.727,307660.5
2025-08-04T21:45:00+00:00,3.727,3.730,3.713,3.717,240472.7
2025-08-04T22:00:00+00:00,3.717,3.733,3.717,3.727,321088.1
2025-08-04T22:15:00+00:00,3.727,3.733,3.722,3.724,248997.2
2025-08-04T22:30:00+00:00,3.724,3.730,3.716,3.722,169509.8
2025-08-04T22:45:00+00:00,3.722,3.732,3.719,3.732,214628.1
2025-08-04T23:00:00+00:00,3.732,3.733,3.717,3.729,312637.7
2025-08-04T23:15:00+00:00,3.729,3.729,3.718,3.719,122754.9
2025-08-04T23:30:00+00:00,3.718,3.722,3.712,3.719,145160.4
2025-08-04T23:45:00+00:00,3.718,3.722,3.714,3.718,94978.4
2025-08-05T00:00:00+00:00,3.718,3.720,3.704,3.711,203737.7
2025-08-05T00:15:00+00:00,3.711,3.718,3.707,3.715,153557.9
2025-08-05T00:30:00+00:00,3.715,3.724,3.712,3.715,165162.4
2025-08-05T00:45:00+00:00,3.716,3.716,3.705,3.711,173424.3
2025-08-05T01:00:00+00:00,3.710,3.720,3.703,3.711,228257.4
2025-08-05T01:15:00+00:00,3.710,3.713,3.701,3.710,199103.7
2025-08-05T01:30:00+00:00,3.709,3.710,3.697,3.703,240630.3
2025-08-05T01:45:00+00:00,3.703,3.704,3.689,3.694,390415.4
2025-08-05T02:00:00+00:00,3.693,3.707,3.692,3.696,247920.9
2025-08-05T02:15:00+00:00,3.696,3.699,3.690,3.691,134237.9
2025-08-05T02:30:00+00:00,3.690,3.691,3.687,3.689,184871.5
2025-08-05T02:45:00+00:00,3.688,3.697,3.686,3.697,126321.8
2025-08-05T03:00:00+00:00,3.697,3.697,3.675,3.681,252568.9
2025-08-05T03:15:00+00:00,3.681,3.682,3.665,3.669,399642.4
2025-08-05T03:30:00+00:00,3.669,3.675,3.662,3.665,317219.8
2025-08-05T03:45:00+00:00,3.665,3.669,3.658,3.660,210893.4
2025-08-05T04:00:00+00:00,3.660,3.674,3.659,3.673,259117.4
2025-08-05T04:15:00+00:00,3.672,3.673,3.656,3.664,243177.8
2025-08-05T04:30:00+00:00,3.664,3.664,3.647,3.654,447944.4
2025-08-05T04:45:00+00:00,3.653,3.657,3.651,3.655,223113.4
2025-08-05T05:00:00+00:00,3.654,3.668,3.653,3.659,168046.8
2025-08-05T05:15:00+00:00,3.660,3.667,3.657,3.663,143305.1
2025-08-05T05:30:00+00:00,3.662,3.664,3.648,3.654,297911.1
2025-08-05T05:45:00+00:00,3.654,3.672,3.653,3.671,224881.4
2025-08-05T06:00:00+00:00,3.671,3.677,3.664,3.667,298169.0
2025-08-05T06:15:00+00:00,3.667,3.672,3.661,3.669,432422.6
2025-08-05T06:30:00+00:00,3.668,3.668,3.656,3.657,138027.6
2025-08-05T06:45:00+00:00,3.657,3.658,3.632,3.643,540769.4
2025-08-05T07:00:00+00:00,3.643,3.643,3.630,3.635,346026.8
2025-08-05T07:15:00+00:00,3.635,3.641,3.618,3.622,524777.1
2025-08-05T07:30:00+00:00,3.622,3.623,3.584,3.594,1656568.8
2025-08-05T07:45:00+00:00,3.594,3.613,3.592,3.596,809783.3
2025-08-05T08:00:00+00:00,3.596,3.603,3.589,3.595,367130.8
2025-08-05T08:15:00+00:00,3.596,3.618,3.596,3.610,493383.4
2025-08-05T08:30:00+00:00,3.611,3.619,3.605,3.614,237774.4
2025-08-05T08:45:00+00:00,3.615,3.625,3.608,3.622,202110.8
2025-08-05T09:00:00+00:00,3.623,3.636,3.622,3.632,299308.7
2025-08-05T09:15:00+00:00,3.632,3.643,3.627,3.632,561412.4
2025-08-05T09:30:00+00:00,3.631,3.646,3.628,3.642,354789.0
2025-08-05T09:45:00+00:00,3.642,3.661,3.642,3.655,251188.3
2025-08-05T10:00:00+00:00,3.655,3.658,3.646,3.652,238455.2
2025-08-05T10:15:00+00:00,3.652,3.677,3.648,3.673,330374.2
2025-08-05T10:30:00+00:00,3.673,3.689,3.671,3.682,546552.2
2025-08-05T10:45:00+00:00,3.682,3.682,3.674,3.679,209519.6
2025-08-05T11:00:00+00:00,3.679,3.696,3.672,3.694,405553.1
2025-08-05T11:15:00+00:00,3.694,3.699,3.684,3.697,267175.8
2025-08-05T11:30:00+00:00,3.697,3.702,3.687,3.701,359911.5
2025-08-05T11:45:00+00:00,3.701,3.701,3.690,3.697,244352.9
2025-08-05T12:00:00+00:00,3.698,3.703,3.687,3.702,553575.2
2025-08-05T12:15:00+00:00,3.702,3.703,3.660,3.674,651004.4
2025-08-05T12:30:00+00:00,3.673,3.676,3.628,3.651,898943.4
2025-08-05T12:45:00+00:00,3.651,3.664,3.646,3.651,433467.9
2025-08-05T13:00:00+00:00,3.650,3.661,3.644,3.654,297589.2
2025-08-05T13:15:00+00:00,3.655,3.669,3.651,3.659,323420.9
2025-08-05T13:30:00+00:00,3.660,3.671,3.647,3.654,475142.0
2025-08-05T13:45:00+00:00,3.655,3.675,3.655,3.669,341009.5
2025-08-05T14:00:00+00:00,3.668,3.673,3.617,3.631,1161770.8
2025-08-05T14:15:00+00:00,3.631,3.631,3.588,3.607,2591429.2
2025-08-05T14:30:00+00:00,3.607,3.611,3.589,3.599,1197086.8
2025-08-05T14:45:00+00:00,3.600,3.615,3.593,3.606,706955.8
2025-08-05T15:00:00+00:00,3.606,3.623,3.593,3.615,751645.0
2025-08-05T15:15:00+00:00,3.615,3.622,3.590,3.597,461751.3
2025-08-05T15:30:00+00:00,3.597,3.599,3.565,3.574,1463623.5
2025-08-05T15:45:00+00:00,3.573,3.583,3.558,3.577,677859.3
2025-08-05T16:00:00+00:00,3.576,3.595,3.568,3.594,517419.6
2025-08-05T16:15:00+00:00,3.594,3.608,3.590,3.600,343336.3
2025-08-05T16:30:00+00:00,3.601,3.611,3.570,3.585,722226.9
2025-08-05T16:45:00+00:00,3.585,3.594,3.573,3.585,375983.7
2025-08-05T17:00:00+00:00,3.585,3.594,3.580,3.590,276117.7
2025-08-05T17:15:00+00:00,3.591,3.606,3.588,3.601,241941.4
2025-08-05T17:30:00+00:00,3.600,3.611,3.596,3.597,248363.0
2025-08-05T17:45:00+00:00,3.596,3.615,3.587,3.611,419351.7
2025-08-05T18:00:00+00:00,3.610,3.617,3.596,3.596,242763.8
2025-08-05T18:15:00+00:00,3.596,3.606,3.588,3.596,182423.1
2025-08-05T18:30:00+00:00,3.595,3.599,3.583,3.586,273167.0
2025-08-05T18:45:00+00:00,3.587,3.594,3.573,3.594,207901.1
2025-08-05T19:00:00+00:00,3.593,3.607,3.588,3.588,272566.1
2025-08-05T19:15:00+00:00,3.588,3.591,3.579,3.584,232713.6
2025-08-05T19:30:00+00:00,3.584,3.592,3.580,3.585,122115.9
2025-08-05T19:45:00+00:00,3.585,3.588,3.568,3.581,261239.2
2025-08-05T20:00:00+00:00,3.582,3.597,3.582,3.595,373117.2
2025-08-05T20:15:00+00:00,3.594,3.610,3.592,3.610,338609.5
2025-08-05T20:30:00+00:00,3.611,3.612,3.590,3.597,260144.6
2025-08-05T20:45:00+00:00,3.596,3.598,3.583,3.585,164795.9
2025-08-05T21:00:00+00:00,3.585,3.599,3.582,3.588,215701.8
2025-08-05T21:15:00+00:00,3.589,3.598,3.587,3.594,134858.2
2025-08-05T21:30:00+00:00,3.594,3.597,3.581,3.584,169497.8
2025-08-05T21:45:00+00:00,3.583,3.584,3.561,3.567,229745.8
2025-08-05T22:00:00+00:00,3.566,3.577,3.535,3.572,1129672.2
2025-08-05T22:15:00+00:00,3.573,3.583,3.571,3.581,453121.4
2025-08-05T22:30:00+00:00,3.581,3.591,3.578,3.589,229511.0
2025-08-05T22:45:00+00:00,3.588,3.596,3.586,3.593,150171.5
2025-08-05T23:00:00+00:00,3.593,3.607,3.590,3.607,269562.9
2025-08-05T23:15:00+00:00,3.607,3.617,3.604,3.612,230516.7
2025-08-05T23:30:00+00:00,3.612,3.623,3.609,3.618,191029.6
2025-08-05T23:45:00+00:00,3.617,3.621,3.610,3.619,136422.7
2025-08-06T00:00:00+00:00,3.619,3.619,3.605,3.613,293395.9
2025-08-06T00:15:00+00:00,3.613,3.617,3.608,3.608,205093.1
2025-08-06T00:30:00+00:00,3.608,3.616,3.603,3.607,141582.3
2025-08-06T00:45:00+00:00,3.607,3.608,3.581,3.585,392417.2
2025-08-06T01:00:00+00:00,3.585,3.595,3.576,3.592,227194.0
2025-08-06T01:15:00+00:00,3.593,3.597,3.571,3.574,309948.7
2025-08-06T01:30:00+00:00,3.575,3.599,3.571,3.591,297344.9
2025-08-06T01:45:00+00:00,3.592,3.601,3.582,3.600,349538.4
2025-08-06T02:00:00+00:00,3.600,3.600,3.571,3.582,254392.9
2025-08-06T02:15:00+00:00,3.582,3.596,3.580,3.593,156543.9
2025-08-06T02:30:00+00:00,3.592,3.598,3.582,3.594,137481.4
2025-08-06T02:45:00+00:00,3.595,3.598,3.580,3.585,220822.8
2025-08-06T03:00:00+00:00,3.585,3.587,3.571,3.575,240760.5
2025-08-06T03:15:00+00:00,3.575,3.575,3.558,3.563,334532.2
2025-08-06T03:30:00+00:00,3.564,3.578,3.562,3.574,187740.1
2025-08-06T03:45:00+00:00,3.575,3.581,3.569,3.570,147115.5
2025-08-06T04:00:00+00:00,3.570,3.572,3.553,3.553,284971.5
2025-08-06T04:15:00+00:00,3.553,3.565,3.551,3.560,135698.0
2025-08-06T04:30:00+00:00,3.560,3.566,3.550,3.560,147154.8
2025-08-06T04:45:00+00:00,3.559,3.569,3.557,3.561,162755.4
2025-08-06T05:00:00+00:00,3.561,3.605,3.553,3.604,367387.2
2025-08-06T05:15:00+00:00,3.604,3.626,3.599,3.611,518373.0
2025-08-06T05:30:00+00:00,3.610,3.643,3.606,3.636,558408.2
2025-08-06T05:45:00+00:00,3.635,3.644,3.612,3.616,531802.7
2025-08-06T06:00:00+00:00,3.617,3.620,3.603,3.607,217390.2
2025-08-06T06:15:00+00:00,3.606,3.606,3.596,3.600,214630.0
2025-08-06T06:30:00+00:00,3.600,3.622,3.594,3.613,287562.6
2025-08-06T06:45:00+00:00,3.614,3.628,3.614,3.621,203450.3
2025-08-06T07:00:00+00:00,3.621,3.638,3.615,3.634,194404.0
2025-08-06T07:15:00+00:00,3.634,3.646,3.629,3.643,399886.9
2025-08-06T07:30:00+00:00,3.643,3.643,3.624,3.631,270898.8
2025-08-06T07:45:00+00:00,3.631,3.635,3.625,3.632,180722.3
2025-08-06T08:00:00+00:00,3.632,3.642,3.619,3.625,347333.9
2025-08-06T08:15:00+00:00,3.625,3.633,3.614,3.622,199167.4
2025-08-06T08:30:00+00:00,3.622,3.622,3.599,3.600,374840.5
2025-08-06T08:45:00+00:00,3.599,3.610,3.594,3.608,375245.1
2025-08-06T09:00:00+00:00,3.608,3.621,3.600,3.620,357627.7
2025-08-06T09:15:00+00:00,3.620,3.637,3.620,3.623,413526.2
2025-08-06T09:30:00+00:00,3.622,3.625,3.607,3.612,177841.5
2025-08-06T09:45:00+00:00,3.612,3.621,3.609,3.615,225544.7
2025-08-06T10:00:00+00:00,3.615,3.620,3.604,3.609,214956.9
2025-08-06T10:15:00+00:00,3.609,3.616,3.594,3.601,396615.4
2025-08-06T10:30:00+00:00,3.601,3.614,3.599,3.609,126158.9
2025-08-06T10:45:00+00:00,3.609,3.610,3.592,3.597,296903.6
2025-08-06T11:00:00+00:00,3.597,3.613,3.595,3.610,339739.6
2025-08-06T11:15:00+00:00,3.610,3.624,3.610,3.621,148191.9
2025-08-06T11:30:00+00:00,3.621,3.628,3.611,3.614,188350.4
2025-08-06T11:45:00+00:00,3.613,3.613,3.601,3.606,154234.6
2025-08-06T12:00:00+00:00,3.606,3.615,3.584,3.585,447296.2
2025-08-06T12:15:00+00:00,3.584,3.600,3.570,3.591,811946.4
2025-08-06T12:30:00+00:00,3.591,3.603,3.589,3.591,223797.8
2025-08-06T12:45:00+00:00,3.590,3.596,3.577,3.580,287546.5
2025-08-06T13:00:00+00:00,3.580,3.592,3.578,3.592,368846.8
2025-08-06T13:15:00+00:00,3.592,3.597,3.583,3.592,373746.2
2025-08-06T13:30:00+00:00,3.593,3.608,3.574,3.600,797713.4
2025-08-06T13:45:00+00:00,3.601,3.610,3.587,3.600,494905.2
2025-08-06T14:00:00+00:00,3.600,3.635,3.600,3.615,586187.9
2025-08-06T14:15:00+00:00,3.615,3.622,3.587,3.604,498446.3
2025-08-06T14:30:00+00:00,3.604,3.627,3.599,3.622,434643.7
2025-08-06T14:45:00+00:00,3.622,3.651,3.611,3.650,506424.6
2025-08-06T15:00:00+00:00,3.649,3.656,3.635,3.642,681050.1
2025-08-06T15:15:00+00:00,3.641,3.652,3.635,3.639,359879.6
2025-08-06T15:30:00+00:00,3.638,3.653,3.637,3.647,249702.3
2025-08-06T15:45:00+00:00,3.646,3.680,3.643,3.677,638898.7
2025-08-06T16:00:00+00:00,3.676,3.687,3.663,3.666,673444.8
2025-08-06T16:15:00+00:00,3.666,3.675,3.657,3.659,348793.4
2025-08-06T16:30:00+00:00,3.660,3.665,3.646,3.650,302734.2
2025-08-06T16:45:00+00:00,3.650,3.658,3.646,3.652,204969.3
2025-08-06T17:00:00+00:00,3.651,3.656,3.640,3.645,240779.6
2025-08-06T17:15:00+00:00,3.645,3.660,3.644,3.659,220881.4
2025-08-06T17:30:00+00:00,3.659,3.671,3.651,3.668,172205.5
2025-08-06T17:45:00+00:00,3.668,3.678,3.666,3.675,348907.9
2025-08-06T18:00:00+00:00,3.676,3.692,3.676,3.691,292276.2
2025-08-06T18:15:00+00:00,3.692,3.696,3.674,3.677,328245.7
2025-08-06T18:30:00+00:00,3.676,3.683,3.672,3.674,222649.6
2025-08-06T18:45:00+00:00,3.675,3.677,3.667,3.670,367068.1
2025-08-06T19:00:00+00:00,3.670,3.679,3.667,3.669,139829.3
2025-08-06T19:15:00+00:00,3.669,3.674,3.665,3.669,177866.7
2025-08-06T19:30:00+00:00,3.669,3.671,3.663,3.664,197945.2
2025-08-06T19:45:00+00:00,3.665,3.673,3.660,3.673,97607.7
2025-08-06T20:00:00+00:00,3.673,3.674,3.664,3.669,145219.0
2025-08-06T20:15:00+00:00,3.668,3.671,3.665,3.667,89287.2
2025-08-06T20:30:00+00:00,3.668,3.671,3.657,3.662,164697.2
2025-08-06T20:45:00+00:00,3.662,3.667,3.660,3.664,110298.0
2025-08-06T21:00:00+00:00,3.664,3.674,3.664,3.672,147160.0
2025-08-06T21:15:00+00:00,3.673,3.677,3.670,3.674,127375.1
2025-08-06T21:30:00+00:00,3.674,3.675,3.662,3.667,175453.7
2025-08-06T21:45:00+00:00,3.666,3.677,3.666,3.677,109160.3
2025-08-06T22:00:00+00:00,3.677,3.685,3.672,3.682,229537.2
2025-08-06T22:15:00+00:00,3.682,3.685,3.674,3.682,84858.6
2025-08-06T22:30:00+00:00,3.683,3.685,3.674,3.676,80215.1
2025-08-06T22:45:00+00:00,3.676,3.683,3.675,3.680,81708.4
2025-08-06T23:00:00+00:00,3.681,3.683,3.674,3.675,188646.2
2025-08-06T23:15:00+00:00,3.675,3.677,3.668,3.672,218529.4
2025-08-06T23:30:00+00:00,3.672,3.673,3.669,3.673,74633.1
2025-08-06T23:45:00+00:00,3.672,3.675,3.670,3.673,117739.7
2025-08-07T00:00:00+00:00,3.672,3.673,3.660,3.668,191661.0
2025-08-07T00:15:00+00:00,3.668,3.670,3.661,3.669,145115.4
2025-08-07T00:30:00+00:00,3.669,3.682,3.669,3.672,185975.4
2025-08-07T00:45:00+00:00,3.672,3.673,3.667,3.670,119898.4
2025-08-07T01:00:00+00:00,3.671,3.673,3.665,3.668,89927.1
2025-08-07T01:15:00+00:00,3.669,3.695,3.666,3.689,249507.1
2025-08-07T01:30:00+00:00,3.689,3.694,3.676,3.678,172249.5
2025-08-07T01:45:00+00:00,3.678,3.680,3.658,3.661,261596.8
2025-08-07T02:00:00+00:00,3.660,3.668,3.653,3.666,229721.4
2025-08-07T02:15:00+00:00,3.667,3.669,3.658,3.661,96571.2
2025-08-07T02:30:00+00:00,3.660,3.662,3.649,3.649,228722.8
2025-08-07T02:45:00+00:00,3.649,3.654,3.647,3.651,286833.0
2025-08-07T03:00:00+00:00,3.651,3.656,3.646,3.646,133168.0
2025-08-07T03:15:00+00:00,3.646,3.651,3.642,3.647,139948.3
2025-08-07T03:30:00+00:00,3.647,3.653,3.645,3.651,89260.1
2025-08-07T03:45:00+00:00,3.651,3.655,3.644,3.646,89701.0
2025-08-07T04:00:00+00:00,3.645,3.655,3.643,3.652,187564.7
2025-08-07T04:15:00+00:00,3.651,3.668,3.650,3.665,101077.8
2025-08-07T04:30:00+00:00,3.664,3.664,3.653,3.656,119174.1
2025-08-07T04:45:00+00:00,3.656,3.657,3.647,3.652,111197.2
2025-08-07T05:00:00+00:00,3.653,3.658,3.649,3.651,67451.8
2025-08-07T05:15:00+00:00,3.651,3.659,3.644,3.652,229920.8
2025-08-07T05:30:00+00:00,3.652,3.660,3.649,3.653,100452.3
2025-08-07T05:45:00+00:00,3.653,3.672,3.652,3.670,337531.7
2025-08-07T06:00:00+00:00,3.670,3.685,3.664,3.683,319489.7
2025-08-07T06:15:00+00:00,3.684,3.684,3.675,3.675,196714.9
2025-08-07T06:30:00+00:00,3.675,3.678,3.671,3.676,176806.8
2025-08-07T06:45:00+00:00,3.677,3.688,3.672,3.675,257467.8
2025-08-07T07:00:00+00:00,3.675,3.686,3.675,3.680,217159.8
2025-08-07T07:15:00+00:00,3.681,3.691,3.678,3.683,198701.5
2025-08-07T07:30:00+00:00,3.684,3.691,3.675,3.677,168016.3
2025-08-07T07:45:00+00:00,3.677,3.682,3.675,3.682,186219.4
2025-08-07T08:00:00+00:00,3.682,3.695,3.681,3.691,280537.2
2025-08-07T08:15:00+00:00,3.691,3.698,3.689,3.698,217725.6
2025-08-07T08:30:00+00:00,3.698,3.698,3.686,3.687,180282.8
2025-08-07T08:45:00+00:00,3.688,3.689,3.675,3.679,272273.1
2025-08-07T09:00:00+00:00,3.678,3.683,3.672,3.676,148182.7
2025-08-07T09:15:00+00:00,3.676,3.687,3.674,3.686,199577.5
2025-08-07T09:30:00+00:00,3.686,3.688,3.678,3.685,121060.8
2025-08-07T09:45:00+00:00,3.685,3.688,3.670,3.680,509767.8
2025-08-07T10:00:00+00:00,3.680,3.723,3.678,3.720,1117394.2
2025-08-07T10:15:00+00:00,3.720,3.736,3.718,3.735,630067.8
2025-08-07T10:30:00+00:00,3.736,3.771,3.736,3.759,1753182.0
2025-08-07T10:45:00+00:00,3.758,3.762,3.750,3.761,863102.7
2025-08-07T11:00:00+00:00,3.761,3.768,3.758,3.765,433499.6
2025-08-07T11:15:00+00:00,3.766,3.777,3.760,3.776,511184.5
2025-08-07T11:30:00+00:00,3.775,3.785,3.768,3.780,534478.3
2025-08-07T11:45:00+00:00,3.780,3.789,3.775,3.787,589056.5
2025-08-07T12:00:00+00:00,3.786,3.796,3.782,3.790,821466.1
2025-08-07T12:15:00+00:00,3.790,3.797,3.783,3.795,510481.2
2025-08-07T12:30:00+00:00,3.794,3.799,3.786,3.788,591758.4
2025-08-07T12:45:00+00:00,3.788,3.791,3.766,3.791,754735.3
2025-08-07T13:00:00+00:00,3.790,3.797,3.782,3.796,526234.0
2025-08-07T13:15:00+00:00,3.797,3.805,3.790,3.792,445377.0
2025-08-07T13:30:00+00:00,3.792,3.802,3.784,3.796,390568.5
2025-08-07T13:45:00+00:00,3.796,3.796,3.780,3.785,408646.9
2025-08-07T14:00:00+00:00,3.785,3.787,3.768,3.771,374444.1
2025-08-07T14:15:00+00:00,3.771,3.780,3.763,3.764,310217.0
2025-08-07T14:30:00+00:00,3.765,3.770,3.753,3.758,447156.7
2025-08-07T14:45:00+00:00,3.759,3.761,3.749,3.757,524037.9
2025-08-07T15:00:00+00:00,3.757,3.759,3.740,3.744,366431.0
2025-08-07T15:15:00+00:00,3.744,3.765,3.742,3.764,270365.5
2025-08-07T15:30:00+00:00,3.765,3.772,3.759,3.771,352317.0
2025-08-07T15:45:00+00:00,3.771,3.774,3.758,3.766,269182.8
2025-08-07T16:00:00+00:00,3.766,3.771,3.758,3.760,247028.6
2025-08-07T16:15:00+00:00,3.761,3.767,3.751,3.763,229369.5
2025-08-07T16:30:00+00:00,3.763,3.767,3.735,3.737,477135.5
2025-08-07T16:45:00+00:00,3.738,3.744,3.690,3.736,1488122.4
2025-08-07T17:00:00+00:00,3.735,3.743,3.724,3.735,406749.5
2025-08-07T17:15:00+00:00,3.735,3.741,3.729,3.730,355037.1
2025-08-07T17:30:00+00:00,3.729,3.736,3.721,3.735,215134.7
2025-08-07T17:45:00+00:00,3.736,3.741,3.732,3.736,221825.0
2025-08-07T18:00:00+00:00,3.736,3.740,3.723,3.724,231136.7
2025-08-07T18:15:00+00:00,3.723,3.738,3.720,3.734,145062.4
2025-08-07T18:30:00+00:00,3.734,3.735,3.723,3.724,138191.8
2025-08-07T18:45:00+00:00,3.724,3.740,3.723,3.738,137138.0
2025-08-07T19:00:00+00:00,3.738,3.744,3.735,3.739,227545.8
2025-08-07T19:15:00+00:00,3.738,3.743,3.732,3.741,184620.0
2025-08-07T19:30:00+00:00,3.741,3.763,3.736,3.762,236752.3
2025-08-07T19:45:00+00:00,3.763,3.787,3.763,3.786,696576.0
2025-08-07T20:00:00+00:00,3.786,3.794,3.782,3.788,460825.7
2025-08-07T20:15:00+00:00,3.787,3.801,3.785,3.801,322831.4
2025-08-07T20:30:00+00:00,3.801,3.806,3.795,3.803,474891.6
2025-08-07T20:45:00+00:00,3.802,3.814,3.797,3.807,462054.5
2025-08-07T21:00:00+00:00,3.808,3.812,3.796,3.804,257708.1
2025-08-07T21:15:00+00:00,3.804,3.824,3.804,3.821,346883.9
2025-08-07T21:30:00+00:00,3.820,3.831,3.807,3.812,533045.6
2025-08-07T21:45:00+00:00,3.811,3.829,3.798,3.818,407527.9
2025-08-07T22:00:00+00:00,3.818,3.825,3.809,3.824,315893.6
2025-08-07T22:15:00+00:00,3.825,3.837,3.820,3.832,268534.4
2025-08-07T22:30:00+00:00,3.831,3.838,3.821,3.838,238835.7
2025-08-07T22:45:00+00:00,3.838,3.872,3.837,3.862,1079917.6
2025-08-07T23:00:00+00:00,3.862,3.864,3.843,3.848,292988.8
2025-08-07T23:15:00+00:00,3.848,3.855,3.843,3.844,271065.6
2025-08-07T23:30:00+00:00,3.843,3.856,3.842,3.854,534438.9
2025-08-07T23:45:00+00:00,3.854,3.866,3.853,3.864,181295.0
2025-08-08T00:00:00+00:00,3.864,3.876,3.840,3.863,1166767.7
2025-08-08T00:15:00+00:00,3.863,3.885,3.805,3.857,3929276.6
2025-08-08T00:30:00+00:00,3.857,3.926,3.847,3.890,2270655.2
2025-08-08T00:45:00+00:00,3.890,3.900,3.860,3.870,821810.7
2025-08-08T01:00:00+00:00,3.870,3.888,3.812,3.883,3850372.4
2025-08-08T01:15:00+00:00,3.882,3.885,3.835,3.865,3574467.4
2025-08-08T01:30:00+00:00,3.866,3.871,3.848,3.852,559322.1
2025-08-08T01:45:00+00:00,3.852,3.863,3.844,3.862,296168.4
2025-08-08T02:00:00+00:00,3.861,3.871,3.854,3.864,404682.7
2025-08-08T02:15:00+00:00,3.863,3.865,3.843,3.846,253821.4
2025-08-08T02:30:00+00:00,3.846,3.862,3.845,3.860,344298.3
2025-08-08T02:45:00+00:00,3.859,3.877,3.857,3.861,345448.7
2025-08-08T03:00:00+00:00,3.860,3.884,3.854,3.877,236034.7
2025-08-08T03:15:00+00:00,3.877,3.906,3.873,3.900,677515.5
2025-08-08T03:30:00+00:00,3.899,3.900,3.869,3.872,821486.9
2025-08-08T03:45:00+00:00,3.872,3.875,3.866,3.875,226941.3
2025-08-08T04:00:00+00:00,3.875,3.880,3.857,3.869,318076.7
2025-08-08T04:15:00+00:00,3.869,3.872,3.859,3.868,198969.2
2025-08-08T04:30:00+00:00,3.869,3.882,3.864,3.871,233970.3
2025-08-08T04:45:00+00:00,3.871,3.874,3.859,3.862,135939.4
2025-08-08T05:00:00+00:00,3.862,3.865,3.854,3.864,240314.2
2025-08-08T05:15:00+00:00,3.865,3.872,3.848,3.855,220689.2
2025-08-08T05:30:00+00:00,3.854,3.854,3.847,3.851,160107.4
2025-08-08T05:45:00+00:00,3.852,3.853,3.840,3.843,265678.2
2025-08-08T06:00:00+00:00,3.842,3.855,3.837,3.855,190170.2
2025-08-08T06:15:00+00:00,3.855,3.868,3.850,3.866,233015.6
2025-08-08T06:30:00+00:00,3.867,3.877,3.864,3.876,248805.2
2025-08-08T06:45:00+00:00,3.875,3.905,3.869,3.902,434380.1
2025-08-08T07:00:00+00:00,3.903,3.904,3.879,3.901,477065.8
2025-08-08T07:15:00+00:00,3.901,3.947,3.899,3.911,1199193.3
2025-08-08T07:30:00+00:00,3.911,3.925,3.907,3.908,506883.6
2025-08-08T07:45:00+00:00,3.909,3.924,3.908,3.917,316088.7
2025-08-08T08:00:00+00:00,3.918,3.942,3.916,3.941,841545.4
2025-08-08T08:15:00+00:00,3.941,3.943,3.908,3.912,476238.0
2025-08-08T08:30:00+00:00,3.912,3.912,3.898,3.905,385174.9
2025-08-08T08:45:00+00:00,3.904,3.905,3.886,3.900,395427.4
2025-08-08T09:00:00+00:00,3.900,3.906,3.891,3.899,356709.8
2025-08-08T09:15:00+00:00,3.899,3.907,3.885,3.895,301623.8
2025-08-08T09:30:00+00:00,3.896,3.905,3.889,3.902,242106.4
2025-08-08T09:45:00+00:00,3.902,3.920,3.902,3.915,255174.8
2025-08-08T10:00:00+00:00,3.915,3.927,3.911,3.918,283487.3
2025-08-08T10:15:00+00:00,3.919,3.922,3.905,3.907,247787.2
2025-08-08T10:30:00+00:00,3.907,3.919,3.902,3.905,225368.3
2025-08-08T10:45:00+00:00,3.905,3.915,3.895,3.913,275267.6
2025-08-08T11:00:00+00:00,3.912,3.924,3.911,3.924,239688.9
2025-08-08T11:15:00+00:00,3.923,3.931,3.908,3.909,393819.3
2025-08-08T11:30:00+00:00,3.908,3.920,3.908,3.916,188022.6
2025-08-08T11:45:00+00:00,3.916,3.919,3.913,3.915,89634.4
2025-08-08T12:00:00+00:00,3.914,3.916,3.885,3.896,745807.1
2025-08-08T12:15:00+00:00,3.895,3.902,3.885,3.892,215031.8
2025-08-08T12:30:00+00:00,3.893,3.896,3.876,3.880,424182.4
2025-08-08T12:45:00+00:00,3.880,3.884,3.869,3.873,318396.4
2025-08-08T13:00:00+00:00,3.872,3.888,3.872,3.881,231236.6
2025-08-08T13:15:00+00:00,3.880,3.891,3.875,3.888,207634.1
2025-08-08T13:30:00+00:00,3.889,3.910,3.879,3.906,572684.9
2025-08-08T13:45:00+00:00,3.907,3.951,3.906,3.950,1462829.5
2025-08-08T14:00:00+00:00,3.949,3.965,3.919,3.932,1636856.5
2025-08-08T14:15:00+00:00,3.931,3.941,3.919,3.935,630294.5
2025-08-08T14:30:00+00:00,3.935,3.937,3.897,3.911,573740.4
2025-08-08T14:45:00+00:00,3.911,3.929,3.909,3.917,516903.6
2025-08-08T15:00:00+00:00,3.917,3.922,3.876,3.879,843613.5
2025-08-08T15:15:00+00:00,3.879,3.900,3.876,3.889,468466.7
2025-08-08T15:30:00+00:00,3.888,3.892,3.857,3.860,761870.2
2025-08-08T15:45:00+00:00,3.860,3.888,3.860,3.884,372623.2
2025-08-08T16:00:00+00:00,3.884,3.910,3.882,3.886,713130.5
2025-08-08T16:15:00+00:00,3.887,3.900,3.879,3.894,235611.6
2025-08-08T16:30:00+00:00,3.894,3.901,3.883,3.890,257070.3
2025-08-08T16:45:00+00:00,3.890,3.907,3.890,3.906,180394.2
2025-08-08T17:00:00+00:00,3.907,3.931,3.904,3.926,315754.2
2025-08-08T17:15:00+00:00,3.925,3.935,3.916,3.934,480507.0
2025-08-08T17:30:00+00:00,3.933,3.968,3.932,3.963,883071.5
2025-08-08T17:45:00+00:00,3.963,3.976,3.915,3.975,1743905.5
2025-08-08T18:00:00+00:00,3.976,3.987,3.965,3.978,645787.8
2025-08-08T18:15:00+00:00,3.977,3.988,3.964,3.970,736399.2
2025-08-08T18:30:00+00:00,3.970,3.977,3.955,3.963,492959.5
2025-08-08T18:45:00+00:00,3.962,3.965,3.953,3.962,429540.2
2025-08-08T19:00:00+00:00,3.962,3.971,3.951,3.962,271862.4
2025-08-08T19:15:00+00:00,3.962,3.974,3.960,3.968,232777.2
2025-08-08T19:30:00+00:00,3.969,3.973,3.958,3.965,196500.6
2025-08-08T19:45:00+00:00,3.964,3.988,3.960,3.988,851241.0
2025-08-08T20:00:00+00:00,3.988,3.993,3.967,3.970,400371.8
2025-08-08T20:15:00+00:00,3.971,3.973,3.963,3.968,149461.1
2025-08-08T20:30:00+00:00,3.967,3.973,3.963,3.971,89251.2
2025-08-08T20:45:00+00:00,3.971,3.977,3.960,3.972,195400.4
2025-08-08T21:00:00+00:00,3.972,3.976,3.964,3.965,197899.7
2025-08-08T21:15:00+00:00,3.965,3.967,3.955,3.962,156215.6
2025-08-08T21:30:00+00:00,3.962,3.975,3.962,3.972,135171.6
2025-08-08T21:45:00+00:00,3.971,3.981,3.971,3.971,93864.2
2025-08-08T22:00:00+00:00,3.971,3.979,3.965,3.978,223844.5
2025-08-08T22:15:00+00:00,3.979,3.993,3.973,3.989,381326.4
2025-08-08T22:30:00+00:00,3.989,3.990,3.977,3.986,365001.8
2025-08-08T22:45:00+00:00,3.987,3.994,3.985,3.990,174872.8
2025-08-08T23:00:00+00:00,3.990,3.997,3.988,3.993,147720.4
2025-08-08T23:15:00+00:00,3.993,3.994,3.983,3.984,152650.9
2025-08-08T23:30:00+00:00,3.984,3.984,3.970,3.979,337996.0
2025-08-08T23:45:00+00:00,3.979,3.980,3.973,3.977,127092.6
2025-08-09T00:00:00+00:00,3.978,3.989,3.977,3.987,263448.2
2025-08-09T00:15:00+00:00,3.987,3.990,3.976,3.979,193385.3
2025-08-09T00:30:00+00:00,3.980,3.983,3.971,3.975,174493.7
2025-08-09T00:45:00+00:00,3.975,3.986,3.968,3.986,287967.1
2025-08-09T01:00:00+00:00,3.985,3.996,3.977,3.988,322678.0
2025-08-09T01:15:00+00:00,3.988,3.993,3.981,3.993,208196.1
2025-08-09T01:30:00+00:00,3.993,4.005,3.990,4.000,475453.3
2025-08-09T01:45:00+00:00,4.000,4.011,4.000,4.007,287402.9
2025-08-09T02:00:00+00:00,4.006,4.016,4.005,4.014,369951.7
2025-08-09T02:15:00+00:00,4.014,4.022,4.005,4.006,661065.6
2025-08-09T02:30:00+00:00,4.005,4.011,3.994,3.998,418270.9
2025-08-09T02:45:00+00:00,3.998,4.004,3.994,4.002,192434.2
2025-08-09T03:00:00+00:00,4.002,4.002,3.990,4.002,263725.4
2025-08-09T03:15:00+00:00,4.002,4.011,4.000,4.004,152800.2
2025-08-09T03:30:00+00:00,4.004,4.011,3.998,4.004,130837.7
2025-08-09T03:45:00+00:00,4.003,4.006,3.995,3.999,81245.6
2025-08-09T04:00:00+00:00,3.999,4.006,3.987,4.004,209345.6
2025-08-09T04:15:00+00:00,4.005,4.008,3.997,4.003,140795.1
2025-08-09T04:30:00+00:00,4.002,4.029,3.999,4.012,604899.7
2025-08-09T04:45:00+00:00,4.012,4.023,4.011,4.019,244998.2
2025-08-09T05:00:00+00:00,4.019,4.063,4.013,4.054,1326426.7
2025-08-09T05:15:00+00:00,4.055,4.089,4.053,4.085,755923.4
2025-08-09T05:30:00+00:00,4.086,4.091,4.059,4.070,1253357.2
2025-08-09T05:45:00+00:00,4.070,4.086,4.067,4.072,606021.5
2025-08-09T06:00:00+00:00,4.073,4.075,4.052,4.063,529196.8
2025-08-09T06:15:00+00:00,4.063,4.076,4.057,4.062,416857.9
2025-08-09T06:30:00+00:00,4.061,4.061,4.041,4.043,586703.2
2025-08-09T06:45:00+00:00,4.043,4.050,4.040,4.049,280185.9
2025-08-09T07:00:00+00:00,4.049,4.069,4.042,4.068,281240.7
2025-08-09T07:15:00+00:00,4.069,4.075,4.062,4.071,419996.6
2025-08-09T07:30:00+00:00,4.071,4.074,4.058,4.063,353048.9
2025-08-09T07:45:00+00:00,4.063,4.074,4.061,4.072,276319.6
2025-08-09T08:00:00+00:00,4.072,4.082,4.066,4.072,438692.0
2025-08-09T08:15:00+00:00,4.073,4.085,4.067,4.084,232069.1
2025-08-09T08:30:00+00:00,4.084,4.099,4.079,4.095,440601.9
2025-08-09T08:45:00+00:00,4.096,4.096,4.068,4.071,583185.6
2025-08-09T09:00:00+00:00,4.070,4.093,4.068,4.092,353657.4
2025-08-09T09:15:00+00:00,4.093,4.094,4.081,4.083,325421.0
2025-08-09T09:30:00+00:00,4.083,4.089,4.080,4.083,331073.3
2025-08-09T09:45:00+00:00,4.083,4.099,4.079,4.089,454349.3
2025-08-09T10:00:00+00:00,4.088,4.099,4.083,4.096,341769.3
2025-08-09T10:15:00+00:00,4.096,4.097,4.085,4.092,302499.9
2025-08-09T10:30:00+00:00,4.091,4.097,4.085,4.097,256086.8
2025-08-09T10:45:00+00:00,4.097,4.109,4.084,4.087,914673.5
2025-08-09T11:00:00+00:00,4.087,4.088,4.079,4.083,370353.8
2025-08-09T11:15:00+00:00,4.082,4.098,4.082,4.095,163977.8
2025-08-09T11:30:00+00:00,4.094,4.097,4.082,4.089,269682.8
2025-08-09T11:45:00+00:00,4.090,4.103,4.084,4.098,294227.6
2025-08-09T12:00:00+00:00,4.099,4.113,4.088,4.111,682620.5
2025-08-09T12:15:00+00:00,4.111,4.138,4.108,4.136,1081269.8
2025-08-09T12:30:00+00:00,4.137,4.140,4.122,4.125,538825.0
2025-08-09T12:45:00+00:00,4.125,4.136,4.123,4.132,232240.7
2025-08-09T13:00:00+00:00,4.131,4.133,4.094,4.100,685496.2
2025-08-09T13:15:00+00:00,4.100,4.122,4.097,4.116,439086.1
2025-08-09T13:30:00+00:00,4.117,4.117,4.099,4.106,345756.4
2025-08-09T13:45:00+00:00,4.106,4.107,4.077,4.080,652741.1
2025-08-09T14:00:00+00:00,4.079,4.088,4.048,4.087,1074052.0
2025-08-09T14:15:00+00:00,4.087,4.092,4.072,4.086,270226.3
2025-08-09T14:30:00+00:00,4.085,4.085,4.073,4.078,231454.3
2025-08-09T14:45:00+00:00,4.078,4.092,4.070,4.088,176344.4
2025-08-09T15:00:00+00:00,4.089,4.101,4.072,4.079,433337.8
2025-08-09T15:15:00+00:00,4.079,4.089,4.055,4.075,430068.9
2025-08-09T15:30:00+00:00,4.074,4.079,4.065,4.075,180901.5
2025-08-09T15:45:00+00:00,4.074,4.083,4.070,4.074,136911.7
2025-08-09T16:00:00+00:00,4.073,4.107,4.073,4.105,661273.9
2025-08-09T16:15:00+00:00,4.105,4.110,4.099,4.101,299601.4
2025-08-09T16:30:00+00:00,4.101,4.108,4.088,4.102,312413.3
2025-08-09T16:45:00+00:00,4.102,4.109,4.090,4.092,206638.8
2025-08-09T17:00:00+00:00,4.092,4.112,4.083,4.106,672693.8
2025-08-09T17:15:00+00:00,4.106,4.116,4.103,4.109,271738.8
2025-08-09T17:30:00+00:00,4.109,4.125,4.101,4.116,224073.3
2025-08-09T17:45:00+00:00,4.116,4.118,4.105,4.116,157306.6
2025-08-09T18:00:00+00:00,4.115,4.117,4.102,4.108,214998.7
2025-08-09T18:15:00+00:00,4.107,4.118,4.104,4.111,151532.1
2025-08-09T18:30:00+00:00,4.111,4.122,4.105,4.112,208007.9
2025-08-09T18:45:00+00:00,4.111,4.125,4.110,4.121,230957.9
2025-08-09T19:00:00+00:00,4.121,4.138,4.116,4.134,322450.2
2025-08-09T19:15:00+00:00,4.134,4.138,4.123,4.132,284591.0
2025-08-09T19:30:00+00:00,4.132,4.134,4.119,4.132,417561.8
2025-08-09T19:45:00+00:00,4.131,4.137,4.121,4.127,116893.9
2025-08-09T20:00:00+00:00,4.128,4.132,4.115,4.121,300553.8
2025-08-09T20:15:00+00:00,4.121,4.140,4.111,4.136,367511.2
2025-08-09T20:30:00+00:00,4.135,4.164,4.130,4.149,718111.4
2025-08-09T20:45:00+00:00,4.149,4.155,4.138,4.154,475029.2
2025-08-09T21:00:00+00:00,4.154,4.157,4.144,4.148,269060.1
2025-08-09T21:15:00+00:00,4.147,4.147,4.115,4.117,315871.9
2025-08-09T21:30:00+00:00,4.116,4.125,4.106,4.116,289637.8
2025-08-09T21:45:00+00:00,4.116,4.140,4.116,4.129,222843.2
2025-08-09T22:00:00+00:00,4.129,4.138,4.125,4.136,196158.0
2025-08-09T22:15:00+00:00,4.136,4.164,4.135,4.156,311378.6
2025-08-09T22:30:00+00:00,4.155,4.156,4.126,4.134,371476.4
2025-08-09T22:45:00+00:00,4.135,4.136,4.112,4.122,396100.7
2025-08-09T23:00:00+00:00,4.122,4.131,4.108,4.111,315707.6
2025-08-09T23:15:00+00:00,4.112,4.126,4.112,4.122,307831.8
2025-08-09T23:30:00+00:00,4.122,4.139,4.118,4.137,338138.1
2025-08-09T23:45:00+00:00,4.137,4.145,4.131,4.134,168028.4
2025-08-10T00:00:00+00:00,4.135,4.148,4.133,4.147,353953.7
2025-08-10T00:15:00+00:00,4.148,4.154,4.140,4.141,342382.8
2025-08-10T00:30:00+00:00,4.141,4.157,4.130,4.156,259849.3
2025-08-10T00:45:00+00:00,4.157,4.180,4.154,4.166,571054.3
2025-08-10T01:00:00+00:00,4.165,4.179,4.144,4.145,375172.9
2025-08-10T01:15:00+00:00,4.144,4.157,4.141,4.145,211389.2
2025-08-10T01:30:00+00:00,4.146,4.158,4.143,4.149,257889.1
2025-08-10T01:45:00+00:00,4.150,4.150,4.132,4.141,366411.9
2025-08-10T02:00:00+00:00,4.141,4.143,4.122,4.132,272754.6
2025-08-10T02:15:00+00:00,4.133,4.148,4.129,4.137,356953.1
2025-08-10T02:30:00+00:00,4.136,4.139,4.107,4.110,294115.7
2025-08-10T02:45:00+00:00,4.110,4.118,4.103,4.105,398545.6
2025-08-10T03:00:00+00:00,4.104,4.115,4.085,4.109,650233.3
2025-08-10T03:15:00+00:00,4.108,4.136,4.091,4.130,779982.4
2025-08-10T03:30:00+00:00,4.129,4.138,4.111,4.133,316585.4
2025-08-10T03:45:00+00:00,4.134,4.145,4.129,4.135,289555.2
2025-08-10T04:00:00+00:00,4.135,4.143,4.116,4.139,247387.8
2025-08-10T04:15:00+00:00,4.140,4.159,4.139,4.154,328151.1
2025-08-10T04:30:00+00:00,4.154,4.161,4.150,4.156,273711.5
2025-08-10T04:45:00+00:00,4.157,4.168,4.153,4.156,382325.7
2025-08-10T05:00:00+00:00,4.155,4.156,4.136,4.142,363449.6
2025-08-10T05:15:00+00:00,4.142,4.150,4.110,4.113,686612.0
2025-08-10T05:30:00+00:00,4.113,4.127,4.110,4.122,388053.3
2025-08-10T05:45:00+00:00,4.122,4.122,4.097,4.099,477487.3
2025-08-10T06:00:00+00:00,4.098,4.103,4.087,4.088,389467.5
2025-08-10T06:15:00+00:00,4.088,4.088,4.053,4.059,971801.4
2025-08-10T06:30:00+00:00,4.059,4.082,4.055,4.078,506107.4
2025-08-10T06:45:00+00:00,4.078,4.079,4.063,4.074,343551.4
2025-08-10T07:00:00+00:00,4.073,4.084,4.073,4.082,220301.9
2025-08-10T07:15:00+00:00,4.082,4.090,4.069,4.069,204460.0
2025-08-10T07:30:00+00:00,4.069,4.075,4.005,4.011,1963842.6
2025-08-10T07:45:00+00:00,4.011,4.032,4.004,4.010,1080450.3
2025-08-10T08:00:00+00:00,4.010,4.012,3.964,3.990,1834242.6
2025-08-10T08:15:00+00:00,3.991,4.022,3.988,4.020,860288.3
2025-08-10T08:30:00+00:00,4.020,4.032,4.014,4.027,541193.7
2025-08-10T08:45:00+00:00,4.028,4.041,4.027,4.035,392542.4
2025-08-10T09:00:00+00:00,4.036,4.053,4.035,4.042,492940.3
2025-08-10T09:15:00+00:00,4.042,4.056,4.040,4.045,326830.5
2025-08-10T09:30:00+00:00,4.045,4.053,4.039,4.039,239770.4
2025-08-10T09:45:00+00:00,4.039,4.052,4.028,4.031,255888.1
2025-08-10T10:00:00+00:00,4.031,4.040,4.021,4.021,380656.6
2025-08-10T10:15:00+00:00,4.021,4.029,4.002,4.005,560700.5
2025-08-10T10:30:00+00:00,4.005,4.015,3.983,4.015,753239.8
2025-08-10T10:45:00+00:00,4.015,4.025,3.997,4.000,316192.1
2025-08-10T11:00:00+00:00,3.999,4.003,3.990,4.001,254344.9
2025-08-10T11:15:00+00:00,4.001,4.010,3.992,4.008,196503.4
2025-08-10T11:30:00+00:00,4.007,4.022,3.995,4.008,573073.6
2025-08-10T11:45:00+00:00,4.008,4.014,3.990,3.992,328389.7
2025-08-10T12:00:00+00:00,3.992,3.999,3.982,3.986,462439.2
2025-08-10T12:15:00+00:00,3.986,4.001,3.983,3.996,235340.3
2025-08-10T12:30:00+00:00,3.996,4.017,3.995,4.016,275210.9
2025-08-10T12:45:00+00:00,4.015,4.017,4.006,4.016,184003.6
2025-08-10T13:00:00+00:00,4.015,4.031,4.014,4.022,350490.4
2025-08-10T13:15:00+00:00,4.022,4.026,4.009,4.017,271670.3
2025-08-10T13:30:00+00:00,4.016,4.019,3.994,3.999,248944.2
2025-08-10T13:45:00+00:00,4.000,4.005,3.979,3.983,352524.1
2025-08-10T14:00:00+00:00,3.983,4.010,3.974,4.006,566568.8
2025-08-10T14:15:00+00:00,4.006,4.039,4.003,4.037,499382.6
2025-08-10T14:30:00+00:00,4.037,4.061,4.037,4.052,699357.8
2025-08-10T14:45:00+00:00,4.052,4.057,4.032,4.044,602271.3
2025-08-10T15:00:00+00:00,4.044,4.053,4.032,4.053,381563.5
2025-08-10T15:15:00+00:00,4.054,4.075,4.044,4.072,657924.0
2025-08-10T15:30:00+00:00,4.071,4.083,4.059,4.065,497528.0
2025-08-10T15:45:00+00:00,4.066,4.074,4.049,4.055,331665.6
2025-08-10T16:00:00+00:00,4.055,4.073,4.048,4.059,405269.5
2025-08-10T16:15:00+00:00,4.059,4.067,4.053,4.061,424544.9
2025-08-10T16:30:00+00:00,4.061,4.071,4.054,4.059,186218.3
2025-08-10T16:45:00+00:00,4.060,4.065,4.045,4.057,253892.5
2025-08-10T17:00:00+00:00,4.056,4.062,4.045,4.050,292168.5
2025-08-10T17:15:00+00:00,4.051,4.053,4.032,4.038,322662.0
2025-08-10T17:30:00+00:00,4.038,4.052,4.035,4.044,192067.1
2025-08-10T17:45:00+00:00,4.044,4.057,4.042,4.054,259002.2
2025-08-10T18:00:00+00:00,4.054,4.075,4.053,4.069,310345.4
2025-08-10T18:15:00+00:00,4.070,4.075,4.060,4.064,425314.9
2025-08-10T18:30:00+00:00,4.063,4.077,4.062,4.070,143663.4
2025-08-10T18:45:00+00:00,4.069,4.087,4.068,4.083,371533.3
2025-08-10T19:00:00+00:00,4.083,4.091,4.068,4.089,491657.3
2025-08-10T19:15:00+00:00,4.089,4.089,4.077,4.084,306320.8
2025-08-10T19:30:00+00:00,4.083,4.088,4.076,4.077,189652.6
2025-08-10T19:45:00+00:00,4.077,4.081,4.071,4.072,127386.8
2025-08-10T20:00:00+00:00,4.073,4.081,4.044,4.060,690176.8
2025-08-10T20:15:00+00:00,4.061,4.063,4.042,4.051,934004.0
2025-08-10T20:30:00+00:00,4.051,4.064,4.043,4.061,244495.7
2025-08-10T20:45:00+00:00,4.060,4.061,4.044,4.045,153643.0
2025-08-10T21:00:00+00:00,4.045,4.046,4.021,4.032,452812.1
2025-08-10T21:15:00+00:00,4.033,4.045,4.030,4.032,166028.1
2025-08-10T21:30:00+00:00,4.031,4.032,4.011,4.017,352529.1
2025-08-10T21:45:00+00:00,4.017,4.041,4.016,4.040,123119.3
2025-08-10T22:00:00+00:00,4.041,4.043,4.023,4.031,243002.1
2025-08-10T22:15:00+00:00,4.031,4.047,4.031,4.040,148691.5
2025-08-10T22:30:00+00:00,4.040,4.050,4.038,4.047,143427.9
2025-08-10T22:45:00+00:00,4.047,4.049,4.036,4.049,157834.2
2025-08-10T23:00:00+00:00,4.049,4.060,4.044,4.047,211504.5
2025-08-10T23:15:00+00:00,4.046,4.050,4.031,4.046,236346.0
2025-08-10T23:30:00+00:00,4.046,4.053,4.043,4.053,156647.6
2025-08-10T23:45:00+00:00,4.052,4.069,4.046,4.047,340797.0
2025-08-11T00:00:00+00:00,4.046,4.050,4.030,4.038,299110.9
2025-08-11T00:15:00+00:00,4.038,4.068,4.035,4.068,390570.9
2025-08-11T00:30:00+00:00,4.067,4.076,4.051,4.055,337201.5
2025-08-11T00:45:00+00:00,4.055,4.059,4.039,4.040,172031.3
2025-08-11T01:00:00+00:00,4.039,4.064,4.034,4.059,191552.7
2025-08-11T01:15:00+00:00,4.060,4.084,4.056,4.082,294932.7
2025-08-11T01:30:00+00:00,4.081,4.112,4.080,4.105,685639.9
2025-08-11T01:45:00+00:00,4.106,4.106,4.079,4.086,438685.1
2025-08-11T02:00:00+00:00,4.086,4.122,4.085,4.113,1052122.8
2025-08-11T02:15:00+00:00,4.113,4.134,4.109,4.133,815095.4
2025-08-11T02:30:00+00:00,4.133,4.150,4.128,4.145,632116.6
2025-08-11T02:45:00+00:00,4.145,4.156,4.141,4.149,386102.8
2025-08-11T03:00:00+00:00,4.149,4.149,4.119,4.137,577105.9
2025-08-11T03:15:00+00:00,4.136,4.140,4.124,4.126,306722.0
2025-08-11T03:30:00+00:00,4.125,4.133,4.111,4.112,254974.8
2025-08-11T03:45:00+00:00,4.113,4.133,4.111,4.128,218690.3
2025-08-11T04:00:00+00:00,4.129,4.157,4.127,4.152,366595.7
2025-08-11T04:15:00+00:00,4.151,4.158,4.143,4.144,251107.6
2025-08-11T04:30:00+00:00,4.143,4.147,4.135,4.138,159372.2
2025-08-11T04:45:00+00:00,4.139,4.149,4.126,4.126,325891.2
2025-08-11T05:00:00+00:00,4.125,4.136,4.122,4.130,202789.9
2025-08-11T05:15:00+00:00,4.130,4.135,4.122,4.124,178664.8
2025-08-11T05:30:00+00:00,4.123,4.135,4.121,4.129,626547.6
2025-08-11T05:45:00+00:00,4.129,4.133,4.119,4.129,319387.5
2025-08-11T06:00:00+00:00,4.128,4.137,4.121,4.122,185942.3
2025-08-11T06:15:00+00:00,4.121,4.125,4.104,4.116,320591.8
2025-08-11T06:30:00+00:00,4.116,4.119,4.107,4.114,197183.6
2025-08-11T06:45:00+00:00,4.114,4.122,4.108,4.116,259321.6
2025-08-11T07:00:00+00:00,4.115,4.118,4.105,4.110,224711.5
2025-08-11T07:15:00+00:00,4.109,4.110,4.070,4.080,775613.9
2025-08-11T07:30:00+00:00,4.079,4.081,4.052,4.063,602642.6
2025-08-11T07:45:00+00:00,4.063,4.063,4.037,4.044,562201.6
2025-08-11T08:00:00+00:00,4.045,4.047,4.024,4.044,708709.0
2025-08-11T08:15:00+00:00,4.044,4.058,4.042,4.056,621321.6
2025-08-11T08:30:00+00:00,4.056,4.072,4.050,4.069,361690.8
2025-08-11T08:45:00+00:00,4.068,4.069,4.049,4.055,340657.6
2025-08-11T09:00:00+00:00,4.055,4.066,4.053,4.065,264552.1
2025-08-11T09:15:00+00:00,4.065,4.066,4.048,4.062,267066.4
2025-08-11T09:30:00+00:00,4.061,4.071,4.047,4.054,240626.9
2025-08-11T09:45:00+00:00,4.053,4.056,4.033,4.044,291223.0
2025-08-11T10:00:00+00:00,4.045,4.047,4.023,4.030,472758.6
2025-08-11T10:15:00+00:00,4.029,4.044,4.005,4.038,844278.5
2025-08-11T10:30:00+00:00,4.038,4.041,4.016,4.022,416169.4
2025-08-11T10:45:00+00:00,4.021,4.028,4.010,4.013,359778.3
2025-08-11T11:00:00+00:00,4.013,4.015,3.985,3.991,728133.0
2025-08-11T11:15:00+00:00,3.991,3.992,3.940,3.942,1625399.1
2025-08-11T11:30:00+00:00,3.942,3.962,3.933,3.957,1275681.6
2025-08-11T11:45:00+00:00,3.957,3.957,3.907,3.929,1679588.8
2025-08-11T12:00:00+00:00,3.930,3.941,3.916,3.922,711979.4
2025-08-11T12:15:00+00:00,3.921,3.933,3.914,3.929,659969.2
2025-08-11T12:30:00+00:00,3.929,3.937,3.900,3.908,1523329.8
2025-08-11T12:45:00+00:00,3.908,3.922,3.899,3.916,983024.5
2025-08-11T13:00:00+00:00,3.917,3.919,3.885,3.892,951705.9
2025-08-11T13:15:00+00:00,3.893,3.906,3.879,3.887,833915.3
2025-08-11T13:30:00+00:00,3.887,3.947,3.883,3.940,1731274.5
2025-08-11T13:45:00+00:00,3.939,3.956,3.929,3.940,1338595.7
2025-08-11T14:00:00+00:00,3.941,3.971,3.938,3.946,1336869.6
2025-08-11T14:15:00+00:00,3.946,3.963,3.939,3.951,578509.0
2025-08-11T14:30:00+00:00,3.951,3.983,3.945,3.945,811590.7
2025-08-11T14:45:00+00:00,3.946,3.950,3.925,3.937,487897.1
2025-08-11T15:00:00+00:00,3.937,3.939,3.915,3.927,647805.6
2025-08-11T15:15:00+00:00,3.927,3.953,3.923,3.929,382808.0
2025-08-11T15:30:00+00:00,3.929,3.962,3.924,3.959,379419.7
2025-08-11T15:45:00+00:00,3.959,3.964,3.948,3.962,328293.4
2025-08-11T16:00:00+00:00,3.962,4.020,3.961,3.990,1513883.1
2025-08-11T16:15:00+00:00,3.991,4.001,3.965,3.978,538768.8
2025-08-11T16:30:00+00:00,3.979,3.989,3.945,3.946,585193.5
2025-08-11T16:45:00+00:00,3.946,3.969,3.943,3.958,491414.9
2025-08-11T17:00:00+00:00,3.957,3.972,3.951,3.952,368817.3
2025-08-11T17:15:00+00:00,3.951,3.963,3.929,3.957,701833.4
2025-08-11T17:30:00+00:00,3.957,3.958,3.932,3.942,377302.4
2025-08-11T17:45:00+00:00,3.942,3.945,3.924,3.939,409916.0
2025-08-11T18:00:00+00:00,3.939,3.941,3.906,3.925,1302709.6
2025-08-11T18:15:00+00:00,3.925,3.932,3.911,3.928,298134.7
2025-08-11T18:30:00+00:00,3.929,3.948,3.924,3.925,328603.4
2025-08-11T18:45:00+00:00,3.924,3.944,3.917,3.937,180543.5
2025-08-11T19:00:00+00:00,3.937,3.941,3.927,3.931,253668.1
2025-08-11T19:15:00+00:00,3.931,3.939,3.922,3.934,131554.5
2025-08-11T19:30:00+00:00,3.935,3.936,3.911,3.916,228587.8
2025-08-11T19:45:00+00:00,3.915,3.921,3.876,3.907,1256348.7
2025-08-11T20:00:00+00:00,3.908,3.908,3.891,3.894,672783.7
2025-08-11T20:15:00+00:00,3.894,3.904,3.884,3.901,454438.7
2025-08-11T20:30:00+00:00,3.901,3.908,3.890,3.904,394767.4
2025-08-11T20:45:00+00:00,3.905,3.914,3.899,3.904,217171.9
2025-08-11T21:00:00+00:00,3.903,3.921,3.897,3.914,291353.7
2025-08-11T21:15:00+00:00,3.914,3.916,3.890,3.890,219480.1
2025-08-11T21:30:00+00:00,3.890,3.892,3.838,3.862,1645753.7
2025-08-11T21:45:00+00:00,3.861,3.864,3.828,3.862,674973.5
2025-08-11T22:00:00+00:00,3.862,3.865,3.835,3.837,528530.1
2025-08-11T22:15:00+00:00,3.837,3.849,3.815,3.834,750537.1
2025-08-11T22:30:00+00:00,3.834,3.856,3.824,3.849,437220.8
2025-08-11T22:45:00+00:00,3.849,3.856,3.844,3.853,198914.6
2025-08-11T23:00:00+00:00,3.853,3.863,3.846,3.862,192765.0
2025-08-11T23:15:00+00:00,3.862,3.867,3.854,3.859,125170.8
2025-08-11T23:30:00+00:00,3.859,3.868,3.854,3.867,237203.1
2025-08-11T23:45:00+00:00,3.866,3.868,3.851,3.852,113891.7
2025-08-12T00:00:00+00:00,3.852,3.860,3.842,3.856,392214.4
2025-08-12T00:15:00+00:00,3.857,3.879,3.856,3.871,289113.0
2025-08-12T00:30:00+00:00,3.871,3.873,3.856,3.868,155751.1
2025-08-12T00:45:00+00:00,3.869,3.899,3.867,3.889,291403.4
2025-08-12T01:00:00+00:00,3.889,3.900,3.877,3.881,486954.8
2025-08-12T01:15:00+00:00,3.882,3.896,3.876,3.896,229452.1
2025-08-12T01:30:00+00:00,3.896,3.898,3.887,3.898,130324.5
2025-08-12T01:45:00+00:00,3.898,3.902,3.891,3.896,214877.4
2025-08-12T02:00:00+00:00,3.896,3.906,3.890,3.899,156356.8
2025-08-12T02:15:00+00:00,3.900,3.917,3.895,3.915,168880.1
2025-08-12T02:30:00+00:00,3.915,3.933,3.915,3.923,303813.7
2025-08-12T02:45:00+00:00,3.922,3.926,3.914,3.915,231238.2
2025-08-12T03:00:00+00:00,3.914,3.916,3.899,3.901,317887.4
2025-08-12T03:15:00+00:00,3.902,3.902,3.888,3.894,185313.2
2025-08-12T03:30:00+00:00,3.895,3.905,3.894,3.897,134460.4
2025-08-12T03:45:00+00:00,3.896,3.902,3.888,3.894,127276.8
2025-08-12T04:00:00+00:00,3.894,3.908,3.888,3.903,199799.7
2025-08-12T04:15:00+00:00,3.904,3.911,3.900,3.911,102706.3
2025-08-12T04:30:00+00:00,3.910,3.920,3.906,3.916,301943.3
2025-08-12T04:45:00+00:00,3.915,3.922,3.912,3.919,209867.4
2025-08-12T05:00:00+00:00,3.919,3.919,3.889,3.890,589145.2
2025-08-12T05:15:00+00:00,3.891,3.891,3.863,3.867,490420.0
2025-08-12T05:30:00+00:00,3.867,3.868,3.858,3.867,334088.6
2025-08-12T05:45:00+00:00,3.867,3.884,3.864,3.879,214762.8
2025-08-12T06:00:00+00:00,3.878,3.884,3.862,3.862,354435.7
2025-08-12T06:15:00+00:00,3.863,3.899,3.849,3.896,472421.2
2025-08-12T06:30:00+00:00,3.895,3.902,3.885,3.898,332023.6
2025-08-12T06:45:00+00:00,3.899,3.900,3.885,3.888,207666.2
2025-08-12T07:00:00+00:00,3.888,3.916,3.886,3.916,485399.3
2025-08-12T07:15:00+00:00,3.916,3.933,3.907,3.914,1808826.5
2025-08-12T07:30:00+00:00,3.914,3.919,3.904,3.912,794380.0
2025-08-12T07:45:00+00:00,3.912,3.922,3.909,3.920,219072.0
2025-08-12T08:00:00+00:00,3.921,3.921,3.896,3.900,265629.5
2025-08-12T08:15:00+00:00,3.900,3.904,3.884,3.889,215172.6
2025-08-12T08:30:00+00:00,3.889,3.910,3.881,3.910,246817.0
2025-08-12T08:45:00+00:00,3.910,3.916,3.883,3.884,255953.9
2025-08-12T09:00:00+00:00,3.885,3.891,3.867,3.871,328396.7
2025-08-12T09:15:00+00:00,3.871,3.889,3.868,3.888,244929.1
2025-08-12T09:30:00+00:00,3.888,3.888,3.873,3.883,149584.7
2025-08-12T09:45:00+00:00,3.882,3.885,3.862,3.865,267048.2
2025-08-12T10:00:00+00:00,3.865,3.870,3.854,3.865,312891.8
2025-08-12T10:15:00+00:00,3.865,3.884,3.857,3.875,245023.4
2025-08-12T10:30:00+00:00,3.876,3.882,3.856,3.866,163411.6
2025-08-12T10:45:00+00:00,3.866,3.877,3.859,3.862,126288.5
2025-08-12T11:00:00+00:00,3.862,3.865,3.833,3.842,543033.5
2025-08-12T11:15:00+00:00,3.842,3.856,3.840,3.855,339097.1
2025-08-12T11:30:00+00:00,3.855,3.877,3.852,3.866,362396.9
2025-08-12T11:45:00+00:00,3.866,3.889,3.865,3.882,311817.2
2025-08-12T12:00:00+00:00,3.883,3.887,3.873,3.873,171563.1
2025-08-12T12:15:00+00:00,3.873,3.906,3.868,3.905,327505.6
2025-08-12T12:30:00+00:00,3.906,3.986,3.905,3.982,3031827.6
2025-08-12T12:45:00+00:00,3.983,4.000,3.967,3.982,1229201.5
2025-08-12T13:00:00+00:00,3.982,3.988,3.941,3.976,837804.8
2025-08-12T13:15:00+00:00,3.975,3.993,3.964,3.992,505246.3
2025-08-12T13:30:00+00:00,3.993,4.005,3.960,3.962,1001849.7
2025-08-12T13:45:00+00:00,3.961,3.967,3.931,3.954,1020621.4
2025-08-12T14:00:00+00:00,3.953,3.984,3.945,3.976,1069637.3
2025-08-12T14:15:00+00:00,3.977,3.999,3.962,3.996,533981.4
2025-08-12T14:30:00+00:00,3.996,4.014,3.988,4.012,439369.6
2025-08-12T14:45:00+00:00,4.013,4.026,4.003,4.017,673213.5
2025-08-12T15:00:00+00:00,4.017,4.039,4.013,4.032,616635.4
2025-08-12T15:15:00+00:00,4.033,4.062,4.033,4.061,988269.4
2025-08-12T15:30:00+00:00,4.061,4.074,4.049,4.066,768155.1
2025-08-12T15:45:00+00:00,4.065,4.094,4.061,4.092,847002.6
2025-08-12T16:00:00+00:00,4.092,4.093,4.073,4.080,1013277.0
2025-08-12T16:15:00+00:00,4.080,4.116,4.071,4.115,809795.3
2025-08-12T16:30:00+00:00,4.116,4.142,4.109,4.138,1685856.4
2025-08-12T16:45:00+00:00,4.137,4.192,4.136,4.185,2131858.7
2025-08-12T17:00:00+00:00,4.186,4.233,4.180,4.195,2678723.9
2025-08-12T17:15:00+00:00,4.195,4.227,4.178,4.182,2114407.5
2025-08-12T17:30:00+00:00,4.182,4.192,4.157,4.160,1545201.7
2025-08-12T17:45:00+00:00,4.161,4.186,4.161,4.164,1106317.6
2025-08-12T18:00:00+00:00,4.165,4.197,4.165,4.197,976562.9
2025-08-12T18:15:00+00:00,4.197,4.211,4.193,4.196,1307392.8
2025-08-12T18:30:00+00:00,4.196,4.207,4.167,4.173,831140.7
2025-08-12T18:45:00+00:00,4.174,4.175,4.139,4.156,855886.2
2025-08-12T19:00:00+00:00,4.156,4.160,4.143,4.153,543242.2
2025-08-12T19:15:00+00:00,4.154,4.178,4.154,4.169,644476.9
2025-08-12T19:30:00+00:00,4.169,4.179,4.155,4.158,564794.2
2025-08-12T19:45:00+00:00,4.158,4.176,4.157,4.173,339426.9
2025-08-12T20:00:00+00:00,4.173,4.184,4.164,4.171,485029.8
2025-08-12T20:15:00+00:00,4.170,4.209,4.170,4.189,1093569.5
2025-08-12T20:30:00+00:00,4.189,4.198,4.176,4.188,544011.0
2025-08-12T20:45:00+00:00,4.189,4.203,4.176,4.193,461452.7
2025-08-12T21:00:00+00:00,4.193,4.194,4.167,4.182,568529.6
2025-08-12T21:15:00+00:00,4.182,4.197,4.170,4.186,477425.2
2025-08-12T21:30:00+00:00,4.186,4.193,4.172,4.186,290487.8
2025-08-12T21:45:00+00:00,4.185,4.188,4.155,4.166,491810.8
2025-08-12T22:00:00+00:00,4.166,4.174,4.151,4.165,588028.6
2025-08-12T22:15:00+00:00,4.166,4.170,4.158,4.159,286533.1
2025-08-12T22:30:00+00:00,4.159,4.166,4.152,4.152,240548.7
2025-08-12T22:45:00+00:00,4.153,4.157,4.141,4.154,296370.3
2025-08-12T23:00:00+00:00,4.155,4.163,4.140,4.141,404600.0
2025-08-12T23:15:00+00:00,4.141,4.147,4.123,4.144,696979.5
2025-08-12T23:30:00+00:00,4.144,4.154,4.136,4.148,272524.6
2025-08-12T23:45:00+00:00,4.149,4.157,4.139,4.155,303717.3
2025-08-13T00:00:00+00:00,4.156,4.184,4.154,4.180,895957.0
2025-08-13T00:15:00+00:00,4.180,4.188,4.175,4.177,413313.9
2025-08-13T00:30:00+00:00,4.177,4.189,4.173,4.179,424150.3
2025-08-13T00:45:00+00:00,4.179,4.189,4.162,4.172,424112.1
2025-08-13T01:00:00+00:00,4.172,4.174,4.129,4.134,766336.3
2025-08-13T01:15:00+00:00,4.135,4.155,4.132,4.154,472848.4
2025-08-13T01:30:00+00:00,4.154,4.155,4.108,4.109,618557.4
2025-08-13T01:45:00+00:00,4.109,4.130,4.109,4.121,379684.1
2025-08-13T02:00:00+00:00,4.121,4.121,4.097,4.106,628353.6
2025-08-13T02:15:00+00:00,4.106,4.130,4.106,4.127,332157.7
2025-08-13T02:30:00+00:00,4.126,4.159,4.123,4.156,436737.9
2025-08-13T02:45:00+00:00,4.157,4.178,4.154,4.172,403830.0
2025-08-13T03:00:00+00:00,4.172,4.189,4.151,4.159,498145.6
2025-08-13T03:15:00+00:00,4.159,4.179,4.157,4.164,431156.3
2025-08-13T03:30:00+00:00,4.164,4.195,4.158,4.192,326355.3
2025-08-13T03:45:00+00:00,4.192,4.199,4.182,4.188,545206.5
2025-08-13T04:00:00+00:00,4.187,4.204,4.182,4.200,658961.3
2025-08-13T04:15:00+00:00,4.201,4.225,4.195,4.209,724172.0
2025-08-13T04:30:00+00:00,4.209,4.219,4.186,4.188,555716.6
2025-08-13T04:45:00+00:00,4.188,4.207,4.177,4.198,493715.4
2025-08-13T05:00:00+00:00,4.198,4.198,4.184,4.196,270306.8
2025-08-13T05:15:00+00:00,4.196,4.199,4.179,4.188,358053.5
2025-08-13T05:30:00+00:00,4.188,4.189,4.164,4.167,392509.4
2025-08-13T05:45:00+00:00,4.166,4.171,4.146,4.148,721237.4
2025-08-13T06:00:00+00:00,4.148,4.163,4.132,4.160,582351.4
2025-08-13T06:15:00+00:00,4.160,4.160,4.131,4.140,285132.3
2025-08-13T06:30:00+00:00,4.141,4.165,4.141,4.152,224237.5
2025-08-13T06:45:00+00:00,4.153,4.177,4.152,4.164,448242.2
2025-08-13T07:00:00+00:00,4.165,4.179,4.161,4.164,325840.1
2025-08-13T07:15:00+00:00,4.163,4.174,4.162,4.172,211448.6
2025-08-13T07:30:00+00:00,4.172,4.184,4.161,4.180,243019.0
2025-08-13T07:45:00+00:00,4.180,4.203,4.167,4.200,504927.6
2025-08-13T08:00:00+00:00,4.200,4.220,4.196,4.220,729015.0
2025-08-13T08:15:00+00:00,4.221,4.239,4.214,4.237,963414.7
2025-08-13T08:30:00+00:00,4.236,4.242,4.217,4.223,1109804.0
2025-08-13T08:45:00+00:00,4.222,4.224,4.210,4.215,428997.2
2025-08-13T09:00:00+00:00,4.214,4.237,4.212,4.232,679834.6
2025-08-13T09:15:00+00:00,4.232,4.232,4.214,4.223,668315.1
2025-08-13T09:30:00+00:00,4.222,4.247,4.216,4.228,674853.1
2025-08-13T09:45:00+00:00,4.228,4.262,4.228,4.258,949099.2
2025-08-13T10:00:00+00:00,4.257,4.284,4.252,4.274,1020632.3
2025-08-13T10:15:00+00:00,4.275,4.283,4.267,4.279,720269.1
2025-08-13T10:30:00+00:00,4.279,4.288,4.273,4.288,535490.7
2025-08-13T10:45:00+00:00,4.287,4.289,4.272,4.281,520628.0
2025-08-13T11:00:00+00:00,4.281,4.285,4.269,4.274,429273.6
2025-08-13T11:15:00+00:00,4.274,4.274,4.246,4.254,727502.9
2025-08-13T11:30:00+00:00,4.255,4.265,4.254,4.264,293958.5
2025-08-13T11:45:00+00:00,4.263,4.277,4.252,4.259,524116.3
2025-08-13T12:00:00+00:00,4.258,4.269,4.244,4.253,572525.6
2025-08-13T12:15:00+00:00,4.254,4.276,4.252,4.275,413768.9
2025-08-13T12:30:00+00:00,4.275,4.277,4.257,4.259,459987.7
2025-08-13T12:45:00+00:00,4.260,4.260,4.232,4.235,821243.9
2025-08-13T13:00:00+00:00,4.235,4.271,4.234,4.267,525124.7
2025-08-13T13:15:00+00:00,4.267,4.297,4.266,4.292,1001404.7
2025-08-13T13:30:00+00:00,4.293,4.316,4.228,4.247,2598891.9
2025-08-13T13:45:00+00:00,4.248,4.298,4.235,4.266,1814032.9
2025-08-13T14:00:00+00:00,4.267,4.284,4.250,4.259,1021895.9
2025-08-13T14:15:00+00:00,4.260,4.261,4.206,4.251,2366199.3
2025-08-13T14:30:00+00:00,4.251,4.277,4.236,4.275,611538.2
2025-08-13T14:45:00+00:00,4.274,4.277,4.211,4.227,1139657.4
2025-08-13T15:00:00+00:00,4.227,4.242,4.185,4.219,1708648.0
2025-08-13T15:15:00+00:00,4.218,4.225,4.187,4.204,1373722.8
2025-08-13T15:30:00+00:00,4.204,4.233,4.186,4.224,1054895.5
2025-08-13T15:45:00+00:00,4.224,4.225,4.207,4.221,375117.1
2025-08-13T16:00:00+00:00,4.221,4.226,4.208,4.222,425073.1
2025-08-13T16:15:00+00:00,4.221,4.252,4.221,4.245,731416.6
2025-08-13T16:30:00+00:00,4.244,4.254,4.207,4.211,807380.7
2025-08-13T16:45:00+00:00,4.210,4.222,4.206,4.217,438963.8
2025-08-13T17:00:00+00:00,4.217,4.238,4.212,4.229,629989.0
2025-08-13T17:15:00+00:00,4.229,4.249,4.227,4.245,544635.3
2025-08-13T17:30:00+00:00,4.245,4.250,4.227,4.231,342803.7
2025-08-13T17:45:00+00:00,4.230,4.242,4.223,4.230,475910.0
2025-08-13T18:00:00+00:00,4.231,4.242,4.218,4.240,645472.8
2025-08-13T18:15:00+00:00,4.239,4.242,4.194,4.199,493951.8
2025-08-13T18:30:00+00:00,4.199,4.216,4.175,4.197,786208.8
2025-08-13T18:45:00+00:00,4.198,4.213,4.191,4.207,367049.2
2025-08-13T19:00:00+00:00,4.207,4.219,4.197,4.199,403672.3
2025-08-13T19:15:00+00:00,4.199,4.232,4.198,4.231,441524.6
2025-08-13T19:30:00+00:00,4.232,4.234,4.221,4.225,376699.1
2025-08-13T19:45:00+00:00,4.225,4.251,4.225,4.249,403022.4
2025-08-13T20:00:00+00:00,4.250,4.253,4.224,4.235,358743.0
2025-08-13T20:15:00+00:00,4.235,4.241,4.220,4.234,243783.9
2025-08-13T20:30:00+00:00,4.234,4.256,4.233,4.249,257453.9
2025-08-13T20:45:00+00:00,4.250,4.250,4.238,4.240,251948.9
2025-08-13T21:00:00+00:00,4.240,4.269,4.238,4.259,442978.5
2025-08-13T21:15:00+00:00,4.259,4.272,4.250,4.250,425948.6
2025-08-13T21:30:00+00:00,4.250,4.264,4.235,4.236,227523.0
2025-08-13T21:45:00+00:00,4.235,4.254,4.227,4.246,263084.4
2025-08-13T22:00:00+00:00,4.246,4.258,4.235,4.257,303770.6
2025-08-13T22:15:00+00:00,4.257,4.269,4.251,4.263,232853.2
2025-08-13T22:30:00+00:00,4.263,4.291,4.259,4.287,460015.7
2025-08-13T22:45:00+00:00,4.287,4.313,4.278,4.288,1171298.2
2025-08-13T23:00:00+00:00,4.288,4.318,4.286,4.290,744947.1
2025-08-13T23:15:00+00:00,4.291,4.294,4.279,4.283,430752.5
2025-08-13T23:30:00+00:00,4.284,4.296,4.277,4.286,368947.1
2025-08-13T23:45:00+00:00,4.285,4.291,4.272,4.278,235940.3
2025-08-14T00:00:00+00:00,4.277,4.304,4.275,4.300,514456.5
2025-08-14T00:15:00+00:00,4.300,4.309,4.291,4.306,443835.8
2025-08-14T00:30:00+00:00,4.306,4.323,4.278,4.291,765230.9
2025-08-14T00:45:00+00:00,4.290,4.291,4.270,4.283,483305.5
2025-08-14T01:00:00+00:00,4.283,4.288,4.246,4.256,573183.6
2025-08-14T01:15:00+00:00,4.257,4.278,4.252,4.276,335891.3
2025-08-14T01:30:00+00:00,4.275,4.329,4.270,4.323,854011.8
2025-08-14T01:45:00+00:00,4.322,4.329,4.308,4.318,602900.3
2025-08-14T02:00:00+00:00,4.317,4.329,4.304,4.307,476990.0
2025-08-14T02:15:00+00:00,4.307,4.315,4.290,4.298,316753.7
2025-08-14T02:30:00+00:00,4.298,4.333,4.296,4.332,699817.0
2025-08-14T02:45:00+00:00,4.333,4.370,4.316,4.366,1256290.3
2025-08-14T03:00:00+00:00,4.366,4.368,4.339,4.355,956054.1
2025-08-14T03:15:00+00:00,4.355,4.369,4.339,4.341,675380.5
2025-08-14T03:30:00+00:00,4.342,4.358,4.330,4.352,821312.9
2025-08-14T03:45:00+00:00,4.352,4.359,4.333,4.336,408450.7
2025-08-14T04:00:00+00:00,4.336,4.344,4.319,4.322,467558.9
2025-08-14T04:15:00+00:00,4.323,4.352,4.323,4.344,470319.0
2025-08-14T04:30:00+00:00,4.344,4.344,4.318,4.326,295288.6
2025-08-14T04:45:00+00:00,4.326,4.331,4.301,4.304,428662.0
2025-08-14T05:00:00+00:00,4.304,4.322,4.290,4.294,693125.4
2025-08-14T05:15:00+00:00,4.295,4.301,4.286,4.287,353298.3
2025-08-14T05:30:00+00:00,4.286,4.295,4.258,4.265,675184.7
2025-08-14T05:45:00+00:00,4.266,4.280,4.264,4.273,565582.3
2025-08-14T06:00:00+00:00,4.272,4.274,4.230,4.240,1176660.2
2025-08-14T06:15:00+00:00,4.240,4.247,4.218,4.238,895171.6
2025-08-14T06:30:00+00:00,4.237,4.273,4.235,4.273,744928.8
2025-08-14T06:45:00+00:00,4.273,4.297,4.273,4.294,619289.0
2025-08-14T07:00:00+00:00,4.294,4.298,4.256,4.261,645570.1
2025-08-14T07:15:00+00:00,4.261,4.267,4.245,4.252,514717.8
2025-08-14T07:30:00+00:00,4.252,4.269,4.243,4.255,502215.3
2025-08-14T07:45:00+00:00,4.254,4.260,4.238,4.257,409338.1
2025-08-14T08:00:00+00:00,4.258,4.258,4.209,4.223,975674.1
2025-08-14T08:15:00+00:00,4.224,4.237,4.205,4.211,826690.9
2025-08-14T08:30:00+00:00,4.211,4.222,4.184,4.190,1182328.6
2025-08-14T08:45:00+00:00,4.191,4.207,4.191,4.202,481957.1
2025-08-14T09:00:00+00:00,4.202,4.208,4.179,4.207,816764.0
2025-08-14T09:15:00+00:00,4.208,4.219,4.195,4.213,382526.6
2025-08-14T09:30:00+00:00,4.213,4.229,4.204,4.211,527601.3
2025-08-14T09:45:00+00:00,4.212,4.246,4.212,4.239,485119.1
2025-08-14T10:00:00+00:00,4.238,4.239,4.216,4.220,520636.3
2025-08-14T10:15:00+00:00,4.220,4.239,4.212,4.218,320974.3
2025-08-14T10:30:00+00:00,4.219,4.229,4.166,4.178,1378853.0
2025-08-14T10:45:00+00:00,4.178,4.204,4.177,4.202,986469.8
2025-08-14T11:00:00+00:00,4.201,4.212,4.192,4.201,690739.4
2025-08-14T11:15:00+00:00,4.200,4.215,4.188,4.200,556293.6
2025-08-14T11:30:00+00:00,4.200,4.210,4.190,4.194,411606.8
2025-08-14T11:45:00+00:00,4.193,4.199,4.182,4.198,393588.1
2025-08-14T12:00:00+00:00,4.198,4.213,4.193,4.207,444222.2
2025-08-14T12:15:00+00:00,4.206,4.228,4.181,4.226,676650.6
2025-08-14T12:30:00+00:00,4.226,4.226,3.909,4.071,16239332.8
2025-08-14T12:45:00+00:00,4.072,4.075,3.986,4.004,5494472.3
2025-08-14T13:00:00+00:00,4.004,4.054,3.925,4.053,7105294.8
2025-08-14T13:15:00+00:00,4.054,4.055,3.985,4.006,2998273.1
2025-08-14T13:30:00+00:00,4.006,4.046,3.988,4.030,2429463.6
2025-08-14T13:45:00+00:00,4.030,4.074,4.026,4.042,1618981.9
2025-08-14T14:00:00+00:00,4.043,4.047,4.020,4.029,1165736.9
2025-08-14T14:15:00+00:00,4.028,4.073,4.028,4.070,916554.0
2025-08-14T14:30:00+00:00,4.071,4.084,4.039,4.040,1833528.7
2025-08-14T14:45:00+00:00,4.040,4.068,4.038,4.056,677443.2
2025-08-14T15:00:00+00:00,4.057,4.076,4.051,4.059,763568.5
2025-08-14T15:15:00+00:00,4.058,4.065,4.017,4.032,1183000.5
2025-08-14T15:30:00+00:00,4.033,4.043,4.012,4.029,728455.5
2025-08-14T15:45:00+00:00,4.028,4.043,4.021,4.024,515962.6
2025-08-14T16:00:00+00:00,4.024,4.024,3.970,3.971,2007893.0
2025-08-14T16:15:00+00:00,3.970,3.990,3.944,3.961,1518115.1
2025-08-14T16:30:00+00:00,3.961,3.983,3.950,3.970,713285.8
2025-08-14T16:45:00+00:00,3.970,3.989,3.952,3.972,784433.3
2025-08-14T17:00:00+00:00,3.972,3.983,3.939,3.962,939206.0
2025-08-14T17:15:00+00:00,3.963,4.001,3.953,3.994,790582.2
2025-08-14T17:30:00+00:00,3.993,4.001,3.975,3.986,597580.5
2025-08-14T17:45:00+00:00,3.987,3.993,3.978,3.991,368759.3
2025-08-14T18:00:00+00:00,3.990,3.995,3.969,3.973,369599.2
2025-08-14T18:15:00+00:00,3.974,3.986,3.936,3.981,950836.5
2025-08-14T18:30:00+00:00,3.981,4.003,3.978,3.999,358469.6
2025-08-14T18:45:00+00:00,3.999,4.007,3.990,3.994,408188.7
2025-08-14T19:00:00+00:00,3.994,4.009,3.994,4.000,248661.8
2025-08-14T19:15:00+00:00,4.001,4.024,3.997,4.018,444193.4
2025-08-14T19:30:00+00:00,4.018,4.025,4.010,4.017,327335.3
2025-08-14T19:45:00+00:00,4.017,4.018,3.987,3.992,385082.0
2025-08-14T20:00:00+00:00,3.991,3.991,3.966,3.979,701091.1
2025-08-14T20:15:00+00:00,3.979,3.996,3.979,3.990,246637.9
2025-08-14T20:30:00+00:00,3.990,3.999,3.967,3.975,289525.1
2025-08-14T20:45:00+00:00,3.976,3.983,3.961,3.983,403822.5
2025-08-14T21:00:00+00:00,3.982,3.988,3.966,3.975,360845.1
2025-08-14T21:15:00+00:00,3.975,3.975,3.922,3.931,697920.5
2025-08-14T21:30:00+00:00,3.932,3.939,3.901,3.933,1020470.3
2025-08-14T21:45:00+00:00,3.933,3.957,3.929,3.946,468284.2
2025-08-14T22:00:00+00:00,3.945,3.947,3.921,3.943,541310.4
2025-08-14T22:15:00+00:00,3.943,3.955,3.938,3.953,481016.7
2025-08-14T22:30:00+00:00,3.952,3.969,3.952,3.962,307524.3
2025-08-14T22:45:00+00:00,3.962,3.976,3.959,3.971,382547.4
2025-08-14T23:00:00+00:00,3.970,3.979,3.968,3.978,285437.1
2025-08-14T23:15:00+00:00,3.978,3.989,3.973,3.989,266394.8
2025-08-14T23:30:00+00:00,3.989,3.994,3.980,3.985,251699.9
2025-08-14T23:45:00+00:00,3.985,3.995,3.977,3.983,279446.4
2025-08-15T00:00:00+00:00,3.983,4.003,3.970,4.003,434005.3
2025-08-15T00:15:00+00:00,4.003,4.005,3.972,3.976,337144.2
2025-08-15T00:30:00+00:00,3.976,3.988,3.964,3.985,441722.2
2025-08-15T00:45:00+00:00,3.985,4.004,3.974,3.976,322639.7
2025-08-15T01:00:00+00:00,3.977,3.982,3.965,3.973,290658.0
2025-08-15T01:15:00+00:00,3.973,4.001,3.964,3.993,292126.6
2025-08-15T01:30:00+00:00,3.992,4.001,3.983,3.993,549690.6
2025-08-15T01:45:00+00:00,3.993,4.003,3.990,3.996,278553.4
2025-08-15T02:00:00+00:00,3.995,4.001,3.983,3.999,323138.7
2025-08-15T02:15:00+00:00,4.000,4.012,3.994,4.011,312571.2
2025-08-15T02:30:00+00:00,4.010,4.012,4.001,4.007,362978.2
2025-08-15T02:45:00+00:00,4.007,4.013,3.995,3.999,278300.0
2025-08-15T03:00:00+00:00,3.998,4.014,3.988,4.009,307119.4
2025-08-15T03:15:00+00:00,4.010,4.030,4.009,4.030,301839.9
2025-08-15T03:30:00+00:00,4.030,4.047,4.027,4.036,645913.3
2025-08-15T03:45:00+00:00,4.036,4.039,4.026,4.034,330823.5
2025-08-15T04:00:00+00:00,4.033,4.046,4.017,4.038,617294.1
2025-08-15T04:15:00+00:00,4.038,4.039,4.024,4.029,232541.7
2025-08-15T04:30:00+00:00,4.028,4.028,4.016,4.019,220320.5
2025-08-15T04:45:00+00:00,4.019,4.019,4.005,4.009,317113.9
2025-08-15T05:00:00+00:00,4.009,4.013,3.992,3.995,266111.6
2025-08-15T05:15:00+00:00,3.994,4.009,3.994,4.006,253428.2
2025-08-15T05:30:00+00:00,4.005,4.008,3.996,4.002,196026.3
2025-08-15T05:45:00+00:00,4.002,4.036,4.002,4.035,244123.3
2025-08-15T06:00:00+00:00,4.034,4.072,4.033,4.067,975165.1
2025-08-15T06:15:00+00:00,4.067,4.100,4.059,4.092,1273827.7
2025-08-15T06:30:00+00:00,4.092,4.100,4.076,4.084,611008.0
2025-08-15T06:45:00+00:00,4.085,4.086,4.071,4.073,413836.9
2025-08-15T07:00:00+00:00,4.073,4.073,4.045,4.048,918435.6
2025-08-15T07:15:00+00:00,4.048,4.056,4.036,4.042,408468.5
2025-08-15T07:30:00+00:00,4.042,4.046,4.028,4.032,354300.4
2025-08-15T07:45:00+00:00,4.031,4.032,4.015,4.031,586019.3
2025-08-15T08:00:00+00:00,4.031,4.036,4.020,4.020,335873.3
2025-08-15T08:15:00+00:00,4.020,4.036,4.014,4.032,338838.0
2025-08-15T08:30:00+00:00,4.031,4.041,4.023,4.036,288478.5
2025-08-15T08:45:00+00:00,4.035,4.035,4.015,4.016,179437.9
2025-08-15T09:00:00+00:00,4.015,4.029,4.014,4.023,329054.2
2025-08-15T09:15:00+00:00,4.024,4.025,3.994,3.999,489052.4
2025-08-15T09:30:00+00:00,3.999,4.013,3.995,4.003,340964.1
2025-08-15T09:45:00+00:00,4.002,4.008,3.973,3.989,1187702.0
2025-08-15T10:00:00+00:00,3.989,4.013,3.984,3.995,658305.3
2025-08-15T10:15:00+00:00,3.996,4.020,3.994,4.011,752957.4
2025-08-15T10:30:00+00:00,4.012,4.012,3.999,4.008,307012.3
2025-08-15T10:45:00+00:00,4.008,4.015,3.985,3.989,580063.9
2025-08-15T11:00:00+00:00,3.990,4.002,3.982,3.989,321307.9
2025-08-15T11:15:00+00:00,3.990,3.991,3.976,3.981,324373.1
2025-08-15T11:30:00+00:00,3.982,3.997,3.979,3.989,261741.3
2025-08-15T11:45:00+00:00,3.989,4.002,3.987,3.987,163507.9
2025-08-15T12:00:00+00:00,3.988,4.001,3.980,3.998,247061.9
2025-08-15T12:15:00+00:00,3.997,4.000,3.960,3.974,818078.9
2025-08-15T12:30:00+00:00,3.973,4.034,3.954,3.992,3054816.6
2025-08-15T12:45:00+00:00,3.992,4.010,3.980,3.986,476525.7
2025-08-15T13:00:00+00:00,3.985,3.996,3.975,3.981,636691.8
2025-08-15T13:15:00+00:00,3.981,3.998,3.973,3.991,659323.6
2025-08-15T13:30:00+00:00,3.991,3.999,3.955,3.956,1245874.3
2025-08-15T13:45:00+00:00,3.957,3.968,3.933,3.956,1426952.5
2025-08-15T14:00:00+00:00,3.955,3.975,3.926,3.963,1960137.7
2025-08-15T14:15:00+00:00,3.963,3.979,3.938,3.948,726089.8
2025-08-15T14:30:00+00:00,3.948,3.960,3.932,3.935,696249.1
2025-08-15T14:45:00+00:00,3.936,3.942,3.904,3.922,1957629.3
2025-08-15T15:00:00+00:00,3.922,3.927,3.891,3.908,1700458.0
2025-08-15T15:15:00+00:00,3.908,3.923,3.856,3.863,1892495.0
2025-08-15T15:30:00+00:00,3.862,3.893,3.838,3.844,1947535.8
2025-08-15T15:45:00+00:00,3.845,3.871,3.829,3.858,1524199.1
2025-08-15T16:00:00+00:00,3.858,3.860,3.816,3.838,1730856.2
2025-08-15T16:15:00+00:00,3.838,3.874,3.824,3.867,943285.6
2025-08-15T16:30:00+00:00,3.866,3.890,3.865,3.877,842697.5
2025-08-15T16:45:00+00:00,3.876,3.893,3.875,3.882,492696.6
2025-08-15T17:00:00+00:00,3.881,3.886,3.859,3.863,501221.9
2025-08-15T17:15:00+00:00,3.863,3.910,3.847,3.894,1261357.3
2025-08-15T17:30:00+00:00,3.894,3.899,3.868,3.892,852987.7
2025-08-15T17:45:00+00:00,3.893,3.895,3.869,3.878,371551.4
2025-08-15T18:00:00+00:00,3.877,3.883,3.858,3.863,407205.4
2025-08-15T18:15:00+00:00,3.863,3.877,3.861,3.868,302566.1
2025-08-15T18:30:00+00:00,3.868,3.881,3.858,3.859,278666.2
2025-08-15T18:45:00+00:00,3.860,3.874,3.836,3.847,1059039.4
2025-08-15T19:00:00+00:00,3.846,3.858,3.833,3.855,675707.9
2025-08-15T19:15:00+00:00,3.855,3.870,3.835,3.839,455548.0
2025-08-15T19:30:00+00:00,3.839,3.847,3.827,3.836,654974.2
2025-08-15T19:45:00+00:00,3.837,3.840,3.828,3.830,589573.5
2025-08-15T20:00:00+00:00,3.829,3.843,3.818,3.840,608823.2
2025-08-15T20:15:00+00:00,3.840,3.850,3.835,3.847,300349.3
2025-08-15T20:30:00+00:00,3.847,3.861,3.843,3.849,391297.7
2025-08-15T20:45:00+00:00,3.849,3.876,3.846,3.875,407212.3
2025-08-15T21:00:00+00:00,3.875,3.888,3.873,3.874,602084.7
2025-08-15T21:15:00+00:00,3.874,3.885,3.858,3.876,313010.2
2025-08-15T21:30:00+00:00,3.876,3.877,3.860,3.868,229471.2
2025-08-15T21:45:00+00:00,3.868,3.883,3.866,3.881,129197.3
2025-08-15T22:00:00+00:00,3.881,3.884,3.871,3.876,350139.6
2025-08-15T22:15:00+00:00,3.875,3.894,3.874,3.889,271240.4
2025-08-15T22:30:00+00:00,3.889,3.905,3.886,3.903,298772.9
2025-08-15T22:45:00+00:00,3.903,3.933,3.903,3.929,642507.1
2025-08-15T23:00:00+00:00,3.929,3.935,3.894,3.895,827632.7
2025-08-15T23:15:00+00:00,3.895,3.897,3.873,3.883,501178.4
2025-08-15T23:30:00+00:00,3.882,3.886,3.873,3.877,244764.7
2025-08-15T23:45:00+00:00,3.876,3.895,3.874,3.892,237667.2
2025-08-16T00:00:00+00:00,3.892,3.916,3.886,3.915,395376.5
2025-08-16T00:15:00+00:00,3.915,3.918,3.899,3.901,263119.9
2025-08-16T00:30:00+00:00,3.901,3.940,3.899,3.937,357719.8
2025-08-16T00:45:00+00:00,3.937,3.951,3.934,3.941,458054.8
2025-08-16T01:00:00+00:00,3.940,3.945,3.926,3.942,407892.8
2025-08-16T01:15:00+00:00,3.942,3.942,3.924,3.931,304174.5
2025-08-16T01:30:00+00:00,3.931,3.942,3.928,3.936,153175.7
2025-08-16T01:45:00+00:00,3.936,3.941,3.930,3.934,170166.5
2025-08-16T02:00:00+00:00,3.934,3.935,3.920,3.931,319895.6
2025-08-16T02:15:00+00:00,3.931,3.933,3.922,3.929,138342.0
2025-08-16T02:30:00+00:00,3.928,3.932,3.919,3.922,201465.9
2025-08-16T02:45:00+00:00,3.923,3.927,3.911,3.916,253030.1
2025-08-16T03:00:00+00:00,3.917,3.930,3.908,3.928,163048.1
2025-08-16T03:15:00+00:00,3.927,3.934,3.921,3.921,193541.7
2025-08-16T03:30:00+00:00,3.921,3.926,3.912,3.913,189689.2
2025-08-16T03:45:00+00:00,3.912,3.920,3.903,3.908,206833.6
2025-08-16T04:00:00+00:00,3.907,3.911,3.903,3.909,248184.5
2025-08-16T04:15:00+00:00,3.909,3.926,3.907,3.924,212348.5
2025-08-16T04:30:00+00:00,3.924,3.930,3.918,3.924,234456.7
2025-08-16T04:45:00+00:00,3.924,3.934,3.923,3.930,171983.8
2025-08-16T05:00:00+00:00,3.929,3.929,3.917,3.922,142284.4
2025-08-16T05:15:00+00:00,3.922,3.922,3.906,3.907,163171.3
2025-08-16T05:30:00+00:00,3.907,3.911,3.894,3.901,270640.9
2025-08-16T05:45:00+00:00,3.902,3.909,3.898,3.902,228846.2
2025-08-16T06:00:00+00:00,3.903,3.904,3.892,3.895,219763.6
2025-08-16T06:15:00+00:00,3.895,3.908,3.895,3.904,181482.1
2025-08-16T06:30:00+00:00,3.903,3.906,3.887,3.897,240581.7
2025-08-16T06:45:00+00:00,3.897,3.908,3.893,3.898,304223.4
2025-08-16T07:00:00+00:00,3.899,3.911,3.895,3.908,202364.1
2025-08-16T07:15:00+00:00,3.909,3.921,3.905,3.921,191392.4
2025-08-16T07:30:00+00:00,3.922,3.935,3.917,3.932,289355.6
2025-08-16T07:45:00+00:00,3.931,3.938,3.930,3.933,291957.8
2025-08-16T08:00:00+00:00,3.933,3.943,3.931,3.939,462432.5
2025-08-16T08:15:00+00:00,3.940,3.950,3.937,3.937,309521.2
2025-08-16T08:30:00+00:00,3.938,3.946,3.936,3.944,191283.6
2025-08-16T08:45:00+00:00,3.944,3.947,3.936,3.939,118692.9
2025-08-16T09:00:00+00:00,3.938,3.947,3.931,3.946,232789.1
2025-08-16T09:15:00+00:00,3.946,3.953,3.937,3.949,292985.0
2025-08-16T09:30:00+00:00,3.949,3.964,3.948,3.955,255330.0
2025-08-16T09:45:00+00:00,3.956,3.959,3.904,3.905,704896.9
2025-08-16T10:00:00+00:00,3.904,3.927,3.893,3.923,1056047.1
2025-08-16T10:15:00+00:00,3.922,3.929,3.908,3.919,627400.3
2025-08-16T10:30:00+00:00,3.918,3.918,3.900,3.906,406501.2
2025-08-16T10:45:00+00:00,3.906,3.916,3.901,3.910,203673.6
2025-08-16T11:00:00+00:00,3.910,3.932,3.910,3.929,305815.2
2025-08-16T11:15:00+00:00,3.930,3.937,3.920,3.922,178970.5
2025-08-16T11:30:00+00:00,3.921,3.927,3.910,3.911,157156.0
2025-08-16T11:45:00+00:00,3.910,3.921,3.893,3.896,261645.5
2025-08-16T12:00:00+00:00,3.897,3.905,3.891,3.903,287928.0
2025-08-16T12:15:00+00:00,3.902,3.910,3.890,3.908,323431.6
2025-08-16T12:30:00+00:00,3.909,3.928,3.909,3.920,287362.5
2025-08-16T12:45:00+00:00,3.919,3.938,3.914,3.935,273825.5
2025-08-16T13:00:00+00:00,3.934,3.947,3.933,3.945,289012.6
2025-08-16T13:15:00+00:00,3.945,3.954,3.940,3.950,284981.1
2025-08-16T13:30:00+00:00,3.949,3.954,3.931,3.932,240295.6
2025-08-16T13:45:00+00:00,3.932,3.934,3.915,3.916,322061.7
2025-08-16T14:00:00+00:00,3.916,3.928,3.911,3.922,211869.8
2025-08-16T14:15:00+00:00,3.922,3.947,3.915,3.942,467436.1
2025-08-16T14:30:00+00:00,3.942,3.942,3.929,3.939,257732.6
2025-08-16T14:45:00+00:00,3.938,3.960,3.938,3.954,240777.3
2025-08-16T15:00:00+00:00,3.955,3.966,3.953,3.966,365519.9
2025-08-16T15:15:00+00:00,3.965,3.992,3.964,3.989,594728.5
2025-08-16T15:30:00+00:00,3.989,3.995,3.976,3.986,458313.0
2025-08-16T15:45:00+00:00,3.987,3.989,3.976,3.979,325626.1
2025-08-16T16:00:00+00:00,3.979,3.989,3.966,3.981,762441.9
2025-08-16T16:15:00+00:00,3.981,3.986,3.961,3.972,230832.3
2025-08-16T16:30:00+00:00,3.972,3.974,3.954,3.962,250260.5
2025-08-16T16:45:00+00:00,3.961,3.969,3.956,3.962,209445.4
2025-08-16T17:00:00+00:00,3.961,3.963,3.942,3.946,343079.4
2025-08-16T17:15:00+00:00,3.946,3.950,3.937,3.948,270813.1
2025-08-16T17:30:00+00:00,3.948,3.950,3.934,3.941,202588.4
2025-08-16T17:45:00+00:00,3.942,3.948,3.935,3.943,161785.7
2025-08-16T18:00:00+00:00,3.943,3.959,3.935,3.959,175753.6
2025-08-16T18:15:00+00:00,3.959,3.963,3.942,3.946,183862.0
2025-08-16T18:30:00+00:00,3.945,3.952,3.940,3.945,98064.3
2025-08-16T18:45:00+00:00,3.944,3.952,3.938,3.944,334069.9
2025-08-16T19:00:00+00:00,3.944,3.952,3.942,3.951,146753.1
2025-08-16T19:15:00+00:00,3.951,3.957,3.948,3.955,167412.1
2025-08-16T19:30:00+00:00,3.956,3.965,3.950,3.955,191034.4
2025-08-16T19:45:00+00:00,3.954,3.957,3.945,3.945,100963.0
2025-08-16T20:00:00+00:00,3.945,3.953,3.941,3.953,138084.5
2025-08-16T20:15:00+00:00,3.953,3.969,3.952,3.959,201636.4
2025-08-16T20:30:00+00:00,3.959,3.962,3.953,3.958,85389.2
2025-08-16T20:45:00+00:00,3.958,3.963,3.954,3.959,88362.5
2025-08-16T21:00:00+00:00,3.960,3.961,3.950,3.951,193357.9
2025-08-16T21:15:00+00:00,3.952,3.960,3.952,3.959,87305.9
2025-08-16T21:30:00+00:00,3.959,3.959,3.949,3.953,162113.8
2025-08-16T21:45:00+00:00,3.953,3.954,3.942,3.947,136267.5
2025-08-16T22:00:00+00:00,3.947,3.956,3.938,3.954,284556.1
2025-08-16T22:15:00+00:00,3.954,3.967,3.954,3.964,149421.7
2025-08-16T22:30:00+00:00,3.964,3.976,3.963,3.976,124206.5
2025-08-16T22:45:00+00:00,3.975,3.980,3.973,3.976,173630.3
2025-08-16T23:00:00+00:00,3.975,3.976,3.965,3.966,145765.3
2025-08-16T23:15:00+00:00,3.967,3.968,3.952,3.954,322492.6
2025-08-16T23:30:00+00:00,3.954,3.963,3.950,3.957,119861.9
2025-08-16T23:45:00+00:00,3.956,3.964,3.955,3.963,87883.1
2025-08-17T00:00:00+00:00,3.963,3.963,3.953,3.953,192760.3
2025-08-17T00:15:00+00:00,3.954,3.958,3.948,3.948,153066.2
2025-08-17T00:30:00+00:00,3.948,3.956,3.941,3.947,210894.8
2025-08-17T00:45:00+00:00,3.946,3.948,3.938,3.942,336270.8
2025-08-17T01:00:00+00:00,3.941,3.942,3.927,3.933,362954.1
2025-08-17T01:15:00+00:00,3.934,3.935,3.923,3.926,221888.6
2025-08-17T01:30:00+00:00,3.926,3.947,3.925,3.935,347630.1
2025-08-17T01:45:00+00:00,3.936,3.943,3.929,3.941,142452.4
2025-08-17T02:00:00+00:00,3.941,3.952,3.931,3.933,167720.4
2025-08-17T02:15:00+00:00,3.933,3.954,3.926,3.953,119891.1
2025-08-17T02:30:00+00:00,3.953,3.962,3.940,3.962,163525.3
2025-08-17T02:45:00+00:00,3.962,3.968,3.952,3.966,154936.8
2025-08-17T03:00:00+00:00,3.965,3.971,3.959,3.962,201336.3
2025-08-17T03:15:00+00:00,3.963,3.967,3.953,3.958,102127.1
2025-08-17T03:30:00+00:00,3.957,3.987,3.953,3.986,255121.9
2025-08-17T03:45:00+00:00,3.985,3.987,3.976,3.978,212054.0
2025-08-17T04:00:00+00:00,3.978,3.994,3.976,3.988,223642.5
2025-08-17T04:15:00+00:00,3.988,4.003,3.984,4.002,356528.1
2025-08-17T04:30:00+00:00,4.001,4.009,4.000,4.002,343126.3
2025-08-17T04:45:00+00:00,4.003,4.022,3.997,4.019,494342.1
2025-08-17T05:00:00+00:00,4.019,4.032,4.011,4.030,421330.7
2025-08-17T05:15:00+00:00,4.031,4.035,4.021,4.026,294894.4
2025-08-17T05:30:00+00:00,4.026,4.026,4.010,4.022,279723.2
2025-08-17T05:45:00+00:00,4.022,4.026,4.010,4.013,185584.2
2025-08-17T06:00:00+00:00,4.013,4.025,4.012,4.024,200949.0
2025-08-17T06:15:00+00:00,4.023,4.024,4.008,4.017,213018.8
2025-08-17T06:30:00+00:00,4.018,4.018,3.999,4.006,265064.3
2025-08-17T06:45:00+00:00,4.006,4.007,3.994,3.997,246026.8
2025-08-17T07:00:00+00:00,3.997,4.015,3.994,4.013,206948.1
2025-08-17T07:15:00+00:00,4.012,4.020,4.007,4.008,189855.8
2025-08-17T07:30:00+00:00,4.008,4.025,4.003,4.016,294600.0
2025-08-17T07:45:00+00:00,4.016,4.022,4.011,4.021,146682.4
2025-08-17T08:00:00+00:00,4.021,4.031,4.016,4.021,346991.0
2025-08-17T08:15:00+00:00,4.021,4.029,4.016,4.028,144379.7
2025-08-17T08:30:00+00:00,4.027,4.030,4.019,4.029,246042.1
2025-08-17T08:45:00+00:00,4.029,4.056,4.027,4.056,589357.5
2025-08-17T09:00:00+00:00,4.055,4.060,4.045,4.049,524237.5
2025-08-17T09:15:00+00:00,4.050,4.050,4.038,4.045,405553.4
2025-08-17T09:30:00+00:00,4.045,4.054,4.035,4.041,279215.0
2025-08-17T09:45:00+00:00,4.040,4.064,4.040,4.063,348318.5
2025-08-17T10:00:00+00:00,4.064,4.069,4.049,4.056,447794.7
2025-08-17T10:15:00+00:00,4.056,4.065,4.048,4.049,401656.1
2025-08-17T10:30:00+00:00,4.049,4.066,4.047,4.064,274056.8
2025-08-17T10:45:00+00:00,4.064,4.081,4.058,4.077,406967.3
2025-08-17T11:00:00+00:00,4.076,4.078,4.059,4.063,267042.2
2025-08-17T11:15:00+00:00,4.063,4.067,4.059,4.063,122559.2
2025-08-17T11:30:00+00:00,4.064,4.081,4.063,4.073,586614.5
2025-08-17T11:45:00+00:00,4.074,4.095,4.073,4.088,822399.3
2025-08-17T12:00:00+00:00,4.087,4.088,4.068,4.070,522453.6
2025-08-17T12:15:00+00:00,4.070,4.072,4.059,4.062,368273.2
2025-08-17T12:30:00+00:00,4.061,4.069,4.054,4.066,251366.2
2025-08-17T12:45:00+00:00,4.066,4.069,4.051,4.056,252001.1
2025-08-17T13:00:00+00:00,4.056,4.058,4.047,4.053,265190.5
2025-08-17T13:15:00+00:00,4.053,4.061,4.051,4.058,307023.3
2025-08-17T13:30:00+00:00,4.057,4.077,4.055,4.076,369895.4
2025-08-17T13:45:00+00:00,4.076,4.081,4.063,4.066,426333.6
2025-08-17T14:00:00+00:00,4.066,4.079,4.066,4.074,308412.4
2025-08-17T14:15:00+00:00,4.074,4.079,4.059,4.076,185841.0
2025-08-17T14:30:00+00:00,4.076,4.098,4.068,4.095,296204.7
2025-08-17T14:45:00+00:00,4.096,4.105,4.092,4.097,605634.6
2025-08-17T15:00:00+00:00,4.096,4.113,4.092,4.109,473809.9
2025-08-17T15:15:00+00:00,4.110,4.132,4.100,4.132,692800.6
2025-08-17T15:30:00+00:00,4.132,4.161,4.131,4.149,1559361.0
2025-08-17T15:45:00+00:00,4.150,4.170,4.150,4.170,777445.2
2025-08-17T16:00:00+00:00,4.170,4.192,4.157,4.162,1542760.9
2025-08-17T16:15:00+00:00,4.163,4.167,4.142,4.155,1026210.3
2025-08-17T16:30:00+00:00,4.155,4.162,4.129,4.151,1162941.6
2025-08-17T16:45:00+00:00,4.151,4.152,4.112,4.132,680267.3
2025-08-17T17:00:00+00:00,4.133,4.144,4.119,4.123,743084.2
2025-08-17T17:15:00+00:00,4.124,4.128,4.112,4.124,731327.7
2025-08-17T17:30:00+00:00,4.123,4.134,4.108,4.119,315196.3
2025-08-17T17:45:00+00:00,4.120,4.126,4.107,4.109,263563.3
2025-08-17T18:00:00+00:00,4.109,4.127,4.105,4.118,383218.6
2025-08-17T18:15:00+00:00,4.118,4.123,4.100,4.107,283051.9
2025-08-17T18:30:00+00:00,4.107,4.108,4.094,4.099,317809.9
2025-08-17T18:45:00+00:00,4.099,4.102,4.043,4.083,1340304.2
2025-08-17T19:00:00+00:00,4.083,4.094,4.069,4.084,597021.3
2025-08-17T19:15:00+00:00,4.084,4.088,4.077,4.084,228828.4
2025-08-17T19:30:00+00:00,4.084,4.087,4.060,4.064,387178.7
2025-08-17T19:45:00+00:00,4.064,4.072,4.054,4.061,323713.4
2025-08-17T20:00:00+00:00,4.061,4.068,4.056,4.067,299905.5
2025-08-17T20:15:00+00:00,4.066,4.070,4.059,4.068,181170.5
2025-08-17T20:30:00+00:00,4.068,4.090,4.067,4.086,450729.3
2025-08-17T20:45:00+00:00,4.086,4.086,4.068,4.070,201638.1
2025-08-17T21:00:00+00:00,4.070,4.079,4.060,4.069,336626.2
2025-08-17T21:15:00+00:00,4.069,4.071,4.058,4.066,163858.2
2025-08-17T21:30:00+00:00,4.066,4.075,4.056,4.075,126076.1
2025-08-17T21:45:00+00:00,4.075,4.077,4.059,4.062,140462.7
2025-08-17T22:00:00+00:00,4.061,4.088,4.057,4.073,339368.3
2025-08-17T22:15:00+00:00,4.073,4.095,4.071,4.089,500388.5
2025-08-17T22:30:00+00:00,4.089,4.101,4.085,4.096,302091.7
2025-08-17T22:45:00+00:00,4.097,4.101,4.082,4.087,449571.6
2025-08-17T23:00:00+00:00,4.087,4.088,4.056,4.057,609178.5
2025-08-17T23:15:00+00:00,4.057,4.084,4.054,4.063,1040439.2
2025-08-17T23:30:00+00:00,4.063,4.070,4.050,4.064,386427.5
2025-08-17T23:45:00+00:00,4.065,4.065,4.047,4.050,273297.2
2025-08-18T00:00:00+00:00,4.050,4.060,4.041,4.056,326040.0
2025-08-18T00:15:00+00:00,4.055,4.055,4.033,4.037,369336.7
2025-08-18T00:30:00+00:00,4.037,4.051,4.020,4.040,638585.9
2025-08-18T00:45:00+00:00,4.040,4.053,4.035,4.043,303697.3
2025-08-18T01:00:00+00:00,4.043,4.048,4.022,4.025,245716.3
2025-08-18T01:15:00+00:00,4.025,4.037,3.989,3.990,989445.6
2025-08-18T01:30:00+00:00,3.989,4.007,3.973,3.983,1508646.0
2025-08-18T01:45:00+00:00,3.983,3.994,3.967,3.975,666755.7
2025-08-18T02:00:00+00:00,3.975,3.983,3.932,3.958,1895847.3
2025-08-18T02:15:00+00:00,3.958,3.963,3.930,3.932,771250.7
2025-08-18T02:30:00+00:00,3.932,3.952,3.914,3.932,1012780.1
2025-08-18T02:45:00+00:00,3.933,3.933,3.880,3.888,1703703.5
2025-08-18T03:00:00+00:00,3.888,3.908,3.885,3.893,783910.1
2025-08-18T03:15:00+00:00,3.893,3.906,3.869,3.870,767582.3
2025-08-18T03:30:00+00:00,3.870,3.883,3.846,3.875,1540962.5
2025-08-18T03:45:00+00:00,3.874,3.900,3.863,3.895,993691.3
2025-08-18T04:00:00+00:00,3.896,3.896,3.872,3.887,595506.7
2025-08-18T04:15:00+00:00,3.887,3.908,3.880,3.907,407004.9
2025-08-18T04:30:00+00:00,3.907,3.923,3.902,3.905,613790.3
2025-08-18T04:45:00+00:00,3.905,3.926,3.903,3.919,334515.8
2025-08-18T05:00:00+00:00,3.918,3.929,3.913,3.925,485848.5
2025-08-18T05:15:00+00:00,3.925,3.926,3.903,3.906,206603.2
2025-08-18T05:30:00+00:00,3.905,3.908,3.879,3.889,526512.0
2025-08-18T05:45:00+00:00,3.888,3.910,3.866,3.909,916698.5
2025-08-18T06:00:00+00:00,3.908,3.909,3.878,3.879,500898.7
2025-08-18T06:15:00+00:00,3.879,3.886,3.848,3.855,1165039.3
2025-08-18T06:30:00+00:00,3.854,3.868,3.836,3.848,871725.8
2025-08-18T06:45:00+00:00,3.848,3.865,3.833,3.862,854445.9
2025-08-18T07:00:00+00:00,3.861,3.874,3.861,3.865,417604.9
2025-08-18T07:15:00+00:00,3.866,3.877,3.857,3.868,321756.8
2025-08-18T07:30:00+00:00,3.868,3.882,3.857,3.872,302920.9
2025-08-18T07:45:00+00:00,3.871,3.875,3.859,3.863,298394.7
2025-08-18T08:00:00+00:00,3.862,3.872,3.857,3.857,552882.1
2025-08-18T08:15:00+00:00,3.858,3.877,3.853,3.874,241772.7
2025-08-18T08:30:00+00:00,3.874,3.878,3.856,3.859,268731.8
2025-08-18T08:45:00+00:00,3.858,3.863,3.846,3.848,595283.6
2025-08-18T09:00:00+00:00,3.848,3.852,3.841,3.845,525568.1
2025-08-18T09:15:00+00:00,3.844,3.848,3.831,3.840,700160.5
2025-08-18T09:30:00+00:00,3.839,3.883,3.831,3.879,1261829.9
2025-08-18T09:45:00+00:00,3.878,3.892,3.873,3.883,771252.7
2025-08-18T10:00:00+00:00,3.882,3.885,3.872,3.874,653209.4
2025-08-18T10:15:00+00:00,3.874,3.888,3.873,3.874,463488.7
2025-08-18T10:30:00+00:00,3.874,3.908,3.872,3.907,595223.9
2025-08-18T10:45:00+00:00,3.907,3.908,3.892,3.901,646646.7
2025-08-18T11:00:00+00:00,3.901,3.906,3.890,3.901,598367.3
2025-08-18T11:15:00+00:00,3.900,3.907,3.895,3.902,353926.3
2025-08-18T11:30:00+00:00,3.903,3.920,3.893,3.920,518422.8
2025-08-18T11:45:00+00:00,3.920,3.925,3.901,3.917,667277.1
2025-08-18T12:00:00+00:00,3.917,3.944,3.907,3.936,796653.1
2025-08-18T12:15:00+00:00,3.937,3.946,3.922,3.925,392629.8
2025-08-18T12:30:00+00:00,3.926,3.949,3.922,3.947,599543.4
2025-08-18T12:45:00+00:00,3.947,3.967,3.939,3.966,560277.2
2025-08-18T13:00:00+00:00,3.967,3.978,3.938,3.941,767194.9
2025-08-18T13:15:00+00:00,3.941,3.957,3.929,3.946,470345.3
2025-08-18T13:30:00+00:00,3.946,3.952,3.904,3.915,741639.3
2025-08-18T13:45:00+00:00,3.914,3.931,3.890,3.893,1004591.7
2025-08-18T14:00:00+00:00,3.893,3.914,3.885,3.912,880868.2
2025-08-18T14:15:00+00:00,3.911,3.919,3.900,3.913,511846.6
2025-08-18T14:30:00+00:00,3.912,3.912,3.883,3.887,433816.8
2025-08-18T14:45:00+00:00,3.887,3.912,3.864,3.912,799672.5
2025-08-18T15:00:00+00:00,3.911,3.921,3.889,3.889,473468.0
2025-08-18T15:15:00+00:00,3.890,3.894,3.878,3.881,389880.6
2025-08-18T15:30:00+00:00,3.880,3.913,3.872,3.901,532257.4
2025-08-18T15:45:00+00:00,3.900,3.918,3.897,3.917,485939.5
2025-08-18T16:00:00+00:00,3.916,3.933,3.907,3.907,629004.8
2025-08-18T16:15:00+00:00,3.907,3.910,3.888,3.891,352459.6
2025-08-18T16:30:00+00:00,3.892,3.898,3.873,3.889,512324.5
2025-08-18T16:45:00+00:00,3.889,3.904,3.879,3.883,340234.6
2025-08-18T17:00:00+00:00,3.883,3.900,3.879,3.898,236826.5
2025-08-18T17:15:00+00:00,3.899,3.932,3.898,3.924,493229.8
2025-08-18T17:30:00+00:00,3.925,3.952,3.924,3.937,655600.5
2025-08-18T17:45:00+00:00,3.936,3.941,3.910,3.910,478458.9
2025-08-18T18:00:00+00:00,3.910,3.914,3.897,3.900,364421.1
2025-08-18T18:15:00+00:00,3.901,3.922,3.896,3.916,301029.8
2025-08-18T18:30:00+00:00,3.917,3.928,3.916,3.921,208078.8
2025-08-18T18:45:00+00:00,3.921,3.943,3.921,3.942,262029.4
2025-08-18T19:00:00+00:00,3.941,3.956,3.928,3.931,603370.3
2025-08-18T19:15:00+00:00,3.930,3.950,3.926,3.941,368146.7
2025-08-18T19:30:00+00:00,3.941,3.944,3.924,3.925,233065.6
2025-08-18T19:45:00+00:00,3.926,3.936,3.922,3.928,340449.4
2025-08-18T20:00:00+00:00,3.928,3.938,3.918,3.935,278560.6
2025-08-18T20:15:00+00:00,3.935,3.936,3.921,3.934,117858.4
2025-08-18T20:30:00+00:00,3.934,3.936,3.897,3.908,628509.0
2025-08-18T20:45:00+00:00,3.909,3.925,3.906,3.917,234759.2
2025-08-18T21:00:00+00:00,3.916,3.933,3.911,3.933,273171.6
2025-08-18T21:15:00+00:00,3.932,3.940,3.927,3.938,233893.8
2025-08-18T21:30:00+00:00,3.938,3.941,3.917,3.918,159109.4
2025-08-18T21:45:00+00:00,3.917,3.951,3.916,3.940,221027.6
2025-08-18T22:00:00+00:00,3.940,3.967,3.940,3.963,570254.2
2025-08-18T22:15:00+00:00,3.964,3.973,3.962,3.966,241654.7
2025-08-18T22:30:00+00:00,3.967,3.970,3.952,3.955,265963.0
2025-08-18T22:45:00+00:00,3.954,3.957,3.935,3.937,217206.0
2025-08-18T23:00:00+00:00,3.936,3.944,3.932,3.933,261621.4
2025-08-18T23:15:00+00:00,3.932,3.934,3.923,3.927,301948.5
2025-08-18T23:30:00+00:00,3.927,3.930,3.906,3.910,285410.1
2025-08-18T23:45:00+00:00,3.910,3.913,3.905,3.912,248820.7
2025-08-19T00:00:00+00:00,3.912,3.921,3.908,3.916,225175.8
2025-08-19T00:15:00+00:00,3.916,3.921,3.888,3.889,524732.0
2025-08-19T00:30:00+00:00,3.888,3.903,3.860,3.896,1353716.3
2025-08-19T00:45:00+00:00,3.896,3.944,3.895,3.943,564834.3
2025-08-19T01:00:00+00:00,3.943,3.959,3.930,3.930,672667.3
2025-08-19T01:15:00+00:00,3.930,3.939,3.919,3.919,331133.2
2025-08-19T01:30:00+00:00,3.919,3.920,3.897,3.901,345009.8
2025-08-19T01:45:00+00:00,3.902,3.906,3.890,3.901,299360.4
2025-08-19T02:00:00+00:00,3.902,3.905,3.890,3.897,288181.5
2025-08-19T02:15:00+00:00,3.896,3.905,3.882,3.900,247138.8
2025-08-19T02:30:00+00:00,3.900,3.912,3.890,3.895,234344.5
2025-08-19T02:45:00+00:00,3.894,3.909,3.882,3.886,199516.5
2025-08-19T03:00:00+00:00,3.887,3.889,3.863,3.883,492970.1
2025-08-19T03:15:00+00:00,3.883,3.892,3.864,3.870,377833.2
2025-08-19T03:30:00+00:00,3.870,3.871,3.810,3.827,1873508.8
2025-08-19T03:45:00+00:00,3.827,3.839,3.818,3.822,1187998.0
2025-08-19T04:00:00+00:00,3.821,3.824,3.780,3.799,2406673.1
2025-08-19T04:15:00+00:00,3.800,3.811,3.791,3.802,836370.7
2025-08-19T04:30:00+00:00,3.802,3.832,3.799,3.831,510850.6
2025-08-19T04:45:00+00:00,3.831,3.840,3.819,3.840,444472.7
2025-08-19T05:00:00+00:00,3.839,3.850,3.814,3.822,522428.9
2025-08-19T05:15:00+00:00,3.821,3.838,3.820,3.838,519059.5
2025-08-19T05:30:00+00:00,3.838,3.850,3.829,3.841,291279.7
2025-08-19T05:45:00+00:00,3.842,3.844,3.829,3.829,278192.0
2025-08-19T06:00:00+00:00,3.829,3.834,3.819,3.828,387995.2
2025-08-19T06:15:00+00:00,3.827,3.844,3.816,3.835,377339.0
2025-08-19T06:30:00+00:00,3.835,3.846,3.829,3.834,228182.4
2025-08-19T06:45:00+00:00,3.834,3.839,3.825,3.831,199886.4
2025-08-19T07:00:00+00:00,3.832,3.836,3.814,3.820,243123.7
2025-08-19T07:15:00+00:00,3.820,3.822,3.803,3.809,393082.8
2025-08-19T07:30:00+00:00,3.809,3.827,3.806,3.818,349563.9
2025-08-19T07:45:00+00:00,3.819,3.835,3.815,3.834,264776.7
2025-08-19T08:00:00+00:00,3.835,3.842,3.814,3.829,423951.4
2025-08-19T08:15:00+00:00,3.829,3.836,3.817,3.824,317230.4
2025-08-19T08:30:00+00:00,3.823,3.823,3.807,3.815,389233.7
2025-08-19T08:45:00+00:00,3.815,3.855,3.812,3.841,552463.5
2025-08-19T09:00:00+00:00,3.841,3.867,3.837,3.855,456609.3
2025-08-19T09:15:00+00:00,3.855,3.871,3.847,3.867,320019.7
2025-08-19T09:30:00+00:00,3.867,3.880,3.857,3.860,538543.5
2025-08-19T09:45:00+00:00,3.860,3.866,3.853,3.858,315637.9
2025-08-19T10:00:00+00:00,3.858,3.870,3.852,3.864,238668.9
2025-08-19T10:15:00+00:00,3.864,3.878,3.862,3.876,308485.0
2025-08-19T10:30:00+00:00,3.875,3.897,3.863,3.889,638337.2
2025-08-19T10:45:00+00:00,3.889,3.891,3.878,3.883,269287.0
2025-08-19T11:00:00+00:00,3.883,3.887,3.875,3.879,255769.1
2025-08-19T11:15:00+00:00,3.878,3.894,3.873,3.881,213585.8
2025-08-19T11:30:00+00:00,3.881,3.887,3.867,3.868,235984.2
2025-08-19T11:45:00+00:00,3.868,3.887,3.866,3.886,180816.2
2025-08-19T12:00:00+00:00,3.886,3.886,3.874,3.878,228083.9
2025-08-19T12:15:00+00:00,3.879,3.881,3.870,3.871,178105.9
2025-08-19T12:30:00+00:00,3.870,3.873,3.861,3.867,199663.2
2025-08-19T12:45:00+00:00,3.868,3.873,3.854,3.873,262842.7
2025-08-19T13:00:00+00:00,3.873,3.874,3.860,3.860,238070.0
2025-08-19T13:15:00+00:00,3.859,3.888,3.857,3.883,245016.6
2025-08-19T13:30:00+00:00,3.883,3.907,3.830,3.835,1742847.4
2025-08-19T13:45:00+00:00,3.835,3.873,3.830,3.859,917852.2
2025-08-19T14:00:00+00:00,3.859,3.872,3.839,3.842,413195.0
2025-08-19T14:15:00+00:00,3.842,3.844,3.795,3.796,1121816.3
2025-08-19T14:30:00+00:00,3.797,3.816,3.783,3.799,1636330.1
2025-08-19T14:45:00+00:00,3.800,3.816,3.794,3.802,829168.0
2025-08-19T15:00:00+00:00,3.802,3.810,3.772,3.795,1312562.3
2025-08-19T15:15:00+00:00,3.794,3.825,3.792,3.819,805791.4
2025-08-19T15:30:00+00:00,3.819,3.825,3.797,3.805,454759.2
2025-08-19T15:45:00+00:00,3.805,3.806,3.768,3.772,854835.8
2025-08-19T16:00:00+00:00,3.773,3.787,3.765,3.777,924275.2
2025-08-19T16:15:00+00:00,3.778,3.792,3.774,3.774,564309.6
2025-08-19T16:30:00+00:00,3.773,3.789,3.759,3.781,1204315.9
2025-08-19T16:45:00+00:00,3.781,3.786,3.764,3.778,890630.2
2025-08-19T17:00:00+00:00,3.777,3.788,3.745,3.781,1497183.5
2025-08-19T17:15:00+00:00,3.780,3.792,3.773,3.788,520198.1
2025-08-19T17:30:00+00:00,3.787,3.796,3.785,3.788,383826.8
2025-08-19T17:45:00+00:00,3.788,3.801,3.776,3.800,346463.9
2025-08-19T18:00:00+00:00,3.799,3.802,3.790,3.790,422919.6
2025-08-19T18:15:00+00:00,3.790,3.799,3.781,3.784,343653.2
2025-08-19T18:30:00+00:00,3.784,3.797,3.763,3.768,439294.1
2025-08-19T18:45:00+00:00,3.767,3.775,3.741,3.755,981641.2
2025-08-19T19:00:00+00:00,3.754,3.757,3.718,3.734,2039487.7
2025-08-19T19:15:00+00:00,3.734,3.777,3.727,3.770,826466.7
2025-08-19T19:30:00+00:00,3.770,3.777,3.761,3.763,442659.1
2025-08-19T19:45:00+00:00,3.763,3.768,3.735,3.738,560442.3
2025-08-19T20:00:00+00:00,3.738,3.747,3.720,3.724,687144.5
2025-08-19T20:15:00+00:00,3.724,3.759,3.722,3.753,513631.1
2025-08-19T20:30:00+00:00,3.753,3.766,3.753,3.757,242571.7
2025-08-19T20:45:00+00:00,3.758,3.774,3.757,3.774,203841.7
2025-08-19T21:00:00+00:00,3.774,3.781,3.762,3.780,290062.7
2025-08-19T21:15:00+00:00,3.780,3.782,3.761,3.772,213630.3
2025-08-19T21:30:00+00:00,3.771,3.775,3.767,3.772,221457.6
2025-08-19T21:45:00+00:00,3.772,3.782,3.768,3.780,97493.2
2025-08-19T22:00:00+00:00,3.779,3.780,3.753,3.757,353794.1
2025-08-19T22:15:00+00:00,3.757,3.768,3.750,3.766,266300.3
2025-08-19T22:30:00+00:00,3.766,3.778,3.761,3.769,137641.6
2025-08-19T22:45:00+00:00,3.769,3.770,3.754,3.756,128330.8
2025-08-19T23:00:00+00:00,3.756,3.758,3.734,3.740,374813.8
2025-08-19T23:15:00+00:00,3.740,3.747,3.722,3.728,754116.0
2025-08-19T23:30:00+00:00,3.727,3.740,3.713,3.727,714603.1
2025-08-19T23:45:00+00:00,3.728,3.729,3.709,3.717,476265.4
2025-08-20T00:00:00+00:00,3.717,3.746,3.716,3.737,565244.3
2025-08-20T00:15:00+00:00,3.738,3.745,3.715,3.725,343381.2
2025-08-20T00:30:00+00:00,3.725,3.749,3.714,3.743,464490.0
2025-08-20T00:45:00+00:00,3.743,3.750,3.737,3.738,254466.1
2025-08-20T01:00:00+00:00,3.737,3.752,3.725,3.729,433980.0
2025-08-20T01:15:00+00:00,3.729,3.741,3.714,3.716,480054.1
2025-08-20T01:30:00+00:00,3.716,3.720,3.693,3.705,1077077.7
2025-08-20T01:45:00+00:00,3.705,3.751,3.704,3.745,580693.6
2025-08-20T02:00:00+00:00,3.746,3.757,3.735,3.756,501838.4
2025-08-20T02:15:00+00:00,3.757,3.761,3.739,3.744,1331887.9
2025-08-20T02:30:00+00:00,3.744,3.744,3.732,3.739,427869.1
2025-08-20T02:45:00+00:00,3.739,3.745,3.735,3.737,283941.0
2025-08-20T03:00:00+00:00,3.737,3.749,3.728,3.728,282934.9
2025-08-20T03:15:00+00:00,3.729,3.763,3.728,3.762,270511.5
2025-08-20T03:30:00+00:00,3.762,3.775,3.745,3.749,460898.7
2025-08-20T03:45:00+00:00,3.749,3.753,3.745,3.751,225616.8
2025-08-20T04:00:00+00:00,3.751,3.771,3.750,3.767,342101.4
2025-08-20T04:15:00+00:00,3.767,3.783,3.765,3.779,304968.1
2025-08-20T04:30:00+00:00,3.780,3.784,3.768,3.774,378773.2
2025-08-20T04:45:00+00:00,3.773,3.782,3.771,3.777,166649.5
2025-08-20T05:00:00+00:00,3.776,3.776,3.765,3.769,246157.5
2025-08-20T05:15:00+00:00,3.769,3.773,3.759,3.769,354987.5
2025-08-20T05:30:00+00:00,3.769,3.774,3.763,3.771,149574.6
2025-08-20T05:45:00+00:00,3.771,3.783,3.768,3.782,203742.1
2025-08-20T06:00:00+00:00,3.782,3.784,3.755,3.755,308578.8
2025-08-20T06:15:00+00:00,3.755,3.764,3.749,3.762,260298.7
2025-08-20T06:30:00+00:00,3.761,3.778,3.759,3.775,256164.0
2025-08-20T06:45:00+00:00,3.775,3.775,3.761,3.768,237016.7
2025-08-20T07:00:00+00:00,3.768,3.780,3.764,3.776,313301.4
2025-08-20T07:15:00+00:00,3.777,3.782,3.773,3.780,396774.2
2025-08-20T07:30:00+00:00,3.780,3.787,3.772,3.773,485708.3
2025-08-20T07:45:00+00:00,3.774,3.780,3.766,3.768,224801.1
2025-08-20T08:00:00+00:00,3.768,3.783,3.762,3.780,313893.5
2025-08-20T08:15:00+00:00,3.781,3.795,3.779,3.793,399097.3
2025-08-20T08:30:00+00:00,3.794,3.806,3.791,3.804,927757.4
2025-08-20T08:45:00+00:00,3.804,3.814,3.802,3.812,441483.6
2025-08-20T09:00:00+00:00,3.813,3.813,3.800,3.808,335437.7
2025-08-20T09:15:00+00:00,3.809,3.809,3.795,3.797,220989.1
2025-08-20T09:30:00+00:00,3.798,3.812,3.792,3.807,279500.3
2025-08-20T09:45:00+00:00,3.807,3.814,3.799,3.804,330784.1
2025-08-20T10:00:00+00:00,3.804,3.810,3.793,3.796,346817.9
2025-08-20T10:15:00+00:00,3.797,3.812,3.797,3.798,278753.7
2025-08-20T10:30:00+00:00,3.798,3.801,3.792,3.795,279765.5
2025-08-20T10:45:00+00:00,3.796,3.798,3.789,3.791,304884.3
2025-08-20T11:00:00+00:00,3.792,3.795,3.776,3.778,285871.7
2025-08-20T11:15:00+00:00,3.779,3.780,3.768,3.769,392852.8
2025-08-20T11:30:00+00:00,3.769,3.771,3.733,3.740,1122442.6
2025-08-20T11:45:00+00:00,3.739,3.776,3.731,3.776,671692.8
2025-08-20T12:00:00+00:00,3.777,3.809,3.776,3.789,886255.0
2025-08-20T12:15:00+00:00,3.790,3.798,3.772,3.781,498227.9
2025-08-20T12:30:00+00:00,3.780,3.799,3.776,3.796,431834.7
2025-08-20T12:45:00+00:00,3.796,3.798,3.786,3.792,216402.0
2025-08-20T13:00:00+00:00,3.793,3.793,3.761,3.761,426275.2
2025-08-20T13:15:00+00:00,3.761,3.779,3.757,3.777,446869.8
2025-08-20T13:30:00+00:00,3.778,3.798,3.755,3.764,914511.9
2025-08-20T13:45:00+00:00,3.765,3.767,3.721,3.732,1620482.7
2025-08-20T14:00:00+00:00,3.731,3.749,3.710,3.725,1435529.8
2025-08-20T14:15:00+00:00,3.725,3.771,3.706,3.764,1182328.6
2025-08-20T14:30:00+00:00,3.765,3.805,3.765,3.789,1205412.8
2025-08-20T14:45:00+00:00,3.789,3.816,3.784,3.788,741424.6
2025-08-20T15:00:00+00:00,3.788,3.845,3.781,3.833,1554563.8
2025-08-20T15:15:00+00:00,3.833,3.864,3.832,3.850,1069722.6
2025-08-20T15:30:00+00:00,3.851,3.858,3.840,3.841,671831.9
2025-08-20T15:45:00+00:00,3.841,3.844,3.810,3.819,776431.5
2025-08-20T16:00:00+00:00,3.820,3.850,3.819,3.849,572568.2
2025-08-20T16:15:00+00:00,3.849,3.876,3.848,3.876,1003655.4
2025-08-20T16:30:00+00:00,3.876,3.877,3.849,3.856,516460.3
2025-08-20T16:45:00+00:00,3.857,3.863,3.841,3.849,308363.8
2025-08-20T17:00:00+00:00,3.849,3.861,3.843,3.846,477641.8
2025-08-20T17:15:00+00:00,3.846,3.862,3.842,3.843,228211.5
2025-08-20T17:30:00+00:00,3.842,3.881,3.841,3.881,618201.0
2025-08-20T17:45:00+00:00,3.881,3.890,3.865,3.877,599872.5
2025-08-20T18:00:00+00:00,3.877,3.878,3.832,3.834,549904.4
2025-08-20T18:15:00+00:00,3.834,3.835,3.815,3.822,730332.5
2025-08-20T18:30:00+00:00,3.822,3.847,3.815,3.842,323640.7
2025-08-20T18:45:00+00:00,3.842,3.857,3.838,3.846,281564.4
2025-08-20T19:00:00+00:00,3.846,3.870,3.842,3.862,329194.8
2025-08-20T19:15:00+00:00,3.864,3.896,3.861,3.885,478061.2
2025-08-20T19:30:00+00:00,3.885,3.891,3.874,3.882,381780.5
2025-08-20T19:45:00+00:00,3.883,3.903,3.878,3.901,400365.1
2025-08-20T20:00:00+00:00,3.901,3.901,3.888,3.891,373038.0
2025-08-20T20:15:00+00:00,3.891,3.895,3.883,3.895,180200.2
2025-08-20T20:30:00+00:00,3.894,3.900,3.883,3.895,178163.7
2025-08-20T20:45:00+00:00,3.895,3.904,3.890,3.893,264877.7
2025-08-20T21:00:00+00:00,3.893,3.900,3.888,3.900,228496.8
2025-08-20T21:15:00+00:00,3.901,3.903,3.875,3.879,387185.8
2025-08-20T21:30:00+00:00,3.880,3.900,3.875,3.898,171263.1
2025-08-20T21:45:00+00:00,3.898,3.903,3.888,3.888,282289.7
2025-08-20T22:00:00+00:00,3.889,3.901,3.884,3.887,350848.7
2025-08-20T22:15:00+00:00,3.888,3.895,3.883,3.895,136825.0
2025-08-20T22:30:00+00:00,3.895,3.897,3.886,3.895,170860.1
2025-08-20T22:45:00+00:00,3.895,3.904,3.893,3.899,191763.2
2025-08-20T23:00:00+00:00,3.898,3.899,3.888,3.890,198402.7
2025-08-20T23:15:00+00:00,3.890,3.891,3.881,3.883,137454.1
2025-08-20T23:30:00+00:00,3.883,3.892,3.878,3.891,142527.8
2025-08-20T23:45:00+00:00,3.892,3.892,3.876,3.883,175542.9
2025-08-21T00:00:00+00:00,3.883,3.885,3.867,3.867,252258.1
2025-08-21T00:15:00+00:00,3.868,3.873,3.864,3.869,175196.2
2025-08-21T00:30:00+00:00,3.869,3.890,3.868,3.881,278370.3
2025-08-21T00:45:00+00:00,3.881,3.888,3.872,3.884,171781.1
2025-08-21T01:00:00+00:00,3.884,3.887,3.875,3.879,173176.8
2025-08-21T01:15:00+00:00,3.879,3.883,3.868,3.877,191551.3
2025-08-21T01:30:00+00:00,3.877,3.888,3.873,3.886,172005.6
2025-08-21T01:45:00+00:00,3.885,3.911,3.882,3.908,433627.9
2025-08-21T02:00:00+00:00,3.908,3.919,3.876,3.877,1039968.0
2025-08-21T02:15:00+00:00,3.877,3.878,3.862,3.867,592693.0
2025-08-21T02:30:00+00:00,3.866,3.867,3.855,3.864,530746.2
2025-08-21T02:45:00+00:00,3.864,3.877,3.862,3.876,328301.2
2025-08-21T03:00:00+00:00,3.875,3.923,3.874,3.907,933622.9
2025-08-21T03:15:00+00:00,3.907,3.910,3.892,3.893,336288.6
2025-08-21T03:30:00+00:00,3.893,3.896,3.886,3.890,215774.2
2025-08-21T03:45:00+00:00,3.890,3.893,3.878,3.880,233018.6
2025-08-21T04:00:00+00:00,3.879,3.883,3.868,3.873,194379.6
2025-08-21T04:15:00+00:00,3.872,3.875,3.865,3.871,184127.4
2025-08-21T04:30:00+00:00,3.872,3.888,3.866,3.887,193501.2
2025-08-21T04:45:00+00:00,3.887,3.894,3.881,3.882,173036.5
2025-08-21T05:00:00+00:00,3.883,3.884,3.867,3.870,236842.3
2025-08-21T05:15:00+00:00,3.871,3.880,3.865,3.872,240288.1
2025-08-21T05:30:00+00:00,3.872,3.886,3.872,3.885,155915.1
2025-08-21T05:45:00+00:00,3.885,3.897,3.883,3.896,136791.7
2025-08-21T06:00:00+00:00,3.896,3.896,3.864,3.870,318959.6
2025-08-21T06:15:00+00:00,3.870,3.873,3.862,3.865,155377.6
2025-08-21T06:30:00+00:00,3.865,3.878,3.864,3.873,111682.0
2025-08-21T06:45:00+00:00,3.872,3.875,3.864,3.868,106424.2
2025-08-21T07:00:00+00:00,3.868,3.874,3.855,3.855,319920.6
2025-08-21T07:15:00+00:00,3.855,3.861,3.840,3.855,438911.2
2025-08-21T07:30:00+00:00,3.855,3.873,3.848,3.866,196256.7
2025-08-21T07:45:00+00:00,3.866,3.875,3.863,3.869,122117.2
2025-08-21T08:00:00+00:00,3.870,3.874,3.863,3.866,213866.5
2025-08-21T08:15:00+00:00,3.867,3.867,3.844,3.847,314222.7
2025-08-21T08:30:00+00:00,3.848,3.853,3.843,3.850,166229.5
2025-08-21T08:45:00+00:00,3.851,3.857,3.841,3.843,160529.0
2025-08-21T09:00:00+00:00,3.842,3.843,3.821,3.828,802926.7
2025-08-21T09:15:00+00:00,3.828,3.831,3.820,3.829,286623.3
2025-08-21T09:30:00+00:00,3.829,3.848,3.827,3.847,352901.9
2025-08-21T09:45:00+00:00,3.848,3.851,3.828,3.830,336005.4
2025-08-21T10:00:00+00:00,3.830,3.836,3.820,3.831,397418.1
2025-08-21T10:15:00+00:00,3.830,3.839,3.826,3.835,302710.1
2025-08-21T10:30:00+00:00,3.835,3.843,3.825,3.839,229475.3
2025-08-21T10:45:00+00:00,3.839,3.842,3.829,3.834,165111.3
2025-08-21T11:00:00+00:00,3.834,3.845,3.831,3.836,254584.8
2025-08-21T11:15:00+00:00,3.836,3.842,3.830,3.841,232967.0
2025-08-21T11:30:00+00:00,3.841,3.850,3.825,3.833,332673.7
2025-08-21T11:45:00+00:00,3.832,3.832,3.818,3.829,397614.3
2025-08-21T12:00:00+00:00,3.828,3.832,3.819,3.822,469864.8
2025-08-21T12:15:00+00:00,3.820,3.832,3.806,3.824,498680.2
2025-08-21T12:30:00+00:00,3.824,3.845,3.822,3.828,420287.8
2025-08-21T12:45:00+00:00,3.828,3.828,3.797,3.813,608694.8
2025-08-21T13:00:00+00:00,3.813,3.828,3.805,3.823,283538.9
2025-08-21T13:15:00+00:00,3.823,3.840,3.820,3.838,254395.4
2025-08-21T13:30:00+00:00,3.838,3.863,3.821,3.855,1120307.1
2025-08-21T13:45:00+00:00,3.855,3.857,3.826,3.830,901168.2
2025-08-21T14:00:00+00:00,3.830,3.857,3.821,3.851,615303.4
2025-08-21T14:15:00+00:00,3.851,3.871,3.847,3.865,551497.1
2025-08-21T14:30:00+00:00,3.865,3.868,3.805,3.823,624971.0
2025-08-21T14:45:00+00:00,3.824,3.834,3.810,3.824,484439.4
2025-08-21T15:00:00+00:00,3.824,3.831,3.787,3.788,1166019.5
2025-08-21T15:15:00+00:00,3.788,3.818,3.781,3.807,696091.0
2025-08-21T15:30:00+00:00,3.807,3.824,3.796,3.814,350207.2
2025-08-21T15:45:00+00:00,3.814,3.815,3.789,3.792,383097.4
2025-08-21T16:00:00+00:00,3.793,3.812,3.785,3.808,462733.6
2025-08-21T16:15:00+00:00,3.809,3.819,3.791,3.800,273149.0
2025-08-21T16:30:00+00:00,3.799,3.808,3.784,3.796,343811.6
2025-08-21T16:45:00+00:00,3.795,3.798,3.778,3.782,320612.7
2025-08-21T17:00:00+00:00,3.783,3.786,3.771,3.779,532456.2
2025-08-21T17:15:00+00:00,3.779,3.789,3.779,3.782,428332.3
2025-08-21T17:30:00+00:00,3.782,3.809,3.780,3.802,354752.7
2025-08-21T17:45:00+00:00,3.803,3.809,3.796,3.806,177430.1
2025-08-21T18:00:00+00:00,3.805,3.811,3.798,3.806,179630.9
2025-08-21T18:15:00+00:00,3.806,3.832,3.801,3.825,318151.8
2025-08-21T18:30:00+00:00,3.825,3.832,3.815,3.819,224702.3
2025-08-21T18:45:00+00:00,3.818,3.841,3.806,3.836,316765.9
2025-08-21T19:00:00+00:00,3.836,3.847,3.830,3.833,414495.4
2025-08-21T19:15:00+00:00,3.833,3.835,3.808,3.808,311019.7
2025-08-21T19:30:00+00:00,3.809,3.812,3.797,3.797,358405.2
2025-08-21T19:45:00+00:00,3.797,3.804,3.791,3.797,362242.0
2025-08-21T20:00:00+00:00,3.797,3.802,3.789,3.797,265804.4
2025-08-21T20:15:00+00:00,3.798,3.807,3.795,3.803,219058.0
2025-08-21T20:30:00+00:00,3.803,3.805,3.780,3.799,379281.7
2025-08-21T20:45:00+00:00,3.800,3.829,3.799,3.815,237101.8
2025-08-21T21:00:00+00:00,3.815,3.825,3.792,3.821,324547.5
2025-08-21T21:15:00+00:00,3.820,3.832,3.808,3.824,233037.1
2025-08-21T21:30:00+00:00,3.825,3.834,3.816,3.821,163785.1
2025-08-21T21:45:00+00:00,3.821,3.831,3.819,3.823,104384.2
2025-08-21T22:00:00+00:00,3.823,3.835,3.822,3.833,124142.5
2025-08-21T22:15:00+00:00,3.833,3.838,3.828,3.830,94036.0
2025-08-21T22:30:00+00:00,3.831,3.833,3.818,3.819,112071.6
2025-08-21T22:45:00+00:00,3.819,3.827,3.817,3.821,104306.3
2025-08-21T23:00:00+00:00,3.822,3.823,3.802,3.802,118740.9
2025-08-21T23:15:00+00:00,3.803,3.806,3.795,3.805,126948.7
2025-08-21T23:30:00+00:00,3.805,3.805,3.779,3.780,243016.2
2025-08-21T23:45:00+00:00,3.780,3.796,3.779,3.796,305343.0
2025-08-22T00:00:00+00:00,3.795,3.819,3.795,3.810,275210.9
2025-08-22T00:15:00+00:00,3.809,3.818,3.804,3.812,184799.9
2025-08-22T00:30:00+00:00,3.812,3.819,3.808,3.808,224201.4
2025-08-22T00:45:00+00:00,3.809,3.809,3.786,3.795,191745.7
2025-08-22T01:00:00+00:00,3.795,3.801,3.767,3.776,580568.0
2025-08-22T01:15:00+00:00,3.776,3.801,3.776,3.797,351026.7
2025-08-22T01:30:00+00:00,3.797,3.808,3.790,3.806,185472.9
2025-08-22T01:45:00+00:00,3.807,3.818,3.804,3.811,282872.6
2025-08-22T02:00:00+00:00,3.812,3.837,3.806,3.836,403996.9
2025-08-22T02:15:00+00:00,3.836,3.852,3.831,3.846,406267.9
2025-08-22T02:30:00+00:00,3.846,3.847,3.830,3.832,271723.8
2025-08-22T02:45:00+00:00,3.832,3.838,3.823,3.826,151600.1
2025-08-22T03:00:00+00:00,3.826,3.835,3.818,3.829,139943.1
2025-08-22T03:15:00+00:00,3.829,3.829,3.809,3.810,195617.4
2025-08-22T03:30:00+00:00,3.810,3.812,3.790,3.792,286907.3
2025-08-22T03:45:00+00:00,3.793,3.801,3.788,3.795,441993.8
2025-08-22T04:00:00+00:00,3.796,3.820,3.795,3.817,361649.8
2025-08-22T04:15:00+00:00,3.818,3.835,3.817,3.825,427201.6
2025-08-22T04:30:00+00:00,3.825,3.831,3.816,3.816,203968.7
2025-08-22T04:45:00+00:00,3.817,3.818,3.794,3.805,339596.4
2025-08-22T05:00:00+00:00,3.805,3.818,3.800,3.811,203865.7
2025-08-22T05:15:00+00:00,3.812,3.815,3.799,3.802,116135.5
2025-08-22T05:30:00+00:00,3.802,3.819,3.794,3.805,135180.2
2025-08-22T05:45:00+00:00,3.804,3.824,3.803,3.817,220842.7
2025-08-22T06:00:00+00:00,3.816,3.825,3.809,3.824,182576.9
2025-08-22T06:15:00+00:00,3.824,3.836,3.820,3.825,254538.6
2025-08-22T06:30:00+00:00,3.825,3.829,3.801,3.807,452629.4
2025-08-22T06:45:00+00:00,3.807,3.819,3.803,3.810,181408.4
2025-08-22T07:00:00+00:00,3.811,3.835,3.805,3.828,289989.6
2025-08-22T07:15:00+00:00,3.828,3.845,3.822,3.842,293265.5
2025-08-22T07:30:00+00:00,3.842,3.845,3.834,3.840,358847.7
2025-08-22T07:45:00+00:00,3.839,3.849,3.835,3.839,237944.1
2025-08-22T08:00:00+00:00,3.838,3.851,3.836,3.844,299468.8
2025-08-22T08:15:00+00:00,3.844,3.850,3.831,3.839,321153.0
2025-08-22T08:30:00+00:00,3.840,3.842,3.824,3.831,400065.6
2025-08-22T08:45:00+00:00,3.830,3.831,3.820,3.822,197189.6
2025-08-22T09:00:00+00:00,3.823,3.830,3.815,3.815,175912.6
2025-08-22T09:15:00+00:00,3.816,3.822,3.808,3.816,268186.8
2025-08-22T09:30:00+00:00,3.815,3.823,3.802,3.812,159384.9
2025-08-22T09:45:00+00:00,3.811,3.826,3.808,3.818,166656.5
2025-08-22T10:00:00+00:00,3.817,3.818,3.801,3.801,191703.3
2025-08-22T10:15:00+00:00,3.802,3.802,3.789,3.800,372070.1
2025-08-22T10:30:00+00:00,3.800,3.801,3.784,3.790,325885.4
2025-08-22T10:45:00+00:00,3.789,3.797,3.782,3.791,228833.9
2025-08-22T11:00:00+00:00,3.791,3.792,3.762,3.765,621096.2
2025-08-22T11:15:00+00:00,3.765,3.771,3.757,3.760,396492.0
2025-08-22T11:30:00+00:00,3.759,3.767,3.752,3.757,568670.5
2025-08-22T11:45:00+00:00,3.757,3.767,3.748,3.750,357109.6
2025-08-22T12:00:00+00:00,3.749,3.753,3.721,3.734,1306813.7
2025-08-22T12:15:00+00:00,3.734,3.739,3.717,3.719,699871.3
2025-08-22T12:30:00+00:00,3.720,3.723,3.685,3.722,2412871.3
2025-08-22T12:45:00+00:00,3.722,3.749,3.717,3.725,849584.3
2025-08-22T13:00:00+00:00,3.726,3.746,3.717,3.719,574968.7
2025-08-22T13:15:00+00:00,3.720,3.721,3.699,3.710,805758.1
2025-08-22T13:30:00+00:00,3.709,3.769,3.696,3.747,1458095.3
2025-08-22T13:45:00+00:00,3.748,3.764,3.727,3.734,1195291.7
2025-08-22T14:00:00+00:00,3.734,3.918,3.734,3.911,9037367.8
2025-08-22T14:15:00+00:00,3.909,3.945,3.836,3.892,7659703.7
2025-08-22T14:30:00+00:00,3.892,3.940,3.892,3.923,3735606.2
2025-08-22T14:45:00+00:00,3.922,3.958,3.920,3.927,2120048.3
2025-08-22T15:00:00+00:00,3.926,3.974,3.926,3.948,2047213.8
2025-08-22T15:15:00+00:00,3.948,3.987,3.947,3.977,1609194.4
2025-08-22T15:30:00+00:00,3.978,3.996,3.974,3.994,1394771.5
2025-08-22T15:45:00+00:00,3.993,4.003,3.957,3.958,1619659.3
2025-08-22T16:00:00+00:00,3.959,4.069,3.959,4.054,3957394.0
2025-08-22T16:15:00+00:00,4.053,4.053,4.028,4.044,1699942.7
2025-08-22T16:30:00+00:00,4.045,4.069,4.042,4.057,1010172.8
2025-08-22T16:45:00+00:00,4.056,4.060,4.031,4.040,917813.3
2025-08-22T17:00:00+00:00,4.040,4.100,4.040,4.099,1716423.5
2025-08-22T17:15:00+00:00,4.099,4.106,4.085,4.104,1711426.8
2025-08-22T17:30:00+00:00,4.104,4.109,4.057,4.078,1262249.2
2025-08-22T17:45:00+00:00,4.078,4.081,4.053,4.067,1080471.4
2025-08-22T18:00:00+00:00,4.066,4.085,4.066,4.083,840844.4
2025-08-22T18:15:00+00:00,4.082,4.088,4.051,4.067,1292370.2
2025-08-22T18:30:00+00:00,4.067,4.087,4.064,4.085,415662.8
2025-08-22T18:45:00+00:00,4.084,4.089,4.068,4.079,408944.1
2025-08-22T19:00:00+00:00,4.079,4.097,4.073,4.093,618484.7
2025-08-22T19:15:00+00:00,4.093,4.101,4.085,4.094,423312.8
2025-08-22T19:30:00+00:00,4.093,4.104,4.083,4.102,552495.2
2025-08-22T19:45:00+00:00,4.101,4.116,4.093,4.098,656416.2
2025-08-22T20:00:00+00:00,4.099,4.116,4.099,4.108,866643.7
2025-08-22T20:15:00+00:00,4.107,4.119,4.106,4.114,365730.5
2025-08-22T20:30:00+00:00,4.113,4.118,4.103,4.114,275097.2
2025-08-22T20:45:00+00:00,4.115,4.133,4.110,4.132,597428.0
2025-08-22T21:00:00+00:00,4.132,4.164,4.131,4.154,1874515.9
2025-08-22T21:15:00+00:00,4.153,4.180,4.145,4.178,1055714.3
2025-08-22T21:30:00+00:00,4.178,4.194,4.169,4.192,798034.0
2025-08-22T21:45:00+00:00,4.192,4.204,4.175,4.196,770362.4
2025-08-22T22:00:00+00:00,4.195,4.198,4.161,4.174,916753.9
2025-08-22T22:15:00+00:00,4.173,4.190,4.170,4.177,376864.5
2025-08-22T22:30:00+00:00,4.177,4.188,4.158,4.179,541187.2
2025-08-22T22:45:00+00:00,4.179,4.189,4.171,4.182,438903.3
2025-08-22T23:00:00+00:00,4.181,4.187,4.172,4.175,353583.9
2025-08-22T23:15:00+00:00,4.174,4.188,4.174,4.187,185082.9
2025-08-22T23:30:00+00:00,4.187,4.200,4.184,4.193,347096.2
2025-08-22T23:45:00+00:00,4.194,4.194,4.174,4.181,265228.9
2025-08-23T00:00:00+00:00,4.181,4.193,4.155,4.159,761090.2
2025-08-23T00:15:00+00:00,4.159,4.173,4.156,4.168,426647.5
2025-08-23T00:30:00+00:00,4.167,4.170,4.139,4.142,607830.6
2025-08-23T00:45:00+00:00,4.141,4.152,4.140,4.145,359878.1
2025-08-23T01:00:00+00:00,4.145,4.153,4.133,4.138,440641.6
2025-08-23T01:15:00+00:00,4.137,4.137,4.103,4.104,985938.3
2025-08-23T01:30:00+00:00,4.103,4.113,4.075,4.076,1065229.8
2025-08-23T01:45:00+00:00,4.076,4.117,4.076,4.112,715220.9
2025-08-23T02:00:00+00:00,4.112,4.125,4.094,4.098,393839.7
2025-08-23T02:15:00+00:00,4.099,4.105,4.060,4.060,554516.5
2025-08-23T02:30:00+00:00,4.061,4.073,4.026,4.049,1388861.7
2025-08-23T02:45:00+00:00,4.049,4.067,4.038,4.063,482850.8
2025-08-23T03:00:00+00:00,4.063,4.068,4.042,4.062,373037.2
2025-08-23T03:15:00+00:00,4.062,4.073,4.053,4.068,335934.4
2025-08-23T03:30:00+00:00,4.069,4.070,4.042,4.043,302924.1
2025-08-23T03:45:00+00:00,4.043,4.059,4.039,4.049,268172.3
2025-08-23T04:00:00+00:00,4.049,4.082,4.047,4.081,440855.3
2025-08-23T04:15:00+00:00,4.080,4.091,4.060,4.091,327038.5
2025-08-23T04:30:00+00:00,4.090,4.116,4.087,4.116,599472.8
2025-08-23T04:45:00+00:00,4.116,4.129,4.106,4.129,390466.7
2025-08-23T05:00:00+00:00,4.128,4.132,4.121,4.128,445949.4
2025-08-23T05:15:00+00:00,4.127,4.149,4.126,4.141,416054.8
2025-08-23T05:30:00+00:00,4.141,4.175,4.140,4.167,891172.8
2025-08-23T05:45:00+00:00,4.167,4.180,4.158,4.178,434626.9
2025-08-23T06:00:00+00:00,4.178,4.186,4.148,4.152,698052.2
2025-08-23T06:15:00+00:00,4.152,4.164,4.150,4.154,531622.8
2025-08-23T06:30:00+00:00,4.155,4.170,4.148,4.155,589693.8
2025-08-23T06:45:00+00:00,4.156,4.167,4.154,4.162,310985.1
2025-08-23T07:00:00+00:00,4.162,4.185,4.160,4.170,433771.2
2025-08-23T07:15:00+00:00,4.171,4.173,4.151,4.155,379241.3
2025-08-23T07:30:00+00:00,4.156,4.162,4.139,4.157,402949.8
2025-08-23T07:45:00+00:00,4.156,4.156,4.135,4.146,316429.4
2025-08-23T08:00:00+00:00,4.147,4.165,4.147,4.150,470414.2
2025-08-23T08:15:00+00:00,4.151,4.164,4.133,4.137,542924.2
2025-08-23T08:30:00+00:00,4.137,4.149,4.131,4.147,340632.5
2025-08-23T08:45:00+00:00,4.147,4.156,4.138,4.146,363781.8
2025-08-23T09:00:00+00:00,4.145,4.150,4.129,4.139,285512.9
2025-08-23T09:15:00+00:00,4.139,4.139,4.127,4.129,380029.7
2025-08-23T09:30:00+00:00,4.129,4.156,4.127,4.150,296963.9
2025-08-23T09:45:00+00:00,4.149,4.163,4.138,4.154,376056.4
2025-08-23T10:00:00+00:00,4.155,4.161,4.138,4.138,298816.3
2025-08-23T10:15:00+00:00,4.139,4.144,4.129,4.137,353777.1
2025-08-23T10:30:00+00:00,4.137,4.140,4.123,4.127,242343.7
2025-08-23T10:45:00+00:00,4.126,4.137,4.125,4.127,220740.0
2025-08-23T11:00:00+00:00,4.127,4.143,4.122,4.142,283607.5
2025-08-23T11:15:00+00:00,4.143,4.146,4.132,4.134,266291.7
2025-08-23T11:30:00+00:00,4.134,4.143,4.131,4.141,429183.7
2025-08-23T11:45:00+00:00,4.141,4.149,4.129,4.142,336249.1
2025-08-23T12:00:00+00:00,4.142,4.156,4.121,4.155,428352.8
2025-08-23T12:15:00+00:00,4.155,4.167,4.150,4.153,503790.9
2025-08-23T12:30:00+00:00,4.153,4.168,4.147,4.155,414799.1
2025-08-23T12:45:00+00:00,4.155,4.158,4.144,4.149,333944.4
2025-08-23T13:00:00+00:00,4.148,4.155,4.143,4.153,332638.8
2025-08-23T13:15:00+00:00,4.153,4.161,4.137,4.138,426599.3
2025-08-23T13:30:00+00:00,4.139,4.148,4.125,4.128,963895.5
2025-08-23T13:45:00+00:00,4.128,4.149,4.126,4.132,462949.4
2025-08-23T14:00:00+00:00,4.133,4.143,4.123,4.138,372393.0
2025-08-23T14:15:00+00:00,4.138,4.165,4.129,4.163,555055.3
2025-08-23T14:30:00+00:00,4.164,4.174,4.133,4.144,580709.2
2025-08-23T14:45:00+00:00,4.144,4.163,4.140,4.149,308110.7
2025-08-23T15:00:00+00:00,4.149,4.163,4.148,4.159,382643.3
2025-08-23T15:15:00+00:00,4.159,4.165,4.151,4.163,278167.9
2025-08-23T15:30:00+00:00,4.163,4.167,4.150,4.153,259871.2
2025-08-23T15:45:00+00:00,4.153,4.164,4.152,4.156,195099.0
2025-08-23T16:00:00+00:00,4.156,4.162,4.141,4.142,401585.2
2025-08-23T16:15:00+00:00,4.142,4.157,4.141,4.147,198090.3
2025-08-23T16:30:00+00:00,4.147,4.147,4.134,4.136,216163.7
2025-08-23T16:45:00+00:00,4.136,4.151,4.136,4.150,269361.7
2025-08-23T17:00:00+00:00,4.149,4.160,4.146,4.158,191213.3
2025-08-23T17:15:00+00:00,4.157,4.165,4.149,4.150,301180.4
2025-08-23T17:30:00+00:00,4.150,4.156,4.145,4.147,278385.1
2025-08-23T17:45:00+00:00,4.147,4.154,4.144,4.149,100139.1
2025-08-23T18:00:00+00:00,4.149,4.163,4.148,4.158,167966.0
2025-08-23T18:15:00+00:00,4.159,4.165,4.149,4.153,184210.3
2025-08-23T18:30:00+00:00,4.153,4.162,4.151,4.159,132890.4
2025-08-23T18:45:00+00:00,4.159,4.169,4.155,4.169,195269.5
2025-08-23T19:00:00+00:00,4.169,4.192,4.165,4.185,813172.6
2025-08-23T19:15:00+00:00,4.185,4.197,4.179,4.186,471087.6
2025-08-23T19:30:00+00:00,4.187,4.222,4.185,4.215,929961.5
2025-08-23T19:45:00+00:00,4.216,4.240,4.214,4.235,1373617.0
2025-08-23T20:00:00+00:00,4.236,4.267,4.222,4.227,2502927.5
2025-08-23T20:15:00+00:00,4.227,4.232,4.215,4.223,525662.6
2025-08-23T20:30:00+00:00,4.222,4.223,4.189,4.195,768653.6
2025-08-23T20:45:00+00:00,4.195,4.216,4.190,4.212,492047.7
2025-08-23T21:00:00+00:00,4.211,4.216,4.194,4.196,418723.0
2025-08-23T21:15:00+00:00,4.197,4.204,4.186,4.187,525541.1
2025-08-23T21:30:00+00:00,4.187,4.197,4.179,4.192,562685.3
2025-08-23T21:45:00+00:00,4.193,4.207,4.193,4.202,158755.4
2025-08-23T22:00:00+00:00,4.203,4.218,4.202,4.211,436393.9
2025-08-23T22:15:00+00:00,4.211,4.214,4.204,4.207,180601.3
2025-08-23T22:30:00+00:00,4.208,4.220,4.207,4.218,253198.9
2025-08-23T22:45:00+00:00,4.217,4.240,4.217,4.236,340400.5
2025-08-23T23:00:00+00:00,4.236,4.244,4.230,4.230,308142.5
2025-08-23T23:15:00+00:00,4.230,4.239,4.225,4.226,197875.1
2025-08-23T23:30:00+00:00,4.226,4.229,4.215,4.224,323490.4
2025-08-23T23:45:00+00:00,4.225,4.231,4.221,4.228,239828.4
2025-08-24T00:00:00+00:00,4.227,4.237,4.223,4.228,435186.7
2025-08-24T00:15:00+00:00,4.228,4.232,4.215,4.225,214413.8
2025-08-24T00:30:00+00:00,4.225,4.240,4.223,4.238,200786.8
2025-08-24T00:45:00+00:00,4.238,4.240,4.218,4.219,405874.1
2025-08-24T01:00:00+00:00,4.220,4.221,4.189,4.199,530659.2
2025-08-24T01:15:00+00:00,4.200,4.204,4.181,4.190,339894.4
2025-08-24T01:30:00+00:00,4.191,4.204,4.187,4.201,188005.2
2025-08-24T01:45:00+00:00,4.202,4.202,4.185,4.189,241977.6
2025-08-24T02:00:00+00:00,4.189,4.189,4.170,4.175,461910.5
2025-08-24T02:15:00+00:00,4.176,4.186,4.168,4.182,311033.3
2025-08-24T02:30:00+00:00,4.181,4.185,4.171,4.171,230849.8
2025-08-24T02:45:00+00:00,4.171,4.178,4.161,4.166,465674.4
2025-08-24T03:00:00+00:00,4.165,4.170,4.153,4.156,288687.6
2025-08-24T03:15:00+00:00,4.156,4.159,4.142,4.144,266965.7
2025-08-24T03:30:00+00:00,4.145,4.152,4.138,4.148,254415.8
2025-08-24T03:45:00+00:00,4.148,4.168,4.146,4.163,256018.3
2025-08-24T04:00:00+00:00,4.162,4.174,4.151,4.158,270833.4
2025-08-24T04:15:00+00:00,4.158,4.171,4.156,4.159,152043.9
2025-08-24T04:30:00+00:00,4.159,4.163,4.149,4.150,158745.7
2025-08-24T04:45:00+00:00,4.149,4.161,4.147,4.160,130111.2
2025-08-24T05:00:00+00:00,4.160,4.160,4.145,4.146,146221.7
2025-08-24T05:15:00+00:00,4.147,4.153,4.144,4.144,156138.0
2025-08-24T05:30:00+00:00,4.144,4.146,4.135,4.135,241006.4
2025-08-24T05:45:00+00:00,4.135,4.139,4.127,4.135,208166.2
2025-08-24T06:00:00+00:00,4.134,4.135,4.121,4.121,190075.7
2025-08-24T06:15:00+00:00,4.122,4.124,4.103,4.109,790381.8
2025-08-24T06:30:00+00:00,4.109,4.110,4.089,4.098,723909.7
2025-08-24T06:45:00+00:00,4.098,4.098,4.078,4.080,435101.9
2025-08-24T07:00:00+00:00,4.080,4.100,4.076,4.098,588044.7
2025-08-24T07:15:00+00:00,4.098,4.107,4.085,4.107,468437.3
2025-08-24T07:30:00+00:00,4.106,4.116,4.093,4.098,345137.4
2025-08-24T07:45:00+00:00,4.098,4.104,4.087,4.088,256284.5
2025-08-24T08:00:00+00:00,4.088,4.111,4.079,4.108,503692.9
2025-08-24T08:15:00+00:00,4.107,4.113,4.097,4.103,197471.7
2025-08-24T08:30:00+00:00,4.102,4.110,4.099,4.102,144635.9
2025-08-24T08:45:00+00:00,4.102,4.109,4.098,4.103,184271.4
2025-08-24T09:00:00+00:00,4.102,4.110,4.085,4.086,243957.7
2025-08-24T09:15:00+00:00,4.087,4.092,4.081,4.089,242868.3
2025-08-24T09:30:00+00:00,4.089,4.102,4.085,4.091,260883.8
2025-08-24T09:45:00+00:00,4.090,4.090,4.073,4.073,408994.9
2025-08-24T10:00:00+00:00,4.074,4.076,4.052,4.052,841205.4
2025-08-24T10:15:00+00:00,4.053,4.059,4.045,4.048,593959.6
2025-08-24T10:30:00+00:00,4.048,4.050,4.028,4.040,704289.7
2025-08-24T10:45:00+00:00,4.040,4.054,4.035,4.041,369378.2
2025-08-24T11:00:00+00:00,4.040,4.055,4.015,4.020,1520850.4
2025-08-24T11:15:00+00:00,4.020,4.033,4.013,4.031,668131.7
2025-08-24T11:30:00+00:00,4.032,4.039,4.024,4.027,323599.7
2025-08-24T11:45:00+00:00,4.027,4.040,4.026,4.035,313988.9
2025-08-24T12:00:00+00:00,4.035,4.051,4.031,4.047,368216.9
2025-08-24T12:15:00+00:00,4.046,4.051,4.038,4.046,356364.7
2025-08-24T12:30:00+00:00,4.046,4.051,4.037,4.046,234520.6
2025-08-24T12:45:00+00:00,4.046,4.055,4.037,4.055,318315.1
2025-08-24T13:00:00+00:00,4.054,4.056,4.047,4.051,331170.7
2025-08-24T13:15:00+00:00,4.050,4.062,4.048,4.057,390108.1
2025-08-24T13:30:00+00:00,4.057,4.064,4.042,4.043,295354.0
2025-08-24T13:45:00+00:00,4.044,4.047,4.031,4.035,353913.0
2025-08-24T14:00:00+00:00,4.035,4.035,4.020,4.031,568019.0
2025-08-24T14:15:00+00:00,4.031,4.056,4.031,4.041,446895.7
2025-08-24T14:30:00+00:00,4.040,4.049,4.034,4.045,232589.1
2025-08-24T14:45:00+00:00,4.044,4.063,4.042,4.060,312364.4
2025-08-24T15:00:00+00:00,4.059,4.097,4.051,4.088,1043302.2
2025-08-24T15:15:00+00:00,4.088,4.106,4.081,4.082,692609.2
2025-08-24T15:30:00+00:00,4.083,4.095,4.067,4.075,466702.4
2025-08-24T15:45:00+00:00,4.074,4.076,4.052,4.060,340919.6
2025-08-24T16:00:00+00:00,4.061,4.077,4.056,4.066,460431.2
2025-08-24T16:15:00+00:00,4.066,4.069,4.044,4.048,403506.9
2025-08-24T16:30:00+00:00,4.048,4.073,4.041,4.064,294575.6
2025-08-24T16:45:00+00:00,4.064,4.082,4.057,4.072,342346.2
2025-08-24T17:00:00+00:00,4.073,4.102,4.072,4.102,482365.8
2025-08-24T17:15:00+00:00,4.102,4.108,4.086,4.095,382498.7
2025-08-24T17:30:00+00:00,4.094,4.144,4.089,4.142,850183.2
2025-08-24T17:45:00+00:00,4.141,4.151,4.126,4.143,714100.0
2025-08-24T18:00:00+00:00,4.143,4.181,4.128,4.178,1418027.2
2025-08-24T18:15:00+00:00,4.178,4.221,4.176,4.212,1458369.4
2025-08-24T18:30:00+00:00,4.211,4.250,4.208,4.240,2020594.1
2025-08-24T18:45:00+00:00,4.239,4.268,4.236,4.251,1157502.6
2025-08-24T19:00:00+00:00,4.250,4.279,4.241,4.265,1082435.6
2025-08-24T19:15:00+00:00,4.266,4.284,4.251,4.257,1030784.6
2025-08-24T19:30:00+00:00,4.258,4.261,4.053,4.166,11288677.3
2025-08-24T19:45:00+00:00,4.167,4.171,4.088,4.135,5186242.7
2025-08-24T20:00:00+00:00,4.134,4.138,4.040,4.079,3865445.9
2025-08-24T20:15:00+00:00,4.080,4.137,4.076,4.127,1742369.6
2025-08-24T20:30:00+00:00,4.126,4.156,4.106,4.154,1063050.6
2025-08-24T20:45:00+00:00,4.153,4.156,4.117,4.119,706809.5
2025-08-24T21:00:00+00:00,4.120,4.139,4.093,4.125,1071049.2
2025-08-24T21:15:00+00:00,4.125,4.133,4.110,4.113,540981.9
2025-08-24T21:30:00+00:00,4.114,4.161,4.110,4.136,586120.0
2025-08-24T21:45:00+00:00,4.136,4.153,4.114,4.122,264561.3
2025-08-24T22:00:00+00:00,4.123,4.130,4.096,4.109,570531.4
2025-08-24T22:15:00+00:00,4.108,4.108,4.066,4.068,728067.0
2025-08-24T22:30:00+00:00,4.068,4.103,4.061,4.103,608052.2
2025-08-24T22:45:00+00:00,4.102,4.120,4.088,4.115,280202.9
2025-08-24T23:00:00+00:00,4.116,4.135,4.111,4.123,347646.2
2025-08-24T23:15:00+00:00,4.123,4.131,4.114,4.118,279667.3
2025-08-24T23:30:00+00:00,4.119,4.125,4.107,4.121,300589.5
2025-08-24T23:45:00+00:00,4.121,4.127,4.103,4.110,304909.5
2025-08-25T00:00:00+00:00,4.110,4.140,4.110,4.127,429708.8
2025-08-25T00:15:00+00:00,4.128,4.134,4.114,4.132,817554.4
2025-08-25T00:30:00+00:00,4.132,4.135,4.033,4.048,2871755.2
2025-08-25T00:45:00+00:00,4.049,4.076,4.041,4.064,727016.0
2025-08-25T01:00:00+00:00,4.063,4.076,4.057,4.067,776203.2
2025-08-25T01:15:00+00:00,4.068,4.112,4.049,4.098,1104552.6
2025-08-25T01:30:00+00:00,4.098,4.103,4.072,4.073,353934.9
2025-08-25T01:45:00+00:00,4.073,4.099,4.072,4.089,341512.6
2025-08-25T02:00:00+00:00,4.088,4.115,4.087,4.112,707167.1
2025-08-25T02:15:00+00:00,4.112,4.145,4.103,4.122,930736.0
2025-08-25T02:30:00+00:00,4.122,4.135,4.115,4.115,392843.0
2025-08-25T02:45:00+00:00,4.115,4.136,4.114,4.128,352278.4
2025-08-25T03:00:00+00:00,4.127,4.147,4.118,4.122,489100.9
2025-08-25T03:15:00+00:00,4.123,4.132,4.105,4.113,356050.9
2025-08-25T03:30:00+00:00,4.113,4.135,4.102,4.125,385125.5
2025-08-25T03:45:00+00:00,4.126,4.130,4.093,4.101,408387.1
2025-08-25T04:00:00+00:00,4.100,4.110,4.084,4.084,500346.5
2025-08-25T04:15:00+00:00,4.084,4.097,4.074,4.077,436581.6
2025-08-25T04:30:00+00:00,4.078,4.084,4.061,4.067,431589.9
2025-08-25T04:45:00+00:00,4.066,4.075,4.057,4.060,377298.4
2025-08-25T05:00:00+00:00,4.061,4.079,4.042,4.046,845550.5
2025-08-25T05:15:00+00:00,4.047,4.065,4.040,4.052,448928.7
2025-08-25T05:30:00+00:00,4.053,4.060,4.043,4.054,292038.6
2025-08-25T05:45:00+00:00,4.055,4.060,4.028,4.030,553099.4
2025-08-25T06:00:00+00:00,4.029,4.037,4.017,4.026,704388.3
2025-08-25T06:15:00+00:00,4.027,4.037,4.007,4.022,663735.4
2025-08-25T06:30:00+00:00,4.022,4.023,3.981,3.987,1569397.0
2025-08-25T06:45:00+00:00,3.986,3.987,3.965,3.967,1499798.2
2025-08-25T07:00:00+00:00,3.967,3.987,3.961,3.983,923639.1
2025-08-25T07:15:00+00:00,3.984,3.991,3.954,3.955,467056.8
2025-08-25T07:30:00+00:00,3.954,3.959,3.932,3.938,1357308.1
2025-08-25T07:45:00+00:00,3.938,3.940,3.893,3.912,2205652.8
2025-08-25T08:00:00+00:00,3.911,3.914,3.877,3.902,1669682.2
2025-08-25T08:15:00+00:00,3.902,3.931,3.902,3.914,894160.6
2025-08-25T08:30:00+00:00,3.914,3.937,3.909,3.914,800136.7
2025-08-25T08:45:00+00:00,3.914,3.936,3.912,3.925,440794.1
2025-08-25T09:00:00+00:00,3.925,3.932,3.902,3.913,722529.0
2025-08-25T09:15:00+00:00,3.913,3.922,3.897,3.898,379445.5
2025-08-25T09:30:00+00:00,3.897,3.917,3.895,3.913,539095.7
2025-08-25T09:45:00+00:00,3.913,3.921,3.903,3.920,361868.5
2025-08-25T10:00:00+00:00,3.921,3.921,3.890,3.896,529790.4
2025-08-25T10:15:00+00:00,3.896,3.903,3.850,3.866,2173783.8
2025-08-25T10:30:00+00:00,3.867,3.874,3.850,3.857,857917.3
2025-08-25T10:45:00+00:00,3.858,3.878,3.852,3.866,554462.8
2025-08-25T11:00:00+00:00,3.867,3.872,3.860,3.866,442960.9
2025-08-25T11:15:00+00:00,3.866,3.878,3.861,3.870,457366.8
2025-08-25T11:30:00+00:00,3.870,3.893,3.869,3.881,391492.2
2025-08-25T11:45:00+00:00,3.881,3.899,3.880,3.899,372041.7
2025-08-25T12:00:00+00:00,3.898,3.902,3.880,3.900,394299.8
2025-08-25T12:15:00+00:00,3.900,3.905,3.887,3.902,339593.5
2025-08-25T12:30:00+00:00,3.902,3.903,3.879,3.891,441960.1
2025-08-25T12:45:00+00:00,3.892,3.908,3.879,3.908,357931.7
2025-08-25T13:00:00+00:00,3.907,3.907,3.881,3.883,581581.2
2025-08-25T13:15:00+00:00,3.883,3.909,3.872,3.902,427871.0
2025-08-25T13:30:00+00:00,3.902,3.905,3.867,3.883,750850.4
2025-08-25T13:45:00+00:00,3.882,3.903,3.859,3.889,816776.7
2025-08-25T14:00:00+00:00,3.889,3.921,3.879,3.912,689647.3
2025-08-25T14:15:00+00:00,3.912,3.929,3.905,3.910,568390.7
2025-08-25T14:30:00+00:00,3.909,3.926,3.896,3.896,558587.0
2025-08-25T14:45:00+00:00,3.896,3.914,3.894,3.905,320672.2
2025-08-25T15:00:00+00:00,3.904,3.913,3.884,3.889,426140.0
2025-08-25T15:15:00+00:00,3.890,3.908,3.888,3.893,347824.4
2025-08-25T15:30:00+00:00,3.893,3.899,3.877,3.886,419699.9
2025-08-25T15:45:00+00:00,3.886,3.886,3.859,3.867,375825.4
2025-08-25T16:00:00+00:00,3.868,3.885,3.844,3.884,989243.9
2025-08-25T16:15:00+00:00,3.883,3.894,3.875,3.878,464407.2
2025-08-25T16:30:00+00:00,3.877,3.893,3.867,3.885,230756.8
2025-08-25T16:45:00+00:00,3.884,3.890,3.861,3.861,226156.8
2025-08-25T17:00:00+00:00,3.861,3.864,3.833,3.845,1082876.1
2025-08-25T17:15:00+00:00,3.845,3.860,3.834,3.853,426534.0
2025-08-25T17:30:00+00:00,3.853,3.859,3.835,3.838,291069.0
2025-08-25T17:45:00+00:00,3.838,3.856,3.831,3.845,400500.0
2025-08-25T18:00:00+00:00,3.846,3.858,3.828,3.855,497599.5
2025-08-25T18:15:00+00:00,3.854,3.859,3.842,3.847,278208.8
2025-08-25T18:30:00+00:00,3.848,3.857,3.833,3.844,408159.4
2025-08-25T18:45:00+00:00,3.843,3.848,3.838,3.841,201015.9
2025-08-25T19:00:00+00:00,3.841,3.849,3.827,3.835,563583.9
2025-08-25T19:15:00+00:00,3.835,3.836,3.802,3.828,1669508.4
2025-08-25T19:30:00+00:00,3.828,3.832,3.789,3.803,1504691.6
2025-08-25T19:45:00+00:00,3.802,3.815,3.768,3.776,1383447.7
2025-08-25T20:00:00+00:00,3.776,3.795,3.730,3.756,3566483.0
2025-08-25T20:15:00+00:00,3.756,3.783,3.748,3.761,1302370.3
2025-08-25T20:30:00+00:00,3.761,3.763,3.700,3.730,3606217.1
2025-08-25T20:45:00+00:00,3.731,3.744,3.700,3.700,1868896.1
2025-08-25T21:00:00+00:00,3.701,3.732,3.691,3.711,2579113.0
2025-08-25T21:15:00+00:00,3.712,3.726,3.700,3.704,1034122.2
2025-08-25T21:30:00+00:00,3.704,3.731,3.686,3.705,968184.1
2025-08-25T21:45:00+00:00,3.704,3.737,3.704,3.709,652369.1
2025-08-25T22:00:00+00:00,3.708,3.731,3.705,3.714,538219.8
2025-08-25T22:15:00+00:00,3.713,3.740,3.710,3.739,629520.8
2025-08-25T22:30:00+00:00,3.738,3.759,3.734,3.758,729644.4
2025-08-25T22:45:00+00:00,3.758,3.759,3.733,3.741,338198.6
2025-08-25T23:00:00+00:00,3.741,3.741,3.721,3.728,556850.1
2025-08-25T23:15:00+00:00,3.728,3.735,3.709,3.716,606425.6
2025-08-25T23:30:00+00:00,3.716,3.729,3.714,3.727,304261.2
2025-08-25T23:45:00+00:00,3.727,3.738,3.724,3.730,301877.9
2025-08-26T00:00:00+00:00,3.731,3.733,3.709,3.729,894242.3
2025-08-26T00:15:00+00:00,3.728,3.748,3.725,3.739,561958.4
2025-08-26T00:30:00+00:00,3.739,3.749,3.721,3.721,649435.4
2025-08-26T00:45:00+00:00,3.721,3.745,3.704,3.730,863723.0
2025-08-26T01:00:00+00:00,3.730,3.754,3.714,3.727,679433.4
2025-08-26T01:15:00+00:00,3.728,3.765,3.724,3.761,1033686.7
2025-08-26T01:30:00+00:00,3.760,3.775,3.756,3.765,421776.6
2025-08-26T01:45:00+00:00,3.766,3.789,3.764,3.789,527351.9
2025-08-26T02:00:00+00:00,3.788,3.809,3.782,3.806,508414.8
2025-08-26T02:15:00+00:00,3.806,3.808,3.776,3.791,659229.4
2025-08-26T02:30:00+00:00,3.792,3.795,3.768,3.777,361199.7
2025-08-26T02:45:00+00:00,3.776,3.786,3.764,3.776,352523.4
2025-08-26T03:00:00+00:00,3.776,3.780,3.768,3.769,238565.6
2025-08-26T03:15:00+00:00,3.770,3.792,3.760,3.785,409752.5
2025-08-26T03:30:00+00:00,3.784,3.798,3.783,3.792,211781.3
2025-08-26T03:45:00+00:00,3.791,3.792,3.783,3.787,287231.5
2025-08-26T04:00:00+00:00,3.787,3.804,3.785,3.803,417971.3
2025-08-26T04:15:00+00:00,3.803,3.811,3.793,3.799,287481.1
2025-08-26T04:30:00+00:00,3.800,3.813,3.798,3.805,298618.5
2025-08-26T04:45:00+00:00,3.805,3.810,3.794,3.800,248130.1
2025-08-26T05:00:00+00:00,3.800,3.809,3.794,3.805,196829.0
2025-08-26T05:15:00+00:00,3.804,3.809,3.796,3.800,221614.2
2025-08-26T05:30:00+00:00,3.800,3.811,3.792,3.811,236395.0
2025-08-26T05:45:00+00:00,3.811,3.812,3.789,3.790,289947.3
2025-08-26T06:00:00+00:00,3.790,3.797,3.779,3.794,324949.5
2025-08-26T06:15:00+00:00,3.793,3.801,3.765,3.777,1031266.2
2025-08-26T06:30:00+00:00,3.777,3.788,3.773,3.774,394851.4
2025-08-26T06:45:00+00:00,3.775,3.779,3.760,3.767,271817.4
2025-08-26T07:00:00+00:00,3.767,3.776,3.759,3.766,735028.7
2025-08-26T07:15:00+00:00,3.766,3.773,3.754,3.767,520695.7
2025-08-26T07:30:00+00:00,3.766,3.813,3.764,3.796,751376.6
2025-08-26T07:45:00+00:00,3.797,3.811,3.787,3.793,413342.0
2025-08-26T08:00:00+00:00,3.793,3.797,3.782,3.787,506211.8
2025-08-26T08:15:00+00:00,3.786,3.798,3.767,3.770,815158.6
2025-08-26T08:30:00+00:00,3.769,3.774,3.762,3.773,341189.7
2025-08-26T08:45:00+00:00,3.773,3.786,3.770,3.773,271564.2
2025-08-26T09:00:00+00:00,3.773,3.787,3.770,3.782,302881.3
2025-08-26T09:15:00+00:00,3.782,3.791,3.780,3.787,208044.4
2025-08-26T09:30:00+00:00,3.787,3.792,3.768,3.771,317333.5
2025-08-26T09:45:00+00:00,3.771,3.783,3.770,3.783,209205.0
2025-08-26T10:00:00+00:00,3.783,3.799,3.782,3.796,286702.3
2025-08-26T10:15:00+00:00,3.796,3.798,3.781,3.788,393168.8
2025-08-26T10:30:00+00:00,3.788,3.809,3.788,3.806,500591.9
2025-08-26T10:45:00+00:00,3.807,3.812,3.789,3.797,467176.0
2025-08-26T11:00:00+00:00,3.796,3.803,3.786,3.787,403402.0
2025-08-26T11:15:00+00:00,3.788,3.788,3.771,3.772,310157.4
2025-08-26T11:30:00+00:00,3.773,3.774,3.758,3.772,424759.9
2025-08-26T11:45:00+00:00,3.772,3.780,3.764,3.780,159601.7
2025-08-26T12:00:00+00:00,3.779,3.779,3.757,3.764,343713.2
2025-08-26T12:15:00+00:00,3.764,3.778,3.760,3.776,254623.1
2025-08-26T12:30:00+00:00,3.776,3.853,3.775,3.834,2244314.6
2025-08-26T12:45:00+00:00,3.834,3.853,3.782,3.823,1774906.0
2025-08-26T13:00:00+00:00,3.823,3.823,3.799,3.800,1050547.9
2025-08-26T13:15:00+00:00,3.800,3.810,3.794,3.804,518085.1
2025-08-26T13:30:00+00:00,3.805,3.836,3.796,3.809,1403930.4
2025-08-26T13:45:00+00:00,3.810,3.813,3.759,3.807,1603100.4
2025-08-26T14:00:00+00:00,3.807,3.816,3.783,3.786,879474.6
2025-08-26T14:15:00+00:00,3.785,3.831,3.784,3.818,1562920.7
2025-08-26T14:30:00+00:00,3.818,3.832,3.814,3.829,774154.2
2025-08-26T14:45:00+00:00,3.829,3.850,3.819,3.837,613538.8
2025-08-26T15:00:00+00:00,3.836,3.852,3.819,3.822,733842.1
2025-08-26T15:15:00+00:00,3.822,3.842,3.814,3.827,518038.0
2025-08-26T15:30:00+00:00,3.827,3.827,3.800,3.804,594338.8
2025-08-26T15:45:00+00:00,3.804,3.816,3.803,3.811,278511.0
2025-08-26T16:00:00+00:00,3.811,3.825,3.802,3.807,226387.9
2025-08-26T16:15:00+00:00,3.806,3.829,3.806,3.824,412150.8
2025-08-26T16:30:00+00:00,3.823,3.837,3.821,3.832,335263.0
2025-08-26T16:45:00+00:00,3.832,3.849,3.831,3.848,505102.6
2025-08-26T17:00:00+00:00,3.847,3.849,3.823,3.833,411733.0
2025-08-26T17:15:00+00:00,3.833,3.842,3.827,3.836,176261.6
2025-08-26T17:30:00+00:00,3.836,3.838,3.811,3.816,278741.6
2025-08-26T17:45:00+00:00,3.817,3.829,3.809,3.829,391089.9
2025-08-26T18:00:00+00:00,3.829,3.840,3.827,3.831,254061.2
2025-08-26T18:15:00+00:00,3.832,3.848,3.828,3.847,341193.1
2025-08-26T18:30:00+00:00,3.846,3.863,3.842,3.857,399231.7
2025-08-26T18:45:00+00:00,3.857,3.865,3.851,3.856,372661.2
2025-08-26T19:00:00+00:00,3.856,3.861,3.846,3.861,293857.5
2025-08-26T19:15:00+00:00,3.860,3.887,3.858,3.885,673056.4
2025-08-26T19:30:00+00:00,3.885,3.889,3.879,3.881,368389.9
2025-08-26T19:45:00+00:00,3.882,3.913,3.880,3.906,714910.7
2025-08-26T20:00:00+00:00,3.905,3.922,3.892,3.921,697679.4
2025-08-26T20:15:00+00:00,3.921,3.921,3.908,3.913,364259.6
2025-08-26T20:30:00+00:00,3.914,3.914,3.890,3.896,467831.2
2025-08-26T20:45:00+00:00,3.896,3.902,3.884,3.895,423630.5
2025-08-26T21:00:00+00:00,3.895,3.897,3.883,3.886,520655.3
2025-08-26T21:15:00+00:00,3.887,3.893,3.878,3.882,203561.0
2025-08-26T21:30:00+00:00,3.881,3.899,3.881,3.890,260446.9
2025-08-26T21:45:00+00:00,3.890,3.906,3.887,3.903,226544.2
2025-08-26T22:00:00+00:00,3.903,3.911,3.889,3.897,414770.6
2025-08-26T22:15:00+00:00,3.898,3.904,3.883,3.888,348248.6
2025-08-26T22:30:00+00:00,3.888,3.896,3.880,3.885,341798.2
2025-08-26T22:45:00+00:00,3.885,3.896,3.881,3.895,365524.8
2025-08-26T23:00:00+00:00,3.895,3.910,3.888,3.903,537446.4
2025-08-26T23:15:00+00:00,3.903,3.904,3.889,3.891,164162.6
2025-08-26T23:30:00+00:00,3.891,3.894,3.880,3.892,267785.2
2025-08-26T23:45:00+00:00,3.892,3.894,3.882,3.886,194794.2
2025-08-27T00:00:00+00:00,3.886,3.890,3.878,3.880,263637.1
2025-08-27T00:15:00+00:00,3.879,3.890,3.874,3.881,285377.6
2025-08-27T00:30:00+00:00,3.880,3.890,3.876,3.879,196427.2
2025-08-27T00:45:00+00:00,3.878,3.881,3.863,3.869,303470.3
2025-08-27T01:00:00+00:00,3.868,3.870,3.853,3.863,328380.6
2025-08-27T01:15:00+00:00,3.863,3.865,3.853,3.856,207565.8
2025-08-27T01:30:00+00:00,3.858,3.867,3.848,3.851,260394.5
2025-08-27T01:45:00+00:00,3.852,3.872,3.850,3.870,283409.4
2025-08-27T02:00:00+00:00,3.871,3.872,3.846,3.853,223417.2
2025-08-27T02:15:00+00:00,3.852,3.885,3.852,3.869,322539.8
2025-08-27T02:30:00+00:00,3.869,3.886,3.868,3.883,153233.4
2025-08-27T02:45:00+00:00,3.884,3.886,3.871,3.872,141257.9
2025-08-27T03:00:00+00:00,3.871,3.877,3.860,3.863,205716.7
2025-08-27T03:15:00+00:00,3.863,3.865,3.852,3.859,237749.9
2025-08-27T03:30:00+00:00,3.858,3.870,3.858,3.864,228733.0
2025-08-27T03:45:00+00:00,3.864,3.910,3.864,3.891,877711.1
2025-08-27T04:00:00+00:00,3.890,3.921,3.885,3.909,539125.7
2025-08-27T04:15:00+00:00,3.909,3.922,3.896,3.898,421915.3
2025-08-27T04:30:00+00:00,3.898,3.912,3.895,3.909,273542.0
2025-08-27T04:45:00+00:00,3.909,3.924,3.908,3.919,355719.3
2025-08-27T05:00:00+00:00,3.919,3.924,3.904,3.919,391208.0
2025-08-27T05:15:00+00:00,3.918,3.923,3.900,3.905,421877.4
2025-08-27T05:30:00+00:00,3.905,3.906,3.891,3.897,287355.3
2025-08-27T05:45:00+00:00,3.897,3.900,3.890,3.896,156252.9
2025-08-27T06:00:00+00:00,3.896,3.898,3.885,3.889,222724.6
2025-08-27T06:15:00+00:00,3.889,3.900,3.879,3.894,364377.3
2025-08-27T06:30:00+00:00,3.893,3.903,3.885,3.885,244492.6
2025-08-27T06:45:00+00:00,3.885,3.886,3.875,3.877,143059.2
2025-08-27T07:00:00+00:00,3.878,3.878,3.865,3.870,470804.6
2025-08-27T07:15:00+00:00,3.870,3.872,3.857,3.859,294312.2
2025-08-27T07:30:00+00:00,3.859,3.866,3.853,3.859,275266.5
2025-08-27T07:45:00+00:00,3.859,3.872,3.846,3.850,756324.5
2025-08-27T08:00:00+00:00,3.851,3.864,3.851,3.857,246415.6
2025-08-27T08:15:00+00:00,3.856,3.858,3.845,3.849,218209.2
2025-08-27T08:30:00+00:00,3.849,3.861,3.846,3.851,240850.2
2025-08-27T08:45:00+00:00,3.851,3.868,3.836,3.867,400308.7
2025-08-27T09:00:00+00:00,3.867,3.884,3.862,3.870,425174.0
2025-08-27T09:15:00+00:00,3.870,3.882,3.870,3.876,236793.8
2025-08-27T09:30:00+00:00,3.877,3.885,3.867,3.870,209824.9
2025-08-27T09:45:00+00:00,3.871,3.872,3.863,3.865,105541.7
2025-08-27T10:00:00+00:00,3.864,3.872,3.861,3.871,300130.9
2025-08-27T10:15:00+00:00,3.870,3.878,3.860,3.870,310728.1
2025-08-27T10:30:00+00:00,3.869,3.874,3.853,3.861,190470.6
2025-08-27T10:45:00+00:00,3.861,3.868,3.858,3.865,148963.3
2025-08-27T11:00:00+00:00,3.864,3.878,3.864,3.877,199947.2
2025-08-27T11:15:00+00:00,3.876,3.879,3.868,3.872,227342.6
2025-08-27T11:30:00+00:00,3.873,3.885,3.872,3.875,161390.0
2025-08-27T11:45:00+00:00,3.876,3.888,3.875,3.882,182062.3
2025-08-27T12:00:00+00:00,3.882,3.893,3.869,3.879,274355.4
2025-08-27T12:15:00+00:00,3.880,3.882,3.863,3.866,241030.3
2025-08-27T12:30:00+00:00,3.865,3.874,3.858,3.860,181396.4
2025-08-27T12:45:00+00:00,3.861,3.879,3.861,3.876,133743.9
2025-08-27T13:00:00+00:00,3.877,3.878,3.855,3.868,254863.8
2025-08-27T13:15:00+00:00,3.868,3.880,3.863,3.873,186206.4
2025-08-27T13:30:00+00:00,3.874,3.909,3.854,3.888,916199.2
2025-08-27T13:45:00+00:00,3.888,3.899,3.870,3.873,589180.6
2025-08-27T14:00:00+00:00,3.873,3.892,3.862,3.885,504149.6
2025-08-27T14:15:00+00:00,3.885,3.906,3.879,3.903,472545.4
2025-08-27T14:30:00+00:00,3.903,3.933,3.901,3.916,1259329.6
2025-08-27T14:45:00+00:00,3.916,3.921,3.897,3.902,929391.6
2025-08-27T15:00:00+00:00,3.902,3.925,3.895,3.922,610919.2
2025-08-27T15:15:00+00:00,3.922,3.931,3.902,3.910,553977.1
2025-08-27T15:30:00+00:00,3.909,3.913,3.895,3.904,533462.7
2025-08-27T15:45:00+00:00,3.905,3.913,3.900,3.911,288528.4
2025-08-27T16:00:00+00:00,3.911,3.914,3.886,3.891,399413.5
2025-08-27T16:15:00+00:00,3.892,3.910,3.877,3.886,486263.4
2025-08-27T16:30:00+00:00,3.885,3.886,3.868,3.884,372304.9
2025-08-27T16:45:00+00:00,3.884,3.904,3.880,3.893,277536.1
2025-08-27T17:00:00+00:00,3.893,3.895,3.876,3.881,265416.2
2025-08-27T17:15:00+00:00,3.882,3.902,3.876,3.898,281523.1
2025-08-27T17:30:00+00:00,3.899,3.906,3.893,3.903,210809.3
2025-08-27T17:45:00+00:00,3.903,3.911,3.899,3.907,222797.1
2025-08-27T18:00:00+00:00,3.906,3.915,3.903,3.913,249196.4
2025-08-27T18:15:00+00:00,3.913,3.916,3.901,3.906,275395.6
2025-08-27T18:30:00+00:00,3.907,3.907,3.893,3.896,224380.7
2025-08-27T18:45:00+00:00,3.896,3.906,3.881,3.881,277117.2
2025-08-27T19:00:00+00:00,3.882,3.890,3.841,3.853,1142515.9
2025-08-27T19:15:00+00:00,3.853,3.877,3.849,3.871,332182.5
2025-08-27T19:30:00+00:00,3.871,3.885,3.870,3.875,184560.5
2025-08-27T19:45:00+00:00,3.874,3.875,3.863,3.865,238235.6
2025-08-27T20:00:00+00:00,3.865,3.868,3.822,3.855,1147695.1
2025-08-27T20:15:00+00:00,3.855,3.910,3.830,3.890,6417155.3
2025-08-27T20:30:00+00:00,3.890,3.909,3.882,3.902,1407132.2
2025-08-27T20:45:00+00:00,3.901,3.908,3.885,3.903,409320.2
2025-08-27T21:00:00+00:00,3.904,3.913,3.888,3.894,480670.1
2025-08-27T21:15:00+00:00,3.894,3.899,3.880,3.888,468644.4
2025-08-27T21:30:00+00:00,3.887,3.897,3.869,3.882,280653.0
2025-08-27T21:45:00+00:00,3.881,3.885,3.857,3.865,331135.9
2025-08-27T22:00:00+00:00,3.866,3.866,3.830,3.840,626035.8
2025-08-27T22:15:00+00:00,3.839,3.851,3.833,3.845,290126.9
2025-08-27T22:30:00+00:00,3.844,3.875,3.842,3.875,288424.6
2025-08-27T22:45:00+00:00,3.874,3.874,3.854,3.858,143905.5
2025-08-27T23:00:00+00:00,3.858,3.861,3.843,3.843,250166.7
2025-08-27T23:15:00+00:00,3.844,3.853,3.836,3.847,301649.5
2025-08-27T23:30:00+00:00,3.847,3.853,3.830,3.831,247557.4
2025-08-27T23:45:00+00:00,3.832,3.837,3.827,3.837,207438.9
2025-08-28T00:00:00+00:00,3.836,3.854,3.829,3.850,313203.3
2025-08-28T00:15:00+00:00,3.851,3.856,3.816,3.829,473509.7
2025-08-28T00:30:00+00:00,3.828,3.834,3.806,3.833,435970.6
2025-08-28T00:45:00+00:00,3.832,3.850,3.822,3.836,321035.2
2025-08-28T01:00:00+00:00,3.836,3.855,3.834,3.852,280904.6
2025-08-28T01:15:00+00:00,3.851,3.862,3.846,3.849,331958.1
2025-08-28T01:30:00+00:00,3.849,3.872,3.848,3.860,337854.1
2025-08-28T01:45:00+00:00,3.860,3.869,3.856,3.861,127818.4
2025-08-28T02:00:00+00:00,3.861,3.868,3.853,3.853,231274.3
2025-08-28T02:15:00+00:00,3.853,3.874,3.848,3.869,146918.0
2025-08-28T02:30:00+00:00,3.869,3.875,3.850,3.850,184916.2
2025-08-28T02:45:00+00:00,3.851,3.857,3.842,3.848,158916.3
2025-08-28T03:00:00+00:00,3.847,3.868,3.841,3.863,317530.4
2025-08-28T03:15:00+00:00,3.864,3.871,3.855,3.862,152701.4
2025-08-28T03:30:00+00:00,3.863,3.875,3.861,3.871,274144.9
2025-08-28T03:45:00+00:00,3.871,3.877,3.861,3.873,191990.5
2025-08-28T04:00:00+00:00,3.874,3.887,3.865,3.884,297562.4
2025-08-28T04:15:00+00:00,3.885,3.889,3.874,3.879,250364.1
2025-08-28T04:30:00+00:00,3.880,3.896,3.876,3.891,329179.0
2025-08-28T04:45:00+00:00,3.891,3.929,3.889,3.915,1294145.1
2025-08-28T05:00:00+00:00,3.914,3.937,3.912,3.928,773970.5
2025-08-28T05:15:00+00:00,3.928,3.941,3.915,3.924,560735.9
2025-08-28T05:30:00+00:00,3.924,3.931,3.918,3.921,293309.3
2025-08-28T05:45:00+00:00,3.922,3.937,3.917,3.932,373643.2
2025-08-28T06:00:00+00:00,3.933,3.934,3.911,3.916,527307.7
2025-08-28T06:15:00+00:00,3.916,3.929,3.915,3.929,261753.6
2025-08-28T06:30:00+00:00,3.929,3.932,3.921,3.927,232535.9
2025-08-28T06:45:00+00:00,3.927,3.930,3.919,3.928,148615.4
2025-08-28T07:00:00+00:00,3.929,3.931,3.919,3.921,222594.3
2025-08-28T07:15:00+00:00,3.921,3.924,3.903,3.909,559534.2
2025-08-28T07:30:00+00:00,3.910,3.916,3.901,3.914,232446.8
2025-08-28T07:45:00+00:00,3.914,3.936,3.914,3.933,289436.0
2025-08-28T08:00:00+00:00,3.933,3.962,3.932,3.946,1285538.5
2025-08-28T08:15:00+00:00,3.946,3.961,3.940,3.941,863364.6
2025-08-28T08:30:00+00:00,3.942,3.977,3.939,3.977,1170092.5
2025-08-28T08:45:00+00:00,3.976,3.989,3.958,3.976,1315987.9
2025-08-28T09:00:00+00:00,3.976,3.982,3.948,3.948,636754.5
2025-08-28T09:15:00+00:00,3.949,3.953,3.942,3.952,327202.6
2025-08-28T09:30:00+00:00,3.952,3.954,3.936,3.940,308062.8
2025-08-28T09:45:00+00:00,3.940,3.945,3.931,3.935,364783.5
2025-08-28T10:00:00+00:00,3.935,3.947,3.929,3.945,468807.9
2025-08-28T10:15:00+00:00,3.945,3.950,3.933,3.948,203005.3
2025-08-28T10:30:00+00:00,3.949,3.959,3.947,3.953,201704.8
2025-08-28T10:45:00+00:00,3.953,3.964,3.946,3.961,123948.6
2025-08-28T11:00:00+00:00,3.961,3.962,3.947,3.949,296374.9
2025-08-28T11:15:00+00:00,3.948,3.953,3.943,3.950,534344.2
2025-08-28T11:30:00+00:00,3.950,3.959,3.942,3.944,262183.0
2025-08-28T11:45:00+00:00,3.944,3.964,3.940,3.963,239123.4
2025-08-28T12:00:00+00:00,3.963,3.977,3.957,3.969,380454.9
2025-08-28T12:15:00+00:00,3.970,3.974,3.962,3.973,714426.2
2025-08-28T12:30:00+00:00,3.973,3.985,3.962,3.981,767467.4
2025-08-28T12:45:00+00:00,3.980,3.982,3.965,3.969,391887.2
2025-08-28T13:00:00+00:00,3.970,3.971,3.959,3.965,305251.2
2025-08-28T13:15:00+00:00,3.965,3.984,3.961,3.968,319416.2
2025-08-28T13:30:00+00:00,3.967,3.981,3.956,3.969,683830.4
2025-08-28T13:45:00+00:00,3.970,3.971,3.947,3.969,1120646.5
2025-08-28T14:00:00+00:00,3.969,3.997,3.960,3.989,980860.7
2025-08-28T14:15:00+00:00,3.989,4.003,3.966,3.974,699837.1
2025-08-28T14:30:00+00:00,3.974,3.998,3.965,3.990,485781.6
2025-08-28T14:45:00+00:00,3.990,4.016,3.986,4.008,775639.3
2025-08-28T15:00:00+00:00,4.008,4.021,3.991,4.000,723947.2
2025-08-28T15:15:00+00:00,4.000,4.015,3.975,3.983,649489.7
2025-08-28T15:30:00+00:00,3.983,3.992,3.967,3.974,360262.7
2025-08-28T15:45:00+00:00,3.974,3.974,3.945,3.956,738471.6
2025-08-28T16:00:00+00:00,3.956,3.974,3.951,3.973,450155.2
2025-08-28T16:15:00+00:00,3.973,3.984,3.967,3.972,361152.9
2025-08-28T16:30:00+00:00,3.972,3.974,3.957,3.959,218965.1
2025-08-28T16:45:00+00:00,3.959,3.961,3.894,3.899,1235668.2
2025-08-28T17:00:00+00:00,3.899,3.925,3.891,3.924,1145748.1
2025-08-28T17:15:00+00:00,3.925,3.939,3.914,3.933,617241.4
2025-08-28T17:30:00+00:00,3.934,3.936,3.916,3.921,584530.6
2025-08-28T17:45:00+00:00,3.921,3.934,3.915,3.929,289792.6
2025-08-28T18:00:00+00:00,3.928,3.933,3.917,3.920,346516.8
2025-08-28T18:15:00+00:00,3.920,3.937,3.912,3.935,285019.2
2025-08-28T18:30:00+00:00,3.936,3.947,3.934,3.937,190873.0
2025-08-28T18:45:00+00:00,3.936,3.938,3.922,3.923,178955.7
2025-08-28T19:00:00+00:00,3.924,3.944,3.924,3.931,261565.8
2025-08-28T19:15:00+00:00,3.931,3.932,3.912,3.922,265684.3
2025-08-28T19:30:00+00:00,3.923,3.927,3.894,3.899,467289.7
2025-08-28T19:45:00+00:00,3.899,3.907,3.880,3.881,690084.2
2025-08-28T20:00:00+00:00,3.881,3.903,3.871,3.900,657375.6
2025-08-28T20:15:00+00:00,3.899,3.916,3.897,3.907,283770.3
2025-08-28T20:30:00+00:00,3.907,3.915,3.901,3.913,200026.1
2025-08-28T20:45:00+00:00,3.912,3.919,3.904,3.911,180971.1
2025-08-28T21:00:00+00:00,3.911,3.923,3.909,3.922,143793.1
2025-08-28T21:15:00+00:00,3.923,3.935,3.914,3.928,399343.5
2025-08-28T21:30:00+00:00,3.928,3.939,3.925,3.934,199215.3
2025-08-28T21:45:00+00:00,3.933,3.942,3.933,3.941,86979.4
2025-08-28T22:00:00+00:00,3.941,3.960,3.940,3.959,224504.3
2025-08-28T22:15:00+00:00,3.960,3.976,3.957,3.976,232868.5
2025-08-28T22:30:00+00:00,3.977,3.992,3.977,3.990,722603.9
2025-08-28T22:45:00+00:00,3.990,4.000,3.985,3.999,341019.3
2025-08-28T23:00:00+00:00,3.998,4.004,3.974,3.981,604432.8
2025-08-28T23:15:00+00:00,3.981,3.988,3.970,3.980,460953.8
2025-08-28T23:30:00+00:00,3.980,3.984,3.968,3.974,294393.2
2025-08-28T23:45:00+00:00,3.974,3.984,3.972,3.979,174583.0
2025-08-29T00:00:00+00:00,3.979,3.989,3.976,3.979,441511.5
2025-08-29T00:15:00+00:00,3.979,4.002,3.975,3.997,495038.7
2025-08-29T00:30:00+00:00,3.997,3.998,3.965,3.968,591468.1
2025-08-29T00:45:00+00:00,3.967,3.975,3.960,3.975,315706.4
2025-08-29T01:00:00+00:00,3.975,3.978,3.942,3.951,661049.8
2025-08-29T01:15:00+00:00,3.951,3.952,3.921,3.929,579492.6
2025-08-29T01:30:00+00:00,3.930,3.947,3.925,3.940,393073.8
2025-08-29T01:45:00+00:00,3.940,3.942,3.928,3.932,194115.3
2025-08-29T02:00:00+00:00,3.932,3.954,3.923,3.950,433032.7
2025-08-29T02:15:00+00:00,3.949,3.976,3.943,3.962,319747.7
2025-08-29T02:30:00+00:00,3.963,3.964,3.941,3.946,317887.8
2025-08-29T02:45:00+00:00,3.946,3.951,3.939,3.944,177760.3
2025-08-29T03:00:00+00:00,3.944,3.952,3.930,3.935,278094.1
2025-08-29T03:15:00+00:00,3.935,3.950,3.931,3.948,218646.4
2025-08-29T03:30:00+00:00,3.948,3.960,3.940,3.951,282999.0
2025-08-29T03:45:00+00:00,3.951,3.963,3.948,3.951,157540.2
2025-08-29T04:00:00+00:00,3.950,3.955,3.939,3.943,231113.7
2025-08-29T04:15:00+00:00,3.943,3.959,3.942,3.954,182147.9
2025-08-29T04:30:00+00:00,3.953,3.954,3.937,3.944,166133.9
2025-08-29T04:45:00+00:00,3.943,3.948,3.920,3.926,390235.0
2025-08-29T05:00:00+00:00,3.926,3.929,3.913,3.915,381101.2
2025-08-29T05:15:00+00:00,3.915,3.916,3.904,3.912,530944.7
2025-08-29T05:30:00+00:00,3.911,3.941,3.901,3.928,2298630.1
2025-08-29T05:45:00+00:00,3.927,3.934,3.914,3.921,676988.5
2025-08-29T06:00:00+00:00,3.921,3.930,3.904,3.904,311055.0
2025-08-29T06:15:00+00:00,3.903,3.905,3.890,3.892,234075.8
2025-08-29T06:30:00+00:00,3.892,3.920,3.870,3.911,1208458.7
2025-08-29T06:45:00+00:00,3.910,3.923,3.901,3.904,2288997.3
2025-08-29T07:00:00+00:00,3.905,3.905,3.830,3.830,1859296.6
2025-08-29T07:15:00+00:00,3.830,3.840,3.816,3.826,1192708.6
2025-08-29T07:30:00+00:00,3.826,3.845,3.824,3.825,788098.2
2025-08-29T07:45:00+00:00,3.824,3.829,3.806,3.812,815258.5
2025-08-29T08:00:00+00:00,3.812,3.823,3.787,3.794,1011198.8
2025-08-29T08:15:00+00:00,3.795,3.801,3.782,3.793,855764.0
2025-08-29T08:30:00+00:00,3.793,3.804,3.785,3.785,617103.1
2025-08-29T08:45:00+00:00,3.786,3.793,3.766,3.773,752473.0
2025-08-29T09:00:00+00:00,3.773,3.773,3.746,3.768,1278849.2
2025-08-29T09:15:00+00:00,3.768,3.792,3.763,3.792,662235.9
2025-08-29T09:30:00+00:00,3.791,3.793,3.779,3.788,433300.8
2025-08-29T09:45:00+00:00,3.789,3.806,3.786,3.800,381763.5
2025-08-29T10:00:00+00:00,3.799,3.820,3.797,3.808,647287.4
2025-08-29T10:15:00+00:00,3.808,3.820,3.801,3.816,375001.5
2025-08-29T10:30:00+00:00,3.815,3.815,3.804,3.806,269545.4
2025-08-29T10:45:00+00:00,3.806,3.809,3.790,3.804,561940.4
2025-08-29T11:00:00+00:00,3.804,3.830,3.790,3.829,1121168.6
2025-08-29T11:15:00+00:00,3.828,3.832,3.818,3.822,552537.9
2025-08-29T11:30:00+00:00,3.822,3.824,3.814,3.819,421804.7
2025-08-29T11:45:00+00:00,3.819,3.825,3.811,3.815,147885.2
2025-08-29T12:00:00+00:00,3.825,3.837,3.820,3.835,390143.4
2025-08-29T12:15:00+00:00,3.835,3.837,3.823,3.830,466333.0
2025-08-29T12:30:00+00:00,3.830,3.914,3.829,3.852,3701249.5
2025-08-29T12:45:00+00:00,3.852,3.870,3.844,3.855,556106.0
2025-08-29T13:00:00+00:00,3.855,3.859,3.839,3.849,372269.5
2025-08-29T13:15:00+00:00,3.848,3.851,3.831,3.844,343703.7
2025-08-29T13:30:00+00:00,3.845,3.848,3.801,3.815,1411942.2
2025-08-29T13:45:00+00:00,3.816,3.823,3.780,3.806,1657755.4
2025-08-29T14:00:00+00:00,3.807,3.829,3.753,3.796,2372798.5
2025-08-29T14:15:00+00:00,3.795,3.823,3.782,3.801,854189.1
2025-08-29T14:30:00+00:00,3.801,3.810,3.773,3.773,959300.1
2025-08-29T14:45:00+00:00,3.773,3.798,3.758,3.763,1248150.1
2025-08-29T15:00:00+00:00,3.764,3.787,3.762,3.784,600623.8
2025-08-29T15:15:00+00:00,3.784,3.799,3.784,3.788,531579.9
2025-08-29T15:30:00+00:00,3.788,3.792,3.777,3.788,327937.5
2025-08-29T15:45:00+00:00,3.787,3.793,3.759,3.769,558377.2
2025-08-29T16:00:00+00:00,3.769,3.780,3.739,3.778,1412121.2
2025-08-29T16:15:00+00:00,3.778,3.787,3.766,3.774,324114.3
2025-08-29T16:30:00+00:00,3.775,3.788,3.773,3.781,327014.5
2025-08-29T16:45:00+00:00,3.780,3.783,3.759,3.771,294189.1
2025-08-29T17:00:00+00:00,3.771,3.774,3.743,3.744,602549.2
2025-08-29T17:15:00+00:00,3.745,3.764,3.733,3.752,634840.1
2025-08-29T17:30:00+00:00,3.752,3.765,3.749,3.762,276968.0
2025-08-29T17:45:00+00:00,3.762,3.769,3.749,3.750,357946.3
2025-08-29T18:00:00+00:00,3.751,3.762,3.739,3.747,506191.0
2025-08-29T18:15:00+00:00,3.748,3.753,3.728,3.733,716053.4
2025-08-29T18:30:00+00:00,3.733,3.736,3.727,3.733,492970.6
2025-08-29T18:45:00+00:00,3.732,3.740,3.722,3.729,344290.3
2025-08-29T19:00:00+00:00,3.729,3.750,3.720,3.745,579952.3
2025-08-29T19:15:00+00:00,3.745,3.768,3.743,3.765,478105.5
2025-08-29T19:30:00+00:00,3.766,3.773,3.750,3.764,273357.9
2025-08-29T19:45:00+00:00,3.765,3.778,3.756,3.760,279982.0
2025-08-29T20:00:00+00:00,3.760,3.765,3.736,3.743,500006.1
2025-08-29T20:15:00+00:00,3.744,3.760,3.742,3.753,301835.0
2025-08-29T20:30:00+00:00,3.754,3.774,3.739,3.758,1001707.3
2025-08-29T20:45:00+00:00,3.758,3.758,3.731,3.739,1171359.9
2025-08-29T21:00:00+00:00,3.740,3.749,3.722,3.749,473487.6
2025-08-29T21:15:00+00:00,3.750,3.759,3.741,3.758,262604.7
2025-08-29T21:30:00+00:00,3.757,3.784,3.757,3.783,412185.0
2025-08-29T21:45:00+00:00,3.783,3.786,3.774,3.778,441973.5
2025-08-29T22:00:00+00:00,3.779,3.781,3.751,3.752,304744.8
2025-08-29T22:15:00+00:00,3.753,3.769,3.752,3.767,346754.4
2025-08-29T22:30:00+00:00,3.767,3.774,3.759,3.764,180738.0
2025-08-29T22:45:00+00:00,3.764,3.773,3.760,3.773,139177.6
2025-08-29T23:00:00+00:00,3.773,3.777,3.768,3.775,322076.4
2025-08-29T23:15:00+00:00,3.775,3.784,3.771,3.775,245424.7
2025-08-29T23:30:00+00:00,3.774,3.782,3.773,3.782,181167.0
2025-08-29T23:45:00+00:00,3.782,3.782,3.769,3.771,128087.1
2025-08-30T00:00:00+00:00,3.772,3.781,3.764,3.776,222759.0
2025-08-30T00:15:00+00:00,3.776,3.786,3.772,3.774,138531.9
2025-08-30T00:30:00+00:00,3.774,3.775,3.754,3.756,273340.9
2025-08-30T00:45:00+00:00,3.755,3.767,3.754,3.762,151198.2
2025-08-30T01:00:00+00:00,3.761,3.770,3.758,3.764,185179.4
2025-08-30T01:15:00+00:00,3.763,3.764,3.747,3.750,180229.6
2025-08-30T01:30:00+00:00,3.750,3.754,3.745,3.747,216393.1
2025-08-30T01:45:00+00:00,3.747,3.748,3.709,3.715,1001897.7
2025-08-30T02:00:00+00:00,3.716,3.752,3.710,3.752,581890.3
2025-08-30T02:15:00+00:00,3.751,3.762,3.749,3.760,234718.7
2025-08-30T02:30:00+00:00,3.759,3.775,3.759,3.771,466126.1
2025-08-30T02:45:00+00:00,3.770,3.772,3.762,3.768,146527.6
2025-08-30T03:00:00+00:00,3.768,3.787,3.766,3.786,183863.9
2025-08-30T03:15:00+00:00,3.786,3.823,3.786,3.809,718748.3
2025-08-30T03:30:00+00:00,3.810,3.816,3.805,3.811,347701.7
2025-08-30T03:45:00+00:00,3.812,3.820,3.807,3.815,255687.8
2025-08-30T04:00:00+00:00,3.816,3.819,3.809,3.811,221001.4
2025-08-30T04:15:00+00:00,3.811,3.812,3.802,3.806,224269.4
2025-08-30T04:30:00+00:00,3.806,3.806,3.792,3.795,317493.6
2025-08-30T04:45:00+00:00,3.796,3.800,3.793,3.795,131733.9
2025-08-30T05:00:00+00:00,3.795,3.801,3.788,3.795,364062.9
2025-08-30T05:15:00+00:00,3.795,3.801,3.794,3.800,139423.2
2025-08-30T05:30:00+00:00,3.800,3.815,3.796,3.814,256867.9
2025-08-30T05:45:00+00:00,3.813,3.817,3.800,3.802,209917.9
2025-08-30T06:00:00+00:00,3.802,3.809,3.797,3.798,201508.4
2025-08-30T06:15:00+00:00,3.797,3.804,3.792,3.801,190134.9
2025-08-30T06:30:00+00:00,3.801,3.815,3.798,3.814,186646.3
2025-08-30T06:45:00+00:00,3.814,3.815,3.798,3.801,261796.0
2025-08-30T07:00:00+00:00,3.800,3.806,3.795,3.805,320729.5
2025-08-30T07:15:00+00:00,3.804,3.807,3.797,3.801,188403.6
2025-08-30T07:30:00+00:00,3.800,3.811,3.797,3.810,204872.1
2025-08-30T07:45:00+00:00,3.810,3.814,3.805,3.811,203516.9
2025-08-30T08:00:00+00:00,3.811,3.812,3.804,3.811,219772.9
2025-08-30T08:15:00+00:00,3.810,3.812,3.801,3.805,132521.0
2025-08-30T08:30:00+00:00,3.805,3.806,3.796,3.802,163063.5
2025-08-30T08:45:00+00:00,3.801,3.802,3.789,3.791,213194.2
2025-08-30T09:00:00+00:00,3.791,3.795,3.787,3.789,169980.2
2025-08-30T09:15:00+00:00,3.788,3.794,3.787,3.789,194447.5
2025-08-30T09:30:00+00:00,3.789,3.790,3.776,3.779,384118.6
2025-08-30T09:45:00+00:00,3.779,3.790,3.775,3.783,259490.7
2025-08-30T10:00:00+00:00,3.782,3.794,3.780,3.790,241635.1
2025-08-30T10:15:00+00:00,3.790,3.801,3.789,3.796,160754.2
2025-08-30T10:30:00+00:00,3.796,3.796,3.779,3.784,184173.2
2025-08-30T10:45:00+00:00,3.784,3.792,3.783,3.789,119444.7
2025-08-30T11:00:00+00:00,3.790,3.794,3.783,3.788,137096.9
2025-08-30T11:15:00+00:00,3.788,3.788,3.782,3.785,96424.4
2025-08-30T11:30:00+00:00,3.785,3.786,3.773,3.779,172610.8
2025-08-30T11:45:00+00:00,3.779,3.798,3.779,3.795,725349.2
2025-08-30T12:00:00+00:00,3.794,3.796,3.784,3.787,208321.6
2025-08-30T12:15:00+00:00,3.786,3.787,3.771,3.776,271553.6
2025-08-30T12:30:00+00:00,3.776,3.777,3.752,3.757,686128.0
2025-08-30T12:45:00+00:00,3.757,3.769,3.755,3.764,403898.0
2025-08-30T13:00:00+00:00,3.764,3.766,3.733,3.736,769755.4
2025-08-30T13:15:00+00:00,3.736,3.746,3.730,3.746,473277.3
2025-08-30T13:30:00+00:00,3.745,3.757,3.744,3.745,305884.4
2025-08-30T13:45:00+00:00,3.745,3.759,3.739,3.757,323047.0
2025-08-30T14:00:00+00:00,3.757,3.757,3.739,3.742,214172.5
2025-08-30T14:15:00+00:00,3.741,3.749,3.735,3.748,479346.7
2025-08-30T14:30:00+00:00,3.748,3.753,3.743,3.751,317806.4
2025-08-30T14:45:00+00:00,3.750,3.768,3.750,3.765,340272.7
2025-08-30T15:00:00+00:00,3.765,3.766,3.756,3.763,175654.3
2025-08-30T15:15:00+00:00,3.764,3.779,3.764,3.777,381211.4
2025-08-30T15:30:00+00:00,3.777,3.788,3.771,3.786,259348.5
2025-08-30T15:45:00+00:00,3.787,3.791,3.779,3.786,248077.1
2025-08-30T16:00:00+00:00,3.785,3.786,3.764,3.765,397483.0
2025-08-30T16:15:00+00:00,3.766,3.773,3.762,3.762,335166.5
2025-08-30T16:30:00+00:00,3.762,3.772,3.757,3.767,279574.5
2025-08-30T16:45:00+00:00,3.766,3.772,3.757,3.758,193940.7
2025-08-30T17:00:00+00:00,3.758,3.773,3.756,3.772,232808.1
2025-08-30T17:15:00+00:00,3.773,3.775,3.767,3.768,213896.8
2025-08-30T17:30:00+00:00,3.769,3.774,3.760,3.764,234057.3
2025-08-30T17:45:00+00:00,3.764,3.774,3.758,3.772,163336.9
2025-08-30T18:00:00+00:00,3.772,3.782,3.768,3.770,267646.0
2025-08-30T18:15:00+00:00,3.771,3.771,3.757,3.764,173648.8
2025-08-30T18:30:00+00:00,3.765,3.769,3.758,3.761,140165.1
2025-08-30T18:45:00+00:00,3.761,3.773,3.761,3.765,118428.9
2025-08-30T19:00:00+00:00,3.765,3.770,3.762,3.767,131127.4
2025-08-30T19:15:00+00:00,3.767,3.780,3.763,3.780,246915.1
2025-08-30T19:30:00+00:00,3.780,3.792,3.776,3.790,294564.8
2025-08-30T19:45:00+00:00,3.791,3.791,3.783,3.790,276244.1
2025-08-30T20:00:00+00:00,3.789,3.792,3.780,3.785,263227.4
2025-08-30T20:15:00+00:00,3.785,3.790,3.775,3.789,112871.8
2025-08-30T20:30:00+00:00,3.788,3.789,3.772,3.777,125906.7
2025-08-30T20:45:00+00:00,3.778,3.793,3.777,3.790,241705.6
2025-08-30T21:00:00+00:00,3.790,3.795,3.786,3.790,244504.5
2025-08-30T21:15:00+00:00,3.790,3.790,3.778,3.783,118371.1
2025-08-30T21:30:00+00:00,3.783,3.788,3.779,3.788,157695.5
2025-08-30T21:45:00+00:00,3.787,3.795,3.787,3.792,131594.6
2025-08-30T22:00:00+00:00,3.792,3.794,3.780,3.782,229009.5
2025-08-30T22:15:00+00:00,3.783,3.796,3.783,3.794,125922.3
2025-08-30T22:30:00+00:00,3.794,3.801,3.790,3.799,111609.8
2025-08-30T22:45:00+00:00,3.799,3.802,3.796,3.799,112508.3
2025-08-30T23:00:00+00:00,3.799,3.810,3.799,3.806,261301.6
2025-08-30T23:15:00+00:00,3.806,3.810,3.803,3.807,128571.3
2025-08-30T23:30:00+00:00,3.807,3.810,3.803,3.808,158146.5
2025-08-30T23:45:00+00:00,3.808,3.809,3.801,3.808,146573.5
2025-08-31T00:00:00+00:00,3.807,3.820,3.806,3.818,260194.2
2025-08-31T00:15:00+00:00,3.818,3.818,3.808,3.815,211522.4
2025-08-31T00:30:00+00:00,3.816,3.835,3.812,3.834,440261.8
2025-08-31T00:45:00+00:00,3.834,3.856,3.833,3.854,925288.4
2025-08-31T01:00:00+00:00,3.854,3.856,3.837,3.842,591021.9
2025-08-31T01:15:00+00:00,3.842,3.860,3.840,3.860,522461.5
2025-08-31T01:30:00+00:00,3.859,3.873,3.858,3.862,474108.9
2025-08-31T01:45:00+00:00,3.862,3.871,3.860,3.867,252332.2
2025-08-31T02:00:00+00:00,3.866,3.875,3.860,3.864,373597.9
2025-08-31T02:15:00+00:00,3.865,3.869,3.858,3.863,147674.5
2025-08-31T02:30:00+00:00,3.862,3.863,3.852,3.854,244463.5
2025-08-31T02:45:00+00:00,3.853,3.861,3.850,3.856,227956.9
2025-08-31T03:00:00+00:00,3.856,3.858,3.849,3.850,282220.2
2025-08-31T03:15:00+00:00,3.849,3.859,3.847,3.856,592919.7
2025-08-31T03:30:00+00:00,3.856,3.857,3.849,3.856,624751.3
2025-08-31T03:45:00+00:00,3.856,3.861,3.854,3.860,250462.3
2025-08-31T04:00:00+00:00,3.860,3.862,3.846,3.850,299705.5
2025-08-31T04:15:00+00:00,3.850,3.850,3.835,3.835,318180.4
2025-08-31T04:30:00+00:00,3.835,3.844,3.832,3.833,349810.0
2025-08-31T04:45:00+00:00,3.833,3.839,3.823,3.833,301925.7
2025-08-31T05:00:00+00:00,3.833,3.833,3.815,3.819,747445.8
2025-08-31T05:15:00+00:00,3.819,3.820,3.807,3.809,451843.0
2025-08-31T05:30:00+00:00,3.810,3.819,3.809,3.817,214369.6
2025-08-31T05:45:00+00:00,3.817,3.819,3.813,3.819,137526.8
2025-08-31T06:00:00+00:00,3.819,3.822,3.810,3.812,189990.7
2025-08-31T06:15:00+00:00,3.812,3.813,3.798,3.801,678424.7
2025-08-31T06:30:00+00:00,3.801,3.809,3.799,3.805,277399.4
2025-08-31T06:45:00+00:00,3.805,3.806,3.799,3.801,232839.6
2025-08-31T07:00:00+00:00,3.801,3.816,3.799,3.806,385562.3
2025-08-31T07:15:00+00:00,3.806,3.808,3.800,3.807,197153.9
2025-08-31T07:30:00+00:00,3.807,3.811,3.802,3.804,173899.3
2025-08-31T07:45:00+00:00,3.804,3.805,3.800,3.802,128817.9
2025-08-31T08:00:00+00:00,3.803,3.813,3.801,3.811,154169.2
2025-08-31T08:15:00+00:00,3.811,3.817,3.809,3.815,141219.0
2025-08-31T08:30:00+00:00,3.815,3.829,3.814,3.828,234341.9
2025-08-31T08:45:00+00:00,3.828,3.832,3.821,3.832,182036.8
2025-08-31T09:00:00+00:00,3.831,3.835,3.826,3.832,295746.7
2025-08-31T09:15:00+00:00,3.832,3.838,3.829,3.831,221438.2
2025-08-31T09:30:00+00:00,3.831,3.844,3.830,3.838,289678.4
2025-08-31T09:45:00+00:00,3.839,3.840,3.813,3.816,955314.7
2025-08-31T10:00:00+00:00,3.817,3.821,3.802,3.806,447516.0
2025-08-31T10:15:00+00:00,3.805,3.808,3.795,3.797,298943.1
2025-08-31T10:30:00+00:00,3.798,3.802,3.788,3.790,266874.4
2025-08-31T10:45:00+00:00,3.791,3.801,3.783,3.795,560343.6
2025-08-31T11:00:00+00:00,3.796,3.804,3.787,3.804,350544.7
2025-08-31T11:15:00+00:00,3.804,3.810,3.789,3.809,390512.6
2025-08-31T11:30:00+00:00,3.809,3.814,3.798,3.803,174781.8
2025-08-31T11:45:00+00:00,3.804,3.816,3.799,3.816,180959.2
2025-08-31T12:00:00+00:00,3.815,3.819,3.803,3.805,228108.5
2025-08-31T12:15:00+00:00,3.805,3.809,3.798,3.805,184677.1
2025-08-31T12:30:00+00:00,3.804,3.814,3.802,3.804,181640.9
2025-08-31T12:45:00+00:00,3.804,3.825,3.798,3.819,306869.1
2025-08-31T13:00:00+00:00,3.818,3.828,3.802,3.803,258141.6
2025-08-31T13:15:00+00:00,3.803,3.816,3.802,3.809,164343.0
2025-08-31T13:30:00+00:00,3.809,3.811,3.788,3.796,288569.2
2025-08-31T13:45:00+00:00,3.797,3.805,3.793,3.797,161951.8
2025-08-31T14:00:00+00:00,3.798,3.803,3.777,3.785,477222.8
2025-08-31T14:15:00+00:00,3.784,3.793,3.780,3.790,157151.0
2025-08-31T14:30:00+00:00,3.790,3.804,3.789,3.797,217287.1
2025-08-31T14:45:00+00:00,3.798,3.800,3.786,3.790,142190.8
2025-08-31T15:00:00+00:00,3.790,3.815,3.788,3.803,279684.2
2025-08-31T15:15:00+00:00,3.803,3.808,3.799,3.805,206638.6
2025-08-31T15:30:00+00:00,3.805,3.815,3.797,3.815,168900.3
2025-08-31T15:45:00+00:00,3.814,3.817,3.810,3.815,152346.2
2025-08-31T16:00:00+00:00,3.815,3.816,3.801,3.804,422927.4
2025-08-31T16:15:00+00:00,3.804,3.806,3.794,3.800,227963.7
2025-08-31T16:30:00+00:00,3.801,3.808,3.795,3.804,105290.9
2025-08-31T16:45:00+00:00,3.805,3.809,3.798,3.800,161076.3
2025-08-31T17:00:00+00:00,3.800,3.801,3.793,3.799,197439.3
2025-08-31T17:15:00+00:00,3.800,3.801,3.786,3.794,439498.7
2025-08-31T17:30:00+00:00,3.793,3.801,3.789,3.799,772291.5
2025-08-31T17:45:00+00:00,3.800,3.806,3.794,3.796,394622.4
2025-08-31T18:00:00+00:00,3.796,3.803,3.794,3.803,286772.2
2025-08-31T18:15:00+00:00,3.803,3.813,3.799,3.808,267012.3
2025-08-31T18:30:00+00:00,3.809,3.819,3.807,3.814,196769.1
2025-08-31T18:45:00+00:00,3.813,3.827,3.813,3.825,353279.7
2025-08-31T19:00:00+00:00,3.825,3.827,3.807,3.809,296480.4
2025-08-31T19:15:00+00:00,3.809,3.813,3.801,3.803,272041.9
2025-08-31T19:30:00+00:00,3.804,3.812,3.801,3.808,160826.3
2025-08-31T19:45:00+00:00,3.809,3.809,3.795,3.796,135193.0
2025-08-31T20:00:00+00:00,3.797,3.808,3.767,3.802,2367782.5
2025-08-31T20:15:00+00:00,3.802,3.804,3.794,3.800,238540.5
2025-08-31T20:30:00+00:00,3.800,3.808,3.790,3.797,258440.9
2025-08-31T20:45:00+00:00,3.796,3.801,3.791,3.800,106458.1
2025-08-31T21:00:00+00:00,3.799,3.805,3.795,3.805,181736.9
2025-08-31T21:15:00+00:00,3.805,3.809,3.800,3.805,202713.3
2025-08-31T21:30:00+00:00,3.805,3.815,3.801,3.814,93469.7
2025-08-31T21:45:00+00:00,3.814,3.814,3.803,3.807,94819.7
2025-08-31T22:00:00+00:00,3.807,3.808,3.793,3.801,327266.8
2025-08-31T22:15:00+00:00,3.801,3.808,3.800,3.802,116812.0
2025-08-31T22:30:00+00:00,3.802,3.802,3.755,3.770,1422315.5
2025-08-31T22:45:00+00:00,3.769,3.777,3.766,3.774,393750.0
2025-08-31T23:00:00+00:00,3.773,3.773,3.761,3.768,439366.9
2025-08-31T23:15:00+00:00,3.768,3.768,3.741,3.751,870058.0
2025-08-31T23:30:00+00:00,3.751,3.752,3.732,3.735,679549.7
2025-08-31T23:45:00+00:00,3.735,3.742,3.732,3.740,305143.9
2025-09-01T00:00:00+00:00,3.739,3.744,3.721,3.734,997543.5
2025-09-01T00:15:00+00:00,3.735,3.740,3.709,3.721,883008.2
2025-09-01T00:30:00+00:00,3.721,3.737,3.703,3.730,759174.3
2025-09-01T00:45:00+00:00,3.730,3.745,3.722,3.724,437013.9
2025-09-01T01:00:00+00:00,3.725,3.734,3.708,3.721,450884.6
2025-09-01T01:15:00+00:00,3.721,3.733,3.714,3.730,359994.2
2025-09-01T01:30:00+00:00,3.730,3.743,3.725,3.742,391213.2
2025-09-01T01:45:00+00:00,3.742,3.750,3.723,3.732,318957.8
2025-09-01T02:00:00+00:00,3.731,3.734,3.705,3.709,408682.4
2025-09-01T02:15:00+00:00,3.708,3.712,3.687,3.703,1027004.0
2025-09-01T02:30:00+00:00,3.704,3.705,3.693,3.698,556334.6
2025-09-01T02:45:00+00:00,3.699,3.702,3.671,3.685,1424104.6
2025-09-01T03:00:00+00:00,3.685,3.697,3.672,3.675,862326.9
2025-09-01T03:15:00+00:00,3.676,3.685,3.670,3.679,444827.5
2025-09-01T03:30:00+00:00,3.680,3.689,3.672,3.681,497120.4
2025-09-01T03:45:00+00:00,3.682,3.692,3.674,3.683,502396.4
2025-09-01T04:00:00+00:00,3.683,3.689,3.671,3.684,540162.8
2025-09-01T04:15:00+00:00,3.684,3.687,3.665,3.670,590239.5
2025-09-01T04:30:00+00:00,3.671,3.671,3.653,3.660,651161.2
2025-09-01T04:45:00+00:00,3.661,3.671,3.652,3.668,336056.7
2025-09-01T05:00:00+00:00,3.668,3.677,3.653,3.663,403208.2
2025-09-01T05:15:00+00:00,3.664,3.677,3.652,3.674,414351.3
2025-09-01T05:30:00+00:00,3.675,3.692,3.670,3.690,313265.7
2025-09-01T05:45:00+00:00,3.690,3.693,3.682,3.687,347374.3
2025-09-01T06:00:00+00:00,3.688,3.690,3.665,3.673,384278.5
2025-09-01T06:15:00+00:00,3.673,3.702,3.664,3.696,1473113.0
2025-09-01T06:30:00+00:00,3.696,3.711,3.696,3.708,790392.8
2025-09-01T06:45:00+00:00,3.707,3.708,3.696,3.701,332279.4
2025-09-01T07:00:00+00:00,3.701,3.706,3.680,3.682,757196.5
2025-09-01T07:15:00+00:00,3.681,3.729,3.680,3.727,1084377.1
2025-09-01T07:30:00+00:00,3.726,3.754,3.723,3.745,799847.7
2025-09-01T07:45:00+00:00,3.745,3.821,3.745,3.820,2578888.4
2025-09-01T08:00:00+00:00,3.820,3.849,3.807,3.807,2206760.2
2025-09-01T08:15:00+00:00,3.807,3.811,3.792,3.793,627012.3
2025-09-01T08:30:00+00:00,3.793,3.817,3.793,3.817,649850.5
2025-09-01T08:45:00+00:00,3.817,3.852,3.811,3.850,1339269.3
2025-09-01T09:00:00+00:00,3.849,3.889,3.846,3.877,3042463.0
2025-09-01T09:15:00+00:00,3.877,3.878,3.856,3.860,823500.2
2025-09-01T09:30:00+00:00,3.860,3.867,3.846,3.848,774251.7
2025-09-01T09:45:00+00:00,3.847,3.849,3.833,3.844,814301.5
2025-09-01T10:00:00+00:00,3.844,3.844,3.827,3.830,588850.5
2025-09-01T10:15:00+00:00,3.829,3.833,3.803,3.806,1047504.8
2025-09-01T10:30:00+00:00,3.806,3.807,3.775,3.789,918918.5
2025-09-01T10:45:00+00:00,3.789,3.799,3.776,3.799,501448.2
2025-09-01T11:00:00+00:00,3.798,3.799,3.788,3.788,298443.7
2025-09-01T11:15:00+00:00,3.788,3.799,3.781,3.786,271039.1
2025-09-01T11:30:00+00:00,3.786,3.786,3.759,3.761,646460.2
2025-09-01T11:45:00+00:00,3.761,3.781,3.760,3.769,1167314.9
2025-09-01T12:00:00+00:00,3.769,3.790,3.760,3.789,477889.9
2025-09-01T12:15:00+00:00,3.789,3.795,3.776,3.788,355739.9
2025-09-01T12:30:00+00:00,3.787,3.797,3.775,3.775,273738.0
2025-09-01T12:45:00+00:00,3.775,3.786,3.769,3.776,293999.2
2025-09-01T13:00:00+00:00,3.776,3.777,3.756,3.762,482349.4
2025-09-01T13:15:00+00:00,3.762,3.779,3.752,3.774,638338.0
2025-09-01T13:30:00+00:00,3.774,3.775,3.748,3.748,480223.9
2025-09-01T13:45:00+00:00,3.749,3.760,3.736,3.748,531244.3
2025-09-01T14:00:00+00:00,3.748,3.770,3.745,3.758,430596.5
2025-09-01T14:15:00+00:00,3.759,3.764,3.748,3.754,407350.6
2025-09-01T14:30:00+00:00,3.754,3.758,3.739,3.749,555756.6
2025-09-01T14:45:00+00:00,3.750,3.765,3.732,3.758,634917.5
2025-09-01T15:00:00+00:00,3.757,3.769,3.743,3.752,476268.0
2025-09-01T15:15:00+00:00,3.752,3.762,3.735,3.743,410417.5
2025-09-01T15:30:00+00:00,3.742,3.752,3.733,3.734,326140.0
2025-09-01T15:45:00+00:00,3.734,3.741,3.717,3.731,629971.6
2025-09-01T16:00:00+00:00,3.731,3.733,3.712,3.729,460900.1
2025-09-01T16:15:00+00:00,3.728,3.742,3.718,3.730,311792.6
2025-09-01T16:30:00+00:00,3.731,3.737,3.717,3.727,359635.3
2025-09-01T16:45:00+00:00,3.726,3.736,3.711,3.718,354383.5
2025-09-01T17:00:00+00:00,3.719,3.725,3.697,3.712,999263.4
2025-09-01T17:15:00+00:00,3.713,3.718,3.696,3.700,445856.6
2025-09-01T17:30:00+00:00,3.701,3.706,3.691,3.704,702252.0
2025-09-01T17:45:00+00:00,3.705,3.712,3.697,3.705,346839.8
2025-09-01T18:00:00+00:00,3.706,3.725,3.704,3.722,405178.0
2025-09-01T18:15:00+00:00,3.722,3.730,3.717,3.728,274369.5
2025-09-01T18:30:00+00:00,3.727,3.733,3.716,3.726,207317.8
2025-09-01T18:45:00+00:00,3.726,3.729,3.720,3.723,139473.6
2025-09-01T19:00:00+00:00,3.722,3.733,3.717,3.730,245076.8
2025-09-01T19:15:00+00:00,3.729,3.733,3.721,3.721,218244.0
2025-09-01T19:30:00+00:00,3.721,3.737,3.720,3.733,275862.2
2025-09-01T19:45:00+00:00,3.733,3.741,3.725,3.738,187015.8
2025-09-01T20:00:00+00:00,3.739,3.740,3.728,3.729,167829.1
2025-09-01T20:15:00+00:00,3.729,3.730,3.715,3.723,230124.7
2025-09-01T20:30:00+00:00,3.723,3.723,3.655,3.656,1652845.8
2025-09-01T20:45:00+00:00,3.656,3.681,3.641,3.675,4128734.1
2025-09-01T21:00:00+00:00,3.674,3.677,3.647,3.660,1408260.4
2025-09-01T21:15:00+00:00,3.660,3.667,3.642,3.648,582003.0
2025-09-01T21:30:00+00:00,3.649,3.651,3.608,3.628,1635036.8
2025-09-01T21:45:00+00:00,3.628,3.646,3.620,3.638,596750.0
2025-09-01T22:00:00+00:00,3.637,3.649,3.627,3.644,553850.9
2025-09-01T22:15:00+00:00,3.645,3.663,3.640,3.643,486810.0
2025-09-01T22:30:00+00:00,3.642,3.653,3.628,3.628,442626.1
2025-09-01T22:45:00+00:00,3.629,3.659,3.626,3.651,441097.0
2025-09-01T23:00:00+00:00,3.650,3.672,3.649,3.668,409533.6
2025-09-01T23:15:00+00:00,3.668,3.673,3.660,3.671,204064.9
2025-09-01T23:30:00+00:00,3.670,3.685,3.658,3.684,314781.8
2025-09-01T23:45:00+00:00,3.684,3.699,3.680,3.691,502979.7
2025-09-02T00:00:00+00:00,3.691,3.694,3.680,3.684,491415.6
2025-09-02T00:15:00+00:00,3.685,3.701,3.684,3.689,278268.8
2025-09-02T00:30:00+00:00,3.688,3.697,3.675,3.676,336815.2
2025-09-02T00:45:00+00:00,3.676,3.691,3.674,3.684,236172.4
2025-09-02T01:00:00+00:00,3.683,3.696,3.682,3.692,399590.4
2025-09-02T01:15:00+00:00,3.691,3.697,3.677,3.691,643296.2
2025-09-02T01:30:00+00:00,3.691,3.719,3.682,3.717,534784.0
2025-09-02T01:45:00+00:00,3.717,3.729,3.709,3.710,489299.8
2025-09-02T02:00:00+00:00,3.710,3.725,3.705,3.717,281442.1
2025-09-02T02:15:00+00:00,3.717,3.729,3.704,3.723,289635.0
2025-09-02T02:30:00+00:00,3.722,3.736,3.718,3.729,395185.9
2025-09-02T02:45:00+00:00,3.730,3.761,3.726,3.759,470094.7
2025-09-02T03:00:00+00:00,3.758,3.776,3.749,3.774,828081.8
2025-09-02T03:15:00+00:00,3.773,3.786,3.765,3.768,644908.3
2025-09-02T03:30:00+00:00,3.767,3.774,3.755,3.769,541048.3
2025-09-02T03:45:00+00:00,3.768,3.771,3.765,3.770,311727.4
2025-09-02T04:00:00+00:00,3.770,3.773,3.760,3.771,320961.1
2025-09-02T04:15:00+00:00,3.771,3.783,3.767,3.776,521681.4
2025-09-02T04:30:00+00:00,3.776,3.783,3.774,3.779,244398.0
2025-09-02T04:45:00+00:00,3.779,3.784,3.767,3.780,253289.0
2025-09-02T05:00:00+00:00,3.781,3.785,3.766,3.781,353857.6
2025-09-02T05:15:00+00:00,3.781,3.783,3.768,3.772,258927.8
2025-09-02T05:30:00+00:00,3.771,3.782,3.770,3.774,265325.2
2025-09-02T05:45:00+00:00,3.775,3.783,3.770,3.777,285305.7
2025-09-02T06:00:00+00:00,3.777,3.786,3.771,3.780,443982.3
2025-09-02T06:15:00+00:00,3.780,3.781,3.769,3.778,633110.3
2025-09-02T06:30:00+00:00,3.778,3.788,3.775,3.781,303160.1
2025-09-02T06:45:00+00:00,3.781,3.787,3.775,3.782,239140.4
2025-09-02T07:00:00+00:00,3.783,3.785,3.762,3.764,467576.9
2025-09-02T07:15:00+00:00,3.765,3.770,3.758,3.767,362221.5
2025-09-02T07:30:00+00:00,3.767,3.773,3.758,3.762,321908.1
2025-09-02T07:45:00+00:00,3.761,3.767,3.745,3.754,521817.2
2025-09-02T08:00:00+00:00,3.753,3.766,3.749,3.750,313224.0
2025-09-02T08:15:00+00:00,3.750,3.770,3.749,3.767,313056.3
2025-09-02T08:30:00+00:00,3.766,3.772,3.758,3.769,256422.1
2025-09-02T08:45:00+00:00,3.770,3.777,3.761,3.761,209460.4
2025-09-02T09:00:00+00:00,3.762,3.776,3.757,3.774,238069.5
2025-09-02T09:15:00+00:00,3.774,3.782,3.771,3.775,316182.3
2025-09-02T09:30:00+00:00,3.776,3.784,3.771,3.781,199209.9
2025-09-02T09:45:00+00:00,3.780,3.781,3.772,3.780,174731.1
2025-09-02T10:00:00+00:00,3.781,3.783,3.772,3.776,192943.9
2025-09-02T10:15:00+00:00,3.776,3.778,3.767,3.770,286377.0
2025-09-02T10:30:00+00:00,3.771,3.778,3.766,3.772,197071.5
2025-09-02T10:45:00+00:00,3.771,3.776,3.768,3.775,176544.8
2025-09-02T11:00:00+00:00,3.775,3.777,3.761,3.762,276004.6
2025-09-02T11:15:00+00:00,3.763,3.770,3.761,3.765,274439.5
2025-09-02T11:30:00+00:00,3.764,3.771,3.762,3.769,169650.5
2025-09-02T11:45:00+00:00,3.769,3.771,3.750,3.755,412874.3
2025-09-02T12:00:00+00:00,3.754,3.760,3.731,3.732,773126.7
2025-09-02T12:15:00+00:00,3.733,3.748,3.726,3.748,548157.6
2025-09-02T12:30:00+00:00,3.747,3.752,3.710,3.718,786912.5
2025-09-02T12:45:00+00:00,3.718,3.718,3.688,3.697,1404928.9
2025-09-02T13:00:00+00:00,3.696,3.723,3.694,3.717,626552.1
2025-09-02T13:15:00+00:00,3.717,3.749,3.713,3.736,582454.2
2025-09-02T13:30:00+00:00,3.737,3.789,3.717,3.775,2020286.6
2025-09-02T13:45:00+00:00,3.774,3.807,3.771,3.794,1603828.5
2025-09-02T14:00:00+00:00,3.795,3.812,3.768,3.780,1618598.2
2025-09-02T14:15:00+00:00,3.780,3.807,3.767,3.805,679032.8
2025-09-02T14:30:00+00:00,3.804,3.816,3.794,3.799,1113044.6
2025-09-02T14:45:00+00:00,3.800,3.804,3.779,3.790,618458.9
2025-09-02T15:00:00+00:00,3.789,3.793,3.761,3.779,760508.6
2025-09-02T15:15:00+00:00,3.779,3.785,3.761,3.771,533329.7
2025-09-02T15:30:00+00:00,3.771,3.772,3.744,3.747,619373.3
2025-09-02T15:45:00+00:00,3.747,3.755,3.727,3.732,696058.1
2025-09-02T16:00:00+00:00,3.732,3.760,3.731,3.751,540014.6
2025-09-02T16:15:00+00:00,3.750,3.761,3.734,3.740,468459.3
2025-09-02T16:30:00+00:00,3.739,3.761,3.739,3.755,256881.7
2025-09-02T16:45:00+00:00,3.756,3.765,3.752,3.760,287974.1
2025-09-02T17:00:00+00:00,3.759,3.774,3.759,3.765,292448.4
2025-09-02T17:15:00+00:00,3.766,3.786,3.765,3.784,273165.9
2025-09-02T17:30:00+00:00,3.783,3.787,3.773,3.774,276519.8
2025-09-02T17:45:00+00:00,3.774,3.780,3.769,3.773,281576.0
2025-09-02T18:00:00+00:00,3.772,3.775,3.755,3.763,270997.6
2025-09-02T18:15:00+00:00,3.763,3.765,3.752,3.755,259816.1
2025-09-02T18:30:00+00:00,3.755,3.761,3.746,3.748,257161.3
2025-09-02T18:45:00+00:00,3.748,3.778,3.735,3.766,490973.4
2025-09-02T19:00:00+00:00,3.766,3.780,3.753,3.753,323216.6
2025-09-02T19:15:00+00:00,3.752,3.762,3.743,3.746,216982.5
2025-09-02T19:30:00+00:00,3.746,3.750,3.738,3.747,247172.2
2025-09-02T19:45:00+00:00,3.746,3.754,3.742,3.749,199489.8
2025-09-02T20:00:00+00:00,3.749,3.768,3.744,3.767,243449.5
2025-09-02T20:15:00+00:00,3.768,3.796,3.768,3.786,536181.5
2025-09-02T20:30:00+00:00,3.785,3.798,3.773,3.794,277809.5
2025-09-02T20:45:00+00:00,3.794,3.796,3.779,3.791,721213.7
2025-09-02T21:00:00+00:00,3.792,3.802,3.790,3.801,448676.7
2025-09-02T21:15:00+00:00,3.801,3.802,3.785,3.792,266641.9
2025-09-02T21:30:00+00:00,3.792,3.810,3.792,3.808,425177.6
2025-09-02T21:45:00+00:00,3.808,3.812,3.802,3.809,172991.6
2025-09-02T22:00:00+00:00,3.809,3.811,3.793,3.802,386045.5
2025-09-02T22:15:00+00:00,3.802,3.809,3.796,3.800,144908.0
2025-09-02T22:30:00+00:00,3.799,3.813,3.796,3.812,224951.6
2025-09-02T22:45:00+00:00,3.812,3.821,3.806,3.820,606613.9
2025-09-02T23:00:00+00:00,3.820,3.825,3.811,3.819,348596.2
2025-09-02T23:15:00+00:00,3.818,3.823,3.808,3.811,132268.9
2025-09-02T23:30:00+00:00,3.812,3.814,3.805,3.813,232040.3
2025-09-02T23:45:00+00:00,3.812,3.819,3.811,3.818,91785.3
2025-09-03T00:00:00+00:00,3.819,3.823,3.810,3.817,268244.9
2025-09-03T00:15:00+00:00,3.817,3.830,3.811,3.825,409040.0
2025-09-03T00:30:00+00:00,3.825,3.832,3.820,3.822,309186.1
2025-09-03T00:45:00+00:00,3.822,3.824,3.810,3.817,194039.7
2025-09-03T01:00:00+00:00,3.816,3.818,3.798,3.799,262988.5
2025-09-03T01:15:00+00:00,3.799,3.806,3.793,3.794,215585.8
2025-09-03T01:30:00+00:00,3.795,3.801,3.791,3.797,194544.6
2025-09-03T01:45:00+00:00,3.797,3.826,3.793,3.826,311007.3
2025-09-03T02:00:00+00:00,3.825,3.839,3.814,3.820,646792.3
2025-09-03T02:15:00+00:00,3.819,3.842,3.819,3.839,266757.3
2025-09-03T02:30:00+00:00,3.839,3.841,3.826,3.830,265797.1
2025-09-03T02:45:00+00:00,3.831,3.837,3.826,3.830,163840.3
2025-09-03T03:00:00+00:00,3.829,3.833,3.817,3.819,281048.3
2025-09-03T03:15:00+00:00,3.820,3.826,3.815,3.819,143116.0
2025-09-03T03:30:00+00:00,3.819,3.820,3.808,3.814,149554.2
2025-09-03T03:45:00+00:00,3.814,3.822,3.810,3.820,112892.1
2025-09-03T04:00:00+00:00,3.819,3.828,3.812,3.813,141592.4
2025-09-03T04:15:00+00:00,3.814,3.820,3.810,3.814,152465.2
2025-09-03T04:30:00+00:00,3.813,3.818,3.809,3.813,135717.4
2025-09-03T04:45:00+00:00,3.812,3.815,3.806,3.815,83409.9
2025-09-03T05:00:00+00:00,3.815,3.816,3.802,3.807,218575.1
2025-09-03T05:15:00+00:00,3.808,3.809,3.796,3.801,179936.4
2025-09-03T05:30:00+00:00,3.800,3.804,3.795,3.798,240981.2
2025-09-03T05:45:00+00:00,3.798,3.803,3.796,3.801,146457.6
2025-09-03T06:00:00+00:00,3.801,3.803,3.783,3.803,451741.8
2025-09-03T06:15:00+00:00,3.802,3.813,3.798,3.812,126057.4
2025-09-03T06:30:00+00:00,3.812,3.816,3.804,3.806,163651.4
2025-09-03T06:45:00+00:00,3.805,3.810,3.798,3.801,272206.7
2025-09-03T07:00:00+00:00,3.802,3.807,3.795,3.800,229411.8
2025-09-03T07:15:00+00:00,3.801,3.802,3.790,3.795,162501.8
2025-09-03T07:30:00+00:00,3.794,3.809,3.793,3.805,158835.4
2025-09-03T07:45:00+00:00,3.805,3.810,3.801,3.809,126881.5
2025-09-03T08:00:00+00:00,3.808,3.827,3.806,3.823,534915.5
2025-09-03T08:15:00+00:00,3.824,3.837,3.823,3.824,324236.9
2025-09-03T08:30:00+00:00,3.825,3.829,3.815,3.820,204772.3
2025-09-03T08:45:00+00:00,3.819,3.822,3.812,3.819,155710.0
2025-09-03T09:00:00+00:00,3.819,3.824,3.805,3.806,202917.5
2025-09-03T09:15:00+00:00,3.806,3.818,3.806,3.814,110422.8
2025-09-03T09:30:00+00:00,3.814,3.824,3.810,3.821,126936.0
2025-09-03T09:45:00+00:00,3.821,3.836,3.818,3.836,262805.1
2025-09-03T10:00:00+00:00,3.836,3.840,3.829,3.836,228096.3
2025-09-03T10:15:00+00:00,3.837,3.848,3.836,3.848,357895.6
2025-09-03T10:30:00+00:00,3.847,3.851,3.835,3.838,621594.1
2025-09-03T10:45:00+00:00,3.838,3.838,3.827,3.831,197696.3
2025-09-03T11:00:00+00:00,3.831,3.844,3.828,3.843,252609.3
2025-09-03T11:15:00+00:00,3.843,3.845,3.836,3.841,195329.2
2025-09-03T11:30:00+00:00,3.842,3.843,3.831,3.835,187630.5
2025-09-03T11:45:00+00:00,3.835,3.836,3.825,3.826,172115.4
2025-09-03T12:00:00+00:00,3.826,3.834,3.826,3.829,204233.3
2025-09-03T12:15:00+00:00,3.828,3.840,3.828,3.830,139802.1
2025-09-03T12:30:00+00:00,3.830,3.837,3.814,3.814,412437.2
2025-09-03T12:45:00+00:00,3.815,3.822,3.811,3.818,198652.6
2025-09-03T13:00:00+00:00,3.818,3.832,3.814,3.831,238643.7
2025-09-03T13:15:00+00:00,3.832,3.840,3.826,3.828,176290.8
2025-09-03T13:30:00+00:00,3.828,3.852,3.823,3.846,402673.8
2025-09-03T13:45:00+00:00,3.846,3.865,3.841,3.849,1641892.8
2025-09-03T14:00:00+00:00,3.849,3.872,3.849,3.853,632300.2
2025-09-03T14:15:00+00:00,3.853,3.867,3.850,3.862,387658.6
2025-09-03T14:30:00+00:00,3.861,3.887,3.861,3.883,923329.9
2025-09-03T14:45:00+00:00,3.883,3.886,3.873,3.878,391352.7
2025-09-03T15:00:00+00:00,3.877,3.886,3.874,3.876,387096.0
2025-09-03T15:15:00+00:00,3.876,3.879,3.868,3.874,324835.0
2025-09-03T15:30:00+00:00,3.873,3.905,3.870,3.896,1443296.1
2025-09-03T15:45:00+00:00,3.897,3.897,3.883,3.891,366014.0
2025-09-03T16:00:00+00:00,3.891,3.903,3.883,3.893,634537.7
2025-09-03T16:15:00+00:00,3.893,3.894,3.875,3.877,227542.4
2025-09-03T16:30:00+00:00,3.877,3.881,3.862,3.863,367350.8
2025-09-03T16:45:00+00:00,3.864,3.872,3.863,3.870,196798.0
2025-09-03T17:00:00+00:00,3.869,3.886,3.869,3.886,220823.9
2025-09-03T17:15:00+00:00,3.886,3.888,3.876,3.882,122721.9
2025-09-03T17:30:00+00:00,3.881,3.889,3.878,3.880,184358.0
2025-09-03T17:45:00+00:00,3.879,3.887,3.875,3.878,150045.6
2025-09-03T18:00:00+00:00,3.878,3.885,3.876,3.884,199581.9
2025-09-03T18:15:00+00:00,3.883,3.884,3.874,3.880,141100.4
2025-09-03T18:30:00+00:00,3.879,3.883,3.873,3.878,153534.4
2025-09-03T18:45:00+00:00,3.877,3.882,3.872,3.882,144342.7
2025-09-03T19:00:00+00:00,3.882,3.883,3.875,3.876,107407.5
2025-09-03T19:15:00+00:00,3.876,3.882,3.872,3.879,116970.7
2025-09-03T19:30:00+00:00,3.879,3.886,3.877,3.884,143480.0
2025-09-03T19:45:00+00:00,3.885,3.894,3.883,3.892,178322.4
2025-09-03T20:00:00+00:00,3.892,3.899,3.889,3.895,235951.1
2025-09-03T20:15:00+00:00,3.895,3.896,3.883,3.886,165209.4
2025-09-03T20:30:00+00:00,3.886,3.896,3.885,3.895,107022.0
2025-09-03T20:45:00+00:00,3.894,3.898,3.890,3.894,111830.0
2025-09-03T21:00:00+00:00,3.894,3.896,3.886,3.888,166630.9
2025-09-03T21:15:00+00:00,3.888,3.891,3.884,3.888,129875.1
2025-09-03T21:30:00+00:00,3.888,3.890,3.876,3.880,235506.5
2025-09-03T21:45:00+00:00,3.879,3.887,3.875,3.884,124365.5
2025-09-03T22:00:00+00:00,3.883,3.895,3.883,3.888,218451.7
2025-09-03T22:15:00+00:00,3.887,3.890,3.876,3.878,390670.4
2025-09-03T22:30:00+00:00,3.878,3.879,3.871,3.876,122554.3
2025-09-03T22:45:00+00:00,3.875,3.877,3.869,3.876,118017.4
2025-09-03T23:00:00+00:00,3.876,3.878,3.868,3.868,147343.9
2025-09-03T23:15:00+00:00,3.868,3.874,3.867,3.869,86964.5
2025-09-03T23:30:00+00:00,3.870,3.871,3.860,3.861,172670.8
2025-09-03T23:45:00+00:00,3.862,3.866,3.858,3.866,149385.6
2025-09-04T00:00:00+00:00,3.866,3.870,3.862,3.866,183519.8
2025-09-04T00:15:00+00:00,3.867,3.876,3.859,3.868,189775.3
2025-09-04T00:30:00+00:00,3.867,3.876,3.863,3.865,166437.8
2025-09-04T00:45:00+00:00,3.866,3.873,3.865,3.869,59094.2
2025-09-04T01:00:00+00:00,3.869,3.869,3.852,3.855,235442.6
2025-09-04T01:15:00+00:00,3.856,3.858,3.850,3.856,190034.9
2025-09-04T01:30:00+00:00,3.855,3.864,3.853,3.857,109056.3
2025-09-04T01:45:00+00:00,3.858,3.861,3.853,3.861,72668.5
2025-09-04T02:00:00+00:00,3.861,3.862,3.850,3.853,178276.9
2025-09-04T02:15:00+00:00,3.853,3.853,3.838,3.838,239921.4
2025-09-04T02:30:00+00:00,3.838,3.846,3.830,3.839,399794.1
2025-09-04T02:45:00+00:00,3.838,3.843,3.833,3.834,107624.0
2025-09-04T03:00:00+00:00,3.834,3.837,3.824,3.827,236668.6
2025-09-04T03:15:00+00:00,3.827,3.837,3.822,3.823,185105.3
2025-09-04T03:30:00+00:00,3.824,3.827,3.815,3.816,231809.4
2025-09-04T03:45:00+00:00,3.816,3.818,3.805,3.810,360530.6
2025-09-04T04:00:00+00:00,3.810,3.817,3.802,3.810,418121.8
2025-09-04T04:15:00+00:00,3.811,3.820,3.807,3.808,172239.2
2025-09-04T04:30:00+00:00,3.808,3.818,3.806,3.811,147297.3
2025-09-04T04:45:00+00:00,3.811,3.818,3.802,3.802,135424.3
2025-09-04T05:00:00+00:00,3.802,3.802,3.785,3.786,566305.5
2025-09-04T05:15:00+00:00,3.785,3.790,3.767,3.776,729431.8
2025-09-04T05:30:00+00:00,3.775,3.781,3.768,3.770,420810.0
2025-09-04T05:45:00+00:00,3.769,3.778,3.768,3.777,298461.6
2025-09-04T06:00:00+00:00,3.777,3.778,3.767,3.770,346255.6
2025-09-04T06:15:00+00:00,3.770,3.774,3.763,3.774,491894.6
2025-09-04T06:30:00+00:00,3.774,3.775,3.765,3.769,235330.6
2025-09-04T06:45:00+00:00,3.770,3.773,3.759,3.765,282629.7
2025-09-04T07:00:00+00:00,3.765,3.781,3.763,3.777,702417.8
2025-09-04T07:15:00+00:00,3.777,3.781,3.770,3.775,214646.2
2025-09-04T07:30:00+00:00,3.774,3.780,3.772,3.773,196114.7
2025-09-04T07:45:00+00:00,3.773,3.787,3.773,3.783,121399.3
2025-09-04T08:00:00+00:00,3.783,3.797,3.778,3.793,345894.7
2025-09-04T08:15:00+00:00,3.792,3.797,3.783,3.792,229294.2
2025-09-04T08:30:00+00:00,3.793,3.795,3.786,3.790,176468.6
2025-09-04T08:45:00+00:00,3.790,3.790,3.774,3.777,169661.9
2025-09-04T09:00:00+00:00,3.776,3.784,3.776,3.778,228600.5
2025-09-04T09:15:00+00:00,3.779,3.780,3.768,3.768,273002.4
2025-09-04T09:30:00+00:00,3.768,3.772,3.764,3.769,285635.8
2025-09-04T09:45:00+00:00,3.769,3.776,3.765,3.775,402147.6
2025-09-04T10:00:00+00:00,3.775,3.787,3.769,3.785,297731.0
2025-09-04T10:15:00+00:00,3.785,3.788,3.777,3.781,285791.7
2025-09-04T10:30:00+00:00,3.781,3.793,3.780,3.789,195914.2
2025-09-04T10:45:00+00:00,3.790,3.795,3.783,3.783,193424.7
2025-09-04T11:00:00+00:00,3.784,3.803,3.778,3.799,276179.7
2025-09-04T11:15:00+00:00,3.800,3.804,3.790,3.790,159186.9
2025-09-04T11:30:00+00:00,3.791,3.793,3.782,3.786,181393.9
2025-09-04T11:45:00+00:00,3.786,3.788,3.778,3.779,155079.6
2025-09-04T12:00:00+00:00,3.779,3.789,3.775,3.788,240663.7
2025-09-04T12:15:00+00:00,3.788,3.796,3.783,3.790,216920.2
2025-09-04T12:30:00+00:00,3.789,3.796,3.764,3.773,703354.7
2025-09-04T12:45:00+00:00,3.772,3.791,3.771,3.790,176025.4
2025-09-04T13:00:00+00:00,3.791,3.798,3.784,3.790,511439.6
2025-09-04T13:15:00+00:00,3.789,3.798,3.787,3.790,187739.5
2025-09-04T13:30:00+00:00,3.790,3.799,3.780,3.784,299433.2
2025-09-04T13:45:00+00:00,3.783,3.786,3.769,3.779,530480.2
2025-09-04T14:00:00+00:00,3.780,3.782,3.738,3.753,1553085.2
2025-09-04T14:15:00+00:00,3.754,3.773,3.747,3.767,557469.5
2025-09-04T14:30:00+00:00,3.768,3.780,3.765,3.771,393792.1
2025-09-04T14:45:00+00:00,3.770,3.775,3.762,3.764,180688.9
2025-09-04T15:00:00+00:00,3.764,3.767,3.742,3.746,705524.4
2025-09-04T15:15:00+00:00,3.746,3.755,3.741,3.751,369274.6
2025-09-04T15:30:00+00:00,3.751,3.759,3.745,3.754,221334.7
2025-09-04T15:45:00+00:00,3.755,3.760,3.750,3.755,190643.9
2025-09-04T16:00:00+00:00,3.755,3.765,3.750,3.760,269197.0
2025-09-04T16:15:00+00:00,3.761,3.770,3.755,3.755,405770.2
2025-09-04T16:30:00+00:00,3.754,3.765,3.750,3.764,202458.1
2025-09-04T16:45:00+00:00,3.764,3.770,3.760,3.764,219315.4
2025-09-04T17:00:00+00:00,3.764,3.774,3.763,3.765,367975.1
2025-09-04T17:15:00+00:00,3.765,3.775,3.762,3.774,638453.1
2025-09-04T17:30:00+00:00,3.773,3.775,3.755,3.756,187134.3
2025-09-04T17:45:00+00:00,3.756,3.764,3.753,3.753,508622.3
2025-09-04T18:00:00+00:00,3.753,3.763,3.751,3.761,261387.5
2025-09-04T18:15:00+00:00,3.761,3.761,3.741,3.741,480017.5
2025-09-04T18:30:00+00:00,3.740,3.750,3.722,3.743,804623.0
2025-09-04T18:45:00+00:00,3.743,3.747,3.735,3.740,147206.4
2025-09-04T19:00:00+00:00,3.739,3.752,3.735,3.750,198111.0
2025-09-04T19:15:00+00:00,3.751,3.751,3.742,3.749,176825.0
2025-09-04T19:30:00+00:00,3.748,3.749,3.731,3.738,238189.1
2025-09-04T19:45:00+00:00,3.737,3.741,3.730,3.736,109900.5
2025-09-04T20:00:00+00:00,3.737,3.759,3.733,3.755,268980.4
2025-09-04T20:15:00+00:00,3.756,3.768,3.752,3.767,275671.8
2025-09-04T20:30:00+00:00,3.768,3.772,3.764,3.764,183878.1
2025-09-04T20:45:00+00:00,3.765,3.771,3.763,3.768,144905.0
2025-09-04T21:00:00+00:00,3.768,3.772,3.764,3.768,155037.7
2025-09-04T21:15:00+00:00,3.768,3.775,3.768,3.772,110783.0
2025-09-04T21:30:00+00:00,3.772,3.780,3.769,3.779,146262.1
2025-09-04T21:45:00+00:00,3.780,3.781,3.775,3.778,127679.2
2025-09-04T22:00:00+00:00,3.777,3.785,3.776,3.780,191485.9
2025-09-04T22:15:00+00:00,3.779,3.785,3.774,3.783,119541.3
2025-09-04T22:30:00+00:00,3.783,3.787,3.773,3.774,116007.6
2025-09-04T22:45:00+00:00,3.774,3.799,3.773,3.797,648774.4
2025-09-04T23:00:00+00:00,3.796,3.804,3.784,3.789,403833.9
2025-09-04T23:15:00+00:00,3.789,3.789,3.780,3.780,139400.3
2025-09-04T23:30:00+00:00,3.780,3.780,3.766,3.770,167826.9
2025-09-04T23:45:00+00:00,3.770,3.772,3.761,3.762,240103.3
2025-09-05T00:00:00+00:00,3.761,3.776,3.757,3.774,216943.5
2025-09-05T00:15:00+00:00,3.774,3.778,3.768,3.773,171601.9
2025-09-05T00:30:00+00:00,3.773,3.776,3.767,3.768,142056.3
2025-09-05T00:45:00+00:00,3.769,3.769,3.756,3.758,193912.5
2025-09-05T01:00:00+00:00,3.759,3.767,3.754,3.762,218503.4
2025-09-05T01:15:00+00:00,3.762,3.774,3.759,3.773,118130.1
2025-09-05T01:30:00+00:00,3.774,3.784,3.773,3.784,137537.1
2025-09-05T01:45:00+00:00,3.783,3.786,3.779,3.783,110513.4
2025-09-05T02:00:00+00:00,3.783,3.789,3.778,3.780,195908.7
2025-09-05T02:15:00+00:00,3.780,3.784,3.770,3.781,291555.9
2025-09-05T02:30:00+00:00,3.781,3.786,3.777,3.777,264059.6
2025-09-05T02:45:00+00:00,3.777,3.784,3.775,3.784,108008.1
2025-09-05T03:00:00+00:00,3.783,3.784,3.773,3.774,108331.6
2025-09-05T03:15:00+00:00,3.774,3.781,3.768,3.769,108987.9
2025-09-05T03:30:00+00:00,3.770,3.777,3.768,3.777,116976.2
2025-09-05T03:45:00+00:00,3.777,3.784,3.772,3.784,111549.6
2025-09-05T04:00:00+00:00,3.783,3.784,3.773,3.773,142484.3
2025-09-05T04:15:00+00:00,3.773,3.780,3.773,3.777,44950.3
2025-09-05T04:30:00+00:00,3.777,3.784,3.777,3.783,68185.3
2025-09-05T04:45:00+00:00,3.783,3.790,3.781,3.789,158912.2
2025-09-05T05:00:00+00:00,3.788,3.789,3.785,3.786,146496.4
2025-09-05T05:15:00+00:00,3.787,3.793,3.785,3.789,123725.8
2025-09-05T05:30:00+00:00,3.790,3.792,3.785,3.790,145945.7
2025-09-05T05:45:00+00:00,3.790,3.791,3.785,3.788,124696.5
2025-09-05T06:00:00+00:00,3.789,3.791,3.784,3.784,115615.5
2025-09-05T06:15:00+00:00,3.784,3.787,3.776,3.777,238442.0
2025-09-05T06:30:00+00:00,3.777,3.790,3.777,3.789,177297.7
2025-09-05T06:45:00+00:00,3.788,3.793,3.787,3.792,238240.0
2025-09-05T07:00:00+00:00,3.792,3.815,3.791,3.808,731936.2
2025-09-05T07:15:00+00:00,3.808,3.825,3.807,3.824,528034.6
2025-09-05T07:30:00+00:00,3.824,3.834,3.820,3.829,483467.3
2025-09-05T07:45:00+00:00,3.829,3.842,3.826,3.838,477274.1
2025-09-05T08:00:00+00:00,3.839,3.842,3.827,3.828,723299.5
2025-09-05T08:15:00+00:00,3.828,3.831,3.818,3.825,336017.7
2025-09-05T08:30:00+00:00,3.826,3.827,3.819,3.827,211889.2
2025-09-05T08:45:00+00:00,3.827,3.829,3.822,3.824,159856.9
2025-09-05T09:00:00+00:00,3.824,3.826,3.819,3.824,205615.0
2025-09-05T09:15:00+00:00,3.823,3.823,3.811,3.812,250500.7
2025-09-05T09:30:00+00:00,3.812,3.822,3.808,3.820,249299.7
2025-09-05T09:45:00+00:00,3.820,3.828,3.817,3.828,147543.6
2025-09-05T10:00:00+00:00,3.827,3.841,3.826,3.829,253621.2
2025-09-05T10:15:00+00:00,3.829,3.834,3.827,3.831,159852.7
2025-09-05T10:30:00+00:00,3.831,3.836,3.827,3.828,209917.2
2025-09-05T10:45:00+00:00,3.828,3.833,3.825,3.826,78977.4
2025-09-05T11:00:00+00:00,3.826,3.831,3.819,3.824,175213.5
2025-09-05T11:15:00+00:00,3.823,3.829,3.819,3.828,238055.0
2025-09-05T11:30:00+00:00,3.829,3.835,3.825,3.832,149842.1
2025-09-05T11:45:00+00:00,3.832,3.833,3.825,3.828,148489.2
2025-09-05T12:00:00+00:00,3.829,3.833,3.825,3.827,151270.0
2025-09-05T12:15:00+00:00,3.827,3.845,3.826,3.844,333364.8
2025-09-05T12:30:00+00:00,3.845,3.867,3.814,3.853,3564905.5
2025-09-05T12:45:00+00:00,3.852,3.893,3.847,3.887,2182802.2
2025-09-05T13:00:00+00:00,3.887,3.892,3.874,3.875,1187967.1
2025-09-05T13:15:00+00:00,3.874,3.886,3.869,3.872,1117612.5
2025-09-05T13:30:00+00:00,3.873,3.890,3.862,3.888,1453143.4
2025-09-05T13:45:00+00:00,3.888,3.894,3.874,3.880,478359.3
2025-09-05T14:00:00+00:00,3.879,3.882,3.849,3.852,839798.3
2025-09-05T14:15:00+00:00,3.853,3.854,3.792,3.804,3949101.5
2025-09-05T14:30:00+00:00,3.803,3.812,3.769,3.803,2958034.9
2025-09-05T14:45:00+00:00,3.802,3.809,3.783,3.794,1117920.6
2025-09-05T15:00:00+00:00,3.793,3.804,3.779,3.802,1106024.3
2025-09-05T15:15:00+00:00,3.802,3.821,3.800,3.818,709442.4
2025-09-05T15:30:00+00:00,3.818,3.825,3.801,3.824,252688.3
2025-09-05T15:45:00+00:00,3.824,3.824,3.805,3.809,283120.2
2025-09-05T16:00:00+00:00,3.808,3.811,3.798,3.809,251724.3
2025-09-05T16:15:00+00:00,3.808,3.809,3.796,3.806,437901.8
2025-09-05T16:30:00+00:00,3.807,3.819,3.806,3.818,177675.3
2025-09-05T16:45:00+00:00,3.818,3.823,3.808,3.814,413187.0
2025-09-05T17:00:00+00:00,3.814,3.815,3.802,3.813,454348.8
2025-09-05T17:15:00+00:00,3.812,3.818,3.809,3.811,134775.0
2025-09-05T17:30:00+00:00,3.811,3.811,3.794,3.800,421201.9
2025-09-05T17:45:00+00:00,3.800,3.806,3.797,3.803,155658.6
2025-09-05T18:00:00+00:00,3.804,3.805,3.785,3.786,452732.8
2025-09-05T18:15:00+00:00,3.787,3.808,3.787,3.808,777260.3
2025-09-05T18:30:00+00:00,3.807,3.819,3.807,3.817,203318.4
2025-09-05T18:45:00+00:00,3.818,3.828,3.813,3.815,386836.9
2025-09-05T19:00:00+00:00,3.816,3.823,3.812,3.816,155605.9
2025-09-05T19:15:00+00:00,3.816,3.828,3.816,3.827,424401.6
2025-09-05T19:30:00+00:00,3.827,3.827,3.813,3.817,188166.9
2025-09-05T19:45:00+00:00,3.817,3.828,3.816,3.826,115570.9
2025-09-05T20:00:00+00:00,3.827,3.840,3.823,3.826,460086.3
2025-09-05T20:15:00+00:00,3.826,3.830,3.821,3.826,157952.6
2025-09-05T20:30:00+00:00,3.826,3.841,3.825,3.836,304026.1
2025-09-05T20:45:00+00:00,3.836,3.847,3.833,3.845,202591.1
2025-09-05T21:00:00+00:00,3.845,3.847,3.834,3.841,284233.8
2025-09-05T21:15:00+00:00,3.841,3.843,3.806,3.824,1090158.4
2025-09-05T21:30:00+00:00,3.824,3.834,3.812,3.828,198160.2
2025-09-05T21:45:00+00:00,3.828,3.829,3.808,3.814,106494.7
2025-09-05T22:00:00+00:00,3.814,3.820,3.811,3.815,190613.3
2025-09-05T22:15:00+00:00,3.816,3.819,3.810,3.812,103986.4
2025-09-05T22:30:00+00:00,3.812,3.828,3.811,3.827,103619.4
2025-09-05T22:45:00+00:00,3.827,3.834,3.826,3.830,136771.8
2025-09-05T23:00:00+00:00,3.831,3.836,3.827,3.829,114082.7
2025-09-05T23:15:00+00:00,3.829,3.835,3.828,3.831,82384.5
2025-09-05T23:30:00+00:00,3.831,3.831,3.824,3.826,102802.7
2025-09-05T23:45:00+00:00,3.826,3.831,3.822,3.827,113018.7
2025-09-06T00:00:00+00:00,3.827,3.831,3.824,3.826,230902.7
2025-09-06T00:15:00+00:00,3.826,3.838,3.825,3.837,181361.5
2025-09-06T00:30:00+00:00,3.837,3.848,3.837,3.843,322167.2
2025-09-06T00:45:00+00:00,3.843,3.848,3.836,3.840,459216.8
2025-09-06T01:00:00+00:00,3.839,3.840,3.834,3.840,162390.1
2025-09-06T01:15:00+00:00,3.840,3.844,3.835,3.837,112627.1
2025-09-06T01:30:00+00:00,3.837,3.841,3.833,3.841,102604.4
2025-09-06T01:45:00+00:00,3.841,3.848,3.840,3.847,162925.7
2025-09-06T02:00:00+00:00,3.847,3.862,3.847,3.853,445180.8
2025-09-06T02:15:00+00:00,3.853,3.855,3.844,3.852,200623.8
2025-09-06T02:30:00+00:00,3.851,3.853,3.848,3.850,107785.9
2025-09-06T02:45:00+00:00,3.850,3.865,3.850,3.865,144117.2
2025-09-06T03:00:00+00:00,3.864,3.874,3.860,3.872,231274.2
2025-09-06T03:15:00+00:00,3.873,3.884,3.872,3.880,242921.9
2025-09-06T03:30:00+00:00,3.880,3.882,3.876,3.880,255648.8
2025-09-06T03:45:00+00:00,3.880,3.882,3.878,3.881,276225.7
2025-09-06T04:00:00+00:00,3.881,3.881,3.854,3.863,1836334.1
2025-09-06T04:15:00+00:00,3.863,3.868,3.853,3.855,398054.4
2025-09-06T04:30:00+00:00,3.855,3.857,3.847,3.852,248015.5
2025-09-06T04:45:00+00:00,3.852,3.859,3.851,3.855,117005.2
2025-09-06T05:00:00+00:00,3.856,3.857,3.850,3.851,119300.2
2025-09-06T05:15:00+00:00,3.851,3.852,3.833,3.834,275543.3
2025-09-06T05:30:00+00:00,3.834,3.840,3.830,3.834,209380.6
2025-09-06T05:45:00+00:00,3.834,3.837,3.830,3.832,144823.9
2025-09-06T06:00:00+00:00,3.832,3.833,3.825,3.831,201977.8
2025-09-06T06:15:00+00:00,3.831,3.833,3.827,3.832,131885.1
2025-09-06T06:30:00+00:00,3.832,3.837,3.828,3.830,181871.4
2025-09-06T06:45:00+00:00,3.830,3.835,3.827,3.830,139407.8
2025-09-06T07:00:00+00:00,3.830,3.834,3.829,3.832,176724.7
2025-09-06T07:15:00+00:00,3.833,3.833,3.826,3.827,81125.4
2025-09-06T07:30:00+00:00,3.827,3.828,3.819,3.821,258001.6
2025-09-06T07:45:00+00:00,3.822,3.826,3.818,3.826,146772.6
2025-09-06T08:00:00+00:00,3.825,3.828,3.816,3.816,176685.2
2025-09-06T08:15:00+00:00,3.816,3.819,3.813,3.816,158569.0
2025-09-06T08:30:00+00:00,3.816,3.820,3.812,3.814,165350.5
2025-09-06T08:45:00+00:00,3.813,3.816,3.810,3.812,120076.7
2025-09-06T09:00:00+00:00,3.812,3.812,3.799,3.800,298849.5
2025-09-06T09:15:00+00:00,3.800,3.804,3.796,3.797,373560.9
2025-09-06T09:30:00+00:00,3.797,3.808,3.796,3.807,218184.4
2025-09-06T09:45:00+00:00,3.806,3.809,3.800,3.801,155675.8
2025-09-06T10:00:00+00:00,3.800,3.805,3.796,3.799,245411.6
2025-09-06T10:15:00+00:00,3.799,3.800,3.794,3.798,169099.2
2025-09-06T10:30:00+00:00,3.797,3.814,3.796,3.814,305701.1
2025-09-06T10:45:00+00:00,3.813,3.820,3.810,3.818,175014.6
2025-09-06T11:00:00+00:00,3.818,3.818,3.813,3.815,150254.8
2025-09-06T11:15:00+00:00,3.815,3.816,3.807,3.811,155524.0
2025-09-06T11:30:00+00:00,3.812,3.813,3.805,3.808,118149.0
2025-09-06T11:45:00+00:00,3.807,3.814,3.803,3.812,124269.2
2025-09-06T12:00:00+00:00,3.812,3.819,3.809,3.815,221418.8
2025-09-06T12:15:00+00:00,3.816,3.819,3.814,3.817,234383.7
2025-09-06T12:30:00+00:00,3.817,3.820,3.805,3.812,186274.6
2025-09-06T12:45:00+00:00,3.811,3.813,3.807,3.809,53481.9
2025-09-06T13:00:00+00:00,3.808,3.813,3.806,3.808,116540.0
2025-09-06T13:15:00+00:00,3.809,3.814,3.807,3.808,104304.3
2025-09-06T13:30:00+00:00,3.807,3.809,3.800,3.802,200136.7
2025-09-06T13:45:00+00:00,3.801,3.810,3.799,3.808,130076.0
2025-09-06T14:00:00+00:00,3.809,3.817,3.805,3.817,229064.4
2025-09-06T14:15:00+00:00,3.817,3.824,3.814,3.822,228226.4
2025-09-06T14:30:00+00:00,3.821,3.823,3.817,3.823,183594.2
2025-09-06T14:45:00+00:00,3.823,3.824,3.814,3.817,142550.4
2025-09-06T15:00:00+00:00,3.817,3.817,3.800,3.803,307531.5
2025-09-06T15:15:00+00:00,3.803,3.811,3.801,3.808,137461.9
2025-09-06T15:30:00+00:00,3.809,3.812,3.799,3.801,177603.3
2025-09-06T15:45:00+00:00,3.801,3.802,3.788,3.791,396807.6
2025-09-06T16:00:00+00:00,3.791,3.802,3.786,3.793,435388.4
2025-09-06T16:15:00+00:00,3.794,3.800,3.779,3.797,563534.4
2025-09-06T16:30:00+00:00,3.796,3.806,3.793,3.802,272282.6
2025-09-06T16:45:00+00:00,3.802,3.821,3.798,3.810,484725.2
2025-09-06T17:00:00+00:00,3.810,3.815,3.803,3.805,310486.3
2025-09-06T17:15:00+00:00,3.805,3.809,3.798,3.799,100988.9
2025-09-06T17:30:00+00:00,3.799,3.801,3.789,3.793,253666.3
2025-09-06T17:45:00+00:00,3.794,3.799,3.792,3.798,136862.7
2025-09-06T18:00:00+00:00,3.799,3.806,3.795,3.805,100984.7
2025-09-06T18:15:00+00:00,3.806,3.811,3.804,3.809,125171.3
2025-09-06T18:30:00+00:00,3.809,3.810,3.800,3.800,95641.2
2025-09-06T18:45:00+00:00,3.799,3.810,3.798,3.806,109893.1
2025-09-06T19:00:00+00:00,3.807,3.809,3.802,3.804,80771.0
2025-09-06T19:15:00+00:00,3.803,3.807,3.798,3.798,111264.1
2025-09-06T19:30:00+00:00,3.797,3.800,3.789,3.790,158166.0
2025-09-06T19:45:00+00:00,3.790,3.794,3.787,3.790,135890.4
2025-09-06T20:00:00+00:00,3.791,3.795,3.788,3.790,200471.8
2025-09-06T20:15:00+00:00,3.789,3.796,3.788,3.794,152567.1
2025-09-06T20:30:00+00:00,3.793,3.804,3.792,3.803,99559.0
2025-09-06T20:45:00+00:00,3.803,3.813,3.802,3.812,135120.5
2025-09-06T21:00:00+00:00,3.813,3.814,3.804,3.805,120858.6
2025-09-06T21:15:00+00:00,3.805,3.809,3.803,3.806,86861.3
2025-09-06T21:30:00+00:00,3.806,3.810,3.805,3.810,112604.3
2025-09-06T21:45:00+00:00,3.810,3.817,3.809,3.816,85703.1
2025-09-06T22:00:00+00:00,3.816,3.820,3.810,3.816,178930.9
2025-09-06T22:15:00+00:00,3.816,3.822,3.814,3.817,93775.9
2025-09-06T22:30:00+00:00,3.816,3.821,3.812,3.814,101554.7
2025-09-06T22:45:00+00:00,3.815,3.817,3.812,3.817,83544.2
2025-09-06T23:00:00+00:00,3.817,3.819,3.809,3.817,124738.2
2025-09-06T23:15:00+00:00,3.818,3.828,3.816,3.826,154123.4
2025-09-06T23:30:00+00:00,3.826,3.834,3.826,3.828,202615.1
2025-09-06T23:45:00+00:00,3.827,3.830,3.818,3.822,230355.3
2025-09-07T00:00:00+00:00,3.822,3.828,3.820,3.828,259775.2
2025-09-07T00:15:00+00:00,3.828,3.828,3.822,3.822,72215.3
2025-09-07T00:30:00+00:00,3.822,3.831,3.819,3.831,123848.6
2025-09-07T00:45:00+00:00,3.831,3.835,3.828,3.831,297418.5
2025-09-07T01:00:00+00:00,3.831,3.842,3.829,3.840,228224.2
2025-09-07T01:15:00+00:00,3.840,3.847,3.837,3.845,254097.6
2025-09-07T01:30:00+00:00,3.845,3.850,3.842,3.850,142119.6
2025-09-07T01:45:00+00:00,3.850,3.853,3.845,3.847,234331.7
2025-09-07T02:00:00+00:00,3.847,3.850,3.841,3.843,253979.8
2025-09-07T02:15:00+00:00,3.843,3.847,3.840,3.847,163781.3
2025-09-07T02:30:00+00:00,3.847,3.851,3.846,3.848,156883.0
2025-09-07T02:45:00+00:00,3.848,3.856,3.848,3.854,143394.2
2025-09-07T03:00:00+00:00,3.854,3.858,3.853,3.855,98354.0
2025-09-07T03:15:00+00:00,3.855,3.861,3.854,3.856,113014.8
2025-09-07T03:30:00+00:00,3.856,3.859,3.851,3.852,139828.3
2025-09-07T03:45:00+00:00,3.852,3.853,3.847,3.850,129329.8
2025-09-07T04:00:00+00:00,3.850,3.853,3.844,3.845,170431.6
2025-09-07T04:15:00+00:00,3.845,3.851,3.845,3.850,133323.7
2025-09-07T04:30:00+00:00,3.850,3.852,3.844,3.846,131553.9
2025-09-07T04:45:00+00:00,3.846,3.851,3.844,3.849,124621.8
2025-09-07T05:00:00+00:00,3.850,3.856,3.847,3.851,127321.8
2025-09-07T05:15:00+00:00,3.850,3.854,3.846,3.853,118657.4
2025-09-07T05:30:00+00:00,3.854,3.855,3.849,3.852,59268.9
2025-09-07T05:45:00+00:00,3.851,3.867,3.850,3.865,353358.5
2025-09-07T06:00:00+00:00,3.865,3.868,3.860,3.861,201383.1
2025-09-07T06:15:00+00:00,3.861,3.863,3.853,3.854,97336.3
2025-09-07T06:30:00+00:00,3.854,3.857,3.848,3.852,242686.8
2025-09-07T06:45:00+00:00,3.853,3.856,3.848,3.850,120526.9
2025-09-07T07:00:00+00:00,3.850,3.853,3.846,3.850,193191.3
2025-09-07T07:15:00+00:00,3.850,3.858,3.846,3.855,178553.9
2025-09-07T07:30:00+00:00,3.855,3.865,3.855,3.862,111227.5
2025-09-07T07:45:00+00:00,3.862,3.864,3.847,3.851,161660.6
2025-09-07T08:00:00+00:00,3.852,3.858,3.852,3.857,125395.2
2025-09-07T08:15:00+00:00,3.857,3.865,3.855,3.862,162826.2
2025-09-07T08:30:00+00:00,3.862,3.865,3.859,3.860,143771.7
2025-09-07T08:45:00+00:00,3.860,3.862,3.857,3.861,81701.4
2025-09-07T09:00:00+00:00,3.861,3.861,3.856,3.857,162837.3
2025-09-07T09:15:00+00:00,3.857,3.861,3.854,3.855,115593.1
2025-09-07T09:30:00+00:00,3.855,3.856,3.847,3.847,161333.0
2025-09-07T09:45:00+00:00,3.847,3.856,3.844,3.855,169355.5
2025-09-07T10:00:00+00:00,3.855,3.861,3.855,3.859,142126.1
2025-09-07T10:15:00+00:00,3.860,3.861,3.854,3.857,44913.0
2025-09-07T10:30:00+00:00,3.857,3.862,3.856,3.860,67801.8
2025-09-07T10:45:00+00:00,3.860,3.861,3.857,3.859,67247.7
2025-09-07T11:00:00+00:00,3.859,3.860,3.852,3.854,104295.2
2025-09-07T11:15:00+00:00,3.854,3.858,3.853,3.856,164999.3
2025-09-07T11:30:00+00:00,3.856,3.861,3.855,3.861,99470.2
2025-09-07T11:45:00+00:00,3.860,3.867,3.858,3.866,120593.4
2025-09-07T12:00:00+00:00,3.866,3.886,3.864,3.883,847709.6
2025-09-07T12:15:00+00:00,3.884,3.934,3.884,3.924,2849533.0
2025-09-07T12:30:00+00:00,3.924,3.945,3.913,3.937,2009440.2
2025-09-07T12:45:00+00:00,3.936,3.968,3.933,3.959,1361595.1
2025-09-07T13:00:00+00:00,3.960,4.024,3.960,4.009,3613509.8
2025-09-07T13:15:00+00:00,4.009,4.017,3.981,3.981,2448849.8
2025-09-07T13:30:00+00:00,3.982,4.012,3.971,4.003,1263367.3
2025-09-07T13:45:00+00:00,4.004,4.087,4.004,4.074,2873221.2
2025-09-07T14:00:00+00:00,4.074,4.075,4.027,4.034,1878629.3
2025-09-07T14:15:00+00:00,4.033,4.044,4.006,4.010,1427936.9
2025-09-07T14:30:00+00:00,4.010,4.038,4.010,4.030,1087402.5
2025-09-07T14:45:00+00:00,4.029,4.037,4.007,4.014,681967.0
2025-09-07T15:00:00+00:00,4.015,4.026,3.990,3.999,1042400.3
2025-09-07T15:15:00+00:00,3.999,4.001,3.985,3.996,737089.1
2025-09-07T15:30:00+00:00,3.996,3.998,3.983,3.985,389386.2
2025-09-07T15:45:00+00:00,3.985,3.985,3.958,3.967,1726022.8
2025-09-07T16:00:00+00:00,3.967,3.995,3.967,3.985,987331.6
2025-09-07T16:15:00+00:00,3.985,3.990,3.976,3.981,625431.3
2025-09-07T16:30:00+00:00,3.982,3.987,3.968,3.980,542550.9
2025-09-07T16:45:00+00:00,3.981,3.984,3.974,3.980,275898.0
2025-09-07T17:00:00+00:00,3.979,3.984,3.967,3.973,326738.2
2025-09-07T17:15:00+00:00,3.973,3.978,3.963,3.970,545614.2
2025-09-07T17:30:00+00:00,3.970,3.980,3.966,3.976,368406.9
2025-09-07T17:45:00+00:00,3.976,3.976,3.951,3.955,449549.4
2025-09-07T18:00:00+00:00,3.956,3.961,3.953,3.957,385092.4
2025-09-07T18:15:00+00:00,3.957,3.974,3.956,3.970,288024.9
2025-09-07T18:30:00+00:00,3.971,3.981,3.956,3.963,338952.3
2025-09-07T18:45:00+00:00,3.963,3.971,3.957,3.964,268297.5
2025-09-07T19:00:00+00:00,3.964,3.971,3.957,3.967,319953.1
2025-09-07T19:15:00+00:00,3.967,3.983,3.965,3.978,357926.2
2025-09-07T19:30:00+00:00,3.978,4.012,3.977,3.999,882410.3
2025-09-07T19:45:00+00:00,4.000,4.000,3.984,3.988,196461.3
2025-09-07T20:00:00+00:00,3.988,3.996,3.981,3.983,377284.0
2025-09-07T20:15:00+00:00,3.983,3.988,3.977,3.984,242690.7
2025-09-07T20:30:00+00:00,3.984,3.990,3.977,3.982,227582.6
2025-09-07T20:45:00+00:00,3.981,3.989,3.977,3.989,182766.5
2025-09-07T21:00:00+00:00,3.988,3.990,3.981,3.986,245430.3
2025-09-07T21:15:00+00:00,3.987,3.987,3.974,3.977,194339.9
2025-09-07T21:30:00+00:00,3.977,3.983,3.975,3.980,112699.3
2025-09-07T21:45:00+00:00,3.980,3.992,3.979,3.979,170993.3
2025-09-07T22:00:00+00:00,3.979,3.990,3.978,3.990,365921.1
2025-09-07T22:15:00+00:00,3.990,4.003,3.989,4.001,418040.0
2025-09-07T22:30:00+00:00,4.001,4.001,3.988,3.993,285471.8
2025-09-07T22:45:00+00:00,3.994,4.012,3.994,4.011,360547.9
2025-09-07T23:00:00+00:00,4.011,4.015,3.998,3.999,366778.3
2025-09-07T23:15:00+00:00,3.999,4.010,3.995,4.006,425211.5
2025-09-07T23:30:00+00:00,4.006,4.009,3.997,4.004,265721.9
2025-09-07T23:45:00+00:00,4.003,4.004,3.988,3.993,409573.2
2025-09-08T00:00:00+00:00,3.993,4.007,3.989,4.002,491727.8
2025-09-08T00:15:00+00:00,4.003,4.005,3.978,3.996,869686.5
2025-09-08T00:30:00+00:00,3.996,4.017,3.993,4.015,657378.8
2025-09-08T00:45:00+00:00,4.016,4.016,3.991,3.996,448463.0
2025-09-08T01:00:00+00:00,3.997,4.008,3.991,4.007,322220.7
2025-09-08T01:15:00+00:00,4.008,4.008,3.992,3.995,474151.4
2025-09-08T01:30:00+00:00,3.996,4.011,3.994,4.004,360891.9
2025-09-08T01:45:00+00:00,4.003,4.025,4.000,4.014,563515.2
2025-09-08T02:00:00+00:00,4.015,4.018,3.995,4.007,471531.6
2025-09-08T02:15:00+00:00,4.006,4.013,3.993,4.008,361611.4
2025-09-08T02:30:00+00:00,4.007,4.045,4.003,4.042,799423.5
2025-09-08T02:45:00+00:00,4.042,4.057,4.034,4.047,1502124.8
2025-09-08T03:00:00+00:00,4.047,4.062,4.042,4.051,911447.9
2025-09-08T03:15:00+00:00,4.051,4.062,4.044,4.044,682585.1
2025-09-08T03:30:00+00:00,4.044,4.073,4.043,4.058,477292.8
2025-09-08T03:45:00+00:00,4.058,4.063,4.039,4.047,351171.3
2025-09-08T04:00:00+00:00,4.047,4.055,4.024,4.032,701453.9
2025-09-08T04:15:00+00:00,4.033,4.050,4.029,4.034,450733.6
2025-09-08T04:30:00+00:00,4.034,4.038,4.021,4.025,413547.6
2025-09-08T04:45:00+00:00,4.026,4.030,4.019,4.028,321976.8
2025-09-08T05:00:00+00:00,4.028,4.049,4.026,4.043,348809.4
2025-09-08T05:15:00+00:00,4.043,4.044,4.030,4.032,322541.3
2025-09-08T05:30:00+00:00,4.032,4.034,4.020,4.022,278753.8
2025-09-08T05:45:00+00:00,4.023,4.037,4.021,4.032,212280.1
2025-09-08T06:00:00+00:00,4.033,4.035,4.000,4.004,534873.4
2025-09-08T06:15:00+00:00,4.004,4.019,4.003,4.019,234076.2
2025-09-08T06:30:00+00:00,4.019,4.019,4.006,4.012,193367.5
2025-09-08T06:45:00+00:00,4.012,4.012,4.000,4.001,366982.8
2025-09-08T07:00:00+00:00,4.001,4.006,3.991,4.004,682668.8
2025-09-08T07:15:00+00:00,4.004,4.010,3.999,4.005,358331.5
2025-09-08T07:30:00+00:00,4.005,4.014,3.984,3.993,515999.4
2025-09-08T07:45:00+00:00,3.994,4.000,3.986,3.996,509309.3
2025-09-08T08:00:00+00:00,3.996,4.007,3.993,4.005,351096.7
2025-09-08T08:15:00+00:00,4.005,4.006,3.994,4.002,410077.6
2025-09-08T08:30:00+00:00,4.001,4.017,4.001,4.017,415728.0
2025-09-08T08:45:00+00:00,4.016,4.019,3.997,4.001,670950.8
2025-09-08T09:00:00+00:00,4.001,4.015,3.997,4.015,348115.9
2025-09-08T09:15:00+00:00,4.014,4.037,4.014,4.034,808377.9
2025-09-08T09:30:00+00:00,4.033,4.034,4.025,4.030,447599.2
2025-09-08T09:45:00+00:00,4.030,4.037,4.027,4.034,257191.5
2025-09-08T10:00:00+00:00,4.033,4.046,4.027,4.045,1171642.2
2025-09-08T10:15:00+00:00,4.045,4.053,4.040,4.043,480839.2
2025-09-08T10:30:00+00:00,4.044,4.045,4.033,4.040,329053.9
2025-09-08T10:45:00+00:00,4.041,4.042,4.027,4.029,407958.6
2025-09-08T11:00:00+00:00,4.030,4.031,4.007,4.014,651434.9
2025-09-08T11:15:00+00:00,4.013,4.033,4.007,4.022,440570.1
2025-09-08T11:30:00+00:00,4.021,4.022,4.007,4.016,283230.7
2025-09-08T11:45:00+00:00,4.017,4.028,4.016,4.023,205090.5
2025-09-08T12:00:00+00:00,4.022,4.032,4.015,4.022,244771.3
2025-09-08T12:15:00+00:00,4.021,4.022,4.009,4.011,230459.3
2025-09-08T12:30:00+00:00,4.010,4.022,4.008,4.020,258669.1
2025-09-08T12:45:00+00:00,4.020,4.029,4.014,4.027,249717.1
2025-09-08T13:00:00+00:00,4.026,4.051,4.021,4.045,1052855.0
2025-09-08T13:15:00+00:00,4.046,4.047,4.031,4.032,359463.4
2025-09-08T13:30:00+00:00,4.033,4.043,4.008,4.027,675563.6
2025-09-08T13:45:00+00:00,4.027,4.035,4.006,4.008,488360.5
2025-09-08T14:00:00+00:00,4.009,4.043,4.004,4.034,839774.5
2025-09-08T14:15:00+00:00,4.033,4.044,4.021,4.043,549039.9
2025-09-08T14:30:00+00:00,4.042,4.057,4.041,4.050,853677.9
2025-09-08T14:45:00+00:00,4.050,4.051,4.038,4.047,292960.7
2025-09-08T15:00:00+00:00,4.048,4.058,4.034,4.051,1289739.3
2025-09-08T15:15:00+00:00,4.050,4.076,4.048,4.073,894123.7
2025-09-08T15:30:00+00:00,4.072,4.076,4.048,4.057,531826.2
2025-09-08T15:45:00+00:00,4.058,4.069,4.047,4.069,461984.0
2025-09-08T16:00:00+00:00,4.068,4.074,4.055,4.060,606767.6
2025-09-08T16:15:00+00:00,4.061,4.075,4.044,4.074,584158.5
2025-09-08T16:30:00+00:00,4.074,4.082,4.051,4.059,818930.9
2025-09-08T16:45:00+00:00,4.059,4.060,4.044,4.051,510157.0
2025-09-08T17:00:00+00:00,4.051,4.053,4.033,4.043,434459.0
2025-09-08T17:15:00+00:00,4.042,4.069,4.041,4.059,651981.9
2025-09-08T17:30:00+00:00,4.059,4.059,4.042,4.044,305098.2
2025-09-08T17:45:00+00:00,4.045,4.052,4.027,4.031,427926.7
2025-09-08T18:00:00+00:00,4.031,4.044,4.024,4.031,300640.4
2025-09-08T18:15:00+00:00,4.031,4.043,4.031,4.043,259799.3
2025-09-08T18:30:00+00:00,4.043,4.043,4.029,4.037,146250.0
2025-09-08T18:45:00+00:00,4.037,4.056,4.035,4.053,297675.4
2025-09-08T19:00:00+00:00,4.054,4.055,4.034,4.038,180335.2
2025-09-08T19:15:00+00:00,4.039,4.046,4.029,4.032,721817.2
2025-09-08T19:30:00+00:00,4.033,4.039,4.016,4.024,538022.2
2025-09-08T19:45:00+00:00,4.024,4.025,4.013,4.022,260265.7
2025-09-08T20:00:00+00:00,4.023,4.031,4.019,4.027,276394.4
2025-09-08T20:15:00+00:00,4.028,4.028,4.005,4.016,466240.1
2025-09-08T20:30:00+00:00,4.016,4.026,4.005,4.006,283951.8
2025-09-08T20:45:00+00:00,4.006,4.016,4.002,4.014,339399.7
2025-09-08T21:00:00+00:00,4.014,4.028,4.007,4.027,312358.4
2025-09-08T21:15:00+00:00,4.027,4.040,4.022,4.034,232215.8
2025-09-08T21:30:00+00:00,4.034,4.045,4.032,4.039,136354.0
2025-09-08T21:45:00+00:00,4.039,4.065,4.035,4.057,778142.8
2025-09-08T22:00:00+00:00,4.057,4.063,4.048,4.056,418507.7
2025-09-08T22:15:00+00:00,4.057,4.071,4.053,4.059,553040.3
2025-09-08T22:30:00+00:00,4.060,4.066,4.051,4.053,202160.6
2025-09-08T22:45:00+00:00,4.054,4.055,4.047,4.047,139304.1
2025-09-08T23:00:00+00:00,4.048,4.062,4.039,4.049,736446.4
2025-09-08T23:15:00+00:00,4.050,4.053,4.035,4.037,177787.1
2025-09-08T23:30:00+00:00,4.037,4.040,4.031,4.039,219791.6
2025-09-08T23:45:00+00:00,4.038,4.047,4.035,4.044,180206.6
2025-09-09T00:00:00+00:00,4.045,4.072,4.044,4.066,474388.7
2025-09-09T00:15:00+00:00,4.066,4.079,4.055,4.065,418712.3
2025-09-09T00:30:00+00:00,4.065,4.066,4.048,4.066,347273.6
2025-09-09T00:45:00+00:00,4.066,4.086,4.053,4.082,609655.5
2025-09-09T01:00:00+00:00,4.082,4.100,4.077,4.077,716164.4
2025-09-09T01:15:00+00:00,4.078,4.081,4.054,4.063,703600.4
2025-09-09T01:30:00+00:00,4.063,4.073,4.048,4.072,598493.4
2025-09-09T01:45:00+00:00,4.071,4.072,4.053,4.058,181287.4
2025-09-09T02:00:00+00:00,4.057,4.062,4.037,4.039,259258.7
2025-09-09T02:15:00+00:00,4.039,4.059,4.035,4.042,383967.7
2025-09-09T02:30:00+00:00,4.041,4.062,4.036,4.050,325861.6
2025-09-09T02:45:00+00:00,4.050,4.050,4.018,4.027,432792.7
2025-09-09T03:00:00+00:00,4.027,4.028,4.001,4.016,1653459.0
2025-09-09T03:15:00+00:00,4.015,4.026,4.007,4.024,387420.7
2025-09-09T03:30:00+00:00,4.023,4.033,4.011,4.032,199094.5
2025-09-09T03:45:00+00:00,4.032,4.047,4.027,4.044,347138.0
2025-09-09T04:00:00+00:00,4.045,4.046,4.030,4.030,177921.4
2025-09-09T04:15:00+00:00,4.030,4.056,4.029,4.047,258745.8
2025-09-09T04:30:00+00:00,4.046,4.058,4.045,4.047,337226.3
2025-09-09T04:45:00+00:00,4.048,4.055,4.041,4.052,248220.5
2025-09-09T05:00:00+00:00,4.052,4.053,4.034,4.039,260715.4
2025-09-09T05:15:00+00:00,4.040,4.047,4.034,4.043,257910.9
2025-09-09T05:30:00+00:00,4.042,4.047,4.029,4.041,212505.8
2025-09-09T05:45:00+00:00,4.042,4.056,4.038,4.056,145208.2
2025-09-09T06:00:00+00:00,4.055,4.082,4.049,4.082,349235.2
2025-09-09T06:15:00+00:00,4.082,4.098,4.082,4.095,1101370.1
2025-09-09T06:30:00+00:00,4.095,4.116,4.094,4.111,693001.8
2025-09-09T06:45:00+00:00,4.111,4.127,4.105,4.110,815053.1
2025-09-09T07:00:00+00:00,4.111,4.142,4.110,4.141,985259.7
2025-09-09T07:15:00+00:00,4.141,4.175,4.129,4.148,3447875.4
2025-09-09T07:30:00+00:00,4.148,4.150,4.121,4.121,577510.8
2025-09-09T07:45:00+00:00,4.120,4.128,4.109,4.126,474157.8
2025-09-09T08:00:00+00:00,4.126,4.143,4.119,4.138,422231.6
2025-09-09T08:15:00+00:00,4.139,4.139,4.122,4.131,308763.1
2025-09-09T08:30:00+00:00,4.131,4.147,4.131,4.138,267861.0
2025-09-09T08:45:00+00:00,4.138,4.138,4.121,4.135,230586.0
2025-09-09T09:00:00+00:00,4.136,4.138,4.126,4.134,219090.4
2025-09-09T09:15:00+00:00,4.133,4.152,4.133,4.140,370824.8
2025-09-09T09:30:00+00:00,4.141,4.147,4.138,4.143,311899.3
2025-09-09T09:45:00+00:00,4.142,4.151,4.139,4.142,314220.8
2025-09-09T10:00:00+00:00,4.141,4.159,4.140,4.153,353700.5
2025-09-09T10:15:00+00:00,4.153,4.156,4.131,4.132,416687.5
2025-09-09T10:30:00+00:00,4.133,4.161,4.127,4.160,481126.0
2025-09-09T10:45:00+00:00,4.159,4.161,4.135,4.151,381263.8
2025-09-09T11:00:00+00:00,4.151,4.173,4.144,4.165,425425.1
2025-09-09T11:15:00+00:00,4.164,4.182,4.153,4.158,1010468.2
2025-09-09T11:30:00+00:00,4.158,4.163,4.149,4.155,433088.3
2025-09-09T11:45:00+00:00,4.154,4.164,4.145,4.148,229929.7
2025-09-09T12:00:00+00:00,4.148,4.174,4.138,4.171,453278.5
2025-09-09T12:15:00+00:00,4.172,4.182,4.162,4.167,317149.7
2025-09-09T12:30:00+00:00,4.168,4.169,4.136,4.137,867779.3
2025-09-09T12:45:00+00:00,4.138,4.151,4.132,4.135,697693.8
2025-09-09T13:00:00+00:00,4.135,4.142,4.115,4.139,1015587.7
2025-09-09T13:15:00+00:00,4.140,4.144,4.118,4.141,844782.6
2025-09-09T13:30:00+00:00,4.141,4.171,4.139,4.170,571502.2
2025-09-09T13:45:00+00:00,4.171,4.179,4.161,4.171,433124.2
2025-09-09T14:00:00+00:00,4.172,4.183,4.130,4.171,2107768.2
2025-09-09T14:15:00+00:00,4.172,4.174,4.138,4.156,471906.4
2025-09-09T14:30:00+00:00,4.155,4.156,4.047,4.087,5061150.1
2025-09-09T14:45:00+00:00,4.087,4.116,4.084,4.108,1042467.9
2025-09-09T15:00:00+00:00,4.107,4.117,4.079,4.084,974532.0
2025-09-09T15:15:00+00:00,4.084,4.094,4.066,4.076,707715.3
2025-09-09T15:30:00+00:00,4.076,4.078,4.046,4.054,1101682.6
2025-09-09T15:45:00+00:00,4.054,4.082,4.051,4.068,779999.1
2025-09-09T16:00:00+00:00,4.069,4.081,4.051,4.057,908435.6
2025-09-09T16:15:00+00:00,4.057,4.058,4.031,4.033,914590.8
2025-09-09T16:30:00+00:00,4.034,4.047,4.027,4.045,1285595.0
2025-09-09T16:45:00+00:00,4.045,4.056,4.042,4.045,426644.2
2025-09-09T17:00:00+00:00,4.045,4.076,4.045,4.075,739840.8
2025-09-09T17:15:00+00:00,4.074,4.079,4.052,4.054,432650.9
2025-09-09T17:30:00+00:00,4.054,4.062,4.044,4.059,358210.0
2025-09-09T17:45:00+00:00,4.059,4.069,4.054,4.056,137431.7
2025-09-09T18:00:00+00:00,4.057,4.066,4.052,4.059,157620.4
2025-09-09T18:15:00+00:00,4.059,4.083,4.059,4.081,273867.7
2025-09-09T18:30:00+00:00,4.081,4.082,4.068,4.070,323729.4
2025-09-09T18:45:00+00:00,4.071,4.084,4.069,4.083,130656.5
2025-09-09T19:00:00+00:00,4.083,4.092,4.079,4.087,328711.5
2025-09-09T19:15:00+00:00,4.087,4.099,4.077,4.099,512591.5
2025-09-09T19:30:00+00:00,4.099,4.111,4.098,4.104,637544.7
2025-09-09T19:45:00+00:00,4.104,4.114,4.101,4.104,289291.2
2025-09-09T20:00:00+00:00,4.104,4.109,4.093,4.095,377038.6
2025-09-09T20:15:00+00:00,4.095,4.100,4.087,4.087,194149.8
2025-09-09T20:30:00+00:00,4.088,4.101,4.088,4.098,172297.7
2025-09-09T20:45:00+00:00,4.098,4.127,4.097,4.127,879439.1
2025-09-09T21:00:00+00:00,4.126,4.140,4.111,4.128,816680.8
2025-09-09T21:15:00+00:00,4.128,4.133,4.099,4.105,333839.2
2025-09-09T21:30:00+00:00,4.106,4.123,4.099,4.119,296964.6
2025-09-09T21:45:00+00:00,4.120,4.120,4.097,4.102,112682.0
2025-09-09T22:00:00+00:00,4.102,4.113,4.094,4.110,200940.3
2025-09-09T22:15:00+00:00,4.111,4.117,4.104,4.106,130771.9
2025-09-09T22:30:00+00:00,4.105,4.129,4.105,4.127,359419.4
2025-09-09T22:45:00+00:00,4.128,4.140,4.125,4.140,194667.0
2025-09-09T23:00:00+00:00,4.140,4.142,4.126,4.134,169657.5
2025-09-09T23:15:00+00:00,4.134,4.136,4.122,4.126,103280.2
2025-09-09T23:30:00+00:00,4.126,4.134,4.117,4.130,208695.5
2025-09-09T23:45:00+00:00,4.129,4.143,4.128,4.137,291997.8
2025-09-10T00:00:00+00:00,4.138,4.147,4.135,4.139,315044.1
2025-09-10T00:15:00+00:00,4.138,4.138,4.101,4.104,729850.6
2025-09-10T00:30:00+00:00,4.104,4.121,4.097,4.118,554344.5
2025-09-10T00:45:00+00:00,4.117,4.122,4.096,4.101,281291.2
2025-09-10T01:00:00+00:00,4.101,4.117,4.096,4.117,285305.6
2025-09-10T01:15:00+00:00,4.117,4.140,4.116,4.135,228394.9
2025-09-10T01:30:00+00:00,4.136,4.153,4.135,4.144,353708.5
2025-09-10T01:45:00+00:00,4.144,4.145,4.123,4.126,287621.9
2025-09-10T02:00:00+00:00,4.127,4.141,4.126,4.137,332881.3
2025-09-10T02:15:00+00:00,4.137,4.141,4.122,4.128,565361.9
2025-09-10T02:30:00+00:00,4.127,4.135,4.120,4.129,280021.3
2025-09-10T02:45:00+00:00,4.128,4.140,4.126,4.137,172607.0
2025-09-10T03:00:00+00:00,4.137,4.137,4.119,4.127,212722.6
2025-09-10T03:15:00+00:00,4.127,4.139,4.118,4.120,202886.8
2025-09-10T03:30:00+00:00,4.120,4.136,4.119,4.127,136719.8
2025-09-10T03:45:00+00:00,4.127,4.138,4.127,4.133,175414.5
2025-09-10T04:00:00+00:00,4.134,4.134,4.110,4.115,261614.7
2025-09-10T04:15:00+00:00,4.115,4.122,4.107,4.120,167900.3
2025-09-10T04:30:00+00:00,4.120,4.127,4.104,4.106,190657.0
2025-09-10T04:45:00+00:00,4.105,4.123,4.102,4.121,139929.7
2025-09-10T05:00:00+00:00,4.120,4.120,4.091,4.095,456792.5
2025-09-10T05:15:00+00:00,4.094,4.094,4.073,4.087,648805.5
2025-09-10T05:30:00+00:00,4.087,4.106,4.085,4.105,227579.1
2025-09-10T05:45:00+00:00,4.104,4.109,4.084,4.092,214698.9
2025-09-10T06:00:00+00:00,4.091,4.094,4.080,4.089,210869.3
2025-09-10T06:15:00+00:00,4.089,4.104,4.087,4.102,173949.5
2025-09-10T06:30:00+00:00,4.101,4.109,4.097,4.106,343329.8
2025-09-10T06:45:00+00:00,4.107,4.115,4.103,4.104,140945.0
2025-09-10T07:00:00+00:00,4.104,4.113,4.099,4.110,168720.9
2025-09-10T07:15:00+00:00,4.111,4.123,4.100,4.117,217115.7
2025-09-10T07:30:00+00:00,4.117,4.123,4.107,4.109,240690.7
2025-09-10T07:45:00+00:00,4.109,4.119,4.106,4.114,466018.0
2025-09-10T08:00:00+00:00,4.114,4.126,4.107,4.118,260339.3
2025-09-10T08:15:00+00:00,4.118,4.119,4.090,4.096,394816.5
2025-09-10T08:30:00+00:00,4.096,4.096,4.086,4.090,253120.3
2025-09-10T08:45:00+00:00,4.090,4.095,4.083,4.086,223411.7
2025-09-10T09:00:00+00:00,4.086,4.092,4.068,4.083,480950.3
2025-09-10T09:15:00+00:00,4.083,4.096,4.076,4.089,285681.9
2025-09-10T09:30:00+00:00,4.089,4.097,4.086,4.089,157348.6
2025-09-10T09:45:00+00:00,4.088,4.093,4.086,4.090,95439.6
2025-09-10T10:00:00+00:00,4.091,4.098,4.087,4.089,263947.5
2025-09-10T10:15:00+00:00,4.088,4.088,4.075,4.082,205728.4
2025-09-10T10:30:00+00:00,4.081,4.085,4.071,4.073,377199.0
2025-09-10T10:45:00+00:00,4.073,4.075,4.054,4.057,691020.8
2025-09-10T11:00:00+00:00,4.057,4.075,4.056,4.074,472610.3
2025-09-10T11:15:00+00:00,4.074,4.088,4.072,4.082,452587.7
2025-09-10T11:30:00+00:00,4.081,4.081,4.070,4.071,490105.7
2025-09-10T11:45:00+00:00,4.072,4.085,4.071,4.082,387892.4
2025-09-10T12:00:00+00:00,4.082,4.090,4.077,4.087,359107.0
2025-09-10T12:15:00+00:00,4.087,4.104,4.083,4.099,312771.0
2025-09-10T12:30:00+00:00,4.100,4.155,4.100,4.155,2364841.8
2025-09-10T12:45:00+00:00,4.155,4.173,4.142,4.172,1587899.5
2025-09-10T13:00:00+00:00,4.172,4.180,4.162,4.173,1232872.1
2025-09-10T13:15:00+00:00,4.173,4.184,4.161,4.170,910471.5
2025-09-10T13:30:00+00:00,4.170,4.188,4.147,4.188,1200433.6
2025-09-10T13:45:00+00:00,4.187,4.210,4.177,4.187,1787478.9
2025-09-10T14:00:00+00:00,4.188,4.205,4.173,4.177,854191.2
2025-09-10T14:15:00+00:00,4.177,4.193,4.162,4.164,658232.7
2025-09-10T14:30:00+00:00,4.163,4.175,4.156,4.172,695974.0
2025-09-10T14:45:00+00:00,4.171,4.173,4.158,4.165,417919.5
2025-09-10T15:00:00+00:00,4.164,4.185,4.163,4.177,487909.7
2025-09-10T15:15:00+00:00,4.177,4.180,4.160,4.160,353455.8
2025-09-10T15:30:00+00:00,4.161,4.176,4.157,4.175,478009.1
2025-09-10T15:45:00+00:00,4.174,4.182,4.168,4.173,306116.3
2025-09-10T16:00:00+00:00,4.174,4.179,4.146,4.149,555084.9
2025-09-10T16:15:00+00:00,4.149,4.160,4.149,4.154,417264.7
2025-09-10T16:30:00+00:00,4.154,4.168,4.147,4.164,316378.8
2025-09-10T16:45:00+00:00,4.164,4.195,4.160,4.194,352602.9
2025-09-10T17:00:00+00:00,4.194,4.198,4.183,4.191,401334.3
2025-09-10T17:15:00+00:00,4.192,4.194,4.165,4.167,569020.6
2025-09-10T17:30:00+00:00,4.166,4.183,4.160,4.180,351801.5
2025-09-10T17:45:00+00:00,4.180,4.190,4.176,4.189,261665.6
2025-09-10T18:00:00+00:00,4.189,4.198,4.181,4.197,424275.1
2025-09-10T18:15:00+00:00,4.196,4.196,4.169,4.176,333288.6
2025-09-10T18:30:00+00:00,4.175,4.197,4.173,4.186,431605.5
2025-09-10T18:45:00+00:00,4.185,4.199,4.180,4.194,380479.4
2025-09-10T19:00:00+00:00,4.195,4.196,4.180,4.181,459509.8
2025-09-10T19:15:00+00:00,4.181,4.185,4.156,4.164,455266.5
2025-09-10T19:30:00+00:00,4.165,4.170,4.142,4.160,760312.2
2025-09-10T19:45:00+00:00,4.159,4.166,4.151,4.161,202802.2
2025-09-10T20:00:00+00:00,4.162,4.177,4.159,4.174,237073.6
2025-09-10T20:15:00+00:00,4.174,4.183,4.171,4.180,122392.4
2025-09-10T20:30:00+00:00,4.180,4.190,4.178,4.187,210355.6
2025-09-10T20:45:00+00:00,4.186,4.188,4.171,4.171,245578.5
2025-09-10T21:00:00+00:00,4.172,4.197,4.170,4.191,323157.8
2025-09-10T21:15:00+00:00,4.191,4.195,4.182,4.185,224913.3
2025-09-10T21:30:00+00:00,4.185,4.193,4.183,4.189,179209.0
2025-09-10T21:45:00+00:00,4.189,4.198,4.189,4.196,111079.0
2025-09-10T22:00:00+00:00,4.196,4.210,4.192,4.210,363238.0
2025-09-10T22:15:00+00:00,4.210,4.226,4.200,4.202,668972.2
2025-09-10T22:30:00+00:00,4.203,4.204,4.190,4.197,282752.6
2025-09-10T22:45:00+00:00,4.197,4.206,4.195,4.205,235099.8
2025-09-10T23:00:00+00:00,4.205,4.217,4.205,4.210,315093.7
2025-09-10T23:15:00+00:00,4.210,4.210,4.191,4.196,358608.3
2025-09-10T23:30:00+00:00,4.196,4.210,4.190,4.208,499958.2
2025-09-10T23:45:00+00:00,4.209,4.217,4.201,4.217,420400.5
2025-09-11T00:00:00+00:00,4.216,4.217,4.197,4.198,262796.6
2025-09-11T00:15:00+00:00,4.199,4.211,4.196,4.209,168654.6
2025-09-11T00:30:00+00:00,4.210,4.218,4.196,4.217,289468.1
2025-09-11T00:45:00+00:00,4.217,4.245,4.215,4.241,612900.4
2025-09-11T01:00:00+00:00,4.241,4.250,4.232,4.246,485827.1
2025-09-11T01:15:00+00:00,4.246,4.246,4.224,4.233,411345.3
2025-09-11T01:30:00+00:00,4.233,4.241,4.225,4.227,315458.6
2025-09-11T01:45:00+00:00,4.227,4.241,4.224,4.239,157708.1
2025-09-11T02:00:00+00:00,4.239,4.256,4.236,4.255,525588.4
2025-09-11T02:15:00+00:00,4.254,4.258,4.227,4.233,337728.0
2025-09-11T02:30:00+00:00,4.233,4.234,4.216,4.225,319331.6
2025-09-11T02:45:00+00:00,4.225,4.229,4.210,4.212,253877.4
2025-09-11T03:00:00+00:00,4.213,4.217,4.209,4.212,153817.8
2025-09-11T03:15:00+00:00,4.212,4.248,4.211,4.235,378152.5
2025-09-11T03:30:00+00:00,4.236,4.241,4.226,4.231,280002.0
2025-09-11T03:45:00+00:00,4.230,4.247,4.229,4.242,235131.8
2025-09-11T04:00:00+00:00,4.242,4.245,4.222,4.223,318445.8
2025-09-11T04:15:00+00:00,4.223,4.232,4.219,4.228,197979.0
2025-09-11T04:30:00+00:00,4.229,4.234,4.222,4.230,147045.7
2025-09-11T04:45:00+00:00,4.230,4.230,4.223,4.226,104793.9
2025-09-11T05:00:00+00:00,4.225,4.226,4.201,4.203,310293.0
2025-09-11T05:15:00+00:00,4.203,4.207,4.195,4.204,368867.3
2025-09-11T05:30:00+00:00,4.204,4.215,4.198,4.215,356434.5
2025-09-11T05:45:00+00:00,4.215,4.222,4.210,4.218,290808.3
2025-09-11T06:00:00+00:00,4.218,4.219,4.205,4.210,257854.5
2025-09-11T06:15:00+00:00,4.211,4.228,4.206,4.220,264839.3
2025-09-11T06:30:00+00:00,4.220,4.231,4.214,4.228,331595.3
2025-09-11T06:45:00+00:00,4.228,4.230,4.219,4.223,160224.5
2025-09-11T07:00:00+00:00,4.224,4.228,4.210,4.216,488835.7
2025-09-11T07:15:00+00:00,4.216,4.222,4.209,4.221,149080.7
2025-09-11T07:30:00+00:00,4.221,4.232,4.216,4.227,312646.7
2025-09-11T07:45:00+00:00,4.226,4.230,4.219,4.226,160618.4
2025-09-11T08:00:00+00:00,4.225,4.226,4.212,4.220,255742.8
2025-09-11T08:15:00+00:00,4.220,4.224,4.216,4.216,189782.7
2025-09-11T08:30:00+00:00,4.216,4.225,4.213,4.224,125299.0
2025-09-11T08:45:00+00:00,4.225,4.226,4.200,4.206,883783.6
2025-09-11T09:00:00+00:00,4.206,4.206,4.195,4.195,264093.7
2025-09-11T09:15:00+00:00,4.195,4.201,4.172,4.183,815520.6
2025-09-11T09:30:00+00:00,4.183,4.195,4.177,4.193,877508.5
2025-09-11T09:45:00+00:00,4.194,4.194,4.185,4.188,203598.6
2025-09-11T10:00:00+00:00,4.188,4.199,4.184,4.196,200689.8
2025-09-11T10:15:00+00:00,4.196,4.198,4.189,4.191,143001.8
2025-09-11T10:30:00+00:00,4.192,4.210,4.190,4.205,298556.9
2025-09-11T10:45:00+00:00,4.205,4.207,4.198,4.204,211227.3
2025-09-11T11:00:00+00:00,4.204,4.218,4.202,4.215,208096.4
2025-09-11T11:15:00+00:00,4.215,4.217,4.205,4.206,149881.2
2025-09-11T11:30:00+00:00,4.206,4.207,4.193,4.198,228937.7
2025-09-11T11:45:00+00:00,4.198,4.200,4.186,4.193,199556.2
2025-09-11T12:00:00+00:00,4.193,4.224,4.190,4.218,642949.9
2025-09-11T12:15:00+00:00,4.219,4.238,4.209,4.238,559228.6
2025-09-11T12:30:00+00:00,4.239,4.245,4.126,4.191,4072194.4
2025-09-11T12:45:00+00:00,4.191,4.204,4.175,4.190,786262.8
2025-09-11T13:00:00+00:00,4.190,4.192,4.141,4.148,1050388.4
2025-09-11T13:15:00+00:00,4.149,4.177,4.143,4.170,593644.6
2025-09-11T13:30:00+00:00,4.170,4.197,4.170,4.173,649898.0
2025-09-11T13:45:00+00:00,4.173,4.207,4.168,4.206,725578.5
2025-09-11T14:00:00+00:00,4.207,4.208,4.165,4.168,726941.9
2025-09-11T14:15:00+00:00,4.167,4.168,4.149,4.168,578157.1
2025-09-11T14:30:00+00:00,4.167,4.198,4.167,4.188,565851.7
2025-09-11T14:45:00+00:00,4.188,4.195,4.177,4.183,243192.1
2025-09-11T15:00:00+00:00,4.182,4.185,4.167,4.168,290387.8
2025-09-11T15:15:00+00:00,4.168,4.183,4.166,4.170,198969.9
2025-09-11T15:30:00+00:00,4.169,4.180,4.165,4.170,133484.6
2025-09-11T15:45:00+00:00,4.170,4.171,4.156,4.161,285774.9
2025-09-11T16:00:00+00:00,4.161,4.184,4.159,4.180,241573.7
2025-09-11T16:15:00+00:00,4.181,4.186,4.166,4.168,146676.1
2025-09-11T16:30:00+00:00,4.167,4.191,4.167,4.188,271983.4
2025-09-11T16:45:00+00:00,4.188,4.188,4.172,4.180,145166.0
2025-09-11T17:00:00+00:00,4.180,4.184,4.171,4.173,338352.4
2025-09-11T17:15:00+00:00,4.172,4.177,4.166,4.171,278876.4
2025-09-11T17:30:00+00:00,4.172,4.194,4.169,4.194,309554.7
2025-09-11T17:45:00+00:00,4.193,4.196,4.183,4.189,282368.9
2025-09-11T18:00:00+00:00,4.189,4.191,4.179,4.181,182342.2
2025-09-11T18:15:00+00:00,4.181,4.188,4.173,4.187,147904.1
2025-09-11T18:30:00+00:00,4.187,4.190,4.176,4.188,107147.9
2025-09-11T18:45:00+00:00,4.188,4.190,4.182,4.187,93979.5
2025-09-11T19:00:00+00:00,4.186,4.214,4.184,4.203,733289.8
2025-09-11T19:15:00+00:00,4.203,4.217,4.202,4.214,223482.6
2025-09-11T19:30:00+00:00,4.215,4.229,4.215,4.225,364546.5
2025-09-11T19:45:00+00:00,4.225,4.231,4.211,4.212,278701.4
2025-09-11T20:00:00+00:00,4.211,4.214,4.202,4.205,186048.4
2025-09-11T20:15:00+00:00,4.205,4.220,4.203,4.214,166509.7
2025-09-11T20:30:00+00:00,4.214,4.220,4.206,4.214,175720.9
2025-09-11T20:45:00+00:00,4.213,4.225,4.211,4.216,148503.8
2025-09-11T21:00:00+00:00,4.217,4.236,4.214,4.232,374097.0
2025-09-11T21:15:00+00:00,4.232,4.234,4.220,4.228,178648.6
2025-09-11T21:30:00+00:00,4.227,4.236,4.226,4.235,113464.9
2025-09-11T21:45:00+00:00,4.235,4.236,4.230,4.233,69684.9
2025-09-11T22:00:00+00:00,4.233,4.238,4.227,4.234,209027.2
2025-09-11T22:15:00+00:00,4.234,4.250,4.231,4.247,333763.2
2025-09-11T22:30:00+00:00,4.246,4.250,4.238,4.242,255819.3
2025-09-11T22:45:00+00:00,4.242,4.247,4.234,4.236,231148.3
2025-09-11T23:00:00+00:00,4.236,4.256,4.235,4.253,392816.9
2025-09-11T23:15:00+00:00,4.252,4.256,4.246,4.251,157023.7
2025-09-11T23:30:00+00:00,4.252,4.253,4.242,4.246,203265.8
2025-09-11T23:45:00+00:00,4.245,4.247,4.233,4.242,286139.4
2025-09-12T00:00:00+00:00,4.242,4.250,4.227,4.229,868285.7
2025-09-12T00:15:00+00:00,4.229,4.247,4.227,4.245,277920.9
2025-09-12T00:30:00+00:00,4.245,4.277,4.245,4.273,512692.2
2025-09-12T00:45:00+00:00,4.274,4.280,4.258,4.263,782254.9
2025-09-12T01:00:00+00:00,4.263,4.275,4.256,4.257,300537.6
2025-09-12T01:15:00+00:00,4.257,4.270,4.256,4.259,344264.4
2025-09-12T01:30:00+00:00,4.259,4.260,4.245,4.254,313169.1
2025-09-12T01:45:00+00:00,4.255,4.255,4.240,4.244,264955.5
2025-09-12T02:00:00+00:00,4.245,4.253,4.242,4.242,158271.3
2025-09-12T02:15:00+00:00,4.243,4.254,4.240,4.243,167899.2
2025-09-12T02:30:00+00:00,4.243,4.256,4.240,4.250,151244.3
2025-09-12T02:45:00+00:00,4.250,4.251,4.219,4.227,562318.8
2025-09-12T03:00:00+00:00,4.226,4.230,4.211,4.217,358333.3
2025-09-12T03:15:00+00:00,4.217,4.221,4.209,4.212,240438.2
2025-09-12T03:30:00+00:00,4.211,4.212,4.198,4.207,379670.5
2025-09-12T03:45:00+00:00,4.207,4.219,4.206,4.218,185977.5
2025-09-12T04:00:00+00:00,4.217,4.219,4.204,4.215,294120.2
2025-09-12T04:15:00+00:00,4.215,4.225,4.213,4.225,201906.9
2025-09-12T04:30:00+00:00,4.225,4.226,4.215,4.219,187968.7
2025-09-12T04:45:00+00:00,4.218,4.223,4.211,4.220,203520.3
2025-09-12T05:00:00+00:00,4.221,4.223,4.213,4.219,126608.9
2025-09-12T05:15:00+00:00,4.218,4.234,4.218,4.230,334596.6
2025-09-12T05:30:00+00:00,4.230,4.242,4.226,4.242,230282.9
2025-09-12T05:45:00+00:00,4.242,4.250,4.239,4.250,196413.8
2025-09-12T06:00:00+00:00,4.249,4.257,4.247,4.252,558631.6
2025-09-12T06:15:00+00:00,4.251,4.270,4.251,4.260,470407.5
2025-09-12T06:30:00+00:00,4.260,4.262,4.250,4.257,297462.6
2025-09-12T06:45:00+00:00,4.257,4.258,4.250,4.253,171173.7
2025-09-12T07:00:00+00:00,4.253,4.260,4.251,4.252,213461.0
2025-09-12T07:15:00+00:00,4.252,4.256,4.248,4.249,144275.3
2025-09-12T07:30:00+00:00,4.249,4.250,4.231,4.232,619432.1
2025-09-12T07:45:00+00:00,4.231,4.241,4.228,4.231,303898.6
2025-09-12T08:00:00+00:00,4.231,4.232,4.220,4.221,291214.8
2025-09-12T08:15:00+00:00,4.220,4.227,4.210,4.213,415569.4
2025-09-12T08:30:00+00:00,4.213,4.214,4.206,4.210,315679.7
2025-09-12T08:45:00+00:00,4.210,4.215,4.205,4.215,165226.6
2025-09-12T09:00:00+00:00,4.214,4.219,4.206,4.214,178376.8
2025-09-12T09:15:00+00:00,4.215,4.219,4.197,4.200,285300.0
2025-09-12T09:30:00+00:00,4.200,4.208,4.186,4.186,389481.7
2025-09-12T09:45:00+00:00,4.187,4.195,4.184,4.195,291933.9
2025-09-12T10:00:00+00:00,4.194,4.195,4.172,4.180,393485.2
2025-09-12T10:15:00+00:00,4.181,4.189,4.176,4.184,236374.4
2025-09-12T10:30:00+00:00,4.183,4.193,4.183,4.193,176496.2
2025-09-12T10:45:00+00:00,4.192,4.202,4.189,4.198,282606.8
2025-09-12T11:00:00+00:00,4.197,4.202,4.190,4.195,184286.3
2025-09-12T11:15:00+00:00,4.196,4.206,4.194,4.204,171178.7
2025-09-12T11:30:00+00:00,4.203,4.206,4.182,4.183,229334.2
2025-09-12T11:45:00+00:00,4.183,4.185,4.167,4.173,301269.0
2025-09-12T12:00:00+00:00,4.173,4.176,4.151,4.163,912587.2
2025-09-12T12:15:00+00:00,4.163,4.184,4.161,4.180,374650.6
2025-09-12T12:30:00+00:00,4.181,4.185,4.174,4.184,256377.6
2025-09-12T12:45:00+00:00,4.184,4.198,4.183,4.195,235119.6
2025-09-12T13:00:00+00:00,4.195,4.199,4.190,4.193,164823.7
2025-09-12T13:15:00+00:00,4.192,4.203,4.188,4.202,220768.2
2025-09-12T13:30:00+00:00,4.203,4.219,4.195,4.209,896691.1
2025-09-12T13:45:00+00:00,4.209,4.223,4.202,4.220,309528.0
2025-09-12T14:00:00+00:00,4.219,4.240,4.213,4.226,997139.4
2025-09-12T14:15:00+00:00,4.227,4.245,4.223,4.234,554553.1
2025-09-12T14:30:00+00:00,4.235,4.239,4.207,4.208,438526.9
2025-09-12T14:45:00+00:00,4.208,4.221,4.207,4.218,289187.2
2025-09-12T15:00:00+00:00,4.219,4.220,4.197,4.200,420969.4
2025-09-12T15:15:00+00:00,4.200,4.209,4.193,4.194,271057.4
2025-09-12T15:30:00+00:00,4.194,4.202,4.186,4.187,307161.0
2025-09-12T15:45:00+00:00,4.187,4.201,4.186,4.194,419366.2
2025-09-12T16:00:00+00:00,4.195,4.216,4.193,4.215,320049.5
2025-09-12T16:15:00+00:00,4.214,4.226,4.210,4.224,436098.6
2025-09-12T16:30:00+00:00,4.225,4.234,4.213,4.216,265350.5
2025-09-12T16:45:00+00:00,4.216,4.224,4.209,4.220,487713.5
2025-09-12T17:00:00+00:00,4.220,4.228,4.212,4.223,434575.2
2025-09-12T17:15:00+00:00,4.224,4.240,4.222,4.239,373926.0
2025-09-12T17:30:00+00:00,4.240,4.265,4.236,4.262,829401.2
2025-09-12T17:45:00+00:00,4.261,4.264,4.240,4.251,794073.1
2025-09-12T18:00:00+00:00,4.250,4.258,4.243,4.255,559780.0
2025-09-12T18:15:00+00:00,4.255,4.273,4.254,4.272,452688.8
2025-09-12T18:30:00+00:00,4.273,4.290,4.269,4.289,940438.8
2025-09-12T18:45:00+00:00,4.289,4.291,4.277,4.291,602665.5
2025-09-12T19:00:00+00:00,4.291,4.293,4.277,4.279,470543.6
2025-09-12T19:15:00+00:00,4.278,4.282,4.272,4.280,322338.3
2025-09-12T19:30:00+00:00,4.281,4.290,4.273,4.287,254502.9
2025-09-12T19:45:00+00:00,4.288,4.296,4.286,4.292,311083.4
2025-09-12T20:00:00+00:00,4.291,4.296,4.262,4.270,801252.9
2025-09-12T20:15:00+00:00,4.271,4.273,4.250,4.254,555305.8
2025-09-12T20:30:00+00:00,4.255,4.274,4.255,4.268,281672.9
2025-09-12T20:45:00+00:00,4.269,4.280,4.266,4.269,356210.0
2025-09-12T21:00:00+00:00,4.270,4.272,4.257,4.271,458201.9
2025-09-12T21:15:00+00:00,4.271,4.277,4.265,4.269,205209.4
2025-09-12T21:30:00+00:00,4.269,4.269,4.259,4.266,166138.3
2025-09-12T21:45:00+00:00,4.267,4.276,4.263,4.272,95016.8
2025-09-12T22:00:00+00:00,4.273,4.291,4.273,4.289,333729.7
2025-09-12T22:15:00+00:00,4.288,4.319,4.288,4.310,1183463.8
2025-09-12T22:30:00+00:00,4.311,4.319,4.299,4.304,369265.0
2025-09-12T22:45:00+00:00,4.305,4.319,4.303,4.315,304206.6
2025-09-12T23:00:00+00:00,4.314,4.316,4.306,4.310,309844.9
2025-09-12T23:15:00+00:00,4.310,4.321,4.308,4.319,351805.3
2025-09-12T23:30:00+00:00,4.318,4.322,4.312,4.317,223808.2
2025-09-12T23:45:00+00:00,4.316,4.320,4.314,4.318,269155.1
2025-09-13T00:00:00+00:00,4.318,4.321,4.310,4.318,301160.3
2025-09-13T00:15:00+00:00,4.318,4.321,4.304,4.306,233144.5
2025-09-13T00:30:00+00:00,4.306,4.332,4.306,4.329,369990.0
2025-09-13T00:45:00+00:00,4.329,4.342,4.328,4.338,379561.3
2025-09-13T01:00:00+00:00,4.338,4.347,4.331,4.337,503113.9
2025-09-13T01:15:00+00:00,4.337,4.354,4.331,4.332,530874.0
2025-09-13T01:30:00+00:00,4.332,4.339,4.325,4.328,310759.8
2025-09-13T01:45:00+00:00,4.328,4.331,4.311,4.314,270233.3
2025-09-13T02:00:00+00:00,4.314,4.330,4.302,4.325,401650.5
2025-09-13T02:15:00+00:00,4.325,4.326,4.314,4.321,262837.9
2025-09-13T02:30:00+00:00,4.320,4.327,4.314,4.327,279429.1
2025-09-13T02:45:00+00:00,4.327,4.342,4.326,4.338,302081.8
2025-09-13T03:00:00+00:00,4.338,4.347,4.338,4.347,232082.6
2025-09-13T03:15:00+00:00,4.347,4.356,4.344,4.355,262434.8
2025-09-13T03:30:00+00:00,4.356,4.364,4.351,4.361,328069.9
2025-09-13T03:45:00+00:00,4.362,4.382,4.356,4.377,539939.6
2025-09-13T04:00:00+00:00,4.377,4.383,4.367,4.379,445055.3
2025-09-13T04:15:00+00:00,4.378,4.380,4.363,4.373,356683.2
2025-09-13T04:30:00+00:00,4.372,4.397,4.372,4.391,553638.5
2025-09-13T04:45:00+00:00,4.391,4.395,4.378,4.388,385014.3
2025-09-13T05:00:00+00:00,4.388,4.388,4.367,4.371,404351.4
2025-09-13T05:15:00+00:00,4.370,4.388,4.359,4.385,360488.3
2025-09-13T05:30:00+00:00,4.386,4.409,4.382,4.399,758487.5
2025-09-13T05:45:00+00:00,4.398,4.417,4.384,4.415,568413.8
2025-09-13T06:00:00+00:00,4.415,4.503,4.410,4.488,2541523.7
2025-09-13T06:15:00+00:00,4.489,4.493,4.455,4.464,1215266.3
2025-09-13T06:30:00+00:00,4.464,4.469,4.442,4.449,717600.7
2025-09-13T06:45:00+00:00,4.449,4.461,4.441,4.449,522645.8
2025-09-13T07:00:00+00:00,4.449,4.451,4.428,4.434,498896.1
2025-09-13T07:15:00+00:00,4.434,4.461,4.433,4.456,551020.5
2025-09-13T07:30:00+00:00,4.456,4.486,4.454,4.475,641293.1
2025-09-13T07:45:00+00:00,4.475,4.484,4.454,4.456,376522.2
2025-09-13T08:00:00+00:00,4.456,4.486,4.451,4.485,666536.0
2025-09-13T08:15:00+00:00,4.484,4.506,4.484,4.505,595607.4
2025-09-13T08:30:00+00:00,4.506,4.528,4.484,4.495,1161289.4
2025-09-13T08:45:00+00:00,4.495,4.515,4.486,4.502,583575.8
2025-09-13T09:00:00+00:00,4.501,4.518,4.491,4.504,1047423.2
2025-09-13T09:15:00+00:00,4.504,4.519,4.500,4.512,730423.4
2025-09-13T09:30:00+00:00,4.512,4.517,4.500,4.500,554355.8
2025-09-13T09:45:00+00:00,4.500,4.516,4.493,4.515,568571.0
2025-09-13T10:00:00+00:00,4.514,4.521,4.504,4.512,418217.0
2025-09-13T10:15:00+00:00,4.512,4.540,4.506,4.530,1012965.9
2025-09-13T10:30:00+00:00,4.529,4.565,4.508,4.559,1630690.6
2025-09-13T10:45:00+00:00,4.558,4.594,4.558,4.572,1255903.2
2025-09-13T11:00:00+00:00,4.573,4.576,4.509,4.517,1575366.7
2025-09-13T11:15:00+00:00,4.516,4.553,4.507,4.538,1188226.1
2025-09-13T11:30:00+00:00,4.538,4.578,4.529,4.571,631798.0
2025-09-13T11:45:00+00:00,4.571,4.587,4.566,4.585,623434.9
2025-09-13T12:00:00+00:00,4.585,4.592,4.557,4.560,1073554.1
2025-09-13T12:15:00+00:00,4.560,4.578,4.557,4.563,567305.3
2025-09-13T12:30:00+00:00,4.564,4.599,4.553,4.597,762430.9
2025-09-13T12:45:00+00:00,4.596,4.625,4.596,4.614,1105647.4
2025-09-13T13:00:00+00:00,4.614,4.614,4.587,4.608,844013.5
2025-09-13T13:15:00+00:00,4.608,4.623,4.592,4.600,706436.6
2025-09-13T13:30:00+00:00,4.599,4.603,4.579,4.579,623260.9
2025-09-13T13:45:00+00:00,4.579,4.580,4.482,4.539,3244562.0
2025-09-13T14:00:00+00:00,4.539,4.548,4.491,4.535,1359495.7
2025-09-13T14:15:00+00:00,4.535,4.575,4.532,4.562,527898.5
2025-09-13T14:30:00+00:00,4.562,4.568,4.536,4.547,647234.4
2025-09-13T14:45:00+00:00,4.546,4.556,4.531,4.534,299185.5
2025-09-13T15:00:00+00:00,4.534,4.556,4.532,4.543,380532.2
2025-09-13T15:15:00+00:00,4.542,4.554,4.525,4.530,452796.5
2025-09-13T15:30:00+00:00,4.530,4.533,4.493,4.514,991519.4
2025-09-13T15:45:00+00:00,4.514,4.524,4.506,4.511,471376.4
2025-09-13T16:00:00+00:00,4.512,4.542,4.510,4.515,1146646.1
2025-09-13T16:15:00+00:00,4.516,4.524,4.501,4.510,530053.6
2025-09-13T16:30:00+00:00,4.509,4.519,4.462,4.484,1336617.3
2025-09-13T16:45:00+00:00,4.483,4.490,4.441,4.466,1144395.3
2025-09-13T17:00:00+00:00,4.467,4.474,4.416,4.417,1763959.4
2025-09-13T17:15:00+00:00,4.417,4.468,4.417,4.454,644366.8
2025-09-13T17:30:00+00:00,4.454,4.482,4.451,4.478,557769.7
2025-09-13T17:45:00+00:00,4.477,4.494,4.475,4.486,346700.2
2025-09-13T18:00:00+00:00,4.486,4.487,4.453,4.467,409883.4
2025-09-13T18:15:00+00:00,4.467,4.482,4.454,4.476,283102.7
2025-09-13T18:30:00+00:00,4.475,4.479,4.457,4.472,219848.6
2025-09-13T18:45:00+00:00,4.471,4.477,4.461,4.472,204038.6
2025-09-13T19:00:00+00:00,4.474,4.476,4.459,4.469,252406.9
2025-09-13T19:15:00+00:00,4.469,4.470,4.453,4.459,141377.8
2025-09-13T19:30:00+00:00,4.460,4.474,4.460,4.465,185154.2
2025-09-13T19:45:00+00:00,4.466,4.469,4.458,4.464,224007.3
2025-09-13T20:00:00+00:00,4.465,4.496,4.460,4.494,542209.8
2025-09-13T20:15:00+00:00,4.494,4.497,4.483,4.483,255868.7
2025-09-13T20:30:00+00:00,4.483,4.489,4.474,4.475,168307.0
2025-09-13T20:45:00+00:00,4.476,4.492,4.476,4.484,152381.1
2025-09-13T21:00:00+00:00,4.483,4.512,4.482,4.499,315568.1
2025-09-13T21:15:00+00:00,4.499,4.517,4.498,4.506,281747.2
2025-09-13T21:30:00+00:00,4.506,4.507,4.494,4.499,147688.7
2025-09-13T21:45:00+00:00,4.498,4.499,4.488,4.492,133450.5
2025-09-13T22:00:00+00:00,4.492,4.514,4.490,4.514,290609.6
2025-09-13T22:15:00+00:00,4.513,4.513,4.500,4.507,239205.2
2025-09-13T22:30:00+00:00,4.508,4.509,4.483,4.490,336340.5
2025-09-13T22:45:00+00:00,4.489,4.494,4.483,4.492,170567.9
2025-09-13T23:00:00+00:00,4.492,4.505,4.488,4.502,305535.7
2025-09-13T23:15:00+00:00,4.502,4.503,4.490,4.490,207252.6
2025-09-13T23:30:00+00:00,4.491,4.495,4.485,4.491,204617.4
2025-09-13T23:45:00+00:00,4.491,4.508,4.490,4.492,203510.5
2025-09-14T00:00:00+00:00,4.491,4.498,4.480,4.486,503663.0
2025-09-14T00:15:00+00:00,4.486,4.488,4.468,4.472,454214.7
2025-09-14T00:30:00+00:00,4.472,4.478,4.460,4.463,330751.1
2025-09-14T00:45:00+00:00,4.462,4.465,4.436,4.447,446907.6
2025-09-14T01:00:00+00:00,4.448,4.448,4.411,4.416,816268.0
2025-09-14T01:15:00+00:00,4.416,4.428,4.404,4.420,479065.9
2025-09-14T01:30:00+00:00,4.419,4.433,4.414,4.432,290507.2
2025-09-14T01:45:00+00:00,4.431,4.461,4.427,4.456,639387.5
2025-09-14T02:00:00+00:00,4.457,4.484,4.448,4.480,426578.0
2025-09-14T02:15:00+00:00,4.480,4.484,4.469,4.475,329490.6
2025-09-14T02:30:00+00:00,4.475,4.475,4.439,4.446,743829.2
2025-09-14T02:45:00+00:00,4.446,4.457,4.442,4.450,238720.0
2025-09-14T03:00:00+00:00,4.451,4.454,4.428,4.435,304121.6
2025-09-14T03:15:00+00:00,4.435,4.440,4.423,4.439,277126.1
2025-09-14T03:30:00+00:00,4.439,4.446,4.429,4.431,193696.1
2025-09-14T03:45:00+00:00,4.431,4.436,4.393,4.399,756102.4
2025-09-14T04:00:00+00:00,4.399,4.404,4.376,4.379,919294.2
2025-09-14T04:15:00+00:00,4.380,4.395,4.362,4.393,499852.6
2025-09-14T04:30:00+00:00,4.393,4.412,4.391,4.412,311623.9
2025-09-14T04:45:00+00:00,4.412,4.412,4.390,4.397,250336.7
2025-09-14T05:00:00+00:00,4.398,4.419,4.393,4.416,234370.3
2025-09-14T05:15:00+00:00,4.416,4.429,4.415,4.426,188396.8
2025-09-14T05:30:00+00:00,4.427,4.435,4.424,4.429,245736.0
2025-09-14T05:45:00+00:00,4.429,4.440,4.429,4.440,211726.2
2025-09-14T06:00:00+00:00,4.440,4.446,4.418,4.420,358462.2
2025-09-14T06:15:00+00:00,4.421,4.430,4.416,4.427,193474.6
2025-09-14T06:30:00+00:00,4.427,4.429,4.411,4.416,192072.5
2025-09-14T06:45:00+00:00,4.415,4.420,4.405,4.418,172952.6
2025-09-14T07:00:00+00:00,4.418,4.419,4.405,4.416,134211.7
2025-09-14T07:15:00+00:00,4.417,4.426,4.412,4.422,91928.1
2025-09-14T07:30:00+00:00,4.422,4.440,4.421,4.428,226616.4
2025-09-14T07:45:00+00:00,4.428,4.435,4.402,4.418,335850.8
2025-09-14T08:00:00+00:00,4.419,4.419,4.404,4.407,379069.0
2025-09-14T08:15:00+00:00,4.407,4.411,4.398,4.405,164079.6
2025-09-14T08:30:00+00:00,4.406,4.439,4.405,4.437,226059.2
2025-09-14T08:45:00+00:00,4.437,4.440,4.418,4.421,267496.7
2025-09-14T09:00:00+00:00,4.420,4.420,4.407,4.412,287492.9
2025-09-14T09:15:00+00:00,4.412,4.459,4.405,4.450,1051903.2
2025-09-14T09:30:00+00:00,4.451,4.466,4.448,4.459,452405.8
2025-09-14T09:45:00+00:00,4.460,4.465,4.446,4.453,181804.1
2025-09-14T10:00:00+00:00,4.453,4.462,4.437,4.438,367514.4
2025-09-14T10:15:00+00:00,4.438,4.449,4.431,4.431,210857.6
2025-09-14T10:30:00+00:00,4.432,4.445,4.431,4.442,144939.9
2025-09-14T10:45:00+00:00,4.441,4.452,4.438,4.445,106229.1
2025-09-14T11:00:00+00:00,4.446,4.451,4.426,4.427,273085.7
2025-09-14T11:15:00+00:00,4.427,4.429,4.386,4.388,1341469.8
2025-09-14T11:30:00+00:00,4.388,4.395,4.367,4.372,1006541.1
2025-09-14T11:45:00+00:00,4.372,4.385,4.364,4.371,445011.0
2025-09-14T12:00:00+00:00,4.372,4.389,4.371,4.379,540758.1
2025-09-14T12:15:00+00:00,4.379,4.391,4.378,4.391,256388.9
2025-09-14T12:30:00+00:00,4.392,4.394,4.340,4.342,1302065.9
2025-09-14T12:45:00+00:00,4.343,4.357,4.324,4.345,1008021.8
2025-09-14T13:00:00+00:00,4.346,4.363,4.335,4.362,381460.0
2025-09-14T13:15:00+00:00,4.362,4.363,4.333,4.339,379206.9
2025-09-14T13:30:00+00:00,4.339,4.350,4.328,4.347,358136.6
2025-09-14T13:45:00+00:00,4.346,4.346,4.303,4.327,991501.1
2025-09-14T14:00:00+00:00,4.327,4.357,4.321,4.344,784061.3
2025-09-14T14:15:00+00:00,4.344,4.346,4.309,4.325,450572.7
2025-09-14T14:30:00+00:00,4.324,4.337,4.285,4.295,1939961.0
2025-09-14T14:45:00+00:00,4.296,4.316,4.275,4.312,1048408.5
2025-09-14T15:00:00+00:00,4.313,4.318,4.282,4.291,592406.2
2025-09-14T15:15:00+00:00,4.291,4.318,4.291,4.314,452716.1
2025-09-14T15:30:00+00:00,4.313,4.335,4.307,4.322,409590.2
2025-09-14T15:45:00+00:00,4.321,4.331,4.317,4.324,244879.4
2025-09-14T16:00:00+00:00,4.324,4.350,4.318,4.335,417522.7
2025-09-14T16:15:00+00:00,4.335,4.363,4.331,4.360,266355.5
2025-09-14T16:30:00+00:00,4.359,4.362,4.347,4.354,237679.7
2025-09-14T16:45:00+00:00,4.355,4.355,4.337,4.344,212697.4
2025-09-14T17:00:00+00:00,4.343,4.351,4.328,4.350,256799.2
2025-09-14T17:15:00+00:00,4.350,4.375,4.345,4.371,461283.3
2025-09-14T17:30:00+00:00,4.370,4.374,4.364,4.368,318681.6
2025-09-14T17:45:00+00:00,4.367,4.375,4.358,4.359,214393.5
2025-09-14T18:00:00+00:00,4.359,4.361,4.347,4.347,232450.2
2025-09-14T18:15:00+00:00,4.347,4.348,4.332,4.335,225303.0
2025-09-14T18:30:00+00:00,4.335,4.341,4.330,4.337,142044.7
2025-09-14T18:45:00+00:00,4.336,4.340,4.326,4.331,117552.7
2025-09-14T19:00:00+00:00,4.330,4.338,4.314,4.331,566165.9
2025-09-14T19:15:00+00:00,4.331,4.345,4.330,4.339,120337.6
2025-09-14T19:30:00+00:00,4.340,4.348,4.334,4.336,123181.1
2025-09-14T19:45:00+00:00,4.337,4.342,4.320,4.328,123043.3
2025-09-14T20:00:00+00:00,4.328,4.345,4.324,4.341,268882.2
2025-09-14T20:15:00+00:00,4.340,4.348,4.331,4.333,115522.3
2025-09-14T20:30:00+00:00,4.332,4.342,4.325,4.342,174218.1
2025-09-14T20:45:00+00:00,4.342,4.342,4.328,4.329,282020.3
2025-09-14T21:00:00+00:00,4.330,4.332,4.307,4.318,304759.4
2025-09-14T21:15:00+00:00,4.318,4.340,4.318,4.331,175458.6
2025-09-14T21:30:00+00:00,4.331,4.353,4.329,4.352,204962.6
2025-09-14T21:45:00+00:00,4.352,4.360,4.339,4.348,168315.4
2025-09-14T22:00:00+00:00,4.348,4.354,4.329,4.337,275580.7
2025-09-14T22:15:00+00:00,4.337,4.339,4.328,4.337,102748.2
2025-09-14T22:30:00+00:00,4.337,4.361,4.333,4.360,143457.4
2025-09-14T22:45:00+00:00,4.359,4.371,4.356,4.361,310694.8
2025-09-14T23:00:00+00:00,4.362,4.364,4.326,4.330,341183.4
2025-09-14T23:15:00+00:00,4.329,4.337,4.318,4.323,222911.2
2025-09-14T23:30:00+00:00,4.323,4.325,4.306,4.317,391703.4
2025-09-14T23:45:00+00:00,4.317,4.321,4.306,4.314,304179.7
2025-09-15T00:00:00+00:00,4.314,4.344,4.312,4.343,363397.8
2025-09-15T00:15:00+00:00,4.342,4.358,4.333,4.357,275864.4
2025-09-15T00:30:00+00:00,4.357,4.359,4.334,4.335,238878.4
2025-09-15T00:45:00+00:00,4.335,4.349,4.333,4.341,141325.7
2025-09-15T01:00:00+00:00,4.340,4.344,4.304,4.304,530848.7
2025-09-15T01:15:00+00:00,4.304,4.322,4.285,4.319,690527.7
2025-09-15T01:30:00+00:00,4.319,4.350,4.317,4.337,436607.2
2025-09-15T01:45:00+00:00,4.336,4.344,4.322,4.329,196946.7
2025-09-15T02:00:00+00:00,4.329,4.365,4.328,4.356,773441.3
2025-09-15T02:15:00+00:00,4.356,4.364,4.343,4.347,217804.5
2025-09-15T02:30:00+00:00,4.346,4.347,4.325,4.336,309289.8
2025-09-15T02:45:00+00:00,4.336,4.344,4.325,4.332,172496.8
2025-09-15T03:00:00+00:00,4.332,4.362,4.328,4.355,332256.4
2025-09-15T03:15:00+00:00,4.355,4.361,4.341,4.349,215991.2
2025-09-15T03:30:00+00:00,4.348,4.362,4.341,4.356,211308.1
2025-09-15T03:45:00+00:00,4.355,4.375,4.355,4.367,378024.4
2025-09-15T04:00:00+00:00,4.366,4.370,4.353,4.354,257949.6
2025-09-15T04:15:00+00:00,4.355,4.386,4.350,4.380,524050.0
2025-09-15T04:30:00+00:00,4.379,4.385,4.367,4.376,335892.6
2025-09-15T04:45:00+00:00,4.377,4.384,4.358,4.361,270948.7
2025-09-15T05:00:00+00:00,4.360,4.387,4.354,4.382,328082.7
2025-09-15T05:15:00+00:00,4.382,4.395,4.374,4.388,642316.3
2025-09-15T05:30:00+00:00,4.389,4.395,4.384,4.386,391628.5
2025-09-15T05:45:00+00:00,4.386,4.400,4.384,4.398,279761.8
2025-09-15T06:00:00+00:00,4.398,4.401,4.378,4.387,415576.9
2025-09-15T06:15:00+00:00,4.388,4.392,4.358,4.359,453367.9
2025-09-15T06:30:00+00:00,4.359,4.365,4.314,4.321,915668.8
2025-09-15T06:45:00+00:00,4.321,4.322,4.300,4.315,540857.2
2025-09-15T07:00:00+00:00,4.314,4.336,4.312,4.335,328987.9
2025-09-15T07:15:00+00:00,4.334,4.348,4.313,4.314,412562.3
2025-09-15T07:30:00+00:00,4.313,4.313,4.242,4.261,3201045.2
2025-09-15T07:45:00+00:00,4.262,4.273,4.236,4.248,1283377.3
2025-09-15T08:00:00+00:00,4.248,4.249,4.153,4.201,5004001.3
2025-09-15T08:15:00+00:00,4.201,4.212,4.182,4.199,1092712.1
2025-09-15T08:30:00+00:00,4.199,4.209,4.179,4.190,543438.3
2025-09-15T08:45:00+00:00,4.190,4.190,4.134,4.142,2510641.9
2025-09-15T09:00:00+00:00,4.143,4.178,4.137,4.171,1362445.0
2025-09-15T09:15:00+00:00,4.171,4.191,4.155,4.183,642178.1
2025-09-15T09:30:00+00:00,4.183,4.198,4.180,4.180,500247.6
2025-09-15T09:45:00+00:00,4.180,4.193,4.169,4.192,636652.9
2025-09-15T10:00:00+00:00,4.191,4.192,4.148,4.164,936345.1
2025-09-15T10:15:00+00:00,4.165,4.190,4.162,4.185,592330.3
2025-09-15T10:30:00+00:00,4.186,4.200,4.179,4.200,371830.3
2025-09-15T10:45:00+00:00,4.200,4.206,4.191,4.197,331981.1
2025-09-15T11:00:00+00:00,4.198,4.205,4.186,4.202,315858.3
2025-09-15T11:15:00+00:00,4.202,4.208,4.178,4.183,591168.0
2025-09-15T11:30:00+00:00,4.182,4.193,4.180,4.186,327638.1
2025-09-15T11:45:00+00:00,4.185,4.194,4.171,4.188,325366.8
2025-09-15T12:00:00+00:00,4.187,4.189,4.171,4.186,465108.8
2025-09-15T12:15:00+00:00,4.186,4.203,4.167,4.167,285556.2
2025-09-15T12:30:00+00:00,4.167,4.184,4.166,4.180,227230.0
2025-09-15T12:45:00+00:00,4.180,4.181,4.155,4.162,278990.9
2025-09-15T13:00:00+00:00,4.162,4.185,4.155,4.184,270313.5
2025-09-15T13:15:00+00:00,4.183,4.187,4.169,4.180,283724.3
2025-09-15T13:30:00+00:00,4.179,4.198,4.161,4.163,1604528.1
2025-09-15T13:45:00+00:00,4.163,4.204,4.162,4.183,686128.9
2025-09-15T14:00:00+00:00,4.183,4.186,4.143,4.167,660901.9
2025-09-15T14:15:00+00:00,4.167,4.186,4.154,4.185,552524.0
2025-09-15T14:30:00+00:00,4.185,4.185,4.164,4.176,279916.0
2025-09-15T14:45:00+00:00,4.177,4.182,4.147,4.148,252087.4
2025-09-15T15:00:00+00:00,4.148,4.163,4.142,4.149,449656.1
2025-09-15T15:15:00+00:00,4.148,4.163,4.132,4.156,545314.3
2025-09-15T15:30:00+00:00,4.156,4.156,4.125,4.129,507439.7
2025-09-15T15:45:00+00:00,4.129,4.152,4.113,4.140,677690.4
2025-09-15T16:00:00+00:00,4.140,4.141,4.104,4.132,771228.2
2025-09-15T16:15:00+00:00,4.132,4.142,4.117,4.122,425844.7
2025-09-15T16:30:00+00:00,4.121,4.148,4.118,4.148,393254.6
2025-09-15T16:45:00+00:00,4.147,4.148,4.101,4.113,389462.0
2025-09-15T17:00:00+00:00,4.112,4.132,4.108,4.121,311968.5
2025-09-15T17:15:00+00:00,4.121,4.128,4.104,4.114,305677.7
2025-09-15T17:30:00+00:00,4.115,4.129,4.110,4.124,457903.9
2025-09-15T17:45:00+00:00,4.124,4.143,4.107,4.143,425805.3
2025-09-15T18:00:00+00:00,4.142,4.142,4.114,4.121,255140.3
2025-09-15T18:15:00+00:00,4.120,4.133,4.118,4.124,185476.3
2025-09-15T18:30:00+00:00,4.124,4.136,4.121,4.130,402346.7
2025-09-15T18:45:00+00:00,4.130,4.147,4.128,4.141,244350.7
2025-09-15T19:00:00+00:00,4.141,4.159,4.136,4.141,343893.3
2025-09-15T19:15:00+00:00,4.140,4.140,4.126,4.129,217958.0
2025-09-15T19:30:00+00:00,4.128,4.155,4.122,4.147,302701.3
2025-09-15T19:45:00+00:00,4.146,4.153,4.136,4.141,183223.3
2025-09-15T20:00:00+00:00,4.142,4.156,4.136,4.151,188846.7
2025-09-15T20:15:00+00:00,4.151,4.159,4.147,4.151,174008.3
2025-09-15T20:30:00+00:00,4.151,4.160,4.150,4.159,181115.1
2025-09-15T20:45:00+00:00,4.158,4.166,4.155,4.163,214666.4
2025-09-15T21:00:00+00:00,4.162,4.163,4.150,4.154,377185.7
2025-09-15T21:15:00+00:00,4.153,4.171,4.152,4.168,160569.9
2025-09-15T21:30:00+00:00,4.167,4.175,4.163,4.174,112311.8
2025-09-15T21:45:00+00:00,4.174,4.176,4.168,4.169,295011.7
2025-09-15T22:00:00+00:00,4.170,4.175,4.158,4.166,249149.0
2025-09-15T22:15:00+00:00,4.166,4.171,4.160,4.165,80350.6
2025-09-15T22:30:00+00:00,4.165,4.167,4.144,4.153,213072.0
2025-09-15T22:45:00+00:00,4.152,4.153,4.146,4.151,132469.2
2025-09-15T23:00:00+00:00,4.150,4.152,4.141,4.149,144444.7
2025-09-15T23:15:00+00:00,4.149,4.160,4.145,4.157,158905.5
2025-09-15T23:30:00+00:00,4.157,4.158,4.135,4.137,236445.6
2025-09-15T23:45:00+00:00,4.136,4.151,4.134,4.148,191770.2
2025-09-16T00:00:00+00:00,4.147,4.148,4.131,4.135,181345.6
2025-09-16T00:15:00+00:00,4.135,4.145,4.125,4.129,256334.8
2025-09-16T00:30:00+00:00,4.129,4.138,4.126,4.129,120975.2
2025-09-16T00:45:00+00:00,4.128,4.135,4.118,4.135,269556.5
2025-09-16T01:00:00+00:00,4.135,4.153,4.132,4.144,287305.7
2025-09-16T01:15:00+00:00,4.144,4.161,4.144,4.154,237703.3
2025-09-16T01:30:00+00:00,4.153,4.160,4.129,4.133,230304.4
2025-09-16T01:45:00+00:00,4.133,4.143,4.121,4.124,266302.9
2025-09-16T02:00:00+00:00,4.124,4.140,4.121,4.139,205329.3
2025-09-16T02:15:00+00:00,4.139,4.146,4.128,4.133,103218.0
2025-09-16T02:30:00+00:00,4.132,4.139,4.126,4.131,164333.3
2025-09-16T02:45:00+00:00,4.132,4.133,4.119,4.120,170256.7
2025-09-16T03:00:00+00:00,4.119,4.131,4.118,4.125,360184.8
2025-09-16T03:15:00+00:00,4.126,4.141,4.121,4.137,329621.7
2025-09-16T03:30:00+00:00,4.138,4.158,4.136,4.158,370365.7
2025-09-16T03:45:00+00:00,4.157,4.158,4.147,4.151,233711.4
2025-09-16T04:00:00+00:00,4.151,4.160,4.126,4.128,269971.2
2025-09-16T04:15:00+00:00,4.129,4.146,4.106,4.139,635769.8
2025-09-16T04:30:00+00:00,4.139,4.143,4.125,4.134,202828.5
2025-09-16T04:45:00+00:00,4.134,4.151,4.131,4.149,374723.5
2025-09-16T05:00:00+00:00,4.148,4.177,4.146,4.170,815992.2
2025-09-16T05:15:00+00:00,4.170,4.179,4.159,4.178,281664.8
2025-09-16T05:30:00+00:00,4.179,4.191,4.171,4.190,614311.7
2025-09-16T05:45:00+00:00,4.190,4.204,4.183,4.204,476233.7
2025-09-16T06:00:00+00:00,4.204,4.207,4.193,4.202,391649.2
2025-09-16T06:15:00+00:00,4.201,4.204,4.182,4.182,324448.3
2025-09-16T06:30:00+00:00,4.183,4.183,4.149,4.157,905915.4
2025-09-16T06:45:00+00:00,4.156,4.158,4.143,4.154,624149.4
2025-09-16T07:00:00+00:00,4.154,4.159,4.144,4.152,361843.2
2025-09-16T07:15:00+00:00,4.151,4.164,4.149,4.158,233367.8
2025-09-16T07:30:00+00:00,4.158,4.162,4.149,4.159,250867.3
2025-09-16T07:45:00+00:00,4.159,4.174,4.156,4.168,508135.9
2025-09-16T08:00:00+00:00,4.168,4.220,4.167,4.217,2768047.8
2025-09-16T08:15:00+00:00,4.217,4.222,4.195,4.195,940037.5
2025-09-16T08:30:00+00:00,4.196,4.210,4.192,4.202,346038.4
2025-09-16T08:45:00+00:00,4.203,4.221,4.199,4.218,344460.7
2025-09-16T09:00:00+00:00,4.219,4.222,4.209,4.218,333720.5
2025-09-16T09:15:00+00:00,4.218,4.244,4.216,4.226,758182.8
2025-09-16T09:30:00+00:00,4.227,4.242,4.210,4.229,902287.8
2025-09-16T09:45:00+00:00,4.230,4.251,4.230,4.242,500123.6
2025-09-16T10:00:00+00:00,4.241,4.248,4.219,4.222,428477.4
2025-09-16T10:15:00+00:00,4.222,4.241,4.211,4.230,398006.1
2025-09-16T10:30:00+00:00,4.229,4.236,4.214,4.220,341446.9
2025-09-16T10:45:00+00:00,4.220,4.235,4.211,4.214,250368.6
2025-09-16T11:00:00+00:00,4.213,4.221,4.198,4.199,425390.6
2025-09-16T11:15:00+00:00,4.199,4.211,4.191,4.208,472548.2
2025-09-16T11:30:00+00:00,4.208,4.220,4.206,4.210,386809.6
2025-09-16T11:45:00+00:00,4.210,4.220,4.205,4.208,203170.1
2025-09-16T12:00:00+00:00,4.208,4.219,4.200,4.212,341324.6
2025-09-16T12:15:00+00:00,4.212,4.221,4.204,4.208,300761.4
2025-09-16T12:30:00+00:00,4.208,4.220,4.208,4.211,232227.1
2025-09-16T12:45:00+00:00,4.211,4.214,4.202,4.206,177740.3
2025-09-16T13:00:00+00:00,4.207,4.222,4.203,4.216,260305.0
2025-09-16T13:15:00+00:00,4.216,4.245,4.207,4.236,713700.1
2025-09-16T13:30:00+00:00,4.237,4.240,4.196,4.200,967665.9
2025-09-16T13:45:00+00:00,4.201,4.207,4.164,4.203,2339495.0
2025-09-16T14:00:00+00:00,4.202,4.203,4.148,4.165,1343715.6
2025-09-16T14:15:00+00:00,4.164,4.178,4.151,4.174,501071.1
2025-09-16T14:30:00+00:00,4.173,4.183,4.159,4.179,435679.1
2025-09-16T14:45:00+00:00,4.179,4.185,4.175,4.181,302050.8
2025-09-16T15:00:00+00:00,4.181,4.183,4.161,4.171,327981.0
2025-09-16T15:15:00+00:00,4.171,4.215,4.169,4.201,1063030.2
2025-09-16T15:30:00+00:00,4.202,4.213,4.193,4.207,323879.5
2025-09-16T15:45:00+00:00,4.207,4.230,4.203,4.226,648134.4
2025-09-16T16:00:00+00:00,4.226,4.231,4.207,4.208,463421.1
2025-09-16T16:15:00+00:00,4.208,4.212,4.191,4.207,407792.3
2025-09-16T16:30:00+00:00,4.206,4.219,4.202,4.205,297066.6
2025-09-16T16:45:00+00:00,4.205,4.215,4.200,4.213,356697.8
2025-09-16T17:00:00+00:00,4.212,4.251,4.210,4.250,877595.0
2025-09-16T17:15:00+00:00,4.251,4.276,4.250,4.271,815452.3
2025-09-16T17:30:00+00:00,4.271,4.284,4.253,4.265,922112.9
2025-09-16T17:45:00+00:00,4.265,4.275,4.249,4.263,293342.5
2025-09-16T18:00:00+00:00,4.262,4.280,4.259,4.271,639768.0
2025-09-16T18:15:00+00:00,4.271,4.281,4.263,4.263,226019.5
2025-09-16T18:30:00+00:00,4.263,4.269,4.249,4.258,337431.7
2025-09-16T18:45:00+00:00,4.257,4.272,4.252,4.263,259816.3
2025-09-16T19:00:00+00:00,4.262,4.268,4.251,4.268,181929.3
2025-09-16T19:15:00+00:00,4.269,4.277,4.260,4.269,266163.8
2025-09-16T19:30:00+00:00,4.270,4.274,4.257,4.260,159749.2
2025-09-16T19:45:00+00:00,4.261,4.276,4.261,4.273,223390.6
2025-09-16T20:00:00+00:00,4.273,4.285,4.267,4.271,293373.7
2025-09-16T20:15:00+00:00,4.271,4.284,4.268,4.281,193804.5
2025-09-16T20:30:00+00:00,4.282,4.282,4.275,4.278,193382.2
2025-09-16T20:45:00+00:00,4.277,4.279,4.255,4.262,732020.6
2025-09-16T21:00:00+00:00,4.262,4.277,4.260,4.264,287965.2
2025-09-16T21:15:00+00:00,4.264,4.271,4.258,4.265,171743.6
2025-09-16T21:30:00+00:00,4.265,4.270,4.263,4.267,195138.8
2025-09-16T21:45:00+00:00,4.267,4.283,4.265,4.281,132017.7
2025-09-16T22:00:00+00:00,4.282,4.294,4.275,4.287,388124.2
2025-09-16T22:15:00+00:00,4.288,4.290,4.280,4.280,170334.3
2025-09-16T22:30:00+00:00,4.281,4.288,4.269,4.286,255310.1
2025-09-16T22:45:00+00:00,4.286,4.289,4.273,4.273,183180.5
2025-09-16T23:00:00+00:00,4.274,4.274,4.263,4.266,232576.3
2025-09-16T23:15:00+00:00,4.265,4.269,4.250,4.252,279167.3
2025-09-16T23:30:00+00:00,4.252,4.260,4.244,4.246,187536.5
2025-09-16T23:45:00+00:00,4.245,4.253,4.242,4.251,207242.1
2025-09-17T00:00:00+00:00,4.251,4.253,4.233,4.242,330207.7
2025-09-17T00:15:00+00:00,4.243,4.253,4.243,4.244,169489.3
2025-09-17T00:30:00+00:00,4.243,4.255,4.241,4.255,180380.2
2025-09-17T00:45:00+00:00,4.255,4.255,4.240,4.242,78894.0
2025-09-17T01:00:00+00:00,4.243,4.246,4.238,4.244,92316.6
2025-09-17T01:15:00+00:00,4.244,4.252,4.235,4.242,192017.6
2025-09-17T01:30:00+00:00,4.241,4.243,4.223,4.227,209978.3
2025-09-17T01:45:00+00:00,4.227,4.236,4.221,4.236,149739.4
2025-09-17T02:00:00+00:00,4.236,4.237,4.224,4.234,109840.1
2025-09-17T02:15:00+00:00,4.234,4.249,4.230,4.244,101634.9
2025-09-17T02:30:00+00:00,4.244,4.255,4.240,4.253,357118.4
2025-09-17T02:45:00+00:00,4.253,4.263,4.242,4.243,317466.1
2025-09-17T03:00:00+00:00,4.244,4.251,4.235,4.249,178180.1
2025-09-17T03:15:00+00:00,4.249,4.252,4.242,4.243,150253.6
2025-09-17T03:30:00+00:00,4.243,4.247,4.220,4.223,267516.2
2025-09-17T03:45:00+00:00,4.223,4.227,4.208,4.210,368412.8
2025-09-17T04:00:00+00:00,4.210,4.223,4.209,4.211,167850.7
2025-09-17T04:15:00+00:00,4.210,4.214,4.198,4.201,369715.0
2025-09-17T04:30:00+00:00,4.201,4.209,4.194,4.195,149150.5
2025-09-17T04:45:00+00:00,4.194,4.194,4.174,4.186,574697.7
2025-09-17T05:00:00+00:00,4.186,4.195,4.184,4.190,292440.2
2025-09-17T05:15:00+00:00,4.191,4.195,4.176,4.179,201154.3
2025-09-17T05:30:00+00:00,4.180,4.190,4.179,4.188,232111.5
2025-09-17T05:45:00+00:00,4.187,4.209,4.171,4.208,560074.0
2025-09-17T06:00:00+00:00,4.207,4.213,4.195,4.204,432121.1
2025-09-17T06:15:00+00:00,4.204,4.219,4.202,4.209,380896.8
2025-09-17T06:30:00+00:00,4.209,4.227,4.204,4.227,435541.8
2025-09-17T06:45:00+00:00,4.227,4.231,4.219,4.228,240298.4
2025-09-17T07:00:00+00:00,4.228,4.228,4.220,4.221,242066.8
2025-09-17T07:15:00+00:00,4.221,4.239,4.219,4.234,483966.2
2025-09-17T07:30:00+00:00,4.234,4.236,4.222,4.224,309899.3
2025-09-17T07:45:00+00:00,4.225,4.229,4.223,4.228,111664.3
2025-09-17T08:00:00+00:00,4.227,4.228,4.198,4.199,426744.4
2025-09-17T08:15:00+00:00,4.199,4.205,4.190,4.194,506797.0
2025-09-17T08:30:00+00:00,4.194,4.195,4.179,4.183,515961.5
2025-09-17T08:45:00+00:00,4.184,4.196,4.182,4.187,230693.7
2025-09-17T09:00:00+00:00,4.187,4.188,4.177,4.180,216744.2
2025-09-17T09:15:00+00:00,4.180,4.188,4.172,4.183,298555.1
2025-09-17T09:30:00+00:00,4.184,4.191,4.178,4.182,297805.2
2025-09-17T09:45:00+00:00,4.182,4.184,4.174,4.176,278892.2
2025-09-17T10:00:00+00:00,4.176,4.185,4.173,4.180,199127.0
2025-09-17T10:15:00+00:00,4.181,4.182,4.157,4.161,659005.7
2025-09-17T10:30:00+00:00,4.161,4.171,4.158,4.169,228076.9
2025-09-17T10:45:00+00:00,4.168,4.174,4.160,4.169,277543.2
2025-09-17T11:00:00+00:00,4.168,4.182,4.165,4.182,201798.6
2025-09-17T11:15:00+00:00,4.182,4.190,4.174,4.186,238838.3
2025-09-17T11:30:00+00:00,4.187,4.187,4.177,4.178,134810.2
2025-09-17T11:45:00+00:00,4.178,4.186,4.176,4.179,131366.9
2025-09-17T12:00:00+00:00,4.179,4.183,4.167,4.176,302790.5
2025-09-17T12:15:00+00:00,4.176,4.187,4.168,4.185,293564.9
2025-09-17T12:30:00+00:00,4.185,4.198,4.177,4.185,300884.2
2025-09-17T12:45:00+00:00,4.184,4.192,4.179,4.188,166073.4
2025-09-17T13:00:00+00:00,4.187,4.194,4.182,4.184,165377.2
2025-09-17T13:15:00+00:00,4.184,4.199,4.181,4.192,377406.8
2025-09-17T13:30:00+00:00,4.192,4.199,4.172,4.176,533094.8
2025-09-17T13:45:00+00:00,4.175,4.197,4.170,4.185,284901.5
2025-09-17T14:00:00+00:00,4.186,4.197,4.179,4.193,214612.0
2025-09-17T14:15:00+00:00,4.193,4.195,4.161,4.169,384751.9
2025-09-17T14:30:00+00:00,4.170,4.182,4.159,4.168,472089.6
2025-09-17T14:45:00+00:00,4.168,4.171,4.156,4.157,433280.3
2025-09-17T15:00:00+00:00,4.158,4.166,4.151,4.163,490952.0
2025-09-17T15:15:00+00:00,4.162,4.173,4.154,4.154,301935.2
2025-09-17T15:30:00+00:00,4.155,4.173,4.155,4.166,175189.3
2025-09-17T15:45:00+00:00,4.166,4.171,4.160,4.164,95280.2
2025-09-17T16:00:00+00:00,4.164,4.164,4.142,4.144,534649.1
2025-09-17T16:15:00+00:00,4.144,4.161,4.133,4.161,542469.9
2025-09-17T16:30:00+00:00,4.161,4.175,4.156,4.172,636119.7
2025-09-17T16:45:00+00:00,4.172,4.193,4.167,4.188,286286.7
2025-09-17T17:00:00+00:00,4.188,4.191,4.174,4.176,293911.4
2025-09-17T17:15:00+00:00,4.177,4.184,4.171,4.175,218032.3
2025-09-17T17:30:00+00:00,4.175,4.232,4.170,4.209,725755.4
2025-09-17T17:45:00+00:00,4.210,4.232,4.130,4.156,1344016.0
2025-09-17T18:00:00+00:00,4.154,4.246,4.148,4.188,4787194.3
2025-09-17T18:15:00+00:00,4.187,4.228,4.166,4.221,1659315.8
2025-09-17T18:30:00+00:00,4.221,4.222,4.162,4.168,1002320.3
2025-09-17T18:45:00+00:00,4.168,4.194,4.154,4.178,1057170.0
2025-09-17T19:00:00+00:00,4.178,4.229,4.175,4.211,1007269.3
2025-09-17T19:15:00+00:00,4.212,4.253,4.212,4.249,775913.5
2025-09-17T19:30:00+00:00,4.248,4.276,4.238,4.273,720272.4
2025-09-17T19:45:00+00:00,4.272,4.282,4.258,4.282,575226.6
2025-09-17T20:00:00+00:00,4.281,4.320,4.280,4.320,1088318.0
2025-09-17T20:15:00+00:00,4.319,4.338,4.297,4.297,977372.8
2025-09-17T20:30:00+00:00,4.297,4.308,4.267,4.280,657834.5
2025-09-17T20:45:00+00:00,4.280,4.288,4.240,4.250,624421.8
2025-09-17T21:00:00+00:00,4.249,4.267,4.221,4.267,935538.4
2025-09-17T21:15:00+00:00,4.268,4.301,4.265,4.293,483869.9
2025-09-17T21:30:00+00:00,4.294,4.308,4.289,4.305,469811.9
2025-09-17T21:45:00+00:00,4.306,4.317,4.296,4.313,298569.5
2025-09-17T22:00:00+00:00,4.313,4.369,4.313,4.364,911396.2
2025-09-17T22:15:00+00:00,4.364,4.385,4.360,4.380,827674.5
2025-09-17T22:30:00+00:00,4.379,4.395,4.368,4.387,740756.6
2025-09-17T22:45:00+00:00,4.388,4.424,4.379,4.406,1081150.0
2025-09-17T23:00:00+00:00,4.407,4.431,4.403,4.427,975741.8
2025-09-17T23:15:00+00:00,4.427,4.430,4.389,4.396,1356680.2
2025-09-17T23:30:00+00:00,4.397,4.420,4.382,4.390,932524.4
2025-09-17T23:45:00+00:00,4.390,4.407,4.388,4.402,372400.4
2025-09-18T00:00:00+00:00,4.402,4.413,4.394,4.410,498280.3
2025-09-18T00:15:00+00:00,4.411,4.422,4.388,4.392,436580.3
2025-09-18T00:30:00+00:00,4.392,4.396,4.382,4.388,360448.3
2025-09-18T00:45:00+00:00,4.388,4.393,4.371,4.381,337623.8
2025-09-18T01:00:00+00:00,4.381,4.434,4.374,4.434,779769.7
2025-09-18T01:15:00+00:00,4.434,4.452,4.427,4.438,2067582.7
2025-09-18T01:30:00+00:00,4.437,4.460,4.432,4.459,599861.7
2025-09-18T01:45:00+00:00,4.458,4.469,4.440,4.446,737434.8
2025-09-18T02:00:00+00:00,4.446,4.449,4.427,4.438,401785.3
2025-09-18T02:15:00+00:00,4.437,4.444,4.413,4.417,431000.7
2025-09-18T02:30:00+00:00,4.418,4.434,4.416,4.425,253563.3
2025-09-18T02:45:00+00:00,4.425,4.452,4.424,4.452,361798.5
2025-09-18T03:00:00+00:00,4.452,4.479,4.441,4.478,702674.4
2025-09-18T03:15:00+00:00,4.477,4.489,4.460,4.481,641642.8
2025-09-18T03:30:00+00:00,4.480,4.485,4.471,4.476,397099.5
2025-09-18T03:45:00+00:00,4.477,4.484,4.472,4.474,317928.9
2025-09-18T04:00:00+00:00,4.474,4.481,4.463,4.476,322524.8
2025-09-18T04:15:00+00:00,4.475,4.487,4.461,4.468,459379.8
2025-09-18T04:30:00+00:00,4.468,4.479,4.458,4.479,424880.6
2025-09-18T04:45:00+00:00,4.479,4.480,4.470,4.477,261291.6
2025-09-18T05:00:00+00:00,4.476,4.480,4.459,4.477,327392.1
2025-09-18T05:15:00+00:00,4.477,4.495,4.474,4.480,517596.2
2025-09-18T05:30:00+00:00,4.480,4.483,4.451,4.461,698342.2
2025-09-18T05:45:00+00:00,4.461,4.465,4.448,4.457,414643.0
2025-09-18T06:00:00+00:00,4.458,4.465,4.427,4.431,631714.9
2025-09-18T06:15:00+00:00,4.431,4.441,4.419,4.422,780018.1
2025-09-18T06:30:00+00:00,4.422,4.443,4.416,4.442,513856.4
2025-09-18T06:45:00+00:00,4.442,4.474,4.442,4.456,977734.6
2025-09-18T07:00:00+00:00,4.457,4.466,4.442,4.448,310300.6
2025-09-18T07:15:00+00:00,4.448,4.463,4.445,4.463,343130.0
2025-09-18T07:30:00+00:00,4.463,4.502,4.459,4.494,1070272.8
2025-09-18T07:45:00+00:00,4.494,4.517,4.480,4.487,1021958.6
2025-09-18T08:00:00+00:00,4.488,4.499,4.474,4.495,481046.5
2025-09-18T08:15:00+00:00,4.494,4.518,4.493,4.504,647052.9
2025-09-18T08:30:00+00:00,4.505,4.525,4.494,4.495,607303.9
2025-09-18T08:45:00+00:00,4.496,4.517,4.491,4.512,561914.0
2025-09-18T09:00:00+00:00,4.512,4.513,4.496,4.504,372404.6
2025-09-18T09:15:00+00:00,4.504,4.548,4.504,4.528,1479885.3
2025-09-18T09:30:00+00:00,4.529,4.536,4.517,4.528,707465.9
2025-09-18T09:45:00+00:00,4.528,4.542,4.520,4.537,493051.2
2025-09-18T10:00:00+00:00,4.538,4.570,4.525,4.525,1295036.1
2025-09-18T10:15:00+00:00,4.525,4.534,4.510,4.518,896505.9
2025-09-18T10:30:00+00:00,4.518,4.543,4.517,4.536,498640.1
2025-09-18T10:45:00+00:00,4.535,4.544,4.532,4.539,373691.3
2025-09-18T11:00:00+00:00,4.539,4.551,4.523,4.534,497113.6
2025-09-18T11:15:00+00:00,4.534,4.541,4.513,4.527,611809.1
2025-09-18T11:30:00+00:00,4.527,4.536,4.519,4.523,328268.6
2025-09-18T11:45:00+00:00,4.524,4.539,4.517,4.526,468938.6
2025-09-18T12:00:00+00:00,4.526,4.539,4.516,4.537,438566.8
2025-09-18T12:15:00+00:00,4.537,4.544,4.526,4.534,494616.4
2025-09-18T12:30:00+00:00,4.535,4.536,4.512,4.519,618687.6
2025-09-18T12:45:00+00:00,4.519,4.541,4.516,4.540,610004.7
2025-09-18T13:00:00+00:00,4.540,4.546,4.522,4.540,440945.9
2025-09-18T13:15:00+00:00,4.539,4.545,4.526,4.535,416590.7
2025-09-18T13:30:00+00:00,4.534,4.553,4.527,4.544,716296.7
2025-09-18T13:45:00+00:00,4.544,4.580,4.525,4.570,1166978.8
2025-09-18T14:00:00+00:00,4.570,4.576,4.550,4.554,1066907.6
2025-09-18T14:15:00+00:00,4.554,4.564,4.540,4.543,723771.8
2025-09-18T14:30:00+00:00,4.543,4.580,4.536,4.569,1207450.5
2025-09-18T14:45:00+00:00,4.568,4.574,4.559,4.562,567892.5
2025-09-18T15:00:00+00:00,4.563,4.566,4.537,4.540,711830.3
2025-09-18T15:15:00+00:00,4.540,4.554,4.538,4.540,436605.5
2025-09-18T15:30:00+00:00,4.540,4.562,4.539,4.550,244693.5
2025-09-18T15:45:00+00:00,4.549,4.564,4.546,4.547,331965.1
2025-09-18T16:00:00+00:00,4.546,4.557,4.543,4.551,549283.3
2025-09-18T16:15:00+00:00,4.552,4.563,4.546,4.552,378956.5
2025-09-18T16:30:00+00:00,4.553,4.559,4.543,4.550,641119.1
2025-09-18T16:45:00+00:00,4.550,4.565,4.548,4.552,346325.5
2025-09-18T17:00:00+00:00,4.551,4.573,4.542,4.567,664828.0
2025-09-18T17:15:00+00:00,4.567,4.580,4.559,4.561,578145.4
2025-09-18T17:30:00+00:00,4.562,4.575,4.556,4.571,356833.5
2025-09-18T17:45:00+00:00,4.571,4.592,4.570,4.583,708803.5
2025-09-18T18:00:00+00:00,4.583,4.588,4.573,4.585,702461.8
2025-09-18T18:15:00+00:00,4.584,4.593,4.581,4.583,462467.2
2025-09-18T18:30:00+00:00,4.584,4.584,4.556,4.576,818813.4
2025-09-18T18:45:00+00:00,4.576,4.594,4.571,4.587,425351.1
2025-09-18T19:00:00+00:00,4.587,4.594,4.575,4.576,521700.7
2025-09-18T19:15:00+00:00,4.576,4.578,4.551,4.552,407953.7
2025-09-18T19:30:00+00:00,4.552,4.558,4.527,4.548,1196888.7
2025-09-18T19:45:00+00:00,4.548,4.568,4.542,4.562,608324.4
2025-09-18T20:00:00+00:00,4.562,4.574,4.551,4.564,473797.3
2025-09-18T20:15:00+00:00,4.564,4.569,4.554,4.556,347670.2
2025-09-18T20:30:00+00:00,4.557,4.563,4.549,4.559,290479.0
2025-09-18T20:45:00+00:00,4.559,4.572,4.558,4.570,231907.3
2025-09-18T21:00:00+00:00,4.570,4.574,4.545,4.548,400567.0
2025-09-18T21:15:00+00:00,4.549,4.568,4.546,4.566,202716.3
2025-09-18T21:30:00+00:00,4.566,4.566,4.555,4.561,152789.4
2025-09-18T21:45:00+00:00,4.561,4.565,4.545,4.549,113481.1
2025-09-18T22:00:00+00:00,4.549,4.556,4.533,4.534,327307.6
2025-09-18T22:15:00+00:00,4.534,4.560,4.532,4.554,296498.8
2025-09-18T22:30:00+00:00,4.555,4.565,4.547,4.553,202105.8
2025-09-18T22:45:00+00:00,4.553,4.559,4.542,4.543,310908.6
2025-09-18T23:00:00+00:00,4.543,4.545,4.510,4.529,1486985.7
2025-09-18T23:15:00+00:00,4.528,4.536,4.515,4.531,406284.4
2025-09-18T23:30:00+00:00,4.532,4.548,4.530,4.530,459836.9
2025-09-18T23:45:00+00:00,4.530,4.546,4.530,4.532,281114.7
2025-09-19T00:00:00+00:00,4.531,4.571,4.531,4.567,943535.7
2025-09-19T00:15:00+00:00,4.567,4.642,4.566,4.635,2522259.3
2025-09-19T00:30:00+00:00,4.636,4.719,4.628,4.707,3198909.9
2025-09-19T00:45:00+00:00,4.708,4.807,4.702,4.800,3648892.2
2025-09-19T01:00:00+00:00,4.801,4.880,4.789,4.797,4276243.2
2025-09-19T01:15:00+00:00,4.797,4.817,4.762,4.783,2500198.3
2025-09-19T01:30:00+00:00,4.784,4.797,4.705,4.746,2740739.2
2025-09-19T01:45:00+00:00,4.745,4.750,4.708,4.720,1300654.3
2025-09-19T02:00:00+00:00,4.720,4.741,4.690,4.697,1150748.4
2025-09-19T02:15:00+00:00,4.696,4.719,4.677,4.678,1174951.6
2025-09-19T02:30:00+00:00,4.678,4.684,4.639,4.668,1787600.0
2025-09-19T02:45:00+00:00,4.668,4.702,4.655,4.684,1973880.4
2025-09-19T03:00:00+00:00,4.684,4.705,4.680,4.693,805998.4
2025-09-19T03:15:00+00:00,4.692,4.711,4.646,4.654,801383.8
2025-09-19T03:30:00+00:00,4.654,4.656,4.613,4.632,1262466.5
2025-09-19T03:45:00+00:00,4.632,4.634,4.616,4.631,590105.8
2025-09-19T04:00:00+00:00,4.630,4.633,4.566,4.578,1640280.1
2025-09-19T04:15:00+00:00,4.577,4.617,4.576,4.616,1133555.0
2025-09-19T04:30:00+00:00,4.616,4.659,4.607,4.650,926771.1
2025-09-19T04:45:00+00:00,4.650,4.671,4.646,4.660,853198.7
2025-09-19T05:00:00+00:00,4.661,4.674,4.641,4.652,766887.6
2025-09-19T05:15:00+00:00,4.652,4.652,4.613,4.621,809750.3
2025-09-19T05:30:00+00:00,4.621,4.652,4.613,4.624,611685.9
2025-09-19T05:45:00+00:00,4.624,4.658,4.618,4.649,515594.0
2025-09-19T06:00:00+00:00,4.649,4.653,4.626,4.627,466883.5
2025-09-19T06:15:00+00:00,4.628,4.643,4.608,4.612,530468.5
2025-09-19T06:30:00+00:00,4.612,4.647,4.604,4.620,1357717.0
2025-09-19T06:45:00+00:00,4.620,4.624,4.575,4.581,767553.8
2025-09-19T07:00:00+00:00,4.581,4.599,4.569,4.589,716954.8
2025-09-19T07:15:00+00:00,4.589,4.622,4.584,4.619,561428.3
2025-09-19T07:30:00+00:00,4.618,4.618,4.596,4.605,420327.3
2025-09-19T07:45:00+00:00,4.605,4.625,4.600,4.601,470368.5
2025-09-19T08:00:00+00:00,4.601,4.633,4.595,4.625,493031.5
2025-09-19T08:15:00+00:00,4.625,4.638,4.618,4.620,456537.8
2025-09-19T08:30:00+00:00,4.619,4.623,4.594,4.603,538000.0
2025-09-19T08:45:00+00:00,4.602,4.602,4.587,4.591,301729.9
2025-09-19T09:00:00+00:00,4.591,4.629,4.585,4.627,600198.9
2025-09-19T09:15:00+00:00,4.627,4.627,4.588,4.589,553492.0
2025-09-19T09:30:00+00:00,4.589,4.599,4.543,4.547,1484728.0
2025-09-19T09:45:00+00:00,4.548,4.552,4.526,4.549,1687886.4
2025-09-19T10:00:00+00:00,4.550,4.564,4.529,4.564,901725.8
2025-09-19T10:15:00+00:00,4.564,4.567,4.546,4.548,530043.2
2025-09-19T10:30:00+00:00,4.548,4.563,4.544,4.555,451112.1
2025-09-19T10:45:00+00:00,4.555,4.561,4.548,4.552,451952.2
2025-09-19T11:00:00+00:00,4.552,4.554,4.535,4.543,621392.6
2025-09-19T11:15:00+00:00,4.543,4.549,4.490,4.494,2443289.5
2025-09-19T11:30:00+00:00,4.494,4.502,4.460,4.462,1995049.5
2025-09-19T11:45:00+00:00,4.462,4.505,4.460,4.494,944907.0
2025-09-19T12:00:00+00:00,4.495,4.522,4.492,4.520,738750.3
2025-09-19T12:15:00+00:00,4.520,4.527,4.484,4.485,803632.3
2025-09-19T12:30:00+00:00,4.485,4.501,4.482,4.496,409646.7
2025-09-19T12:45:00+00:00,4.496,4.502,4.483,4.486,400756.5
2025-09-19T13:00:00+00:00,4.486,4.506,4.480,4.495,469187.8
2025-09-19T13:15:00+00:00,4.494,4.519,4.485,4.504,498233.6
2025-09-19T13:30:00+00:00,4.503,4.530,4.489,4.522,727389.0
2025-09-19T13:45:00+00:00,4.522,4.539,4.514,4.521,685702.1
2025-09-19T14:00:00+00:00,4.521,4.528,4.505,4.515,454532.2
2025-09-19T14:15:00+00:00,4.515,4.520,4.498,4.504,422191.3
2025-09-19T14:30:00+00:00,4.503,4.513,4.495,4.500,405926.4
2025-09-19T14:45:00+00:00,4.501,4.506,4.465,4.486,1969135.3
2025-09-19T15:00:00+00:00,4.485,4.495,4.442,4.448,1889582.1
2025-09-19T15:15:00+00:00,4.449,4.461,4.426,4.451,1670128.3
2025-09-19T15:30:00+00:00,4.450,4.453,4.411,4.449,2056260.4
2025-09-19T15:45:00+00:00,4.448,4.452,4.425,4.441,548305.9
2025-09-19T16:00:00+00:00,4.441,4.457,4.435,4.450,1019728.0
2025-09-19T16:15:00+00:00,4.450,4.452,4.421,4.440,557549.4
2025-09-19T16:30:00+00:00,4.440,4.446,4.424,4.437,352631.8
2025-09-19T16:45:00+00:00,4.437,4.448,4.434,4.447,381469.0
2025-09-19T17:00:00+00:00,4.448,4.450,4.416,4.420,489146.3
2025-09-19T17:15:00+00:00,4.420,4.426,4.406,4.411,607097.3
2025-09-19T17:30:00+00:00,4.411,4.411,4.385,4.392,1131378.6
2025-09-19T17:45:00+00:00,4.392,4.403,4.369,4.377,1013763.2
2025-09-19T18:00:00+00:00,4.376,4.385,4.350,4.372,1246299.4
2025-09-19T18:15:00+00:00,4.372,4.400,4.370,4.390,745762.3
2025-09-19T18:30:00+00:00,4.389,4.416,4.386,4.407,998048.6
2025-09-19T18:45:00+00:00,4.408,4.416,4.389,4.395,435602.4
2025-09-19T19:00:00+00:00,4.396,4.407,4.390,4.397,303066.8
2025-09-19T19:15:00+00:00,4.398,4.416,4.395,4.409,239706.1
2025-09-19T19:30:00+00:00,4.409,4.418,4.401,4.406,256613.8
2025-09-19T19:45:00+00:00,4.406,4.411,4.380,4.387,987463.5
2025-09-19T20:00:00+00:00,4.387,4.408,4.383,4.389,334084.1
2025-09-19T20:15:00+00:00,4.389,4.398,4.382,4.396,292334.5
2025-09-19T20:30:00+00:00,4.396,4.402,4.389,4.397,151937.5
2025-09-19T20:45:00+00:00,4.397,4.398,4.377,4.387,672633.4
2025-09-19T21:00:00+00:00,4.387,4.393,4.374,4.393,339086.6
2025-09-19T21:15:00+00:00,4.392,4.398,4.388,4.390,161675.4
2025-09-19T21:30:00+00:00,4.390,4.401,4.389,4.400,222373.3
2025-09-19T21:45:00+00:00,4.400,4.412,4.399,4.407,181328.9
2025-09-19T22:00:00+00:00,4.407,4.414,4.400,4.413,241537.3
2025-09-19T22:15:00+00:00,4.413,4.415,4.401,4.403,134372.8
2025-09-19T22:30:00+00:00,4.403,4.407,4.398,4.398,191283.1
2025-09-19T22:45:00+00:00,4.399,4.399,4.388,4.388,207234.6
2025-09-19T23:00:00+00:00,4.387,4.390,4.371,4.373,169738.4
2025-09-19T23:15:00+00:00,4.372,4.373,4.320,4.324,1628603.4
2025-09-19T23:30:00+00:00,4.325,4.336,4.315,4.336,729765.8
2025-09-19T23:45:00+00:00,4.335,4.358,4.335,4.355,435160.2
2025-09-20T00:00:00+00:00,4.355,4.373,4.349,4.370,501817.7
2025-09-20T00:15:00+00:00,4.371,4.372,4.339,4.344,797258.7
2025-09-20T00:30:00+00:00,4.345,4.369,4.344,4.364,284776.6
2025-09-20T00:45:00+00:00,4.364,4.385,4.360,4.385,296321.8
2025-09-20T01:00:00+00:00,4.385,4.385,4.356,4.356,360608.7
2025-09-20T01:15:00+00:00,4.355,4.379,4.353,4.377,262782.6
2025-09-20T01:30:00+00:00,4.377,4.378,4.348,4.367,327762.7
2025-09-20T01:45:00+00:00,4.368,4.372,4.356,4.357,151469.9
2025-09-20T02:00:00+00:00,4.356,4.360,4.296,4.311,1920488.8
2025-09-20T02:15:00+00:00,4.310,4.325,4.287,4.315,1049134.0
2025-09-20T02:30:00+00:00,4.315,4.341,4.305,4.338,398379.5
2025-09-20T02:45:00+00:00,4.337,4.343,4.330,4.336,210424.3
2025-09-20T03:00:00+00:00,4.336,4.339,4.314,4.320,258105.6
2025-09-20T03:15:00+00:00,4.319,4.333,4.311,4.316,437668.1
2025-09-20T03:30:00+00:00,4.316,4.333,4.313,4.329,225962.6
2025-09-20T03:45:00+00:00,4.329,4.338,4.326,4.332,123004.8
2025-09-20T04:00:00+00:00,4.333,4.335,4.322,4.327,177125.9
2025-09-20T04:15:00+00:00,4.327,4.336,4.319,4.325,251899.6
2025-09-20T04:30:00+00:00,4.326,4.348,4.323,4.347,167857.8
2025-09-20T04:45:00+00:00,4.347,4.351,4.338,4.341,196808.1
2025-09-20T05:00:00+00:00,4.340,4.343,4.331,4.341,198230.1
2025-09-20T05:15:00+00:00,4.341,4.351,4.338,4.347,168047.8
2025-09-20T05:30:00+00:00,4.348,4.364,4.347,4.362,488837.3
2025-09-20T05:45:00+00:00,4.362,4.378,4.359,4.372,290615.6
2025-09-20T06:00:00+00:00,4.372,4.373,4.350,4.355,338735.6
2025-09-20T06:15:00+00:00,4.355,4.369,4.353,4.366,136925.7
2025-09-20T06:30:00+00:00,4.365,4.384,4.365,4.383,286174.6
2025-09-20T06:45:00+00:00,4.383,4.395,4.382,4.394,393028.5
2025-09-20T07:00:00+00:00,4.394,4.397,4.382,4.385,303720.3
2025-09-20T07:15:00+00:00,4.386,4.393,4.382,4.386,159407.2
2025-09-20T07:30:00+00:00,4.387,4.403,4.382,4.401,331557.3
2025-09-20T07:45:00+00:00,4.401,4.413,4.395,4.413,283415.4
2025-09-20T08:00:00+00:00,4.413,4.413,4.390,4.394,348338.8
2025-09-20T08:15:00+00:00,4.395,4.395,4.372,4.374,307308.9
2025-09-20T08:30:00+00:00,4.374,4.382,4.372,4.378,456246.5
2025-09-20T08:45:00+00:00,4.377,4.378,4.355,4.359,425944.8
2025-09-20T09:00:00+00:00,4.360,4.372,4.352,4.359,378442.0
2025-09-20T09:15:00+00:00,4.360,4.366,4.350,4.352,259703.1
2025-09-20T09:30:00+00:00,4.352,4.352,4.332,4.350,489839.4
2025-09-20T09:45:00+00:00,4.350,4.350,4.340,4.343,160521.2
2025-09-20T10:00:00+00:00,4.343,4.361,4.340,4.359,264841.7
2025-09-20T10:15:00+00:00,4.359,4.362,4.348,4.349,213976.1
2025-09-20T10:30:00+00:00,4.349,4.353,4.341,4.349,180041.5
2025-09-20T10:45:00+00:00,4.350,4.354,4.334,4.334,301224.4
2025-09-20T11:00:00+00:00,4.334,4.361,4.333,4.351,292630.8
2025-09-20T11:15:00+00:00,4.350,4.354,4.331,4.338,258352.3
2025-09-20T11:30:00+00:00,4.339,4.353,4.337,4.348,165347.7
2025-09-20T11:45:00+00:00,4.349,4.361,4.348,4.357,158112.6
2025-09-20T12:00:00+00:00,4.357,4.358,4.349,4.357,187874.5
2025-09-20T12:15:00+00:00,4.357,4.364,4.348,4.350,216535.3
2025-09-20T12:30:00+00:00,4.350,4.356,4.341,4.344,147352.2
2025-09-20T12:45:00+00:00,4.344,4.353,4.339,4.353,213563.4
2025-09-20T13:00:00+00:00,4.352,4.352,4.312,4.333,1272389.1
2025-09-20T13:15:00+00:00,4.333,4.347,4.328,4.338,189665.6
2025-09-20T13:30:00+00:00,4.339,4.351,4.336,4.343,192512.2
2025-09-20T13:45:00+00:00,4.343,4.349,4.337,4.339,193903.5
2025-09-20T14:00:00+00:00,4.339,4.340,4.320,4.326,518102.5
2025-09-20T14:15:00+00:00,4.325,4.353,4.323,4.349,413173.5
2025-09-20T14:30:00+00:00,4.348,4.357,4.343,4.356,339999.3
2025-09-20T14:45:00+00:00,4.355,4.402,4.355,4.399,980125.5
2025-09-20T15:00:00+00:00,4.399,4.451,4.397,4.444,1380567.3
2025-09-20T15:15:00+00:00,4.443,4.459,4.418,4.426,1823237.4
2025-09-20T15:30:00+00:00,4.426,4.430,4.408,4.413,403463.5
2025-09-20T15:45:00+00:00,4.413,4.415,4.384,4.401,1040668.3
2025-09-20T16:00:00+00:00,4.400,4.413,4.395,4.396,367554.8
2025-09-20T16:15:00+00:00,4.395,4.397,4.373,4.380,444356.0
2025-09-20T16:30:00+00:00,4.380,4.410,4.373,4.404,294343.9
2025-09-20T16:45:00+00:00,4.404,4.416,4.400,4.416,301296.6
2025-09-20T17:00:00+00:00,4.416,4.418,4.389,4.393,337858.1
2025-09-20T17:15:00+00:00,4.393,4.402,4.381,4.392,235515.6
2025-09-20T17:30:00+00:00,4.391,4.416,4.389,4.412,303999.0
2025-09-20T17:45:00+00:00,4.411,4.412,4.396,4.398,188202.1
2025-09-20T18:00:00+00:00,4.398,4.398,4.373,4.383,242976.9
2025-09-20T18:15:00+00:00,4.384,4.395,4.376,4.385,134902.8
2025-09-20T18:30:00+00:00,4.385,4.386,4.350,4.358,630945.0
2025-09-20T18:45:00+00:00,4.359,4.363,4.351,4.360,237250.5
2025-09-20T19:00:00+00:00,4.359,4.362,4.347,4.362,255020.6
2025-09-20T19:15:00+00:00,4.362,4.371,4.360,4.365,121641.5
2025-09-20T19:30:00+00:00,4.365,4.370,4.346,4.348,179668.6
2025-09-20T19:45:00+00:00,4.348,4.355,4.341,4.355,241143.8
2025-09-20T20:00:00+00:00,4.354,4.363,4.347,4.358,166568.1
2025-09-20T20:15:00+00:00,4.357,4.374,4.356,4.371,376011.6
2025-09-20T20:30:00+00:00,4.371,4.381,4.365,4.373,154463.5
2025-09-20T20:45:00+00:00,4.373,4.382,4.368,4.379,150072.9
2025-09-20T21:00:00+00:00,4.379,4.382,4.375,4.382,209086.9
2025-09-20T21:15:00+00:00,4.382,4.382,4.370,4.378,122431.7
2025-09-20T21:30:00+00:00,4.377,4.393,4.373,4.390,142786.3
2025-09-20T21:45:00+00:00,4.390,4.390,4.358,4.363,422467.6
2025-09-20T22:00:00+00:00,4.362,4.365,4.354,4.364,153895.5
2025-09-20T22:15:00+00:00,4.365,4.366,4.352,4.357,200109.5
2025-09-20T22:30:00+00:00,4.356,4.359,4.345,4.353,114872.7
2025-09-20T22:45:00+00:00,4.353,4.365,4.353,4.364,129138.5
2025-09-20T23:00:00+00:00,4.364,4.365,4.348,4.350,84751.1
2025-09-20T23:15:00+00:00,4.349,4.355,4.341,4.348,124053.8
2025-09-20T23:30:00+00:00,4.348,4.349,4.339,4.342,306479.7
2025-09-20T23:45:00+00:00,4.341,4.356,4.338,4.353,149950.8
2025-09-21T00:00:00+00:00,4.353,4.356,4.346,4.351,143521.1
2025-09-21T00:15:00+00:00,4.350,4.356,4.342,4.343,114961.4
2025-09-21T00:30:00+00:00,4.342,4.365,4.337,4.359,242077.8
2025-09-21T00:45:00+00:00,4.359,4.372,4.357,4.365,200840.0
2025-09-21T01:00:00+00:00,4.365,4.368,4.338,4.343,217951.6
2025-09-21T01:15:00+00:00,4.342,4.347,4.336,4.340,186582.9
2025-09-21T01:30:00+00:00,4.340,4.340,4.326,4.332,196368.2
2025-09-21T01:45:00+00:00,4.331,4.338,4.324,4.331,168345.3
2025-09-21T02:00:00+00:00,4.330,4.354,4.327,4.351,342088.7
2025-09-21T02:15:00+00:00,4.352,4.356,4.315,4.332,478109.0
2025-09-21T02:30:00+00:00,4.331,4.345,4.326,4.338,439745.1
2025-09-21T02:45:00+00:00,4.338,4.353,4.335,4.350,152609.4
2025-09-21T03:00:00+00:00,4.349,4.354,4.342,4.352,147298.8
2025-09-21T03:15:00+00:00,4.351,4.358,4.346,4.355,123602.7
2025-09-21T03:30:00+00:00,4.355,4.357,4.347,4.351,146597.6
2025-09-21T03:45:00+00:00,4.351,4.358,4.349,4.355,126964.7
2025-09-21T04:00:00+00:00,4.354,4.358,4.334,4.337,274785.9
2025-09-21T04:15:00+00:00,4.337,4.342,4.333,4.337,209863.7
2025-09-21T04:30:00+00:00,4.337,4.346,4.335,4.339,145372.7
2025-09-21T04:45:00+00:00,4.338,4.340,4.328,4.340,109307.3
2025-09-21T05:00:00+00:00,4.340,4.345,4.331,4.335,331122.2
2025-09-21T05:15:00+00:00,4.336,4.343,4.336,4.339,113411.9
2025-09-21T05:30:00+00:00,4.340,4.349,4.337,4.348,177540.1
2025-09-21T05:45:00+00:00,4.348,4.372,4.348,4.371,189209.8
2025-09-21T06:00:00+00:00,4.372,4.385,4.366,4.383,350537.7
2025-09-21T06:15:00+00:00,4.383,4.384,4.368,4.371,247979.3
2025-09-21T06:30:00+00:00,4.371,4.384,4.367,4.383,254682.8
2025-09-21T06:45:00+00:00,4.382,4.383,4.367,4.367,180500.4
2025-09-21T07:00:00+00:00,4.367,4.372,4.355,4.371,217679.6
2025-09-21T07:15:00+00:00,4.371,4.381,4.361,4.374,274278.6
2025-09-21T07:30:00+00:00,4.374,4.380,4.371,4.371,124238.1
2025-09-21T07:45:00+00:00,4.371,4.375,4.360,4.366,199699.3
2025-09-21T08:00:00+00:00,4.367,4.377,4.352,4.355,257649.5
2025-09-21T08:15:00+00:00,4.354,4.357,4.348,4.349,190050.9
2025-09-21T08:30:00+00:00,4.350,4.356,4.346,4.354,157619.2
2025-09-21T08:45:00+00:00,4.354,4.358,4.345,4.348,144254.1
2025-09-21T09:00:00+00:00,4.347,4.355,4.331,4.332,328449.5
2025-09-21T09:15:00+00:00,4.333,4.333,4.304,4.305,906160.1
2025-09-21T09:30:00+00:00,4.306,4.319,4.281,4.317,1286839.1
2025-09-21T09:45:00+00:00,4.317,4.330,4.307,4.319,384299.2
2025-09-21T10:00:00+00:00,4.318,4.324,4.304,4.308,538478.4
2025-09-21T10:15:00+00:00,4.308,4.308,4.296,4.303,313867.9
2025-09-21T10:30:00+00:00,4.303,4.312,4.301,4.303,186055.4
2025-09-21T10:45:00+00:00,4.302,4.303,4.290,4.292,225788.8
2025-09-21T11:00:00+00:00,4.292,4.317,4.286,4.314,268639.1
2025-09-21T11:15:00+00:00,4.313,4.314,4.303,4.310,156359.0
2025-09-21T11:30:00+00:00,4.309,4.321,4.305,4.312,208562.2
2025-09-21T11:45:00+00:00,4.312,4.316,4.296,4.303,290936.8
2025-09-21T12:00:00+00:00,4.303,4.326,4.299,4.323,227039.6
2025-09-21T12:15:00+00:00,4.324,4.338,4.320,4.328,235211.0
2025-09-21T12:30:00+00:00,4.327,4.337,4.322,4.326,218954.2
2025-09-21T12:45:00+00:00,4.325,4.326,4.311,4.316,187893.6
2025-09-21T13:00:00+00:00,4.315,4.328,4.313,4.318,177093.9
2025-09-21T13:15:00+00:00,4.317,4.322,4.310,4.322,162180.3
2025-09-21T13:30:00+00:00,4.322,4.332,4.306,4.311,299189.5
2025-09-21T13:45:00+00:00,4.312,4.325,4.311,4.322,100693.6
2025-09-21T14:00:00+00:00,4.321,4.325,4.305,4.313,198749.6
2025-09-21T14:15:00+00:00,4.312,4.315,4.301,4.304,127328.0
2025-09-21T14:30:00+00:00,4.303,4.315,4.297,4.314,169108.0
2025-09-21T14:45:00+00:00,4.315,4.323,4.298,4.299,220417.5
2025-09-21T15:00:00+00:00,4.299,4.306,4.293,4.304,210736.7
2025-09-21T15:15:00+00:00,4.304,4.311,4.292,4.292,176983.5
2025-09-21T15:30:00+00:00,4.292,4.303,4.284,4.299,278821.8
2025-09-21T15:45:00+00:00,4.299,4.306,4.272,4.280,590381.6
2025-09-21T16:00:00+00:00,4.280,4.289,4.275,4.280,347737.9
2025-09-21T16:15:00+00:00,4.280,4.283,4.259,4.276,561312.5
2025-09-21T16:30:00+00:00,4.276,4.280,4.251,4.256,498866.4
2025-09-21T16:45:00+00:00,4.255,4.268,4.244,4.266,737894.3
2025-09-21T17:00:00+00:00,4.266,4.268,4.245,4.248,477856.5
2025-09-21T17:15:00+00:00,4.247,4.255,4.233,4.246,591063.8
2025-09-21T17:30:00+00:00,4.247,4.259,4.236,4.257,388134.3
2025-09-21T17:45:00+00:00,4.257,4.283,4.255,4.282,269033.4
2025-09-21T18:00:00+00:00,4.281,4.292,4.278,4.283,311157.7
2025-09-21T18:15:00+00:00,4.283,4.293,4.272,4.274,228364.0
2025-09-21T18:30:00+00:00,4.274,4.287,4.272,4.287,155771.3
2025-09-21T18:45:00+00:00,4.286,4.299,4.284,4.298,189170.1
2025-09-21T19:00:00+00:00,4.298,4.299,4.261,4.269,428887.9
2025-09-21T19:15:00+00:00,4.269,4.279,4.260,4.277,155173.4
2025-09-21T19:30:00+00:00,4.277,4.280,4.268,4.275,140594.2
2025-09-21T19:45:00+00:00,4.274,4.286,4.271,4.286,69559.6
2025-09-21T20:00:00+00:00,4.285,4.287,4.270,4.275,163666.0
2025-09-21T20:15:00+00:00,4.275,4.289,4.271,4.288,114501.5
2025-09-21T20:30:00+00:00,4.287,4.287,4.260,4.264,244037.3
2025-09-21T20:45:00+00:00,4.265,4.270,4.260,4.264,117149.2
2025-09-21T21:00:00+00:00,4.264,4.275,4.261,4.273,196025.9
2025-09-21T21:15:00+00:00,4.273,4.273,4.259,4.263,127385.8
2025-09-21T21:30:00+00:00,4.262,4.289,4.260,4.287,148952.9
2025-09-21T21:45:00+00:00,4.287,4.288,4.274,4.275,66300.0
2025-09-21T22:00:00+00:00,4.274,4.281,4.251,4.258,294708.4
2025-09-21T22:15:00+00:00,4.257,4.271,4.250,4.267,324003.6
2025-09-21T22:30:00+00:00,4.268,4.278,4.259,4.277,235424.6
2025-09-21T22:45:00+00:00,4.276,4.290,4.274,4.283,160565.9
2025-09-21T23:00:00+00:00,4.283,4.285,4.252,4.261,294667.5
2025-09-21T23:15:00+00:00,4.260,4.267,4.254,4.265,93264.2
2025-09-21T23:30:00+00:00,4.265,4.271,4.255,4.271,127425.6
2025-09-21T23:45:00+00:00,4.270,4.272,4.258,4.259,90360.2
2025-09-22T00:00:00+00:00,4.259,4.277,4.253,4.258,308180.9
2025-09-22T00:15:00+00:00,4.258,4.266,4.235,4.241,475805.6
2025-09-22T00:30:00+00:00,4.241,4.242,4.177,4.197,3816035.2
2025-09-22T00:45:00+00:00,4.197,4.205,4.155,4.173,1743024.8
2025-09-22T01:00:00+00:00,4.174,4.191,4.156,4.176,802214.6
2025-09-22T01:15:00+00:00,4.175,4.205,4.158,4.191,1394517.3
2025-09-22T01:30:00+00:00,4.191,4.210,4.183,4.202,904586.9
2025-09-22T01:45:00+00:00,4.201,4.206,4.177,4.177,272866.0
2025-09-22T02:00:00+00:00,4.178,4.195,4.169,4.174,594230.7
2025-09-22T02:15:00+00:00,4.175,4.181,4.143,4.162,891581.4
2025-09-22T02:30:00+00:00,4.161,4.161,4.080,4.120,3701375.7
2025-09-22T02:45:00+00:00,4.119,4.135,4.115,4.119,590854.2
2025-09-22T03:00:00+00:00,4.119,4.135,4.118,4.126,551216.0
2025-09-22T03:15:00+00:00,4.125,4.150,4.124,4.146,490495.3
2025-09-22T03:30:00+00:00,4.146,4.146,4.120,4.137,411638.4
2025-09-22T03:45:00+00:00,4.137,4.146,4.130,4.134,385827.8
2025-09-22T04:00:00+00:00,4.134,4.147,4.123,4.125,546972.2
2025-09-22T04:15:00+00:00,4.125,4.142,4.121,4.137,253610.7
2025-09-22T04:30:00+00:00,4.138,4.147,4.132,4.134,251226.0
2025-09-22T04:45:00+00:00,4.134,4.140,4.127,4.127,126618.1
2025-09-22T05:00:00+00:00,4.127,4.131,4.117,4.124,230185.4
2025-09-22T05:15:00+00:00,4.124,4.135,4.117,4.127,223708.2
2025-09-22T05:30:00+00:00,4.126,4.126,4.096,4.097,515760.8
2025-09-22T05:45:00+00:00,4.097,4.109,4.038,4.051,1346627.8
2025-09-22T06:00:00+00:00,4.051,4.052,3.787,3.966,12789848.5
2025-09-22T06:15:00+00:00,3.966,3.996,3.955,3.979,2999069.7
2025-09-22T06:30:00+00:00,3.979,4.003,3.974,4.003,1241661.9
2025-09-22T06:45:00+00:00,4.003,4.009,3.992,4.005,671139.2
2025-09-22T07:00:00+00:00,4.005,4.009,3.988,3.994,795184.1
2025-09-22T07:15:00+00:00,3.995,4.003,3.987,3.998,601563.8
2025-09-22T07:30:00+00:00,3.998,4.013,3.987,3.992,765856.2
2025-09-22T07:45:00+00:00,3.993,4.001,3.975,3.977,535610.0
2025-09-22T08:00:00+00:00,3.978,3.990,3.935,3.981,2242627.5
2025-09-22T08:15:00+00:00,3.981,3.989,3.965,3.979,613007.5
2025-09-22T08:30:00+00:00,3.978,3.989,3.970,3.986,368623.2
2025-09-22T08:45:00+00:00,3.985,3.998,3.974,3.980,404879.5
2025-09-22T09:00:00+00:00,3.979,3.981,3.961,3.967,520174.4
2025-09-22T09:15:00+00:00,3.968,3.980,3.963,3.970,545629.0
2025-09-22T09:30:00+00:00,3.971,3.973,3.954,3.959,527993.1
2025-09-22T09:45:00+00:00,3.960,3.968,3.937,3.945,1514777.8
2025-09-22T10:00:00+00:00,3.944,3.977,3.937,3.970,568793.6
2025-09-22T10:15:00+00:00,3.969,3.977,3.966,3.973,465817.6
2025-09-22T10:30:00+00:00,3.973,3.973,3.955,3.967,354072.1
2025-09-22T10:45:00+00:00,3.967,3.998,3.965,3.994,553913.9
2025-09-22T11:00:00+00:00,3.995,3.999,3.973,3.974,1334480.3
2025-09-22T11:15:00+00:00,3.974,3.981,3.967,3.976,384856.0
2025-09-22T11:30:00+00:00,3.975,3.979,3.965,3.974,247795.0
2025-09-22T11:45:00+00:00,3.975,3.982,3.966,3.974,308180.5
2025-09-22T12:00:00+00:00,3.974,3.980,3.962,3.974,564949.8
2025-09-22T12:15:00+00:00,3.973,3.989,3.972,3.979,358488.4
2025-09-22T12:30:00+00:00,3.979,3.983,3.974,3.978,359222.6
2025-09-22T12:45:00+00:00,3.978,4.000,3.976,3.989,353913.9
2025-09-22T13:00:00+00:00,3.989,4.018,3.985,4.015,476717.8
2025-09-22T13:15:00+00:00,4.016,4.016,3.987,3.996,490624.9
2025-09-22T13:30:00+00:00,3.995,4.002,3.978,3.981,434357.7
2025-09-22T13:45:00+00:00,3.980,4.022,3.972,4.021,677846.2
2025-09-22T14:00:00+00:00,4.022,4.025,4.003,4.007,589631.8
2025-09-22T14:15:00+00:00,4.007,4.021,3.995,4.018,614804.7
2025-09-22T14:30:00+00:00,4.018,4.021,3.993,3.993,590508.1
2025-09-22T14:45:00+00:00,3.994,4.000,3.980,3.987,778398.6
2025-09-22T15:00:00+00:00,3.987,3.996,3.970,3.983,586738.6
2025-09-22T15:15:00+00:00,3.982,3.986,3.967,3.984,301385.9
2025-09-22T15:30:00+00:00,3.984,3.990,3.969,3.971,401597.3
2025-09-22T15:45:00+00:00,3.971,3.988,3.967,3.974,285825.6
2025-09-22T16:00:00+00:00,3.974,3.996,3.972,3.987,420267.8
2025-09-22T16:15:00+00:00,3.988,3.991,3.972,3.977,368452.7
2025-09-22T16:30:00+00:00,3.977,3.984,3.964,3.966,379769.1
2025-09-22T16:45:00+00:00,3.965,3.977,3.962,3.973,324989.5
2025-09-22T17:00:00+00:00,3.973,3.980,3.955,3.965,665832.0
2025-09-22T17:15:00+00:00,3.965,3.986,3.953,3.979,370090.9
2025-09-22T17:30:00+00:00,3.979,3.991,3.971,3.979,408488.7
2025-09-22T17:45:00+00:00,3.979,3.986,3.978,3.983,196398.2
2025-09-22T18:00:00+00:00,3.982,3.992,3.971,3.983,886556.4
2025-09-22T18:15:00+00:00,3.982,3.983,3.967,3.973,254193.9
2025-09-22T18:30:00+00:00,3.974,3.982,3.966,3.970,578929.8
2025-09-22T18:45:00+00:00,3.970,3.973,3.961,3.962,230731.7
2025-09-22T19:00:00+00:00,3.961,3.968,3.957,3.961,199900.6
2025-09-22T19:15:00+00:00,3.961,3.967,3.949,3.953,414760.5
2025-09-22T19:30:00+00:00,3.953,3.956,3.927,3.937,1106737.4
2025-09-22T19:45:00+00:00,3.937,3.949,3.927,3.944,1027595.7
2025-09-22T20:00:00+00:00,3.945,3.960,3.939,3.958,353397.2
2025-09-22T20:15:00+00:00,3.957,3.963,3.947,3.961,229802.0
2025-09-22T20:30:00+00:00,3.961,3.987,3.961,3.985,437657.4
2025-09-22T20:45:00+00:00,3.985,3.994,3.978,3.992,342659.2
2025-09-22T21:00:00+00:00,3.991,3.997,3.983,3.991,326864.3
2025-09-22T21:15:00+00:00,3.991,4.012,3.989,4.010,313172.1
2025-09-22T21:30:00+00:00,4.010,4.032,4.008,4.021,458637.3
2025-09-22T21:45:00+00:00,4.021,4.032,4.013,4.029,174500.9
2025-09-22T22:00:00+00:00,4.029,4.029,4.014,4.020,327950.2
2025-09-22T22:15:00+00:00,4.020,4.023,4.015,4.017,168036.1
2025-09-22T22:30:00+00:00,4.017,4.019,4.008,4.015,196151.3
2025-09-22T22:45:00+00:00,4.015,4.017,4.006,4.014,138171.1
2025-09-22T23:00:00+00:00,4.014,4.022,4.008,4.018,196472.8
2025-09-22T23:15:00+00:00,4.018,4.035,4.017,4.027,168039.9
2025-09-22T23:30:00+00:00,4.027,4.032,4.021,4.026,288512.7
2025-09-22T23:45:00+00:00,4.026,4.037,4.022,4.035,154289.0
2025-09-23T00:00:00+00:00,4.034,4.042,4.028,4.039,340312.2
2025-09-23T00:15:00+00:00,4.040,4.057,4.039,4.052,520866.5
2025-09-23T00:30:00+00:00,4.052,4.054,4.021,4.022,333517.0
2025-09-23T00:45:00+00:00,4.023,4.025,4.013,4.017,330489.6
2025-09-23T01:00:00+00:00,4.017,4.019,3.989,3.995,696422.2
2025-09-23T01:15:00+00:00,3.995,4.017,3.992,4.016,279648.7
2025-09-23T01:30:00+00:00,4.015,4.017,3.993,4.000,240625.4
2025-09-23T01:45:00+00:00,4.000,4.007,3.981,3.983,346870.4
2025-09-23T02:00:00+00:00,3.983,3.997,3.977,3.985,377223.4
2025-09-23T02:15:00+00:00,3.984,3.992,3.974,3.977,245312.2
2025-09-23T02:30:00+00:00,3.976,3.982,3.967,3.973,363450.5
2025-09-23T02:45:00+00:00,3.973,3.976,3.952,3.955,349594.8
2025-09-23T03:00:00+00:00,3.955,3.964,3.924,3.964,1482896.2
2025-09-23T03:15:00+00:00,3.963,4.003,3.962,3.998,821820.2
2025-09-23T03:30:00+00:00,3.998,4.031,3.997,4.019,783083.2
2025-09-23T03:45:00+00:00,4.019,4.030,4.015,4.017,272051.7
2025-09-23T04:00:00+00:00,4.017,4.046,4.010,4.015,1160431.2
2025-09-23T04:15:00+00:00,4.015,4.016,3.998,3.999,217096.1
2025-09-23T04:30:00+00:00,3.999,4.006,3.987,4.004,327487.9
2025-09-23T04:45:00+00:00,4.003,4.007,3.994,3.999,139273.1
2025-09-23T05:00:00+00:00,3.998,4.005,3.984,4.003,367076.4
2025-09-23T05:15:00+00:00,4.003,4.006,3.988,4.005,192344.5
2025-09-23T05:30:00+00:00,4.005,4.021,4.004,4.014,212350.3
2025-09-23T05:45:00+00:00,4.015,4.015,3.992,3.992,283078.6
2025-09-23T06:00:00+00:00,3.992,4.009,3.985,4.002,397907.2
2025-09-23T06:15:00+00:00,4.002,4.014,3.998,4.013,276786.8
2025-09-23T06:30:00+00:00,4.012,4.038,4.010,4.027,554297.0
2025-09-23T06:45:00+00:00,4.026,4.036,4.020,4.028,331840.1
2025-09-23T07:00:00+00:00,4.027,4.028,4.010,4.021,355395.3
2025-09-23T07:15:00+00:00,4.020,4.044,4.014,4.022,457451.8
2025-09-23T07:30:00+00:00,4.021,4.028,4.015,4.019,459440.4
2025-09-23T07:45:00+00:00,4.019,4.025,4.010,4.012,365601.0
2025-09-23T08:00:00+00:00,4.013,4.028,4.008,4.024,442838.8
2025-09-23T08:15:00+00:00,4.023,4.042,4.022,4.032,381223.5
2025-09-23T08:30:00+00:00,4.032,4.037,4.019,4.032,311078.8
2025-09-23T08:45:00+00:00,4.032,4.032,4.024,4.030,229439.9
2025-09-23T09:00:00+00:00,4.030,4.041,4.020,4.036,299263.7
2025-09-23T09:15:00+00:00,4.035,4.037,4.016,4.021,404219.4
2025-09-23T09:30:00+00:00,4.020,4.024,4.010,4.013,262399.5
2025-09-23T09:45:00+00:00,4.012,4.015,3.997,4.007,645015.5
2025-09-23T10:00:00+00:00,4.007,4.017,4.001,4.015,258510.6
2025-09-23T10:15:00+00:00,4.015,4.026,4.000,4.012,796855.0
2025-09-23T10:30:00+00:00,4.011,4.023,4.007,4.022,553876.1
2025-09-23T10:45:00+00:00,4.022,4.031,4.020,4.024,458986.7
2025-09-23T11:00:00+00:00,4.025,4.025,3.999,4.004,273314.5
2025-09-23T11:15:00+00:00,4.003,4.012,4.002,4.010,192564.1
2025-09-23T11:30:00+00:00,4.009,4.026,4.006,4.024,194002.2
2025-09-23T11:45:00+00:00,4.024,4.027,4.015,4.018,185271.4
2025-09-23T12:00:00+00:00,4.018,4.026,4.010,4.023,245461.0
2025-09-23T12:15:00+00:00,4.023,4.030,4.014,4.016,292471.7
2025-09-23T12:30:00+00:00,4.016,4.033,4.011,4.031,318859.2
2025-09-23T12:45:00+00:00,4.031,4.040,4.023,4.030,233960.3
2025-09-23T13:00:00+00:00,4.029,4.032,4.020,4.026,200175.6
2025-09-23T13:15:00+00:00,4.025,4.028,4.013,4.023,176524.1
2025-09-23T13:30:00+00:00,4.022,4.041,4.008,4.016,455118.5
2025-09-23T13:45:00+00:00,4.016,4.027,4.009,4.019,294126.2
2025-09-23T14:00:00+00:00,4.019,4.050,4.014,4.039,501961.9
2025-09-23T14:15:00+00:00,4.039,4.045,4.029,4.038,437062.4
2025-09-23T14:30:00+00:00,4.038,4.043,4.008,4.027,591140.2
2025-09-23T14:45:00+00:00,4.028,4.028,4.009,4.010,283692.6
2025-09-23T15:00:00+00:00,4.010,4.037,3.993,4.029,761765.2
2025-09-23T15:15:00+00:00,4.029,4.047,4.016,4.039,443016.3
2025-09-23T15:30:00+00:00,4.039,4.046,4.029,4.032,318247.7
2025-09-23T15:45:00+00:00,4.032,4.041,4.023,4.032,236961.2
2025-09-23T16:00:00+00:00,4.032,4.036,4.002,4.014,466491.8
2025-09-23T16:15:00+00:00,4.014,4.036,4.009,4.029,241920.4
2025-09-23T16:30:00+00:00,4.029,4.031,4.008,4.013,490294.1
2025-09-23T16:45:00+00:00,4.014,4.054,4.013,4.038,518012.7
2025-09-23T17:00:00+00:00,4.037,4.041,4.012,4.013,363426.8
2025-09-23T17:15:00+00:00,4.013,4.022,4.006,4.008,315252.4
2025-09-23T17:30:00+00:00,4.007,4.011,3.977,3.981,1324884.7
2025-09-23T17:45:00+00:00,3.981,3.997,3.976,3.982,490369.9
2025-09-23T18:00:00+00:00,3.982,3.998,3.977,3.991,488026.7
2025-09-23T18:15:00+00:00,3.991,3.993,3.973,3.981,433053.9
2025-09-23T18:30:00+00:00,3.981,3.990,3.964,3.966,360319.7
2025-09-23T18:45:00+00:00,3.966,3.972,3.958,3.968,424675.3
2025-09-23T19:00:00+00:00,3.967,3.994,3.967,3.989,401049.3
2025-09-23T19:15:00+00:00,3.988,4.001,3.980,3.985,321879.7
2025-09-23T19:30:00+00:00,3.985,3.986,3.971,3.977,311654.2
2025-09-23T19:45:00+00:00,3.978,3.978,3.957,3.965,389386.8
2025-09-23T20:00:00+00:00,3.965,3.989,3.963,3.980,302546.4
2025-09-23T20:15:00+00:00,3.981,3.984,3.966,3.967,213895.2
2025-09-23T20:30:00+00:00,3.966,3.988,3.958,3.986,222134.9
2025-09-23T20:45:00+00:00,3.987,3.994,3.971,3.992,154197.5
2025-09-23T21:00:00+00:00,3.992,3.995,3.974,3.982,194727.2
2025-09-23T21:15:00+00:00,3.983,3.998,3.978,3.998,173136.1
2025-09-23T21:30:00+00:00,3.999,4.014,3.996,4.013,217996.6
2025-09-23T21:45:00+00:00,4.013,4.014,4.004,4.005,110037.0
2025-09-23T22:00:00+00:00,4.006,4.011,3.993,4.002,215545.8
2025-09-23T22:15:00+00:00,4.003,4.004,3.981,3.983,158028.6
2025-09-23T22:30:00+00:00,3.984,4.003,3.983,3.997,138077.5
2025-09-23T22:45:00+00:00,3.997,3.998,3.988,3.990,64289.6
2025-09-23T23:00:00+00:00,3.991,4.000,3.983,3.991,217100.7
2025-09-23T23:15:00+00:00,3.992,3.994,3.962,3.965,483633.5
2025-09-23T23:30:00+00:00,3.964,3.986,3.963,3.977,438649.4
2025-09-23T23:45:00+00:00,3.977,3.979,3.960,3.964,430981.6
2025-09-24T00:00:00+00:00,3.964,3.979,3.954,3.977,567119.1
2025-09-24T00:15:00+00:00,3.977,4.004,3.976,3.998,299816.6
2025-09-24T00:30:00+00:00,3.999,4.000,3.985,3.986,188650.3
2025-09-24T00:45:00+00:00,3.986,3.998,3.967,3.976,539230.8
2025-09-24T01:00:00+00:00,3.977,3.997,3.967,3.997,297074.7
2025-09-24T01:15:00+00:00,3.997,4.004,3.992,4.003,150957.1
2025-09-24T01:30:00+00:00,4.003,4.021,3.997,4.012,501337.2
2025-09-24T01:45:00+00:00,4.011,4.019,4.007,4.017,193356.4
2025-09-24T02:00:00+00:00,4.017,4.021,3.986,3.989,232561.7
2025-09-24T02:15:00+00:00,3.989,3.999,3.980,3.997,162590.9
2025-09-24T02:30:00+00:00,3.997,4.002,3.987,3.996,148894.1
2025-09-24T02:45:00+00:00,3.996,4.005,3.987,3.999,379250.3
2025-09-24T03:00:00+00:00,3.999,4.005,3.983,3.990,176788.8
2025-09-24T03:15:00+00:00,3.990,3.992,3.924,3.945,1189513.1
2025-09-24T03:30:00+00:00,3.945,3.969,3.945,3.959,660138.0
2025-09-24T03:45:00+00:00,3.958,3.962,3.938,3.940,353646.4
2025-09-24T04:00:00+00:00,3.940,3.940,3.883,3.925,2364401.7
2025-09-24T04:15:00+00:00,3.925,3.959,3.908,3.956,642532.8
2025-09-24T04:30:00+00:00,3.955,4.001,3.955,3.992,995125.3
2025-09-24T04:45:00+00:00,3.992,3.996,3.964,3.971,617967.3
2025-09-24T05:00:00+00:00,3.971,3.989,3.968,3.987,235839.7
2025-09-24T05:15:00+00:00,3.988,4.008,3.981,4.001,349874.6
2025-09-24T05:30:00+00:00,4.001,4.029,3.988,4.027,977842.0
2025-09-24T05:45:00+00:00,4.027,4.034,4.022,4.031,360391.0
2025-09-24T06:00:00+00:00,4.032,4.033,4.023,4.028,391018.4
2025-09-24T06:15:00+00:00,4.029,4.036,4.014,4.021,380923.5
2025-09-24T06:30:00+00:00,4.021,4.030,4.017,4.027,194237.4
2025-09-24T06:45:00+00:00,4.028,4.042,4.026,4.034,2364551.2
2025-09-24T07:00:00+00:00,4.034,4.037,4.021,4.027,261122.3
2025-09-24T07:15:00+00:00,4.026,4.039,4.013,4.019,236410.8
2025-09-24T07:30:00+00:00,4.018,4.029,4.014,4.025,195151.0
2025-09-24T07:45:00+00:00,4.026,4.036,4.025,4.031,135485.4
2025-09-24T08:00:00+00:00,4.032,4.038,4.024,4.034,193445.4
2025-09-24T08:15:00+00:00,4.034,4.035,4.023,4.030,269702.3
2025-09-24T08:30:00+00:00,4.030,4.038,4.028,4.035,194276.7
2025-09-24T08:45:00+00:00,4.036,4.041,4.029,4.036,131899.4
2025-09-24T09:00:00+00:00,4.036,4.037,4.026,4.027,319146.5
2025-09-24T09:15:00+00:00,4.027,4.035,4.026,4.033,161233.9
2025-09-24T09:30:00+00:00,4.033,4.052,4.030,4.045,274786.2
2025-09-24T09:45:00+00:00,4.045,4.049,4.038,4.041,304200.0
2025-09-24T10:00:00+00:00,4.041,4.048,4.036,4.044,267395.9
2025-09-24T10:15:00+00:00,4.044,4.056,4.039,4.040,540751.8
2025-09-24T10:30:00+00:00,4.041,4.046,4.036,4.042,210041.0
2025-09-24T10:45:00+00:00,4.042,4.057,4.038,4.052,210103.0
2025-09-24T11:00:00+00:00,4.052,4.075,4.049,4.073,625786.4
2025-09-24T11:15:00+00:00,4.073,4.079,4.065,4.068,447132.0
2025-09-24T11:30:00+00:00,4.068,4.082,4.058,4.070,481917.2
2025-09-24T11:45:00+00:00,4.069,4.071,4.056,4.066,279871.0
2025-09-24T12:00:00+00:00,4.065,4.074,4.056,4.059,289583.6
2025-09-24T12:15:00+00:00,4.060,4.064,4.053,4.058,137841.8
2025-09-24T12:30:00+00:00,4.057,4.066,4.050,4.066,147741.2
2025-09-24T12:45:00+00:00,4.066,4.066,4.049,4.060,313833.2
2025-09-24T13:00:00+00:00,4.060,4.074,4.056,4.061,522069.3
2025-09-24T13:15:00+00:00,4.061,4.067,4.058,4.060,111911.7
2025-09-24T13:30:00+00:00,4.060,4.078,4.052,4.072,592661.3
2025-09-24T13:45:00+00:00,4.071,4.076,4.050,4.052,452976.4
2025-09-24T14:00:00+00:00,4.052,4.067,4.049,4.066,325565.6
2025-09-24T14:15:00+00:00,4.067,4.076,4.062,4.073,224792.6
2025-09-24T14:30:00+00:00,4.073,4.086,4.069,4.085,221933.5
2025-09-24T14:45:00+00:00,4.085,4.114,4.082,4.091,892529.7
2025-09-24T15:00:00+00:00,4.092,4.097,4.062,4.069,1668652.6
2025-09-24T15:15:00+00:00,4.069,4.085,4.069,4.082,671037.6
2025-09-24T15:30:00+00:00,4.082,4.088,4.073,4.081,260157.5
2025-09-24T15:45:00+00:00,4.081,4.083,4.056,4.062,365894.1
2025-09-24T16:00:00+00:00,4.062,4.062,4.045,4.053,718906.5
2025-09-24T16:15:00+00:00,4.053,4.070,4.051,4.065,250496.6
2025-09-24T16:30:00+00:00,4.065,4.068,4.056,4.063,246991.3
2025-09-24T16:45:00+00:00,4.062,4.063,4.055,4.061,184380.2
2025-09-24T17:00:00+00:00,4.061,4.067,4.050,4.057,668045.9
2025-09-24T17:15:00+00:00,4.056,4.056,4.043,4.050,265897.7
2025-09-24T17:30:00+00:00,4.049,4.063,4.048,4.056,199914.9
2025-09-24T17:45:00+00:00,4.056,4.057,4.045,4.050,181917.5
2025-09-24T18:00:00+00:00,4.050,4.058,4.037,4.047,370173.3
2025-09-24T18:15:00+00:00,4.046,4.051,4.033,4.046,276811.6
2025-09-24T18:30:00+00:00,4.046,4.050,4.038,4.041,104810.2
2025-09-24T18:45:00+00:00,4.041,4.043,4.031,4.040,119105.5
2025-09-24T19:00:00+00:00,4.041,4.046,4.033,4.035,133379.2
2025-09-24T19:15:00+00:00,4.035,4.041,4.031,4.032,145590.0
2025-09-24T19:30:00+00:00,4.032,4.033,4.021,4.025,262833.4
2025-09-24T19:45:00+00:00,4.025,4.046,4.020,4.037,252577.1
2025-09-24T20:00:00+00:00,4.038,4.046,4.035,4.042,194467.4
2025-09-24T20:15:00+00:00,4.041,4.050,4.036,4.036,168522.4
2025-09-24T20:30:00+00:00,4.036,4.036,4.011,4.028,650858.6
2025-09-24T20:45:00+00:00,4.027,4.035,4.026,4.029,128486.1
2025-09-24T21:00:00+00:00,4.029,4.039,4.024,4.034,235036.3
2025-09-24T21:15:00+00:00,4.033,4.035,4.024,4.028,125270.8
2025-09-24T21:30:00+00:00,4.028,4.028,4.011,4.012,193987.4
2025-09-24T21:45:00+00:00,4.012,4.016,3.985,3.996,496360.1
2025-09-24T22:00:00+00:00,3.996,4.016,3.992,4.014,467987.1
2025-09-24T22:15:00+00:00,4.014,4.016,4.001,4.006,192001.4
2025-09-24T22:30:00+00:00,4.006,4.010,4.001,4.007,139931.3
2025-09-24T22:45:00+00:00,4.007,4.013,3.997,4.001,196697.2
2025-09-24T23:00:00+00:00,4.001,4.010,3.995,4.005,218406.1
2025-09-24T23:15:00+00:00,4.004,4.007,3.992,3.993,126250.7
2025-09-24T23:30:00+00:00,3.993,3.996,3.974,3.986,317705.8
2025-09-24T23:45:00+00:00,3.986,3.995,3.982,3.989,206342.4
2025-09-25T00:00:00+00:00,3.989,4.003,3.986,3.998,424151.3
2025-09-25T00:15:00+00:00,3.998,4.001,3.963,3.968,467143.1
2025-09-25T00:30:00+00:00,3.968,3.984,3.968,3.972,249093.5
2025-09-25T00:45:00+00:00,3.973,3.975,3.953,3.965,619812.4
2025-09-25T01:00:00+00:00,3.965,3.978,3.955,3.971,528525.6
2025-09-25T01:15:00+00:00,3.970,3.978,3.961,3.968,360585.1
2025-09-25T01:30:00+00:00,3.967,3.969,3.944,3.949,1060472.3
2025-09-25T01:45:00+00:00,3.949,3.958,3.942,3.953,590088.0
2025-09-25T02:00:00+00:00,3.953,3.982,3.952,3.958,382876.8
2025-09-25T02:15:00+00:00,3.958,3.958,3.934,3.955,763451.2
2025-09-25T02:30:00+00:00,3.954,4.001,3.952,3.979,1210409.0
2025-09-25T02:45:00+00:00,3.979,3.993,3.978,3.981,337659.4
2025-09-25T03:00:00+00:00,3.980,3.983,3.965,3.970,322835.0
2025-09-25T03:15:00+00:00,3.970,3.973,3.927,3.931,795590.9
2025-09-25T03:30:00+00:00,3.930,3.946,3.925,3.933,468651.3
2025-09-25T03:45:00+00:00,3.933,3.954,3.928,3.952,280870.8
2025-09-25T04:00:00+00:00,3.952,3.963,3.930,3.935,383618.1
2025-09-25T04:15:00+00:00,3.936,3.937,3.902,3.928,1067406.8
2025-09-25T04:30:00+00:00,3.928,3.928,3.877,3.912,1687458.5
2025-09-25T04:45:00+00:00,3.912,3.918,3.871,3.899,1072633.1
2025-09-25T05:00:00+00:00,3.898,3.921,3.883,3.918,534411.0
2025-09-25T05:15:00+00:00,3.918,3.946,3.913,3.943,463289.0
2025-09-25T05:30:00+00:00,3.942,3.944,3.924,3.937,228205.0
2025-09-25T05:45:00+00:00,3.936,3.949,3.927,3.936,305481.5
2025-09-25T06:00:00+00:00,3.935,3.940,3.909,3.911,360689.5
2025-09-25T06:15:00+00:00,3.911,3.922,3.899,3.911,539065.0
2025-09-25T06:30:00+00:00,3.911,3.926,3.903,3.906,354847.1
2025-09-25T06:45:00+00:00,3.905,3.915,3.901,3.905,181218.0
2025-09-25T07:00:00+00:00,3.905,3.925,3.900,3.914,300768.8
2025-09-25T07:15:00+00:00,3.913,3.935,3.911,3.926,228847.1
2025-09-25T07:30:00+00:00,3.925,3.933,3.918,3.928,235223.7
2025-09-25T07:45:00+00:00,3.929,3.934,3.898,3.905,769935.2
2025-09-25T08:00:00+00:00,3.905,3.928,3.902,3.923,343057.9
2025-09-25T08:15:00+00:00,3.923,3.927,3.910,3.926,257888.7
2025-09-25T08:30:00+00:00,3.926,3.926,3.892,3.895,599906.6
2025-09-25T08:45:00+00:00,3.896,3.919,3.888,3.916,736989.7
2025-09-25T09:00:00+00:00,3.917,3.932,3.908,3.932,546063.0
2025-09-25T09:15:00+00:00,3.931,3.949,3.925,3.938,388634.7
2025-09-25T09:30:00+00:00,3.937,3.956,3.934,3.935,469758.4
2025-09-25T09:45:00+00:00,3.935,3.935,3.906,3.909,572853.7
2025-09-25T10:00:00+00:00,3.909,3.930,3.906,3.928,163927.0
2025-09-25T10:15:00+00:00,3.928,3.941,3.926,3.926,200778.9
2025-09-25T10:30:00+00:00,3.926,3.934,3.920,3.926,147611.7
2025-09-25T10:45:00+00:00,3.926,3.928,3.914,3.915,130113.4
2025-09-25T11:00:00+00:00,3.916,3.928,3.906,3.915,437961.5
2025-09-25T11:15:00+00:00,3.915,3.918,3.901,3.911,362630.2
2025-09-25T11:30:00+00:00,3.910,3.916,3.905,3.907,448224.1
2025-09-25T11:45:00+00:00,3.907,3.911,3.889,3.902,473837.1
2025-09-25T12:00:00+00:00,3.901,3.916,3.900,3.909,309918.4
2025-09-25T12:15:00+00:00,3.909,3.909,3.840,3.844,1513057.5
2025-09-25T12:30:00+00:00,3.844,3.918,3.830,3.907,3251205.9
2025-09-25T12:45:00+00:00,3.906,3.921,3.896,3.899,644210.7
2025-09-25T13:00:00+00:00,3.899,3.909,3.878,3.906,1027204.7
2025-09-25T13:15:00+00:00,3.906,3.965,3.902,3.952,1754739.5
2025-09-25T13:30:00+00:00,3.951,3.954,3.884,3.900,1860304.5
2025-09-25T13:45:00+00:00,3.899,3.924,3.897,3.916,758094.0
2025-09-25T14:00:00+00:00,3.917,3.967,3.917,3.966,633119.1
2025-09-25T14:15:00+00:00,3.965,3.989,3.955,3.961,1194108.5
2025-09-25T14:30:00+00:00,3.960,3.970,3.945,3.954,634357.9
2025-09-25T14:45:00+00:00,3.954,3.957,3.942,3.950,266693.6
2025-09-25T15:00:00+00:00,3.949,3.958,3.934,3.938,425977.7
2025-09-25T15:15:00+00:00,3.938,3.940,3.910,3.921,1016055.3
2025-09-25T15:30:00+00:00,3.921,3.937,3.918,3.925,316304.9
2025-09-25T15:45:00+00:00,3.924,3.934,3.918,3.931,351889.2
2025-09-25T16:00:00+00:00,3.931,3.937,3.918,3.924,278627.3
2025-09-25T16:15:00+00:00,3.924,3.924,3.880,3.887,1503180.4
2025-09-25T16:30:00+00:00,3.887,3.902,3.879,3.889,598430.9
2025-09-25T16:45:00+00:00,3.889,3.896,3.863,3.870,735214.7
2025-09-25T17:00:00+00:00,3.871,3.875,3.831,3.831,1150506.7
2025-09-25T17:15:00+00:00,3.831,3.866,3.816,3.853,2920340.6
2025-09-25T17:30:00+00:00,3.853,3.860,3.801,3.824,1716264.4
2025-09-25T17:45:00+00:00,3.824,3.835,3.773,3.792,2462848.1
2025-09-25T18:00:00+00:00,3.792,3.825,3.773,3.824,1924371.3
2025-09-25T18:15:00+00:00,3.824,3.865,3.809,3.858,1825128.8
2025-09-25T18:30:00+00:00,3.858,3.878,3.849,3.874,772850.7
2025-09-25T18:45:00+00:00,3.873,3.895,3.863,3.890,733035.3
2025-09-25T19:00:00+00:00,3.890,3.897,3.880,3.886,654166.5
2025-09-25T19:15:00+00:00,3.887,3.910,3.880,3.901,397248.8
2025-09-25T19:30:00+00:00,3.902,3.908,3.878,3.880,234723.1
2025-09-25T19:45:00+00:00,3.880,3.881,3.852,3.858,502829.1
2025-09-25T20:00:00+00:00,3.859,3.866,3.844,3.848,407974.9
2025-09-25T20:15:00+00:00,3.849,3.869,3.843,3.847,479081.9
2025-09-25T20:30:00+00:00,3.846,3.847,3.820,3.832,611758.7
2025-09-25T20:45:00+00:00,3.832,3.842,3.812,3.821,316841.7
2025-09-25T21:00:00+00:00,3.820,3.864,3.819,3.846,562149.6
2025-09-25T21:15:00+00:00,3.845,3.853,3.821,3.828,359502.0
2025-09-25T21:30:00+00:00,3.828,3.829,3.805,3.819,349344.4
2025-09-25T21:45:00+00:00,3.819,3.850,3.819,3.845,205941.6
2025-09-25T22:00:00+00:00,3.845,3.864,3.833,3.860,320884.4
2025-09-25T22:15:00+00:00,3.860,3.868,3.841,3.843,253308.4
2025-09-25T22:30:00+00:00,3.844,3.847,3.829,3.834,236782.9
2025-09-25T22:45:00+00:00,3.834,3.835,3.814,3.826,240950.2
2025-09-25T23:00:00+00:00,3.826,3.849,3.821,3.823,319852.2
2025-09-25T23:15:00+00:00,3.824,3.830,3.811,3.816,254244.7
2025-09-25T23:30:00+00:00,3.816,3.816,3.768,3.792,1273712.7
2025-09-25T23:45:00+00:00,3.792,3.803,3.785,3.801,338439.7
2025-09-26T00:00:00+00:00,3.801,3.833,3.798,3.829,500896.0
2025-09-26T00:15:00+00:00,3.830,3.845,3.825,3.836,300537.5
2025-09-26T00:30:00+00:00,3.836,3.836,3.793,3.795,362939.5
2025-09-26T00:45:00+00:00,3.795,3.855,3.790,3.846,643248.9
2025-09-26T01:00:00+00:00,3.846,3.857,3.828,3.848,535270.0
2025-09-26T01:15:00+00:00,3.848,3.860,3.836,3.837,438024.5
2025-09-26T01:30:00+00:00,3.837,3.847,3.829,3.840,393397.9
2025-09-26T01:45:00+00:00,3.840,3.857,3.832,3.843,486971.4
2025-09-26T02:00:00+00:00,3.842,3.860,3.826,3.832,413945.1
2025-09-26T02:15:00+00:00,3.832,3.849,3.824,3.825,250803.4
2025-09-26T02:30:00+00:00,3.825,3.841,3.819,3.837,294517.1
2025-09-26T02:45:00+00:00,3.837,3.848,3.821,3.827,192840.1
2025-09-26T03:00:00+00:00,3.827,3.834,3.806,3.825,402194.2
2025-09-26T03:15:00+00:00,3.826,3.835,3.813,3.814,185045.4
2025-09-26T03:30:00+00:00,3.814,3.825,3.808,3.823,202103.6
2025-09-26T03:45:00+00:00,3.823,3.839,3.810,3.834,208982.5
2025-09-26T04:00:00+00:00,3.834,3.841,3.822,3.831,284761.6
2025-09-26T04:15:00+00:00,3.832,3.850,3.826,3.836,416792.9
2025-09-26T04:30:00+00:00,3.835,3.835,3.819,3.831,375326.1
2025-09-26T04:45:00+00:00,3.832,3.836,3.825,3.830,182168.5
2025-09-26T05:00:00+00:00,3.830,3.848,3.826,3.846,217979.8
2025-09-26T05:15:00+00:00,3.846,3.858,3.846,3.854,290136.5
2025-09-26T05:30:00+00:00,3.853,3.853,3.832,3.837,186844.7
2025-09-26T05:45:00+00:00,3.837,3.842,3.814,3.823,477478.9
2025-09-26T06:00:00+00:00,3.823,3.828,3.801,3.818,498844.7
2025-09-26T06:15:00+00:00,3.818,3.848,3.815,3.836,330345.3
2025-09-26T06:30:00+00:00,3.835,3.845,3.825,3.839,199894.8
2025-09-26T06:45:00+00:00,3.839,3.840,3.810,3.814,520681.5
2025-09-26T07:00:00+00:00,3.814,3.838,3.814,3.837,390823.2
2025-09-26T07:15:00+00:00,3.837,3.842,3.825,3.825,354170.6
2025-09-26T07:30:00+00:00,3.825,3.825,3.800,3.805,704670.5
2025-09-26T07:45:00+00:00,3.804,3.833,3.800,3.832,349336.9
2025-09-26T08:00:00+00:00,3.833,3.846,3.828,3.840,436018.5
2025-09-26T08:15:00+00:00,3.840,3.852,3.830,3.844,295355.1
2025-09-26T08:30:00+00:00,3.843,3.850,3.833,3.844,179234.0
2025-09-26T08:45:00+00:00,3.844,3.846,3.832,3.835,163864.0
2025-09-26T09:00:00+00:00,3.835,3.846,3.828,3.845,242236.1
2025-09-26T09:15:00+00:00,3.845,3.845,3.826,3.831,238520.9
2025-09-26T09:30:00+00:00,3.831,3.835,3.802,3.807,469509.5
2025-09-26T09:45:00+00:00,3.807,3.822,3.806,3.818,310916.5
2025-09-26T10:00:00+00:00,3.819,3.821,3.782,3.787,700650.5
2025-09-26T10:15:00+00:00,3.787,3.793,3.778,3.789,489348.3
2025-09-26T10:30:00+00:00,3.788,3.802,3.778,3.790,476309.8
2025-09-26T10:45:00+00:00,3.791,3.803,3.785,3.794,270626.5
2025-09-26T11:00:00+00:00,3.794,3.798,3.773,3.780,530295.5
2025-09-26T11:15:00+00:00,3.779,3.803,3.778,3.797,347158.5
2025-09-26T11:30:00+00:00,3.798,3.824,3.797,3.815,308949.5
2025-09-26T11:45:00+00:00,3.815,3.828,3.812,3.819,370170.4
2025-09-26T12:00:00+00:00,3.819,3.819,3.789,3.789,429816.9
2025-09-26T12:15:00+00:00,3.789,3.824,3.782,3.817,464873.8
2025-09-26T12:30:00+00:00,3.817,3.881,3.800,3.870,2715664.1
2025-09-26T12:45:00+00:00,3.870,3.872,3.843,3.859,596886.6
2025-09-26T13:00:00+00:00,3.860,3.866,3.847,3.858,469222.4
2025-09-26T13:15:00+00:00,3.858,3.874,3.848,3.856,593562.9
2025-09-26T13:30:00+00:00,3.856,3.884,3.848,3.874,631717.9
2025-09-26T13:45:00+00:00,3.874,3.900,3.866,3.886,1412618.9
2025-09-26T14:00:00+00:00,3.887,3.894,3.865,3.873,626775.9
2025-09-26T14:15:00+00:00,3.873,3.887,3.855,3.868,471630.9
2025-09-26T14:30:00+00:00,3.868,3.875,3.850,3.869,523575.8
2025-09-26T14:45:00+00:00,3.868,3.875,3.855,3.863,326728.8
2025-09-26T15:00:00+00:00,3.863,3.894,3.859,3.874,329714.1
2025-09-26T15:15:00+00:00,3.873,3.899,3.869,3.897,426829.3
2025-09-26T15:30:00+00:00,3.897,3.907,3.890,3.903,349404.8
2025-09-26T15:45:00+00:00,3.902,3.903,3.893,3.898,263484.6
2025-09-26T16:00:00+00:00,3.898,3.927,3.895,3.909,610215.8
2025-09-26T16:15:00+00:00,3.908,3.948,3.904,3.921,1044242.8
2025-09-26T16:30:00+00:00,3.922,3.927,3.915,3.922,289263.7
2025-09-26T16:45:00+00:00,3.922,3.937,3.919,3.931,369037.3
2025-09-26T17:00:00+00:00,3.932,3.945,3.926,3.942,292576.2
2025-09-26T17:15:00+00:00,3.942,3.963,3.933,3.961,785471.7
2025-09-26T17:30:00+00:00,3.962,3.967,3.947,3.950,996817.8
2025-09-26T17:45:00+00:00,3.951,3.963,3.946,3.955,419648.2
2025-09-26T18:00:00+00:00,3.955,3.968,3.949,3.961,399284.8
2025-09-26T18:15:00+00:00,3.961,3.969,3.957,3.963,327686.2
2025-09-26T18:30:00+00:00,3.963,3.964,3.946,3.948,394243.6
2025-09-26T18:45:00+00:00,3.948,3.956,3.940,3.951,346059.7
2025-09-26T19:00:00+00:00,3.950,3.952,3.926,3.936,621043.8
2025-09-26T19:15:00+00:00,3.936,3.944,3.919,3.920,290801.0
2025-09-26T19:30:00+00:00,3.920,3.927,3.900,3.905,893912.9
2025-09-26T19:45:00+00:00,3.905,3.926,3.903,3.918,402840.6
2025-09-26T20:00:00+00:00,3.919,3.928,3.910,3.927,390437.6
2025-09-26T20:15:00+00:00,3.928,3.934,3.913,3.918,421709.3
2025-09-26T20:30:00+00:00,3.919,3.923,3.907,3.908,265778.2
2025-09-26T20:45:00+00:00,3.909,3.920,3.907,3.912,224339.9
2025-09-26T21:00:00+00:00,3.913,3.919,3.904,3.918,240904.3
2025-09-26T21:15:00+00:00,3.919,3.925,3.906,3.925,231444.0
2025-09-26T21:30:00+00:00,3.925,3.926,3.909,3.910,170918.2
2025-09-26T21:45:00+00:00,3.910,3.928,3.908,3.924,95910.6
2025-09-26T22:00:00+00:00,3.925,3.937,3.921,3.934,229399.8
2025-09-26T22:15:00+00:00,3.935,3.940,3.925,3.925,170939.2
2025-09-26T22:30:00+00:00,3.925,3.932,3.923,3.924,69493.6
2025-09-26T22:45:00+00:00,3.924,3.928,3.919,3.920,92646.7
2025-09-26T23:00:00+00:00,3.920,3.920,3.909,3.911,159653.9
2025-09-26T23:15:00+00:00,3.911,3.920,3.907,3.918,121849.6
2025-09-26T23:30:00+00:00,3.919,3.923,3.916,3.917,143481.7
2025-09-26T23:45:00+00:00,3.918,3.926,3.916,3.922,112259.3
2025-09-27T00:00:00+00:00,3.923,3.923,3.912,3.915,272592.2
2025-09-27T00:15:00+00:00,3.915,3.925,3.914,3.920,90968.7
2025-09-27T00:30:00+00:00,3.920,3.922,3.911,3.912,121066.6
2025-09-27T00:45:00+00:00,3.913,3.921,3.907,3.920,123759.5
2025-09-27T01:00:00+00:00,3.919,3.922,3.905,3.910,176785.1
2025-09-27T01:15:00+00:00,3.909,3.911,3.897,3.905,296363.1
2025-09-27T01:30:00+00:00,3.905,3.908,3.901,3.906,192519.4
2025-09-27T01:45:00+00:00,3.906,3.910,3.904,3.908,87205.8
2025-09-27T02:00:00+00:00,3.907,3.911,3.900,3.911,136181.7
2025-09-27T02:15:00+00:00,3.911,3.912,3.899,3.905,124758.5
2025-09-27T02:30:00+00:00,3.905,3.911,3.900,3.910,122827.7
2025-09-27T02:45:00+00:00,3.910,3.911,3.899,3.900,107890.9
2025-09-27T03:00:00+00:00,3.900,3.908,3.899,3.902,150716.0
2025-09-27T03:15:00+00:00,3.902,3.918,3.901,3.918,209271.3
2025-09-27T03:30:00+00:00,3.917,3.922,3.911,3.915,148843.1
2025-09-27T03:45:00+00:00,3.915,3.919,3.906,3.907,151908.9
2025-09-27T04:00:00+00:00,3.906,3.914,3.904,3.908,105116.5
2025-09-27T04:15:00+00:00,3.909,3.918,3.903,3.917,428927.3
2025-09-27T04:30:00+00:00,3.918,3.919,3.899,3.901,609775.9
2025-09-27T04:45:00+00:00,3.901,3.905,3.897,3.904,179689.8
2025-09-27T05:00:00+00:00,3.903,3.903,3.881,3.885,771687.6
2025-09-27T05:15:00+00:00,3.884,3.893,3.882,3.887,191782.2
2025-09-27T05:30:00+00:00,3.886,3.899,3.883,3.898,181867.0
2025-09-27T05:45:00+00:00,3.898,3.905,3.894,3.898,164197.4
2025-09-27T06:00:00+00:00,3.897,3.898,3.885,3.887,151753.5
2025-09-27T06:15:00+00:00,3.887,3.892,3.883,3.885,140203.7
2025-09-27T06:30:00+00:00,3.886,3.891,3.882,3.887,143634.5
2025-09-27T06:45:00+00:00,3.887,3.895,3.882,3.892,140825.3
2025-09-27T07:00:00+00:00,3.892,3.899,3.888,3.890,197066.5
2025-09-27T07:15:00+00:00,3.889,3.893,3.878,3.882,180603.4
2025-09-27T07:30:00+00:00,3.881,3.883,3.874,3.876,202067.6
2025-09-27T07:45:00+00:00,3.876,3.885,3.873,3.884,471779.5
2025-09-27T08:00:00+00:00,3.885,3.885,3.864,3.871,390011.8
2025-09-27T08:15:00+00:00,3.871,3.882,3.866,3.882,154058.0
2025-09-27T08:30:00+00:00,3.881,3.881,3.871,3.872,114842.9
2025-09-27T08:45:00+00:00,3.872,3.876,3.859,3.861,125499.0
2025-09-27T09:00:00+00:00,3.861,3.867,3.848,3.853,355930.2
2025-09-27T09:15:00+00:00,3.853,3.862,3.852,3.856,121226.8
2025-09-27T09:30:00+00:00,3.856,3.874,3.855,3.869,200507.7
2025-09-27T09:45:00+00:00,3.869,3.877,3.866,3.873,206638.6
2025-09-27T10:00:00+00:00,3.873,3.879,3.870,3.872,115952.2
2025-09-27T10:15:00+00:00,3.873,3.879,3.865,3.865,292472.3
2025-09-27T10:30:00+00:00,3.865,3.892,3.865,3.887,390730.5
2025-09-27T10:45:00+00:00,3.887,3.891,3.878,3.880,351714.0
2025-09-27T11:00:00+00:00,3.881,3.883,3.874,3.874,122117.1
2025-09-27T11:15:00+00:00,3.874,3.884,3.874,3.881,96037.1
2025-09-27T11:30:00+00:00,3.881,3.882,3.872,3.875,121651.1
2025-09-27T11:45:00+00:00,3.875,3.878,3.872,3.877,67396.5
2025-09-27T12:00:00+00:00,3.877,3.878,3.865,3.871,182122.2
2025-09-27T12:15:00+00:00,3.870,3.875,3.866,3.868,157052.3
2025-09-27T12:30:00+00:00,3.869,3.880,3.866,3.878,148188.6
2025-09-27T12:45:00+00:00,3.877,3.894,3.876,3.889,259224.4
2025-09-27T13:00:00+00:00,3.889,3.892,3.880,3.880,198090.7
2025-09-27T13:15:00+00:00,3.880,3.888,3.880,3.886,121007.8
2025-09-27T13:30:00+00:00,3.885,3.893,3.880,3.892,157697.1
2025-09-27T13:45:00+00:00,3.891,3.893,3.882,3.883,106442.2
2025-09-27T14:00:00+00:00,3.883,3.889,3.878,3.887,145826.7
2025-09-27T14:15:00+00:00,3.886,3.887,3.877,3.880,70520.4
2025-09-27T14:30:00+00:00,3.881,3.885,3.877,3.878,108690.2
2025-09-27T14:45:00+00:00,3.878,3.879,3.871,3.877,153304.2
2025-09-27T15:00:00+00:00,3.876,3.877,3.858,3.870,338967.2
2025-09-27T15:15:00+00:00,3.870,3.878,3.869,3.874,163657.8
2025-09-27T15:30:00+00:00,3.874,3.883,3.870,3.880,104973.3
2025-09-27T15:45:00+00:00,3.880,3.900,3.878,3.894,591635.6
2025-09-27T16:00:00+00:00,3.895,3.897,3.882,3.885,269226.1
2025-09-27T16:15:00+00:00,3.885,3.888,3.878,3.883,200844.7
2025-09-27T16:30:00+00:00,3.882,3.888,3.878,3.882,123125.0
2025-09-27T16:45:00+00:00,3.881,3.886,3.874,3.878,213932.9
2025-09-27T17:00:00+00:00,3.879,3.879,3.866,3.866,338500.4
2025-09-27T17:15:00+00:00,3.867,3.867,3.851,3.858,851296.6
2025-09-27T17:30:00+00:00,3.858,3.867,3.855,3.860,298582.5
2025-09-27T17:45:00+00:00,3.859,3.869,3.855,3.867,165541.3
2025-09-27T18:00:00+00:00,3.867,3.872,3.861,3.862,125874.4
2025-09-27T18:15:00+00:00,3.862,3.868,3.858,3.864,91762.9
2025-09-27T18:30:00+00:00,3.865,3.867,3.851,3.853,166772.3
2025-09-27T18:45:00+00:00,3.853,3.871,3.853,3.870,251401.3
2025-09-27T19:00:00+00:00,3.871,3.878,3.862,3.863,336935.7
2025-09-27T19:15:00+00:00,3.863,3.875,3.862,3.874,65898.3
2025-09-27T19:30:00+00:00,3.874,3.876,3.865,3.869,146149.6
2025-09-27T19:45:00+00:00,3.869,3.878,3.868,3.874,85090.3
2025-09-27T20:00:00+00:00,3.875,3.882,3.873,3.875,171884.8
2025-09-27T20:15:00+00:00,3.875,3.876,3.869,3.871,91314.8
2025-09-27T20:30:00+00:00,3.870,3.880,3.867,3.873,91301.6
2025-09-27T20:45:00+00:00,3.873,3.874,3.866,3.874,87627.4
2025-09-27T21:00:00+00:00,3.874,3.877,3.868,3.875,112782.9
2025-09-27T21:15:00+00:00,3.875,3.880,3.873,3.878,110144.2
2025-09-27T21:30:00+00:00,3.879,3.885,3.875,3.884,94785.9
2025-09-27T21:45:00+00:00,3.884,3.894,3.884,3.888,67064.4
2025-09-27T22:00:00+00:00,3.889,3.904,3.888,3.902,258000.3
2025-09-27T22:15:00+00:00,3.902,3.915,3.900,3.913,188676.1
2025-09-27T22:30:00+00:00,3.914,3.915,3.901,3.901,203720.0
2025-09-27T22:45:00+00:00,3.901,3.904,3.896,3.898,120728.5
2025-09-27T23:00:00+00:00,3.898,3.906,3.890,3.895,203949.9
2025-09-27T23:15:00+00:00,3.895,3.898,3.885,3.888,119827.9
2025-09-27T23:30:00+00:00,3.888,3.892,3.885,3.889,105328.9
2025-09-27T23:45:00+00:00,3.890,3.896,3.886,3.887,89877.4
2025-09-28T00:00:00+00:00,3.887,3.889,3.860,3.867,805295.2
2025-09-28T00:15:00+00:00,3.867,3.881,3.861,3.879,361711.7
2025-09-28T00:30:00+00:00,3.879,3.882,3.858,3.867,179837.9
2025-09-28T00:45:00+00:00,3.867,3.867,3.855,3.858,241540.5
2025-09-28T01:00:00+00:00,3.859,3.861,3.842,3.844,401136.3
2025-09-28T01:15:00+00:00,3.843,3.852,3.841,3.844,202465.0
2025-09-28T01:30:00+00:00,3.843,3.843,3.821,3.826,492985.8
2025-09-28T01:45:00+00:00,3.826,3.834,3.821,3.830,225649.4
2025-09-28T02:00:00+00:00,3.829,3.838,3.827,3.831,167728.7
2025-09-28T02:15:00+00:00,3.831,3.842,3.828,3.838,107927.9
2025-09-28T02:30:00+00:00,3.838,3.842,3.825,3.827,155250.4
2025-09-28T02:45:00+00:00,3.828,3.834,3.821,3.831,123697.3
2025-09-28T03:00:00+00:00,3.832,3.841,3.832,3.838,188616.3
2025-09-28T03:15:00+00:00,3.838,3.840,3.828,3.834,72551.7
2025-09-28T03:30:00+00:00,3.834,3.835,3.818,3.828,217289.4
2025-09-28T03:45:00+00:00,3.828,3.835,3.824,3.833,83884.9
2025-09-28T04:00:00+00:00,3.833,3.834,3.820,3.820,176634.5
2025-09-28T04:15:00+00:00,3.820,3.827,3.819,3.819,126467.1
2025-09-28T04:30:00+00:00,3.819,3.833,3.819,3.828,140635.5
2025-09-28T04:45:00+00:00,3.828,3.831,3.821,3.827,147420.5
2025-09-28T05:00:00+00:00,3.827,3.835,3.814,3.819,298372.8
2025-09-28T05:15:00+00:00,3.819,3.833,3.819,3.833,121491.2
2025-09-28T05:30:00+00:00,3.832,3.837,3.824,3.825,115942.2
2025-09-28T05:45:00+00:00,3.825,3.827,3.820,3.823,83039.4
2025-09-28T06:00:00+00:00,3.824,3.828,3.821,3.821,136597.9
2025-09-28T06:15:00+00:00,3.821,3.823,3.801,3.805,530767.9
2025-09-28T06:30:00+00:00,3.805,3.826,3.804,3.820,286787.2
2025-09-28T06:45:00+00:00,3.819,3.821,3.813,3.817,86309.2
2025-09-28T07:00:00+00:00,3.817,3.822,3.807,3.814,122325.0
2025-09-28T07:15:00+00:00,3.814,3.827,3.813,3.822,272951.2
2025-09-28T07:30:00+00:00,3.822,3.829,3.817,3.821,137030.1
2025-09-28T07:45:00+00:00,3.822,3.831,3.817,3.826,455887.6
2025-09-28T08:00:00+00:00,3.827,3.833,3.820,3.820,239877.5
2025-09-28T08:15:00+00:00,3.820,3.825,3.800,3.810,714792.1
2025-09-28T08:30:00+00:00,3.809,3.814,3.803,3.811,436857.0
2025-09-28T08:45:00+00:00,3.810,3.825,3.808,3.809,275077.7
2025-09-28T09:00:00+00:00,3.808,3.813,3.795,3.801,314039.9
2025-09-28T09:15:00+00:00,3.800,3.806,3.794,3.804,195051.2
2025-09-28T09:30:00+00:00,3.803,3.816,3.803,3.814,220863.6
2025-09-28T09:45:00+00:00,3.813,3.813,3.803,3.803,169543.9
2025-09-28T10:00:00+00:00,3.804,3.804,3.790,3.801,443487.7
2025-09-28T10:15:00+00:00,3.801,3.808,3.801,3.807,209170.4
2025-09-28T10:30:00+00:00,3.807,3.819,3.807,3.818,167216.7
2025-09-28T10:45:00+00:00,3.817,3.820,3.812,3.819,139878.4
2025-09-28T11:00:00+00:00,3.818,3.819,3.813,3.815,135773.6
2025-09-28T11:15:00+00:00,3.814,3.817,3.800,3.801,215672.0
2025-09-28T11:30:00+00:00,3.802,3.814,3.798,3.803,181257.2
2025-09-28T11:45:00+00:00,3.803,3.813,3.800,3.811,158858.3
2025-09-28T12:00:00+00:00,3.810,3.811,3.796,3.804,187547.3
2025-09-28T12:15:00+00:00,3.805,3.810,3.801,3.806,163818.0
2025-09-28T12:30:00+00:00,3.807,3.807,3.793,3.798,231278.0
2025-09-28T12:45:00+00:00,3.799,3.814,3.796,3.807,199431.6
2025-09-28T13:00:00+00:00,3.807,3.832,3.804,3.829,474612.4
2025-09-28T13:15:00+00:00,3.830,3.867,3.828,3.848,1453931.0
2025-09-28T13:30:00+00:00,3.849,3.857,3.842,3.852,472205.1
2025-09-28T13:45:00+00:00,3.852,3.867,3.842,3.860,695399.0
2025-09-28T14:00:00+00:00,3.861,3.864,3.852,3.857,200838.2
2025-09-28T14:15:00+00:00,3.858,3.868,3.853,3.859,941705.6
2025-09-28T14:30:00+00:00,3.860,3.862,3.853,3.856,285926.9
2025-09-28T14:45:00+00:00,3.857,3.866,3.849,3.864,602443.5
2025-09-28T15:00:00+00:00,3.863,3.871,3.854,3.861,576514.4
2025-09-28T15:15:00+00:00,3.861,3.867,3.854,3.859,154275.9
2025-09-28T15:30:00+00:00,3.859,3.862,3.853,3.858,134039.8
2025-09-28T15:45:00+00:00,3.859,3.864,3.855,3.863,107150.0
2025-09-28T16:00:00+00:00,3.863,3.894,3.863,3.881,776434.8
2025-09-28T16:15:00+00:00,3.881,3.883,3.871,3.872,331788.0
2025-09-28T16:30:00+00:00,3.873,3.876,3.865,3.871,237519.9
2025-09-28T16:45:00+00:00,3.870,3.881,3.868,3.878,134519.3
2025-09-28T17:00:00+00:00,3.878,3.888,3.877,3.886,268566.4
2025-09-28T17:15:00+00:00,3.886,3.886,3.868,3.877,251647.5
2025-09-28T17:30:00+00:00,3.877,3.890,3.876,3.888,150710.8
2025-09-28T17:45:00+00:00,3.888,3.894,3.878,3.884,213198.3
2025-09-28T18:00:00+00:00,3.884,3.894,3.881,3.884,281099.4
2025-09-28T18:15:00+00:00,3.885,3.888,3.881,3.882,132729.3
2025-09-28T18:30:00+00:00,3.882,3.892,3.881,3.892,118527.6
2025-09-28T18:45:00+00:00,3.892,3.910,3.888,3.905,432838.4
2025-09-28T19:00:00+00:00,3.905,3.910,3.887,3.888,525275.2
2025-09-28T19:15:00+00:00,3.888,3.898,3.885,3.897,203017.0
2025-09-28T19:30:00+00:00,3.897,3.901,3.892,3.894,148771.4
2025-09-28T19:45:00+00:00,3.894,3.907,3.893,3.899,721443.9
2025-09-28T20:00:00+00:00,3.899,3.904,3.894,3.898,158303.5
2025-09-28T20:15:00+00:00,3.899,3.922,3.896,3.917,517299.1
2025-09-28T20:30:00+00:00,3.917,3.941,3.916,3.936,611150.2
2025-09-28T20:45:00+00:00,3.936,3.939,3.930,3.934,461513.3
2025-09-28T21:00:00+00:00,3.935,3.956,3.934,3.946,506757.9
2025-09-28T21:15:00+00:00,3.946,3.948,3.940,3.943,301154.8
2025-09-28T21:30:00+00:00,3.943,3.949,3.940,3.946,190343.6
2025-09-28T21:45:00+00:00,3.946,3.962,3.943,3.962,305736.2
2025-09-28T22:00:00+00:00,3.963,4.028,3.962,3.997,1600264.3
2025-09-28T22:15:00+00:00,3.997,4.016,3.997,4.005,587025.3
2025-09-28T22:30:00+00:00,4.004,4.013,3.992,4.002,385348.3
2025-09-28T22:45:00+00:00,4.002,4.012,3.994,4.003,552940.3
2025-09-28T23:00:00+00:00,4.003,4.008,3.989,3.997,400333.8
2025-09-28T23:15:00+00:00,3.997,3.997,3.986,3.991,258080.2
2025-09-28T23:30:00+00:00,3.991,4.005,3.990,4.003,328554.6
2025-09-28T23:45:00+00:00,4.004,4.004,3.991,3.994,429071.7
2025-09-29T00:00:00+00:00,3.995,4.007,3.985,3.987,743471.6
2025-09-29T00:15:00+00:00,3.988,4.007,3.979,3.995,830141.0
2025-09-29T00:30:00+00:00,3.994,3.995,3.986,3.991,223466.4
2025-09-29T00:45:00+00:00,3.991,4.006,3.984,3.987,285032.0
2025-09-29T01:00:00+00:00,3.988,3.993,3.981,3.984,197662.0
2025-09-29T01:15:00+00:00,3.984,3.996,3.973,3.977,821419.1
2025-09-29T01:30:00+00:00,3.978,3.985,3.975,3.981,245248.6
2025-09-29T01:45:00+00:00,3.980,3.982,3.963,3.965,355849.7
2025-09-29T02:00:00+00:00,3.965,3.979,3.958,3.977,299336.5
2025-09-29T02:15:00+00:00,3.976,3.992,3.971,3.983,258428.2
2025-09-29T02:30:00+00:00,3.983,3.984,3.970,3.972,229794.0
2025-09-29T02:45:00+00:00,3.973,3.983,3.969,3.982,164756.6
2025-09-29T03:00:00+00:00,3.982,3.984,3.967,3.968,201153.8
2025-09-29T03:15:00+00:00,3.968,3.989,3.967,3.987,207871.9
2025-09-29T03:30:00+00:00,3.987,3.988,3.981,3.984,87460.9
2025-09-29T03:45:00+00:00,3.983,3.988,3.980,3.986,142143.4
2025-09-29T04:00:00+00:00,3.987,3.988,3.975,3.977,321804.5
2025-09-29T04:15:00+00:00,3.976,3.978,3.967,3.968,142374.3
2025-09-29T04:30:00+00:00,3.968,3.983,3.964,3.982,226036.6
2025-09-29T04:45:00+00:00,3.982,3.984,3.973,3.979,342781.2
2025-09-29T05:00:00+00:00,3.978,3.981,3.944,3.955,929599.1
2025-09-29T05:15:00+00:00,3.955,3.960,3.948,3.958,242545.4
2025-09-29T05:30:00+00:00,3.958,3.964,3.954,3.964,241829.8
2025-09-29T05:45:00+00:00,3.964,3.966,3.960,3.964,107883.5
2025-09-29T06:00:00+00:00,3.963,3.965,3.946,3.949,250167.9
2025-09-29T06:15:00+00:00,3.950,3.965,3.945,3.955,177659.8
2025-09-29T06:30:00+00:00,3.955,3.959,3.951,3.955,164994.0
2025-09-29T06:45:00+00:00,3.955,3.957,3.937,3.940,424047.7
2025-09-29T07:00:00+00:00,3.940,3.944,3.934,3.936,370846.9
2025-09-29T07:15:00+00:00,3.936,3.937,3.923,3.936,313669.3
2025-09-29T07:30:00+00:00,3.935,3.952,3.934,3.943,237847.5
2025-09-29T07:45:00+00:00,3.942,3.947,3.938,3.940,327028.7
2025-09-29T08:00:00+00:00,3.941,3.948,3.930,3.932,256128.9
2025-09-29T08:15:00+00:00,3.933,3.953,3.929,3.952,718302.3
2025-09-29T08:30:00+00:00,3.952,3.968,3.949,3.968,840413.9
2025-09-29T08:45:00+00:00,3.969,3.994,3.969,3.988,916762.3
2025-09-29T09:00:00+00:00,3.988,4.002,3.982,3.982,569242.1
2025-09-29T09:15:00+00:00,3.983,3.983,3.964,3.972,828980.8
2025-09-29T09:30:00+00:00,3.971,3.984,3.961,3.964,686755.1
2025-09-29T09:45:00+00:00,3.963,3.975,3.962,3.971,255365.7
2025-09-29T10:00:00+00:00,3.970,3.973,3.965,3.972,149011.3
2025-09-29T10:15:00+00:00,3.972,3.985,3.971,3.982,154838.4
2025-09-29T10:30:00+00:00,3.982,3.985,3.959,3.963,319829.8
2025-09-29T10:45:00+00:00,3.963,3.968,3.940,3.947,673883.7
2025-09-29T11:00:00+00:00,3.947,3.947,3.913,3.921,1159159.3
2025-09-29T11:15:00+00:00,3.921,3.943,3.919,3.941,575241.3
2025-09-29T11:30:00+00:00,3.942,3.949,3.937,3.944,242438.3
2025-09-29T11:45:00+00:00,3.945,3.946,3.928,3.932,474351.1
2025-09-29T12:00:00+00:00,3.931,3.934,3.920,3.930,382297.2
2025-09-29T12:15:00+00:00,3.930,3.943,3.926,3.941,348421.2
2025-09-29T12:30:00+00:00,3.941,3.946,3.904,3.913,656422.9
2025-09-29T12:45:00+00:00,3.912,3.925,3.894,3.902,552181.4
2025-09-29T13:00:00+00:00,3.902,3.905,3.855,3.888,2629200.5
2025-09-29T13:15:00+00:00,3.888,3.893,3.879,3.883,552559.0
2025-09-29T13:30:00+00:00,3.883,3.927,3.879,3.926,946248.7
2025-09-29T13:45:00+00:00,3.927,3.958,3.914,3.941,1595297.0
2025-09-29T14:00:00+00:00,3.941,3.976,3.938,3.976,781807.7
2025-09-29T14:15:00+00:00,3.976,4.002,3.965,3.974,1622350.7
2025-09-29T14:30:00+00:00,3.974,3.988,3.967,3.980,699070.5
2025-09-29T14:45:00+00:00,3.980,3.998,3.978,3.984,561219.8
2025-09-29T15:00:00+00:00,3.985,4.000,3.970,3.975,621805.7
2025-09-29T15:15:00+00:00,3.974,3.978,3.956,3.963,602205.5
2025-09-29T15:30:00+00:00,3.964,3.980,3.958,3.968,449136.4
2025-09-29T15:45:00+00:00,3.968,3.969,3.949,3.956,286677.7
2025-09-29T16:00:00+00:00,3.956,3.974,3.955,3.973,230054.3
2025-09-29T16:15:00+00:00,3.972,3.980,3.953,3.955,210572.1
2025-09-29T16:30:00+00:00,3.956,3.974,3.955,3.957,289298.9
2025-09-29T16:45:00+00:00,3.956,3.958,3.929,3.934,405646.2
2025-09-29T17:00:00+00:00,3.933,3.940,3.914,3.933,773674.0
2025-09-29T17:15:00+00:00,3.933,3.935,3.914,3.929,438573.0
2025-09-29T17:30:00+00:00,3.929,3.951,3.922,3.946,422291.1
2025-09-29T17:45:00+00:00,3.947,3.962,3.945,3.955,398065.5
2025-09-29T18:00:00+00:00,3.956,3.960,3.939,3.941,272998.0
2025-09-29T18:15:00+00:00,3.942,3.948,3.935,3.942,167750.2
2025-09-29T18:30:00+00:00,3.943,3.949,3.938,3.946,119119.1
2025-09-29T18:45:00+00:00,3.945,3.952,3.943,3.951,208622.6
2025-09-29T19:00:00+00:00,3.952,3.958,3.942,3.958,245743.5
2025-09-29T19:15:00+00:00,3.958,3.962,3.945,3.956,213201.2
2025-09-29T19:30:00+00:00,3.957,3.964,3.947,3.964,204036.9
2025-09-29T19:45:00+00:00,3.963,3.978,3.961,3.974,298030.0
2025-09-29T20:00:00+00:00,3.974,3.996,3.972,3.995,349587.2
2025-09-29T20:15:00+00:00,3.995,4.005,3.984,4.002,781602.3
2025-09-29T20:30:00+00:00,4.002,4.020,3.998,4.015,483728.9
2025-09-29T20:45:00+00:00,4.016,4.022,4.008,4.018,438422.3
2025-09-29T21:00:00+00:00,4.018,4.021,4.005,4.009,319707.1
2025-09-29T21:15:00+00:00,4.009,4.013,4.000,4.008,351298.1
2025-09-29T21:30:00+00:00,4.007,4.010,4.001,4.006,186888.6
2025-09-29T21:45:00+00:00,4.005,4.006,3.993,3.998,173809.9
2025-09-29T22:00:00+00:00,3.997,4.001,3.983,3.991,375717.4
2025-09-29T22:15:00+00:00,3.991,3.997,3.987,3.992,197801.1
2025-09-29T22:30:00+00:00,3.992,3.996,3.985,3.995,131588.2
2025-09-29T22:45:00+00:00,3.995,4.010,3.992,3.994,460860.0
2025-09-29T23:00:00+00:00,3.994,3.994,3.977,3.981,406616.4
2025-09-29T23:15:00+00:00,3.981,3.990,3.977,3.981,151549.8
2025-09-29T23:30:00+00:00,3.980,3.985,3.978,3.980,123696.4
2025-09-29T23:45:00+00:00,3.979,3.984,3.976,3.977,139341.8
2025-09-30T00:00:00+00:00,3.977,3.991,3.977,3.978,377047.5
2025-09-30T00:15:00+00:00,3.978,3.978,3.956,3.963,388776.3
2025-09-30T00:30:00+00:00,3.963,3.977,3.958,3.976,172640.0
2025-09-30T00:45:00+00:00,3.976,3.989,3.946,3.951,686829.2
2025-09-30T01:00:00+00:00,3.952,3.965,3.941,3.965,404279.0
2025-09-30T01:15:00+00:00,3.965,3.972,3.950,3.953,259987.4
2025-09-30T01:30:00+00:00,3.953,3.953,3.933,3.934,291606.7
2025-09-30T01:45:00+00:00,3.933,3.942,3.926,3.940,305139.3
2025-09-30T02:00:00+00:00,3.940,3.946,3.933,3.939,167735.1
2025-09-30T02:15:00+00:00,3.940,3.949,3.934,3.942,93460.3
2025-09-30T02:30:00+00:00,3.942,3.951,3.937,3.945,182163.6
2025-09-30T02:45:00+00:00,3.946,3.953,3.924,3.929,871633.9
2025-09-30T03:00:00+00:00,3.929,3.942,3.926,3.940,263696.6
2025-09-30T03:15:00+00:00,3.939,3.952,3.936,3.941,274707.9
2025-09-30T03:30:00+00:00,3.941,3.950,3.937,3.950,225282.4
2025-09-30T03:45:00+00:00,3.950,3.951,3.927,3.932,230875.5
2025-09-30T04:00:00+00:00,3.932,3.934,3.926,3.926,173249.7
2025-09-30T04:15:00+00:00,3.925,3.936,3.924,3.933,153232.2
2025-09-30T04:30:00+00:00,3.933,3.940,3.928,3.933,130895.2
2025-09-30T04:45:00+00:00,3.934,3.935,3.920,3.922,175442.5
2025-09-30T05:00:00+00:00,3.921,3.928,3.916,3.923,286919.9
2025-09-30T05:15:00+00:00,3.923,3.929,3.911,3.926,168524.5
2025-09-30T05:30:00+00:00,3.926,3.928,3.916,3.921,224909.1
2025-09-30T05:45:00+00:00,3.921,3.936,3.912,3.927,276834.9
2025-09-30T06:00:00+00:00,3.927,3.932,3.917,3.930,221789.5
2025-09-30T06:15:00+00:00,3.929,3.933,3.919,3.927,324935.1
2025-09-30T06:30:00+00:00,3.926,3.939,3.926,3.939,217696.2
2025-09-30T06:45:00+00:00,3.939,3.939,3.918,3.922,187295.0
2025-09-30T07:00:00+00:00,3.922,3.933,3.918,3.921,192098.7
2025-09-30T07:15:00+00:00,3.921,3.922,3.914,3.916,96315.0
2025-09-30T07:30:00+00:00,3.916,3.916,3.895,3.899,468565.4
2025-09-30T07:45:00+00:00,3.899,3.909,3.893,3.901,313431.8
2025-09-30T08:00:00+00:00,3.901,3.904,3.893,3.899,194480.8
2025-09-30T08:15:00+00:00,3.900,3.901,3.895,3.897,183684.5
2025-09-30T08:30:00+00:00,3.897,3.905,3.887,3.892,321240.7
2025-09-30T08:45:00+00:00,3.892,3.896,3.883,3.884,157741.1
2025-09-30T09:00:00+00:00,3.884,3.888,3.866,3.869,468797.2
2025-09-30T09:15:00+00:00,3.868,3.884,3.863,3.882,397972.9
2025-09-30T09:30:00+00:00,3.882,3.889,3.861,3.864,432794.3
2025-09-30T09:45:00+00:00,3.863,3.866,3.858,3.864,347530.2
2025-09-30T10:00:00+00:00,3.864,3.872,3.857,3.868,327788.2
2025-09-30T10:15:00+00:00,3.868,3.881,3.867,3.872,415479.3
2025-09-30T10:30:00+00:00,3.871,3.881,3.870,3.876,423970.9
2025-09-30T10:45:00+00:00,3.876,3.884,3.874,3.876,243180.9
2025-09-30T11:00:00+00:00,3.875,3.878,3.861,3.865,309293.7
2025-09-30T11:15:00+00:00,3.865,3.878,3.862,3.876,164720.6
2025-09-30T11:30:00+00:00,3.875,3.899,3.873,3.896,533814.8
2025-09-30T11:45:00+00:00,3.897,3.904,3.895,3.902,331233.5
2025-09-30T12:00:00+00:00,3.901,3.901,3.886,3.887,331024.1
2025-09-30T12:15:00+00:00,3.886,3.897,3.886,3.891,178789.5
2025-09-30T12:30:00+00:00,3.890,3.896,3.887,3.891,188648.8
2025-09-30T12:45:00+00:00,3.890,3.894,3.873,3.875,239018.4
2025-09-30T13:00:00+00:00,3.874,3.880,3.860,3.872,316480.3
2025-09-30T13:15:00+00:00,3.872,3.891,3.869,3.882,277890.6
2025-09-30T13:30:00+00:00,3.882,3.901,3.866,3.897,335920.5
2025-09-30T13:45:00+00:00,3.896,3.907,3.872,3.881,374386.4
2025-09-30T14:00:00+00:00,3.880,3.886,3.861,3.877,447270.9
2025-09-30T14:15:00+00:00,3.876,3.888,3.861,3.868,326007.6
2025-09-30T14:30:00+00:00,3.868,3.874,3.856,3.859,404385.2
2025-09-30T14:45:00+00:00,3.858,3.879,3.853,3.876,457223.8
2025-09-30T15:00:00+00:00,3.876,3.877,3.824,3.836,1178483.0
2025-09-30T15:15:00+00:00,3.835,3.837,3.806,3.823,1113888.2
2025-09-30T15:30:00+00:00,3.822,3.836,3.820,3.829,480675.0
2025-09-30T15:45:00+00:00,3.829,3.839,3.819,3.835,381433.0
2025-09-30T16:00:00+00:00,3.835,3.836,3.819,3.821,567666.4
2025-09-30T16:15:00+00:00,3.821,3.835,3.816,3.830,438118.3
2025-09-30T16:30:00+00:00,3.831,3.833,3.805,3.813,343338.7
2025-09-30T16:45:00+00:00,3.812,3.830,3.809,3.820,440266.1
2025-09-30T17:00:00+00:00,3.819,3.834,3.815,3.824,357258.1
2025-09-30T17:15:00+00:00,3.823,3.830,3.819,3.825,264230.2
2025-09-30T17:30:00+00:00,3.825,3.838,3.816,3.819,766198.1
2025-09-30T17:45:00+00:00,3.819,3.822,3.810,3.813,248138.7
2025-09-30T18:00:00+00:00,3.814,3.836,3.806,3.834,518558.5
2025-09-30T18:15:00+00:00,3.834,3.847,3.829,3.845,257595.0
2025-09-30T18:30:00+00:00,3.846,3.847,3.832,3.839,207489.0
2025-09-30T18:45:00+00:00,3.839,3.855,3.839,3.847,227630.0
2025-09-30T19:00:00+00:00,3.847,3.863,3.833,3.847,801598.9
2025-09-30T19:15:00+00:00,3.847,3.863,3.842,3.863,165294.4
2025-09-30T19:30:00+00:00,3.862,3.886,3.862,3.883,525662.9
2025-09-30T19:45:00+00:00,3.882,3.905,3.880,3.898,519077.4
2025-09-30T20:00:00+00:00,3.897,3.912,3.891,3.894,644055.3
2025-09-30T20:15:00+00:00,3.894,3.909,3.894,3.902,176343.0
2025-09-30T20:30:00+00:00,3.903,3.909,3.898,3.904,212176.2
2025-09-30T20:45:00+00:00,3.904,3.927,3.904,3.924,407950.1
2025-09-30T21:00:00+00:00,3.924,3.934,3.912,3.913,393413.4
2025-09-30T21:15:00+00:00,3.914,3.925,3.904,3.909,589593.6
2025-09-30T21:30:00+00:00,3.909,3.921,3.901,3.918,599123.6
2025-09-30T21:45:00+00:00,3.918,3.922,3.900,3.901,198155.2
2025-09-30T22:00:00+00:00,3.901,3.919,3.901,3.914,271975.2
2025-09-30T22:15:00+00:00,3.914,3.925,3.914,3.915,292083.8
2025-09-30T22:30:00+00:00,3.915,3.918,3.896,3.900,213445.8
2025-09-30T22:45:00+00:00,3.901,3.905,3.885,3.889,252457.2
2025-09-30T23:00:00+00:00,3.889,3.891,3.878,3.888,514974.6
2025-09-30T23:15:00+00:00,3.888,3.903,3.885,3.896,213262.8
2025-09-30T23:30:00+00:00,3.896,3.901,3.889,3.901,162012.3
2025-09-30T23:45:00+00:00,3.902,3.908,3.900,3.906,141685.8
2025-10-01T00:00:00+00:00,3.906,3.920,3.906,3.914,347554.7
2025-10-01T00:15:00+00:00,3.914,3.915,3.889,3.891,326274.6
2025-10-01T00:30:00+00:00,3.891,3.897,3.882,3.891,396439.0
2025-10-01T00:45:00+00:00,3.890,3.905,3.885,3.901,304773.0
2025-10-01T01:00:00+00:00,3.902,3.911,3.895,3.908,155260.2
2025-10-01T01:15:00+00:00,3.908,3.912,3.895,3.909,291795.3
2025-10-01T01:30:00+00:00,3.909,3.918,3.899,3.914,288515.9
2025-10-01T01:45:00+00:00,3.914,3.938,3.914,3.936,331417.8
2025-10-01T02:00:00+00:00,3.937,3.938,3.926,3.930,237446.9
2025-10-01T02:15:00+00:00,3.929,3.938,3.927,3.931,250842.8
2025-10-01T02:30:00+00:00,3.932,3.932,3.915,3.916,151308.3
2025-10-01T02:45:00+00:00,3.917,3.923,3.911,3.914,186607.1
2025-10-01T03:00:00+00:00,3.914,3.923,3.909,3.922,194444.6
2025-10-01T03:15:00+00:00,3.923,3.923,3.911,3.914,255546.5
2025-10-01T03:30:00+00:00,3.914,3.919,3.899,3.899,146744.2
2025-10-01T03:45:00+00:00,3.899,3.899,3.888,3.890,271870.9
2025-10-01T04:00:00+00:00,3.891,3.919,3.886,3.907,320880.8
2025-10-01T04:15:00+00:00,3.907,3.923,3.906,3.920,124369.8
2025-10-01T04:30:00+00:00,3.920,3.928,3.913,3.919,226220.6
2025-10-01T04:45:00+00:00,3.918,3.924,3.906,3.910,197338.9
2025-10-01T05:00:00+00:00,3.911,3.935,3.911,3.928,237913.9
2025-10-01T05:15:00+00:00,3.928,3.936,3.920,3.925,126062.2
2025-10-01T05:30:00+00:00,3.924,3.933,3.915,3.930,184037.8
2025-10-01T05:45:00+00:00,3.930,3.931,3.921,3.924,90043.4
2025-10-01T06:00:00+00:00,3.924,3.925,3.914,3.916,205270.5
2025-10-01T06:15:00+00:00,3.916,3.923,3.904,3.914,224155.5
2025-10-01T06:30:00+00:00,3.914,3.916,3.906,3.909,156061.1
2025-10-01T06:45:00+00:00,3.910,3.911,3.890,3.893,269252.5
2025-10-01T07:00:00+00:00,3.893,3.907,3.890,3.905,237581.7
2025-10-01T07:15:00+00:00,3.905,3.916,3.905,3.915,212550.6
2025-10-01T07:30:00+00:00,3.915,3.923,3.911,3.916,209685.5
2025-10-01T07:45:00+00:00,3.916,3.921,3.912,3.913,103142.1
2025-10-01T08:00:00+00:00,3.912,3.930,3.909,3.921,382932.2
2025-10-01T08:15:00+00:00,3.922,3.948,3.916,3.948,616540.0
2025-10-01T08:30:00+00:00,3.948,4.054,3.948,4.051,3344399.2
2025-10-01T08:45:00+00:00,4.050,4.082,4.046,4.076,3283631.2
2025-10-01T09:00:00+00:00,4.076,4.095,4.071,4.088,2050874.8
2025-10-01T09:15:00+00:00,4.088,4.102,4.071,4.090,1279330.7
2025-10-01T09:30:00+00:00,4.090,4.109,4.081,4.107,654783.6
2025-10-01T09:45:00+00:00,4.106,4.110,4.094,4.107,525801.6
2025-10-01T10:00:00+00:00,4.107,4.110,4.071,4.073,715791.9
2025-10-01T10:15:00+00:00,4.073,4.096,4.072,4.084,381199.2
2025-10-01T10:30:00+00:00,4.084,4.088,4.072,4.077,354385.7
2025-10-01T10:45:00+00:00,4.077,4.083,4.073,4.079,278697.7
2025-10-01T11:00:00+00:00,4.079,4.099,4.079,4.099,436229.4
2025-10-01T11:15:00+00:00,4.099,4.100,4.090,4.090,205468.5
2025-10-01T11:30:00+00:00,4.090,4.091,4.068,4.080,1032114.9
2025-10-01T11:45:00+00:00,4.079,4.082,4.074,4.080,169273.9
2025-10-01T12:00:00+00:00,4.079,4.088,4.059,4.065,754257.5
2025-10-01T12:15:00+00:00,4.066,4.078,4.056,4.062,493842.9
2025-10-01T12:30:00+00:00,4.061,4.064,4.055,4.057,295555.2
2025-10-01T12:45:00+00:00,4.057,4.064,4.042,4.044,402945.6
2025-10-01T13:00:00+00:00,4.044,4.062,4.044,4.061,320754.2
2025-10-01T13:15:00+00:00,4.061,4.069,4.057,4.060,200116.5
2025-10-01T13:30:00+00:00,4.060,4.065,4.047,4.053,309139.4
2025-10-01T13:45:00+00:00,4.053,4.059,4.040,4.050,376091.7
2025-10-01T14:00:00+00:00,4.051,4.070,4.041,4.058,414588.9
2025-10-01T14:15:00+00:00,4.059,4.077,4.053,4.073,718128.4
2025-10-01T14:30:00+00:00,4.074,4.084,4.061,4.082,578268.1
2025-10-01T14:45:00+00:00,4.083,4.083,4.059,4.064,335282.0
2025-10-01T15:00:00+00:00,4.064,4.073,4.048,4.057,329792.6
2025-10-01T15:15:00+00:00,4.058,4.076,4.058,4.069,224570.3
2025-10-01T15:30:00+00:00,4.069,4.079,4.061,4.076,321655.4
2025-10-01T15:45:00+00:00,4.076,4.082,4.060,4.072,249734.8
2025-10-01T16:00:00+00:00,4.072,4.081,4.065,4.077,407368.1
2025-10-01T16:15:00+00:00,4.078,4.083,4.074,4.078,366681.7
2025-10-01T16:30:00+00:00,4.078,4.080,4.068,4.072,311344.5
2025-10-01T16:45:00+00:00,4.072,4.073,4.049,4.059,403914.5
2025-10-01T17:00:00+00:00,4.058,4.060,4.048,4.049,280116.0
2025-10-01T17:15:00+00:00,4.049,4.067,4.046,4.063,264314.3
2025-10-01T17:30:00+00:00,4.064,4.071,4.060,4.068,215220.4
2025-10-01T17:45:00+00:00,4.068,4.073,4.051,4.056,257467.9
2025-10-01T18:00:00+00:00,4.055,4.080,4.055,4.075,267143.4
2025-10-01T18:15:00+00:00,4.074,4.101,4.067,4.095,417841.4
2025-10-01T18:30:00+00:00,4.095,4.103,4.094,4.096,325082.4
2025-10-01T18:45:00+00:00,4.095,4.105,4.094,4.097,280552.6
2025-10-01T19:00:00+00:00,4.098,4.103,4.093,4.102,396609.9
2025-10-01T19:15:00+00:00,4.102,4.121,4.100,4.113,563901.1
2025-10-01T19:30:00+00:00,4.114,4.120,4.109,4.110,410381.5
2025-10-01T19:45:00+00:00,4.111,4.120,4.107,4.109,261743.8
2025-10-01T20:00:00+00:00,4.109,4.115,4.094,4.097,485332.5
2025-10-01T20:15:00+00:00,4.097,4.107,4.093,4.100,325653.3
2025-10-01T20:30:00+00:00,4.101,4.104,4.094,4.104,205587.5
2025-10-01T20:45:00+00:00,4.104,4.105,4.098,4.105,165232.5
2025-10-01T21:00:00+00:00,4.105,4.105,4.090,4.095,288444.9
2025-10-01T21:15:00+00:00,4.095,4.100,4.085,4.093,210222.7
2025-10-01T21:30:00+00:00,4.093,4.094,4.084,4.094,190619.6
2025-10-01T21:45:00+00:00,4.093,4.096,4.082,4.092,177693.8
2025-10-01T22:00:00+00:00,4.092,4.112,4.092,4.100,295391.8
2025-10-01T22:15:00+00:00,4.100,4.103,4.093,4.097,128416.4
2025-10-01T22:30:00+00:00,4.097,4.100,4.083,4.088,184747.4
2025-10-01T22:45:00+00:00,4.088,4.104,4.088,4.098,261800.6
2025-10-01T23:00:00+00:00,4.098,4.104,4.091,4.102,171276.6
2025-10-01T23:15:00+00:00,4.102,4.112,4.099,4.103,175995.2
2025-10-01T23:30:00+00:00,4.104,4.113,4.101,4.108,155792.6
2025-10-01T23:45:00+00:00,4.107,4.123,4.107,4.122,404441.6
2025-10-02T00:00:00+00:00,4.122,4.142,4.121,4.138,1135614.0
2025-10-02T00:15:00+00:00,4.138,4.139,4.114,4.117,454956.5
2025-10-02T00:30:00+00:00,4.117,4.125,4.103,4.104,338394.7
2025-10-02T00:45:00+00:00,4.105,4.109,4.100,4.104,173681.0
2025-10-02T01:00:00+00:00,4.103,4.113,4.097,4.110,239903.7
2025-10-02T01:15:00+00:00,4.110,4.120,4.103,4.113,139835.1
2025-10-02T01:30:00+00:00,4.113,4.135,4.111,4.135,391109.4
2025-10-02T01:45:00+00:00,4.134,4.161,4.133,4.159,710094.9
2025-10-02T02:00:00+00:00,4.159,4.162,4.138,4.149,979804.7
2025-10-02T02:15:00+00:00,4.149,4.160,4.140,4.156,236513.0
2025-10-02T02:30:00+00:00,4.156,4.178,4.153,4.173,694105.6
2025-10-02T02:45:00+00:00,4.173,4.184,4.168,4.178,597694.1
2025-10-02T03:00:00+00:00,4.178,4.183,4.169,4.178,365827.8
2025-10-02T03:15:00+00:00,4.178,4.181,4.168,4.179,360682.8
2025-10-02T03:30:00+00:00,4.179,4.182,4.173,4.175,306657.5
2025-10-02T03:45:00+00:00,4.176,4.178,4.166,4.171,310873.5
2025-10-02T04:00:00+00:00,4.171,4.181,4.166,4.177,246397.4
2025-10-02T04:15:00+00:00,4.178,4.183,4.164,4.167,292128.0
2025-10-02T04:30:00+00:00,4.168,4.169,4.156,4.169,333055.4
2025-10-02T04:45:00+00:00,4.169,4.196,4.163,4.193,587445.3
2025-10-02T05:00:00+00:00,4.193,4.195,4.178,4.185,342582.3
2025-10-02T05:15:00+00:00,4.185,4.209,4.179,4.207,468891.6
2025-10-02T05:30:00+00:00,4.207,4.211,4.192,4.205,411236.1
2025-10-02T05:45:00+00:00,4.205,4.208,4.194,4.196,260649.7
2025-10-02T06:00:00+00:00,4.196,4.208,4.196,4.204,179708.8
2025-10-02T06:15:00+00:00,4.204,4.238,4.202,4.233,717505.0
2025-10-02T06:30:00+00:00,4.233,4.249,4.218,4.230,886879.9
2025-10-02T06:45:00+00:00,4.231,4.232,4.209,4.222,417430.5
2025-10-02T07:00:00+00:00,4.222,4.230,4.216,4.221,564662.2
2025-10-02T07:15:00+00:00,4.222,4.223,4.206,4.209,292827.7
2025-10-02T07:30:00+00:00,4.208,4.211,4.195,4.207,404636.8
2025-10-02T07:45:00+00:00,4.207,4.208,4.189,4.193,345805.3
2025-10-02T08:00:00+00:00,4.193,4.201,4.182,4.183,390527.3
2025-10-02T08:15:00+00:00,4.183,4.196,4.176,4.196,513379.8
2025-10-02T08:30:00+00:00,4.196,4.197,4.187,4.193,186477.8
2025-10-02T08:45:00+00:00,4.193,4.197,4.188,4.193,120229.9
2025-10-02T09:00:00+00:00,4.192,4.193,4.182,4.186,245719.3
2025-10-02T09:15:00+00:00,4.186,4.203,4.185,4.199,368851.5
2025-10-02T09:30:00+00:00,4.199,4.213,4.196,4.207,359156.6
2025-10-02T09:45:00+00:00,4.206,4.212,4.201,4.208,161849.0
2025-10-02T10:00:00+00:00,4.208,4.221,4.201,4.221,450744.6
2025-10-02T10:15:00+00:00,4.221,4.222,4.206,4.208,257996.3
2025-10-02T10:30:00+00:00,4.207,4.242,4.204,4.239,465038.5
2025-10-02T10:45:00+00:00,4.239,4.246,4.232,4.240,425347.3
2025-10-02T11:00:00+00:00,4.240,4.248,4.233,4.245,597255.0
2025-10-02T11:15:00+00:00,4.245,4.255,4.241,4.243,381596.2
2025-10-02T11:30:00+00:00,4.242,4.266,4.241,4.259,577505.4
2025-10-02T11:45:00+00:00,4.259,4.267,4.244,4.252,573187.2
2025-10-02T12:00:00+00:00,4.252,4.282,4.245,4.280,624536.0
2025-10-02T12:15:00+00:00,4.279,4.283,4.262,4.274,471883.0
2025-10-02T12:30:00+00:00,4.274,4.278,4.262,4.267,394019.6
2025-10-02T12:45:00+00:00,4.267,4.277,4.258,4.271,414610.6
2025-10-02T13:00:00+00:00,4.272,4.278,4.258,4.264,889259.4
2025-10-02T13:15:00+00:00,4.264,4.273,4.240,4.272,841990.3
2025-10-02T13:30:00+00:00,4.272,4.283,4.257,4.269,508638.1
2025-10-02T13:45:00+00:00,4.269,4.316,4.267,4.277,2088267.6
2025-10-02T14:00:00+00:00,4.277,4.281,4.245,4.257,765968.7
2025-10-02T14:15:00+00:00,4.257,4.273,4.237,4.253,752915.4
2025-10-02T14:30:00+00:00,4.253,4.261,4.206,4.211,1243935.2
2025-10-02T14:45:00+00:00,4.210,4.228,4.184,4.209,1777737.3
2025-10-02T15:00:00+00:00,4.209,4.213,4.171,4.206,1697343.0
2025-10-02T15:15:00+00:00,4.207,4.217,4.194,4.212,484702.2
2025-10-02T15:30:00+00:00,4.213,4.220,4.189,4.210,705875.2
2025-10-02T15:45:00+00:00,4.211,4.242,4.210,4.240,619320.3
2025-10-02T16:00:00+00:00,4.241,4.281,4.231,4.271,1148131.3
2025-10-02T16:15:00+00:00,4.270,4.278,4.256,4.262,642300.7
2025-10-02T16:30:00+00:00,4.262,4.268,4.227,4.238,532722.6
2025-10-02T16:45:00+00:00,4.237,4.273,4.237,4.266,513348.5
2025-10-02T17:00:00+00:00,4.266,4.277,4.253,4.276,428791.1
2025-10-02T17:15:00+00:00,4.276,4.287,4.260,4.285,432976.1
2025-10-02T17:30:00+00:00,4.285,4.307,4.279,4.299,623688.7
2025-10-02T17:45:00+00:00,4.299,4.310,4.292,4.295,454206.3
2025-10-02T18:00:00+00:00,4.296,4.321,4.295,4.316,658559.4
2025-10-02T18:15:00+00:00,4.316,4.333,4.314,4.327,405496.0
2025-10-02T18:30:00+00:00,4.327,4.336,4.317,4.321,605361.0
2025-10-02T18:45:00+00:00,4.321,4.339,4.315,4.315,921792.2
2025-10-02T19:00:00+00:00,4.316,4.333,4.307,4.331,680652.2
2025-10-02T19:15:00+00:00,4.332,4.332,4.317,4.325,423357.5
2025-10-02T19:30:00+00:00,4.325,4.326,4.314,4.318,309964.0
2025-10-02T19:45:00+00:00,4.318,4.326,4.313,4.316,175728.3
2025-10-02T20:00:00+00:00,4.317,4.325,4.311,4.317,337931.7
2025-10-02T20:15:00+00:00,4.317,4.319,4.301,4.308,390017.3
2025-10-02T20:30:00+00:00,4.309,4.310,4.289,4.307,486792.0
2025-10-02T20:45:00+00:00,4.308,4.316,4.300,4.316,291465.8
2025-10-02T21:00:00+00:00,4.316,4.329,4.309,4.327,346380.0
2025-10-02T21:15:00+00:00,4.327,4.329,4.302,4.312,460576.8
2025-10-02T21:30:00+00:00,4.312,4.313,4.301,4.303,197706.2
2025-10-02T21:45:00+00:00,4.304,4.311,4.299,4.299,155745.4
2025-10-02T22:00:00+00:00,4.299,4.318,4.298,4.306,210519.7
2025-10-02T22:15:00+00:00,4.307,4.308,4.294,4.307,245470.4
2025-10-02T22:30:00+00:00,4.307,4.315,4.291,4.295,353472.9
2025-10-02T22:45:00+00:00,4.295,4.304,4.293,4.297,144050.0
2025-10-02T23:00:00+00:00,4.297,4.306,4.293,4.296,165389.6
2025-10-02T23:15:00+00:00,4.297,4.301,4.281,4.287,277448.9
2025-10-02T23:30:00+00:00,4.287,4.307,4.284,4.301,251382.2
2025-10-02T23:45:00+00:00,4.301,4.310,4.293,4.306,190623.1
2025-10-03T00:00:00+00:00,4.306,4.311,4.272,4.279,479386.2
2025-10-03T00:15:00+00:00,4.279,4.293,4.276,4.290,232665.0
2025-10-03T00:30:00+00:00,4.290,4.290,4.243,4.253,837022.1
2025-10-03T00:45:00+00:00,4.253,4.261,4.249,4.254,370364.9
2025-10-03T01:00:00+00:00,4.254,4.268,4.249,4.250,441066.4
2025-10-03T01:15:00+00:00,4.251,4.256,4.233,4.243,533572.9
2025-10-03T01:30:00+00:00,4.243,4.254,4.240,4.242,557079.4
2025-10-03T01:45:00+00:00,4.242,4.248,4.222,4.229,306813.2
2025-10-03T02:00:00+00:00,4.230,4.251,4.224,4.251,334073.6
2025-10-03T02:15:00+00:00,4.251,4.256,4.233,4.235,312815.2
2025-10-03T02:30:00+00:00,4.235,4.248,4.226,4.239,301692.4
2025-10-03T02:45:00+00:00,4.239,4.246,4.229,4.240,155564.9
2025-10-03T03:00:00+00:00,4.240,4.273,4.237,4.264,434695.4
2025-10-03T03:15:00+00:00,4.264,4.279,4.256,4.256,219407.0
2025-10-03T03:30:00+00:00,4.257,4.263,4.247,4.249,163324.7
2025-10-03T03:45:00+00:00,4.249,4.258,4.233,4.239,271654.4
2025-10-03T04:00:00+00:00,4.240,4.259,4.235,4.259,169233.4
2025-10-03T04:15:00+00:00,4.259,4.281,4.255,4.266,180298.6
2025-10-03T04:30:00+00:00,4.267,4.267,4.241,4.251,353503.2
2025-10-03T04:45:00+00:00,4.251,4.265,4.247,4.264,220235.8
2025-10-03T05:00:00+00:00,4.265,4.268,4.243,4.251,181465.2
2025-10-03T05:15:00+00:00,4.251,4.251,4.241,4.241,136638.9
2025-10-03T05:30:00+00:00,4.242,4.243,4.221,4.224,295318.2
2025-10-03T05:45:00+00:00,4.225,4.232,4.217,4.230,340822.5
2025-10-03T06:00:00+00:00,4.229,4.235,4.218,4.226,396092.3
2025-10-03T06:15:00+00:00,4.226,4.233,4.223,4.232,184867.3
2025-10-03T06:30:00+00:00,4.232,4.244,4.232,4.238,237763.4
2025-10-03T06:45:00+00:00,4.238,4.238,4.187,4.211,1001578.9
2025-10-03T07:00:00+00:00,4.210,4.214,4.197,4.203,363219.2
2025-10-03T07:15:00+00:00,4.204,4.208,4.187,4.187,388091.1
2025-10-03T07:30:00+00:00,4.188,4.205,4.186,4.192,355499.5
2025-10-03T07:45:00+00:00,4.191,4.204,4.188,4.203,132037.8
2025-10-03T08:00:00+00:00,4.203,4.206,4.188,4.193,459189.0
2025-10-03T08:15:00+00:00,4.192,4.205,4.177,4.203,567254.9
2025-10-03T08:30:00+00:00,4.203,4.227,4.198,4.225,602474.9
2025-10-03T08:45:00+00:00,4.226,4.232,4.220,4.223,316905.1
2025-10-03T09:00:00+00:00,4.223,4.232,4.207,4.211,372884.3
2025-10-03T09:15:00+00:00,4.211,4.229,4.202,4.226,340424.6
2025-10-03T09:30:00+00:00,4.226,4.228,4.211,4.219,292780.1
2025-10-03T09:45:00+00:00,4.218,4.236,4.213,4.230,344241.6
2025-10-03T10:00:00+00:00,4.229,4.229,4.217,4.224,130263.7
2025-10-03T10:15:00+00:00,4.224,4.245,4.223,4.240,396014.6
2025-10-03T10:30:00+00:00,4.240,4.247,4.230,4.242,310172.2
2025-10-03T10:45:00+00:00,4.242,4.246,4.230,4.236,250744.0
2025-10-03T11:00:00+00:00,4.235,4.237,4.216,4.221,215585.4
2025-10-03T11:15:00+00:00,4.221,4.228,4.212,4.227,217688.4
2025-10-03T11:30:00+00:00,4.228,4.233,4.219,4.229,279180.7
2025-10-03T11:45:00+00:00,4.229,4.234,4.223,4.225,121227.5
2025-10-03T12:00:00+00:00,4.226,4.228,4.215,4.228,180834.9
2025-10-03T12:15:00+00:00,4.228,4.237,4.223,4.224,228293.4
2025-10-03T12:30:00+00:00,4.225,4.239,4.222,4.230,275767.8
2025-10-03T12:45:00+00:00,4.230,4.240,4.225,4.236,178880.3
2025-10-03T13:00:00+00:00,4.235,4.235,4.200,4.210,461531.8
2025-10-03T13:15:00+00:00,4.211,4.258,4.208,4.253,421816.5
2025-10-03T13:30:00+00:00,4.252,4.273,4.237,4.250,1230802.8
2025-10-03T13:45:00+00:00,4.249,4.277,4.249,4.258,603066.5
2025-10-03T14:00:00+00:00,4.258,4.259,4.230,4.236,643113.1
2025-10-03T14:15:00+00:00,4.236,4.242,4.193,4.241,1298789.1
2025-10-03T14:30:00+00:00,4.240,4.253,4.225,4.249,341582.1
2025-10-03T14:45:00+00:00,4.249,4.273,4.247,4.260,533984.1
2025-10-03T15:00:00+00:00,4.259,4.259,4.246,4.258,369666.3
2025-10-03T15:15:00+00:00,4.258,4.300,4.257,4.278,843460.8
2025-10-03T15:30:00+00:00,4.278,4.304,4.277,4.297,573036.1
2025-10-03T15:45:00+00:00,4.298,4.322,4.293,4.317,890255.2
2025-10-03T16:00:00+00:00,4.318,4.347,4.318,4.334,1255055.9
2025-10-03T16:15:00+00:00,4.334,4.360,4.321,4.351,901321.1
2025-10-03T16:30:00+00:00,4.350,4.382,4.342,4.380,1053728.1
2025-10-03T16:45:00+00:00,4.380,4.382,4.309,4.313,1903491.1
2025-10-03T17:00:00+00:00,4.313,4.317,4.236,4.305,3577163.7
2025-10-03T17:15:00+00:00,4.304,4.306,4.267,4.284,1074757.7
2025-10-03T17:30:00+00:00,4.283,4.306,4.270,4.293,552055.7
2025-10-03T17:45:00+00:00,4.294,4.295,4.241,4.262,1365111.1
2025-10-03T18:00:00+00:00,4.263,4.273,4.238,4.268,810029.0
2025-10-03T18:15:00+00:00,4.269,4.305,4.264,4.297,451254.3
2025-10-03T18:30:00+00:00,4.298,4.310,4.288,4.305,418691.2
2025-10-03T18:45:00+00:00,4.305,4.318,4.299,4.317,340984.8
2025-10-03T19:00:00+00:00,4.317,4.324,4.303,4.320,394571.7
2025-10-03T19:15:00+00:00,4.321,4.348,4.320,4.338,1003687.9
2025-10-03T19:30:00+00:00,4.338,4.342,4.323,4.325,315209.1
2025-10-03T19:45:00+00:00,4.325,4.325,4.312,4.317,347424.3
2025-10-03T20:00:00+00:00,4.317,4.319,4.294,4.304,622082.3
2025-10-03T20:15:00+00:00,4.304,4.323,4.299,4.316,375983.6
2025-10-03T20:30:00+00:00,4.316,4.336,4.316,4.335,284733.6
2025-10-03T20:45:00+00:00,4.336,4.337,4.327,4.335,171125.1
2025-10-03T21:00:00+00:00,4.335,4.341,4.328,4.336,197058.5
2025-10-03T21:15:00+00:00,4.335,4.337,4.327,4.330,142038.4
2025-10-03T21:30:00+00:00,4.330,4.333,4.327,4.328,149741.8
2025-10-03T21:45:00+00:00,4.328,4.333,4.315,4.328,412265.5
2025-10-03T22:00:00+00:00,4.329,4.343,4.329,4.339,204392.1
2025-10-03T22:15:00+00:00,4.339,4.344,4.333,4.338,119281.8
2025-10-03T22:30:00+00:00,4.339,4.341,4.331,4.334,129680.4
2025-10-03T22:45:00+00:00,4.335,4.345,4.329,4.334,177373.2
2025-10-03T23:00:00+00:00,4.335,4.336,4.320,4.323,240165.1
2025-10-03T23:15:00+00:00,4.322,4.336,4.321,4.325,198892.2
2025-10-03T23:30:00+00:00,4.326,4.334,4.319,4.326,143536.2
2025-10-03T23:45:00+00:00,4.326,4.327,4.314,4.319,157260.7
2025-10-04T00:00:00+00:00,4.320,4.328,4.314,4.317,213303.5
2025-10-04T00:15:00+00:00,4.318,4.323,4.298,4.301,220021.4
2025-10-04T00:30:00+00:00,4.301,4.308,4.294,4.303,353634.6
2025-10-04T00:45:00+00:00,4.303,4.320,4.302,4.319,162346.6
2025-10-04T01:00:00+00:00,4.319,4.320,4.291,4.293,267682.9
2025-10-04T01:15:00+00:00,4.293,4.298,4.286,4.288,222285.1
2025-10-04T01:30:00+00:00,4.287,4.295,4.268,4.281,513424.8
2025-10-04T01:45:00+00:00,4.281,4.282,4.266,4.276,286740.1
2025-10-04T02:00:00+00:00,4.277,4.290,4.259,4.263,273553.2
2025-10-04T02:15:00+00:00,4.263,4.273,4.254,4.270,288910.7
2025-10-04T02:30:00+00:00,4.270,4.280,4.264,4.277,144952.5
2025-10-04T02:45:00+00:00,4.277,4.293,4.273,4.288,151219.4
2025-10-04T03:00:00+00:00,4.288,4.293,4.250,4.258,339170.3
2025-10-04T03:15:00+00:00,4.258,4.265,4.250,4.264,310971.9
2025-10-04T03:30:00+00:00,4.264,4.275,4.259,4.273,255393.1
2025-10-04T03:45:00+00:00,4.273,4.275,4.263,4.269,156290.5
2025-10-04T04:00:00+00:00,4.269,4.279,4.265,4.271,102162.0
2025-10-04T04:15:00+00:00,4.271,4.272,4.247,4.253,341221.0
2025-10-04T04:30:00+00:00,4.252,4.265,4.250,4.263,178100.5
2025-10-04T04:45:00+00:00,4.263,4.275,4.260,4.262,192709.2
2025-10-04T05:00:00+00:00,4.262,4.281,4.257,4.279,239201.0
2025-10-04T05:15:00+00:00,4.279,4.298,4.273,4.287,375546.8
2025-10-04T05:30:00+00:00,4.287,4.288,4.270,4.272,161873.9
2025-10-04T05:45:00+00:00,4.273,4.293,4.270,4.288,240349.4
2025-10-04T06:00:00+00:00,4.289,4.295,4.276,4.282,221547.1
2025-10-04T06:15:00+00:00,4.282,4.308,4.281,4.293,265582.3
2025-10-04T06:30:00+00:00,4.292,4.309,4.286,4.304,154340.3
2025-10-04T06:45:00+00:00,4.303,4.310,4.290,4.294,214745.5
2025-10-04T07:00:00+00:00,4.294,4.295,4.282,4.286,175115.3
2025-10-04T07:15:00+00:00,4.286,4.289,4.276,4.278,176985.2
2025-10-04T07:30:00+00:00,4.278,4.283,4.273,4.275,137555.9
2025-10-04T07:45:00+00:00,4.274,4.283,4.267,4.277,690755.6
2025-10-04T08:00:00+00:00,4.277,4.283,4.260,4.262,362415.2
2025-10-04T08:15:00+00:00,4.261,4.267,4.253,4.256,233800.1
2025-10-04T08:30:00+00:00,4.256,4.262,4.228,4.237,1291378.0
2025-10-04T08:45:00+00:00,4.237,4.241,4.225,4.234,536923.9
2025-10-04T09:00:00+00:00,4.233,4.252,4.225,4.248,306188.3
2025-10-04T09:15:00+00:00,4.248,4.252,4.236,4.244,235750.5
2025-10-04T09:30:00+00:00,4.243,4.247,4.236,4.245,184834.5
2025-10-04T09:45:00+00:00,4.245,4.245,4.202,4.208,1250721.4
2025-10-04T10:00:00+00:00,4.209,4.229,4.204,4.220,331520.3
2025-10-04T10:15:00+00:00,4.220,4.226,4.212,4.225,177865.4
2025-10-04T10:30:00+00:00,4.225,4.226,4.195,4.203,472284.0
2025-10-04T10:45:00+00:00,4.204,4.207,4.192,4.199,265902.2
2025-10-04T11:00:00+00:00,4.199,4.210,4.191,4.194,272690.6
2025-10-04T11:15:00+00:00,4.193,4.204,4.188,4.204,173575.1
2025-10-04T11:30:00+00:00,4.203,4.211,4.196,4.206,177974.3
2025-10-04T11:45:00+00:00,4.206,4.216,4.201,4.205,274202.2
2025-10-04T12:00:00+00:00,4.204,4.215,4.197,4.214,341092.1
2025-10-04T12:15:00+00:00,4.215,4.220,4.209,4.213,293942.0
2025-10-04T12:30:00+00:00,4.213,4.219,4.209,4.211,123068.8
2025-10-04T12:45:00+00:00,4.211,4.213,4.193,4.195,220701.0
2025-10-04T13:00:00+00:00,4.195,4.247,4.193,4.230,1254784.0
2025-10-04T13:15:00+00:00,4.230,4.241,4.224,4.227,433246.5
2025-10-04T13:30:00+00:00,4.226,4.238,4.226,4.231,204072.8
2025-10-04T13:45:00+00:00,4.231,4.234,4.218,4.220,384953.6
2025-10-04T14:00:00+00:00,4.220,4.227,4.212,4.226,296430.7
2025-10-04T14:15:00+00:00,4.226,4.233,4.212,4.217,196940.2
2025-10-04T14:30:00+00:00,4.218,4.220,4.208,4.209,127426.5
2025-10-04T14:45:00+00:00,4.208,4.209,4.176,4.177,553500.6
2025-10-04T15:00:00+00:00,4.177,4.193,4.172,4.175,614366.3
2025-10-04T15:15:00+00:00,4.175,4.184,4.137,4.142,1997264.1
2025-10-04T15:30:00+00:00,4.142,4.158,4.140,4.157,670012.3
2025-10-04T15:45:00+00:00,4.157,4.168,4.147,4.150,501046.6
2025-10-04T16:00:00+00:00,4.151,4.160,4.147,4.152,425888.1
2025-10-04T16:15:00+00:00,4.153,4.159,4.133,4.149,416179.0
2025-10-04T16:30:00+00:00,4.149,4.173,4.149,4.162,265008.8
2025-10-04T16:45:00+00:00,4.163,4.169,4.156,4.168,196719.9
2025-10-04T17:00:00+00:00,4.168,4.179,4.162,4.165,359689.5
2025-10-04T17:15:00+00:00,4.165,4.179,4.162,4.178,131448.0
2025-10-04T17:30:00+00:00,4.178,4.183,4.157,4.161,295964.5
2025-10-04T17:45:00+00:00,4.161,4.173,4.158,4.172,277329.0
2025-10-04T18:00:00+00:00,4.171,4.178,4.168,4.171,144525.7
2025-10-04T18:15:00+00:00,4.170,4.172,4.161,4.166,111269.0
2025-10-04T18:30:00+00:00,4.167,4.170,4.154,4.165,184587.0
2025-10-04T18:45:00+00:00,4.164,4.164,4.152,4.156,110032.8
2025-10-04T19:00:00+00:00,4.157,4.169,4.156,4.168,115509.3
2025-10-04T19:15:00+00:00,4.168,4.175,4.165,4.172,133353.6
2025-10-04T19:30:00+00:00,4.171,4.175,4.163,4.164,236972.7
2025-10-04T19:45:00+00:00,4.163,4.182,4.158,4.174,682365.1
2025-10-04T20:00:00+00:00,4.175,4.184,4.172,4.178,203628.0
2025-10-04T20:15:00+00:00,4.178,4.190,4.175,4.187,289078.4
2025-10-04T20:30:00+00:00,4.187,4.189,4.175,4.181,312400.1
2025-10-04T20:45:00+00:00,4.182,4.186,4.168,4.169,147299.9
2025-10-04T21:00:00+00:00,4.168,4.188,4.168,4.188,229511.3
2025-10-04T21:15:00+00:00,4.187,4.195,4.180,4.194,182892.9
2025-10-04T21:30:00+00:00,4.194,4.194,4.187,4.188,105626.5
2025-10-04T21:45:00+00:00,4.188,4.188,4.180,4.182,62121.6
2025-10-04T22:00:00+00:00,4.182,4.190,4.178,4.181,256247.1
2025-10-04T22:15:00+00:00,4.181,4.188,4.175,4.186,73423.1
2025-10-04T22:30:00+00:00,4.187,4.206,4.187,4.205,501738.0
2025-10-04T22:45:00+00:00,4.204,4.208,4.190,4.196,374643.0
2025-10-04T23:00:00+00:00,4.196,4.202,4.189,4.193,143742.7
2025-10-04T23:15:00+00:00,4.193,4.200,4.190,4.197,126866.5
2025-10-04T23:30:00+00:00,4.197,4.203,4.193,4.202,104948.1
2025-10-04T23:45:00+00:00,4.203,4.204,4.187,4.188,183631.3
2025-10-05T00:00:00+00:00,4.187,4.197,4.183,4.186,258393.7
2025-10-05T00:15:00+00:00,4.187,4.210,4.184,4.204,202968.5
2025-10-05T00:30:00+00:00,4.204,4.206,4.180,4.180,164016.3
2025-10-05T00:45:00+00:00,4.180,4.182,4.163,4.168,308433.9
2025-10-05T01:00:00+00:00,4.168,4.193,4.167,4.188,145712.3
2025-10-05T01:15:00+00:00,4.188,4.193,4.176,4.185,141477.7
2025-10-05T01:30:00+00:00,4.186,4.196,4.184,4.195,78232.7
2025-10-05T01:45:00+00:00,4.196,4.198,4.191,4.194,83161.7
2025-10-05T02:00:00+00:00,4.194,4.195,4.186,4.193,98436.6
2025-10-05T02:15:00+00:00,4.192,4.196,4.186,4.196,136849.5
2025-10-05T02:30:00+00:00,4.197,4.254,4.196,4.236,1517399.3
2025-10-05T02:45:00+00:00,4.237,4.267,4.237,4.264,596211.5
2025-10-05T03:00:00+00:00,4.264,4.277,4.259,4.264,588336.1
2025-10-05T03:15:00+00:00,4.263,4.263,4.243,4.255,462990.8
2025-10-05T03:30:00+00:00,4.256,4.273,4.255,4.268,244102.3
2025-10-05T03:45:00+00:00,4.268,4.269,4.245,4.248,220522.6
2025-10-05T04:00:00+00:00,4.247,4.258,4.238,4.251,350180.7
2025-10-05T04:15:00+00:00,4.251,4.269,4.245,4.256,329331.6
2025-10-05T04:30:00+00:00,4.256,4.266,4.248,4.259,303846.8
2025-10-05T04:45:00+00:00,4.259,4.303,4.258,4.290,1686198.7
2025-10-05T05:00:00+00:00,4.290,4.306,4.281,4.289,913902.3
2025-10-05T05:15:00+00:00,4.290,4.312,4.287,4.311,371977.8
2025-10-05T05:30:00+00:00,4.311,4.315,4.295,4.302,488672.7
2025-10-05T05:45:00+00:00,4.303,4.308,4.292,4.307,270312.2
2025-10-05T06:00:00+00:00,4.308,4.310,4.293,4.300,290913.7
2025-10-05T06:15:00+00:00,4.300,4.301,4.279,4.290,288987.0
2025-10-05T06:30:00+00:00,4.291,4.293,4.277,4.287,345486.2
2025-10-05T06:45:00+00:00,4.287,4.291,4.276,4.281,215602.0
2025-10-05T07:00:00+00:00,4.282,4.310,4.282,4.305,488287.0
2025-10-05T07:15:00+00:00,4.305,4.320,4.304,4.312,392469.5
2025-10-05T07:30:00+00:00,4.312,4.327,4.302,4.325,503801.8
2025-10-05T07:45:00+00:00,4.325,4.357,4.318,4.356,915765.8
2025-10-05T08:00:00+00:00,4.357,4.376,4.336,4.340,1030167.2
2025-10-05T08:15:00+00:00,4.340,4.350,4.331,4.335,304001.6
2025-10-05T08:30:00+00:00,4.335,4.335,4.306,4.327,890996.9
2025-10-05T08:45:00+00:00,4.327,4.328,4.319,4.323,267938.2
2025-10-05T09:00:00+00:00,4.323,4.327,4.313,4.320,212624.3
2025-10-05T09:15:00+00:00,4.321,4.325,4.305,4.311,490518.0
2025-10-05T09:30:00+00:00,4.312,4.318,4.280,4.289,2012575.5
2025-10-05T09:45:00+00:00,4.288,4.297,4.272,4.276,1010246.7
2025-10-05T10:00:00+00:00,4.276,4.280,4.245,4.266,1239492.1
2025-10-05T10:15:00+00:00,4.266,4.286,4.264,4.272,665910.6
2025-10-05T10:30:00+00:00,4.273,4.273,4.261,4.269,283910.2
2025-10-05T10:45:00+00:00,4.270,4.280,4.259,4.259,238069.5
2025-10-05T11:00:00+00:00,4.259,4.268,4.228,4.233,712251.5
2025-10-05T11:15:00+00:00,4.233,4.258,4.230,4.252,415120.5
2025-10-05T11:30:00+00:00,4.251,4.251,4.239,4.247,219031.0
2025-10-05T11:45:00+00:00,4.247,4.268,4.246,4.264,267434.5
2025-10-05T12:00:00+00:00,4.263,4.263,4.234,4.250,410803.7
2025-10-05T12:15:00+00:00,4.249,4.261,4.240,4.243,324754.5
2025-10-05T12:30:00+00:00,4.243,4.254,4.229,4.230,260246.4
2025-10-05T12:45:00+00:00,4.230,4.241,4.227,4.228,151086.0
2025-10-05T13:00:00+00:00,4.228,4.242,4.227,4.236,163464.6
2025-10-05T13:15:00+00:00,4.237,4.242,4.227,4.241,229111.6
2025-10-05T13:30:00+00:00,4.241,4.256,4.232,4.249,340343.6
2025-10-05T13:45:00+00:00,4.250,4.255,4.236,4.244,180105.8
2025-10-05T14:00:00+00:00,4.243,4.266,4.242,4.260,241619.8
2025-10-05T14:15:00+00:00,4.261,4.263,4.247,4.250,190972.1
2025-10-05T14:30:00+00:00,4.251,4.255,4.217,4.224,528274.4
2025-10-05T14:45:00+00:00,4.224,4.230,4.211,4.229,491377.0
2025-10-05T15:00:00+00:00,4.228,4.236,4.223,4.236,197045.2
2025-10-05T15:15:00+00:00,4.237,4.252,4.237,4.241,184924.6
2025-10-05T15:30:00+00:00,4.240,4.240,4.228,4.233,120241.3
2025-10-05T15:45:00+00:00,4.233,4.244,4.230,4.242,137374.8
2025-10-05T16:00:00+00:00,4.243,4.253,4.232,4.247,208127.2
2025-10-05T16:15:00+00:00,4.246,4.250,4.235,4.237,155584.4
2025-10-05T16:30:00+00:00,4.237,4.244,4.228,4.230,149849.2
2025-10-05T16:45:00+00:00,4.231,4.242,4.200,4.238,1264882.8
2025-10-05T17:00:00+00:00,4.239,4.247,4.224,4.229,318900.3
2025-10-05T17:15:00+00:00,4.230,4.239,4.218,4.219,158987.1
2025-10-05T17:30:00+00:00,4.219,4.219,4.201,4.208,468140.8
2025-10-05T17:45:00+00:00,4.207,4.210,4.159,4.172,2934258.2
2025-10-05T18:00:00+00:00,4.173,4.190,4.157,4.170,791509.1
2025-10-05T18:15:00+00:00,4.171,4.182,4.162,4.177,304401.6
2025-10-05T18:30:00+00:00,4.177,4.190,4.174,4.186,172840.1
2025-10-05T18:45:00+00:00,4.186,4.194,4.182,4.183,182796.8
2025-10-05T19:00:00+00:00,4.184,4.184,4.146,4.158,551628.9
2025-10-05T19:15:00+00:00,4.158,4.166,4.150,4.158,394028.0
2025-10-05T19:30:00+00:00,4.159,4.159,4.117,4.125,2084362.1
2025-10-05T19:45:00+00:00,4.126,4.133,4.074,4.096,2943538.8
2025-10-05T20:00:00+00:00,4.097,4.119,4.075,4.110,1396644.7
2025-10-05T20:15:00+00:00,4.109,4.116,4.097,4.111,481323.7
2025-10-05T20:30:00+00:00,4.112,4.132,4.111,4.126,371068.7
2025-10-05T20:45:00+00:00,4.125,4.132,4.115,4.115,266112.0
2025-10-05T21:00:00+00:00,4.116,4.131,4.108,4.129,402156.0
2025-10-05T21:15:00+00:00,4.129,4.129,4.114,4.128,280990.0
2025-10-05T21:30:00+00:00,4.128,4.129,4.116,4.121,214412.3
2025-10-05T21:45:00+00:00,4.121,4.128,4.117,4.125,116588.2
2025-10-05T22:00:00+00:00,4.126,4.145,4.114,4.117,369796.1
2025-10-05T22:15:00+00:00,4.117,4.135,4.115,4.126,259854.7
2025-10-05T22:30:00+00:00,4.127,4.134,4.125,4.133,196950.8
2025-10-05T22:45:00+00:00,4.132,4.143,4.130,4.137,215415.7
2025-10-05T23:00:00+00:00,4.138,4.146,4.133,4.143,277385.4
2025-10-05T23:15:00+00:00,4.142,4.146,4.134,4.139,210597.3
2025-10-05T23:30:00+00:00,4.139,4.146,4.134,4.135,171110.7
2025-10-05T23:45:00+00:00,4.134,4.138,4.128,4.131,185501.2
2025-10-06T00:00:00+00:00,4.131,4.132,4.106,4.129,527733.2
2025-10-06T00:15:00+00:00,4.130,4.187,4.122,4.134,1427765.8
2025-10-06T00:30:00+00:00,4.135,4.147,4.120,4.136,348653.1
2025-10-06T00:45:00+00:00,4.137,4.139,4.109,4.122,402460.9
2025-10-06T01:00:00+00:00,4.123,4.139,4.110,4.131,373742.4
2025-10-06T01:15:00+00:00,4.131,4.163,4.120,4.153,386371.7
2025-10-06T01:30:00+00:00,4.154,4.170,4.142,4.148,440011.8
2025-10-06T01:45:00+00:00,4.148,4.153,4.141,4.145,282268.3
2025-10-06T02:00:00+00:00,4.145,4.152,4.138,4.146,227403.8
2025-10-06T02:15:00+00:00,4.145,4.154,4.140,4.140,196331.6
2025-10-06T02:30:00+00:00,4.140,4.147,4.123,4.144,334093.4
2025-10-06T02:45:00+00:00,4.144,4.175,4.144,4.158,463524.8
2025-10-06T03:00:00+00:00,4.157,4.162,4.152,4.159,173411.7
2025-10-06T03:15:00+00:00,4.158,4.164,4.152,4.159,155471.5
2025-10-06T03:30:00+00:00,4.158,4.166,4.153,4.155,204099.6
2025-10-06T03:45:00+00:00,4.155,4.159,4.147,4.156,159954.0
2025-10-06T04:00:00+00:00,4.156,4.158,4.144,4.153,195627.0
2025-10-06T04:15:00+00:00,4.154,4.165,4.151,4.165,234507.6
2025-10-06T04:30:00+00:00,4.165,4.168,4.144,4.150,163125.2
2025-10-06T04:45:00+00:00,4.150,4.156,4.139,4.143,257396.5
2025-10-06T05:00:00+00:00,4.142,4.149,4.133,4.135,192486.1
2025-10-06T05:15:00+00:00,4.134,4.158,4.132,4.158,168260.5
2025-10-06T05:30:00+00:00,4.158,4.159,4.141,4.152,139602.1
2025-10-06T05:45:00+00:00,4.152,4.169,4.152,4.165,215321.8
2025-10-06T06:00:00+00:00,4.165,4.179,4.164,4.176,465711.1
2025-10-06T06:15:00+00:00,4.176,4.184,4.161,4.182,390937.0
2025-10-06T06:30:00+00:00,4.182,4.196,4.179,4.184,339422.3
2025-10-06T06:45:00+00:00,4.184,4.186,4.165,4.178,229791.8
2025-10-06T07:00:00+00:00,4.178,4.187,4.173,4.186,209650.7
2025-10-06T07:15:00+00:00,4.185,4.190,4.177,4.185,231382.3
2025-10-06T07:30:00+00:00,4.185,4.187,4.151,4.157,417633.5
2025-10-06T07:45:00+00:00,4.156,4.162,4.145,4.162,333261.0
2025-10-06T08:00:00+00:00,4.162,4.185,4.162,4.176,327870.1
2025-10-06T08:15:00+00:00,4.175,4.176,4.162,4.172,303681.1
2025-10-06T08:30:00+00:00,4.173,4.193,4.172,4.177,443097.9
2025-10-06T08:45:00+00:00,4.176,4.184,4.174,4.182,168864.1
2025-10-06T09:00:00+00:00,4.183,4.191,4.168,4.181,762609.8
2025-10-06T09:15:00+00:00,4.180,4.197,4.178,4.188,423282.5
2025-10-06T09:30:00+00:00,4.189,4.193,4.180,4.189,210783.8
2025-10-06T09:45:00+00:00,4.189,4.197,4.188,4.190,271375.8
2025-10-06T10:00:00+00:00,4.190,4.195,4.180,4.188,259644.9
2025-10-06T10:15:00+00:00,4.189,4.206,4.183,4.201,520019.3
2025-10-06T10:30:00+00:00,4.202,4.207,4.192,4.199,333638.7
2025-10-06T10:45:00+00:00,4.199,4.217,4.198,4.217,240590.4
2025-10-06T11:00:00+00:00,4.216,4.218,4.202,4.202,372392.2
2025-10-06T11:15:00+00:00,4.202,4.234,4.202,4.231,485156.1
2025-10-06T11:30:00+00:00,4.230,4.235,4.210,4.221,363806.4
2025-10-06T11:45:00+00:00,4.220,4.229,4.208,4.214,214326.1
2025-10-06T12:00:00+00:00,4.214,4.238,4.212,4.234,437143.9
2025-10-06T12:15:00+00:00,4.234,4.250,4.234,4.240,388967.2
2025-10-06T12:30:00+00:00,4.240,4.254,4.237,4.251,732504.4
2025-10-06T12:45:00+00:00,4.250,4.259,4.250,4.257,498313.7
2025-10-06T13:00:00+00:00,4.257,4.281,4.256,4.268,636948.3
2025-10-06T13:15:00+00:00,4.268,4.292,4.261,4.280,738948.5
2025-10-06T13:30:00+00:00,4.280,4.316,4.269,4.301,1508416.8
2025-10-06T13:45:00+00:00,4.301,4.439,4.295,4.390,7856932.0
2025-10-06T14:00:00+00:00,4.391,4.397,4.350,4.364,3137737.3
2025-10-06T14:15:00+00:00,4.364,4.390,4.347,4.384,1717209.8
2025-10-06T14:30:00+00:00,4.385,4.411,4.385,4.394,1063757.0
2025-10-06T14:45:00+00:00,4.394,4.403,4.355,4.365,866962.4
2025-10-06T15:00:00+00:00,4.365,4.399,4.365,4.395,641649.4
2025-10-06T15:15:00+00:00,4.395,4.413,4.395,4.409,726591.7
2025-10-06T15:30:00+00:00,4.408,4.411,4.378,4.386,765642.0
2025-10-06T15:45:00+00:00,4.386,4.393,4.377,4.378,392312.4
2025-10-06T16:00:00+00:00,4.378,4.394,4.354,4.363,777491.7
2025-10-06T16:15:00+00:00,4.363,4.373,4.353,4.355,497737.6
2025-10-06T16:30:00+00:00,4.355,4.369,4.352,4.363,342024.1
2025-10-06T16:45:00+00:00,4.363,4.370,4.348,4.368,374983.8
2025-10-06T17:00:00+00:00,4.368,4.381,4.357,4.376,687116.8
2025-10-06T17:15:00+00:00,4.376,4.399,4.370,4.395,533789.7
2025-10-06T17:30:00+00:00,4.396,4.400,4.369,4.382,485116.0
2025-10-06T17:45:00+00:00,4.383,4.400,4.376,4.383,344152.0
2025-10-06T18:00:00+00:00,4.384,4.394,4.380,4.386,259696.9
2025-10-06T18:15:00+00:00,4.385,4.393,4.380,4.383,192920.3
2025-10-06T18:30:00+00:00,4.383,4.387,4.369,4.376,377375.4
2025-10-06T18:45:00+00:00,4.376,4.396,4.376,4.391,244756.5
2025-10-06T19:00:00+00:00,4.391,4.395,4.380,4.390,305696.6
2025-10-06T19:15:00+00:00,4.390,4.394,4.379,4.386,196501.6
2025-10-06T19:30:00+00:00,4.387,4.407,4.376,4.380,481891.4
2025-10-06T19:45:00+00:00,4.380,4.393,4.377,4.389,250954.4
2025-10-06T20:00:00+00:00,4.388,4.401,4.385,4.388,260044.0
2025-10-06T20:15:00+00:00,4.388,4.393,4.372,4.384,271477.5
2025-10-06T20:30:00+00:00,4.384,4.392,4.374,4.375,218808.1
2025-10-06T20:45:00+00:00,4.376,4.384,4.374,4.380,329244.6
2025-10-06T21:00:00+00:00,4.379,4.399,4.378,4.386,315623.3
2025-10-06T21:15:00+00:00,4.387,4.391,4.349,4.369,1034152.9
2025-10-06T21:30:00+00:00,4.368,4.382,4.356,4.377,281135.5
2025-10-06T21:45:00+00:00,4.377,4.389,4.362,4.388,288056.1
2025-10-06T22:00:00+00:00,4.388,4.402,4.380,4.393,620664.4
2025-10-06T22:15:00+00:00,4.394,4.406,4.390,4.402,576914.7
2025-10-06T22:30:00+00:00,4.401,4.410,4.397,4.400,322424.2
2025-10-06T22:45:00+00:00,4.400,4.404,4.386,4.395,548556.8
2025-10-06T23:00:00+00:00,4.395,4.400,4.382,4.384,331520.5
2025-10-06T23:15:00+00:00,4.385,4.397,4.378,4.395,254078.4
2025-10-06T23:30:00+00:00,4.395,4.396,4.382,4.389,225167.0
2025-10-06T23:45:00+00:00,4.389,4.404,4.382,4.398,495475.2
2025-10-07T00:00:00+00:00,4.398,4.414,4.387,4.389,814451.2
2025-10-07T00:15:00+00:00,4.389,4.393,4.375,4.379,521953.0
2025-10-07T00:30:00+00:00,4.378,4.396,4.377,4.395,147649.9
2025-10-07T00:45:00+00:00,4.395,4.413,4.381,4.411,714816.3
2025-10-07T01:00:00+00:00,4.411,4.436,4.407,4.422,721159.0
2025-10-07T01:15:00+00:00,4.421,4.421,4.386,4.406,899381.0
2025-10-07T01:30:00+00:00,4.407,4.415,4.391,4.413,516771.0
2025-10-07T01:45:00+00:00,4.412,4.412,4.395,4.400,279815.8
2025-10-07T02:00:00+00:00,4.400,4.404,4.390,4.390,201775.4
2025-10-07T02:15:00+00:00,4.391,4.400,4.379,4.399,240586.6
2025-10-07T02:30:00+00:00,4.399,4.404,4.373,4.380,379549.8
2025-10-07T02:45:00+00:00,4.380,4.386,4.372,4.374,368071.3
2025-10-07T03:00:00+00:00,4.373,4.392,4.371,4.386,374220.6
2025-10-07T03:15:00+00:00,4.386,4.386,4.360,4.361,270127.5
2025-10-07T03:30:00+00:00,4.362,4.371,4.360,4.367,313324.4
2025-10-07T03:45:00+00:00,4.367,4.372,4.363,4.366,180631.4
2025-10-07T04:00:00+00:00,4.366,4.367,4.333,4.337,1245850.4
2025-10-07T04:15:00+00:00,4.337,4.348,4.328,4.347,432289.8
2025-10-07T04:30:00+00:00,4.348,4.371,4.347,4.364,312833.7
2025-10-07T04:45:00+00:00,4.365,4.388,4.364,4.380,272155.1
2025-10-07T05:00:00+00:00,4.380,4.383,4.360,4.368,263500.9
2025-10-07T05:15:00+00:00,4.367,4.377,4.361,4.366,177034.3
2025-10-07T05:30:00+00:00,4.366,4.377,4.362,4.373,204156.4
2025-10-07T05:45:00+00:00,4.373,4.375,4.357,4.362,204488.6
2025-10-07T06:00:00+00:00,4.361,4.365,4.343,4.344,321941.7
2025-10-07T06:15:00+00:00,4.343,4.344,4.314,4.315,476221.5
2025-10-07T06:30:00+00:00,4.314,4.330,4.289,4.302,1095199.5
2025-10-07T06:45:00+00:00,4.302,4.308,4.291,4.293,447639.1
2025-10-07T07:00:00+00:00,4.292,4.316,4.289,4.303,525889.4
2025-10-07T07:15:00+00:00,4.303,4.314,4.293,4.313,354185.8
2025-10-07T07:30:00+00:00,4.313,4.313,4.279,4.287,550520.3
2025-10-07T07:45:00+00:00,4.286,4.296,4.279,4.290,245453.8
2025-10-07T08:00:00+00:00,4.290,4.292,4.254,4.262,1246750.9
2025-10-07T08:15:00+00:00,4.262,4.270,4.251,4.259,561246.5
2025-10-07T08:30:00+00:00,4.260,4.287,4.247,4.286,608619.7
2025-10-07T08:45:00+00:00,4.286,4.305,4.274,4.295,478773.2
2025-10-07T09:00:00+00:00,4.295,4.317,4.291,4.310,367696.7
2025-10-07T09:15:00+00:00,4.311,4.312,4.300,4.304,518502.4
2025-10-07T09:30:00+00:00,4.304,4.311,4.297,4.301,401079.7
2025-10-07T09:45:00+00:00,4.301,4.306,4.297,4.302,307892.1
2025-10-07T10:00:00+00:00,4.302,4.319,4.287,4.313,388035.4
2025-10-07T10:15:00+00:00,4.314,4.315,4.299,4.305,358958.9
2025-10-07T10:30:00+00:00,4.305,4.335,4.304,4.317,530791.1
2025-10-07T10:45:00+00:00,4.317,4.329,4.314,4.319,393155.8
2025-10-07T11:00:00+00:00,4.319,4.326,4.310,4.312,207064.4
2025-10-07T11:15:00+00:00,4.312,4.327,4.311,4.317,373971.3
2025-10-07T11:30:00+00:00,4.318,4.328,4.313,4.315,249870.5
2025-10-07T11:45:00+00:00,4.315,4.335,4.312,4.327,383869.9
2025-10-07T12:00:00+00:00,4.326,4.342,4.316,4.330,511765.9
2025-10-07T12:15:00+00:00,4.330,4.334,4.318,4.326,299445.4
2025-10-07T12:30:00+00:00,4.326,4.331,4.314,4.324,308161.6
2025-10-07T12:45:00+00:00,4.323,4.359,4.322,4.359,600291.8
2025-10-07T13:00:00+00:00,4.359,4.362,4.342,4.346,417692.2
2025-10-07T13:15:00+00:00,4.345,4.355,4.337,4.351,962491.9
2025-10-07T13:30:00+00:00,4.352,4.353,4.267,4.295,2322323.9
2025-10-07T13:45:00+00:00,4.295,4.312,4.267,4.310,1317258.0
2025-10-07T14:00:00+00:00,4.310,4.316,4.237,4.257,2587400.3
2025-10-07T14:15:00+00:00,4.257,4.279,4.231,4.239,1134931.1
2025-10-07T14:30:00+00:00,4.239,4.259,4.212,4.230,1362819.4
2025-10-07T14:45:00+00:00,4.230,4.238,4.205,4.207,1122481.7
2025-10-07T15:00:00+00:00,4.207,4.222,4.151,4.193,4737466.6
2025-10-07T15:15:00+00:00,4.194,4.213,4.169,4.180,2209500.5
2025-10-07T15:30:00+00:00,4.179,4.183,4.126,4.147,2778353.7
2025-10-07T15:45:00+00:00,4.147,4.173,4.129,4.153,2215938.3
2025-10-07T16:00:00+00:00,4.153,4.158,4.118,4.123,1330563.3
2025-10-07T16:15:00+00:00,4.122,4.142,4.107,4.128,1419950.9
2025-10-07T16:30:00+00:00,4.128,4.177,4.128,4.172,1237824.4
2025-10-07T16:45:00+00:00,4.171,4.200,4.168,4.180,998992.0
2025-10-07T17:00:00+00:00,4.179,4.192,4.161,4.166,742949.6
2025-10-07T17:15:00+00:00,4.167,4.174,4.157,4.170,299583.2
2025-10-07T17:30:00+00:00,4.170,4.172,4.160,4.170,246105.5
2025-10-07T17:45:00+00:00,4.169,4.181,4.147,4.152,375116.4
2025-10-07T18:00:00+00:00,4.152,4.163,4.148,4.157,493739.4
2025-10-07T18:15:00+00:00,4.158,4.163,4.137,4.146,378258.1
2025-10-07T18:30:00+00:00,4.145,4.152,4.137,4.148,360989.3
2025-10-07T18:45:00+00:00,4.149,4.152,4.138,4.138,250627.9
2025-10-07T19:00:00+00:00,4.139,4.158,4.135,4.141,471360.8
2025-10-07T19:15:00+00:00,4.140,4.157,4.133,4.134,246336.4
2025-10-07T19:30:00+00:00,4.134,4.148,4.132,4.136,278253.1
2025-10-07T19:45:00+00:00,4.135,4.163,4.127,4.140,456226.0
2025-10-07T20:00:00+00:00,4.140,4.173,4.135,4.165,463803.4
2025-10-07T20:15:00+00:00,4.165,4.177,4.156,4.175,239012.9
2025-10-07T20:30:00+00:00,4.175,4.185,4.172,4.172,305438.7
2025-10-07T20:45:00+00:00,4.173,4.189,4.166,4.167,313951.1
2025-10-07T21:00:00+00:00,4.167,4.183,4.158,4.169,411945.7
2025-10-07T21:15:00+00:00,4.169,4.185,4.167,4.180,203168.0
2025-10-07T21:30:00+00:00,4.181,4.183,4.159,4.165,155209.9
2025-10-07T21:45:00+00:00,4.165,4.165,4.146,4.158,200632.5
2025-10-07T22:00:00+00:00,4.158,4.167,4.146,4.164,250603.2
2025-10-07T22:15:00+00:00,4.163,4.179,4.163,4.169,160730.5
2025-10-07T22:30:00+00:00,4.169,4.175,4.155,4.163,154832.5
2025-10-07T22:45:00+00:00,4.164,4.171,4.160,4.164,64226.7
2025-10-07T23:00:00+00:00,4.165,4.167,4.154,4.157,157423.4
2025-10-07T23:15:00+00:00,4.158,4.164,4.149,4.159,269601.5
2025-10-07T23:30:00+00:00,4.158,4.158,4.136,4.146,422464.1
2025-10-07T23:45:00+00:00,4.147,4.150,4.131,4.136,469262.7
2025-10-08T00:00:00+00:00,4.137,4.150,4.135,4.147,219730.5
2025-10-08T00:15:00+00:00,4.147,4.164,4.147,4.153,244382.9
2025-10-08T00:30:00+00:00,4.153,4.175,4.131,4.171,249989.0
2025-10-08T00:45:00+00:00,4.171,4.185,4.164,4.169,317933.2
2025-10-08T01:00:00+00:00,4.168,4.173,4.155,4.161,200426.5
2025-10-08T01:15:00+00:00,4.161,4.181,4.155,4.168,209398.3
2025-10-08T01:30:00+00:00,4.169,4.180,4.162,4.163,227900.0
2025-10-08T01:45:00+00:00,4.164,4.175,4.163,4.168,193770.3
2025-10-08T02:00:00+00:00,4.167,4.173,4.150,4.154,181477.8
2025-10-08T02:15:00+00:00,4.155,4.175,4.154,4.166,178554.6
2025-10-08T02:30:00+00:00,4.166,4.167,4.150,4.151,159701.2
2025-10-08T02:45:00+00:00,4.151,4.160,4.145,4.149,152554.5
2025-10-08T03:00:00+00:00,4.148,4.149,4.117,4.120,472449.0
2025-10-08T03:15:00+00:00,4.119,4.126,4.083,4.094,1286764.6
2025-10-08T03:30:00+00:00,4.093,4.106,4.084,4.096,525341.1
2025-10-08T03:45:00+00:00,4.097,4.113,4.094,4.098,379927.5
2025-10-08T04:00:00+00:00,4.098,4.110,4.060,4.103,1699229.7
2025-10-08T04:15:00+00:00,4.104,4.116,4.090,4.099,440329.7
2025-10-08T04:30:00+00:00,4.100,4.118,4.100,4.108,242594.7
2025-10-08T04:45:00+00:00,4.109,4.116,4.103,4.110,159427.6
2025-10-08T05:00:00+00:00,4.110,4.111,4.088,4.092,271959.1
2025-10-08T05:15:00+00:00,4.092,4.096,4.073,4.085,387789.4
2025-10-08T05:30:00+00:00,4.086,4.117,4.079,4.097,1136594.3
2025-10-08T05:45:00+00:00,4.097,4.107,4.092,4.103,382977.0
2025-10-08T06:00:00+00:00,4.103,4.124,4.093,4.117,391241.4
2025-10-08T06:15:00+00:00,4.116,4.118,4.100,4.108,391050.5
2025-10-08T06:30:00+00:00,4.107,4.119,4.104,4.112,171972.4
2025-10-08T06:45:00+00:00,4.112,4.130,4.112,4.126,170703.4
2025-10-08T07:00:00+00:00,4.127,4.138,4.120,4.124,239632.7
2025-10-08T07:15:00+00:00,4.124,4.143,4.121,4.140,254393.8
2025-10-08T07:30:00+00:00,4.141,4.146,4.131,4.141,330730.1
2025-10-08T07:45:00+00:00,4.141,4.154,4.135,4.152,315804.0
2025-10-08T08:00:00+00:00,4.152,4.158,4.141,4.146,405551.3
2025-10-08T08:15:00+00:00,4.145,4.153,4.110,4.127,1581718.3
2025-10-08T08:30:00+00:00,4.127,4.164,4.120,4.159,568931.7
2025-10-08T08:45:00+00:00,4.160,4.165,4.133,4.143,306252.8
2025-10-08T09:00:00+00:00,4.143,4.148,4.130,4.134,188130.8
2025-10-08T09:15:00+00:00,4.133,4.135,4.120,4.134,326555.7
2025-10-08T09:30:00+00:00,4.134,4.139,4.127,4.137,306972.4
2025-10-08T09:45:00+00:00,4.136,4.138,4.120,4.130,169478.5
2025-10-08T10:00:00+00:00,4.130,4.150,4.129,4.140,208431.8
2025-10-08T10:15:00+00:00,4.139,4.150,4.136,4.144,217588.2
2025-10-08T10:30:00+00:00,4.144,4.169,4.142,4.167,522556.2
2025-10-08T10:45:00+00:00,4.167,4.175,4.158,4.173,311660.5
2025-10-08T11:00:00+00:00,4.174,4.182,4.161,4.178,571869.8
2025-10-08T11:15:00+00:00,4.178,4.178,4.160,4.160,194199.6
2025-10-08T11:30:00+00:00,4.161,4.161,4.144,4.146,227500.6
2025-10-08T11:45:00+00:00,4.146,4.157,4.145,4.151,197052.9
2025-10-08T12:00:00+00:00,4.152,4.164,4.144,4.156,232750.2
2025-10-08T12:15:00+00:00,4.157,4.158,4.144,4.152,219247.6
2025-10-08T12:30:00+00:00,4.152,4.158,4.137,4.155,221594.1
2025-10-08T12:45:00+00:00,4.155,4.157,4.138,4.143,181195.5
2025-10-08T13:00:00+00:00,4.142,4.152,4.133,4.149,482782.4
2025-10-08T13:15:00+00:00,4.149,4.155,4.130,4.131,607219.8
2025-10-08T13:30:00+00:00,4.132,4.152,4.119,4.131,525197.4
2025-10-08T13:45:00+00:00,4.131,4.157,4.111,4.153,409620.1
2025-10-08T14:00:00+00:00,4.153,4.198,4.153,4.172,1200565.7
2025-10-08T14:15:00+00:00,4.171,4.191,4.155,4.157,457697.3
2025-10-08T14:30:00+00:00,4.156,4.164,4.136,4.141,464387.2
2025-10-08T14:45:00+00:00,4.141,4.147,4.120,4.129,415211.3
2025-10-08T15:00:00+00:00,4.129,4.155,4.127,4.146,345655.5
2025-10-08T15:15:00+00:00,4.146,4.159,4.135,4.149,247714.8
2025-10-08T15:30:00+00:00,4.149,4.157,4.144,4.147,227629.1
2025-10-08T15:45:00+00:00,4.146,4.146,4.130,4.135,200299.9
2025-10-08T16:00:00+00:00,4.134,4.155,4.125,4.153,200573.3
2025-10-08T16:15:00+00:00,4.154,4.158,4.144,4.152,231739.9
2025-10-08T16:30:00+00:00,4.153,4.156,4.143,4.153,173728.0
2025-10-08T16:45:00+00:00,4.154,4.175,4.147,4.174,325698.4
2025-10-08T17:00:00+00:00,4.173,4.199,4.169,4.196,493910.9
2025-10-08T17:15:00+00:00,4.196,4.236,4.194,4.228,1124555.1
2025-10-08T17:30:00+00:00,4.229,4.241,4.214,4.217,673545.1
2025-10-08T17:45:00+00:00,4.218,4.238,4.211,4.230,409615.3
2025-10-08T18:00:00+00:00,4.230,4.239,4.218,4.231,546470.9
2025-10-08T18:15:00+00:00,4.230,4.233,4.210,4.211,426649.0
2025-10-08T18:30:00+00:00,4.210,4.226,4.202,4.205,442473.3
2025-10-08T18:45:00+00:00,4.206,4.231,4.203,4.220,419914.4
2025-10-08T19:00:00+00:00,4.219,4.223,4.198,4.207,556777.9
2025-10-08T19:15:00+00:00,4.208,4.231,4.196,4.219,1228420.7
2025-10-08T19:30:00+00:00,4.218,4.228,4.212,4.215,267132.8
2025-10-08T19:45:00+00:00,4.214,4.222,4.209,4.217,237530.1
2025-10-08T20:00:00+00:00,4.218,4.222,4.205,4.217,197045.9
2025-10-08T20:15:00+00:00,4.218,4.227,4.217,4.221,162987.2
2025-10-08T20:30:00+00:00,4.221,4.222,4.210,4.215,124415.6
2025-10-08T20:45:00+00:00,4.215,4.215,4.188,4.192,312687.5
2025-10-08T21:00:00+00:00,4.191,4.206,4.190,4.202,197344.4
2025-10-08T21:15:00+00:00,4.203,4.222,4.203,4.216,113221.2
2025-10-08T21:30:00+00:00,4.216,4.220,4.212,4.215,73135.4
2025-10-08T21:45:00+00:00,4.215,4.215,4.196,4.206,91171.7
2025-10-08T22:00:00+00:00,4.206,4.221,4.204,4.215,162398.4
2025-10-08T22:15:00+00:00,4.215,4.222,4.211,4.216,132137.7
2025-10-08T22:30:00+00:00,4.217,4.218,4.210,4.212,62462.5
2025-10-08T22:45:00+00:00,4.212,4.214,4.199,4.201,142321.2
2025-10-08T23:00:00+00:00,4.201,4.201,4.184,4.193,285481.7
2025-10-08T23:15:00+00:00,4.193,4.204,4.188,4.204,150597.8
2025-10-08T23:30:00+00:00,4.204,4.209,4.192,4.194,209596.7
2025-10-08T23:45:00+00:00,4.194,4.197,4.189,4.192,153775.6
2025-10-09T00:00:00+00:00,4.193,4.197,4.173,4.177,319936.6
2025-10-09T00:15:00+00:00,4.176,4.194,4.174,4.176,346874.6
2025-10-09T00:30:00+00:00,4.176,4.182,4.168,4.173,196007.8
2025-10-09T00:45:00+00:00,4.173,4.182,4.167,4.169,168709.5
2025-10-09T01:00:00+00:00,4.169,4.170,4.142,4.146,814341.6
2025-10-09T01:15:00+00:00,4.145,4.160,4.138,4.140,400748.2
2025-10-09T01:30:00+00:00,4.141,4.143,4.125,4.126,439697.4
2025-10-09T01:45:00+00:00,4.126,4.142,4.126,4.141,299803.2
2025-10-09T02:00:00+00:00,4.140,4.141,4.102,4.118,722775.5
2025-10-09T02:15:00+00:00,4.118,4.121,4.098,4.101,339647.1
2025-10-09T02:30:00+00:00,4.102,4.110,4.077,4.081,717232.7
2025-10-09T02:45:00+00:00,4.082,4.091,4.062,4.074,644285.3
2025-10-09T03:00:00+00:00,4.074,4.109,4.072,4.102,701967.0
2025-10-09T03:15:00+00:00,4.102,4.116,4.088,4.098,925050.9
2025-10-09T03:30:00+00:00,4.098,4.115,4.096,4.101,466447.1
2025-10-09T03:45:00+00:00,4.100,4.113,4.099,4.108,139287.3
2025-10-09T04:00:00+00:00,4.107,4.115,4.097,4.097,215994.3
2025-10-09T04:15:00+00:00,4.097,4.122,4.097,4.117,222634.6
2025-10-09T04:30:00+00:00,4.117,4.117,4.103,4.108,198307.9
2025-10-09T04:45:00+00:00,4.107,4.124,4.107,4.121,206374.1
2025-10-09T05:00:00+00:00,4.121,4.128,4.113,4.113,172799.4
2025-10-09T05:15:00+00:00,4.113,4.116,4.102,4.112,152329.8
2025-10-09T05:30:00+00:00,4.111,4.122,4.102,4.111,293590.4
2025-10-09T05:45:00+00:00,4.110,4.111,4.094,4.104,361021.7
2025-10-09T06:00:00+00:00,4.104,4.106,4.083,4.089,275087.0
2025-10-09T06:15:00+00:00,4.089,4.098,4.078,4.094,349979.1
2025-10-09T06:30:00+00:00,4.093,4.103,4.090,4.093,216634.1
2025-10-09T06:45:00+00:00,4.093,4.101,4.080,4.085,369785.4
2025-10-09T07:00:00+00:00,4.085,4.093,4.077,4.086,197206.2
2025-10-09T07:15:00+00:00,4.086,4.093,4.072,4.081,178971.8
2025-10-09T07:30:00+00:00,4.081,4.081,4.057,4.060,479628.2
2025-10-09T07:45:00+00:00,4.061,4.076,4.051,4.055,568368.0
2025-10-09T08:00:00+00:00,4.055,4.059,4.029,4.029,1082165.5
2025-10-09T08:15:00+00:00,4.029,4.036,3.998,4.000,1926990.2
2025-10-09T08:30:00+00:00,4.000,4.018,3.993,4.001,1198540.9
2025-10-09T08:45:00+00:00,4.002,4.014,3.981,3.984,930095.1
2025-10-09T09:00:00+00:00,3.985,4.010,3.983,4.006,795654.6
2025-10-09T09:15:00+00:00,4.006,4.016,3.996,4.011,694459.9
2025-10-09T09:30:00+00:00,4.011,4.022,4.006,4.014,475440.7
2025-10-09T09:45:00+00:00,4.013,4.024,4.011,4.017,487501.9
2025-10-09T10:00:00+00:00,4.017,4.028,4.013,4.023,435830.0
2025-10-09T10:15:00+00:00,4.022,4.024,4.003,4.006,501202.9
2025-10-09T10:30:00+00:00,4.006,4.032,4.006,4.029,377643.6
2025-10-09T10:45:00+00:00,4.029,4.037,4.017,4.026,296019.4
2025-10-09T11:00:00+00:00,4.026,4.034,4.025,4.027,313892.6
2025-10-09T11:15:00+00:00,4.028,4.050,4.027,4.041,403053.3
2025-10-09T11:30:00+00:00,4.042,4.047,4.028,4.047,248879.8
2025-10-09T11:45:00+00:00,4.047,4.047,4.032,4.034,200918.1
2025-10-09T12:00:00+00:00,4.034,4.055,4.030,4.050,569946.5
2025-10-09T12:15:00+00:00,4.049,4.059,4.046,4.050,286422.6
2025-10-09T12:30:00+00:00,4.050,4.078,4.043,4.071,557946.7
2025-10-09T12:45:00+00:00,4.071,4.075,4.059,4.068,519025.0
2025-10-09T13:00:00+00:00,4.068,4.072,4.046,4.048,347270.6
2025-10-09T13:15:00+00:00,4.048,4.062,4.047,4.053,247327.7
2025-10-09T13:30:00+00:00,4.053,4.053,4.022,4.029,587848.8
2025-10-09T13:45:00+00:00,4.029,4.047,4.009,4.012,689982.1
2025-10-09T14:00:00+00:00,4.012,4.039,4.000,4.035,1042479.8
2025-10-09T14:15:00+00:00,4.035,4.039,4.005,4.008,541587.1
2025-10-09T14:30:00+00:00,4.007,4.008,3.978,3.989,1405087.2
2025-10-09T14:45:00+00:00,3.989,4.022,3.980,4.015,756953.7
2025-10-09T15:00:00+00:00,4.015,4.032,4.015,4.022,447193.7
2025-10-09T15:15:00+00:00,4.021,4.031,3.999,4.001,323035.2
2025-10-09T15:30:00+00:00,4.001,4.010,3.982,3.985,469068.4
2025-10-09T15:45:00+00:00,3.985,4.013,3.985,4.001,359696.7
2025-10-09T16:00:00+00:00,4.001,4.017,3.997,4.001,434375.7
2025-10-09T16:15:00+00:00,4.001,4.014,3.985,4.006,407671.4
2025-10-09T16:30:00+00:00,4.006,4.008,3.989,4.001,373431.5
2025-10-09T16:45:00+00:00,4.001,4.003,3.961,3.972,1039107.7
2025-10-09T17:00:00+00:00,3.971,4.007,3.968,4.000,540029.7
2025-10-09T17:15:00+00:00,4.001,4.016,3.997,4.002,356529.8
2025-10-09T17:30:00+00:00,4.002,4.023,4.001,4.015,345510.7
2025-10-09T17:45:00+00:00,4.014,4.037,4.011,4.033,435334.0
2025-10-09T18:00:00+00:00,4.032,4.038,4.020,4.031,430126.8
2025-10-09T18:15:00+00:00,4.031,4.038,4.022,4.027,339339.7
2025-10-09T18:30:00+00:00,4.026,4.031,4.016,4.024,243080.3
2025-10-09T18:45:00+00:00,4.024,4.027,4.015,4.015,193199.7
2025-10-09T19:00:00+00:00,4.015,4.029,4.014,4.026,227750.4
2025-10-09T19:15:00+00:00,4.025,4.041,4.019,4.040,468055.4
2025-10-09T19:30:00+00:00,4.040,4.041,4.024,4.027,159394.9
2025-10-09T19:45:00+00:00,4.027,4.036,4.023,4.033,173682.6
2025-10-09T20:00:00+00:00,4.034,4.050,4.026,4.027,298926.3
2025-10-09T20:15:00+00:00,4.026,4.035,4.023,4.023,145482.2
2025-10-09T20:30:00+00:00,4.024,4.032,4.023,4.032,162795.2
2025-10-09T20:45:00+00:00,4.032,4.036,4.027,4.036,228543.2
2025-10-09T21:00:00+00:00,4.037,4.042,4.028,4.040,215821.1
2025-10-09T21:15:00+00:00,4.041,4.048,4.029,4.033,294409.4
2025-10-09T21:30:00+00:00,4.032,4.045,4.027,4.044,167182.7
2025-10-09T21:45:00+00:00,4.043,4.050,4.039,4.048,120527.9
2025-10-09T22:00:00+00:00,4.048,4.055,4.042,4.052,170226.1
2025-10-09T22:15:00+00:00,4.052,4.062,4.051,4.059,202192.9
2025-10-09T22:30:00+00:00,4.060,4.073,4.054,4.072,271952.2
2025-10-09T22:45:00+00:00,4.073,4.101,4.070,4.080,1052208.1
2025-10-09T23:00:00+00:00,4.081,4.084,4.060,4.061,715959.2
2025-10-09T23:15:00+00:00,4.062,4.070,4.053,4.068,275683.5
2025-10-09T23:30:00+00:00,4.068,4.078,4.064,4.078,173985.1
2025-10-09T23:45:00+00:00,4.078,4.078,4.068,4.072,216113.2
2025-10-10T00:00:00+00:00,4.072,4.082,4.070,4.074,238372.5
2025-10-10T00:15:00+00:00,4.073,4.088,4.073,4.087,216116.7
2025-10-10T00:30:00+00:00,4.087,4.094,4.079,4.086,246795.8
2025-10-10T00:45:00+00:00,4.085,4.086,4.072,4.080,135083.2
2025-10-10T01:00:00+00:00,4.079,4.091,4.076,4.090,266380.6
2025-10-10T01:15:00+00:00,4.089,4.092,4.082,4.086,143522.1
2025-10-10T01:30:00+00:00,4.087,4.088,4.068,4.071,240944.5
2025-10-10T01:45:00+00:00,4.072,4.083,4.069,4.080,165295.7
2025-10-10T02:00:00+00:00,4.081,4.083,4.059,4.072,276026.2
2025-10-10T02:15:00+00:00,4.073,4.087,4.072,4.075,192618.5
2025-10-10T02:30:00+00:00,4.076,4.081,4.068,4.074,285862.1
2025-10-10T02:45:00+00:00,4.073,4.074,4.059,4.068,178300.4
2025-10-10T03:00:00+00:00,4.068,4.072,4.048,4.058,292024.8
2025-10-10T03:15:00+00:00,4.059,4.106,4.056,4.105,345441.6
2025-10-10T03:30:00+00:00,4.105,4.129,4.105,4.128,705331.6
2025-10-10T03:45:00+00:00,4.127,4.149,4.109,4.112,1107700.1
2025-10-10T04:00:00+00:00,4.111,4.130,4.109,4.118,596647.4
2025-10-10T04:15:00+00:00,4.118,4.121,4.100,4.103,211582.8
2025-10-10T04:30:00+00:00,4.103,4.111,4.090,4.102,287454.7
2025-10-10T04:45:00+00:00,4.103,4.111,4.098,4.109,212731.2
2025-10-10T05:00:00+00:00,4.110,4.111,4.080,4.087,330613.0
2025-10-10T05:15:00+00:00,4.087,4.120,4.087,4.110,302786.3
2025-10-10T05:30:00+00:00,4.110,4.123,4.095,4.123,249302.4
2025-10-10T05:45:00+00:00,4.124,4.149,4.122,4.145,526245.0
2025-10-10T06:00:00+00:00,4.145,4.150,4.133,4.137,376175.5
2025-10-10T06:15:00+00:00,4.137,4.142,4.119,4.120,292121.5
2025-10-10T06:30:00+00:00,4.120,4.125,4.098,4.103,350379.0
2025-10-10T06:45:00+00:00,4.104,4.114,4.087,4.100,335687.9
2025-10-10T07:00:00+00:00,4.099,4.100,4.075,4.091,421013.8
2025-10-10T07:15:00+00:00,4.091,4.094,4.072,4.092,295454.9
2025-10-10T07:30:00+00:00,4.092,4.099,4.076,4.099,381364.2
2025-10-10T07:45:00+00:00,4.098,4.100,4.077,4.080,503619.6
2025-10-10T08:00:00+00:00,4.080,4.091,4.070,4.084,329403.9
2025-10-10T08:15:00+00:00,4.085,4.098,4.082,4.083,228013.2
2025-10-10T08:30:00+00:00,4.083,4.087,4.062,4.067,296792.2
2025-10-10T08:45:00+00:00,4.068,4.105,4.068,4.103,384673.7
2025-10-10T09:00:00+00:00,4.103,4.112,4.093,4.100,488017.2
2025-10-10T09:15:00+00:00,4.099,4.146,4.093,4.136,1000012.4
2025-10-10T09:30:00+00:00,4.135,4.136,4.118,4.119,460981.1
2025-10-10T09:45:00+00:00,4.119,4.127,4.096,4.105,472580.4
2025-10-10T10:00:00+00:00,4.105,4.122,4.101,4.119,459810.3
2025-10-10T10:15:00+00:00,4.120,4.129,4.114,4.116,314995.0
2025-10-10T10:30:00+00:00,4.116,4.126,4.109,4.119,232203.5
2025-10-10T10:45:00+00:00,4.119,4.144,4.118,4.138,337545.0
2025-10-10T11:00:00+00:00,4.138,4.146,4.130,4.133,391962.9
2025-10-10T11:15:00+00:00,4.133,4.149,4.130,4.145,363944.1
2025-10-10T11:30:00+00:00,4.146,4.166,4.143,4.163,708215.5
2025-10-10T11:45:00+00:00,4.163,4.187,4.156,4.175,1119145.9
2025-10-10T12:00:00+00:00,4.175,4.202,4.174,4.178,818607.2
2025-10-10T12:15:00+00:00,4.177,4.190,4.169,4.178,432048.8
2025-10-10T12:30:00+00:00,4.179,4.192,4.178,4.187,319175.6
2025-10-10T12:45:00+00:00,4.187,4.239,4.186,4.233,1086571.2
2025-10-10T13:00:00+00:00,4.233,4.275,4.226,4.246,2492313.1
2025-10-10T13:15:00+00:00,4.246,4.285,4.245,4.279,1515409.6
2025-10-10T13:30:00+00:00,4.280,4.289,4.255,4.267,1361451.0
2025-10-10T13:45:00+00:00,4.267,4.274,4.233,4.245,1123265.2
2025-10-10T14:00:00+00:00,4.244,4.270,4.241,4.257,722554.0
2025-10-10T14:15:00+00:00,4.256,4.263,4.227,4.228,874626.1
2025-10-10T14:30:00+00:00,4.228,4.236,4.216,4.233,605815.7
2025-10-10T14:45:00+00:00,4.232,4.236,4.176,4.193,1777513.2
2025-10-10T15:00:00+00:00,4.194,4.201,4.129,4.168,3576060.4
2025-10-10T15:15:00+00:00,4.168,4.180,4.084,4.087,3188644.0
2025-10-10T15:30:00+00:00,4.086,4.104,4.009,4.103,7431043.7
2025-10-10T15:45:00+00:00,4.103,4.105,4.046,4.056,1431284.2
2025-10-10T16:00:00+00:00,4.056,4.083,4.037,4.053,1395262.5
2025-10-10T16:15:00+00:00,4.052,4.077,4.032,4.064,920058.0
2025-10-10T16:30:00+00:00,4.063,4.087,4.051,4.052,767445.3
2025-10-10T16:45:00+00:00,4.051,4.054,4.018,4.021,896412.5
2025-10-10T17:00:00+00:00,4.021,4.029,4.001,4.009,1106769.1
2025-10-10T17:15:00+00:00,4.010,4.036,4.006,4.031,750304.4
2025-10-10T17:30:00+00:00,4.032,4.034,3.984,3.997,1522753.0
2025-10-10T17:45:00+00:00,3.998,4.003,3.977,3.994,928919.8
2025-10-10T18:00:00+00:00,3.994,4.009,3.982,3.994,768479.8
2025-10-10T18:15:00+00:00,3.994,4.019,3.985,4.006,483757.7
2025-10-10T18:30:00+00:00,4.007,4.011,3.978,3.986,722335.4
2025-10-10T18:45:00+00:00,3.985,3.999,3.968,3.974,844107.2
2025-10-10T19:00:00+00:00,3.975,3.985,3.934,3.940,2142732.7
2025-10-10T19:15:00+00:00,3.940,3.947,3.876,3.876,2689137.9
2025-10-10T19:30:00+00:00,3.877,3.945,3.873,3.944,2141780.1
2025-10-10T19:45:00+00:00,3.945,3.956,3.918,3.926,902833.9
2025-10-10T20:00:00+00:00,3.927,3.949,3.914,3.944,907025.9
2025-10-10T20:15:00+00:00,3.944,3.966,3.935,3.964,612648.7
2025-10-10T20:30:00+00:00,3.964,3.964,3.942,3.946,466354.8
2025-10-10T20:45:00+00:00,3.946,3.960,3.657,3.701,12543813.8
2025-10-10T21:00:00+00:00,3.702,3.751,3.308,3.425,14934686.0
2025-10-10T21:15:00+00:00,3.426,3.471,0.942,2.107,40374912.6
2025-10-10T21:30:00+00:00,2.108,2.860,2.107,2.859,10137342.3
2025-10-10T21:45:00+00:00,2.859,3.139,2.742,2.891,10858662.8
2025-10-10T22:00:00+00:00,2.889,2.936,2.495,2.820,13514626.1
2025-10-10T22:15:00+00:00,2.821,2.905,2.554,2.689,12615310.3
2025-10-10T22:30:00+00:00,2.689,2.768,2.581,2.748,10710548.4
2025-10-10T22:45:00+00:00,2.748,2.873,2.705,2.855,12180967.2
2025-10-10T23:00:00+00:00,2.856,2.889,2.801,2.820,6406407.7
2025-10-10T23:15:00+00:00,2.819,2.979,2.817,2.978,4305872.6
2025-10-10T23:30:00+00:00,2.978,3.070,2.958,3.047,4714239.7
2025-10-10T23:45:00+00:00,3.048,3.061,2.900,2.937,5780801.7
2025-10-11T00:00:00+00:00,2.937,3.000,2.908,2.993,4309162.2
2025-10-11T00:15:00+00:00,2.993,2.999,2.849,2.981,3917048.0
2025-10-11T00:30:00+00:00,2.980,2.982,2.913,2.954,2747715.8
2025-10-11T00:45:00+00:00,2.954,2.998,2.944,2.946,2357712.0
2025-10-11T01:00:00+00:00,2.946,2.968,2.893,2.918,3530303.7
2025-10-11T01:15:00+00:00,2.919,2.932,2.884,2.913,2109827.2
2025-10-11T01:30:00+00:00,2.913,2.963,2.910,2.915,1642753.8
2025-10-11T01:45:00+00:00,2.915,2.970,2.890,2.907,1978508.5
2025-10-11T02:00:00+00:00,2.907,2.991,2.904,2.990,1913309.4
2025-10-11T02:15:00+00:00,2.991,3.100,2.978,3.100,3132130.1
2025-10-11T02:30:00+00:00,3.100,3.162,3.081,3.160,3489348.7
2025-10-11T02:45:00+00:00,3.161,3.186,3.126,3.144,3214880.2
2025-10-11T03:00:00+00:00,3.144,3.153,3.048,3.069,3292793.2
2025-10-11T03:15:00+00:00,3.070,3.108,3.053,3.086,1902982.4
2025-10-11T03:30:00+00:00,3.086,3.106,3.069,3.078,1116041.3
2025-10-11T03:45:00+00:00,3.078,3.137,3.072,3.120,725649.8
2025-10-11T04:00:00+00:00,3.120,3.149,3.098,3.106,1194077.6
2025-10-11T04:15:00+00:00,3.106,3.147,3.104,3.141,1298837.7
2025-10-11T04:30:00+00:00,3.141,3.146,3.104,3.137,1486005.9
2025-10-11T04:45:00+00:00,3.138,3.193,3.112,3.179,1432828.4
2025-10-11T05:00:00+00:00,3.178,3.186,3.140,3.166,1304735.8
2025-10-11T05:15:00+00:00,3.166,3.168,3.103,3.104,1238058.9
2025-10-11T05:30:00+00:00,3.104,3.136,3.085,3.117,1217452.1
2025-10-11T05:45:00+00:00,3.117,3.154,3.114,3.128,771471.2
2025-10-11T06:00:00+00:00,3.129,3.160,3.115,3.160,1178533.7
2025-10-11T06:15:00+00:00,3.160,3.203,3.141,3.190,1442090.9
2025-10-11T06:30:00+00:00,3.191,3.211,3.174,3.181,1193698.3
2025-10-11T06:45:00+00:00,3.182,3.205,3.147,3.157,1500435.0
2025-10-11T07:00:00+00:00,3.157,3.187,3.139,3.183,1381188.9
2025-10-11T07:15:00+00:00,3.183,3.209,3.156,3.184,1261260.3
2025-10-11T07:30:00+00:00,3.185,3.207,3.167,3.184,1412870.4
2025-10-11T07:45:00+00:00,3.185,3.198,3.172,3.190,909034.7
2025-10-11T08:00:00+00:00,3.190,3.190,3.160,3.182,1231435.7
2025-10-11T08:15:00+00:00,3.182,3.270,3.179,3.240,2299276.1
2025-10-11T08:30:00+00:00,3.240,3.265,3.220,3.251,973663.8
2025-10-11T08:45:00+00:00,3.250,3.284,3.249,3.276,1182173.2
2025-10-11T09:00:00+00:00,3.275,3.301,3.263,3.269,1538202.9
2025-10-11T09:15:00+00:00,3.268,3.289,3.251,3.282,1154865.4
2025-10-11T09:30:00+00:00,3.283,3.293,3.258,3.263,1564794.7
2025-10-11T09:45:00+00:00,3.264,3.265,3.236,3.255,2015790.6
2025-10-11T10:00:00+00:00,3.255,3.297,3.253,3.294,805048.3
2025-10-11T10:15:00+00:00,3.294,3.314,3.275,3.309,1093578.1
2025-10-11T10:30:00+00:00,3.310,3.311,3.251,3.259,1293742.7
2025-10-11T10:45:00+00:00,3.260,3.266,3.250,3.256,560650.9
2025-10-11T11:00:00+00:00,3.256,3.259,3.217,3.223,994131.2
2025-10-11T11:15:00+00:00,3.223,3.224,3.188,3.223,1424590.4
2025-10-11T11:30:00+00:00,3.223,3.223,3.206,3.218,845563.8
2025-10-11T11:45:00+00:00,3.217,3.228,3.210,3.220,505308.1
2025-10-11T12:00:00+00:00,3.219,3.219,3.184,3.194,1701222.0
2025-10-11T12:15:00+00:00,3.195,3.207,3.168,3.181,1263002.4
2025-10-11T12:30:00+00:00,3.182,3.182,3.147,3.163,1661202.2
2025-10-11T12:45:00+00:00,3.163,3.164,3.121,3.141,1693753.1
2025-10-11T13:00:00+00:00,3.142,3.146,3.119,3.142,795650.2
2025-10-11T13:15:00+00:00,3.143,3.145,3.113,3.122,1048371.0
2025-10-11T13:30:00+00:00,3.123,3.126,3.065,3.112,2908835.7
2025-10-11T13:45:00+00:00,3.112,3.146,3.107,3.133,1171396.2
2025-10-11T14:00:00+00:00,3.134,3.144,3.118,3.129,768984.1
2025-10-11T14:15:00+00:00,3.130,3.132,3.096,3.109,881432.6
2025-10-11T14:30:00+00:00,3.108,3.127,3.106,3.109,516286.7
2025-10-11T14:45:00+00:00,3.110,3.128,3.109,3.126,367824.8
2025-10-11T15:00:00+00:00,3.126,3.151,3.126,3.139,897408.3
2025-10-11T15:15:00+00:00,3.138,3.154,3.124,3.148,680989.8
2025-10-11T15:30:00+00:00,3.148,3.150,3.125,3.127,634827.0
2025-10-11T15:45:00+00:00,3.126,3.152,3.126,3.140,484076.5
2025-10-11T16:00:00+00:00,3.140,3.148,3.123,3.146,793679.4
2025-10-11T16:15:00+00:00,3.146,3.162,3.139,3.145,768947.6
2025-10-11T16:30:00+00:00,3.144,3.148,3.109,3.120,968492.1
2025-10-11T16:45:00+00:00,3.119,3.135,3.110,3.123,575237.8
2025-10-11T17:00:00+00:00,3.123,3.146,3.121,3.143,582949.9
2025-10-11T17:15:00+00:00,3.143,3.150,3.126,3.145,370056.3
2025-10-11T17:30:00+00:00,3.144,3.146,3.116,3.127,656551.1
2025-10-11T17:45:00+00:00,3.127,3.144,3.119,3.143,443093.8
2025-10-11T18:00:00+00:00,3.143,3.144,3.128,3.128,654115.7
2025-10-11T18:15:00+00:00,3.128,3.137,3.118,3.127,393176.1
2025-10-11T18:30:00+00:00,3.127,3.133,3.121,3.133,266786.8
2025-10-11T18:45:00+00:00,3.134,3.137,3.122,3.123,329080.0
2025-10-11T19:00:00+00:00,3.123,3.127,3.068,3.078,1785235.9
2025-10-11T19:15:00+00:00,3.079,3.080,3.026,3.053,2469310.4
2025-10-11T19:30:00+00:00,3.053,3.054,3.014,3.025,1237179.6
2025-10-11T19:45:00+00:00,3.026,3.044,2.982,3.014,2506125.3
2025-10-11T20:00:00+00:00,3.014,3.022,2.972,2.994,1393407.3
2025-10-11T20:15:00+00:00,2.994,3.007,2.954,2.971,1822160.9
2025-10-11T20:30:00+00:00,2.972,2.972,2.930,2.946,2595004.3
2025-10-11T20:45:00+00:00,2.946,2.983,2.935,2.955,1400235.3
2025-10-11T21:00:00+00:00,2.955,2.956,2.890,2.927,3765730.3
2025-10-11T21:15:00+00:00,2.928,3.010,2.922,2.982,2043588.1
2025-10-11T21:30:00+00:00,2.982,2.992,2.963,2.974,1033364.7
2025-10-11T21:45:00+00:00,2.973,3.003,2.973,2.999,521079.8
2025-10-11T22:00:00+00:00,2.999,3.012,2.986,3.002,1154000.5
2025-10-11T22:15:00+00:00,3.002,3.009,2.983,3.000,691306.7
2025-10-11T22:30:00+00:00,3.001,3.024,2.996,2.998,944070.1
2025-10-11T22:45:00+00:00,2.999,3.013,2.997,3.004,417027.0
2025-10-11T23:00:00+00:00,3.004,3.011,2.989,2.995,667232.0
2025-10-11T23:15:00+00:00,2.996,3.007,2.994,3.004,282756.0
2025-10-11T23:30:00+00:00,3.003,3.006,2.990,2.996,328708.9
2025-10-11T23:45:00+00:00,2.995,3.002,2.990,2.994,254024.5
2025-10-12T00:00:00+00:00,2.995,2.998,2.969,2.977,753096.9
2025-10-12T00:15:00+00:00,2.977,2.996,2.956,2.958,728154.1
2025-10-12T00:30:00+00:00,2.958,2.992,2.958,2.969,905118.6
2025-10-12T00:45:00+00:00,2.969,2.975,2.935,2.941,676329.8
2025-10-12T01:00:00+00:00,2.941,2.968,2.937,2.966,560519.3
2025-10-12T01:15:00+00:00,2.965,2.980,2.946,2.953,651285.2
2025-10-12T01:30:00+00:00,2.953,2.969,2.941,2.958,735365.9
2025-10-12T01:45:00+00:00,2.959,2.974,2.922,2.927,1037835.9
2025-10-12T02:00:00+00:00,2.926,2.932,2.914,2.923,931262.9
2025-10-12T02:15:00+00:00,2.923,2.956,2.921,2.949,682135.4
2025-10-12T02:30:00+00:00,2.949,2.963,2.922,2.932,873706.4
2025-10-12T02:45:00+00:00,2.931,2.942,2.906,2.937,821381.5
2025-10-12T03:00:00+00:00,2.936,2.980,2.932,2.962,1392163.1
2025-10-12T03:15:00+00:00,2.962,2.982,2.949,2.973,655332.3
2025-10-12T03:30:00+00:00,2.973,3.001,2.971,2.987,697496.5
2025-10-12T03:45:00+00:00,2.986,2.993,2.970,2.975,722336.2
2025-10-12T04:00:00+00:00,2.974,3.015,2.973,3.013,878310.0
2025-10-12T04:15:00+00:00,3.012,3.033,3.009,3.024,1029481.3
2025-10-12T04:30:00+00:00,3.023,3.035,3.012,3.019,459082.7
2025-10-12T04:45:00+00:00,3.018,3.031,3.005,3.016,440743.2
2025-10-12T05:00:00+00:00,3.016,3.019,3.002,3.010,474047.4
2025-10-12T05:15:00+00:00,3.011,3.023,3.000,3.019,392439.9
2025-10-12T05:30:00+00:00,3.019,3.028,3.014,3.021,274140.9
2025-10-12T05:45:00+00:00,3.021,3.026,3.015,3.018,215759.7
2025-10-12T06:00:00+00:00,3.017,3.040,3.013,3.035,398347.3
2025-10-12T06:15:00+00:00,3.035,3.057,3.032,3.050,409339.0
2025-10-12T06:30:00+00:00,3.049,3.050,3.034,3.046,462472.8
2025-10-12T06:45:00+00:00,3.046,3.047,3.029,3.032,647874.3
2025-10-12T07:00:00+00:00,3.032,3.040,3.020,3.027,675241.6
2025-10-12T07:15:00+00:00,3.027,3.037,3.023,3.023,352358.7
2025-10-12T07:30:00+00:00,3.023,3.024,3.013,3.023,418916.1
2025-10-12T07:45:00+00:00,3.023,3.036,3.012,3.018,539250.2
2025-10-12T08:00:00+00:00,3.017,3.026,3.012,3.022,281651.6
2025-10-12T08:15:00+00:00,3.022,3.035,3.021,3.027,333304.6
2025-10-12T08:30:00+00:00,3.028,3.028,3.007,3.008,391881.6
2025-10-12T08:45:00+00:00,3.009,3.013,2.994,2.996,588138.8
2025-10-12T09:00:00+00:00,2.995,2.996,2.966,2.980,1186724.6
2025-10-12T09:15:00+00:00,2.981,2.996,2.980,2.990,403625.5
2025-10-12T09:30:00+00:00,2.990,3.000,2.988,2.998,629416.2
2025-10-12T09:45:00+00:00,2.999,3.016,2.987,3.013,489351.7
2025-10-12T10:00:00+00:00,3.013,3.028,3.007,3.013,709873.1
2025-10-12T10:15:00+00:00,3.013,3.016,2.999,3.015,280574.3
2025-10-12T10:30:00+00:00,3.015,3.018,3.004,3.004,419416.9
2025-10-12T10:45:00+00:00,3.004,3.013,2.996,3.005,325882.2
2025-10-12T11:00:00+00:00,3.005,3.035,3.005,3.026,598111.1
2025-10-12T11:15:00+00:00,3.026,3.031,3.014,3.025,264949.2
2025-10-12T11:30:00+00:00,3.025,3.032,3.012,3.019,364020.1
2025-10-12T11:45:00+00:00,3.019,3.027,3.014,3.020,321420.3
2025-10-12T12:00:00+00:00,3.021,3.051,3.018,3.045,963837.3
2025-10-12T12:15:00+00:00,3.044,3.055,3.034,3.044,587666.5
2025-10-12T12:30:00+00:00,3.044,3.053,3.025,3.037,727025.0
2025-10-12T12:45:00+00:00,3.037,3.041,3.022,3.036,430447.5
2025-10-12T13:00:00+00:00,3.035,3.048,3.026,3.044,303556.2
2025-10-12T13:15:00+00:00,3.043,3.050,3.005,3.020,1205448.4
2025-10-12T13:30:00+00:00,3.021,3.022,2.991,3.011,1118235.4
2025-10-12T13:45:00+00:00,3.012,3.013,2.981,3.002,865099.1
2025-10-12T14:00:00+00:00,3.002,3.024,2.999,3.021,628628.0
2025-10-12T14:15:00+00:00,3.021,3.029,3.015,3.026,404203.7
2025-10-12T14:30:00+00:00,3.026,3.035,3.003,3.020,672285.4
2025-10-12T14:45:00+00:00,3.020,3.145,3.017,3.103,7447301.5
2025-10-12T15:00:00+00:00,3.104,3.181,3.099,3.172,3319031.3
2025-10-12T15:15:00+00:00,3.171,3.204,3.154,3.189,1988478.7
2025-10-12T15:30:00+00:00,3.189,3.190,3.128,3.162,2194732.8
2025-10-12T15:45:00+00:00,3.162,3.207,3.161,3.197,1167663.7
2025-10-12T16:00:00+00:00,3.197,3.251,3.196,3.235,2542054.2
2025-10-12T16:15:00+00:00,3.235,3.254,3.215,3.243,1301538.9
2025-10-12T16:30:00+00:00,3.243,3.270,3.205,3.267,1600545.4
2025-10-12T16:45:00+00:00,3.268,3.286,3.222,3.243,2560991.7
2025-10-12T17:00:00+00:00,3.243,3.269,3.231,3.265,745856.1
2025-10-12T17:15:00+00:00,3.265,3.276,3.247,3.259,673049.4
2025-10-12T17:30:00+00:00,3.260,3.272,3.243,3.269,366631.9
2025-10-12T17:45:00+00:00,3.269,3.279,3.228,3.256,990313.3
2025-10-12T18:00:00+00:00,3.256,3.274,3.252,3.264,420438.7
2025-10-12T18:15:00+00:00,3.264,3.275,3.247,3.253,556055.0
2025-10-12T18:30:00+00:00,3.253,3.260,3.216,3.219,900484.1
2025-10-12T18:45:00+00:00,3.219,3.232,3.207,3.228,546005.4
2025-10-12T19:00:00+00:00,3.228,3.257,3.224,3.255,630979.4
2025-10-12T19:15:00+00:00,3.255,3.269,3.252,3.268,503486.5
2025-10-12T19:30:00+00:00,3.267,3.274,3.257,3.261,449383.5
2025-10-12T19:45:00+00:00,3.262,3.278,3.259,3.276,432003.2
2025-10-12T20:00:00+00:00,3.276,3.284,3.260,3.263,475510.9
2025-10-12T20:15:00+00:00,3.264,3.276,3.258,3.275,321544.1
2025-10-12T20:30:00+00:00,3.275,3.292,3.266,3.281,1042820.2
2025-10-12T20:45:00+00:00,3.281,3.306,3.257,3.266,1151510.0
2025-10-12T21:00:00+00:00,3.266,3.287,3.252,3.272,680282.7
2025-10-12T21:15:00+00:00,3.272,3.276,3.215,3.243,906588.7
2025-10-12T21:30:00+00:00,3.244,3.245,3.185,3.229,1247995.0
2025-10-12T21:45:00+00:00,3.230,3.250,3.225,3.244,479301.2
2025-10-12T22:00:00+00:00,3.244,3.269,3.228,3.243,927041.3
2025-10-12T22:15:00+00:00,3.243,3.256,3.220,3.228,502498.0
2025-10-12T22:30:00+00:00,3.229,3.245,3.224,3.235,366090.0
2025-10-12T22:45:00+00:00,3.236,3.252,3.230,3.245,419495.4
2025-10-12T23:00:00+00:00,3.244,3.246,3.215,3.230,814788.5
2025-10-12T23:15:00+00:00,3.230,3.237,3.209,3.230,517569.5
2025-10-12T23:30:00+00:00,3.231,3.246,3.225,3.233,367867.6
2025-10-12T23:45:00+00:00,3.232,3.245,3.228,3.238,360961.2
2025-10-13T00:00:00+00:00,3.238,3.240,3.216,3.229,728012.9
2025-10-13T00:15:00+00:00,3.230,3.264,3.225,3.228,870034.9
2025-10-13T00:30:00+00:00,3.228,3.229,3.194,3.209,844062.0
2025-10-13T00:45:00+00:00,3.208,3.228,3.198,3.212,728301.2
2025-10-13T01:00:00+00:00,3.211,3.218,3.190,3.199,863099.6
2025-10-13T01:15:00+00:00,3.199,3.232,3.196,3.218,1108530.5
2025-10-13T01:30:00+00:00,3.217,3.241,3.216,3.230,406514.2
2025-10-13T01:45:00+00:00,3.229,3.248,3.225,3.248,390090.6
2025-10-13T02:00:00+00:00,3.247,3.258,3.222,3.229,713513.1
2025-10-13T02:15:00+00:00,3.229,3.236,3.213,3.224,402139.6
2025-10-13T02:30:00+00:00,3.224,3.231,3.212,3.225,457045.1
2025-10-13T02:45:00+00:00,3.225,3.239,3.224,3.236,285290.3
2025-10-13T03:00:00+00:00,3.237,3.248,3.231,3.236,380522.4
2025-10-13T03:15:00+00:00,3.235,3.248,3.233,3.243,351722.7
2025-10-13T03:30:00+00:00,3.243,3.246,3.220,3.228,549345.3
2025-10-13T03:45:00+00:00,3.229,3.232,3.216,3.220,366810.7
2025-10-13T04:00:00+00:00,3.220,3.232,3.208,3.215,434896.7
2025-10-13T04:15:00+00:00,3.215,3.224,3.197,3.205,404272.5
2025-10-13T04:30:00+00:00,3.205,3.226,3.204,3.212,410183.0
2025-10-13T04:45:00+00:00,3.212,3.240,3.207,3.236,374100.0
2025-10-13T05:00:00+00:00,3.236,3.240,3.221,3.229,413042.0
2025-10-13T05:15:00+00:00,3.228,3.240,3.213,3.227,475083.9
2025-10-13T05:30:00+00:00,3.226,3.235,3.220,3.223,297295.3
2025-10-13T05:45:00+00:00,3.223,3.236,3.222,3.229,270986.6
2025-10-13T06:00:00+00:00,3.228,3.243,3.208,3.238,618191.1
2025-10-13T06:15:00+00:00,3.238,3.258,3.231,3.256,566661.8
2025-10-13T06:30:00+00:00,3.256,3.284,3.248,3.252,856946.4
2025-10-13T06:45:00+00:00,3.252,3.276,3.245,3.273,534781.5
2025-10-13T07:00:00+00:00,3.273,3.302,3.268,3.294,939848.4
2025-10-13T07:15:00+00:00,3.295,3.316,3.288,3.310,785041.0
2025-10-13T07:30:00+00:00,3.310,3.324,3.299,3.312,943038.3
2025-10-13T07:45:00+00:00,3.312,3.312,3.275,3.291,1908412.5
2025-10-13T08:00:00+00:00,3.291,3.311,3.282,3.303,807775.2
2025-10-13T08:15:00+00:00,3.303,3.326,3.296,3.322,733398.1
2025-10-13T08:30:00+00:00,3.322,3.349,3.321,3.331,1095399.3
2025-10-13T08:45:00+00:00,3.331,3.345,3.317,3.337,684027.7
2025-10-13T09:00:00+00:00,3.336,3.342,3.311,3.319,978139.6
2025-10-13T09:15:00+00:00,3.318,3.333,3.308,3.317,1369230.5
2025-10-13T09:30:00+00:00,3.316,3.345,3.316,3.335,1180741.0
2025-10-13T09:45:00+00:00,3.335,3.354,3.334,3.353,525231.3
2025-10-13T10:00:00+00:00,3.353,3.363,3.338,3.342,812332.0
2025-10-13T10:15:00+00:00,3.342,3.354,3.320,3.339,777494.2
2025-10-13T10:30:00+00:00,3.338,3.342,3.322,3.332,598428.4
2025-10-13T10:45:00+00:00,3.331,3.340,3.320,3.339,329301.3
2025-10-13T11:00:00+00:00,3.338,3.355,3.280,3.320,4909979.6
2025-10-13T11:15:00+00:00,3.319,3.323,3.214,3.219,3861557.4
2025-10-13T11:30:00+00:00,3.219,3.289,3.218,3.275,2443699.3
2025-10-13T11:45:00+00:00,3.276,3.291,3.265,3.268,789021.2
2025-10-13T12:00:00+00:00,3.269,3.305,3.243,3.284,1423367.9
2025-10-13T12:15:00+00:00,3.285,3.287,3.243,3.261,1472045.4
2025-10-13T12:30:00+00:00,3.260,3.297,3.256,3.283,812504.1
2025-10-13T12:45:00+00:00,3.282,3.293,3.246,3.253,889787.9
2025-10-13T13:00:00+00:00,3.253,3.270,3.246,3.253,1055027.3
2025-10-13T13:15:00+00:00,3.252,3.273,3.236,3.248,712893.7
2025-10-13T13:30:00+00:00,3.249,3.348,3.246,3.307,8161132.7
2025-10-13T13:45:00+00:00,3.305,3.341,3.279,3.334,2545353.1
2025-10-13T14:00:00+00:00,3.333,3.345,3.308,3.317,1685427.9
2025-10-13T14:15:00+00:00,3.316,3.325,3.264,3.292,2243172.7
2025-10-13T14:30:00+00:00,3.291,3.325,3.260,3.292,1778570.5
2025-10-13T14:45:00+00:00,3.293,3.301,3.255,3.271,1014860.3
2025-10-13T15:00:00+00:00,3.272,3.318,3.270,3.304,794510.4
2025-10-13T15:15:00+00:00,3.303,3.334,3.299,3.303,965582.8
2025-10-13T15:30:00+00:00,3.304,3.331,3.296,3.302,584346.3
2025-10-13T15:45:00+00:00,3.302,3.330,3.301,3.318,382123.1
2025-10-13T16:00:00+00:00,3.317,3.338,3.313,3.323,703987.0
2025-10-13T16:15:00+00:00,3.324,3.338,3.283,3.308,1521537.5
2025-10-13T16:30:00+00:00,3.308,3.312,3.283,3.289,690665.4
2025-10-13T16:45:00+00:00,3.290,3.325,3.287,3.318,649888.0
2025-10-13T17:00:00+00:00,3.317,3.343,3.311,3.340,575632.6
